2023.03.28 (087) 00:00:00.000
Station name: Eareckson
URSI code: EA653
Ionosonde model: DPS-4D
  Freq  Range Pol MPA Amp Doppler    Az    Zn  PGH
 2.000   97.5  90  39  51   1.563   0.0   0.0  103
 2.000  100.0  90  39  57  -1.563   0.0   0.0  104
 2.000   80.0 -90  39  51  -4.688  30.0  30.0   77
 2.025   80.0  90  75  90  -4.688 270.0  30.0   79
 2.025   97.5  90  75  84   1.563 210.0  30.0  107
 2.025  100.0  90  75  96  -1.563   0.0   0.0  105
 2.050   80.0  90  75  87   1.563 270.0  30.0   92
 2.050   97.5  90  75  87   1.563   0.0   0.0  103
 2.050  100.0  90  75  96   1.563   0.0   0.0  104
 2.050   80.0 -90  75  96   1.563  30.0  30.0   66
 2.075   80.0  90  75  84   1.563 330.0  30.0   79
 2.075   97.5  90  75  87   1.563   0.0   0.0  102
 2.075  100.0  90  75  96   1.563   0.0   0.0  104
 2.075  102.5  90  75  84   1.563   0.0   0.0  104
 2.100   80.0  90  75  84   4.688 330.0  30.0   76
 2.100   97.5  90  75  84  -1.563   0.0   0.0  105
 2.100  100.0  90  75  93   1.563   0.0   0.0  104
 2.125  100.0  90  75  93   1.563   0.0   0.0  105
 2.150  100.0  90  75  90   1.563   0.0   0.0  105
 2.150  102.5  90  75  84   1.563 210.0  30.0  106
 2.175  100.0  90  39  54   1.563   0.0   0.0  105
 2.175  102.5  90  39  48   1.563  30.0  30.0  105
 2.200  100.0  90  39  51  -1.563   0.0   0.0  105
 2.200  102.5  90  39  51   1.563   0.0   0.0  105
 2.225  100.0  90  75  84  -1.563   0.0   0.0  105
 2.225  102.5  90  75  90  -1.563   0.0   0.0  106
 2.250  102.5  90  75  84   1.563   0.0   0.0  107
 2.275  102.5  90  39  51   1.563   0.0   0.0  107
 2.300  100.0  90  39  48  -1.563   0.0   0.0  107
 2.300  102.5  90  39  54  -1.563   0.0   0.0  106
 2.325  102.5  90  39  54  -1.563   0.0   0.0  106
 2.350  102.5  90  39  57  -1.563   0.0   0.0  107
 2.375  102.5  90  75  90  -1.563   0.0   0.0  104
 2.400  102.5  90  75  87  -1.563   0.0   0.0  105
 2.425  102.5  90  75  87   1.563 270.0  30.0  105
 2.450  102.5  90  75  90   1.563   0.0   0.0  107
 2.475  102.5  90  39  54  -1.563   0.0   0.0   98
 2.475  105.0  90  39  48  -1.563   0.0   0.0   96
 2.525  102.5  90  75  90   1.563   0.0   0.0  107
 2.525  105.0  90  75  84  -1.563   0.0   0.0  107
 2.550  102.5  90  75  90   1.563   0.0   0.0  107
 2.575   80.0  90  75  84   1.563 330.0  30.0   79
 2.575  102.5  90  75  87  -1.563   0.0   0.0  108
 2.600   80.0  90  75  90  -1.563 270.0  30.0   85
 2.600  102.5  90  75  87  -1.563   0.0   0.0  108
 2.600  105.0  90  75  87   1.563   0.0   0.0  107
 2.625  102.5  90  75  84   1.563 210.0  30.0  112
 2.625  105.0  90  75  90  -1.563   0.0   0.0  111
 2.650  102.5  90  75  84   1.563   0.0   0.0  106
 2.650  105.0  90  75  90   1.563   0.0   0.0  109
 2.675  100.0  90  75  84   1.563   0.0   0.0  105
 2.675  102.5  90  75  90  -1.563   0.0   0.0  105
 2.675  105.0  90  75  93  -1.563   0.0   0.0  109
 2.700   80.0  90  75  84  -1.563 330.0  30.0   72
 2.700  100.0  90  75  96  -1.563   0.0   0.0  106
 2.700  102.5  90  75 102  -1.563   0.0   0.0  106
 2.700  105.0  90  75  90  -1.563   0.0   0.0  107
 2.725   97.5  90  75  84   1.563 270.0  30.0  104
 2.725  100.0  90  75 105   1.563   0.0   0.0  106
 2.725  102.5  90  75 105  -1.563   0.0   0.0  106
 2.725  105.0  90  75  90   1.563   0.0   0.0  107
 2.725   80.0 -90  75  84  -4.688  30.0  30.0   73
 2.750   97.5  90  75  84   1.563   0.0   0.0  105
 2.750  100.0  90  75 108   1.563   0.0   0.0  105
 2.750  102.5  90  75 105  -1.563   0.0   0.0  105
 2.775   97.5  90  75  93  -1.563   0.0   0.0  103
 2.775  100.0  90  75 111  -1.563   0.0   0.0  103
 2.775  102.5  90  75 105   1.563   0.0   0.0  104
 2.800   80.0  90  75  84  -1.563  30.0  30.0   82
 2.800   97.5  90  75  96  -1.563   0.0   0.0  104
 2.800  100.0  90  75 111  -1.563   0.0   0.0  105
 2.800  102.5  90  75 102  -1.563   0.0   0.0  105
 2.800  205.0  90  75  84   1.563   0.0   0.0  205
 2.825   97.5  90  75  96   1.563   0.0   0.0  105
 2.825  100.0  90  75 108   1.563   0.0   0.0  104
 2.825  102.5  90  75  99  -1.563   0.0   0.0  104
 2.825  475.0 -90  72  81  -1.563   0.0   0.0  467
 2.825  480.0 -90  72  81   1.563 150.0  30.0  474
 2.825  485.0 -90  72  81  -4.688 210.0  30.0  496
 2.825  515.0 -90  72  81   4.688 210.0  30.0  512
 2.825  530.0 -90  72  81  -1.563 210.0  30.0  524
 2.850   80.0  90  75  84  -4.688 270.0  30.0   80
 2.850   97.5  90  75  96  -1.563   0.0   0.0  104
 2.850  100.0  90  75 108  -1.563   0.0   0.0  104
 2.850  102.5  90  75  96  -1.563   0.0   0.0  104
 2.875   97.5  90  75  96  -1.563   0.0   0.0  104
 2.875  100.0  90  75 105  -1.563   0.0   0.0  104
 2.875  102.5  90  75  90  -1.563   0.0   0.0  105
 2.900   97.5  90  75  96  -1.563   0.0   0.0  104
 2.900  100.0  90  75  99   1.563   0.0   0.0  103
 2.900  102.5  90  75  84   1.563   0.0   0.0  106
 2.925   97.5  90  75  99  -1.563   0.0   0.0  102
 2.925  100.0  90  75 102  -1.563   0.0   0.0  102
 2.925  102.5  90  75  84  -1.563   0.0   0.0  105
 2.950   97.5  90  75  99   1.563   0.0   0.0  103
 2.950  100.0  90  75 105  -1.563   0.0   0.0  103
 2.975   97.5  90  63  87  -1.563   0.0   0.0  103
 2.975  100.0  90  63  93   1.563   0.0   0.0  103
 2.975  102.5  90  63  75   1.563   0.0   0.0  104
 3.000   97.5  90  63  87  -1.563   0.0   0.0  103
 3.000  100.0  90  63  96   1.563   0.0   0.0  104
 3.000  102.5  90  63  75   1.563   0.0   0.0  105
 3.000 1237.5 -90  63  72   4.688  90.0  30.0 1243
 3.025   97.5  90  63  87  -1.563   0.0   0.0  103
 3.025  100.0  90  63  96  -1.563   0.0   0.0  103
 3.050   97.5  90  63  87   1.563   0.0   0.0  103
 3.050  100.0  90  63  96  -1.563   0.0   0.0  104
 3.050  102.5  90  63  78  -1.563   0.0   0.0  105
 3.050  202.5  90  63  72  -1.563   0.0   0.0  208
 3.050   80.0 -90  63  75   4.688 210.0  30.0   79
 3.075   97.5  90  75  99  -1.563   0.0   0.0  104
 3.075  100.0  90  75 108   1.563   0.0   0.0  104
 3.075  102.5  90  75  84  -1.563   0.0   0.0  103
 3.100   97.5  90  78  96  -1.563   0.0   0.0  104
 3.100  100.0  90  78 108   1.563   0.0   0.0  104
 3.100  102.5  90  78  96  -1.563   0.0   0.0  105
 3.125   97.5  90  78  93  -1.563   0.0   0.0  104
 3.125  100.0  90  78 108   1.563   0.0   0.0  105
 3.125  102.5  90  78 105  -1.563   0.0   0.0  106
 3.125  105.0  90  78  87  -1.563   0.0   0.0  108
 3.125   80.0 -90  75  87   1.563  30.0  30.0   88
 3.150  100.0  90  78  99  -1.563   0.0   0.0  105
 3.150  102.5  90  78  99  -1.563   0.0   0.0  106
 3.150  105.0  90  78  87   1.563   0.0   0.0  108
 3.175  100.0  90  75  84  -1.563   0.0   0.0  103
 3.175  102.5  90  75  84  -1.563   0.0   0.0  108
 3.175  120.0  90  75  87  -1.563   0.0   0.0  124
 3.200  120.0  90  75  90   1.563   0.0   0.0  124
 3.225   80.0  90  75  87   1.563 330.0  30.0   89
 3.225  120.0  90  75  93  -1.563   0.0   0.0  125
 3.225  122.5  90  75  87  -1.563   0.0   0.0  126
 3.225   80.0 -90  75  87   1.563 210.0  30.0   78
 3.250   80.0  90  75  90   4.688 330.0  30.0   77
 3.250  120.0  90  75  96  -1.563   0.0   0.0  125
 3.250  122.5  90  75  90   1.563   0.0   0.0  124
 3.275  120.0  90  75  93   1.563   0.0   0.0  125
 3.275  122.5  90  75  96   1.563   0.0   0.0  126
 3.300  120.0  90  75  87  -1.563   0.0   0.0  126
 3.300  122.5  90  75  96  -1.563   0.0   0.0  127
 3.300  125.0  90  75  87   1.563   0.0   0.0  129
 3.325  122.5  90  75  93   1.563   0.0   0.0  128
 3.325  125.0  90  75  93  -1.563   0.0   0.0  128
 3.350  122.5  90  75  87  -1.563   0.0   0.0  128
 3.350  125.0  90  75  90  -1.563   0.0   0.0  129
 3.375  127.5  90  75  84  -1.563   0.0   0.0  132
 3.400  127.5  90  75  87   1.563   0.0   0.0  131
 3.400  130.0  90  75  87   1.563   0.0   0.0  133
 3.425  130.0  90  39  54   1.563   0.0   0.0  134
 3.425  132.5  90  39  48  -1.563   0.0   0.0  137
 3.425  135.0  90  39  54   1.563   0.0   0.0  138
 3.425  137.5  90  39  51   1.563   0.0   0.0  139
 3.450  132.5  90  39  48  -1.563   0.0   0.0  137
 3.450  135.0  90  39  57  -1.563   0.0   0.0  140
 3.450  137.5  90  39  60   1.563   0.0   0.0  142
 3.450  140.0  90  39  54  -1.563   0.0   0.0  144
 3.450  142.5  90  39  48   1.563   0.0   0.0  147
 3.475  135.0  90  75  84  -1.563   0.0   0.0  143
 3.475  137.5  90  75  90   1.563   0.0   0.0  144
 3.475  140.0  90  75  96   1.563   0.0   0.0  145
 3.475  142.5  90  75  93  -1.563   0.0   0.0  147
 3.475  145.0  90  75  84   1.563   0.0   0.0  150
 3.500   80.0  90  75  84  -4.688 270.0  30.0   83
 3.500  140.0  90  75  87  -1.563   0.0   0.0  144
 3.500  142.5  90  75  84   1.563   0.0   0.0  147
 3.500  145.0  90  75  84   1.563   0.0   0.0  147
 3.500  147.5  90  75  87   1.563   0.0   0.0  154
 3.500  150.0  90  75  90  -1.563   0.0   0.0  154
 3.500  152.5  90  75  84  -1.563   0.0   0.0  158
 3.525   80.0  90  75  90   4.688 330.0  30.0   91
 3.525  155.0  90  75  84   1.563   0.0   0.0  158
 3.525   80.0 -90  75  84  -1.563  30.0  30.0   65
 3.550  145.0  90  75  84   1.563   0.0   0.0  148
 3.550  152.5  90  75  84  -1.563   0.0   0.0  158
 3.550  155.0  90  75  84  -1.563   0.0   0.0  159
 3.575  140.0  90  75  84   1.563   0.0   0.0  142
 3.600  140.0  90  75  84   1.563   0.0   0.0  143
 3.600  142.5  90  75  87  -1.563 330.0  30.0  145
 3.600  165.0  90  75  84   1.563 210.0  30.0  167
 3.625  155.0  90  39  48   1.563 330.0  30.0  162
 3.675  127.5  90  75  87   1.563   0.0   0.0  132
 3.675  130.0  90  75  84   1.563   0.0   0.0  132
 3.700  210.0  90  75  84  -1.563   0.0   0.0  215
 3.700  212.5  90  75  84   1.563   0.0   0.0  216
 3.700  215.0  90  75  90  -1.563   0.0   0.0  219
 3.700  217.5  90  75  87  -1.563   0.0   0.0  221
 3.700  220.0  90  75  87  -1.563   0.0   0.0  224
 3.700  222.5  90  75  84  -1.563   0.0   0.0  226
 3.700  225.0  90  75  84  -1.563   0.0   0.0  231
 3.725   80.0  90  75  84   4.688  90.0  30.0   89
 3.725  212.5  90  75  90   1.563   0.0   0.0  216
 3.725  215.0  90  75  90   1.563   0.0   0.0  218
 3.750  135.0  90  75  84  -1.563   0.0   0.0  143
 3.750  210.0  90  75  87  -1.563   0.0   0.0  215
 3.775  210.0  90  75  84  -1.563   0.0   0.0  215
 3.825  140.0  90  75  84  -1.563   0.0   0.0  144
 3.850  135.0  90  75  84   1.563 150.0  30.0  139
 3.875  130.0  90  39  48  -1.563   0.0   0.0  135
 3.875  135.0  90  39  48   1.563 150.0  30.0  139
 3.875  140.0  90  39  48  -1.563  90.0  30.0  144
 3.875  142.5  90  39  48   1.563 150.0  30.0  147
 3.875  210.0  90  39  48   1.563 210.0  30.0  212
 3.900  130.0  90  39  48   1.563 150.0  30.0  135
 3.900  137.5  90  39  48  -1.563 150.0  30.0  143
 3.900  205.0  90  39  48  -1.563   0.0   0.0  211
 3.900  207.5  90  39  57   1.563   0.0   0.0  212
 3.900  212.5  90  39  48   1.563   0.0   0.0  215
 3.925  127.5  90  39  48   1.563 270.0  30.0  132
 3.925  132.5  90  39  48  -1.563 150.0  30.0  136
 3.925  137.5  90  39  48  -1.563  90.0  30.0  140
 3.925  202.5  90  39  48   1.563   0.0   0.0  208
 3.925  205.0  90  39  54  -1.563   0.0   0.0  210
 3.925  207.5  90  39  54  -1.563   0.0   0.0  208
 3.925  210.0  90  39  51  -1.563   0.0   0.0  214
 3.925  212.5  90  39  51   1.563   0.0   0.0  215
 3.950  130.0  90  39  48   1.563   0.0   0.0  133
 3.950  135.0  90  39  48  -1.563  90.0  30.0  140
 3.950  137.5  90  39  48  -1.563  90.0  30.0  142
 3.950  202.5  90  39  60  -1.563   0.0   0.0  207
 3.950  205.0  90  39  63  -1.563   0.0   0.0  209
 3.950  207.5  90  39  48  -1.563 270.0  30.0  209
 3.975  125.0  90  39  48   1.563 150.0  30.0  129
 3.975  137.5  90  39  48   1.563 150.0  30.0  143
 3.975  140.0  90  39  48  -1.563 150.0  30.0  143
 3.975  200.0  90  39  51  -1.563   0.0   0.0  207
 3.975  202.5  90  39  66  -1.563   0.0   0.0  208
 3.975  205.0  90  39  63  -1.563   0.0   0.0  208
 3.975  207.5  90  39  51   1.563   0.0   0.0  210
 3.975  212.5  90  39  48   1.563   0.0   0.0  218
 3.975  215.0  90  39  48   1.563   0.0   0.0  217
 4.000  125.0  90  39  51   1.563 150.0  30.0  129
 4.000  127.5  90  39  51  -1.563 150.0  30.0  131
 4.000  130.0  90  39  48   1.563 150.0  30.0  133
 4.000  137.5  90  39  48  -1.563   0.0   0.0  143
 4.000  140.0  90  39  48   1.563 150.0  30.0  144
 4.000  200.0  90  39  57  -1.563   0.0   0.0  206
 4.000  202.5  90  39  66  -1.563   0.0   0.0  207
 4.000  205.0  90  39  54  -1.563   0.0   0.0  207
 4.025  127.5  90  75  87   1.563 150.0  30.0  132
 4.025  137.5  90  75  84  -1.563  90.0  30.0  136
 4.025  200.0  90  75  93  -1.563   0.0   0.0  206
 4.025  202.5  90  75  99  -1.563   0.0   0.0  206
 4.050  127.5  90  75  84  -1.563  90.0  30.0  131
 4.050  140.0  90  75  84   1.563 150.0  30.0  144
 4.050  200.0  90  75  90  -1.563   0.0   0.0  206
 4.050  202.5  90  75  93  -1.563   0.0   0.0  206
 4.050  210.0  90  75  84   1.563   0.0   0.0  214
 4.075  200.0  90  75  90  -1.563   0.0   0.0  205
 4.075  202.5  90  75  90   1.563   0.0   0.0  205
 4.075  207.5  90  75  84  -1.563 150.0  30.0  212
 4.075  210.0  90  75  87   1.563 150.0  30.0  214
 4.100  135.0  90  75  84   1.563 150.0  30.0  138
 4.100  200.0  90  75  90  -1.563   0.0   0.0  206
 4.100  202.5  90  75  87   1.563   0.0   0.0  206
 4.100  207.5  90  75  87   1.563   0.0   0.0  210
 4.100  220.0  90  75  84   1.563   0.0   0.0  222
 4.125  135.0  90  39  48   1.563 150.0  30.0  139
 4.125  140.0  90  39  48   1.563 150.0  30.0  142
 4.125  147.5  90  39  48   1.563 150.0  30.0  151
 4.125  200.0  90  39  51  -1.563   0.0   0.0  208
 4.125  202.5  90  39  51  -1.563   0.0   0.0  207
 4.125  207.5  90  39  48   1.563   0.0   0.0  212
 4.125  210.0  90  39  51   1.563   0.0   0.0  215
 4.125  212.5  90  39  51   1.563   0.0   0.0  216
 4.125  215.0  90  39  48   1.563   0.0   0.0  219
 4.150  127.5  90  39  48   1.563 150.0  30.0  131
 4.150  200.0  90  39  48   1.563   0.0   0.0  206
 4.150  202.5  90  39  54   1.563   0.0   0.0  207
 4.150  210.0  90  39  51  -1.563 150.0  30.0  214
 4.150  217.5  90  39  48   1.563 210.0  30.0  224
 4.175  125.0  90  63  72  -1.563  90.0  30.0  128
 4.175  127.5  90  63  72   1.563  90.0  30.0  131
 4.175  132.5  90  63  72   1.563  90.0  30.0  135
 4.175  200.0  90  63  72  -1.563 330.0  30.0  203
 4.175  202.5  90  63  78  -1.563   0.0   0.0  207
 4.175  205.0  90  63  72   1.563   0.0   0.0  208
 4.175  212.5  90  63  75  -1.563 150.0  30.0  216
 4.200  202.5  90  63  75  -1.563   0.0   0.0  208
 4.200  205.0  90  63  75  -1.563   0.0   0.0  208
 4.200  210.0  90  63  75   1.563 150.0  30.0  214
 4.200  212.5  90  63  75   1.563 150.0  30.0  215
 4.200  412.5  90  63  72  -1.563   0.0   0.0  415
 4.225  202.5  90  63  75   1.563   0.0   0.0  208
 4.225  205.0  90  63  81  -1.563   0.0   0.0  207
 4.225  207.5  90  63  75   1.563   0.0   0.0  210
 4.225  210.0  90  63  72  -1.563 150.0  30.0  212
 4.225  212.5  90  63  72   1.563 150.0  30.0  217
 4.225  215.0  90  63  72  -1.563  90.0  30.0  215
 4.250   80.0  90  63  96  -4.688  90.0  30.0   89
 4.250   82.5  90  63  81  -1.563  90.0  30.0   78
 4.250   85.0  90  63  87   4.688  90.0  30.0   70
 4.250   87.5  90  63  75  -4.688  30.0  30.0   88
 4.250   90.0  90  63  75   1.563 330.0  30.0  105
 4.250  135.0  90  63  72  -1.563 150.0  30.0  140
 4.250  137.5  90  63  72  -1.563 150.0  30.0  142
 4.250  205.0  90  63  84  -1.563   0.0   0.0  210
 4.250  207.5  90  63  81   1.563   0.0   0.0  211
 4.250  210.0  90  63  75  -1.563  90.0  30.0  215
 4.250  212.5  90  63  72   1.563  90.0  30.0  216
 4.250  217.5  90  63  72  -1.563  90.0  30.0  221
 4.250   80.0 -90  63  96  -1.563  30.0  30.0   74
 4.250   82.5 -90  63  93  -4.688  30.0  30.0   92
 4.250   85.0 -90  63  87   4.688  30.0  30.0   85
 4.250   87.5 -90  63  78   4.688  30.0  30.0   75
 4.250   90.0 -90  63  72  -1.563 210.0  30.0   90
 4.275  132.5  90  63  72   1.563   0.0   0.0  138
 4.275  205.0  90  63  75  -1.563   0.0   0.0  211
 4.275  207.5  90  63  84  -1.563   0.0   0.0  213
 4.275  210.0  90  63  81  -1.563   0.0   0.0  214
 4.275  217.5  90  63  72   1.563   0.0   0.0  222
 4.275   80.0 -90  63  75  -4.688  30.0  30.0   77
 4.275   82.5 -90  63  72  -1.563 210.0  30.0   96
 4.300   80.0  90  63  93  -4.688  90.0  30.0   90
 4.300   82.5  90  63  90  -1.563  90.0  30.0   71
 4.300   85.0  90  63  87  -1.563  90.0  30.0   91
 4.300   87.5  90  63  81   1.563  90.0  30.0  101
 4.300   90.0  90  63  72   4.688  30.0  30.0   79
 4.300  207.5  90  63  84  -1.563   0.0   0.0  213
 4.300  210.0  90  63  84  -1.563   0.0   0.0  214
 4.300  212.5  90  63  72   1.563   0.0   0.0  216
 4.300  215.0  90  63  75   1.563 150.0  30.0  218
 4.300  217.5  90  63  75   1.563 150.0  30.0  222
 4.300  220.0  90  63  75   1.563 330.0  30.0  222
 4.300   80.0 -90  63  99  -4.688  30.0  30.0   68
 4.300   82.5 -90  63  93   1.563  30.0  30.0   68
 4.300   85.0 -90  63  90  -4.688  30.0  30.0   70
 4.300   87.5 -90  63  84   4.688  30.0  30.0   98
 4.300   90.0 -90  63  75  -1.563  90.0  30.0   95
 4.325   80.0  90  63  93  -1.563  90.0  30.0   67
 4.325   82.5  90  63  87  -4.688  90.0  30.0   76
 4.325   85.0  90  63  81  -4.688  90.0  30.0   73
 4.325   87.5  90  63  78   1.563  30.0  30.0   86
 4.325   90.0  90  63  72  -1.563  30.0  30.0   97
 4.325  207.5  90  63  78  -1.563   0.0   0.0  211
 4.325  210.0  90  63  84   1.563   0.0   0.0  212
 4.325  212.5  90  63  75  -1.563   0.0   0.0  214
 4.325  217.5  90  63  72   1.563 150.0  30.0  219
 4.325  220.0  90  63  72   1.563 330.0  30.0  230
 4.325  422.5  90  63  72  -1.563   0.0   0.0  426
 4.325   80.0 -90  63  90   1.563 270.0  30.0   68
 4.325   82.5 -90  63  81   4.688 270.0  30.0   85
 4.325   85.0 -90  63  75   4.688 270.0  30.0   97
 4.350   80.0  90  63  84   1.563  90.0  30.0   81
 4.350   82.5  90  63  90   4.688  90.0  30.0   94
 4.350   85.0  90  63  84   4.688  90.0  30.0   95
 4.350   87.5  90  63  78   4.688  90.0  30.0   99
 4.350   90.0  90  63  72  -1.563  90.0  30.0  102
 4.350  210.0  90  63  78   1.563   0.0   0.0  216
 4.350  212.5  90  63  84  -1.563   0.0   0.0  216
 4.350  215.0  90  63  75   1.563  90.0  30.0  218
 4.350  217.5  90  63  78   1.563   0.0   0.0  221
 4.350  220.0  90  63  72   1.563 150.0  30.0  224
 4.350  225.0  90  63  72  -1.563 270.0  30.0  231
 4.350  227.5  90  63  72  -1.563   0.0   0.0  231
 4.350   80.0 -90  63 102  -4.688  90.0  30.0   93
 4.350   82.5 -90  63  99  -1.563  90.0  30.0   94
 4.350   85.0 -90  63  90  -4.688  30.0  30.0   93
 4.350   87.5 -90  63  84  -4.688  30.0  30.0   95
 4.350   90.0 -90  63  75   1.563  30.0  30.0   94
 4.375   80.0  90  39  54   4.688  30.0  30.0   67
 4.375   82.5  90  39  48   1.563  90.0  30.0   97
 4.375  210.0  90  39  48   1.563   0.0   0.0  219
 4.375  212.5  90  39  60  -1.563   0.0   0.0  219
 4.375  215.0  90  39  57  -1.563   0.0   0.0  219
 4.375  217.5  90  39  51  -1.563   0.0   0.0  222
 4.375  227.5  90  39  48   1.563   0.0   0.0  234
 4.375  425.0  90  39  48  -1.563   0.0   0.0  434
 4.375  427.5  90  39  48  -1.563   0.0   0.0  434
 4.375  430.0  90  39  48  -1.563   0.0   0.0  436
 4.375   80.0 -90  39  57   1.563 210.0  30.0   71
 4.375   82.5 -90  39  57  -4.688 270.0  30.0   76
 4.375   85.0 -90  39  54  -4.688 210.0  30.0   72
 4.375   87.5 -90  39  48   1.563  90.0  30.0   86
 4.400   80.0  90  39  48  -4.688 330.0  30.0   66
 4.400  212.5  90  39  54  -1.563   0.0   0.0  218
 4.400  215.0  90  39  63  -1.563   0.0   0.0  219
 4.400  217.5  90  39  54  -1.563   0.0   0.0  220
 4.400  230.0  90  39  48  -1.563   0.0   0.0  235
 4.400   80.0 -90  39  57  -1.563 270.0  30.0   83
 4.400   82.5 -90  39  54   1.563 210.0  30.0   82
 4.400   85.0 -90  39  48   4.688  30.0  30.0   76
 4.425  215.0  90  75  90   1.563   0.0   0.0  222
 4.425  217.5  90  75  96   1.563   0.0   0.0  223
 4.425  220.0  90  75  96   1.563   0.0   0.0  225
 4.425  222.5  90  75  87   1.563   0.0   0.0  224
 4.425  225.0  90  75  84   1.563 150.0  30.0  230
 4.425  235.0  90  75  84  -1.563   0.0   0.0  239
 4.450   80.0  90  75  87  -1.563  90.0  30.0   94
 4.450  217.5  90  75  90  -1.563   0.0   0.0  223
 4.450  220.0  90  75  96  -1.563   0.0   0.0  225
 4.450  222.5  90  75  87   1.563   0.0   0.0  225
 4.450  227.5  90  75  84   1.563 150.0  30.0  230
 4.450  230.0  90  75  84  -1.563   0.0   0.0  234
 4.450  232.5  90  75  84   1.563   0.0   0.0  237
 4.450  440.0  90  75  84   1.563   0.0   0.0  444
 4.450  442.5  90  75  87  -1.563   0.0   0.0  447
 4.450  445.0  90  75  84  -1.563   0.0   0.0  449
 4.450   80.0 -90  75 102  -4.688  90.0  30.0   75
 4.450   82.5 -90  75  90  -1.563  90.0  30.0   93
 4.475  220.0  90  39  54  -1.563   0.0   0.0  222
 4.475  222.5  90  39  57   1.563   0.0   0.0  224
 4.475  225.0  90  39  48  -1.563   0.0   0.0  228
 4.475  227.5  90  39  48  -1.563   0.0   0.0  230
 4.475  442.5  90  39  48  -1.563   0.0   0.0  444
 4.475  445.0  90  39  51  -1.563   0.0   0.0  448
 4.475  447.5  90  39  48   1.563   0.0   0.0  449
 4.500   80.0  90  39  63   1.563  90.0  30.0   76
 4.500   82.5  90  39  60   4.688  90.0  30.0   87
 4.500   85.0  90  39  57  -4.688  90.0  30.0   95
 4.500   87.5  90  39  51  -4.688  90.0  30.0   79
 4.500   90.0  90  39  48  -1.563 150.0  30.0   84
 4.500  222.5  90  39  57  -1.563   0.0   0.0  228
 4.500  225.0  90  39  57  -1.563   0.0   0.0  229
 4.500  227.5  90  39  51  -1.563   0.0   0.0  231
 4.525   80.0  90  75  87   1.563  90.0  30.0   71
 4.525  222.5  90  75  84  -1.563   0.0   0.0  230
 4.525  225.0  90  75  96  -1.563   0.0   0.0  231
 4.525  227.5  90  75  96  -1.563   0.0   0.0  233
 4.525  230.0  90  75  87   1.563   0.0   0.0  234
 4.525  232.5  90  75  84  -1.563   0.0   0.0  236
 4.525   80.0 -90  75  99  -4.688  90.0  30.0   83
 4.525   82.5 -90  75  99  -1.563  30.0  30.0   90
 4.525   85.0 -90  75  84  -1.563  30.0  30.0   89
 4.550  225.0  90  75  84  -1.563   0.0   0.0  231
 4.550  227.5  90  75  96  -1.563   0.0   0.0  233
 4.550  230.0  90  75  99   1.563   0.0   0.0  234
 4.550  232.5  90  75  93  -1.563   0.0   0.0  235
 4.550  242.5  90  75  84   1.563   0.0   0.0  247
 4.550  225.0 -90  75  87   1.563   0.0   0.0  229
 4.575   80.0  90  75 105  -1.563 330.0  30.0   87
 4.575   82.5  90  75  96  -4.688 330.0  30.0   80
 4.575   85.0  90  75  90   4.688 330.0  30.0   76
 4.575  227.5  90  75  84  -1.563   0.0   0.0  235
 4.575  230.0  90  75  96  -1.563   0.0   0.0  236
 4.575  232.5  90  75  96  -1.563   0.0   0.0  237
 4.575  235.0  90  75  87  -1.563   0.0   0.0  237
 4.575  242.5  90  75  84  -1.563   0.0   0.0  247
 4.575   80.0 -90  75  99  -1.563  90.0  30.0   86
 4.575   82.5 -90  75  90  -1.563  90.0  30.0   71
 4.575   85.0 -90  75  84  -1.563  90.0  30.0   94
 4.575  225.0 -90  75  84  -1.563   0.0   0.0  229
 4.600  230.0  90  75  87   1.563   0.0   0.0  236
 4.600  232.5  90  75  96  -1.563   0.0   0.0  237
 4.600  235.0  90  75  93  -1.563   0.0   0.0  238
 4.600  475.0  90  75  84   1.563   0.0   0.0  480
 4.600  222.5 -90  75  84   1.563   0.0   0.0  228
 4.600  225.0 -90  75  84  -1.563   0.0   0.0  227
 4.625   80.0  90  63  78  -4.688  90.0  30.0   84
 4.625  232.5  90  63  75   1.563   0.0   0.0  239
 4.625  235.0  90  63  81  -1.563   0.0   0.0  240
 4.625  237.5  90  63  75  -1.563   0.0   0.0  241
 4.625  240.0  90  63  72  -1.563 330.0  30.0  242
 4.625  242.5  90  63  72   1.563 150.0  30.0  246
 4.625  480.0  90  63  75  -1.563   0.0   0.0  485
 4.625  482.5  90  63  75   1.563   0.0   0.0  488
 4.625   80.0 -90  63  81  -1.563  90.0  30.0   91
 4.625  222.5 -90  63  75   1.563   0.0   0.0  229
 4.650  235.0  90  63  72  -1.563   0.0   0.0  240
 4.650  237.5  90  63  81  -1.563   0.0   0.0  242
 4.650  240.0  90  63  78  -1.563   0.0   0.0  244
 4.650  242.5  90  63  72  -1.563 150.0  30.0  244
 4.650  480.0  90  63  72  -1.563   0.0   0.0  484
 4.650  482.5  90  63  75  -1.563   0.0   0.0  487
 4.650  485.0  90  63  78  -1.563   0.0   0.0  489
 4.650  487.5  90  63  75  -1.563   0.0   0.0  491
 4.650  222.5 -90  63  75  -1.563   0.0   0.0  226
 4.675  237.5  90  39  57  -1.563   0.0   0.0  240
 4.675  240.0  90  39  63  -1.563   0.0   0.0  242
 4.675  242.5  90  39  51  -1.563   0.0   0.0  245
 4.675  245.0  90  39  48   1.563   0.0   0.0  247
 4.675  485.0  90  39  51  -1.563   0.0   0.0  489
 4.675  487.5  90  39  57  -1.563   0.0   0.0  490
 4.675  490.0  90  39  54  -1.563   0.0   0.0  492
 4.675  222.5 -90  39  51  -1.563   0.0   0.0  225
 4.700  237.5  90  39  48  -1.563   0.0   0.0  243
 4.700  240.0  90  39  60  -1.563   0.0   0.0  245
 4.700  242.5  90  39  63   1.563   0.0   0.0  246
 4.700  245.0  90  39  51   1.563   0.0   0.0  247
 4.700  487.5  90  39  51   1.563   0.0   0.0  491
 4.700  490.0  90  39  54  -1.563   0.0   0.0  495
 4.700  492.5  90  39  54   1.563   0.0   0.0  496
 4.700  495.0  90  39  48   1.563   0.0   0.0  499
 4.700  220.0 -90  39  48   1.563   0.0   0.0  226
 4.700  222.5 -90  39  48  -1.563   0.0   0.0  224
 4.725  240.0  90  75  90  -1.563   0.0   0.0  247
 4.725  242.5  90  75 102  -1.563   0.0   0.0  249
 4.725  245.0  90  75  96  -1.563   0.0   0.0  249
 4.725  492.5  90  75  87  -1.563   0.0   0.0  498
 4.725  495.0  90  75  90  -1.563   0.0   0.0  501
 4.725  497.5  90  75  84  -1.563   0.0   0.0  503
 4.725   80.0 -90  75  84   1.563  30.0  30.0   85
 4.725  220.0 -90  75  87  -1.563   0.0   0.0  227
 4.725  222.5 -90  75  84   1.563   0.0   0.0  229
 4.750  242.5  90  75  96  -1.563   0.0   0.0  248
 4.750  245.0  90  75 102  -1.563   0.0   0.0  249
 4.750  247.5  90  75  90  -1.563   0.0   0.0  250
 4.750  497.5  90  75  87  -1.563   0.0   0.0  503
 4.750  500.0  90  75  87  -1.563   0.0   0.0  504
 4.750  220.0 -90  75  87   1.563   0.0   0.0  225
 4.775  242.5  90  75  84  -1.563   0.0   0.0  251
 4.775  245.0  90  75  99  -1.563   0.0   0.0  250
 4.775  247.5  90  75  99  -1.563   0.0   0.0  251
 4.775  250.0  90  75  84  -1.563   0.0   0.0  253
 4.775  502.5  90  75  84   1.563   0.0   0.0  506
 4.775  220.0 -90  75  84  -1.563   0.0   0.0  224
 4.800  245.0  90  75  87   1.563   0.0   0.0  252
 4.800  247.5  90  75 102  -1.563   0.0   0.0  252
 4.800  250.0  90  75  96  -1.563   0.0   0.0  254
 4.825   80.0  90  75  84   1.563 150.0  30.0   94
 4.825  247.5  90  75  99  -1.563   0.0   0.0  252
 4.825  250.0  90  75 102  -1.563   0.0   0.0  253
 4.825  252.5  90  75  87  -1.563   0.0   0.0  254
 4.825  220.0 -90  75  84  -1.563   0.0   0.0  224
 4.850  247.5  90  75  90  -1.563   0.0   0.0  254
 4.850  250.0  90  75 102  -1.563   0.0   0.0  255
 4.850  252.5  90  75  99  -1.563   0.0   0.0  255
 4.850  255.0  90  75  84   1.563 330.0  30.0  257
 4.850  220.0 -90  75  87  -1.563   0.0   0.0  225
 4.875  250.0  90  75  96  -1.563   0.0   0.0  257
 4.875  252.5  90  75 105  -1.563   0.0   0.0  258
 4.875  255.0  90  75  93  -1.563   0.0   0.0  259
 4.875  220.0 -90  75  87  -1.563   0.0   0.0  225
 4.900  250.0  90  75  87   1.563   0.0   0.0  257
 4.900  252.5  90  75 102  -1.563   0.0   0.0  258
 4.900  255.0  90  75 102  -1.563   0.0   0.0  259
 4.900  257.5  90  75  84  -1.563   0.0   0.0  259
 4.900  220.0 -90  75  87   1.563   0.0   0.0  226
 4.925  252.5  90  75  96  -1.563   0.0   0.0  257
 4.925  255.0  90  75 105  -1.563   0.0   0.0  257
 4.925  257.5  90  75  96  -1.563   0.0   0.0  258
 4.925  260.0  90  75  84   1.563   0.0   0.0  262
 4.925  220.0 -90  75  84  -1.563   0.0   0.0  223
 4.925  222.5 -90  75  87  -1.563   0.0   0.0  223
 4.950  252.5  90  75  84  -1.563   0.0   0.0  258
 4.950  255.0  90  75 102  -1.563   0.0   0.0  261
 4.950  257.5  90  75 102  -1.563   0.0   0.0  261
 4.950  260.0  90  75  87   1.563   0.0   0.0  262
 4.950  222.5 -90  75  87   1.563   0.0   0.0  227
 4.975  255.0  90  39  60  -1.563   0.0   0.0  249
 4.975  257.5  90  39  69  -1.563   0.0   0.0  244
 4.975  260.0  90  39  60  -1.563   0.0   0.0  246
 4.975  222.5 -90  39  54  -1.563   0.0   0.0  229
 4.975  225.0 -90  39  48  -1.563   0.0   0.0  224
 5.025  257.5  90  75  99  -1.563   0.0   0.0  264
 5.025  260.0  90  75 105  -1.563   0.0   0.0  265
 5.025  262.5  90  75  90   1.563   0.0   0.0  265
 5.025   80.0 -90  75  96   1.563 270.0  30.0   83
 5.025   82.5 -90  75  93   1.563 270.0  30.0   74
 5.025   85.0 -90  75  87  -1.563 270.0  30.0   81
 5.025  222.5 -90  75  84   1.563   0.0   0.0  230
 5.025  225.0 -90  75  90  -1.563   0.0   0.0  230
 5.050  257.5  90  75  87  -1.563   0.0   0.0  265
 5.050  260.0  90  75 102  -1.563   0.0   0.0  265
 5.050  262.5  90  75  93  -1.563   0.0   0.0  266
 5.050  225.0 -90  75  93  -1.563   0.0   0.0  231
 5.050  227.5 -90  75  93  -1.563   0.0   0.0  231
 5.075  260.0  90  75  93  -1.563   0.0   0.0  265
 5.075  262.5  90  75  99  -1.563   0.0   0.0  265
 5.075  225.0 -90  75  90  -1.563   0.0   0.0  230
 5.075  227.5 -90  75  99  -1.563   0.0   0.0  231
 5.075  230.0 -90  75  90   1.563   0.0   0.0  232
 5.100  260.0  90  75  90   1.563   0.0   0.0  266
 5.100  262.5  90  75  99  -1.563   0.0   0.0  267
 5.100  265.0  90  75  90  -1.563   0.0   0.0  267
 5.100  227.5 -90  75  96  -1.563   0.0   0.0  233
 5.100  230.0 -90  75  96  -1.563   0.0   0.0  234
 5.125  262.5  90  75  96  -1.563   0.0   0.0  269
 5.125  265.0  90  75  99  -1.563   0.0   0.0  269
 5.125  227.5 -90  75  87  -1.563   0.0   0.0  234
 5.125  230.0 -90  75  93  -1.563   0.0   0.0  236
 5.125  232.5 -90  75  93   1.563   0.0   0.0  237
 5.150  262.5  90  75  93   1.563   0.0   0.0  269
 5.150  265.0  90  75 102  -1.563   0.0   0.0  269
 5.150  267.5  90  75  90  -1.563   0.0   0.0  270
 5.150  232.5 -90  75  93  -1.563   0.0   0.0  237
 5.150  235.0 -90  75  87  -1.563   0.0   0.0  238
 5.175  262.5  90  75  87  -1.563   0.0   0.0  268
 5.175  265.0  90  75 102   1.563   0.0   0.0  271
 5.175  267.5  90  75  99  -1.563   0.0   0.0  271
 5.175  232.5 -90  75  93   1.563   0.0   0.0  239
 5.175  235.0 -90  75  93  -1.563   0.0   0.0  239
 5.200  265.0  90  75  96  -1.563   0.0   0.0  271
 5.200  267.5  90  75 102  -1.563   0.0   0.0  271
 5.200  270.0  90  75  87  -1.563   0.0   0.0  271
 5.200  232.5 -90  75  84   1.563   0.0   0.0  237
 5.200  235.0 -90  75  90  -1.563   0.0   0.0  240
 5.200  237.5 -90  75  90   1.563   0.0   0.0  240
 5.225  265.0  90  75  93   1.563   0.0   0.0  271
 5.225  267.5  90  75 105  -1.563   0.0   0.0  272
 5.225  270.0  90  75  99   1.563   0.0   0.0  273
 5.225  800.0  90  75  84   1.563   0.0   0.0  804
 5.225  237.5 -90  75  90   1.563   0.0   0.0  242
 5.250  267.5  90  75  99  -1.563   0.0   0.0  273
 5.250  270.0  90  75 102  -1.563   0.0   0.0  274
 5.250  272.5  90  75  87  -1.563   0.0   0.0  274
 5.250  237.5 -90  75  93   1.563   0.0   0.0  242
 5.250  240.0 -90  75  84   1.563   0.0   0.0  242
 5.275  267.5  90  75  90  -1.563   0.0   0.0  273
 5.275  270.0  90  75 105  -1.563   0.0   0.0  274
 5.275  272.5  90  75  96  -1.563   0.0   0.0  275
 5.275  807.5  90  75  84  -1.563   0.0   0.0  810
 5.275  237.5 -90  75  87   1.563   0.0   0.0  243
 5.275  240.0 -90  75  93  -1.563   0.0   0.0  244
 5.275  242.5 -90  75  90  -1.563   0.0   0.0  245
 5.300  270.0  90  75  99  -1.563   0.0   0.0  275
 5.300  272.5  90  75  99  -1.563   0.0   0.0  276
 5.300  807.5  90  75  84   1.563   0.0   0.0  810
 5.300  810.0  90  75  87  -1.563   0.0   0.0  814
 5.300  240.0 -90  75  90   1.563   0.0   0.0  245
 5.300  242.5 -90  75  93  -1.563   0.0   0.0  246
 5.300  245.0 -90  75  84   1.563   0.0   0.0  249
 5.325  270.0  90  39  54  -1.563   0.0   0.0  279
 5.325  272.5  90  39  66  -1.563   0.0   0.0  277
 5.325  275.0  90  39  54  -1.563   0.0   0.0  278
 5.325  812.5  90  39  51   1.563   0.0   0.0  817
 5.325  242.5 -90  39  57   1.563   0.0   0.0  247
 5.325  245.0 -90  39  51   1.563   0.0   0.0  249
 5.350  270.0  90  39  48   1.563   0.0   0.0  277
 5.350  272.5  90  39  66   1.563   0.0   0.0  278
 5.350  275.0  90  39  63   1.563   0.0   0.0  278
 5.350  542.5  90  39  48   1.563   0.0   0.0  549
 5.350  245.0 -90  39  57  -1.563   0.0   0.0  249
 5.350  247.5 -90  39  48  -1.563   0.0   0.0  252
 5.375  270.0  90  75  84  -1.563   0.0   0.0  277
 5.375  272.5  90  75  99  -1.563   0.0   0.0  279
 5.375  275.0  90  75 102  -1.563   0.0   0.0  279
 5.375  277.5  90  75  87   1.563   0.0   0.0  280
 5.375  545.0  90  75  84  -1.563   0.0   0.0  552
 5.375  817.5  90  75  84  -1.563   0.0   0.0  822
 5.375  245.0 -90  75  90  -1.563   0.0   0.0  251
 5.375  247.5 -90  75  93   1.563   0.0   0.0  252
 5.375  250.0 -90  75  84   1.563   0.0   0.0  253
 5.400  272.5  90  75  90   1.563   0.0   0.0  279
 5.400  275.0  90  75 105  -1.563   0.0   0.0  279
 5.400  277.5  90  75  93  -1.563   0.0   0.0  279
 5.400  820.0  90  75  87   1.563   0.0   0.0  823
 5.400  245.0 -90  75  84  -1.563   0.0   0.0  249
 5.400  247.5 -90  75  96  -1.563   0.0   0.0  253
 5.400  250.0 -90  75  93   1.563   0.0   0.0  254
 5.425  275.0  90  39  66  -1.563   0.0   0.0  279
 5.425  277.5  90  39  66  -1.563   0.0   0.0  279
 5.425  820.0  90  39  48   1.563   0.0   0.0  821
 5.425  822.5  90  39  48  -1.563   0.0   0.0  825
 5.425  247.5 -90  39  51  -1.563   0.0   0.0  252
 5.425  250.0 -90  39  60  -1.563   0.0   0.0  253
 5.425  252.5 -90  39  54  -1.563   0.0   0.0  254
 5.450  275.0  90  39  60  -1.563   0.0   0.0  281
 5.450  277.5  90  39  66  -1.563   0.0   0.0  281
 5.450  280.0  90  39  48   1.563   0.0   0.0  282
 5.450  547.5  90  39  48   1.563   0.0   0.0  549
 5.450  250.0 -90  39  57  -1.563   0.0   0.0  256
 5.450  252.5 -90  39  57  -1.563   0.0   0.0  256
 5.475  275.0  90  39  54   1.563   0.0   0.0  282
 5.475  277.5  90  39  66  -1.563   0.0   0.0  283
 5.475  280.0  90  39  57   1.563   0.0   0.0  283
 5.475  547.5  90  39  48  -1.563   0.0   0.0  552
 5.475  550.0  90  39  48   1.563   0.0   0.0  555
 5.475  552.5  90  39  51   1.563   0.0   0.0  557
 5.475  820.0  90  39  48   1.563   0.0   0.0  826
 5.475  822.5  90  39  48   1.563   0.0   0.0  827
 5.475  250.0 -90  39  51  -1.563   0.0   0.0  256
 5.475  252.5 -90  39  60  -1.563   0.0   0.0  258
 5.475  255.0 -90  39  51   1.563   0.0   0.0  259
 5.500  277.5  90  39  66  -1.563   0.0   0.0  283
 5.500  280.0  90  39  66  -1.563   0.0   0.0  283
 5.500  282.5  90  39  48   1.563   0.0   0.0  286
 5.500  550.0  90  39  57   1.563   0.0   0.0  554
 5.500  552.5  90  39  57   1.563   0.0   0.0  557
 5.500  825.0  90  39  51   1.563   0.0   0.0  829
 5.500  827.5  90  39  48   1.563   0.0   0.0  831
 5.500  252.5 -90  39  54   1.563   0.0   0.0  258
 5.500  255.0 -90  39  57  -1.563   0.0   0.0  259
 5.525  277.5  90  39  63  -1.563   0.0   0.0  285
 5.525  280.0  90  39  69   1.563   0.0   0.0  285
 5.525  282.5  90  39  54  -1.563   0.0   0.0  285
 5.525  550.0  90  39  51   1.563   0.0   0.0  555
 5.525  552.5  90  39  48   1.563   0.0   0.0  560
 5.525  555.0  90  39  51   1.563   0.0   0.0  557
 5.525  557.5  90  39  48   1.563   0.0   0.0  563
 5.525  825.0  90  39  48   1.563   0.0   0.0  829
 5.525  827.5  90  39  48   1.563   0.0   0.0  834
 5.525  252.5 -90  39  48   1.563   0.0   0.0  259
 5.525  255.0 -90  39  57  -1.563   0.0   0.0  260
 5.525  257.5 -90  39  48   1.563   0.0   0.0  262
 5.550  277.5  90  39  57   1.563   0.0   0.0  284
 5.550  280.0  90  39  69   1.563   0.0   0.0  284
 5.550  282.5  90  39  57  -1.563   0.0   0.0  285
 5.550  552.5  90  39  51  -1.563   0.0   0.0  557
 5.550  555.0  90  39  60   1.563   0.0   0.0  559
 5.550  557.5  90  39  57   1.563   0.0   0.0  561
 5.550  565.0  90  39  48   1.563   0.0   0.0  567
 5.550  255.0 -90  39  51   1.563   0.0   0.0  260
 5.550  257.5 -90  39  51  -1.563   0.0   0.0  260
 5.575  277.5  90  39  48   1.563   0.0   0.0  281
 5.575  280.0  90  39  66  -1.563   0.0   0.0  283
 5.575  282.5  90  39  57   1.563   0.0   0.0  282
 5.575  545.0  90  39  48  -1.563   0.0   0.0  548
 5.575  547.5  90  39  51  -1.563   0.0   0.0  550
 5.575  550.0  90  39  48  -1.563   0.0   0.0  551
 5.575  552.5  90  39  51   1.563   0.0   0.0  552
 5.575  555.0  90  39  63   1.563   0.0   0.0  558
 5.575  557.5  90  39  66   1.563   0.0   0.0  559
 5.575  560.0  90  39  57   1.563   0.0   0.0  562
 5.575  562.5  90  39  57  -1.563   0.0   0.0  565
 5.575  565.0  90  39  51  -1.563   0.0   0.0  566
 5.575  257.5 -90  39  51   1.563   0.0   0.0  260
 5.600  280.0  90  39  63  -1.563   0.0   0.0  285
 5.600  282.5  90  39  63  -1.563   0.0   0.0  286
 5.600  547.5  90  39  48   1.563   0.0   0.0  551
 5.600  550.0  90  39  48   1.563   0.0   0.0  553
 5.600  555.0  90  39  57   1.563   0.0   0.0  559
 5.600  557.5  90  39  57   1.563   0.0   0.0  561
 5.600  562.5  90  39  54   1.563   0.0   0.0  567
 5.600  565.0  90  39  51   1.563   0.0   0.0  569
 5.600  257.5 -90  36  45  -1.563   0.0   0.0  262
 5.600  260.0 -90  36  48   1.563   0.0   0.0  265
 5.625  280.0  90  39  63  -1.563   0.0   0.0  287
 5.625  282.5  90  39  69   1.563   0.0   0.0  287
 5.625  285.0  90  39  51   1.563   0.0   0.0  289
 5.625  550.0  90  39  51   1.563   0.0   0.0  556
 5.625  555.0  90  39  48   1.563   0.0   0.0  558
 5.625  557.5  90  39  48   1.563   0.0   0.0  562
 5.625  560.0  90  39  51   1.563   0.0   0.0  565
 5.625  562.5  90  39  48  -1.563   0.0   0.0  569
 5.625  567.5  90  39  48   1.563   0.0   0.0  570
 5.625  260.0 -90  36  48  -1.563   0.0   0.0  266
 5.625  522.5 -90  36  45  -1.563   0.0   0.0  528
 5.650  277.5  90  39  48   1.563   0.0   0.0  283
 5.650  280.0  90  39  63  -1.563   0.0   0.0  286
 5.650  282.5  90  39  69  -1.563   0.0   0.0  286
 5.650  285.0  90  39  51  -1.563   0.0   0.0  287
 5.650  550.0  90  39  48   1.563   0.0   0.0  552
 5.650  552.5  90  39  54   1.563   0.0   0.0  556
 5.650  555.0  90  39  48  -1.563   0.0   0.0  557
 5.650  557.5  90  39  48  -1.563   0.0   0.0  561
 5.650  560.0  90  39  54  -1.563   0.0   0.0  565
 5.650  562.5  90  39  54  -1.563   0.0   0.0  566
 5.650  565.0  90  39  48   1.563   0.0   0.0  568
 5.650  567.5  90  39  51   1.563   0.0   0.0  571
 5.675  280.0  90  39  60   1.563   0.0   0.0  286
 5.675  282.5  90  39  72   1.563   0.0   0.0  286
 5.675  285.0  90  39  54   1.563   0.0   0.0  286
 5.675  552.5  90  39  51  -1.563   0.0   0.0  559
 5.675  555.0  90  39  48   1.563   0.0   0.0  556
 5.675  557.5  90  39  48  -1.563   0.0   0.0  559
 5.675  560.0  90  39  54   1.563   0.0   0.0  566
 5.675  562.5  90  39  60   1.563   0.0   0.0  566
 5.675  565.0  90  39  48  -1.563   0.0   0.0  570
 5.675  567.5  90  39  51  -1.563   0.0   0.0  572
 5.675  262.5 -90  39  48  -1.563   0.0   0.0  266
 5.700  280.0  90  39  57  -1.563   0.0   0.0  287
 5.700  282.5  90  39  72   1.563   0.0   0.0  287
 5.700  285.0  90  39  60   1.563   0.0   0.0  287
 5.700  550.0  90  39  48  -1.563   0.0   0.0  552
 5.700  552.5  90  39  48   1.563   0.0   0.0  558
 5.700  555.0  90  39  48   1.563   0.0   0.0  560
 5.700  557.5  90  39  48   1.563   0.0   0.0  561
 5.700  560.0  90  39  54   1.563   0.0   0.0  565
 5.700  562.5  90  39  57   1.563   0.0   0.0  566
 5.700  262.5 -90  36  48   1.563   0.0   0.0  267
 5.725  280.0  90  36  54  -1.563   0.0   0.0  288
 5.725  282.5  90  36  72   1.563   0.0   0.0  287
 5.725  285.0  90  36  63   1.563   0.0   0.0  287
 5.725  545.0  90  36  48   1.563   0.0   0.0  548
 5.725  547.5  90  36  45   1.563   0.0   0.0  552
 5.725  552.5  90  36  51  -1.563   0.0   0.0  555
 5.725  555.0  90  36  48  -1.563   0.0   0.0  559
 5.725  557.5  90  36  51  -1.563   0.0   0.0  560
 5.725  560.0  90  36  57   1.563   0.0   0.0  564
 5.725  562.5  90  36  45  -1.563   0.0   0.0  569
 5.725  565.0  90  36  51  -1.563   0.0   0.0  568
 5.725  262.5 -90  36  51  -1.563   0.0   0.0  268
 5.725  265.0 -90  36  48  -1.563   0.0   0.0  269
 5.750  280.0  90  39  51   1.563   0.0   0.0  288
 5.750  282.5  90  39  72   1.563   0.0   0.0  287
 5.750  285.0  90  39  66   1.563   0.0   0.0  287
 5.750  545.0  90  39  51  -1.563   0.0   0.0  550
 5.750  550.0  90  39  48   1.563   0.0   0.0  554
 5.750  555.0  90  39  51   1.563   0.0   0.0  561
 5.750  557.5  90  39  48   1.563   0.0   0.0  561
 5.750  560.0  90  39  54  -1.563   0.0   0.0  565
 5.750  562.5  90  39  54   1.563   0.0   0.0  566
 5.750  565.0  90  39  48  -1.563   0.0   0.0  568
 5.750  265.0 -90  39  51   1.563   0.0   0.0  269
 5.750  532.5 -90  39  48  -1.563   0.0   0.0  537
 5.775  280.0  90  39  48   1.563   0.0   0.0  286
 5.775  282.5  90  39  72   1.563   0.0   0.0  287
 5.775  285.0  90  39  69   1.563   0.0   0.0  287
 5.775  545.0  90  39  54   1.563   0.0   0.0  550
 5.775  547.5  90  39  57   1.563   0.0   0.0  551
 5.775  557.5  90  39  48  -1.563   0.0   0.0  561
 5.775  560.0  90  39  51  -1.563   0.0   0.0  566
 5.775  565.0  90  39  48  -1.563   0.0   0.0  568
 5.775  567.5  90  39  48   1.563   0.0   0.0  570
 5.775  265.0 -90  39  48   1.563   0.0   0.0  269
 5.775  535.0 -90  39  48   1.563   0.0   0.0  540
 5.800  282.5  90  36  69   1.563   0.0   0.0  288
 5.800  285.0  90  36  66  -1.563   0.0   0.0  288
 5.800  545.0  90  36  48  -1.563   0.0   0.0  551
 5.800  547.5  90  36  57  -1.563   0.0   0.0  552
 5.800  550.0  90  36  48  -1.563   0.0   0.0  554
 5.800  562.5  90  36  45   1.563   0.0   0.0  569
 5.800  267.5 -90  36  45  -1.563   0.0   0.0  270
 5.825  282.5  90  36  69  -1.563   0.0   0.0  288
 5.825  285.0  90  36  69  -1.563   0.0   0.0  288
 5.825  547.5  90  36  51  -1.563   0.0   0.0  553
 5.825  550.0  90  36  51   1.563   0.0   0.0  552
 5.825  552.5  90  36  45  -1.563   0.0   0.0  556
 5.825  267.5 -90  36  48   1.563   0.0   0.0  273
 5.825  540.0 -90  36  45   1.563   0.0   0.0  545
 5.850  282.5  90  39  69   1.563   0.0   0.0  288
 5.850  285.0  90  39  69  -1.563   0.0   0.0  288
 5.850  550.0  90  39  57   1.563   0.0   0.0  554
 5.850  552.5  90  39  48  -1.563   0.0   0.0  556
 5.850  267.5 -90  39  48  -1.563   0.0   0.0  273
 5.850  270.0 -90  39  48  -1.563   0.0   0.0  274
 5.875  282.5  90  39  66   1.563   0.0   0.0  289
 5.875  285.0  90  39  69   1.563   0.0   0.0  289
 5.875  287.5  90  39  48  -1.563   0.0   0.0  290
 5.875  550.0  90  39  51   1.563   0.0   0.0  555
 5.875  552.5  90  39  54   1.563   0.0   0.0  558
 5.875  555.0  90  39  48   1.563   0.0   0.0  562
 5.875  270.0 -90  39  51   1.563   0.0   0.0  274
 5.900  282.5  90  39  66  -1.563   0.0   0.0  288
 5.900  285.0  90  39  69  -1.563   0.0   0.0  288
 5.900  287.5  90  39  48   1.563   0.0   0.0  288
 5.900  552.5  90  39  48  -1.563   0.0   0.0  557
 5.900  270.0 -90  39  54   1.563   0.0   0.0  275
 5.900  272.5 -90  39  51   1.563   0.0   0.0  275
 5.925  282.5  90  39  63   1.563   0.0   0.0  289
 5.925  285.0  90  39  69   1.563   0.0   0.0  289
 5.925  270.0 -90  39  51   1.563   0.0   0.0  276
 5.925  272.5 -90  39  54   1.563   0.0   0.0  276
 5.950  282.5  90  39  60  -1.563   0.0   0.0  289
 5.950  285.0  90  39  69  -1.563   0.0   0.0  289
 5.950  287.5  90  39  48  -1.563   0.0   0.0  290
 5.950  272.5 -90  39  60   1.563   0.0   0.0  277
 5.950  275.0 -90  39  51   1.563   0.0   0.0  278
 5.975  282.5  90  39  57  -1.563   0.0   0.0  288
 5.975  285.0  90  39  66  -1.563   0.0   0.0  288
 5.975  287.5  90  39  48   1.563   0.0   0.0  288
 5.975  272.5 -90  36  57   1.563   0.0   0.0  277
 5.975  275.0 -90  36  57  -1.563   0.0   0.0  277
 5.975  277.5 -90  36  48  -1.563   0.0   0.0  279
 6.000  282.5  90  36  54  -1.563   0.0   0.0  289
 6.000  285.0  90  36  66  -1.563   0.0   0.0  289
 6.000  287.5  90  36  51  -1.563   0.0   0.0  289
 6.000  272.5 -90  36  51   1.563   0.0   0.0  278
 6.000  275.0 -90  36  60   1.563   0.0   0.0  279
 6.000  277.5 -90  36  51   1.563   0.0   0.0  280
 6.025  282.5  90  36  54  -1.563   0.0   0.0  289
 6.025  285.0  90  36  66   1.563   0.0   0.0  289
 6.025  287.5  90  36  54  -1.563   0.0   0.0  290
 6.025  560.0  90  36  45  -1.563   0.0   0.0  564
 6.025  275.0 -90  36  57   1.563   0.0   0.0  280
 6.025  277.5 -90  36  54   1.563   0.0   0.0  281
 6.050  282.5  90  36  48  -1.563   0.0   0.0  291
 6.050  285.0  90  36  66  -1.563   0.0   0.0  290
 6.050  287.5  90  36  54  -1.563   0.0   0.0  289
 6.050  275.0 -90  36  51   1.563   0.0   0.0  280
 6.050  277.5 -90  36  57  -1.563   0.0   0.0  281
 6.075  282.5  90  36  51   1.563   0.0   0.0  289
 6.075  285.0  90  36  66  -1.563   0.0   0.0  290
 6.075  287.5  90  36  57   1.563   0.0   0.0  291
 6.075  555.0  90  36  45  -1.563   0.0   0.0  563
 6.075  557.5  90  36  45   1.563   0.0   0.0  561
 6.075  590.0  90  36  45   1.563 210.0  30.0  580
 6.075  277.5 -90  36  54   1.563   0.0   0.0  282
 6.075  280.0 -90  36  48  -1.563   0.0   0.0  283
 6.100  285.0  90  36  66  -1.563   0.0   0.0  290
 6.100  287.5  90  36  60   1.563   0.0   0.0  290
 6.100  557.5  90  36  45  -1.563   0.0   0.0  561
 6.100  277.5 -90  36  51   1.563   0.0   0.0  283
 6.100  280.0 -90  36  54  -1.563   0.0   0.0  284
 6.100  562.5 -90  36  45   1.563   0.0   0.0  566
 6.125  282.5  90  36  51  -1.563   0.0   0.0  289
 6.125  285.0  90  36  66   1.563   0.0   0.0  290
 6.125  287.5  90  36  60  -1.563   0.0   0.0  290
 6.125  557.5  90  36  48  -1.563   0.0   0.0  563
 6.125  560.0  90  36  45  -1.563 210.0  30.0  563
 6.125  277.5 -90  36  45   1.563   0.0   0.0  281
 6.125  280.0 -90  36  57   1.563   0.0   0.0  284
 6.125  282.5 -90  36  48   1.563   0.0   0.0  285
 6.150  285.0  90  36  66  -1.563   0.0   0.0  290
 6.150  287.5  90  36  60  -1.563   0.0   0.0  290
 6.150  280.0 -90  36  54   1.563   0.0   0.0  285
 6.150  282.5 -90  36  54   1.563   0.0   0.0  285
 6.175  285.0  90  36  66  -1.563   0.0   0.0  289
 6.175  287.5  90  36  60  -1.563   0.0   0.0  289
 6.175  280.0 -90  36  48  -1.563   0.0   0.0  285
 6.175  282.5 -90  36  54   1.563   0.0   0.0  285
 6.200  285.0  90  36  63   1.563   0.0   0.0  290
 6.200  287.5  90  36  60  -1.563   0.0   0.0  290
 6.200  282.5 -90  33  51   1.563   0.0   0.0  286
 6.200  285.0 -90  33  42   1.563   0.0   0.0  286
 6.225  285.0  90  33  60  -1.563   0.0   0.0  291
 6.225  287.5  90  33  60  -1.563   0.0   0.0  292
 6.225  282.5 -90  33  42   1.563  90.0  30.0  286
 6.225  285.0 -90  33  45  -1.563   0.0   0.0  289
 6.250  285.0  90  36  60  -1.563   0.0   0.0  290
 6.250  287.5  90  36  63   1.563   0.0   0.0  290
 6.250  285.0 -90  36  45  -1.563   0.0   0.0  289
 6.275  285.0  90  36  60   1.563   0.0   0.0  291
 6.275  287.5  90  36  63  -1.563   0.0   0.0  291
 6.275  285.0 -90  36  48  -1.563   0.0   0.0  289
 6.300  285.0  90  36  60  -1.563   0.0   0.0  291
 6.300  287.5  90  36  63  -1.563   0.0   0.0  291
 6.300  290.0  90  36  45  -1.563   0.0   0.0  290
 6.300  285.0 -90  36  51   1.563   0.0   0.0  290
 6.300  287.5 -90  36  45   1.563   0.0   0.0  290
 6.325  285.0  90  36  57  -1.563   0.0   0.0  290
 6.325  287.5  90  36  63   1.563   0.0   0.0  290
 6.325  290.0  90  36  45   1.563   0.0   0.0  293
 6.325  285.0 -90  36  45   1.563   0.0   0.0  292
 6.325  287.5 -90  36  51   1.563   0.0   0.0  290
 6.325  290.0 -90  36  45  -1.563   0.0   0.0  291
 6.350  285.0  90  36  57  -1.563   0.0   0.0  291
 6.350  287.5  90  36  63  -1.563   0.0   0.0  291
 6.350  290.0  90  36  48  -1.563   0.0   0.0  291
 6.350  287.5 -90  36  51   1.563   0.0   0.0  291
 6.375  285.0  90  36  57  -1.563   0.0   0.0  292
 6.375  287.5  90  36  66  -1.563   0.0   0.0  292
 6.375  290.0  90  36  51  -1.563   0.0   0.0  293
 6.375  287.5 -90  36  54   1.563   0.0   0.0  293
 6.375  290.0 -90  36  51   1.563   0.0   0.0  293
 6.400  285.0  90  36  57   1.563   0.0   0.0  292
 6.400  287.5  90  36  69  -1.563   0.0   0.0  292
 6.400  290.0  90  36  57  -1.563   0.0   0.0  291
 6.400  287.5 -90  36  48   1.563   0.0   0.0  295
 6.400  290.0 -90  36  54   1.563   0.0   0.0  293
 6.425  285.0  90  36  54  -1.563   0.0   0.0  291
 6.425  287.5  90  36  69  -1.563   0.0   0.0  291
 6.425  290.0  90  36  57  -1.563   0.0   0.0  291
 6.425  287.5 -90  36  45   1.563   0.0   0.0  292
 6.425  290.0 -90  36  54   1.563   0.0   0.0  293
 6.450  285.0  90  36  51  -1.563   0.0   0.0  292
 6.450  287.5  90  36  69  -1.563   0.0   0.0  292
 6.450  290.0  90  36  60  -1.563   0.0   0.0  292
 6.450  287.5 -90  33  42   1.563   0.0   0.0  295
 6.450  290.0 -90  33  60   1.563   0.0   0.0  294
 6.450  292.5 -90  33  51   1.563   0.0   0.0  294
 6.450  567.5 -90  33  42   1.563   0.0   0.0  574
 6.475  285.0  90  36  51  -1.563   0.0   0.0  293
 6.475  287.5  90  36  69  -1.563   0.0   0.0  293
 6.475  290.0  90  36  63  -1.563   0.0   0.0  294
 6.475  290.0 -90  36  63   1.563   0.0   0.0  296
 6.475  292.5 -90  36  57   1.563   0.0   0.0  296
 6.500  285.0  90  36  48   1.563   0.0   0.0  292
 6.500  287.5  90  36  69  -1.563   0.0   0.0  293
 6.500  290.0  90  36  66   1.563   0.0   0.0  293
 6.500  290.0 -90  36  63   1.563   0.0   0.0  296
 6.500  292.5 -90  36  63   1.563   0.0   0.0  296
 6.525  285.0  90  72  81   1.563   0.0   0.0  291
 6.525  287.5  90  72 105  -1.563   0.0   0.0  292
 6.525  290.0  90  72 102   1.563   0.0   0.0  292
 6.525  290.0 -90  72  96   1.563   0.0   0.0  295
 6.525  292.5 -90  72 102   1.563   0.0   0.0  295
 6.525  295.0 -90  72  87   1.563   0.0   0.0  296
 6.550  287.5  90  69 102  -1.563   0.0   0.0  293
 6.550  290.0  90  69 102  -1.563   0.0   0.0  293
 6.550  290.0 -90  69  87  -1.563   0.0   0.0  296
 6.550  292.5 -90  69 102   1.563   0.0   0.0  297
 6.550  295.0 -90  69  93   1.563   0.0   0.0  297
 6.575  287.5  90  36  66  -1.563   0.0   0.0  294
 6.575  290.0  90  36  66  -1.563   0.0   0.0  294
 6.575  290.0 -90  33  48   1.563   0.0   0.0  297
 6.575  292.5 -90  33  66   1.563   0.0   0.0  298
 6.575  295.0 -90  33  60   1.563   0.0   0.0  298
 6.600  287.5  90  36  66   1.563   0.0   0.0  293
 6.600  290.0  90  36  69   1.563   0.0   0.0  293
 6.600  292.5  90  36  45  -1.563   0.0   0.0  293
 6.600  290.0 -90  36  45  -1.563   0.0   0.0  297
 6.600  292.5 -90  36  66   1.563   0.0   0.0  297
 6.600  295.0 -90  36  66   1.563   0.0   0.0  298
 6.625  287.5  90  36  63  -1.563   0.0   0.0  293
 6.625  290.0  90  36  69  -1.563   0.0   0.0  293
 6.625  292.5  90  36  48   1.563   0.0   0.0  294
 6.625  292.5 -90  36  63   1.563   0.0   0.0  298
 6.625  295.0 -90  36  66   1.563   0.0   0.0  298
 6.650  287.5  90  33  60  -1.563   0.0   0.0  294
 6.650  290.0  90  33  66  -1.563   0.0   0.0  294
 6.650  292.5  90  33  48  -1.563   0.0   0.0  293
 6.650  580.0  90  33  42   1.563   0.0   0.0  582
 6.650  292.5 -90  33  57   1.563   0.0   0.0  299
 6.650  295.0 -90  33  63   1.563   0.0   0.0  299
 6.650  297.5 -90  33  45  -1.563   0.0   0.0  298
 6.675  287.5  90  33  57  -1.563   0.0   0.0  294
 6.675  290.0  90  33  66  -1.563   0.0   0.0  294
 6.675  292.5  90  33  48   1.563   0.0   0.0  294
 6.675  292.5 -90  33  51   1.563   0.0   0.0  300
 6.675  295.0 -90  33  63   1.563   0.0   0.0  300
 6.675  297.5 -90  33  54   1.563   0.0   0.0  300
 6.700  287.5  90  36  54  -1.563   0.0   0.0  294
 6.700  290.0  90  36  66  -1.563   0.0   0.0  294
 6.700  292.5  90  36  51  -1.563   0.0   0.0  295
 6.700  292.5 -90  36  48   1.563   0.0   0.0  299
 6.700  295.0 -90  36  66   1.563   0.0   0.0  299
 6.700  297.5 -90  36  57   1.563   0.0   0.0  300
 6.725  287.5  90  36  54  -1.563   0.0   0.0  294
 6.725  290.0  90  36  69  -1.563   0.0   0.0  294
 6.725  292.5  90  36  57   1.563   0.0   0.0  294
 6.725  292.5 -90  36  51  -1.563   0.0   0.0  298
 6.725  295.0 -90  36  69   1.563   0.0   0.0  299
 6.725  297.5 -90  36  63  -1.563   0.0   0.0  300
 6.725  577.5 -90  36  48   1.563   0.0   0.0  580
 6.725  580.0 -90  36  51   1.563   0.0   0.0  584
 6.750  287.5  90  36  48  -1.563   0.0   0.0  295
 6.750  290.0  90  36  66  -1.563   0.0   0.0  295
 6.750  292.5  90  36  57  -1.563   0.0   0.0  295
 6.750  297.5  90  36  45   1.563   0.0   0.0  299
 6.750  295.0 -90  36  66   1.563   0.0   0.0  300
 6.750  297.5 -90  36  63  -1.563   0.0   0.0  300
 6.750  580.0 -90  36  48  -1.563   0.0   0.0  586
 6.750  582.5 -90  36  45  -1.563   0.0   0.0  586
 6.775  287.5  90  36  45  -1.563   0.0   0.0  296
 6.775  290.0  90  36  66  -1.563   0.0   0.0  296
 6.775  292.5  90  36  57  -1.563   0.0   0.0  296
 6.775  295.0 -90  36  63   1.563   0.0   0.0  301
 6.775  297.5 -90  36  63   1.563   0.0   0.0  302
 6.800  287.5  90  36  45  -1.563   0.0   0.0  291
 6.800  290.0  90  36  66  -1.563   0.0   0.0  295
 6.800  292.5  90  36  60   1.563   0.0   0.0  295
 6.800  295.0 -90  36  63   1.563   0.0   0.0  301
 6.800  297.5 -90  36  69   1.563   0.0   0.0  301
 6.800  300.0 -90  36  51   1.563   0.0   0.0  302
 6.825  290.0  90  36  66  -1.563   0.0   0.0  295
 6.825  292.5  90  36  63  -1.563   0.0   0.0  295
 6.825  295.0 -90  36  63   1.563   0.0   0.0  301
 6.825  297.5 -90  36  72   1.563   0.0   0.0  301
 6.825  300.0 -90  36  57   1.563   0.0   0.0  302
 6.850  290.0  90  36  66   1.563   0.0   0.0  295
 6.850  292.5  90  36  63  -1.563   0.0   0.0  296
 6.850  295.0 -90  36  57   1.563   0.0   0.0  302
 6.850  297.5 -90  36  72   1.563   0.0   0.0  302
 6.850  300.0 -90  36  63   1.563   0.0   0.0  302
 6.875  290.0  90  36  63  -1.563   0.0   0.0  297
 6.875  292.5  90  36  66  -1.563   0.0   0.0  297
 6.875  295.0  90  36  48  -1.563   0.0   0.0  297
 6.875  295.0 -90  36  54   1.563   0.0   0.0  303
 6.875  297.5 -90  36  72   1.563   0.0   0.0  303
 6.875  300.0 -90  36  66   1.563   0.0   0.0  304
 6.900  290.0  90  36  63  -1.563   0.0   0.0  296
 6.900  292.5  90  36  69  -1.563   0.0   0.0  296
 6.900  295.0  90  36  48   1.563   0.0   0.0  297
 6.900  595.0  90  36  48   1.563   0.0   0.0  599
 6.900  597.5  90  36  45  -1.563   0.0   0.0  601
 6.900  295.0 -90  36  48  -1.563   0.0   0.0  302
 6.900  297.5 -90  36  72   1.563   0.0   0.0  303
 6.900  300.0 -90  36  69   1.563   0.0   0.0  303
 6.925  290.0  90  39  63  -1.563   0.0   0.0  297
 6.925  292.5  90  39  72  -1.563   0.0   0.0  297
 6.925  295.0  90  39  57  -1.563   0.0   0.0  297
 6.925  592.5  90  39  48  -1.563   0.0   0.0  598
 6.925  295.0 -90  39  48  -1.563   0.0   0.0  302
 6.925  297.5 -90  39  69  -1.563   0.0   0.0  304
 6.925  300.0 -90  39  69   1.563   0.0   0.0  304
 6.950  290.0  90  39  63  -1.563   0.0   0.0  296
 6.950  292.5  90  39  72  -1.563   0.0   0.0  297
 6.950  295.0  90  39  57  -1.563   0.0   0.0  297
 6.950  592.5  90  39  51  -1.563   0.0   0.0  596
 6.950  595.0  90  39  48  -1.563   0.0   0.0  600
 6.950  297.5 -90  39  66   1.563   0.0   0.0  303
 6.950  300.0 -90  39  69   1.563   0.0   0.0  303
 6.975  290.0  90  39  57   1.563   0.0   0.0  298
 6.975  292.5  90  39  72  -1.563   0.0   0.0  297
 6.975  295.0  90  39  60   1.563   0.0   0.0  298
 6.975  592.5  90  39  51   1.563   0.0   0.0  599
 6.975  297.5 -90  39  63   1.563   0.0   0.0  304
 6.975  300.0 -90  39  72   1.563   0.0   0.0  304
 6.975  302.5 -90  39  54  -1.563   0.0   0.0  305
 7.000  290.0  90  39  57  -1.563   0.0   0.0  298
 7.000  292.5  90  39  72  -1.563   0.0   0.0  297
 7.000  295.0  90  39  63  -1.563   0.0   0.0  297
 7.000  592.5  90  39  48   1.563   0.0   0.0  599
 7.000  595.0  90  39  48  -1.563   0.0   0.0  599
 7.000  297.5 -90  39  63  -1.563   0.0   0.0  304
 7.000  300.0 -90  39  72   1.563   0.0   0.0  304
 7.000  302.5 -90  39  60   1.563   0.0   0.0  304
 7.025  290.0  90  78  93  -1.563 210.0  30.0  296
 7.025  292.5  90  78 111  -1.563   0.0   0.0  301
 7.025  295.0  90  78 105   1.563   0.0   0.0  302
 7.025  300.0  90  78  87   1.563  90.0  30.0  305
 7.025  595.0  90  78  93  -1.563   0.0   0.0  603
 7.025  597.5  90  78  90  -1.563   0.0   0.0  605
 7.025  297.5 -90  78  99  -1.563   0.0   0.0  309
 7.025  300.0 -90  78 111   1.563   0.0   0.0  308
 7.025  302.5 -90  78  99   1.563   0.0   0.0  308
 7.050  290.0  90  78  87   1.563   0.0   0.0  298
 7.050  292.5  90  78 111  -1.563   0.0   0.0  298
 7.050  295.0  90  78 108  -1.563   0.0   0.0  298
 7.050  595.0  90  78  87  -1.563   0.0   0.0  602
 7.050  597.5  90  78  93  -1.563   0.0   0.0  603
 7.050  297.5 -90  75  93  -1.563   0.0   0.0  304
 7.050  300.0 -90  75 111   1.563   0.0   0.0  305
 7.050  302.5 -90  75 102  -1.563   0.0   0.0  305
 7.075  290.0  90  75  84  -1.563   0.0   0.0  298
 7.075  292.5  90  75 108  -1.563   0.0   0.0  298
 7.075  295.0  90  75 108  -1.563   0.0   0.0  298
 7.075  297.5  90  75  87   1.563   0.0   0.0  297
 7.075  595.0  90  75  84  -1.563  30.0  30.0  603
 7.075  597.5  90  75  96  -1.563   0.0   0.0  602
 7.075  600.0  90  75  87  -1.563  30.0  30.0  603
 7.075  605.0  90  75  84  -1.563   0.0   0.0  610
 7.075 1155.0  90  75  87   1.563   0.0   0.0 1158
 7.075  297.5 -90  75  90  -1.563   0.0   0.0  304
 7.075  300.0 -90  75 108  -1.563   0.0   0.0  305
 7.075  302.5 -90  75 105  -1.563   0.0   0.0  305
 7.100  292.5  90  78 108   1.563   0.0   0.0  298
 7.100  295.0  90  78 111  -1.563   0.0   0.0  298
 7.100  297.5  90  78  90   1.563   0.0   0.0  300
 7.100  597.5  90  78  90  -1.563   0.0   0.0  602
 7.100  600.0  90  78  93  -1.563   0.0   0.0  604
 7.100  300.0 -90  78 108   1.563   0.0   0.0  305
 7.100  302.5 -90  78 105  -1.563   0.0   0.0  305
 7.125  272.5  90  78  87  -1.563   0.0   0.0  276
 7.125  277.5  90  78  87  -1.563   0.0   0.0  284
 7.125  282.5  90  78  87   1.563   0.0   0.0  287
 7.125  285.0  90  78  87  -1.563   0.0   0.0  290
 7.125  292.5  90  78 105  -1.563   0.0   0.0  298
 7.125  295.0  90  78 111  -1.563   0.0   0.0  298
 7.125  297.5  90  78  90  -1.563   0.0   0.0  299
 7.125  600.0  90  78  90  -1.563   0.0   0.0  605
 7.125  300.0 -90  78 105   1.563   0.0   0.0  306
 7.125  302.5 -90  78 105   1.563   0.0   0.0  305
 7.150  292.5  90  78 105  -1.563   0.0   0.0  299
 7.150  295.0  90  78 114  -1.563   0.0   0.0  299
 7.150  297.5  90  78  96  -1.563   0.0   0.0  298
 7.150  300.0 -90  75 102  -1.563   0.0   0.0  306
 7.150  302.5 -90  75 105  -1.563   0.0   0.0  306
 7.175  292.5  90  75 102   1.563   0.0   0.0  298
 7.175  295.0  90  75 114  -1.563   0.0   0.0  298
 7.175  297.5  90  75 102  -1.563   0.0   0.0  298
 7.175  595.0  90  75  84   1.563   0.0   0.0  598
 7.175  602.5  90  75  84  -1.563  30.0  30.0  607
 7.175 1157.5  90  75  84   1.563   0.0   0.0 1161
 7.175  300.0 -90  75  99  -1.563   0.0   0.0  305
 7.175  302.5 -90  75 105  -1.563   0.0   0.0  305
 7.175  305.0 -90  75  87  -1.563   0.0   0.0  306
 7.200  292.5  90  78 102  -1.563   0.0   0.0  299
 7.200  295.0  90  78 114  -1.563   0.0   0.0  299
 7.200  297.5  90  78 105   1.563   0.0   0.0  299
 7.200  602.5  90  78  87  -1.563   0.0   0.0  609
 7.200 1160.0  90  78  87   1.563   0.0   0.0 1164
 7.200  300.0 -90  78  96   1.563   0.0   0.0  306
 7.200  302.5 -90  78 108  -1.563   0.0   0.0  307
 7.200  305.0 -90  78  93  -1.563   0.0   0.0  306
 7.225  292.5  90  78  99  -1.563   0.0   0.0  300
 7.225  295.0  90  78 117  -1.563   0.0   0.0  300
 7.225  297.5  90  78 108  -1.563   0.0   0.0  300
 7.225  602.5  90  78  87  -1.563  30.0  30.0  610
 7.225  605.0  90  78  93  -1.563   0.0   0.0  610
 7.225 1160.0  90  78  90   1.563   0.0   0.0 1163
 7.225  300.0 -90  75  93  -1.563   0.0   0.0  308
 7.225  302.5 -90  75 105  -1.563   0.0   0.0  307
 7.225  305.0 -90  75  96  -1.563   0.0   0.0  307
 7.250  292.5  90  75  93  -1.563   0.0   0.0  300
 7.250  295.0  90  75 117  -1.563   0.0   0.0  300
 7.250  297.5  90  75 114  -1.563   0.0   0.0  300
 7.250  600.0  90  75  84  -1.563   0.0   0.0  604
 7.250  602.5  90  75  90  -1.563   0.0   0.0  607
 7.250  605.0  90  75  96  -1.563   0.0   0.0  611
 7.250  607.5  90  75  93  -1.563   0.0   0.0  612
 7.250 1160.0  90  75  84   1.563   0.0   0.0 1166
 7.250 1162.5  90  75  87   1.563   0.0   0.0 1166
 7.250  300.0 -90  78  87  -1.563   0.0   0.0  307
 7.250  302.5 -90  78 105  -1.563   0.0   0.0  307
 7.250  305.0 -90  78  99   1.563   0.0   0.0  307
 7.275  292.5  90  75  90  -1.563   0.0   0.0  300
 7.275  295.0  90  75 117  -1.563   0.0   0.0  300
 7.275  297.5  90  75 114  -1.563   0.0   0.0  300
 7.275  300.0  90  75  87   1.563   0.0   0.0  300
 7.275  605.0  90  75  90  -1.563   0.0   0.0  612
 7.275  607.5  90  75  93  -1.563   0.0   0.0  612
 7.275  615.0  90  75  84  -1.563   0.0   0.0  619
 7.275 1165.0  90  75  84   1.563   0.0   0.0 1167
 7.275 1185.0  90  75  84   1.563   0.0   0.0 1198
 7.275  300.0 -90  75  84  -1.563   0.0   0.0  309
 7.275  302.5 -90  75 105  -1.563   0.0   0.0  308
 7.275  305.0 -90  75 102  -1.563   0.0   0.0  308
 7.300  292.5  90  75  87  -1.563   0.0   0.0  302
 7.300  295.0  90  75 114  -1.563   0.0   0.0  301
 7.300  297.5  90  75 117  -1.563   0.0   0.0  301
 7.300  300.0  90  75  96  -1.563   0.0   0.0  301
 7.300  305.0  90  75  84  -1.563   0.0   0.0  311
 7.300  605.0  90  75  84  -1.563  90.0  30.0  606
 7.300  607.5  90  75  93  -1.563   0.0   0.0  612
 7.300  610.0  90  75  84  -1.563   0.0   0.0  612
 7.300 1162.5  90  75  84   1.563   0.0   0.0 1167
 7.300 1165.0  90  75  90   1.563   0.0   0.0 1168
 7.300  302.5 -90  75 102  -1.563   0.0   0.0  308
 7.300  305.0 -90  75 102  -1.563   0.0   0.0  308
 7.325  295.0  90  75 114  -1.563   0.0   0.0  302
 7.325  297.5  90  75 117  -1.563   0.0   0.0  302
 7.325  300.0  90  75  99   1.563   0.0   0.0  302
 7.325  587.5  90  75  84   1.563 210.0  30.0  591
 7.325  605.0  90  75  84  -1.563   0.0   0.0  609
 7.325  607.5  90  75  87  -1.563   0.0   0.0  617
 7.325  610.0  90  75  93  -1.563   0.0   0.0  615
 7.325  612.5  90  75  87  -1.563   0.0   0.0  617
 7.325 1162.5  90  75  87   1.563   0.0   0.0 1166
 7.325 1165.0  90  75  90   1.563   0.0   0.0 1167
 7.325  302.5 -90  75 102  -1.563   0.0   0.0  309
 7.325  305.0 -90  75 105  -1.563   0.0   0.0  309
 7.350  295.0  90  75 111   1.563   0.0   0.0  301
 7.350  297.5  90  75 120  -1.563   0.0   0.0  301
 7.350  300.0  90  75 105  -1.563   0.0   0.0  302
 7.350  597.5  90  75  84   1.563   0.0   0.0  603
 7.350  600.0  90  75  84  -1.563   0.0   0.0  604
 7.350  602.5  90  75  84  -1.563   0.0   0.0  607
 7.350  610.0  90  75  90  -1.563   0.0   0.0  617
 7.350  612.5  90  75  84  -1.563   0.0   0.0  614
 7.350 1167.5  90  75  87   1.563   0.0   0.0 1170
 7.350 1192.5  90  75  84   1.563   0.0   0.0 1197
 7.350 1195.0  90  75  87  -1.563   0.0   0.0 1200
 7.350  302.5 -90  75 102  -1.563   0.0   0.0  309
 7.350  305.0 -90  75 105  -1.563   0.0   0.0  309
 7.350  307.5 -90  75  84   1.563   0.0   0.0  308
 7.375  295.0  90  75 108   1.563   0.0   0.0  301
 7.375  297.5  90  75 120  -1.563   0.0   0.0  301
 7.375  300.0  90  75 108   1.563   0.0   0.0  302
 7.375  602.5  90  75  84  -1.563   0.0   0.0  608
 7.375  610.0  90  75  90  -1.563   0.0   0.0  616
 7.375  612.5  90  75  90  -1.563   0.0   0.0  617
 7.375  615.0  90  75  84  -1.563   0.0   0.0  621
 7.375 1167.5  90  75  87   1.563   0.0   0.0 1170
 7.375 1170.0  90  75  84   1.563   0.0   0.0 1172
 7.375 1197.5  90  75  87   1.563   0.0   0.0 1201
 7.375  302.5 -90  75 102  -1.563   0.0   0.0  309
 7.375  305.0 -90  75 108  -1.563   0.0   0.0  308
 7.375  307.5 -90  75  87   1.563   0.0   0.0  308
 7.400  295.0  90  75 102   1.563   0.0   0.0  302
 7.400  297.5  90  75 120  -1.563   0.0   0.0  302
 7.400  300.0  90  75 111  -1.563   0.0   0.0  302
 7.400  610.0  90  75  90  -1.563   0.0   0.0  616
 7.400  612.5  90  75  93  -1.563   0.0   0.0  617
 7.400 1170.0  90  75  93   1.563   0.0   0.0 1173
 7.400 1172.5  90  75  87   1.563   0.0   0.0 1174
 7.400 1182.5  90  75  84   1.563   0.0   0.0 1186
 7.400 1185.0  90  75  84   1.563   0.0   0.0 1189
 7.400 1197.5  90  75  84  -1.563   0.0   0.0 1201
 7.400  302.5 -90  75  99  -1.563   0.0   0.0  309
 7.400  305.0 -90  75 108  -1.563   0.0   0.0  309
 7.400  307.5 -90  75  93   1.563   0.0   0.0  309
 7.400  605.0 -90  75  84  -1.563  30.0  30.0  612
 7.425  295.0  90  39  63  -1.563   0.0   0.0  302
 7.425  297.5  90  39  81   1.563   0.0   0.0  302
 7.425  300.0  90  39  78  -1.563   0.0   0.0  302
 7.425  302.5  90  39  48   1.563   0.0   0.0  303
 7.425  307.5  90  39  48  -1.563   0.0   0.0  314
 7.425  600.0  90  39  48   1.563 150.0  30.0  601
 7.425  605.0  90  39  54  -1.563   0.0   0.0  610
 7.425  607.5  90  39  54  -1.563   0.0   0.0  611
 7.425  610.0  90  39  51  -1.563   0.0   0.0  614
 7.425  612.5  90  39  57  -1.563   0.0   0.0  618
 7.425  615.0  90  39  54  -1.563   0.0   0.0  618
 7.425  617.5  90  39  48  -1.563 210.0  30.0  622
 7.425 1170.0  90  39  57   1.563   0.0   0.0 1174
 7.425 1172.5  90  39  57   1.563   0.0   0.0 1175
 7.425 1180.0  90  39  48   1.563   0.0   0.0 1183
 7.425 1200.0  90  39  48   1.563   0.0   0.0 1204
 7.425  302.5 -90  39  60  -1.563   0.0   0.0  310
 7.425  305.0 -90  39  72  -1.563   0.0   0.0  309
 7.425  307.5 -90  39  60  -1.563   0.0   0.0  309
 7.425  605.0 -90  39  51  -1.563  30.0  30.0  610
 7.450  295.0  90  39  57   1.563   0.0   0.0  302
 7.450  297.5  90  39  81   1.563   0.0   0.0  303
 7.450  300.0  90  39  78  -1.563   0.0   0.0  303
 7.450  302.5  90  39  48   1.563   0.0   0.0  303
 7.450  605.0  90  39  51  -1.563   0.0   0.0  612
 7.450  607.5  90  39  51  -1.563   0.0   0.0  610
 7.450  610.0  90  39  51   1.563   0.0   0.0  614
 7.450  612.5  90  39  54  -1.563   0.0   0.0  620
 7.450  615.0  90  39  60  -1.563   0.0   0.0  619
 7.450 1170.0  90  39  48   1.563   0.0   0.0 1175
 7.450 1172.5  90  39  57   1.563   0.0   0.0 1176
 7.450 1175.0  90  39  51   1.563   0.0   0.0 1177
 7.450 1197.5  90  39  51   1.563   0.0   0.0 1200
 7.450 1200.0  90  39  48   1.563   0.0   0.0 1203
 7.450 1202.5  90  39  51   1.563   0.0   0.0 1210
 7.450  302.5 -90  39  60  -1.563   0.0   0.0  310
 7.450  305.0 -90  39  72  -1.563   0.0   0.0  309
 7.450  307.5 -90  39  63  -1.563   0.0   0.0  310
 7.450  602.5 -90  39  48  -1.563   0.0   0.0  607
 7.450  605.0 -90  39  54  -1.563 210.0  30.0  611
 7.450  607.5 -90  39  51   1.563  30.0  30.0  613
 7.475  295.0  90  75  87   1.563   0.0   0.0  302
 7.475  297.5  90  75 114   1.563   0.0   0.0  303
 7.475  300.0  90  75 114   1.563   0.0   0.0  303
 7.475  302.5  90  75  90  -1.563   0.0   0.0  303
 7.475  605.0  90  75  87  -1.563   0.0   0.0  610
 7.475  607.5  90  75  87  -1.563   0.0   0.0  612
 7.475  610.0  90  75  84  -1.563   0.0   0.0  615
 7.475  612.5  90  75  84  -1.563   0.0   0.0  619
 7.475  615.0  90  75  93  -1.563   0.0   0.0  621
 7.475  617.5  90  75  90  -1.563 150.0  30.0  620
 7.475  620.0  90  75  84  -1.563   0.0   0.0  623
 7.475 1175.0  90  75  87   1.563   0.0   0.0 1178
 7.475 1177.5  90  75  84   1.563   0.0   0.0 1179
 7.475 1195.0  90  75  84   1.563 330.0  30.0 1189
 7.475 1200.0  90  75  84  -1.563   0.0   0.0 1203
 7.475 1205.0  90  75  84   1.563   0.0   0.0 1207
 7.475  302.5 -90  75  93  -1.563   0.0   0.0  309
 7.475  305.0 -90  75 108  -1.563   0.0   0.0  309
 7.475  307.5 -90  75 102  -1.563   0.0   0.0  309
 7.475  602.5 -90  75  84   1.563   0.0   0.0  604
 7.475  605.0 -90  75  87   1.563 210.0  30.0  612
 7.475  607.5 -90  75  87  -1.563 210.0  30.0  610
 7.500  297.5  90  75 111   1.563   0.0   0.0  303
 7.500  300.0  90  75 117   1.563   0.0   0.0  304
 7.500  302.5  90  75  96  -1.563   0.0   0.0  304
 7.500  607.5  90  75  84   1.563   0.0   0.0  610
 7.500  615.0  90  75  87  -1.563   0.0   0.0  622
 7.500  617.5  90  75  90  -1.563   0.0   0.0  622
 7.500  620.0  90  75  84  -1.563 210.0  30.0  624
 7.500  622.5  90  75  84  -1.563   0.0   0.0  626
 7.500 1175.0  90  75  90   1.563   0.0   0.0 1180
 7.500 1177.5  90  75  87   1.563   0.0   0.0 1179
 7.500 1202.5  90  75  84  -1.563   0.0   0.0 1207
 7.500  302.5 -90  75  90  -1.563   0.0   0.0  311
 7.500  305.0 -90  75 108  -1.563   0.0   0.0  310
 7.500  307.5 -90  75 102  -1.563   0.0   0.0  310
 7.500  607.5 -90  75  84  -1.563   0.0   0.0  613
 7.525  297.5  90  39  72   1.563   0.0   0.0  304
 7.525  300.0  90  39  81   1.563   0.0   0.0  304
 7.525  302.5  90  39  66   1.563   0.0   0.0  304
 7.525  592.5  90  39  48  -1.563   0.0   0.0  596
 7.525  597.5  90  39  48   1.563   0.0   0.0  600
 7.525  607.5  90  39  48   1.563  90.0  30.0  609
 7.525  610.0  90  39  48   1.563 150.0  30.0  613
 7.525  615.0  90  39  48  -1.563   0.0   0.0  618
 7.525  617.5  90  39  54  -1.563   0.0   0.0  625
 7.525  620.0  90  39  51  -1.563   0.0   0.0  623
 7.525 1175.0  90  39  51   1.563   0.0   0.0 1181
 7.525 1177.5  90  39  54   1.563   0.0   0.0 1182
 7.525 1205.0  90  39  48  -1.563   0.0   0.0 1208
 7.525  302.5 -90  39  48   1.563   0.0   0.0  311
 7.525  305.0 -90  39  72  -1.563   0.0   0.0  310
 7.525  307.5 -90  39  69  -1.563   0.0   0.0  310
 7.550  297.5  90  42  66   1.563   0.0   0.0  304
 7.550  300.0  90  42  81   1.563   0.0   0.0  304
 7.550  302.5  90  42  72   1.563   0.0   0.0  304
 7.550  600.0  90  42  51   1.563  90.0  30.0  604
 7.550  602.5  90  42  51   1.563  90.0  30.0  606
 7.550  610.0  90  42  51  -1.563   0.0   0.0  616
 7.550  617.5  90  42  54  -1.563   0.0   0.0  623
 7.550  620.0  90  42  57  -1.563   0.0   0.0  624
 7.550 1177.5  90  42  51   1.563   0.0   0.0 1180
 7.550  305.0 -90  39  72  -1.563   0.0   0.0  311
 7.550  307.5 -90  39  69  -1.563   0.0   0.0  311
 7.550  607.5 -90  39  51  -1.563   0.0   0.0  612
 7.550  610.0 -90  39  48  -1.563   0.0   0.0  617
 7.575  297.5  90  39  63   1.563   0.0   0.0  304
 7.575  300.0  90  39  78   1.563   0.0   0.0  305
 7.575  302.5  90  39  72   1.563   0.0   0.0  305
 7.575  600.0  90  39  48   1.563 270.0  30.0  604
 7.575  610.0  90  39  51   1.563   0.0   0.0  616
 7.575  612.5  90  39  57  -1.563   0.0   0.0  616
 7.575  615.0  90  39  48  -1.563   0.0   0.0  615
 7.575  617.5  90  39  51  -1.563   0.0   0.0  622
 7.575  620.0  90  39  54  -1.563   0.0   0.0  625
 7.575  622.5  90  39  48  -1.563  30.0  30.0  626
 7.575 1177.5  90  39  54   1.563   0.0   0.0 1182
 7.575 1180.0  90  39  57   1.563   0.0   0.0 1183
 7.575 1182.5  90  39  54   1.563   0.0   0.0 1185
 7.575  305.0 -90  39  69  -1.563   0.0   0.0  311
 7.575  307.5 -90  39  72  -1.563   0.0   0.0  311
 7.575  310.0 -90  39  48  -1.563   0.0   0.0  309
 7.575  312.5 -90  39  48   1.563 330.0  30.0  311
 7.575  607.5 -90  39  48  -1.563   0.0   0.0  615
 7.575  610.0 -90  39  51  -1.563   0.0   0.0  614
 7.600  297.5  90  39  54  -1.563   0.0   0.0  305
 7.600  300.0  90  39  78   1.563   0.0   0.0  305
 7.600  302.5  90  39  75  -1.563   0.0   0.0  305
 7.600  305.0  90  39  48  -1.563   0.0   0.0  308
 7.600  607.5  90  39  48  -1.563   0.0   0.0  617
 7.600  610.0  90  39  51  -1.563   0.0   0.0  615
 7.600  612.5  90  39  48   1.563   0.0   0.0  619
 7.600  615.0  90  39  54  -1.563   0.0   0.0  619
 7.600  617.5  90  39  51  -1.563   0.0   0.0  618
 7.600  620.0  90  39  54  -1.563   0.0   0.0  625
 7.600  622.5  90  39  51  -1.563   0.0   0.0  630
 7.600 1180.0  90  39  57   1.563   0.0   0.0 1183
 7.600 1182.5  90  39  57   1.563   0.0   0.0 1184
 7.600  305.0 -90  39  69  -1.563   0.0   0.0  311
 7.600  307.5 -90  39  72  -1.563   0.0   0.0  311
 7.600  310.0 -90  39  51  -1.563   0.0   0.0  311
 7.600  610.0 -90  39  51  -1.563   0.0   0.0  615
 7.625  300.0  90  42  75   1.563   0.0   0.0  306
 7.625  302.5  90  42  75   1.563   0.0   0.0  306
 7.625  305.0  90  42  51  -1.563   0.0   0.0  305
 7.625  612.5  90  42  54   1.563   0.0   0.0  618
 7.625  615.0  90  42  57  -1.563   0.0   0.0  620
 7.625  617.5  90  42  51  -1.563   0.0   0.0  624
 7.625  622.5  90  42  51   1.563 330.0  30.0  620
 7.625 1180.0  90  42  51   1.563   0.0   0.0 1184
 7.625 1182.5  90  42  57   1.563   0.0   0.0 1186
 7.625 1185.0  90  42  51   1.563   0.0   0.0 1188
 7.625  305.0 -90  42  69  -1.563   0.0   0.0  311
 7.625  307.5 -90  42  72  -1.563   0.0   0.0  312
 7.625  310.0 -90  42  54  -1.563   0.0   0.0  311
 7.625  605.0 -90  42  51  -1.563   0.0   0.0  609
 7.625  610.0 -90  42  51  -1.563   0.0   0.0  615
 7.650  300.0  90  42  72   1.563   0.0   0.0  306
 7.650  302.5  90  42  78   1.563   0.0   0.0  306
 7.650  305.0  90  42  57   1.563   0.0   0.0  306
 7.650  595.0  90  42  51  -1.563   0.0   0.0  598
 7.650  610.0  90  42  51   1.563   0.0   0.0  616
 7.650  612.5  90  42  51   1.563   0.0   0.0  618
 7.650  622.5  90  42  57  -1.563  30.0  30.0  630
 7.650  625.0  90  42  54  -1.563   0.0   0.0  630
 7.650  627.5  90  42  51  -1.563   0.0   0.0  630
 7.650 1182.5  90  42  51   1.563   0.0   0.0 1186
 7.650 1185.0  90  42  57   1.563   0.0   0.0 1188
 7.650 1215.0  90  42  51   1.563   0.0   0.0 1218
 7.650  305.0 -90  42  66  -1.563   0.0   0.0  311
 7.650  307.5 -90  42  72  -1.563   0.0   0.0  311
 7.650  310.0 -90  42  54   1.563   0.0   0.0  311
 7.675  300.0  90  39  69   1.563   0.0   0.0  306
 7.675  302.5  90  39  78   1.563   0.0   0.0  306
 7.675  305.0  90  39  66  -1.563   0.0   0.0  306
 7.675  592.5  90  39  51   1.563   0.0   0.0  597
 7.675  595.0  90  39  54   1.563  30.0  30.0  595
 7.675  607.5  90  39  48  -1.563   0.0   0.0  612
 7.675  615.0  90  39  51  -1.563  30.0  30.0  621
 7.675  617.5  90  39  48  -1.563  30.0  30.0  619
 7.675  620.0  90  39  48   1.563   0.0   0.0  622
 7.675  622.5  90  39  54  -1.563   0.0   0.0  629
 7.675  625.0  90  39  60  -1.563   0.0   0.0  630
 7.675  627.5  90  39  48  -1.563  30.0  30.0  628
 7.675 1185.0  90  39  51   1.563   0.0   0.0 1190
 7.675 1187.5  90  39  57   1.563   0.0   0.0 1190
 7.675 1190.0  90  39  51   1.563   0.0   0.0 1192
 7.675 1202.5  90  39  48  -1.563   0.0   0.0 1206
 7.675  305.0 -90  39  63  -1.563   0.0   0.0  312
 7.675  307.5 -90  39  75  -1.563   0.0   0.0  312
 7.675  310.0 -90  39  60  -1.563   0.0   0.0  311
 7.700  300.0  90  39  63   1.563   0.0   0.0  307
 7.700  302.5  90  39  78   1.563   0.0   0.0  307
 7.700  305.0  90  39  69   1.563   0.0   0.0  307
 7.700  595.0  90  39  48  -1.563   0.0   0.0  600
 7.700  610.0  90  39  48  -1.563   0.0   0.0  616
 7.700  612.5  90  39  48  -1.563   0.0   0.0  621
 7.700  615.0  90  39  63  -1.563   0.0   0.0  620
 7.700  617.5  90  39  57  -1.563   0.0   0.0  620
 7.700  625.0  90  39  60  -1.563   0.0   0.0  631
 7.700  627.5  90  39  54  -1.563   0.0   0.0  631
 7.700 1187.5  90  39  54   1.563   0.0   0.0 1192
 7.700 1190.0  90  39  60   1.563   0.0   0.0 1193
 7.700 1192.5  90  39  48   1.563   0.0   0.0 1196
 7.700  305.0 -90  39  60  -1.563   0.0   0.0  312
 7.700  307.5 -90  39  75  -1.563   0.0   0.0  312
 7.700  310.0 -90  39  63  -1.563   0.0   0.0  312
 7.725  300.0  90  42  57  -1.563   0.0   0.0  306
 7.725  302.5  90  42  78   1.563   0.0   0.0  307
 7.725  305.0  90  42  72   1.563   0.0   0.0  307
 7.725  602.5  90  42  51   1.563  30.0  30.0  607
 7.725  612.5  90  42  51  -1.563   0.0   0.0  618
 7.725  615.0  90  42  66  -1.563   0.0   0.0  620
 7.725  617.5  90  42  57  -1.563   0.0   0.0  620
 7.725  620.0  90  42  51  -1.563   0.0   0.0  622
 7.725  622.5  90  42  51  -1.563   0.0   0.0  626
 7.725  625.0  90  42  57  -1.563   0.0   0.0  632
 7.725  627.5  90  42  63  -1.563   0.0   0.0  632
 7.725  630.0  90  42  54  -1.563   0.0   0.0  633
 7.725 1187.5  90  42  51   1.563   0.0   0.0 1191
 7.725 1190.0  90  42  63   1.563   0.0   0.0 1193
 7.725 1192.5  90  42  60   1.563   0.0   0.0 1194
 7.725 1195.0  90  42  51   1.563   0.0   0.0 1194
 7.725  305.0 -90  39  60  -1.563   0.0   0.0  311
 7.725  307.5 -90  39  75  -1.563   0.0   0.0  312
 7.725  310.0 -90  39  66  -1.563   0.0   0.0  312
 7.750  300.0  90  39  48   1.563   0.0   0.0  307
 7.750  302.5  90  39  75   1.563   0.0   0.0  308
 7.750  305.0  90  39  75   1.563   0.0   0.0  308
 7.750  307.5  90  39  51   1.563   0.0   0.0  310
 7.750  597.5  90  39  48  -1.563   0.0   0.0  605
 7.750  605.0  90  39  51   1.563   0.0   0.0  608
 7.750  612.5  90  39  48   1.563   0.0   0.0  617
 7.750  615.0  90  39  57  -1.563   0.0   0.0  622
 7.750  617.5  90  39  63  -1.563   0.0   0.0  622
 7.750  620.0  90  39  48   1.563   0.0   0.0  619
 7.750  622.5  90  39  51  -1.563   0.0   0.0  624
 7.750  625.0  90  39  54  -1.563   0.0   0.0  631
 7.750  627.5  90  39  63  -1.563   0.0   0.0  633
 7.750  630.0  90  39  57  -1.563   0.0   0.0  633
 7.750 1190.0  90  39  51   1.563   0.0   0.0 1194
 7.750 1192.5  90  39  63   1.563   0.0   0.0 1196
 7.750 1195.0  90  39  57   1.563   0.0   0.0 1197
 7.750 1205.0  90  39  48   1.563   0.0   0.0 1202
 7.750 1220.0  90  39  48   1.563   0.0   0.0 1225
 7.750 1222.5  90  39  48   1.563   0.0   0.0 1228
 7.750 1225.0  90  39  48   1.563   0.0   0.0 1228
 7.750  305.0 -90  39  57   1.563   0.0   0.0  312
 7.750  307.5 -90  39  75  -1.563   0.0   0.0  312
 7.750  310.0 -90  39  69  -1.563   0.0   0.0  312
 7.750  607.5 -90  39  48  -1.563  30.0  30.0  612
 7.775  300.0  90  39  48   1.563   0.0   0.0  306
 7.775  302.5  90  39  72   1.563   0.0   0.0  309
 7.775  305.0  90  39  75  -1.563   0.0   0.0  309
 7.775  307.5  90  39  54  -1.563   0.0   0.0  308
 7.775  610.0  90  39  48  -1.563   0.0   0.0  614
 7.775  612.5  90  39  48   1.563   0.0   0.0  619
 7.775  615.0  90  39  54   1.563   0.0   0.0  622
 7.775  617.5  90  39  63  -1.563   0.0   0.0  623
 7.775  620.0  90  39  63  -1.563   0.0   0.0  624
 7.775  622.5  90  39  48  -1.563   0.0   0.0  626
 7.775  627.5  90  39  54  -1.563   0.0   0.0  635
 7.775  630.0  90  39  60  -1.563   0.0   0.0  635
 7.775 1192.5  90  39  57   1.563   0.0   0.0 1198
 7.775 1195.0  90  39  63   1.563   0.0   0.0 1198
 7.775 1197.5  90  39  48   1.563 210.0  30.0 1200
 7.775 1205.0  90  39  48   1.563   0.0   0.0 1208
 7.775 1207.5  90  39  48   1.563   0.0   0.0 1210
 7.775  305.0 -90  39  54  -1.563   0.0   0.0  311
 7.775  307.5 -90  39  75  -1.563   0.0   0.0  313
 7.775  310.0 -90  39  69  -1.563   0.0   0.0  313
 7.775  610.0 -90  39  48   1.563  30.0  30.0  610
 7.800  302.5  90  42  69   1.563   0.0   0.0  309
 7.800  305.0  90  42  78   1.563   0.0   0.0  309
 7.800  307.5  90  42  60   1.563   0.0   0.0  309
 7.800  617.5  90  42  54   1.563   0.0   0.0  624
 7.800  620.0  90  42  63  -1.563   0.0   0.0  625
 7.800  622.5  90  42  54  -1.563   0.0   0.0  625
 7.800  630.0  90  42  57  -1.563   0.0   0.0  635
 7.800  632.5  90  42  51  -1.563   0.0   0.0  635
 7.800 1195.0  90  42  63   1.563   0.0   0.0 1199
 7.800 1197.5  90  42  63   1.563   0.0   0.0 1200
 7.800 1200.0  90  42  54   1.563   0.0   0.0 1202
 7.800  305.0 -90  39  51  -1.563   0.0   0.0  313
 7.800  307.5 -90  39  75  -1.563   0.0   0.0  313
 7.800  310.0 -90  39  72  -1.563   0.0   0.0  313
 7.800  617.5 -90  39  48  -1.563   0.0   0.0  622
 7.800  620.0 -90  39  48  -1.563   0.0   0.0  624
 7.825  302.5  90  78 102   1.563   0.0   0.0  308
 7.825  305.0  90  78 114   1.563   0.0   0.0  309
 7.825  307.5  90  78 102   1.563   0.0   0.0  309
 7.825  607.5  90  78  87  -1.563   0.0   0.0  611
 7.825  617.5  90  78  96  -1.563   0.0   0.0  623
 7.825  620.0  90  78 102  -1.563   0.0   0.0  624
 7.825  622.5  90  78  93   1.563   0.0   0.0  624
 7.825  625.0  90  78  87  -1.563   0.0   0.0  626
 7.825  630.0  90  78  90  -1.563   0.0   0.0  636
 7.825  632.5  90  78  90  -1.563   0.0   0.0  636
 7.825 1195.0  90  78  93   1.563   0.0   0.0 1199
 7.825 1197.5  90  78 105   1.563   0.0   0.0 1200
 7.825 1200.0  90  78  99   1.563   0.0   0.0 1202
 7.825 1207.5  90  78  87   1.563   0.0   0.0 1211
 7.825  307.5 -90  75 108  -1.563   0.0   0.0  313
 7.825  310.0 -90  75 108  -1.563   0.0   0.0  313
 7.825  312.5 -90  75  84   1.563   0.0   0.0  312
 7.825  607.5 -90  75  84  -1.563 210.0  30.0  613
 7.850  302.5  90  78  93   1.563   0.0   0.0  309
 7.850  305.0  90  78 111   1.563   0.0   0.0  310
 7.850  307.5  90  78 105   1.563   0.0   0.0  310
 7.850  310.0  90  78  87  -1.563   0.0   0.0  307
 7.850  600.0  90  78  87   1.563 210.0  30.0  604
 7.850  615.0  90  78  87  -1.563   0.0   0.0  623
 7.850  617.5  90  78  93   1.563   0.0   0.0  621
 7.850  620.0  90  78 105  -1.563   0.0   0.0  625
 7.850  622.5  90  78 102  -1.563   0.0   0.0  626
 7.850  625.0  90  78  90  -1.563   0.0   0.0  627
 7.850  627.5  90  78  87  -1.563   0.0   0.0  628
 7.850  630.0  90  78  87  -1.563   0.0   0.0  640
 7.850  632.5  90  78  93  -1.563 210.0  30.0  637
 7.850  635.0  90  78  90  -1.563 210.0  30.0  638
 7.850  890.0  90  78  87   1.563   0.0   0.0  879
 7.850  932.5  90  78  87  -1.563   0.0   0.0  943
 7.850  935.0  90  78  87  -1.563   0.0   0.0  944
 7.850  937.5  90  78  87  -1.563   0.0   0.0  945
 7.850 1195.0  90  78  87   1.563   0.0   0.0 1200
 7.850 1197.5  90  78  96   1.563   0.0   0.0 1200
 7.850 1200.0  90  78 102   1.563   0.0   0.0 1203
 7.850 1202.5  90  78  93   1.563   0.0   0.0 1204
 7.850 1205.0  90  78  87  -1.563   0.0   0.0 1203
 7.850 1210.0  90  78  87   1.563   0.0   0.0 1212
 7.850  307.5 -90  78 108  -1.563   0.0   0.0  314
 7.850  310.0 -90  78 111  -1.563   0.0   0.0  314
 7.850  312.5 -90  78  87   1.563   0.0   0.0  313
 7.875  300.0  90  78  87   1.563   0.0   0.0  304
 7.875  305.0  90  78 111   1.563   0.0   0.0  310
 7.875  307.5  90  78 108   1.563   0.0   0.0  310
 7.875  310.0  90  78  90  -1.563   0.0   0.0  313
 7.875  615.0  90  78  87   1.563   0.0   0.0  621
 7.875  617.5  90  78  87  -1.563   0.0   0.0  626
 7.875  620.0  90  78  99  -1.563   0.0   0.0  626
 7.875  622.5  90  78 102  -1.563   0.0   0.0  626
 7.875  625.0  90  78  93  -1.563   0.0   0.0  628
 7.875  632.5  90  78  93  -1.563 210.0  30.0  639
 7.875  635.0  90  78  87  -1.563 210.0  30.0  639
 7.875  885.0  90  78  87   1.563   0.0   0.0  886
 7.875  887.5  90  78  87   1.563   0.0   0.0  889
 7.875  937.5  90  78  87  -1.563   0.0   0.0  943
 7.875  940.0  90  78  87  -1.563   0.0   0.0  947
 7.875  942.5  90  78  87  -1.563   0.0   0.0  946
 7.875 1200.0  90  78  99   1.563   0.0   0.0 1204
 7.875 1202.5  90  78 102   1.563   0.0   0.0 1205
 7.875 1205.0  90  78  93   1.563   0.0   0.0 1208
 7.875 1207.5  90  78  90   1.563   0.0   0.0 1209
 7.875 1230.0  90  78  87   1.563   0.0   0.0 1239
 7.875  307.5 -90  75 105  -1.563   0.0   0.0  314
 7.875  310.0 -90  75 111  -1.563   0.0   0.0  314
 7.875  312.5 -90  75  93  -1.563   0.0   0.0  314
 7.900  302.5  90  75  84   1.563   0.0   0.0  308
 7.900  305.0  90  75 108   1.563   0.0   0.0  311
 7.900  307.5  90  75 111   1.563   0.0   0.0  311
 7.900  310.0  90  75  87   1.563   0.0   0.0  311
 7.900  610.0  90  75  84   1.563  90.0  30.0  615
 7.900  617.5  90  75  87  -1.563   0.0   0.0  623
 7.900  620.0  90  75  90   1.563   0.0   0.0  628
 7.900  622.5  90  75  93   1.563   0.0   0.0  630
 7.900  625.0  90  75  84   1.563   0.0   0.0  634
 7.900  627.5  90  75  87   1.563   0.0   0.0  631
 7.900  632.5  90  75  90  -1.563   0.0   0.0  637
 7.900  635.0  90  75  87  -1.563   0.0   0.0  639
 7.900  637.5  90  75  84  -1.563   0.0   0.0  642
 7.900 1200.0  90  75  87   1.563   0.0   0.0 1203
 7.900 1202.5  90  75 102   1.563   0.0   0.0 1206
 7.900 1205.0  90  75 102   1.563   0.0   0.0 1207
 7.900 1210.0  90  75  84   1.563   0.0   0.0 1216
 7.900 1212.5  90  75  87   1.563   0.0   0.0 1214
 7.900 1215.0  90  75  84   1.563   0.0   0.0 1218
 7.900 1222.5  90  75  87   1.563   0.0   0.0 1224
 7.900 1225.0  90  75  84   1.563   0.0   0.0 1223
 7.900 1230.0  90  75  84   1.563   0.0   0.0 1234
 7.900  307.5 -90  75 102  -1.563   0.0   0.0  314
 7.900  310.0 -90  75 111  -1.563   0.0   0.0  314
 7.900  312.5 -90  75  96  -1.563   0.0   0.0  314
 7.925  305.0  90  75 105   1.563   0.0   0.0  310
 7.925  307.5  90  75 111   1.563   0.0   0.0  311
 7.925  310.0  90  75  90  -1.563   0.0   0.0  311
 7.925  617.5  90  75  84   1.563   0.0   0.0  620
 7.925  620.0  90  75  96   1.563   0.0   0.0  625
 7.925  622.5  90  75  99  -1.563   0.0   0.0  627
 7.925  625.0  90  75  96  -1.563   0.0   0.0  627
 7.925  635.0  90  75  90  -1.563   0.0   0.0  639
 7.925  637.5  90  75  90  -1.563  30.0  30.0  641
 7.925  690.0  90  75  84  -1.563   0.0   0.0  700
 7.925  825.0  90  75  84   1.563   0.0   0.0  821
 7.925 1202.5  90  75  90   1.563   0.0   0.0 1206
 7.925 1205.0  90  75  99   1.563   0.0   0.0 1208
 7.925 1207.5  90  75  99   1.563   0.0   0.0 1210
 7.925 1210.0  90  75  90   1.563   0.0   0.0 1212
 7.925 1212.5  90  75  87   1.563   0.0   0.0 1213
 7.925 1220.0  90  75  84   1.563   0.0   0.0 1221
 7.925 1227.5  90  75  84   1.563   0.0   0.0 1227
 7.925 1232.5  90  75  84   1.563   0.0   0.0 1236
 7.925  307.5 -90  75  99  -1.563   0.0   0.0  314
 7.925  310.0 -90  75 111  -1.563   0.0   0.0  314
 7.925  312.5 -90  75  99  -1.563   0.0   0.0  314
 7.925  607.5 -90  75  84  -1.563   0.0   0.0  610
 7.950  305.0  90  78  96   1.563   0.0   0.0  312
 7.950  307.5  90  78 108   1.563   0.0   0.0  311
 7.950  310.0  90  78  93   1.563   0.0   0.0  311
 7.950  620.0  90  78  96  -1.563   0.0   0.0  626
 7.950  622.5  90  78 105   1.563   0.0   0.0  627
 7.950  625.0  90  78  96  -1.563   0.0   0.0  629
 7.950  630.0  90  78  87  -1.563   0.0   0.0  638
 7.950  635.0  90  78  90  -1.563   0.0   0.0  640
 7.950  637.5  90  78  90  -1.563   0.0   0.0  645
 7.950  640.0  90  78  87  -1.563   0.0   0.0  644
 7.950  940.0  90  78  87  -1.563   0.0   0.0  942
 7.950 1205.0  90  78  87   1.563   0.0   0.0 1209
 7.950 1207.5  90  78  99   1.563   0.0   0.0 1210
 7.950 1210.0  90  78  96   1.563   0.0   0.0 1212
 7.950 1215.0  90  78  87   1.563   0.0   0.0 1218
 7.950  307.5 -90  75  96  -1.563   0.0   0.0  314
 7.950  310.0 -90  75 111  -1.563   0.0   0.0  315
 7.950  312.5 -90  75 102  -1.563   0.0   0.0  315
 7.975  305.0  90  75  93  -1.563   0.0   0.0  311
 7.975  307.5  90  75 108   1.563   0.0   0.0  312
 7.975  310.0  90  75  99   1.563   0.0   0.0  312
 7.975  617.5  90  75  84   1.563   0.0   0.0  623
 7.975  620.0  90  75  93   1.563   0.0   0.0  627
 7.975  622.5  90  75 102   1.563   0.0   0.0  627
 7.975  625.0  90  75  90   1.563   0.0   0.0  630
 7.975  627.5  90  75  96  -1.563   0.0   0.0  632
 7.975  630.0  90  75  99  -1.563   0.0   0.0  635
 7.975  632.5  90  75  96  -1.563   0.0   0.0  636
 7.975  635.0  90  75  90  -1.563   0.0   0.0  639
 7.975  637.5  90  75  96  -1.563   0.0   0.0  642
 7.975  640.0  90  75  96  -1.563   0.0   0.0  644
 7.975  897.5  90  75  84  -1.563   0.0   0.0  887
 7.975 1207.5  90  75  90   1.563   0.0   0.0 1214
 7.975 1210.0  90  75  93   1.563   0.0   0.0 1212
 7.975 1212.5  90  75  84   1.563   0.0   0.0 1215
 7.975 1225.0  90  75  84  -1.563   0.0   0.0 1226
 7.975 1227.5  90  75  84  -1.563   0.0   0.0 1229
 7.975  307.5 -90  75  90  -1.563   0.0   0.0  315
 7.975  310.0 -90  75 108  -1.563   0.0   0.0  315
 7.975  312.5 -90  75 102  -1.563   0.0   0.0  315
 8.000  305.0  90  75  84   1.563   0.0   0.0  309
 8.000  307.5  90  75 105   1.563   0.0   0.0  312
 8.000  310.0  90  75 102   1.563   0.0   0.0  313
 8.000  312.5  90  75  84   1.563   0.0   0.0  313
 8.000  320.0  90  75  84   1.563   0.0   0.0  321
 8.000  622.5  90  75 102   1.563   0.0   0.0  628
 8.000  625.0  90  75 102  -1.563   0.0   0.0  628
 8.000  627.5  90  75  96  -1.563   0.0   0.0  631
 8.000  630.0  90  75  99  -1.563   0.0   0.0  636
 8.000  632.5  90  75 105  -1.563   0.0   0.0  637
 8.000  635.0  90  75  96  -1.563   0.0   0.0  637
 8.000  637.5  90  75  96  -1.563   0.0   0.0  642
 8.000  640.0  90  75  96  -1.563   0.0   0.0  646
 8.000  642.5  90  75  90  -1.563   0.0   0.0  646
 8.000  945.0  90  75  84  -1.563   0.0   0.0  951
 8.000  947.5  90  75  87   1.563   0.0   0.0  951
 8.000  950.0  90  75  84  -1.563   0.0   0.0  948
 8.000  955.0  90  75  84  -1.563   0.0   0.0  958
 8.000 1210.0  90  75  84   1.563   0.0   0.0 1215
 8.000 1212.5  90  75  84   1.563   0.0   0.0 1217
 8.000 1215.0  90  75  84   1.563   0.0   0.0 1218
 8.000 1217.5  90  75  87   1.563   0.0   0.0 1222
 8.000 1220.0  90  75  84   1.563   0.0   0.0 1219
 8.000 1225.0  90  75  84   1.563   0.0   0.0 1228
 8.000 1235.0  90  75  87   1.563   0.0   0.0 1237
 8.000 1242.5  90  75  84   1.563   0.0   0.0 1245
 8.000 1272.5  90  75  84   1.563   0.0   0.0 1265
 8.000  307.5 -90  75  87   1.563   0.0   0.0  315
 8.000  310.0 -90  75 108  -1.563   0.0   0.0  315
 8.000  312.5 -90  75 105   1.563   0.0   0.0  315
 8.025  307.5  90  42  66   1.563   0.0   0.0  313
 8.025  310.0  90  42  69   1.563   0.0   0.0  313
 8.025  312.5  90  42  54   1.563   0.0   0.0  316
 8.025  615.0  90  42  51   1.563   0.0   0.0  615
 8.025  620.0  90  42  51  -1.563   0.0   0.0  625
 8.025  622.5  90  42  54   1.563   0.0   0.0  628
 8.025  625.0  90  42  69   1.563   0.0   0.0  629
 8.025  627.5  90  42  63  -1.563   0.0   0.0  631
 8.025  630.0  90  42  57  -1.563   0.0   0.0  636
 8.025  632.5  90  42  69  -1.563   0.0   0.0  638
 8.025  635.0  90  42  69  -1.563   0.0   0.0  639
 8.025  637.5  90  42  51  -1.563  30.0  30.0  647
 8.025  640.0  90  42  63  -1.563   0.0   0.0  645
 8.025  642.5  90  42  63  -1.563   0.0   0.0  647
 8.025  645.0  90  42  54   1.563   0.0   0.0  651
 8.025  950.0  90  42  51  -1.563   0.0   0.0  957
 8.025  952.5  90  42  51  -1.563   0.0   0.0  957
 8.025 1212.5  90  42  51   1.563   0.0   0.0 1218
 8.025 1215.0  90  42  57   1.563   0.0   0.0 1218
 8.025 1217.5  90  42  57   1.563   0.0   0.0 1219
 8.025  310.0 -90  39  72  -1.563   0.0   0.0  315
 8.025  312.5 -90  39  72  -1.563   0.0   0.0  315
 8.025  630.0 -90  39  48  -1.563   0.0   0.0  634
 8.050  307.5  90  42  63  -1.563   0.0   0.0  314
 8.050  310.0  90  42  72   1.563   0.0   0.0  314
 8.050  312.5  90  42  57  -1.563   0.0   0.0  315
 8.050  315.0  90  42  51   1.563   0.0   0.0  319
 8.050  610.0  90  42  51  -1.563   0.0   0.0  611
 8.050  617.5  90  42  51   1.563   0.0   0.0  619
 8.050  625.0  90  42  69  -1.563   0.0   0.0  630
 8.050  627.5  90  42  63   1.563   0.0   0.0  629
 8.050  630.0  90  42  57  -1.563   0.0   0.0  636
 8.050  632.5  90  42  66  -1.563   0.0   0.0  638
 8.050  635.0  90  42  72  -1.563   0.0   0.0  640
 8.050  637.5  90  42  63  -1.563   0.0   0.0  641
 8.050  640.0  90  42  66  -1.563   0.0   0.0  645
 8.050  642.5  90  42  66  -1.563   0.0   0.0  648
 8.050  645.0  90  42  54  -1.563   0.0   0.0  649
 8.050 1215.0  90  42  60   1.563   0.0   0.0 1219
 8.050 1217.5  90  42  63   1.563   0.0   0.0 1220
 8.050 1220.0  90  42  57   1.563   0.0   0.0 1222
 8.050 1222.5  90  42  57   1.563   0.0   0.0 1224
 8.050 1232.5  90  42  51   1.563   0.0   0.0 1236
 8.050 1235.0  90  42  54   1.563   0.0   0.0 1238
 8.050 1250.0  90  42  51   1.563   0.0   0.0 1250
 8.050  310.0 -90  39  72  -1.563   0.0   0.0  316
 8.050  312.5 -90  39  72  -1.563   0.0   0.0  316
 8.050  315.0 -90  39  51  -1.563   0.0   0.0  316
 8.050  630.0 -90  39  48  -1.563   0.0   0.0  636
 8.075  307.5  90  78  93  -1.563   0.0   0.0  314
 8.075  310.0  90  78 108   1.563   0.0   0.0  314
 8.075  312.5  90  78  99   1.563   0.0   0.0  315
 8.075  615.0  90  78  87  -1.563   0.0   0.0  623
 8.075  625.0  90  78  99   1.563   0.0   0.0  630
 8.075  627.5  90  78 105   1.563   0.0   0.0  631
 8.075  630.0  90  78  99  -1.563   0.0   0.0  634
 8.075  632.5  90  78  90  -1.563   0.0   0.0  636
 8.075  635.0  90  78 102  -1.563   0.0   0.0  641
 8.075  637.5  90  78 105  -1.563   0.0   0.0  642
 8.075  640.0  90  78 102  -1.563   0.0   0.0  644
 8.075  642.5  90  78 102  -1.563   0.0   0.0  648
 8.075  645.0  90  78  99  -1.563   0.0   0.0  649
 8.075  922.5  90  78  87   1.563   0.0   0.0  926
 8.075 1215.0  90  78  87   1.563   0.0   0.0 1218
 8.075 1217.5  90  78  99   1.563   0.0   0.0 1221
 8.075 1220.0  90  78  96   1.563   0.0   0.0 1222
 8.075 1222.5  90  78  90   1.563   0.0   0.0 1225
 8.075 1225.0  90  78  93   1.563   0.0   0.0 1228
 8.075 1232.5  90  78  93   1.563   0.0   0.0 1236
 8.075 1235.0  90  78  93   1.563   0.0   0.0 1237
 8.075 1250.0  90  78  87   1.563   0.0   0.0 1252
 8.075  310.0 -90  75 108  -1.563   0.0   0.0  316
 8.075  312.5 -90  75 111  -1.563   0.0   0.0  316
 8.075  315.0 -90  75  87  -1.563   0.0   0.0  317
 8.100  307.5  90  78  87   1.563   0.0   0.0  310
 8.100  310.0  90  78 105   1.563   0.0   0.0  315
 8.100  312.5  90  78 102  -1.563   0.0   0.0  315
 8.100  625.0  90  78  90   1.563   0.0   0.0  629
 8.100  627.5  90  78 102   1.563   0.0   0.0  632
 8.100  630.0  90  78 102   1.563   0.0   0.0  634
 8.100  632.5  90  78  99  -1.563   0.0   0.0  637
 8.100  635.0  90  78  99  -1.563   0.0   0.0  640
 8.100  637.5  90  78 102  -1.563   0.0   0.0  643
 8.100  640.0  90  78  96  -1.563   0.0   0.0  644
 8.100  642.5  90  78 108  -1.563   0.0   0.0  648
 8.100  645.0  90  78 102  -1.563   0.0   0.0  649
 8.100  647.5  90  78  87  -1.563   0.0   0.0  649
 8.100  922.5  90  78  96   1.563   0.0   0.0  927
 8.100  925.0  90  78  96   1.563   0.0   0.0  928
 8.100  927.5  90  78  90   1.563   0.0   0.0  929
 8.100 1217.5  90  78  90   1.563   0.0   0.0 1220
 8.100 1220.0  90  78  96   1.563   0.0   0.0 1224
 8.100 1222.5  90  78  93   1.563   0.0   0.0 1225
 8.100 1225.0  90  78  99   1.563   0.0   0.0 1227
 8.100 1227.5  90  78  93   1.563   0.0   0.0 1230
 8.100 1230.0  90  78  90  -1.563   0.0   0.0 1232
 8.100 1235.0  90  78  87   1.563   0.0   0.0 1236
 8.100 1240.0  90  78  87   1.563   0.0   0.0 1239
 8.100 1245.0  90  78  87  -1.563   0.0   0.0 1249
 8.100  310.0 -90  75 105  -1.563   0.0   0.0  316
 8.100  312.5 -90  75 111  -1.563   0.0   0.0  316
 8.100  315.0 -90  75  96  -1.563   0.0   0.0  316
 8.125  310.0  90  78 102   1.563   0.0   0.0  315
 8.125  312.5  90  78 105  -1.563   0.0   0.0  316
 8.125  315.0  90  78  90  -1.563   0.0   0.0  318
 8.125  627.5  90  78  93  -1.563   0.0   0.0  632
 8.125  630.0  90  78  93   1.563   0.0   0.0  636
 8.125  632.5  90  78  93   1.563   0.0   0.0  634
 8.125  635.0  90  78  87  -1.563   0.0   0.0  639
 8.125  637.5  90  78  93  -1.563   0.0   0.0  643
 8.125  640.0  90  78  99  -1.563   0.0   0.0  645
 8.125  642.5  90  78 102  -1.563   0.0   0.0  647
 8.125  645.0  90  78 102  -1.563   0.0   0.0  649
 8.125  647.5  90  78  93  -1.563   0.0   0.0  651
 8.125  922.5  90  78  90   1.563   0.0   0.0  926
 8.125  925.0  90  78  96   1.563   0.0   0.0  928
 8.125  927.5  90  78  87   1.563   0.0   0.0  931
 8.125 1222.5  90  78  99   1.563   0.0   0.0 1225
 8.125 1225.0  90  78 102   1.563   0.0   0.0 1227
 8.125 1227.5  90  78  93   1.563   0.0   0.0 1231
 8.125 1230.0  90  78  96   1.563   0.0   0.0 1231
 8.125 1237.5  90  78  87   1.563   0.0   0.0 1242
 8.125 1240.0  90  78  87   1.563   0.0   0.0 1242
 8.125 1260.0  90  78  87   1.563   0.0   0.0 1263
 8.125  310.0 -90  75 105  -1.563   0.0   0.0  317
 8.125  312.5 -90  75 114  -1.563   0.0   0.0  316
 8.125  315.0 -90  75  99   1.563   0.0   0.0  317
 8.150  310.0  90  78  99   1.563   0.0   0.0  316
 8.150  312.5  90  78 108   1.563   0.0   0.0  316
 8.150  315.0  90  78  87  -1.563   0.0   0.0  317
 8.150  630.0  90  78  96  -1.563   0.0   0.0  635
 8.150  632.5  90  78  90  -1.563   0.0   0.0  636
 8.150  635.0  90  78  87   1.563   0.0   0.0  636
 8.150  642.5  90  78  90  -1.563   0.0   0.0  648
 8.150  645.0  90  78  93  -1.563   0.0   0.0  651
 8.150  647.5  90  78  93  -1.563   0.0   0.0  653
 8.150  650.0  90  78  93  -1.563  30.0  30.0  654
 8.150  925.0  90  78  87   1.563   0.0   0.0  928
 8.150  927.5  90  78  87   1.563   0.0   0.0  932
 8.150  930.0  90  78  87   1.563   0.0   0.0  934
 8.150  932.5  90  78  87   1.563   0.0   0.0  933
 8.150 1222.5  90  78  90   1.563   0.0   0.0 1228
 8.150 1225.0  90  78  99   1.563   0.0   0.0 1228
 8.150 1227.5  90  78  93   1.563   0.0   0.0 1227
 8.150 1230.0  90  78  93   1.563   0.0   0.0 1232
 8.150 1232.5  90  78  87   1.563   0.0   0.0 1237
 8.150  310.0 -90  75 102   1.563   0.0   0.0  317
 8.150  312.5 -90  75 114  -1.563   0.0   0.0  317
 8.150  315.0 -90  75 102  -1.563   0.0   0.0  317
 8.150  612.5 -90  75  84  -1.563   0.0   0.0  614
 8.175  310.0  90  75  93  -1.563   0.0   0.0  315
 8.175  312.5  90  75 108   1.563   0.0   0.0  317
 8.175  315.0  90  75  93   1.563   0.0   0.0  317
 8.175  625.0  90  75  84   1.563  90.0  30.0  627
 8.175  630.0  90  75  96   1.563   0.0   0.0  634
 8.175  632.5  90  75  99   1.563   0.0   0.0  636
 8.175  635.0  90  75  87  -1.563   0.0   0.0  643
 8.175  637.5  90  75  87  -1.563   0.0   0.0  643
 8.175  645.0  90  75  99  -1.563   0.0   0.0  650
 8.175  647.5  90  75  84   1.563   0.0   0.0  652
 8.175  650.0  90  75  99  -1.563   0.0   0.0  654
 8.175  930.0  90  75  93   1.563   0.0   0.0  934
 8.175  932.5  90  75  90  -1.563   0.0   0.0  935
 8.175  972.5  90  75  84  -1.563   0.0   0.0  978
 8.175 1225.0  90  75  90   1.563   0.0   0.0 1226
 8.175 1227.5  90  75  99   1.563   0.0   0.0 1230
 8.175 1230.0  90  75 102   1.563   0.0   0.0 1232
 8.175 1232.5  90  75  96   1.563   0.0   0.0 1234
 8.175 1235.0  90  75  87   1.563   0.0   0.0 1235
 8.175 1247.5  90  75  84   1.563   0.0   0.0 1249
 8.175 1250.0  90  75  87   1.563   0.0   0.0 1254
 8.175 1252.5  90  75  84   1.563   0.0   0.0 1255
 8.175 1262.5  90  75  84   1.563   0.0   0.0 1269
 8.175 1265.0  90  75  84   1.563   0.0   0.0 1268
 8.175  310.0 -90  75  99  -1.563   0.0   0.0  317
 8.175  312.5 -90  75 111  -1.563   0.0   0.0  317
 8.175  315.0 -90  75 102  -1.563   0.0   0.0  317
 8.175  610.0 -90  75  84  -1.563   0.0   0.0  612
 8.175  612.5 -90  75  84   1.563   0.0   0.0  619
 8.200  312.5  90  78 105   1.563   0.0   0.0  317
 8.200  315.0  90  78  99  -1.563   0.0   0.0  318
 8.200  317.5  90  78  87   1.563   0.0   0.0  321
 8.200  620.0  90  78  87   1.563   0.0   0.0  627
 8.200  622.5  90  78  87   1.563   0.0   0.0  629
 8.200  630.0  90  78  87   1.563   0.0   0.0  636
 8.200  632.5  90  78  96   1.563   0.0   0.0  636
 8.200  637.5  90  78  87  -1.563   0.0   0.0  641
 8.200  640.0  90  78  87  -1.563   0.0   0.0  644
 8.200  642.5  90  78  87  -1.563   0.0   0.0  649
 8.200  645.0  90  78  99  -1.563   0.0   0.0  650
 8.200  647.5  90  78 102  -1.563   0.0   0.0  653
 8.200  650.0  90  78  96  -1.563   0.0   0.0  653
 8.200  652.5  90  78  90  -1.563   0.0   0.0  657
 8.200  980.0  90  78  87  -1.563   0.0   0.0  986
 8.200  982.5  90  78  87  -1.563   0.0   0.0  988
 8.200 1227.5  90  78  90   1.563   0.0   0.0 1232
 8.200 1230.0  90  78  99   1.563   0.0   0.0 1232
 8.200 1232.5  90  78 102   1.563   0.0   0.0 1235
 8.200 1235.0  90  78  90   1.563   0.0   0.0 1237
 8.200 1237.5  90  78  90   1.563   0.0   0.0 1239
 8.200 1250.0  90  78  87   1.563   0.0   0.0 1252
 8.200 1252.5  90  78  90   1.563   0.0   0.0 1256
 8.200  310.0 -90  75  93  -1.563   0.0   0.0  318
 8.200  312.5 -90  75 111  -1.563   0.0   0.0  317
 8.200  315.0 -90  75 105  -1.563   0.0   0.0  317
 8.200  637.5 -90  75  84  -1.563  30.0  30.0  642
 8.225  312.5  90  75 102   1.563   0.0   0.0  318
 8.225  315.0  90  75 105   1.563   0.0   0.0  318
 8.225  615.0  90  75  84   1.563 210.0  30.0  618
 8.225  632.5  90  75  90   1.563   0.0   0.0  637
 8.225  635.0  90  75  84  -1.563   0.0   0.0  642
 8.225  637.5  90  75  90   1.563   0.0   0.0  640
 8.225  640.0  90  75  87   1.563   0.0   0.0  645
 8.225  645.0  90  75  90  -1.563   0.0   0.0  651
 8.225  647.5  90  75  93  -1.563   0.0   0.0  652
 8.225  650.0  90  75  96  -1.563   0.0   0.0  653
 8.225  652.5  90  75  93  -1.563   0.0   0.0  657
 8.225  655.0  90  75  84  -1.563 150.0  30.0  657
 8.225  932.5  90  75  84  -1.563   0.0   0.0  936
 8.225 1230.0  90  75  84   1.563   0.0   0.0 1235
 8.225 1232.5  90  75  87   1.563   0.0   0.0 1234
 8.225 1235.0  90  75  96   1.563   0.0   0.0 1238
 8.225 1237.5  90  75  87   1.563   0.0   0.0 1237
 8.225 1240.0  90  75  84   1.563   0.0   0.0 1240
 8.225 1245.0  90  75  84   1.563   0.0   0.0 1249
 8.225 1255.0  90  75  87  -1.563   0.0   0.0 1259
 8.225 1257.5  90  75  90   1.563   0.0   0.0 1262
 8.225 1260.0  90  75  87   1.563   0.0   0.0 1261
 8.225 1265.0  90  75  84   1.563   0.0   0.0 1266
 8.225 1267.5  90  75  84   1.563   0.0   0.0 1268
 8.225  310.0 -90  75  90  -1.563   0.0   0.0  318
 8.225  312.5 -90  75 111  -1.563   0.0   0.0  317
 8.225  315.0 -90  75 108  -1.563   0.0   0.0  318
 8.250   80.0  90  75  87   4.688 270.0  30.0   71
 8.250  312.5  90  75  99   1.563   0.0   0.0  319
 8.250  315.0  90  75 105   1.563   0.0   0.0  319
 8.250  317.5  90  75  87   1.563   0.0   0.0  321
 8.250  612.5  90  75  84   1.563   0.0   0.0  620
 8.250  615.0  90  75  84   1.563   0.0   0.0  618
 8.250  617.5  90  75  87   1.563   0.0   0.0  623
 8.250  632.5  90  75  90  -1.563   0.0   0.0  637
 8.250  635.0  90  75  99   1.563   0.0   0.0  639
 8.250  637.5  90  75  93   1.563   0.0   0.0  641
 8.250  642.5  90  75  84  -1.563   0.0   0.0  647
 8.250  647.5  90  75  84  -1.563   0.0   0.0  651
 8.250  650.0  90  75  93  -1.563   0.0   0.0  655
 8.250  652.5  90  75  87  -1.563   0.0   0.0  655
 8.250  655.0  90  75  87  -1.563   0.0   0.0  659
 8.250  952.5  90  75  84   1.563   0.0   0.0  958
 8.250  955.0  90  75  84   1.563   0.0   0.0  959
 8.250 1235.0  90  75  87   1.563   0.0   0.0 1239
 8.250 1237.5  90  75  96   1.563   0.0   0.0 1239
 8.250 1242.5  90  75  84  -1.563   0.0   0.0 1241
 8.250 1252.5  90  75  84   1.563   0.0   0.0 1256
 8.250 1255.0  90  75  87   1.563   0.0   0.0 1256
 8.250 1257.5  90  75  90   1.563   0.0   0.0 1262
 8.250 1260.0  90  75  90   1.563   0.0   0.0 1264
 8.250 1262.5  90  75  84   1.563 330.0  30.0 1264
 8.250 1265.0  90  75  87   1.563   0.0   0.0 1269
 8.250 1275.0  90  75  84  -1.563   0.0   0.0 1285
 8.250 1277.5  90  75  84  -1.563   0.0   0.0 1281
 8.250   80.0 -90  75  96   1.563  90.0  30.0   85
 8.250   82.5 -90  75  87  -1.563 150.0  30.0   81
 8.250  310.0 -90  75  84  -1.563   0.0   0.0  317
 8.250  312.5 -90  75 108  -1.563   0.0   0.0  318
 8.250  315.0 -90  75 108  -1.563   0.0   0.0  318
 8.250  640.0 -90  75  84  -1.563   0.0   0.0  646
 8.275   80.0  90  39  48  -4.688  30.0  30.0   70
 8.275  312.5  90  39  57   1.563   0.0   0.0  319
 8.275  315.0  90  39  72   1.563   0.0   0.0  319
 8.275  317.5  90  39  60   1.563   0.0   0.0  319
 8.275  632.5  90  39  51   1.563   0.0   0.0  638
 8.275  635.0  90  39  66   1.563   0.0   0.0  640
 8.275  637.5  90  39  63   1.563   0.0   0.0  641
 8.275  640.0  90  39  54  -1.563   0.0   0.0  643
 8.275  642.5  90  39  48  -1.563   0.0   0.0  647
 8.275  647.5  90  39  48  -1.563   0.0   0.0  648
 8.275  650.0  90  39  48  -1.563   0.0   0.0  656
 8.275  652.5  90  39  48  -1.563 330.0  30.0  649
 8.275  930.0  90  39  48   1.563   0.0   0.0  933
 8.275  932.5  90  39  48   1.563   0.0   0.0  940
 8.275  940.0  90  39  48   1.563   0.0   0.0  942
 8.275  957.5  90  39  48   1.563   0.0   0.0  962
 8.275 1005.0  90  39  48   1.563   0.0   0.0 1019
 8.275 1237.5  90  39  57   1.563   0.0   0.0 1240
 8.275 1240.0  90  39  60   1.563   0.0   0.0 1242
 8.275 1242.5  90  39  51   1.563   0.0   0.0 1242
 8.275 1255.0  90  39  51   1.563   0.0   0.0 1258
 8.275 1257.5  90  39  48   1.563   0.0   0.0 1254
 8.275 1260.0  90  39  51   1.563   0.0   0.0 1264
 8.275 1265.0  90  39  48   1.563   0.0   0.0 1268
 8.275 1267.5  90  39  51   1.563   0.0   0.0 1270
 8.275   80.0 -90  39  54   4.688 150.0  30.0   70
 8.275  312.5 -90  39  69  -1.563   0.0   0.0  318
 8.275  315.0 -90  39  72   1.563   0.0   0.0  318
 8.275  640.0 -90  39  48  -1.563   0.0   0.0  647
 8.300  312.5  90  39  51   1.563   0.0   0.0  319
 8.300  315.0  90  39  69   1.563   0.0   0.0  320
 8.300  317.5  90  39  66   1.563   0.0   0.0  320
 8.300  622.5  90  39  48  -1.563  90.0  30.0  627
 8.300  635.0  90  39  63   1.563   0.0   0.0  640
 8.300  637.5  90  39  63   1.563   0.0   0.0  641
 8.300  640.0  90  39  48  -1.563   0.0   0.0  643
 8.300  652.5  90  39  51  -1.563   0.0   0.0  658
 8.300  655.0  90  39  48  -1.563   0.0   0.0  662
 8.300  662.5  90  39  48  -1.563   0.0   0.0  668
 8.300  957.5  90  39  48  -1.563   0.0   0.0  959
 8.300  960.0  90  39  48   1.563   0.0   0.0  955
 8.300 1237.5  90  39  48   1.563   0.0   0.0 1242
 8.300 1240.0  90  39  60   1.563   0.0   0.0 1242
 8.300 1242.5  90  39  54   1.563   0.0   0.0 1244
 8.300 1245.0  90  39  48   1.563   0.0   0.0 1247
 8.300 1260.0  90  39  48   1.563   0.0   0.0 1264
 8.300 1265.0  90  39  48   1.563   0.0   0.0 1270
 8.300 1267.5  90  39  51   1.563   0.0   0.0 1270
 8.300  312.5 -90  39  69  -1.563   0.0   0.0  319
 8.300  315.0 -90  39  72  -1.563   0.0   0.0  318
 8.300  317.5 -90  39  51  -1.563   0.0   0.0  318
 8.300  637.5 -90  39  48  -1.563   0.0   0.0  643
 8.325   80.0  90  39  51  -4.688 270.0  30.0   80
 8.325  315.0  90  39  69   1.563   0.0   0.0  320
 8.325  317.5  90  39  69   1.563   0.0   0.0  321
 8.325  320.0  90  39  48   1.563   0.0   0.0  320
 8.325  630.0  90  39  51   1.563   0.0   0.0  635
 8.325  632.5  90  39  48   1.563  90.0  30.0  638
 8.325  635.0  90  39  57   1.563   0.0   0.0  639
 8.325  637.5  90  39  66   1.563   0.0   0.0  642
 8.325  640.0  90  39  57   1.563   0.0   0.0  643
 8.325  645.0  90  39  54  -1.563   0.0   0.0  650
 8.325  655.0  90  39  48  -1.563   0.0   0.0  661
 8.325  662.5  90  39  48  -1.563   0.0   0.0  671
 8.325  940.0  90  39  48   1.563   0.0   0.0  944
 8.325  950.0  90  39  48   1.563   0.0   0.0  953
 8.325 1240.0  90  39  48   1.563   0.0   0.0 1242
 8.325 1242.5  90  39  54   1.563   0.0   0.0 1245
 8.325 1245.0  90  39  60   1.563   0.0   0.0 1247
 8.325 1247.5  90  39  51   1.563   0.0   0.0 1248
 8.325 1257.5  90  39  48   1.563   0.0   0.0 1260
 8.325 1262.5  90  39  48   1.563   0.0   0.0 1264
 8.325 1267.5  90  39  51   1.563   0.0   0.0 1270
 8.325 1270.0  90  39  51   1.563   0.0   0.0 1273
 8.325 1272.5  90  39  51  -1.563   0.0   0.0 1275
 8.325 1275.0  90  39  54   1.563   0.0   0.0 1276
 8.325  312.5 -90  39  63  -1.563   0.0   0.0  319
 8.325  315.0 -90  39  69  -1.563   0.0   0.0  319
 8.325  317.5 -90  39  51  -1.563   0.0   0.0  318
 8.325  642.5 -90  39  48  -1.563   0.0   0.0  644
 8.350   80.0  90  42  57  -4.688 270.0  30.0   89
 8.350   82.5  90  42  51   4.688   0.0   0.0   77
 8.350  315.0  90  42  63   1.563   0.0   0.0  321
 8.350  317.5  90  42  72   1.563   0.0   0.0  321
 8.350  320.0  90  42  51  -1.563   0.0   0.0  322
 8.350  637.5  90  42  60   1.563   0.0   0.0  642
 8.350  640.0  90  42  63   1.563   0.0   0.0  643
 8.350  645.0  90  42  51  -1.563   0.0   0.0  647
 8.350  947.5  90  42  54   1.563   0.0   0.0  953
 8.350  950.0  90  42  54   1.563   0.0   0.0  953
 8.350 1242.5  90  42  51   1.563   0.0   0.0 1247
 8.350 1245.0  90  42  60   1.563   0.0   0.0 1248
 8.350 1247.5  90  42  63   1.563   0.0   0.0 1249
 8.350 1250.0  90  42  57   1.563   0.0   0.0 1252
 8.350 1252.5  90  42  51   4.688   0.0   0.0 1253
 8.350 1270.0  90  42  51   1.563   0.0   0.0 1273
 8.350 1275.0  90  42  51   1.563   0.0   0.0 1277
 8.350 1280.0  90  42  51   1.563   0.0   0.0 1283
 8.350   80.0 -90  39  54   4.688 150.0  30.0   71
 8.350   82.5 -90  39  51  -4.688 150.0  30.0   87
 8.350  312.5 -90  39  60  -1.563   0.0   0.0  319
 8.350  315.0 -90  39  69  -1.563   0.0   0.0  319
 8.350  317.5 -90  39  57   1.563   0.0   0.0  320
 8.375  315.0  90  39  57  -1.563   0.0   0.0  322
 8.375  317.5  90  39  72   1.563   0.0   0.0  322
 8.375  320.0  90  39  63   1.563   0.0   0.0  322
 8.375  322.5  90  39  48  -1.563   0.0   0.0  326
 8.375  627.5  90  39  48   1.563   0.0   0.0  630
 8.375  635.0  90  39  48   1.563  90.0  30.0  639
 8.375  637.5  90  39  51   1.563   0.0   0.0  643
 8.375  640.0  90  39  63   1.563   0.0   0.0  644
 8.375  642.5  90  39  57   1.563   0.0   0.0  644
 8.375  947.5  90  39  54   1.563   0.0   0.0  951
 8.375  950.0  90  39  57   1.563   0.0   0.0  953
 8.375  952.5  90  39  48   1.563   0.0   0.0  955
 8.375 1245.0  90  39  51   1.563   0.0   0.0 1250
 8.375 1247.5  90  39  60   1.563   0.0   0.0 1250
 8.375 1250.0  90  39  63   1.563   0.0   0.0 1252
 8.375 1252.5  90  39  57   1.563   0.0   0.0 1254
 8.375 1255.0  90  39  48   1.563   0.0   0.0 1257
 8.375 1270.0  90  39  51   1.563   0.0   0.0 1273
 8.375 1272.5  90  39  51   1.563   0.0   0.0 1277
 8.375 1275.0  90  39  54   1.563   0.0   0.0 1279
 8.375 1277.5  90  39  57   1.563   0.0   0.0 1281
 8.375  312.5 -90  39  54  -1.563   0.0   0.0  320
 8.375  315.0 -90  39  69  -1.563   0.0   0.0  319
 8.375  317.5 -90  39  57  -1.563   0.0   0.0  320
 8.400   80.0  90  39  57  -4.688   0.0   0.0   91
 8.400   82.5  90  39  54   1.563   0.0   0.0   73
 8.400   85.0  90  39  51  -4.688   0.0   0.0   72
 8.400  315.0  90  39  51  -1.563   0.0   0.0  322
 8.400  317.5  90  39  69   1.563   0.0   0.0  323
 8.400  320.0  90  39  69   1.563   0.0   0.0  323
 8.400  322.5  90  39  48   1.563   0.0   0.0  325
 8.400  630.0  90  39  48   1.563 270.0  30.0  632
 8.400  632.5  90  39  48   1.563 270.0  30.0  636
 8.400  635.0  90  39  51   1.563   0.0   0.0  640
 8.400  637.5  90  39  51   1.563   0.0   0.0  643
 8.400  640.0  90  39  57   1.563   0.0   0.0  645
 8.400  642.5  90  39  60   1.563   0.0   0.0  645
 8.400  657.5  90  39  48   1.563   0.0   0.0  663
 8.400  950.0  90  39  51   1.563   0.0   0.0  955
 8.400  952.5  90  39  54   1.563   0.0   0.0  955
 8.400 1247.5  90  39  48   4.688   0.0   0.0 1248
 8.400 1250.0  90  39  54   1.563   0.0   0.0 1253
 8.400 1252.5  90  39  60   1.563   0.0   0.0 1255
 8.400 1255.0  90  39  51   1.563   0.0   0.0 1257
 8.400 1272.5  90  39  51   1.563   0.0   0.0 1275
 8.400 1275.0  90  39  51   1.563   0.0   0.0 1282
 8.400 1277.5  90  39  57   1.563   0.0   0.0 1281
 8.400 1280.0  90  39  51   1.563   0.0   0.0 1284
 8.400 1282.5  90  39  48   1.563   0.0   0.0 1286
 8.400   80.0 -90  39  60   1.563 270.0  30.0   75
 8.400   82.5 -90  39  54  -1.563 270.0  30.0   81
 8.400   85.0 -90  39  48   4.688 270.0  30.0   91
 8.400  312.5 -90  39  51   1.563   0.0   0.0  319
 8.400  315.0 -90  39  69  -1.563   0.0   0.0  320
 8.400  317.5 -90  39  63  -1.563   0.0   0.0  320
 8.425   80.0  90  39  63  -4.688 270.0  30.0   91
 8.425   82.5  90  39  57  -1.563 150.0  30.0   70
 8.425  317.5  90  39  66   1.563   0.0   0.0  324
 8.425  320.0  90  39  69   1.563   0.0   0.0  324
 8.425  322.5  90  39  51   1.563   0.0   0.0  323
 8.425  637.5  90  39  48   1.563 270.0  30.0  642
 8.425  640.0  90  39  48   1.563   0.0   0.0  643
 8.425  642.5  90  39  51   1.563   0.0   0.0  647
 8.425  645.0  90  39  51   1.563   0.0   0.0  651
 8.425  647.5  90  39  51   1.563   0.0   0.0  652
 8.425  650.0  90  39  51   1.563   0.0   0.0  653
 8.425  657.5  90  39  48   1.563   0.0   0.0  663
 8.425  660.0  90  39  48  -1.563   0.0   0.0  663
 8.425  945.0  90  39  48   1.563   0.0   0.0  949
 8.425  952.5  90  39  54   1.563   0.0   0.0  959
 8.425  955.0  90  39  57   1.563   0.0   0.0  959
 8.425 1252.5  90  39  48   1.563   0.0   0.0 1256
 8.425 1255.0  90  39  51   1.563   0.0   0.0 1257
 8.425 1275.0  90  39  48   1.563   0.0   0.0 1282
 8.425 1280.0  90  39  54   1.563   0.0   0.0 1285
 8.425 1282.5  90  39  51   1.563   0.0   0.0 1287
 8.425   80.0 -90  39  63  -4.688 150.0  30.0   94
 8.425   82.5 -90  39  57   4.688 270.0  30.0   97
 8.425  315.0 -90  39  69  -1.563   0.0   0.0  321
 8.425  317.5 -90  39  66  -1.563   0.0   0.0  321
 8.450  317.5  90  39  57  -1.563   0.0   0.0  323
 8.450  320.0  90  39  69   1.563   0.0   0.0  324
 8.450  322.5  90  39  57   1.563   0.0   0.0  325
 8.450  625.0  90  39  48   1.563 270.0  30.0  628
 8.450  627.5  90  39  48   1.563 270.0  30.0  631
 8.450  632.5  90  39  51   1.563  90.0  30.0  638
 8.450  640.0  90  39  48   1.563  90.0  30.0  646
 8.450  645.0  90  39  51   1.563   0.0   0.0  649
 8.450  647.5  90  39  48   1.563   0.0   0.0  649
 8.450  650.0  90  39  51   1.563   0.0   0.0  654
 8.450  945.0  90  39  48   1.563   0.0   0.0  949
 8.450  955.0  90  39  57   1.563   0.0   0.0  959
 8.450  957.5  90  39  57   1.563   0.0   0.0  961
 8.450  960.0  90  39  54   1.563   0.0   0.0  963
 8.450  962.5  90  39  48   1.563   0.0   0.0  965
 8.450 1257.5  90  39  51   1.563   0.0   0.0 1259
 8.450 1260.0  90  39  57   1.563   0.0   0.0 1262
 8.450 1262.5  90  39  51   1.563   0.0   0.0 1264
 8.450 1270.0  90  39  48   1.563   0.0   0.0 1272
 8.450 1272.5  90  39  48   1.563   0.0   0.0 1275
 8.450 1275.0  90  39  48   1.563   0.0   0.0 1280
 8.450 1277.5  90  39  48   1.563   0.0   0.0 1280
 8.450 1282.5  90  39  48   1.563   0.0   0.0 1288
 8.450  315.0 -90  39  69  -1.563   0.0   0.0  320
 8.450  317.5 -90  39  66  -1.563   0.0   0.0  321
 8.475   80.0  90  75  93  -4.688  30.0  30.0   70
 8.475   82.5  90  75  87  -1.563  30.0  30.0   94
 8.475  317.5  90  75  87   1.563   0.0   0.0  325
 8.475  320.0  90  75 105   1.563   0.0   0.0  325
 8.475  322.5  90  75  99   1.563   0.0   0.0  325
 8.475  627.5  90  75  84   1.563  90.0  30.0  632
 8.475  630.0  90  75  84   1.563  90.0  30.0  634
 8.475  645.0  90  75  84   1.563  90.0  30.0  642
 8.475  647.5  90  75  90   1.563   0.0   0.0  651
 8.475  650.0  90  75  87   1.563   0.0   0.0  652
 8.475  655.0  90  75  84   1.563   0.0   0.0  659
 8.475  660.0  90  75  84   1.563   0.0   0.0  666
 8.475  662.5  90  75  84  -1.563   0.0   0.0  664
 8.475  952.5  90  75  84   1.563   0.0   0.0  956
 8.475  955.0  90  75  90   1.563   0.0   0.0  960
 8.475  957.5  90  75  96   1.563   0.0   0.0  961
 8.475  960.0  90  75  96   1.563   0.0   0.0  963
 8.475  962.5  90  75  84   1.563   0.0   0.0  963
 8.475  965.0  90  75  84   1.563   0.0   0.0  968
 8.475 1257.5  90  75  87   1.563   0.0   0.0 1259
 8.475 1260.0  90  75  96   1.563   0.0   0.0 1262
 8.475 1262.5  90  75  90   1.563   0.0   0.0 1262
 8.475 1277.5  90  75  84   1.563   0.0   0.0 1281
 8.475   80.0 -90  75  93   1.563  30.0  30.0   65
 8.475   82.5 -90  75  87   4.688 150.0  30.0   81
 8.475  315.0 -90  75 102  -1.563   0.0   0.0  321
 8.475  317.5 -90  75 105  -1.563   0.0   0.0  321
 8.475  320.0 -90  75  90   1.563   0.0   0.0  321
 8.500   80.0  90  75  87   4.688 210.0  30.0   82
 8.500  320.0  90  75  96   1.563   0.0   0.0  325
 8.500  322.5  90  75  99   1.563   0.0   0.0  325
 8.500  635.0  90  75  84   1.563  90.0  30.0  639
 8.500  637.5  90  75  84   1.563   0.0   0.0  642
 8.500  642.5  90  75  84  -1.563 270.0  30.0  647
 8.500  645.0  90  75  84   1.563   0.0   0.0  649
 8.500  647.5  90  75  93   1.563   0.0   0.0  652
 8.500  650.0  90  75  87   1.563   0.0   0.0  650
 8.500  652.5  90  75  87  -1.563   0.0   0.0  654
 8.500  655.0  90  75  84  -1.563   0.0   0.0  658
 8.500  960.0  90  75  90   1.563   0.0   0.0  964
 8.500  962.5  90  75  96   1.563   0.0   0.0  966
 8.500  965.0  90  75  90   1.563   0.0   0.0  969
 8.500  967.5  90  75  93   1.563   0.0   0.0  971
 8.500  970.0  90  75  84   1.563   0.0   0.0  971
 8.500 1260.0  90  75  87   4.688   0.0   0.0 1261
 8.500 1262.5  90  75  96   1.563   0.0   0.0 1264
 8.500 1265.0  90  75  96   1.563   0.0   0.0 1267
 8.500 1267.5  90  75  84   1.563   0.0   0.0 1271
 8.500 1282.5  90  75  84   4.688   0.0   0.0 1284
 8.500  315.0 -90  75  99  -1.563   0.0   0.0  322
 8.500  317.5 -90  75 108  -1.563   0.0   0.0  321
 8.500  320.0 -90  75  90   1.563   0.0   0.0  320
 8.500  645.0 -90  75  84   1.563   0.0   0.0  647
 8.500  650.0 -90  75  84  -1.563   0.0   0.0  655
 8.525  320.0  90  39  54  -1.563   0.0   0.0  326
 8.525  322.5  90  39  63   1.563   0.0   0.0  327
 8.525  325.0  90  39  48   1.563   0.0   0.0  325
 8.525  637.5  90  39  48   1.563 210.0  30.0  637
 8.525  645.0  90  39  48   1.563   0.0   0.0  650
 8.525  647.5  90  39  57   1.563   0.0   0.0  652
 8.525  650.0  90  39  60   1.563   0.0   0.0  654
 8.525  652.5  90  39  51   1.563   0.0   0.0  656
 8.525  655.0  90  39  48   1.563   0.0   0.0  659
 8.525  665.0  90  39  48   1.563   0.0   0.0  672
 8.525  670.0  90  39  48   1.563   0.0   0.0  676
 8.525  672.5  90  39  48  -1.563   0.0   0.0  671
 8.525  962.5  90  39  54   1.563   0.0   0.0  967
 8.525  965.0  90  39  63   1.563   0.0   0.0  969
 8.525  967.5  90  39  60   1.563   0.0   0.0  970
 8.525  977.5  90  39  48   1.563   0.0   0.0  981
 8.525  980.0  90  39  48  -1.563   0.0   0.0  984
 8.525 1265.0  90  39  57   1.563   0.0   0.0 1268
 8.525 1267.5  90  39  54   1.563   0.0   0.0 1269
 8.525 1270.0  90  39  48   1.563   0.0   0.0 1274
 8.525 1272.5  90  39  48   1.563   0.0   0.0 1274
 8.525 1280.0  90  39  51   1.563   0.0   0.0 1283
 8.525 1282.5  90  39  51   1.563   0.0   0.0 1285
 8.525   80.0 -90  39  57  -4.688 270.0  30.0   90
 8.525   82.5 -90  39  54  -1.563 270.0  30.0   87
 8.525  315.0 -90  39  60  -1.563   0.0   0.0  322
 8.525  317.5 -90  39  72  -1.563   0.0   0.0  322
 8.525  320.0 -90  39  60   1.563   0.0   0.0  321
 8.525  642.5 -90  39  48  -1.563   0.0   0.0  646
 8.525  652.5 -90  39  54  -1.563   0.0   0.0  659
 8.550  320.0  90  39  48   1.563   0.0   0.0  327
 8.550  322.5  90  39  63   1.563   0.0   0.0  327
 8.550  325.0  90  39  54   1.563   0.0   0.0  327
 8.550  650.0  90  39  57   1.563   0.0   0.0  654
 8.550  652.5  90  39  57   1.563   0.0   0.0  654
 8.550  655.0  90  39  51   1.563   0.0   0.0  659
 8.550  952.5  90  39  48   1.563   0.0   0.0  956
 8.550  962.5  90  39  48   1.563   0.0   0.0  965
 8.550  965.0  90  39  54   1.563   0.0   0.0  970
 8.550  967.5  90  39  63   1.563   0.0   0.0  971
 8.550  970.0  90  39  51   1.563   0.0   0.0  972
 8.550  975.0  90  39  48   1.563   0.0   0.0  977
 8.550  977.5  90  39  54   1.563   0.0   0.0  981
 8.550  980.0  90  39  57   1.563   0.0   0.0  984
 8.550  982.5  90  39  51   1.563   0.0   0.0  985
 8.550 1265.0  90  39  48   1.563   0.0   0.0 1268
 8.550 1267.5  90  39  54   1.563   0.0   0.0 1269
 8.550 1270.0  90  39  60   1.563   0.0   0.0 1272
 8.550 1272.5  90  39  60   1.563   0.0   0.0 1274
 8.550  315.0 -90  39  54  -1.563   0.0   0.0  322
 8.550  317.5 -90  39  69  -1.563   0.0   0.0  322
 8.550  320.0 -90  39  60  -1.563   0.0   0.0  322
 8.550  652.5 -90  39  51  -1.563   0.0   0.0  658
 8.550  655.0 -90  39  51  -1.563  30.0  30.0  660
 8.575  322.5  90  39  60   1.563   0.0   0.0  328
 8.575  325.0  90  39  57   1.563   0.0   0.0  328
 8.575  635.0  90  39  48   1.563   0.0   0.0  637
 8.575  637.5  90  39  51   1.563 270.0  30.0  638
 8.575  650.0  90  39  48   1.563 150.0  30.0  657
 8.575  652.5  90  39  54   1.563   0.0   0.0  656
 8.575  655.0  90  39  48   1.563   0.0   0.0  658
 8.575  660.0  90  39  48  -1.563   0.0   0.0  663
 8.575  965.0  90  39  51   1.563   0.0   0.0  970
 8.575  967.5  90  39  57   1.563   0.0   0.0  972
 8.575  970.0  90  39  63   1.563   0.0   0.0  973
 8.575  972.5  90  39  57   1.563   0.0   0.0  975
 8.575  977.5  90  39  48   1.563   0.0   0.0  982
 8.575  980.0  90  39  54   1.563   0.0   0.0  984
 8.575  982.5  90  39  54   1.563   0.0   0.0  984
 8.575  985.0  90  39  48   1.563   0.0   0.0  989
 8.575 1270.0  90  39  54   1.563   0.0   0.0 1272
 8.575 1272.5  90  39  60   1.563   0.0   0.0 1274
 8.575 1275.0  90  39  57   1.563   0.0   0.0 1276
 8.575   80.0 -90  39  54   4.688 270.0  30.0   90
 8.575   82.5 -90  39  48  -1.563 270.0  30.0   89
 8.575  315.0 -90  39  48   1.563   0.0   0.0  322
 8.575  317.5 -90  39  69  -1.563   0.0   0.0  322
 8.575  320.0 -90  39  60   1.563   0.0   0.0  322
 8.575  645.0 -90  39  48  -1.563   0.0   0.0  650
 8.575  652.5 -90  39  48  -1.563  30.0  30.0  658
 8.575  655.0 -90  39  57  -1.563   0.0   0.0  659
 8.600  322.5  90  39  57   1.563   0.0   0.0  328
 8.600  325.0  90  39  60   1.563   0.0   0.0  328
 8.600  635.0  90  39  51   1.563  90.0  30.0  639
 8.600  642.5  90  39  48   1.563   0.0   0.0  642
 8.600  652.5  90  39  57   1.563   0.0   0.0  656
 8.600  655.0  90  39  51   1.563   0.0   0.0  658
 8.600  657.5  90  39  48  -1.563   0.0   0.0  662
 8.600  672.5  90  39  48   1.563   0.0   0.0  675
 8.600  970.0  90  39  60   1.563   0.0   0.0  974
 8.600  972.5  90  39  60   1.563   0.0   0.0  975
 8.600  975.0  90  39  54   1.563   0.0   0.0  980
 8.600  977.5  90  39  54   1.563   0.0   0.0  980
 8.600  982.5  90  39  51   1.563   0.0   0.0  986
 8.600  985.0  90  39  54   1.563   0.0   0.0  990
 8.600  987.5  90  39  54   1.563   0.0   0.0  990
 8.600 1272.5  90  39  48   1.563   0.0   0.0 1276
 8.600 1275.0  90  39  54   1.563   0.0   0.0 1277
 8.600   80.0 -90  39  51  -1.563  30.0  30.0   81
 8.600  317.5 -90  39  66  -1.563   0.0   0.0  323
 8.600  320.0 -90  39  63   1.563   0.0   0.0  322
 8.600  647.5 -90  39  48   1.563   0.0   0.0  654
 8.600  650.0 -90  39  48  -1.563   0.0   0.0  654
 8.600  655.0 -90  39  51  -1.563   0.0   0.0  662
 8.600  657.5 -90  39  51  -1.563   0.0   0.0  663
 8.625   80.0  90  39  57   1.563   0.0   0.0   84
 8.625   82.5  90  39  48  -1.563   0.0   0.0   90
 8.625  322.5  90  39  51   1.563   0.0   0.0  327
 8.625  325.0  90  39  63   1.563   0.0   0.0  329
 8.625  327.5  90  39  51   1.563   0.0   0.0  328
 8.625  635.0  90  39  51   1.563 270.0  30.0  638
 8.625  637.5  90  39  48   1.563 270.0  30.0  641
 8.625  645.0  90  39  48   1.563 270.0  30.0  647
 8.625  650.0  90  39  51   1.563   0.0   0.0  653
 8.625  652.5  90  39  51   1.563   0.0   0.0  657
 8.625  655.0  90  39  60   1.563   0.0   0.0  658
 8.625  657.5  90  39  54  -1.563   0.0   0.0  659
 8.625  662.5  90  39  48  -1.563   0.0   0.0  666
 8.625  965.0  90  39  48   1.563   0.0   0.0  967
 8.625  967.5  90  39  54   1.563   0.0   0.0  970
 8.625  972.5  90  39  51   1.563   0.0   0.0  973
 8.625  975.0  90  39  51   1.563   0.0   0.0  980
 8.625  977.5  90  39  60   1.563   0.0   0.0  980
 8.625  980.0  90  39  51   1.563   0.0   0.0  985
 8.625  982.5  90  39  51   1.563   0.0   0.0  987
 8.625  985.0  90  39  57   1.563   0.0   0.0  989
 8.625  987.5  90  39  54   1.563   0.0   0.0  990
 8.625 1277.5  90  39  48   1.563   0.0   0.0 1278
 8.625 1280.0  90  39  51   1.563   0.0   0.0 1283
 8.625 1282.5  90  39  57   1.563   0.0   0.0 1284
 8.625   80.0 -90  39  57  -1.563 270.0  30.0   76
 8.625  317.5 -90  39  63   1.563   0.0   0.0  323
 8.625  320.0 -90  39  63  -1.563   0.0   0.0  323
 8.625  650.0 -90  39  51  -1.563   0.0   0.0  655
 8.625  652.5 -90  39  48  -1.563   0.0   0.0  655
 8.650  325.0  90  39  63   1.563   0.0   0.0  330
 8.650  327.5  90  39  57   1.563   0.0   0.0  330
 8.650  330.0  90  39  48   1.563   0.0   0.0  331
 8.650  635.0  90  39  48   1.563  90.0  30.0  639
 8.650  645.0  90  39  48   1.563   0.0   0.0  641
 8.650  650.0  90  39  48   1.563   0.0   0.0  651
 8.650  652.5  90  39  48  -1.563   0.0   0.0  659
 8.650  655.0  90  39  48   1.563   0.0   0.0  658
 8.650  657.5  90  39  54   1.563   0.0   0.0  661
 8.650  660.0  90  39  48   1.563 150.0  30.0  662
 8.650  662.5  90  39  51  -1.563   0.0   0.0  666
 8.650  970.0  90  39  54   1.563   0.0   0.0  972
 8.650  975.0  90  39  54   1.563   0.0   0.0  979
 8.650  982.5  90  39  54   1.563   0.0   0.0  986
 8.650  985.0  90  39  54   1.563   0.0   0.0  987
 8.650  987.5  90  39  51  -1.563   0.0   0.0  990
 8.650  990.0  90  39  48   1.563   0.0   0.0  993
 8.650  992.5  90  39  51   1.563   0.0   0.0  996
 8.650 1282.5  90  39  60   1.563   0.0   0.0 1285
 8.650  317.5 -90  39  57   1.563   0.0   0.0  324
 8.650  320.0 -90  39  63   1.563   0.0   0.0  323
 8.650  650.0 -90  39  51  -1.563   0.0   0.0  655
 8.650  652.5 -90  39  54  -1.563   0.0   0.0  657
 8.675  322.5  90  39  48   1.563   0.0   0.0  331
 8.675  325.0  90  39  60   1.563   0.0   0.0  330
 8.675  327.5  90  39  66   1.563   0.0   0.0  331
 8.675  330.0  90  39  48   1.563   0.0   0.0  333
 8.675  640.0  90  39  48   1.563 270.0  30.0  644
 8.675  645.0  90  39  48   1.563   0.0   0.0  649
 8.675  657.5  90  39  51   1.563   0.0   0.0  663
 8.675  660.0  90  39  54   1.563   0.0   0.0  662
 8.675  662.5  90  39  48  -1.563   0.0   0.0  666
 8.675  665.0  90  39  48   1.563   0.0   0.0  667
 8.675  970.0  90  39  57   1.563   0.0   0.0  973
 8.675  972.5  90  39  48   1.563   0.0   0.0  976
 8.675  975.0  90  39  57   1.563   0.0   0.0  979
 8.675  980.0  90  39  54   1.563   0.0   0.0  982
 8.675  982.5  90  39  60   1.563   0.0   0.0  986
 8.675  985.0  90  39  60   1.563   0.0   0.0  987
 8.675  987.5  90  39  51   1.563   0.0   0.0  990
 8.675  990.0  90  39  48   1.563   0.0   0.0  993
 8.675  995.0  90  39  48  -1.563   0.0   0.0  998
 8.675  997.5  90  39  48   1.563   0.0   0.0 1001
 8.675 1282.5  90  39  48   1.563   0.0   0.0 1287
 8.675  317.5 -90  39  54   1.563   0.0   0.0  324
 8.675  320.0 -90  39  60  -1.563   0.0   0.0  324
 8.675  652.5 -90  39  51  -1.563   0.0   0.0  657
 8.700  325.0  90  39  54   1.563   0.0   0.0  331
 8.700  327.5  90  39  69   1.563   0.0   0.0  332
 8.700  330.0  90  39  63   1.563   0.0   0.0  332
 8.700  332.5  90  39  48   1.563   0.0   0.0  333
 8.700  640.0  90  39  48   1.563   0.0   0.0  651
 8.700  642.5  90  39  48  -1.563   0.0   0.0  655
 8.700  645.0  90  39  48   1.563   0.0   0.0  642
 8.700  650.0  90  39  51   1.563   0.0   0.0  653
 8.700  652.5  90  39  48   1.563   0.0   0.0  654
 8.700  655.0  90  39  48   1.563   0.0   0.0  660
 8.700  657.5  90  39  54   1.563   0.0   0.0  663
 8.700  660.0  90  39  60   1.563   0.0   0.0  663
 8.700  662.5  90  39  54  -1.563   0.0   0.0  665
 8.700  970.0  90  39  51   1.563   0.0   0.0  972
 8.700  972.5  90  39  51   1.563   0.0   0.0  974
 8.700  975.0  90  39  57   1.563   0.0   0.0  979
 8.700  977.5  90  39  63   1.563   0.0   0.0  980
 8.700  980.0  90  39  57   1.563   0.0   0.0  982
 8.700  982.5  90  39  54   1.563   0.0   0.0  987
 8.700  985.0  90  39  63   1.563   0.0   0.0  988
 8.700  987.5  90  39  60   1.563   0.0   0.0  991
 8.700 1000.0  90  39  48  -1.563   0.0   0.0 1004
 8.700  317.5 -90  39  48  -1.563   0.0   0.0  324
 8.700  320.0 -90  39  63   1.563   0.0   0.0  325
 8.700  322.5 -90  39  51   1.563   0.0   0.0  325
 8.700  650.0 -90  39  48  -1.563   0.0   0.0  655
 8.725  327.5  90  39  69   1.563   0.0   0.0  332
 8.725  330.0  90  39  69   1.563   0.0   0.0  333
 8.725  332.5  90  39  51   1.563   0.0   0.0  337
 8.725  335.0  90  39  48   1.563   0.0   0.0  341
 8.725  640.0  90  39  48   1.563  90.0  30.0  642
 8.725  642.5  90  39  48   1.563  90.0  30.0  647
 8.725  645.0  90  39  48   1.563   0.0   0.0  650
 8.725  647.5  90  39  51   1.563   0.0   0.0  649
 8.725  650.0  90  39  51   1.563   0.0   0.0  652
 8.725  652.5  90  39  48   1.563 150.0  30.0  654
 8.725  657.5  90  39  48  -1.563   0.0   0.0  663
 8.725  660.0  90  39  57   1.563   0.0   0.0  664
 8.725  662.5  90  39  54   1.563   0.0   0.0  666
 8.725  665.0  90  39  48   1.563 150.0  30.0  669
 8.725  685.0  90  39  48   1.563   0.0   0.0  690
 8.725  975.0  90  39  60   1.563   0.0   0.0  979
 8.725  977.5  90  39  63   1.563   0.0   0.0  979
 8.725  980.0  90  39  60   1.563   0.0   0.0  982
 8.725  982.5  90  39  51   1.563   0.0   0.0  988
 8.725  985.0  90  39  54   1.563   0.0   0.0  986
 8.725  987.5  90  39  57   1.563   0.0   0.0  991
 8.725  990.0  90  39  51   1.563   0.0   0.0  992
 8.725  992.5  90  39  48  -1.563   0.0   0.0  995
 8.725  320.0 -90  39  63  -1.563   0.0   0.0  325
 8.725  322.5 -90  39  60   1.563   0.0   0.0  325
 8.725  650.0 -90  39  48   1.563   0.0   0.0  656
 8.725  652.5 -90  39  48  -1.563   0.0   0.0  657
 8.725  655.0 -90  39  48  -1.563   0.0   0.0  659
 8.750  200.0  90  39  48  -1.563   0.0   0.0  210
 8.750  322.5  90  39  48  -1.563   0.0   0.0  336
 8.750  325.0  90  39  51  -1.563   0.0   0.0  331
 8.750  327.5  90  39  63   1.563   0.0   0.0  333
 8.750  330.0  90  39  72   1.563   0.0   0.0  334
 8.750  332.5  90  39  51  -1.563   0.0   0.0  334
 8.750  335.0  90  39  51   1.563   0.0   0.0  338
 8.750  337.5  90  39  48   4.688   0.0   0.0  343
 8.750  652.5  90  39  48   1.563 270.0  30.0  654
 8.750  662.5  90  39  48   1.563   0.0   0.0  666
 8.750  665.0  90  39  54   1.563   0.0   0.0  669
 8.750  667.5  90  39  48   1.563   0.0   0.0  667
 8.750  670.0  90  39  48  -1.563   0.0   0.0  676
 8.750  975.0  90  39  54   1.563   0.0   0.0  978
 8.750  977.5  90  39  60   1.563   0.0   0.0  980
 8.750  980.0  90  39  63   1.563   0.0   0.0  983
 8.750  982.5  90  39  60   1.563   0.0   0.0  984
 8.750  985.0  90  39  51  -1.563   0.0   0.0  988
 8.750  992.5  90  39  57  -1.563   0.0   0.0  995
 8.750  995.0  90  39  51  -1.563   0.0   0.0  996
 8.750  320.0 -90  39  66  -1.563   0.0   0.0  325
 8.750  322.5 -90  39  63  -1.563   0.0   0.0  325
 8.750  652.5 -90  39  48  -1.563   0.0   0.0  656
 8.750  662.5 -90  39  48  -1.563  30.0  30.0  668
 8.750  665.0 -90  39  48  -1.563  30.0  30.0  670
 8.775  300.0  90  39  48  -1.563   0.0   0.0  291
 8.775  302.5  90  39  48  -1.563   0.0   0.0  291
 8.775  325.0  90  39  48  -1.563   0.0   0.0  330
 8.775  327.5  90  39  54  -1.563   0.0   0.0  335
 8.775  330.0  90  39  72   1.563   0.0   0.0  334
 8.775  332.5  90  39  63   1.563   0.0   0.0  335
 8.775  335.0  90  39  51  -1.563   0.0   0.0  335
 8.775  342.5  90  39  48  -1.563   0.0   0.0  344
 8.775  345.0  90  39  48  -1.563   0.0   0.0  346
 8.775  347.5  90  39  48  -1.563   0.0   0.0  353
 8.775  657.5  90  39  48   1.563 150.0  30.0  660
 8.775  662.5  90  39  48   1.563   0.0   0.0  668
 8.775  665.0  90  39  54   1.563   0.0   0.0  669
 8.775  667.5  90  39  51   1.563   0.0   0.0  669
 8.775  977.5  90  39  54   1.563   0.0   0.0  983
 8.775  980.0  90  39  66   1.563   0.0   0.0  983
 8.775  982.5  90  39  66   1.563   0.0   0.0  985
 8.775  985.0  90  39  60   1.563   0.0   0.0  987
 8.775  987.5  90  39  54   1.563   0.0   0.0  993
 8.775  990.0  90  39  51   1.563   0.0   0.0  995
 8.775  995.0  90  39  54   1.563   0.0   0.0  999
 8.775  320.0 -90  39  66   1.563   0.0   0.0  326
 8.775  322.5 -90  39  66   1.563   0.0   0.0  326
 8.775  652.5 -90  39  51  -1.563   0.0   0.0  657
 8.775  655.0 -90  39  48   1.563   0.0   0.0  659
 8.775  665.0 -90  39  48  -1.563  30.0  30.0  671
 8.800  327.5  90  39  48   1.563   0.0   0.0  334
 8.800  330.0  90  39  69   1.563   0.0   0.0  335
 8.800  332.5  90  39  69   1.563   0.0   0.0  335
 8.800  655.0  90  39  48   1.563   0.0   0.0  662
 8.800  657.5  90  39  48   1.563   0.0   0.0  663
 8.800  662.5  90  39  48   1.563   0.0   0.0  666
 8.800  665.0  90  39  51   1.563   0.0   0.0  670
 8.800  667.5  90  39  51   1.563   0.0   0.0  671
 8.800  977.5  90  39  48   4.688   0.0   0.0  980
 8.800  980.0  90  39  51   1.563   0.0   0.0  988
 8.800  982.5  90  39  66   1.563   0.0   0.0  986
 8.800  985.0  90  39  69   1.563   0.0   0.0  987
 8.800  987.5  90  39  60   1.563   0.0   0.0  990
 8.800  990.0  90  39  57   1.563   0.0   0.0  991
 8.800  992.5  90  39  54   1.563   0.0   0.0  995
 8.800 1000.0  90  39  51   1.563   0.0   0.0 1004
 8.800  320.0 -90  39  66  -1.563   0.0   0.0  326
 8.800  322.5 -90  39  69   1.563   0.0   0.0  326
 8.800  325.0 -90  39  51   1.563   0.0   0.0  327
 8.800  652.5 -90  39  51  -1.563   0.0   0.0  657
 8.800  655.0 -90  39  54  -1.563   0.0   0.0  660
 8.800  657.5 -90  39  51  -1.563   0.0   0.0  663
 8.800  660.0 -90  39  51  -1.563   0.0   0.0  664
 8.800  665.0 -90  39  51  -1.563   0.0   0.0  670
 8.825   80.0  90  39  51  -1.563  30.0  30.0   78
 8.825  317.5  90  39  48   1.563   0.0   0.0  320
 8.825  330.0  90  39  60   1.563   0.0   0.0  335
 8.825  332.5  90  39  69   1.563   0.0   0.0  336
 8.825  335.0  90  39  57   1.563   0.0   0.0  338
 8.825  342.5  90  39  48  -1.563   0.0   0.0  341
 8.825  650.0  90  39  48   1.563   0.0   0.0  650
 8.825  657.5  90  39  48  -1.563   0.0   0.0  665
 8.825  660.0  90  39  48   1.563   0.0   0.0  668
 8.825  662.5  90  39  48   1.563   0.0   0.0  663
 8.825  665.0  90  39  51   1.563   0.0   0.0  671
 8.825  670.0  90  39  48   1.563   0.0   0.0  676
 8.825  982.5  90  39  54   1.563   0.0   0.0  987
 8.825  985.0  90  39  63   1.563   0.0   0.0  987
 8.825  987.5  90  39  66   1.563   0.0   0.0  990
 8.825  990.0  90  39  60   1.563   0.0   0.0  992
 8.825  992.5  90  39  60   1.563   0.0   0.0  994
 8.825  995.0  90  39  54   1.563   0.0   0.0  997
 8.825 1000.0  90  39  48   1.563   0.0   0.0 1001
 8.825 1002.5  90  39  54   1.563   0.0   0.0 1005
 8.825 1005.0  90  39  54   1.563   0.0   0.0 1010
 8.825 1007.5  90  39  51   1.563   0.0   0.0 1008
 8.825   80.0 -90  39  54   4.688  30.0  30.0   86
 8.825  320.0 -90  39  63   1.563   0.0   0.0  326
 8.825  322.5 -90  39  72  -1.563   0.0   0.0  326
 8.825  325.0 -90  39  57  -1.563   0.0   0.0  327
 8.825  657.5 -90  39  51  -1.563   0.0   0.0  662
 8.825  660.0 -90  39  51  -1.563   0.0   0.0  666
 8.825  665.0 -90  39  48  -1.563   0.0   0.0  671
 8.825  667.5 -90  39  48  -1.563   0.0   0.0  672
 8.850   80.0  90  39  60   4.688  30.0  30.0   79
 8.850   82.5  90  39  51   4.688  30.0  30.0   94
 8.850  330.0  90  39  54   1.563   0.0   0.0  335
 8.850  332.5  90  39  69   1.563   0.0   0.0  337
 8.850  335.0  90  39  66   1.563   0.0   0.0  337
 8.850  650.0  90  39  48   1.563  90.0  30.0  652
 8.850  652.5  90  39  51   1.563 270.0  30.0  657
 8.850  665.0  90  39  48  -1.563   0.0   0.0  669
 8.850  670.0  90  39  51   1.563   0.0   0.0  674
 8.850  672.5  90  39  54   1.563   0.0   0.0  674
 8.850  677.5  90  39  48  -1.563   0.0   0.0  683
 8.850  680.0  90  39  51   1.563 330.0  30.0  678
 8.850  982.5  90  39  48   1.563   0.0   0.0  982
 8.850  987.5  90  39  60   1.563   0.0   0.0  991
 8.850  990.0  90  39  69   1.563   0.0   0.0  992
 8.850  992.5  90  39  66   1.563   0.0   0.0  994
 8.850  995.0  90  39  48   1.563   0.0   0.0  997
 8.850  997.5  90  39  51   1.563   0.0   0.0 1000
 8.850 1002.5  90  39  48   1.563   0.0   0.0 1004
 8.850 1005.0  90  39  54   1.563   0.0   0.0 1009
 8.850 1007.5  90  39  54   1.563   0.0   0.0 1012
 8.850   80.0 -90  39  57  -1.563  30.0  30.0   79
 8.850   82.5 -90  39  51   1.563  30.0  30.0   87
 8.850  320.0 -90  39  57  -1.563   0.0   0.0  326
 8.850  322.5 -90  39  72   1.563   0.0   0.0  327
 8.850  325.0 -90  39  63   1.563   0.0   0.0  327
 8.850  655.0 -90  39  54  -1.563   0.0   0.0  659
 8.850  657.5 -90  39  54  -1.563   0.0   0.0  662
 8.850  660.0 -90  39  51  -1.563   0.0   0.0  665
 8.850  662.5 -90  39  48  -1.563 330.0  30.0  656
 8.850  667.5 -90  39  51  -1.563  30.0  30.0  675
 8.875  332.5  90  75  99   1.563   0.0   0.0  338
 8.875  335.0  90  75 105   1.563   0.0   0.0  338
 8.875  337.5  90  75  93   1.563   0.0   0.0  341
 8.875  650.0  90  75  84   1.563  90.0  30.0  653
 8.875  670.0  90  75  84   1.563   0.0   0.0  675
 8.875  672.5  90  75  84   1.563   0.0   0.0  676
 8.875  987.5  90  75  90   1.563   0.0   0.0  992
 8.875  990.0  90  75  96   1.563   0.0   0.0  992
 8.875  992.5  90  75  99   1.563   0.0   0.0  995
 8.875  995.0  90  75  99   1.563   0.0   0.0  997
 8.875  997.5  90  75  90   1.563   0.0   0.0 1000
 8.875 1000.0  90  75  93   1.563   0.0   0.0 1002
 8.875 1002.5  90  75  90   1.563   0.0   0.0 1005
 8.875 1007.5  90  75  87   1.563   0.0   0.0 1013
 8.875   80.0 -90  75  84   1.563 270.0  30.0   70
 8.875  320.0 -90  75  84  -1.563   0.0   0.0  327
 8.875  322.5 -90  75 105   1.563   0.0   0.0  327
 8.875  325.0 -90  75 102   1.563   0.0   0.0  328
 8.875  652.5 -90  75  84   1.563   0.0   0.0  659
 8.875  655.0 -90  75  84   1.563   0.0   0.0  658
 8.875  657.5 -90  75  87  -1.563   0.0   0.0  663
 8.875  660.0 -90  75  90  -1.563   0.0   0.0  667
 8.875  662.5 -90  75  87  -1.563   0.0   0.0  667
 8.875  665.0 -90  75  87  -1.563   0.0   0.0  668
 8.875  667.5 -90  75  84  -1.563   0.0   0.0  673
 8.875  670.0 -90  75  84  -1.563  30.0  30.0  675
 8.900  327.5  90  75  84  -1.563   0.0   0.0  331
 8.900  330.0  90  75  84   1.563   0.0   0.0  338
 8.900  332.5  90  75  87   1.563   0.0   0.0  341
 8.900  335.0  90  75 105   1.563   0.0   0.0  340
 8.900  337.5  90  75  99   1.563   0.0   0.0  340
 8.900  340.0  90  75  84   1.563   0.0   0.0  338
 8.900  655.0  90  75  84   1.563  90.0  30.0  660
 8.900  657.5  90  75  84   1.563   0.0   0.0  661
 8.900  672.5  90  75  84   1.563   0.0   0.0  676
 8.900  675.0  90  75  87   1.563   0.0   0.0  678
 8.900  990.0  90  75  84   1.563   0.0   0.0  993
 8.900  992.5  90  75  90   1.563   0.0   0.0  997
 8.900  995.0  90  75  99   1.563   0.0   0.0  998
 8.900  997.5  90  75  96   1.563   0.0   0.0 1000
 8.900 1000.0  90  75  87   1.563   0.0   0.0  999
 8.900 1002.5  90  75  93   1.563   0.0   0.0 1004
 8.900 1005.0  90  75  87   1.563   0.0   0.0 1005
 8.900  322.5 -90  75 102   1.563   0.0   0.0  328
 8.900  325.0 -90  75 105   1.563   0.0   0.0  328
 8.900  652.5 -90  75  84  -1.563   0.0   0.0  659
 8.900  657.5 -90  75  87   1.563   0.0   0.0  661
 8.900  660.0 -90  75  93  -1.563   0.0   0.0  665
 8.900  662.5 -90  75  96  -1.563   0.0   0.0  667
 8.900  665.0 -90  75  87  -1.563   0.0   0.0  669
 8.925  332.5  90  39  48  -1.563   0.0   0.0  339
 8.925  335.0  90  39  66   1.563   0.0   0.0  340
 8.925  337.5  90  39  69   1.563   0.0   0.0  340
 8.925  340.0  90  39  48  -1.563   0.0   0.0  341
 8.925  675.0  90  39  54   1.563   0.0   0.0  679
 8.925  677.5  90  39  54   1.563   0.0   0.0  680
 8.925  995.0  90  39  57   1.563   0.0   0.0  996
 8.925  997.5  90  39  54   1.563   0.0   0.0 1000
 8.925 1000.0  90  39  60   1.563   0.0   0.0 1001
 8.925 1002.5  90  39  51   1.563   0.0   0.0 1002
 8.925 1005.0  90  39  54   1.563   0.0   0.0 1006
 8.925  322.5 -90  39  63  -1.563   0.0   0.0  328
 8.925  325.0 -90  39  72   1.563   0.0   0.0  329
 8.925  327.5 -90  39  54   1.563   0.0   0.0  329
 8.925  655.0 -90  39  54   1.563   0.0   0.0  658
 8.925  660.0 -90  39  51  -1.563   0.0   0.0  667
 8.925  662.5 -90  39  57  -1.563   0.0   0.0  666
 8.925  665.0 -90  39  51  -1.563   0.0   0.0  667
 8.950  335.0  90  39  54   1.563   0.0   0.0  342
 8.950  337.5  90  39  69   1.563   0.0   0.0  342
 8.950  340.0  90  39  57   1.563   0.0   0.0  342
 8.950  672.5  90  39  48   1.563   0.0   0.0  676
 8.950  677.5  90  39  51   1.563   0.0   0.0  681
 8.950  680.0  90  39  48  -1.563   0.0   0.0  682
 8.950  997.5  90  39  51   1.563   0.0   0.0 1002
 8.950 1000.0  90  39  60   1.563   0.0   0.0 1002
 8.950 1002.5  90  39  57   1.563   0.0   0.0 1004
 8.950 1007.5  90  39  51   1.563   0.0   0.0 1010
 8.950 1010.0  90  39  54   1.563   0.0   0.0 1012
 8.950  322.5 -90  39  60   1.563   0.0   0.0  329
 8.950  325.0 -90  39  72  -1.563   0.0   0.0  329
 8.950  327.5 -90  39  60   1.563   0.0   0.0  330
 8.950  655.0 -90  39  51   1.563   0.0   0.0  659
 8.950  657.5 -90  39  54   1.563   0.0   0.0  662
 8.950  660.0 -90  39  54  -1.563   0.0   0.0  664
 8.950  662.5 -90  39  48  -1.563   0.0   0.0  669
 8.950  665.0 -90  39  48  -1.563   0.0   0.0  671
 8.950  667.5 -90  39  51  -1.563   0.0   0.0  673
 8.950  675.0 -90  39  48  -1.563  30.0  30.0  680
 8.975  337.5  90  39  63   1.563   0.0   0.0  343
 8.975  340.0  90  39  63   1.563   0.0   0.0  343
 8.975  680.0  90  39  51   1.563   0.0   0.0  683
 8.975  682.5  90  39  51   1.563   0.0   0.0  685
 8.975  685.0  90  39  48   1.563   0.0   0.0  688
 8.975 1000.0  90  39  54   1.563   0.0   0.0 1003
 8.975 1002.5  90  39  57   1.563   0.0   0.0 1005
 8.975 1005.0  90  39  57   1.563   0.0   0.0 1007
 8.975 1007.5  90  39  51   1.563   0.0   0.0 1011
 8.975 1010.0  90  39  51   1.563   0.0   0.0 1011
 8.975 1012.5  90  39  54   1.563   0.0   0.0 1016
 8.975 1015.0  90  39  54   1.563   0.0   0.0 1017
 8.975 1017.5  90  39  48   1.563   0.0   0.0 1019
 8.975  322.5 -90  39  57   1.563   0.0   0.0  330
 8.975  325.0 -90  39  72   1.563   0.0   0.0  330
 8.975  327.5 -90  39  66   1.563   0.0   0.0  330
 8.975  660.0 -90  39  60  -1.563   0.0   0.0  665
 8.975  662.5 -90  39  60  -1.563   0.0   0.0  667
 8.975  665.0 -90  39  60  -1.563   0.0   0.0  671
 8.975  667.5 -90  39  60  -1.563   0.0   0.0  673
 8.975  670.0 -90  39  48  -1.563   0.0   0.0  679
 8.975  675.0 -90  39  48  -1.563   0.0   0.0  677
 9.000  337.5  90  39  54   1.563   0.0   0.0  344
 9.000  340.0  90  39  63   1.563   0.0   0.0  344
 9.000  680.0  90  39  48   1.563   0.0   0.0  683
 9.000  682.5  90  39  51   1.563   0.0   0.0  686
 9.000  685.0  90  39  51   1.563   0.0   0.0  688
 9.000 1007.5  90  39  57   1.563   0.0   0.0 1010
 9.000 1010.0  90  39  48   1.563   0.0   0.0 1011
 9.000 1012.5  90  39  51   1.563   0.0   0.0 1015
 9.000 1017.5  90  39  48   1.563   0.0   0.0 1020
 9.000  322.5 -90  39  51   1.563   0.0   0.0  332
 9.000  325.0 -90  39  72   1.563   0.0   0.0  330
 9.000  327.5 -90  39  69   1.563   0.0   0.0  330
 9.000  657.5 -90  39  48  -1.563   0.0   0.0  662
 9.000  660.0 -90  39  63  -1.563   0.0   0.0  665
 9.000  662.5 -90  39  57  -1.563   0.0   0.0  664
 9.000  665.0 -90  39  48   1.563   0.0   0.0  673
 9.000  667.5 -90  39  57  -1.563   0.0   0.0  671
 9.000  995.0 -90  39  48  -1.563   0.0   0.0 1004
 9.000  997.5 -90  39  48  -1.563   0.0   0.0 1005
 9.000 1000.0 -90  39  48  -1.563   0.0   0.0 1002
 9.000 1272.5 -90  39  48  -1.563   0.0   0.0 1280
 9.025  340.0  90  39  60   1.563   0.0   0.0  344
 9.025  342.5  90  39  51   1.563   0.0   0.0  344
 9.025  685.0  90  39  51   1.563   0.0   0.0  688
 9.025  687.5  90  39  48   1.563   0.0   0.0  690
 9.025 1007.5  90  39  51   1.563   0.0   0.0 1009
 9.025 1010.0  90  39  57   1.563   0.0   0.0 1011
 9.025 1012.5  90  39  54   1.563   0.0   0.0 1015
 9.025  325.0 -90  39  72   1.563   0.0   0.0  331
 9.025  327.5 -90  39  75   1.563   0.0   0.0  331
 9.025  330.0 -90  39  51  -1.563   0.0   0.0  333
 9.025  657.5 -90  39  51  -1.563   0.0   0.0  664
 9.025  660.0 -90  39  63  -1.563   0.0   0.0  664
 9.025  662.5 -90  39  57   1.563   0.0   0.0  666
 9.025  665.0 -90  39  51  -1.563   0.0   0.0  670
 9.025  667.5 -90  39  57  -1.563   0.0   0.0  672
 9.025  670.0 -90  39  51   1.563   0.0   0.0  673
 9.050  340.0  90  39  54   1.563   0.0   0.0  345
 9.050  342.5  90  39  60   1.563   0.0   0.0  346
 9.050  682.5  90  39  48   1.563   0.0   0.0  686
 9.050  685.0  90  39  48   1.563   0.0   0.0  690
 9.050 1010.0  90  39  48   1.563   0.0   0.0 1014
 9.050 1015.0  90  39  54   1.563   0.0   0.0 1017
 9.050 1017.5  90  39  57   1.563   0.0   0.0 1019
 9.050 1020.0  90  39  48   1.563   0.0   0.0 1019
 9.050 1022.5  90  39  48   1.563   0.0   0.0 1023
 9.050  325.0 -90  39  69   1.563   0.0   0.0  331
 9.050  327.5 -90  39  75   1.563   0.0   0.0  331
 9.050  330.0 -90  39  60   1.563   0.0   0.0  331
 9.050  642.5 -90  39  48   1.563   0.0   0.0  643
 9.050  660.0 -90  39  60  -1.563   0.0   0.0  664
 9.050  662.5 -90  39  57  -1.563   0.0   0.0  667
 9.050  665.0 -90  39  54  -1.563   0.0   0.0  669
 9.050  667.5 -90  39  57  -1.563   0.0   0.0  673
 9.050  670.0 -90  39  51  -1.563   0.0   0.0  672
 9.050  672.5 -90  39  51  -1.563   0.0   0.0  677
 9.050  675.0 -90  39  48  -1.563   0.0   0.0  681
 9.075  342.5  90  39  60   1.563   0.0   0.0  347
 9.075  345.0  90  39  57   1.563   0.0   0.0  347
 9.075  682.5  90  39  48   1.563   0.0   0.0  688
 9.075 1015.0  90  39  51   1.563   0.0   0.0 1018
 9.075 1017.5  90  39  60   1.563   0.0   0.0 1019
 9.075 1020.0  90  39  60   1.563   0.0   0.0 1022
 9.075 1022.5  90  39  57   1.563   0.0   0.0 1024
 9.075 1025.0  90  39  51   1.563   0.0   0.0 1024
 9.075  325.0 -90  39  63   1.563   0.0   0.0  331
 9.075  327.5 -90  39  75   1.563   0.0   0.0  332
 9.075  330.0 -90  39  66  -1.563   0.0   0.0  332
 9.075  657.5 -90  39  48   1.563   0.0   0.0  663
 9.075  660.0 -90  39  60   1.563   0.0   0.0  665
 9.075  662.5 -90  39  63   1.563   0.0   0.0  666
 9.075  665.0 -90  39  54  -1.563   0.0   0.0  668
 9.075  670.0 -90  39  57  -1.563   0.0   0.0  676
 9.075  672.5 -90  39  54  -1.563   0.0   0.0  676
 9.075  675.0 -90  39  54  -1.563   0.0   0.0  680
 9.075  677.5 -90  39  51  -1.563   0.0   0.0  681
 9.100  342.5  90  39  54   1.563   0.0   0.0  348
 9.100  345.0  90  39  63   1.563   0.0   0.0  349
 9.100  347.5  90  39  51   1.563   0.0   0.0  349
 9.100  680.0  90  39  48   1.563 150.0  30.0  683
 9.100  690.0  90  39  48   1.563   0.0   0.0  695
 9.100  692.5  90  39  54   1.563   0.0   0.0  696
 9.100  700.0  90  39  48  -1.563 150.0  30.0  704
 9.100 1017.5  90  39  48   1.563   0.0   0.0 1021
 9.100 1020.0  90  39  54   1.563   0.0   0.0 1022
 9.100 1022.5  90  39  60   1.563   0.0   0.0 1024
 9.100 1025.0  90  39  60   1.563   0.0   0.0 1027
 9.100 1027.5  90  39  54   1.563   0.0   0.0 1029
 9.100 1030.0  90  39  51   1.563   0.0   0.0 1031
 9.100  325.0 -90  39  57   1.563   0.0   0.0  331
 9.100  327.5 -90  39  75   1.563   0.0   0.0  332
 9.100  330.0 -90  39  69   1.563   0.0   0.0  332
 9.100  660.0 -90  39  48   1.563   0.0   0.0  669
 9.100  662.5 -90  39  51  -1.563   0.0   0.0  665
 9.100  665.0 -90  39  48   1.563   0.0   0.0  669
 9.100  667.5 -90  39  48  -1.563   0.0   0.0  672
 9.100  670.0 -90  39  60  -1.563   0.0   0.0  675
 9.100  672.5 -90  39  63  -1.563   0.0   0.0  677
 9.100  675.0 -90  39  60  -1.563   0.0   0.0  680
 9.100  677.5 -90  39  57  -1.563   0.0   0.0  681
 9.100  680.0 -90  39  51  -1.563   0.0   0.0  685
 9.100  682.5 -90  39  48  -1.563   0.0   0.0  687
 9.125  345.0  90  39  63   1.563   0.0   0.0  350
 9.125  347.5  90  39  60   1.563   0.0   0.0  351
 9.125  350.0  90  39  48  -1.563   0.0   0.0  352
 9.125  690.0  90  39  48   1.563   0.0   0.0  694
 9.125  692.5  90  39  48   1.563   0.0   0.0  696
 9.125  695.0  90  39  48   1.563   0.0   0.0  699
 9.125  700.0  90  39  48   1.563   0.0   0.0  703
 9.125  712.5  90  39  48   1.563   0.0   0.0  718
 9.125 1025.0  90  39  57   1.563   0.0   0.0 1028
 9.125 1027.5  90  39  60   1.563   0.0   0.0 1029
 9.125 1030.0  90  39  51   1.563   0.0   0.0 1032
 9.125  327.5 -90  39  69   1.563   0.0   0.0  333
 9.125  330.0 -90  39  69  -1.563   0.0   0.0  334
 9.125  332.5 -90  39  48  -1.563   0.0   0.0  336
 9.125  662.5 -90  39  51   1.563   0.0   0.0  667
 9.125  665.0 -90  39  54  -1.563   0.0   0.0  670
 9.125  667.5 -90  39  51  -1.563   0.0   0.0  675
 9.125  670.0 -90  39  51  -1.563   0.0   0.0  673
 9.125  672.5 -90  39  60  -1.563   0.0   0.0  678
 9.125  675.0 -90  39  63  -1.563   0.0   0.0  680
 9.125  677.5 -90  39  51  -1.563   0.0   0.0  684
 9.125  680.0 -90  39  54  -1.563   0.0   0.0  685
 9.150  345.0  90  39  54   1.563   0.0   0.0  350
 9.150  347.5  90  39  63   1.563   0.0   0.0  351
 9.150  350.0  90  39  54   1.563   0.0   0.0  353
 9.150  680.0  90  39  48   1.563 270.0  30.0  684
 9.150  695.0  90  39  51   1.563   0.0   0.0  698
 9.150  697.5  90  39  51   1.563   0.0   0.0  701
 9.150  700.0  90  39  48  -1.563   0.0   0.0  703
 9.150  702.5  90  39  48   1.563 150.0  30.0  707
 9.150 1025.0  90  39  48   1.563   0.0   0.0 1025
 9.150 1027.5  90  39  51   1.563   0.0   0.0 1028
 9.150 1032.5  90  39  54   1.563   0.0   0.0 1034
 9.150 1035.0  90  39  54   1.563   0.0   0.0 1036
 9.150  327.5 -90  39  63   1.563   0.0   0.0  333
 9.150  330.0 -90  39  69   1.563   0.0   0.0  334
 9.150  332.5 -90  39  48  -1.563   0.0   0.0  334
 9.150  665.0 -90  39  57  -1.563   0.0   0.0  669
 9.150  667.5 -90  39  57  -1.563   0.0   0.0  671
 9.150  675.0 -90  39  51  -1.563   0.0   0.0  679
 9.150  680.0 -90  39  60  -1.563   0.0   0.0  685
 9.150  682.5 -90  39  57  -1.563   0.0   0.0  687
 9.175  347.5  90  39  63   1.563   0.0   0.0  352
 9.175  350.0  90  39  63   1.563   0.0   0.0  352
 9.175  352.5  90  39  48   1.563   0.0   0.0  354
 9.175  675.0  90  39  48   1.563 150.0  30.0  677
 9.175  680.0  90  39  48   1.563 270.0  30.0  683
 9.175  685.0  90  39  48   1.563 150.0  30.0  688
 9.175  687.5  90  39  48   1.563 150.0  30.0  690
 9.175  700.0  90  39  51   1.563   0.0   0.0  704
 9.175 1030.0  90  39  51   1.563   0.0   0.0 1031
 9.175 1032.5  90  39  57   1.563   0.0   0.0 1034
 9.175 1035.0  90  39  57   1.563   0.0   0.0 1036
 9.175 1037.5  90  39  54   1.563   0.0   0.0 1039
 9.175 1040.0  90  39  48   4.688   0.0   0.0 1042
 9.175  327.5 -90  39  54   1.563   0.0   0.0  334
 9.175  330.0 -90  39  66   1.563   0.0   0.0  334
 9.175  332.5 -90  39  54  -1.563   0.0   0.0  334
 9.175  665.0 -90  39  54   1.563   0.0   0.0  670
 9.175  667.5 -90  39  54   1.563   0.0   0.0  668
 9.175  670.0 -90  39  51  -1.563   0.0   0.0  675
 9.175  672.5 -90  39  48   1.563   0.0   0.0  676
 9.175  677.5 -90  39  48   1.563   0.0   0.0  684
 9.175  680.0 -90  39  63  -1.563   0.0   0.0  685
 9.175  682.5 -90  39  66  -1.563   0.0   0.0  687
 9.175  685.0 -90  39  51  -1.563   0.0   0.0  690
 9.200  347.5  90  39  54  -1.563   0.0   0.0  352
 9.200  350.0  90  39  63   1.563   0.0   0.0  354
 9.200  352.5  90  39  54   1.563   0.0   0.0  355
 9.200  702.5  90  39  48   1.563   0.0   0.0  706
 9.200 1032.5  90  39  48   1.563   0.0   0.0 1036
 9.200 1035.0  90  39  51   1.563   0.0   0.0 1034
 9.200 1037.5  90  39  54   1.563   0.0   0.0 1040
 9.200 1040.0  90  39  57   1.563   0.0   0.0 1042
 9.200  330.0 -90  39  63   1.563   0.0   0.0  335
 9.200  332.5 -90  39  60   1.563   0.0   0.0  335
 9.200  665.0 -90  39  48   1.563   0.0   0.0  670
 9.200  667.5 -90  39  54   1.563   0.0   0.0  671
 9.200  672.5 -90  39  54  -1.563   0.0   0.0  677
 9.200  677.5 -90  39  51  -1.563   0.0   0.0  684
 9.200  680.0 -90  39  57  -1.563   0.0   0.0  686
 9.200  682.5 -90  39  63  -1.563   0.0   0.0  687
 9.200  685.0 -90  39  54  -1.563   0.0   0.0  688
 9.225  350.0  90  39  60   1.563   0.0   0.0  355
 9.225  352.5  90  39  60   1.563   0.0   0.0  356
 9.225  690.0  90  39  48   1.563 330.0  30.0  691
 9.225  705.0  90  39  51   1.563   0.0   0.0  708
 9.225  707.5  90  39  48   1.563   0.0   0.0  710
 9.225 1040.0  90  39  54   1.563   0.0   0.0 1043
 9.225 1042.5  90  39  57   1.563   0.0   0.0 1045
 9.225 1045.0  90  39  60   1.563   0.0   0.0 1048
 9.225 1047.5  90  39  57   1.563   0.0   0.0 1050
 9.225 1050.0  90  39  48   1.563   0.0   0.0 1050
 9.225  330.0 -90  39  60  -1.563   0.0   0.0  336
 9.225  332.5 -90  39  63  -1.563   0.0   0.0  336
 9.225  667.5 -90  39  57   1.563   0.0   0.0  673
 9.225  670.0 -90  39  57   1.563   0.0   0.0  675
 9.225  672.5 -90  39  48   1.563   0.0   0.0  676
 9.225  682.5 -90  39  54  -1.563   0.0   0.0  690
 9.225  685.0 -90  39  54  -1.563   0.0   0.0  690
 9.225  687.5 -90  39  51  -1.563   0.0   0.0  695
 9.225  690.0 -90  39  48  -1.563   0.0   0.0  694
 9.250  350.0  90  39  51   1.563   0.0   0.0  356
 9.250  352.5  90  39  63   1.563   0.0   0.0  357
 9.250  355.0  90  39  57   1.563   0.0   0.0  357
 9.250  707.5  90  39  48   1.563 210.0  30.0  712
 9.250  712.5  90  39  48   1.563   0.0   0.0  713
 9.250 1042.5  90  39  54   1.563   0.0   0.0 1045
 9.250 1045.0  90  39  60   1.563   0.0   0.0 1047
 9.250 1047.5  90  39  63   1.563   0.0   0.0 1049
 9.250 1050.0  90  39  63   1.563   0.0   0.0 1051
 9.250 1052.5  90  39  57   1.563   0.0   0.0 1053
 9.250  330.0 -90  39  54   1.563   0.0   0.0  336
 9.250  332.5 -90  39  63   1.563   0.0   0.0  336
 9.250  335.0 -90  39  48   1.563   0.0   0.0  338
 9.250  667.5 -90  39  54   1.563   0.0   0.0  673
 9.250  670.0 -90  39  60   1.563   0.0   0.0  674
 9.250  675.0 -90  39  51   1.563   0.0   0.0  679
 9.250  677.5 -90  39  48   1.563   0.0   0.0  681
 9.250  685.0 -90  39  48   1.563  30.0  30.0  689
 9.250  687.5 -90  39  51  -1.563   0.0   0.0  693
 9.250  690.0 -90  39  54  -1.563   0.0   0.0  695
 9.275  352.5  90  39  57   1.563   0.0   0.0  357
 9.275  355.0  90  39  63   1.563   0.0   0.0  358
 9.275  357.5  90  39  51   1.563   0.0   0.0  360
 9.275  697.5  90  39  48   1.563 150.0  30.0  700
 9.275  710.0  90  39  48   1.563   0.0   0.0  712
 9.275  712.5  90  39  51   1.563   0.0   0.0  716
 9.275  715.0  90  39  48   1.563   0.0   0.0  717
 9.275 1047.5  90  39  51   1.563   0.0   0.0 1050
 9.275 1050.0  90  39  60   1.563   0.0   0.0 1052
 9.275 1052.5  90  39  63   1.563   0.0   0.0 1053
 9.275 1055.0  90  39  51   1.563   0.0   0.0 1055
 9.275  330.0 -90  39  48   1.563   0.0   0.0  337
 9.275  332.5 -90  39  60   1.563   0.0   0.0  337
 9.275  335.0 -90  39  54   1.563   0.0   0.0  337
 9.275  670.0 -90  39  57   1.563   0.0   0.0  674
 9.275  672.5 -90  39  51  -1.563   0.0   0.0  675
 9.275  675.0 -90  39  48   1.563   0.0   0.0  680
 9.275  677.5 -90  39  48   1.563   0.0   0.0  681
 9.275  687.5 -90  39  51  -1.563   0.0   0.0  691
 9.275  690.0 -90  39  57  -1.563   0.0   0.0  695
 9.275  692.5 -90  39  48  -1.563   0.0   0.0  698
 9.300  355.0  90  39  60   1.563   0.0   0.0  359
 9.300  357.5  90  39  63   1.563   0.0   0.0  361
 9.300  685.0  90  39  48   1.563 270.0  30.0  684
 9.300  700.0  90  39  48   1.563   0.0   0.0  703
 9.300  710.0  90  39  51   1.563   0.0   0.0  716
 9.300  715.0  90  39  54   1.563   0.0   0.0  718
 9.300  717.5  90  39  51   1.563   0.0   0.0  720
 9.300  722.5  90  39  48   1.563   0.0   0.0  725
 9.300 1052.5  90  39  54   1.563   0.0   0.0 1054
 9.300 1055.0  90  39  51   1.563   0.0   0.0 1057
 9.300 1060.0  90  39  54   1.563   0.0   0.0 1061
 9.300 1062.5  90  39  48   1.563   0.0   0.0 1063
 9.300  332.5 -90  39  57   1.563   0.0   0.0  338
 9.300  335.0 -90  39  54  -1.563   0.0   0.0  338
 9.300  670.0 -90  39  51  -1.563   0.0   0.0  675
 9.300  672.5 -90  39  57   1.563   0.0   0.0  676
 9.300  675.0 -90  39  48   1.563   0.0   0.0  675
 9.300  692.5 -90  39  54  -1.563   0.0   0.0  697
 9.300  695.0 -90  39  48  -1.563  30.0  30.0  698
 9.325  355.0  90  39  51   1.563   0.0   0.0  360
 9.325  357.5  90  39  63   1.563   0.0   0.0  361
 9.325  360.0  90  39  57   1.563   0.0   0.0  362
 9.325  712.5  90  39  51  -1.563   0.0   0.0  715
 9.325  715.0  90  39  48   1.563   0.0   0.0  718
 9.325  717.5  90  39  51   1.563   0.0   0.0  720
 9.325  720.0  90  39  51   1.563   0.0   0.0  723
 9.325 1057.5  90  39  48   1.563 210.0  30.0 1061
 9.325 1060.0  90  39  54   1.563   0.0   0.0 1060
 9.325 1062.5  90  39  54   1.563   0.0   0.0 1064
 9.325 1065.0  90  39  54   1.563   0.0   0.0 1067
 9.325 1067.5  90  39  51   1.563   0.0   0.0 1067
 9.325  332.5 -90  39  51   1.563   0.0   0.0  338
 9.325  335.0 -90  39  54  -1.563   0.0   0.0  338
 9.325  672.5 -90  39  48   1.563   0.0   0.0  679
 9.325  675.0 -90  39  51  -1.563   0.0   0.0  678
 9.325  695.0 -90  39  48  -1.563   0.0   0.0  700
 9.350  355.0  90  39  48   1.563   0.0   0.0  361
 9.350  357.5  90  39  57   1.563   0.0   0.0  363
 9.350  360.0  90  39  63   1.563   0.0   0.0  364
 9.350  362.5  90  39  54   1.563   0.0   0.0  364
 9.350  715.0  90  39  48   1.563   0.0   0.0  717
 9.350  717.5  90  39  48   1.563   0.0   0.0  721
 9.350  720.0  90  39  54   1.563   0.0   0.0  723
 9.350  722.5  90  39  57   1.563   0.0   0.0  725
 9.350  725.0  90  39  51   1.563   0.0   0.0  727
 9.350 1065.0  90  39  57   1.563   0.0   0.0 1066
 9.350 1067.5  90  39  60   1.563   0.0   0.0 1069
 9.350 1070.0  90  39  57   1.563   0.0   0.0 1071
 9.350 1072.5  90  39  54   1.563   0.0   0.0 1073
 9.350  332.5 -90  39  48   1.563   0.0   0.0  340
 9.350  335.0 -90  39  54   1.563   0.0   0.0  339
 9.350  675.0 -90  39  54   1.563   0.0   0.0  679
 9.350  680.0 -90  39  48  -1.563   0.0   0.0  686
 9.350  682.5 -90  39  48   1.563   0.0   0.0  686
 9.350  695.0 -90  39  48  -1.563   0.0   0.0  701
 9.350  992.5 -90  39  48   1.563   0.0   0.0  995
 9.375  360.0  90  39  60   1.563   0.0   0.0  365
 9.375  362.5  90  39  60   1.563   0.0   0.0  366
 9.375  365.0  90  39  48   1.563   0.0   0.0  366
 9.375  707.5  90  39  48   1.563   0.0   0.0  710
 9.375  712.5  90  39  48   1.563 150.0  30.0  713
 9.375  722.5  90  39  51   1.563   0.0   0.0  726
 9.375  725.0  90  39  57   1.563   0.0   0.0  728
 9.375  727.5  90  39  51   1.563   0.0   0.0  731
 9.375 1065.0  90  39  48   1.563   0.0   0.0 1064
 9.375 1067.5  90  39  54   1.563   0.0   0.0 1070
 9.375 1070.0  90  39  60   1.563   0.0   0.0 1072
 9.375 1072.5  90  39  60   1.563   0.0   0.0 1074
 9.375 1075.0  90  39  54   1.563   0.0   0.0 1077
 9.375 1077.5  90  39  48   4.688   0.0   0.0 1079
 9.375  335.0 -90  39  51   1.563   0.0   0.0  340
 9.375  675.0 -90  39  48   1.563   0.0   0.0  680
 9.375  677.5 -90  39  51   1.563   0.0   0.0  682
 9.375  680.0 -90  39  48  -1.563   0.0   0.0  684
 9.375  992.5 -90  39  48   1.563   0.0   0.0  998
 9.375  995.0 -90  39  51   1.563   0.0   0.0  997
 9.400  360.0  90  39  48   1.563   0.0   0.0  365
 9.400  362.5  90  39  63   1.563   0.0   0.0  367
 9.400  365.0  90  39  57   1.563   0.0   0.0  368
 9.400  710.0  90  39  48   1.563 330.0  30.0  704
 9.400  725.0  90  39  51   1.563   0.0   0.0  729
 9.400  727.5  90  39  54   1.563   0.0   0.0  731
 9.400  730.0  90  39  54   1.563   0.0   0.0  733
 9.400  732.5  90  39  51   1.563   0.0   0.0  735
 9.400 1072.5  90  39  51   1.563   0.0   0.0 1073
 9.400 1075.0  90  39  54   1.563   0.0   0.0 1076
 9.400 1077.5  90  39  51   1.563   0.0   0.0 1078
 9.400  335.0 -90  39  51  -1.563   0.0   0.0  340
 9.400  337.5 -90  39  48  -1.563   0.0   0.0  340
 9.400  680.0 -90  39  51   1.563   0.0   0.0  684
 9.400  995.0 -90  39  48   1.563   0.0   0.0  997
 9.400  997.5 -90  39  51   1.563   0.0   0.0  999
 9.425  362.5  90  39  51   1.563   0.0   0.0  367
 9.425  365.0  90  39  60   1.563   0.0   0.0  369
 9.425  367.5  90  39  54   1.563   0.0   0.0  370
 9.425  730.0  90  39  51   1.563   0.0   0.0  734
 9.425  732.5  90  39  54   1.563   0.0   0.0  735
 9.425  735.0  90  39  51   1.563   0.0   0.0  739
 9.425  737.5  90  39  51   1.563   0.0   0.0  739
 9.425 1087.5  90  39  51   1.563   0.0   0.0 1089
 9.425 1090.0  90  39  51   1.563   0.0   0.0 1090
 9.425  335.0 -90  39  54   1.563   0.0   0.0  342
 9.425  337.5 -90  39  60   1.563   0.0   0.0  341
 9.425  340.0 -90  39  51   1.563   0.0   0.0  341
 9.425  680.0 -90  39  54  -1.563   0.0   0.0  684
 9.425  685.0 -90  39  48  -1.563   0.0   0.0  689
 9.425  997.5 -90  39  48   1.563   0.0   0.0 1001
 9.425 1000.0 -90  39  51   1.563   0.0   0.0 1003
 9.450  365.0  90  39  54   1.563   0.0   0.0  370
 9.450  367.5  90  39  60   1.563   0.0   0.0  371
 9.450  370.0  90  39  51   1.563   0.0   0.0  372
 9.450  725.0  90  39  48   1.563   0.0   0.0  727
 9.450  730.0  90  39  48   1.563   0.0   0.0  733
 9.450  732.5  90  39  48   1.563 150.0  30.0  734
 9.450  735.0  90  39  54   1.563   0.0   0.0  739
 9.450  737.5  90  39  54   1.563   0.0   0.0  739
 9.450  740.0  90  39  48   1.563   0.0   0.0  743
 9.450 1087.5  90  39  51   1.563   0.0   0.0 1090
 9.450 1090.0  90  39  54   1.563   0.0   0.0 1091
 9.450 1092.5  90  39  48   1.563   0.0   0.0 1093
 9.450  335.0 -90  39  51  -1.563   0.0   0.0  341
 9.450  337.5 -90  39  66   1.563   0.0   0.0  342
 9.450  340.0 -90  39  60   1.563   0.0   0.0  342
 9.450  680.0 -90  39  51   1.563   0.0   0.0  686
 9.450  682.5 -90  39  51   1.563   0.0   0.0  686
 9.450 1002.5 -90  39  48   1.563   0.0   0.0 1006
 9.475  365.0  90  36  45   1.563   0.0   0.0  370
 9.475  367.5  90  36  57   1.563   0.0   0.0  372
 9.475  370.0  90  36  60   1.563   0.0   0.0  373
 9.475  372.5  90  36  48   1.563   0.0   0.0  373
 9.475  715.0  90  36  45   1.563 330.0  30.0  708
 9.475  727.5  90  36  45   1.563   0.0   0.0  730
 9.475  730.0  90  36  48   1.563 150.0  30.0  734
 9.475  732.5  90  36  48   1.563 150.0  30.0  733
 9.475  735.0  90  36  45   1.563   0.0   0.0  741
 9.475  737.5  90  36  48   1.563 150.0  30.0  739
 9.475  740.0  90  36  48   1.563   0.0   0.0  743
 9.475  742.5  90  36  45   1.563   0.0   0.0  744
 9.475 1090.0  90  36  48   4.688   0.0   0.0 1091
 9.475 1092.5  90  36  48   1.563   0.0   0.0 1092
 9.475 1095.0  90  36  48   1.563   0.0   0.0 1095
 9.475 1097.5  90  36  45   1.563   0.0   0.0 1097
 9.475 1102.5  90  36  45   1.563   0.0   0.0 1103
 9.475 1105.0  90  36  48   1.563   0.0   0.0 1106
 9.475  337.5 -90  39  66   1.563   0.0   0.0  343
 9.475  340.0 -90  39  66   1.563   0.0   0.0  343
 9.475  342.5 -90  39  48   1.563   0.0   0.0  345
 9.475  682.5 -90  39  54   1.563   0.0   0.0  687
 9.475  685.0 -90  39  51   1.563   0.0   0.0  688
 9.500  370.0  90  39  57   1.563   0.0   0.0  374
 9.500  372.5  90  39  57   1.563   0.0   0.0  375
 9.500  732.5  90  39  48   1.563   0.0   0.0  736
 9.500  735.0  90  39  48   1.563   0.0   0.0  738
 9.500  737.5  90  39  48   1.563   0.0   0.0  742
 9.500  740.0  90  39  48   1.563   0.0   0.0  743
 9.500  742.5  90  39  48   1.563   0.0   0.0  744
 9.500  747.5  90  39  48   1.563   0.0   0.0  750
 9.500 1100.0  90  39  48   4.688   0.0   0.0 1102
 9.500 1102.5  90  39  48   1.563   0.0   0.0 1102
 9.500  337.5 -90  39  60   1.563   0.0   0.0  344
 9.500  340.0 -90  39  69   1.563   0.0   0.0  344
 9.500  342.5 -90  39  54   1.563   0.0   0.0  344
 9.500  682.5 -90  39  51  -1.563   0.0   0.0  687
 9.500  685.0 -90  39  57   1.563   0.0   0.0  688
 9.525  372.5  90  39  57   1.563   0.0   0.0  377
 9.525  375.0  90  39  57   1.563   0.0   0.0  379
 9.525  747.5  90  39  54   1.563   0.0   0.0  751
 9.525 1110.0  90  39  48   1.563   0.0   0.0 1112
 9.525 1112.5  90  39  48   1.563   0.0   0.0 1115
 9.525 1117.5  90  39  48   1.563 210.0  30.0 1121
 9.525 1120.0  90  39  48   1.563 210.0  30.0 1122
 9.525  337.5 -90  39  51  -1.563   0.0   0.0  346
 9.525  340.0 -90  39  69   1.563   0.0   0.0  345
 9.525  342.5 -90  39  63   1.563   0.0   0.0  346
 9.525  685.0 -90  39  54   1.563   0.0   0.0  690
 9.550  375.0  90  39  57   1.563   0.0   0.0  379
 9.550  377.5  90  39  54   1.563   0.0   0.0  380
 9.550  747.5  90  39  51   1.563   0.0   0.0  753
 9.550  750.0  90  39  57   1.563   0.0   0.0  754
 9.550  752.5  90  39  54   1.563   0.0   0.0  757
 9.550  755.0  90  39  51   1.563   0.0   0.0  758
 9.550 1117.5  90  39  48   1.563   0.0   0.0 1119
 9.550 1120.0  90  39  51   1.563   0.0   0.0 1121
 9.550 1122.5  90  39  48   1.563   0.0   0.0 1124
 9.550 1125.0  90  39  51   1.563   0.0   0.0 1126
 9.550  340.0 -90  39  66   1.563   0.0   0.0  345
 9.550  342.5 -90  39  66   1.563   0.0   0.0  346
 9.550  345.0 -90  39  48   1.563   0.0   0.0  346
 9.550  685.0 -90  39  51   1.563   0.0   0.0  690
 9.550  687.5 -90  39  48  -1.563   0.0   0.0  692
 9.575  377.5  90  39  54   1.563   0.0   0.0  381
 9.575  380.0  90  39  54   1.563   0.0   0.0  382
 9.575  750.0  90  39  54   1.563   0.0   0.0  753
 9.575  752.5  90  39  57   1.563   0.0   0.0  755
 9.575  755.0  90  39  63   1.563   0.0   0.0  758
 9.575  757.5  90  39  63   1.563   0.0   0.0  760
 9.575  760.0  90  39  54   1.563   0.0   0.0  762
 9.575 1125.0  90  39  48   4.688   0.0   0.0 1127
 9.575 1132.5  90  39  48   1.563   0.0   0.0 1133
 9.575 1135.0  90  39  48   1.563   0.0   0.0 1137
 9.575 1137.5  90  39  48   1.563   0.0   0.0 1141
 9.575  340.0 -90  39  57   1.563   0.0   0.0  345
 9.575  342.5 -90  39  66   1.563   0.0   0.0  346
 9.575  345.0 -90  39  54   1.563   0.0   0.0  347
 9.575  687.5 -90  39  54   1.563   0.0   0.0  692
 9.575  690.0 -90  39  57   1.563   0.0   0.0  693
 9.575  692.5 -90  39  48   1.563   0.0   0.0  694
 9.600  380.0  90  39  51   1.563   0.0   0.0  384
 9.600  382.5  90  39  54   1.563   0.0   0.0  386
 9.600  755.0  90  39  57   1.563   0.0   0.0  759
 9.600  757.5  90  39  63   1.563   0.0   0.0  762
 9.600  760.0  90  39  66   1.563   0.0   0.0  764
 9.600  762.5  90  39  63   1.563   0.0   0.0  766
 9.600  765.0  90  39  60   1.563   0.0   0.0  768
 9.600  767.5  90  39  51   1.563   0.0   0.0  769
 9.600 1132.5  90  39  48   4.688   0.0   0.0 1133
 9.600 1135.0  90  39  48   1.563   0.0   0.0 1138
 9.600 1137.5  90  39  51   1.563   0.0   0.0 1138
 9.600 1140.0  90  39  51   1.563   0.0   0.0 1140
 9.600 1142.5  90  39  51   1.563   0.0   0.0 1144
 9.600  342.5 -90  39  60   1.563   0.0   0.0  347
 9.600  345.0 -90  39  57  -1.563   0.0   0.0  347
 9.600  690.0 -90  39  54   1.563   0.0   0.0  694
 9.600  692.5 -90  39  48   1.563   0.0   0.0  694
 9.600  695.0 -90  39  48   1.563   0.0   0.0  700
 9.600  697.5 -90  39  48   1.563   0.0   0.0  702
 9.625  382.5  90  39  48   1.563   0.0   0.0  387
 9.625  385.0  90  39  51   1.563   0.0   0.0  388
 9.625  387.5  90  39  48   1.563   0.0   0.0  390
 9.625  757.5  90  39  48   1.563   0.0   0.0  765
 9.625  760.0  90  39  63   1.563   0.0   0.0  764
 9.625  762.5  90  39  66   1.563   0.0   0.0  766
 9.625  765.0  90  39  69   1.563   0.0   0.0  768
 9.625  767.5  90  39  69   1.563   0.0   0.0  771
 9.625  770.0  90  39  66   1.563   0.0   0.0  773
 9.625  772.5  90  39  63   1.563   0.0   0.0  776
 9.625  775.0  90  39  54   1.563   0.0   0.0  777
 9.625 1142.5  90  39  48   1.563   0.0   0.0 1143
 9.625 1145.0  90  39  48   4.688   0.0   0.0 1146
 9.625 1147.5  90  39  51   1.563   0.0   0.0 1149
 9.625 1150.0  90  39  51   1.563   0.0   0.0 1152
 9.625 1152.5  90  39  51   1.563   0.0   0.0 1153
 9.625  342.5 -90  39  54   1.563   0.0   0.0  347
 9.625  345.0 -90  39  54   1.563   0.0   0.0  347
 9.625  690.0 -90  39  48  -1.563   0.0   0.0  695
 9.625  692.5 -90  39  48   1.563   0.0   0.0  695
 9.650  385.0  90  39  48   1.563   0.0   0.0  389
 9.650  387.5  90  39  54   1.563   0.0   0.0  392
 9.650  390.0  90  39  48   1.563   0.0   0.0  393
 9.650  762.5  90  39  51   1.563   0.0   0.0  766
 9.650  765.0  90  39  60   1.563   0.0   0.0  770
 9.650  767.5  90  39  69   1.563   0.0   0.0  771
 9.650  770.0  90  39  69   1.563   0.0   0.0  774
 9.650  772.5  90  39  72   1.563   0.0   0.0  776
 9.650  775.0  90  39  72   1.563   0.0   0.0  778
 9.650  777.5  90  39  66   1.563   0.0   0.0  780
 9.650  780.0  90  39  57   1.563   0.0   0.0  782
 9.650 1155.0  90  39  48   1.563 210.0  30.0 1156
 9.650  345.0 -90  36  51   1.563   0.0   0.0  349
 9.650  692.5 -90  36  48   1.563   0.0   0.0  695
 9.650  695.0 -90  36  45   1.563   0.0   0.0  697
 9.650  697.5 -90  36  45   1.563   0.0   0.0  700
 9.650 1020.0 -90  36  45   1.563 210.0  30.0 1022
 9.675  390.0  90  39  54   1.563   0.0   0.0  394
 9.675  392.5  90  39  51   1.563   0.0   0.0  396
 9.675  767.5  90  39  48   1.563   0.0   0.0  770
 9.675  770.0  90  39  54   1.563   0.0   0.0  775
 9.675  772.5  90  39  60   1.563   0.0   0.0  777
 9.675  775.0  90  39  63   1.563   0.0   0.0  779
 9.675  777.5  90  39  66   1.563   0.0   0.0  782
 9.675  780.0  90  39  66   1.563   0.0   0.0  784
 9.675  782.5  90  39  63   1.563   0.0   0.0  786
 9.675  785.0  90  39  54  -1.563   0.0   0.0  789
 9.675  787.5  90  39  51   1.563   0.0   0.0  791
 9.675  790.0  90  39  48   1.563   0.0   0.0  794
 9.675  347.5 -90  36  45   1.563   0.0   0.0  352
 9.675  695.0 -90  36  48  -1.563   0.0   0.0  700
 9.675  697.5 -90  36  54   1.563   0.0   0.0  702
 9.675  700.0 -90  36  48   1.563   0.0   0.0  705
 9.675  702.5 -90  36  45  -1.563   0.0   0.0  705
 9.675 1030.0 -90  36  45   1.563   0.0   0.0 1034
 9.675 1035.0 -90  36  45   1.563   0.0   0.0 1039
 9.700  392.5  90  39  51   1.563   0.0   0.0  396
 9.700  395.0  90  39  54   1.563   0.0   0.0  399
 9.700  397.5  90  39  48   1.563   0.0   0.0  399
 9.700  770.0  90  39  48   1.563   0.0   0.0  774
 9.700  772.5  90  39  51   1.563   0.0   0.0  775
 9.700  775.0  90  39  54   1.563   0.0   0.0  777
 9.700  777.5  90  39  51   1.563   0.0   0.0  783
 9.700  780.0  90  39  57   1.563   0.0   0.0  786
 9.700  782.5  90  39  69   1.563   0.0   0.0  786
 9.700  785.0  90  39  72   1.563   0.0   0.0  788
 9.700  787.5  90  39  69   1.563   0.0   0.0  791
 9.700  790.0  90  39  69   1.563   0.0   0.0  793
 9.700  792.5  90  39  63   1.563   0.0   0.0  795
 9.700  795.0  90  39  60   1.563   0.0   0.0  797
 9.700  797.5  90  39  48   1.563   0.0   0.0  800
 9.700 1177.5  90  39  48   1.563   0.0   0.0 1181
 9.700 1180.0  90  39  48   1.563   0.0   0.0 1180
 9.700 1187.5  90  39  51   1.563   0.0   0.0 1189
 9.700  347.5 -90  36  48   1.563   0.0   0.0  352
 9.700  350.0 -90  36  45  -1.563   0.0   0.0  353
 9.700  697.5 -90  36  51   1.563   0.0   0.0  702
 9.700  700.0 -90  36  51   1.563   0.0   0.0  702
 9.700 1035.0 -90  36  48   1.563   0.0   0.0 1037
 9.725  395.0  90  36  51   1.563   0.0   0.0  398
 9.725  397.5  90  36  54   1.563   0.0   0.0  401
 9.725  400.0  90  36  51   1.563   0.0   0.0  403
 9.725  770.0  90  36  45   1.563   0.0   0.0  774
 9.725  772.5  90  36  45   1.563 150.0  30.0  774
 9.725  775.0  90  36  45   1.563   0.0   0.0  782
 9.725  777.5  90  36  54   1.563   0.0   0.0  779
 9.725  780.0  90  36  57   1.563   0.0   0.0  782
 9.725  782.5  90  36  54   1.563   0.0   0.0  783
 9.725  785.0  90  36  63   1.563   0.0   0.0  787
 9.725  787.5  90  36  69   1.563   0.0   0.0  791
 9.725  790.0  90  36  72   1.563   0.0   0.0  793
 9.725  792.5  90  36  72   1.563   0.0   0.0  795
 9.725  795.0  90  36  72   1.563   0.0   0.0  797
 9.725  797.5  90  36  69   1.563   0.0   0.0  800
 9.725  800.0  90  36  60   1.563   0.0   0.0  801
 9.725  805.0  90  36  48   1.563   0.0   0.0  807
 9.725 1187.5  90  36  45   1.563   0.0   0.0 1187
 9.725 1190.0  90  36  48   4.688   0.0   0.0 1190
 9.725 1192.5  90  36  48   1.563   0.0   0.0 1192
 9.725 1195.0  90  36  51   1.563   0.0   0.0 1195
 9.725 1197.5  90  36  51   4.688   0.0   0.0 1197
 9.725 1202.5  90  36  48   1.563   0.0   0.0 1203
 9.725  347.5 -90  36  48  -1.563   0.0   0.0  351
 9.725  350.0 -90  36  48   1.563   0.0   0.0  351
 9.725  700.0 -90  36  51   1.563   0.0   0.0  703
 9.725 1040.0 -90  36  45   1.563   0.0   0.0 1043
 9.725 1042.5 -90  36  45   1.563   0.0   0.0 1046
 9.750  397.5  90  36  48   1.563   0.0   0.0  402
 9.750  400.0  90  36  54   1.563   0.0   0.0  403
 9.750  402.5  90  36  51   1.563   0.0   0.0  406
 9.750  405.0  90  36  48   1.563   0.0   0.0  409
 9.750  780.0  90  36  48   1.563   0.0   0.0  779
 9.750  782.5  90  36  48   1.563   0.0   0.0  784
 9.750  785.0  90  36  57   1.563   0.0   0.0  788
 9.750  787.5  90  36  57   1.563   0.0   0.0  788
 9.750  790.0  90  36  57   1.563   0.0   0.0  794
 9.750  792.5  90  36  57   1.563   0.0   0.0  791
 9.750  795.0  90  36  66   1.563   0.0   0.0  798
 9.750  797.5  90  36  66   1.563   0.0   0.0  801
 9.750  800.0  90  36  66   1.563   0.0   0.0  804
 9.750  802.5  90  36  66   1.563   0.0   0.0  806
 9.750  805.0  90  36  66   1.563   0.0   0.0  808
 9.750  807.5  90  36  66   1.563   0.0   0.0  810
 9.750  810.0  90  36  60   1.563   0.0   0.0  812
 9.750  812.5  90  36  48   1.563   0.0   0.0  815
 9.750 1197.5  90  36  48   1.563   0.0   0.0 1197
 9.750 1200.0  90  36  48   4.688   0.0   0.0 1202
 9.750 1202.5  90  36  48   4.688   0.0   0.0 1203
 9.750 1205.0  90  36  48   4.688   0.0   0.0 1206
 9.750 1207.5  90  36  45   4.688   0.0   0.0 1207
 9.750 1210.0  90  36  48   1.563   0.0   0.0 1212
 9.750 1212.5  90  36  51   1.563   0.0   0.0 1214
 9.750 1217.5  90  36  45   4.688   0.0   0.0 1218
 9.750 1222.5  90  36  45   1.563   0.0   0.0 1224
 9.750 1225.0  90  36  45   1.563   0.0   0.0 1229
 9.750  347.5 -90  36  45  -1.563   0.0   0.0  354
 9.750  350.0 -90  36  51   1.563   0.0   0.0  353
 9.750  700.0 -90  36  48   1.563   0.0   0.0  704
 9.750  702.5 -90  36  54   1.563   0.0   0.0  706
 9.750  705.0 -90  36  45   1.563   0.0   0.0  708
 9.750 1040.0 -90  36  48   1.563   0.0   0.0 1043
 9.750 1042.5 -90  36  45   1.563   0.0   0.0 1044
 9.750 1045.0 -90  36  45   1.563   0.0   0.0 1049
 9.775  402.5  90  39  48   1.563   0.0   0.0  406
 9.775  405.0  90  39  54   1.563   0.0   0.0  410
 9.775  407.5  90  39  54   1.563   0.0   0.0  411
 9.775  790.0  90  39  51   1.563   0.0   0.0  792
 9.775  792.5  90  39  54   1.563   0.0   0.0  796
 9.775  795.0  90  39  57   1.563   0.0   0.0  797
 9.775  797.5  90  39  57   1.563   0.0   0.0  800
 9.775  800.0  90  39  63   1.563   0.0   0.0  802
 9.775  802.5  90  39  60   1.563   0.0   0.0  810
 9.775  805.0  90  39  63   1.563   0.0   0.0  808
 9.775  807.5  90  39  63   1.563   0.0   0.0  814
 9.775  810.0  90  39  63   1.563   0.0   0.0  814
 9.775  812.5  90  39  57   1.563   0.0   0.0  815
 9.775  815.0  90  39  54   1.563   0.0   0.0  818
 9.775  817.5  90  39  54   1.563   0.0   0.0  820
 9.775  820.0  90  39  48   1.563   0.0   0.0  824
 9.775 1217.5  90  39  48   1.563   0.0   0.0 1218
 9.775 1220.0  90  39  48   1.563 210.0  30.0 1222
 9.775 1222.5  90  39  48   4.688   0.0   0.0 1225
 9.775 1225.0  90  39  51   1.563   0.0   0.0 1226
 9.775 1227.5  90  39  51   1.563   0.0   0.0 1229
 9.775 1230.0  90  39  48   4.688   0.0   0.0 1232
 9.775  350.0 -90  36  54   1.563   0.0   0.0  354
 9.775  352.5 -90  36  45  -1.563   0.0   0.0  353
 9.775  702.5 -90  36  51   1.563   0.0   0.0  707
 9.775  705.0 -90  36  54   1.563   0.0   0.0  709
 9.775  707.5 -90  36  45   1.563   0.0   0.0  712
 9.775 1045.0 -90  36  48   1.563   0.0   0.0 1047
 9.775 1050.0 -90  36  48   1.563   0.0   0.0 1053
 9.775 1052.5 -90  36  45   1.563   0.0   0.0 1058
 9.800  405.0  90  36  48   1.563   0.0   0.0  411
 9.800  407.5  90  36  54   1.563   0.0   0.0  410
 9.800  410.0  90  36  54   1.563   0.0   0.0  413
 9.800  412.5  90  36  51   1.563   0.0   0.0  415
 9.800  415.0  90  36  45  -1.563   0.0   0.0  417
 9.800  795.0  90  36  48   1.563   0.0   0.0  795
 9.800  797.5  90  36  48   1.563   0.0   0.0  802
 9.800  800.0  90  36  54   1.563   0.0   0.0  802
 9.800  802.5  90  36  57   1.563   0.0   0.0  803
 9.800  805.0  90  36  60   1.563   0.0   0.0  807
 9.800  807.5  90  36  63   1.563   0.0   0.0  809
 9.800  810.0  90  36  57   1.563   0.0   0.0  814
 9.800  812.5  90  36  60   1.563   0.0   0.0  814
 9.800  815.0  90  36  54   1.563   0.0   0.0  815
 9.800  817.5  90  36  54   1.563   0.0   0.0  820
 9.800  820.0  90  36  51   1.563   0.0   0.0  822
 9.800  822.5  90  36  51   1.563   0.0   0.0  825
 9.800  825.0  90  36  48  -1.563   0.0   0.0  830
 9.800  827.5  90  36  48   1.563   0.0   0.0  831
 9.800  830.0  90  36  45   1.563   0.0   0.0  833
 9.800  832.5  90  36  45   1.563   0.0   0.0  835
 9.800 1222.5  90  36  45   1.563   0.0   0.0 1218
 9.800 1225.0  90  36  45   1.563   0.0   0.0 1227
 9.800 1227.5  90  36  45   1.563   0.0   0.0 1226
 9.800 1230.0  90  36  51   1.563   0.0   0.0 1230
 9.800 1232.5  90  36  48   4.688   0.0   0.0 1232
 9.800 1235.0  90  36  48   4.688   0.0   0.0 1236
 9.800 1237.5  90  36  45   1.563   0.0   0.0 1239
 9.800 1240.0  90  36  48   1.563   0.0   0.0 1241
 9.800 1242.5  90  36  45   1.563 210.0  30.0 1242
 9.800 1245.0  90  36  48   1.563   0.0   0.0 1246
 9.800 1247.5  90  36  45   4.688   0.0   0.0 1248
 9.800 1250.0  90  36  45   1.563   0.0   0.0 1251
 9.800  350.0 -90  36  51   1.563   0.0   0.0  355
 9.800  352.5 -90  36  54   1.563   0.0   0.0  356
 9.800  355.0 -90  36  45   1.563   0.0   0.0  359
 9.800  705.0 -90  36  48   1.563   0.0   0.0  709
 9.800  707.5 -90  36  51   1.563   0.0   0.0  711
 9.800  710.0 -90  36  45   1.563   0.0   0.0  711
 9.800 1047.5 -90  36  45   1.563   0.0   0.0 1049
 9.800 1052.5 -90  36  45   1.563   0.0   0.0 1055
 9.800 1055.0 -90  36  48   1.563   0.0   0.0 1057
 9.825  410.0  90  36  48   1.563   0.0   0.0  413
 9.825  412.5  90  36  54   1.563   0.0   0.0  416
 9.825  415.0  90  36  57   1.563   0.0   0.0  419
 9.825  417.5  90  36  54   1.563   0.0   0.0  421
 9.825  420.0  90  36  48   1.563   0.0   0.0  421
 9.825  802.5  90  36  45   1.563   0.0   0.0  799
 9.825  805.0  90  36  48   1.563   0.0   0.0  811
 9.825  807.5  90  36  54   1.563   0.0   0.0  809
 9.825  810.0  90  36  57   1.563   0.0   0.0  811
 9.825  812.5  90  36  60   1.563   0.0   0.0  814
 9.825  815.0  90  36  60   1.563   0.0   0.0  817
 9.825  817.5  90  36  57   1.563   0.0   0.0  819
 9.825  820.0  90  36  60   1.563   0.0   0.0  822
 9.825  822.5  90  36  63   1.563   0.0   0.0  823
 9.825  825.0  90  36  66   1.563   0.0   0.0  828
 9.825  827.5  90  36  60   1.563   0.0   0.0  830
 9.825  830.0  90  36  51  -1.563 210.0  30.0  835
 9.825  832.5  90  36  51   1.563   0.0   0.0  835
 9.825  835.0  90  36  51  -1.563   0.0   0.0  840
 9.825  837.5  90  36  51   1.563   0.0   0.0  841
 9.825  840.0  90  36  45   1.563   0.0   0.0  842
 9.825  842.5  90  36  45   1.563   0.0   0.0  845
 9.825 1245.0  90  36  45   4.688   0.0   0.0 1246
 9.825 1247.5  90  36  48   1.563   0.0   0.0 1247
 9.825 1250.0  90  36  48   1.563   0.0   0.0 1249
 9.825 1252.5  90  36  45   4.688   0.0   0.0 1254
 9.825 1255.0  90  36  48   1.563   0.0   0.0 1256
 9.825 1257.5  90  36  45   4.688   0.0   0.0 1258
 9.825  350.0 -90  36  45   1.563   0.0   0.0  356
 9.825  352.5 -90  36  60   1.563   0.0   0.0  357
 9.825  355.0 -90  36  54  -1.563   0.0   0.0  358
 9.825  707.5 -90  36  45   1.563   0.0   0.0  712
 9.825  710.0 -90  36  45   1.563   0.0   0.0  712
 9.825 1057.5 -90  36  45   1.563   0.0   0.0 1061
 9.850  415.0  90  36  51   1.563   0.0   0.0  419
 9.850  417.5  90  36  57   1.563   0.0   0.0  422
 9.850  420.0  90  36  57   1.563   0.0   0.0  424
 9.850  422.5  90  36  54   1.563   0.0   0.0  426
 9.850  425.0  90  36  45   1.563   0.0   0.0  428
 9.850  812.5  90  36  48   1.563   0.0   0.0  816
 9.850  815.0  90  36  48   1.563   0.0   0.0  816
 9.850  817.5  90  36  57   1.563   0.0   0.0  820
 9.850  820.0  90  36  60   1.563   0.0   0.0  821
 9.850  822.5  90  36  60   1.563   0.0   0.0  824
 9.850  825.0  90  36  60   1.563   0.0   0.0  826
 9.850  827.5  90  36  60   1.563   0.0   0.0  830
 9.850  830.0  90  36  54   1.563   0.0   0.0  829
 9.850  832.5  90  36  63   1.563   0.0   0.0  835
 9.850  835.0  90  36  60   1.563   0.0   0.0  837
 9.850  837.5  90  36  60   1.563   0.0   0.0  839
 9.850  840.0  90  36  54   1.563   0.0   0.0  843
 9.850  842.5  90  36  57   1.563   0.0   0.0  845
 9.850  845.0  90  36  57   1.563   0.0   0.0  847
 9.850  847.5  90  36  51   1.563   0.0   0.0  850
 9.850  855.0  90  36  45   1.563   0.0   0.0  857
 9.850  890.0  90  36  45   1.563   0.0   0.0  899
 9.850 1272.5  90  36  45   1.563   0.0   0.0 1271
 9.850 1277.5  90  36  45   4.688   0.0   0.0 1278
 9.850  352.5 -90  36  60   1.563   0.0   0.0  358
 9.850  355.0 -90  36  60   1.563   0.0   0.0  358
 9.850  712.5 -90  36  45  -1.563   0.0   0.0  713
 9.850 1062.5 -90  36  45   1.563   0.0   0.0 1066
 9.875  420.0  90  36  51   1.563   0.0   0.0  424
 9.875  422.5  90  36  57   1.563   0.0   0.0  426
 9.875  425.0  90  36  57   1.563   0.0   0.0  429
 9.875  427.5  90  36  54   1.563   0.0   0.0  431
 9.875  430.0  90  36  51   1.563   0.0   0.0  433
 9.875  790.0  90  36  45   1.563   0.0   0.0  796
 9.875  822.5  90  36  51   1.563   0.0   0.0  824
 9.875  825.0  90  36  54   1.563   0.0   0.0  829
 9.875  827.5  90  36  54   1.563   0.0   0.0  829
 9.875  830.0  90  36  60   1.563   0.0   0.0  833
 9.875  832.5  90  36  63   1.563   0.0   0.0  835
 9.875  835.0  90  36  63   1.563   0.0   0.0  837
 9.875  837.5  90  36  60   1.563   0.0   0.0  838
 9.875  840.0  90  36  60   1.563   0.0   0.0  842
 9.875  842.5  90  36  57   1.563   0.0   0.0  845
 9.875  845.0  90  36  54   1.563   0.0   0.0  844
 9.875  847.5  90  36  51   1.563   0.0   0.0  849
 9.875  852.5  90  36  54   1.563   0.0   0.0  856
 9.875  855.0  90  36  60   1.563   0.0   0.0  858
 9.875  857.5  90  36  57   1.563   0.0   0.0  860
 9.875  860.0  90  36  57   1.563   0.0   0.0  864
 9.875  862.5  90  36  54   1.563   0.0   0.0  865
 9.875  865.0  90  36  51   1.563   0.0   0.0  868
 9.875  867.5  90  36  51   1.563   0.0   0.0  870
 9.875  870.0  90  36  48  -1.563   0.0   0.0  872
 9.875  352.5 -90  36  54   1.563   0.0   0.0  358
 9.875  355.0 -90  36  63   1.563   0.0   0.0  359
 9.875  357.5 -90  36  54   1.563   0.0   0.0  360
 9.875 1060.0 -90  36  45   1.563   0.0   0.0 1064
 9.900  425.0  90  36  48   1.563   0.0   0.0  430
 9.900  427.5  90  36  54   1.563   0.0   0.0  431
 9.900  430.0  90  36  57   1.563   0.0   0.0  433
 9.900  432.5  90  36  57   1.563   0.0   0.0  436
 9.900  435.0  90  36  54   1.563   0.0   0.0  439
 9.900  437.5  90  36  48   1.563   0.0   0.0  441
 9.900  832.5  90  36  48   1.563   0.0   0.0  837
 9.900  835.0  90  36  54   1.563   0.0   0.0  835
 9.900  837.5  90  36  54   1.563   0.0   0.0  839
 9.900  840.0  90  36  60   1.563   0.0   0.0  842
 9.900  842.5  90  36  63   1.563   0.0   0.0  844
 9.900  845.0  90  36  63   1.563   0.0   0.0  846
 9.900  847.5  90  36  63   1.563   0.0   0.0  849
 9.900  850.0  90  36  63   1.563   0.0   0.0  852
 9.900  852.5  90  36  60   1.563   0.0   0.0  854
 9.900  855.0  90  36  63   1.563   0.0   0.0  857
 9.900  857.5  90  36  51   1.563 150.0  30.0  843
 9.900  860.0  90  36  63   1.563   0.0   0.0  862
 9.900  862.5  90  36  60   1.563   0.0   0.0  867
 9.900  865.0  90  36  57   1.563   0.0   0.0  867
 9.900  867.5  90  36  54   1.563   0.0   0.0  869
 9.900  870.0  90  36  57   1.563   0.0   0.0  873
 9.900  872.5  90  36  57   1.563   0.0   0.0  876
 9.900  875.0  90  36  57   1.563   0.0   0.0  878
 9.900  877.5  90  36  54   1.563   0.0   0.0  881
 9.900  880.0  90  36  51   1.563   0.0   0.0  883
 9.900  882.5  90  36  45   1.563   0.0   0.0  885
 9.900  352.5 -90  36  45  -1.563   0.0   0.0  358
 9.900  355.0 -90  36  60   1.563   0.0   0.0  360
 9.900  357.5 -90  36  60   1.563   0.0   0.0  360
 9.900  360.0 -90  36  45   1.563   0.0   0.0  363
 9.900  717.5 -90  36  45   1.563   0.0   0.0  722
 9.900  735.0 -90  36  45  -1.563   0.0   0.0  743
 9.900 1060.0 -90  36  45   1.563   0.0   0.0 1063
 9.925  432.5  90  36  48   1.563   0.0   0.0  438
 9.925  435.0  90  36  51   1.563   0.0   0.0  438
 9.925  437.5  90  36  57   1.563   0.0   0.0  440
 9.925  440.0  90  36  57   1.563   0.0   0.0  443
 9.925  442.5  90  36  54   1.563   0.0   0.0  446
 9.925  445.0  90  36  51   1.563   0.0   0.0  449
 9.925  447.5  90  36  45  -1.563   0.0   0.0  448
 9.925  842.5  90  36  48   1.563   0.0   0.0  842
 9.925  845.0  90  36  51   1.563   0.0   0.0  849
 9.925  847.5  90  36  57   1.563   0.0   0.0  848
 9.925  850.0  90  36  60   1.563   0.0   0.0  852
 9.925  852.5  90  36  63   1.563   0.0   0.0  855
 9.925  855.0  90  36  63   1.563   0.0   0.0  856
 9.925  857.5  90  36  63   1.563   0.0   0.0  858
 9.925  860.0  90  36  63   1.563   0.0   0.0  861
 9.925  862.5  90  36  63   1.563   0.0   0.0  864
 9.925  865.0  90  36  60   1.563   0.0   0.0  867
 9.925  867.5  90  36  60   1.563   0.0   0.0  869
 9.925  870.0  90  36  57   1.563   0.0   0.0  869
 9.925  872.5  90  36  60   1.563   0.0   0.0  876
 9.925  875.0  90  36  60   1.563   0.0   0.0  877
 9.925  877.5  90  36  63   1.563   0.0   0.0  880
 9.925  880.0  90  36  60   1.563   0.0   0.0  883
 9.925  882.5  90  36  60   1.563   0.0   0.0  885
 9.925  885.0  90  36  57   1.563   0.0   0.0  888
 9.925  887.5  90  36  57   1.563   0.0   0.0  891
 9.925  890.0  90  36  57   1.563   0.0   0.0  894
 9.925  892.5  90  36  54   1.563   0.0   0.0  895
 9.925  895.0  90  36  51   1.563   0.0   0.0  896
 9.925  897.5  90  36  45   1.563   0.0   0.0  901
 9.925  900.0  90  36  45   1.563   0.0   0.0  899
 9.925  355.0 -90  36  51   1.563   0.0   0.0  361
 9.925  357.5 -90  36  63   1.563   0.0   0.0  361
 9.925  360.0 -90  36  54   1.563   0.0   0.0  362
 9.925  717.5 -90  36  48   1.563   0.0   0.0  721
 9.925 1060.0 -90  36  48   1.563   0.0   0.0 1062
 9.925 1065.0 -90  36  51   1.563   0.0   0.0 1067
 9.925 1067.5 -90  36  45   1.563   0.0   0.0 1067
 9.950  420.0  90  36  45   1.563   0.0   0.0  425
 9.950  437.5  90  36  45   1.563   0.0   0.0  439
 9.950  440.0  90  36  51   1.563   0.0   0.0  444
 9.950  442.5  90  36  54   1.563   0.0   0.0  445
 9.950  445.0  90  36  57   1.563   0.0   0.0  448
 9.950  447.5  90  36  57   1.563   0.0   0.0  450
 9.950  450.0  90  36  57   1.563   0.0   0.0  453
 9.950  452.5  90  36  54   1.563   0.0   0.0  455
 9.950  455.0  90  36  48   1.563   0.0   0.0  458
 9.950  850.0  90  36  45   4.688   0.0   0.0  850
 9.950  855.0  90  36  51   1.563   0.0   0.0  853
 9.950  857.5  90  36  51   1.563   0.0   0.0  861
 9.950  860.0  90  36  54   1.563   0.0   0.0  861
 9.950  862.5  90  36  60   1.563   0.0   0.0  864
 9.950  865.0  90  36  60   1.563   0.0   0.0  866
 9.950  867.5  90  36  60   1.563   0.0   0.0  869
 9.950  870.0  90  36  63   1.563   0.0   0.0  871
 9.950  872.5  90  36  63   1.563   0.0   0.0  874
 9.950  875.0  90  36  63   1.563   0.0   0.0  877
 9.950  877.5  90  36  60   1.563   0.0   0.0  878
 9.950  880.0  90  36  60   1.563   0.0   0.0  882
 9.950  882.5  90  36  54   1.563   0.0   0.0  883
 9.950  885.0  90  36  57   1.563   0.0   0.0  887
 9.950  887.5  90  36  54   1.563   0.0   0.0  892
 9.950  890.0  90  36  51   1.563   0.0   0.0  893
 9.950  892.5  90  36  54   1.563   0.0   0.0  895
 9.950  895.0  90  36  54   1.563   0.0   0.0  898
 9.950  897.5  90  36  51   1.563   0.0   0.0  900
 9.950  900.0  90  36  45   1.563   0.0   0.0  903
 9.950  902.5  90  36  45   1.563   0.0   0.0  905
 9.950  907.5  90  36  45   1.563   0.0   0.0  913
 9.950  910.0  90  36  45   1.563   0.0   0.0  910
 9.950  915.0  90  36  45   1.563   0.0   0.0  918
 9.950  920.0  90  36  45   1.563   0.0   0.0  922
 9.950  357.5 -90  36  57   1.563   0.0   0.0  362
 9.950  360.0 -90  36  60   1.563   0.0   0.0  363
 9.950 1062.5 -90  36  51   1.563   0.0   0.0 1064
 9.950 1065.0 -90  36  54   1.563   0.0   0.0 1068
 9.950 1067.5 -90  36  51   1.563   0.0   0.0 1068
 9.975  445.0  90  36  45   1.563   0.0   0.0  454
 9.975  447.5  90  36  51   1.563   0.0   0.0  446
 9.975  450.0  90  36  57   1.563   0.0   0.0  449
 9.975  452.5  90  36  57   1.563   0.0   0.0  444
 9.975  455.0  90  36  57   1.563   0.0   0.0  451
 9.975  457.5  90  36  57   1.563   0.0   0.0  448
 9.975  460.0  90  36  54   1.563   0.0   0.0  447
 9.975  462.5  90  36  48   1.563   0.0   0.0  473
 9.975  465.0  90  36  48   1.563   0.0   0.0  453
 9.975  467.5  90  36  45   1.563   0.0   0.0  459
 9.975  870.0  90  36  48   1.563   0.0   0.0  880
 9.975  872.5  90  36  51   1.563   0.0   0.0  876
 9.975  875.0  90  36  54   1.563   0.0   0.0  870
 9.975  877.5  90  36  54   1.563   0.0   0.0  875
 9.975  880.0  90  36  51   1.563   0.0   0.0  895
 9.975  882.5  90  36  51   1.563   0.0   0.0  880
 9.975  885.0  90  36  51   1.563   0.0   0.0  893
 9.975  887.5  90  36  48   1.563   0.0   0.0  902
 9.975  890.0  90  36  45   1.563   0.0   0.0  886
 9.975  895.0  90  36  51   1.563   0.0   0.0  892
 9.975  900.0  90  36  51   1.563   0.0   0.0  894
 9.975  902.5  90  36  45  -1.563 150.0  30.0  915
 9.975  905.0  90  36  45   1.563   0.0   0.0  910
 9.975  920.0  90  36  45   1.563   0.0   0.0  926
 9.975  922.5  90  36  48   1.563   0.0   0.0  926
 9.975  925.0  90  36  48   1.563   0.0   0.0  933
 9.975  927.5  90  36  48   1.563   0.0   0.0  922
 9.975  930.0  90  36  48   1.563   0.0   0.0  925
 9.975  932.5  90  36  51   1.563   0.0   0.0  939
 9.975  935.0  90  36  51   1.563   0.0   0.0  950
 9.975  937.5  90  36  48   1.563   0.0   0.0  931
 9.975  940.0  90  36  48   1.563   0.0   0.0  932
 9.975  942.5  90  36  48   1.563   0.0   0.0  949
 9.975  945.0  90  36  45   1.563   0.0   0.0  941
 9.975  947.5  90  36  45   1.563   0.0   0.0  948
 9.975  357.5 -90  36  48   1.563   0.0   0.0  364
 9.975  360.0 -90  36  60   1.563   0.0   0.0  357
 9.975  362.5 -90  36  57   1.563   0.0   0.0  372
 9.975  722.5 -90  36  48   1.563   0.0   0.0  728
 9.975  725.0 -90  36  51   1.563   0.0   0.0  736
 9.975  727.5 -90  36  45   1.563   0.0   0.0  737
 9.975 1065.0 -90  36  48   1.563   0.0   0.0 1073
 9.975 1067.5 -90  36  54   1.563   0.0   0.0 1065
 9.975 1070.0 -90  36  51   1.563   0.0   0.0 1072
 9.975 1072.5 -90  36  51   1.563   0.0   0.0 1077
 9.975 1077.5 -90  36  45   1.563   0.0   0.0 1080
10.025  465.0  90  36  48   1.563   0.0   0.0  471
10.025  467.5  90  36  48   1.563   0.0   0.0  470
10.025  470.0  90  36  45   1.563   0.0   0.0  473
10.025  472.5  90  36  45   1.563   0.0   0.0  476
10.025  475.0  90  36  51   1.563   0.0   0.0  478
10.025  477.5  90  36  54   1.563   0.0   0.0  480
10.025  480.0  90  36  51   1.563   0.0   0.0  482
10.025  482.5  90  36  48   1.563   0.0   0.0  486
10.025  485.0  90  36  51   1.563   0.0   0.0  488
10.025  487.5  90  36  48   1.563   0.0   0.0  490
10.025  940.0  90  36  45   1.563   0.0   0.0  942
10.025  942.5  90  36  45   1.563   0.0   0.0  945
10.025  945.0  90  36  48   1.563   0.0   0.0  948
10.025  947.5  90  36  48   1.563   0.0   0.0  951
10.025  950.0  90  36  48   1.563   0.0   0.0  950
10.025  952.5  90  36  51   1.563   0.0   0.0  956
10.025  955.0  90  36  54   1.563   0.0   0.0  958
10.025  957.5  90  36  54   1.563   0.0   0.0  960
10.025  960.0  90  36  54   1.563   0.0   0.0  962
10.025  962.5  90  36  54   1.563   0.0   0.0  966
10.025  965.0  90  36  54   1.563   0.0   0.0  968
10.025  967.5  90  36  51   1.563   0.0   0.0  970
10.025  970.0  90  36  51   1.563   0.0   0.0  972
10.025  972.5  90  36  51   1.563   0.0   0.0  975
10.025  975.0  90  36  51   1.563   0.0   0.0  978
10.025  977.5  90  36  51   1.563   0.0   0.0  980
10.025  980.0  90  36  51   1.563   0.0   0.0  983
10.025  982.5  90  36  51   1.563   0.0   0.0  986
10.025  985.0  90  36  48   1.563   0.0   0.0  987
10.025  987.5  90  36  48   1.563   0.0   0.0  990
10.025  990.0  90  36  45   1.563   0.0   0.0  992
10.025  992.5  90  36  45   1.563   0.0   0.0  996
10.025  995.0  90  36  45   1.563   0.0   0.0  997
10.025  360.0 -90  36  45   1.563   0.0   0.0  365
10.025  362.5 -90  36  60   1.563   0.0   0.0  368
10.025  365.0 -90  36  60   1.563   0.0   0.0  368
10.025  367.5 -90  36  45   1.563   0.0   0.0  369
10.025  725.0 -90  36  45   1.563   0.0   0.0  731
10.025  727.5 -90  36  54   1.563   0.0   0.0  731
10.025  730.0 -90  36  48   1.563   0.0   0.0  734
10.025 1075.0 -90  36  51   1.563   0.0   0.0 1077
10.025 1082.5 -90  36  48   1.563   0.0   0.0 1086
10.025 1085.0 -90  36  48   1.563   0.0   0.0 1087
10.050  477.5  90  36  45   1.563   0.0   0.0  478
10.050  482.5  90  36  48   1.563   0.0   0.0  487
10.050  485.0  90  36  51   1.563   0.0   0.0  489
10.050  487.5  90  36  51   1.563   0.0   0.0  490
10.050  490.0  90  36  45   1.563   0.0   0.0  491
10.050  492.5  90  36  45   1.563   0.0   0.0  496
10.050  495.0  90  36  51   1.563   0.0   0.0  498
10.050  497.5  90  36  54   1.563   0.0   0.0  500
10.050  500.0  90  36  51   1.563   0.0   0.0  503
10.050  502.5  90  36  45   1.563   0.0   0.0  506
10.050  977.5  90  36  45   1.563   0.0   0.0  980
10.050  980.0  90  36  45   1.563   0.0   0.0  981
10.050  982.5  90  36  48   1.563   0.0   0.0  987
10.050  985.0  90  36  48   1.563   0.0   0.0  989
10.050  987.5  90  36  51   1.563   0.0   0.0  990
10.050  990.0  90  36  51   1.563   0.0   0.0  992
10.050  992.5  90  36  48   1.563   0.0   0.0  995
10.050  995.0  90  36  45   1.563   0.0   0.0  998
10.050  997.5  90  36  45   1.563   0.0   0.0 1001
10.050 1005.0  90  36  45   1.563   0.0   0.0 1006
10.050 1007.5  90  36  45   1.563   0.0   0.0 1011
10.050 1010.0  90  36  45   1.563   0.0   0.0 1014
10.050 1012.5  90  36  45   1.563   0.0   0.0 1015
10.050 1015.0  90  36  45   1.563   0.0   0.0 1018
10.050 1017.5  90  36  45   1.563   0.0   0.0 1020
10.050  362.5 -90  36  51  -1.563   0.0   0.0  368
10.050  365.0 -90  36  63   1.563   0.0   0.0  369
10.050  367.5 -90  36  54   1.563   0.0   0.0  370
10.050  727.5 -90  36  48   1.563   0.0   0.0  731
10.050  730.0 -90  36  48   1.563   0.0   0.0  733
10.050  732.5 -90  36  48   1.563   0.0   0.0  736
10.050 1077.5 -90  36  45   4.688   0.0   0.0 1080
10.050 1080.0 -90  36  45   1.563   0.0   0.0 1081
10.050 1085.0 -90  36  48   1.563   0.0   0.0 1086
10.050 1087.5 -90  36  45   1.563   0.0   0.0 1090
10.050 1090.0 -90  36  45   1.563   0.0   0.0 1093
10.075  490.0  90  36  45   1.563   0.0   0.0  493
10.075  492.5  90  36  45   1.563   0.0   0.0  496
10.075  495.0  90  36  51   1.563   0.0   0.0  498
10.075  497.5  90  36  54   1.563   0.0   0.0  500
10.075  500.0  90  36  51   1.563   0.0   0.0  502
10.075  502.5  90  36  48   1.563   0.0   0.0  504
10.075  510.0  90  36  45   1.563   0.0   0.0  512
10.075  512.5  90  36  48   1.563   0.0   0.0  516
10.075  515.0  90  36  51   1.563   0.0   0.0  518
10.075  517.5  90  36  48   1.563   0.0   0.0  520
10.075  520.0  90  36  48   1.563   0.0   0.0  522
10.075  535.0  90  36  45   1.563   0.0   0.0  538
10.075  537.5  90  36  45   1.563   0.0   0.0  540
10.075 1052.5  90  36  45   1.563   0.0   0.0 1055
10.075 1055.0  90  36  45   1.563   0.0   0.0 1058
10.075 1080.0  90  36  45   1.563   0.0   0.0 1082
10.075  365.0 -90  36  57   1.563   0.0   0.0  370
10.075  367.5 -90  36  63   1.563   0.0   0.0  371
10.075  370.0 -90  36  45   1.563   0.0   0.0  371
10.075  732.5 -90  36  48   1.563   0.0   0.0  736
10.075  735.0 -90  36  45   1.563   0.0   0.0  738
10.075 1087.5 -90  36  45   1.563   0.0   0.0 1088
10.100  515.0  90  36  45   1.563   0.0   0.0  518
10.100  517.5  90  36  45   1.563   0.0   0.0  522
10.100  520.0  90  36  45   1.563   0.0   0.0  522
10.100  522.5  90  36  48   1.563   0.0   0.0  526
10.100  525.0  90  36  45   1.563   0.0   0.0  529
10.100  527.5  90  36  45   1.563   0.0   0.0  531
10.100  530.0  90  36  45   1.563   0.0   0.0  534
10.100  532.5  90  36  48   1.563   0.0   0.0  536
10.100  535.0  90  36  51   1.563   0.0   0.0  537
10.100  537.5  90  36  51   1.563   0.0   0.0  539
10.100  540.0  90  36  51   1.563   0.0   0.0  542
10.100  542.5  90  36  51   1.563   0.0   0.0  545
10.100  545.0  90  36  48   1.563   0.0   0.0  548
10.100  547.5  90  36  45   1.563   0.0   0.0  549
10.100  550.0  90  36  45   1.563   0.0   0.0  553
10.100 1110.0  90  36  45   1.563   0.0   0.0 1112
10.100  365.0 -90  36  45  -1.563   0.0   0.0  373
10.100  367.5 -90  36  63   1.563   0.0   0.0  372
10.100  370.0 -90  36  57   1.563   0.0   0.0  372
10.100  735.0 -90  36  45   1.563   0.0   0.0  739
10.100  740.0 -90  36  48   1.563   0.0   0.0  744
10.100 1085.0 -90  36  45   1.563   0.0   0.0 1086
10.100 1095.0 -90  36  45   1.563   0.0   0.0 1099
10.125  535.0  90  36  45   1.563   0.0   0.0  538
10.125  540.0  90  36  45   1.563   0.0   0.0  543
10.125  545.0  90  36  45   1.563   0.0   0.0  547
10.125  550.0  90  36  45   1.563   0.0   0.0  553
10.125  560.0  90  36  45   1.563   0.0   0.0  565
10.125  602.5  90  36  45   1.563   0.0   0.0  604
10.125  367.5 -90  36  54   1.563   0.0   0.0  373
10.125  370.0 -90  36  66   1.563   0.0   0.0  374
10.125  372.5 -90  36  54   1.563   0.0   0.0  375
10.125  375.0 -90  36  45   1.563   0.0   0.0  376
10.125  740.0 -90  36  45   1.563   0.0   0.0  745
10.125  742.5 -90  36  48   1.563   0.0   0.0  746
10.125 1092.5 -90  36  48   1.563   0.0   0.0 1093
10.125 1095.0 -90  36  48   1.563   0.0   0.0 1097
10.150  575.0  90  36  45   1.563   0.0   0.0  577
10.150  577.5  90  36  45   1.563   0.0   0.0  581
10.150  585.0  90  36  45   1.563   0.0   0.0  589
10.150  592.5  90  36  45   1.563   0.0   0.0  596
10.150  595.0  90  36  45   1.563   0.0   0.0  597
10.150  602.5  90  36  45   1.563   0.0   0.0  605
10.150  610.0  90  36  45   1.563   0.0   0.0  613
10.150  620.0  90  36  45   1.563   0.0   0.0  622
10.150  642.5  90  36  45   1.563   0.0   0.0  646
10.150  747.5  90  36  45   1.563   0.0   0.0  750
10.150  367.5 -90  36  45   1.563   0.0   0.0  372
10.150  370.0 -90  36  63   1.563   0.0   0.0  375
10.150  372.5 -90  36  66   1.563   0.0   0.0  376
10.150  375.0 -90  36  57   1.563   0.0   0.0  377
10.150  742.5 -90  36  45   1.563   0.0   0.0  746
10.150 1097.5 -90  36  48   1.563   0.0   0.0 1098
10.150 1100.0 -90  36  45   1.563   0.0   0.0 1101
10.150 1110.0 -90  36  45   1.563   0.0   0.0 1111
10.175  627.5  90  72  81   1.563   0.0   0.0  629
10.175  640.0  90  72  84   1.563   0.0   0.0  642
10.175  370.0 -90  72  87   1.563   0.0   0.0  375
10.175  372.5 -90  72 102   1.563   0.0   0.0  377
10.175  375.0 -90  72 102   1.563   0.0   0.0  378
10.175  377.5 -90  72  87   1.563   0.0   0.0  379
10.175  750.0 -90  72  81   1.563   0.0   0.0  754
10.175  752.5 -90  72  81   1.563   0.0   0.0  755
10.175 1110.0 -90  72  84   1.563   0.0   0.0 1111
10.200  637.5  90  69  78   1.563   0.0   0.0  639
10.200  640.0  90  69  78   1.563   0.0   0.0  639
10.200  650.0  90  69  78   1.563   0.0   0.0  654
10.200  652.5  90  69  78   1.563   0.0   0.0  656
10.200  372.5 -90  72  93   1.563   0.0   0.0  378
10.200  375.0 -90  72 102   1.563   0.0   0.0  379
10.200  377.5 -90  72  93   1.563   0.0   0.0  380
10.200  752.5 -90  72  81   1.563   0.0   0.0  755
10.200  755.0 -90  72  81   1.563   0.0   0.0  758
10.200  757.5 -90  72  81   1.563   0.0   0.0  760
10.200 1110.0 -90  72  84   1.563   0.0   0.0 1112
10.200 1117.5 -90  72  81   1.563   0.0   0.0 1119
10.200 1120.0 -90  72  81   1.563   0.0   0.0 1121
10.225  375.0 -90  36  57   1.563   0.0   0.0  380
10.225  377.5 -90  36  60   1.563   0.0   0.0  381
10.225  755.0 -90  36  45   1.563   0.0   0.0  758
10.225  757.5 -90  36  48   1.563   0.0   0.0  761
10.225 1120.0 -90  36  45   1.563   0.0   0.0 1123
10.225 1127.5 -90  36  45   1.563   0.0   0.0 1129
10.250  377.5 -90  36  54   1.563   0.0   0.0  382
10.250  380.0 -90  36  57   1.563   0.0   0.0  383
10.250  382.5 -90  36  48   1.563   0.0   0.0  385
10.250  760.0 -90  36  45   1.563   0.0   0.0  762
10.250  762.5 -90  36  45   1.563   0.0   0.0  765
10.275  380.0 -90  36  57   1.563   0.0   0.0  384
10.275  382.5 -90  36  60   1.563   0.0   0.0  386
10.275  385.0 -90  36  48   1.563   0.0   0.0  387
10.275  762.5 -90  36  45   1.563   0.0   0.0  765
10.300  380.0 -90  36  45   1.563   0.0   0.0  385
10.300  382.5 -90  36  60   1.563   0.0   0.0  387
10.300  385.0 -90  36  60   1.563   0.0   0.0  388
10.300  387.5 -90  36  51   1.563   0.0   0.0  390
10.325  382.5 -90  36  45  -1.563   0.0   0.0  389
10.325  385.0 -90  36  60   1.563   0.0   0.0  389
10.325  387.5 -90  36  60   1.563   0.0   0.0  391
10.325  390.0 -90  36  48   1.563   0.0   0.0  391
10.325 1150.0 -90  36  45   1.563   0.0   0.0 1150
10.350  385.0 -90  36  48   1.563   0.0   0.0  390
10.350  387.5 -90  36  57   1.563   0.0   0.0  392
10.350  390.0 -90  36  57   1.563   0.0   0.0  393
10.350 1152.5 -90  36  48   1.563   0.0   0.0 1156
10.350 1155.0 -90  36  48   1.563   0.0   0.0 1155
10.350 1157.5 -90  36  48   1.563   0.0   0.0 1160
10.375  387.5 -90  72  81   1.563   0.0   0.0  394
10.375  390.0 -90  72  90   1.563   0.0   0.0  394
10.375  392.5 -90  72  90   1.563   0.0   0.0  395
10.375  395.0 -90  72  84   1.563   0.0   0.0  398
10.375 1157.5 -90  72  81   4.688   0.0   0.0 1159
10.375 1160.0 -90  72  81   1.563   0.0   0.0 1159
10.375 1162.5 -90  72  84   1.563   0.0   0.0 1163
10.375 1165.0 -90  72  81   1.563   0.0   0.0 1164
10.400  392.5 -90  72  90   1.563   0.0   0.0  397
10.400  395.0 -90  72  93   1.563   0.0   0.0  399
10.400  397.5 -90  72  84   1.563   0.0   0.0  399
10.400 1167.5 -90  72  81   1.563   0.0   0.0 1167
10.400 1170.0 -90  72  81   1.563   0.0   0.0 1170
10.425  395.0 -90  72  90   1.563   0.0   0.0  399
10.425  397.5 -90  72  93   1.563   0.0   0.0  400
10.425  400.0 -90  72  90   1.563   0.0   0.0  402
10.450  397.5 -90  72  87   1.563   0.0   0.0  402
10.450  400.0 -90  72  93   1.563   0.0   0.0  404
10.450  402.5 -90  72  90   1.563   0.0   0.0  406
10.450  405.0 -90  72  84   1.563   0.0   0.0  407
10.475  400.0 -90  36  45   1.563   0.0   0.0  406
10.475  402.5 -90  36  54   1.563   0.0   0.0  407
10.475  405.0 -90  36  60   1.563   0.0   0.0  409
10.475  407.5 -90  36  57   1.563   0.0   0.0  411
10.475  410.0 -90  36  48   1.563   0.0   0.0  413
10.475 1205.0 -90  36  45   4.688   0.0   0.0 1206
10.500  405.0 -90  36  51   1.563   0.0   0.0  410
10.500  407.5 -90  36  57   1.563   0.0   0.0  411
10.500  410.0 -90  36  57   1.563   0.0   0.0  413
10.500  412.5 -90  36  51   1.563   0.0   0.0  415
10.500 1212.5 -90  36  45   4.688   0.0   0.0 1212
10.500 1215.0 -90  36  45   1.563   0.0   0.0 1215
10.500 1217.5 -90  36  45   1.563   0.0   0.0 1219
10.500 1220.0 -90  36  45   1.563   0.0   0.0 1221
10.525  407.5 -90  36  45   1.563   0.0   0.0  413
10.525  410.0 -90  36  54   1.563   0.0   0.0  414
10.525  412.5 -90  36  57   1.563   0.0   0.0  416
10.525  415.0 -90  36  54   1.563   0.0   0.0  417
10.525  417.5 -90  36  45   1.563   0.0   0.0  420
10.550  412.5 -90  36  48   1.563   0.0   0.0  416
10.550  415.0 -90  36  54   1.563   0.0   0.0  419
10.550  417.5 -90  36  57   1.563   0.0   0.0  421
10.550  420.0 -90  36  51   1.563   0.0   0.0  423
10.550 1247.5 -90  36  45   4.688   0.0   0.0 1248
10.550 1250.0 -90  36  45   4.688   0.0   0.0 1251
10.575  417.5 -90  36  48   1.563   0.0   0.0  420
10.575  420.0 -90  36  54   1.563   0.0   0.0  423
10.575  422.5 -90  36  54   1.563   0.0   0.0  425
10.575  425.0 -90  36  48   1.563   0.0   0.0  427
10.600  422.5 -90  36  48   1.563   0.0   0.0  426
10.600  425.0 -90  36  51   1.563   0.0   0.0  428
10.600  427.5 -90  36  51   1.563   0.0   0.0  430
10.600  430.0 -90  36  48   1.563   0.0   0.0  434
10.600  847.5 -90  36  45   1.563   0.0   0.0  851
10.600  850.0 -90  36  48   1.563   0.0   0.0  853
10.600  852.5 -90  36  48   1.563   0.0   0.0  854
10.625  430.0 -90  72  81   1.563   0.0   0.0  434
10.625  860.0 -90  72  84   1.563   0.0   0.0  862
10.625  862.5 -90  72  81   1.563   0.0   0.0  865
10.650  867.5 -90  72  84   1.563   0.0   0.0  870
10.650  877.5 -90  72  81   1.563   0.0   0.0  879
10.650  882.5 -90  72  81   1.563   0.0   0.0  884
10.675  877.5 -90  36  48   1.563   0.0   0.0  879
10.675  880.0 -90  36  48   1.563   0.0   0.0  881
10.675  887.5 -90  36  45   1.563   0.0   0.0  890
10.700  462.5 -90  36  45  -1.563   0.0   0.0  463
10.700  875.0 -90  36  45   1.563 270.0  30.0  874
10.700  877.5 -90  36  48   1.563   0.0   0.0  879
10.700  880.0 -90  36  51   1.563   0.0   0.0  881
10.700  882.5 -90  36  48   1.563   0.0   0.0  885
10.700  885.0 -90  36  48   1.563   0.0   0.0  886
10.700  887.5 -90  36  48   1.563   0.0   0.0  888
10.700  890.0 -90  36  48   1.563   0.0   0.0  891
10.700  905.0 -90  36  45   1.563   0.0   0.0  907
10.725  465.0 -90  36  45   1.563 270.0  30.0  467
10.725  467.5 -90  36  45   1.563   0.0   0.0  470
10.725  470.0 -90  36  48   1.563   0.0   0.0  473
10.725  472.5 -90  36  45   1.563   0.0   0.0  475
10.725  475.0 -90  36  45   1.563   0.0   0.0  477
10.725  477.5 -90  36  45   1.563   0.0   0.0  479
10.725  887.5 -90  36  45   1.563   0.0   0.0  888
10.725  890.0 -90  36  45   1.563   0.0   0.0  890
10.725  900.0 -90  36  45   1.563   0.0   0.0  902
10.725  902.5 -90  36  48   1.563   0.0   0.0  904
10.725  905.0 -90  36  51   1.563   0.0   0.0  906
10.725  907.5 -90  36  51   1.563   0.0   0.0  908
10.725  910.0 -90  36  48   1.563   0.0   0.0  910
10.725  912.5 -90  36  45   1.563   0.0   0.0  915
10.750  475.0 -90  36  45   1.563   0.0   0.0  477
10.750  477.5 -90  36  45   1.563   0.0   0.0  480
10.750  480.0 -90  36  45   1.563   0.0   0.0  484
10.750  482.5 -90  36  45   1.563   0.0   0.0  486
10.750  487.5 -90  36  45   1.563   0.0   0.0  493
10.750  907.5 -90  36  45   1.563   0.0   0.0  908
10.775  495.0 -90  36  45   1.563   0.0   0.0  500
10.775  497.5 -90  36  48   1.563   0.0   0.0  502
10.775  500.0 -90  36  48   1.563   0.0   0.0  504
10.775  502.5 -90  36  48   1.563   0.0   0.0  505
10.775  505.0 -90  36  45   1.563   0.0   0.0  508
10.775  510.0 -90  36  45   1.563   0.0   0.0  514
10.775  512.5 -90  36  45   1.563   0.0   0.0  518
10.800  515.0 -90  36  45   1.563   0.0   0.0  514
10.800  545.0 -90  36  45   1.563   0.0   0.0  549
10.800  547.5 -90  36  48   1.563   0.0   0.0  550
10.800  550.0 -90  36  48   1.563   0.0   0.0  553
10.800  552.5 -90  36  45   1.563   0.0   0.0  555
10.800  555.0 -90  36  45   1.563   0.0   0.0  557
10.825  545.0 -90  72  81   1.563   0.0   0.0  547
10.825  547.5 -90  72  81   1.563   0.0   0.0  549
10.825  550.0 -90  72  84   1.563   0.0   0.0  552
10.825  552.5 -90  72  87   1.563   0.0   0.0  554
10.825  555.0 -90  72  84   1.563   0.0   0.0  558
10.825  557.5 -90  72  84   1.563   0.0   0.0  560
10.825  565.0 -90  72  81   1.563   0.0   0.0  567
10.825  567.5 -90  72  81   1.563   0.0   0.0  570
12.000   80.0  90  33  45   1.563   0.0   0.0   69
12.000   82.5  90  33  48  -1.563   0.0   0.0   79
12.000   85.0  90  33  48  -1.563   0.0   0.0   78
12.000   87.5  90  33  45   4.688   0.0   0.0   96
12.000   90.0  90  33  45   1.563   0.0   0.0   93
12.000   92.5  90  33  45  -1.563   0.0   0.0  101
12.000   95.0  90  33  45   1.563   0.0   0.0   83
12.000   97.5  90  33  42  -4.688   0.0   0.0   99
12.000  100.0  90  33  42  -4.688   0.0   0.0   87
12.000  107.5  90  33  42   1.563   0.0   0.0   96
12.000  300.0  90  33  42  -1.563   0.0   0.0  286
12.000  367.5  90  33  45  -1.563   0.0   0.0  378
12.000  370.0  90  33  45   4.688   0.0   0.0  382
12.000  372.5  90  33  45  -4.688   0.0   0.0  382
12.000  375.0  90  33  45   4.688   0.0   0.0  382
12.000  377.5  90  33  45   4.688   0.0   0.0  377
12.000  380.0  90  33  45   4.688   0.0   0.0  369
12.000  382.5  90  33  45  -1.563   0.0   0.0  374
12.000  385.0  90  33  48  -1.563   0.0   0.0  371
12.000  387.5  90  33  45  -4.688   0.0   0.0  394
12.000  390.0  90  33  45   1.563   0.0   0.0  384
12.000  392.5  90  33  45   1.563   0.0   0.0  387
12.000  395.0  90  33  42   1.563   0.0   0.0  392
12.000  397.5  90  33  42  -1.563   0.0   0.0  394
12.375   80.0  90  33  42  -1.563  90.0  30.0   87
12.375   80.0 -90  33  45  -4.688 210.0  30.0   81
12.400   80.0 -90  33  45   4.688  90.0  30.0   86
12.500   80.0  90  33  42  -4.688 210.0  30.0   89
12.550   80.0  90  33  42   4.688 270.0  30.0   80
13.925 1202.5  90  27  36  -4.688   0.0   0.0 1212
14.750  117.5  90  24  33   1.563   0.0   0.0  103
