2023.03.28 (087) 00:00:00.000
Station name: Alpena
URSI code: AL945
Ionosonde model: DPS-4D
  Freq  Range Pol MPA Amp Doppler    Az    Zn  PGH
 2.000  222.5  90  72  90  -1.563   0.0   0.0  229
 2.000  225.0  90  72 102  -1.563   0.0   0.0  229
 2.000  227.5  90  72  93   1.563   0.0   0.0  230
 2.000  457.5  90  72  81   1.563   0.0   0.0  460
 2.025  222.5  90  72  96  -1.563   0.0   0.0  229
 2.025  225.0  90  72 102  -1.563   0.0   0.0  229
 2.025  227.5  90  72  84   1.563   0.0   0.0  229
 2.025  455.0  90  72  81   1.563 330.0  30.0  460
 2.025  152.5 -90  69  78  -1.563  30.0  30.0  150
 2.025  175.0 -90  69  78  -4.688  30.0  30.0  187
 2.050  220.0  90  69  78  -1.563   0.0   0.0  227
 2.050  222.5  90  69  99  -1.563   0.0   0.0  228
 2.050  225.0  90  69 102  -1.563   0.0   0.0  228
 2.050  227.5  90  69  78   1.563   0.0   0.0  227
 2.050  452.5  90  69  84  -1.563   0.0   0.0  458
 2.050  455.0  90  69  84  -1.563   0.0   0.0  460
 2.050  675.0  90  69  78   1.563 210.0  30.0  681
 2.050  677.5  90  69  78   1.563   0.0   0.0  683
 2.050  680.0  90  69  81  -1.563   0.0   0.0  685
 2.050  682.5  90  69  78  -1.563   0.0   0.0  688
 2.050  685.0  90  69  78  -1.563   0.0   0.0  691
 2.075  220.0  90  72  81  -1.563   0.0   0.0  227
 2.075  222.5  90  72 102  -1.563   0.0   0.0  228
 2.075  225.0  90  72  99  -1.563   0.0   0.0  228
 2.075  452.5  90  72  90  -1.563 270.0  30.0  458
 2.075  455.0  90  72  87  -1.563 270.0  30.0  458
 2.075  675.0  90  72  81  -1.563   0.0   0.0  680
 2.075  677.5  90  72  87  -1.563   0.0   0.0  682
 2.075  422.5 -90  69  78  -4.688   0.0   0.0  422
 2.075  802.5 -90  69  78   4.688   0.0   0.0  810
 2.100  220.0  90  72  87  -1.563   0.0   0.0  227
 2.100  222.5  90  72 105  -1.563   0.0   0.0  227
 2.100  225.0  90  72  96  -1.563   0.0   0.0  227
 2.100  450.0  90  72  84  -1.563   0.0   0.0  456
 2.100  452.5  90  72  93  -1.563   0.0   0.0  457
 2.100  455.0  90  72  81   1.563   0.0   0.0  460
 2.100  677.5  90  72  87  -1.563   0.0   0.0  682
 2.100  680.0  90  72  81  -1.563 270.0  30.0  684
 2.100 1227.5  90  72  81   1.563   0.0   0.0 1218
 2.125  220.0  90  36  60  -1.563   0.0   0.0  227
 2.125  222.5  90  36  72  -1.563   0.0   0.0  227
 2.125  225.0  90  36  60  -1.563   0.0   0.0  227
 2.125  447.5  90  36  48  -1.563   0.0   0.0  452
 2.125  450.0  90  36  57  -1.563   0.0   0.0  456
 2.125  452.5  90  36  57  -1.563   0.0   0.0  456
 2.125  672.5  90  36  48  -1.563   0.0   0.0  680
 2.125  675.0  90  36  51   1.563   0.0   0.0  679
 2.150  220.0  90  36  63  -1.563   0.0   0.0  226
 2.150  222.5  90  36  69  -1.563   0.0   0.0  227
 2.150  225.0  90  36  54  -1.563   0.0   0.0  227
 2.150  445.0  90  36  45  -1.563   0.0   0.0  451
 2.150  450.0  90  36  60  -1.563   0.0   0.0  455
 2.150  452.5  90  36  51  -1.563   0.0   0.0  456
 2.150  672.5  90  36  45   1.563   0.0   0.0  679
 2.150  675.0  90  36  48  -1.563   0.0   0.0  680
 2.175  220.0  90  36  66  -1.563   0.0   0.0  226
 2.175  222.5  90  36  72  -1.563   0.0   0.0  226
 2.175  225.0  90  36  51  -1.563   0.0   0.0  226
 2.175  445.0  90  36  51  -1.563   0.0   0.0  451
 2.175  447.5  90  36  57  -1.563   0.0   0.0  452
 2.175  450.0  90  36  60  -1.563   0.0   0.0  454
 2.175  672.5  90  36  48  -1.563   0.0   0.0  679
 2.175  675.0  90  36  51  -1.563   0.0   0.0  680
 2.175  677.5  90  36  45   1.563   0.0   0.0  680
 2.200  220.0  90  33  66  -1.563   0.0   0.0  226
 2.200  222.5  90  33  69  -1.563   0.0   0.0  226
 2.200  225.0  90  33  45  -1.563   0.0   0.0  227
 2.200  445.0  90  33  54   1.563   0.0   0.0  450
 2.200  447.5  90  33  51  -1.563   0.0   0.0  455
 2.200  450.0  90  33  57  -1.563   0.0   0.0  453
 2.200  452.5  90  33  45  -1.563   0.0   0.0  456
 2.200  672.5  90  33  48  -1.563   0.0   0.0  676
 2.200  675.0  90  33  42  -1.563   0.0   0.0  680
 2.200  677.5  90  33  45  -1.563   0.0   0.0  680
 2.225  220.0  90  36  69  -1.563   0.0   0.0  225
 2.225  222.5  90  36  69  -1.563   0.0   0.0  225
 2.225  225.0  90  36  45  -1.563 270.0  30.0  227
 2.225  445.0  90  36  57  -1.563   0.0   0.0  451
 2.225  447.5  90  36  63  -1.563   0.0   0.0  452
 2.225  450.0  90  36  54  -1.563 270.0  30.0  452
 2.225  670.0  90  36  51  -1.563   0.0   0.0  675
 2.225  672.5  90  36  48  -1.563 270.0  30.0  677
 2.225  675.0  90  36  45  -1.563 270.0  30.0  678
 2.250  220.0  90  36  69  -1.563   0.0   0.0  225
 2.250  222.5  90  36  69  -1.563   0.0   0.0  225
 2.250  445.0  90  36  51   1.563   0.0   0.0  452
 2.250  447.5  90  36  66  -1.563   0.0   0.0  452
 2.250  450.0  90  36  51  -1.563   0.0   0.0  452
 2.250  670.0  90  36  54  -1.563   0.0   0.0  675
 2.250  672.5  90  36  51  -1.563   0.0   0.0  677
 2.275  217.5  90  36  45   1.563   0.0   0.0  224
 2.275  220.0  90  36  72  -1.563   0.0   0.0  224
 2.275  222.5  90  36  66  -1.563   0.0   0.0  224
 2.275  445.0  90  36  60  -1.563   0.0   0.0  450
 2.275  447.5  90  36  63  -1.563   0.0   0.0  450
 2.275  450.0  90  36  45  -1.563   0.0   0.0  452
 2.275  670.0  90  36  45  -1.563   0.0   0.0  671
 2.275  672.5  90  36  51  -1.563   0.0   0.0  676
 2.275  675.0  90  36  45   1.563   0.0   0.0  674
 2.300  217.5  90  36  48   1.563   0.0   0.0  224
 2.300  220.0  90  36  72  -1.563   0.0   0.0  225
 2.300  222.5  90  36  66  -1.563   0.0   0.0  225
 2.300  445.0  90  36  63  -1.563   0.0   0.0  451
 2.300  447.5  90  36  63  -1.563   0.0   0.0  451
 2.300  667.5  90  36  45   1.563   0.0   0.0  673
 2.300  670.0  90  36  48  -1.563   0.0   0.0  675
 2.300  672.5  90  36  51  -1.563   0.0   0.0  676
 2.325  217.5  90  42  51   1.563   0.0   0.0  225
 2.325  220.0  90  42  72  -1.563   0.0   0.0  224
 2.325  222.5  90  42  63  -1.563   0.0   0.0  225
 2.325  445.0  90  42  63  -1.563   0.0   0.0  449
 2.325  447.5  90  42  54  -1.563   0.0   0.0  450
 2.325  687.5 -90  36  45   4.688 210.0  30.0  696
 2.325  812.5 -90  36  45   1.563 150.0  30.0  806
 2.325  822.5 -90  36  45   1.563 150.0  30.0  813
 2.325  827.5 -90  36  45   4.688 150.0  30.0  827
 2.325  832.5 -90  36  45   4.688 210.0  30.0  822
 2.325  842.5 -90  36  45  -4.688 150.0  30.0  830
 2.325  867.5 -90  36  45   1.563 210.0  30.0  861
 2.350  217.5  90  39  54  -1.563   0.0   0.0  225
 2.350  220.0  90  39  72  -1.563   0.0   0.0  225
 2.350  222.5  90  39  66  -1.563   0.0   0.0  225
 2.350  442.5  90  39  48  -1.563   0.0   0.0  450
 2.350  445.0  90  39  60  -1.563   0.0   0.0  450
 2.350  447.5  90  39  51  -1.563   0.0   0.0  451
 2.350  667.5  90  39  48  -1.563   0.0   0.0  673
 2.350  670.0  90  39  51  -1.563   0.0   0.0  674
 2.350  672.5  90  39  48  -1.563 270.0  30.0  676
 2.350  932.5  90  39  48  -1.563 210.0  30.0  943
 2.350  935.0  90  39  48  -4.688 210.0  30.0  947
 2.350  952.5  90  39  48   4.688 210.0  30.0  951
 2.375  217.5  90  36  54   1.563   0.0   0.0  224
 2.375  220.0  90  36  72  -1.563   0.0   0.0  223
 2.375  222.5  90  36  63  -1.563   0.0   0.0  223
 2.375  442.5  90  36  45  -1.563   0.0   0.0  446
 2.375  445.0  90  36  54  -1.563   0.0   0.0  449
 2.375  667.5  90  36  51  -1.563   0.0   0.0  672
 2.375  670.0  90  36  51  -1.563   0.0   0.0  672
 2.400  217.5  90  36  60  -1.563   0.0   0.0  225
 2.400  220.0  90  36  78  -1.563   0.0   0.0  225
 2.400  222.5  90  36  69  -1.563   0.0   0.0  225
 2.400  442.5  90  36  54  -1.563   0.0   0.0  449
 2.400  445.0  90  36  60  -1.563   0.0   0.0  450
 2.400  447.5  90  36  54  -1.563   0.0   0.0  451
 2.400  667.5  90  36  48  -1.563   0.0   0.0  674
 2.400  670.0  90  36  51  -1.563   0.0   0.0  674
 2.400  892.5  90  36  48  -1.563   0.0   0.0  899
 2.425  217.5  90  36  60  -1.563   0.0   0.0  224
 2.425  220.0  90  36  75  -1.563   0.0   0.0  224
 2.425  222.5  90  36  66  -1.563   0.0   0.0  224
 2.425  442.5  90  36  54  -1.563   0.0   0.0  447
 2.425  445.0  90  36  60  -1.563 270.0  30.0  449
 2.425  447.5  90  36  54  -1.563 270.0  30.0  449
 2.425  667.5  90  36  51  -1.563   0.0   0.0  672
 2.425  670.0  90  36  51  -1.563   0.0   0.0  673
 2.425  892.5  90  36  45  -1.563   0.0   0.0  899
 2.425  895.0  90  36  45  -1.563 270.0  30.0  899
 2.450  217.5  90  36  60  -1.563   0.0   0.0  225
 2.450  220.0  90  36  78  -1.563   0.0   0.0  225
 2.450  222.5  90  36  66  -1.563   0.0   0.0  225
 2.450  442.5  90  36  57  -1.563   0.0   0.0  448
 2.450  445.0  90  36  60  -1.563   0.0   0.0  450
 2.450  447.5  90  36  51   1.563   0.0   0.0  449
 2.450  570.0  90  36  45  -1.563 150.0  30.0  584
 2.450  665.0  90  36  45  -1.563   0.0   0.0  672
 2.450  667.5  90  36  54  -1.563   0.0   0.0  672
 2.450  670.0  90  36  51  -1.563   0.0   0.0  674
 2.450  672.5  90  36  45  -1.563   0.0   0.0  677
 2.450  892.5  90  36  45  -1.563   0.0   0.0  897
 2.475  217.5  90  36  60  -1.563   0.0   0.0  232
 2.475  220.0  90  36  75  -1.563   0.0   0.0  217
 2.475  222.5  90  36  66  -1.563   0.0   0.0  221
 2.475  250.0  90  36  45  -1.563   0.0   0.0  248
 2.475  442.5  90  36  63  -1.563   0.0   0.0  444
 2.475  445.0  90  36  66  -1.563   0.0   0.0  442
 2.475  447.5  90  36  48   1.563   0.0   0.0  448
 2.475  665.0  90  36  48  -1.563   0.0   0.0  663
 2.475  667.5  90  36  54  -1.563   0.0   0.0  660
 2.475  670.0  90  36  45  -1.563 210.0  30.0  669
 2.475  672.5  90  36  48  -1.563   0.0   0.0  669
 2.525  217.5  90  36  60  -1.563   0.0   0.0  224
 2.525  220.0  90  36  75  -1.563   0.0   0.0  224
 2.525  222.5  90  36  66  -1.563   0.0   0.0  224
 2.525  442.5  90  36  63  -1.563   0.0   0.0  447
 2.525  445.0  90  36  63  -1.563   0.0   0.0  447
 2.525  665.0  90  36  45  -1.563 150.0  30.0  674
 2.525  670.0  90  36  51  -1.563   0.0   0.0  674
 2.525  672.5  90  36  48  -1.563   0.0   0.0  677
 2.550  217.5  90  36  60  -1.563   0.0   0.0  224
 2.550  220.0  90  36  75  -1.563   0.0   0.0  225
 2.550  222.5  90  36  66  -1.563   0.0   0.0  225
 2.550  442.5  90  36  66  -1.563   0.0   0.0  448
 2.550  445.0  90  36  66  -1.563   0.0   0.0  448
 2.550  447.5  90  36  51  -1.563   0.0   0.0  451
 2.550  452.5  90  36  45   1.563   0.0   0.0  453
 2.550  667.5  90  36  51  -1.563   0.0   0.0  674
 2.550  670.0  90  36  51  -1.563   0.0   0.0  674
 2.550  672.5  90  36  51  -1.563   0.0   0.0  675
 2.550  682.5  90  36  54  -1.563  90.0  30.0  682
 2.550  685.0  90  36  48   1.563  90.0  30.0  698
 2.550  842.5  90  36  45  -1.563 150.0  30.0  847
 2.550  892.5  90  36  48  -1.563   0.0   0.0  898
 2.575  217.5  90  36  60  -1.563   0.0   0.0  223
 2.575  220.0  90  36  75  -1.563   0.0   0.0  224
 2.575  222.5  90  36  66  -1.563   0.0   0.0  224
 2.575  442.5  90  36  66  -1.563   0.0   0.0  448
 2.575  445.0  90  36  69  -1.563   0.0   0.0  448
 2.575  447.5  90  36  48  -1.563 330.0  30.0  450
 2.575  567.5  90  36  45  -1.563  90.0  30.0  564
 2.575  570.0  90  36  48   1.563  90.0  30.0  564
 2.575  667.5  90  36  54  -1.563   0.0   0.0  672
 2.575  670.0  90  36  60  -1.563 270.0  30.0  674
 2.575  672.5  90  36  48  -1.563 210.0  30.0  673
 2.575  682.5  90  36  57  -1.563  90.0  30.0  682
 2.575  892.5  90  36  48  -1.563   0.0   0.0  895
 2.600  217.5  90  39  60  -1.563   0.0   0.0  225
 2.600  220.0  90  39  75  -1.563   0.0   0.0  225
 2.600  222.5  90  39  66  -1.563   0.0   0.0  225
 2.600  442.5  90  39  63  -1.563   0.0   0.0  448
 2.600  445.0  90  39  66  -1.563   0.0   0.0  448
 2.600  447.5  90  39  54  -1.563   0.0   0.0  451
 2.600  567.5  90  39  54  -1.563  90.0  30.0  564
 2.600  570.0  90  39  48   1.563  90.0  30.0  562
 2.600  667.5  90  39  57  -1.563   0.0   0.0  674
 2.600  670.0  90  39  60  -1.563   0.0   0.0  674
 2.600  680.0  90  39  51  -1.563  90.0  30.0  692
 2.600  682.5  90  39  57  -1.563  90.0  30.0  685
 2.600  685.0  90  39  51  -1.563  90.0  30.0  697
 2.625  217.5  90  39  60  -1.563   0.0   0.0  225
 2.625  220.0  90  39  78  -1.563   0.0   0.0  226
 2.625  222.5  90  39  66  -1.563   0.0   0.0  226
 2.625  442.5  90  39  60  -1.563   0.0   0.0  450
 2.625  445.0  90  39  63  -1.563   0.0   0.0  449
 2.625  567.5  90  39  54  -1.563  90.0  30.0  567
 2.625  667.5  90  39  54  -1.563   0.0   0.0  678
 2.625  670.0  90  39  57  -1.563   0.0   0.0  675
 2.625  672.5  90  39  54  -1.563   0.0   0.0  677
 2.625  680.0  90  39  51  -1.563  90.0  30.0  679
 2.625  682.5  90  39  57  -1.563  90.0  30.0  681
 2.625  567.5 -90  36  45   1.563  90.0  30.0  569
 2.650  217.5  90  36  57  -1.563   0.0   0.0  225
 2.650  220.0  90  36  75  -1.563   0.0   0.0  225
 2.650  222.5  90  36  66  -1.563   0.0   0.0  225
 2.650  442.5  90  36  60  -1.563   0.0   0.0  449
 2.650  445.0  90  36  66  -1.563   0.0   0.0  449
 2.650  447.5  90  36  54  -1.563   0.0   0.0  451
 2.650  567.5  90  36  54  -1.563  90.0  30.0  566
 2.650  667.5  90  36  54  -1.563   0.0   0.0  674
 2.650  670.0  90  36  60  -1.563   0.0   0.0  674
 2.650  672.5  90  36  48  -1.563   0.0   0.0  675
 2.650  680.0  90  36  48  -1.563  90.0  30.0  683
 2.650  682.5  90  36  54   1.563  90.0  30.0  684
 2.650  685.0  90  36  45   1.563  90.0  30.0  680
 2.650  892.5  90  36  45  -1.563   0.0   0.0  896
 2.650  567.5 -90  33  42  -1.563  90.0  30.0  569
 2.675  217.5  90  39  57  -1.563   0.0   0.0  224
 2.675  220.0  90  39  75  -1.563   0.0   0.0  224
 2.675  222.5  90  39  66  -1.563   0.0   0.0  224
 2.675  442.5  90  39  63  -1.563   0.0   0.0  448
 2.675  445.0  90  39  69  -1.563   0.0   0.0  448
 2.675  447.5  90  39  57  -1.563   0.0   0.0  450
 2.675  567.5  90  39  51  -1.563  90.0  30.0  566
 2.675  667.5  90  39  57  -1.563   0.0   0.0  674
 2.675  670.0  90  39  60  -1.563   0.0   0.0  674
 2.675  680.0  90  39  51   1.563  90.0  30.0  671
 2.675  682.5  90  39  60  -1.563  90.0  30.0  681
 2.675  685.0  90  39  51   1.563  90.0  30.0  692
 2.675  512.5 -90  33  45   1.563  90.0  30.0  520
 2.675  682.5 -90  33  42  -1.563 150.0  30.0  674
 2.700  217.5  90  36  57  -1.563   0.0   0.0  225
 2.700  220.0  90  36  75  -1.563   0.0   0.0  225
 2.700  222.5  90  36  69  -1.563   0.0   0.0  225
 2.700  442.5  90  36  63  -1.563   0.0   0.0  449
 2.700  445.0  90  36  69  -1.563   0.0   0.0  449
 2.700  447.5  90  36  48  -1.563 270.0  30.0  454
 2.700  450.0  90  36  45  -1.563   0.0   0.0  453
 2.700  565.0  90  36  45   1.563  90.0  30.0  552
 2.700  567.5  90  36  48  -1.563  90.0  30.0  559
 2.700  667.5  90  36  51  -1.563   0.0   0.0  675
 2.700  670.0  90  36  57  -1.563   0.0   0.0  674
 2.700  672.5  90  36  48   1.563 270.0  30.0  677
 2.700  680.0  90  36  51  -1.563  90.0  30.0  680
 2.700  682.5  90  36  54  -1.563  90.0  30.0  679
 2.700  685.0  90  36  48  -1.563  90.0  30.0  686
 2.700  892.5  90  36  45  -1.563   0.0   0.0  898
 2.700  895.0  90  36  45  -1.563   0.0   0.0  898
 2.700  292.5 -90  33  42  -1.563   0.0   0.0  298
 2.700  512.5 -90  33  45  -1.563  90.0  30.0  511
 2.725  217.5  90  36  54  -1.563   0.0   0.0  225
 2.725  220.0  90  36  75  -1.563   0.0   0.0  225
 2.725  222.5  90  36  69  -1.563   0.0   0.0  225
 2.725  442.5  90  36  60  -1.563   0.0   0.0  449
 2.725  445.0  90  36  66  -1.563   0.0   0.0  449
 2.725  447.5  90  36  51  -1.563   0.0   0.0  451
 2.725  670.0  90  36  51  -1.563   0.0   0.0  676
 2.725  672.5  90  36  51  -1.563   0.0   0.0  677
 2.725  677.5  90  36  45  -1.563   0.0   0.0  678
 2.725  680.0  90  36  54  -1.563  90.0  30.0  686
 2.725  682.5  90  36  57  -1.563  90.0  30.0  685
 2.725  895.0  90  36  45   1.563   0.0   0.0  898
 2.725  287.5 -90  33  42  -1.563   0.0   0.0  292
 2.725  290.0 -90  33  42   1.563 270.0  30.0  296
 2.725  512.5 -90  33  45   1.563  90.0  30.0  525
 2.750  217.5  90  36  54  -1.563   0.0   0.0  224
 2.750  220.0  90  36  75  -1.563   0.0   0.0  225
 2.750  222.5  90  36  69  -1.563   0.0   0.0  225
 2.750  442.5  90  36  60  -1.563   0.0   0.0  449
 2.750  445.0  90  36  66  -1.563   0.0   0.0  449
 2.750  447.5  90  36  48  -1.563   0.0   0.0  452
 2.750  667.5  90  36  45  -1.563   0.0   0.0  670
 2.750  670.0  90  36  51  -1.563   0.0   0.0  675
 2.750  672.5  90  36  57  -1.563   0.0   0.0  677
 2.750  675.0  90  36  48  -1.563   0.0   0.0  677
 2.750  680.0  90  36  60  -1.563  90.0  30.0  680
 2.750  682.5  90  36  60  -1.563  90.0  30.0  682
 2.750  282.5 -90  33  42  -1.563 270.0  30.0  288
 2.750  285.0 -90  33  42  -1.563   0.0   0.0  289
 2.750  512.5 -90  33  42   1.563  90.0  30.0  509
 2.775  217.5  90  36  51  -1.563   0.0   0.0  224
 2.775  220.0  90  36  75  -1.563   0.0   0.0  224
 2.775  222.5  90  36  69  -1.563   0.0   0.0  224
 2.775  442.5  90  36  54  -1.563   0.0   0.0  448
 2.775  445.0  90  36  66  -1.563   0.0   0.0  448
 2.775  447.5  90  36  54  -1.563   0.0   0.0  451
 2.775  457.5  90  36  45   1.563   0.0   0.0  468
 2.775  667.5  90  36  45   1.563   0.0   0.0  665
 2.775  672.5  90  36  54  -1.563   0.0   0.0  678
 2.775  675.0  90  36  48  -1.563   0.0   0.0  678
 2.775  680.0  90  36  63  -1.563  90.0  30.0  678
 2.775  682.5  90  36  63  -1.563  90.0  30.0  680
 2.775  840.0  90  36  45  -1.563  90.0  30.0  840
 2.775  845.0  90  36  45   1.563  90.0  30.0  835
 2.775  905.0  90  36  45   1.563   0.0   0.0  914
 2.775  910.0  90  36  45  -1.563   0.0   0.0  913
 2.775 1275.0  90  36  45  -1.563   0.0   0.0 1269
 2.775 1280.0  90  36  45  -1.563   0.0   0.0 1267
 2.775  280.0 -90  33  45  -1.563   0.0   0.0  285
 2.775  282.5 -90  33  45  -1.563   0.0   0.0  286
 2.775  512.5 -90  33  42   1.563 270.0  30.0  527
 2.775  680.0 -90  33  45  -1.563 150.0  30.0  681
 2.800  217.5  90  36  51  -1.563   0.0   0.0  226
 2.800  220.0  90  36  75  -1.563   0.0   0.0  225
 2.800  222.5  90  36  72  -1.563   0.0   0.0  225
 2.800  442.5  90  36  54  -1.563   0.0   0.0  450
 2.800  445.0  90  36  63  -1.563   0.0   0.0  449
 2.800  447.5  90  36  51  -1.563   0.0   0.0  453
 2.800  450.0  90  36  51  -1.563   0.0   0.0  455
 2.800  452.5  90  36  45   1.563   0.0   0.0  461
 2.800  455.0  90  36  48  -1.563   0.0   0.0  464
 2.800  670.0  90  36  54  -1.563   0.0   0.0  678
 2.800  672.5  90  36  57  -1.563   0.0   0.0  678
 2.800  675.0  90  36  48  -1.563   0.0   0.0  685
 2.800  677.5  90  36  45  -1.563  90.0  30.0  665
 2.800  680.0  90  36  66  -1.563  90.0  30.0  681
 2.800  682.5  90  36  63  -1.563  90.0  30.0  682
 2.800  840.0  90  36  45   1.563  90.0  30.0  846
 2.800  907.5  90  36  45   1.563   0.0   0.0  922
 2.800  277.5 -90  36  48   1.563   0.0   0.0  281
 2.800  280.0 -90  36  45  -1.563   0.0   0.0  284
 2.800  680.0 -90  36  45  -1.563 150.0  30.0  685
 2.825  217.5  90  36  45  -1.563   0.0   0.0  226
 2.825  220.0  90  36  72  -1.563   0.0   0.0  225
 2.825  222.5  90  36  69  -1.563   0.0   0.0  225
 2.825  442.5  90  36  51  -1.563   0.0   0.0  448
 2.825  445.0  90  36  60  -1.563   0.0   0.0  448
 2.825  447.5  90  36  51  -1.563   0.0   0.0  454
 2.825  450.0  90  36  45  -1.563   0.0   0.0  453
 2.825  455.0  90  36  45  -1.563   0.0   0.0  461
 2.825  670.0  90  36  51  -1.563   0.0   0.0  674
 2.825  672.5  90  36  54  -1.563   0.0   0.0  675
 2.825  675.0  90  36  51  -1.563   0.0   0.0  686
 2.825  680.0  90  36  66  -1.563  90.0  30.0  680
 2.825  682.5  90  36  60  -1.563  90.0  30.0  682
 2.825  895.0  90  36  45  -1.563   0.0   0.0  902
 2.825  917.5  90  36  45  -1.563  90.0  30.0  927
 2.825  275.0 -90  33  48  -1.563   0.0   0.0  279
 2.825  277.5 -90  33  45  -1.563   0.0   0.0  281
 2.825  512.5 -90  33  42   1.563  90.0  30.0  514
 2.825  680.0 -90  33  48  -1.563 150.0  30.0  679
 2.825  682.5 -90  33  42   1.563 150.0  30.0  682
 2.850  220.0  90  36  72  -1.563   0.0   0.0  225
 2.850  222.5  90  36  69  -1.563   0.0   0.0  225
 2.850  442.5  90  36  45  -1.563   0.0   0.0  449
 2.850  445.0  90  36  63  -1.563   0.0   0.0  450
 2.850  447.5  90  36  57  -1.563   0.0   0.0  451
 2.850  455.0  90  36  45  -1.563   0.0   0.0  451
 2.850  457.5  90  36  45  -1.563   0.0   0.0  444
 2.850  670.0  90  36  51  -1.563   0.0   0.0  678
 2.850  672.5  90  36  51  -1.563   0.0   0.0  678
 2.850  675.0  90  36  48  -1.563   0.0   0.0  683
 2.850  680.0  90  36  66  -1.563  90.0  30.0  681
 2.850  682.5  90  36  63  -1.563  90.0  30.0  683
 2.850  907.5  90  36  45   1.563   0.0   0.0  918
 2.850 1042.5  90  36  45   1.563   0.0   0.0 1050
 2.850  222.5 -90  33  42   1.563 150.0  30.0  224
 2.850  272.5 -90  33  48  -1.563   0.0   0.0  278
 2.850  275.0 -90  33  45  -1.563   0.0   0.0  279
 2.850  680.0 -90  33  45  -1.563 150.0  30.0  680
 2.850  682.5 -90  33  42  -1.563 330.0  30.0  668
 2.875  217.5  90  36  45  -1.563 210.0  30.0  225
 2.875  220.0  90  36  66  -1.563   0.0   0.0  225
 2.875  222.5  90  36  66  -1.563   0.0   0.0  225
 2.875  445.0  90  36  60  -1.563   0.0   0.0  449
 2.875  447.5  90  36  54  -1.563   0.0   0.0  449
 2.875  672.5  90  36  48  -1.563   0.0   0.0  676
 2.875  680.0  90  36  63  -1.563  90.0  30.0  680
 2.875  682.5  90  36  60  -1.563  90.0  30.0  684
 2.875 1237.5  90  36  45  -1.563 210.0  30.0 1243
 2.875  222.5 -90  33  42  -1.563 150.0  30.0  225
 2.875  270.0 -90  33  45  -1.563   0.0   0.0  275
 2.875  272.5 -90  33  42   1.563   0.0   0.0  278
 2.875  680.0 -90  33  45  -1.563 330.0  30.0  680
 2.875  682.5 -90  33  42  -1.563 330.0  30.0  683
 2.900  220.0  90  36  63  -1.563   0.0   0.0  225
 2.900  222.5  90  36  60  -1.563   0.0   0.0  227
 2.900  225.0  90  36  45  -1.563   0.0   0.0  226
 2.900  445.0  90  36  54   1.563   0.0   0.0  449
 2.900  447.5  90  36  51  -1.563   0.0   0.0  451
 2.900  677.5  90  36  48  -1.563  90.0  30.0  680
 2.900  680.0  90  36  54  -1.563  90.0  30.0  679
 2.900  682.5  90  36  51  -1.563  90.0  30.0  681
 2.900  222.5 -90  36  45  -1.563 150.0  30.0  226
 2.925  220.0  90  72  99  -1.563 210.0  30.0  226
 2.925  222.5  90  72  96  -1.563 210.0  30.0  227
 2.925  225.0  90  72  84   1.563 210.0  30.0  228
 2.925  445.0  90  72  90  -1.563 210.0  30.0  450
 2.925  447.5  90  72  87  -1.563 210.0  30.0  453
 2.925  675.0  90  72  81   1.563 210.0  30.0  683
 2.925  677.5  90  72  87   1.563 150.0  30.0  689
 2.925  680.0  90  72  93  -1.563 150.0  30.0  682
 2.925  682.5  90  72  81   1.563 150.0  30.0  680
 2.925  222.5 -90  72  81   1.563 150.0  30.0  227
 2.950  215.0  90  75  84  -1.563   0.0   0.0  229
 2.950  217.5  90  75  87  -1.563   0.0   0.0  227
 2.950  220.0  90  75 102  -1.563   0.0   0.0  225
 2.950  222.5  90  75 105  -1.563   0.0   0.0  226
 2.950  227.5  90  75  84   1.563  90.0  30.0  227
 2.950  445.0  90  75  96   1.563   0.0   0.0  450
 2.950  447.5  90  75  96  -1.563   0.0   0.0  450
 2.950  452.5  90  75  84  -1.563   0.0   0.0  448
 2.950  455.0  90  75  84  -1.563   0.0   0.0  470
 2.950  670.0  90  75  84  -1.563   0.0   0.0  674
 2.950  672.5  90  75  90  -1.563   0.0   0.0  678
 2.950  675.0  90  75  93  -1.563   0.0   0.0  681
 2.950  677.5  90  75  90   1.563  90.0  30.0  690
 2.950  680.0  90  75 102  -1.563  90.0  30.0  682
 2.950  682.5  90  75  93  -1.563  90.0  30.0  671
 2.950  900.0  90  75  84  -1.563   0.0   0.0  908
 2.950  902.5  90  75  87  -1.563   0.0   0.0  909
 2.950  905.0  90  75  87  -1.563   0.0   0.0  910
 2.950  907.5  90  75  87  -1.563   0.0   0.0  896
 2.950  910.0  90  75  87  -1.563  90.0  30.0  925
 2.950  912.5  90  75  84  -1.563   0.0   0.0  901
 2.950 1130.0  90  75  84  -1.563   0.0   0.0 1143
 2.950 1132.5  90  75  84  -1.563   0.0   0.0 1130
 2.950 1135.0  90  75  84  -1.563   0.0   0.0 1126
 2.950 1137.5  90  75  84  -1.563  90.0  30.0 1127
 2.950 1140.0  90  75  84  -1.563   0.0   0.0 1155
 2.950  262.5 -90  72  87  -1.563   0.0   0.0  268
 2.950  265.0 -90  72  84  -1.563   0.0   0.0  269
 2.950  680.0 -90  72  84  -1.563 150.0  30.0  670
 2.950  682.5 -90  72  81  -1.563  90.0  30.0  688
 2.975  220.0  90  75 105  -1.563   0.0   0.0  226
 2.975  222.5  90  75 108  -1.563   0.0   0.0  226
 2.975  225.0  90  75  84   1.563 270.0  30.0  222
 2.975  445.0  90  75  99  -1.563   0.0   0.0  452
 2.975  447.5  90  75 102  -1.563   0.0   0.0  451
 2.975  450.0  90  75  84  -1.563   0.0   0.0  451
 2.975  452.5  90  75  84  -1.563   0.0   0.0  462
 2.975  455.0  90  75  84  -1.563 210.0  30.0  462
 2.975  670.0  90  75  87  -1.563   0.0   0.0  677
 2.975  672.5  90  75  99  -1.563   0.0   0.0  677
 2.975  675.0  90  75  96  -1.563   0.0   0.0  680
 2.975  677.5  90  75  93  -1.563 270.0  30.0  678
 2.975  680.0  90  75 102  -1.563  90.0  30.0  678
 2.975  682.5  90  75  96  -1.563  90.0  30.0  687
 2.975  260.0 -90  72  87  -1.563   0.0   0.0  266
 2.975  262.5 -90  72  90  -1.563   0.0   0.0  266
 2.975  680.0 -90  72  84   1.563  90.0  30.0  674
 3.000  220.0  90  75 105  -1.563   0.0   0.0  226
 3.000  222.5  90  75 111  -1.563   0.0   0.0  226
 3.000  225.0  90  75  87  -1.563   0.0   0.0  228
 3.000  445.0  90  75  99  -1.563   0.0   0.0  451
 3.000  447.5  90  75 105  -1.563   0.0   0.0  451
 3.000  450.0  90  75  90  -1.563   0.0   0.0  453
 3.000  670.0  90  75  87  -1.563   0.0   0.0  676
 3.000  672.5  90  75  96  -1.563   0.0   0.0  677
 3.000  675.0  90  75  93  -1.563   0.0   0.0  680
 3.000  677.5  90  75  93  -1.563  90.0  30.0  680
 3.000  680.0  90  75  90  -1.563  90.0  30.0  678
 3.000  682.5  90  75  90  -1.563  90.0  30.0  682
 3.000  897.5  90  75  84  -1.563   0.0   0.0  900
 3.000  900.0  90  75  87  -1.563   0.0   0.0  903
 3.000  257.5 -90  72  84  -1.563   0.0   0.0  263
 3.000  260.0 -90  72  93  -1.563   0.0   0.0  265
 3.000  262.5 -90  72  84   1.563   0.0   0.0  266
 3.025  220.0  90  75 108  -1.563   0.0   0.0  226
 3.025  222.5  90  75 111  -1.563   0.0   0.0  226
 3.025  225.0  90  75  90  -1.563   0.0   0.0  226
 3.025  445.0  90  75  99   1.563   0.0   0.0  451
 3.025  447.5  90  75 102  -1.563   0.0   0.0  451
 3.025  450.0  90  75  84  -1.563   0.0   0.0  455
 3.025  512.5  90  75  84   1.563 270.0  30.0  502
 3.025  670.0  90  75  84   1.563   0.0   0.0  679
 3.025  672.5  90  75  84  -1.563 210.0  30.0  677
 3.025  675.0  90  75  99  -1.563   0.0   0.0  680
 3.025  677.5  90  75  93  -1.563 270.0  30.0  681
 3.025  680.0  90  75  96  -1.563  90.0  30.0  682
 3.025  682.5  90  75  90  -1.563  90.0  30.0  675
 3.025  900.0  90  75  87  -1.563   0.0   0.0  906
 3.025  902.5  90  75  84  -1.563 270.0  30.0  905
 3.025  257.5 -90  72  93  -1.563   0.0   0.0  263
 3.025  260.0 -90  72  90  -1.563   0.0   0.0  264
 3.050  220.0  90  78 105  -1.563   0.0   0.0  226
 3.050  222.5  90  78 111  -1.563   0.0   0.0  226
 3.050  225.0  90  78  90   1.563   0.0   0.0  225
 3.050  445.0  90  78  93  -1.563   0.0   0.0  451
 3.050  447.5  90  78 102  -1.563   0.0   0.0  451
 3.050  450.0  90  78  87   1.563   0.0   0.0  451
 3.050  562.5  90  78  87  -1.563  90.0  30.0  566
 3.050  672.5  90  78  93  -1.563   0.0   0.0  677
 3.050  675.0  90  78  96  -1.563   0.0   0.0  682
 3.050  677.5  90  78  90  -1.563  90.0  30.0  688
 3.050  680.0  90  78  99  -1.563  90.0  30.0  677
 3.050  682.5  90  78  90  -1.563  90.0  30.0  668
 3.050  900.0  90  78  90  -1.563   0.0   0.0  907
 3.050  255.0 -90  72  90  -1.563   0.0   0.0  260
 3.050  257.5 -90  72  96  -1.563   0.0   0.0  262
 3.050  260.0 -90  72  81  -1.563   0.0   0.0  263
 3.050  515.0 -90  72  81   1.563  90.0  30.0  525
 3.050  562.5 -90  72  84  -1.563  90.0  30.0  573
 3.050  680.0 -90  72  84   1.563 150.0  30.0  681
 3.075  220.0  90  75 105  -1.563   0.0   0.0  226
 3.075  222.5  90  75 114  -1.563   0.0   0.0  226
 3.075  225.0  90  75  96  -1.563   0.0   0.0  226
 3.075  445.0  90  75  93   1.563   0.0   0.0  452
 3.075  447.5  90  75 105  -1.563   0.0   0.0  452
 3.075  450.0  90  75  90  -1.563   0.0   0.0  453
 3.075  512.5  90  75  84   1.563  90.0  30.0  524
 3.075  562.5  90  75  87   1.563  90.0  30.0  577
 3.075  672.5  90  75  87   1.563   0.0   0.0  676
 3.075  675.0  90  75  90  -1.563   0.0   0.0  677
 3.075  677.5  90  75  93  -1.563  90.0  30.0  678
 3.075  680.0  90  75  96  -1.563  90.0  30.0  679
 3.075  900.0  90  75  87  -1.563   0.0   0.0  905
 3.075  902.5  90  75  84  -1.563   0.0   0.0  907
 3.075  252.5 -90  72  84   1.563   0.0   0.0  258
 3.075  255.0 -90  72  96  -1.563   0.0   0.0  260
 3.075  257.5 -90  72  93  -1.563   0.0   0.0  261
 3.075  512.5 -90  72  81  -1.563  90.0  30.0  511
 3.075  562.5 -90  72  81  -1.563  90.0  30.0  564
 3.075  680.0 -90  72  81   1.563 330.0  30.0  684
 3.100  220.0  90  75 105  -1.563   0.0   0.0  226
 3.100  222.5  90  75 114  -1.563   0.0   0.0  226
 3.100  225.0  90  75  96  -1.563   0.0   0.0  227
 3.100  445.0  90  75  90  -1.563   0.0   0.0  452
 3.100  447.5  90  75 105  -1.563   0.0   0.0  452
 3.100  450.0  90  75  90  -1.563   0.0   0.0  451
 3.100  545.0  90  75  84  -1.563 150.0  30.0  555
 3.100  562.5  90  75  87  -1.563 270.0  30.0  574
 3.100  672.5  90  75  90  -1.563   0.0   0.0  676
 3.100  677.5  90  75  90  -1.563  90.0  30.0  679
 3.100  680.0  90  75  87   1.563  90.0  30.0  685
 3.100  682.5  90  75  93  -1.563  90.0  30.0  681
 3.100  252.5 -90  75  93  -1.563   0.0   0.0  258
 3.100  255.0 -90  75  99  -1.563   0.0   0.0  259
 3.100  257.5 -90  75  84  -1.563   0.0   0.0  262
 3.125  212.5  90  78  87  -1.563   0.0   0.0  219
 3.125  220.0  90  78 105  -1.563   0.0   0.0  227
 3.125  222.5  90  78 114  -1.563   0.0   0.0  227
 3.125  225.0  90  78  99  -1.563   0.0   0.0  227
 3.125  232.5  90  78  87   1.563   0.0   0.0  239
 3.125  447.5  90  78 105  -1.563   0.0   0.0  452
 3.125  450.0  90  78  93  -1.563   0.0   0.0  453
 3.125  455.0  90  78  87   1.563   0.0   0.0  466
 3.125  562.5  90  78  87  -1.563  90.0  30.0  563
 3.125  672.5  90  78  87  -1.563   0.0   0.0  675
 3.125  675.0  90  78  87  -1.563   0.0   0.0  679
 3.125  677.5  90  78  93  -1.563  90.0  30.0  689
 3.125  680.0  90  78 102  -1.563  90.0  30.0  679
 3.125  682.5  90  78  93  -1.563  90.0  30.0  668
 3.125  687.5  90  78  87  -1.563   0.0   0.0  683
 3.125  250.0 -90  75  84  -1.563   0.0   0.0  258
 3.125  252.5 -90  75  99  -1.563   0.0   0.0  258
 3.125  255.0 -90  75  96  -1.563   0.0   0.0  258
 3.125  680.0 -90  75  87  -1.563 330.0  30.0  679
 3.150  210.0  90  81  90   1.563   0.0   0.0  215
 3.150  212.5  90  81  90   1.563   0.0   0.0  216
 3.150  215.0  90  81  90   1.563   0.0   0.0  218
 3.150  217.5  90  81  93   1.563   0.0   0.0  222
 3.150  220.0  90  81  99  -1.563   0.0   0.0  227
 3.150  222.5  90  81 114  -1.563   0.0   0.0  227
 3.150  225.0  90  81  99  -1.563   0.0   0.0  228
 3.150  227.5  90  81  93   1.563   0.0   0.0  234
 3.150  230.0  90  81  90  -1.563   0.0   0.0  235
 3.150  232.5  90  81  90  -1.563   0.0   0.0  238
 3.150  235.0  90  81  90  -1.563   0.0   0.0  239
 3.150  237.5  90  81  90  -1.563   0.0   0.0  243
 3.150  447.5  90  81 102  -1.563   0.0   0.0  452
 3.150  450.0  90  81 102  -1.563   0.0   0.0  453
 3.150  675.0  90  81  96  -1.563   0.0   0.0  679
 3.150  677.5  90  81  93   1.563   0.0   0.0  679
 3.150  680.0  90  81  99  -1.563  90.0  30.0  692
 3.150  682.5  90  81  96  -1.563  90.0  30.0  685
 3.150  247.5 -90  75  84   1.563   0.0   0.0  251
 3.150  250.0 -90  75  93  -1.563   0.0   0.0  256
 3.150  252.5 -90  75  99  -1.563   0.0   0.0  257
 3.150  680.0 -90  75  84  -1.563  90.0  30.0  666
 3.150  682.5 -90  75  87  -1.563  90.0  30.0  688
 3.175  220.0  90  78 102  -1.563   0.0   0.0  227
 3.175  222.5  90  78 114  -1.563   0.0   0.0  227
 3.175  225.0  90  78 105  -1.563   0.0   0.0  227
 3.175  447.5  90  78 102  -1.563   0.0   0.0  453
 3.175  450.0  90  78  93  -1.563   0.0   0.0  452
 3.175  452.5  90  78  93  -1.563   0.0   0.0  457
 3.175  560.0  90  78  87  -1.563  90.0  30.0  563
 3.175  562.5  90  78  87  -1.563  90.0  30.0  561
 3.175  672.5  90  78  90  -1.563   0.0   0.0  678
 3.175  675.0  90  78  99  -1.563   0.0   0.0  679
 3.175  677.5  90  78  93  -1.563  90.0  30.0  688
 3.175  680.0  90  78  99  -1.563  90.0  30.0  684
 3.175  682.5  90  78  99  -1.563  90.0  30.0  677
 3.175  250.0 -90  75  99  -1.563   0.0   0.0  255
 3.175  252.5 -90  75  96  -1.563   0.0   0.0  256
 3.175  680.0 -90  75  87   1.563  90.0  30.0  679
 3.175  682.5 -90  75  84  -1.563  90.0  30.0  674
 3.200  220.0  90  75  99  -1.563   0.0   0.0  227
 3.200  222.5  90  75 114  -1.563   0.0   0.0  227
 3.200  225.0  90  75 105  -1.563   0.0   0.0  227
 3.200  447.5  90  75  99  -1.563   0.0   0.0  453
 3.200  450.0  90  75  96  -1.563   0.0   0.0  454
 3.200  452.5  90  75  84   1.563   0.0   0.0  461
 3.200  535.0  90  75  84  -1.563 210.0  30.0  541
 3.200  560.0  90  75  90  -1.563  90.0  30.0  562
 3.200  562.5  90  75  87  -1.563  90.0  30.0  568
 3.200  675.0  90  75  93  -1.563   0.0   0.0  677
 3.200  677.5  90  75  93  -1.563  90.0  30.0  677
 3.200  680.0  90  75  96  -1.563  90.0  30.0  680
 3.200  682.5  90  75  93  -1.563  90.0  30.0  686
 3.200  247.5 -90  72  93  -1.563   0.0   0.0  254
 3.200  250.0 -90  72 102  -1.563   0.0   0.0  254
 3.200  252.5 -90  72  90  -1.563   0.0   0.0  254
 3.200  502.5 -90  72  84  -1.563   0.0   0.0  508
 3.200  505.0 -90  72  81  -1.563   0.0   0.0  508
 3.200  560.0 -90  72  81  -1.563  90.0  30.0  546
 3.200  562.5 -90  72  81   1.563  90.0  30.0  557
 3.200  680.0 -90  72  81   1.563  90.0  30.0  686
 3.200  682.5 -90  72  81   1.563 150.0  30.0  685
 3.200  700.0 -90  72  81   1.563  90.0  30.0  711
 3.225  220.0  90  75  99  -1.563   0.0   0.0  227
 3.225  222.5  90  75 117  -1.563   0.0   0.0  227
 3.225  225.0  90  75 108  -1.563   0.0   0.0  228
 3.225  447.5  90  75  99   1.563   0.0   0.0  454
 3.225  450.0  90  75 102  -1.563   0.0   0.0  454
 3.225  452.5  90  75  90   1.563   0.0   0.0  457
 3.225  455.0  90  75  84  -1.563   0.0   0.0  459
 3.225  560.0  90  75  93  -1.563  90.0  30.0  556
 3.225  562.5  90  75  87  -1.563  90.0  30.0  565
 3.225  675.0  90  75  87  -1.563   0.0   0.0  678
 3.225  677.5  90  75  90   1.563  90.0  30.0  682
 3.225  680.0  90  75  87  -1.563   0.0   0.0  687
 3.225  682.5  90  75  87   1.563  90.0  30.0  675
 3.225  902.5  90  75  84  -1.563   0.0   0.0  908
 3.225  247.5 -90  75  99  -1.563   0.0   0.0  253
 3.225  250.0 -90  75 102  -1.563   0.0   0.0  254
 3.225  502.5 -90  75  84  -1.563   0.0   0.0  507
 3.225  560.0 -90  75  84  -1.563  90.0  30.0  563
 3.250  220.0  90  78  96  -1.563   0.0   0.0  227
 3.250  222.5  90  78 114  -1.563   0.0   0.0  227
 3.250  225.0  90  78 108  -1.563   0.0   0.0  227
 3.250  447.5  90  78  96  -1.563   0.0   0.0  454
 3.250  450.0  90  78 102  -1.563   0.0   0.0  454
 3.250  452.5  90  78  93  -1.563   0.0   0.0  457
 3.250  560.0  90  78  90  -1.563  90.0  30.0  564
 3.250  562.5  90  78  87   1.563  90.0  30.0  563
 3.250  675.0  90  78  90  -1.563   0.0   0.0  679
 3.250  677.5  90  78  93  -1.563 270.0  30.0  681
 3.250  680.0  90  78  93   1.563 270.0  30.0  681
 3.250  245.0 -90  75  87   1.563   0.0   0.0  252
 3.250  247.5 -90  75 102  -1.563   0.0   0.0  252
 3.250  250.0 -90  75  96  -1.563   0.0   0.0  253
 3.250  500.0 -90  75  84  -1.563   0.0   0.0  505
 3.250  560.0 -90  75  84  -1.563  90.0  30.0  559
 3.275  220.0  90  75  93   1.563   0.0   0.0  228
 3.275  222.5  90  75 114  -1.563   0.0   0.0  228
 3.275  225.0  90  75 108  -1.563   0.0   0.0  228
 3.275  447.5  90  75  96  -1.563   0.0   0.0  454
 3.275  450.0  90  75 105  -1.563   0.0   0.0  455
 3.275  452.5  90  75  93  -1.563   0.0   0.0  455
 3.275  455.0  90  75  87   1.563   0.0   0.0  459
 3.275  560.0  90  75  90   1.563  90.0  30.0  561
 3.275  562.5  90  75  87  -1.563  90.0  30.0  551
 3.275  675.0  90  75  87  -1.563   0.0   0.0  683
 3.275  677.5  90  75  90  -1.563 150.0  30.0  685
 3.275  680.0  90  75  99  -1.563 270.0  30.0  684
 3.275  682.5  90  75  93  -1.563  90.0  30.0  677
 3.275  685.0  90  75  84  -1.563  90.0  30.0  681
 3.275  245.0 -90  72  93  -1.563   0.0   0.0  252
 3.275  247.5 -90  72 102  -1.563   0.0   0.0  252
 3.275  250.0 -90  72  87   1.563   0.0   0.0  252
 3.275  497.5 -90  72  81  -1.563   0.0   0.0  503
 3.275  500.0 -90  72  84   1.563   0.0   0.0  506
 3.275  560.0 -90  72  81   1.563  90.0  30.0  567
 3.275  677.5 -90  72  81  -1.563 270.0  30.0  691
 3.275  680.0 -90  72  84  -1.563  90.0  30.0  686
 3.300  215.0  90  75  84   1.563 210.0  30.0  221
 3.300  220.0  90  75  87  -1.563   0.0   0.0  227
 3.300  222.5  90  75 114  -1.563   0.0   0.0  228
 3.300  225.0  90  75 108  -1.563   0.0   0.0  228
 3.300  230.0  90  75  84  -1.563   0.0   0.0  215
 3.300  445.0  90  75  84   1.563   0.0   0.0  434
 3.300  447.5  90  75  90  -1.563   0.0   0.0  453
 3.300  450.0  90  75 102  -1.563   0.0   0.0  454
 3.300  452.5  90  75  87  -1.563   0.0   0.0  456
 3.300  560.0  90  75  87   1.563  90.0  30.0  563
 3.300  562.5  90  75  84  -1.563  90.0  30.0  562
 3.300  675.0  90  75  84   1.563   0.0   0.0  679
 3.300  677.5  90  75  96  -1.563  90.0  30.0  687
 3.300  680.0  90  75 102  -1.563  90.0  30.0  684
 3.300  682.5  90  75  90  -1.563 270.0  30.0  686
 3.300  902.5  90  75  87   1.563   0.0   0.0  911
 3.300  905.0  90  75  84   1.563   0.0   0.0  916
 3.300  907.5  90  75  84   1.563   0.0   0.0  916
 3.300  245.0 -90  72  99  -1.563   0.0   0.0  251
 3.300  247.5 -90  72 102  -1.563   0.0   0.0  251
 3.300  250.0 -90  72  81  -1.563   0.0   0.0  253
 3.300  680.0 -90  72  81  -1.563  90.0  30.0  685
 3.300  697.5 -90  72  81  -1.563  90.0  30.0  705
 3.325   80.0  90  75  84  -1.563  90.0  30.0   84
 3.325  217.5  90  75  84   1.563   0.0   0.0  222
 3.325  220.0  90  75  87   1.563   0.0   0.0  220
 3.325  222.5  90  75 111  -1.563   0.0   0.0  228
 3.325  225.0  90  75 108  -1.563   0.0   0.0  228
 3.325  227.5  90  75  84  -1.563  90.0  30.0  233
 3.325  372.5  90  75  84  -1.563  90.0  30.0  379
 3.325  447.5  90  75  84  -1.563   0.0   0.0  457
 3.325  450.0  90  75 102  -1.563   0.0   0.0  455
 3.325  452.5  90  75  93  -1.563   0.0   0.0  455
 3.325  455.0  90  75  84   1.563 210.0  30.0  456
 3.325  677.5  90  75  96  -1.563  90.0  30.0  689
 3.325  680.0  90  75  96  -1.563   0.0   0.0  685
 3.325  682.5  90  75  87  -1.563  90.0  30.0  689
 3.325  687.5  90  75  84  -1.563 150.0  30.0  687
 3.325  907.5  90  75  84  -1.563   0.0   0.0  914
 3.325  242.5 -90  72  81  -1.563   0.0   0.0  250
 3.325  245.0 -90  72 102  -1.563   0.0   0.0  250
 3.325  247.5 -90  72  96  -1.563   0.0   0.0  250
 3.325  697.5 -90  72  84  -1.563  90.0  30.0  698
 3.325  705.0 -90  72  81  -1.563  90.0  30.0  710
 3.350  220.0  90  75  84  -1.563   0.0   0.0  221
 3.350  222.5  90  75 111  -1.563   0.0   0.0  228
 3.350  225.0  90  75 111  -1.563   0.0   0.0  228
 3.350  447.5  90  75  84  -1.563   0.0   0.0  462
 3.350  450.0  90  75 102  -1.563   0.0   0.0  455
 3.350  452.5  90  75  96  -1.563   0.0   0.0  455
 3.350  455.0  90  75  87  -1.563   0.0   0.0  460
 3.350  457.5  90  75  84   1.563   0.0   0.0  461
 3.350  560.0  90  75  87  -1.563  90.0  30.0  562
 3.350  677.5  90  75  96  -1.563  90.0  30.0  689
 3.350  680.0  90  75  99  -1.563  90.0  30.0  686
 3.350  682.5  90  75  93  -1.563  90.0  30.0  671
 3.350  905.0  90  75  84  -1.563   0.0   0.0  914
 3.350  907.5  90  75  87  -1.563   0.0   0.0  915
 3.350  242.5 -90  72  90  -1.563   0.0   0.0  249
 3.350  245.0 -90  72 102  -1.563   0.0   0.0  249
 3.350  247.5 -90  72  90  -1.563   0.0   0.0  249
 3.350  560.0 -90  72  81  -1.563  90.0  30.0  565
 3.350  677.5 -90  72  84   1.563 270.0  30.0  683
 3.350  680.0 -90  72  84  -1.563 270.0  30.0  668
 3.350  695.0 -90  72  81  -1.563  90.0  30.0  689
 3.350  697.5 -90  72  84  -1.563  90.0  30.0  694
 3.350  705.0 -90  72  81  -1.563  90.0  30.0  706
 3.375  220.0  90  75  84  -1.563   0.0   0.0  220
 3.375  222.5  90  75 111  -1.563   0.0   0.0  228
 3.375  225.0  90  75 111  -1.563   0.0   0.0  228
 3.375  450.0  90  75 102  -1.563   0.0   0.0  455
 3.375  452.5  90  75  99  -1.563   0.0   0.0  455
 3.375  455.0  90  75  87  -1.563   0.0   0.0  460
 3.375  560.0  90  75  90   1.563  90.0  30.0  570
 3.375  562.5  90  75  84   1.563  90.0  30.0  571
 3.375  677.5  90  75 102  -1.563  90.0  30.0  677
 3.375  680.0  90  75 102  -1.563  90.0  30.0  669
 3.375  682.5  90  75  90   1.563  90.0  30.0  679
 3.375  685.0  90  75  87   1.563  90.0  30.0  680
 3.375  907.5  90  75  84  -1.563   0.0   0.0  915
 3.375  910.0  90  75  84   1.563   0.0   0.0  916
 3.375  242.5 -90  72  96  -1.563   0.0   0.0  248
 3.375  245.0 -90  72 102  -1.563   0.0   0.0  249
 3.375  247.5 -90  72  84   1.563   0.0   0.0  249
 3.375  512.5 -90  72  81   1.563  90.0  30.0  513
 3.375  560.0 -90  72  81  -1.563  90.0  30.0  558
 3.375  677.5 -90  72  87   1.563  90.0  30.0  677
 3.375  680.0 -90  72  84  -1.563  90.0  30.0  677
 3.375  702.5 -90  72  81  -1.563  90.0  30.0  698
 3.375  705.0 -90  72  81  -1.563  90.0  30.0  694
 3.400  222.5  90  75 111  -1.563   0.0   0.0  228
 3.400  225.0  90  75 111  -1.563   0.0   0.0  228
 3.400  450.0  90  75 102  -1.563   0.0   0.0  456
 3.400  452.5  90  75 105  -1.563   0.0   0.0  456
 3.400  457.5  90  75  87   1.563   0.0   0.0  464
 3.400  460.0  90  75  84   1.563   0.0   0.0  465
 3.400  475.0  90  75  84  -1.563   0.0   0.0  482
 3.400  485.0  90  75  84  -1.563   0.0   0.0  491
 3.400  560.0  90  75  87  -1.563  90.0  30.0  555
 3.400  677.5  90  75 102  -1.563  90.0  30.0  678
 3.400  680.0  90  75  99  -1.563  90.0  30.0  680
 3.400  682.5  90  75  87  -1.563  90.0  30.0  683
 3.400  685.0  90  75  84   1.563   0.0   0.0  698
 3.400  907.5  90  75  87  -1.563   0.0   0.0  900
 3.400  910.0  90  75  87  -1.563   0.0   0.0  911
 3.400  242.5 -90  72 102  -1.563   0.0   0.0  248
 3.400  245.0 -90  72  99  -1.563   0.0   0.0  248
 3.400  490.0 -90  72  81   1.563   0.0   0.0  496
 3.400  512.5 -90  72  81  -1.563  90.0  30.0  516
 3.400  560.0 -90  72  81   1.563  90.0  30.0  564
 3.400  677.5 -90  72  87   1.563 270.0  30.0  673
 3.400  680.0 -90  72  84   1.563 330.0  30.0  677
 3.400  695.0 -90  72  84  -1.563  90.0  30.0  705
 3.400  697.5 -90  72  81   1.563  90.0  30.0  693
 3.400  700.0 -90  72  81  -1.563  90.0  30.0  698
 3.425  167.5  90  63  72  -1.563   0.0   0.0  172
 3.425  222.5  90  63  96  -1.563   0.0   0.0  228
 3.425  225.0  90  63  99  -1.563   0.0   0.0  228
 3.425  227.5  90  63  72  -1.563 270.0  30.0  221
 3.425  450.0  90  63  90  -1.563   0.0   0.0  457
 3.425  452.5  90  63  93  -1.563   0.0   0.0  456
 3.425  455.0  90  63  78   1.563   0.0   0.0  462
 3.425  560.0  90  63  72   1.563 270.0  30.0  559
 3.425  677.5  90  63  93  -1.563  90.0  30.0  679
 3.425  680.0  90  63  93  -1.563  90.0  30.0  683
 3.425  682.5  90  63  78  -1.563  90.0  30.0  694
 3.425 1137.5  90  63  72  -1.563   0.0   0.0 1130
 3.425  240.0 -90  60  75  -1.563   0.0   0.0  246
 3.425  242.5 -90  60  90  -1.563   0.0   0.0  247
 3.425  245.0 -90  60  84  -1.563   0.0   0.0  247
 3.425  677.5 -90  60  75  -1.563 270.0  30.0  677
 3.425  680.0 -90  60  75  -1.563 330.0  30.0  683
 3.425  695.0 -90  60  75  -1.563  90.0  30.0  693
 3.425  700.0 -90  60  72   1.563  90.0  30.0  704
 3.425  702.5 -90  60  72  -1.563  90.0  30.0  694
 3.450  220.0  90  66  75   1.563   0.0   0.0  232
 3.450  222.5  90  66  96  -1.563   0.0   0.0  228
 3.450  225.0  90  66  99  -1.563   0.0   0.0  228
 3.450  447.5  90  66  75  -1.563   0.0   0.0  459
 3.450  450.0  90  66  84   1.563   0.0   0.0  457
 3.450  452.5  90  66  93  -1.563   0.0   0.0  457
 3.450  457.5  90  66  75   1.563 150.0  30.0  462
 3.450  675.0  90  66  75   1.563   0.0   0.0  675
 3.450  677.5  90  66  93  -1.563  90.0  30.0  679
 3.450  680.0  90  66  90   1.563  90.0  30.0  671
 3.450  682.5  90  66  84  -1.563 270.0  30.0  681
 3.450  685.0  90  66  75  -1.563   0.0   0.0  690
 3.450  902.5  90  66  75   1.563   0.0   0.0  911
 3.450  905.0  90  66  78  -1.563  90.0  30.0  908
 3.450  907.5  90  66  75  -1.563   0.0   0.0  920
 3.450  910.0  90  66  75   1.563   0.0   0.0  915
 3.450 1127.5  90  66  75   1.563   0.0   0.0 1115
 3.450 1130.0  90  66  75   1.563  90.0  30.0 1116
 3.450 1132.5  90  66  75  -1.563  90.0  30.0 1122
 3.450 1277.5  90  66  75  -1.563   0.0   0.0 1289
 3.450 1280.0  90  66  75  -1.563   0.0   0.0 1285
 3.450  240.0 -90  60  78  -1.563   0.0   0.0  246
 3.450  242.5 -90  60  93  -1.563   0.0   0.0  247
 3.450  245.0 -90  60  78  -1.563   0.0   0.0  246
 3.450  515.0 -90  60  69   1.563  90.0  30.0  512
 3.450  677.5 -90  60  78   1.563  90.0  30.0  680
 3.450  680.0 -90  60  78   1.563 270.0  30.0  683
 3.450  682.5 -90  60  69  -1.563 270.0  30.0  675
 3.450  695.0 -90  60  75  -1.563  90.0  30.0  693
 3.450  697.5 -90  60  72   1.563  90.0  30.0  697
 3.450  700.0 -90  60  69  -1.563  90.0  30.0  702
 3.450  702.5 -90  60  75  -1.563  90.0  30.0  701
 3.475  220.0  90  78  87  -1.563 150.0  30.0  224
 3.475  222.5  90  78 105   1.563   0.0   0.0  230
 3.475  225.0  90  78 114  -1.563   0.0   0.0  230
 3.475  227.5  90  78  87  -1.563 150.0  30.0  233
 3.475  230.0  90  78  87   1.563   0.0   0.0  239
 3.475  447.5  90  78  87  -1.563  90.0  30.0  460
 3.475  450.0  90  78  90  -1.563 210.0  30.0  457
 3.475  452.5  90  78 105  -1.563   0.0   0.0  457
 3.475  457.5  90  78  87  -1.563   0.0   0.0  465
 3.475  675.0  90  78  87  -1.563   0.0   0.0  678
 3.475  677.5  90  78 105  -1.563  90.0  30.0  675
 3.475  680.0  90  78 105  -1.563  90.0  30.0  680
 3.475  682.5  90  78  96  -1.563 270.0  30.0  688
 3.475  902.5  90  78  87   1.563  90.0  30.0  895
 3.475  905.0  90  78  93   1.563  90.0  30.0  896
 3.475  907.5  90  78  96   1.563   0.0   0.0  916
 3.475  910.0  90  78  93  -1.563   0.0   0.0  917
 3.475 1050.0  90  78  90  -1.563 150.0  30.0 1041
 3.475 1052.5  90  78  87  -1.563   0.0   0.0 1051
 3.475 1130.0  90  78  87  -1.563  90.0  30.0 1121
 3.475 1132.5  90  78  93   1.563  90.0  30.0 1123
 3.475 1135.0  90  78  93   1.563  90.0  30.0 1125
 3.475 1137.5  90  78  90   1.563  90.0  30.0 1151
 3.475 1275.0  90  78  87  -1.563   0.0   0.0 1260
 3.475 1277.5  90  78  90  -1.563   0.0   0.0 1263
 3.475 1280.0  90  78  87  -1.563   0.0   0.0 1294
 3.475  240.0 -90  72  96  -1.563   0.0   0.0  247
 3.475  242.5 -90  72 105  -1.563   0.0   0.0  247
 3.475  245.0 -90  72  87  -1.563   0.0   0.0  248
 3.475  487.5 -90  72  81  -1.563   0.0   0.0  493
 3.475  490.0 -90  72  81  -1.563   0.0   0.0  496
 3.475  677.5 -90  72  90   1.563 270.0  30.0  678
 3.475  680.0 -90  72  87  -1.563 270.0  30.0  682
 3.475  682.5 -90  72  81  -1.563  90.0  30.0  689
 3.475  692.5 -90  72  87  -1.563  90.0  30.0  695
 3.475  695.0 -90  72  90  -1.563  90.0  30.0  695
 3.475  697.5 -90  72  87  -1.563  90.0  30.0  695
 3.475  700.0 -90  72  84  -1.563  90.0  30.0  701
 3.475  702.5 -90  72  87  -1.563  90.0  30.0  715
 3.500  222.5  90  75 105  -1.563   0.0   0.0  229
 3.500  225.0  90  75 114  -1.563   0.0   0.0  229
 3.500  227.5  90  75  96  -1.563   0.0   0.0  229
 3.500  450.0  90  75  93  -1.563   0.0   0.0  458
 3.500  452.5  90  75 105  -1.563   0.0   0.0  457
 3.500  455.0  90  75  93   1.563   0.0   0.0  457
 3.500  535.0  90  75  84  -1.563   0.0   0.0  541
 3.500  560.0  90  75  84  -1.563 270.0  30.0  564
 3.500  677.5  90  75 105   1.563  90.0  30.0  678
 3.500  680.0  90  75 105   1.563  90.0  30.0  679
 3.500  682.5  90  75  90  -1.563  90.0  30.0  668
 3.500  910.0  90  75  84  -1.563   0.0   0.0  917
 3.500  912.5  90  75  87  -1.563   0.0   0.0  917
 3.500   82.5 -90  72  81  -1.563   0.0   0.0   85
 3.500  240.0 -90  72  99  -1.563   0.0   0.0  246
 3.500  242.5 -90  72 102  -1.563   0.0   0.0  246
 3.500  245.0 -90  72  84   1.563   0.0   0.0  244
 3.500  677.5 -90  72  87   1.563 270.0  30.0  682
 3.500  680.0 -90  72  87   1.563 270.0  30.0  682
 3.500  692.5 -90  72  84   1.563  90.0  30.0  687
 3.500  695.0 -90  72  87  -1.563  90.0  30.0  710
 3.500  697.5 -90  72  96  -1.563  90.0  30.0  704
 3.500  700.0 -90  72  93  -1.563  90.0  30.0  715
 3.500  702.5 -90  72  87  -1.563  90.0  30.0  692
 3.525  220.0  90  78  87   1.563   0.0   0.0  228
 3.525  222.5  90  78  99  -1.563   0.0   0.0  229
 3.525  225.0  90  78 114  -1.563   0.0   0.0  229
 3.525  227.5  90  78  93   1.563   0.0   0.0  229
 3.525  230.0  90  78  87  -1.563   0.0   0.0  227
 3.525  447.5  90  78  87   1.563   0.0   0.0  462
 3.525  450.0  90  78  90   1.563  90.0  30.0  462
 3.525  452.5  90  78  99  -1.563   0.0   0.0  457
 3.525  455.0  90  78  90  -1.563   0.0   0.0  455
 3.525  675.0  90  78  87   1.563   0.0   0.0  675
 3.525  677.5  90  78 105   1.563  90.0  30.0  678
 3.525  680.0  90  78 105  -1.563  90.0  30.0  679
 3.525  682.5  90  78  93  -1.563   0.0   0.0  693
 3.525  685.0  90  78  93  -1.563   0.0   0.0  687
 3.525  902.5  90  78  87   1.563  90.0  30.0  891
 3.525  905.0  90  78  90   1.563   0.0   0.0  892
 3.525  907.5  90  78  93  -1.563   0.0   0.0  914
 3.525  910.0  90  78  87  -1.563  90.0  30.0  924
 3.525 1130.0  90  78  87   1.563   0.0   0.0 1121
 3.525 1132.5  90  78  90  -1.563   0.0   0.0 1146
 3.525 1135.0  90  78  90  -1.563   0.0   0.0 1148
 3.525 1137.5  90  78  87  -1.563   0.0   0.0 1142
 3.525 1140.0  90  78  90  -1.563   0.0   0.0 1148
 3.525 1142.5  90  78  87  -1.563   0.0   0.0 1149
 3.525 1277.5  90  78  87   1.563   0.0   0.0 1291
 3.525 1280.0  90  78  87   1.563   0.0   0.0 1294
 3.525  240.0 -90  72 102  -1.563   0.0   0.0  245
 3.525  242.5 -90  72  99  -1.563   0.0   0.0  245
 3.525  485.0 -90  72  84  -1.563   0.0   0.0  490
 3.525  677.5 -90  72  90   1.563 270.0  30.0  688
 3.525  680.0 -90  72  90   1.563 270.0  30.0  682
 3.525  695.0 -90  72  87  -1.563  90.0  30.0  692
 3.525  697.5 -90  72  96  -1.563  90.0  30.0  698
 3.525  700.0 -90  72  90  -1.563  90.0  30.0  702
 3.525  702.5 -90  72  87  -1.563  90.0  30.0  700
 3.550  222.5  90  78  99   1.563   0.0   0.0  229
 3.550  225.0  90  78 111  -1.563   0.0   0.0  229
 3.550  227.5  90  78 102  -1.563   0.0   0.0  230
 3.550  452.5  90  78 102  -1.563   0.0   0.0  458
 3.550  455.0  90  78  96  -1.563   0.0   0.0  459
 3.550  457.5  90  78  90  -1.563   0.0   0.0  461
 3.550  677.5  90  78 105   1.563  90.0  30.0  678
 3.550  680.0  90  78 102   1.563  90.0  30.0  680
 3.550  682.5  90  78  93   1.563  90.0  30.0  679
 3.550  685.0  90  78  96  -1.563   0.0   0.0  691
 3.550  237.5 -90  72  81  -1.563   0.0   0.0  244
 3.550  240.0 -90  72 102  -1.563   0.0   0.0  245
 3.550  242.5 -90  72  96  -1.563   0.0   0.0  245
 3.550  485.0 -90  72  81   1.563   0.0   0.0  492
 3.550  487.5 -90  72  81   1.563   0.0   0.0  493
 3.550  512.5 -90  72  84   1.563  90.0  30.0  523
 3.550  515.0 -90  72  81  -1.563  90.0  30.0  507
 3.550  677.5 -90  72  90  -1.563 270.0  30.0  670
 3.550  680.0 -90  72  84   1.563  90.0  30.0  692
 3.550  682.5 -90  72  81   1.563 270.0  30.0  677
 3.550  692.5 -90  72  81  -1.563  90.0  30.0  695
 3.550  695.0 -90  72  90  -1.563  90.0  30.0  682
 3.550  697.5 -90  72  99  -1.563  90.0  30.0  697
 3.550  700.0 -90  72  90  -1.563  90.0  30.0  711
 3.550  702.5 -90  72  81  -1.563  90.0  30.0  708
 3.575  220.0  90  69  78   1.563   0.0   0.0  229
 3.575  222.5  90  69  84  -1.563   0.0   0.0  229
 3.575  225.0  90  69  99  -1.563   0.0   0.0  229
 3.575  227.5  90  69  87   1.563   0.0   0.0  229
 3.575  230.0  90  69  78  -1.563   0.0   0.0  234
 3.575  452.5  90  69  87  -1.563   0.0   0.0  458
 3.575  455.0  90  69  87  -1.563   0.0   0.0  458
 3.575  677.5  90  69  93  -1.563  90.0  30.0  678
 3.575  680.0  90  69  96  -1.563  90.0  30.0  680
 3.575  682.5  90  69  81   1.563  90.0  30.0  668
 3.575  237.5 -90  63  75   1.563   0.0   0.0  244
 3.575  240.0 -90  63  90  -1.563   0.0   0.0  245
 3.575  242.5 -90  63  81  -1.563   0.0   0.0  245
 3.575  512.5 -90  63  72   1.563 270.0  30.0  513
 3.575  677.5 -90  63  75   1.563 270.0  30.0  666
 3.575  680.0 -90  63  78   1.563 270.0  30.0  692
 3.575  692.5 -90  63  75  -1.563  90.0  30.0  685
 3.575  695.0 -90  63  81  -1.563  90.0  30.0  700
 3.575  697.5 -90  63  84  -1.563  90.0  30.0  700
 3.600  222.5  90  69  81   1.563   0.0   0.0  230
 3.600  225.0  90  69  99  -1.563   0.0   0.0  230
 3.600  227.5  90  69  90  -1.563   0.0   0.0  229
 3.600  452.5  90  69  87   1.563   0.0   0.0  459
 3.600  455.0  90  69  90  -1.563   0.0   0.0  458
 3.600  677.5  90  69  93   1.563  90.0  30.0  677
 3.600  680.0  90  69  93   1.563  90.0  30.0  678
 3.600  682.5  90  69  84  -1.563  90.0  30.0  684
 3.600  237.5 -90  63  78   1.563   0.0   0.0  244
 3.600  240.0 -90  63  90  -1.563   0.0   0.0  244
 3.600  242.5 -90  63  75   1.563   0.0   0.0  245
 3.600  512.5 -90  63  72   1.563 270.0  30.0  514
 3.600  567.5 -90  63  72   1.563  90.0  30.0  563
 3.600  570.0 -90  63  72  -1.563  90.0  30.0  570
 3.600  677.5 -90  63  78   1.563  90.0  30.0  671
 3.600  680.0 -90  63  75   1.563  90.0  30.0  667
 3.600  692.5 -90  63  72  -1.563  90.0  30.0  707
 3.600  695.0 -90  63  78  -1.563  90.0  30.0  688
 3.600  697.5 -90  63  81  -1.563  90.0  30.0  695
 3.625  222.5  90  66  81  -1.563   0.0   0.0  230
 3.625  225.0  90  66  99  -1.563   0.0   0.0  230
 3.625  227.5  90  66  93  -1.563   0.0   0.0  230
 3.625  245.0  90  66  75  -1.563   0.0   0.0  251
 3.625  452.5  90  66  81   1.563   0.0   0.0  459
 3.625  455.0  90  66  87  -1.563   0.0   0.0  459
 3.625  677.5  90  66  93   1.563  90.0  30.0  666
 3.625  680.0  90  66  93  -1.563  90.0  30.0  682
 3.625  682.5  90  66  84   1.563  90.0  30.0  696
 3.625  687.5  90  66  78  -1.563 270.0  30.0  691
 3.625  237.5 -90  63  84  -1.563   0.0   0.0  243
 3.625  240.0 -90  63  90  -1.563   0.0   0.0  244
 3.625  242.5 -90  63  75  -1.563   0.0   0.0  244
 3.625  512.5 -90  63  72   1.563  90.0  30.0  500
 3.625  567.5 -90  63  75  -1.563  90.0  30.0  559
 3.625  570.0 -90  63  72  -1.563  90.0  30.0  585
 3.625  677.5 -90  63  75   1.563 270.0  30.0  673
 3.625  680.0 -90  63  78  -1.563 270.0  30.0  673
 3.625  692.5 -90  63  72   1.563  90.0  30.0  695
 3.625  695.0 -90  63  78  -1.563  90.0  30.0  695
 3.625  697.5 -90  63  75  -1.563  90.0  30.0  694
 3.650  225.0  90  66  96  -1.563   0.0   0.0  230
 3.650  227.5  90  66  90  -1.563   0.0   0.0  230
 3.650  452.5  90  66  75   1.563   0.0   0.0  459
 3.650  455.0  90  66  87   1.563   0.0   0.0  460
 3.650  457.5  90  66  75   1.563   0.0   0.0  462
 3.650  677.5  90  66  90   1.563  90.0  30.0  682
 3.650  680.0  90  66  90  -1.563  90.0  30.0  683
 3.650  682.5  90  66  81  -1.563  90.0  30.0  675
 3.650  685.0  90  66  78  -1.563  90.0  30.0  676
 3.650  687.5  90  66  75  -1.563 270.0  30.0  693
 3.650  237.5 -90  60  84  -1.563   0.0   0.0  244
 3.650  240.0 -90  60  87  -1.563   0.0   0.0  243
 3.650  512.5 -90  60  69   1.563  90.0  30.0  499
 3.650  567.5 -90  60  72  -1.563  90.0  30.0  572
 3.650  677.5 -90  60  75  -1.563 270.0  30.0  691
 3.650  680.0 -90  60  75  -1.563 270.0  30.0  691
 3.650  690.0 -90  60  72   1.563  90.0  30.0  680
 3.650  692.5 -90  60  75   1.563  90.0  30.0  679
 3.650  695.0 -90  60  84  -1.563  90.0  30.0  693
 3.650  697.5 -90  60  78  -1.563  90.0  30.0  709
 3.675  222.5  90  63  72   1.563   0.0   0.0  235
 3.675  225.0  90  63  93  -1.563   0.0   0.0  231
 3.675  227.5  90  63  90  -1.563   0.0   0.0  231
 3.675  452.5  90  63  72  -1.563   0.0   0.0  459
 3.675  455.0  90  63  84  -1.563   0.0   0.0  460
 3.675  457.5  90  63  72  -1.563   0.0   0.0  455
 3.675  672.5  90  63  72  -1.563  90.0  30.0  685
 3.675  677.5  90  63  90   1.563  90.0  30.0  681
 3.675  680.0  90  63  90   1.563  90.0  30.0  683
 3.675  682.5  90  63  78  -1.563  90.0  30.0  682
 3.675  685.0  90  63  75  -1.563  90.0  30.0  678
 3.675  687.5  90  63  78  -1.563   0.0   0.0  693
 3.675  690.0  90  63  72   1.563   0.0   0.0  693
 3.675  237.5 -90  60  84  -1.563   0.0   0.0  244
 3.675  240.0 -90  60  84  -1.563   0.0   0.0  244
 3.675  567.5 -90  60  72  -1.563  90.0  30.0  570
 3.675  677.5 -90  60  75  -1.563 270.0  30.0  680
 3.675  680.0 -90  60  75  -1.563 270.0  30.0  692
 3.675  690.0 -90  60  69   1.563  90.0  30.0  678
 3.675  692.5 -90  60  72   1.563  90.0  30.0  690
 3.675  695.0 -90  60  81  -1.563  90.0  30.0  708
 3.675  697.5 -90  60  78  -1.563  90.0  30.0  702
 3.700  225.0  90  66  90   1.563   0.0   0.0  230
 3.700  227.5  90  66  90  -1.563   0.0   0.0  230
 3.700  455.0  90  66  81   1.563   0.0   0.0  460
 3.700  457.5  90  66  75  -1.563   0.0   0.0  461
 3.700  677.5  90  66  90   1.563  90.0  30.0  691
 3.700  680.0  90  66  93  -1.563  90.0  30.0  683
 3.700  682.5  90  66  81  -1.563  90.0  30.0  697
 3.700  685.0  90  66  78  -1.563  90.0  30.0  676
 3.700  237.5 -90  60  84  -1.563   0.0   0.0  243
 3.700  240.0 -90  60  81  -1.563   0.0   0.0  243
 3.700  567.5 -90  60  69   1.563  90.0  30.0  578
 3.700  677.5 -90  60  72   1.563 270.0  30.0  692
 3.700  680.0 -90  60  75   1.563 270.0  30.0  688
 3.700  692.5 -90  60  78  -1.563  90.0  30.0  701
 3.700  695.0 -90  60  84  -1.563  90.0  30.0  695
 3.700  697.5 -90  60  75  -1.563  90.0  30.0  687
 3.725  225.0  90  78 102   1.563   0.0   0.0  230
 3.725  227.5  90  78  99  -1.563   0.0   0.0  230
 3.725  455.0  90  78  90  -1.563   0.0   0.0  459
 3.725  457.5  90  78  87  -1.563   0.0   0.0  459
 3.725  677.5  90  78 102   1.563  90.0  30.0  680
 3.725  680.0  90  78 102   1.563  90.0  30.0  681
 3.725  682.5  90  78  96  -1.563  90.0  30.0  679
 3.725  685.0  90  78  87  -1.563  90.0  30.0  682
 3.725  687.5  90  78  87  -1.563   0.0   0.0  689
 3.725  237.5 -90  72  96  -1.563   0.0   0.0  242
 3.725  240.0 -90  72  87  -1.563   0.0   0.0  241
 3.725  565.0 -90  72  81  -1.563  90.0  30.0  564
 3.725  677.5 -90  72  87   1.563 270.0  30.0  681
 3.725  680.0 -90  72  87  -1.563 270.0  30.0  682
 3.725  682.5 -90  72  84   1.563 270.0  30.0  677
 3.725  690.0 -90  72  81   1.563  90.0  30.0  684
 3.725  692.5 -90  72  93  -1.563  90.0  30.0  689
 3.725  695.0 -90  72  96  -1.563  90.0  30.0  694
 3.725  697.5 -90  72  87  -1.563  90.0  30.0  704
 3.750  225.0  90  87  99  -1.563   0.0   0.0  230
 3.750  227.5  90  87  99   1.563   0.0   0.0  231
 3.750  677.5  90  87 102  -1.563  90.0  30.0  676
 3.750  680.0  90  87 105   1.563  90.0  30.0  678
 3.750  682.5  90  87  96   1.563  90.0  30.0  687
 3.750  810.0  90  87  96  -4.688  90.0  30.0  811
 3.750 1040.0  90  87  96   1.563  90.0  30.0 1041
 3.750 1277.5  90  87  96   4.688  90.0  30.0 1287
 3.775  225.0  90  66  87   1.563   0.0   0.0  231
 3.775  227.5  90  66  87   1.563   0.0   0.0  231
 3.775  455.0  90  66  75   1.563   0.0   0.0  463
 3.775  457.5  90  66  81  -1.563   0.0   0.0  463
 3.775  677.5  90  66  87   1.563  90.0  30.0  688
 3.775  680.0  90  66  90   1.563  90.0  30.0  681
 3.775  682.5  90  66  78  -1.563  90.0  30.0  697
 3.775  685.0  90  66  75  -1.563  90.0  30.0  698
 3.775  235.0 -90  60  69  -1.563   0.0   0.0  242
 3.775  237.5 -90  60  84  -1.563   0.0   0.0  242
 3.775  240.0 -90  60  72  -1.563   0.0   0.0  243
 3.775  565.0 -90  60  69  -1.563 270.0  30.0  566
 3.775  677.5 -90  60  72   1.563 270.0  30.0  668
 3.775  680.0 -90  60  78  -1.563 270.0  30.0  691
 3.775  682.5 -90  60  69  -1.563 270.0  30.0  691
 3.775  690.0 -90  60  72   1.563  90.0  30.0  700
 3.775  692.5 -90  60  81  -1.563  90.0  30.0  700
 3.775  695.0 -90  60  81  -1.563  90.0  30.0  689
 3.775  697.5 -90  60  72   1.563  90.0  30.0  683
 3.800  225.0  90  60  84  -1.563   0.0   0.0  231
 3.800  227.5  90  60  87  -1.563   0.0   0.0  231
 3.800  455.0  90  60  72  -1.563   0.0   0.0  461
 3.800  457.5  90  60  78  -1.563   0.0   0.0  462
 3.800  460.0  90  60  69   1.563 270.0  30.0  464
 3.800  677.5  90  60  84   1.563  90.0  30.0  682
 3.800  680.0  90  60  90   1.563  90.0  30.0  680
 3.800  682.5  90  60  72   1.563  90.0  30.0  677
 3.800 1127.5  90  60  69  -1.563 150.0  30.0 1140
 3.800 1130.0  90  60  69   1.563  90.0  30.0 1128
 3.800  235.0 -90  60  72  -1.563   0.0   0.0  242
 3.800  237.5 -90  60  81  -1.563   0.0   0.0  242
 3.800  565.0 -90  60  72   1.563  90.0  30.0  564
 3.800  677.5 -90  60  69  -1.563  90.0  30.0  674
 3.800  680.0 -90  60  75  -1.563 270.0  30.0  682
 3.800  690.0 -90  60  75   1.563  90.0  30.0  683
 3.800  692.5 -90  60  81  -1.563  90.0  30.0  698
 3.800  695.0 -90  60  81  -1.563  90.0  30.0  699
 3.825  225.0  90  75  96  -1.563   0.0   0.0  231
 3.825  227.5  90  75 102   1.563   0.0   0.0  231
 3.825  230.0  90  75  84  -1.563   0.0   0.0  231
 3.825  457.5  90  75  87  -1.563   0.0   0.0  461
 3.825  677.5  90  75  99   1.563  90.0  30.0  675
 3.825  680.0  90  75 102  -1.563  90.0  30.0  682
 3.825  682.5  90  75  87  -1.563  90.0  30.0  691
 3.825  690.0  90  75  84  -1.563   0.0   0.0  697
 3.825  235.0 -90  72  84  -1.563   0.0   0.0  242
 3.825  237.5 -90  72  93  -1.563   0.0   0.0  241
 3.825  240.0 -90  72  81  -1.563   0.0   0.0  243
 3.825  565.0 -90  72  87   1.563  90.0  30.0  567
 3.825  567.5 -90  72  84  -1.563  90.0  30.0  563
 3.825  677.5 -90  72  81   1.563 270.0  30.0  668
 3.825  680.0 -90  72  87  -1.563 270.0  30.0  693
 3.825  690.0 -90  72  90   1.563  90.0  30.0  694
 3.825  692.5 -90  72  90  -1.563  90.0  30.0  694
 3.825  695.0 -90  72  90  -1.563  90.0  30.0  686
 3.850  225.0  90  78  93  -1.563   0.0   0.0  231
 3.850  227.5  90  78 102  -1.563   0.0   0.0  231
 3.850  230.0  90  78  87  -1.563   0.0   0.0  231
 3.850  457.5  90  78  87  -1.563   0.0   0.0  463
 3.850  677.5  90  78  96  -1.563  90.0  30.0  684
 3.850  680.0  90  78 102   1.563  90.0  30.0  681
 3.850  682.5  90  78  90  -1.563  90.0  30.0  675
 3.850  235.0 -90  72  87  -1.563   0.0   0.0  241
 3.850  237.5 -90  72  96  -1.563   0.0   0.0  241
 3.850  565.0 -90  72  87  -1.563  90.0  30.0  566
 3.850  567.5 -90  72  81  -1.563  90.0  30.0  570
 3.850  677.5 -90  72  81   1.563  90.0  30.0  679
 3.850  680.0 -90  72  87  -1.563 270.0  30.0  683
 3.850  690.0 -90  72  93  -1.563  90.0  30.0  679
 3.850  692.5 -90  72  96  -1.563  90.0  30.0  693
 3.850  695.0 -90  72  90  -1.563  90.0  30.0  705
 3.875  225.0  90  78  96  -1.563   0.0   0.0  231
 3.875  227.5  90  78 108   1.563   0.0   0.0  231
 3.875  230.0  90  78  93   1.563   0.0   0.0  232
 3.875  457.5  90  78  93   1.563   0.0   0.0  463
 3.875  460.0  90  78  90  -1.563   0.0   0.0  464
 3.875  677.5  90  78  96   1.563  90.0  30.0  688
 3.875  680.0  90  78 102   1.563  90.0  30.0  680
 3.875  690.0  90  78  90  -1.563   0.0   0.0  693
 3.875  235.0 -90  72  93  -1.563   0.0   0.0  241
 3.875  237.5 -90  72  99  -1.563   0.0   0.0  241
 3.875  240.0 -90  72  81   1.563   0.0   0.0  239
 3.875  565.0 -90  72  81   1.563  90.0  30.0  573
 3.875  677.5 -90  72  81  -1.563 270.0  30.0  690
 3.875  680.0 -90  72  90  -1.563 270.0  30.0  672
 3.875  690.0 -90  72  90  -1.563  90.0  30.0  692
 3.875  692.5 -90  72  81  -1.563  90.0  30.0  691
 3.875  695.0 -90  72  87  -1.563  90.0  30.0  688
 3.900  225.0  90  75  93  -1.563   0.0   0.0  231
 3.900  227.5  90  75 108  -1.563   0.0   0.0  232
 3.900  230.0  90  75  93  -1.563   0.0   0.0  232
 3.900  250.0  90  75  84  -1.563   0.0   0.0  250
 3.900  457.5  90  75  90  -1.563   0.0   0.0  463
 3.900  460.0  90  75  90  -1.563   0.0   0.0  462
 3.900  677.5  90  75  93   1.563  90.0  30.0  666
 3.900  680.0  90  75 102   1.563  90.0  30.0  683
 3.900  682.5  90  75  90  -1.563  90.0  30.0  689
 3.900  685.0  90  75  84  -1.563  90.0  30.0  673
 3.900  690.0  90  75  84   1.563   0.0   0.0  696
 3.900  235.0 -90  72  93  -1.563   0.0   0.0  241
 3.900  237.5 -90  72  99  -1.563   0.0   0.0  241
 3.900  680.0 -90  72  87   1.563 270.0  30.0  693
 3.900  682.5 -90  72  81   1.563 270.0  30.0  688
 3.900  690.0 -90  72  90  -1.563  90.0  30.0  686
 3.900  692.5 -90  72  90   1.563  90.0  30.0  689
 3.925  225.0  90  75  90  -1.563   0.0   0.0  232
 3.925  227.5  90  75 108  -1.563   0.0   0.0  232
 3.925  230.0  90  75  96  -1.563   0.0   0.0  232
 3.925  457.5  90  75  90  -1.563   0.0   0.0  464
 3.925  460.0  90  75  90   1.563   0.0   0.0  464
 3.925  677.5  90  75  93  -1.563  90.0  30.0  684
 3.925  680.0  90  75  99   1.563  90.0  30.0  683
 3.925  682.5  90  75  87   1.563  90.0  30.0  672
 3.925  685.0  90  75  90   1.563  90.0  30.0  672
 3.925  690.0  90  75  84   1.563 210.0  30.0  697
 3.925  235.0 -90  72  96  -1.563   0.0   0.0  241
 3.925  237.5 -90  72  99  -1.563   0.0   0.0  241
 3.925  565.0 -90  72  87  -1.563  90.0  30.0  565
 3.925  680.0 -90  72  84   1.563 270.0  30.0  690
 3.925  685.0 -90  72  81   1.563  90.0  30.0  694
 3.925  690.0 -90  72  90   1.563  90.0  30.0  686
 3.925  692.5 -90  72  87  -1.563  90.0  30.0  689
 3.925  695.0 -90  72  84  -1.563  90.0  30.0  698
 3.925  697.5 -90  72  84  -1.563  90.0  30.0  703
 3.950  225.0  90  78  90   1.563   0.0   0.0  232
 3.950  227.5  90  78 108  -1.563   0.0   0.0  232
 3.950  230.0  90  78  99  -1.563   0.0   0.0  233
 3.950  457.5  90  78  87  -1.563   0.0   0.0  464
 3.950  460.0  90  78  93  -1.563   0.0   0.0  463
 3.950  597.5  90  78  87   4.688 150.0  30.0  605
 3.950  677.5  90  78  93   1.563  90.0  30.0  687
 3.950  680.0  90  78 102   1.563  90.0  30.0  686
 3.950  682.5  90  78  96  -1.563  90.0  30.0  673
 3.950  685.0  90  78  93  -1.563  90.0  30.0  674
 3.950  235.0 -90  75  96  -1.563   0.0   0.0  241
 3.950  237.5 -90  75  99  -1.563   0.0   0.0  241
 3.950  565.0 -90  75  90  -1.563  90.0  30.0  557
 3.950  680.0 -90  75  90   1.563 270.0  30.0  689
 3.950  682.5 -90  75  84   1.563 270.0  30.0  669
 3.950  685.0 -90  75  84  -1.563 150.0  30.0  699
 3.950  690.0 -90  75  90  -1.563  90.0  30.0  686
 3.950  692.5 -90  75  84   1.563  90.0  30.0  680
 3.950  695.0 -90  75  84   1.563  90.0  30.0  699
 3.950  697.5 -90  75  84  -1.563  90.0  30.0  702
 3.975  225.0  90  81  90  -1.563   0.0   0.0  231
 3.975  227.5  90  81 105  -1.563   0.0   0.0  232
 3.975  230.0  90  81 102  -1.563   0.0   0.0  233
 3.975  457.5  90  81  90   1.563   0.0   0.0  465
 3.975  460.0  90  81  96  -1.563   0.0   0.0  465
 3.975  462.5  90  81  90  -1.563   0.0   0.0  464
 3.975  677.5  90  81  93   1.563  90.0  30.0  670
 3.975  680.0  90  81 102   1.563  90.0  30.0  680
 3.975  682.5  90  81  93  -1.563  90.0  30.0  689
 3.975  235.0 -90  75  99  -1.563   0.0   0.0  241
 3.975  237.5 -90  75  99  -1.563   0.0   0.0  241
 3.975  562.5 -90  75  87  -1.563  90.0  30.0  552
 3.975  565.0 -90  75  87   1.563  90.0  30.0  570
 3.975  680.0 -90  75  87  -1.563  90.0  30.0  680
 3.975  687.5 -90  75  84   1.563  90.0  30.0  691
 3.975  690.0 -90  75  93   1.563  90.0  30.0  688
 3.975  695.0 -90  75  87  -1.563  90.0  30.0  698
 4.000  227.5  90  78 105  -1.563   0.0   0.0  233
 4.000  230.0  90  78  99  -1.563   0.0   0.0  232
 4.000  460.0  90  78  96  -1.563   0.0   0.0  464
 4.000  677.5  90  78  87   1.563  90.0  30.0  666
 4.000  680.0  90  78  99   1.563  90.0  30.0  675
 4.000  682.5  90  78  87  -1.563  90.0  30.0  669
 4.000 1277.5  90  78  87   4.688 150.0  30.0 1267
 4.000 1282.5  90  78  87   4.688 150.0  30.0 1273
 4.000  235.0 -90  72  96  -1.563   0.0   0.0  241
 4.000  237.5 -90  72  96  -1.563   0.0   0.0  240
 4.000  562.5 -90  72  84  -1.563  90.0  30.0  560
 4.000  680.0 -90  72  84   1.563 150.0  30.0  675
 4.000  690.0 -90  72  93  -1.563  90.0  30.0  705
 4.000  692.5 -90  72  93  -1.563  90.0  30.0  695
 4.000  695.0 -90  72  84  -1.563  90.0  30.0  707
 4.000  697.5 -90  72  81  -1.563  90.0  30.0  691
 4.000  700.0 -90  72  81  -1.563  90.0  30.0  692
 4.025  225.0  90  72  81  -1.563   0.0   0.0  236
 4.025  227.5  90  72 105  -1.563   0.0   0.0  233
 4.025  230.0  90  72 102   1.563   0.0   0.0  233
 4.025  460.0  90  72  93  -1.563   0.0   0.0  465
 4.025  462.5  90  72  84   1.563   0.0   0.0  466
 4.025  677.5  90  72  87  -1.563  90.0  30.0  689
 4.025  680.0  90  72 102   1.563  90.0  30.0  681
 4.025  682.5  90  72  93  -1.563  90.0  30.0  670
 4.025  685.0  90  72  84  -1.563  90.0  30.0  679
 4.025  692.5  90  72  84   1.563   0.0   0.0  697
 4.025  927.5  90  72  81  -1.563   0.0   0.0  933
 4.025  235.0 -90  69  99  -1.563   0.0   0.0  241
 4.025  237.5 -90  69  96  -1.563   0.0   0.0  241
 4.025  562.5 -90  69  81  -1.563  90.0  30.0  556
 4.025  680.0 -90  69  84  -1.563 270.0  30.0  680
 4.025  682.5 -90  69  81   1.563 270.0  30.0  672
 4.025  687.5 -90  69  87   1.563  90.0  30.0  691
 4.025  690.0 -90  69  90  -1.563  90.0  30.0  696
 4.025  692.5 -90  69  87  -1.563  90.0  30.0  691
 4.025  695.0 -90  69  87  -1.563  90.0  30.0  689
 4.050  227.5  90  72 102  -1.563   0.0   0.0  233
 4.050  230.0  90  72 102  -1.563   0.0   0.0  233
 4.050  460.0  90  72  90  -1.563   0.0   0.0  465
 4.050  462.5  90  72  81  -1.563   0.0   0.0  464
 4.050  677.5  90  72  84   1.563  90.0  30.0  673
 4.050  680.0  90  72  99   1.563  90.0  30.0  678
 4.050  682.5  90  72  93   1.563  90.0  30.0  684
 4.050  685.0  90  72  90  -1.563  90.0  30.0  687
 4.050  692.5  90  72  84  -1.563   0.0   0.0  697
 4.050  695.0  90  72  81  -1.563   0.0   0.0  697
 4.050  235.0 -90  69  99  -1.563   0.0   0.0  240
 4.050  237.5 -90  69  96  -1.563   0.0   0.0  240
 4.050  562.5 -90  69  81  -1.563  90.0  30.0  558
 4.050  565.0 -90  69  81  -1.563 270.0  30.0  561
 4.050  680.0 -90  69  84  -1.563 270.0  30.0  679
 4.050  682.5 -90  69  81   1.563  90.0  30.0  670
 4.050  685.0 -90  69  78   1.563  90.0  30.0  670
 4.050  687.5 -90  69  87   1.563  90.0  30.0  694
 4.050  690.0 -90  69  90  -1.563  90.0  30.0  695
 4.050  695.0 -90  69  78  -1.563  90.0  30.0  684
 4.050  697.5 -90  69  78  -1.563  90.0  30.0  686
 4.075  227.5  90  72 102  -1.563   0.0   0.0  233
 4.075  230.0  90  72 102  -1.563   0.0   0.0  233
 4.075  460.0  90  72  87  -1.563   0.0   0.0  466
 4.075  462.5  90  72  87  -1.563   0.0   0.0  466
 4.075  677.5  90  72  81  -1.563  90.0  30.0  690
 4.075  680.0  90  72  99   1.563  90.0  30.0  676
 4.075  682.5  90  72  90   1.563  90.0  30.0  669
 4.075  685.0  90  72  87  -1.563  90.0  30.0  692
 4.075  692.5  90  72  81  -1.563   0.0   0.0  699
 4.075  695.0  90  72  81  -1.563   0.0   0.0  704
 4.075  235.0 -90  69  99  -1.563   0.0   0.0  240
 4.075  237.5 -90  69  93  -1.563   0.0   0.0  240
 4.075  562.5 -90  69  81   1.563  90.0  30.0  559
 4.075  680.0 -90  69  81   1.563 270.0  30.0  675
 4.075  687.5 -90  69  84  -1.563  90.0  30.0  681
 4.075  690.0 -90  69  90  -1.563  90.0  30.0  683
 4.075  695.0 -90  69  78  -1.563  90.0  30.0  705
 4.100  227.5  90  69 102  -1.563   0.0   0.0  233
 4.100  230.0  90  69 105  -1.563   0.0   0.0  233
 4.100  460.0  90  69  87   1.563   0.0   0.0  466
 4.100  462.5  90  69  90  -1.563   0.0   0.0  466
 4.100  465.0  90  69  78  -1.563   0.0   0.0  470
 4.100  467.5  90  69  78  -1.563   0.0   0.0  476
 4.100  677.5  90  69  81   1.563  90.0  30.0  667
 4.100  680.0  90  69  99   1.563  90.0  30.0  673
 4.100  682.5  90  69  96  -1.563  90.0  30.0  685
 4.100  685.0  90  69  90  -1.563  90.0  30.0  696
 4.100  687.5  90  69  81   1.563  90.0  30.0  701
 4.100  692.5  90  69  78   1.563   0.0   0.0  694
 4.100  695.0  90  69  81  -1.563   0.0   0.0  701
 4.100  697.5  90  69  78  -1.563   0.0   0.0  703
 4.100 1130.0  90  69  78   1.563 150.0  30.0 1129
 4.100 1135.0  90  69  78  -1.563 150.0  30.0 1134
 4.100  235.0 -90  69  99  -1.563   0.0   0.0  240
 4.100  237.5 -90  69  93  -1.563   0.0   0.0  240
 4.100  562.5 -90  69  81   1.563 270.0  30.0  559
 4.100  680.0 -90  69  81  -1.563 270.0  30.0  686
 4.100  682.5 -90  69  78  -1.563 270.0  30.0  682
 4.100  687.5 -90  69  90  -1.563  90.0  30.0  695
 4.100  690.0 -90  69  93  -1.563  90.0  30.0  688
 4.100  692.5 -90  69  81  -1.563  90.0  30.0  678
 4.125  227.5  90  75  99  -1.563   0.0   0.0  233
 4.125  230.0  90  75 105  -1.563   0.0   0.0  234
 4.125  460.0  90  75  84   1.563   0.0   0.0  466
 4.125  462.5  90  75  93  -1.563   0.0   0.0  467
 4.125  465.0  90  75  84   1.563   0.0   0.0  469
 4.125  680.0  90  75  99   1.563  90.0  30.0  680
 4.125  687.5  90  75  84  -1.563  90.0  30.0  693
 4.125  235.0 -90  69  99  -1.563   0.0   0.0  240
 4.125  237.5 -90  69  93  -1.563   0.0   0.0  240
 4.125  562.5 -90  69  81   1.563  90.0  30.0  565
 4.125  680.0 -90  69  81  -1.563 330.0  30.0  668
 4.125  685.0 -90  69  78  -1.563 270.0  30.0  674
 4.125  687.5 -90  69  93   1.563  90.0  30.0  688
 4.125  690.0 -90  69  90  -1.563  90.0  30.0  690
 4.125  692.5 -90  69  81   1.563  90.0  30.0  688
 4.150  227.5  90  69  96  -1.563   0.0   0.0  234
 4.150  230.0  90  69 105  -1.563   0.0   0.0  234
 4.150  232.5  90  69  84  -1.563   0.0   0.0  234
 4.150  460.0  90  69  78  -1.563   0.0   0.0  465
 4.150  462.5  90  69  90  -1.563   0.0   0.0  467
 4.150  465.0  90  69  84  -1.563   0.0   0.0  468
 4.150  467.5  90  69  78  -1.563 210.0  30.0  471
 4.150  677.5  90  69  78   1.563  90.0  30.0  691
 4.150  680.0  90  69  96   1.563  90.0  30.0  679
 4.150  682.5  90  69  90  -1.563  90.0  30.0  680
 4.150  685.0  90  69  78  -1.563  90.0  30.0  686
 4.150  687.5  90  69  81  -1.563  90.0  30.0  689
 4.150  697.5  90  69  81  -1.563   0.0   0.0  700
 4.150  865.0  90  69  78   1.563 150.0  30.0  862
 4.150  882.5  90  69  78   1.563  90.0  30.0  887
 4.150  232.5 -90  69  78   1.563   0.0   0.0  239
 4.150  235.0 -90  69  99  -1.563   0.0   0.0  240
 4.150  237.5 -90  69  93  -1.563   0.0   0.0  240
 4.150  562.5 -90  69  81   1.563 270.0  30.0  566
 4.150  680.0 -90  69  81  -1.563 330.0  30.0  682
 4.150  687.5 -90  69  90   1.563  90.0  30.0  688
 4.150  690.0 -90  69  90  -1.563  90.0  30.0  690
 4.150  695.0 -90  69  78  -1.563  90.0  30.0  693
 4.175  227.5  90  72  96  -1.563   0.0   0.0  234
 4.175  230.0  90  72 105  -1.563   0.0   0.0  234
 4.175  232.5  90  72  90  -1.563   0.0   0.0  234
 4.175  462.5  90  72  90  -1.563   0.0   0.0  467
 4.175  680.0  90  72  99   1.563  90.0  30.0  678
 4.175  682.5  90  72  93   1.563  90.0  30.0  680
 4.175  685.0  90  72  84  -1.563  90.0  30.0  689
 4.175  687.5  90  72  84  -1.563  90.0  30.0  690
 4.175  697.5  90  72  87  -1.563   0.0   0.0  702
 4.175  232.5 -90  69  78  -1.563   0.0   0.0  240
 4.175  235.0 -90  69  99  -1.563   0.0   0.0  240
 4.175  237.5 -90  69  93  -1.563   0.0   0.0  240
 4.175  562.5 -90  69  81  -1.563  90.0  30.0  573
 4.175  680.0 -90  69  78   1.563  90.0  30.0  694
 4.175  687.5 -90  69  90  -1.563  90.0  30.0  690
 4.175  690.0 -90  69  90  -1.563  90.0  30.0  690
 4.175  692.5 -90  69  84  -1.563  90.0  30.0  690
 4.175  695.0 -90  69  78  -1.563  90.0  30.0  690
 4.200  227.5  90  69  93  -1.563   0.0   0.0  234
 4.200  230.0  90  69 105  -1.563   0.0   0.0  234
 4.200  232.5  90  69  90  -1.563   0.0   0.0  234
 4.200  462.5  90  69  90  -1.563   0.0   0.0  468
 4.200  465.0  90  69  87  -1.563   0.0   0.0  469
 4.200  467.5  90  69  78  -1.563   0.0   0.0  473
 4.200  470.0  90  69  78   1.563   0.0   0.0  479
 4.200  680.0  90  69  96   1.563  90.0  30.0  681
 4.200  682.5  90  69  90   1.563  90.0  30.0  683
 4.200  687.5  90  69  78   1.563  90.0  30.0  684
 4.200  697.5  90  69  87  -1.563   0.0   0.0  703
 4.200  700.0  90  69  81  -1.563   0.0   0.0  704
 4.200  932.5  90  69  78  -1.563   0.0   0.0  937
 4.200  232.5 -90  69  78   1.563   0.0   0.0  239
 4.200  235.0 -90  69  99  -1.563   0.0   0.0  240
 4.200  237.5 -90  69  93  -1.563   0.0   0.0  240
 4.200  475.0 -90  69  78  -1.563   0.0   0.0  479
 4.200  562.5 -90  69  78  -1.563 270.0  30.0  569
 4.200  680.0 -90  69  78  -1.563  90.0  30.0  671
 4.200  687.5 -90  69  93  -1.563  90.0  30.0  687
 4.200  690.0 -90  69  90   1.563  90.0  30.0  687
 4.200  692.5 -90  69  84  -1.563  90.0  30.0  694
 4.225  227.5  90  69  90  -1.563   0.0   0.0  235
 4.225  230.0  90  69 105  -1.563   0.0   0.0  235
 4.225  232.5  90  69  93   1.563   0.0   0.0  234
 4.225  462.5  90  69  90  -1.563   0.0   0.0  468
 4.225  465.0  90  69  90  -1.563   0.0   0.0  469
 4.225  470.0  90  69  81  -1.563   0.0   0.0  475
 4.225  680.0  90  69  93   1.563  90.0  30.0  681
 4.225  682.5  90  69  90   1.563  90.0  30.0  677
 4.225  685.0  90  69  78  -1.563  90.0  30.0  684
 4.225  700.0  90  69  81  -1.563   0.0   0.0  702
 4.225  932.5  90  69  78   1.563   0.0   0.0  937
 4.225  232.5 -90  66  78  -1.563   0.0   0.0  239
 4.225  235.0 -90  66  99  -1.563   0.0   0.0  240
 4.225  237.5 -90  66  93  -1.563   0.0   0.0  240
 4.225  475.0 -90  66  78  -1.563   0.0   0.0  480
 4.225  680.0 -90  66  75  -1.563 210.0  30.0  675
 4.225  682.5 -90  66  75  -1.563 330.0  30.0  670
 4.225  687.5 -90  66  90   1.563  90.0  30.0  684
 4.225  690.0 -90  66  84   1.563  90.0  30.0  690
 4.225  692.5 -90  66  84  -1.563  90.0  30.0  697
 4.225  695.0 -90  66  75  -1.563  90.0  30.0  704
 4.250  227.5  90  72  90  -1.563   0.0   0.0  234
 4.250  230.0  90  72 105  -1.563   0.0   0.0  235
 4.250  232.5  90  72  99  -1.563   0.0   0.0  235
 4.250  462.5  90  72  87   1.563   0.0   0.0  469
 4.250  465.0  90  72  93  -1.563   0.0   0.0  469
 4.250  467.5  90  72  81  -1.563   0.0   0.0  471
 4.250  470.0  90  72  84  -1.563 270.0  30.0  475
 4.250  680.0  90  72  93   1.563  90.0  30.0  677
 4.250  682.5  90  72  90  -1.563  90.0  30.0  678
 4.250  685.0  90  72  87  -1.563  90.0  30.0  689
 4.250  697.5  90  72  81  -1.563   0.0   0.0  703
 4.250  700.0  90  72  81  -1.563   0.0   0.0  700
 4.250  232.5 -90  69  81  -1.563   0.0   0.0  240
 4.250  235.0 -90  69 102  -1.563   0.0   0.0  240
 4.250  237.5 -90  69  93  -1.563   0.0   0.0  240
 4.250  475.0 -90  69  78  -1.563   0.0   0.0  479
 4.250  687.5 -90  69  93  -1.563  90.0  30.0  690
 4.250  690.0 -90  69  93  -1.563  90.0  30.0  688
 4.250  692.5 -90  69  84  -1.563  90.0  30.0  705
 4.250  695.0 -90  69  78  -1.563  90.0  30.0  701
 4.250  717.5 -90  69  78  -1.563   0.0   0.0  722
 4.275  227.5  90  69  87  -1.563   0.0   0.0  235
 4.275  230.0  90  69 105  -1.563   0.0   0.0  235
 4.275  232.5  90  69  99  -1.563   0.0   0.0  235
 4.275  462.5  90  69  84  -1.563   0.0   0.0  469
 4.275  465.0  90  69  90   1.563   0.0   0.0  468
 4.275  680.0  90  69  90   1.563  90.0  30.0  692
 4.275  682.5  90  69  90   1.563  90.0  30.0  682
 4.275  685.0  90  69  84  -1.563  90.0  30.0  670
 4.275  687.5  90  69  78   1.563 330.0  30.0  690
 4.275  697.5  90  69  81  -1.563   0.0   0.0  704
 4.275  700.0  90  69  78   1.563   0.0   0.0  701
 4.275  857.5  90  69  78   1.563  90.0  30.0  866
 4.275  952.5  90  69  78  -1.563  30.0  30.0  962
 4.275  232.5 -90  69  81  -1.563   0.0   0.0  239
 4.275  235.0 -90  69 102  -1.563   0.0   0.0  240
 4.275  237.5 -90  69  93  -1.563   0.0   0.0  240
 4.275  475.0 -90  69  81  -1.563   0.0   0.0  480
 4.275  685.0 -90  69  78  -1.563  90.0  30.0  670
 4.275  687.5 -90  69  96  -1.563  90.0  30.0  688
 4.275  690.0 -90  69  87   1.563  90.0  30.0  686
 4.300  227.5  90  69  84  -1.563   0.0   0.0  235
 4.300  230.0  90  69 105  -1.563   0.0   0.0  235
 4.300  232.5  90  69  99  -1.563   0.0   0.0  235
 4.300  462.5  90  69  78  -1.563   0.0   0.0  470
 4.300  465.0  90  69  90  -1.563   0.0   0.0  469
 4.300  472.5  90  69  78  -1.563 270.0  30.0  477
 4.300  680.0  90  69  90   1.563  90.0  30.0  682
 4.300  682.5  90  69  90  -1.563  90.0  30.0  681
 4.300  685.0  90  69  78   1.563  90.0  30.0  679
 4.300  700.0  90  69  87  -1.563   0.0   0.0  705
 4.300  702.5  90  69  84  -1.563   0.0   0.0  707
 4.300  232.5 -90  69  81  -1.563   0.0   0.0  240
 4.300  235.0 -90  69  99  -1.563   0.0   0.0  240
 4.300  237.5 -90  69  93  -1.563   0.0   0.0  240
 4.300  475.0 -90  69  81  -1.563   0.0   0.0  480
 4.300  685.0 -90  69  78   1.563 270.0  30.0  671
 4.300  687.5 -90  69  93   1.563  90.0  30.0  688
 4.300  690.0 -90  69  84  -1.563  90.0  30.0  693
 4.325  227.5  90  69  78  -1.563   0.0   0.0  237
 4.325  230.0  90  69 102  -1.563   0.0   0.0  235
 4.325  232.5  90  69 102  -1.563   0.0   0.0  235
 4.325  465.0  90  69  93  -1.563   0.0   0.0  470
 4.325  467.5  90  69  87  -1.563   0.0   0.0  471
 4.325  470.0  90  69  78  -1.563   0.0   0.0  476
 4.325  680.0  90  69  90   1.563  90.0  30.0  676
 4.325  682.5  90  69  93   1.563  90.0  30.0  682
 4.325  685.0  90  69  81  -1.563  90.0  30.0  693
 4.325  700.0  90  69  87  -1.563   0.0   0.0  705
 4.325  702.5  90  69  84  -1.563   0.0   0.0  706
 4.325  937.5  90  69  81  -1.563   0.0   0.0  944
 4.325  232.5 -90  66  81   1.563   0.0   0.0  239
 4.325  235.0 -90  66  99  -1.563   0.0   0.0  240
 4.325  237.5 -90  66  93  -1.563   0.0   0.0  239
 4.325  475.0 -90  66  78   1.563   0.0   0.0  479
 4.325  682.5 -90  66  75   1.563 330.0  30.0  672
 4.325  685.0 -90  66  75   1.563  90.0  30.0  677
 4.325  687.5 -90  66  90  -1.563  90.0  30.0  689
 4.325  690.0 -90  66  78  -1.563 270.0  30.0  700
 4.350  230.0  90  72 105  -1.563   0.0   0.0  236
 4.350  232.5  90  72 105  -1.563   0.0   0.0  235
 4.350  465.0  90  72  93  -1.563   0.0   0.0  471
 4.350  467.5  90  72  93  -1.563   0.0   0.0  471
 4.350  680.0  90  72  90   1.563  90.0  30.0  683
 4.350  682.5  90  72  90   1.563  90.0  30.0  681
 4.350  685.0  90  72  81  -1.563  90.0  30.0  679
 4.350  705.0  90  72  81  -1.563   0.0   0.0  712
 4.350  937.5  90  72  84  -1.563   0.0   0.0  942
 4.350  232.5 -90  69  84  -1.563   0.0   0.0  240
 4.350  235.0 -90  69 102  -1.563   0.0   0.0  240
 4.350  237.5 -90  69  96  -1.563   0.0   0.0  240
 4.350  475.0 -90  69  81   1.563   0.0   0.0  478
 4.350  687.5 -90  69  93  -1.563  90.0  30.0  694
 4.350  690.0 -90  69  90  -1.563  90.0  30.0  691
 4.350  692.5 -90  69  78  -1.563  90.0  30.0  679
 4.375  230.0  90  72 105  -1.563   0.0   0.0  236
 4.375  232.5  90  72 105  -1.563   0.0   0.0  236
 4.375  465.0  90  72  93  -1.563   0.0   0.0  471
 4.375  467.5  90  72  96  -1.563   0.0   0.0  471
 4.375  470.0  90  72  84  -1.563   0.0   0.0  474
 4.375  472.5  90  72  81  -1.563   0.0   0.0  477
 4.375  680.0  90  72  90   1.563  90.0  30.0  682
 4.375  682.5  90  72  90   1.563  90.0  30.0  684
 4.375  702.5  90  72  81  -1.563   0.0   0.0  707
 4.375  937.5  90  72  84  -1.563   0.0   0.0  942
 4.375  232.5 -90  69  84  -1.563   0.0   0.0  240
 4.375  235.0 -90  69 102  -1.563   0.0   0.0  240
 4.375  237.5 -90  69  96  -1.563   0.0   0.0  240
 4.375  475.0 -90  69  81  -1.563   0.0   0.0  480
 4.375  560.0 -90  69  78   1.563  90.0  30.0  557
 4.375  685.0 -90  69  81   1.563  90.0  30.0  672
 4.375  687.5 -90  69  93   1.563  90.0  30.0  688
 4.375  690.0 -90  69  81   1.563  90.0  30.0  698
 4.375  692.5 -90  69  84   1.563  90.0  30.0  691
 4.400  230.0  90  69 102  -1.563   0.0   0.0  236
 4.400  232.5  90  69 105  -1.563   0.0   0.0  236
 4.400  235.0  90  69  81   1.563   0.0   0.0  236
 4.400  465.0  90  69  87  -1.563   0.0   0.0  471
 4.400  467.5  90  69  93  -1.563   0.0   0.0  471
 4.400  470.0  90  69  78   1.563   0.0   0.0  474
 4.400  472.5  90  69  81  -1.563   0.0   0.0  477
 4.400  557.5  90  69  78   1.563  90.0  30.0  543
 4.400  680.0  90  69  87   1.563  90.0  30.0  671
 4.400  682.5  90  69  90   1.563  90.0  30.0  680
 4.400  685.0  90  69  84  -1.563  90.0  30.0  694
 4.400  687.5  90  69  81  -1.563  90.0  30.0  699
 4.400  702.5  90  69  78  -1.563   0.0   0.0  706
 4.400  705.0  90  69  78  -1.563   0.0   0.0  708
 4.400   80.0 -90  69  81   1.563 210.0  30.0   66
 4.400   82.5 -90  69  78   1.563  90.0  30.0   71
 4.400  232.5 -90  69  81   1.563   0.0   0.0  240
 4.400  235.0 -90  69 102  -1.563   0.0   0.0  240
 4.400  237.5 -90  69  93  -1.563   0.0   0.0  240
 4.400  475.0 -90  69  81  -1.563   0.0   0.0  480
 4.400  685.0 -90  69  78   1.563  90.0  30.0  672
 4.400  687.5 -90  69  93   1.563  90.0  30.0  684
 4.400  690.0 -90  69  87  -1.563  90.0  30.0  701
 4.400  692.5 -90  69  84  -1.563  90.0  30.0  697
 4.425  230.0  90  69  99  -1.563   0.0   0.0  236
 4.425  232.5  90  69 105  -1.563   0.0   0.0  236
 4.425  235.0  90  69  84  -1.563   0.0   0.0  236
 4.425  465.0  90  69  81   1.563   0.0   0.0  472
 4.425  467.5  90  69  87  -1.563   0.0   0.0  472
 4.425  470.0  90  69  78   1.563 330.0  30.0  476
 4.425  680.0  90  69  84   1.563  90.0  30.0  691
 4.425  682.5  90  69  87   1.563  90.0  30.0  669
 4.425  685.0  90  69  78  -1.563  90.0  30.0  670
 4.425  687.5  90  69  78  -1.563  90.0  30.0  673
 4.425  232.5 -90  69  81  -1.563   0.0   0.0  241
 4.425  235.0 -90  69  99  -1.563   0.0   0.0  240
 4.425  237.5 -90  69  93  -1.563   0.0   0.0  240
 4.425  475.0 -90  69  81  -1.563   0.0   0.0  480
 4.425  685.0 -90  69  78   1.563  90.0  30.0  677
 4.425  687.5 -90  69  93   1.563  90.0  30.0  683
 4.425  690.0 -90  69  87   1.563  90.0  30.0  698
 4.425  692.5 -90  69  81  -1.563  90.0  30.0  700
 4.450  230.0  90  72  96  -1.563   0.0   0.0  237
 4.450  232.5  90  72 102  -1.563   0.0   0.0  236
 4.450  235.0  90  72  87  -1.563   0.0   0.0  236
 4.450  467.5  90  72  84  -1.563   0.0   0.0  471
 4.450  682.5  90  72  81   1.563  90.0  30.0  679
 4.450  685.0  90  72  81  -1.563  90.0  30.0  686
 4.450  705.0  90  72  84  -1.563   0.0   0.0  709
 4.450  232.5 -90  69  81  -1.563   0.0   0.0  238
 4.450  235.0 -90  69  99  -1.563   0.0   0.0  240
 4.450  237.5 -90  69  93  -1.563   0.0   0.0  240
 4.450  687.5 -90  69  87   1.563  90.0  30.0  686
 4.450  690.0 -90  69  78   1.563  90.0  30.0  682
 4.475  220.0  90  78  87   1.563 150.0  30.0  220
 4.475  222.5  90  78  87   4.688 150.0  30.0  229
 4.475  230.0  90  78  96  -1.563   0.0   0.0  236
 4.475  232.5  90  78 105  -1.563   0.0   0.0  237
 4.475  235.0  90  78  93  -1.563   0.0   0.0  236
 4.475  267.5  90  78  87  -1.563 150.0  30.0  276
 4.475  537.5  90  78  87   4.688 150.0  30.0  536
 4.475  682.5  90  78  87  -1.563  90.0  30.0  679
 4.475  232.5 -90  72  81   1.563   0.0   0.0  238
 4.475  235.0 -90  72  99  -1.563   0.0   0.0  240
 4.475  237.5 -90  72  93  -1.563   0.0   0.0  240
 4.475  687.5 -90  72  90   1.563  90.0  30.0  688
 4.475  690.0 -90  72  81   1.563  90.0  30.0  689
 4.475  692.5 -90  72  81  -1.563  90.0  30.0  692
 4.500  230.0  90  75  93  -1.563   0.0   0.0  236
 4.500  232.5  90  75 105  -1.563   0.0   0.0  237
 4.500  235.0  90  75  93  -1.563   0.0   0.0  237
 4.500  467.5  90  75  84  -1.563   0.0   0.0  473
 4.500  470.0  90  75  84  -1.563   0.0   0.0  473
 4.500  680.0  90  75  84  -1.563  90.0  30.0  680
 4.500  235.0 -90  72  99  -1.563   0.0   0.0  240
 4.500  237.5 -90  72  93  -1.563   0.0   0.0  240
 4.500  475.0 -90  72  84  -1.563   0.0   0.0  479
 4.500  477.5 -90  72  81   1.563   0.0   0.0  480
 4.500  687.5 -90  72  90  -1.563  90.0  30.0  684
 4.500  690.0 -90  72  84  -1.563  90.0  30.0  700
 4.500  692.5 -90  72  90  -1.563  90.0  30.0  695
 4.525  230.0  90  72  90   1.563   0.0   0.0  237
 4.525  232.5  90  72 105  -1.563   0.0   0.0  237
 4.525  235.0  90  72  96  -1.563   0.0   0.0  237
 4.525  467.5  90  72  84  -1.563   0.0   0.0  473
 4.525  470.0  90  72  81  -1.563   0.0   0.0  471
 4.525  682.5  90  72  90   1.563  90.0  30.0  690
 4.525  685.0  90  72  87   1.563  90.0  30.0  672
 4.525  705.0  90  72  84  -1.563   0.0   0.0  709
 4.525  707.5  90  72  81  -1.563   0.0   0.0  712
 4.525  710.0  90  72  84  -1.563   0.0   0.0  715
 4.525  232.5 -90  69  81  -1.563   0.0   0.0  239
 4.525  235.0 -90  69  99  -1.563   0.0   0.0  240
 4.525  237.5 -90  69  93  -1.563   0.0   0.0  240
 4.525  475.0 -90  69  84  -1.563   0.0   0.0  479
 4.525  477.5 -90  69  78   1.563   0.0   0.0  479
 4.525  685.0 -90  69  81   1.563  90.0  30.0  672
 4.525  687.5 -90  69  93   1.563  90.0  30.0  683
 4.525  690.0 -90  69  90   1.563  90.0  30.0  691
 4.525  692.5 -90  69  84  -1.563  90.0  30.0  699
 4.525  695.0 -90  69  81   1.563  90.0  30.0  696
 4.550  230.0  90  69  84  -1.563   0.0   0.0  238
 4.550  232.5  90  69 105  -1.563   0.0   0.0  237
 4.550  235.0  90  69  96  -1.563   0.0   0.0  237
 4.550  467.5  90  69  78  -1.563   0.0   0.0  473
 4.550  470.0  90  69  87   1.563   0.0   0.0  474
 4.550  472.5  90  69  81   1.563   0.0   0.0  476
 4.550  680.0  90  69  78  -1.563  90.0  30.0  694
 4.550  682.5  90  69  90   1.563  90.0  30.0  685
 4.550  685.0  90  69  78   1.563  90.0  30.0  698
 4.550  687.5  90  69  78  -1.563  90.0  30.0  680
 4.550  705.0  90  69  84  -1.563   0.0   0.0  709
 4.550  707.5  90  69  84  -1.563   0.0   0.0  711
 4.550  942.5  90  69  78  -1.563   0.0   0.0  945
 4.550  235.0 -90  69  99  -1.563   0.0   0.0  240
 4.550  237.5 -90  69  93  -1.563   0.0   0.0  240
 4.550  475.0 -90  69  78  -1.563   0.0   0.0  479
 4.550  687.5 -90  69  90   1.563  90.0  30.0  679
 4.550  690.0 -90  69  81  -1.563  90.0  30.0  698
 4.550  692.5 -90  69  78  -1.563  90.0  30.0  707
 4.550  695.0 -90  69  78  -1.563  90.0  30.0  684
 4.575  230.0  90  69  84  -1.563   0.0   0.0  237
 4.575  232.5  90  69 102  -1.563   0.0   0.0  238
 4.575  235.0  90  69  99  -1.563   0.0   0.0  238
 4.575  467.5  90  69  78   1.563   0.0   0.0  476
 4.575  470.0  90  69  90   1.563   0.0   0.0  475
 4.575  472.5  90  69  81   1.563   0.0   0.0  476
 4.575  475.0  90  69  81  -1.563 270.0  30.0  479
 4.575  477.5  90  69  78  -1.563 330.0  30.0  485
 4.575  680.0  90  69  78  -1.563  90.0  30.0  674
 4.575  682.5  90  69  90   1.563  90.0  30.0  683
 4.575  685.0  90  69  84   1.563  90.0  30.0  685
 4.575  705.0  90  69  81  -1.563   0.0   0.0  710
 4.575  707.5  90  69  84  -1.563   0.0   0.0  711
 4.575  235.0 -90  69  99  -1.563   0.0   0.0  240
 4.575  237.5 -90  69  93  -1.563   0.0   0.0  240
 4.575  475.0 -90  69  78  -1.563   0.0   0.0  480
 4.575  687.5 -90  69  90   1.563  90.0  30.0  689
 4.575  690.0 -90  69  78   1.563  90.0  30.0  679
 4.575  692.5 -90  69  78  -1.563  90.0  30.0  679
 4.600  232.5  90  69 102  -1.563   0.0   0.0  238
 4.600  235.0  90  69  99  -1.563   0.0   0.0  238
 4.600  470.0  90  69  90  -1.563   0.0   0.0  475
 4.600  472.5  90  69  87  -1.563   0.0   0.0  475
 4.600  475.0  90  69  78  -1.563   0.0   0.0  479
 4.600  682.5  90  69  87   1.563  90.0  30.0  681
 4.600  710.0  90  69  78  -1.563   0.0   0.0  714
 4.600  235.0 -90  69  99  -1.563   0.0   0.0  240
 4.600  237.5 -90  69  93  -1.563   0.0   0.0  240
 4.600  687.5 -90  69  90   1.563  90.0  30.0  690
 4.600  690.0 -90  69  81  -1.563  90.0  30.0  687
 4.625  232.5  90  69 102  -1.563   0.0   0.0  238
 4.625  235.0  90  69 102  -1.563   0.0   0.0  238
 4.625  470.0  90  69  87  -1.563   0.0   0.0  476
 4.625  472.5  90  69  87  -1.563   0.0   0.0  476
 4.625  682.5  90  69  87   1.563  90.0  30.0  684
 4.625  685.0  90  69  81   1.563  90.0  30.0  693
 4.625  707.5  90  69  78   1.563   0.0   0.0  711
 4.625  710.0  90  69  78  -1.563   0.0   0.0  713
 4.625  235.0 -90  69  99  -1.563   0.0   0.0  240
 4.625  237.5 -90  69  96  -1.563   0.0   0.0  240
 4.625  685.0 -90  69  78  -1.563 270.0  30.0  677
 4.625  687.5 -90  69  90   1.563  90.0  30.0  688
 4.625  690.0 -90  69  84  -1.563  90.0  30.0  691
 4.650  232.5  90  69 102  -1.563   0.0   0.0  238
 4.650  235.0  90  69 102  -1.563   0.0   0.0  238
 4.650  470.0  90  69  81   1.563   0.0   0.0  476
 4.650  472.5  90  69  84  -1.563   0.0   0.0  476
 4.650  682.5  90  69  84  -1.563  90.0  30.0  685
 4.650  685.0  90  69  78   1.563  90.0  30.0  690
 4.650  707.5  90  69  78   1.563   0.0   0.0  715
 4.650  710.0  90  69  81  -1.563   0.0   0.0  714
 4.650  865.0  90  69  78  -1.563  90.0  30.0  877
 4.650  235.0 -90  66  99  -1.563   0.0   0.0  240
 4.650  237.5 -90  66  96  -1.563   0.0   0.0  240
 4.650  475.0 -90  66  78  -1.563   0.0   0.0  481
 4.650  685.0 -90  66  78   1.563  90.0  30.0  693
 4.650  687.5 -90  66  90   1.563  90.0  30.0  691
 4.650  690.0 -90  66  87  -1.563  90.0  30.0  686
 4.650  692.5 -90  66  81  -1.563  90.0  30.0  683
 4.650  695.0 -90  66  75   1.563  90.0  30.0  683
 4.675  232.5  90  69  99  -1.563   0.0   0.0  239
 4.675  235.0  90  69 105  -1.563   0.0   0.0  239
 4.675  237.5  90  69  78   1.563   0.0   0.0  239
 4.675  472.5  90  69  78   1.563   0.0   0.0  476
 4.675  682.5  90  69  87   1.563  90.0  30.0  688
 4.675  685.0  90  69  81  -1.563  90.0  30.0  679
 4.675  707.5  90  69  78  -1.563   0.0   0.0  714
 4.675  865.0  90  69  78  -1.563 150.0  30.0  869
 4.675  875.0  90  69  78   1.563  30.0  30.0  886
 4.675  235.0 -90  69  99  -1.563   0.0   0.0  241
 4.675  237.5 -90  69  96  -1.563   0.0   0.0  241
 4.675  475.0 -90  69  78  -1.563   0.0   0.0  480
 4.675  477.5 -90  69  81  -1.563 270.0  30.0  482
 4.675  685.0 -90  69  81   1.563  90.0  30.0  675
 4.675  687.5 -90  69  93   1.563  90.0  30.0  686
 4.675  690.0 -90  69  84  -1.563  90.0  30.0  701
 4.675  692.5 -90  69  81  -1.563  90.0  30.0  693
 4.675  695.0 -90  69  81  -1.563  90.0  30.0  709
 4.700  232.5  90  72  99  -1.563   0.0   0.0  239
 4.700  235.0  90  72 105  -1.563   0.0   0.0  239
 4.700  237.5  90  72  87  -1.563   0.0   0.0  240
 4.700  475.0  90  72  81  -1.563   0.0   0.0  481
 4.700  477.5  90  72  81  -1.563   0.0   0.0  483
 4.700  682.5  90  72  87   1.563  90.0  30.0  677
 4.700  685.0  90  72  81  -1.563  90.0  30.0  695
 4.700  687.5  90  72  81  -1.563  90.0  30.0  691
 4.700  710.0  90  72  81   1.563   0.0   0.0  713
 4.700  950.0  90  72  81  -1.563 270.0  30.0  953
 4.700  235.0 -90  72  99   1.563   0.0   0.0  240
 4.700  237.5 -90  72  99  -1.563   0.0   0.0  240
 4.700  685.0 -90  72  81   1.563  90.0  30.0  670
 4.700  687.5 -90  72  93   1.563  90.0  30.0  686
 4.700  692.5 -90  72  87  -1.563  90.0  30.0  696
 4.700  695.0 -90  72  87  -1.563  90.0  30.0  699
 4.725  232.5  90  72  99  -1.563   0.0   0.0  239
 4.725  235.0  90  72 105  -1.563   0.0   0.0  239
 4.725  237.5  90  72  90  -1.563   0.0   0.0  239
 4.725  472.5  90  72  81  -1.563   0.0   0.0  481
 4.725  682.5  90  72  87   1.563  90.0  30.0  669
 4.725  685.0  90  72  84   1.563  90.0  30.0  675
 4.725  687.5  90  72  81   1.563 270.0  30.0  673
 4.725  710.0  90  72  87  -1.563   0.0   0.0  714
 4.725  712.5  90  72  87   1.563   0.0   0.0  716
 4.725  235.0 -90  72  99  -1.563   0.0   0.0  241
 4.725  237.5 -90  72  99  -1.563   0.0   0.0  241
 4.725  687.5 -90  72  93  -1.563  90.0  30.0  686
 4.725  690.0 -90  72  84  -1.563  90.0  30.0  691
 4.725  692.5 -90  72  87  -1.563  90.0  30.0  695
 4.725  695.0 -90  72  81  -1.563  90.0  30.0  697
 4.750  232.5  90  69  96  -1.563   0.0   0.0  239
 4.750  235.0  90  69 105  -1.563   0.0   0.0  239
 4.750  237.5  90  69  93   1.563   0.0   0.0  239
 4.750  472.5  90  69  78  -1.563   0.0   0.0  479
 4.750  555.0  90  69  78  -1.563 270.0  30.0  560
 4.750  557.5  90  69  78   1.563  90.0  30.0  559
 4.750  682.5  90  69  84   1.563  90.0  30.0  685
 4.750  685.0  90  69  84   1.563  90.0  30.0  686
 4.750  710.0  90  69  84  -1.563   0.0   0.0  716
 4.750  712.5  90  69  81  -1.563   0.0   0.0  714
 4.750  717.5  90  69  78   1.563   0.0   0.0  723
 4.750  235.0 -90  69  99  -1.563   0.0   0.0  241
 4.750  237.5 -90  69  99  -1.563   0.0   0.0  241
 4.750  475.0 -90  69  78  -1.563   0.0   0.0  482
 4.750  477.5 -90  69  81  -1.563   0.0   0.0  481
 4.750  685.0 -90  69  78  -1.563 270.0  30.0  671
 4.750  687.5 -90  69  90   1.563  90.0  30.0  684
 4.750  690.0 -90  69  84  -1.563  90.0  30.0  700
 4.750  692.5 -90  69  78  -1.563  90.0  30.0  697
 4.775  232.5  90  72  93  -1.563   0.0   0.0  240
 4.775  235.0  90  72 105  -1.563   0.0   0.0  239
 4.775  237.5  90  72  96  -1.563   0.0   0.0  239
 4.775  475.0  90  72  81  -1.563   0.0   0.0  478
 4.775  682.5  90  72  84   1.563  90.0  30.0  695
 4.775  685.0  90  72  84  -1.563  90.0  30.0  691
 4.775  710.0  90  72  81  -1.563   0.0   0.0  716
 4.775  712.5  90  72  84  -1.563   0.0   0.0  716
 4.775  235.0 -90  69  96  -1.563   0.0   0.0  241
 4.775  237.5 -90  69  99  -1.563   0.0   0.0  241
 4.775  477.5 -90  69  78  -1.563   0.0   0.0  484
 4.775  687.5 -90  69  93   1.563  90.0  30.0  685
 4.775  690.0 -90  69  81   1.563 270.0  30.0  683
 4.775  692.5 -90  69  81  -1.563  90.0  30.0  696
 4.775  695.0 -90  69  78  -1.563  90.0  30.0  701
 4.800   87.5  90  72  81   1.563 210.0  30.0  102
 4.800  232.5  90  72  90  -1.563   0.0   0.0  240
 4.800  235.0  90  72 105  -1.563   0.0   0.0  240
 4.800  237.5  90  72  96  -1.563   0.0   0.0  240
 4.800  475.0  90  72  84  -1.563 270.0  30.0  478
 4.800  682.5  90  72  84   1.563  90.0  30.0  687
 4.800  685.0  90  72  84   1.563  90.0  30.0  691
 4.800  712.5  90  72  84  -1.563   0.0   0.0  718
 4.800  715.0  90  72  84  -1.563   0.0   0.0  720
 4.800  717.5  90  72  81  -1.563 270.0  30.0  722
 4.800  942.5  90  72  81   4.688 150.0  30.0  928
 4.800  235.0 -90  72  96  -1.563   0.0   0.0  241
 4.800  237.5 -90  72  99  -1.563   0.0   0.0  241
 4.800  552.5 -90  72  81   4.688 270.0  30.0  550
 4.800  687.5 -90  72  93   1.563  90.0  30.0  681
 4.800  690.0 -90  72  90  -1.563  90.0  30.0  682
 4.800  692.5 -90  72  87  -1.563  90.0  30.0  700
 4.800  695.0 -90  72  84  -1.563  90.0  30.0  706
 4.825  230.0  90  72  81  -1.563 210.0  30.0  231
 4.825  232.5  90  72  90  -1.563   0.0   0.0  238
 4.825  235.0  90  72 105  -1.563   0.0   0.0  240
 4.825  237.5  90  72  99  -1.563   0.0   0.0  240
 4.825  477.5  90  72  81  -1.563   0.0   0.0  482
 4.825  480.0  90  72  81  -1.563 270.0  30.0  484
 4.825  557.5  90  72  81  -1.563  90.0  30.0  559
 4.825  682.5  90  72  81   1.563  90.0  30.0  693
 4.825  685.0  90  72  84   1.563  90.0  30.0  694
 4.825  712.5  90  72  84  -1.563   0.0   0.0  719
 4.825 1072.5  90  72  81  -1.563 210.0  30.0 1077
 4.825 1087.5  90  72  81  -1.563 150.0  30.0 1102
 4.825  235.0 -90  75  99  -1.563   0.0   0.0  241
 4.825  237.5 -90  75 102  -1.563   0.0   0.0  241
 4.825  687.5 -90  75  93   1.563  90.0  30.0  699
 4.825  690.0 -90  75  87  -1.563  90.0  30.0  695
 4.825  692.5 -90  75  84  -1.563  90.0  30.0  705
 4.850  235.0  90  84 105  -1.563   0.0   0.0  240
 4.850  237.5  90  84 102  -1.563   0.0   0.0  240
 4.850  235.0 -90  81  99  -1.563   0.0   0.0  241
 4.850  237.5 -90  81 102  -1.563   0.0   0.0  241
 4.850  687.5 -90  81  96   1.563  90.0  30.0  693
 4.850  690.0 -90  81  93   1.563  90.0  30.0  700
 4.875  235.0  90  78 105  -1.563   0.0   0.0  241
 4.875  237.5  90  78 102  -1.563   0.0   0.0  241
 4.875  477.5  90  78  87  -1.563   0.0   0.0  483
 4.875  685.0  90  78  90   1.563  90.0  30.0  693
 4.875  715.0  90  78  90   1.563   0.0   0.0  721
 4.875  235.0 -90  75  99  -1.563   0.0   0.0  242
 4.875  237.5 -90  75 102  -1.563   0.0   0.0  242
 4.875  240.0 -90  75  84  -1.563   0.0   0.0  242
 4.875  687.5 -90  75  96   1.563  90.0  30.0  687
 4.875  690.0 -90  75  90  -1.563  90.0  30.0  700
 4.875  692.5 -90  75  84   1.563  90.0  30.0  696
 4.900  235.0  90  72 102  -1.563   0.0   0.0  241
 4.900  237.5  90  72 102  -1.563   0.0   0.0  240
 4.900  475.0  90  72  81  -1.563   0.0   0.0  481
 4.900  477.5  90  72  87  -1.563   0.0   0.0  481
 4.900  557.5  90  72  84   1.563 270.0  30.0  561
 4.900  685.0  90  72  84   1.563  90.0  30.0  682
 4.900  715.0  90  72  87  -1.563   0.0   0.0  721
 4.900  717.5  90  72  84  -1.563   0.0   0.0  722
 4.900  892.5  90  72  81  -1.563  90.0  30.0  886
 4.900  235.0 -90  69  93  -1.563   0.0   0.0  241
 4.900  237.5 -90  69 102  -1.563   0.0   0.0  241
 4.900  240.0 -90  69  78  -1.563   0.0   0.0  240
 4.900  477.5 -90  69  78  -1.563   0.0   0.0  483
 4.900  480.0 -90  69  81  -1.563   0.0   0.0  484
 4.900  557.5 -90  69  78   1.563   0.0   0.0  566
 4.900  560.0 -90  69  78  -1.563  90.0  30.0  559
 4.900  685.0 -90  69  78  -1.563 270.0  30.0  697
 4.900  687.5 -90  69  93   1.563  90.0  30.0  685
 4.900  690.0 -90  69  87  -1.563  90.0  30.0  684
 4.900  692.5 -90  69  84  -1.563  90.0  30.0  698
 4.900  695.0 -90  69  81  -1.563  90.0  30.0  697
 4.925  235.0  90  72 102  -1.563   0.0   0.0  239
 4.925  237.5  90  72 105  -1.563   0.0   0.0  239
 4.925  475.0  90  72  81  -1.563   0.0   0.0  480
 4.925  477.5  90  72  90  -1.563   0.0   0.0  480
 4.925  555.0  90  72  81  -1.563 210.0  30.0  552
 4.925  557.5  90  72  81  -1.563 210.0  30.0  570
 4.925  685.0  90  72  87   1.563  90.0  30.0  685
 4.925  715.0  90  72  84  -1.563   0.0   0.0  717
 4.925  717.5  90  72  84  -1.563   0.0   0.0  718
 4.925  235.0 -90  69  93  -1.563   0.0   0.0  240
 4.925  237.5 -90  69 102  -1.563   0.0   0.0  240
 4.925  240.0 -90  69  81   1.563   0.0   0.0  240
 4.925  477.5 -90  69  81  -1.563   0.0   0.0  479
 4.925  557.5 -90  69  78  -1.563  90.0  30.0  561
 4.925  560.0 -90  69  81  -1.563  90.0  30.0  563
 4.925  687.5 -90  69  96   1.563  90.0  30.0  683
 4.925  690.0 -90  69  90   1.563  90.0  30.0  684
 4.925  692.5 -90  69  84  -1.563  90.0  30.0  696
 4.925  695.0 -90  69  84  -1.563  90.0  30.0  698
 4.950  235.0  90  72 102  -1.563   0.0   0.0  241
 4.950  237.5  90  72 108  -1.563   0.0   0.0  241
 4.950  240.0  90  72  87  -1.563   0.0   0.0  242
 4.950  477.5  90  72  87  -1.563   0.0   0.0  481
 4.950  480.0  90  72  81   1.563 270.0  30.0  487
 4.950  555.0  90  72  81   1.563  90.0  30.0  556
 4.950  557.5  90  72  84   1.563 270.0  30.0  550
 4.950  685.0  90  72  90   1.563  90.0  30.0  685
 4.950  687.5  90  72  81  -1.563  90.0  30.0  698
 4.950  715.0  90  72  84  -1.563   0.0   0.0  719
 4.950  717.5  90  72  84  -1.563   0.0   0.0  720
 4.950  720.0  90  72  87  -1.563   0.0   0.0  726
 4.950  885.0  90  72  81  -1.563  90.0  30.0  880
 4.950  957.5  90  72  81  -1.563   0.0   0.0  961
 4.950 1092.5  90  72  81   1.563 150.0  30.0 1091
 4.950 1095.0  90  72  81  -1.563 150.0  30.0 1103
 4.950  235.0 -90  72  96  -1.563   0.0   0.0  241
 4.950  237.5 -90  72 105  -1.563   0.0   0.0  241
 4.950  240.0 -90  72  87  -1.563   0.0   0.0  240
 4.950  477.5 -90  72  84  -1.563   0.0   0.0  483
 4.950  557.5 -90  72  81   1.563 210.0  30.0  557
 4.950  560.0 -90  72  84   1.563 270.0  30.0  567
 4.950  685.0 -90  72  81   1.563 270.0  30.0  670
 4.950  687.5 -90  72  96   1.563  90.0  30.0  687
 4.950  690.0 -90  72  90   1.563  90.0  30.0  694
 4.950  695.0 -90  72  81  -1.563  90.0  30.0  692
 4.950  720.0 -90  72  84  -1.563   0.0   0.0  722
 4.950  872.5 -90  72  81   1.563 150.0  30.0  872
 4.975  235.0  90  72  99   1.563   0.0   0.0  231
 4.975  237.5  90  72 108  -1.563   0.0   0.0  224
 4.975  240.0  90  72  90  -1.563   0.0   0.0  242
 4.975  485.0  90  72  81  -1.563 270.0  30.0  471
 4.975  717.5  90  72  84  -1.563   0.0   0.0  719
 4.975  720.0  90  72  84  -1.563   0.0   0.0  716
 4.975  957.5  90  72  81   1.563   0.0   0.0  948
 4.975  235.0 -90  72  96  -1.563   0.0   0.0  227
 4.975  237.5 -90  72 105  -1.563   0.0   0.0  242
 4.975  240.0 -90  72  87  -1.563   0.0   0.0  242
 4.975  477.5 -90  72  87   1.563   0.0   0.0  482
 4.975  480.0 -90  72  84   1.563   0.0   0.0  483
 4.975  717.5 -90  72  81  -1.563   0.0   0.0  716
 4.975  720.0 -90  72  81  -1.563   0.0   0.0  723
 5.025  235.0  90  75  93  -1.563   0.0   0.0  242
 5.025  237.5  90  75 108  -1.563   0.0   0.0  242
 5.025  240.0  90  75  93  -1.563   0.0   0.0  242
 5.025  480.0  90  75  84   1.563   0.0   0.0  484
 5.025  717.5  90  75  84  -1.563   0.0   0.0  724
 5.025  720.0  90  75  87   1.563   0.0   0.0  724
 5.025  235.0 -90  75  90  -1.563   0.0   0.0  242
 5.025  237.5 -90  75 102  -1.563   0.0   0.0  242
 5.025  240.0 -90  75  90  -1.563   0.0   0.0  242
 5.025  477.5 -90  75  84   1.563   0.0   0.0  485
 5.025  480.0 -90  75  84  -1.563   0.0   0.0  483
 5.050  235.0  90  75  90  -1.563   0.0   0.0  243
 5.050  237.5  90  75 105  -1.563   0.0   0.0  242
 5.050  240.0  90  75  96  -1.563   0.0   0.0  242
 5.050  477.5  90  75  84  -1.563   0.0   0.0  483
 5.050  480.0  90  75  87  -1.563   0.0   0.0  484
 5.050  557.5  90  75  84  -1.563  90.0  30.0  558
 5.050  685.0  90  75  87  -1.563  90.0  30.0  687
 5.050  720.0  90  75  90   1.563   0.0   0.0  725
 5.050  235.0 -90  75  87   1.563   0.0   0.0  242
 5.050  237.5 -90  75 102  -1.563   0.0   0.0  242
 5.050  240.0 -90  75  90  -1.563   0.0   0.0  241
 5.050  480.0 -90  75  84  -1.563   0.0   0.0  484
 5.050  687.5 -90  75  96   1.563  90.0  30.0  693
 5.050  690.0 -90  75  90  -1.563  90.0  30.0  696
 5.050  692.5 -90  75  87   1.563  90.0  30.0  683
 5.050  695.0 -90  75  90  -1.563  90.0  30.0  686
 5.075  235.0  90  75  90  -1.563   0.0   0.0  241
 5.075  237.5  90  75 108  -1.563   0.0   0.0  241
 5.075  240.0  90  75  99  -1.563   0.0   0.0  241
 5.075  480.0  90  75  90  -1.563   0.0   0.0  483
 5.075  557.5  90  75  84   1.563  90.0  30.0  546
 5.075  685.0  90  75  87   1.563  90.0  30.0  691
 5.075  687.5  90  75  87   1.563  90.0  30.0  691
 5.075  720.0  90  75  90  -1.563   0.0   0.0  724
 5.075  722.5  90  75  84  -1.563   0.0   0.0  724
 5.075  235.0 -90  72  90  -1.563   0.0   0.0  241
 5.075  237.5 -90  72 102  -1.563   0.0   0.0  241
 5.075  240.0 -90  72  93  -1.563   0.0   0.0  241
 5.075  557.5 -90  72  84  -1.563  90.0  30.0  556
 5.075  560.0 -90  72  81  -1.563 270.0  30.0  559
 5.075  687.5 -90  72  96   1.563  90.0  30.0  690
 5.075  690.0 -90  72  96   1.563  90.0  30.0  693
 5.075  692.5 -90  72  90  -1.563  90.0  30.0  685
 5.075  697.5 -90  72  81  -1.563  90.0  30.0  698
 5.100  235.0  90  75  84  -1.563   0.0   0.0  242
 5.100  237.5  90  75 108  -1.563   0.0   0.0  243
 5.100  240.0  90  75 105  -1.563   0.0   0.0  243
 5.100  480.0  90  75  93   1.563   0.0   0.0  485
 5.100  482.5  90  75  87   1.563   0.0   0.0  486
 5.100  555.0  90  75  84   1.563  90.0  30.0  566
 5.100  557.5  90  75  87  -1.563  90.0  30.0  560
 5.100  685.0  90  75  90  -1.563  90.0  30.0  687
 5.100  687.5  90  75  87  -1.563  90.0  30.0  687
 5.100  720.0  90  75  87   1.563   0.0   0.0  725
 5.100  722.5  90  75  90   1.563   0.0   0.0  726
 5.100  965.0  90  75  84  -1.563   0.0   0.0  970
 5.100 1107.5  90  75  84   1.563  90.0  30.0 1121
 5.100  235.0 -90  75  90   1.563   0.0   0.0  243
 5.100  237.5 -90  75 105  -1.563   0.0   0.0  242
 5.100  240.0 -90  75  99  -1.563   0.0   0.0  242
 5.100  557.5 -90  75  84   1.563  90.0  30.0  553
 5.100  560.0 -90  75  84   1.563  90.0  30.0  559
 5.100  687.5 -90  75  96   1.563  90.0  30.0  685
 5.100  690.0 -90  75  96   1.563  90.0  30.0  684
 5.100  692.5 -90  75  96  -1.563  90.0  30.0  694
 5.100  695.0 -90  75  90  -1.563  90.0  30.0  701
 5.100  697.5 -90  75  84  -1.563  90.0  30.0  708
 5.125  237.5  90  75 108  -1.563   0.0   0.0  244
 5.125  240.0  90  75 105  -1.563   0.0   0.0  244
 5.125  480.0  90  75  90  -1.563   0.0   0.0  486
 5.125  482.5  90  75  84  -1.563   0.0   0.0  486
 5.125  555.0  90  75  84   1.563  90.0  30.0  546
 5.125  557.5  90  75  90  -1.563  90.0  30.0  563
 5.125  685.0  90  75  87   1.563  90.0  30.0  686
 5.125  687.5  90  75  87   1.563  90.0  30.0  688
 5.125  722.5  90  75  87  -1.563   0.0   0.0  728
 5.125  725.0  90  75  84  -1.563   0.0   0.0  729
 5.125  235.0 -90  72  87   1.563   0.0   0.0  243
 5.125  237.5 -90  72 105  -1.563   0.0   0.0  243
 5.125  240.0 -90  72  99  -1.563   0.0   0.0  243
 5.125  557.5 -90  72  84  -1.563  90.0  30.0  572
 5.125  560.0 -90  72  81   1.563  90.0  30.0  545
 5.125  687.5 -90  72  93   1.563  90.0  30.0  684
 5.125  690.0 -90  72  93   1.563  90.0  30.0  693
 5.125  692.5 -90  72  84   1.563  90.0  30.0  706
 5.125  695.0 -90  72  84  -1.563  90.0  30.0  690
 5.150   80.0  90  72  81   1.563  30.0  30.0   78
 5.150  235.0  90  72  81  -1.563   0.0   0.0  242
 5.150  237.5  90  72 105  -1.563   0.0   0.0  243
 5.150  240.0  90  72 108  -1.563   0.0   0.0  243
 5.150  480.0  90  72  87  -1.563   0.0   0.0  486
 5.150  482.5  90  72  90  -1.563   0.0   0.0  486
 5.150  487.5  90  72  81  -1.563   0.0   0.0  491
 5.150  555.0  90  72  87  -1.563   0.0   0.0  556
 5.150  557.5  90  72  87   1.563  90.0  30.0  562
 5.150  685.0  90  72  87   1.563  90.0  30.0  683
 5.150  687.5  90  72  84   1.563  90.0  30.0  689
 5.150  722.5  90  72  90   1.563   0.0   0.0  728
 5.150  725.0  90  72  84  -1.563   0.0   0.0  727
 5.150 1072.5  90  72  81   1.563 210.0  30.0 1075
 5.150 1105.0  90  72  81  -1.563 150.0  30.0 1108
 5.150  235.0 -90  72  84  -1.563   0.0   0.0  242
 5.150  237.5 -90  72 105  -1.563   0.0   0.0  242
 5.150  240.0 -90  72  99  -1.563   0.0   0.0  242
 5.150  557.5 -90  72  84  -1.563  90.0  30.0  558
 5.150  560.0 -90  72  81   1.563 210.0  30.0  567
 5.150  687.5 -90  72  93   1.563  90.0  30.0  699
 5.150  690.0 -90  72  96   1.563  90.0  30.0  694
 5.150  692.5 -90  72  90  -1.563  90.0  30.0  707
 5.150  695.0 -90  72  87   1.563  90.0  30.0  688
 5.150  882.5 -90  72  81   1.563  90.0  30.0  885
 5.175  237.5  90  75 105  -1.563   0.0   0.0  244
 5.175  240.0  90  75 108  -1.563   0.0   0.0  244
 5.175  242.5  90  75  84   1.563   0.0   0.0  243
 5.175  482.5  90  75  93  -1.563   0.0   0.0  487
 5.175  485.0  90  75  84   1.563   0.0   0.0  490
 5.175  555.0  90  75  84   1.563  30.0  30.0  540
 5.175  557.5  90  75  87   1.563  90.0  30.0  558
 5.175  685.0  90  75  84   1.563  90.0  30.0  689
 5.175  687.5  90  75  87   1.563  90.0  30.0  678
 5.175  722.5  90  75  87  -1.563   0.0   0.0  728
 5.175  725.0  90  75  90  -1.563   0.0   0.0  730
 5.175  235.0 -90  72  81  -1.563   0.0   0.0  242
 5.175  237.5 -90  72 105  -1.563   0.0   0.0  243
 5.175  240.0 -90  72  99  -1.563   0.0   0.0  243
 5.175  480.0 -90  72  81   1.563   0.0   0.0  485
 5.175  557.5 -90  72  81  -1.563 270.0  30.0  561
 5.175  560.0 -90  72  81   1.563 210.0  30.0  566
 5.175  687.5 -90  72  93   1.563  90.0  30.0  690
 5.175  690.0 -90  72  84   1.563 210.0  30.0  693
 5.175  692.5 -90  72  96  -1.563  90.0  30.0  690
 5.175  695.0 -90  72  81   1.563  90.0  30.0  709
 5.175  722.5 -90  72  81  -1.563   0.0   0.0  728
 5.175  960.0 -90  72  81  -1.563 210.0  30.0  966
 5.200  237.5  90  72 102  -1.563   0.0   0.0  244
 5.200  240.0  90  72 108  -1.563   0.0   0.0  244
 5.200  242.5  90  72  87   1.563   0.0   0.0  244
 5.200  482.5  90  72  93  -1.563   0.0   0.0  488
 5.200  485.0  90  72  90  -1.563   0.0   0.0  488
 5.200  555.0  90  72  84  -1.563  90.0  30.0  545
 5.200  557.5  90  72  90   1.563  90.0  30.0  549
 5.200  685.0  90  72  84   1.563  90.0  30.0  681
 5.200  687.5  90  72  87   1.563  90.0  30.0  679
 5.200  725.0  90  72  84   1.563   0.0   0.0  729
 5.200  727.5  90  72  81  -1.563   0.0   0.0  733
 5.200 1112.5  90  72  81  -1.563  90.0  30.0 1103
 5.200  237.5 -90  72 105  -1.563   0.0   0.0  243
 5.200  240.0 -90  72 102  -1.563   0.0   0.0  243
 5.200  480.0 -90  72  81  -1.563   0.0   0.0  485
 5.200  557.5 -90  72  84  -1.563 210.0  30.0  561
 5.200  687.5 -90  72  93   1.563  90.0  30.0  682
 5.200  690.0 -90  72  96   1.563  90.0  30.0  686
 5.200  692.5 -90  72  90   1.563  90.0  30.0  698
 5.225  237.5  90  75  99  -1.563   0.0   0.0  244
 5.225  240.0  90  75 108  -1.563   0.0   0.0  244
 5.225  242.5  90  75  90  -1.563   0.0   0.0  244
 5.225  482.5  90  75  93   1.563   0.0   0.0  487
 5.225  485.0  90  75  87  -1.563   0.0   0.0  489
 5.225  555.0  90  75  84  -1.563 270.0  30.0  554
 5.225  557.5  90  75  87  -1.563  90.0  30.0  555
 5.225  687.5  90  75  87   1.563  90.0  30.0  691
 5.225  725.0  90  75  87  -1.563   0.0   0.0  730
 5.225  727.5  90  75  84  -1.563   0.0   0.0  730
 5.225  237.5 -90  72 102  -1.563   0.0   0.0  243
 5.225  240.0 -90  72 102  -1.563   0.0   0.0  243
 5.225  482.5 -90  72  81  -1.563   0.0   0.0  487
 5.225  557.5 -90  72  84   1.563 210.0  30.0  546
 5.225  560.0 -90  72  81   1.563   0.0   0.0  569
 5.225  687.5 -90  72  93   1.563  90.0  30.0  700
 5.225  690.0 -90  72  96   1.563  90.0  30.0  688
 5.225  692.5 -90  72  90  -1.563  90.0  30.0  707
 5.225  695.0 -90  72  84  -1.563  90.0  30.0  710
 5.250  237.5  90  75  96  -1.563   0.0   0.0  244
 5.250  240.0  90  75 108  -1.563   0.0   0.0  244
 5.250  242.5  90  75  90   1.563   0.0   0.0  244
 5.250  482.5  90  75  90   1.563   0.0   0.0  488
 5.250  485.0  90  75  87  -1.563   0.0   0.0  488
 5.250  555.0  90  75  84   1.563  90.0  30.0  560
 5.250  557.5  90  75  87  -1.563  90.0  30.0  562
 5.250  725.0  90  75  84   1.563   0.0   0.0  732
 5.250  727.5  90  75  87   1.563   0.0   0.0  732
 5.250  237.5 -90  72 102  -1.563   0.0   0.0  243
 5.250  240.0 -90  72 102  -1.563   0.0   0.0  243
 5.250  482.5 -90  72  81  -1.563   0.0   0.0  487
 5.250  557.5 -90  72  84   1.563  90.0  30.0  569
 5.250  560.0 -90  72  81   1.563 210.0  30.0  549
 5.250  687.5 -90  72  90   1.563  90.0  30.0  691
 5.250  690.0 -90  72  96   1.563  90.0  30.0  693
 5.250  695.0 -90  72  84   1.563  90.0  30.0  682
 5.275  237.5  90  75  96  -1.563   0.0   0.0  244
 5.275  240.0  90  75 108  -1.563   0.0   0.0  244
 5.275  242.5  90  75  96  -1.563   0.0   0.0  244
 5.275  482.5  90  75  93   1.563   0.0   0.0  488
 5.275  485.0  90  75  93  -1.563   0.0   0.0  488
 5.275  555.0  90  75  84   1.563  90.0  30.0  557
 5.275  557.5  90  75  90  -1.563  90.0  30.0  553
 5.275  687.5  90  75  84   1.563  90.0  30.0  682
 5.275  237.5 -90  72 102  -1.563   0.0   0.0  243
 5.275  240.0 -90  72 102  -1.563   0.0   0.0  243
 5.275  482.5 -90  72  84  -1.563   0.0   0.0  487
 5.275  557.5 -90  72  84   1.563  90.0  30.0  555
 5.275  560.0 -90  72  81  -1.563  90.0  30.0  564
 5.275  687.5 -90  72  90   1.563  90.0  30.0  685
 5.275  690.0 -90  72  93   1.563  90.0  30.0  690
 5.275  692.5 -90  72  81  -1.563  90.0  30.0  695
 5.275  695.0 -90  72  81   1.563  90.0  30.0  681
 5.300  237.5  90  75  93   1.563   0.0   0.0  246
 5.300  240.0  90  75 108  -1.563   0.0   0.0  245
 5.300  242.5  90  75  99   1.563   0.0   0.0  244
 5.300  482.5  90  75  93  -1.563   0.0   0.0  489
 5.300  485.0  90  75  96  -1.563   0.0   0.0  489
 5.300  555.0  90  75  87  -1.563   0.0   0.0  566
 5.300  557.5  90  75  90   1.563  90.0  30.0  558
 5.300  687.5  90  75  87   1.563  90.0  30.0  694
 5.300  690.0  90  75  87  -1.563  90.0  30.0  700
 5.300  692.5  90  75  90  -1.563  90.0  30.0  684
 5.300  695.0  90  75  84   1.563  90.0  30.0  683
 5.300  237.5 -90  75 102  -1.563   0.0   0.0  243
 5.300  240.0 -90  75 105  -1.563   0.0   0.0  243
 5.300  557.5 -90  75  87   1.563  90.0  30.0  562
 5.300  560.0 -90  75  84  -1.563   0.0   0.0  560
 5.300  687.5 -90  75  87   1.563  90.0  30.0  677
 5.300  690.0 -90  75  93  -1.563  90.0  30.0  677
 5.300  692.5 -90  75  84  -1.563  90.0  30.0  703
 5.300  695.0 -90  75  93  -1.563  90.0  30.0  703
 5.325  237.5  90  75  90  -1.563   0.0   0.0  245
 5.325  240.0  90  75 108  -1.563   0.0   0.0  245
 5.325  242.5  90  75 102  -1.563   0.0   0.0  245
 5.325  482.5  90  75  90  -1.563   0.0   0.0  489
 5.325  485.0  90  75  99  -1.563   0.0   0.0  489
 5.325  487.5  90  75  87   1.563   0.0   0.0  489
 5.325  490.0  90  75  84  -1.563   0.0   0.0  497
 5.325  555.0  90  75  90   1.563   0.0   0.0  553
 5.325  557.5  90  75  93   1.563  90.0  30.0  562
 5.325  687.5  90  75  84   1.563  90.0  30.0  690
 5.325  690.0  90  75  87  -1.563  90.0  30.0  694
 5.325  692.5  90  75  87   1.563  90.0  30.0  691
 5.325  730.0  90  75  84   1.563   0.0   0.0  736
 5.325  972.5  90  75  84   1.563   0.0   0.0  976
 5.325  237.5 -90  75 102  -1.563   0.0   0.0  244
 5.325  240.0 -90  75 105  -1.563   0.0   0.0  244
 5.325  482.5 -90  75  84   1.563   0.0   0.0  486
 5.325  557.5 -90  75  87   1.563   0.0   0.0  562
 5.325  560.0 -90  75  87  -1.563  90.0  30.0  563
 5.325  687.5 -90  75  87   1.563  90.0  30.0  674
 5.325  690.0 -90  75  93   1.563  90.0  30.0  677
 5.325  692.5 -90  75  93   1.563  90.0  30.0  684
 5.325  695.0 -90  75  93  -1.563  90.0  30.0  708
 5.350  240.0  90  75 108  -1.563   0.0   0.0  245
 5.350  242.5  90  75 105  -1.563   0.0   0.0  245
 5.350  485.0  90  75  96  -1.563   0.0   0.0  489
 5.350  487.5  90  75  87  -1.563   0.0   0.0  488
 5.350  555.0  90  75  87   1.563   0.0   0.0  556
 5.350  557.5  90  75  93   1.563  90.0  30.0  557
 5.350  687.5  90  75  90   1.563  90.0  30.0  686
 5.350  690.0  90  75  84  -1.563  90.0  30.0  695
 5.350  232.5 -90  72  81  -1.563   0.0   0.0  224
 5.350  237.5 -90  72  99  -1.563   0.0   0.0  244
 5.350  240.0 -90  72 105  -1.563   0.0   0.0  244
 5.350  242.5 -90  72  87  -1.563   0.0   0.0  244
 5.350  482.5 -90  72  87  -1.563   0.0   0.0  487
 5.350  557.5 -90  72  87  -1.563  90.0  30.0  552
 5.350  560.0 -90  72  81   1.563  90.0  30.0  566
 5.350  687.5 -90  72  87   1.563  90.0  30.0  691
 5.350  690.0 -90  72  87   1.563  90.0  30.0  680
 5.350  692.5 -90  72  90   1.563  90.0  30.0  689
 5.350  695.0 -90  72  87  -1.563  90.0  30.0  704
 5.350  697.5 -90  72  84   1.563  90.0  30.0  701
 5.350  877.5 -90  72  81  -1.563  90.0  30.0  885
 5.375  240.0  90  72 108  -1.563   0.0   0.0  246
 5.375  242.5  90  72 105  -1.563   0.0   0.0  246
 5.375  485.0  90  72  96  -1.563   0.0   0.0  490
 5.375  487.5  90  72  93  -1.563   0.0   0.0  491
 5.375  490.0  90  72  81  -1.563 270.0  30.0  496
 5.375  492.5  90  72  81  -1.563 270.0  30.0  499
 5.375  555.0  90  72  90  -1.563  90.0  30.0  557
 5.375  557.5  90  72  93  -1.563  90.0  30.0  557
 5.375  687.5  90  72  90   1.563  90.0  30.0  694
 5.375  690.0  90  72  87   1.563  90.0  30.0  690
 5.375  692.5  90  72  81  -1.563   0.0   0.0  678
 5.375  730.0  90  72  81  -1.563   0.0   0.0  733
 5.375  732.5  90  72  87  -1.563   0.0   0.0  737
 5.375  735.0  90  72  81   1.563   0.0   0.0  737
 5.375  895.0  90  72  81  -1.563  90.0  30.0  900
 5.375 1120.0  90  72  81  -1.563  90.0  30.0 1125
 5.375  237.5 -90  72  99  -1.563   0.0   0.0  244
 5.375  240.0 -90  72 105  -1.563   0.0   0.0  244
 5.375  242.5 -90  72  87  -1.563   0.0   0.0  244
 5.375  482.5 -90  72  87   1.563   0.0   0.0  487
 5.375  557.5 -90  72  90   1.563  90.0  30.0  553
 5.375  560.0 -90  72  87  -1.563  90.0  30.0  551
 5.375  687.5 -90  72  84   1.563  90.0  30.0  677
 5.375  690.0 -90  72  96   1.563  90.0  30.0  685
 5.375  692.5 -90  72  90   1.563  90.0  30.0  680
 5.375  695.0 -90  72  93  -1.563  90.0  30.0  702
 5.375  697.5 -90  72  84   1.563  90.0  30.0  705
 5.375  895.0 -90  72  81   1.563  90.0  30.0  894
 5.375  957.5 -90  72  81  -1.563 270.0  30.0  962
 5.400  240.0  90  72 105  -1.563   0.0   0.0  246
 5.400  242.5  90  72 108  -1.563   0.0   0.0  246
 5.400  245.0  90  72  81  -1.563   0.0   0.0  245
 5.400  485.0  90  72  96  -1.563   0.0   0.0  491
 5.400  487.5  90  72  93  -1.563   0.0   0.0  490
 5.400  490.0  90  72  81  -1.563   0.0   0.0  495
 5.400  555.0  90  72  90   1.563  90.0  30.0  560
 5.400  557.5  90  72  93   1.563  90.0  30.0  561
 5.400  687.5  90  72  87   1.563  90.0  30.0  682
 5.400  692.5  90  72  84   1.563  90.0  30.0  688
 5.400  697.5  90  72  81  -1.563  90.0  30.0  712
 5.400  730.0  90  72  87  -1.563   0.0   0.0  734
 5.400  732.5  90  72  90  -1.563   0.0   0.0  736
 5.400  900.0  90  72  81   1.563  90.0  30.0  912
 5.400  980.0  90  72  81  -1.563   0.0   0.0  986
 5.400 1120.0  90  72  81  -1.563  90.0  30.0 1119
 5.400  237.5 -90  72  96  -1.563   0.0   0.0  244
 5.400  240.0 -90  72 105  -1.563   0.0   0.0  244
 5.400  242.5 -90  72  87   1.563   0.0   0.0  244
 5.400  482.5 -90  72  87  -1.563   0.0   0.0  488
 5.400  485.0 -90  72  84   1.563   0.0   0.0  488
 5.400  557.5 -90  72  90  -1.563  90.0  30.0  558
 5.400  560.0 -90  72  84   1.563 210.0  30.0  571
 5.400  687.5 -90  72  84   1.563  90.0  30.0  685
 5.400  690.0 -90  72  93   1.563  90.0  30.0  683
 5.400  692.5 -90  72  87  -1.563  90.0  30.0  700
 5.400  695.0 -90  72  93  -1.563  90.0  30.0  700
 5.400  697.5 -90  72  87  -1.563  90.0  30.0  684
 5.400  700.0 -90  72  84  -1.563  90.0  30.0  690
 5.400  725.0 -90  72  81   1.563   0.0   0.0  728
 5.400  727.5 -90  72  81   1.563   0.0   0.0  731
 5.400  955.0 -90  72  81   1.563  90.0  30.0  962
 5.400  957.5 -90  72  81   1.563  90.0  30.0  960
 5.425  240.0  90  75 105  -1.563   0.0   0.0  244
 5.425  242.5  90  75 108  -1.563   0.0   0.0  244
 5.425  245.0  90  75  84  -1.563   0.0   0.0  244
 5.425  485.0  90  75  93  -1.563   0.0   0.0  489
 5.425  487.5  90  75  96  -1.563   0.0   0.0  489
 5.425  555.0  90  75  90  -1.563   0.0   0.0  561
 5.425  557.5  90  75  96   1.563  90.0  30.0  556
 5.425  687.5  90  75  87   1.563  90.0  30.0  677
 5.425  690.0  90  75  84   1.563  90.0  30.0  690
 5.425  730.0  90  75  84  -1.563   0.0   0.0  734
 5.425  735.0  90  75  87  -1.563   0.0   0.0  739
 5.425  737.5  90  75  84  -1.563 270.0  30.0  741
 5.425  237.5 -90  72  96  -1.563   0.0   0.0  243
 5.425  240.0 -90  72 108  -1.563   0.0   0.0  243
 5.425  242.5 -90  72  93  -1.563   0.0   0.0  243
 5.425  482.5 -90  72  87  -1.563   0.0   0.0  487
 5.425  485.0 -90  72  87   1.563   0.0   0.0  486
 5.425  557.5 -90  72  87  -1.563  90.0  30.0  557
 5.425  560.0 -90  72  87   1.563  90.0  30.0  559
 5.425  687.5 -90  72  84  -1.563  90.0  30.0  698
 5.425  690.0 -90  72  96  -1.563  90.0  30.0  687
 5.425  692.5 -90  72  93  -1.563  90.0  30.0  693
 5.425  695.0 -90  72  87   1.563  90.0  30.0  697
 5.425  697.5 -90  72  87  -1.563  90.0  30.0  693
 5.425  700.0 -90  72  81   1.563  90.0  30.0  696
 5.425  955.0 -90  72  81  -1.563  90.0  30.0  957
 5.450  240.0  90  78 105   1.563   0.0   0.0  246
 5.450  242.5  90  78 111  -1.563   0.0   0.0  246
 5.450  245.0  90  78  90  -1.563   0.0   0.0  247
 5.450  485.0  90  78  90  -1.563   0.0   0.0  492
 5.450  487.5  90  78  99  -1.563   0.0   0.0  492
 5.450  490.0  90  78  87  -1.563   0.0   0.0  493
 5.450  555.0  90  78  90   1.563   0.0   0.0  555
 5.450  557.5  90  78  96   1.563  90.0  30.0  557
 5.450  687.5  90  78  87   1.563  90.0  30.0  694
 5.450  690.0  90  78  87  -1.563  90.0  30.0  693
 5.450  732.5  90  78  90  -1.563   0.0   0.0  737
 5.450 1202.5  90  78  87   4.688  90.0  30.0 1196
 5.450 1237.5  90  78  87  -1.563 270.0  30.0 1224
 5.450  237.5 -90  75  96  -1.563   0.0   0.0  244
 5.450  240.0 -90  75 108  -1.563   0.0   0.0  244
 5.450  242.5 -90  75  96  -1.563   0.0   0.0  244
 5.450  482.5 -90  75  84  -1.563   0.0   0.0  488
 5.450  485.0 -90  75  84   1.563   0.0   0.0  488
 5.450  557.5 -90  75  90  -1.563  90.0  30.0  547
 5.450  560.0 -90  75  90   1.563  90.0  30.0  557
 5.450  687.5 -90  75  84   1.563  90.0  30.0  673
 5.450  690.0 -90  75  99   1.563  90.0  30.0  691
 5.450  692.5 -90  75  90   1.563  90.0  30.0  690
 5.450  695.0 -90  75  96  -1.563  90.0  30.0  694
 5.450  697.5 -90  75  87  -1.563  90.0  30.0  699
 5.450  700.0 -90  75  84   1.563  90.0  30.0  698
 5.450  727.5 -90  75  84  -1.563   0.0   0.0  731
 5.475  240.0  90  75 102  -1.563   0.0   0.0  247
 5.475  242.5  90  75 111  -1.563   0.0   0.0  247
 5.475  245.0  90  75  96  -1.563   0.0   0.0  247
 5.475  485.0  90  75  84   1.563   0.0   0.0  493
 5.475  487.5  90  75 102   1.563   0.0   0.0  493
 5.475  490.0  90  75  93  -1.563   0.0   0.0  494
 5.475  492.5  90  75  87  -1.563   0.0   0.0  499
 5.475  555.0  90  75  90  -1.563  90.0  30.0  550
 5.475  557.5  90  75  96  -1.563  90.0  30.0  559
 5.475  687.5  90  75  90   1.563  90.0  30.0  693
 5.475  690.0  90  75  90  -1.563  90.0  30.0  693
 5.475  692.5  90  75  87   1.563  90.0  30.0  689
 5.475  695.0  90  75  87  -1.563  90.0  30.0  690
 5.475  697.5  90  75  84  -1.563  90.0  30.0  685
 5.475  732.5  90  75  90  -1.563   0.0   0.0  740
 5.475  735.0  90  75  87  -1.563   0.0   0.0  740
 5.475  900.0  90  75  84  -1.563  90.0  30.0  907
 5.475  902.5  90  75  84  -1.563  90.0  30.0  913
 5.475  237.5 -90  75  93  -1.563   0.0   0.0  245
 5.475  240.0 -90  75 108  -1.563   0.0   0.0  245
 5.475  242.5 -90  75  96  -1.563   0.0   0.0  245
 5.475  557.5 -90  75  93  -1.563  90.0  30.0  557
 5.475  560.0 -90  75  87  -1.563  90.0  30.0  555
 5.475  690.0 -90  75  96   1.563  90.0  30.0  687
 5.475  692.5 -90  75  93   1.563  90.0  30.0  687
 5.475  695.0 -90  75  99  -1.563  90.0  30.0  697
 5.475  697.5 -90  75  90  -1.563  90.0  30.0  704
 5.475  955.0 -90  75  84  -1.563 210.0  30.0  958
 5.500  240.0  90  75  99   1.563   0.0   0.0  247
 5.500  242.5  90  75 111  -1.563   0.0   0.0  247
 5.500  245.0  90  75  99   1.563   0.0   0.0  247
 5.500  487.5  90  75  99  -1.563   0.0   0.0  493
 5.500  490.0  90  75  99  -1.563   0.0   0.0  493
 5.500  555.0  90  75  90   1.563   0.0   0.0  566
 5.500  557.5  90  75  96   1.563   0.0   0.0  562
 5.500  687.5  90  75  87   1.563  90.0  30.0  687
 5.500  690.0  90  75  90   1.563  90.0  30.0  689
 5.500  692.5  90  75  87  -1.563  90.0  30.0  695
 5.500  732.5  90  75  84  -1.563   0.0   0.0  739
 5.500  735.0  90  75  87  -1.563   0.0   0.0  740
 5.500  900.0  90  75  84  -1.563  90.0  30.0  899
 5.500  237.5 -90  72  90   1.563   0.0   0.0  245
 5.500  240.0 -90  72 108  -1.563   0.0   0.0  245
 5.500  242.5 -90  72  99  -1.563   0.0   0.0  245
 5.500  485.0 -90  72  81  -1.563   0.0   0.0  490
 5.500  557.5 -90  72  90   1.563  90.0  30.0  559
 5.500  560.0 -90  72  87   1.563  90.0  30.0  563
 5.500  687.5 -90  72  84   1.563  90.0  30.0  673
 5.500  690.0 -90  72  93   1.563  90.0  30.0  685
 5.500  692.5 -90  72  90   1.563  90.0  30.0  688
 5.500  695.0 -90  72  90  -1.563  90.0  30.0  699
 5.500  700.0 -90  72  81  -1.563  30.0  30.0  703
 5.500  710.0 -90  72  81   1.563  90.0  30.0  713
 5.500  727.5 -90  72  84  -1.563   0.0   0.0  733
 5.500  730.0 -90  72  81   1.563   0.0   0.0  734
 5.500  955.0 -90  72  84   1.563 210.0  30.0  961
 5.525  240.0  90  63  81   1.563   0.0   0.0  247
 5.525  242.5  90  63  96  -1.563   0.0   0.0  248
 5.525  245.0  90  63  87  -1.563   0.0   0.0  247
 5.525  487.5  90  63  84  -1.563   0.0   0.0  494
 5.525  490.0  90  63  87  -1.563   0.0   0.0  494
 5.525  555.0  90  63  75  -1.563 210.0  30.0  559
 5.525  557.5  90  63  84   1.563  90.0  30.0  557
 5.525  687.5  90  63  75   1.563  90.0  30.0  690
 5.525  690.0  90  63  75   1.563 210.0  30.0  685
 5.525  735.0  90  63  72   1.563   0.0   0.0  741
 5.525  237.5 -90  60  75  -1.563   0.0   0.0  245
 5.525  240.0 -90  60  96  -1.563   0.0   0.0  245
 5.525  242.5 -90  60  87  -1.563   0.0   0.0  245
 5.525  485.0 -90  60  72   1.563   0.0   0.0  488
 5.525  557.5 -90  60  78  -1.563  90.0  30.0  563
 5.525  560.0 -90  60  75   1.563  90.0  30.0  560
 5.525  687.5 -90  60  69   1.563  90.0  30.0  690
 5.525  690.0 -90  60  78   1.563  90.0  30.0  689
 5.525  692.5 -90  60  69   1.563  90.0  30.0  690
 5.525  695.0 -90  60  75   1.563  90.0  30.0  696
 5.525  697.5 -90  60  72   1.563  90.0  30.0  698
 5.525  700.0 -90  60  69  -1.563  90.0  30.0  698
 5.525  702.5 -90  60  69  -1.563  90.0  30.0  700
 5.525  727.5 -90  60  69  -1.563   0.0   0.0  732
 5.525  730.0 -90  60  69   1.563 150.0  30.0  733
 5.525  955.0 -90  60  69  -1.563 270.0  30.0  960
 5.550  240.0  90  63  78  -1.563   0.0   0.0  247
 5.550  242.5  90  63  96  -1.563   0.0   0.0  247
 5.550  245.0  90  63  90  -1.563   0.0   0.0  247
 5.550  487.5  90  63  81  -1.563   0.0   0.0  493
 5.550  490.0  90  63  87  -1.563   0.0   0.0  494
 5.550  492.5  90  63  72  -1.563   0.0   0.0  496
 5.550  555.0  90  63  78  -1.563   0.0   0.0  557
 5.550  557.5  90  63  84   1.563  90.0  30.0  559
 5.550  687.5  90  63  75   1.563  90.0  30.0  687
 5.550  690.0  90  63  78   1.563  90.0  30.0  687
 5.550  695.0  90  63  72   1.563  90.0  30.0  699
 5.550  697.5  90  63  72  -1.563  90.0  30.0  704
 5.550  237.5 -90  60  69  -1.563   0.0   0.0  245
 5.550  240.0 -90  60  93  -1.563   0.0   0.0  245
 5.550  242.5 -90  60  90  -1.563   0.0   0.0  245
 5.550  485.0 -90  60  72   1.563   0.0   0.0  490
 5.550  557.5 -90  60  78   1.563  90.0  30.0  558
 5.550  560.0 -90  60  75  -1.563 210.0  30.0  553
 5.550  690.0 -90  60  75   1.563  90.0  30.0  690
 5.550  692.5 -90  60  75  -1.563  90.0  30.0  688
 5.550  695.0 -90  60  75  -1.563  90.0  30.0  696
 5.550  697.5 -90  60  75  -1.563  90.0  30.0  701
 5.550  892.5 -90  60  69   1.563  90.0  30.0  880
 5.575  240.0  90  75  84  -1.563   0.0   0.0  245
 5.575  242.5  90  75 108  -1.563   0.0   0.0  246
 5.575  245.0  90  75 105  -1.563   0.0   0.0  246
 5.575  487.5  90  75  87  -1.563   0.0   0.0  494
 5.575  490.0  90  75  99  -1.563   0.0   0.0  492
 5.575  492.5  90  75  84   1.563   0.0   0.0  494
 5.575  555.0  90  75  87   1.563   0.0   0.0  561
 5.575  557.5  90  75  96  -1.563   0.0   0.0  555
 5.575  560.0  90  75  84  -1.563 210.0  30.0  569
 5.575  687.5  90  75  84  -1.563  90.0  30.0  681
 5.575  690.0  90  75  90   1.563 270.0  30.0  689
 5.575  692.5  90  75  84   1.563 270.0  30.0  695
 5.575  240.0 -90  75 105  -1.563   0.0   0.0  243
 5.575  242.5 -90  75 102  -1.563   0.0   0.0  243
 5.575  485.0 -90  75  87  -1.563   0.0   0.0  487
 5.575  557.5 -90  75  93  -1.563   0.0   0.0  553
 5.575  560.0 -90  75  90   1.563 210.0  30.0  557
 5.575  690.0 -90  75  90   1.563  90.0  30.0  696
 5.575  692.5 -90  75  93  -1.563  90.0  30.0  697
 5.575  695.0 -90  75  93  -1.563  90.0  30.0  686
 5.575  697.5 -90  75  90  -1.563  90.0  30.0  687
 5.575  730.0 -90  75  84  -1.563   0.0   0.0  732
 5.600  242.5  90  75 108  -1.563   0.0   0.0  248
 5.600  245.0  90  75 108  -1.563   0.0   0.0  248
 5.600  490.0  90  75  96  -1.563   0.0   0.0  495
 5.600  492.5  90  75  87   1.563   0.0   0.0  495
 5.600  555.0  90  75  87  -1.563   0.0   0.0  560
 5.600  557.5  90  75  96   1.563   0.0   0.0  563
 5.600  687.5  90  75  87   1.563  90.0  30.0  694
 5.600  690.0  90  75  93   1.563  90.0  30.0  701
 5.600  692.5  90  75  84   1.563  90.0  30.0  682
 5.600  695.0  90  75  87   1.563  90.0  30.0  681
 5.600  737.5  90  75  87  -1.563   0.0   0.0  742
 5.600  240.0 -90  75 105  -1.563   0.0   0.0  245
 5.600  242.5 -90  75 105  -1.563   0.0   0.0  245
 5.600  485.0 -90  75  87  -1.563   0.0   0.0  490
 5.600  487.5 -90  75  87   1.563   0.0   0.0  490
 5.600  557.5 -90  75  93   1.563  90.0  30.0  561
 5.600  560.0 -90  75  90  -1.563  90.0  30.0  561
 5.600  690.0 -90  75  93   1.563  90.0  30.0  693
 5.600  692.5 -90  75  87  -1.563  90.0  30.0  696
 5.600  695.0 -90  75  90   1.563  90.0  30.0  691
 5.600  697.5 -90  75  93   1.563  90.0  30.0  694
 5.600  700.0 -90  75  84  -1.563  90.0  30.0  708
 5.600  730.0 -90  75  84  -1.563   0.0   0.0  735
 5.625  242.5  90  63  96  -1.563   0.0   0.0  249
 5.625  245.0  90  63  96  -1.563   0.0   0.0  249
 5.625  490.0  90  63  84   1.563   0.0   0.0  497
 5.625  492.5  90  63  84  -1.563   0.0   0.0  497
 5.625  555.0  90  63  75   1.563   0.0   0.0  565
 5.625  557.5  90  63  81  -1.563  90.0  30.0  558
 5.625  687.5  90  63  72   1.563  90.0  30.0  699
 5.625  690.0  90  63  84   1.563  90.0  30.0  697
 5.625  692.5  90  63  78   1.563  90.0  30.0  683
 5.625  695.0  90  63  78  -1.563  90.0  30.0  685
 5.625  737.5  90  63  78  -1.563   0.0   0.0  744
 5.625  740.0  90  63  75  -1.563   0.0   0.0  746
 5.625  240.0 -90  63  93  -1.563   0.0   0.0  247
 5.625  242.5 -90  63  93  -1.563   0.0   0.0  247
 5.625  557.5 -90  63  78   1.563 330.0  30.0  551
 5.625  560.0 -90  63  75  -1.563  90.0  30.0  567
 5.625  690.0 -90  63  81   1.563  90.0  30.0  694
 5.625  692.5 -90  63  78   1.563  90.0  30.0  688
 5.625  730.0 -90  63  72  -1.563   0.0   0.0  736
 5.650  242.5  90  63  93  -1.563   0.0   0.0  248
 5.650  245.0  90  63  96  -1.563   0.0   0.0  248
 5.650  490.0  90  63  81  -1.563   0.0   0.0  496
 5.650  492.5  90  63  87   1.563   0.0   0.0  496
 5.650  495.0  90  63  72  -1.563   0.0   0.0  497
 5.650  555.0  90  63  75   1.563   0.0   0.0  566
 5.650  557.5  90  63  81   1.563  90.0  30.0  557
 5.650  687.5  90  63  72   1.563 210.0  30.0  673
 5.650  690.0  90  63  84   1.563  90.0  30.0  690
 5.650  692.5  90  63  72  -1.563  30.0  30.0  687
 5.650  695.0  90  63  75   1.563  90.0  30.0  692
 5.650  737.5  90  63  75  -1.563   0.0   0.0  743
 5.650  740.0  90  63  75  -1.563   0.0   0.0  743
 5.650 1117.5  90  63  75  -1.563  90.0  30.0 1125
 5.650  240.0 -90  63  93  -1.563   0.0   0.0  246
 5.650  242.5 -90  63  93  -1.563   0.0   0.0  246
 5.650  557.5 -90  63  78   1.563   0.0   0.0  556
 5.650  560.0 -90  63  72   1.563  90.0  30.0  556
 5.650  690.0 -90  63  81   1.563  90.0  30.0  689
 5.650  692.5 -90  63  81   1.563  90.0  30.0  689
 5.650  697.5 -90  63  72   1.563  90.0  30.0  702
 5.650  700.0 -90  63  72  -1.563  90.0  30.0  695
 5.650  732.5 -90  63  75   1.563   0.0   0.0  737
 5.675  242.5  90  63  90  -1.563   0.0   0.0  247
 5.675  245.0  90  63  96  -1.563   0.0   0.0  248
 5.675  247.5  90  63  78  -1.563   0.0   0.0  248
 5.675  490.0  90  63  78   1.563   0.0   0.0  495
 5.675  492.5  90  63  87  -1.563   0.0   0.0  496
 5.675  495.0  90  63  78  -1.563   0.0   0.0  497
 5.675  555.0  90  63  72   1.563   0.0   0.0  557
 5.675  557.5  90  63  81  -1.563   0.0   0.0  558
 5.675  690.0  90  63  81   1.563  90.0  30.0  686
 5.675  692.5  90  63  72   1.563  90.0  30.0  692
 5.675  695.0  90  63  75   1.563  90.0  30.0  695
 5.675  700.0  90  63  72  -1.563  90.0  30.0  703
 5.675  740.0  90  63  75  -1.563   0.0   0.0  745
 5.675  742.5  90  63  72  -1.563   0.0   0.0  744
 5.675 1117.5  90  63  72  -1.563  90.0  30.0 1109
 5.675  240.0 -90  60  90  -1.563   0.0   0.0  245
 5.675  242.5 -90  60  96  -1.563   0.0   0.0  245
 5.675  245.0 -90  60  75  -1.563   0.0   0.0  245
 5.675  487.5 -90  60  72  -1.563   0.0   0.0  491
 5.675  557.5 -90  60  78   1.563   0.0   0.0  557
 5.675  560.0 -90  60  78  -1.563   0.0   0.0  555
 5.675  690.0 -90  60  81   1.563  90.0  30.0  689
 5.675  692.5 -90  60  78  -1.563  90.0  30.0  690
 5.675  695.0 -90  60  72  -1.563  90.0  30.0  698
 5.675  697.5 -90  60  75  -1.563  90.0  30.0  697
 5.675  700.0 -90  60  75  -1.563  90.0  30.0  702
 5.675  730.0 -90  60  69   1.563   0.0   0.0  737
 5.675  732.5 -90  60  69   1.563   0.0   0.0  735
 5.700  242.5  90  63  90  -1.563   0.0   0.0  249
 5.700  245.0  90  63  99  -1.563   0.0   0.0  249
 5.700  247.5  90  63  81  -1.563   0.0   0.0  249
 5.700  492.5  90  63  84  -1.563   0.0   0.0  497
 5.700  495.0  90  63  75  -1.563   0.0   0.0  497
 5.700  555.0  90  63  75  -1.563   0.0   0.0  542
 5.700  557.5  90  63  81  -1.563   0.0   0.0  561
 5.700  690.0  90  63  78   1.563  90.0  30.0  684
 5.700  692.5  90  63  72   1.563  90.0  30.0  690
 5.700  695.0  90  63  72  -1.563  90.0  30.0  699
 5.700  740.0  90  63  72  -1.563   0.0   0.0  744
 5.700  240.0 -90  63  90  -1.563   0.0   0.0  246
 5.700  242.5 -90  63  96  -1.563   0.0   0.0  246
 5.700  245.0 -90  63  75   1.563   0.0   0.0  246
 5.700  557.5 -90  63  81   1.563   0.0   0.0  563
 5.700  560.0 -90  63  75  -1.563  90.0  30.0  558
 5.700  690.0 -90  63  78   1.563  90.0  30.0  705
 5.700  692.5 -90  63  78   1.563  90.0  30.0  704
 5.700  697.5 -90  63  81  -1.563  90.0  30.0  685
 5.700  700.0 -90  63  75  -1.563  90.0  30.0  689
 5.700  732.5 -90  63  72  -1.563   0.0   0.0  737
 5.725  242.5  90  69  87  -1.563   0.0   0.0  250
 5.725  245.0  90  69  99  -1.563   0.0   0.0  250
 5.725  247.5  90  69  87  -1.563   0.0   0.0  250
 5.725  492.5  90  69  81   1.563   0.0   0.0  498
 5.725  557.5  90  69  81   1.563   0.0   0.0  551
 5.725  690.0  90  69  81   1.563  90.0  30.0  697
 5.725  692.5  90  69  81  -1.563  90.0  30.0  701
 5.725  965.0  90  69  78   1.563 150.0  30.0  964
 5.725  240.0 -90  63  90  -1.563   0.0   0.0  248
 5.725  242.5 -90  63  96  -1.563   0.0   0.0  247
 5.725  245.0 -90  63  78  -1.563   0.0   0.0  247
 5.725  557.5 -90  63  78   1.563  90.0  30.0  558
 5.725  560.0 -90  63  75  -1.563   0.0   0.0  553
 5.725  690.0 -90  63  81  -1.563  90.0  30.0  699
 5.725  692.5 -90  63  84   1.563  90.0  30.0  694
 5.725  695.0 -90  63  81   1.563  90.0  30.0  698
 5.725  697.5 -90  63  75  -1.563  90.0  30.0  712
 5.725  700.0 -90  63  72  -1.563  90.0  30.0  702
 5.725  732.5 -90  63  72  -1.563  90.0  30.0  737
 5.725 1037.5 -90  63  72  -4.688   0.0   0.0 1046
 5.725 1045.0 -90  63  72  -4.688   0.0   0.0 1055
 5.725 1090.0 -90  63  72  -1.563 150.0  30.0 1082
 5.725 1102.5 -90  63  72   4.688   0.0   0.0 1114
 5.725 1112.5 -90  63  72   1.563 150.0  30.0 1111
 5.725 1115.0 -90  63  72  -1.563 150.0  30.0 1127
 5.725 1117.5 -90  63  75   1.563 150.0  30.0 1127
 5.725 1122.5 -90  63  72   1.563 150.0  30.0 1110
 5.725 1125.0 -90  63  72   4.688 150.0  30.0 1111
 5.725 1142.5 -90  63  72  -4.688 150.0  30.0 1144
 5.725 1145.0 -90  63  72   1.563   0.0   0.0 1135
 5.725 1152.5 -90  63  72   1.563   0.0   0.0 1150
 5.725 1157.5 -90  63  72  -1.563 150.0  30.0 1169
 5.725 1280.0 -90  63  72   1.563 150.0  30.0 1279
 5.750  242.5  90  63  81  -1.563   0.0   0.0  250
 5.750  245.0  90  63  99  -1.563   0.0   0.0  250
 5.750  247.5  90  63  90  -1.563   0.0   0.0  250
 5.750  492.5  90  63  81  -1.563   0.0   0.0  499
 5.750  495.0  90  63  81   1.563   0.0   0.0  500
 5.750  497.5  90  63  75   1.563   0.0   0.0  501
 5.750  555.0  90  63  72   1.563  90.0  30.0  562
 5.750  557.5  90  63  81   1.563  90.0  30.0  554
 5.750  690.0  90  63  81   1.563  90.0  30.0  694
 5.750  692.5  90  63  78   1.563  90.0  30.0  694
 5.750  695.0  90  63  72  -1.563  90.0  30.0  687
 5.750  240.0 -90  63  87  -1.563   0.0   0.0  246
 5.750  242.5 -90  63  96  -1.563   0.0   0.0  247
 5.750  245.0 -90  63  81  -1.563   0.0   0.0  247
 5.750  487.5 -90  63  72  -1.563   0.0   0.0  493
 5.750  557.5 -90  63  75  -1.563  90.0  30.0  560
 5.750  560.0 -90  63  72  -1.563  90.0  30.0  562
 5.750  690.0 -90  63  78   1.563  90.0  30.0  690
 5.750  692.5 -90  63  81   1.563  90.0  30.0  692
 5.750  695.0 -90  63  78  -1.563  90.0  30.0  694
 5.750  700.0 -90  63  72  -1.563  90.0  30.0  697
 5.775  242.5  90  66  81  -1.563   0.0   0.0  247
 5.775  245.0  90  66  96  -1.563   0.0   0.0  248
 5.775  247.5  90  66  90   1.563   0.0   0.0  248
 5.775  492.5  90  66  78   1.563   0.0   0.0  497
 5.775  495.0  90  66  87  -1.563   0.0   0.0  497
 5.775  497.5  90  66  78  -1.563   0.0   0.0  499
 5.775  557.5  90  66  81  -1.563 330.0  30.0  572
 5.775  690.0  90  66  78   1.563  90.0  30.0  692
 5.775  692.5  90  66  75  -1.563  30.0  30.0  702
 5.775  695.0  90  66  81  -1.563  90.0  30.0  691
 5.775  697.5  90  66  75   1.563  90.0  30.0  692
 5.775  240.0 -90  66  84  -1.563   0.0   0.0  245
 5.775  242.5 -90  66  96  -1.563   0.0   0.0  245
 5.775  245.0 -90  66  84  -1.563   0.0   0.0  245
 5.775  557.5 -90  66  78   1.563   0.0   0.0  551
 5.775  560.0 -90  66  75   1.563  90.0  30.0  571
 5.775  690.0 -90  66  78   1.563  90.0  30.0  704
 5.775  692.5 -90  66  81   1.563  90.0  30.0  687
 5.775  695.0 -90  66  75   1.563  90.0  30.0  706
 5.800  245.0  90  69  96   1.563   0.0   0.0  250
 5.800  247.5  90  69  93  -1.563   0.0   0.0  250
 5.800  495.0  90  69  87   1.563   0.0   0.0  500
 5.800  497.5  90  69  78   1.563   0.0   0.0  501
 5.800  557.5  90  69  81  -1.563 330.0  30.0  558
 5.800  690.0  90  69  81  -1.563  90.0  30.0  688
 5.800  692.5  90  69  81   1.563  90.0  30.0  690
 5.800  240.0 -90  72  84   1.563   0.0   0.0  247
 5.800  242.5 -90  72  96  -1.563   0.0   0.0  247
 5.800  245.0 -90  72  84   1.563   0.0   0.0  247
 5.800  692.5 -90  72  84   1.563  90.0  30.0  695
 5.825  245.0  90  69  96  -1.563   0.0   0.0  251
 5.825  247.5  90  69  96  -1.563   0.0   0.0  251
 5.825  495.0  90  69  87  -1.563   0.0   0.0  501
 5.825  497.5  90  69  81   1.563   0.0   0.0  501
 5.825  557.5  90  69  81  -1.563 330.0  30.0  545
 5.825  690.0  90  69  78  -1.563  90.0  30.0  685
 5.825  692.5  90  69  78   1.563  90.0  30.0  699
 5.825  240.0 -90  69  81  -1.563   0.0   0.0  248
 5.825  242.5 -90  69  96  -1.563   0.0   0.0  248
 5.825  245.0 -90  69  90  -1.563   0.0   0.0  248
 5.825  557.5 -90  69  78  -1.563 210.0  30.0  559
 5.825  692.5 -90  69  78   1.563  90.0  30.0  696
 5.825  695.0 -90  69  81  -1.563  90.0  30.0  703
 5.825  697.5 -90  69  81   1.563  90.0  30.0  696
 5.850  245.0  90  66  93  -1.563   0.0   0.0  251
 5.850  247.5  90  66  96  -1.563   0.0   0.0  251
 5.850  495.0  90  66  81  -1.563   0.0   0.0  500
 5.850  497.5  90  66  81  -1.563   0.0   0.0  501
 5.850  557.5  90  66  81   1.563   0.0   0.0  559
 5.850  690.0  90  66  78   1.563  90.0  30.0  688
 5.850  692.5  90  66  81  -1.563  90.0  30.0  681
 5.850  745.0  90  66  75  -1.563   0.0   0.0  751
 5.850  747.5  90  66  75  -1.563 270.0  30.0  751
 5.850  240.0 -90  66  75  -1.563   0.0   0.0  250
 5.850  242.5 -90  66  96  -1.563   0.0   0.0  247
 5.850  245.0 -90  66  90  -1.563   0.0   0.0  247
 5.850  490.0 -90  66  81  -1.563   0.0   0.0  495
 5.850  690.0 -90  66  75   1.563  90.0  30.0  695
 5.850  692.5 -90  66  81   1.563  90.0  30.0  695
 5.850  697.5 -90  66  81   1.563  90.0  30.0  693
 5.850  700.0 -90  66  78  -1.563  90.0  30.0  707
 5.875  245.0  90  63  93  -1.563   0.0   0.0  251
 5.875  247.5  90  63  96  -1.563   0.0   0.0  252
 5.875  250.0  90  63  75   1.563   0.0   0.0  252
 5.875  495.0  90  63  78   1.563   0.0   0.0  502
 5.875  497.5  90  63  87  -1.563   0.0   0.0  502
 5.875  500.0  90  63  75  -1.563   0.0   0.0  505
 5.875  555.0  90  63  72   1.563   0.0   0.0  561
 5.875  557.5  90  63  84  -1.563  90.0  30.0  561
 5.875  690.0  90  63  78   1.563  90.0  30.0  690
 5.875  692.5  90  63  81   1.563  90.0  30.0  687
 5.875  697.5  90  63  75   1.563  90.0  30.0  704
 5.875  745.0  90  63  72  -1.563   0.0   0.0  750
 5.875  747.5  90  63  78  -1.563   0.0   0.0  752
 5.875  897.5  90  63  72  -1.563  90.0  30.0  888
 5.875  917.5  90  63  72  -1.563  90.0  30.0  921
 5.875  240.0 -90  63  75   1.563   0.0   0.0  248
 5.875  242.5 -90  63  96  -1.563   0.0   0.0  248
 5.875  245.0 -90  63  90  -1.563   0.0   0.0  248
 5.875  490.0 -90  63  81  -1.563   0.0   0.0  495
 5.875  492.5 -90  63  72  -1.563   0.0   0.0  495
 5.875  557.5 -90  63  75   1.563  90.0  30.0  564
 5.875  560.0 -90  63  72  -1.563  90.0  30.0  570
 5.875  692.5 -90  63  78   1.563  90.0  30.0  695
 5.875  695.0 -90  63  78  -1.563  90.0  30.0  701
 5.875  700.0 -90  63  75  -1.563  90.0  30.0  695
 5.875  737.5 -90  63  72  -1.563   0.0   0.0  741
 5.900  245.0  90  66  90  -1.563   0.0   0.0  252
 5.900  247.5  90  66  99  -1.563   0.0   0.0  251
 5.900  250.0  90  66  78  -1.563   0.0   0.0  252
 5.900  495.0  90  66  75  -1.563   0.0   0.0  506
 5.900  497.5  90  66  87  -1.563   0.0   0.0  502
 5.900  557.5  90  66  84   1.563   0.0   0.0  556
 5.900  690.0  90  66  75   1.563  90.0  30.0  685
 5.900  692.5  90  66  81   1.563  90.0  30.0  687
 5.900  697.5  90  66  75   1.563  90.0  30.0  702
 5.900  747.5  90  66  75   1.563   0.0   0.0  753
 5.900  242.5 -90  63  93  -1.563   0.0   0.0  248
 5.900  245.0 -90  63  93  -1.563   0.0   0.0  248
 5.900  490.0 -90  63  81  -1.563   0.0   0.0  495
 5.900  492.5 -90  63  78  -1.563   0.0   0.0  495
 5.900  557.5 -90  63  78  -1.563   0.0   0.0  562
 5.900  560.0 -90  63  72  -1.563   0.0   0.0  559
 5.900  692.5 -90  63  78   1.563  90.0  30.0  684
 5.900  695.0 -90  63  72  -1.563  90.0  30.0  691
 5.900  697.5 -90  63  78  -1.563  90.0  30.0  705
 5.900  700.0 -90  63  72   1.563  90.0  30.0  702
 5.900  737.5 -90  63  72  -1.563   0.0   0.0  741
 5.925  245.0  90  69  90  -1.563   0.0   0.0  252
 5.925  247.5  90  69  99  -1.563   0.0   0.0  252
 5.925  250.0  90  69  87  -1.563   0.0   0.0  253
 5.925  497.5  90  69  84  -1.563   0.0   0.0  504
 5.925  500.0  90  69  78  -1.563   0.0   0.0  504
 5.925  557.5  90  69  84   1.563   0.0   0.0  557
 5.925  692.5  90  69  81  -1.563  90.0  30.0  682
 5.925  212.5 -90  69  78  -1.563 150.0  30.0  219
 5.925  242.5 -90  69  93  -1.563   0.0   0.0  248
 5.925  245.0 -90  69  93  -1.563   0.0   0.0  249
 5.925  490.0 -90  69  84  -1.563   0.0   0.0  496
 5.925  492.5 -90  69  81  -1.563   0.0   0.0  496
 5.925  557.5 -90  69  78  -1.563 330.0  30.0  553
 5.925  692.5 -90  69  78  -1.563  90.0  30.0  682
 5.925  697.5 -90  69  78  -1.563  90.0  30.0  704
 5.925  737.5 -90  69  78  -1.563   0.0   0.0  742
 5.950  187.5  90  63  72  -1.563 150.0  30.0  191
 5.950  245.0  90  63  84   1.563   0.0   0.0  252
 5.950  247.5  90  63  96  -1.563   0.0   0.0  252
 5.950  250.0  90  63  87  -1.563   0.0   0.0  252
 5.950  307.5  90  63  72   1.563   0.0   0.0  312
 5.950  497.5  90  63  78  -1.563   0.0   0.0  502
 5.950  500.0  90  63  75  -1.563   0.0   0.0  501
 5.950  555.0  90  63  75  -1.563   0.0   0.0  557
 5.950  557.5  90  63  84  -1.563   0.0   0.0  558
 5.950  560.0  90  63  72   1.563   0.0   0.0  548
 5.950  690.0  90  63  72   1.563  90.0  30.0  695
 5.950  692.5  90  63  84   1.563  90.0  30.0  686
 5.950  697.5  90  63  72   1.563  90.0  30.0  706
 5.950  752.5  90  63  72  -1.563   0.0   0.0  761
 5.950 1000.0  90  63  72  -1.563   0.0   0.0 1003
 5.950 1135.0  90  63  72  -1.563 150.0  30.0 1128
 5.950  242.5 -90  63  90  -1.563   0.0   0.0  248
 5.950  245.0 -90  63  93  -1.563   0.0   0.0  248
 5.950  490.0 -90  63  81  -1.563   0.0   0.0  496
 5.950  492.5 -90  63  81  -1.563   0.0   0.0  496
 5.950  557.5 -90  63  75   1.563  90.0  30.0  557
 5.950  692.5 -90  63  78   1.563  90.0  30.0  683
 5.950  695.0 -90  63  72   1.563  90.0  30.0  682
 5.950  697.5 -90  63  81   1.563  90.0  30.0  707
 5.950  737.5 -90  63  72  -1.563   0.0   0.0  744
 5.950  740.0 -90  63  72  -1.563   0.0   0.0  742
 5.975  245.0  90  69  81   1.563   0.0   0.0  250
 5.975  247.5  90  69  96  -1.563   0.0   0.0  251
 5.975  250.0  90  69  90   1.563   0.0   0.0  251
 5.975  557.5  90  69  84   1.563   0.0   0.0  558
 5.975  692.5  90  69  84  -1.563  90.0  30.0  693
 5.975  242.5 -90  66  90  -1.563   0.0   0.0  246
 5.975  245.0 -90  66  93  -1.563   0.0   0.0  247
 5.975  490.0 -90  66  78  -1.563   0.0   0.0  494
 5.975  492.5 -90  66  81   1.563   0.0   0.0  494
 5.975  692.5 -90  66  81  -1.563  90.0  30.0  707
 5.975  695.0 -90  66  78  -1.563  90.0  30.0  705
 5.975  697.5 -90  66  78   1.563  90.0  30.0  707
 6.000  245.0  90  69  78   1.563   0.0   0.0  252
 6.000  247.5  90  69  96  -1.563   0.0   0.0  253
 6.000  250.0  90  69  93  -1.563   0.0   0.0  253
 6.000  500.0  90  69  81  -1.563   0.0   0.0  505
 6.000  557.5  90  69  84   1.563 330.0  30.0  554
 6.000  692.5  90  69  87   1.563  90.0  30.0  695
 6.000  695.0  90  69  81  -1.563  90.0  30.0  709
 6.000  242.5 -90  66  90  -1.563   0.0   0.0  248
 6.000  245.0 -90  66  93  -1.563   0.0   0.0  249
 6.000  247.5 -90  66  75   1.563   0.0   0.0  250
 6.000  492.5 -90  66  84  -1.563   0.0   0.0  497
 6.000  692.5 -90  66  81   1.563  90.0  30.0  684
 6.000  700.0 -90  66  75   1.563  90.0  30.0  696
 6.025   82.5  90  72  81  -1.563   0.0   0.0   90
 6.025   90.0  90  72  81  -1.563 150.0  30.0  100
 6.025   92.5  90  72  81  -1.563 150.0  30.0  103
 6.025   97.5  90  72  81  -1.563  30.0  30.0   84
 6.025  247.5  90  72  96  -1.563   0.0   0.0  253
 6.025  250.0  90  72  93  -1.563   0.0   0.0  254
 6.025  500.0  90  72  81  -1.563   0.0   0.0  506
 6.025  557.5  90  72  87   1.563   0.0   0.0  568
 6.025  692.5  90  72  87   1.563  90.0  30.0  691
 6.025 1250.0  90  72  81   4.688   0.0   0.0 1264
 6.025  110.0 -90  69  78  -1.563   0.0   0.0  107
 6.025  242.5 -90  69  87  -1.563   0.0   0.0  250
 6.025  245.0 -90  69  93  -1.563   0.0   0.0  250
 6.025  492.5 -90  69  81  -1.563   0.0   0.0  497
 6.025  692.5 -90  69  84   1.563  90.0  30.0  692
 6.025  695.0 -90  69  78   1.563  90.0  30.0  696
 6.025  697.5 -90  69  78  -1.563  90.0  30.0  697
 6.025  700.0 -90  69  78  -1.563  90.0  30.0  699
 6.050  247.5  90  72  93  -1.563   0.0   0.0  253
 6.050  250.0  90  72  96  -1.563   0.0   0.0  253
 6.050  500.0  90  72  81  -1.563   0.0   0.0  505
 6.050  502.5  90  72  81  -1.563   0.0   0.0  506
 6.050  557.5  90  72  87   1.563 330.0  30.0  560
 6.050  692.5  90  72  87  -1.563  90.0  30.0  695
 6.050  695.0  90  72  81   1.563  90.0  30.0  701
 6.050  242.5 -90  72  87  -1.563   0.0   0.0  249
 6.050  245.0 -90  72  93   1.563   0.0   0.0  249
 6.050  692.5 -90  72  84  -1.563  90.0  30.0  694
 6.050  695.0 -90  72  84   1.563  90.0  30.0  696
 6.075  247.5  90  78 102  -1.563   0.0   0.0  254
 6.075  250.0  90  78 108  -1.563   0.0   0.0  254
 6.075  500.0  90  78  90  -1.563   0.0   0.0  506
 6.075  502.5  90  78  96  -1.563   0.0   0.0  506
 6.075  555.0  90  78  87  -1.563 330.0  30.0  542
 6.075  557.5  90  78  99   1.563 330.0  30.0  558
 6.075  560.0  90  78  87   1.563  90.0  30.0  547
 6.075  692.5  90  78  96   1.563  90.0  30.0  700
 6.075  695.0  90  78  93   1.563  90.0  30.0  687
 6.075  697.5  90  78  90  -1.563  90.0  30.0  689
 6.075  755.0  90  78  87  -1.563   0.0   0.0  756
 6.075  242.5 -90  78  93  -1.563   0.0   0.0  250
 6.075  245.0 -90  78 105  -1.563   0.0   0.0  249
 6.075  247.5 -90  78  93  -1.563   0.0   0.0  249
 6.075  557.5 -90  78  90   1.563   0.0   0.0  557
 6.075  692.5 -90  78  96   1.563  90.0  30.0  678
 6.075  695.0 -90  78  93   1.563  90.0  30.0  704
 6.075  697.5 -90  78  87   1.563  90.0  30.0  684
 6.100  247.5  90  75 102   1.563   0.0   0.0  254
 6.100  250.0  90  75 108  -1.563   0.0   0.0  254
 6.100  252.5  90  75  87  -1.563   0.0   0.0  255
 6.100  500.0  90  75  84  -1.563   0.0   0.0  505
 6.100  502.5  90  75  96  -1.563   0.0   0.0  507
 6.100  505.0  90  75  90  -1.563   0.0   0.0  509
 6.100  555.0  90  75  87  -1.563   0.0   0.0  561
 6.100  557.5  90  75  99   1.563   0.0   0.0  560
 6.100  560.0  90  75  84   1.563  90.0  30.0  554
 6.100  692.5  90  75  96   1.563  90.0  30.0  696
 6.100  695.0  90  75  96   1.563  90.0  30.0  697
 6.100  697.5  90  75  84   1.563   0.0   0.0  694
 6.100  755.0  90  75  87  -1.563   0.0   0.0  760
 6.100 1140.0  90  75  84  -1.563  90.0  30.0 1137
 6.100  242.5 -90  78  93  -1.563   0.0   0.0  249
 6.100  245.0 -90  78 105  -1.563   0.0   0.0  249
 6.100  247.5 -90  78  96  -1.563   0.0   0.0  250
 6.100  557.5 -90  78  87  -1.563 210.0  30.0  560
 6.100  692.5 -90  78  93   1.563  90.0  30.0  697
 6.100  695.0 -90  78  93   1.563  90.0  30.0  698
 6.100  697.5 -90  78  90  -1.563  90.0  30.0  690
 6.100  700.0 -90  78  87  -1.563  90.0  30.0  696
 6.125  247.5  90  63  87   1.563   0.0   0.0  254
 6.125  250.0  90  63  96  -1.563   0.0   0.0  254
 6.125  252.5  90  63  81   1.563   0.0   0.0  254
 6.125  502.5  90  63  84  -1.563   0.0   0.0  507
 6.125  505.0  90  63  81  -1.563   0.0   0.0  508
 6.125  555.0  90  63  75  -1.563   0.0   0.0  559
 6.125  557.5  90  63  87  -1.563 330.0  30.0  558
 6.125  560.0  90  63  72  -1.563   0.0   0.0  571
 6.125  692.5  90  63  81   1.563  90.0  30.0  691
 6.125  695.0  90  63  81   1.563  90.0  30.0  691
 6.125  755.0  90  63  75   1.563   0.0   0.0  760
 6.125  912.5  90  63  72  -1.563  90.0  30.0  915
 6.125 1145.0  90  63  72  -1.563  90.0  30.0 1145
 6.125  242.5 -90  63  75   1.563   0.0   0.0  250
 6.125  245.0 -90  63  93  -1.563   0.0   0.0  249
 6.125  247.5 -90  63  84  -1.563   0.0   0.0  249
 6.125  495.0 -90  63  75  -1.563   0.0   0.0  500
 6.125  557.5 -90  63  72  -1.563 210.0  30.0  556
 6.125  692.5 -90  63  78   1.563  90.0  30.0  695
 6.125  695.0 -90  63  81   1.563  90.0  30.0  700
 6.125  697.5 -90  63  75  -1.563  90.0  30.0  686
 6.125  700.0 -90  63  81  -1.563  90.0  30.0  692
 6.125  702.5 -90  63  75  -1.563  90.0  30.0  713
 6.125  742.5 -90  63  72   1.563   0.0   0.0  747
 6.150  247.5  90  66  84  -1.563   0.0   0.0  255
 6.150  250.0  90  66  96  -1.563   0.0   0.0  254
 6.150  252.5  90  66  84  -1.563   0.0   0.0  254
 6.150  502.5  90  66  81   1.563   0.0   0.0  508
 6.150  505.0  90  66  84  -1.563   0.0   0.0  508
 6.150  557.5  90  66  87   1.563   0.0   0.0  556
 6.150  560.0  90  66  75   1.563  30.0  30.0  559
 6.150  692.5  90  66  81   1.563  90.0  30.0  699
 6.150  695.0  90  66  81   1.563  90.0  30.0  695
 6.150 1130.0  90  66  75  -1.563  90.0  30.0 1123
 6.150  242.5 -90  63  72   1.563   0.0   0.0  250
 6.150  245.0 -90  63  93  -1.563   0.0   0.0  250
 6.150  247.5 -90  63  87   1.563   0.0   0.0  250
 6.150  495.0 -90  63  75  -1.563   0.0   0.0  501
 6.150  692.5 -90  63  78   1.563  90.0  30.0  691
 6.150  695.0 -90  63  81  -1.563  90.0  30.0  707
 6.150  697.5 -90  63  72  -1.563  90.0  30.0  699
 6.150  700.0 -90  63  75  -1.563  90.0  30.0  714
 6.150  702.5 -90  63  75  -1.563  90.0  30.0  693
 6.175  247.5  90  66  78  -1.563   0.0   0.0  252
 6.175  250.0  90  66  96  -1.563   0.0   0.0  253
 6.175  252.5  90  66  90   1.563   0.0   0.0  253
 6.175  502.5  90  66  75  -1.563   0.0   0.0  506
 6.175  505.0  90  66  81   1.563   0.0   0.0  507
 6.175  557.5  90  66  87   1.563 330.0  30.0  557
 6.175  560.0  90  66  78   1.563 330.0  30.0  563
 6.175  692.5  90  66  78   1.563  90.0  30.0  689
 6.175  695.0  90  66  84   1.563  90.0  30.0  694
 6.175  760.0  90  66  75  -1.563   0.0   0.0  762
 6.175 1130.0  90  66  75  -1.563  90.0  30.0 1135
 6.175  245.0 -90  63  93  -1.563   0.0   0.0  248
 6.175  247.5 -90  63  90  -1.563   0.0   0.0  248
 6.175  495.0 -90  63  78  -1.563   0.0   0.0  498
 6.175  497.5 -90  63  75   1.563   0.0   0.0  498
 6.175  692.5 -90  63  75   1.563  90.0  30.0  689
 6.175  695.0 -90  63  81   1.563  90.0  30.0  690
 6.175  700.0 -90  63  75  -1.563  90.0  30.0  704
 6.200  247.5  90  63  72  -1.563   0.0   0.0  254
 6.200  250.0  90  63  96  -1.563   0.0   0.0  255
 6.200  252.5  90  63  90   1.563   0.0   0.0  255
 6.200  505.0  90  63  72  -1.563   0.0   0.0  507
 6.200  507.5  90  63  75   1.563   0.0   0.0  511
 6.200  555.0  90  63  72  -1.563   0.0   0.0  564
 6.200  557.5  90  63  87   1.563 330.0  30.0  559
 6.200  560.0  90  63  75   1.563 330.0  30.0  545
 6.200  692.5  90  63  78  -1.563  90.0  30.0  695
 6.200  695.0  90  63  81   1.563  90.0  30.0  694
 6.200  757.5  90  63  72  -1.563   0.0   0.0  764
 6.200  760.0  90  63  78   1.563   0.0   0.0  764
 6.200 1130.0  90  63  75  -1.563  90.0  30.0 1119
 6.200 1132.5  90  63  75  -1.563  90.0  30.0 1141
 6.200 1140.0  90  63  72  -1.563 150.0  30.0 1150
 6.200  245.0 -90  63  93  -1.563   0.0   0.0  250
 6.200  247.5 -90  63  90  -1.563   0.0   0.0  250
 6.200  495.0 -90  63  78  -1.563   0.0   0.0  499
 6.200  497.5 -90  63  72  -1.563   0.0   0.0  500
 6.200  557.5 -90  63  75  -1.563   0.0   0.0  563
 6.200  692.5 -90  63  75   1.563  90.0  30.0  682
 6.200  695.0 -90  63  81   1.563  90.0  30.0  681
 6.200  697.5 -90  63  78   1.563  90.0  30.0  708
 6.200  700.0 -90  63  75   1.563  90.0  30.0  712
 6.200 1125.0 -90  63  72  -1.563  90.0  30.0 1133
 6.225  247.5  90  63  72   1.563   0.0   0.0  256
 6.225  250.0  90  63  93  -1.563   0.0   0.0  257
 6.225  252.5  90  63  93  -1.563   0.0   0.0  257
 6.225  505.0  90  63  75  -1.563   0.0   0.0  510
 6.225  507.5  90  63  75  -1.563   0.0   0.0  512
 6.225  555.0  90  63  75   1.563   0.0   0.0  545
 6.225  557.5  90  63  87  -1.563 330.0  30.0  557
 6.225  560.0  90  63  78  -1.563 330.0  30.0  564
 6.225  692.5  90  63  75  -1.563  90.0  30.0  688
 6.225  695.0  90  63  84   1.563  90.0  30.0  693
 6.225  697.5  90  63  72  -1.563  30.0  30.0  690
 6.225  700.0  90  63  75   1.563  90.0  30.0  708
 6.225  760.0  90  63  75  -1.563   0.0   0.0  765
 6.225 1132.5  90  63  72  -1.563  90.0  30.0 1119
 6.225 1137.5  90  63  75  -1.563  90.0  30.0 1123
 6.225 1145.0  90  63  72  -1.563  90.0  30.0 1136
 6.225  245.0 -90  63  90  -1.563   0.0   0.0  252
 6.225  247.5 -90  63  93  -1.563   0.0   0.0  252
 6.225  495.0 -90  63  75  -1.563   0.0   0.0  502
 6.225  497.5 -90  63  75   1.563   0.0   0.0  502
 6.225  557.5 -90  63  75   1.563   0.0   0.0  567
 6.225  692.5 -90  63  75  -1.563  30.0  30.0  688
 6.225  695.0 -90  63  81   1.563  90.0  30.0  705
 6.225  697.5 -90  63  81   1.563  90.0  30.0  708
 6.225  700.0 -90  63  78  -1.563  90.0  30.0  689
 6.250  250.0  90  63  93  -1.563   0.0   0.0  256
 6.250  252.5  90  63  96  -1.563   0.0   0.0  256
 6.250  255.0  90  63  72   1.563   0.0   0.0  257
 6.250  505.0  90  63  78  -1.563   0.0   0.0  510
 6.250  507.5  90  63  81  -1.563   0.0   0.0  511
 6.250  555.0  90  63  75   1.563   0.0   0.0  542
 6.250  557.5  90  63  87   1.563 330.0  30.0  559
 6.250  560.0  90  63  75   1.563 330.0  30.0  574
 6.250  692.5  90  63  75   1.563  90.0  30.0  705
 6.250  695.0  90  63  84   1.563  90.0  30.0  693
 6.250  697.5  90  63  78   1.563  90.0  30.0  699
 6.250  760.0  90  63  72  -1.563   0.0   0.0  763
 6.250  762.5  90  63  72   1.563   0.0   0.0  767
 6.250  915.0  90  63  72  -1.563  90.0  30.0  916
 6.250 1145.0  90  63  72  -1.563  90.0  30.0 1140
 6.250  245.0 -90  63  90  -1.563   0.0   0.0  251
 6.250  247.5 -90  63  93  -1.563   0.0   0.0  251
 6.250  495.0 -90  63  75  -1.563   0.0   0.0  501
 6.250  497.5 -90  63  78  -1.563   0.0   0.0  501
 6.250  557.5 -90  63  78   1.563 330.0  30.0  554
 6.250  560.0 -90  63  72  -1.563   0.0   0.0  559
 6.250  695.0 -90  63  81   1.563  90.0  30.0  698
 6.250  700.0 -90  63  75  -1.563  90.0  30.0  694
 6.250  747.5 -90  63  72   1.563   0.0   0.0  751
 6.275  250.0  90  78 102  -1.563   0.0   0.0  257
 6.275  252.5  90  78 108  -1.563   0.0   0.0  257
 6.275  507.5  90  78  96  -1.563   0.0   0.0  512
 6.275  510.0  90  78  90  -1.563   0.0   0.0  516
 6.275  557.5  90  78  99  -1.563 330.0  30.0  559
 6.275  560.0  90  78  87  -1.563 330.0  30.0  570
 6.275  695.0  90  78  96   1.563  90.0  30.0  696
 6.275  762.5  90  78  87   1.563   0.0   0.0  768
 6.275  245.0 -90  75 102  -1.563   0.0   0.0  252
 6.275  247.5 -90  75 108  -1.563   0.0   0.0  252
 6.275  250.0 -90  75  87   1.563   0.0   0.0  252
 6.275  495.0 -90  75  84   1.563   0.0   0.0  501
 6.275  497.5 -90  75  90  -1.563   0.0   0.0  502
 6.275  557.5 -90  75  87   1.563 330.0  30.0  558
 6.275  560.0 -90  75  84  -1.563 210.0  30.0  565
 6.275  695.0 -90  75  93   1.563  30.0  30.0  698
 6.275  697.5 -90  75  84   1.563  30.0  30.0  705
 6.275  702.5 -90  75  84  -1.563  90.0  30.0  706
 6.300  250.0  90  81  99   1.563   0.0   0.0  257
 6.300  252.5  90  81 108  -1.563   0.0   0.0  257
 6.300  255.0  90  81  93   1.563   0.0   0.0  256
 6.300  507.5  90  81  93   1.563   0.0   0.0  509
 6.300  557.5  90  81  99   1.563 330.0  30.0  556
 6.300  560.0  90  81  90   1.563 210.0  30.0  552
 6.300  695.0  90  81  96   1.563  90.0  30.0  688
 6.300 1152.5  90  81  90  -1.563  90.0  30.0 1147
 6.300  245.0 -90  75  99  -1.563   0.0   0.0  251
 6.300  247.5 -90  75 108  -1.563   0.0   0.0  251
 6.300  250.0 -90  75  93  -1.563   0.0   0.0  252
 6.300  497.5 -90  75  90  -1.563   0.0   0.0  502
 6.300  557.5 -90  75  87  -1.563 210.0  30.0  549
 6.300  695.0 -90  75  87   1.563  90.0  30.0  683
 6.300  697.5 -90  75  84   1.563  90.0  30.0  691
 6.300 1125.0 -90  75  84  -1.563  90.0  30.0 1128
 6.325  250.0  90  78  96  -1.563   0.0   0.0  255
 6.325  252.5  90  78 108  -1.563   0.0   0.0  255
 6.325  255.0  90  78  93  -1.563   0.0   0.0  255
 6.325  557.5  90  78  96   1.563   0.0   0.0  561
 6.325  560.0  90  78  87  -1.563   0.0   0.0  546
 6.325  695.0  90  78  96   1.563  90.0  30.0  693
 6.325  697.5  90  78  87  -1.563  90.0  30.0  709
 6.325  245.0 -90  75  96  -1.563   0.0   0.0  250
 6.325  247.5 -90  75 108  -1.563   0.0   0.0  250
 6.325  250.0 -90  75  93   1.563   0.0   0.0  250
 6.325  497.5 -90  75  87  -1.563   0.0   0.0  501
 6.325  500.0 -90  75  84  -1.563 210.0  30.0  502
 6.325  695.0 -90  75  84   1.563  90.0  30.0  702
 6.325  697.5 -90  75  84   1.563 210.0  30.0  705
 6.325 1125.0 -90  75  84  -1.563  90.0  30.0 1121
 6.350  250.0  90  81  90   1.563   0.0   0.0  258
 6.350  252.5  90  81 108  -1.563   0.0   0.0  257
 6.350  255.0  90  81  99  -1.563   0.0   0.0  258
 6.350  510.0  90  81  90  -1.563   0.0   0.0  515
 6.350  557.5  90  81  96   1.563 330.0  30.0  559
 6.350  695.0  90  81  96  -1.563  90.0  30.0  698
 6.350 1150.0  90  81  90  -1.563  90.0  30.0 1155
 6.350  245.0 -90  78  93   1.563   0.0   0.0  252
 6.350  247.5 -90  78 108  -1.563   0.0   0.0  252
 6.350  250.0 -90  78  96  -1.563   0.0   0.0  252
 6.350  497.5 -90  78  90  -1.563   0.0   0.0  503
 6.350  695.0 -90  78  90   1.563  90.0  30.0  693
 6.375  250.0  90  63  75  -1.563   0.0   0.0  259
 6.375  252.5  90  63  96  -1.563   0.0   0.0  259
 6.375  255.0  90  63  87   1.563   0.0   0.0  259
 6.375  510.0  90  63  81  -1.563   0.0   0.0  516
 6.375  512.5  90  63  72  -1.563   0.0   0.0  515
 6.375  555.0  90  63  72   1.563 330.0  30.0  543
 6.375  557.5  90  63  87   1.563 330.0  30.0  560
 6.375  560.0  90  63  75   1.563 330.0  30.0  570
 6.375  695.0  90  63  81   1.563  90.0  30.0  694
 6.375  697.5  90  63  78   1.563  90.0  30.0  706
 6.375  245.0 -90  63  78   1.563   0.0   0.0  253
 6.375  247.5 -90  63  93  -1.563   0.0   0.0  254
 6.375  250.0 -90  63  84  -1.563   0.0   0.0  254
 6.375  497.5 -90  63  75  -1.563   0.0   0.0  504
 6.375  500.0 -90  63  78   1.563   0.0   0.0  505
 6.375  557.5 -90  63  75  -1.563 330.0  30.0  557
 6.375  560.0 -90  63  72  -1.563 330.0  30.0  572
 6.375  695.0 -90  63  78  -1.563  30.0  30.0  686
 6.375  697.5 -90  63  78   1.563  90.0  30.0  704
 6.375  700.0 -90  63  75   1.563  90.0  30.0  690
 6.375  702.5 -90  63  72   1.563  90.0  30.0  692
 6.375 1132.5 -90  63  72  -1.563 150.0  30.0 1125
 6.400  250.0  90  63  72  -1.563   0.0   0.0  256
 6.400  252.5  90  63  93  -1.563   0.0   0.0  258
 6.400  255.0  90  63  90  -1.563   0.0   0.0  258
 6.400  510.0  90  63  81  -1.563   0.0   0.0  515
 6.400  512.5  90  63  78   1.563   0.0   0.0  515
 6.400  557.5  90  63  87  -1.563 330.0  30.0  559
 6.400  560.0  90  63  78  -1.563 330.0  30.0  548
 6.400  695.0  90  63  81   1.563  90.0  30.0  692
 6.400  697.5  90  63  75   1.563  90.0  30.0  686
 6.400  245.0 -90  63  75   1.563   0.0   0.0  253
 6.400  247.5 -90  63  93  -1.563   0.0   0.0  252
 6.400  250.0 -90  63  87  -1.563   0.0   0.0  252
 6.400  497.5 -90  63  72   1.563   0.0   0.0  505
 6.400  500.0 -90  63  81  -1.563   0.0   0.0  504
 6.400  502.5 -90  63  72   1.563   0.0   0.0  504
 6.400  557.5 -90  63  75  -1.563   0.0   0.0  553
 6.400  695.0 -90  63  81   1.563  90.0  30.0  702
 6.400  697.5 -90  63  75   1.563  90.0  30.0  706
 6.400  702.5 -90  63  78  -1.563  90.0  30.0  697
 6.400  705.0 -90  63  75  -1.563  90.0  30.0  716
 6.425  252.5  90  75 102  -1.563   0.0   0.0  256
 6.425  255.0  90  75 102  -1.563   0.0   0.0  256
 6.425  510.0  90  75  87  -1.563   0.0   0.0  514
 6.425  512.5  90  75  87   1.563   0.0   0.0  513
 6.425  557.5  90  75  96   1.563   0.0   0.0  559
 6.425  560.0  90  75  90   1.563   0.0   0.0  569
 6.425  695.0  90  75  90   1.563 210.0  30.0  688
 6.425  697.5  90  75  93  -1.563  90.0  30.0  693
 6.425  700.0  90  75  84  -1.563   0.0   0.0  715
 6.425 1140.0  90  75  84   1.563 150.0  30.0 1136
 6.425 1155.0  90  75  84  -1.563  90.0  30.0 1143
 6.425 1157.5  90  75  84  -1.563 150.0  30.0 1152
 6.425  247.5 -90  75 105   1.563   0.0   0.0  251
 6.425  250.0 -90  75  99  -1.563   0.0   0.0  251
 6.425  500.0 -90  75  93  -1.563   0.0   0.0  503
 6.425  502.5 -90  75  84   1.563   0.0   0.0  503
 6.425  557.5 -90  75  90   1.563   0.0   0.0  555
 6.425  560.0 -90  75  84   1.563   0.0   0.0  555
 6.425  695.0 -90  75  93  -1.563 210.0  30.0  695
 6.425  697.5 -90  75  90   1.563  90.0  30.0  696
 6.425  700.0 -90  75  84   1.563  90.0  30.0  690
 6.425  702.5 -90  75  84   1.563  90.0  30.0  707
 6.450  252.5  90  78 102   1.563   0.0   0.0  258
 6.450  255.0  90  78 105  -1.563   0.0   0.0  258
 6.450  512.5  90  78  87  -1.563   0.0   0.0  517
 6.450  557.5  90  78  99   1.563 330.0  30.0  556
 6.450  560.0  90  78  90   1.563 330.0  30.0  570
 6.450  695.0  90  78  87   1.563  90.0  30.0  704
 6.450  697.5  90  78  90   1.563  90.0  30.0  692
 6.450  245.0 -90  75  84   1.563   0.0   0.0  249
 6.450  247.5 -90  75 102  -1.563   0.0   0.0  253
 6.450  250.0 -90  75 102  -1.563   0.0   0.0  253
 6.450  500.0 -90  75  93  -1.563   0.0   0.0  505
 6.450  502.5 -90  75  87  -1.563   0.0   0.0  505
 6.450  557.5 -90  75  87  -1.563   0.0   0.0  551
 6.450  560.0 -90  75  84   1.563 330.0  30.0  570
 6.450  695.0 -90  75  93   1.563  90.0  30.0  692
 6.450  697.5 -90  75  93   1.563  90.0  30.0  694
 6.450  897.5 -90  75  84   1.563  30.0  30.0  889
 6.450 1130.0 -90  75  84  -1.563  90.0  30.0 1121
 6.475  252.5  90  72  87  -1.563   0.0   0.0  260
 6.475  255.0  90  72  93  -1.563   0.0   0.0  260
 6.475  557.5  90  72  87  -1.563 330.0  30.0  552
 6.475  247.5 -90  66  90  -1.563   0.0   0.0  254
 6.475  250.0 -90  66  90  -1.563   0.0   0.0  254
 6.475  500.0 -90  66  78   1.563   0.0   0.0  508
 6.475  502.5 -90  66  78   1.563   0.0   0.0  507
 6.475  695.0 -90  66  78   1.563  30.0  30.0  682
 6.475  697.5 -90  66  78   1.563  30.0  30.0  688
 6.500  252.5  90  66  84  -1.563   0.0   0.0  258
 6.500  255.0  90  66  93  -1.563   0.0   0.0  259
 6.500  257.5  90  66  78  -1.563   0.0   0.0  260
 6.500  512.5  90  66  75  -1.563   0.0   0.0  518
 6.500  557.5  90  66  84   1.563 330.0  30.0  561
 6.500  560.0  90  66  75  -1.563 330.0  30.0  569
 6.500  697.5  90  66  81   1.563  90.0  30.0  691
 6.500  247.5 -90  66  90  -1.563   0.0   0.0  253
 6.500  250.0 -90  66  90  -1.563   0.0   0.0  253
 6.500  500.0 -90  66  75  -1.563   0.0   0.0  506
 6.500  502.5 -90  66  78  -1.563   0.0   0.0  506
 6.500  695.0 -90  66  78   1.563  90.0  30.0  701
 6.500  697.5 -90  66  81   1.563  90.0  30.0  703
 6.500  702.5 -90  66  75  -1.563  90.0  30.0  694
 6.525   90.0  90  78  87   4.688 270.0  30.0   90
 6.525  252.5  90  78  93  -1.563   0.0   0.0  258
 6.525  255.0  90  78 105  -1.563   0.0   0.0  258
 6.525  257.5  90  78  93   1.563   0.0   0.0  258
 6.525  512.5  90  78  87   1.563   0.0   0.0  516
 6.525  515.0  90  78  87  -1.563   0.0   0.0  517
 6.525  557.5  90  78  96  -1.563   0.0   0.0  553
 6.525  560.0  90  78  90   1.563   0.0   0.0  567
 6.525  695.0  90  78  87  -1.563 210.0  30.0  692
 6.525  697.5  90  78  93  -1.563  90.0  30.0  696
 6.525  247.5 -90  75  99  -1.563   0.0   0.0  252
 6.525  250.0 -90  75 105  -1.563   0.0   0.0  252
 6.525  252.5 -90  75  84  -1.563   0.0   0.0  253
 6.525  502.5 -90  75  90  -1.563   0.0   0.0  505
 6.525  695.0 -90  75  90   1.563   0.0   0.0  701
 6.525  697.5 -90  75  93   1.563  90.0  30.0  702
 6.550  252.5  90  75  84   1.563   0.0   0.0  261
 6.550  255.0  90  75 105  -1.563   0.0   0.0  260
 6.550  257.5  90  75  96  -1.563   0.0   0.0  260
 6.550  515.0  90  75  84  -1.563 270.0  30.0  518
 6.550  557.5  90  75  96   1.563 330.0  30.0  558
 6.550  560.0  90  75  90   1.563 330.0  30.0  559
 6.550  697.5  90  75  93   1.563  90.0  30.0  699
 6.550  917.5  90  75  84  -1.563  90.0  30.0  919
 6.550 1162.5  90  75  84  -1.563  90.0  30.0 1148
 6.550  247.5 -90  72  96  -1.563   0.0   0.0  254
 6.550  250.0 -90  72 105  -1.563   0.0   0.0  254
 6.550  252.5 -90  72  84   1.563   0.0   0.0  254
 6.550  502.5 -90  72  84  -1.563   0.0   0.0  507
 6.550  695.0 -90  72  90   1.563  90.0  30.0  701
 6.550  697.5 -90  72  96   1.563  90.0  30.0  698
 6.550  700.0 -90  72  81   1.563  90.0  30.0  713
 6.550  705.0 -90  72  81  -1.563  90.0  30.0  706
 6.550  755.0 -90  72  81  -1.563   0.0   0.0  762
 6.550  917.5 -90  72  81   1.563  90.0  30.0  924
 6.550  930.0 -90  72  81  -1.563  90.0  30.0  925
 6.575  255.0  90  75 102  -1.563   0.0   0.0  261
 6.575  257.5  90  75  99  -1.563   0.0   0.0  261
 6.575  515.0  90  75  90  -1.563   0.0   0.0  521
 6.575  517.5  90  75  87  -1.563   0.0   0.0  522
 6.575  557.5  90  75  96   1.563 330.0  30.0  559
 6.575  560.0  90  75  90  -1.563 330.0  30.0  559
 6.575  697.5  90  75  90   1.563  30.0  30.0  686
 6.575  775.0  90  75  84  -1.563   0.0   0.0  780
 6.575  947.5  90  75  84   1.563  30.0  30.0  946
 6.575 1147.5  90  75  84  -1.563  90.0  30.0 1153
 6.575  247.5 -90  72  93   1.563   0.0   0.0  255
 6.575  250.0 -90  72 105  -1.563   0.0   0.0  255
 6.575  252.5 -90  72  90  -1.563   0.0   0.0  255
 6.575  502.5 -90  72  81  -1.563   0.0   0.0  508
 6.575  557.5 -90  72  84   1.563 330.0  30.0  558
 6.575  560.0 -90  72  81   1.563 330.0  30.0  560
 6.575  695.0 -90  72  87   1.563  90.0  30.0  698
 6.575  697.5 -90  72  93   1.563  90.0  30.0  700
 6.575  702.5 -90  72  81  -1.563  90.0  30.0  699
 6.575  757.5 -90  72  81  -1.563   0.0   0.0  761
 6.575 1145.0 -90  72  81  -1.563 330.0  30.0 1158
 6.575 1147.5 -90  72  81  -1.563  90.0  30.0 1149
 6.600  255.0  90  75 102  -1.563   0.0   0.0  260
 6.600  257.5  90  75 102  -1.563   0.0   0.0  260
 6.600  515.0  90  75  90  -1.563   0.0   0.0  520
 6.600  517.5  90  75  90  -1.563   0.0   0.0  520
 6.600  557.5  90  75  96   1.563 330.0  30.0  558
 6.600  560.0  90  75  90   1.563 330.0  30.0  561
 6.600  697.5  90  75  93   1.563  90.0  30.0  701
 6.600  700.0  90  75  84   1.563  30.0  30.0  690
 6.600  775.0  90  75  87  -1.563   0.0   0.0  779
 6.600 1147.5  90  75  84  -1.563  90.0  30.0 1135
 6.600 1160.0  90  75  87  -1.563  90.0  30.0 1162
 6.600  247.5 -90  72  90  -1.563   0.0   0.0  254
 6.600  250.0 -90  72 105  -1.563   0.0   0.0  254
 6.600  252.5 -90  72  93  -1.563   0.0   0.0  254
 6.600  502.5 -90  72  81  -1.563   0.0   0.0  509
 6.600  557.5 -90  72  87   1.563 330.0  30.0  554
 6.600  560.0 -90  72  84   1.563 330.0  30.0  564
 6.600  695.0 -90  72  87  -1.563   0.0   0.0  706
 6.600  697.5 -90  72  96   1.563  90.0  30.0  700
 6.600  700.0 -90  72  87   1.563  90.0  30.0  702
 6.600  702.5 -90  72  87   1.563  90.0  30.0  698
 6.600  907.5 -90  72  81  -1.563  90.0  30.0  920
 6.600 1145.0 -90  72  81  -1.563  90.0  30.0 1148
 6.600 1152.5 -90  72  81  -1.563  90.0  30.0 1147
 6.625  255.0  90  63  90  -1.563   0.0   0.0  259
 6.625  257.5  90  63  93  -1.563   0.0   0.0  259
 6.625  515.0  90  63  78  -1.563   0.0   0.0  518
 6.625  517.5  90  63  78  -1.563   0.0   0.0  518
 6.625  557.5  90  63  87  -1.563 330.0  30.0  556
 6.625  560.0  90  63  81  -1.563 330.0  30.0  558
 6.625  697.5  90  63  78   1.563  90.0  30.0  697
 6.625  700.0  90  63  72   1.563  90.0  30.0  699
 6.625  775.0  90  63  72  -1.563   0.0   0.0  778
 6.625  247.5 -90  60  75   1.563   0.0   0.0  252
 6.625  250.0 -90  60  93  -1.563   0.0   0.0  253
 6.625  252.5 -90  60  84  -1.563   0.0   0.0  253
 6.625  502.5 -90  60  69  -1.563   0.0   0.0  506
 6.625  505.0 -90  60  69   1.563   0.0   0.0  506
 6.625  557.5 -90  60  75   1.563 330.0  30.0  559
 6.625  560.0 -90  60  72   1.563 330.0  30.0  564
 6.625  695.0 -90  60  72   1.563  30.0  30.0  698
 6.625  697.5 -90  60  87   1.563  90.0  30.0  695
 6.625  700.0 -90  60  75   1.563  90.0  30.0  703
 6.625  702.5 -90  60  72  -1.563  90.0  30.0  698
 6.625  705.0 -90  60  69   1.563  90.0  30.0  700
 6.625  907.5 -90  60  69  -1.563  90.0  30.0  908
 6.650  255.0  90  60  87  -1.563   0.0   0.0  261
 6.650  257.5  90  60  93  -1.563   0.0   0.0  261
 6.650  260.0  90  60  75  -1.563   0.0   0.0  263
 6.650  515.0  90  60  72   1.563   0.0   0.0  521
 6.650  517.5  90  60  75  -1.563   0.0   0.0  522
 6.650  520.0  90  60  69   1.563   0.0   0.0  524
 6.650  557.5  90  60  84   1.563 330.0  30.0  559
 6.650  560.0  90  60  78  -1.563 330.0  30.0  563
 6.650  697.5  90  60  75   1.563  90.0  30.0  702
 6.650  700.0  90  60  69  -1.563  30.0  30.0  707
 6.650  947.5  90  60  69  -1.563 330.0  30.0  950
 6.650 1150.0  90  60  69  -1.563  90.0  30.0 1151
 6.650 1155.0  90  60  72  -1.563  90.0  30.0 1154
 6.650  247.5 -90  60  69   1.563   0.0   0.0  255
 6.650  250.0 -90  60  93  -1.563   0.0   0.0  255
 6.650  252.5 -90  60  87  -1.563   0.0   0.0  255
 6.650  505.0 -90  60  75  -1.563   0.0   0.0  509
 6.650  557.5 -90  60  75  -1.563 330.0  30.0  562
 6.650  560.0 -90  60  72   1.563 330.0  30.0  562
 6.650  695.0 -90  60  72   1.563  90.0  30.0  682
 6.650  697.5 -90  60  84   1.563  90.0  30.0  698
 6.650  700.0 -90  60  75  -1.563  90.0  30.0  706
 6.650  757.5 -90  60  69  -1.563   0.0   0.0  762
 6.650  760.0 -90  60  69   1.563   0.0   0.0  764
 6.650  920.0 -90  60  69   1.563  90.0  30.0  925
 6.650  927.5 -90  60  69  -1.563  90.0  30.0  920
 6.675  255.0  90  75  96  -1.563   0.0   0.0  263
 6.675  257.5  90  75 105  -1.563   0.0   0.0  263
 6.675  260.0  90  75  90   1.563   0.0   0.0  262
 6.675  517.5  90  75  93  -1.563   0.0   0.0  524
 6.675  520.0  90  75  90   1.563   0.0   0.0  524
 6.675  557.5  90  75  96   1.563 330.0  30.0  557
 6.675  560.0  90  75  90  -1.563 330.0  30.0  559
 6.675  697.5  90  75  84   1.563  90.0  30.0  710
 6.675 1150.0  90  75  84  -1.563  90.0  30.0 1143
 6.675 1152.5  90  75  84  -1.563  90.0  30.0 1160
 6.675  180.0 -90  72  81   4.688   0.0   0.0  186
 6.675  247.5 -90  72  81   1.563   0.0   0.0  257
 6.675  250.0 -90  72 102  -1.563   0.0   0.0  257
 6.675  252.5 -90  72  99  -1.563   0.0   0.0  256
 6.675  257.5 -90  72  81   1.563  90.0  30.0  262
 6.675  505.0 -90  72  90   1.563   0.0   0.0  511
 6.675  507.5 -90  72  84  -1.563   0.0   0.0  511
 6.675  557.5 -90  72  87   1.563 330.0  30.0  560
 6.675  560.0 -90  72  84   1.563   0.0   0.0  554
 6.675  697.5 -90  72  96   1.563  90.0  30.0  699
 6.675  700.0 -90  72  84   1.563  30.0  30.0  686
 6.675  705.0 -90  72  81   1.563  90.0  30.0  699
 6.675  757.5 -90  72  81  -1.563   0.0   0.0  768
 6.675  760.0 -90  72  87   1.563   0.0   0.0  766
 6.675 1140.0 -90  72  81  -1.563  90.0  30.0 1154
 6.675 1145.0 -90  72  81  -1.563  90.0  30.0 1133
 6.700  255.0  90  75  90  -1.563   0.0   0.0  261
 6.700  257.5  90  75 105  -1.563   0.0   0.0  262
 6.700  260.0  90  75  96  -1.563   0.0   0.0  262
 6.700  517.5  90  75  93  -1.563   0.0   0.0  523
 6.700  520.0  90  75  96   1.563   0.0   0.0  523
 6.700  522.5  90  75  84  -1.563   0.0   0.0  525
 6.700  557.5  90  75  96  -1.563 330.0  30.0  558
 6.700  560.0  90  75  90  -1.563 330.0  30.0  561
 6.700  862.5  90  75  84   1.563 330.0  30.0  864
 6.700 1160.0  90  75  84  -1.563  90.0  30.0 1165
 6.700  250.0 -90  75 102  -1.563   0.0   0.0  255
 6.700  252.5 -90  75 102  -1.563   0.0   0.0  256
 6.700  505.0 -90  75  84   1.563   0.0   0.0  509
 6.700  557.5 -90  75  84  -1.563 330.0  30.0  556
 6.700  697.5 -90  75  96   1.563  90.0  30.0  707
 6.700  700.0 -90  75  90   1.563  90.0  30.0  710
 6.700  705.0 -90  75  87   1.563  90.0  30.0  692
 6.700  760.0 -90  75  87  -1.563   0.0   0.0  765
 6.700  762.5 -90  75  84  -1.563   0.0   0.0  767
 6.700 1137.5 -90  75  84  -1.563 270.0  30.0 1145
 6.725  255.0  90  78  90   1.563   0.0   0.0  261
 6.725  257.5  90  78 108  -1.563   0.0   0.0  261
 6.725  260.0  90  78  99   1.563   0.0   0.0  261
 6.725  517.5  90  78  93   1.563   0.0   0.0  522
 6.725  520.0  90  78  99  -1.563   0.0   0.0  522
 6.725  557.5  90  78  96   1.563 330.0  30.0  557
 6.725  560.0  90  78  90   1.563 330.0  30.0  558
 6.725  700.0  90  78  87   1.563 330.0  30.0  697
 6.725  250.0 -90  75 105  -1.563   0.0   0.0  254
 6.725  252.5 -90  75 105  -1.563   0.0   0.0  255
 6.725  505.0 -90  75  84   1.563   0.0   0.0  511
 6.725  507.5 -90  75  84   1.563   0.0   0.0  508
 6.725  557.5 -90  75  84   1.563 330.0  30.0  567
 6.725  697.5 -90  75  93   1.563  30.0  30.0  712
 6.725  705.0 -90  75  84   1.563  30.0  30.0  692
 6.725  760.0 -90  75  84   1.563   0.0   0.0  763
 6.725  862.5 -90  75  84   1.563 270.0  30.0  873
 6.725  912.5 -90  75  84   1.563  90.0  30.0  902
 6.725 1137.5 -90  75  84  -1.563  90.0  30.0 1139
 6.750  257.5  90  75 105  -1.563   0.0   0.0  263
 6.750  260.0  90  75 102  -1.563   0.0   0.0  263
 6.750  517.5  90  75  84  -1.563   0.0   0.0  524
 6.750  520.0  90  75  99  -1.563   0.0   0.0  524
 6.750  522.5  90  75  90  -1.563   0.0   0.0  525
 6.750  557.5  90  75  96   1.563 330.0  30.0  558
 6.750  560.0  90  75  90   1.563 330.0  30.0  549
 6.750  700.0  90  75  84   1.563 330.0  30.0  697
 6.750  862.5  90  75  84   1.563 330.0  30.0  867
 6.750  250.0 -90  72 102  -1.563   0.0   0.0  256
 6.750  252.5 -90  72 105  -1.563   0.0   0.0  256
 6.750  255.0 -90  72  81   1.563   0.0   0.0  257
 6.750  557.5 -90  72  81   1.563   0.0   0.0  568
 6.750  697.5 -90  72  93   1.563  30.0  30.0  683
 6.750  700.0 -90  72  90   1.563  90.0  30.0  700
 6.750  707.5 -90  72  81  -1.563  90.0  30.0  698
 6.750  930.0 -90  72  84   1.563  90.0  30.0  918
 6.750 1142.5 -90  72  81  -1.563  90.0  30.0 1144
 6.750 1155.0 -90  72  84  -1.563  90.0  30.0 1159
 6.775  257.5  90  75 105  -1.563   0.0   0.0  264
 6.775  260.0  90  75 105  -1.563   0.0   0.0  264
 6.775  520.0  90  75  96  -1.563   0.0   0.0  527
 6.775  522.5  90  75  93  -1.563   0.0   0.0  527
 6.775  557.5  90  75  96   1.563 330.0  30.0  558
 6.775  560.0  90  75  93  -1.563 330.0  30.0  561
 6.775  862.5  90  75  84   1.563 330.0  30.0  867
 6.775  250.0 -90  75  99  -1.563   0.0   0.0  257
 6.775  252.5 -90  75 108  -1.563   0.0   0.0  257
 6.775  255.0 -90  75  87   1.563   0.0   0.0  257
 6.775  697.5 -90  75  93   1.563  90.0  30.0  697
 6.775  700.0 -90  75  93   1.563  90.0  30.0  696
 6.775  705.0 -90  75  84   1.563  90.0  30.0  711
 6.775  762.5 -90  75  84   1.563   0.0   0.0  771
 6.775 1142.5 -90  75  84  -1.563  90.0  30.0 1147
 6.775 1155.0 -90  75  84  -1.563  90.0  30.0 1159
 6.800  257.5  90  75 102  -1.563   0.0   0.0  263
 6.800  260.0  90  75 108  -1.563   0.0   0.0  263
 6.800  520.0  90  75  90  -1.563   0.0   0.0  526
 6.800  522.5  90  75  93  -1.563   0.0   0.0  526
 6.800  557.5  90  75  96   1.563 330.0  30.0  560
 6.800  560.0  90  75  93   1.563 330.0  30.0  561
 6.800  782.5  90  75  84  -1.563   0.0   0.0  791
 6.800  862.5  90  75  84   1.563 330.0  30.0  865
 6.800  930.0  90  75  87  -1.563  90.0  30.0  936
 6.800 1160.0  90  75  87  -1.563  90.0  30.0 1164
 6.800 1170.0  90  75  84  -1.563  90.0  30.0 1171
 6.800 1172.5  90  75  84  -1.563  90.0  30.0 1164
 6.800  250.0 -90  75  99  -1.563   0.0   0.0  257
 6.800  252.5 -90  75 108  -1.563   0.0   0.0  257
 6.800  255.0 -90  75  93   1.563   0.0   0.0  257
 6.800  697.5 -90  75  93   1.563  90.0  30.0  695
 6.800  700.0 -90  75  96   1.563 330.0  30.0  701
 6.800  707.5 -90  75  84  -1.563  90.0  30.0  707
 6.800  762.5 -90  75  84   1.563   0.0   0.0  766
 6.800 1152.5 -90  75  87  -1.563  90.0  30.0 1158
 6.825  257.5  90  75 102  -1.563   0.0   0.0  262
 6.825  260.0  90  75 108  -1.563   0.0   0.0  263
 6.825  262.5  90  75  87   1.563   0.0   0.0  263
 6.825  520.0  90  75  84   1.563   0.0   0.0  526
 6.825  522.5  90  75  96  -1.563   0.0   0.0  525
 6.825  525.0  90  75  87  -1.563   0.0   0.0  525
 6.825  557.5  90  75  96   1.563 330.0  30.0  558
 6.825  560.0  90  75  93   1.563 330.0  30.0  555
 6.825  785.0  90  75  84   1.563   0.0   0.0  790
 6.825  930.0  90  75  84   1.563  30.0  30.0  943
 6.825  937.5  90  75  84   1.563  30.0  30.0  931
 6.825 1157.5  90  75  84  -1.563  90.0  30.0 1154
 6.825 1160.0  90  75  84  -1.563  90.0  30.0 1162
 6.825  250.0 -90  75  96  -1.563   0.0   0.0  255
 6.825  252.5 -90  75 108  -1.563   0.0   0.0  256
 6.825  255.0 -90  75  96   1.563   0.0   0.0  255
 6.825  510.0 -90  75  87  -1.563   0.0   0.0  512
 6.825  697.5 -90  75  93   1.563  90.0  30.0  707
 6.825  700.0 -90  75  96   1.563  90.0  30.0  698
 6.825  702.5 -90  75  87   1.563  90.0  30.0  717
 6.825  705.0 -90  75  84   1.563  30.0  30.0  699
 6.825 1155.0 -90  75  84  -1.563  90.0  30.0 1156
 6.850  257.5  90  72  96  -1.563   0.0   0.0  264
 6.850  260.0  90  72 108  -1.563   0.0   0.0  264
 6.850  262.5  90  72  93  -1.563   0.0   0.0  264
 6.850  522.5  90  72  90  -1.563   0.0   0.0  527
 6.850  525.0  90  72  81  -1.563   0.0   0.0  525
 6.850  557.5  90  72  93  -1.563 330.0  30.0  558
 6.850  560.0  90  72  90  -1.563 330.0  30.0  562
 6.850  705.0  90  72  81   1.563  90.0  30.0  699
 6.850  737.5  90  72  81  -1.563   0.0   0.0  740
 6.850  785.0  90  72  81  -1.563   0.0   0.0  792
 6.850  925.0  90  72  81  -1.563  90.0  30.0  932
 6.850 1170.0  90  72  81  -1.563  90.0  30.0 1156
 6.850 1182.5  90  72  81  -1.563 150.0  30.0 1195
 6.850  250.0 -90  72  90  -1.563   0.0   0.0  256
 6.850  252.5 -90  72 105  -1.563   0.0   0.0  257
 6.850  255.0 -90  72  99  -1.563   0.0   0.0  257
 6.850  507.5 -90  72  81  -1.563   0.0   0.0  514
 6.850  510.0 -90  72  87  -1.563   0.0   0.0  514
 6.850  557.5 -90  72  81   1.563 330.0  30.0  556
 6.850  560.0 -90  72  81  -1.563 330.0  30.0  561
 6.850  697.5 -90  72  90   1.563 330.0  30.0  701
 6.850  700.0 -90  72  96   1.563  90.0  30.0  700
 6.850  707.5 -90  72  81   1.563  90.0  30.0  713
 6.850  765.0 -90  72  81  -1.563   0.0   0.0  769
 6.850  920.0 -90  72  81  -1.563  90.0  30.0  918
 6.850 1142.5 -90  72  81   1.563  90.0  30.0 1157
 6.850 1145.0 -90  72  81  -1.563  90.0  30.0 1157
 6.850 1160.0 -90  72  84  -1.563  90.0  30.0 1157
 6.875  257.5  90  75  93  -1.563   0.0   0.0  266
 6.875  260.0  90  75 108  -1.563   0.0   0.0  266
 6.875  262.5  90  75  99  -1.563   0.0   0.0  266
 6.875  522.5  90  75  84  -1.563   0.0   0.0  529
 6.875  525.0  90  75  87  -1.563   0.0   0.0  531
 6.875  557.5  90  75  93  -1.563 330.0  30.0  557
 6.875  560.0  90  75  93   1.563 330.0  30.0  564
 6.875 1167.5  90  75  84  -1.563  90.0  30.0 1178
 6.875 1175.0  90  75  84  -1.563  90.0  30.0 1175
 6.875  250.0 -90  72  84  -1.563   0.0   0.0  258
 6.875  252.5 -90  72 105  -1.563   0.0   0.0  259
 6.875  255.0 -90  72  99  -1.563   0.0   0.0  259
 6.875  507.5 -90  72  81  -1.563   0.0   0.0  518
 6.875  510.0 -90  72  90  -1.563   0.0   0.0  516
 6.875  557.5 -90  72  84   1.563 330.0  30.0  560
 6.875  560.0 -90  72  81  -1.563 330.0  30.0  562
 6.875  697.5 -90  72  90   1.563  90.0  30.0  701
 6.875  700.0 -90  72  96   1.563  90.0  30.0  704
 6.875  702.5 -90  72  81   1.563  90.0  30.0  711
 6.875  705.0 -90  72  81   1.563  90.0  30.0  703
 6.875  707.5 -90  72  84  -1.563  90.0  30.0  711
 6.875  765.0 -90  72  81   1.563   0.0   0.0  772
 6.875  767.5 -90  72  81  -1.563   0.0   0.0  774
 6.875  927.5 -90  72  81  -1.563  90.0  30.0  930
 6.875 1147.5 -90  72  81  -1.563  90.0  30.0 1144
 6.900  257.5  90  75  87   1.563   0.0   0.0  265
 6.900  260.0  90  75 108  -1.563   0.0   0.0  265
 6.900  262.5  90  75 102  -1.563   0.0   0.0  265
 6.900  525.0  90  75  84  -1.563   0.0   0.0  529
 6.900  557.5  90  75  93  -1.563 330.0  30.0  560
 6.900  560.0  90  75  93  -1.563 330.0  30.0  561
 6.900  930.0  90  75  84  -1.563  90.0  30.0  940
 6.900 1167.5  90  75  84  -1.563  90.0  30.0 1174
 6.900  250.0 -90  72  81  -1.563   0.0   0.0  258
 6.900  252.5 -90  72 105  -1.563   0.0   0.0  258
 6.900  255.0 -90  72 102  -1.563   0.0   0.0  258
 6.900  510.0 -90  72  93   1.563   0.0   0.0  515
 6.900  512.5 -90  72  87   1.563   0.0   0.0  514
 6.900  557.5 -90  72  84   1.563 330.0  30.0  558
 6.900  560.0 -90  72  84   1.563 330.0  30.0  547
 6.900  697.5 -90  72  87   1.563  90.0  30.0  709
 6.900  700.0 -90  72  96   1.563  90.0  30.0  705
 6.900  705.0 -90  72  87   1.563  90.0  30.0  697
 6.900  707.5 -90  72  84  -1.563  90.0  30.0  699
 6.900 1152.5 -90  72  81  -1.563 270.0  30.0 1162
 6.900 1155.0 -90  72  81  -1.563  90.0  30.0 1145
 6.925  257.5  90  75  84   1.563   0.0   0.0  265
 6.925  260.0  90  75 108  -1.563   0.0   0.0  266
 6.925  262.5  90  75 105  -1.563   0.0   0.0  266
 6.925  527.5  90  75  84  -1.563   0.0   0.0  530
 6.925  557.5  90  75  96   1.563 330.0  30.0  559
 6.925  560.0  90  75  93  -1.563 330.0  30.0  563
 6.925  790.0  90  75  90  -1.563   0.0   0.0  795
 6.925  935.0  90  75  84  -1.563  90.0  30.0  928
 6.925  947.5  90  75  84   1.563 330.0  30.0  948
 6.925 1162.5  90  75  84  -1.563  90.0  30.0 1170
 6.925 1170.0  90  75  87  -1.563  90.0  30.0 1174
 6.925  252.5 -90  75 105  -1.563   0.0   0.0  258
 6.925  255.0 -90  75 105  -1.563   0.0   0.0  258
 6.925  510.0 -90  75  93  -1.563   0.0   0.0  516
 6.925  512.5 -90  75  93  -1.563   0.0   0.0  516
 6.925  557.5 -90  75  87   1.563 330.0  30.0  568
 6.925  560.0 -90  75  84   1.563 330.0  30.0  554
 6.925  697.5 -90  75  87   1.563 330.0  30.0  704
 6.925  700.0 -90  75  99  -1.563  90.0  30.0  702
 6.925  702.5 -90  75  87   1.563 330.0  30.0  694
 6.925  705.0 -90  75  84   1.563 330.0  30.0  698
 6.925  915.0 -90  75  84   1.563  90.0  30.0  905
 6.950  260.0  90  75 105  -1.563   0.0   0.0  266
 6.950  262.5  90  75 108  -1.563   0.0   0.0  266
 6.950  265.0  90  75  84   1.563   0.0   0.0  267
 6.950  557.5  90  75  93   1.563 330.0  30.0  557
 6.950  560.0  90  75  90   1.563 330.0  30.0  561
 6.950  252.5 -90  75 105  -1.563   0.0   0.0  258
 6.950  255.0 -90  75 105  -1.563   0.0   0.0  258
 6.950  510.0 -90  75  90  -1.563   0.0   0.0  516
 6.950  512.5 -90  75  96  -1.563   0.0   0.0  516
 6.950  557.5 -90  75  87   1.563 330.0  30.0  546
 6.950  560.0 -90  75  87   1.563 330.0  30.0  554
 6.950  697.5 -90  75  84  -1.563   0.0   0.0  686
 6.950  700.0 -90  75  99   1.563  90.0  30.0  698
 6.950  702.5 -90  75  93  -1.563  90.0  30.0  713
 6.950  705.0 -90  75  84  -1.563  90.0  30.0  715
 6.975  260.0  90  60  90  -1.563   0.0   0.0  265
 6.975  262.5  90  60  96  -1.563   0.0   0.0  265
 6.975  265.0  90  60  78  -1.563   0.0   0.0  265
 6.975  557.5  90  60  78   1.563 330.0  30.0  552
 6.975  560.0  90  60  75  -1.563 330.0  30.0  556
 6.975  705.0  90  60  69   1.563   0.0   0.0  699
 6.975  792.5  90  60  69   1.563   0.0   0.0  797
 6.975  932.5  90  60  69   1.563 210.0  30.0  918
 6.975 1165.0  90  60  69  -1.563  90.0  30.0 1166
 6.975 1172.5  90  60  69  -1.563 270.0  30.0 1181
 6.975  252.5 -90  60  90  -1.563   0.0   0.0  257
 6.975  255.0 -90  60  93  -1.563   0.0   0.0  257
 6.975  257.5 -90  60  72   1.563   0.0   0.0  256
 6.975  510.0 -90  60  72  -1.563   0.0   0.0  515
 6.975  512.5 -90  60  84  -1.563   0.0   0.0  515
 6.975  515.0 -90  60  69  -1.563   0.0   0.0  515
 6.975  557.5 -90  60  72   1.563   0.0   0.0  557
 6.975  560.0 -90  60  72   1.563 330.0  30.0  558
 6.975  697.5 -90  60  72   1.563   0.0   0.0  683
 6.975  700.0 -90  60  84   1.563   0.0   0.0  698
 6.975  702.5 -90  60  78   1.563   0.0   0.0  711
 6.975  705.0 -90  60  69  -1.563 210.0  30.0  717
 6.975  927.5 -90  60  69  -1.563 210.0  30.0  917
 7.000  260.0  90  60  87  -1.563   0.0   0.0  266
 7.000  262.5  90  60  96  -1.563   0.0   0.0  267
 7.000  265.0  90  60  81  -1.563   0.0   0.0  267
 7.000  527.5  90  60  69  -1.563   0.0   0.0  534
 7.000  530.0  90  60  72  -1.563   0.0   0.0  534
 7.000  557.5  90  60  78  -1.563 330.0  30.0  555
 7.000  560.0  90  60  78   1.563 330.0  30.0  558
 7.000  702.5  90  60  69  -1.563  90.0  30.0  703
 7.000  707.5  90  60  69   1.563  90.0  30.0  707
 7.000  792.5  90  60  69  -1.563   0.0   0.0  800
 7.000  795.0  90  60  69  -1.563   0.0   0.0  798
 7.000  862.5  90  60  69   1.563 330.0  30.0  866
 7.000  930.0  90  60  69  -1.563  90.0  30.0  940
 7.000  932.5  90  60  72  -1.563  90.0  30.0  930
 7.000  947.5  90  60  69   1.563 210.0  30.0  948
 7.000 1172.5  90  60  69  -1.563  90.0  30.0 1187
 7.000 1175.0  90  60  69   1.563 270.0  30.0 1164
 7.000 1180.0  90  60  69   1.563  90.0  30.0 1183
 7.000  252.5 -90  60  87  -1.563   0.0   0.0  259
 7.000  255.0 -90  60  96  -1.563   0.0   0.0  259
 7.000  257.5 -90  60  78  -1.563   0.0   0.0  259
 7.000  512.5 -90  60  84  -1.563   0.0   0.0  517
 7.000  515.0 -90  60  72  -1.563   0.0   0.0  517
 7.000  557.5 -90  60  72   1.563 330.0  30.0  558
 7.000  560.0 -90  60  72   1.563 330.0  30.0  555
 7.000  700.0 -90  60  84   1.563 330.0  30.0  700
 7.000  702.5 -90  60  78   1.563 330.0  30.0  704
 7.000  705.0 -90  60  75   1.563  90.0  30.0  714
 7.000  707.5 -90  60  72   1.563  90.0  30.0  694
 7.000  712.5 -90  60  69  -1.563  90.0  30.0  709
 7.000  770.0 -90  60  69  -1.563   0.0   0.0  775
 7.000  772.5 -90  60  69   1.563   0.0   0.0  779
 7.000  922.5 -90  60  72  -1.563  90.0  30.0  914
 7.000  925.0 -90  60  69  -1.563  90.0  30.0  935
 7.000  927.5 -90  60  69  -1.563 150.0  30.0  921
 7.025  260.0  90  60  78  -1.563 210.0  30.0  264
 7.025  262.5  90  60  90  -1.563 210.0  30.0  264
 7.025  265.0  90  60  81  -1.563 210.0  30.0  264
 7.025  557.5  90  60  72  -1.563 210.0  30.0  550
 7.025  560.0  90  60  69   1.563 210.0  30.0  561
 7.025 1167.5  90  60  69  -1.563  90.0  30.0 1165
 7.025  252.5 -90  57  78  -1.563 210.0  30.0  256
 7.025  255.0 -90  57  90  -1.563 210.0  30.0  257
 7.025  257.5 -90  57  75  -1.563 210.0  30.0  257
 7.025  512.5 -90  57  78  -1.563 210.0  30.0  515
 7.025  515.0 -90  57  72  -1.563 210.0  30.0  515
 7.025  557.5 -90  57  66   1.563 270.0  30.0  572
 7.025  560.0 -90  57  69   1.563 270.0  30.0  562
 7.025  700.0 -90  57  75   1.563 210.0  30.0  700
 7.025  702.5 -90  57  69   1.563   0.0   0.0  695
 7.025 1150.0 -90  57  66  -1.563 150.0  30.0 1140
 7.050  260.0  90  54  69   1.563   0.0   0.0  267
 7.050  262.5  90  54  87  -1.563   0.0   0.0  267
 7.050  265.0  90  54  81  -1.563   0.0   0.0  267
 7.050  530.0  90  54  63  -1.563   0.0   0.0  534
 7.050  557.5  90  54  69   1.563 330.0  30.0  562
 7.050  560.0  90  54  66   1.563 330.0  30.0  559
 7.050  702.5  90  54  63  -1.563  90.0  30.0  717
 7.050 1167.5  90  54  66  -1.563  90.0  30.0 1173
 7.050  252.5 -90  54  72  -1.563   0.0   0.0  259
 7.050  255.0 -90  54  84  -1.563   0.0   0.0  260
 7.050  257.5 -90  54  75  -1.563   0.0   0.0  260
 7.050  512.5 -90  54  69  -1.563   0.0   0.0  518
 7.050  515.0 -90  54  75  -1.563   0.0   0.0  519
 7.050  517.5 -90  54  63  -1.563   0.0   0.0  520
 7.050  560.0 -90  54  63   1.563 330.0  30.0  561
 7.050  700.0 -90  54  72   1.563  90.0  30.0  699
 7.050  702.5 -90  54  69  -1.563  90.0  30.0  697
 7.050  925.0 -90  54  63  -1.563  90.0  30.0  925
 7.075  262.5  90  60  84  -1.563   0.0   0.0  267
 7.075  265.0  90  60  81  -1.563   0.0   0.0  267
 7.075  532.5  90  60  69  -1.563   0.0   0.0  535
 7.075  560.0  90  60  69  -1.563 330.0  30.0  558
 7.075  252.5 -90  60  69   1.563   0.0   0.0  260
 7.075  255.0 -90  60  84  -1.563   0.0   0.0  259
 7.075  257.5 -90  60  78  -1.563   0.0   0.0  259
 7.075  515.0 -90  60  75  -1.563   0.0   0.0  519
 7.075  700.0 -90  60  69  -1.563 330.0  30.0  704
 7.075  702.5 -90  60  69   1.563 330.0  30.0  703
 7.100  262.5  90  60  84  -1.563   0.0   0.0  268
 7.100  265.0  90  60  84  -1.563   0.0   0.0  268
 7.100  532.5  90  60  69   1.563   0.0   0.0  536
 7.100  557.5  90  60  69   1.563 330.0  30.0  555
 7.100  560.0  90  60  69   1.563 330.0  30.0  566
 7.100  255.0 -90  57  84  -1.563   0.0   0.0  260
 7.100  257.5 -90  57  78  -1.563   0.0   0.0  260
 7.100  515.0 -90  57  72   1.563   0.0   0.0  520
 7.100  700.0 -90  57  69   1.563 330.0  30.0  706
 7.100  702.5 -90  57  69   1.563 330.0  30.0  703
 7.125  262.5  90  57  81  -1.563   0.0   0.0  268
 7.125  265.0  90  57  84  -1.563   0.0   0.0  268
 7.125  267.5  90  57  66   1.563   0.0   0.0  269
 7.125  532.5  90  57  66  -1.563   0.0   0.0  538
 7.125  557.5  90  57  69  -1.563 330.0  30.0  556
 7.125  560.0  90  57  69   1.563 330.0  30.0  559
 7.125  255.0 -90  57  81  -1.563   0.0   0.0  260
 7.125  257.5 -90  57  81  -1.563   0.0   0.0  260
 7.125  515.0 -90  57  69   1.563   0.0   0.0  519
 7.125  517.5 -90  57  66   1.563   0.0   0.0  520
 7.125  560.0 -90  57  66   1.563 330.0  30.0  561
 7.125  700.0 -90  57  69   1.563 330.0  30.0  712
 7.125  702.5 -90  57  72   1.563 330.0  30.0  703
 7.150  262.5  90  57  78   1.563   0.0   0.0  269
 7.150  265.0  90  57  84  -1.563   0.0   0.0  269
 7.150  267.5  90  57  72   1.563   0.0   0.0  269
 7.150  557.5  90  57  66   1.563 330.0  30.0  556
 7.150  560.0  90  57  66  -1.563 330.0  30.0  552
 7.150 1185.0  90  57  66  -1.563  90.0  30.0 1173
 7.150 1190.0  90  57  66  -1.563  90.0  30.0 1198
 7.150  255.0 -90  57  81  -1.563   0.0   0.0  261
 7.150  257.5 -90  57  81  -1.563   0.0   0.0  261
 7.150  560.0 -90  57  66   1.563 330.0  30.0  558
 7.150  700.0 -90  57  66   1.563  90.0  30.0  704
 7.150  702.5 -90  57  72   1.563 330.0  30.0  704
 7.175  262.5  90  57  72  -1.563   0.0   0.0  269
 7.175  265.0  90  57  84  -1.563   0.0   0.0  268
 7.175  267.5  90  57  75  -1.563   0.0   0.0  269
 7.175  532.5  90  57  66   1.563   0.0   0.0  535
 7.175  557.5  90  57  69   1.563 330.0  30.0  560
 7.175  560.0  90  57  69  -1.563 330.0  30.0  556
 7.175  255.0 -90  54  78  -1.563   0.0   0.0  260
 7.175  257.5 -90  54  84  -1.563   0.0   0.0  260
 7.175  260.0 -90  54  63   1.563   0.0   0.0  261
 7.175  517.5 -90  54  63  -1.563   0.0   0.0  522
 7.175  557.5 -90  54  66   1.563 330.0  30.0  557
 7.175  560.0 -90  54  69  -1.563 330.0  30.0  556
 7.175  700.0 -90  54  66   1.563 330.0  30.0  708
 7.175  702.5 -90  54  69  -1.563 330.0  30.0  701
 7.175  707.5 -90  54  63  -1.563  90.0  30.0  704
 7.200  265.0  90  60  84  -1.563   0.0   0.0  270
 7.200  267.5  90  60  78  -1.563   0.0   0.0  270
 7.200  557.5  90  60  69  -1.563 330.0  30.0  558
 7.200  560.0  90  60  69  -1.563 330.0  30.0  545
 7.200  255.0 -90  57  78  -1.563   0.0   0.0  261
 7.200  257.5 -90  57  84  -1.563   0.0   0.0  262
 7.200  260.0 -90  57  66  -1.563   0.0   0.0  262
 7.200  557.5 -90  57  66  -1.563 330.0  30.0  553
 7.200  560.0 -90  57  72   1.563 330.0  30.0  565
 7.200  702.5 -90  57  69   1.563 330.0  30.0  699
 7.200  705.0 -90  57  66   1.563 330.0  30.0  699
 7.200  707.5 -90  57  66  -1.563  30.0  30.0  718
 7.225  265.0  90  60  84  -1.563   0.0   0.0  270
 7.225  267.5  90  60  81  -1.563   0.0   0.0  271
 7.225  557.5  90  60  69  -1.563 330.0  30.0  561
 7.225  560.0  90  60  69   1.563 330.0  30.0  551
 7.225  255.0 -90  60  72   1.563   0.0   0.0  262
 7.225  257.5 -90  60  84  -1.563   0.0   0.0  262
 7.225  260.0 -90  60  72  -1.563   0.0   0.0  263
 7.225  557.5 -90  60  69   1.563 330.0  30.0  570
 7.225  560.0 -90  60  72   1.563 330.0  30.0  563
 7.225  702.5 -90  60  69   1.563 330.0  30.0  704
 7.250  265.0  90  57  81  -1.563   0.0   0.0  271
 7.250  267.5  90  57  81  -1.563   0.0   0.0  271
 7.250  557.5  90  57  66   1.563 330.0  30.0  568
 7.250  560.0  90  57  66   1.563 330.0  30.0  554
 7.250  255.0 -90  60  69  -1.563   0.0   0.0  264
 7.250  257.5 -90  60  84  -1.563   0.0   0.0  262
 7.250  260.0 -90  60  75   1.563   0.0   0.0  262
 7.250  557.5 -90  60  72   1.563 330.0  30.0  544
 7.250  560.0 -90  60  72  -1.563 330.0  30.0  564
 7.250  702.5 -90  60  72   1.563 330.0  30.0  707
 7.275  265.0  90  54  78  -1.563   0.0   0.0  271
 7.275  267.5  90  54  84  -1.563   0.0   0.0  271
 7.275  270.0  90  54  63  -1.563   0.0   0.0  271
 7.275  537.5  90  54  63  -1.563   0.0   0.0  543
 7.275  557.5  90  54  66   1.563 330.0  30.0  561
 7.275  560.0  90  54  69  -1.563 330.0  30.0  563
 7.275  940.0  90  54  63  -1.563  90.0  30.0  939
 7.275 1187.5  90  54  63  -1.563  90.0  30.0 1190
 7.275 1195.0  90  54  63  -1.563  90.0  30.0 1197
 7.275  255.0 -90  57  66   1.563   0.0   0.0  262
 7.275  257.5 -90  57  84  -1.563   0.0   0.0  262
 7.275  260.0 -90  57  75  -1.563   0.0   0.0  263
 7.275  520.0 -90  57  66  -1.563   0.0   0.0  524
 7.275  557.5 -90  57  69  -1.563 330.0  30.0  571
 7.275  560.0 -90  57  75  -1.563 330.0  30.0  567
 7.275  702.5 -90  57  69   1.563 330.0  30.0  699
 7.300  265.0  90  54  75  -1.563   0.0   0.0  272
 7.300  267.5  90  54  84  -1.563   0.0   0.0  271
 7.300  270.0  90  54  69  -1.563   0.0   0.0  272
 7.300  537.5  90  54  63  -1.563   0.0   0.0  540
 7.300  557.5  90  54  66   1.563 330.0  30.0  557
 7.300  560.0  90  54  69  -1.563 330.0  30.0  558
 7.300 1197.5  90  54  63   1.563  90.0  30.0 1206
 7.300  257.5 -90  54  81  -1.563   0.0   0.0  262
 7.300  260.0 -90  54  78  -1.563   0.0   0.0  263
 7.300  520.0 -90  54  69  -1.563   0.0   0.0  524
 7.300  557.5 -90  54  66   1.563 330.0  30.0  549
 7.300  560.0 -90  54  72   1.563 330.0  30.0  559
 7.300  702.5 -90  54  66   1.563 330.0  30.0  714
 7.300  705.0 -90  54  63  -1.563 330.0  30.0  695
 7.300  707.5 -90  54  63   1.563  90.0  30.0  714
 7.325  267.5  90  63  84   1.563   0.0   0.0  273
 7.325  270.0  90  63  72   1.563   0.0   0.0  273
 7.325  257.5 -90  60  81  -1.563   0.0   0.0  264
 7.325  260.0 -90  60  78  -1.563   0.0   0.0  264
 7.325  520.0 -90  60  69  -1.563   0.0   0.0  527
 7.325  557.5 -90  60  69  -1.563 330.0  30.0  549
 7.325  560.0 -90  60  72   1.563 330.0  30.0  555
 7.325 1282.5 -90  60  69   4.688  30.0  30.0 1277
 7.350  267.5  90  60  81  -1.563   0.0   0.0  272
 7.350  270.0  90  60  78  -1.563   0.0   0.0  273
 7.350  560.0  90  60  69   1.563 330.0  30.0  560
 7.350 1197.5  90  60  69  -1.563  90.0  30.0 1190
 7.350  257.5 -90  60  78  -1.563   0.0   0.0  263
 7.350  260.0 -90  60  81  -1.563   0.0   0.0  263
 7.350  522.5 -90  60  69  -1.563   0.0   0.0  526
 7.350  560.0 -90  60  72  -1.563 330.0  30.0  560
 7.375  267.5  90  57  81  -1.563   0.0   0.0  273
 7.375  270.0  90  57  81  -1.563   0.0   0.0  273
 7.375  542.5  90  57  66   1.563   0.0   0.0  544
 7.375  557.5  90  57  66  -1.563 330.0  30.0  557
 7.375  560.0  90  57  69   1.563 330.0  30.0  557
 7.375  257.5 -90  54  78  -1.563   0.0   0.0  263
 7.375  260.0 -90  54  81  -1.563   0.0   0.0  263
 7.375  262.5 -90  54  63  -1.563   0.0   0.0  263
 7.375  520.0 -90  54  63  -1.563   0.0   0.0  526
 7.375  522.5 -90  54  72   1.563   0.0   0.0  526
 7.375  557.5 -90  54  63   1.563 330.0  30.0  568
 7.375  560.0 -90  54  72   1.563 330.0  30.0  560
 7.375  702.5 -90  54  66   1.563 330.0  30.0  702
 7.375  705.0 -90  54  69  -1.563 330.0  30.0  705
 7.400  267.5  90  51  78  -1.563   0.0   0.0  274
 7.400  270.0  90  51  81  -1.563   0.0   0.0  273
 7.400  540.0  90  51  63   1.563   0.0   0.0  546
 7.400  542.5  90  51  60   1.563   0.0   0.0  545
 7.400  557.5  90  51  66  -1.563 330.0  30.0  567
 7.400  560.0  90  51  69  -1.563 330.0  30.0  557
 7.400  860.0  90  51  60   1.563 330.0  30.0  866
 7.400  947.5  90  51  60  -1.563 150.0  30.0  951
 7.400  950.0  90  51  60   1.563  90.0  30.0  948
 7.400 1185.0  90  51  60  -1.563  90.0  30.0 1188
 7.400 1187.5  90  51  60  -1.563  90.0  30.0 1186
 7.400 1190.0  90  51  60  -1.563  90.0  30.0 1185
 7.400  257.5 -90  51  72   1.563   0.0   0.0  264
 7.400  260.0 -90  51  81  -1.563   0.0   0.0  264
 7.400  262.5 -90  51  66  -1.563   0.0   0.0  264
 7.400  522.5 -90  51  69   1.563   0.0   0.0  528
 7.400  525.0 -90  51  63   1.563   0.0   0.0  528
 7.400  557.5 -90  51  63  -1.563 330.0  30.0  547
 7.400  560.0 -90  51  72   1.563 330.0  30.0  564
 7.400  702.5 -90  51  66  -1.563 330.0  30.0  692
 7.400  705.0 -90  51  69   1.563 330.0  30.0  706
 7.400 1170.0 -90  51  63  -1.563  90.0  30.0 1176
 7.425  267.5  90  51  75  -1.563   0.0   0.0  274
 7.425  270.0  90  51  81  -1.563   0.0   0.0  274
 7.425  272.5  90  51  60  -1.563   0.0   0.0  272
 7.425  542.5  90  51  60  -1.563   0.0   0.0  546
 7.425  557.5  90  51  63  -1.563 330.0  30.0  562
 7.425  560.0  90  51  69   1.563 330.0  30.0  560
 7.425  947.5  90  51  60  -1.563 210.0  30.0  953
 7.425  950.0  90  51  63  -1.563  90.0  30.0  939
 7.425 1187.5  90  51  60  -1.563  90.0  30.0 1175
 7.425 1197.5  90  51  60  -1.563 270.0  30.0 1205
 7.425 1200.0  90  51  63  -1.563  90.0  30.0 1211
 7.425 1202.5  90  51  63  -1.563  90.0  30.0 1188
 7.425  257.5 -90  54  69  -1.563   0.0   0.0  264
 7.425  260.0 -90  54  81  -1.563   0.0   0.0  264
 7.425  262.5 -90  54  69  -1.563   0.0   0.0  263
 7.425  522.5 -90  54  66  -1.563   0.0   0.0  528
 7.425  525.0 -90  54  66  -1.563   0.0   0.0  529
 7.425  557.5 -90  54  63   1.563 330.0  30.0  544
 7.425  560.0 -90  54  72   1.563 330.0  30.0  565
 7.425  705.0 -90  54  66  -1.563 330.0  30.0  705
 7.450  267.5  90  54  69   1.563   0.0   0.0  274
 7.450  270.0  90  54  81  -1.563   0.0   0.0  274
 7.450  272.5  90  54  69  -1.563   0.0   0.0  275
 7.450  542.5  90  54  63   1.563   0.0   0.0  550
 7.450  557.5  90  54  66   1.563 330.0  30.0  561
 7.450  560.0  90  54  69   1.563 330.0  30.0  559
 7.450  257.5 -90  54  66  -1.563   0.0   0.0  264
 7.450  260.0 -90  54  81  -1.563   0.0   0.0  264
 7.450  262.5 -90  54  75  -1.563   0.0   0.0  265
 7.450  522.5 -90  54  63   1.563   0.0   0.0  528
 7.450  525.0 -90  54  66  -1.563   0.0   0.0  528
 7.450  557.5 -90  54  63   1.563 330.0  30.0  560
 7.450  560.0 -90  54  69   1.563 330.0  30.0  561
 7.450  705.0 -90  54  66  -1.563 330.0  30.0  706
 7.450  710.0 -90  54  63  -1.563  90.0  30.0  711
 7.475  270.0  90  57  81  -1.563   0.0   0.0  275
 7.475  272.5  90  57  75  -1.563   0.0   0.0  275
 7.475  545.0  90  57  66  -1.563   0.0   0.0  549
 7.475  560.0  90  57  72   1.563 330.0  30.0  560
 7.475  257.5 -90  57  66  -1.563   0.0   0.0  263
 7.475  260.0 -90  57  81  -1.563   0.0   0.0  265
 7.475  262.5 -90  57  78   1.563   0.0   0.0  265
 7.475  525.0 -90  57  66  -1.563   0.0   0.0  529
 7.475  560.0 -90  57  69   1.563 330.0  30.0  563
 7.475  705.0 -90  57  66   1.563 330.0  30.0  700
 7.500  270.0  90  60  81  -1.563   0.0   0.0  276
 7.500  272.5  90  60  78  -1.563   0.0   0.0  275
 7.500  560.0  90  60  72   1.563 330.0  30.0  565
 7.500  260.0 -90  63  81   1.563   0.0   0.0  266
 7.500  262.5 -90  63  78   1.563   0.0   0.0  265
 7.500  560.0 -90  63  72   1.563 330.0  30.0  559
 7.525  270.0  90  60  78   1.563   0.0   0.0  276
 7.525  272.5  90  60  81  -1.563   0.0   0.0  276
 7.525  545.0  90  60  69  -1.563   0.0   0.0  550
 7.525  560.0  90  60  69   1.563 330.0  30.0  557
 7.525  260.0 -90  60  78  -1.563   0.0   0.0  266
 7.525  262.5 -90  60  81  -1.563   0.0   0.0  266
 7.525  560.0 -90  60  72  -1.563 330.0  30.0  553
 7.550  270.0  90  54  75  -1.563   0.0   0.0  276
 7.550  272.5  90  54  81  -1.563   0.0   0.0  276
 7.550  275.0  90  54  66   1.563   0.0   0.0  276
 7.550  545.0  90  54  63   1.563   0.0   0.0  554
 7.550  547.5  90  54  69  -1.563   0.0   0.0  551
 7.550  557.5  90  54  63  -1.563 330.0  30.0  548
 7.550  560.0  90  54  72  -1.563 330.0  30.0  560
 7.550  260.0 -90  54  78  -1.563   0.0   0.0  266
 7.550  262.5 -90  54  81  -1.563   0.0   0.0  266
 7.550  265.0 -90  54  66  -1.563   0.0   0.0  266
 7.550  525.0 -90  54  63  -1.563   0.0   0.0  529
 7.550  527.5 -90  54  63  -1.563   0.0   0.0  530
 7.550  557.5 -90  54  66  -1.563 330.0  30.0  544
 7.550  560.0 -90  54  72   1.563 330.0  30.0  561
 7.550  705.0 -90  54  66   1.563 330.0  30.0  706
 7.575  270.0  90  54  72  -1.563   0.0   0.0  277
 7.575  272.5  90  54  81  -1.563   0.0   0.0  277
 7.575  275.0  90  54  69  -1.563   0.0   0.0  277
 7.575  547.5  90  54  66  -1.563   0.0   0.0  553
 7.575  550.0  90  54  66  -1.563   0.0   0.0  553
 7.575  557.5  90  54  63   1.563 330.0  30.0  544
 7.575  560.0  90  54  72   1.563 330.0  30.0  563
 7.575  260.0 -90  54  72   1.563   0.0   0.0  266
 7.575  262.5 -90  54  81  -1.563   0.0   0.0  266
 7.575  265.0 -90  54  63   1.563   0.0   0.0  266
 7.575  527.5 -90  54  69  -1.563   0.0   0.0  533
 7.575  530.0 -90  54  66   1.563   0.0   0.0  534
 7.575  557.5 -90  54  63  -1.563 330.0  30.0  567
 7.575  560.0 -90  54  75   1.563 330.0  30.0  562
 7.575  705.0 -90  54  66   1.563 330.0  30.0  692
 7.575  707.5 -90  54  63   1.563 330.0  30.0  709
 7.600  270.0  90  51  66  -1.563   0.0   0.0  277
 7.600  272.5  90  51  81  -1.563   0.0   0.0  277
 7.600  275.0  90  51  75  -1.563   0.0   0.0  277
 7.600  547.5  90  51  60   1.563   0.0   0.0  552
 7.600  550.0  90  51  63   1.563   0.0   0.0  554
 7.600  557.5  90  51  63   1.563 330.0  30.0  562
 7.600  560.0  90  51  72  -1.563 330.0  30.0  563
 7.600 1200.0  90  51  60  -1.563  90.0  30.0 1202
 7.600 1202.5  90  51  60  -1.563  90.0  30.0 1201
 7.600  260.0 -90  51  69  -1.563   0.0   0.0  266
 7.600  262.5 -90  51  81  -1.563   0.0   0.0  267
 7.600  265.0 -90  51  69  -1.563   0.0   0.0  267
 7.600  527.5 -90  51  69  -1.563   0.0   0.0  533
 7.600  530.0 -90  51  66  -1.563   0.0   0.0  533
 7.600  557.5 -90  51  63   1.563 330.0  30.0  571
 7.600  560.0 -90  51  75   1.563 330.0  30.0  560
 7.600  562.5 -90  51  60   1.563 330.0  30.0  576
 7.600  705.0 -90  51  63   1.563 330.0  30.0  708
 7.600  707.5 -90  51  63   1.563 330.0  30.0  709
 7.600 1175.0 -90  51  60  -1.563  90.0  30.0 1173
 7.600 1177.5 -90  51  60  -1.563  90.0  30.0 1174
 7.625  270.0  90  51  60  -1.563   0.0   0.0  276
 7.625  272.5  90  51  81  -1.563   0.0   0.0  278
 7.625  275.0  90  51  78  -1.563   0.0   0.0  278
 7.625  550.0  90  51  63  -1.563   0.0   0.0  554
 7.625  557.5  90  51  63   1.563 330.0  30.0  569
 7.625  560.0  90  51  72   1.563 330.0  30.0  564
 7.625 1205.0  90  51  60  -1.563  90.0  30.0 1217
 7.625  260.0 -90  51  66  -1.563   0.0   0.0  267
 7.625  262.5 -90  51  81  -1.563   0.0   0.0  268
 7.625  265.0 -90  51  72  -1.563   0.0   0.0  267
 7.625  527.5 -90  51  63  -1.563   0.0   0.0  534
 7.625  530.0 -90  51  69  -1.563   0.0   0.0  534
 7.625  557.5 -90  51  63   1.563 330.0  30.0  543
 7.625  560.0 -90  51  75   1.563 330.0  30.0  560
 7.625  562.5 -90  51  60   1.563 330.0  30.0  575
 7.625  705.0 -90  51  60   1.563 330.0  30.0  715
 7.625  707.5 -90  51  63   1.563 330.0  30.0  710
 7.625  795.0 -90  51  60  -1.563   0.0   0.0  801
 7.625  965.0 -90  51  60  -1.563 330.0  30.0  962
 7.625 1182.5 -90  51  60  -1.563  90.0  30.0 1190
 7.650  272.5  90  51  78  -1.563   0.0   0.0  278
 7.650  275.0  90  51  81  -1.563   0.0   0.0  278
 7.650  550.0  90  51  60  -1.563   0.0   0.0  555
 7.650  557.5  90  51  60   1.563 330.0  30.0  547
 7.650  560.0  90  51  72  -1.563 330.0  30.0  559
 7.650  715.0  90  51  60   1.563  90.0  30.0  715
 7.650  950.0  90  51  60  -1.563 330.0  30.0  953
 7.650  952.5  90  51  60  -1.563  90.0  30.0  951
 7.650 1202.5  90  51  60   1.563  90.0  30.0 1206
 7.650 1212.5  90  51  60  -1.563  90.0  30.0 1216
 7.650 1217.5  90  51  60  -1.563  90.0  30.0 1214
 7.650  262.5 -90  51  81  -1.563   0.0   0.0  268
 7.650  265.0 -90  51  75  -1.563   0.0   0.0  268
 7.650  527.5 -90  51  60   1.563   0.0   0.0  532
 7.650  530.0 -90  51  72  -1.563   0.0   0.0  535
 7.650  532.5 -90  51  60  -1.563   0.0   0.0  537
 7.650  557.5 -90  51  63  -1.563 330.0  30.0  569
 7.650  560.0 -90  51  75   1.563 330.0  30.0  559
 7.650  562.5 -90  51  63  -1.563 330.0  30.0  577
 7.650  710.0 -90  51  60  -1.563  90.0  30.0  705
 7.675  272.5  90  51  75  -1.563   0.0   0.0  279
 7.675  275.0  90  51  81  -1.563   0.0   0.0  279
 7.675  277.5  90  51  60   1.563   0.0   0.0  279
 7.675  552.5  90  51  60  -1.563   0.0   0.0  557
 7.675  557.5  90  51  60   1.563 330.0  30.0  557
 7.675  560.0  90  51  72   1.563 330.0  30.0  562
 7.675  562.5  90  51  60  -1.563 330.0  30.0  572
 7.675  710.0  90  51  60   1.563 330.0  30.0  707
 7.675  952.5  90  51  63  -1.563  90.0  30.0  947
 7.675 1210.0  90  51  60  -1.563  90.0  30.0 1217
 7.675 1215.0  90  51  63  -1.563  90.0  30.0 1229
 7.675 1217.5  90  51  63  -1.563  90.0  30.0 1229
 7.675  262.5 -90  51  78  -1.563   0.0   0.0  268
 7.675  265.0 -90  51  78  -1.563   0.0   0.0  268
 7.675  530.0 -90  51  72  -1.563   0.0   0.0  535
 7.675  532.5 -90  51  66  -1.563   0.0   0.0  536
 7.675  557.5 -90  51  63   1.563 330.0  30.0  570
 7.675  560.0 -90  51  75   1.563 330.0  30.0  560
 7.675  562.5 -90  51  60  -1.563 330.0  30.0  575
 7.675 1177.5 -90  51  60  -1.563  90.0  30.0 1172
 7.700  272.5  90  51  69   1.563   0.0   0.0  279
 7.700  275.0  90  51  81  -1.563   0.0   0.0  279
 7.700  277.5  90  51  66  -1.563   0.0   0.0  279
 7.700  552.5  90  51  60  -1.563   0.0   0.0  557
 7.700  560.0  90  51  69  -1.563 330.0  30.0  562
 7.700  955.0  90  51  60   1.563  30.0  30.0  942
 7.700  957.5  90  51  60  -1.563  90.0  30.0  955
 7.700 1207.5  90  51  60  -1.563  90.0  30.0 1211
 7.700  262.5 -90  51  78  -1.563   0.0   0.0  268
 7.700  265.0 -90  51  78  -1.563   0.0   0.0  268
 7.700  530.0 -90  51  72  -1.563   0.0   0.0  536
 7.700  532.5 -90  51  72  -1.563   0.0   0.0  536
 7.700  557.5 -90  51  63   1.563 330.0  30.0  571
 7.700  560.0 -90  51  75   1.563 330.0  30.0  560
 7.700  562.5 -90  51  60  -1.563 330.0  30.0  575
 7.700  707.5 -90  51  63   1.563 330.0  30.0  710
 7.700 1177.5 -90  51  60  -1.563 270.0  30.0 1177
 7.700 1180.0 -90  51  60  -1.563  90.0  30.0 1179
 7.725  272.5  90  51  66   1.563   0.0   0.0  279
 7.725  275.0  90  51  81  -1.563   0.0   0.0  280
 7.725  277.5  90  51  72  -1.563   0.0   0.0  280
 7.725  557.5  90  51  60   1.563 330.0  30.0  545
 7.725  560.0  90  51  69   1.563 330.0  30.0  561
 7.725  955.0  90  51  60   1.563  90.0  30.0  953
 7.725  262.5 -90  51  75   1.563   0.0   0.0  268
 7.725  265.0 -90  51  78  -1.563   0.0   0.0  268
 7.725  530.0 -90  51  66   1.563   0.0   0.0  537
 7.725  532.5 -90  51  75  -1.563   0.0   0.0  537
 7.725  557.5 -90  51  63  -1.563 330.0  30.0  545
 7.725  560.0 -90  51  75   1.563 330.0  30.0  560
 7.725  562.5 -90  51  60  -1.563 330.0  30.0  574
 7.725  707.5 -90  51  63   1.563 330.0  30.0  702
 7.725  710.0 -90  51  63   1.563 330.0  30.0  697
 7.725  957.5 -90  51  60   1.563  30.0  30.0  961
 7.750  275.0  90  51  78  -1.563   0.0   0.0  280
 7.750  277.5  90  51  75  -1.563   0.0   0.0  280
 7.750  560.0  90  51  69  -1.563 330.0  30.0  560
 7.750  950.0  90  51  60   1.563 330.0  30.0  951
 7.750  262.5 -90  51  69  -1.563   0.0   0.0  269
 7.750  265.0 -90  51  78  -1.563   0.0   0.0  269
 7.750  267.5 -90  51  60   1.563   0.0   0.0  269
 7.750  530.0 -90  51  60  -1.563   0.0   0.0  537
 7.750  532.5 -90  51  75  -1.563   0.0   0.0  537
 7.750  535.0 -90  51  66  -1.563   0.0   0.0  538
 7.750  557.5 -90  51  63   1.563 330.0  30.0  544
 7.750  560.0 -90  51  75   1.563 330.0  30.0  561
 7.750  562.5 -90  51  60   1.563 330.0  30.0  571
 7.750  707.5 -90  51  63   1.563 330.0  30.0  712
 7.750  710.0 -90  51  60  -1.563  30.0  30.0  719
 7.750  947.5 -90  51  60   1.563  30.0  30.0  948
 7.775  275.0  90  63  87  -1.563   0.0   0.0  281
 7.775  277.5  90  63  90  -1.563   0.0   0.0  282
 7.775  557.5  90  63  72  -1.563   0.0   0.0  560
 7.775  560.0  90  63  81  -1.563 330.0  30.0  559
 7.775  947.5  90  63  72   1.563 330.0  30.0  955
 7.775  970.0  90  63  72  -1.563  90.0  30.0  967
 7.775 1210.0  90  63  72  -1.563  90.0  30.0 1212
 7.775  262.5 -90  63  78  -1.563   0.0   0.0  270
 7.775  265.0 -90  63  93  -1.563   0.0   0.0  270
 7.775  267.5 -90  63  78  -1.563   0.0   0.0  270
 7.775  532.5 -90  63  84  -1.563   0.0   0.0  539
 7.775  535.0 -90  63  84  -1.563   0.0   0.0  540
 7.775  557.5 -90  63  72  -1.563 330.0  30.0  545
 7.775  560.0 -90  63  87   1.563 330.0  30.0  562
 7.775  562.5 -90  63  75  -1.563 330.0  30.0  573
 7.800  275.0  90  63  84  -1.563   0.0   0.0  281
 7.800  277.5  90  63  90  -1.563   0.0   0.0  281
 7.800  280.0  90  63  75   1.563   0.0   0.0  282
 7.800  557.5  90  63  72   1.563   0.0   0.0  561
 7.800  560.0  90  63  78  -1.563 330.0  30.0  555
 7.800  710.0  90  63  72   1.563 330.0  30.0  703
 7.800  950.0  90  63  75   1.563 330.0  30.0  953
 7.800 1212.5  90  63  72  -1.563  90.0  30.0 1221
 7.800  265.0 -90  63  90  -1.563   0.0   0.0  270
 7.800  267.5 -90  63  84  -1.563   0.0   0.0  270
 7.800  532.5 -90  63  78  -1.563   0.0   0.0  539
 7.800  535.0 -90  63  84  -1.563   0.0   0.0  539
 7.800  557.5 -90  63  72   1.563 330.0  30.0  544
 7.800  560.0 -90  63  87   1.563 330.0  30.0  561
 7.800  562.5 -90  63  75  -1.563 330.0  30.0  573
 7.800 1197.5 -90  63  72  -1.563  90.0  30.0 1211
 7.825  275.0  90  51  66   1.563   0.0   0.0  282
 7.825  277.5  90  51  81  -1.563   0.0   0.0  282
 7.825  280.0  90  51  69  -1.563   0.0   0.0  282
 7.825  560.0  90  51  63   1.563 330.0  30.0  547
 7.825  710.0  90  51  63  -1.563 330.0  30.0  720
 7.825  712.5  90  51  60   1.563 330.0  30.0  702
 7.825  860.0  90  51  60   1.563 330.0  30.0  865
 7.825  950.0  90  51  60   1.563 330.0  30.0  954
 7.825 1215.0  90  51  60  -1.563  90.0  30.0 1200
 7.825  265.0 -90  51  78  -1.563   0.0   0.0  270
 7.825  267.5 -90  51  75  -1.563   0.0   0.0  270
 7.825  532.5 -90  51  60  -1.563   0.0   0.0  540
 7.825  535.0 -90  51  75  -1.563   0.0   0.0  539
 7.825  537.5 -90  51  60  -1.563   0.0   0.0  539
 7.825  557.5 -90  51  60   1.563 270.0  30.0  544
 7.825  560.0 -90  51  75   1.563 330.0  30.0  560
 7.825  562.5 -90  51  60   1.563 330.0  30.0  569
 7.825  710.0 -90  51  63   1.563 330.0  30.0  712
 7.850  277.5  90  51  78  -1.563   0.0   0.0  282
 7.850  280.0  90  51  72  -1.563   0.0   0.0  283
 7.850  560.0  90  51  63  -1.563 330.0  30.0  553
 7.850  710.0  90  51  63   1.563 330.0  30.0  721
 7.850  712.5  90  51  60  -1.563 330.0  30.0  710
 7.850 1107.5  90  51  60  -4.688 330.0  30.0 1098
 7.850 1117.5  90  51  60  -1.563 150.0  30.0 1120
 7.850 1215.0  90  51  60  -1.563  90.0  30.0 1218
 7.850  265.0 -90  51  75  -1.563   0.0   0.0  271
 7.850  267.5 -90  51  75  -1.563   0.0   0.0  271
 7.850  535.0 -90  51  72   1.563   0.0   0.0  540
 7.850  537.5 -90  51  72  -1.563   0.0   0.0  541
 7.850  557.5 -90  51  60  -1.563 330.0  30.0  543
 7.850  560.0 -90  51  75   1.563 330.0  30.0  559
 7.850  562.5 -90  51  63  -1.563 330.0  30.0  573
 7.850  710.0 -90  51  60  -1.563 330.0  30.0  719
 7.850  720.0 -90  51  60  -1.563 330.0  30.0  720
 7.850  722.5 -90  51  60   1.563 330.0  30.0  732
 7.850  727.5 -90  51  60   1.563 330.0  30.0  720
 7.850  730.0 -90  51  60  -4.688 330.0  30.0  743
 7.850  732.5 -90  51  60  -1.563   0.0   0.0  732
 7.850  735.0 -90  51  60  -4.688 270.0  30.0  738
 7.850  757.5 -90  51  60  -1.563 330.0  30.0  747
 7.875  277.5  90  63  87  -1.563   0.0   0.0  283
 7.875  280.0  90  63  87  -1.563   0.0   0.0  283
 7.875  560.0  90  63  72  -1.563 330.0  30.0  569
 7.875  710.0  90  63  72   1.563 330.0  30.0  714
 7.875  712.5  90  63  72   1.563 330.0  30.0  715
 7.875  265.0 -90  63  87  -1.563   0.0   0.0  271
 7.875  267.5 -90  63  90  -1.563   0.0   0.0  271
 7.875  535.0 -90  63  81  -1.563   0.0   0.0  543
 7.875  537.5 -90  63  87  -1.563   0.0   0.0  542
 7.875  540.0 -90  63  72   1.563 330.0  30.0  553
 7.875  557.5 -90  63  72   1.563 330.0  30.0  545
 7.875  560.0 -90  63  87   1.563 330.0  30.0  559
 7.875  562.5 -90  63  75   1.563 330.0  30.0  577
 7.900  277.5  90  63  84  -1.563   0.0   0.0  283
 7.900  280.0  90  63  90  -1.563   0.0   0.0  284
 7.900  282.5  90  63  72   1.563   0.0   0.0  286
 7.900  560.0  90  63  72   1.563 330.0  30.0  559
 7.900  712.5  90  63  75   1.563 330.0  30.0  710
 7.900  265.0 -90  63  81  -1.563   0.0   0.0  271
 7.900  267.5 -90  63  90  -1.563   0.0   0.0  271
 7.900  535.0 -90  63  72  -1.563   0.0   0.0  542
 7.900  537.5 -90  63  84  -1.563   0.0   0.0  542
 7.900  540.0 -90  63  72   1.563   0.0   0.0  543
 7.900  560.0 -90  63  84   1.563 330.0  30.0  559
 7.900  562.5 -90  63  75  -1.563 330.0  30.0  573
 7.925  277.5  90  63  81   1.563   0.0   0.0  283
 7.925  280.0  90  63  90  -1.563   0.0   0.0  284
 7.925  282.5  90  63  75  -1.563   0.0   0.0  284
 7.925  562.5  90  63  72  -1.563   0.0   0.0  566
 7.925  712.5  90  63  75   1.563 330.0  30.0  714
 7.925  265.0 -90  63  78  -1.563   0.0   0.0  271
 7.925  267.5 -90  63  90  -1.563   0.0   0.0  272
 7.925  270.0 -90  63  75  -1.563   0.0   0.0  272
 7.925  537.5 -90  63  81  -1.563   0.0   0.0  542
 7.925  540.0 -90  63  78  -1.563   0.0   0.0  542
 7.925  560.0 -90  63  84   1.563 330.0  30.0  560
 7.925  562.5 -90  63  78   1.563 330.0  30.0  566
 7.950  277.5  90  63  72  -1.563   0.0   0.0  284
 7.950  280.0  90  63  90  -1.563   0.0   0.0  285
 7.950  282.5  90  63  81   1.563   0.0   0.0  285
 7.950  712.5  90  63  75   1.563 330.0  30.0  712
 7.950 1220.0  90  63  72   1.563  90.0  30.0 1220
 7.950 1232.5  90  63  72   1.563  90.0  30.0 1240
 7.950  265.0 -90  63  72  -1.563   0.0   0.0  272
 7.950  267.5 -90  63  90  -1.563   0.0   0.0  272
 7.950  270.0 -90  63  81  -1.563   0.0   0.0  272
 7.950  537.5 -90  63  75  -1.563   0.0   0.0  544
 7.950  540.0 -90  63  78  -1.563   0.0   0.0  543
 7.950  560.0 -90  63  84   1.563 330.0  30.0  561
 7.950  562.5 -90  63  75  -1.563 330.0  30.0  548
 7.975  280.0  90  63  87  -1.563   0.0   0.0  285
 7.975  282.5  90  63  84  -1.563   0.0   0.0  285
 7.975  712.5  90  63  75   1.563 330.0  30.0  711
 7.975  715.0  90  63  72   1.563 330.0  30.0  712
 7.975  267.5 -90  60  90  -1.563   0.0   0.0  272
 7.975  270.0 -90  60  84  -1.563   0.0   0.0  273
 7.975  537.5 -90  60  69  -1.563   0.0   0.0  544
 7.975  540.0 -90  60  81  -1.563   0.0   0.0  545
 7.975  560.0 -90  60  84   1.563 330.0  30.0  560
 7.975  562.5 -90  60  78  -1.563 330.0  30.0  575
 7.975  712.5 -90  60  69  -1.563 330.0  30.0  705
 7.975  952.5 -90  60  69  -1.563 330.0  30.0  957
 7.975 1205.0 -90  60  72  -1.563  90.0  30.0 1210
 7.975 1207.5 -90  60  72  -1.563  90.0  30.0 1211
 8.000  280.0  90  63  84   1.563   0.0   0.0  286
 8.000  282.5  90  63  87  -1.563   0.0   0.0  286
 8.000  712.5  90  63  75   1.563 330.0  30.0  711
 8.000  715.0  90  63  72  -1.563 330.0  30.0  711
 8.000  720.0  90  63  72   1.563 330.0  30.0  725
 8.000 1225.0  90  63  72  -1.563  90.0  30.0 1239
 8.000  267.5 -90  60  87  -1.563   0.0   0.0  273
 8.000  270.0 -90  60  87  -1.563   0.0   0.0  273
 8.000  540.0 -90  60  78  -1.563   0.0   0.0  544
 8.000  542.5 -90  60  75   1.563   0.0   0.0  545
 8.000  560.0 -90  60  84   1.563 330.0  30.0  563
 8.000  562.5 -90  60  75   1.563 330.0  30.0  576
 8.000  710.0 -90  60  69   1.563 330.0  30.0  719
 8.000  712.5 -90  60  69  -1.563 330.0  30.0  714
 8.000  955.0 -90  60  69  -1.563  30.0  30.0  943
 8.000 1207.5 -90  60  69  -1.563  90.0  30.0 1195
 8.000 1210.0 -90  60  69  -1.563  90.0  30.0 1217
 8.025  280.0  90  63  81  -1.563   0.0   0.0  286
 8.025  282.5  90  63  87  -1.563   0.0   0.0  286
 8.025  285.0  90  63  72  -1.563   0.0   0.0  285
 8.025  567.5  90  63  72   1.563   0.0   0.0  572
 8.025  712.5  90  63  78   1.563 330.0  30.0  713
 8.025  715.0  90  63  75  -1.563 330.0  30.0  718
 8.025  967.5  90  63  72  -1.563  30.0  30.0  962
 8.025  267.5 -90  63  84  -1.563   0.0   0.0  273
 8.025  270.0 -90  63  87  -1.563   0.0   0.0  273
 8.025  540.0 -90  63  75  -1.563   0.0   0.0  545
 8.025  542.5 -90  63  81  -1.563   0.0   0.0  546
 8.025  560.0 -90  63  84   1.563 330.0  30.0  562
 8.025  562.5 -90  63  75   1.563 330.0  30.0  565
 8.050  280.0  90  60  75   1.563   0.0   0.0  287
 8.050  282.5  90  60  87  -1.563   0.0   0.0  287
 8.050  285.0  90  60  78  -1.563   0.0   0.0  287
 8.050  560.0  90  60  69   1.563 330.0  30.0  561
 8.050  567.5  90  60  69  -1.563   0.0   0.0  575
 8.050  712.5  90  60  75   1.563 330.0  30.0  702
 8.050  715.0  90  60  78   1.563 330.0  30.0  720
 8.050  717.5  90  60  69   1.563  30.0  30.0  711
 8.050  720.0  90  60  69  -1.563   0.0   0.0  735
 8.050 1227.5  90  60  72  -1.563  90.0  30.0 1227
 8.050 1232.5  90  60  72  -1.563 150.0  30.0 1232
 8.050  267.5 -90  60  81  -1.563   0.0   0.0  274
 8.050  270.0 -90  60  87  -1.563   0.0   0.0  274
 8.050  542.5 -90  60  81  -1.563   0.0   0.0  547
 8.050  560.0 -90  60  81   1.563 330.0  30.0  559
 8.050  562.5 -90  60  75  -1.563 330.0  30.0  567
 8.050  710.0 -90  60  69   1.563 330.0  30.0  700
 8.050 1200.0 -90  60  69  -1.563  90.0  30.0 1202
 8.050 1210.0 -90  60  69  -1.563  90.0  30.0 1214
 8.075  280.0  90  60  69   1.563   0.0   0.0  286
 8.075  282.5  90  60  87  -1.563   0.0   0.0  288
 8.075  285.0  90  60  84  -1.563   0.0   0.0  288
 8.075  560.0  90  60  72   1.563 330.0  30.0  563
 8.075  570.0  90  60  69  -1.563   0.0   0.0  574
 8.075  712.5  90  60  72  -1.563 330.0  30.0  720
 8.075  715.0  90  60  75  -1.563 330.0  30.0  723
 8.075  720.0  90  60  69   1.563  90.0  30.0  734
 8.075  722.5  90  60  69   1.563 330.0  30.0  719
 8.075  975.0  90  60  69  -1.563 330.0  30.0  983
 8.075 1227.5  90  60  69  -1.563  90.0  30.0 1217
 8.075 1230.0  90  60  72  -1.563  90.0  30.0 1221
 8.075 1232.5  90  60  69  -1.563 150.0  30.0 1230
 8.075  267.5 -90  60  78  -1.563   0.0   0.0  274
 8.075  270.0 -90  60  87  -1.563   0.0   0.0  274
 8.075  272.5 -90  60  75  -1.563   0.0   0.0  274
 8.075  542.5 -90  60  78  -1.563   0.0   0.0  547
 8.075  545.0 -90  60  72  -1.563   0.0   0.0  548
 8.075  560.0 -90  60  81  -1.563 330.0  30.0  558
 8.075  562.5 -90  60  75  -1.563 330.0  30.0  565
 8.075  710.0 -90  60  69   1.563 330.0  30.0  720
 8.075  715.0 -90  60  69   1.563 330.0  30.0  709
 8.075 1197.5 -90  60  69  -1.563  90.0  30.0 1183
 8.075 1200.0 -90  60  69  -1.563  90.0  30.0 1213
 8.075 1212.5 -90  60  69  -1.563  90.0  30.0 1203
 8.100  282.5  90  60  84  -1.563   0.0   0.0  288
 8.100  285.0  90  60  87  -1.563   0.0   0.0  288
 8.100  560.0  90  60  72  -1.563 330.0  30.0  567
 8.100  715.0  90  60  69   1.563 330.0  30.0  713
 8.100  720.0  90  60  69   1.563 330.0  30.0  728
 8.100  725.0  90  60  69  -1.563 330.0  30.0  732
 8.100  967.5  90  60  69  -1.563  90.0  30.0  970
 8.100  267.5 -90  60  69   1.563   0.0   0.0  274
 8.100  270.0 -90  60  87  -1.563   0.0   0.0  275
 8.100  272.5 -90  60  78   1.563   0.0   0.0  275
 8.100  542.5 -90  60  75  -1.563   0.0   0.0  548
 8.100  545.0 -90  60  78  -1.563   0.0   0.0  549
 8.100  560.0 -90  60  81   1.563 330.0  30.0  562
 8.100  562.5 -90  60  75   1.563 330.0  30.0  560
 8.100  710.0 -90  60  69   1.563 330.0  30.0  704
 8.100  712.5 -90  60  72  -1.563 330.0  30.0  719
 8.125  282.5  90  60  81  -1.563   0.0   0.0  289
 8.125  285.0  90  60  87  -1.563   0.0   0.0  289
 8.125  287.5  90  60  69   1.563   0.0   0.0  288
 8.125  560.0  90  60  72   1.563 330.0  30.0  558
 8.125  715.0  90  60  69  -1.563 330.0  30.0  703
 8.125  725.0  90  60  72  -1.563 330.0  30.0  729
 8.125  967.5  90  60  69  -1.563 150.0  30.0  970
 8.125 1235.0  90  60  69  -1.563  90.0  30.0 1237
 8.125 1237.5  90  60  69  -1.563  90.0  30.0 1230
 8.125  270.0 -90  60  87   1.563   0.0   0.0  275
 8.125  272.5 -90  60  81  -1.563   0.0   0.0  275
 8.125  542.5 -90  60  69  -1.563   0.0   0.0  547
 8.125  545.0 -90  60  81  -1.563   0.0   0.0  549
 8.125  547.5 -90  60  69   1.563   0.0   0.0  549
 8.125  560.0 -90  60  81   1.563 330.0  30.0  562
 8.125  562.5 -90  60  75   1.563 330.0  30.0  563
 8.125  712.5 -90  60  69   1.563 330.0  30.0  718
 8.125  957.5 -90  60  69  -1.563 210.0  30.0  960
 8.150  282.5  90  60  75  -1.563   0.0   0.0  289
 8.150  285.0  90  60  87  -1.563   0.0   0.0  290
 8.150  287.5  90  60  78  -1.563   0.0   0.0  290
 8.150  560.0  90  60  72  -1.563 330.0  30.0  552
 8.150  562.5  90  60  69  -1.563 330.0  30.0  574
 8.150  575.0  90  60  69  -1.563   0.0   0.0  579
 8.150  715.0  90  60  69   1.563 330.0  30.0  718
 8.150  725.0  90  60  69   1.563 330.0  30.0  717
 8.150  990.0  90  60  69   1.563  30.0  30.0  998
 8.150 1235.0  90  60  72  -1.563  90.0  30.0 1229
 8.150 1237.5  90  60  72  -1.563 150.0  30.0 1242
 8.150 1240.0  90  60  69  -1.563 150.0  30.0 1248
 8.150 1250.0  90  60  69  -1.563  90.0  30.0 1236
 8.150 1252.5  90  60  69   1.563  90.0  30.0 1263
 8.150  270.0 -90  60  84  -1.563   0.0   0.0  276
 8.150  272.5 -90  60  84  -1.563   0.0   0.0  276
 8.150  545.0 -90  60  78  -1.563   0.0   0.0  550
 8.150  547.5 -90  60  75  -1.563   0.0   0.0  551
 8.150  560.0 -90  60  81   1.563 330.0  30.0  561
 8.150  562.5 -90  60  75  -1.563 330.0  30.0  564
 8.150  710.0 -90  60  69   1.563 330.0  30.0  720
 8.150  712.5 -90  60  72   1.563 330.0  30.0  721
 8.150  957.5 -90  60  69  -1.563  90.0  30.0  966
 8.175  285.0  90  69  87  -1.563   0.0   0.0  290
 8.175  287.5  90  69  81  -1.563   0.0   0.0  290
 8.175  510.0  90  69  78  -1.563  90.0  30.0  498
 8.175  515.0  90  69  78   4.688  90.0  30.0  519
 8.175  520.0  90  69  78  -1.563  90.0  30.0  514
 8.175  522.5  90  69  78  -4.688  90.0  30.0  517
 8.175  527.5  90  69  78   1.563  90.0  30.0  530
 8.175  637.5  90  69  78  -4.688  90.0  30.0  645
 8.175  640.0  90  69  78   4.688  90.0  30.0  640
 8.175  722.5  90  69  78   1.563 210.0  30.0  708
 8.175  730.0  90  69  84   1.563 210.0  30.0  721
 8.175  735.0  90  69  84   4.688 210.0  30.0  720
 8.175  737.5  90  69  81   1.563 210.0  30.0  735
 8.175  740.0  90  69  78  -1.563 210.0  30.0  738
 8.175  742.5  90  69  84   1.563 210.0  30.0  737
 8.175  745.0  90  69  78   4.688 210.0  30.0  733
 8.175  747.5  90  69  84  -4.688 210.0  30.0  742
 8.175  750.0  90  69  87   4.688 210.0  30.0  749
 8.175  755.0  90  69  84   1.563 210.0  30.0  742
 8.175  757.5  90  69  81  -1.563 210.0  30.0  755
 8.175  760.0  90  69  81   1.563 210.0  30.0  754
 8.175  762.5  90  69  84   1.563 210.0  30.0  771
 8.175  767.5  90  69  81  -1.563 210.0  30.0  759
 8.175  770.0  90  69  78   4.688 210.0  30.0  767
 8.175  775.0  90  69  78  -4.688 210.0  30.0  765
 8.175  790.0  90  69  78  -4.688 210.0  30.0  803
 8.175  792.5  90  69  81  -4.688 210.0  30.0  779
 8.175  795.0  90  69  78  -4.688 210.0  30.0  790
 8.175  797.5  90  69  81  -4.688 210.0  30.0  802
 8.175  800.0  90  69  81   4.688 210.0  30.0  813
 8.175  802.5  90  69  78   4.688 210.0  30.0  807
 8.175  805.0  90  69  81   1.563 210.0  30.0  806
 8.175  807.5  90  69  78  -1.563 210.0  30.0  813
 8.175  810.0  90  69  81  -1.563 210.0  30.0  817
 8.175  812.5  90  69  81   4.688 210.0  30.0  820
 8.175  815.0  90  69  78   4.688 210.0  30.0  827
 8.175  817.5  90  69  78   4.688 210.0  30.0  819
 8.175  822.5  90  69  78  -1.563 210.0  30.0  820
 8.175  827.5  90  69  78  -4.688 210.0  30.0  822
 8.175  837.5  90  69  78   1.563 210.0  30.0  833
 8.175  840.0  90  69  78  -1.563 210.0  30.0  845
 8.175  842.5  90  69  78   1.563 210.0  30.0  855
 8.175  847.5  90  69  78   1.563 210.0  30.0  847
 8.175  850.0  90  69  81  -1.563 210.0  30.0  864
 8.175  852.5  90  69  81   4.688 210.0  30.0  855
 8.175  855.0  90  69  81  -1.563 210.0  30.0  861
 8.175  857.5  90  69  81   1.563 210.0  30.0  852
 8.175  860.0  90  69  84   1.563 210.0  30.0  862
 8.175  862.5  90  69  81  -4.688 210.0  30.0  870
 8.175  865.0  90  69  84   1.563 210.0  30.0  866
 8.175  867.5  90  69  84   1.563 210.0  30.0  880
 8.175  870.0  90  69  84  -1.563 210.0  30.0  862
 8.175  872.5  90  69  84   1.563 210.0  30.0  880
 8.175  875.0  90  69  84   4.688 210.0  30.0  876
 8.175  877.5  90  69  84   4.688 210.0  30.0  885
 8.175  880.0  90  69  84   1.563 210.0  30.0  885
 8.175  882.5  90  69  84  -1.563 210.0  30.0  880
 8.175  885.0  90  69  84   4.688 210.0  30.0  889
 8.175  887.5  90  69  84  -4.688 210.0  30.0  877
 8.175  890.0  90  69  81  -1.563 210.0  30.0  896
 8.175  892.5  90  69  81   4.688 210.0  30.0  901
 8.175  895.0  90  69  81   1.563 210.0  30.0  889
 8.175  897.5  90  69  81   4.688 210.0  30.0  912
 8.175  900.0  90  69  81   4.688 210.0  30.0  913
 8.175  902.5  90  69  81   1.563 210.0  30.0  898
 8.175  905.0  90  69  78   4.688 210.0  30.0  919
 8.175  907.5  90  69  78  -4.688 210.0  30.0  905
 8.175  912.5  90  69  78   4.688 210.0  30.0  907
 8.175  917.5  90  69  78   1.563 210.0  30.0  910
 8.175  270.0 -90  60  81  -1.563   0.0   0.0  276
 8.175  272.5 -90  60  87  -1.563   0.0   0.0  276
 8.175  275.0 -90  60  69   1.563   0.0   0.0  276
 8.175  545.0 -90  60  75  -1.563   0.0   0.0  553
 8.175  547.5 -90  60  78  -1.563   0.0   0.0  552
 8.175  560.0 -90  60  81   1.563 330.0  30.0  562
 8.175  562.5 -90  60  75  -1.563 330.0  30.0  558
 8.175  712.5 -90  60  75  -1.563 330.0  30.0  704
 8.175  715.0 -90  60  69   1.563 330.0  30.0  729
 8.175  950.0 -90  60  69   1.563 330.0  30.0  954
 8.175  955.0 -90  60  69  -1.563  90.0  30.0  959
 8.175  960.0 -90  60  69   1.563 150.0  30.0  963
 8.200  285.0  90  60  84  -1.563   0.0   0.0  291
 8.200  287.5  90  60  84  -1.563   0.0   0.0  291
 8.200  560.0  90  60  75  -1.563 330.0  30.0  559
 8.200  562.5  90  60  69   1.563 330.0  30.0  566
 8.200  575.0  90  60  72  -1.563   0.0   0.0  580
 8.200  577.5  90  60  72  -1.563   0.0   0.0  582
 8.200  715.0  90  60  75   1.563 330.0  30.0  719
 8.200  717.5  90  60  75  -1.563 330.0  30.0  704
 8.200  720.0  90  60  69  -1.563  90.0  30.0  713
 8.200  722.5  90  60  72   1.563  90.0  30.0  737
 8.200 1240.0  90  60  69  -1.563 150.0  30.0 1240
 8.200 1242.5  90  60  69  -1.563  90.0  30.0 1250
 8.200  270.0 -90  60  78  -1.563   0.0   0.0  276
 8.200  272.5 -90  60  87  -1.563   0.0   0.0  276
 8.200  275.0 -90  60  72  -1.563   0.0   0.0  277
 8.200  547.5 -90  60  78  -1.563   0.0   0.0  553
 8.200  550.0 -90  60  69  -1.563   0.0   0.0  553
 8.200  560.0 -90  60  81  -1.563 330.0  30.0  561
 8.200  562.5 -90  60  78   1.563 330.0  30.0  568
 8.200  712.5 -90  60  72   1.563 330.0  30.0  714
 8.200  957.5 -90  60  69   1.563  30.0  30.0  970
 8.225  285.0  90  60  78  -1.563   0.0   0.0  292
 8.225  287.5  90  60  87  -1.563   0.0   0.0  292
 8.225  290.0  90  60  69  -1.563   0.0   0.0  291
 8.225  560.0  90  60  72  -1.563 330.0  30.0  561
 8.225  562.5  90  60  69  -1.563 330.0  30.0  575
 8.225  577.5  90  60  69   1.563   0.0   0.0  581
 8.225  715.0  90  60  78   1.563 330.0  30.0  719
 8.225  717.5  90  60  78   1.563 330.0  30.0  722
 8.225 1242.5  90  60  69  -1.563  90.0  30.0 1242
 8.225 1245.0  90  60  69  -1.563  90.0  30.0 1243
 8.225  270.0 -90  60  72  -1.563   0.0   0.0  278
 8.225  272.5 -90  60  87  -1.563   0.0   0.0  277
 8.225  275.0 -90  60  75  -1.563   0.0   0.0  277
 8.225  547.5 -90  60  75  -1.563   0.0   0.0  553
 8.225  550.0 -90  60  72  -1.563   0.0   0.0  552
 8.225  560.0 -90  60  81   1.563 330.0  30.0  562
 8.225  562.5 -90  60  78   1.563 330.0  30.0  565
 8.225  712.5 -90  60  69   1.563 330.0  30.0  714
 8.225  715.0 -90  60  72   1.563 330.0  30.0  718
 8.225 1220.0 -90  60  69  -1.563  90.0  30.0 1214
 8.250  285.0  90  60  72  -1.563   0.0   0.0  292
 8.250  287.5  90  60  87  -1.563   0.0   0.0  292
 8.250  290.0  90  60  78  -1.563   0.0   0.0  292
 8.250  560.0  90  60  72   1.563 330.0  30.0  563
 8.250  577.5  90  60  69  -1.563   0.0   0.0  581
 8.250  715.0  90  60  78   1.563 330.0  30.0  717
 8.250  717.5  90  60  81   1.563 330.0  30.0  720
 8.250  720.0  90  60  69   1.563 330.0  30.0  731
 8.250  952.5  90  60  69   1.563 330.0  30.0  956
 8.250 1255.0  90  60  69  -1.563  90.0  30.0 1268
 8.250  270.0 -90  60  69  -1.563  30.0  30.0  284
 8.250  272.5 -90  60  87  -1.563   0.0   0.0  277
 8.250  275.0 -90  60  78  -1.563   0.0   0.0  277
 8.250  547.5 -90  60  69  -1.563   0.0   0.0  554
 8.250  550.0 -90  60  72  -1.563   0.0   0.0  554
 8.250  560.0 -90  60  81   1.563 330.0  30.0  562
 8.250  562.5 -90  60  78   1.563 330.0  30.0  563
 8.250  712.5 -90  60  72   1.563 330.0  30.0  708
 8.250  715.0 -90  60  75   1.563 330.0  30.0  712
 8.275  287.5  90  60  84  -1.563   0.0   0.0  293
 8.275  290.0  90  60  81  -1.563   0.0   0.0  293
 8.275  560.0  90  60  72   1.563 330.0  30.0  557
 8.275  580.0  90  60  69  -1.563   0.0   0.0  584
 8.275  715.0  90  60  75   1.563 330.0  30.0  720
 8.275  717.5  90  60  81   1.563 330.0  30.0  719
 8.275  720.0  90  60  72   1.563 330.0  30.0  711
 8.275  950.0  90  60  69  -1.563 330.0  30.0  955
 8.275  977.5  90  60  72  -1.563 210.0  30.0  975
 8.275  272.5 -90  60  84  -1.563   0.0   0.0  278
 8.275  275.0 -90  60  81  -1.563   0.0   0.0  278
 8.275  550.0 -90  60  78   1.563   0.0   0.0  555
 8.275  552.5 -90  60  72  -1.563   0.0   0.0  555
 8.275  560.0 -90  60  81  -1.563 330.0  30.0  563
 8.275  562.5 -90  60  78  -1.563 330.0  30.0  563
 8.275  712.5 -90  60  72   1.563 330.0  30.0  715
 8.275  715.0 -90  60  75   1.563 330.0  30.0  717
 8.275  957.5 -90  60  69  -1.563 330.0  30.0  959
 8.275 1210.0 -90  60  69  -1.563  90.0  30.0 1209
 8.275 1212.5 -90  60  69  -1.563  90.0  30.0 1209
 8.275 1215.0 -90  60  69  -1.563  90.0  30.0 1217
 8.300  287.5  90  60  81  -1.563   0.0   0.0  293
 8.300  290.0  90  60  87  -1.563   0.0   0.0  293
 8.300  560.0  90  60  72   1.563 330.0  30.0  560
 8.300  562.5  90  60  69   1.563 330.0  30.0  548
 8.300  580.0  90  60  69   1.563   0.0   0.0  586
 8.300  582.5  90  60  69   1.563   0.0   0.0  586
 8.300  715.0  90  60  72   1.563 330.0  30.0  704
 8.300  717.5  90  60  81   1.563 330.0  30.0  721
 8.300  720.0  90  60  72   1.563 330.0  30.0  724
 8.300  725.0  90  60  72   1.563  90.0  30.0  722
 8.300  950.0  90  60  69   1.563 330.0  30.0  954
 8.300  977.5  90  60  69  -1.563  30.0  30.0  992
 8.300  272.5 -90  60  81  -1.563   0.0   0.0  278
 8.300  275.0 -90  60  84  -1.563   0.0   0.0  278
 8.300  550.0 -90  60  75  -1.563   0.0   0.0  557
 8.300  552.5 -90  60  75  -1.563   0.0   0.0  556
 8.300  560.0 -90  60  81  -1.563 330.0  30.0  559
 8.300  562.5 -90  60  78   1.563 330.0  30.0  562
 8.300  712.5 -90  60  72   1.563 330.0  30.0  710
 8.300  715.0 -90  60  75   1.563 330.0  30.0  715
 8.300  957.5 -90  60  69  -1.563  30.0  30.0  963
 8.300  960.0 -90  60  69  -1.563  30.0  30.0  956
 8.300 1215.0 -90  60  69  -1.563  90.0  30.0 1228
 8.300 1225.0 -90  60  72  -1.563  90.0  30.0 1222
 8.325  287.5  90  60  78  -1.563   0.0   0.0  294
 8.325  290.0  90  60  87  -1.563   0.0   0.0  294
 8.325  292.5  90  60  75  -1.563   0.0   0.0  295
 8.325  560.0  90  60  72   1.563 330.0  30.0  559
 8.325  582.5  90  60  69  -1.563   0.0   0.0  584
 8.325  717.5  90  60  78   1.563 330.0  30.0  720
 8.325  722.5  90  60  72   1.563 330.0  30.0  715
 8.325  725.0  90  60  69   1.563 330.0  30.0  715
 8.325  985.0  90  60  69  -1.563  30.0  30.0  999
 8.325 1252.5  90  60  69  -1.563  90.0  30.0 1249
 8.325  272.5 -90  60  78  -1.563   0.0   0.0  279
 8.325  275.0 -90  60  84  -1.563   0.0   0.0  279
 8.325  277.5 -90  60  69   1.563   0.0   0.0  280
 8.325  550.0 -90  60  69  -1.563   0.0   0.0  558
 8.325  552.5 -90  60  78  -1.563   0.0   0.0  558
 8.325  560.0 -90  60  81  -1.563 330.0  30.0  558
 8.325  562.5 -90  60  81   1.563 330.0  30.0  564
 8.325  712.5 -90  60  72   1.563 330.0  30.0  718
 8.325  715.0 -90  60  75   1.563 330.0  30.0  714
 8.325  950.0 -90  60  69  -1.563  90.0  30.0  950
 8.325 1215.0 -90  60  69  -1.563  90.0  30.0 1211
 8.325 1225.0 -90  60  69  -1.563  90.0  30.0 1233
 8.350  287.5  90  60  69   1.563   0.0   0.0  295
 8.350  290.0  90  60  87  -1.563   0.0   0.0  295
 8.350  292.5  90  60  78  -1.563   0.0   0.0  295
 8.350  560.0  90  60  69   1.563 330.0  30.0  562
 8.350  562.5  90  60  69  -1.563 330.0  30.0  570
 8.350  582.5  90  60  69  -1.563  90.0  30.0  586
 8.350  585.0  90  60  69   1.563   0.0   0.0  589
 8.350  717.5  90  60  75   1.563 330.0  30.0  718
 8.350  722.5  90  60  69  -1.563  90.0  30.0  722
 8.350  732.5  90  60  69  -1.563  90.0  30.0  741
 8.350 1250.0  90  60  72  -1.563  90.0  30.0 1251
 8.350 1252.5  90  60  69  -1.563  90.0  30.0 1256
 8.350 1260.0  90  60  69  -1.563  90.0  30.0 1265
 8.350  272.5 -90  60  75  -1.563   0.0   0.0  279
 8.350  275.0 -90  60  87  -1.563   0.0   0.0  279
 8.350  277.5 -90  60  72  -1.563   0.0   0.0  280
 8.350  552.5 -90  60  75  -1.563   0.0   0.0  557
 8.350  555.0 -90  60  72  -1.563   0.0   0.0  556
 8.350  560.0 -90  60  81   1.563 330.0  30.0  559
 8.350  562.5 -90  60  78   1.563 330.0  30.0  560
 8.350  712.5 -90  60  69   1.563 330.0  30.0  719
 8.350  715.0 -90  60  78   1.563 330.0  30.0  719
 8.350  962.5 -90  60  69   1.563  90.0  30.0  958
 8.350  965.0 -90  60  69   1.563 330.0  30.0  962
 8.375  290.0  90  60  84  -1.563   0.0   0.0  296
 8.375  292.5  90  60  84  -1.563   0.0   0.0  295
 8.375  560.0  90  60  72  -1.563 330.0  30.0  562
 8.375  562.5  90  60  69  -1.563 330.0  30.0  563
 8.375  585.0  90  60  69   1.563   0.0   0.0  588
 8.375  717.5  90  60  72   1.563 330.0  30.0  719
 8.375  720.0  90  60  78   1.563 330.0  30.0  718
 8.375  272.5 -90  60  69  -1.563   0.0   0.0  280
 8.375  275.0 -90  60  87  -1.563   0.0   0.0  280
 8.375  277.5 -90  60  78  -1.563   0.0   0.0  280
 8.375  552.5 -90  60  72  -1.563   0.0   0.0  558
 8.375  555.0 -90  60  78  -1.563   0.0   0.0  558
 8.375  560.0 -90  60  81   1.563 330.0  30.0  561
 8.375  562.5 -90  60  81   1.563 330.0  30.0  565
 8.375  712.5 -90  60  69   1.563 330.0  30.0  710
 8.375  715.0 -90  60  78   1.563 330.0  30.0  711
 8.375 1217.5 -90  60  69  -1.563  90.0  30.0 1224
 8.375 1225.0 -90  60  69   1.563  90.0  30.0 1226
 8.400  290.0  90  60  81  -1.563   0.0   0.0  296
 8.400  292.5  90  60  87  -1.563   0.0   0.0  297
 8.400  295.0  90  60  72  -1.563   0.0   0.0  298
 8.400  560.0  90  60  72   1.563 330.0  30.0  550
 8.400  562.5  90  60  69  -1.563 330.0  30.0  559
 8.400  717.5  90  60  75   1.563 330.0  30.0  722
 8.400  720.0  90  60  78   1.563 330.0  30.0  721
 8.400  275.0 -90  60  84  -1.563   0.0   0.0  280
 8.400  277.5 -90  60  81  -1.563   0.0   0.0  280
 8.400  555.0 -90  60  78  -1.563   0.0   0.0  560
 8.400  557.5 -90  60  69   1.563   0.0   0.0  560
 8.400  560.0 -90  60  81  -1.563 330.0  30.0  560
 8.400  562.5 -90  60  81   1.563 330.0  30.0  561
 8.400  715.0 -90  60  75   1.563 330.0  30.0  716
 8.400  717.5 -90  60  72   1.563 330.0  30.0  708
 8.425  290.0  90  60  72   1.563   0.0   0.0  299
 8.425  292.5  90  60  87  -1.563   0.0   0.0  298
 8.425  295.0  90  60  78  -1.563   0.0   0.0  298
 8.425  560.0  90  60  69   1.563 330.0  30.0  559
 8.425  562.5  90  60  69  -1.563 210.0  30.0  569
 8.425  717.5  90  60  75  -1.563 330.0  30.0  715
 8.425  720.0  90  60  81   1.563 330.0  30.0  716
 8.425  725.0  90  60  69   1.563 330.0  30.0  731
 8.425  860.0  90  60  69   1.563 330.0  30.0  861
 8.425  950.0  90  60  69   1.563 330.0  30.0  953
 8.425  957.5  90  60  69   1.563 330.0  30.0  962
 8.425  980.0  90  60  69  -1.563  90.0  30.0  982
 8.425  985.0  90  60  69   1.563 330.0  30.0  990
 8.425  275.0 -90  60  84  -1.563   0.0   0.0  281
 8.425  277.5 -90  60  84  -1.563   0.0   0.0  281
 8.425  555.0 -90  60  72  -1.563   0.0   0.0  564
 8.425  557.5 -90  60  72  -1.563   0.0   0.0  564
 8.425  560.0 -90  60  81   1.563 330.0  30.0  562
 8.425  562.5 -90  60  81   1.563 330.0  30.0  565
 8.425  715.0 -90  60  72  -1.563 330.0  30.0  716
 8.425  717.5 -90  60  69  -1.563 330.0  30.0  705
 8.425  952.5 -90  60  69   1.563 330.0  30.0  956
 8.425  960.0 -90  60  69  -1.563  30.0  30.0  949
 8.425  980.0 -90  60  69  -1.563 330.0  30.0  981
 8.450  292.5  90  60  84  -1.563   0.0   0.0  298
 8.450  295.0  90  60  81  -1.563   0.0   0.0  298
 8.450  560.0  90  60  69  -1.563 330.0  30.0  557
 8.450  717.5  90  60  75   1.563 330.0  30.0  721
 8.450  720.0  90  60  81   1.563 330.0  30.0  719
 8.450  722.5  90  60  69   1.563 330.0  30.0  712
 8.450  275.0 -90  60  81  -1.563   0.0   0.0  281
 8.450  277.5 -90  60  84  -1.563   0.0   0.0  281
 8.450  557.5 -90  60  72  -1.563   0.0   0.0  559
 8.450  560.0 -90  60  81   1.563 330.0  30.0  560
 8.450  562.5 -90  60  81   1.563 330.0  30.0  562
 8.450  717.5 -90  60  69   1.563 330.0  30.0  717
 8.450 1225.0 -90  60  69  -1.563  90.0  30.0 1217
 8.475  292.5  90  63  81  -1.563   0.0   0.0  298
 8.475  295.0  90  63  84  -1.563   0.0   0.0  298
 8.475  717.5  90  63  72   1.563 330.0  30.0  707
 8.475  720.0  90  63  84   1.563 330.0  30.0  720
 8.475  725.0  90  63  72  -1.563 330.0  30.0  729
 8.475  997.5  90  63  72  -4.688 270.0  30.0  997
 8.475 1032.5  90  63  72  -4.688 330.0  30.0 1027
 8.475 1037.5  90  63  72   4.688 270.0  30.0 1051
 8.475  275.0 -90  63  75  -1.563   0.0   0.0  283
 8.475  277.5 -90  63  84  -1.563   0.0   0.0  282
 8.475  280.0 -90  63  72  -1.563   0.0   0.0  280
 8.475  560.0 -90  63  81   1.563 330.0  30.0  558
 8.475  562.5 -90  63  81   1.563 330.0  30.0  562
 8.475  720.0 -90  63  72   1.563 330.0  30.0  720
 8.500  292.5  90  60  72  -1.563   0.0   0.0  298
 8.500  295.0  90  60  84  -1.563   0.0   0.0  299
 8.500  297.5  90  60  72   1.563   0.0   0.0  299
 8.500  560.0  90  60  69   1.563 330.0  30.0  571
 8.500  717.5  90  60  69  -1.563 330.0  30.0  703
 8.500  720.0  90  60  84   1.563 330.0  30.0  724
 8.500  722.5  90  60  75   1.563 330.0  30.0  732
 8.500  725.0  90  60  69  -1.563 330.0  30.0  737
 8.500 1262.5  90  60  69  -1.563 270.0  30.0 1275
 8.500  277.5 -90  63  84  -1.563   0.0   0.0  282
 8.500  280.0 -90  63  75  -1.563   0.0   0.0  282
 8.500  560.0 -90  63  81   1.563 330.0  30.0  558
 8.500  562.5 -90  63  81   1.563 330.0  30.0  563
 8.500  717.5 -90  63  72  -1.563 330.0  30.0  715
 8.500 1227.5 -90  63  72  -1.563  90.0  30.0 1219
 8.525  295.0  90  63  84  -1.563   0.0   0.0  300
 8.525  297.5  90  63  78   1.563   0.0   0.0  301
 8.525  720.0  90  63  84   1.563 330.0  30.0  721
 8.525  722.5  90  63  78   1.563 330.0  30.0  724
 8.525  277.5 -90  63  84  -1.563   0.0   0.0  283
 8.525  280.0 -90  63  78  -1.563   0.0   0.0  283
 8.525  560.0 -90  63  81   1.563 330.0  30.0  552
 8.525  562.5 -90  63  81   1.563 330.0  30.0  563
 8.525  717.5 -90  63  72   1.563 330.0  30.0  722
 8.550  295.0  90  63  78   1.563   0.0   0.0  301
 8.550  297.5  90  63  81  -1.563   0.0   0.0  301
 8.550  720.0  90  63  81   1.563 330.0  30.0  723
 8.550  722.5  90  63  75   1.563 330.0  30.0  722
 8.550  277.5 -90  60  81  -1.563   0.0   0.0  283
 8.550  280.0 -90  60  81  -1.563   0.0   0.0  283
 8.550  560.0 -90  60  81   1.563 330.0  30.0  554
 8.550  562.5 -90  60  81   1.563 330.0  30.0  562
 8.550  717.5 -90  60  72   1.563 330.0  30.0  717
 8.575  295.0  90  60  75  -1.563   0.0   0.0  303
 8.575  297.5  90  60  84  -1.563   0.0   0.0  302
 8.575  300.0  90  60  72  -1.563   0.0   0.0  301
 8.575  720.0  90  60  78   1.563 330.0  30.0  718
 8.575  722.5  90  60  78   1.563 330.0  30.0  709
 8.575  727.5  90  60  69   1.563 330.0  30.0  735
 8.575  277.5 -90  60  81   1.563   0.0   0.0  284
 8.575  280.0 -90  60  84  -1.563   0.0   0.0  284
 8.575  282.5 -90  60  69   1.563   0.0   0.0  285
 8.575  560.0 -90  60  81   1.563 330.0  30.0  556
 8.575  562.5 -90  60  81   1.563 330.0  30.0  555
 8.575  717.5 -90  60  72   1.563 330.0  30.0  720
 8.575  720.0 -90  60  69  -1.563 330.0  30.0  731
 8.575  972.5 -90  60  69  -1.563  30.0  30.0  968
 8.575  975.0 -90  60  69  -1.563  90.0  30.0  985
 8.600  297.5  90  60  84  -1.563   0.0   0.0  302
 8.600  300.0  90  60  78  -1.563   0.0   0.0  303
 8.600  720.0  90  60  75   1.563 330.0  30.0  720
 8.600  722.5  90  60  78   1.563 330.0  30.0  722
 8.600  730.0  90  60  69  -1.563 330.0  30.0  731
 8.600  277.5 -90  60  75  -1.563   0.0   0.0  284
 8.600  280.0 -90  60  87  -1.563   0.0   0.0  284
 8.600  282.5 -90  60  72   1.563   0.0   0.0  284
 8.600  560.0 -90  60  81   1.563 330.0  30.0  560
 8.600  562.5 -90  60  81   1.563 330.0  30.0  562
 8.600  717.5 -90  60  72   1.563 330.0  30.0  722
 8.600  977.5 -90  60  69  -1.563 330.0  30.0  977
 8.625  297.5  90  60  81  -1.563   0.0   0.0  303
 8.625  300.0  90  60  81  -1.563   0.0   0.0  303
 8.625  722.5  90  60  78   1.563 330.0  30.0  723
 8.625  725.0  90  60  69  -1.563 330.0  30.0  737
 8.625  730.0  90  60  69  -1.563  90.0  30.0  723
 8.625  277.5 -90  60  69   1.563   0.0   0.0  284
 8.625  280.0 -90  60  87  -1.563   0.0   0.0  285
 8.625  282.5 -90  60  78  -1.563   0.0   0.0  285
 8.625  560.0 -90  60  78   1.563 330.0  30.0  562
 8.625  562.5 -90  60  84   1.563 330.0  30.0  566
 8.625  717.5 -90  60  69  -1.563 330.0  30.0  715
 8.625 1235.0 -90  60  69  -1.563  90.0  30.0 1238
 8.650  297.5  90  60  75  -1.563   0.0   0.0  303
 8.650  300.0  90  60  84  -1.563   0.0   0.0  304
 8.650  302.5  90  60  69   1.563   0.0   0.0  305
 8.650  720.0  90  60  69  -1.563 330.0  30.0  709
 8.650  722.5  90  60  78  -1.563 330.0  30.0  721
 8.650  725.0  90  60  69   1.563 330.0  30.0  730
 8.650  280.0 -90  60  84  -1.563   0.0   0.0  285
 8.650  282.5 -90  60  81  -1.563   0.0   0.0  285
 8.650  560.0 -90  60  81   1.563 330.0  30.0  561
 8.650  562.5 -90  60  81   1.563 330.0  30.0  561
 8.650  565.0 -90  60  72  -1.563   0.0   0.0  569
 8.650  717.5 -90  60  72   1.563 330.0  30.0  708
 8.650  720.0 -90  60  72  -1.563 330.0  30.0  717
 8.675  300.0  90  60  84  -1.563   0.0   0.0  305
 8.675  302.5  90  60  78  -1.563   0.0   0.0  305
 8.675  722.5  90  60  75   1.563 330.0  30.0  714
 8.675  280.0 -90  60  81  -1.563   0.0   0.0  286
 8.675  282.5 -90  60  84  -1.563   0.0   0.0  286
 8.675  560.0 -90  60  78   1.563 330.0  30.0  562
 8.675  562.5 -90  60  81   1.563 330.0  30.0  565
 8.675  567.5 -90  60  69  -1.563   0.0   0.0  566
 8.675  717.5 -90  60  69   1.563 330.0  30.0  718
 8.675  720.0 -90  60  69  -1.563 330.0  30.0  722
 8.700  300.0  90  60  81  -1.563   0.0   0.0  306
 8.700  302.5  90  60  81  -1.563   0.0   0.0  306
 8.700  562.5  90  60  69  -1.563 330.0  30.0  551
 8.700  722.5  90  60  72   1.563 330.0  30.0  736
 8.700  725.0  90  60  72   1.563 330.0  30.0  726
 8.700  860.0  90  60  69   1.563 330.0  30.0  863
 8.700  952.5  90  60  69   1.563 330.0  30.0  957
 8.700 1282.5  90  60  69  -1.563  90.0  30.0 1288
 8.700  280.0 -90  60  78  -1.563   0.0   0.0  286
 8.700  282.5 -90  60  87  -1.563   0.0   0.0  287
 8.700  560.0 -90  60  78   1.563 330.0  30.0  563
 8.700  562.5 -90  60  81   1.563 330.0  30.0  563
 8.700  720.0 -90  60  75   1.563 330.0  30.0  722
 8.700  722.5 -90  60  69   1.563 330.0  30.0  713
 8.700 1247.5 -90  60  69  -1.563  90.0  30.0 1248
 8.725  300.0  90  57  75  -1.563   0.0   0.0  306
 8.725  302.5  90  57  84  -1.563   0.0   0.0  307
 8.725  305.0  90  57  69  -1.563   0.0   0.0  307
 8.725  560.0  90  57  66  -1.563 330.0  30.0  563
 8.725  562.5  90  57  69   1.563 330.0  30.0  563
 8.725  722.5  90  57  69   1.563 330.0  30.0  717
 8.725  725.0  90  57  75   1.563 330.0  30.0  720
 8.725  727.5  90  57  66  -1.563 330.0  30.0  735
 8.725  730.0  90  57  69  -1.563 330.0  30.0  740
 8.725  732.5  90  57  66   1.563 330.0  30.0  744
 8.725  860.0  90  57  69   1.563 330.0  30.0  863
 8.725 1000.0  90  57  66   1.563  90.0  30.0  991
 8.725  280.0 -90  57  72  -1.563   0.0   0.0  286
 8.725  282.5 -90  57  87  -1.563   0.0   0.0  287
 8.725  285.0 -90  57  75  -1.563   0.0   0.0  287
 8.725  560.0 -90  57  78   1.563 330.0  30.0  561
 8.725  562.5 -90  57  84   1.563 330.0  30.0  562
 8.725  717.5 -90  57  69   1.563 330.0  30.0  705
 8.725  720.0 -90  57  78   1.563 330.0  30.0  726
 8.725  722.5 -90  57  72   1.563 330.0  30.0  732
 8.725  725.0 -90  57  66   1.563 330.0  30.0  740
 8.725  972.5 -90  57  66   1.563  90.0  30.0  963
 8.725  987.5 -90  57  66  -1.563 330.0  30.0  996
 8.725 1245.0 -90  57  66  -1.563  90.0  30.0 1233
 8.725 1247.5 -90  57  69  -1.563  90.0  30.0 1242
 8.725 1255.0 -90  57  66  -1.563  90.0  30.0 1265
 8.725 1257.5 -90  57  66  -1.563  90.0  30.0 1263
 8.750  302.5  90  57  84  -1.563   0.0   0.0  308
 8.750  305.0  90  57  78   1.563   0.0   0.0  308
 8.750  562.5  90  57  69   1.563 330.0  30.0  568
 8.750  722.5  90  57  69  -1.563 330.0  30.0  735
 8.750  725.0  90  57  75   1.563 330.0  30.0  728
 8.750  727.5  90  57  69  -1.563 330.0  30.0  742
 8.750  857.5  90  57  66  -1.563 330.0  30.0  865
 8.750  860.0  90  57  69   1.563 150.0  30.0  861
 8.750  995.0  90  57  66  -1.563  90.0  30.0  988
 8.750  997.5  90  57  66  -1.563 210.0  30.0 1003
 8.750 1010.0  90  57  66  -1.563  90.0  30.0  997
 8.750  280.0 -90  57  66  -1.563   0.0   0.0  288
 8.750  282.5 -90  57  87  -1.563   0.0   0.0  288
 8.750  285.0 -90  57  78  -1.563   0.0   0.0  288
 8.750  560.0 -90  57  78   1.563 330.0  30.0  557
 8.750  562.5 -90  57  84   1.563 330.0  30.0  564
 8.750  570.0 -90  57  66  -1.563   0.0   0.0  575
 8.750  717.5 -90  57  66   1.563 330.0  30.0  710
 8.750  720.0 -90  57  75   1.563 330.0  30.0  726
 8.750  725.0 -90  57  66  -1.563 330.0  30.0  713
 8.750  970.0 -90  57  66   1.563  90.0  30.0  969
 8.750  977.5 -90  57  66  -1.563 330.0  30.0  978
 8.750 1242.5 -90  57  69  -1.563  90.0  30.0 1243
 8.750 1245.0 -90  57  69  -1.563  90.0  30.0 1252
 8.750 1255.0 -90  57  66  -1.563  90.0  30.0 1262
 8.775  302.5  90  57  78  -1.563   0.0   0.0  308
 8.775  305.0  90  57  84  -1.563   0.0   0.0  308
 8.775  562.5  90  57  66   1.563 330.0  30.0  559
 8.775  722.5  90  57  66   1.563 330.0  30.0  715
 8.775  725.0  90  57  75   1.563 330.0  30.0  726
 8.775  857.5  90  57  66  -1.563 330.0  30.0  863
 8.775  860.0  90  57  66   1.563 150.0  30.0  862
 8.775  282.5 -90  57  84  -1.563   0.0   0.0  288
 8.775  285.0 -90  57  84  -1.563   0.0   0.0  288
 8.775  560.0 -90  57  78   1.563 330.0  30.0  557
 8.775  562.5 -90  57  84   1.563 330.0  30.0  563
 8.775  570.0 -90  57  69   1.563   0.0   0.0  575
 8.775  720.0 -90  57  75  -1.563 330.0  30.0  724
 8.775  722.5 -90  57  72  -1.563 330.0  30.0  728
 8.775  725.0 -90  57  69   1.563 330.0  30.0  716
 8.775  972.5 -90  57  69  -1.563  90.0  30.0  969
 8.775 1242.5 -90  57  66  -1.563  90.0  30.0 1242
 8.800  302.5  90  57  72  -1.563   0.0   0.0  309
 8.800  305.0  90  57  84  -1.563   0.0   0.0  310
 8.800  307.5  90  57  72  -1.563   0.0   0.0  309
 8.800  562.5  90  57  69  -1.563 330.0  30.0  557
 8.800  612.5  90  57  66  -1.563   0.0   0.0  617
 8.800  722.5  90  57  66  -1.563 330.0  30.0  716
 8.800  725.0  90  57  75   1.563 330.0  30.0  721
 8.800  730.0  90  57  66   1.563 330.0  30.0  737
 8.800  857.5  90  57  66   1.563 330.0  30.0  864
 8.800  860.0  90  57  66  -1.563 330.0  30.0  864
 8.800  952.5  90  57  69   1.563 330.0  30.0  955
 8.800  282.5 -90  57  81  -1.563   0.0   0.0  289
 8.800  285.0 -90  57  84  -1.563   0.0   0.0  289
 8.800  560.0 -90  57  78   1.563 330.0  30.0  559
 8.800  562.5 -90  57  84   1.563 330.0  30.0  562
 8.800  570.0 -90  57  66  -1.563   0.0   0.0  573
 8.800  572.5 -90  57  69   1.563   0.0   0.0  577
 8.800  720.0 -90  57  75   1.563 330.0  30.0  719
 8.800  722.5 -90  57  75   1.563 330.0  30.0  726
 8.800  725.0 -90  57  69  -1.563 330.0  30.0  724
 8.800  972.5 -90  57  66  -1.563 330.0  30.0  977
 8.800 1250.0 -90  57  66  -1.563  90.0  30.0 1255
 8.800 1260.0 -90  57  66  -1.563  90.0  30.0 1258
 8.825  305.0  90  57  81  -1.563   0.0   0.0  310
 8.825  307.5  90  57  78  -1.563   0.0   0.0  311
 8.825  857.5  90  57  66   1.563 330.0  30.0  862
 8.825  860.0  90  57  69   1.563 330.0  30.0  863
 8.825  950.0  90  57  66  -1.563 330.0  30.0  954
 8.825  952.5  90  57  66   1.563 330.0  30.0  956
 8.825  282.5 -90  57  75  -1.563   0.0   0.0  289
 8.825  285.0 -90  57  87  -1.563   0.0   0.0  289
 8.825  287.5 -90  57  72  -1.563   0.0   0.0  289
 8.825  572.5 -90  57  69  -1.563   0.0   0.0  578
 8.850  305.0  90  57  75  -1.563   0.0   0.0  311
 8.850  307.5  90  57  84  -1.563   0.0   0.0  311
 8.850  310.0  90  57  66  -1.563   0.0   0.0  311
 8.850  617.5  90  57  69  -1.563   0.0   0.0  622
 8.850  857.5  90  57  66   1.563 150.0  30.0  861
 8.850  860.0  90  57  66   1.563 330.0  30.0  864
 8.850  950.0  90  57  66   1.563 330.0  30.0  954
 8.850  952.5  90  57  69   1.563 330.0  30.0  956
 8.850  282.5 -90  57  69  -1.563   0.0   0.0  292
 8.850  285.0 -90  57  87  -1.563   0.0   0.0  290
 8.850  287.5 -90  57  78  -1.563   0.0   0.0  290
 8.850  952.5 -90  57  66   1.563 150.0  30.0  951
 8.875  305.0  90  57  69   1.563   0.0   0.0  312
 8.875  307.5  90  57  84  -1.563   0.0   0.0  312
 8.875  310.0  90  57  75  -1.563   0.0   0.0  313
 8.875  617.5  90  57  69  -1.563   0.0   0.0  623
 8.875  620.0  90  57  69  -1.563   0.0   0.0  624
 8.875  860.0  90  57  66   1.563 330.0  30.0  863
 8.875  952.5  90  57  66  -1.563 330.0  30.0  958
 8.875  957.5  90  57  66   1.563 330.0  30.0  961
 8.875  285.0 -90  57  84  -1.563   0.0   0.0  290
 8.875  287.5 -90  57  84  -1.563   0.0   0.0  291
 8.875  860.0 -90  57  66   1.563 150.0  30.0  866
 8.875  952.5 -90  57  69   1.563 330.0  30.0  955
 8.900  307.5  90  57  81  -1.563   0.0   0.0  313
 8.900  310.0  90  57  81  -1.563   0.0   0.0  313
 8.900  620.0  90  57  69  -1.563   0.0   0.0  626
 8.900  857.5  90  57  66   1.563 330.0  30.0  863
 8.900  860.0  90  57  66   1.563 330.0  30.0  862
 8.900  285.0 -90  57  81  -1.563   0.0   0.0  291
 8.900  287.5 -90  57  84  -1.563   0.0   0.0  291
 8.925  307.5  90  57  72  -1.563   0.0   0.0  314
 8.925  310.0  90  57  84  -1.563   0.0   0.0  314
 8.925  312.5  90  57  72  -1.563   0.0   0.0  315
 8.925  622.5  90  57  66   1.563   0.0   0.0  626
 8.925  857.5  90  57  66  -1.563  90.0  30.0  857
 8.925  860.0  90  57  69   1.563  90.0  30.0  860
 8.925  957.5  90  57  66   1.563 330.0  30.0  962
 8.925  285.0 -90  57  75  -1.563   0.0   0.0  292
 8.925  287.5 -90  57  84  -1.563   0.0   0.0  292
 8.925  290.0 -90  57  69  -1.563   0.0   0.0  293
 8.950  310.0  90  57  81  -1.563   0.0   0.0  315
 8.950  312.5  90  57  78  -1.563   0.0   0.0  315
 8.950  860.0  90  57  66   1.563   0.0   0.0  862
 8.950  955.0  90  57  66   1.563 330.0  30.0  957
 8.950  285.0 -90  57  69  -1.563   0.0   0.0  292
 8.950  287.5 -90  57  84  -1.563   0.0   0.0  292
 8.950  290.0 -90  57  75   1.563   0.0   0.0  292
 8.975  310.0  90  57  75  -1.563   0.0   0.0  316
 8.975  312.5  90  57  81  -1.563   0.0   0.0  317
 8.975  315.0  90  57  66  -1.563   0.0   0.0  318
 8.975  860.0  90  57  66   1.563 330.0  30.0  860
 8.975  287.5 -90  57  84  -1.563   0.0   0.0  293
 8.975  290.0 -90  57  81  -1.563   0.0   0.0  293
 8.975  580.0 -90  57  66  -1.563   0.0   0.0  587
 8.975  582.5 -90  57  66  -1.563  30.0  30.0  596
 9.000  312.5  90  57  81  -1.563   0.0   0.0  317
 9.000  315.0  90  57  75  -1.563   0.0   0.0  318
 9.000  857.5  90  57  66   1.563 330.0  30.0  862
 9.000  952.5  90  57  66   1.563 330.0  30.0  954
 9.000  287.5 -90  57  81  -1.563   0.0   0.0  293
 9.000  290.0 -90  57  81  -1.563   0.0   0.0  293
 9.000  580.0 -90  57  66  -1.563   0.0   0.0  587
 9.000  582.5 -90  57  69   1.563   0.0   0.0  587
 9.025  312.5  90  57  75  -1.563   0.0   0.0  318
 9.025  315.0  90  57  81  -1.563   0.0   0.0  319
 9.025  632.5  90  57  66  -1.563   0.0   0.0  638
 9.025  860.0  90  57  66   1.563 150.0  30.0  863
 9.025  957.5  90  57  66   1.563 330.0  30.0  961
 9.025  287.5 -90  57  75  -1.563   0.0   0.0  294
 9.025  290.0 -90  57  84  -1.563   0.0   0.0  294
 9.025  292.5 -90  57  69  -1.563   0.0   0.0  294
 9.025  582.5 -90  57  72  -1.563   0.0   0.0  588
 9.025  585.0 -90  57  66  -1.563   0.0   0.0  588
 9.025  952.5 -90  57  66   1.563 330.0  30.0  956
 9.050  312.5  90  57  69   1.563   0.0   0.0  320
 9.050  315.0  90  57  81  -1.563   0.0   0.0  320
 9.050  317.5  90  57  72  -1.563   0.0   0.0  321
 9.050  632.5  90  57  69  -1.563   0.0   0.0  638
 9.050  635.0  90  57  66  -1.563   0.0   0.0  640
 9.050  727.5  90  57  69   1.563 330.0  30.0  723
 9.050  730.0  90  57  78   1.563 330.0  30.0  728
 9.050  732.5  90  57  69  -1.563 330.0  30.0  736
 9.050  735.0  90  57  66  -1.563 330.0  30.0  737
 9.050  955.0  90  57  66   1.563 330.0  30.0  960
 9.050  287.5 -90  57  66  -1.563   0.0   0.0  293
 9.050  290.0 -90  57  84  -1.563   0.0   0.0  295
 9.050  292.5 -90  57  75  -1.563   0.0   0.0  295
 9.050  560.0 -90  57  72   1.563 330.0  30.0  569
 9.050  562.5 -90  57  81   1.563 330.0  30.0  563
 9.050  565.0 -90  57  66   1.563 210.0  30.0  578
 9.050  582.5 -90  57  69  -1.563   0.0   0.0  588
 9.050  585.0 -90  57  69  -1.563   0.0   0.0  590
 9.050  722.5 -90  57  69   1.563 330.0  30.0  719
 9.050  725.0 -90  57  75  -1.563 330.0  30.0  721
 9.050  730.0 -90  57  66   1.563 330.0  30.0  731
 9.075  315.0  90  57  78  -1.563   0.0   0.0  321
 9.075  317.5  90  57  81  -1.563   0.0   0.0  321
 9.075  320.0  90  57  66   1.563   0.0   0.0  322
 9.075  635.0  90  57  66  -1.563 330.0  30.0  642
 9.075  727.5  90  57  72  -1.563 330.0  30.0  736
 9.075  730.0  90  57  78   1.563 330.0  30.0  726
 9.075  732.5  90  57  66  -1.563 330.0  30.0  722
 9.075  290.0 -90  57  81  -1.563   0.0   0.0  295
 9.075  292.5 -90  57  81  -1.563   0.0   0.0  296
 9.075  560.0 -90  57  72  -1.563 330.0  30.0  571
 9.075  562.5 -90  57  84   1.563 330.0  30.0  561
 9.075  565.0 -90  57  69  -1.563 330.0  30.0  577
 9.075  585.0 -90  57  69  -1.563   0.0   0.0  589
 9.075  725.0 -90  57  75  -1.563 330.0  30.0  725
 9.075  727.5 -90  57  72   1.563 330.0  30.0  720
 9.100  315.0  90  60  69   1.563   0.0   0.0  322
 9.100  317.5  90  60  81  -1.563   0.0   0.0  322
 9.100  320.0  90  60  72  -1.563   0.0   0.0  322
 9.100  562.5  90  60  69   1.563 330.0  30.0  563
 9.100  727.5  90  60  69  -1.563 330.0  30.0  739
 9.100  730.0  90  60  81   1.563 330.0  30.0  730
 9.100  732.5  90  60  72  -1.563 330.0  30.0  734
 9.100  290.0 -90  57  78  -1.563   0.0   0.0  296
 9.100  292.5 -90  57  81  -1.563   0.0   0.0  296
 9.100  560.0 -90  57  69   1.563 330.0  30.0  552
 9.100  562.5 -90  57  81   1.563 330.0  30.0  563
 9.100  565.0 -90  57  66   1.563  30.0  30.0  573
 9.100  587.5 -90  57  72  -1.563   0.0   0.0  589
 9.100  725.0 -90  57  75   1.563 330.0  30.0  727
 9.100  727.5 -90  57  72  -1.563 330.0  30.0  734
 9.100  730.0 -90  57  66   1.563 330.0  30.0  718
 9.125  317.5  90  57  78  -1.563   0.0   0.0  323
 9.125  320.0  90  57  81  -1.563   0.0   0.0  324
 9.125  562.5  90  57  69   1.563 330.0  30.0  560
 9.125  727.5  90  57  66  -1.563 330.0  30.0  715
 9.125  730.0  90  57  81   1.563 330.0  30.0  733
 9.125  732.5  90  57  75   1.563 330.0  30.0  740
 9.125  290.0 -90  57  75  -1.563   0.0   0.0  296
 9.125  292.5 -90  57  84  -1.563   0.0   0.0  297
 9.125  295.0 -90  57  72  -1.563   0.0   0.0  298
 9.125  560.0 -90  57  72   1.563 330.0  30.0  547
 9.125  562.5 -90  57  81   1.563 330.0  30.0  562
 9.125  565.0 -90  57  69  -1.563 330.0  30.0  576
 9.125  587.5 -90  57  69  -1.563   0.0   0.0  594
 9.125  590.0 -90  57  69  -1.563   0.0   0.0  595
 9.125  725.0 -90  57  75   1.563 330.0  30.0  728
 9.125  727.5 -90  57  72   1.563 330.0  30.0  728
 9.125  732.5 -90  57  66   1.563 330.0  30.0  727
 9.125  997.5 -90  57  66  -1.563 330.0  30.0  991
 9.150  317.5  90  57  69  -1.563   0.0   0.0  324
 9.150  320.0  90  57  81  -1.563   0.0   0.0  325
 9.150  322.5  90  57  72  -1.563   0.0   0.0  325
 9.150  562.5  90  57  69   1.563 330.0  30.0  560
 9.150  730.0  90  57  75   1.563 330.0  30.0  734
 9.150  732.5  90  57  75   1.563 330.0  30.0  735
 9.150  290.0 -90  57  66  -1.563   0.0   0.0  296
 9.150  292.5 -90  57  84  -1.563   0.0   0.0  297
 9.150  295.0 -90  57  75  -1.563   0.0   0.0  298
 9.150  560.0 -90  57  66   1.563 330.0  30.0  548
 9.150  562.5 -90  57  81   1.563 330.0  30.0  563
 9.150  565.0 -90  57  66  -1.563 330.0  30.0  577
 9.150  587.5 -90  57  66  -1.563   0.0   0.0  592
 9.150  725.0 -90  57  72   1.563 330.0  30.0  727
 9.150  727.5 -90  57  69   1.563 330.0  30.0  730
 9.150  730.0 -90  57  66  -1.563 330.0  30.0  722
 9.150  732.5 -90  57  66  -1.563 330.0  30.0  725
 9.175  320.0  90  57  81  -1.563   0.0   0.0  326
 9.175  322.5  90  57  81  -1.563   0.0   0.0  326
 9.175  562.5  90  57  69  -1.563 330.0  30.0  562
 9.175  730.0  90  57  72   1.563 330.0  30.0  731
 9.175  732.5  90  57  72   1.563 330.0  30.0  732
 9.175  952.5  90  57  66   1.563 330.0  30.0  953
 9.175  292.5 -90  57  81  -1.563   0.0   0.0  298
 9.175  295.0 -90  57  81  -1.563   0.0   0.0  298
 9.175  560.0 -90  57  66  -1.563 330.0  30.0  550
 9.175  562.5 -90  57  81   1.563 330.0  30.0  565
 9.175  565.0 -90  57  66  -1.563 330.0  30.0  570
 9.175  590.0 -90  57  69  -1.563   0.0   0.0  595
 9.175  592.5 -90  57  66   1.563   0.0   0.0  595
 9.175  725.0 -90  57  69   1.563 330.0  30.0  722
 9.175  727.5 -90  57  69  -1.563 330.0  30.0  730
 9.175  730.0 -90  57  66  -1.563 330.0  30.0  731
 9.200  320.0  90  57  72  -1.563   0.0   0.0  327
 9.200  322.5  90  57  81  -1.563   0.0   0.0  327
 9.200  325.0  90  57  72   1.563   0.0   0.0  328
 9.200  562.5  90  57  69   1.563 330.0  30.0  568
 9.200  650.0  90  57  66  -1.563   0.0   0.0  656
 9.200  732.5  90  57  69   1.563 330.0  30.0  737
 9.200  857.5  90  57  66   1.563  90.0  30.0  859
 9.200  292.5 -90  57  78  -1.563   0.0   0.0  299
 9.200  295.0 -90  57  84  -1.563   0.0   0.0  299
 9.200  297.5 -90  57  66  -1.563   0.0   0.0  299
 9.200  560.0 -90  57  66   1.563 330.0  30.0  574
 9.200  562.5 -90  57  81   1.563 330.0  30.0  561
 9.200  565.0 -90  57  66  -1.563 330.0  30.0  574
 9.200  592.5 -90  57  72  -1.563   0.0   0.0  597
 9.200  595.0 -90  57  66   1.563   0.0   0.0  598
 9.200  727.5 -90  57  66   1.563 330.0  30.0  726
 9.200  730.0 -90  57  66   1.563 330.0  30.0  723
 9.225  322.5  90  57  78  -1.563   0.0   0.0  328
 9.225  325.0  90  57  81  -1.563   0.0   0.0  329
 9.225  562.5  90  57  69  -1.563 330.0  30.0  551
 9.225  650.0  90  57  66  -1.563   0.0   0.0  655
 9.225  732.5  90  57  69  -1.563 330.0  30.0  736
 9.225  860.0  90  57  66   1.563  90.0  30.0  859
 9.225  292.5 -90  57  75  -1.563   0.0   0.0  299
 9.225  295.0 -90  57  87  -1.563   0.0   0.0  300
 9.225  297.5 -90  57  75  -1.563   0.0   0.0  300
 9.225  560.0 -90  57  66   1.563 210.0  30.0  547
 9.225  562.5 -90  57  81   1.563 330.0  30.0  563
 9.225  565.0 -90  57  69  -1.563 210.0  30.0  573
 9.225  592.5 -90  57  69   1.563   0.0   0.0  598
 9.225  595.0 -90  57  72  -1.563   0.0   0.0  599
 9.225  727.5 -90  57  69   1.563 330.0  30.0  727
 9.250  322.5  90  57  69  -1.563   0.0   0.0  328
 9.250  325.0  90  57  81  -1.563   0.0   0.0  330
 9.250  327.5  90  57  72  -1.563   0.0   0.0  331
 9.250  562.5  90  57  69   1.563 330.0  30.0  568
 9.250  732.5  90  57  72   1.563 330.0  30.0  732
 9.250  292.5 -90  57  69  -1.563   0.0   0.0  300
 9.250  295.0 -90  57  84  -1.563   0.0   0.0  300
 9.250  297.5 -90  57  81  -1.563   0.0   0.0  301
 9.250  562.5 -90  57  78   1.563 330.0  30.0  567
 9.250  565.0 -90  57  69  -1.563  30.0  30.0  563
 9.250  595.0 -90  57  72  -1.563   0.0   0.0  600
 9.250  597.5 -90  57  66  -1.563   0.0   0.0  601
 9.250  727.5 -90  57  69   1.563 330.0  30.0  730
 9.250 1270.0 -90  57  66   4.688 270.0  30.0 1284
 9.275  325.0  90  57  78  -1.563   0.0   0.0  330
 9.275  327.5  90  57  81  -1.563   0.0   0.0  331
 9.275  330.0  90  57  69  -1.563   0.0   0.0  333
 9.275  562.5  90  57  69   1.563 330.0  30.0  565
 9.275  732.5  90  57  72   1.563 330.0  30.0  721
 9.275  735.0  90  57  72   1.563 330.0  30.0  742
 9.275  737.5  90  57  66  -1.563 330.0  30.0  749
 9.275  857.5  90  57  66   1.563  90.0  30.0  862
 9.275  860.0  90  57  66  -1.563   0.0   0.0  862
 9.275  295.0 -90  57  81  -1.563   0.0   0.0  301
 9.275  297.5 -90  57  84  -1.563   0.0   0.0  301
 9.275  300.0 -90  57  69  -1.563   0.0   0.0  303
 9.275  562.5 -90  57  78  -1.563 330.0  30.0  563
 9.275  565.0 -90  57  69   1.563 330.0  30.0  578
 9.275  595.0 -90  57  69  -1.563   0.0   0.0  601
 9.275  597.5 -90  57  72  -1.563   0.0   0.0  601
 9.275  727.5 -90  57  72   1.563 330.0  30.0  717
 9.275  730.0 -90  57  66   1.563 330.0  30.0  716
 9.300  327.5  90  63  81  -1.563   0.0   0.0  333
 9.300  330.0  90  63  78  -1.563   0.0   0.0  333
 9.300  732.5  90  63  72   1.563 330.0  30.0  742
 9.300  295.0 -90  60  78  -1.563   0.0   0.0  301
 9.300  297.5 -90  60  84  -1.563   0.0   0.0  302
 9.300  300.0 -90  60  75  -1.563   0.0   0.0  303
 9.300  562.5 -90  60  81   1.563 330.0  30.0  563
 9.300  565.0 -90  60  72   1.563 330.0  30.0  575
 9.300  597.5 -90  60  69  -1.563   0.0   0.0  602
 9.300  727.5 -90  60  72   1.563 330.0  30.0  732
 9.325  327.5  90  66  75  -1.563   0.0   0.0  333
 9.325  330.0  90  66  81  -1.563   0.0   0.0  334
 9.325  297.5 -90  60  84  -1.563   0.0   0.0  303
 9.325  300.0 -90  60  78  -1.563   0.0   0.0  302
 9.325  562.5 -90  60  78   1.563 330.0  30.0  566
 9.325  565.0 -90  60  69   1.563 210.0  30.0  566
 9.325  727.5 -90  60  72   1.563 330.0  30.0  722
 9.325  730.0 -90  60  72   1.563 330.0  30.0  734
 9.350  330.0  90  60  81  -1.563   0.0   0.0  335
 9.350  332.5  90  60  78  -1.563   0.0   0.0  336
 9.350  562.5  90  60  72   1.563 330.0  30.0  576
 9.350  735.0  90  60  75   1.563 330.0  30.0  739
 9.350  297.5 -90  60  81  -1.563   0.0   0.0  303
 9.350  300.0 -90  60  81  -1.563   0.0   0.0  304
 9.350  562.5 -90  60  78   1.563 330.0  30.0  561
 9.350  565.0 -90  60  69   1.563 210.0  30.0  569
 9.350  727.5 -90  60  69   1.563 330.0  30.0  737
 9.350  730.0 -90  60  75   1.563 330.0  30.0  722
 9.375  332.5  90  66  81  -1.563   0.0   0.0  337
 9.375  335.0  90  66  75  -1.563   0.0   0.0  336
 9.375  297.5 -90  60  75   1.563   0.0   0.0  303
 9.375  300.0 -90  60  84  -1.563   0.0   0.0  304
 9.375  302.5 -90  60  69  -1.563   0.0   0.0  308
 9.375  562.5 -90  60  78   1.563 330.0  30.0  570
 9.375  565.0 -90  60  69  -1.563 210.0  30.0  567
 9.375  602.5 -90  60  69   1.563   0.0   0.0  605
 9.375  727.5 -90  60  69   1.563 330.0  30.0  724
 9.375  730.0 -90  60  75  -1.563 330.0  30.0  720
 9.375  732.5 -90  60  69   1.563 330.0  30.0  741
 9.400  332.5  90  66  75  -1.563   0.0   0.0  338
 9.400  335.0  90  66  78   1.563   0.0   0.0  340
 9.400  547.5  90  66  75  -4.688   0.0   0.0  544
 9.400  780.0  90  66  75  -1.563   0.0   0.0  780
 9.400  300.0 -90  63  84  -1.563   0.0   0.0  305
 9.400  302.5 -90  63  75   1.563   0.0   0.0  305
 9.400  562.5 -90  63  75   1.563 330.0  30.0  558
 9.400  730.0 -90  63  72   1.563 330.0  30.0  732
 9.425  332.5  90  60  69  -1.563   0.0   0.0  341
 9.425  335.0  90  60  81  -1.563   0.0   0.0  340
 9.425  337.5  90  60  78  -1.563   0.0   0.0  342
 9.425  562.5  90  60  72   1.563 330.0  30.0  563
 9.425  735.0  90  60  69   1.563 330.0  30.0  725
 9.425  737.5  90  60  75   1.563 330.0  30.0  734
 9.425  300.0 -90  60  81  -1.563   0.0   0.0  306
 9.425  302.5 -90  60  81  -1.563   0.0   0.0  306
 9.425  562.5 -90  60  78   1.563 210.0  30.0  566
 9.425  565.0 -90  60  72   1.563 210.0  30.0  572
 9.425  605.0 -90  60  72  -1.563   0.0   0.0  610
 9.425  607.5 -90  60  69  -1.563   0.0   0.0  612
 9.425  730.0 -90  60  72   1.563 330.0  30.0  730
 9.425  732.5 -90  60  69  -1.563 330.0  30.0  722
 9.450  335.0  90  57  72  -1.563   0.0   0.0  341
 9.450  337.5  90  57  81  -1.563   0.0   0.0  342
 9.450  340.0  90  57  72   1.563   0.0   0.0  343
 9.450  562.5  90  57  72   1.563 330.0  30.0  561
 9.450  565.0  90  57  66  -1.563 330.0  30.0  573
 9.450  735.0  90  57  66  -1.563 330.0  30.0  723
 9.450  737.5  90  57  72   1.563 330.0  30.0  740
 9.450  300.0 -90  57  75  -1.563   0.0   0.0  306
 9.450  302.5 -90  57  84  -1.563   0.0   0.0  307
 9.450  305.0 -90  57  66   1.563   0.0   0.0  307
 9.450  562.5 -90  57  75   1.563 330.0  30.0  563
 9.450  565.0 -90  57  69   1.563  30.0  30.0  578
 9.450  605.0 -90  57  66  -1.563   0.0   0.0  612
 9.450  607.5 -90  57  72  -1.563   0.0   0.0  611
 9.450  730.0 -90  57  69   1.563 330.0  30.0  740
 9.450  732.5 -90  57  69   1.563 330.0  30.0  735
 9.475  337.5  90  54  75  -1.563   0.0   0.0  343
 9.475  340.0  90  54  81  -1.563   0.0   0.0  344
 9.475  342.5  90  54  69  -1.563   0.0   0.0  346
 9.475  562.5  90  54  72   1.563 210.0  30.0  565
 9.475  565.0  90  54  63  -1.563 330.0  30.0  564
 9.475  737.5  90  54  69   1.563 330.0  30.0  734
 9.475  750.0  90  54  63   1.563 330.0  30.0  741
 9.475  755.0  90  54  63  -1.563 210.0  30.0  751
 9.475  757.5  90  54  63  -1.563 210.0  30.0  759
 9.475  955.0  90  54  63   1.563  90.0  30.0  954
 9.475  300.0 -90  54  69  -1.563   0.0   0.0  307
 9.475  302.5 -90  54  84  -1.563   0.0   0.0  307
 9.475  305.0 -90  54  75  -1.563   0.0   0.0  308
 9.475  562.5 -90  54  75   1.563 330.0  30.0  563
 9.475  565.0 -90  54  69   1.563 210.0  30.0  565
 9.475  607.5 -90  54  69  -1.563   0.0   0.0  613
 9.475  610.0 -90  54  63  -1.563   0.0   0.0  613
 9.475  730.0 -90  54  66   1.563 330.0  30.0  716
 9.475  732.5 -90  54  72   1.563 330.0  30.0  730
 9.475  737.5 -90  54  63   1.563 330.0  30.0  750
 9.475  740.0 -90  54  63  -1.563 330.0  30.0  729
 9.475  747.5 -90  54  63   1.563 330.0  30.0  745
 9.475  860.0 -90  54  63   1.563 270.0  30.0  862
 9.500  337.5  90  54  66  -1.563   0.0   0.0  343
 9.500  340.0  90  54  78  -1.563   0.0   0.0  345
 9.500  342.5  90  54  78  -1.563   0.0   0.0  346
 9.500  345.0  90  54  63  -1.563   0.0   0.0  348
 9.500  562.5  90  54  72   1.563 330.0  30.0  556
 9.500  565.0  90  54  66   1.563 330.0  30.0  559
 9.500  737.5  90  54  66  -1.563 330.0  30.0  740
 9.500  740.0  90  54  66  -1.563 330.0  30.0  736
 9.500  302.5 -90  54  81  -1.563   0.0   0.0  308
 9.500  305.0 -90  54  81  -1.563   0.0   0.0  308
 9.500  307.5 -90  54  63  -1.563   0.0   0.0  311
 9.500  562.5 -90  54  75   1.563 330.0  30.0  564
 9.500  565.0 -90  54  72   1.563 330.0  30.0  559
 9.500  610.0 -90  54  63  -1.563   0.0   0.0  614
 9.500  730.0 -90  54  69   1.563 330.0  30.0  735
 9.500  732.5 -90  54  75   1.563 330.0  30.0  726
 9.500  735.0 -90  54  63  -1.563 330.0  30.0  725
 9.500  737.5 -90  54  63   1.563 210.0  30.0  751
 9.500  860.0 -90  54  63   1.563   0.0   0.0  862
 9.500  955.0 -90  54  63   1.563 330.0  30.0  957
 9.500  957.5 -90  54  63   1.563 330.0  30.0  963
 9.525  340.0  90  54  69  -1.563   0.0   0.0  348
 9.525  342.5  90  54  81  -1.563   0.0   0.0  348
 9.525  345.0  90  54  75  -1.563   0.0   0.0  349
 9.525  562.5  90  54  69   1.563 330.0  30.0  569
 9.525  565.0  90  54  66   1.563 330.0  30.0  575
 9.525  737.5  90  54  69  -1.563 330.0  30.0  743
 9.525  740.0  90  54  72   1.563 330.0  30.0  743
 9.525  857.5  90  54  63   1.563 150.0  30.0  862
 9.525  860.0  90  54  63   1.563   0.0   0.0  857
 9.525  302.5 -90  54  75  -1.563   0.0   0.0  309
 9.525  305.0 -90  54  84  -1.563   0.0   0.0  309
 9.525  307.5 -90  54  69  -1.563   0.0   0.0  310
 9.525  562.5 -90  54  75   1.563 210.0  30.0  567
 9.525  565.0 -90  54  69   1.563  30.0  30.0  562
 9.525  612.5 -90  54  66  -1.563   0.0   0.0  619
 9.525  730.0 -90  54  69   1.563 330.0  30.0  739
 9.525  732.5 -90  54  78   1.563 330.0  30.0  734
 9.525  735.0 -90  54  63  -1.563 330.0  30.0  722
 9.525  860.0 -90  54  63   1.563   0.0   0.0  869
 9.550  342.5  90  57  75  -1.563   0.0   0.0  348
 9.550  345.0  90  57  81  -1.563   0.0   0.0  350
 9.550  347.5  90  57  72  -1.563   0.0   0.0  351
 9.550  562.5  90  57  69  -1.563   0.0   0.0  548
 9.550  565.0  90  57  66  -1.563 330.0  30.0  565
 9.550  737.5  90  57  69  -1.563 330.0  30.0  751
 9.550  740.0  90  57  75   1.563 330.0  30.0  742
 9.550  302.5 -90  57  69  -1.563   0.0   0.0  309
 9.550  305.0 -90  57  84  -1.563   0.0   0.0  310
 9.550  307.5 -90  57  75  -1.563   0.0   0.0  310
 9.550  562.5 -90  57  75   1.563 330.0  30.0  563
 9.550  565.0 -90  57  69  -1.563 330.0  30.0  572
 9.550  730.0 -90  57  66   1.563 330.0  30.0  721
 9.550  732.5 -90  57  78   1.563 330.0  30.0  733
 9.550  735.0 -90  57  72   1.563 330.0  30.0  740
 9.575  345.0  90  57  75  -1.563   0.0   0.0  350
 9.575  347.5  90  57  78  -1.563   0.0   0.0  352
 9.575  350.0  90  57  69   1.563   0.0   0.0  353
 9.575  562.5  90  57  69   1.563 330.0  30.0  562
 9.575  565.0  90  57  66  -1.563 330.0  30.0  574
 9.575  737.5  90  57  66   1.563 330.0  30.0  731
 9.575  740.0  90  57  69   1.563 330.0  30.0  728
 9.575  747.5  90  57  66   1.563 330.0  30.0  736
 9.575  305.0 -90  57  78  -1.563   0.0   0.0  311
 9.575  307.5 -90  57  78  -1.563   0.0   0.0  311
 9.575  562.5 -90  57  72   1.563 330.0  30.0  563
 9.575  565.0 -90  57  66  -1.563  30.0  30.0  573
 9.575  615.0 -90  57  66  -1.563   0.0   0.0  620
 9.575  732.5 -90  57  72  -1.563 330.0  30.0  733
 9.575  735.0 -90  57  69   1.563 330.0  30.0  740
 9.600  347.5  90  57  78  -1.563   0.0   0.0  353
 9.600  350.0  90  57  78  -1.563   0.0   0.0  354
 9.600  352.5  90  57  69  -1.563   0.0   0.0  355
 9.600  562.5  90  57  69   1.563 330.0  30.0  559
 9.600  565.0  90  57  66  -1.563 330.0  30.0  555
 9.600  305.0 -90  57  72  -1.563   0.0   0.0  311
 9.600  307.5 -90  57  81  -1.563   0.0   0.0  312
 9.600  310.0 -90  57  69   1.563   0.0   0.0  313
 9.600  562.5 -90  57  72   1.563  30.0  30.0  562
 9.600  565.0 -90  57  69   1.563 330.0  30.0  578
 9.600  617.5 -90  57  69  -1.563   0.0   0.0  622
 9.600  732.5 -90  57  69   1.563 330.0  30.0  737
 9.600  735.0 -90  57  69   1.563 330.0  30.0  737
 9.600  740.0 -90  57  66  -1.563 330.0  30.0  727
 9.625  347.5  90  57  66  -1.563   0.0   0.0  354
 9.625  350.0  90  57  78  -1.563   0.0   0.0  355
 9.625  352.5  90  57  78  -1.563   0.0   0.0  356
 9.625  562.5  90  57  66  -1.563   0.0   0.0  576
 9.625  565.0  90  57  66   1.563 210.0  30.0  571
 9.625  742.5  90  57  69  -1.563 330.0  30.0  743
 9.625  305.0 -90  57  66  -1.563   0.0   0.0  313
 9.625  307.5 -90  57  81  -1.563   0.0   0.0  313
 9.625  310.0 -90  57  78  -1.563   0.0   0.0  313
 9.625  562.5 -90  57  72   1.563 330.0  30.0  571
 9.625  565.0 -90  57  69  -1.563 210.0  30.0  561
 9.625  732.5 -90  57  69  -1.563 330.0  30.0  735
 9.625  735.0 -90  57  72   1.563 330.0  30.0  730
 9.650  350.0  90  57  69  -1.563   0.0   0.0  357
 9.650  352.5  90  57  78  -1.563   0.0   0.0  358
 9.650  355.0  90  57  75  -1.563   0.0   0.0  358
 9.650  562.5  90  57  66  -1.563   0.0   0.0  563
 9.650  742.5  90  57  69   1.563 330.0  30.0  744
 9.650  307.5 -90  57  78  -1.563   0.0   0.0  313
 9.650  310.0 -90  57  81  -1.563   0.0   0.0  314
 9.650  562.5 -90  57  72   1.563 330.0  30.0  554
 9.650  565.0 -90  57  69   1.563  30.0  30.0  573
 9.650  620.0 -90  57  66  -1.563   0.0   0.0  627
 9.650  622.5 -90  57  66   1.563   0.0   0.0  629
 9.650  732.5 -90  57  66  -1.563 330.0  30.0  725
 9.650  735.0 -90  57  75   1.563 330.0  30.0  745
 9.675  352.5  90  60  69  -1.563   0.0   0.0  359
 9.675  355.0  90  60  78  -1.563   0.0   0.0  360
 9.675  357.5  90  60  72  -1.563   0.0   0.0  361
 9.675  565.0  90  60  69  -1.563 210.0  30.0  556
 9.675  742.5  90  60  75   1.563 330.0  30.0  753
 9.675  307.5 -90  60  72  -1.563   0.0   0.0  314
 9.675  310.0 -90  60  84  -1.563   0.0   0.0  315
 9.675  312.5 -90  60  72  -1.563   0.0   0.0  315
 9.675  562.5 -90  60  72   1.563 330.0  30.0  559
 9.675  565.0 -90  60  69   1.563 330.0  30.0  560
 9.675  622.5 -90  60  69  -1.563   0.0   0.0  628
 9.675  735.0 -90  60  72  -1.563 330.0  30.0  741
 9.700  355.0  90  60  69  -1.563   0.0   0.0  361
 9.700  357.5  90  60  78  -1.563   0.0   0.0  362
 9.700  360.0  90  60  75  -1.563   0.0   0.0  364
 9.700  742.5  90  60  75   1.563 330.0  30.0  742
 9.700  225.0 -90  63  72   1.563 330.0  30.0  226
 9.700  227.5 -90  63  72   1.563 330.0  30.0  232
 9.700  280.0 -90  63  72   1.563 330.0  30.0  294
 9.700  282.5 -90  63  72   1.563   0.0   0.0  295
 9.700  310.0 -90  63  81  -1.563   0.0   0.0  316
 9.700  312.5 -90  63  78  -1.563   0.0   0.0  315
 9.700  562.5 -90  63  72   1.563 210.0  30.0  555
 9.700  735.0 -90  63  72   1.563 330.0  30.0  742
 9.700 1187.5 -90  63  72  -1.563 330.0  30.0 1184
 9.700 1190.0 -90  63  72  -1.563 150.0  30.0 1195
 9.700 1192.5 -90  63  72  -1.563 330.0  30.0 1189
 9.700 1195.0 -90  63  72  -1.563 330.0  30.0 1195
 9.725  360.0  90  63  78  -1.563   0.0   0.0  365
 9.725  362.5  90  63  75  -1.563   0.0   0.0  367
 9.725  742.5  90  63  75  -1.563 330.0  30.0  742
 9.725  745.0  90  63  75   1.563 330.0  30.0  745
 9.725  310.0 -90  66  75  -1.563   0.0   0.0  317
 9.725  312.5 -90  66  81  -1.563   0.0   0.0  316
 9.750  360.0  90  63  72  -1.563   0.0   0.0  366
 9.750  362.5  90  63  78  -1.563   0.0   0.0  367
 9.750  365.0  90  63  75  -1.563   0.0   0.0  369
 9.750  745.0  90  63  75   1.563 330.0  30.0  738
 9.750  312.5 -90  66  81  -1.563   0.0   0.0  317
 9.750  315.0 -90  66  75   1.563   0.0   0.0  320
 9.775  362.5  90  57  69  -1.563   0.0   0.0  369
 9.775  365.0  90  57  78  -1.563   0.0   0.0  370
 9.775  367.5  90  57  75  -1.563   0.0   0.0  372
 9.775  745.0  90  57  75   1.563 330.0  30.0  754
 9.775  747.5  90  57  69   1.563 330.0  30.0  751
 9.775  312.5 -90  60  78  -1.563   0.0   0.0  318
 9.775  315.0 -90  60  81  -1.563   0.0   0.0  319
 9.775  562.5 -90  60  69   1.563 330.0  30.0  572
 9.800  365.0  90  54  66  -1.563   0.0   0.0  371
 9.800  367.5  90  54  75  -1.563   0.0   0.0  373
 9.800  370.0  90  54  75  -1.563   0.0   0.0  374
 9.800  372.5  90  54  63  -1.563   0.0   0.0  375
 9.800  562.5  90  54  63  -1.563 330.0  30.0  555
 9.800  565.0  90  54  66   1.563 330.0  30.0  557
 9.800  745.0  90  54  69   1.563 330.0  30.0  751
 9.800  750.0  90  54  63  -1.563 330.0  30.0  743
 9.800  312.5 -90  54  69  -1.563   0.0   0.0  319
 9.800  315.0 -90  54  81  -1.563   0.0   0.0  320
 9.800  317.5 -90  54  72  -1.563   0.0   0.0  320
 9.800  562.5 -90  54  69   1.563 330.0  30.0  562
 9.800  565.0 -90  54  69  -1.563 210.0  30.0  562
 9.800  632.5 -90  54  63  -1.563  90.0  30.0  637
 9.800  860.0 -90  54  63   1.563   0.0   0.0  862
 9.825  370.0  90  54  69  -1.563   0.0   0.0  375
 9.825  372.5  90  54  72  -1.563   0.0   0.0  377
 9.825  375.0  90  54  66  -1.563   0.0   0.0  379
 9.825  562.5  90  54  63  -1.563 210.0  30.0  558
 9.825  565.0  90  54  63   1.563 210.0  30.0  570
 9.825  747.5  90  54  63  -1.563 330.0  30.0  753
 9.825  312.5 -90  54  63   1.563   0.0   0.0  317
 9.825  315.0 -90  54  81  -1.563   0.0   0.0  321
 9.825  317.5 -90  54  78  -1.563   0.0   0.0  321
 9.825  320.0 -90  54  63   1.563   0.0   0.0  323
 9.825  562.5 -90  54  69   1.563 210.0  30.0  563
 9.825  565.0 -90  54  69   1.563 330.0  30.0  564
 9.825  632.5 -90  54  63  -1.563   0.0   0.0  638
 9.825  635.0 -90  54  66  -1.563   0.0   0.0  639
 9.825  637.5 -90  54  66  -1.563   0.0   0.0  642
 9.825  737.5 -90  54  63  -1.563 330.0  30.0  734
 9.850  372.5  90  51  66  -1.563   0.0   0.0  378
 9.850  375.0  90  51  72  -1.563   0.0   0.0  380
 9.850  377.5  90  51  69  -1.563   0.0   0.0  382
 9.850  380.0  90  51  60  -1.563   0.0   0.0  381
 9.850  562.5  90  51  63   1.563  30.0  30.0  561
 9.850  565.0  90  51  66   1.563 330.0  30.0  573
 9.850  745.0  90  51  60  -1.563 330.0  30.0  756
 9.850  747.5  90  51  66   1.563 330.0  30.0  757
 9.850  750.0  90  51  63  -1.563 330.0  30.0  744
 9.850  752.5  90  51  60   1.563 330.0  30.0  741
 9.850  760.0  90  51  60  -1.563 210.0  30.0  759
 9.850  955.0  90  51  60   1.563   0.0   0.0  957
 9.850  315.0 -90  51  72  -1.563   0.0   0.0  322
 9.850  317.5 -90  51  81  -1.563   0.0   0.0  322
 9.850  320.0 -90  51  69  -1.563   0.0   0.0  323
 9.850  562.5 -90  51  69   1.563 330.0  30.0  560
 9.850  565.0 -90  51  69   1.563 210.0  30.0  565
 9.850  632.5 -90  51  60  -1.563   0.0   0.0  638
 9.850  635.0 -90  51  63  -1.563   0.0   0.0  640
 9.850  637.5 -90  51  63  -1.563   0.0   0.0  643
 9.850  737.5 -90  51  63  -1.563 330.0  30.0  747
 9.850  740.0 -90  51  66  -1.563 330.0  30.0  744
 9.850  742.5 -90  51  60  -1.563 330.0  30.0  730
 9.850  860.0 -90  51  60   1.563   0.0   0.0  861
 9.875  375.0  90  51  66  -1.563   0.0   0.0  381
 9.875  377.5  90  51  72  -1.563   0.0   0.0  382
 9.875  380.0  90  51  72  -1.563   0.0   0.0  384
 9.875  382.5  90  51  60   1.563   0.0   0.0  386
 9.875  562.5  90  51  63   1.563 330.0  30.0  561
 9.875  565.0  90  51  66   1.563 210.0  30.0  562
 9.875  745.0  90  51  60  -1.563 330.0  30.0  742
 9.875  747.5  90  51  66  -1.563 330.0  30.0  747
 9.875  750.0  90  51  60   1.563 330.0  30.0  742
 9.875  752.5  90  51  60   1.563 330.0  30.0  745
 9.875  757.5  90  51  60   1.563 330.0  30.0  771
 9.875  760.0  90  51  63   1.563 210.0  30.0  773
 9.875  762.5  90  51  60   1.563 330.0  30.0  770
 9.875  857.5  90  51  60   1.563 150.0  30.0  858
 9.875  860.0  90  51  60   1.563   0.0   0.0  860
 9.875  315.0 -90  51  63  -1.563   0.0   0.0  321
 9.875  317.5 -90  51  81  -1.563   0.0   0.0  322
 9.875  320.0 -90  51  75  -1.563   0.0   0.0  323
 9.875  322.5 -90  51  60  -1.563   0.0   0.0  323
 9.875  562.5 -90  51  69   1.563 330.0  30.0  561
 9.875  565.0 -90  51  72   1.563 210.0  30.0  566
 9.875  640.0 -90  51  60   1.563   0.0   0.0  644
 9.875  642.5 -90  51  60  -1.563   0.0   0.0  649
 9.875  740.0 -90  51  66  -1.563 330.0  30.0  736
 9.875  742.5 -90  51  60   1.563 330.0  30.0  740
 9.875  750.0 -90  51  60  -1.563 330.0  30.0  752
 9.875  860.0 -90  51  60   1.563   0.0   0.0  865
 9.900  380.0  90  54  69  -1.563   0.0   0.0  385
 9.900  382.5  90  54  72  -1.563   0.0   0.0  387
 9.900  385.0  90  54  69  -1.563   0.0   0.0  389
 9.900  387.5  90  54  63  -1.563   0.0   0.0  392
 9.900  565.0  90  54  66   1.563 150.0  30.0  560
 9.900  747.5  90  54  66   1.563 330.0  30.0  743
 9.900  760.0  90  54  63   1.563  90.0  30.0  753
 9.900  857.5  90  54  63   1.563  90.0  30.0  862
 9.900  260.0 -90  57  66  -4.688 210.0  30.0  258
 9.900  317.5 -90  57  72  -1.563   0.0   0.0  324
 9.900  320.0 -90  57  81  -1.563   0.0   0.0  324
 9.900  322.5 -90  57  69   1.563   0.0   0.0  325
 9.900  417.5 -90  57  66   4.688 210.0  30.0  417
 9.900  425.0 -90  57  69  -4.688 210.0  30.0  436
 9.900  452.5 -90  57  66   1.563 210.0  30.0  456
 9.900  462.5 -90  57  66  -4.688 210.0  30.0  474
 9.900  475.0 -90  57  66   1.563 210.0  30.0  472
 9.900  485.0 -90  57  69  -1.563 210.0  30.0  485
 9.900  492.5 -90  57  72   4.688 210.0  30.0  497
 9.900  537.5 -90  57  66  -4.688 210.0  30.0  539
 9.900  540.0 -90  57  66  -1.563 210.0  30.0  543
 9.900  545.0 -90  57  66  -1.563 210.0  30.0  534
 9.900  547.5 -90  57  66  -1.563 210.0  30.0  537
 9.900  562.5 -90  57  69   1.563 150.0  30.0  554
 9.900  565.0 -90  57  69   1.563 150.0  30.0  573
 9.900  567.5 -90  57  66   1.563 210.0  30.0  573
 9.900  570.0 -90  57  66  -1.563 210.0  30.0  582
 9.900  572.5 -90  57  66  -1.563 210.0  30.0  575
 9.900  580.0 -90  57  66  -4.688 210.0  30.0  568
 9.900  585.0 -90  57  66  -4.688 210.0  30.0  574
 9.900  587.5 -90  57  66   1.563 270.0  30.0  577
 9.900  592.5 -90  57  69   4.688 210.0  30.0  604
 9.900  602.5 -90  57  66  -4.688 210.0  30.0  591
 9.900  607.5 -90  57  66  -4.688 210.0  30.0  595
 9.900  610.0 -90  57  66   1.563 210.0  30.0  598
 9.900  615.0 -90  57  69   1.563 210.0  30.0  614
 9.900  627.5 -90  57  66  -4.688 210.0  30.0  639
 9.900  632.5 -90  57  66   1.563 210.0  30.0  628
 9.900  642.5 -90  57  66  -4.688 210.0  30.0  630
 9.900  655.0 -90  57  69   1.563 210.0  30.0  664
 9.900  685.0 -90  57  66   4.688 210.0  30.0  676
 9.900  740.0 -90  57  66   1.563 330.0  30.0  739
 9.900  742.5 -90  57  66   1.563 330.0  30.0  753
 9.900  757.5 -90  57  66   1.563 270.0  30.0  760
 9.900  782.5 -90  57  66   4.688 210.0  30.0  795
 9.925  382.5  90  54  69  -1.563   0.0   0.0  388
 9.925  385.0  90  54  75  -1.563   0.0   0.0  390
 9.925  387.5  90  54  72  -1.563   0.0   0.0  392
 9.925  390.0  90  54  63  -1.563   0.0   0.0  393
 9.925  562.5  90  54  66   1.563  30.0  30.0  558
 9.925  565.0  90  54  69   1.563  30.0  30.0  578
 9.925  745.0  90  54  63   1.563 330.0  30.0  735
 9.925  747.5  90  54  66  -1.563 330.0  30.0  757
 9.925  750.0  90  54  66   1.563 330.0  30.0  752
 9.925  317.5 -90  54  69  -1.563   0.0   0.0  324
 9.925  320.0 -90  54  81  -1.563   0.0   0.0  325
 9.925  322.5 -90  54  78  -1.563   0.0   0.0  326
 9.925  562.5 -90  54  69  -1.563 210.0  30.0  568
 9.925  565.0 -90  54  72   1.563  30.0  30.0  561
 9.925  740.0 -90  54  72   1.563 330.0  30.0  741
 9.925  742.5 -90  54  63   1.563 330.0  30.0  756
 9.925  860.0 -90  54  63   1.563   0.0   0.0  864
 9.950  385.0  90  54  63   1.563   0.0   0.0  392
 9.950  387.5  90  54  69  -1.563   0.0   0.0  392
 9.950  390.0  90  54  72  -1.563   0.0   0.0  395
 9.950  392.5  90  54  69  -1.563   0.0   0.0  398
 9.950  562.5  90  54  63  -1.563 330.0  30.0  573
 9.950  565.0  90  54  69  -1.563 330.0  30.0  550
 9.950  747.5  90  54  63  -1.563 330.0  30.0  749
 9.950  750.0  90  54  66  -1.563 330.0  30.0  748
 9.950  752.5  90  54  63   1.563 330.0  30.0  751
 9.950  320.0 -90  54  75  -1.563   0.0   0.0  327
 9.950  322.5 -90  54  81  -1.563   0.0   0.0  327
 9.950  325.0 -90  54  66  -1.563   0.0   0.0  327
 9.950  562.5 -90  54  66  -1.563 210.0  30.0  561
 9.950  565.0 -90  54  72   1.563  30.0  30.0  564
 9.950  740.0 -90  54  72   1.563 330.0  30.0  747
 9.950  742.5 -90  54  69   1.563 330.0  30.0  747
 9.950  860.0 -90  54  63   1.563   0.0   0.0  861
 9.975  390.0  90  54  63  -1.563   0.0   0.0  396
 9.975  392.5  90  54  69  -1.563   0.0   0.0  397
 9.975  395.0  90  54  72  -1.563   0.0   0.0  400
 9.975  397.5  90  54  66  -1.563   0.0   0.0  401
 9.975  320.0 -90  54  69   1.563   0.0   0.0  327
 9.975  322.5 -90  54  81  -1.563   0.0   0.0  328
 9.975  325.0 -90  54  78  -1.563   0.0   0.0  328
 9.975  860.0 -90  54  63   1.563   0.0   0.0  862
10.025  400.0  90  51  66  -1.563   0.0   0.0  406
10.025  402.5  90  51  66  -1.563   0.0   0.0  407
10.025  405.0  90  51  66  -1.563   0.0   0.0  410
10.025  407.5  90  51  66  -1.563   0.0   0.0  412
10.025  410.0  90  51  60  -1.563   0.0   0.0  414
10.025  857.5  90  51  60   1.563   0.0   0.0  863
10.025  957.5  90  51  60  -1.563   0.0   0.0  958
10.025 1130.0  90  51  60   1.563   0.0   0.0 1128
10.025  322.5 -90  51  66  -1.563   0.0   0.0  329
10.025  325.0 -90  51  81  -1.563   0.0   0.0  330
10.025  327.5 -90  51  75  -1.563   0.0   0.0  331
10.025  652.5 -90  51  60  -1.563   0.0   0.0  657
10.050  405.0  90  51  60  -1.563   0.0   0.0  409
10.050  407.5  90  51  63  -1.563   0.0   0.0  413
10.050  410.0  90  51  63  -1.563   0.0   0.0  414
10.050  412.5  90  51  60  -1.563   0.0   0.0  417
10.050  857.5  90  51  60   1.563   0.0   0.0  862
10.050  325.0 -90  51  72  -1.563   0.0   0.0  331
10.050  327.5 -90  51  81  -1.563   0.0   0.0  332
10.050  330.0 -90  51  69  -1.563   0.0   0.0  333
10.075  412.5  90  51  63  -1.563   0.0   0.0  418
10.075  415.0  90  51  63  -1.563   0.0   0.0  419
10.075  417.5  90  51  60  -1.563   0.0   0.0  421
10.075  857.5  90  51  60   1.563   0.0   0.0  862
10.075  860.0  90  51  60   1.563   0.0   0.0  860
10.075  325.0 -90  51  63  -1.563   0.0   0.0  334
10.075  327.5 -90  51  78  -1.563   0.0   0.0  333
10.075  330.0 -90  51  78  -1.563   0.0   0.0  334
10.075  332.5 -90  51  60   1.563   0.0   0.0  336
10.075  660.0 -90  51  60  -1.563   0.0   0.0  665
10.075  860.0 -90  51  60   1.563   0.0   0.0  860
10.075  955.0 -90  51  60  -1.563   0.0   0.0  968
10.100  420.0  90  51  60   1.563   0.0   0.0  424
10.100  422.5  90  51  60  -1.563   0.0   0.0  428
10.100  425.0  90  51  63  -1.563   0.0   0.0  429
10.100  427.5  90  51  60   1.563   0.0   0.0  431
10.100  857.5  90  51  60   1.563   0.0   0.0  864
10.100  860.0  90  51  60   1.563 150.0  30.0  863
10.100  327.5 -90  51  72  -1.563   0.0   0.0  334
10.100  330.0 -90  51  81  -1.563   0.0   0.0  334
10.100  332.5 -90  51  69  -1.563   0.0   0.0  336
10.100  660.0 -90  51  60  -1.563   0.0   0.0  664
10.100  662.5 -90  51  63  -1.563   0.0   0.0  667
10.100  665.0 -90  51  60  -1.563   0.0   0.0  669
10.100  860.0 -90  51  63   1.563   0.0   0.0  864
10.125  425.0  90  51  60  -1.563   0.0   0.0  430
10.125  427.5  90  51  66  -1.563   0.0   0.0  432
10.125  430.0  90  51  66  -1.563   0.0   0.0  433
10.125  432.5  90  51  63  -1.563   0.0   0.0  437
10.125  435.0  90  51  60  -1.563   0.0   0.0  440
10.125  437.5  90  51  60  -1.563   0.0   0.0  443
10.125 1135.0  90  51  63   1.563 330.0  30.0 1139
10.125  327.5 -90  51  66  -1.563   0.0   0.0  335
10.125  330.0 -90  51  78  -1.563   0.0   0.0  335
10.125  332.5 -90  51  78  -1.563   0.0   0.0  336
10.125  335.0 -90  51  60  -1.563   0.0   0.0  337
10.125  665.0 -90  51  63  -1.563   0.0   0.0  670
10.125  667.5 -90  51  60  -1.563   0.0   0.0  673
10.125  857.5 -90  51  60   1.563   0.0   0.0  862
10.125  860.0 -90  51  60   1.563   0.0   0.0  863
10.150  432.5  90  51  60  -1.563   0.0   0.0  439
10.150  435.0  90  51  63   1.563   0.0   0.0  439
10.150  437.5  90  51  63  -1.563   0.0   0.0  442
10.150  440.0  90  51  63  -1.563   0.0   0.0  444
10.150  442.5  90  51  63  -1.563   0.0   0.0  448
10.150  445.0  90  51  60  -1.563   0.0   0.0  449
10.150  562.5  90  51  63   1.563  30.0  30.0  555
10.150  565.0  90  51  75   1.563   0.0   0.0  564
10.150  567.5  90  51  60   1.563  30.0  30.0  578
10.150  752.5  90  51  60   1.563 330.0  30.0  767
10.150  755.0  90  51  69   1.563 330.0  30.0  764
10.150  757.5  90  51  69   1.563 330.0  30.0  767
10.150  760.0  90  51  66   1.563 330.0  30.0  749
10.150  957.5  90  51  60   1.563 150.0  30.0  960
10.150  330.0 -90  51  69  -1.563   0.0   0.0  336
10.150  332.5 -90  51  81  -1.563   0.0   0.0  337
10.150  335.0 -90  51  72  -1.563   0.0   0.0  338
10.150  562.5 -90  51  66   1.563  30.0  30.0  566
10.150  565.0 -90  51  75   1.563  30.0  30.0  565
10.150  665.0 -90  51  63  -1.563   0.0   0.0  671
10.150  667.5 -90  51  63  -1.563   0.0   0.0  673
10.150  670.0 -90  51  63  -1.563   0.0   0.0  674
10.150  742.5 -90  51  60  -1.563 330.0  30.0  734
10.150  745.0 -90  51  69   1.563 330.0  30.0  741
10.150  747.5 -90  51  66  -1.563 330.0  30.0  752
10.150  860.0 -90  51  60   1.563   0.0   0.0  864
10.175  445.0  90  42  51  -1.563   0.0   0.0  449
10.175  447.5  90  42  54  -1.563   0.0   0.0  453
10.175  562.5  90  42  51   1.563   0.0   0.0  556
10.175  565.0  90  42  63  -1.563   0.0   0.0  560
10.175  567.5  90  42  51   1.563  30.0  30.0  582
10.175  755.0  90  42  54  -1.563 330.0  30.0  752
10.175  757.5  90  42  57   1.563 330.0  30.0  756
10.175  760.0  90  42  51   1.563 330.0  30.0  761
10.175  957.5  90  42  51   1.563   0.0   0.0  962
10.175  332.5 -90  42  63  -1.563   0.0   0.0  338
10.175  335.0 -90  42  66  -1.563   0.0   0.0  339
10.175  337.5 -90  42  54   1.563   0.0   0.0  339
10.175  562.5 -90  42  54  -1.563  30.0  30.0  551
10.175  565.0 -90  42  63   1.563  30.0  30.0  569
10.175  670.0 -90  42  51  -1.563   0.0   0.0  675
10.175  745.0 -90  42  51  -1.563 330.0  30.0  738
10.175  747.5 -90  42  51   1.563 330.0  30.0  752
10.200  565.0  90  48  63   1.563   0.0   0.0  566
10.200  757.5  90  48  60   1.563 330.0  30.0  756
10.200  332.5 -90  45  54  -1.563   0.0   0.0  340
10.200  335.0 -90  45  66  -1.563   0.0   0.0  340
10.200  337.5 -90  45  63  -1.563   0.0   0.0  341
10.200  562.5 -90  45  54   1.563   0.0   0.0  550
10.200  565.0 -90  45  63   1.563  30.0  30.0  571
10.200  747.5 -90  45  54   1.563 330.0  30.0  748
10.225  565.0  90  66  75   1.563  30.0  30.0  558
10.225  335.0 -90  63  72  -1.563   0.0   0.0  341
10.225  337.5 -90  63  78  -1.563   0.0   0.0  343
10.225  565.0 -90  63  75   1.563  30.0  30.0  558
10.225  747.5 -90  63  72  -1.563 330.0  30.0  740
10.225 1005.0 -90  63  72  -4.688  90.0  30.0 1002
10.250  202.5 -90  63  72  -4.688  90.0  30.0  198
10.250  337.5 -90  63  75  -1.563   0.0   0.0  343
10.250  340.0 -90  63  78  -1.563   0.0   0.0  344
10.250  562.5 -90  63  72   4.688  90.0  30.0  556
10.250  565.0 -90  63  72  -1.563   0.0   0.0  557
10.275  340.0 -90  60  78  -1.563   0.0   0.0  345
10.275  342.5 -90  60  78  -1.563   0.0   0.0  346
10.275  565.0 -90  60  72   1.563  30.0  30.0  559
10.300  190.0  90  75  84  -4.688  30.0  30.0  177
10.300  192.5  90  75  84  -1.563 150.0  30.0  199
10.300  270.0  90  75  84   1.563 150.0  30.0  282
10.300  327.5  90  75  84   1.563 150.0  30.0  331
10.300  330.0  90  75  84   1.563 150.0  30.0  334
10.300  435.0  90  75  84  -4.688  30.0  30.0  438
10.300  550.0  90  75  84   1.563 150.0  30.0  555
10.300  552.5  90  75  84   1.563 150.0  30.0  564
10.300  690.0  90  75  84  -4.688 150.0  30.0  684
10.300  692.5  90  75  84  -4.688 150.0  30.0  684
10.300 1065.0  90  75  84  -1.563 150.0  30.0 1076
10.300 1067.5  90  75  84  -1.563 150.0  30.0 1079
10.300 1107.5  90  75  84  -4.688 150.0  30.0 1120
10.300 1110.0  90  75  84  -4.688 150.0  30.0 1124
10.300  340.0 -90  60  72  -1.563   0.0   0.0  347
10.300  342.5 -90  60  81  -1.563   0.0   0.0  348
10.300  345.0 -90  60  72  -1.563   0.0   0.0  349
10.300  565.0 -90  60  69  -1.563  30.0  30.0  565
10.325  342.5 -90  60  75  -1.563   0.0   0.0  348
10.325  345.0 -90  60  81  -1.563   0.0   0.0  349
10.325  347.5 -90  60  72  -1.563   0.0   0.0  350
10.350  565.0  90  66  75  -1.563  30.0  30.0  556
10.350  345.0 -90  54  78  -1.563   0.0   0.0  351
10.350  347.5 -90  54  78  -1.563   0.0   0.0  352
10.350  350.0 -90  54  66  -1.563   0.0   0.0  352
10.350  565.0 -90  54  63  -1.563  30.0  30.0  577
10.350  750.0 -90  54  63   1.563 330.0  30.0  748
10.375  562.5  90  51  60   1.563   0.0   0.0  549
10.375  565.0  90  51  75   1.563  30.0  30.0  562
10.375  567.5  90  51  66   1.563   0.0   0.0  560
10.375  762.5  90  51  69   1.563 330.0  30.0  777
10.375  765.0  90  51  69   1.563 330.0  30.0  768
10.375  767.5  90  51  63  -1.563 330.0  30.0  778
10.375  772.5  90  51  60   1.563 330.0  30.0  768
10.375  957.5  90  51  60   1.563   0.0   0.0  961
10.375  960.0  90  51  60   1.563   0.0   0.0  962
10.375  345.0 -90  51  66  -1.563   0.0   0.0  351
10.375  347.5 -90  51  78  -1.563   0.0   0.0  353
10.375  350.0 -90  51  78  -1.563   0.0   0.0  354
10.375  352.5 -90  51  63   1.563   0.0   0.0  355
10.375  565.0 -90  51  63  -1.563 210.0  30.0  575
10.375  750.0 -90  51  66   1.563 330.0  30.0  752
10.375  860.0 -90  51  60  -1.563   0.0   0.0  863
10.400  565.0  90  51  75   1.563   0.0   0.0  565
10.400  567.5  90  51  66  -1.563  30.0  30.0  579
10.400  765.0  90  51  66  -1.563 330.0  30.0  762
10.400  957.5  90  51  60  -1.563 150.0  30.0  962
10.400  347.5 -90  51  69  -1.563   0.0   0.0  353
10.400  350.0 -90  51  81  -1.563   0.0   0.0  355
10.400  352.5 -90  51  75  -1.563   0.0   0.0  356
10.400  355.0 -90  51  63   1.563   0.0   0.0  357
10.400  565.0 -90  51  66   1.563  30.0  30.0  565
10.400  750.0 -90  51  63   1.563 330.0  30.0  757
10.400  752.5 -90  51  63   1.563 330.0  30.0  757
10.400 1132.5 -90  51  60   1.563 330.0  30.0 1136
10.425  565.0  90  39  63   1.563  30.0  30.0  574
10.425  567.5  90  39  54   1.563  30.0  30.0  580
10.425  765.0  90  39  57  -1.563 330.0  30.0  753
10.425  767.5  90  39  48   1.563 330.0  30.0  754
10.425  857.5  90  39  48   1.563   0.0   0.0  861
10.425  947.5  90  39  48   1.563 150.0  30.0  952
10.425  950.0  90  39  48  -1.563 150.0  30.0  943
10.425  952.5  90  39  48   4.688 150.0  30.0  963
10.425  955.0  90  39  51  -1.563 150.0  30.0  953
10.425  957.5  90  39  51   1.563   0.0   0.0  962
10.425  960.0  90  39  48  -1.563   0.0   0.0  959
10.425  962.5  90  39  48  -1.563 150.0  30.0  966
10.425  965.0  90  39  51   4.688 150.0  30.0  952
10.425  967.5  90  39  48  -4.688 150.0  30.0  968
10.425  970.0  90  39  51   4.688 150.0  30.0  957
10.425  972.5  90  39  54   1.563 150.0  30.0  981
10.425  975.0  90  39  51   1.563 150.0  30.0  987
10.425  977.5  90  39  54  -4.688 150.0  30.0  985
10.425  980.0  90  39  54  -1.563 150.0  30.0  967
10.425  985.0  90  39  51  -1.563 150.0  30.0  980
10.425  987.5  90  39  48   1.563   0.0   0.0  991
10.425  990.0  90  39  48  -4.688 150.0  30.0  981
10.425 1002.5  90  39  48  -4.688 150.0  30.0 1016
10.425 1005.0  90  39  51   1.563 150.0  30.0 1002
10.425 1017.5  90  39  48   1.563 150.0  30.0 1022
10.425 1022.5  90  39  51  -1.563 150.0  30.0 1014
10.425 1025.0  90  39  48   4.688 150.0  30.0 1027
10.425 1032.5  90  39  48   1.563 150.0  30.0 1032
10.425 1035.0  90  39  48  -1.563 150.0  30.0 1037
10.425 1245.0  90  39  48   1.563 150.0  30.0 1255
10.425 1250.0  90  39  48   4.688 150.0  30.0 1262
10.425 1252.5  90  39  48   1.563   0.0   0.0 1265
10.425 1255.0  90  39  51  -4.688 150.0  30.0 1266
10.425 1257.5  90  39  51   1.563 150.0  30.0 1263
10.425 1260.0  90  39  51  -1.563 150.0  30.0 1266
10.425 1265.0  90  39  51   1.563 150.0  30.0 1275
10.425 1267.5  90  39  48  -4.688 150.0  30.0 1282
10.425 1270.0  90  39  54  -1.563 150.0  30.0 1282
10.425 1272.5  90  39  51   4.688 150.0  30.0 1287
10.425 1275.0  90  39  54  -1.563 150.0  30.0 1288
10.425 1277.5  90  39  57  -4.688 150.0  30.0 1264
10.425 1280.0  90  39  57   1.563 150.0  30.0 1265
10.425 1282.5  90  39  54   4.688 150.0  30.0 1268
10.425  135.0 -90  39  48  -1.563 330.0  30.0  138
10.425  142.5 -90  39  48  -4.688 150.0  30.0  141
10.425  145.0 -90  39  48  -4.688 150.0  30.0  141
10.425  147.5 -90  39  51   4.688 150.0  30.0  147
10.425  150.0 -90  39  48  -1.563 150.0  30.0  162
10.425  152.5 -90  39  48  -1.563 150.0  30.0  154
10.425  157.5 -90  39  48   1.563 150.0  30.0  168
10.425  162.5 -90  39  48   1.563 150.0  30.0  176
10.425  172.5 -90  39  48  -1.563 150.0  30.0  171
10.425  177.5 -90  39  48  -4.688 150.0  30.0  181
10.425  192.5 -90  39  48   1.563 150.0  30.0  193
10.425  202.5 -90  39  48   1.563 150.0  30.0  212
10.425  220.0 -90  39  48  -4.688 150.0  30.0  230
10.425  270.0 -90  39  48  -1.563 150.0  30.0  285
10.425  272.5 -90  39  48   1.563 150.0  30.0  276
10.425  280.0 -90  39  48  -1.563 150.0  30.0  290
10.425  285.0 -90  39  48  -1.563 150.0  30.0  284
10.425  290.0 -90  39  51  -1.563 150.0  30.0  284
10.425  292.5 -90  39  51  -1.563 150.0  30.0  284
10.425  295.0 -90  39  51  -1.563 150.0  30.0  289
10.425  297.5 -90  39  51  -1.563 150.0  30.0  288
10.425  300.0 -90  39  48  -1.563 150.0  30.0  312
10.425  302.5 -90  39  51  -1.563 150.0  30.0  295
10.425  307.5 -90  39  48  -4.688 150.0  30.0  295
10.425  315.0 -90  39  48  -1.563 150.0  30.0  321
10.425  320.0 -90  39  48  -4.688 150.0  30.0  309
10.425  322.5 -90  39  48  -1.563   0.0   0.0  311
10.425  330.0 -90  39  48  -1.563 150.0  30.0  345
10.425  335.0 -90  39  48  -1.563 150.0  30.0  322
10.425  340.0 -90  39  48   1.563 150.0  30.0  339
10.425  350.0 -90  39  60  -1.563   0.0   0.0  355
10.425  352.5 -90  39  69  -1.563   0.0   0.0  357
10.425  355.0 -90  39  63  -1.563   0.0   0.0  358
10.425  565.0 -90  39  54   1.563 210.0  30.0  554
10.425  750.0 -90  39  48   1.563 330.0  30.0  744
10.425  752.5 -90  39  48   1.563 330.0  30.0  747
10.425  860.0 -90  39  51   1.563   0.0   0.0  862
10.425 1132.5 -90  39  48   1.563 330.0  30.0 1133
10.425 1135.0 -90  39  48   1.563   0.0   0.0 1130
10.450  282.5  90  39  48  -4.688 150.0  30.0  295
10.450  292.5  90  39  48   4.688 150.0  30.0  288
10.450  295.0  90  39  51  -1.563 150.0  30.0  295
10.450  297.5  90  39  54  -4.688 150.0  30.0  298
10.450  300.0  90  39  57  -4.688 150.0  30.0  297
10.450  302.5  90  39  57  -4.688 150.0  30.0  300
10.450  305.0  90  39  54   1.563 150.0  30.0  309
10.450  307.5  90  39  54   4.688 150.0  30.0  300
10.450  310.0  90  39  57   4.688 150.0  30.0  307
10.450  312.5  90  39  57   1.563 150.0  30.0  307
10.450  315.0  90  39  57  -1.563 150.0  30.0  311
10.450  317.5  90  39  60  -4.688 150.0  30.0  303
10.450  320.0  90  39  60   1.563 150.0  30.0  316
10.450  322.5  90  39  60   1.563 150.0  30.0  318
10.450  325.0  90  39  60  -1.563 150.0  30.0  319
10.450  327.5  90  39  63   4.688 150.0  30.0  324
10.450  330.0  90  39  60   1.563 150.0  30.0  323
10.450  332.5  90  39  60  -1.563 150.0  30.0  327
10.450  335.0  90  39  60  -4.688 150.0  30.0  330
10.450  337.5  90  39  60   1.563 150.0  30.0  332
10.450  340.0  90  39  60  -1.563 150.0  30.0  335
10.450  342.5  90  39  57  -1.563 150.0  30.0  339
10.450  345.0  90  39  57  -4.688 150.0  30.0  340
10.450  347.5  90  39  54   4.688 150.0  30.0  340
10.450  350.0  90  39  57   1.563 150.0  30.0  342
10.450  352.5  90  39  57  -1.563 150.0  30.0  346
10.450  355.0  90  39  57  -4.688 150.0  30.0  348
10.450  357.5  90  39  54   4.688 150.0  30.0  346
10.450  360.0  90  39  54  -1.563 150.0  30.0  350
10.450  362.5  90  39  51   4.688 150.0  30.0  352
10.450  365.0  90  39  48  -1.563 150.0  30.0  351
10.450  367.5  90  39  51  -1.563 150.0  30.0  379
10.450  370.0  90  39  51   1.563 150.0  30.0  381
10.450  372.5  90  39  54   1.563 150.0  30.0  381
10.450  375.0  90  39  51   4.688 150.0  30.0  384
10.450  377.5  90  39  48   1.563 150.0  30.0  386
10.450  380.0  90  39  51  -1.563 150.0  30.0  387
10.450  382.5  90  39  54  -4.688 150.0  30.0  388
10.450  385.0  90  39  51   4.688 150.0  30.0  391
10.450  387.5  90  39  48  -4.688 150.0  30.0  395
10.450  397.5  90  39  48  -4.688 150.0  30.0  389
10.450  565.0  90  39  63   1.563   0.0   0.0  562
10.450  567.5  90  39  57   1.563   0.0   0.0  565
10.450  765.0  90  39  54   1.563 330.0  30.0  775
10.450  767.5  90  39  51   1.563 330.0  30.0  754
10.450  857.5  90  39  48   1.563   0.0   0.0  864
10.450  860.0  90  39  48   1.563   0.0   0.0  862
10.450  957.5  90  39  48   1.563   0.0   0.0  960
10.450  960.0  90  39  48   1.563   0.0   0.0  962
10.450  352.5 -90  42  63  -1.563   0.0   0.0  359
10.450  355.0 -90  42  69  -1.563   0.0   0.0  360
10.450  357.5 -90  42  60  -1.563   0.0   0.0  361
10.450  467.5 -90  42  51  -4.688 150.0  30.0  454
10.450  470.0 -90  42  51  -1.563 150.0  30.0  461
10.450  472.5 -90  42  51   4.688 150.0  30.0  467
10.450  482.5 -90  42  51   1.563 150.0  30.0  474
10.450  565.0 -90  42  54   1.563   0.0   0.0  551
10.475  565.0  90  66  78   1.563   0.0   0.0  559
10.475  355.0 -90  57  75  -1.563   0.0   0.0  361
10.475  357.5 -90  57  81  -1.563   0.0   0.0  363
10.475  360.0 -90  57  72  -1.563   0.0   0.0  364
10.475  565.0 -90  57  66   1.563  30.0  30.0  573
10.475 1162.5 -90  57  66   1.563 330.0  30.0 1168
10.525  360.0 -90  69  78   1.563   0.0   0.0  367
10.525  362.5 -90  69  78   1.563   0.0   0.0  368
10.525 1225.0 -90  69  78   1.563   0.0   0.0 1232
10.550  565.0  90  57  75   1.563  30.0  30.0  555
10.550  567.5  90  57  72   1.563   0.0   0.0  576
10.550  722.5  90  57  66   1.563   0.0   0.0  708
10.550  770.0  90  57  66   1.563 330.0  30.0  756
10.550  145.0 -90  57  66  -1.563   0.0   0.0  130
10.550  147.5 -90  57  66   1.563   0.0   0.0  160
10.550  207.5 -90  57  66   1.563   0.0   0.0  204
10.550  310.0 -90  57  66   1.563  90.0  30.0  296
10.550  360.0 -90  57  66   1.563   0.0   0.0  373
10.550  362.5 -90  57  72  -1.563   0.0   0.0  368
10.550  365.0 -90  57  75  -1.563   0.0   0.0  370
10.550  367.5 -90  57  66  -1.563   0.0   0.0  370
10.550  565.0 -90  57  72   1.563  30.0  30.0  567
10.550  567.5 -90  57  66   1.563   0.0   0.0  566
10.550  757.5 -90  57  69   1.563 330.0  30.0  754
10.550 1267.5 -90  57  66   1.563   0.0   0.0 1273
10.550 1277.5 -90  57  66   1.563   0.0   0.0 1281
10.550 1280.0 -90  57  66   1.563   0.0   0.0 1274
10.575  565.0  90  51  78   1.563  30.0  30.0  566
10.575  567.5  90  51  72   1.563  30.0  30.0  579
10.575  770.0  90  51  63   1.563 330.0  30.0  777
10.575  772.5  90  51  63   1.563 330.0  30.0  774
10.575  775.0  90  51  63  -1.563 330.0  30.0  767
10.575  362.5 -90  51  60  -1.563   0.0   0.0  369
10.575  365.0 -90  51  69  -1.563   0.0   0.0  370
10.575  367.5 -90  51  72  -1.563   0.0   0.0  372
10.575  370.0 -90  51  69  -1.563   0.0   0.0  374
10.575  565.0 -90  51  72   1.563  30.0  30.0  569
10.575  567.5 -90  51  66   1.563  30.0  30.0  573
10.575  757.5 -90  51  69   1.563 330.0  30.0  760
10.575  760.0 -90  51  60  -1.563 330.0  30.0  769
10.575  860.0 -90  51  60   1.563   0.0   0.0  863
10.575 1135.0 -90  51  60  -1.563   0.0   0.0 1140
10.600  565.0  90  51  75   1.563  30.0  30.0  568
10.600  567.5  90  51  72   1.563   0.0   0.0  562
10.600  770.0  90  51  60  -1.563 210.0  30.0  764
10.600  772.5  90  51  66   1.563 330.0  30.0  776
10.600  775.0  90  51  66   1.563 330.0  30.0  779
10.600  960.0  90  51  60   1.563   0.0   0.0  963
10.600  367.5 -90  51  66  -1.563   0.0   0.0  373
10.600  370.0 -90  51  72  -1.563   0.0   0.0  375
10.600  372.5 -90  51  69  -1.563   0.0   0.0  377
10.600  375.0 -90  51  63   1.563   0.0   0.0  377
10.600  565.0 -90  51  72   1.563  30.0  30.0  569
10.600  567.5 -90  51  66   1.563  30.0  30.0  575
10.600  757.5 -90  51  63  -1.563 330.0  30.0  760
10.600  760.0 -90  51  66  -1.563 330.0  30.0  760
10.600  765.0 -90  51  60   1.563 330.0  30.0  757
10.625  565.0  90  51  75   1.563  30.0  30.0  573
10.625  567.5  90  51  72  -1.563  30.0  30.0  576
10.625  775.0  90  51  69  -1.563 330.0  30.0  773
10.625  370.0 -90  51  63  -1.563   0.0   0.0  376
10.625  372.5 -90  51  72  -1.563   0.0   0.0  378
10.625  375.0 -90  51  75  -1.563   0.0   0.0  380
10.625  377.5 -90  51  66  -1.563   0.0   0.0  381
10.625  565.0 -90  51  72   1.563  30.0  30.0  567
10.625  567.5 -90  51  66   1.563  30.0  30.0  574
10.625  760.0 -90  51  66   1.563 330.0  30.0  757
10.625  762.5 -90  51  60  -1.563 330.0  30.0  760
10.625  765.0 -90  51  63  -1.563 330.0  30.0  766
10.625 1140.0 -90  51  60   1.563 330.0  30.0 1145
10.650  565.0  90  51  75   1.563  30.0  30.0  569
10.650  567.5  90  51  72   1.563  30.0  30.0  570
10.650  772.5  90  51  60   1.563 330.0  30.0  764
10.650  775.0  90  51  66  -1.563 330.0  30.0  766
10.650  777.5  90  51  63  -1.563 330.0  30.0  786
10.650  792.5  90  51  60   1.563 330.0  30.0  786
10.650  372.5 -90  51  63  -1.563   0.0   0.0  379
10.650  375.0 -90  51  72  -1.563   0.0   0.0  381
10.650  377.5 -90  51  75  -1.563   0.0   0.0  382
10.650  380.0 -90  51  69  -1.563   0.0   0.0  384
10.650  382.5 -90  51  60  -1.563   0.0   0.0  385
10.650  565.0 -90  51  72   1.563  30.0  30.0  571
10.650  567.5 -90  51  66   1.563  30.0  30.0  569
10.650  760.0 -90  51  69   1.563 330.0  30.0  748
10.650  762.5 -90  51  63  -1.563 330.0  30.0  758
10.650  765.0 -90  51  60  -1.563 330.0  30.0  775
10.675  565.0  90  51  75   1.563  30.0  30.0  550
10.675  567.5  90  51  75   1.563  30.0  30.0  575
10.675  775.0  90  51  60   1.563 330.0  30.0  786
10.675  777.5  90  51  66  -1.563 330.0  30.0  774
10.675 1150.0  90  51  60   1.563 330.0  30.0 1155
10.675  377.5 -90  54  69  -1.563   0.0   0.0  383
10.675  380.0 -90  54  75  -1.563   0.0   0.0  385
10.675  382.5 -90  54  75  -1.563   0.0   0.0  387
10.675  385.0 -90  54  66  -1.563   0.0   0.0  388
10.675  565.0 -90  54  72   1.563  30.0  30.0  574
10.675  567.5 -90  54  69  -1.563  30.0  30.0  568
10.675  760.0 -90  54  69   1.563 330.0  30.0  760
10.675  762.5 -90  54  63   1.563 330.0  30.0  756
10.700  565.0  90  51  75   1.563  30.0  30.0  570
10.700  567.5  90  51  75   1.563   0.0   0.0  569
10.700  775.0  90  51  63  -1.563 330.0  30.0  771
10.700  777.5  90  51  66   1.563 330.0  30.0  784
10.700  780.0  90  51  63   1.563 330.0  30.0  784
10.700  857.5  90  51  60   1.563   0.0   0.0  864
10.700  960.0  90  51  60   1.563   0.0   0.0  965
10.700  380.0 -90  51  66  -1.563   0.0   0.0  385
10.700  382.5 -90  51  72  -1.563   0.0   0.0  387
10.700  385.0 -90  51  75  -1.563   0.0   0.0  390
10.700  387.5 -90  51  72  -1.563   0.0   0.0  392
10.700  390.0 -90  51  60  -1.563   0.0   0.0  391
10.700  565.0 -90  51  69   1.563  30.0  30.0  572
10.700  567.5 -90  51  66  -1.563  30.0  30.0  575
10.700  760.0 -90  51  69   1.563 330.0  30.0  758
10.700  762.5 -90  51  66   1.563 330.0  30.0  773
10.700 1137.5 -90  51  60   1.563 330.0  30.0 1140
10.725  565.0  90  51  75   1.563  30.0  30.0  565
10.725  567.5  90  51  75   1.563  30.0  30.0  566
10.725  780.0  90  51  66  -1.563 330.0  30.0  782
10.725  960.0  90  51  66   1.563   0.0   0.0  963
10.725  385.0 -90  51  69  -1.563   0.0   0.0  391
10.725  387.5 -90  51  75  -1.563   0.0   0.0  392
10.725  390.0 -90  51  75  -1.563   0.0   0.0  394
10.725  392.5 -90  51  69  -1.563   0.0   0.0  397
10.725  395.0 -90  51  60  -1.563   0.0   0.0  398
10.725  565.0 -90  51  69   1.563  30.0  30.0  565
10.725  567.5 -90  51  66  -1.563  30.0  30.0  570
10.725  760.0 -90  51  60  -1.563 330.0  30.0  774
10.725  762.5 -90  51  69   1.563 330.0  30.0  764
10.725  860.0 -90  51  60   1.563   0.0   0.0  861
10.725 1140.0 -90  51  60   1.563 330.0  30.0 1146
10.750  565.0  90  51  72   1.563  30.0  30.0  576
10.750  567.5  90  51  75   1.563  30.0  30.0  572
10.750  777.5  90  51  60  -1.563 330.0  30.0  782
10.750  780.0  90  51  66   1.563 330.0  30.0  780
10.750  782.5  90  51  60  -1.563 330.0  30.0  778
10.750  960.0  90  51  66   1.563   0.0   0.0  963
10.750 1152.5  90  51  60  -1.563 330.0  30.0 1154
10.750  387.5 -90  51  60  -1.563   0.0   0.0  394
10.750  390.0 -90  51  72  -1.563   0.0   0.0  395
10.750  392.5 -90  51  75  -1.563   0.0   0.0  397
10.750  395.0 -90  51  72  -1.563   0.0   0.0  400
10.750  397.5 -90  51  66  -1.563   0.0   0.0  402
10.750  565.0 -90  51  69  -1.563  30.0  30.0  571
10.750  567.5 -90  51  66   1.563  30.0  30.0  580
10.750  762.5 -90  51  69  -1.563 330.0  30.0  767
10.750  765.0 -90  51  72  -1.563 330.0  30.0  768
10.750  767.5 -90  51  63   1.563 330.0  30.0  759
10.750  770.0 -90  51  60   1.563 330.0  30.0  760
10.750  780.0 -90  51  60   1.563   0.0   0.0  795
10.750  857.5 -90  51  60   1.563 270.0  30.0  862
10.750  860.0 -90  51  60   1.563   0.0   0.0  864
10.750 1145.0 -90  51  60   1.563  90.0  30.0 1146
10.775  565.0  90  51  72   1.563  30.0  30.0  572
10.775  567.5  90  51  75   1.563  30.0  30.0  573
10.775  780.0  90  51  69   1.563 330.0  30.0  784
10.775  782.5  90  51  72   1.563 330.0  30.0  782
10.775  785.0  90  51  63  -1.563 330.0  30.0  777
10.775  787.5  90  51  63  -1.563 330.0  30.0  787
10.775  857.5  90  51  60   1.563   0.0   0.0  863
10.775  860.0  90  51  60   1.563   0.0   0.0  862
10.775  960.0  90  51  66   1.563   0.0   0.0  965
10.775 1152.5  90  51  60   1.563   0.0   0.0 1156
10.775  392.5 -90  51  66  -1.563   0.0   0.0  399
10.775  395.0 -90  51  69  -1.563   0.0   0.0  400
10.775  397.5 -90  51  72  -1.563   0.0   0.0  403
10.775  400.0 -90  51  69  -1.563   0.0   0.0  405
10.775  402.5 -90  51  63  -1.563   0.0   0.0  407
10.775  565.0 -90  51  66   1.563  30.0  30.0  567
10.775  567.5 -90  51  66   1.563  30.0  30.0  568
10.775  762.5 -90  51  66   1.563 330.0  30.0  758
10.775  765.0 -90  51  75   1.563 330.0  30.0  766
10.775  860.0 -90  51  60   1.563   0.0   0.0  864
10.800  565.0  90  51  72   1.563  30.0  30.0  568
10.800  567.5  90  51  75   1.563  30.0  30.0  570
10.800  780.0  90  51  60  -1.563 330.0  30.0  778
10.800  782.5  90  51  66   1.563 330.0  30.0  774
10.800  785.0  90  51  72  -1.563 330.0  30.0  788
10.800  787.5  90  51  66  -1.563 330.0  30.0  794
10.800  960.0  90  51  66   1.563   0.0   0.0  964
10.800  962.5  90  51  60  -1.563   0.0   0.0  963
10.800  397.5 -90  51  63  -1.563   0.0   0.0  403
10.800  400.0 -90  51  66  -1.563   0.0   0.0  405
10.800  402.5 -90  51  69  -1.563   0.0   0.0  407
10.800  405.0 -90  51  69  -1.563   0.0   0.0  410
10.800  407.5 -90  51  63  -1.563   0.0   0.0  412
10.800  410.0 -90  51  60   1.563   0.0   0.0  414
10.800  565.0 -90  51  66   1.563  30.0  30.0  574
10.800  567.5 -90  51  63   1.563  30.0  30.0  561
10.800  762.5 -90  51  60   1.563 330.0  30.0  756
10.800  765.0 -90  51  72  -1.563 330.0  30.0  770
10.800  767.5 -90  51  66  -1.563 330.0  30.0  772
10.800  860.0 -90  51  60   1.563   0.0   0.0  863
10.825  565.0  90  51  72   1.563  30.0  30.0  572
10.825  567.5  90  51  75   1.563  30.0  30.0  570
10.825  785.0  90  51  69  -1.563 330.0  30.0  792
10.825  787.5  90  51  66  -1.563 330.0  30.0  797
10.825  790.0  90  51  60   1.563 330.0  30.0  782
10.825  960.0  90  51  63   1.563   0.0   0.0  963
10.825  402.5 -90  51  63  -1.563   0.0   0.0  407
10.825  405.0 -90  51  66  -1.563   0.0   0.0  410
10.825  407.5 -90  51  66  -1.563   0.0   0.0  412
10.825  410.0 -90  51  69  -1.563   0.0   0.0  415
10.825  412.5 -90  51  66  -1.563   0.0   0.0  417
10.825  415.0 -90  51  63  -1.563   0.0   0.0  418
10.825  565.0 -90  51  66   1.563  30.0  30.0  562
10.825  567.5 -90  51  63   1.563  30.0  30.0  573
10.825  765.0 -90  51  66   1.563 330.0  30.0  766
10.825  767.5 -90  51  63  -1.563 330.0  30.0  782
10.850  565.0  90  51  72   1.563  30.0  30.0  568
10.850  567.5  90  51  75   1.563  30.0  30.0  570
10.850  785.0  90  51  66  -1.563 330.0  30.0  795
10.850  787.5  90  51  72  -1.563 330.0  30.0  789
10.850  790.0  90  51  60   1.563 330.0  30.0  781
10.850  960.0  90  51  63   1.563   0.0   0.0  964
10.850  410.0 -90  51  63  -1.563   0.0   0.0  415
10.850  412.5 -90  51  66  -1.563   0.0   0.0  419
10.850  415.0 -90  51  69  -1.563   0.0   0.0  420
10.850  417.5 -90  51  69  -1.563   0.0   0.0  422
10.850  420.0 -90  51  69  -1.563   0.0   0.0  425
10.850  422.5 -90  51  63  -1.563   0.0   0.0  427
10.850  425.0 -90  51  60  -1.563   0.0   0.0  430
10.850  565.0 -90  51  66   1.563  30.0  30.0  557
10.850  567.5 -90  51  63   1.563   0.0   0.0  575
10.850  765.0 -90  51  66  -1.563 330.0  30.0  766
10.850  767.5 -90  51  63  -1.563 330.0  30.0  766
10.875  565.0  90  51  72   1.563  30.0  30.0  569
10.875  567.5  90  51  78   1.563  30.0  30.0  571
10.875  785.0  90  51  60  -1.563 330.0  30.0  783
10.875  787.5  90  51  66  -1.563 330.0  30.0  774
10.875  790.0  90  51  69   1.563 330.0  30.0  792
10.875  792.5  90  51  60  -1.563 330.0  30.0  805
10.875  960.0  90  51  63   1.563   0.0   0.0  964
10.875  962.5  90  51  63   1.563   0.0   0.0  968
10.875  415.0 -90  51  60  -1.563   0.0   0.0  423
10.875  417.5 -90  51  66  -1.563   0.0   0.0  424
10.875  420.0 -90  51  69  -1.563   0.0   0.0  425
10.875  422.5 -90  51  72  -1.563   0.0   0.0  428
10.875  425.0 -90  51  72  -1.563   0.0   0.0  430
10.875  427.5 -90  51  69  -1.563   0.0   0.0  433
10.875  430.0 -90  51  66  -1.563   0.0   0.0  436
10.875  432.5 -90  51  63  -1.563   0.0   0.0  437
10.875  565.0 -90  51  66   1.563   0.0   0.0  557
10.875  567.5 -90  51  66  -1.563   0.0   0.0  565
10.875  765.0 -90  51  60   1.563 330.0  30.0  763
10.875  767.5 -90  51  63   1.563 330.0  30.0  760
10.875  770.0 -90  51  63  -1.563 330.0  30.0  771
10.875  960.0 -90  51  60  -1.563   0.0   0.0  966
10.875 1142.5 -90  51  60   1.563 330.0  30.0 1147
10.900  565.0  90  51  72   1.563  30.0  30.0  561
10.900  567.5  90  51  78   1.563  30.0  30.0  570
10.900  790.0  90  51  69  -1.563 330.0  30.0  793
10.900  792.5  90  51  66  -1.563 330.0  30.0  791
10.900  960.0  90  51  63   1.563   0.0   0.0  966
10.900  962.5  90  51  63   1.563   0.0   0.0  963
10.900  422.5 -90  51  63  -1.563   0.0   0.0  430
10.900  425.0 -90  51  66  -1.563   0.0   0.0  431
10.900  427.5 -90  51  72  -1.563   0.0   0.0  432
10.900  430.0 -90  51  72  -1.563   0.0   0.0  435
10.900  432.5 -90  51  72  -1.563   0.0   0.0  438
10.900  435.0 -90  51  72  -1.563   0.0   0.0  440
10.900  437.5 -90  51  69  -1.563   0.0   0.0  443
10.900  440.0 -90  51  69  -1.563   0.0   0.0  445
10.900  442.5 -90  51  63  -1.563   0.0   0.0  447
10.900  445.0 -90  51  60  -1.563   0.0   0.0  450
10.900  565.0 -90  51  66   1.563  30.0  30.0  578
10.900  567.5 -90  51  69   1.563  30.0  30.0  577
10.900  767.5 -90  51  66  -1.563 330.0  30.0  770
10.900  770.0 -90  51  66  -1.563 330.0  30.0  759
10.900  860.0 -90  51  60   1.563   0.0   0.0  863
10.900  960.0 -90  51  60   1.563   0.0   0.0  962
10.900 1145.0 -90  51  60   1.563 330.0  30.0 1151
10.925  565.0  90  51  72   1.563  30.0  30.0  564
10.925  567.5  90  51  78   1.563  30.0  30.0  574
10.925  790.0  90  51  66   1.563 330.0  30.0  792
10.925  792.5  90  51  60   1.563 330.0  30.0  802
10.925  960.0  90  51  60   1.563   0.0   0.0  965
10.925  432.5 -90  51  66  -1.563   0.0   0.0  439
10.925  435.0 -90  51  69  -1.563   0.0   0.0  439
10.925  437.5 -90  51  69  -1.563   0.0   0.0  443
10.925  440.0 -90  51  72  -1.563   0.0   0.0  445
10.925  442.5 -90  51  75  -1.563   0.0   0.0  448
10.925  445.0 -90  51  72  -1.563   0.0   0.0  451
10.925  447.5 -90  51  72  -1.563   0.0   0.0  453
10.925  450.0 -90  51  69  -1.563   0.0   0.0  455
10.925  452.5 -90  51  66  -1.563   0.0   0.0  458
10.925  455.0 -90  51  60  -1.563   0.0   0.0  461
10.925  565.0 -90  51  69   1.563  30.0  30.0  555
10.925  567.5 -90  51  72   1.563  30.0  30.0  570
10.925  767.5 -90  51  66   1.563 330.0  30.0  760
10.925  770.0 -90  51  66  -1.563 330.0  30.0  765
10.925  860.0 -90  51  60  -1.563   0.0   0.0  865
10.925 1145.0 -90  51  60   1.563   0.0   0.0 1148
10.950  565.0  90  51  69   1.563  30.0  30.0  572
10.950  567.5  90  51  78   1.563  30.0  30.0  572
10.950  792.5  90  51  60   1.563 330.0  30.0  790
10.950  962.5  90  51  63   1.563   0.0   0.0  965
10.950  965.0  90  51  60   1.563   0.0   0.0  972
10.950 1157.5  90  51  60  -1.563   0.0   0.0 1160
10.950 1160.0  90  51  60   1.563   0.0   0.0 1163
10.950  440.0 -90  51  60  -1.563   0.0   0.0  447
10.950  442.5 -90  51  63  -1.563   0.0   0.0  448
10.950  445.0 -90  51  69  -1.563   0.0   0.0  451
10.950  447.5 -90  51  69  -1.563   0.0   0.0  453
10.950  450.0 -90  51  72  -1.563   0.0   0.0  455
10.950  452.5 -90  51  72  -1.563   0.0   0.0  457
10.950  455.0 -90  51  69  -1.563   0.0   0.0  460
10.950  457.5 -90  51  69  -1.563   0.0   0.0  462
10.950  460.0 -90  51  69  -1.563   0.0   0.0  465
10.950  462.5 -90  51  66  -1.563   0.0   0.0  468
10.950  465.0 -90  51  66  -1.563   0.0   0.0  470
10.950  467.5 -90  51  63  -1.563   0.0   0.0  472
10.950  470.0 -90  51  60  -1.563   0.0   0.0  476
10.950  472.5 -90  51  60  -1.563   0.0   0.0  476
10.950  565.0 -90  51  69   1.563  30.0  30.0  561
10.950  567.5 -90  51  72   1.563  30.0  30.0  574
10.950  960.0 -90  51  60   1.563   0.0   0.0  965
10.975  565.0  90  51  69  -1.563  30.0  30.0  574
10.975  567.5  90  51  78   1.563  30.0  30.0  570
10.975  797.5  90  51  60   1.563 330.0  30.0  794
10.975  800.0  90  51  66  -1.563 330.0  30.0  812
10.975  820.0  90  51  60   1.563  90.0  30.0  824
10.975  860.0  90  51  60   1.563  30.0  30.0  867
10.975  962.5  90  51  60   1.563   0.0   0.0  968
10.975 1157.5  90  51  60   1.563 330.0  30.0 1166
10.975 1160.0  90  51  63  -1.563   0.0   0.0 1162
10.975  452.5 -90  51  60  -1.563   0.0   0.0  458
10.975  455.0 -90  51  60  -1.563   0.0   0.0  455
10.975  457.5 -90  51  63  -1.563   0.0   0.0  464
10.975  460.0 -90  51  66  -1.563   0.0   0.0  465
10.975  462.5 -90  51  66  -1.563   0.0   0.0  467
10.975  465.0 -90  51  69  -1.563   0.0   0.0  470
10.975  467.5 -90  51  69  -1.563   0.0   0.0  472
10.975  470.0 -90  51  69  -1.563   0.0   0.0  475
10.975  472.5 -90  51  66  -1.563   0.0   0.0  477
10.975  475.0 -90  51  66  -1.563   0.0   0.0  480
10.975  477.5 -90  51  66  -1.563   0.0   0.0  482
10.975  480.0 -90  51  63  -1.563   0.0   0.0  484
10.975  482.5 -90  51  60  -1.563   0.0   0.0  488
10.975  485.0 -90  51  60   1.563   0.0   0.0  489
10.975  487.5 -90  51  60  -1.563   0.0   0.0  490
10.975  565.0 -90  51  69   1.563  30.0  30.0  557
10.975  567.5 -90  51  75   1.563  30.0  30.0  571
10.975  775.0 -90  51  63   1.563 330.0  30.0  778
10.975  860.0 -90  51  60   1.563  30.0  30.0  872
10.975  960.0 -90  51  60   1.563   0.0   0.0  962
11.000  565.0  90  51  69   1.563  30.0  30.0  573
11.000  567.5  90  51  78   1.563  30.0  30.0  572
11.000  570.0  90  51  60   1.563   0.0   0.0  580
11.000  797.5  90  51  63   1.563 330.0  30.0  788
11.000  800.0  90  51  66  -1.563 330.0  30.0  786
11.000  860.0  90  51  60   1.563   0.0   0.0  865
11.000 1160.0  90  51  63   1.563 330.0  30.0 1164
11.000 1162.5  90  51  60   1.563 330.0  30.0 1165
11.000  467.5 -90  51  60  -1.563   0.0   0.0  473
11.000  470.0 -90  51  60  -1.563   0.0   0.0  478
11.000  475.0 -90  51  60  -1.563   0.0   0.0  481
11.000  477.5 -90  51  63  -1.563   0.0   0.0  484
11.000  480.0 -90  51  63  -1.563   0.0   0.0  486
11.000  482.5 -90  51  63  -1.563   0.0   0.0  488
11.000  485.0 -90  51  63  -1.563   0.0   0.0  491
11.000  487.5 -90  51  63  -1.563   0.0   0.0  492
11.000  490.0 -90  51  60  -1.563   0.0   0.0  495
11.000  492.5 -90  51  60  -1.563   0.0   0.0  498
11.000  497.5 -90  51  63  -1.563   0.0   0.0  502
11.000  500.0 -90  51  63  -1.563   0.0   0.0  504
11.000  502.5 -90  51  60  -1.563   0.0   0.0  507
11.000  505.0 -90  51  60  -1.563   0.0   0.0  511
11.000  565.0 -90  51  69  -1.563  30.0  30.0  571
11.000  567.5 -90  51  75   1.563  30.0  30.0  574
11.000  770.0 -90  51  60   1.563 210.0  30.0  780
11.000  772.5 -90  51  69   1.563 330.0  30.0  777
11.000  775.0 -90  51  66   1.563 330.0  30.0  764
11.000  780.0 -90  51  60   1.563 330.0  30.0  795
11.025  565.0  90  51  69   1.563  30.0  30.0  550
11.025  567.5  90  51  78   1.563  30.0  30.0  582
11.025  570.0  90  51  60   1.563  30.0  30.0  560
11.025  797.5  90  51  66   1.563 330.0  30.0  806
11.025  800.0  90  51  63  -1.563 330.0  30.0  814
11.025  802.5  90  51  63   1.563 330.0  30.0  797
11.025  860.0  90  51  60   1.563 270.0  30.0  860
11.025 1162.5  90  51  63   1.563 330.0  30.0 1165
11.025  500.0 -90  51  60  -1.563   0.0   0.0  504
11.025  565.0 -90  51  69   1.563  30.0  30.0  570
11.025  567.5 -90  51  75   1.563  30.0  30.0  576
11.025  772.5 -90  51  72   1.563 330.0  30.0  775
11.025  775.0 -90  51  69  -1.563 330.0  30.0  780
11.025  777.5 -90  51  60  -1.563 210.0  30.0  768
11.050  565.0  90  51  69  -1.563  30.0  30.0  560
11.050  567.5  90  51  78   1.563  30.0  30.0  564
11.050  570.0  90  51  60   1.563  30.0  30.0  557
11.050  797.5  90  51  63  -1.563 330.0  30.0  799
11.050  800.0  90  51  63   1.563 330.0  30.0  802
11.050  802.5  90  51  60  -1.563 210.0  30.0  799
11.050  962.5  90  51  60   1.563   0.0   0.0  965
11.050 1220.0  90  51  60   1.563  90.0  30.0 1217
11.050  565.0 -90  51  69   1.563  30.0  30.0  570
11.050  567.5 -90  51  75   1.563  30.0  30.0  568
11.050  772.5 -90  51  63  -1.563 330.0  30.0  772
11.050  775.0 -90  51  63  -1.563 330.0  30.0  762
11.050  777.5 -90  51  63   1.563 330.0  30.0  777
11.050  860.0 -90  51  60   1.563   0.0   0.0  863
11.050  965.0 -90  51  60  -1.563   0.0   0.0  970
11.075  565.0  90  51  66   1.563  30.0  30.0  564
11.075  567.5  90  51  78   1.563  30.0  30.0  573
11.075  570.0  90  51  63   1.563   0.0   0.0  585
11.075  802.5  90  51  63   1.563 330.0  30.0  800
11.075  805.0  90  51  63  -1.563 330.0  30.0  800
11.075  860.0  90  51  60   1.563   0.0   0.0  864
11.075  565.0 -90  51  69   1.563  30.0  30.0  563
11.075  567.5 -90  51  75   1.563  30.0  30.0  575
11.075  775.0 -90  51  63   1.563 330.0  30.0  773
11.075  777.5 -90  51  63  -1.563 330.0  30.0  787
11.100  565.0  90  51  66   1.563   0.0   0.0  557
11.100  567.5  90  51  78   1.563  30.0  30.0  571
11.100  570.0  90  51  63   1.563   0.0   0.0  581
11.100  800.0  90  51  60   1.563 330.0  30.0  802
11.100  802.5  90  51  63  -1.563 330.0  30.0  802
11.100  805.0  90  51  63   1.563 330.0  30.0  810
11.100  807.5  90  51  69  -1.563 330.0  30.0  807
11.100  810.0  90  51  66  -1.563 330.0  30.0  799
11.100  860.0  90  51  60   1.563   0.0   0.0  870
11.100  565.0 -90  51  66  -1.563  30.0  30.0  577
11.100  567.5 -90  51  72   1.563  30.0  30.0  568
11.100  775.0 -90  51  60   1.563 330.0  30.0  786
11.100  777.5 -90  51  60  -1.563 330.0  30.0  778
11.100  782.5 -90  51  60  -1.563 330.0  30.0  775
11.125  565.0  90  51  63   1.563  30.0  30.0  557
11.125  567.5  90  51  75   1.563  30.0  30.0  574
11.125  570.0  90  51  60  -1.563  30.0  30.0  585
11.125  802.5  90  51  60   1.563 210.0  30.0  805
11.125  805.0  90  51  66  -1.563 330.0  30.0  807
11.125  807.5  90  51  63   1.563 330.0  30.0  796
11.125  810.0  90  51  72   1.563 330.0  30.0  810
11.125  812.5  90  51  69  -1.563 330.0  30.0  816
11.125  815.0  90  51  63   1.563 330.0  30.0  810
11.125  565.0 -90  51  66   1.563  30.0  30.0  564
11.125  567.5 -90  51  72  -1.563  30.0  30.0  569
11.125  780.0 -90  51  63   1.563 330.0  30.0  772
11.125  962.5 -90  51  60   1.563   0.0   0.0  962
11.125  965.0 -90  51  60   1.563   0.0   0.0  974
11.150  565.0  90  51  60  -1.563  30.0  30.0  551
11.150  567.5  90  51  75   1.563  30.0  30.0  569
11.150  570.0  90  51  63  -1.563  30.0  30.0  557
11.150  807.5  90  51  63  -1.563 330.0  30.0  812
11.150  810.0  90  51  66  -1.563 330.0  30.0  804
11.150  812.5  90  51  72  -1.563 330.0  30.0  808
11.150  815.0  90  51  66  -1.563 330.0  30.0  820
11.150  817.5  90  51  60  -1.563 330.0  30.0  829
11.150  820.0  90  51  60  -1.563 330.0  30.0  813
11.150  962.5  90  51  60   1.563   0.0   0.0  968
11.150  565.0 -90  51  63   1.563  30.0  30.0  567
11.150  567.5 -90  51  69  -1.563  30.0  30.0  571
11.150  777.5 -90  51  60   1.563 330.0  30.0  769
11.150  780.0 -90  51  66  -1.563 330.0  30.0  790
11.150  782.5 -90  51  60   1.563 330.0  30.0  797
11.175  565.0  90  51  60  -1.563   0.0   0.0  576
11.175  567.5  90  51  75   1.563  30.0  30.0  573
11.175  570.0  90  51  63   1.563   0.0   0.0  559
11.175  810.0  90  51  60   1.563 330.0  30.0  817
11.175  812.5  90  51  60  -1.563 330.0  30.0  826
11.175  815.0  90  51  66  -1.563 330.0  30.0  821
11.175  817.5  90  51  63   1.563 330.0  30.0  831
11.175  820.0  90  51  66  -1.563 330.0  30.0  816
11.175  565.0 -90  51  60  -1.563  30.0  30.0  556
11.175  567.5 -90  51  69   1.563  30.0  30.0  560
11.175  780.0 -90  51  66   1.563 330.0  30.0  780
11.175  782.5 -90  51  60   1.563 330.0  30.0  787
11.200  565.0  90  51  60   1.563  30.0  30.0  552
11.200  567.5  90  51  75   1.563  30.0  30.0  574
11.200  570.0  90  51  66   1.563  30.0  30.0  578
11.200  817.5  90  51  66  -1.563 330.0  30.0  817
11.200  820.0  90  51  63  -1.563 330.0  30.0  822
11.200  825.0  90  51  60  -1.563 330.0  30.0  819
11.200  565.0 -90  51  63   1.563  30.0  30.0  570
11.200  567.5 -90  51  69   1.563  30.0  30.0  576
11.200  782.5 -90  51  66   1.563 330.0  30.0  782
11.200  785.0 -90  51  63  -1.563 330.0  30.0  786
11.200 1152.5 -90  51  60   1.563   0.0   0.0 1155
11.225  567.5  90  51  75   1.563  30.0  30.0  575
11.225  570.0  90  51  66   1.563  30.0  30.0  558
11.225  817.5  90  51  60  -1.563 330.0  30.0  809
11.225  820.0  90  51  66  -1.563 330.0  30.0  823
11.225  822.5  90  51  63   1.563 330.0  30.0  835
11.225  825.0  90  51  63  -1.563 330.0  30.0  820
11.225  565.0 -90  51  63  -1.563  30.0  30.0  574
11.225  567.5 -90  51  69   1.563   0.0   0.0  563
11.225  782.5 -90  51  66   1.563 330.0  30.0  779
11.225  785.0 -90  51  69  -1.563 330.0  30.0  784
11.225 1152.5 -90  51  60   1.563   0.0   0.0 1158
11.250  567.5  90  51  75   1.563  30.0  30.0  578
11.250  570.0  90  51  66  -1.563  30.0  30.0  560
11.250  820.0  90  51  60  -1.563 330.0  30.0  815
11.250  822.5  90  51  63  -1.563 330.0  30.0  837
11.250  825.0  90  51  66  -1.563 330.0  30.0  830
11.250  827.5  90  51  69  -1.563 330.0  30.0  829
11.250  830.0  90  51  63  -1.563 330.0  30.0  823
11.250  832.5  90  51  63  -1.563 330.0  30.0  834
11.250  565.0 -90  51  60   1.563  30.0  30.0  577
11.250  567.5 -90  51  72   1.563  30.0  30.0  569
11.250  782.5 -90  51  60   1.563 330.0  30.0  774
11.250  785.0 -90  51  63  -1.563 330.0  30.0  787
11.250  790.0 -90  51  60  -1.563 330.0  30.0  785
11.250 1155.0 -90  51  60   1.563  90.0  30.0 1160
11.275  567.5  90  51  78   1.563  30.0  30.0  577
11.275  570.0  90  51  69   1.563  30.0  30.0  569
11.275  827.5  90  51  72  -1.563 330.0  30.0  815
11.275  830.0  90  51  72  -1.563 330.0  30.0  831
11.275  832.5  90  51  69  -1.563 330.0  30.0  842
11.275  837.5  90  51  60   1.563 330.0  30.0  836
11.275  565.0 -90  51  60  -1.563  30.0  30.0  558
11.275  567.5 -90  51  72   1.563  30.0  30.0  575
11.275  570.0 -90  51  60   1.563  30.0  30.0  571
11.275  785.0 -90  51  60   1.563 330.0  30.0  771
11.275  787.5 -90  51  66  -1.563 330.0  30.0  784
11.275  790.0 -90  51  60   1.563 330.0  30.0  778
11.275 1155.0 -90  51  60   1.563   0.0   0.0 1157
11.300  565.0  90  51  60   1.563   0.0   0.0  553
11.300  567.5  90  51  78   1.563  30.0  30.0  575
11.300  570.0  90  51  69  -1.563  30.0  30.0  582
11.300  827.5  90  51  63   1.563 330.0  30.0  834
11.300  830.0  90  51  66  -1.563 330.0  30.0  830
11.300  832.5  90  51  66  -1.563 330.0  30.0  822
11.300  835.0  90  51  66  -1.563 330.0  30.0  835
11.300  565.0 -90  51  60  -1.563  30.0  30.0  552
11.300  567.5 -90  51  75   1.563  30.0  30.0  564
11.300  570.0 -90  51  63  -1.563  30.0  30.0  564
11.300  787.5 -90  51  63  -1.563 330.0  30.0  798
11.300  790.0 -90  51  60   1.563  30.0  30.0  781
11.325  565.0  90  51  60   1.563   0.0   0.0  554
11.325  567.5  90  51  78   1.563  30.0  30.0  571
11.325  570.0  90  51  69  -1.563  30.0  30.0  558
11.325  830.0  90  51  60  -1.563 330.0  30.0  829
11.325  832.5  90  51  63  -1.563 330.0  30.0  827
11.325  835.0  90  51  63  -1.563 330.0  30.0  844
11.325  840.0  90  51  60  -1.563 330.0  30.0  826
11.325  842.5  90  51  60  -1.563 330.0  30.0  853
11.325 1175.0  90  51  60   1.563 330.0  30.0 1180
11.325  565.0 -90  51  60   1.563  30.0  30.0  560
11.325  567.5 -90  51  75   1.563  30.0  30.0  570
11.325  570.0 -90  51  63   1.563  30.0  30.0  557
11.325  792.5 -90  51  60   1.563 330.0  30.0  807
11.325  860.0 -90  51  60   1.563   0.0   0.0  862
11.350  567.5  90  51  78   1.563  30.0  30.0  571
11.350  570.0  90  51  72   1.563  30.0  30.0  563
11.350  837.5  90  51  60  -1.563 330.0  30.0  824
11.350  842.5  90  51  60  -1.563 330.0  30.0  853
11.350  845.0  90  51  60  -1.563 330.0  30.0  855
11.350  847.5  90  51  66  -1.563 330.0  30.0  842
11.350  850.0  90  51  60  -1.563 330.0  30.0  844
11.350  855.0  90  51  63  -1.563 330.0  30.0  852
11.350  857.5  90  51  60  -1.563 330.0  30.0  852
11.350  972.5  90  51  60  -1.563 330.0  30.0  964
11.350  975.0  90  51  60  -1.563  90.0  30.0  968
11.350  977.5  90  51  60  -1.563  90.0  30.0  963
11.350  980.0  90  51  60  -1.563 330.0  30.0  972
11.350  982.5  90  51  60  -1.563  90.0  30.0  986
11.350  565.0 -90  51  60  -1.563  30.0  30.0  554
11.350  567.5 -90  51  75   1.563  30.0  30.0  576
11.350  570.0 -90  51  66   1.563  30.0  30.0  572
11.350  790.0 -90  51  60   1.563 330.0  30.0  781
11.350  792.5 -90  51  60  -1.563 330.0  30.0  793
11.375  567.5  90  51  78   1.563  30.0  30.0  573
11.375  570.0  90  51  72   1.563  30.0  30.0  576
11.375  847.5  90  51  63  -1.563 330.0  30.0  847
11.375  852.5  90  51  66  -1.563 330.0  30.0  862
11.375  855.0  90  51  66  -1.563 330.0  30.0  863
11.375  857.5  90  51  63  -1.563 330.0  30.0  866
11.375  860.0  90  51  63  -1.563 330.0  30.0  852
11.375  862.5  90  51  63  -1.563 330.0  30.0  858
11.375  867.5  90  51  60  -1.563 330.0  30.0  869
11.375  970.0  90  51  60   1.563  90.0  30.0  977
11.375  565.0 -90  51  60   1.563  30.0  30.0  561
11.375  567.5 -90  51  75   1.563  30.0  30.0  573
11.375  570.0 -90  51  66   1.563  30.0  30.0  556
11.375  790.0 -90  51  63  -1.563 330.0  30.0  801
11.375  792.5 -90  51  66  -1.563 330.0  30.0  805
11.375  795.0 -90  51  66  -1.563 330.0  30.0  781
11.375  962.5 -90  51  60   1.563   0.0   0.0  965
11.400  567.5  90  51  75   1.563  30.0  30.0  572
11.400  570.0  90  51  69  -1.563  30.0  30.0  569
11.400  855.0  90  51  60  -1.563 330.0  30.0  864
11.400  857.5  90  51  63  -1.563 330.0  30.0  854
11.400  860.0  90  51  63  -1.563 330.0  30.0  858
11.400  862.5  90  51  63  -1.563 330.0  30.0  860
11.400  867.5  90  51  63  -1.563 330.0  30.0  868
11.400  870.0  90  51  60  -1.563 330.0  30.0  861
11.400  882.5  90  51  63  -1.563 330.0  30.0  885
11.400  907.5  90  51  60  -1.563 330.0  30.0  916
11.400  910.0  90  51  60  -1.563 330.0  30.0  919
11.400  920.0  90  51  60  -1.563 330.0  30.0  930
11.400  567.5 -90  51  75   1.563  30.0  30.0  570
11.400  570.0 -90  51  66   1.563  30.0  30.0  557
11.400  792.5 -90  51  60   1.563 330.0  30.0  788
11.400  795.0 -90  51  63   1.563 330.0  30.0  795
11.425  567.5  90  51  75   1.563  30.0  30.0  574
11.425  570.0  90  51  72   1.563  30.0  30.0  575
11.425  857.5  90  51  60   1.563   0.0   0.0  856
11.425  860.0  90  51  60  -1.563   0.0   0.0  861
11.425  877.5  90  51  60   1.563 330.0  30.0  867
11.425  880.0  90  51  63   1.563 330.0  30.0  881
11.425  882.5  90  51  60  -1.563 330.0  30.0  882
11.425  887.5  90  51  63  -1.563 330.0  30.0  894
11.425  890.0  90  51  63  -1.563 330.0  30.0  894
11.425  910.0  90  51  60  -1.563 330.0  30.0  903
11.425  922.5  90  51  60  -1.563 330.0  30.0  927
11.425  567.5 -90  51  72   1.563  30.0  30.0  575
11.425  570.0 -90  51  63   1.563  30.0  30.0  559
11.425  795.0 -90  51  60  -1.563   0.0   0.0  803
11.425  797.5 -90  51  66  -1.563 330.0  30.0  808
11.425  800.0 -90  51  63   1.563 330.0  30.0  796
11.425  962.5 -90  51  60   1.563   0.0   0.0  965
11.450  567.5  90  51  75   1.563  30.0  30.0  575
11.450  570.0  90  51  72   1.563  30.0  30.0  575
11.450  860.0  90  51  60   1.563  30.0  30.0  869
11.450  567.5 -90  51  72   1.563  30.0  30.0  575
11.450  570.0 -90  51  63  -1.563  30.0  30.0  577
11.450  795.0 -90  51  60  -1.563 330.0  30.0  794
11.450  797.5 -90  51  63  -1.563 330.0  30.0  801
11.450  800.0 -90  51  60  -1.563 330.0  30.0  797
11.450  962.5 -90  51  60   1.563   0.0   0.0  966
11.450  965.0 -90  51  60   1.563   0.0   0.0  967
11.475  567.5  90  51  75   1.563  30.0  30.0  574
11.475  570.0  90  51  72   1.563  30.0  30.0  579
11.475  857.5  90  51  60   1.563   0.0   0.0  866
11.475  860.0  90  51  60   1.563   0.0   0.0  863
11.475  567.5 -90  51  72   1.563  30.0  30.0  558
11.475  570.0 -90  51  63  -1.563  30.0  30.0  584
11.475  800.0 -90  51  60   1.563 330.0  30.0  800
11.475  962.5 -90  51  63   1.563   0.0   0.0  965
11.475  965.0 -90  51  63   1.563   0.0   0.0  969
11.500  567.5  90  51  75   1.563  30.0  30.0  571
11.500  570.0  90  51  72   1.563  30.0  30.0  576
11.500  857.5  90  51  60   1.563   0.0   0.0  857
11.500  567.5 -90  51  72   1.563  30.0  30.0  569
11.500  570.0 -90  51  60  -1.563   0.0   0.0  562
11.500  800.0 -90  51  60  -1.563 330.0  30.0  791
11.500  802.5 -90  51  60  -1.563 330.0  30.0  807
11.500  805.0 -90  51  60  -1.563 330.0  30.0  814
11.500  962.5 -90  51  60   1.563   0.0   0.0  967
11.500  965.0 -90  51  60   1.563   0.0   0.0  966
11.525  567.5  90  51  75   1.563  30.0  30.0  560
11.525  570.0  90  51  75   1.563  30.0  30.0  574
11.525 1182.5  90  51  60   1.563  90.0  30.0 1186
11.525  567.5 -90  51  72   1.563  30.0  30.0  577
11.525  570.0 -90  51  63  -1.563  30.0  30.0  567
11.525  805.0 -90  51  63  -1.563 330.0  30.0  803
11.525 1162.5 -90  51  60   1.563   0.0   0.0 1165
11.525 1165.0 -90  51  60   1.563   0.0   0.0 1168
11.525 1172.5 -90  51  60   1.563   0.0   0.0 1179
11.550  567.5  90  51  75   1.563 270.0  30.0  569
11.550  570.0  90  51  75   1.563 270.0  30.0  572
11.550  567.5 -90  51  72   1.563 270.0  30.0  567
11.550  570.0 -90  51  69   1.563 150.0  30.0  568
11.575  567.5  90  51  75   1.563 270.0  30.0  571
11.575  570.0  90  51  75   1.563 270.0  30.0  571
11.575  567.5 -90  51  75   1.563 270.0  30.0  570
11.575  570.0 -90  51  72   1.563 270.0  30.0  579
11.575  807.5 -90  51  60  -1.563  90.0  30.0  801
11.575  810.0 -90  51  60  -1.563  90.0  30.0  802
11.600  567.5  90  51  75   1.563 270.0  30.0  571
11.600  570.0  90  51  75   1.563 270.0  30.0  572
11.600  567.5 -90  51  75   1.563 270.0  30.0  568
11.600  570.0 -90  51  75   1.563 270.0  30.0  570
11.600 1167.5 -90  51  60   1.563   0.0   0.0 1172
11.625  567.5  90  51  72   1.563 270.0  30.0  564
11.625  570.0  90  51  75   1.563 270.0  30.0  569
11.625  567.5 -90  51  75   1.563 270.0  30.0  571
11.625  570.0 -90  51  72   1.563 150.0  30.0  573
11.625  860.0 -90  51  60   1.563   0.0   0.0  864
11.625 1175.0 -90  51  60   1.563   0.0   0.0 1174
11.650  567.5  90  51  72   1.563 270.0  30.0  568
11.650  570.0  90  51  75   1.563 270.0  30.0  570
11.650  567.5 -90  51  75   1.563 270.0  30.0  568
11.650  570.0 -90  51  72   1.563 270.0  30.0  572
11.650  817.5 -90  51  60   1.563  90.0  30.0  809
11.650  965.0 -90  51  60   1.563 210.0  30.0  966
11.675  567.5  90  54  72  -1.563 270.0  30.0  570
11.675  570.0  90  54  75   1.563 270.0  30.0  571
11.675  567.5 -90  54  75   1.563 270.0  30.0  565
11.675  570.0 -90  54  75   1.563 270.0  30.0  570
11.675  820.0 -90  54  63  -1.563  90.0  30.0  830
11.675 1170.0 -90  54  63   1.563   0.0   0.0 1172
11.675 1172.5 -90  54  66   1.563   0.0   0.0 1173
11.700  567.5  90  54  69   1.563 270.0  30.0  573
11.700  570.0  90  54  75   1.563 270.0  30.0  570
11.700  967.5  90  54  63   1.563   0.0   0.0  969
11.700  567.5 -90  54  72   1.563 270.0  30.0  563
11.700  570.0 -90  54  72   1.563 270.0  30.0  569
11.700  822.5 -90  54  63  -1.563  90.0  30.0  832
11.700  967.5 -90  54  63   1.563   0.0   0.0  973
11.725  567.5  90  54  69   1.563 270.0  30.0  569
11.725  570.0  90  54  75   1.563 270.0  30.0  570
11.725  567.5 -90  54  72   1.563 270.0  30.0  568
11.725  570.0 -90  54  72   1.563 150.0  30.0  567
11.725  827.5 -90  54  63  -1.563  90.0  30.0  831
11.750  567.5  90  57  66   1.563 270.0  30.0  574
11.750  570.0  90  57  75   1.563 270.0  30.0  576
11.750  567.5 -90  57  69  -1.563 270.0  30.0  571
11.750  570.0 -90  57  69   1.563 270.0  30.0  582
11.775  567.5  90  57  66  -1.563 150.0  30.0  556
11.775  570.0  90  57  72   1.563 270.0  30.0  568
11.775  567.5 -90  57  69   1.563 270.0  30.0  580
11.775  570.0 -90  57  69   1.563 270.0  30.0  582
11.800  567.5  90  57  69   1.563   0.0   0.0  553
11.800  570.0  90  57  75   1.563 150.0  30.0  565
11.800  967.5  90  57  66   1.563   0.0   0.0  970
11.800  567.5 -90  57  69   1.563 270.0  30.0  571
11.800  570.0 -90  57  72   1.563 270.0  30.0  574
11.800  860.0 -90  57  66   1.563  90.0  30.0  846
11.825  567.5  90  54  66   1.563 150.0  30.0  573
11.825  570.0  90  54  75   1.563 270.0  30.0  570
11.825  572.5  90  54  63   1.563   0.0   0.0  559
11.825  857.5  90  54  63   1.563   0.0   0.0  865
11.825  860.0  90  54  63   1.563 150.0  30.0  864
11.825  967.5  90  54  63   1.563   0.0   0.0  971
11.825  567.5 -90  54  69   1.563 270.0  30.0  575
11.825  570.0 -90  54  72   1.563 270.0  30.0  568
11.825  967.5 -90  54  63   1.563   0.0   0.0  971
11.850  567.5  90  54  66  -1.563 270.0  30.0  558
11.850  570.0  90  54  75   1.563 270.0  30.0  573
11.850  857.5  90  54  63   1.563   0.0   0.0  861
11.850  860.0  90  54  63   1.563   0.0   0.0  863
11.850  967.5  90  54  66   1.563   0.0   0.0  971
11.850  567.5 -90  54  69   1.563 150.0  30.0  575
11.850  570.0 -90  54  72   1.563 150.0  30.0  574
11.850  967.5 -90  54  63   1.563   0.0   0.0  971
11.875  567.5  90  57  66   1.563 270.0  30.0  579
11.875  570.0  90  57  75   1.563 270.0  30.0  569
11.875  860.0  90  57  66   1.563   0.0   0.0  864
11.875  567.5 -90  57  69   1.563 150.0  30.0  577
11.875  570.0 -90  57  75   1.563 270.0  30.0  569
11.875  967.5 -90  57  66   1.563   0.0   0.0  968
11.875 1180.0 -90  57  66  -1.563   0.0   0.0 1183
11.900  570.0  90  60  75   1.563 270.0  30.0  574
11.900  570.0 -90  63  75   1.563 150.0  30.0  575
11.925  570.0  90  54  63   1.563 270.0  30.0  567
11.925  570.0 -90  51  63  -1.563 150.0  30.0  572
11.950  570.0  90  51  60   1.563 270.0  30.0  567
11.950 1247.5  90  51  60   1.563  90.0  30.0 1253
11.975  570.0  90  48  60   1.563 270.0  30.0  569
11.975  570.0 -90  48  57  -1.563 150.0  30.0  567
12.000  570.0  90  39  60   1.563 270.0  30.0  568
12.000  572.5  90  39  48  -1.563 270.0  30.0  576
12.000  857.5  90  39  48   1.563   0.0   0.0  860
12.000  860.0  90  39  48   1.563   0.0   0.0  861
12.000  967.5  90  39  51   1.563   0.0   0.0  970
12.000 1220.0  90  39  48  -1.563 210.0  30.0 1230
12.000  570.0 -90  42  54   1.563 270.0  30.0  577
12.000 1185.0 -90  42  51   1.563   0.0   0.0 1188
12.025  570.0  90  42  60   1.563 270.0  30.0  569
12.025  572.5  90  42  51   1.563 150.0  30.0  574
12.025  967.5  90  42  51   1.563   0.0   0.0  971
12.025  970.0  90  42  51   1.563   0.0   0.0  972
12.025  567.5 -90  42  51   1.563 270.0  30.0  582
12.025  570.0 -90  42  57   1.563 270.0  30.0  572
12.025  967.5 -90  42  51   1.563   0.0   0.0  970
12.025 1185.0 -90  42  51   1.563   0.0   0.0 1188
12.025 1187.5 -90  42  51   1.563   0.0   0.0 1192
12.050  570.0  90  39  60   1.563 270.0  30.0  571
12.050  572.5  90  39  51   1.563 270.0  30.0  567
12.050  967.5  90  39  48   1.563   0.0   0.0  970
12.050  970.0  90  39  54   1.563   0.0   0.0  973
12.050  567.5 -90  39  51   1.563 270.0  30.0  575
12.050  570.0 -90  39  60   1.563 150.0  30.0  567
12.075  570.0  90  39  60   1.563 270.0  30.0  572
12.075  572.5  90  39  54   1.563 270.0  30.0  583
12.075 1227.5  90  39  48   1.563   0.0   0.0 1234
12.075  567.5 -90  39  48   1.563 270.0  30.0  554
12.075  570.0 -90  39  60   1.563 150.0  30.0  570
12.075  572.5 -90  39  48   1.563 150.0  30.0  580
12.100  570.0  90  42  60   1.563 150.0  30.0  569
12.100  572.5  90  42  54   1.563 270.0  30.0  576
12.100  972.5  90  42  51   1.563   0.0   0.0  974
12.100  570.0 -90  42  63   1.563 150.0  30.0  568
12.100  572.5 -90  42  51  -1.563 150.0  30.0  559
12.100 1192.5 -90  42  51   1.563   0.0   0.0 1196
12.125  570.0  90  39  60   1.563 270.0  30.0  571
12.125  572.5  90  39  54   1.563 270.0  30.0  569
12.125  967.5  90  39  48   1.563 210.0  30.0  979
12.125  970.0  90  39  54   1.563   0.0   0.0  973
12.125  972.5  90  39  48  -1.563   0.0   0.0  977
12.125  567.5 -90  39  48  -1.563 270.0  30.0  580
12.125  570.0 -90  39  63   1.563 150.0  30.0  570
12.125  572.5 -90  39  54   1.563 150.0  30.0  564
12.125 1190.0 -90  39  48   1.563   0.0   0.0 1186
12.125 1192.5 -90  39  48   1.563   0.0   0.0 1196
12.125 1195.0 -90  39  51  -1.563   0.0   0.0 1199
12.125 1197.5 -90  39  48  -1.563   0.0   0.0 1201
12.125 1210.0 -90  39  48  -1.563   0.0   0.0 1209
12.150  570.0  90  39  60   1.563 270.0  30.0  573
12.150  572.5  90  39  57   1.563 270.0  30.0  572
12.150  967.5  90  39  48  -1.563   0.0   0.0  973
12.150  970.0  90  39  54   1.563   0.0   0.0  973
12.150  972.5  90  39  48   1.563   0.0   0.0  979
12.150  567.5 -90  39  48   1.563 270.0  30.0  554
12.150  570.0 -90  39  63   1.563 150.0  30.0  570
12.150  572.5 -90  39  54   1.563 150.0  30.0  582
12.150  967.5 -90  39  51   1.563   0.0   0.0  972
12.150 1195.0 -90  39  48   1.563   0.0   0.0 1204
12.150 1197.5 -90  39  51  -1.563   0.0   0.0 1201
12.150 1200.0 -90  39  48  -1.563   0.0   0.0 1203
12.175  570.0  90  39  57   1.563 270.0  30.0  570
12.175  572.5  90  39  57   1.563 270.0  30.0  570
12.175  570.0 -90  42  63   1.563 150.0  30.0  572
12.175  572.5 -90  42  54   1.563 150.0  30.0  581
12.200  570.0  90  39  57   1.563 270.0  30.0  573
12.200  572.5  90  39  57   1.563 270.0  30.0  573
12.200  570.0 -90  42  63   1.563 150.0  30.0  570
12.200  572.5 -90  42  51  -1.563 150.0  30.0  579
12.200  970.0 -90  42  54   1.563   0.0   0.0  975
12.225  570.0  90  42  57   1.563 150.0  30.0  569
12.225  572.5  90  42  60   1.563 270.0  30.0  570
12.225  570.0 -90  42  63   1.563 150.0  30.0  571
12.225  572.5 -90  42  51   1.563 270.0  30.0  574
12.225  967.5 -90  42  54   1.563   0.0   0.0  972
12.225  970.0 -90  42  51   1.563   0.0   0.0  970
12.250  570.0  90  42  60   1.563 150.0  30.0  572
12.250  572.5  90  42  60   1.563 150.0  30.0  575
12.250  570.0 -90  39  63   1.563 150.0  30.0  570
12.250  572.5 -90  39  54   1.563 150.0  30.0  583
12.250  967.5 -90  39  51   1.563   0.0   0.0  971
12.250 1207.5 -90  39  48   1.563   0.0   0.0 1212
12.275  570.0  90  39  60   1.563 150.0  30.0  569
12.275  572.5  90  39  60   1.563 150.0  30.0  572
12.275  857.5  90  39  51   1.563 150.0  30.0  861
12.275  860.0  90  39  51   1.563   0.0   0.0  865
12.275 1247.5  90  39  48   1.563   0.0   0.0 1255
12.275  570.0 -90  42  63   1.563 150.0  30.0  570
12.275  572.5 -90  42  57   1.563 150.0  30.0  571
12.275  967.5 -90  42  51   1.563   0.0   0.0  971
12.275  970.0 -90  42  51   1.563   0.0   0.0  969
12.300  570.0  90  39  60   1.563 150.0  30.0  574
12.300  572.5  90  39  60   1.563 150.0  30.0  575
12.300  857.5  90  39  48   1.563   0.0   0.0  859
12.300  860.0  90  39  51   1.563 330.0  30.0  863
12.300  970.0  90  39  48   1.563   0.0   0.0  974
12.300  570.0 -90  42  63   1.563 150.0  30.0  571
12.300  572.5 -90  42  60   1.563 150.0  30.0  569
12.300  967.5 -90  42  54   1.563   0.0   0.0  971
12.300  970.0 -90  42  51   1.563   0.0   0.0  972
12.300 1207.5 -90  42  51   1.563   0.0   0.0 1209
12.325  570.0  90  42  57   1.563 150.0  30.0  573
12.325  572.5  90  42  57   1.563 150.0  30.0  575
12.325  860.0  90  42  51   1.563   0.0   0.0  861
12.325  570.0 -90  42  63   1.563 150.0  30.0  572
12.325  572.5 -90  42  60   1.563 150.0  30.0  571
12.325  967.5 -90  42  54   1.563   0.0   0.0  973
12.325  970.0 -90  42  57   1.563   0.0   0.0  972
12.325 1202.5 -90  42  51  -1.563   0.0   0.0 1205
12.325 1207.5 -90  42  51  -1.563 210.0  30.0 1215
12.350  570.0  90  42  54   1.563 150.0  30.0  572
12.350  572.5  90  42  57   1.563 150.0  30.0  576
12.350  860.0  90  42  54   1.563 150.0  30.0  862
12.350  570.0 -90  42  63   1.563 150.0  30.0  572
12.350  572.5 -90  42  60   1.563 150.0  30.0  573
12.350  967.5 -90  42  51   1.563   0.0   0.0  974
12.350  970.0 -90  42  54   1.563   0.0   0.0  973
12.350 1207.5 -90  42  51  -1.563 330.0  30.0 1211
12.375  570.0  90  54  63   1.563 150.0  30.0  563
12.375  572.5  90  54  66   1.563 270.0  30.0  570
12.375  857.5  90  54  63   1.563 150.0  30.0  861
12.375  860.0  90  54  66   1.563 330.0  30.0  861
12.375  570.0 -90  54  75   1.563 150.0  30.0  569
12.375  572.5 -90  54  72   1.563 150.0  30.0  573
12.400  572.5  90  54  66   1.563 270.0  30.0  575
12.400  857.5  90  54  63   1.563 330.0  30.0  861
12.400  860.0  90  54  63   1.563 330.0  30.0  861
12.400  570.0 -90  51  75  -1.563 150.0  30.0  569
12.400  572.5 -90  51  72   1.563 150.0  30.0  572
12.400  970.0 -90  51  60   1.563   0.0   0.0  976
12.400 1215.0 -90  51  60  -1.563   0.0   0.0 1218
12.425  572.5  90  54  66   1.563 150.0  30.0  570
12.425  857.5  90  54  63   1.563   0.0   0.0  857
12.425  860.0  90  54  66   1.563   0.0   0.0  860
12.425  570.0 -90  54  72   1.563 150.0  30.0  572
12.425  572.5 -90  54  72   1.563 150.0  30.0  570
12.450  570.0  90  54  63  -1.563 150.0  30.0  584
12.450  572.5  90  54  69   1.563 150.0  30.0  570
12.450  857.5  90  54  63   1.563 150.0  30.0  863
12.450  860.0  90  54  66   1.563 330.0  30.0  858
12.450  972.5  90  54  63   1.563   0.0   0.0  974
12.450  570.0 -90  54  72  -1.563 150.0  30.0  572
12.450  572.5 -90  54  72   1.563 150.0  30.0  572
12.450  970.0 -90  54  63   1.563   0.0   0.0  971
12.475  570.0  90  54  66   1.563 150.0  30.0  562
12.475  572.5  90  54  72   1.563 150.0  30.0  571
12.475  857.5  90  54  63   1.563 330.0  30.0  861
12.475  860.0  90  54  66   1.563 330.0  30.0  861
12.475  972.5  90  54  63   1.563   0.0   0.0  976
12.475  570.0 -90  54  72   1.563 150.0  30.0  569
12.475  572.5 -90  54  75   1.563 150.0  30.0  572
12.475  970.0 -90  54  66   1.563   0.0   0.0  973
12.500  570.0  90  54  66   1.563 150.0  30.0  556
12.500  572.5  90  54  72   1.563 150.0  30.0  577
12.500  857.5  90  54  63   1.563 330.0  30.0  864
12.500  860.0  90  54  66   1.563 330.0  30.0  862
12.500  570.0 -90  54  72   1.563 150.0  30.0  571
12.500  572.5 -90  54  75   1.563 150.0  30.0  570
12.500  970.0 -90  54  66   1.563   0.0   0.0  976
12.525  570.0  90  51  66   1.563 150.0  30.0  579
12.525  572.5  90  51  72   1.563 150.0  30.0  574
12.525  857.5  90  51  66   1.563 330.0  30.0  862
12.525  860.0  90  51  66   1.563 330.0  30.0  863
12.525  570.0 -90  54  72   1.563 150.0  30.0  572
12.525  572.5 -90  54  75   1.563 150.0  30.0  570
12.525  970.0 -90  54  66   1.563   0.0   0.0  971
12.550  572.5  90  54  69   1.563 150.0  30.0  573
12.550  857.5  90  54  63   1.563 330.0  30.0  863
12.550  860.0  90  54  66   1.563 330.0  30.0  862
12.550  570.0 -90  54  72   1.563 150.0  30.0  571
12.550  572.5 -90  54  75   1.563 150.0  30.0  575
12.550  970.0 -90  54  69   1.563   0.0   0.0  973
12.575  572.5  90  54  69   1.563 270.0  30.0  573
12.575  857.5  90  54  63   1.563 330.0  30.0  865
12.575  860.0  90  54  66   1.563 330.0  30.0  863
12.575  570.0 -90  54  69   1.563 150.0  30.0  570
12.575  572.5 -90  54  75   1.563 150.0  30.0  575
12.575  970.0 -90  54  66   1.563   0.0   0.0  973
12.600  572.5  90  54  63   1.563 270.0  30.0  576
12.600  857.5  90  54  63   1.563 330.0  30.0  862
12.600  860.0  90  54  66   1.563   0.0   0.0  859
12.600  570.0 -90  54  69  -1.563 150.0  30.0  578
12.600  572.5 -90  54  75   1.563 150.0  30.0  574
12.600  970.0 -90  54  63  -1.563   0.0   0.0  974
12.600  972.5 -90  54  63   1.563   0.0   0.0  977
12.625  572.5  90  54  63   1.563   0.0   0.0  562
12.625  857.5  90  54  63   1.563 330.0  30.0  863
12.625  860.0  90  54  66   1.563 330.0  30.0  863
12.625  570.0 -90  54  66   1.563 150.0  30.0  574
12.625  572.5 -90  54  75   1.563 150.0  30.0  573
12.650  572.5  90  54  66   1.563 150.0  30.0  574
12.650  857.5  90  54  63   1.563 330.0  30.0  862
12.650  860.0  90  54  66   1.563 330.0  30.0  861
12.650  570.0 -90  54  66  -1.563 150.0  30.0  574
12.650  572.5 -90  54  75   1.563 150.0  30.0  572
12.675  572.5  90  54  69   1.563 150.0  30.0  569
12.675  860.0  90  54  66   1.563 330.0  30.0  864
12.675  570.0 -90  54  66   1.563 150.0  30.0  557
12.675  572.5 -90  54  75   1.563 150.0  30.0  572
12.675  972.5 -90  54  63   1.563   0.0   0.0  977
12.675 1232.5 -90  54  63  -1.563   0.0   0.0 1231
12.700  572.5  90  54  72   1.563 150.0  30.0  576
12.700  575.0  90  54  63   1.563 150.0  30.0  578
12.700  860.0  90  54  63   1.563 330.0  30.0  862
12.700  570.0 -90  54  66  -1.563 150.0  30.0  575
12.700  572.5 -90  54  75   1.563 150.0  30.0  571
12.700 1235.0 -90  54  63   1.563   0.0   0.0 1239
12.725  572.5  90  54  72   1.563 150.0  30.0  577
12.725  575.0  90  54  63  -1.563 150.0  30.0  584
12.725  857.5  90  54  63   1.563 330.0  30.0  861
12.725  860.0  90  54  63   1.563 330.0  30.0  860
12.725  570.0 -90  54  63   1.563 150.0  30.0  557
12.725  572.5 -90  54  75   1.563 150.0  30.0  575
12.725  575.0 -90  54  63   1.563 150.0  30.0  587
12.750  572.5  90  54  72   1.563 150.0  30.0  572
12.750  575.0  90  54  63   1.563 150.0  30.0  571
12.750  860.0  90  54  66   1.563 330.0  30.0  863
12.750  405.0 -90  54  63  -4.688  90.0  30.0  393
12.750  570.0 -90  54  63   1.563 150.0  30.0  566
12.750  572.5 -90  54  75   1.563 150.0  30.0  571
12.750  575.0 -90  54  63   1.563 150.0  30.0  566
12.775  572.5  90  66  81   1.563 270.0  30.0  571
12.775  575.0  90  66  75   1.563 270.0  30.0  574
12.775  860.0  90  66  75   1.563 330.0  30.0  864
12.775  570.0 -90  66  75  -1.563 150.0  30.0  559
12.775  572.5 -90  66  87   1.563 150.0  30.0  571
12.775  575.0 -90  66  78   1.563 150.0  30.0  584
12.800  572.5  90  66  75   1.563 270.0  30.0  575
12.800  575.0  90  66  75  -1.563 150.0  30.0  577
12.800  860.0  90  66  75   1.563 330.0  30.0  863
12.800  572.5 -90  66  84   1.563 150.0  30.0  572
12.825  572.5  90  66  75   1.563 270.0  30.0  585
12.825  575.0  90  66  75   1.563 150.0  30.0  567
12.825  860.0  90  66  75   1.563  90.0  30.0  861
12.825  570.0 -90  66  75  -1.563 150.0  30.0  573
12.825  572.5 -90  66  84   1.563 150.0  30.0  572
12.825  860.0 -90  66  75   1.563  90.0  30.0  863
12.850  572.5  90  69  78  -1.563 150.0  30.0  582
12.850  575.0  90  69  78  -1.563 150.0  30.0  576
12.850  572.5 -90  66  84   1.563 150.0  30.0  574
12.850  575.0 -90  66  75  -1.563 150.0  30.0  564
12.850  860.0 -90  66  78   1.563 330.0  30.0  863
12.875  572.5  90  69  84   1.563 150.0  30.0  570
12.875  575.0  90  69  81   1.563 150.0  30.0  571
12.875  572.5 -90  69  87   1.563 150.0  30.0  575
12.875  575.0 -90  69  81  -1.563 150.0  30.0  585
12.900  572.5  90  66  84   1.563 150.0  30.0  583
12.900  575.0  90  66  84   1.563 150.0  30.0  577
12.900  860.0  90  66  75   1.563   0.0   0.0  863
12.900  572.5 -90  66  90   1.563 150.0  30.0  576
12.900  575.0 -90  66  87   1.563 150.0  30.0  569
12.900  860.0 -90  66  75   1.563  30.0  30.0  857
12.925  572.5  90  66  81   1.563 150.0  30.0  575
12.925  575.0  90  66  84   1.563 150.0  30.0  575
12.925  572.5 -90  66  90   1.563 150.0  30.0  569
12.925  575.0 -90  66  87   1.563 150.0  30.0  573
12.950  572.5  90  69  78   1.563 150.0  30.0  564
12.950  575.0  90  69  81   1.563 150.0  30.0  568
12.950  572.5 -90  69  87  -1.563 150.0  30.0  570
12.950  575.0 -90  69  84   1.563 150.0  30.0  569
12.975  572.5 -90  72  87   1.563 150.0  30.0  572
12.975  575.0 -90  72  81   1.563 150.0  30.0  563
13.000  575.0  90  69  78  -1.563 150.0  30.0  570
13.000  502.5 -90  69  78  -1.563  90.0  30.0  502
13.000  572.5 -90  69  87   1.563 150.0  30.0  571
13.000  575.0 -90  69  81   1.563 150.0  30.0  578
13.025  572.5  90  66  75  -1.563 150.0  30.0  574
13.025  575.0  90  66  81   1.563 150.0  30.0  575
13.025  572.5 -90  66  87   1.563 150.0  30.0  574
13.025  575.0 -90  66  87   1.563 150.0  30.0  578
13.050  572.5  90  66  78  -1.563 150.0  30.0  560
13.050  575.0  90  66  84   1.563 150.0  30.0  573
13.050  572.5 -90  66  87   1.563 150.0  30.0  572
13.050  575.0 -90  66  87   1.563 150.0  30.0  573
13.075  572.5  90  66  78   1.563 150.0  30.0  575
13.075  575.0  90  66  84   1.563 150.0  30.0  578
13.075  572.5 -90  66  87   1.563 150.0  30.0  578
13.075  575.0 -90  66  87   1.563 150.0  30.0  577
13.100  572.5  90  66  75   1.563 150.0  30.0  566
13.100  575.0  90  66  81   1.563 150.0  30.0  575
13.100  572.5 -90  66  84  -1.563 150.0  30.0  573
13.100  575.0 -90  66  87   1.563 150.0  30.0  576
13.125  572.5  90  63  72   1.563 210.0  30.0  580
13.125  575.0  90  63  78   1.563 150.0  30.0  583
13.125  572.5 -90  63  84   1.563 150.0  30.0  575
13.125  575.0 -90  63  84   1.563 150.0  30.0  578
13.150  572.5 -90  66  81   1.563 150.0  30.0  573
13.150  575.0 -90  66  81   1.563 150.0  30.0  571
13.175  575.0  90  66  75   1.563 150.0  30.0  580
13.175  572.5 -90  66  78   1.563 150.0  30.0  571
13.175  575.0 -90  66  81   1.563 150.0  30.0  576
13.200  575.0  90  66  78  -1.563 150.0  30.0  579
13.200  572.5 -90  66  81   1.563 150.0  30.0  561
13.200  575.0 -90  66  84   1.563 150.0  30.0  574
13.225  575.0  90  66  78   1.563 150.0  30.0  574
13.225  572.5 -90  66  81   1.563 150.0  30.0  581
13.225  575.0 -90  66  87   1.563 150.0  30.0  577
13.250  575.0  90  66  78   1.563 150.0  30.0  575
13.250  572.5 -90  63  78   1.563 150.0  30.0  571
13.250  575.0 -90  63  87   1.563 150.0  30.0  578
13.275  572.5 -90  66  78  -1.563 150.0  30.0  564
13.275  575.0 -90  66  87   1.563 150.0  30.0  575
13.300  575.0  90  66  75   1.563 150.0  30.0  567
13.300  572.5 -90  66  78  -1.563 150.0  30.0  571
13.300  575.0 -90  66  87   1.563 150.0  30.0  573
13.325  572.5  90  63  72   4.688   0.0   0.0  576
13.325  575.0  90  63  75  -1.563 150.0  30.0  575
13.325 1000.0  90  63  72  -1.563   0.0   0.0  995
13.325  572.5 -90  63  75  -1.563 150.0  30.0  562
13.325  575.0 -90  63  87   1.563 150.0  30.0  574
13.450  575.0 -90  66  84   1.563 150.0  30.0  574
13.450  577.5 -90  66  75   1.563 150.0  30.0  581
13.475 1170.0  90  69  78  -4.688   0.0   0.0 1170
13.475  575.0 -90  66  84   1.563 150.0  30.0  577
13.475  577.5 -90  66  75  -1.563 150.0  30.0  564
13.500  575.0 -90  69  81  -1.563 150.0  30.0  561
13.525  577.5  90  69  78  -1.563 150.0  30.0  577
13.525  575.0 -90  69  84  -1.563 150.0  30.0  576
13.525  577.5 -90  69  78  -1.563 150.0  30.0  584
13.550  575.0  90  66  75   1.563 150.0  30.0  583
13.550  577.5  90  66  81   1.563 150.0  30.0  578
13.550  575.0 -90  66  84   1.563 150.0  30.0  569
13.550  577.5 -90  66  81   1.563 150.0  30.0  577
13.575  575.0  90  66  78   1.563 150.0  30.0  587
13.575  577.5  90  66  84   1.563 150.0  30.0  578
13.575  575.0 -90  66  84   1.563 150.0  30.0  576
13.575  577.5 -90  66  81   1.563 150.0  30.0  576
13.600  577.5  90  66  84   1.563 150.0  30.0  581
13.600  575.0 -90  66  84  -1.563 150.0  30.0  574
13.600  577.5 -90  66  81   1.563 150.0  30.0  575
13.625  577.5  90  63  81   1.563 150.0  30.0  577
13.625  575.0 -90  63  84   1.563 150.0  30.0  575
13.625  577.5 -90  63  81   1.563 150.0  30.0  579
13.650  575.0  90  63  72  -1.563 330.0  30.0  580
13.650  577.5  90  63  84   1.563 150.0  30.0  578
13.650  580.0  90  63  72   1.563 150.0  30.0  589
13.650  575.0 -90  63  81   1.563 150.0  30.0  577
13.650  577.5 -90  63  84   1.563 150.0  30.0  580
13.675  575.0  90  27  39   1.563 150.0  30.0  590
13.675  577.5  90  27  48   1.563 150.0  30.0  578
13.675  580.0  90  27  36  -1.563 150.0  30.0  592
13.675  575.0 -90  27  45   1.563 150.0  30.0  576
13.675  577.5 -90  27  48   1.563 150.0  30.0  580
13.675  992.5 -90  27  36  -4.688   0.0   0.0  997
13.700  575.0  90  27  36  -1.563 150.0  30.0  562
13.700  577.5  90  27  48   1.563 150.0  30.0  581
13.700  580.0  90  27  39  -1.563 150.0  30.0  585
13.700  575.0 -90  27  45   1.563 150.0  30.0  575
13.700  577.5 -90  27  48   1.563 150.0  30.0  578
13.725  577.5  90  27  48   1.563 150.0  30.0  577
13.725  580.0  90  27  42   1.563 150.0  30.0  578
13.725  575.0 -90  27  42   1.563 150.0  30.0  570
13.725  577.5 -90  27  45   1.563 150.0  30.0  576
13.750  577.5  90  27  48   1.563 150.0  30.0  578
13.750  580.0  90  27  42  -1.563 150.0  30.0  581
13.750  575.0 -90  27  42   1.563 150.0  30.0  576
13.750  577.5 -90  27  48   1.563 150.0  30.0  578
13.775  577.5  90  30  51   1.563 150.0  30.0  577
13.775  580.0  90  30  45   1.563 150.0  30.0  583
13.775  575.0 -90  27  42  -1.563 150.0  30.0  575
13.775  577.5 -90  27  48   1.563 150.0  30.0  575
13.800  577.5  90  30  51   1.563 150.0  30.0  582
13.800  580.0  90  30  45   1.563 150.0  30.0  584
13.800  575.0 -90  30  39   1.563 150.0  30.0  564
13.800  577.5 -90  30  51   1.563 150.0  30.0  575
13.825  577.5  90  27  48   1.563 150.0  30.0  581
13.825  580.0  90  27  45   1.563 150.0  30.0  582
13.825  575.0 -90  27  39   1.563 150.0  30.0  566
13.825  577.5 -90  27  48   1.563 150.0  30.0  577
13.850  577.5  90  27  48   1.563 150.0  30.0  579
13.850  580.0  90  27  48   1.563 150.0  30.0  580
13.850  575.0 -90  27  39  -1.563 150.0  30.0  570
13.850  577.5 -90  27  48   1.563 150.0  30.0  577
13.875  577.5  90  63  84   1.563 150.0  30.0  578
13.875  580.0  90  63  84   1.563 150.0  30.0  579
13.875  575.0 -90  63  72   1.563 150.0  30.0  583
13.875  577.5 -90  63  84   1.563 150.0  30.0  578
13.900  577.5  90  63  84   1.563 150.0  30.0  578
13.900  580.0  90  63  84   1.563 150.0  30.0  582
13.900  577.5 -90  63  84   1.563 150.0  30.0  578
13.900  580.0 -90  63  75   1.563 150.0  30.0  588
13.925  577.5  90  63  84   1.563 150.0  30.0  575
13.925  580.0  90  63  84   1.563 150.0  30.0  579
13.925  577.5 -90  63  87   1.563 150.0  30.0  577
13.925  580.0 -90  63  78   1.563 150.0  30.0  587
13.950  577.5  90  63  81   1.563 150.0  30.0  582
13.950  580.0  90  63  84   1.563 150.0  30.0  580
13.950  577.5 -90  63  84   1.563 150.0  30.0  578
13.950  580.0 -90  63  78   1.563 150.0  30.0  590
13.975  577.5  90  63  81   1.563 150.0  30.0  578
13.975  580.0  90  63  84   1.563 150.0  30.0  577
13.975  577.5 -90  63  84   1.563 150.0  30.0  578
13.975  580.0 -90  63  75   1.563 150.0  30.0  585
