2023.03.28 (087) 00:00:00.000
Station name: San Vito
URSI code: VT139
Ionosonde model: DPS-4D
  Freq  Range Pol MPA Amp Doppler    Az    Zn  PGH
 2.000  332.5  90  63  81   0.781   0.0   0.0  337
 2.000  667.5  90  63  75   0.781   0.0   0.0  673
 2.000  670.0  90  63  72   0.781   0.0   0.0  673
 2.000  942.5  90  63  72  -5.469  90.0  30.0  936
 2.000 1002.5  90  63  72   0.781  90.0  30.0 1013
 2.000 1005.0  90  63  72   0.781   0.0   0.0 1007
 2.000 1177.5  90  63  72   2.344 150.0  30.0 1165
 2.000 1202.5  90  63  72   5.469 150.0  30.0 1211
 2.000 1210.0  90  63  72   5.469 150.0  30.0 1224
 2.000 1212.5  90  63  75  -5.469 150.0  30.0 1204
 2.000 1215.0  90  63  75   5.469 150.0  30.0 1208
 2.000 1217.5  90  63  72  -3.906 150.0  30.0 1229
 2.000 1222.5  90  63  75   0.781 150.0  30.0 1227
 2.000 1227.5  90  63  72   3.906 150.0  30.0 1223
 2.000 1230.0  90  63  72   2.344 150.0  30.0 1243
 2.000 1235.0  90  63  75  -0.781 150.0  30.0 1239
 2.000 1237.5  90  63  72   0.781 150.0  30.0 1244
 2.000 1240.0  90  63  72  -0.781 150.0  30.0 1240
 2.000 1242.5  90  63  72  -5.469 150.0  30.0 1240
 2.000 1245.0  90  63  72   3.906 150.0  30.0 1258
 2.000 1250.0  90  63  72   3.906 150.0  30.0 1239
 2.000 1252.5  90  63  72   0.781 150.0  30.0 1238
 2.000 1255.0  90  63  75   0.781 150.0  30.0 1269
 2.000 1257.5  90  63  75   0.781 150.0  30.0 1265
 2.000 1262.5  90  63  75  -2.344 150.0  30.0 1249
 2.000 1267.5  90  63  75   0.781 150.0  30.0 1270
 2.000 1272.5  90  63  75  -3.906 150.0  30.0 1281
 2.000 1275.0  90  63  72   5.469 150.0  30.0 1272
 2.000 1277.5  90  63  75   2.344 150.0  30.0 1263
 2.000 1280.0  90  63  72  -3.906 150.0  30.0 1294
 2.000 1282.5  90  63  75  -3.906 150.0  30.0 1283
 2.000  290.0 -90  63  72   3.906  90.0  30.0  283
 2.000  915.0 -90  63  72   0.781  90.0  30.0  900
 2.000 1170.0 -90  63  72   0.781 150.0  30.0 1180
 2.000 1175.0 -90  63  72   3.906 150.0  30.0 1176
 2.000 1180.0 -90  63  72  -2.344 150.0  30.0 1183
 2.000 1185.0 -90  63  72  -5.469 150.0  30.0 1180
 2.000 1190.0 -90  63  75  -2.344 150.0  30.0 1176
 2.000 1192.5 -90  63  72   0.781 150.0  30.0 1183
 2.000 1195.0 -90  63  72  -5.469 150.0  30.0 1202
 2.000 1197.5 -90  63  75  -5.469 150.0  30.0 1205
 2.000 1200.0 -90  63  72   3.906 150.0  30.0 1205
 2.000 1202.5 -90  63  75   3.906 150.0  30.0 1216
 2.000 1205.0 -90  63  72  -2.344 150.0  30.0 1209
 2.000 1207.5 -90  63  72   3.906 150.0  30.0 1217
 2.000 1210.0 -90  63  72   3.906 150.0  30.0 1216
 2.000 1212.5 -90  63  72  -2.344 150.0  30.0 1212
 2.000 1215.0 -90  63  75  -0.781 150.0  30.0 1227
 2.000 1217.5 -90  63  75   0.781 150.0  30.0 1218
 2.000 1220.0 -90  63  75  -5.469 150.0  30.0 1225
 2.000 1222.5 -90  63  75   0.781 150.0  30.0 1222
 2.000 1225.0 -90  63  75   2.344 150.0  30.0 1231
 2.000 1227.5 -90  63  75  -0.781 150.0  30.0 1217
 2.000 1230.0 -90  63  78  -0.781 150.0  30.0 1232
 2.000 1232.5 -90  63  75   0.781 150.0  30.0 1247
 2.000 1235.0 -90  63  78  -2.344 150.0  30.0 1234
 2.000 1237.5 -90  63  72   0.781 150.0  30.0 1229
 2.000 1240.0 -90  63  75  -5.469 150.0  30.0 1236
 2.000 1242.5 -90  63  75  -0.781 150.0  30.0 1231
 2.000 1245.0 -90  63  75   3.906 150.0  30.0 1236
 2.000 1247.5 -90  63  75  -2.344 150.0  30.0 1239
 2.000 1250.0 -90  63  78  -2.344 150.0  30.0 1255
 2.000 1252.5 -90  63  72  -2.344 150.0  30.0 1242
 2.000 1255.0 -90  63  78   3.906 150.0  30.0 1242
 2.000 1257.5 -90  63  72  -0.781 150.0  30.0 1270
 2.000 1260.0 -90  63  78  -2.344 150.0  30.0 1251
 2.000 1262.5 -90  63  72  -0.781 150.0  30.0 1252
 2.000 1265.0 -90  63  78  -5.469 150.0  30.0 1277
 2.000 1267.5 -90  63  72  -0.781 150.0  30.0 1277
 2.000 1270.0 -90  63  78   3.906 150.0  30.0 1273
 2.000 1275.0 -90  63  78   3.906 150.0  30.0 1288
 2.000 1280.0 -90  63  78   0.781 150.0  30.0 1280
 2.025  332.5  90  60  81   0.781   0.0   0.0  338
 2.025  335.0  90  60  75   0.781   0.0   0.0  338
 2.025  670.0  90  60  72  -0.781   0.0   0.0  675
 2.025 1005.0  90  60  72   0.781   0.0   0.0 1009
 2.025 1227.5  90  60  69  -3.906 150.0  30.0 1221
 2.025 1237.5  90  60  69  -5.469 150.0  30.0 1246
 2.025 1240.0  90  60  69   2.344 150.0  30.0 1242
 2.025 1242.5  90  60  69  -0.781 150.0  30.0 1242
 2.025 1245.0  90  60  72   2.344 150.0  30.0 1247
 2.025 1247.5  90  60  72   2.344 150.0  30.0 1255
 2.025 1250.0  90  60  69   0.781 150.0  30.0 1257
 2.025 1252.5  90  60  69  -3.906 150.0  30.0 1260
 2.025 1255.0  90  60  72  -3.906 150.0  30.0 1241
 2.025 1257.5  90  60  69   0.781 150.0  30.0 1259
 2.025 1260.0  90  60  69  -3.906 150.0  30.0 1257
 2.025 1262.5  90  60  72  -5.469 150.0  30.0 1249
 2.025 1265.0  90  60  69   2.344 150.0  30.0 1259
 2.025 1267.5  90  60  69  -3.906 150.0  30.0 1266
 2.025 1270.0  90  60  69  -3.906 150.0  30.0 1256
 2.025 1272.5  90  60  72   5.469 150.0  30.0 1271
 2.025 1275.0  90  60  72  -2.344 150.0  30.0 1275
 2.025 1277.5  90  60  69   2.344 150.0  30.0 1284
 2.025 1280.0  90  60  69   0.781 150.0  30.0 1289
 2.025 1282.5  90  60  72  -3.906 150.0  30.0 1278
 2.025  980.0 -90  60  69  -3.906  90.0  30.0  986
 2.025  987.5 -90  60  69   2.344  90.0  30.0  985
 2.025  990.0 -90  60  69   3.906  90.0  30.0  994
 2.025 1015.0 -90  60  69   0.781  90.0  30.0 1015
 2.025 1017.5 -90  60  69   0.781  90.0  30.0 1019
 2.025 1210.0 -90  60  69  -5.469 150.0  30.0 1201
 2.025 1215.0 -90  60  69   0.781 150.0  30.0 1225
 2.025 1220.0 -90  60  69   3.906 150.0  30.0 1229
 2.025 1222.5 -90  60  72   3.906 150.0  30.0 1228
 2.025 1225.0 -90  60  69   3.906 150.0  30.0 1221
 2.025 1227.5 -90  60  72   3.906 150.0  30.0 1229
 2.025 1230.0 -90  60  69  -3.906 150.0  30.0 1230
 2.025 1232.5 -90  60  72  -3.906 150.0  30.0 1232
 2.025 1235.0 -90  60  72  -5.469 150.0  30.0 1227
 2.025 1237.5 -90  60  72  -3.906 150.0  30.0 1232
 2.025 1240.0 -90  60  69  -3.906 150.0  30.0 1252
 2.025 1242.5 -90  60  72  -3.906 150.0  30.0 1257
 2.025 1245.0 -90  60  72   3.906 150.0  30.0 1255
 2.025 1247.5 -90  60  75   3.906 150.0  30.0 1258
 2.025 1250.0 -90  60  69   3.906 150.0  30.0 1240
 2.025 1252.5 -90  60  72   3.906 150.0  30.0 1250
 2.025 1255.0 -90  60  69  -3.906 150.0  30.0 1258
 2.025 1257.5 -90  60  72  -3.906 150.0  30.0 1267
 2.025 1260.0 -90  60  72  -3.906 150.0  30.0 1259
 2.025 1262.5 -90  60  72  -5.469 150.0  30.0 1257
 2.025 1265.0 -90  60  72  -0.781 150.0  30.0 1252
 2.025 1267.5 -90  60  75  -0.781 150.0  30.0 1275
 2.025 1270.0 -90  60  75   0.781 150.0  30.0 1256
 2.025 1272.5 -90  60  75   0.781 150.0  30.0 1276
 2.025 1275.0 -90  60  72  -5.469 150.0  30.0 1277
 2.025 1277.5 -90  60  72   0.781 150.0  30.0 1287
 2.025 1280.0 -90  60  72   0.781 150.0  30.0 1275
 2.025 1282.5 -90  60  78   0.781 150.0  30.0 1283
 2.025 1297.5 -90  60  72   3.906 150.0  30.0 1303
 2.050  332.5  90  60  78   0.781   0.0   0.0  338
 2.050  335.0  90  60  78  -0.781   0.0   0.0  339
 2.050  670.0  90  60  72   0.781   0.0   0.0  675
 2.050  672.5  90  60  72   0.781   0.0   0.0  676
 2.050 1007.5  90  60  69   0.781   0.0   0.0 1013
 2.050  222.5 -90  57  66   3.906  90.0  30.0  214
 2.050  292.5 -90  57  66  -5.469  90.0  30.0  279
 2.050  337.5 -90  57  66   0.781  90.0  30.0  341
 2.050  990.0 -90  57  66  -2.344  90.0  30.0  996
 2.050  995.0 -90  57  69   3.906  90.0  30.0  989
 2.050 1002.5 -90  57  66  -5.469  90.0  30.0 1011
 2.050 1012.5 -90  57  66   2.344  90.0  30.0 1005
 2.050 1022.5 -90  57  66   3.906  90.0  30.0 1033
 2.050 1027.5 -90  57  69   5.469  90.0  30.0 1039
 2.050 1055.0 -90  57  66   2.344  90.0  30.0 1050
 2.050 1057.5 -90  57  66   3.906  90.0  30.0 1059
 2.050 1065.0 -90  57  66   0.781  90.0  30.0 1069
 2.050 1067.5 -90  57  66   2.344  90.0  30.0 1063
 2.050 1257.5 -90  57  66  -2.344 150.0  30.0 1269
 2.050 1262.5 -90  57  66   3.906 150.0  30.0 1267
 2.050 1265.0 -90  57  66   3.906 150.0  30.0 1277
 2.050 1267.5 -90  57  66  -3.906 150.0  30.0 1253
 2.050 1270.0 -90  57  66  -0.781 150.0  30.0 1270
 2.050 1272.5 -90  57  66  -3.906 150.0  30.0 1263
 2.050 1275.0 -90  57  66  -0.781 150.0  30.0 1271
 2.050 1277.5 -90  57  69   5.469 150.0  30.0 1277
 2.050 1282.5 -90  57  69   2.344 150.0  30.0 1283
 2.075  332.5  90  60  75   0.781   0.0   0.0  338
 2.075  335.0  90  60  84   0.781   0.0   0.0  338
 2.075  670.0  90  60  69   0.781   0.0   0.0  676
 2.075  672.5  90  60  75   0.781   0.0   0.0  676
 2.075 1010.0  90  60  72   0.781   0.0   0.0 1015
 2.075 1012.5  90  60  69   0.781   0.0   0.0 1015
 2.075  335.0 -90  57  66  -0.781  90.0  30.0  345
 2.075  337.5 -90  57  66  -0.781  90.0  30.0  342
 2.075  900.0 -90  57  66  -0.781  90.0  30.0  886
 2.075  987.5 -90  57  66  -3.906  90.0  30.0  984
 2.075 1005.0 -90  57  66   2.344  90.0  30.0 1005
 2.075 1025.0 -90  57  66  -3.906  90.0  30.0 1029
 2.075 1035.0 -90  57  66  -3.906  90.0  30.0 1041
 2.075 1050.0 -90  57  69  -2.344  90.0  30.0 1064
 2.075 1062.5 -90  57  66  -2.344  90.0  30.0 1050
 2.075 1065.0 -90  57  66  -3.906  90.0  30.0 1059
 2.075 1090.0 -90  57  66   2.344  90.0  30.0 1092
 2.075 1107.5 -90  57  66  -2.344  90.0  30.0 1098
 2.100  332.5  90  60  72   0.781   0.0   0.0  339
 2.100  335.0  90  60  81   0.781   0.0   0.0  339
 2.100  337.5  90  60  72  -0.781   0.0   0.0  340
 2.100  672.5  90  60  72   0.781   0.0   0.0  677
 2.100  675.0  90  60  69  -0.781   0.0   0.0  678
 2.100 1012.5  90  60  69  -0.781   0.0   0.0 1016
 2.100 1020.0  90  60  69   0.781   0.0   0.0 1024
 2.125  335.0  90  66  84   0.781   0.0   0.0  340
 2.125  337.5  90  66  78   0.781   0.0   0.0  340
 2.125  402.5  90  66  75   3.906  90.0  30.0  403
 2.125  675.0  90  66  75   0.781 270.0  30.0  680
 2.125 1137.5  90  66  75  -5.469  90.0  30.0 1144
 2.125 1205.0  90  66  75  -2.344  90.0  30.0 1211
 2.125 1240.0  90  66  75   0.781  90.0  30.0 1228
 2.150  335.0  90  69  81  -0.781   0.0   0.0  341
 2.150  337.5  90  69  81   0.781   0.0   0.0  341
 2.175  335.0  90  66  78  -0.781   0.0   0.0  341
 2.175  337.5  90  66  87   0.781   0.0   0.0  341
 2.175  677.5  90  66  78   0.781   0.0   0.0  682
 2.175 1222.5  90  66  75   5.469  90.0  30.0 1224
 2.175 1232.5  90  66  75  -0.781  90.0  30.0 1218
 2.175 1272.5  90  66  75  -0.781  90.0  30.0 1282
 2.175  477.5 -90  66  75  -3.906  90.0  30.0  463
 2.175  502.5 -90  66  75  -3.906  90.0  30.0  489
 2.200  335.0  90  63  72  -0.781   0.0   0.0  341
 2.200  337.5  90  63  84   0.781   0.0   0.0  342
 2.200  340.0  90  63  72  -0.781   0.0   0.0  342
 2.200  510.0  90  63  72  -5.469  90.0  30.0  505
 2.200  677.5  90  63  72   0.781   0.0   0.0  682
 2.200  680.0  90  63  75   0.781   0.0   0.0  683
 2.200  985.0  90  63  72  -5.469  90.0  30.0  982
 2.200  575.0 -90  63  72  -0.781  90.0  30.0  583
 2.225  337.5  90  69  84   0.781   0.0   0.0  342
 2.225  340.0  90  69  81   0.781   0.0   0.0  342
 2.225  337.5 -90  60  75  -0.781   0.0   0.0  342
 2.225  340.0 -90  60  69   0.781   0.0   0.0  344
 2.225  497.5 -90  60  69  -2.344  90.0  30.0  489
 2.225  512.5 -90  60  69  -2.344  90.0  30.0  523
 2.225  517.5 -90  60  69  -3.906  90.0  30.0  515
 2.225  520.0 -90  60  69   3.906  90.0  30.0  530
 2.225  522.5 -90  60  69  -0.781  90.0  30.0  521
 2.225  527.5 -90  60  69  -5.469  90.0  30.0  519
 2.225  532.5 -90  60  72  -5.469  90.0  30.0  522
 2.225  547.5 -90  60  69   0.781  90.0  30.0  557
 2.225  552.5 -90  60  69   2.344  90.0  30.0  546
 2.225  557.5 -90  60  69   2.344  90.0  30.0  562
 2.225  567.5 -90  60  69   2.344  90.0  30.0  577
 2.225  590.0 -90  60  69   3.906  90.0  30.0  591
 2.225  592.5 -90  60  72   2.344  90.0  30.0  583
 2.225  595.0 -90  60  69   5.469  90.0  30.0  586
 2.225  597.5 -90  60  69  -3.906  90.0  30.0  607
 2.225  600.0 -90  60  69  -0.781  90.0  30.0  601
 2.225  607.5 -90  60  69  -5.469  90.0  30.0  597
 2.225  612.5 -90  60  72   5.469  90.0  30.0  620
 2.225  615.0 -90  60  69  -0.781  90.0  30.0  605
 2.225  617.5 -90  60  69  -5.469  90.0  30.0  620
 2.225  622.5 -90  60  69   3.906  90.0  30.0  633
 2.225  625.0 -90  60  72  -2.344  90.0  30.0  619
 2.225  627.5 -90  60  72  -2.344  90.0  30.0  637
 2.225  630.0 -90  60  72  -2.344  90.0  30.0  635
 2.225  632.5 -90  60  69   0.781  90.0  30.0  644
 2.225  635.0 -90  60  72  -2.344  90.0  30.0  626
 2.225  637.5 -90  60  72  -2.344  90.0  30.0  633
 2.225  640.0 -90  60  72   2.344  90.0  30.0  628
 2.225  642.5 -90  60  72  -0.781  90.0  30.0  630
 2.225  647.5 -90  60  69   0.781  90.0  30.0  662
 2.225  650.0 -90  60  69  -2.344  90.0  30.0  651
 2.225  652.5 -90  60  69   3.906  90.0  30.0  641
 2.225  655.0 -90  60  72  -3.906  90.0  30.0  658
 2.225  657.5 -90  60  69   0.781  90.0  30.0  672
 2.225  660.0 -90  60  69   5.469  90.0  30.0  674
 2.225  662.5 -90  60  69   2.344  90.0  30.0  675
 2.225  665.0 -90  60  75   2.344  90.0  30.0  677
 2.225  667.5 -90  60  69  -2.344  90.0  30.0  658
 2.225  670.0 -90  60  69  -5.469  90.0  30.0  666
 2.225  675.0 -90  60  69   5.469  90.0  30.0  677
 2.225  680.0 -90  60  69   2.344  90.0  30.0  694
 2.225  685.0 -90  60  69   2.344  90.0  30.0  671
 2.225  690.0 -90  60  69  -0.781  90.0  30.0  691
 2.225  692.5 -90  60  69  -0.781  90.0  30.0  691
 2.225  695.0 -90  60  69  -3.906  90.0  30.0  686
 2.225  700.0 -90  60  69   2.344  90.0  30.0  699
 2.225  705.0 -90  60  72   0.781  90.0  30.0  690
 2.225  710.0 -90  60  69  -5.469  90.0  30.0  714
 2.225  715.0 -90  60  69  -5.469  90.0  30.0  709
 2.225  735.0 -90  60  69  -0.781  90.0  30.0  747
 2.225  770.0 -90  60  69  -5.469  90.0  30.0  780
 2.225  785.0 -90  60  69  -0.781  90.0  30.0  787
 2.225  787.5 -90  60  69   5.469  90.0  30.0  789
 2.225  790.0 -90  60  69  -5.469  90.0  30.0  797
 2.225  792.5 -90  60  69  -5.469  90.0  30.0  796
 2.225  800.0 -90  60  69   3.906  90.0  30.0  813
 2.225  805.0 -90  60  69   0.781  90.0  30.0  810
 2.225  810.0 -90  60  69  -3.906  90.0  30.0  810
 2.225  815.0 -90  60  69   5.469  90.0  30.0  808
 2.225  820.0 -90  60  69   0.781  90.0  30.0  806
 2.225  825.0 -90  60  69  -2.344  90.0  30.0  835
 2.225  827.5 -90  60  69  -2.344  90.0  30.0  833
 2.225  832.5 -90  60  69  -0.781  90.0  30.0  842
 2.225  835.0 -90  60  69   3.906  90.0  30.0  848
 2.225  842.5 -90  60  69   0.781  90.0  30.0  848
 2.225  852.5 -90  60  69   5.469  90.0  30.0  844
 2.225  860.0 -90  60  69   2.344  90.0  30.0  849
 2.225  865.0 -90  60  69   2.344  90.0  30.0  879
 2.225  875.0 -90  60  69   3.906  90.0  30.0  877
 2.225  880.0 -90  60  69  -2.344  90.0  30.0  885
 2.225  882.5 -90  60  69   5.469  90.0  30.0  871
 2.225  905.0 -90  60  69  -5.469  90.0  30.0  912
 2.225  910.0 -90  60  69   0.781  90.0  30.0  912
 2.225  915.0 -90  60  69   0.781  90.0  30.0  905
 2.225 1015.0 -90  60  69  -3.906  90.0  30.0 1027
 2.225 1020.0 -90  60  69  -2.344  90.0  30.0 1016
 2.225 1022.5 -90  60  69  -3.906  90.0  30.0 1032
 2.225 1025.0 -90  60  69   2.344  90.0  30.0 1031
 2.225 1030.0 -90  60  69   2.344  90.0  30.0 1040
 2.225 1032.5 -90  60  69   5.469  90.0  30.0 1028
 2.225 1035.0 -90  60  72   3.906  90.0  30.0 1029
 2.225 1037.5 -90  60  69  -0.781  90.0  30.0 1040
 2.225 1040.0 -90  60  72  -5.469  90.0  30.0 1053
 2.225 1042.5 -90  60  69  -5.469  90.0  30.0 1028
 2.225 1045.0 -90  60  69  -2.344  90.0  30.0 1053
 2.225 1047.5 -90  60  72   2.344  90.0  30.0 1056
 2.225 1050.0 -90  60  69  -0.781  90.0  30.0 1056
 2.225 1052.5 -90  60  69   5.469  90.0  30.0 1065
 2.225 1055.0 -90  60  69   5.469  90.0  30.0 1054
 2.225 1057.5 -90  60  69   0.781  90.0  30.0 1044
 2.225 1060.0 -90  60  72  -2.344  90.0  30.0 1059
 2.225 1062.5 -90  60  72   2.344  90.0  30.0 1071
 2.225 1065.0 -90  60  72   2.344  90.0  30.0 1070
 2.225 1067.5 -90  60  72   2.344  90.0  30.0 1056
 2.225 1070.0 -90  60  72   3.906  90.0  30.0 1060
 2.225 1072.5 -90  60  69  -2.344  90.0  30.0 1083
 2.225 1075.0 -90  60  72   2.344  90.0  30.0 1070
 2.225 1077.5 -90  60  75  -5.469  90.0  30.0 1091
 2.225 1080.0 -90  60  72   5.469  90.0  30.0 1068
 2.225 1085.0 -90  60  72   0.781  90.0  30.0 1072
 2.225 1090.0 -90  60  69  -5.469  90.0  30.0 1086
 2.225 1095.0 -90  60  69  -0.781  90.0  30.0 1106
 2.225 1100.0 -90  60  69  -3.906  90.0  30.0 1108
 2.225 1185.0 -90  60  69   5.469  90.0  30.0 1179
 2.225 1195.0 -90  60  69   5.469  90.0  30.0 1207
 2.225 1202.5 -90  60  69   5.469  90.0  30.0 1204
 2.225 1207.5 -90  60  69   5.469  90.0  30.0 1211
 2.225 1210.0 -90  60  69  -2.344  90.0  30.0 1198
 2.225 1212.5 -90  60  72  -2.344  90.0  30.0 1200
 2.225 1215.0 -90  60  69  -2.344  90.0  30.0 1213
 2.225 1217.5 -90  60  69  -5.469  90.0  30.0 1227
 2.225 1222.5 -90  60  72  -3.906  90.0  30.0 1228
 2.225 1225.0 -90  60  69  -2.344  90.0  30.0 1215
 2.225 1227.5 -90  60  72   5.469  90.0  30.0 1242
 2.225 1230.0 -90  60  69  -5.469  90.0  30.0 1240
 2.225 1232.5 -90  60  72  -5.469  90.0  30.0 1243
 2.225 1235.0 -90  60  69  -2.344  90.0  30.0 1245
 2.225 1237.5 -90  60  69  -2.344  90.0  30.0 1251
 2.225 1242.5 -90  60  69  -3.906  90.0  30.0 1250
 2.225 1247.5 -90  60  69   0.781  90.0  30.0 1256
 2.225 1252.5 -90  60  72   5.469  90.0  30.0 1255
 2.225 1257.5 -90  60  72   2.344  90.0  30.0 1257
 2.225 1262.5 -90  60  72   2.344  90.0  30.0 1277
 2.225 1267.5 -90  60  72  -0.781  90.0  30.0 1271
 2.225 1272.5 -90  60  72  -3.906  90.0  30.0 1264
 2.225 1277.5 -90  60  69   3.906  90.0  30.0 1281
 2.225 1280.0 -90  60  69   5.469  90.0  30.0 1268
 2.250  337.5  90  66  81  -0.781   0.0   0.0  343
 2.250  340.0  90  66  84   0.781   0.0   0.0  343
 2.250  905.0  90  66  75   0.781  90.0  30.0  913
 2.250 1025.0  90  66  75   0.781 270.0  30.0 1029
 2.250  337.5 -90  66  75   0.781   0.0   0.0  342
 2.250  650.0 -90  66  75  -2.344  90.0  30.0  643
 2.250  670.0 -90  66  75  -2.344  90.0  30.0  684
 2.250  675.0 -90  66  75  -0.781  90.0  30.0  686
 2.250  685.0 -90  66  75   0.781  90.0  30.0  689
 2.250  700.0 -90  66  75   5.469  90.0  30.0  686
 2.250  715.0 -90  66  75   3.906  90.0  30.0  724
 2.250  720.0 -90  66  75  -2.344  90.0  30.0  728
 2.275   80.0  90  63  72  -0.781  90.0  30.0   71
 2.275   87.5  90  63  72   5.469  90.0  30.0   88
 2.275  112.5  90  63  72  -5.469  90.0  30.0  122
 2.275  337.5  90  63  75  -0.781   0.0   0.0  342
 2.275  340.0  90  63  84   0.781   0.0   0.0  343
 2.275  342.5  90  63  72   0.781   0.0   0.0  344
 2.275  652.5  90  63  72  -5.469  90.0  30.0  664
 2.275  672.5  90  63  72  -5.469  90.0  30.0  676
 2.275  682.5  90  63  72   0.781  90.0  30.0  688
 2.275  745.0  90  63  72  -5.469 270.0  30.0  734
 2.275  790.0  90  63  72  -5.469  90.0  30.0  795
 2.275  795.0  90  63  72   0.781  90.0  30.0  787
 2.275  815.0  90  63  72   2.344  90.0  30.0  813
 2.275  837.5  90  63  72  -0.781  90.0  30.0  839
 2.275  950.0  90  63  72  -5.469  90.0  30.0  958
 2.275  960.0  90  63  72   2.344  90.0  30.0  969
 2.275  977.5  90  63  72   5.469  90.0  30.0  988
 2.275  980.0  90  63  72   3.906  90.0  30.0  982
 2.275 1005.0  90  63  72   5.469  90.0  30.0 1007
 2.275 1010.0  90  63  72   5.469 270.0  30.0 1011
 2.275 1025.0  90  63  75   0.781   0.0   0.0 1029
 2.275 1192.5  90  63  72   5.469  90.0  30.0 1196
 2.275 1197.5  90  63  72   3.906  90.0  30.0 1199
 2.300  337.5  90  63  75  -0.781   0.0   0.0  345
 2.300  340.0  90  63  87   0.781   0.0   0.0  344
 2.300  342.5  90  63  78   0.781   0.0   0.0  345
 2.300  487.5  90  63  72   5.469 150.0  30.0  477
 2.300  682.5  90  63  72   0.781   0.0   0.0  689
 2.300  685.0  90  63  75   0.781   0.0   0.0  689
 2.300 1027.5  90  63  75   0.781   0.0   0.0 1032
 2.300 1035.0  90  63  72  -2.344  90.0  30.0 1024
 2.300 1037.5  90  63  72  -0.781  90.0  30.0 1044
 2.300  337.5 -90  66  75   0.781   0.0   0.0  343
 2.300  462.5 -90  66  75  -0.781 150.0  30.0  461
 2.325  340.0  90  63  84   0.781   0.0   0.0  345
 2.325  342.5  90  63  81   0.781   0.0   0.0  345
 2.325  522.5  90  63  72   0.781 150.0  30.0  537
 2.325  685.0  90  63  75   0.781   0.0   0.0  690
 2.325  687.5  90  63  72   0.781   0.0   0.0  690
 2.325 1030.0  90  63  72   0.781   0.0   0.0 1034
 2.325  215.0 -90  63  72  -5.469  90.0  30.0  202
 2.325  337.5 -90  63  72   0.781   0.0   0.0  344
 2.325  340.0 -90  63  72   0.781   0.0   0.0  343
 2.350  340.0  90  66  81   0.781   0.0   0.0  346
 2.350  342.5  90  66  87   0.781   0.0   0.0  346
 2.350  685.0  90  66  75  -0.781   0.0   0.0  690
 2.350  687.5  90  66  81   0.781   0.0   0.0  692
 2.350 1032.5  90  66  78   0.781   0.0   0.0 1036
 2.350   85.0 -90  60  69   5.469  90.0  30.0   75
 2.350  337.5 -90  60  72   0.781   0.0   0.0  342
 2.350  340.0 -90  60  75   0.781   0.0   0.0  343
 2.350  510.0 -90  60  69  -3.906 150.0  30.0  520
 2.350  520.0 -90  60  69   0.781 150.0  30.0  530
 2.350  530.0 -90  60  69  -2.344 150.0  30.0  542
 2.350  535.0 -90  60  69   0.781 210.0  30.0  532
 2.350  547.5 -90  60  69   5.469 150.0  30.0  535
 2.350  557.5 -90  60  69  -0.781 150.0  30.0  559
 2.350  562.5 -90  60  69   3.906 210.0  30.0  559
 2.350  567.5 -90  60  69   2.344 150.0  30.0  555
 2.350  572.5 -90  60  72  -2.344 150.0  30.0  566
 2.350  587.5 -90  60  69  -2.344 210.0  30.0  596
 2.350  602.5 -90  60  69   3.906 150.0  30.0  607
 2.350  615.0 -90  60  69  -2.344 150.0  30.0  622
 2.350  617.5 -90  60  69  -2.344 150.0  30.0  620
 2.350  622.5 -90  60  69   5.469 150.0  30.0  623
 2.350  625.0 -90  60  69   0.781 210.0  30.0  610
 2.350  907.5 -90  60  69  -5.469  90.0  30.0  915
 2.350  927.5 -90  60  69  -0.781  90.0  30.0  936
 2.350  930.0 -90  60  69  -0.781  90.0  30.0  929
 2.350  952.5 -90  60  69  -3.906  90.0  30.0  963
 2.350  967.5 -90  60  69   5.469  90.0  30.0  962
 2.350  982.5 -90  60  69  -5.469  90.0  30.0  996
 2.350  987.5 -90  60  69   2.344  90.0  30.0  998
 2.350  992.5 -90  60  72  -5.469  90.0  30.0  996
 2.350  997.5 -90  60  69   3.906  90.0  30.0  988
 2.350 1002.5 -90  60  72   2.344  90.0  30.0 1011
 2.375  342.5  90  72  87   0.781   0.0   0.0  345
 2.375  340.0 -90  69  78  -0.781   0.0   0.0  342
 2.400  147.5  90  66  75  -2.344  90.0  30.0  160
 2.400  157.5  90  66  75   3.906  90.0  30.0  159
 2.400  342.5  90  66  87   0.781   0.0   0.0  347
 2.400  345.0  90  66  81   0.781   0.0   0.0  348
 2.400  370.0  90  66  75   5.469  90.0  30.0  361
 2.400  417.5  90  66  75   2.344  90.0  30.0  409
 2.400  687.5  90  66  75   0.781   0.0   0.0  694
 2.400  690.0  90  66  84   0.781   0.0   0.0  694
 2.400 1035.0  90  66  75   0.781   0.0   0.0 1039
 2.400 1072.5  90  66  75  -3.906  90.0  30.0 1084
 2.400 1082.5  90  66  75   3.906  90.0  30.0 1070
 2.400  132.5 -90  66  75   5.469  90.0  30.0  121
 2.400  332.5 -90  66  75  -2.344  90.0  30.0  337
 2.400  340.0 -90  66  81   0.781   0.0   0.0  344
 2.400  365.0 -90  66  75  -0.781  90.0  30.0  356
 2.400  395.0 -90  66  75   0.781  90.0  30.0  385
 2.400  412.5 -90  66  75  -0.781  90.0  30.0  413
 2.400  447.5 -90  66  75  -2.344  90.0  30.0  457
 2.400 1022.5 -90  66  75  -0.781  90.0  30.0 1033
 2.425  240.0  90  66  75  -5.469  90.0  30.0  228
 2.425  255.0  90  66  75   0.781  90.0  30.0  250
 2.425  342.5  90  66  84   0.781   0.0   0.0  347
 2.425  345.0  90  66  84   0.781   0.0   0.0  347
 2.425  690.0  90  66  78   0.781   0.0   0.0  694
 2.425  692.5  90  66  78   0.781   0.0   0.0  694
 2.425  340.0 -90  66  81   0.781   0.0   0.0  343
 2.425  375.0 -90  66  75  -2.344  90.0  30.0  380
 2.425  382.5 -90  66  75   3.906  90.0  30.0  384
 2.425  392.5 -90  66  75   3.906  90.0  30.0  389
 2.425  405.0 -90  66  75  -2.344  90.0  30.0  415
 2.425  422.5 -90  66  75  -5.469  90.0  30.0  424
 2.425  425.0 -90  66  75  -2.344  90.0  30.0  431
 2.425  427.5 -90  66  75   0.781  90.0  30.0  423
 2.425  437.5 -90  66  75   0.781  90.0  30.0  432
 2.425  440.0 -90  66  75  -3.906  90.0  30.0  452
 2.425  442.5 -90  66  75  -2.344  90.0  30.0  437
 2.425  452.5 -90  66  75   3.906  90.0  30.0  447
 2.425  457.5 -90  66  75   0.781  90.0  30.0  451
 2.425  462.5 -90  66  75  -2.344  90.0  30.0  458
 2.425  470.0 -90  66  75  -0.781  90.0  30.0  460
 2.425  472.5 -90  66  75  -5.469  90.0  30.0  479
 2.425  477.5 -90  66  78  -0.781  90.0  30.0  477
 2.425  480.0 -90  66  75   2.344  90.0  30.0  472
 2.425  492.5 -90  66  75   2.344  90.0  30.0  501
 2.425  495.0 -90  66  78  -5.469  90.0  30.0  491
 2.425  502.5 -90  66  75  -3.906  90.0  30.0  499
 2.425  512.5 -90  66  75  -2.344  90.0  30.0  518
 2.425  522.5 -90  66  75  -5.469  90.0  30.0  508
 2.425  525.0 -90  66  78  -3.906  90.0  30.0  527
 2.425  532.5 -90  66  75   3.906  90.0  30.0  518
 2.425  547.5 -90  66  75   5.469  90.0  30.0  548
 2.450  342.5  90  66  81   0.781   0.0   0.0  348
 2.450  345.0  90  66  90   0.781   0.0   0.0  349
 2.450  480.0  90  66  75   5.469  90.0  30.0  491
 2.450  532.5  90  66  75  -3.906  90.0  30.0  542
 2.450  547.5  90  66  75   5.469  90.0  30.0  548
 2.450  557.5  90  66  75  -3.906  90.0  30.0  561
 2.450  567.5  90  66  75   3.906  90.0  30.0  564
 2.450  577.5  90  66  75  -2.344  90.0  30.0  563
 2.450  692.5  90  66  84   0.781   0.0   0.0  697
 2.450  695.0  90  66  75   0.781   0.0   0.0  697
 2.450  340.0 -90  66  81   0.781   0.0   0.0  345
 2.450  342.5 -90  66  75   0.781   0.0   0.0  346
 2.450  387.5 -90  66  75   5.469  90.0  30.0  389
 2.450  392.5 -90  66  75  -2.344  90.0  30.0  381
 2.450  402.5 -90  66  75  -2.344  90.0  30.0  414
 2.475   85.0  90  75  84  -2.344  90.0  30.0   80
 2.475  210.0  90  75  84   0.781  90.0  30.0  206
 2.475  220.0  90  75  84   3.906  90.0  30.0  229
 2.475  230.0  90  75  84   0.781  90.0  30.0  216
 2.475  252.5  90  75  84  -5.469  90.0  30.0  256
 2.475  272.5  90  75  84   2.344  90.0  30.0  283
 2.475  282.5  90  75  84   2.344  90.0  30.0  295
 2.475  342.5  90  75  87   0.781   0.0   0.0  350
 2.475  345.0  90  75  99   0.781   0.0   0.0  350
 2.475  347.5  90  75  90  -0.781   0.0   0.0  350
 2.475  540.0  90  75  84   2.344  90.0  30.0  539
 2.475  545.0  90  75  84   2.344  90.0  30.0  536
 2.475  567.5  90  75  84   0.781  90.0  30.0  565
 2.475  570.0  90  75  84   0.781  90.0  30.0  580
 2.475  577.5  90  75  84   0.781  90.0  30.0  585
 2.475  587.5  90  75  84   0.781  90.0  30.0  601
 2.475  595.0  90  75  84   2.344  90.0  30.0  594
 2.475  605.0  90  75  84   0.781  90.0  30.0  591
 2.475  637.5  90  75  87  -0.781  90.0  30.0  624
 2.475  655.0  90  75  84   0.781  90.0  30.0  667
 2.475  680.0  90  75  84  -3.906  90.0  30.0  669
 2.475  685.0  90  75  84   0.781  90.0  30.0  680
 2.475  692.5  90  75  90   0.781   0.0   0.0  697
 2.475  695.0  90  75  93  -0.781   0.0   0.0  698
 2.475  700.0  90  75  84  -5.469  90.0  30.0  704
 2.475  710.0  90  75  84  -3.906  90.0  30.0  718
 2.475  932.5  90  75  84   0.781 150.0  30.0  929
 2.475  972.5  90  75  84   0.781 150.0  30.0  984
 2.475 1252.5  90  75  84   5.469  90.0  30.0 1240
 2.475 1267.5  90  75  84   2.344  90.0  30.0 1253
 2.475 1277.5  90  75  87   5.469  90.0  30.0 1292
 2.475  340.0 -90  78  93   0.781   0.0   0.0  345
 2.475  342.5 -90  78  87  -0.781   0.0   0.0  345
 2.500  345.0  90  78  99   0.781   0.0   0.0  350
 2.500  347.5  90  78  96   0.781   0.0   0.0  351
 2.500  695.0  90  78  93   0.781   0.0   0.0  699
 2.500  697.5  90  78  90   0.781   0.0   0.0  700
 2.500  285.0 -90  75  84  -5.469  90.0  30.0  278
 2.500  300.0 -90  75  84   0.781  90.0  30.0  298
 2.500  305.0 -90  75  84   5.469  90.0  30.0  296
 2.500  340.0 -90  75  93  -0.781   0.0   0.0  345
 2.500  342.5 -90  75  93   0.781   0.0   0.0  345
 2.500  467.5 -90  75  84   2.344  90.0  30.0  472
 2.500  502.5 -90  75  84   5.469  90.0  30.0  496
 2.500  570.0 -90  75  84  -0.781  90.0  30.0  565
 2.500 1260.0 -90  75  84   3.906  90.0  30.0 1250
 2.525  345.0  90  72  96  -0.781   0.0   0.0  350
 2.525  347.5  90  72  99   0.781   0.0   0.0  351
 2.525  350.0  90  72  84  -0.781   0.0   0.0  351
 2.525  530.0  90  72  81   0.781  90.0  30.0  529
 2.525  602.5  90  72  81  -2.344  90.0  30.0  604
 2.525  695.0  90  72  87   0.781   0.0   0.0  700
 2.525  697.5  90  72  90   0.781   0.0   0.0  700
 2.525  700.0  90  72  84   0.781   0.0   0.0  703
 2.525  702.5  90  72  81   3.906  90.0  30.0  702
 2.525  712.5  90  72  81  -3.906  90.0  30.0  718
 2.525  717.5  90  72  81   3.906  90.0  30.0  731
 2.525 1045.0  90  72  84   0.781   0.0   0.0 1047
 2.525 1047.5  90  72  84   0.781   0.0   0.0 1050
 2.525 1050.0  90  72  81   0.781   0.0   0.0 1055
 2.525 1055.0  90  72  81   0.781   0.0   0.0 1058
 2.525  340.0 -90  72  90   0.781   0.0   0.0  345
 2.525  342.5 -90  72  93   0.781   0.0   0.0  345
 2.525  437.5 -90  72  81   2.344  90.0  30.0  436
 2.525  447.5 -90  72  81  -2.344  90.0  30.0  442
 2.525  570.0 -90  72  81  -0.781  90.0  30.0  582
 2.550  345.0  90  72  93   0.781   0.0   0.0  351
 2.550  347.5  90  72 102   0.781   0.0   0.0  352
 2.550  350.0  90  72  90  -0.781   0.0   0.0  352
 2.550  697.5  90  72  93   0.781   0.0   0.0  702
 2.550  700.0  90  72  90   0.781   0.0   0.0  703
 2.550  707.5  90  72  81   0.781   0.0   0.0  713
 2.550  712.5  90  72  81   0.781   0.0   0.0  718
 2.550 1047.5  90  72  87   0.781   0.0   0.0 1052
 2.550 1050.0  90  72  90   0.781   0.0   0.0 1054
 2.550 1052.5  90  72  84   0.781 330.0  30.0 1055
 2.550 1055.0  90  72  84   0.781 270.0  30.0 1057
 2.550  340.0 -90  72  87   0.781   0.0   0.0  346
 2.550  342.5 -90  72  96   0.781   0.0   0.0  346
 2.550  345.0 -90  72  81  -0.781   0.0   0.0  347
 2.550  687.5 -90  72  81   0.781   0.0   0.0  693
 2.575  347.5  90  81 102   0.781   0.0   0.0  352
 2.575  350.0  90  81  96   0.781   0.0   0.0  351
 2.575  697.5  90  81  90   0.781   0.0   0.0  702
 2.575  700.0  90  81  96   0.781   0.0   0.0  703
 2.575  340.0 -90  78  87   0.781   0.0   0.0  345
 2.575  342.5 -90  78  96   0.781   0.0   0.0  346
 2.575  345.0 -90  78  87  -0.781   0.0   0.0  346
 2.600  347.5  90  84  99   0.781   0.0   0.0  353
 2.600  350.0  90  84 102  -0.781   0.0   0.0  353
 2.600  700.0  90  84  93   0.781   0.0   0.0  708
 2.600  702.5  90  84  93   0.781   0.0   0.0  708
 2.600  342.5 -90  81  96   0.781   0.0   0.0  347
 2.600  345.0 -90  81  90   0.781   0.0   0.0  348
 2.625  347.5  90  84  96   0.781   0.0   0.0  354
 2.625  350.0  90  84 102   0.781   0.0   0.0  355
 2.625  702.5  90  84  93   0.781   0.0   0.0  709
 2.625  705.0  90  84  93  -0.781   0.0   0.0  709
 2.625  342.5 -90  81  96   0.781   0.0   0.0  349
 2.625  345.0 -90  81  96   0.781   0.0   0.0  349
 2.650  350.0  90  81 102   0.781   0.0   0.0  354
 2.650  352.5  90  81  93   0.781   0.0   0.0  355
 2.650  702.5  90  81  93   0.781   0.0   0.0  708
 2.650  705.0  90  81  93   0.781   0.0   0.0  710
 2.650  342.5 -90  78  93   0.781   0.0   0.0  348
 2.650  345.0 -90  78  96   0.781   0.0   0.0  348
 2.675  350.0  90  81 102   0.781   0.0   0.0  354
 2.675  352.5  90  81  99   0.781   0.0   0.0  355
 2.675  705.0  90  81  96   0.781   0.0   0.0  710
 2.675  707.5  90  81  90   0.781   0.0   0.0  711
 2.675  330.0 -90  75  84  -2.344  90.0  30.0  340
 2.675  342.5 -90  75  93   0.781   0.0   0.0  348
 2.675  345.0 -90  75  99   0.781   0.0   0.0  348
 2.675  692.5 -90  75  84   0.781   0.0   0.0  695
 2.675  820.0 -90  75  84  -3.906  30.0  30.0  825
 2.675  822.5 -90  75  84  -3.906  90.0  30.0  815
 2.675  827.5 -90  75  84   2.344  30.0  30.0  841
 2.700  350.0  90  75  99   0.781   0.0   0.0  356
 2.700  352.5  90  75 102   0.781   0.0   0.0  356
 2.700  355.0  90  75  87  -0.781   0.0   0.0  357
 2.700  705.0  90  75  90   0.781   0.0   0.0  711
 2.700  707.5  90  75  93   0.781   0.0   0.0  711
 2.700  710.0  90  75  84   0.781   0.0   0.0  711
 2.700  720.0  90  75  84   0.781   0.0   0.0  726
 2.700  722.5  90  75  84   0.781   0.0   0.0  725
 2.700  730.0  90  75  84  -0.781   0.0   0.0  734
 2.700 1062.5  90  75  87   0.781   0.0   0.0 1066
 2.700 1065.0  90  75  84   0.781   0.0   0.0 1068
 2.700 1070.0  90  75  87   0.781   0.0   0.0 1074
 2.700 1075.0  90  75  84   0.781   0.0   0.0 1079
 2.700  342.5 -90  72  90   0.781   0.0   0.0  348
 2.700  345.0 -90  72  99   0.781   0.0   0.0  349
 2.700  347.5 -90  72  87   0.781   0.0   0.0  350
 2.700  692.5 -90  72  84   0.781   0.0   0.0  698
 2.700  695.0 -90  72  81  -0.781 330.0  30.0  697
 2.725  350.0  90  72  93   0.781   0.0   0.0  356
 2.725  352.5  90  72 105   0.781   0.0   0.0  357
 2.725  355.0  90  72  93   0.781   0.0   0.0  357
 2.725  357.5  90  72  81   0.781   0.0   0.0  360
 2.725  707.5  90  72  93   0.781   0.0   0.0  712
 2.725  710.0  90  72  90   0.781   0.0   0.0  713
 2.725  722.5  90  72  81  -0.781 150.0  30.0  727
 2.725  730.0  90  72  81   0.781 270.0  30.0  733
 2.725  747.5  90  72  81  -0.781 330.0  30.0  750
 2.725 1062.5  90  72  87   0.781   0.0   0.0 1067
 2.725 1065.0  90  72  90   0.781   0.0   0.0 1069
 2.725 1070.0  90  72  81   0.781   0.0   0.0 1074
 2.725 1075.0  90  72  81   0.781  90.0  30.0 1078
 2.725 1077.5  90  72  81   0.781   0.0   0.0 1081
 2.725 1095.0  90  72  81   0.781  90.0  30.0 1099
 2.725  342.5 -90  69  84   0.781   0.0   0.0  350
 2.725  345.0 -90  69  99   0.781   0.0   0.0  350
 2.725  347.5 -90  69  93   0.781   0.0   0.0  350
 2.725  552.5 -90  69  78  -0.781  30.0  30.0  550
 2.725  557.5 -90  69  78   2.344 270.0  30.0  559
 2.725  577.5 -90  69  78  -3.906  90.0  30.0  584
 2.725  582.5 -90  69  78   5.469 270.0  30.0  582
 2.725  692.5 -90  69  81   0.781   0.0   0.0  698
 2.725  695.0 -90  69  87   0.781   0.0   0.0  699
 2.725  707.5 -90  69  78  -0.781   0.0   0.0  711
 2.725 1042.5 -90  69  78   0.781   0.0   0.0 1047
 2.750  350.0  90  75  87  -0.781   0.0   0.0  355
 2.750  352.5  90  75 102   0.781   0.0   0.0  357
 2.750  355.0  90  75  99   0.781   0.0   0.0  358
 2.750  707.5  90  75  87   0.781   0.0   0.0  713
 2.750  710.0  90  75  93   0.781   0.0   0.0  714
 2.750  712.5  90  75  87   0.781   0.0   0.0  715
 2.750 1065.0  90  75  87   0.781   0.0   0.0 1070
 2.750 1070.0  90  75  84   0.781   0.0   0.0 1075
 2.750  342.5 -90  72  81   0.781   0.0   0.0  349
 2.750  345.0 -90  72  99   0.781   0.0   0.0  351
 2.750  347.5 -90  72  99   0.781   0.0   0.0  350
 2.750  695.0 -90  72  87   0.781   0.0   0.0  699
 2.750  697.5 -90  72  84  -0.781   0.0   0.0  700
 2.750  707.5 -90  72  81   0.781  90.0  30.0  713
 2.750  710.0 -90  72  81   0.781  90.0  30.0  713
 2.750  815.0 -90  72  81   5.469  90.0  30.0  825
 2.750 1050.0 -90  72  81  -0.781  90.0  30.0 1057
 2.775  352.5  90  78  99   0.781   0.0   0.0  356
 2.775  355.0  90  78 102   0.781   0.0   0.0  357
 2.775  357.5  90  78  87   0.781   0.0   0.0  360
 2.775  710.0  90  78  90   0.781   0.0   0.0  714
 2.775  712.5  90  78  96   0.781   0.0   0.0  715
 2.775  715.0  90  78  87   0.781   0.0   0.0  716
 2.775  947.5  90  78  87   2.344 270.0  30.0  949
 2.775  975.0  90  78  87   2.344 270.0  30.0  979
 2.775 1067.5  90  78  90   0.781   0.0   0.0 1071
 2.775 1070.0  90  78  90   0.781   0.0   0.0 1072
 2.775 1162.5  90  78  87   5.469 270.0  30.0 1154
 2.775 1165.0  90  78  87  -3.906 270.0  30.0 1159
 2.775 1170.0  90  78  87   3.906 270.0  30.0 1179
 2.775 1192.5  90  78  87  -2.344 270.0  30.0 1204
 2.775 1210.0  90  78  87   3.906 270.0  30.0 1198
 2.775 1220.0  90  78  87  -3.906 270.0  30.0 1222
 2.775 1225.0  90  78  87   0.781 270.0  30.0 1237
 2.775 1245.0  90  78  87  -2.344 270.0  30.0 1255
 2.775  345.0 -90  75  96   0.781   0.0   0.0  349
 2.775  347.5 -90  75  99   0.781   0.0   0.0  349
 2.775  697.5 -90  75  90   0.781   0.0   0.0  700
 2.775  710.0 -90  75  84  -0.781  90.0  30.0  712
 2.800   82.5  90  75  84  -0.781  30.0  30.0   93
 2.800   85.0  90  75  84  -0.781  90.0  30.0   88
 2.800   90.0  90  75  84   0.781  90.0  30.0   89
 2.800   92.5  90  75  84   3.906  30.0  30.0   87
 2.800  122.5  90  75  84   0.781  30.0  30.0  123
 2.800  125.0  90  75  84  -0.781  30.0  30.0  133
 2.800  352.5  90  75  93   0.781   0.0   0.0  359
 2.800  355.0  90  75 102   0.781   0.0   0.0  359
 2.800  357.5  90  75  93   0.781   0.0   0.0  359
 2.800  712.5  90  75  96   0.781   0.0   0.0  717
 2.800  715.0  90  75  93   0.781   0.0   0.0  718
 2.800  727.5  90  75  87   0.781   0.0   0.0  731
 2.800 1070.0  90  75  93   0.781   0.0   0.0 1075
 2.800 1072.5  90  75  90   0.781   0.0   0.0 1075
 2.800 1085.0  90  75  84  -0.781   0.0   0.0 1087
 2.800 1100.0  90  75  84   0.781  90.0  30.0 1107
 2.800 1255.0  90  75  84  -5.469  90.0  30.0 1253
 2.800 1260.0  90  75  84   0.781  90.0  30.0 1270
 2.800  345.0 -90  75  93   0.781   0.0   0.0  351
 2.800  347.5 -90  75 102   0.781   0.0   0.0  351
 2.800  350.0 -90  75  87   0.781   0.0   0.0  352
 2.800  697.5 -90  75  90   0.781   0.0   0.0  703
 2.825  197.5  90  72  81   0.781  90.0  30.0  209
 2.825  352.5  90  72  84   0.781   0.0   0.0  359
 2.825  355.0  90  72  99   0.781   0.0   0.0  360
 2.825  357.5  90  72  93   0.781   0.0   0.0  359
 2.825  712.5  90  72  90   0.781   0.0   0.0  718
 2.825  715.0  90  72  93   0.781   0.0   0.0  719
 2.825  717.5  90  72  81   0.781   0.0   0.0  718
 2.825  727.5  90  72  84   0.781   0.0   0.0  732
 2.825  730.0  90  72  84   0.781   0.0   0.0  733
 2.825  732.5  90  72  81   0.781  30.0  30.0  738
 2.825  747.5  90  72  81  -0.781  30.0  30.0  753
 2.825  772.5  90  72  81  -2.344  30.0  30.0  761
 2.825  782.5  90  72  81  -3.906  90.0  30.0  778
 2.825 1070.0  90  72  84   0.781   0.0   0.0 1076
 2.825 1072.5  90  72  90   0.781   0.0   0.0 1076
 2.825 1077.5  90  72  81   0.781   0.0   0.0 1081
 2.825 1082.5  90  72  81   0.781   0.0   0.0 1087
 2.825 1085.0  90  72  84   0.781   0.0   0.0 1089
 2.825 1090.0  90  72  81   0.781   0.0   0.0 1096
 2.825 1262.5  90  72  81  -0.781  30.0  30.0 1258
 2.825 1277.5  90  72  81  -0.781  90.0  30.0 1283
 2.825 1280.0  90  72  81  -3.906  30.0  30.0 1288
 2.825  110.0 -90  72  81  -3.906  90.0  30.0  107
 2.825  145.0 -90  72  81   2.344  90.0  30.0  137
 2.825  345.0 -90  72  84   0.781   0.0   0.0  352
 2.825  347.5 -90  72  99   0.781   0.0   0.0  351
 2.825  350.0 -90  72  87   0.781   0.0   0.0  352
 2.825  697.5 -90  72  81   0.781   0.0   0.0  703
 2.825  700.0 -90  72  84   0.781   0.0   0.0  703
 2.825 1050.0 -90  72  81   0.781   0.0   0.0 1053
 2.850  135.0  90  72  81   0.781  30.0  30.0  134
 2.850  150.0  90  72  81   0.781  30.0  30.0  140
 2.850  197.5  90  72  81   2.344  30.0  30.0  206
 2.850  275.0  90  72  81  -2.344  30.0  30.0  281
 2.850  300.0  90  72  81  -2.344  30.0  30.0  299
 2.850  305.0  90  72  81   5.469  90.0  30.0  312
 2.850  355.0  90  72  96   0.781   0.0   0.0  360
 2.850  357.5  90  72  96   0.781   0.0   0.0  361
 2.850  712.5  90  72  81   0.781   0.0   0.0  719
 2.850  715.0  90  72  93   0.781   0.0   0.0  720
 2.850  717.5  90  72  90   0.781   0.0   0.0  720
 2.850  727.5  90  72  81   0.781   0.0   0.0  731
 2.850 1072.5  90  72  81   0.781   0.0   0.0 1077
 2.850 1075.0  90  72  87   0.781   0.0   0.0 1079
 2.850 1077.5  90  72  84   0.781   0.0   0.0 1080
 2.850 1085.0  90  72  81  -0.781  30.0  30.0 1082
 2.850 1125.0  90  72  81   3.906  30.0  30.0 1125
 2.850  345.0 -90  72  81  -0.781   0.0   0.0  352
 2.850  347.5 -90  72  96   0.781   0.0   0.0  352
 2.850  350.0 -90  72  93   0.781   0.0   0.0  353
 2.850  700.0 -90  72  87   0.781   0.0   0.0  704
 2.850 1050.0 -90  72  81   0.781   0.0   0.0 1053
 2.875   80.0  90  69  78   5.469  30.0  30.0   88
 2.875  110.0  90  69  78  -0.781  30.0  30.0   96
 2.875  115.0  90  69  78  -3.906  90.0  30.0  119
 2.875  125.0  90  69  78  -5.469  30.0  30.0  126
 2.875  355.0  90  69  87   0.781   0.0   0.0  361
 2.875  357.5  90  69  93   0.781   0.0   0.0  361
 2.875  360.0  90  69  84   0.781   0.0   0.0  363
 2.875  715.0  90  69  81   0.781   0.0   0.0  720
 2.875  717.5  90  69  90   0.781   0.0   0.0  721
 2.875  720.0  90  69  81   0.781   0.0   0.0  722
 2.875  882.5  90  69  78  -0.781  30.0  30.0  887
 2.875  897.5  90  69  78  -0.781  90.0  30.0  899
 2.875  922.5  90  69  78   0.781  30.0  30.0  918
 2.875  947.5  90  69  78  -0.781  90.0  30.0  952
 2.875  972.5  90  69  78  -0.781  30.0  30.0  977
 2.875  982.5  90  69  78   0.781  90.0  30.0  993
 2.875  987.5  90  69  78  -5.469  90.0  30.0  999
 2.875  992.5  90  69  78   2.344  30.0  30.0  987
 2.875  997.5  90  69  78  -3.906  90.0  30.0  993
 2.875 1002.5  90  69  78  -0.781  90.0  30.0  997
 2.875 1007.5  90  69  78  -3.906  90.0  30.0 1009
 2.875 1017.5  90  69  78   2.344  90.0  30.0 1022
 2.875 1027.5  90  69  78   3.906  30.0  30.0 1031
 2.875 1032.5  90  69  78   3.906  90.0  30.0 1039
 2.875 1037.5  90  69  78  -0.781  90.0  30.0 1042
 2.875 1075.0  90  69  81   0.781   0.0   0.0 1081
 2.875 1077.5  90  69  84   0.781   0.0   0.0 1080
 2.875 1080.0  90  69  81   0.781   0.0   0.0 1081
 2.875 1097.5  90  69  78  -3.906  30.0  30.0 1106
 2.875 1122.5  90  69  78  -0.781  30.0  30.0 1120
 2.875 1127.5  90  69  78  -3.906  30.0  30.0 1124
 2.875 1132.5  90  69  78   0.781  30.0  30.0 1132
 2.875 1220.0  90  69  78  -5.469  30.0  30.0 1233
 2.875 1225.0  90  69  78   3.906  30.0  30.0 1238
 2.875 1240.0  90  69  78   3.906  90.0  30.0 1247
 2.875 1245.0  90  69  78  -5.469  90.0  30.0 1231
 2.875 1265.0  90  69  78  -2.344  90.0  30.0 1269
 2.875 1275.0  90  69  78  -5.469  90.0  30.0 1275
 2.875  337.5 -90  72  81  -3.906  90.0  30.0  337
 2.875  347.5 -90  72  90  -0.781   0.0   0.0  352
 2.875  350.0 -90  72  93   0.781   0.0   0.0  353
 2.900   82.5  90  75  84  -2.344  30.0  30.0   86
 2.900  132.5  90  75  84   3.906  30.0  30.0  141
 2.900  357.5  90  75  90   0.781   0.0   0.0  362
 2.900  360.0  90  75  87  -0.781   0.0   0.0  364
 2.900  717.5  90  75  84   0.781   0.0   0.0  721
 2.900  720.0  90  75  84   0.781   0.0   0.0  727
 2.900 1060.0  90  75  84   2.344  30.0  30.0 1063
 2.900 1070.0  90  75  84  -0.781  30.0  30.0 1073
 2.900 1075.0  90  75  84  -5.469  30.0  30.0 1070
 2.900 1080.0  90  75  84   5.469  30.0  30.0 1075
 2.900 1105.0  90  75  84   3.906  30.0  30.0 1112
 2.900  347.5 -90  75  87   0.781   0.0   0.0  353
 2.900  350.0 -90  75  87   0.781   0.0   0.0  355
 2.900  352.5 -90  75  87   0.781   0.0   0.0  353
 2.925 1165.0 -90  75  84  -5.469 270.0  30.0 1159
 2.925 1207.5 -90  75  84  -5.469 270.0  30.0 1211
 2.925 1272.5 -90  75  84  -3.906 270.0  30.0 1284
 2.950  360.0  90  75  84  -0.781   0.0   0.0  364
 2.950  350.0 -90  69  81  -0.781   0.0   0.0  356
 2.975  360.0  90  72  87   0.781   0.0   0.0  364
 2.975  362.5  90  72  81   0.781   0.0   0.0  365
 2.975  725.0  90  72  81   0.781   0.0   0.0  727
 2.975  350.0 -90  72  84   0.781   0.0   0.0  354
 2.975  352.5 -90  72  84   0.781   0.0   0.0  355
 3.000  725.0  90  78  87   0.781   0.0   0.0  728
 3.000  352.5 -90  75  84   0.781   0.0   0.0  355
 3.050  360.0  90  66  75   0.781   0.0   0.0  365
 3.050  362.5  90  66  90   0.781   0.0   0.0  367
 3.050  365.0  90  66  84   0.781   0.0   0.0  368
 3.050  727.5  90  66  81   0.781   0.0   0.0  732
 3.050  730.0  90  66  84   0.781   0.0   0.0  733
 3.050  742.5  90  66  75   0.781   0.0   0.0  746
 3.050 1095.0  90  66  75   0.781   0.0   0.0 1099
 3.050 1107.5  90  66  75   0.781   0.0   0.0 1112
 3.050  350.0 -90  63  75   0.781   0.0   0.0  356
 3.050  352.5 -90  63  90   0.781   0.0   0.0  357
 3.050  355.0 -90  63  81   0.781   0.0   0.0  357
 3.050  542.5 -90  63  72  -0.781  30.0  30.0  533
 3.050  577.5 -90  63  72  -2.344  90.0  30.0  579
 3.050  635.0 -90  63  75   0.781  30.0  30.0  625
 3.050  637.5 -90  63  75   0.781  30.0  30.0  625
 3.050  707.5 -90  63  75   0.781   0.0   0.0  713
 3.050  710.0 -90  63  78   0.781   0.0   0.0  713
 3.050  815.0 -90  63  72  -0.781  90.0  30.0  816
 3.050  832.5 -90  63  72  -0.781  90.0  30.0  826
 3.050  835.0 -90  63  72  -0.781  90.0  30.0  823
 3.050  840.0 -90  63  72  -0.781  90.0  30.0  836
 3.050  842.5 -90  63  72  -3.906  90.0  30.0  845
 3.050  860.0 -90  63  72  -0.781  90.0  30.0  869
 3.050  872.5 -90  63  72  -0.781  90.0  30.0  875
 3.050  875.0 -90  63  72  -3.906  90.0  30.0  876
 3.050  890.0 -90  63  72  -5.469  90.0  30.0  898
 3.050  957.5 -90  63  72  -2.344  90.0  30.0  946
 3.075  362.5  90  63  87   0.781   0.0   0.0  372
 3.075  365.0  90  63  87   0.781   0.0   0.0  370
 3.075  637.5  90  63  72  -0.781  30.0  30.0  623
 3.075  727.5  90  63  72   0.781   0.0   0.0  732
 3.075  730.0  90  63  84   0.781   0.0   0.0  726
 3.075  732.5  90  63  78   0.781   0.0   0.0  747
 3.075  742.5  90  63  72   0.781   0.0   0.0  746
 3.075  927.5  90  63  72   3.906  90.0  30.0  913
 3.075  960.0  90  63  72  -0.781  90.0  30.0  954
 3.075 1100.0  90  63  72   0.781   0.0   0.0 1107
 3.075 1102.5  90  63  72   0.781   0.0   0.0 1093
 3.075 1107.5  90  63  72   0.781   0.0   0.0 1094
 3.075  170.0 -90  60  69  -5.469  90.0  30.0  162
 3.075  185.0 -90  60  69   2.344  90.0  30.0  192
 3.075  190.0 -90  60  69   5.469  90.0  30.0  205
 3.075  352.5 -90  60  87   0.781   0.0   0.0  362
 3.075  355.0 -90  60  84   0.781   0.0   0.0  354
 3.075  575.0 -90  60  69  -5.469  90.0  30.0  575
 3.075  710.0 -90  60  78   0.781   0.0   0.0  710
 3.075  712.5 -90  60  69   0.781   0.0   0.0  716
 3.075  722.5 -90  60  69   0.781   0.0   0.0  724
 3.075  735.0 -90  60  69   3.906  90.0  30.0  731
 3.075 1067.5 -90  60  69   0.781   0.0   0.0 1056
 3.125  362.5  90  63  78   0.781   0.0   0.0  369
 3.125  365.0  90  63  90   0.781   0.0   0.0  370
 3.125  367.5  90  63  84   0.781   0.0   0.0  370
 3.125  732.5  90  63  81   0.781   0.0   0.0  737
 3.125  735.0  90  63  84   0.781   0.0   0.0  739
 3.125  745.0  90  63  72   0.781   0.0   0.0  750
 3.125  747.5  90  63  75   0.781  90.0  30.0  750
 3.125 1100.0  90  63  75   0.781   0.0   0.0 1106
 3.125 1102.5  90  63  78   0.781   0.0   0.0 1106
 3.125 1107.5  90  63  75   0.781   0.0   0.0 1112
 3.125 1112.5  90  63  72   0.781   0.0   0.0 1117
 3.125 1125.0  90  63  72   0.781  90.0  30.0 1130
 3.125  352.5 -90  63  81   0.781   0.0   0.0  359
 3.125  355.0 -90  63  90   0.781   0.0   0.0  359
 3.125  357.5 -90  63  75   0.781   0.0   0.0  359
 3.125  710.0 -90  63  72   0.781   0.0   0.0  714
 3.125  712.5 -90  63  81   0.781   0.0   0.0  717
 3.125  715.0 -90  63  75   0.781   0.0   0.0  717
 3.125  730.0 -90  63  72   0.781   0.0   0.0  733
 3.125 1160.0 -90  63  72   0.781  90.0  30.0 1171
 3.150  365.0  90  66  90   0.781   0.0   0.0  370
 3.150  367.5  90  66  87   0.781   0.0   0.0  370
 3.150  735.0  90  66  81   0.781   0.0   0.0  739
 3.150  737.5  90  66  75   0.781   0.0   0.0  739
 3.150  745.0  90  66  75  -0.781   0.0   0.0  750
 3.150 1112.5  90  66  75   0.781   0.0   0.0 1116
 3.150 1152.5  90  66  75  -0.781  90.0  30.0 1161
 3.150 1177.5  90  66  75   0.781  90.0  30.0 1172
 3.150 1187.5  90  66  75  -5.469  90.0  30.0 1179
 3.150 1190.0  90  66  75   0.781  90.0  30.0 1193
 3.150 1202.5  90  66  75  -5.469  90.0  30.0 1217
 3.150 1210.0  90  66  75   3.906  90.0  30.0 1217
 3.150 1220.0  90  66  75   3.906  90.0  30.0 1234
 3.150 1235.0  90  66  75  -2.344  90.0  30.0 1230
 3.150 1242.5  90  66  75   5.469  90.0  30.0 1256
 3.150 1245.0  90  66  78   5.469  90.0  30.0 1258
 3.150 1250.0  90  66  75  -2.344  90.0  30.0 1241
 3.150 1252.5  90  66  75  -2.344  90.0  30.0 1245
 3.150 1265.0  90  66  75   5.469  90.0  30.0 1275
 3.150 1272.5  90  66  75   0.781  90.0  30.0 1285
 3.150  352.5 -90  63  72   0.781   0.0   0.0  359
 3.150  355.0 -90  63  90   0.781   0.0   0.0  360
 3.150  357.5 -90  63  78   0.781   0.0   0.0  359
 3.150  400.0 -90  63  72  -3.906  90.0  30.0  414
 3.150  407.5 -90  63  72  -5.469  90.0  30.0  399
 3.150  435.0 -90  63  72  -0.781  90.0  30.0  429
 3.150  712.5 -90  63  78   0.781   0.0   0.0  718
 3.150  715.0 -90  63  78   0.781   0.0   0.0  718
 3.150  817.5 -90  63  72  -0.781  90.0  30.0  809
 3.150  822.5 -90  63  72   2.344  90.0  30.0  830
 3.150  832.5 -90  63  72   2.344  90.0  30.0  839
 3.150  857.5 -90  63  72   2.344  90.0  30.0  846
 3.150  862.5 -90  63  72  -0.781  90.0  30.0  860
 3.150  877.5 -90  63  72  -5.469  90.0  30.0  873
 3.150  887.5 -90  63  72  -0.781  90.0  30.0  885
 3.175  365.0  90  72  84   0.781   0.0   0.0  371
 3.175  367.5  90  72  90   0.781   0.0   0.0  371
 3.175  737.5  90  72  81   0.781   0.0   0.0  742
 3.175  355.0 -90  69  87   0.781   0.0   0.0  360
 3.175  357.5 -90  69  84   0.781   0.0   0.0  361
 3.175  715.0 -90  69  78   0.781   0.0   0.0  718
 3.200  365.0  90  66  78   0.781   0.0   0.0  371
 3.200  367.5  90  66  90   0.781   0.0   0.0  372
 3.200  370.0  90  66  81   0.781   0.0   0.0  372
 3.200  737.5  90  66  78   0.781   0.0   0.0  743
 3.200  740.0  90  66  81   0.781   0.0   0.0  743
 3.200 1110.0  90  66  78   0.781   0.0   0.0 1116
 3.200  355.0 -90  63  84   0.781   0.0   0.0  361
 3.200  357.5 -90  63  87   0.781   0.0   0.0  361
 3.200  625.0 -90  63  72  -5.469 330.0  30.0  625
 3.200  715.0 -90  63  75   0.781   0.0   0.0  721
 3.200  717.5 -90  63  78   0.781   0.0   0.0  721
 3.200 1065.0 -90  63  72  -3.906 330.0  30.0 1066
 3.225  367.5  90  66  87   0.781   0.0   0.0  373
 3.225  370.0  90  66  87   0.781   0.0   0.0  373
 3.225  740.0  90  66  81   0.781   0.0   0.0  745
 3.225  742.5  90  66  75   0.781   0.0   0.0  746
 3.225 1112.5  90  66  75   0.781   0.0   0.0 1116
 3.225  355.0 -90  63  78   0.781   0.0   0.0  361
 3.225  357.5 -90  63  87   0.781   0.0   0.0  362
 3.225  360.0 -90  63  72   0.781   0.0   0.0  362
 3.225  717.5 -90  63  75   0.781   0.0   0.0  722
 3.250  367.5  90  63  81   0.781   0.0   0.0  373
 3.250  370.0  90  63  90   0.781   0.0   0.0  374
 3.250  372.5  90  63  78  -0.781   0.0   0.0  375
 3.250  740.0  90  63  75   0.781   0.0   0.0  743
 3.250  742.5  90  63  84   0.781   0.0   0.0  746
 3.250  745.0  90  63  75   0.781   0.0   0.0  748
 3.250  747.5  90  63  75   0.781   0.0   0.0  751
 3.250  750.0  90  63  72   0.781  90.0  30.0  751
 3.250  767.5  90  63  72  -2.344  90.0  30.0  774
 3.250  880.0  90  63  72  -5.469  90.0  30.0  888
 3.250  895.0  90  63  72   2.344  90.0  30.0  884
 3.250 1072.5  90  63  75   0.781  90.0  30.0 1086
 3.250 1097.5  90  63  72   0.781  90.0  30.0 1105
 3.250 1112.5  90  63  72  -5.469  90.0  30.0 1124
 3.250 1115.0  90  63  78   0.781   0.0   0.0 1118
 3.250 1117.5  90  63  75   0.781   0.0   0.0 1121
 3.250 1122.5  90  63  72  -5.469  90.0  30.0 1118
 3.250  355.0 -90  63  72  -0.781   0.0   0.0  363
 3.250  357.5 -90  63  87   0.781   0.0   0.0  362
 3.250  360.0 -90  63  78   0.781   0.0   0.0  362
 3.250  682.5 -90  63  72  -5.469  90.0  30.0  674
 3.250  717.5 -90  63  72   0.781   0.0   0.0  722
 3.250  720.0 -90  63  78   0.781   0.0   0.0  724
 3.275  367.5  90  63  78   0.781   0.0   0.0  374
 3.275  370.0  90  63  90   0.781   0.0   0.0  375
 3.275  372.5  90  63  84   0.781   0.0   0.0  375
 3.275  742.5  90  63  78   0.781   0.0   0.0  748
 3.275  745.0  90  63  84   0.781   0.0   0.0  749
 3.275  747.5  90  63  72   0.781   0.0   0.0  749
 3.275  752.5  90  63  75   0.781   0.0   0.0  756
 3.275  757.5  90  63  72   0.781   0.0   0.0  761
 3.275 1115.0  90  63  75   0.781   0.0   0.0 1118
 3.275 1117.5  90  63  78   0.781   0.0   0.0 1122
 3.275 1120.0  90  63  72   0.781   0.0   0.0 1123
 3.275 1122.5  90  63  72   0.781   0.0   0.0 1128
 3.275 1260.0  90  63  72   0.781  90.0  30.0 1254
 3.275 1270.0  90  63  72   2.344  90.0  30.0 1279
 3.275  357.5 -90  63  87   0.781   0.0   0.0  363
 3.275  360.0 -90  63  84   0.781   0.0   0.0  363
 3.275  720.0 -90  63  78   0.781   0.0   0.0  724
 3.275  722.5 -90  63  72   0.781 330.0  30.0  724
 3.275 1085.0 -90  63  72   0.781   0.0   0.0 1090
 3.300  370.0  90  63  87   0.781   0.0   0.0  375
 3.300  372.5  90  63  90   0.781   0.0   0.0  376
 3.300  375.0  90  63  75   0.781   0.0   0.0  378
 3.300  745.0  90  63  81   0.781   0.0   0.0  750
 3.300  747.5  90  63  81   0.781   0.0   0.0  751
 3.300  750.0  90  63  72   0.781   0.0   0.0  752
 3.300 1117.5  90  63  72   0.781   0.0   0.0 1123
 3.300 1120.0  90  63  78   0.781   0.0   0.0 1125
 3.300 1122.5  90  63  78   0.781   0.0   0.0 1126
 3.300  357.5 -90  60  84   0.781   0.0   0.0  363
 3.300  360.0 -90  60  87   0.781   0.0   0.0  363
 3.300  362.5 -90  60  72  -0.781   0.0   0.0  365
 3.300  480.0 -90  60  69  -5.469 150.0  30.0  466
 3.300  525.0 -90  60  69  -0.781 150.0  30.0  530
 3.300  720.0 -90  60  75   0.781   0.0   0.0  725
 3.300  722.5 -90  60  81   0.781   0.0   0.0  726
 3.300  725.0 -90  60  69   0.781   0.0   0.0  728
 3.300  735.0 -90  60  69   0.781 150.0  30.0  737
 3.300  740.0 -90  60  69   0.781 330.0  30.0  743
 3.300 1085.0 -90  60  75   0.781   0.0   0.0 1090
 3.325  370.0  90  63  81   0.781   0.0   0.0  376
 3.325  372.5  90  63  93   0.781   0.0   0.0  377
 3.325  375.0  90  63  81   0.781   0.0   0.0  377
 3.325  620.0  90  63  72   3.906 330.0  30.0  610
 3.325  625.0  90  63  72   5.469 150.0  30.0  625
 3.325  635.0  90  63  72  -0.781 150.0  30.0  634
 3.325  640.0  90  63  72  -0.781 330.0  30.0  635
 3.325  645.0  90  63  72  -3.906 150.0  30.0  644
 3.325  650.0  90  63  72  -3.906 150.0  30.0  653
 3.325  655.0  90  63  72   0.781 330.0  30.0  659
 3.325  660.0  90  63  72  -0.781 330.0  30.0  663
 3.325  745.0  90  63  72   0.781   0.0   0.0  751
 3.325  747.5  90  63  84   0.781   0.0   0.0  752
 3.325  750.0  90  63  78   0.781   0.0   0.0  753
 3.325  752.5  90  63  72   0.781   0.0   0.0  755
 3.325 1120.0  90  63  72   0.781   0.0   0.0 1125
 3.325 1122.5  90  63  81   0.781   0.0   0.0 1127
 3.325 1125.0  90  63  78   0.781   0.0   0.0 1128
 3.325 1127.5  90  63  75   0.781 150.0  30.0 1131
 3.325  357.5 -90  63  78   0.781   0.0   0.0  364
 3.325  360.0 -90  63  90   0.781   0.0   0.0  364
 3.325  362.5 -90  63  78   0.781   0.0   0.0  364
 3.325  722.5 -90  63  78   0.781   0.0   0.0  727
 3.325  725.0 -90  63  75   0.781   0.0   0.0  727
 3.325  735.0 -90  63  72   0.781 150.0  30.0  739
 3.325 1095.0 -90  63  72   0.781   0.0   0.0 1098
 3.350  370.0  90  63  75  -0.781   0.0   0.0  377
 3.350  372.5  90  63  90   0.781   0.0   0.0  377
 3.350  375.0  90  63  87   0.781   0.0   0.0  377
 3.350  680.0  90  63  72  -2.344 150.0  30.0  685
 3.350  690.0  90  63  72  -0.781 150.0  30.0  702
 3.350  695.0  90  63  72  -2.344 150.0  30.0  686
 3.350  700.0  90  63  72  -0.781 150.0  30.0  703
 3.350  725.0  90  63  72  -5.469 150.0  30.0  737
 3.350  727.5  90  63  72   5.469 150.0  30.0  716
 3.350  730.0  90  63  72  -3.906 150.0  30.0  720
 3.350  735.0  90  63  72   2.344 150.0  30.0  748
 3.350  740.0  90  63  72  -0.781 150.0  30.0  742
 3.350  745.0  90  63  72   2.344 150.0  30.0  736
 3.350  747.5  90  63  75   0.781   0.0   0.0  753
 3.350  750.0  90  63  84   0.781   0.0   0.0  754
 3.350  752.5  90  63  78   0.781   0.0   0.0  755
 3.350  755.0  90  63  72   3.906 150.0  30.0  756
 3.350  760.0  90  63  72  -0.781 150.0  30.0  757
 3.350 1125.0  90  63  78   0.781   0.0   0.0 1130
 3.350 1127.5  90  63  72   0.781   0.0   0.0 1129
 3.350 1130.0  90  63  72   0.781   0.0   0.0 1132
 3.350  357.5 -90  60  72  -0.781   0.0   0.0  363
 3.350  360.0 -90  60  90   0.781   0.0   0.0  365
 3.350  362.5 -90  60  81   0.781   0.0   0.0  365
 3.350  365.0 -90  60  69   0.781  90.0  30.0  367
 3.350  672.5 -90  60  69   0.781 150.0  30.0  659
 3.350  682.5 -90  60  69   0.781 150.0  30.0  672
 3.350  687.5 -90  60  69   3.906 150.0  30.0  695
 3.350  692.5 -90  60  69  -5.469 330.0  30.0  698
 3.350  697.5 -90  60  69  -0.781 330.0  30.0  699
 3.350  702.5 -90  60  72   5.469 150.0  30.0  712
 3.350  705.0 -90  60  69   0.781 150.0  30.0  706
 3.350  707.5 -90  60  69  -0.781 150.0  30.0  698
 3.350  712.5 -90  60  69  -5.469 150.0  30.0  700
 3.350  715.0 -90  60  69   3.906 150.0  30.0  712
 3.350  717.5 -90  60  72   2.344 150.0  30.0  718
 3.350  722.5 -90  60  72   0.781   0.0   0.0  729
 3.350  725.0 -90  60  81   0.781   0.0   0.0  729
 3.350  727.5 -90  60  69  -0.781   0.0   0.0  730
 3.350  730.0 -90  60  69  -3.906 150.0  30.0  730
 3.350  732.5 -90  60  72  -0.781 150.0  30.0  733
 3.350  735.0 -90  60  72  -2.344 150.0  30.0  741
 3.350  737.5 -90  60  75  -0.781 150.0  30.0  740
 3.350  740.0 -90  60  69   0.781   0.0   0.0  744
 3.350  742.5 -90  60  69  -0.781 150.0  30.0  744
 3.350  745.0 -90  60  72  -2.344 150.0  30.0  737
 3.350  747.5 -90  60  72   0.781 150.0  30.0  750
 3.350  755.0 -90  60  72   3.906 150.0  30.0  751
 3.350  760.0 -90  60  72   0.781 150.0  30.0  765
 3.350  762.5 -90  60  72   0.781 150.0  30.0  757
 3.350 1087.5 -90  60  69   0.781   0.0   0.0 1092
 3.350 1092.5 -90  60  69   0.781   0.0   0.0 1097
 3.350 1097.5 -90  60  69   0.781   0.0   0.0 1100
 3.350 1272.5 -90  60  69  -2.344  30.0  30.0 1283
 3.375  372.5  90  63  87   0.781   0.0   0.0  378
 3.375  375.0  90  63  93   0.781   0.0   0.0  378
 3.375  377.5  90  63  78   0.781  30.0  30.0  379
 3.375  750.0  90  63  81   0.781   0.0   0.0  755
 3.375  752.5  90  63  87   0.781   0.0   0.0  756
 3.375  755.0  90  63  75   0.781   0.0   0.0  758
 3.375  780.0  90  63  72   2.344 150.0  30.0  795
 3.375  785.0  90  63  72  -3.906 150.0  30.0  781
 3.375  795.0  90  63  72   2.344 330.0  30.0  801
 3.375  800.0  90  63  72  -5.469 150.0  30.0  809
 3.375  812.5  90  63  72  -0.781 150.0  30.0  800
 3.375  815.0  90  63  72  -3.906 150.0  30.0  829
 3.375  817.5  90  63  72  -0.781 330.0  30.0  821
 3.375  832.5  90  63  72   3.906 150.0  30.0  829
 3.375  845.0  90  63  72   2.344 150.0  30.0  860
 3.375 1127.5  90  63  75   0.781   0.0   0.0 1131
 3.375 1130.0  90  63  78   0.781   0.0   0.0 1133
 3.375  360.0 -90  63  87   0.781   0.0   0.0  365
 3.375  362.5 -90  63  87   0.781   0.0   0.0  365
 3.375  725.0 -90  63  81   0.781   0.0   0.0  730
 3.375  727.5 -90  63  81   0.781   0.0   0.0  730
 3.375  737.5 -90  63  72   0.781   0.0   0.0  741
 3.375  812.5 -90  63  72  -3.906 150.0  30.0  827
 3.375  842.5 -90  63  72   5.469 150.0  30.0  857
 3.375  857.5 -90  63  72  -0.781 150.0  30.0  855
 3.375  862.5 -90  63  72  -5.469 150.0  30.0  860
 3.375 1092.5 -90  63  72   0.781   0.0   0.0 1097
 3.400  372.5  90  63  81   0.781   0.0   0.0  379
 3.400  375.0  90  63  93   0.781   0.0   0.0  379
 3.400  377.5  90  63  84   0.781   0.0   0.0  380
 3.400  752.5  90  63  84   0.781   0.0   0.0  757
 3.400  755.0  90  63  84   0.781   0.0   0.0  758
 3.400  765.0  90  63  72   0.781   0.0   0.0  769
 3.400  770.0  90  63  72   0.781 150.0  30.0  773
 3.400 1130.0  90  63  75   0.781   0.0   0.0 1134
 3.400 1132.5  90  63  78   0.781   0.0   0.0 1136
 3.400 1135.0  90  63  72   0.781   0.0   0.0 1139
 3.400  360.0 -90  63  84   0.781   0.0   0.0  366
 3.400  362.5 -90  63  90   0.781   0.0   0.0  366
 3.400  365.0 -90  63  72   0.781   0.0   0.0  367
 3.400  725.0 -90  63  75   0.781   0.0   0.0  730
 3.400  727.5 -90  63  81   0.781   0.0   0.0  731
 3.400  730.0 -90  63  72   0.781   0.0   0.0  733
 3.400 1092.5 -90  63  72   0.781   0.0   0.0 1096
 3.425  372.5  90  63  72   0.781  90.0  30.0  375
 3.425  375.0  90  63  90   0.781   0.0   0.0  380
 3.425  377.5  90  63  90   0.781   0.0   0.0  380
 3.425  380.0  90  63  72   0.781 270.0  30.0  382
 3.425  752.5  90  63  72   0.781   0.0   0.0  757
 3.425  755.0  90  63  84   0.781   0.0   0.0  759
 3.425  757.5  90  63  78   0.781   0.0   0.0  759
 3.425  767.5  90  63  72   0.781   0.0   0.0  771
 3.425  770.0  90  63  72   0.781   0.0   0.0  774
 3.425 1132.5  90  63  78   0.781   0.0   0.0 1136
 3.425 1135.0  90  63  81   0.781   0.0   0.0 1138
 3.425 1137.5  90  63  75   0.781   0.0   0.0 1140
 3.425 1140.0  90  63  72   0.781   0.0   0.0 1141
 3.425  295.0 -90  60  69   2.344  90.0  30.0  283
 3.425  310.0 -90  60  69  -2.344  90.0  30.0  297
 3.425  320.0 -90  60  69  -2.344  90.0  30.0  330
 3.425  325.0 -90  60  69   0.781  90.0  30.0  321
 3.425  330.0 -90  60  69   3.906  90.0  30.0  316
 3.425  340.0 -90  60  69   3.906  90.0  30.0  345
 3.425  350.0 -90  60  69  -0.781 270.0  30.0  349
 3.425  360.0 -90  60  75   0.781   0.0   0.0  366
 3.425  362.5 -90  60  90   0.781   0.0   0.0  366
 3.425  365.0 -90  60  78   0.781   0.0   0.0  366
 3.425  385.0 -90  60  69  -3.906  90.0  30.0  379
 3.425  497.5 -90  60  69   5.469 270.0  30.0  500
 3.425  502.5 -90  60  69   3.906 270.0  30.0  504
 3.425  532.5 -90  60  69   0.781  90.0  30.0  542
 3.425  542.5 -90  60  69  -5.469 270.0  30.0  528
 3.425  627.5 -90  60  69   5.469  90.0  30.0  640
 3.425  642.5 -90  60  72   0.781  90.0  30.0  648
 3.425  647.5 -90  60  69   3.906  90.0  30.0  653
 3.425  650.0 -90  60  69  -0.781  90.0  30.0  644
 3.425  652.5 -90  60  69   0.781  90.0  30.0  641
 3.425  657.5 -90  60  69   5.469  90.0  30.0  660
 3.425  660.0 -90  60  69  -0.781  90.0  30.0  667
 3.425  665.0 -90  60  69  -0.781  90.0  30.0  677
 3.425  677.5 -90  60  69  -2.344  90.0  30.0  665
 3.425  690.0 -90  60  69   2.344 270.0  30.0  678
 3.425  695.0 -90  60  69  -0.781  90.0  30.0  694
 3.425  702.5 -90  60  69   2.344 270.0  30.0  711
 3.425  715.0 -90  60  69   5.469  90.0  30.0  722
 3.425  727.5 -90  60  78   0.781   0.0   0.0  732
 3.425  730.0 -90  60  78   0.781   0.0   0.0  732
 3.425  735.0 -90  60  69   2.344  90.0  30.0  744
 3.425  745.0 -90  60  69  -0.781  90.0  30.0  752
 3.425  757.5 -90  60  69   0.781  90.0  30.0  767
 3.425 1050.0 -90  60  69  -3.906 330.0  30.0 1052
 3.450  375.0  90  63  84   0.781   0.0   0.0  381
 3.450  377.5  90  63  90   0.781   0.0   0.0  381
 3.450  380.0  90  63  78   0.781   0.0   0.0  381
 3.450  755.0  90  63  78   0.781   0.0   0.0  761
 3.450  757.5  90  63  84   0.781   0.0   0.0  762
 3.450  760.0  90  63  78   0.781   0.0   0.0  763
 3.450  767.5  90  63  72   0.781   0.0   0.0  773
 3.450  840.0  90  63  72   0.781  90.0  30.0  836
 3.450  900.0  90  63  72  -2.344  90.0  30.0  912
 3.450  905.0  90  63  72   0.781  90.0  30.0  916
 3.450 1135.0  90  63  78   0.781 150.0  30.0 1140
 3.450 1137.5  90  63  81   0.781   0.0   0.0 1141
 3.450 1140.0  90  63  72   0.781   0.0   0.0 1142
 3.450  105.0 -90  60  69   3.906  90.0  30.0  109
 3.450  110.0 -90  60  69  -5.469  90.0  30.0  101
 3.450  115.0 -90  60  69   3.906  90.0  30.0  124
 3.450  125.0 -90  60  69   3.906  90.0  30.0  139
 3.450  297.5 -90  60  69   5.469  90.0  30.0  289
 3.450  317.5 -90  60  69  -3.906  90.0  30.0  318
 3.450  360.0 -90  60  69   0.781   0.0   0.0  368
 3.450  362.5 -90  60  87   0.781   0.0   0.0  368
 3.450  365.0 -90  60  84   0.781   0.0   0.0  368
 3.450  540.0 -90  60  69  -5.469  90.0  30.0  535
 3.450  597.5 -90  60  69   2.344  90.0  30.0  595
 3.450  615.0 -90  60  69   3.906  90.0  30.0  621
 3.450  727.5 -90  60  72   0.781   0.0   0.0  734
 3.450  730.0 -90  60  81   0.781   0.0   0.0  734
 3.450  732.5 -90  60  72   0.781   0.0   0.0  735
 3.450  740.0 -90  60  69   0.781   0.0   0.0  743
 3.450  757.5 -90  60  69   5.469 270.0  30.0  769
 3.450  772.5 -90  60  69  -0.781  90.0  30.0  781
 3.450  777.5 -90  60  69  -2.344  90.0  30.0  780
 3.450  787.5 -90  60  69  -3.906 270.0  30.0  783
 3.450  805.0 -90  60  69  -5.469  90.0  30.0  819
 3.450  807.5 -90  60  69  -5.469  90.0  30.0  807
 3.450  812.5 -90  60  69   5.469  90.0  30.0  814
 3.450  817.5 -90  60  69   5.469 270.0  30.0  806
 3.450  832.5 -90  60  69   5.469  90.0  30.0  836
 3.450  847.5 -90  60  69  -5.469 270.0  30.0  862
 3.450  867.5 -90  60  69  -3.906 270.0  30.0  857
 3.450 1097.5 -90  60  72   0.781   0.0   0.0 1102
 3.475  375.0  90  63  75   0.781   0.0   0.0  381
 3.475  377.5  90  63  90   0.781   0.0   0.0  383
 3.475  380.0  90  63  87   0.781   0.0   0.0  383
 3.475  757.5  90  63  81   0.781   0.0   0.0  763
 3.475  760.0  90  63  87   0.781   0.0   0.0  765
 3.475  762.5  90  63  78   0.781   0.0   0.0  766
 3.475  770.0  90  63  72   0.781   0.0   0.0  774
 3.475 1137.5  90  63  72   0.781   0.0   0.0 1142
 3.475 1140.0  90  63  81   0.781   0.0   0.0 1145
 3.475 1142.5  90  63  75   0.781   0.0   0.0 1146
 3.475 1145.0  90  63  72   0.781   0.0   0.0 1149
 3.475  362.5 -90  63  84   0.781   0.0   0.0  369
 3.475  365.0 -90  63  87   0.781   0.0   0.0  369
 3.475  530.0 -90  63  72   0.781  30.0  30.0  525
 3.475  730.0 -90  63  75   0.781   0.0   0.0  735
 3.475  732.5 -90  63  81   0.781   0.0   0.0  736
 3.475 1100.0 -90  63  72   0.781   0.0   0.0 1102
 3.500  377.5  90  60  87   0.781   0.0   0.0  383
 3.500  380.0  90  60  90   0.781   0.0   0.0  383
 3.500  382.5  90  60  72   0.781   0.0   0.0  385
 3.500  757.5  90  60  69   0.781   0.0   0.0  761
 3.500  760.0  90  60  81   0.781   0.0   0.0  765
 3.500  762.5  90  60  84   0.781   0.0   0.0  766
 3.500  765.0  90  60  72   0.781   0.0   0.0  768
 3.500  767.5  90  60  69   0.781   0.0   0.0  771
 3.500  780.0  90  60  69   0.781   0.0   0.0  783
 3.500 1140.0  90  60  69   0.781   0.0   0.0 1146
 3.500 1142.5  90  60  78   0.781   0.0   0.0 1147
 3.500 1145.0  90  60  75   0.781   0.0   0.0 1148
 3.500 1147.5  90  60  69   0.781   0.0   0.0 1153
 3.500  362.5 -90  60  78   0.781   0.0   0.0  369
 3.500  365.0 -90  60  87   0.781   0.0   0.0  369
 3.500  367.5 -90  60  75  -0.781   0.0   0.0  369
 3.500  530.0 -90  60  69  -0.781  30.0  30.0  526
 3.500  732.5 -90  60  78   0.781   0.0   0.0  737
 3.500  735.0 -90  60  75   0.781   0.0   0.0  738
 3.500 1100.0 -90  60  69   0.781   0.0   0.0 1105
 3.500 1102.5 -90  60  69   0.781  90.0  30.0 1107
 3.525  377.5  90  63  78   0.781   0.0   0.0  383
 3.525  380.0  90  63  90   0.781   0.0   0.0  384
 3.525  382.5  90  63  81   0.781   0.0   0.0  384
 3.525  760.0  90  63  72  -0.781   0.0   0.0  765
 3.525  762.5  90  63  81   0.781   0.0   0.0  766
 3.525  765.0  90  63  81   0.781   0.0   0.0  768
 3.525 1145.0  90  63  75   0.781   0.0   0.0 1149
 3.525 1147.5  90  63  75   0.781   0.0   0.0 1151
 3.525 1150.0  90  63  72   0.781   0.0   0.0 1154
 3.525  365.0 -90  66  87   0.781   0.0   0.0  370
 3.525  367.5 -90  66  81   0.781   0.0   0.0  369
 3.525  405.0 -90  66  75  -3.906 270.0  30.0  406
 3.525  432.5 -90  66  75  -2.344 270.0  30.0  418
 3.525  472.5 -90  66  75   2.344 270.0  30.0  468
 3.525  725.0 -90  66  75   3.906 270.0  30.0  712
 3.525  735.0 -90  66  78   0.781   0.0   0.0  739
 3.525 1005.0 -90  66  75  -3.906 270.0  30.0  997
 3.525 1055.0 -90  66  75  -2.344 270.0  30.0 1042
 3.525 1087.5 -90  66  75  -2.344 270.0  30.0 1099
 3.525 1122.5 -90  66  75   3.906 270.0  30.0 1110
 3.550  367.5  90  60  69   0.781  90.0  30.0  358
 3.550  380.0  90  60  87   0.781   0.0   0.0  385
 3.550  382.5  90  60  87   0.781   0.0   0.0  386
 3.550  385.0  90  60  69   0.781   0.0   0.0  386
 3.550  397.5  90  60  69   0.781  90.0  30.0  392
 3.550  762.5  90  60  72   0.781   0.0   0.0  768
 3.550  765.0  90  60  84   0.781   0.0   0.0  769
 3.550  767.5  90  60  78   0.781   0.0   0.0  771
 3.550  770.0  90  60  72   0.781  90.0  30.0  773
 3.550  775.0  90  60  72   0.781  90.0  30.0  779
 3.550  777.5  90  60  72   0.781  90.0  30.0  781
 3.550  780.0  90  60  69   0.781   0.0   0.0  782
 3.550 1122.5  90  60  69  -5.469  90.0  30.0 1116
 3.550 1145.0  90  60  69   0.781 150.0  30.0 1148
 3.550 1147.5  90  60  75   0.781   0.0   0.0 1152
 3.550 1150.0  90  60  78   0.781   0.0   0.0 1154
 3.550 1152.5  90  60  69   0.781   0.0   0.0 1155
 3.550 1172.5  90  60  69  -3.906  90.0  30.0 1163
 3.550  365.0 -90  60  84   0.781   0.0   0.0  370
 3.550  367.5 -90  60  87   0.781   0.0   0.0  371
 3.550  735.0 -90  60  75   0.781   0.0   0.0  740
 3.550  737.5 -90  60  72   0.781   0.0   0.0  741
 3.550  785.0 -90  60  69   0.781  90.0  30.0  794
 3.550 1105.0 -90  60  69   0.781   0.0   0.0 1110
 3.550 1107.5 -90  60  69   0.781   0.0   0.0 1111
 3.575  380.0  90  63  81   0.781   0.0   0.0  385
 3.575  382.5  90  63  90   0.781   0.0   0.0  387
 3.575  385.0  90  63  78   0.781   0.0   0.0  387
 3.575  765.0  90  63  75   0.781   0.0   0.0  770
 3.575  767.5  90  63  84   0.781   0.0   0.0  771
 3.575  770.0  90  63  81   0.781   0.0   0.0  772
 3.575  775.0  90  63  72   0.781  90.0  30.0  779
 3.575 1150.0  90  63  75   0.781   0.0   0.0 1152
 3.575 1152.5  90  63  78   0.781   0.0   0.0 1155
 3.575 1155.0  90  63  72   0.781   0.0   0.0 1159
 3.575  365.0 -90  63  81   0.781   0.0   0.0  371
 3.575  367.5 -90  63  90   0.781   0.0   0.0  371
 3.575  370.0 -90  63  72   0.781   0.0   0.0  371
 3.575  737.5 -90  63  75   0.781   0.0   0.0  743
 3.575 1107.5 -90  63  72   0.781   0.0   0.0 1112
 3.600  382.5  90  69  90   0.781   0.0   0.0  387
 3.600  385.0  90  69  87   0.781   0.0   0.0  388
 3.600  767.5  90  69  78   0.781   0.0   0.0  773
 3.600  770.0  90  69  84   0.781   0.0   0.0  774
 3.600 1155.0  90  69  78   0.781   0.0   0.0 1158
 3.600 1157.5  90  69  81   0.781   0.0   0.0 1161
 3.600 1160.0  90  69  78   0.781   0.0   0.0 1162
 3.600  365.0 -90  66  75   0.781   0.0   0.0  372
 3.600  367.5 -90  66  90   0.781   0.0   0.0  372
 3.600  370.0 -90  66  81   0.781   0.0   0.0  372
 3.600  740.0 -90  66  75   0.781   0.0   0.0  743
 3.625  382.5  90  66  84   0.781   0.0   0.0  388
 3.625  385.0  90  66  90   0.781   0.0   0.0  389
 3.625  387.5  90  66  78   0.781   0.0   0.0  390
 3.625  770.0  90  66  78   0.781   0.0   0.0  774
 3.625  772.5  90  66  81   0.781   0.0   0.0  776
 3.625  775.0  90  66  75   0.781   0.0   0.0  778
 3.625 1157.5  90  66  78   0.781   0.0   0.0 1162
 3.625 1160.0  90  66  81   0.781   0.0   0.0 1163
 3.625 1162.5  90  66  75   0.781   0.0   0.0 1164
 3.625  367.5 -90  63  87   0.781   0.0   0.0  373
 3.625  370.0 -90  63  87   0.781   0.0   0.0  373
 3.625  740.0 -90  63  72   0.781   0.0   0.0  744
 3.625  752.5 -90  63  72   0.781  90.0  30.0  756
 3.625  755.0 -90  63  72   0.781   0.0   0.0  758
 3.650  365.0  90  63  72  -3.906 330.0  30.0  362
 3.650  370.0  90  63  75  -3.906 150.0  30.0  368
 3.650  382.5  90  63  75   0.781   0.0   0.0  389
 3.650  385.0  90  63  90   0.781   0.0   0.0  390
 3.650  387.5  90  63  84   0.781   0.0   0.0  390
 3.650  400.0  90  63  72   0.781 150.0  30.0  399
 3.650  772.5  90  63  78   0.781   0.0   0.0  777
 3.650  775.0  90  63  81   0.781   0.0   0.0  778
 3.650  777.5  90  63  72   0.781   0.0   0.0  779
 3.650 1160.0  90  63  75   0.781   0.0   0.0 1166
 3.650 1162.5  90  63  75   0.781   0.0   0.0 1167
 3.650  367.5 -90  60  81   0.781   0.0   0.0  373
 3.650  370.0 -90  60  87   0.781   0.0   0.0  374
 3.650  372.5 -90  60  75   0.781   0.0   0.0  375
 3.650  375.0 -90  60  72  -5.469 150.0  30.0  389
 3.650  380.0 -90  60  69   0.781 150.0  30.0  367
 3.650  385.0 -90  60  69  -0.781 150.0  30.0  376
 3.650  400.0 -90  60  69  -5.469 150.0  30.0  413
 3.650  402.5 -90  60  69  -5.469 150.0  30.0  414
 3.650  405.0 -90  60  69  -5.469 150.0  30.0  394
 3.650  442.5 -90  60  69  -3.906 150.0  30.0  442
 3.650  447.5 -90  60  69   3.906 330.0  30.0  436
 3.650  467.5 -90  60  69   3.906 150.0  30.0  470
 3.650  742.5 -90  60  72   0.781   0.0   0.0  746
 3.650  755.0 -90  60  69   0.781   0.0   0.0  759
 3.650 1115.0 -90  60  69   0.781   0.0   0.0 1120
 3.675  315.0  90  60  69   0.781 330.0  30.0  307
 3.675  377.5  90  60  72   2.344 150.0  30.0  386
 3.675  382.5  90  60  69   0.781 150.0  30.0  390
 3.675  385.0  90  60  84   0.781   0.0   0.0  391
 3.675  387.5  90  60  87   0.781   0.0   0.0  392
 3.675  390.0  90  60  69   0.781   0.0   0.0  392
 3.675  392.5  90  60  69  -3.906 150.0  30.0  403
 3.675  397.5  90  60  69  -3.906 150.0  30.0  400
 3.675  402.5  90  60  69  -0.781 330.0  30.0  408
 3.675  407.5  90  60  69  -0.781 330.0  30.0  419
 3.675  427.5  90  60  69   0.781 150.0  30.0  433
 3.675  432.5  90  60  72   0.781 150.0  30.0  441
 3.675  437.5  90  60  72  -2.344 150.0  30.0  429
 3.675  442.5  90  60  72  -2.344 150.0  30.0  444
 3.675  447.5  90  60  72  -2.344 330.0  30.0  447
 3.675  452.5  90  60  72  -5.469 150.0  30.0  440
 3.675  457.5  90  60  69  -5.469 150.0  30.0  461
 3.675  467.5  90  60  69   0.781 150.0  30.0  481
 3.675  482.5  90  60  69  -5.469 150.0  30.0  478
 3.675  492.5  90  60  69  -2.344 150.0  30.0  487
 3.675  775.0  90  60  75   0.781   0.0   0.0  780
 3.675  777.5  90  60  78   0.781   0.0   0.0  782
 3.675  785.0  90  60  69   0.781   0.0   0.0  789
 3.675  787.5  90  60  69   0.781  90.0  30.0  791
 3.675 1162.5  90  60  69   0.781   0.0   0.0 1167
 3.675 1165.0  90  60  72   0.781   0.0   0.0 1170
 3.675 1167.5  90  60  72   0.781   0.0   0.0 1171
 3.675  367.5 -90  60  72   0.781   0.0   0.0  374
 3.675  370.0 -90  60  87   0.781   0.0   0.0  375
 3.675  372.5 -90  60  78   0.781   0.0   0.0  375
 3.675  440.0 -90  60  69  -5.469 150.0  30.0  443
 3.675  455.0 -90  60  69   0.781 330.0  30.0  450
 3.675  742.5 -90  60  69   0.781   0.0   0.0  749
 3.675  745.0 -90  60  69   0.781  90.0  30.0  747
 3.675 1117.5 -90  60  69   0.781   0.0   0.0 1122
 3.700  350.0  90  60  69   3.906 330.0  30.0  340
 3.700  365.0  90  60  69   5.469 150.0  30.0  372
 3.700  385.0  90  60  75   0.781   0.0   0.0  391
 3.700  387.5  90  60  87   0.781   0.0   0.0  392
 3.700  390.0  90  60  78   0.781   0.0   0.0  393
 3.700  395.0  90  60  69   5.469 330.0  30.0  396
 3.700  400.0  90  60  69  -2.344 330.0  30.0  410
 3.700  410.0  90  60  72   5.469 150.0  30.0  395
 3.700  415.0  90  60  72  -3.906 150.0  30.0  408
 3.700  420.0  90  60  69   0.781 330.0  30.0  430
 3.700  425.0  90  60  69  -5.469 150.0  30.0  411
 3.700  430.0  90  60  69  -5.469 150.0  30.0  420
 3.700  435.0  90  60  69   0.781 330.0  30.0  434
 3.700  445.0  90  60  69  -5.469 150.0  30.0  452
 3.700  450.0  90  60  69   0.781 150.0  30.0  442
 3.700  452.5  90  60  69   0.781 330.0  30.0  446
 3.700  455.0  90  60  72  -2.344 150.0  30.0  448
 3.700  460.0  90  60  72  -0.781 150.0  30.0  471
 3.700  462.5  90  60  69  -0.781 150.0  30.0  464
 3.700  465.0  90  60  72   0.781 330.0  30.0  474
 3.700  467.5  90  60  69  -3.906 150.0  30.0  459
 3.700  470.0  90  60  72   5.469 150.0  30.0  473
 3.700  472.5  90  60  69  -5.469 150.0  30.0  472
 3.700  475.0  90  60  72  -3.906 150.0  30.0  472
 3.700  480.0  90  60  69   5.469 330.0  30.0  470
 3.700  482.5  90  60  69   5.469 150.0  30.0  494
 3.700  485.0  90  60  72  -3.906 330.0  30.0  492
 3.700  487.5  90  60  69   3.906 150.0  30.0  497
 3.700  490.0  90  60  69   5.469 330.0  30.0  480
 3.700  495.0  90  60  69   2.344 150.0  30.0  497
 3.700  505.0  90  60  69  -3.906 150.0  30.0  512
 3.700  515.0  90  60  69   2.344 150.0  30.0  514
 3.700  777.5  90  60  75   0.781   0.0   0.0  782
 3.700  780.0  90  60  72   0.781   0.0   0.0  784
 3.700  785.0  90  60  69   0.781  90.0  30.0  790
 3.700  895.0  90  60  69  -5.469 330.0  30.0  888
 3.700  900.0  90  60  69  -3.906 150.0  30.0  889
 3.700  910.0  90  60  69   5.469 150.0  30.0  912
 3.700 1167.5  90  60  72   0.781   0.0   0.0 1171
 3.700 1170.0  90  60  72   0.781   0.0   0.0 1173
 3.700  365.0 -90  57  66  -0.781 330.0  30.0  356
 3.700  370.0 -90  57  84   0.781   0.0   0.0  375
 3.700  372.5 -90  57  81   0.781   0.0   0.0  375
 3.700  375.0 -90  57  66  -0.781 330.0  30.0  372
 3.700  395.0 -90  57  66   0.781 330.0  30.0  399
 3.700  410.0 -90  57  66  -0.781 150.0  30.0  416
 3.700  420.0 -90  57  66  -3.906 330.0  30.0  411
 3.700  435.0 -90  57  66   2.344 330.0  30.0  424
 3.700  445.0 -90  57  66   5.469 330.0  30.0  444
 3.700  450.0 -90  57  66  -3.906 150.0  30.0  453
 3.700  455.0 -90  57  66  -3.906 150.0  30.0  470
 3.700  460.0 -90  57  66  -3.906 150.0  30.0  467
 3.700  507.5 -90  57  66  -3.906 150.0  30.0  501
 3.700  745.0 -90  57  72   0.781   0.0   0.0  749
 3.700  757.5 -90  57  66   0.781 330.0  30.0  757
 3.700  767.5 -90  57  66   0.781 150.0  30.0  770
 3.700  782.5 -90  57  66  -5.469 150.0  30.0  792
 3.700  862.5 -90  57  66   2.344 150.0  30.0  849
 3.700  867.5 -90  57  66   2.344 150.0  30.0  865
 3.700  882.5 -90  57  66   3.906 150.0  30.0  887
 3.700 1117.5 -90  57  66   0.781   0.0   0.0 1123
 3.700 1120.0 -90  57  69   0.781   0.0   0.0 1124
 3.725  370.0  90  60  69  -0.781 330.0  30.0  368
 3.725  380.0  90  60  69  -2.344 150.0  30.0  368
 3.725  387.5  90  60  81   0.781   0.0   0.0  392
 3.725  390.0  90  60  81   0.781   0.0   0.0  393
 3.725  447.5  90  60  69   0.781 150.0  30.0  448
 3.725  482.5  90  60  69   0.781 150.0  30.0  469
 3.725  517.5  90  60  69   0.781 150.0  30.0  525
 3.725  780.0  90  60  72   0.781   0.0   0.0  785
 3.725  782.5  90  60  72   0.781   0.0   0.0  786
 3.725 1175.0  90  60  69   0.781   0.0   0.0 1180
 3.725  370.0 -90  60  78   0.781   0.0   0.0  375
 3.725  372.5 -90  60  81   0.781   0.0   0.0  376
 3.725  747.5 -90  60  69   0.781   0.0   0.0  751
 3.725  957.5 -90  60  69   2.344  90.0  30.0  945
 3.750  387.5  90  60  72   0.781   0.0   0.0  394
 3.750  390.0  90  60  81   0.781   0.0   0.0  394
 3.750  392.5  90  60  72   0.781   0.0   0.0  394
 3.750  525.0  90  60  69   3.906 330.0  30.0  532
 3.750  530.0  90  60  69   0.781 330.0  30.0  521
 3.750  575.0  90  60  69   5.469 330.0  30.0  569
 3.750  595.0  90  60  69   3.906 330.0  30.0  603
 3.750  605.0  90  60  69  -2.344 150.0  30.0  619
 3.750  615.0  90  60  69   3.906 150.0  30.0  619
 3.750  625.0  90  60  72  -0.781 150.0  30.0  639
 3.750  635.0  90  60  69   3.906 150.0  30.0  634
 3.750  640.0  90  60  72  -3.906 330.0  30.0  629
 3.750  645.0  90  60  69  -0.781 150.0  30.0  654
 3.750  655.0  90  60  69   2.344 330.0  30.0  647
 3.750  665.0  90  60  69  -0.781 150.0  30.0  659
 3.750  675.0  90  60  69  -3.906 150.0  30.0  688
 3.750  680.0  90  60  69  -3.906 330.0  30.0  670
 3.750  782.5  90  60  69   0.781   0.0   0.0  787
 3.750  785.0  90  60  69   0.781   0.0   0.0  787
 3.750 1175.0  90  60  69   0.781   0.0   0.0 1179
 3.750 1177.5  90  60  72   0.781   0.0   0.0 1181
 3.750  370.0 -90  60  69   0.781   0.0   0.0  377
 3.750  372.5 -90  60  81   0.781   0.0   0.0  377
 3.775  390.0  90  60  75   0.781   0.0   0.0  395
 3.775  392.5  90  60  72   0.781   0.0   0.0  395
 3.775  785.0  90  60  69   0.781 150.0  30.0  789
 3.775  807.5  90  60  69  -0.781 150.0  30.0  796
 3.775  817.5  90  60  69  -0.781 150.0  30.0  809
 3.775  822.5  90  60  69   5.469 330.0  30.0  835
 3.775  827.5  90  60  69  -0.781 150.0  30.0  837
 3.775  832.5  90  60  69   5.469 150.0  30.0  823
 3.775  835.0  90  60  69  -2.344 330.0  30.0  829
 3.775  837.5  90  60  69  -0.781 150.0  30.0  850
 3.775  840.0  90  60  69  -5.469 150.0  30.0  847
 3.775  845.0  90  60  69  -2.344 150.0  30.0  833
 3.775  847.5  90  60  69   2.344 150.0  30.0  862
 3.775  850.0  90  60  69   0.781 150.0  30.0  847
 3.775  860.0  90  60  69  -5.469 150.0  30.0  871
 3.775  865.0  90  60  69   3.906 150.0  30.0  858
 3.775  870.0  90  60  69   0.781 330.0  30.0  874
 3.775 1177.5  90  60  69   0.781   0.0   0.0 1183
 3.775 1180.0  90  60  69   0.781   0.0   0.0 1182
 3.775  185.0 -90  57  66   2.344  30.0  30.0  182
 3.775  215.0 -90  57  66   2.344  90.0  30.0  225
 3.775  372.5 -90  57  78   0.781   0.0   0.0  378
 3.775  375.0 -90  57  72   0.781   0.0   0.0  378
 3.775  440.0 -90  57  66  -2.344  90.0  30.0  449
 3.775  510.0 -90  57  66  -5.469  90.0  30.0  517
 3.775  560.0 -90  57  66   0.781  90.0  30.0  545
 3.775  750.0 -90  57  66   0.781   0.0   0.0  754
 3.775  812.5 -90  57  66  -2.344 330.0  30.0  812
 3.775  815.0 -90  57  66  -0.781 330.0  30.0  825
 3.775  822.5 -90  57  66  -2.344 150.0  30.0  827
 3.775  827.5 -90  57  66   3.906 330.0  30.0  842
 3.775  832.5 -90  57  66  -0.781 330.0  30.0  822
 3.775  835.0 -90  57  66  -0.781 150.0  30.0  832
 3.775  837.5 -90  57  66   3.906 150.0  30.0  834
 3.775  840.0 -90  57  66   3.906 330.0  30.0  852
 3.775  842.5 -90  57  66   0.781 150.0  30.0  853
 3.775  845.0 -90  57  66   3.906 330.0  30.0  841
 3.775  872.5 -90  57  66   2.344 150.0  30.0  873
 3.775  877.5 -90  57  66   0.781 330.0  30.0  864
 3.775  880.0 -90  57  66   2.344 150.0  30.0  881
 3.800  390.0  90  60  69   0.781   0.0   0.0  395
 3.800  392.5  90  60  72   0.781   0.0   0.0  396
 3.800  372.5 -90  60  72   0.781   0.0   0.0  377
 3.800  375.0 -90  60  72   0.781   0.0   0.0  377
 3.825  392.5  90  60  72   0.781   0.0   0.0  397
 3.825  395.0  90  60  72   0.781   0.0   0.0  398
 3.825  375.0 -90  60  75   0.781   0.0   0.0  379
 3.850  392.5  90  60  69   0.781 150.0  30.0  398
 3.850  395.0  90  60  78   0.781   0.0   0.0  399
 3.850  397.5  90  60  69   0.781  30.0  30.0  399
 3.850 1075.0  90  60  69   5.469 150.0  30.0 1086
 3.850 1095.0  90  60  69   0.781 330.0  30.0 1109
 3.850  375.0 -90  60  75   0.781   0.0   0.0  380
 3.850  377.5 -90  60  75   0.781   0.0   0.0  380
 3.875  395.0  90  60  78   0.781   0.0   0.0  400
 3.875  397.5  90  60  81   0.781   0.0   0.0  400
 3.875  795.0  90  60  69   0.781   0.0   0.0  799
 3.875  797.5  90  60  69   0.781   0.0   0.0  802
 3.875 1192.5  90  60  69   0.781   0.0   0.0 1195
 3.875 1195.0  90  60  69   0.781   0.0   0.0 1198
 3.875 1197.5  90  60  69   0.781   0.0   0.0 1202
 3.875  375.0 -90  57  75   0.781   0.0   0.0  380
 3.875  377.5 -90  57  81   0.781   0.0   0.0  381
 3.875  380.0 -90  57  66   0.781   0.0   0.0  381
 3.875  757.5 -90  57  69   0.781   0.0   0.0  762
 3.875  760.0 -90  57  66   0.781  30.0  30.0  762
 3.875 1172.5 -90  57  66   3.906 150.0  30.0 1168
 3.875 1195.0 -90  57  66   0.781 330.0  30.0 1195
 3.875 1200.0 -90  57  66   2.344 150.0  30.0 1200
 3.875 1210.0 -90  57  66  -0.781 150.0  30.0 1220
 3.875 1255.0 -90  57  66   0.781 150.0  30.0 1250
 3.875 1275.0 -90  57  66  -3.906  30.0  30.0 1266
 3.900  395.0  90  57  72   0.781   0.0   0.0  401
 3.900  397.5  90  57  84   0.781   0.0   0.0  402
 3.900  400.0  90  57  75   0.781   0.0   0.0  402
 3.900  797.5  90  57  69   0.781   0.0   0.0  801
 3.900  800.0  90  57  66   0.781   0.0   0.0  803
 3.900 1195.0  90  57  69   0.781   0.0   0.0 1200
 3.900 1197.5  90  57  72   0.781   0.0   0.0 1200
 3.900 1277.5  90  57  66   0.781 330.0  30.0 1291
 3.900 1282.5  90  57  66  -2.344 150.0  30.0 1280
 3.900  375.0 -90  54  72   0.781   0.0   0.0  381
 3.900  377.5 -90  54  81   0.781   0.0   0.0  382
 3.900  380.0 -90  54  72   0.781   0.0   0.0  382
 3.900  757.5 -90  54  63   0.781   0.0   0.0  763
 3.900  760.0 -90  54  63   0.781   0.0   0.0  762
 3.900  772.5 -90  54  63   0.781   0.0   0.0  775
 3.900 1137.5 -90  54  63   0.781   0.0   0.0 1143
 3.900 1140.0 -90  54  63   0.781   0.0   0.0 1144
 3.900 1260.0 -90  54  63   3.906 330.0  30.0 1269
 3.900 1267.5 -90  54  63   3.906 330.0  30.0 1260
 3.900 1270.0 -90  54  63  -5.469 150.0  30.0 1258
 3.900 1275.0 -90  54  63   5.469 330.0  30.0 1272
 3.900 1280.0 -90  54  63  -3.906 330.0  30.0 1288
 3.925  222.5  90  57  66  -0.781 270.0  30.0  209
 3.925  332.5  90  57  66  -0.781 270.0  30.0  327
 3.925  347.5  90  57  66   0.781 270.0  30.0  352
 3.925  367.5  90  57  66  -3.906 270.0  30.0  382
 3.925  397.5  90  57  81   0.781   0.0   0.0  402
 3.925  400.0  90  57  81   0.781   0.0   0.0  403
 3.925  402.5  90  57  66   0.781   0.0   0.0  404
 3.925  800.0  90  57  69   0.781   0.0   0.0  803
 3.925  802.5  90  57  69   0.781   0.0   0.0  806
 3.925  805.0  90  57  66   0.781   0.0   0.0  807
 3.925 1200.0  90  57  69   0.781   0.0   0.0 1204
 3.925 1202.5  90  57  72   0.781   0.0   0.0 1206
 3.925 1205.0  90  57  69   0.781   0.0   0.0 1208
 3.925 1207.5  90  57  66   0.781   0.0   0.0 1211
 3.925  375.0 -90  57  66  -0.781  90.0  30.0  383
 3.925  377.5 -90  57  81   0.781   0.0   0.0  382
 3.925  380.0 -90  57  78   0.781   0.0   0.0  383
 3.925  760.0 -90  57  66   0.781   0.0   0.0  764
 3.925 1150.0 -90  57  66   0.781  90.0  30.0 1152
 3.950  397.5  90  60  72   0.781   0.0   0.0  403
 3.950  400.0  90  60  84   0.781   0.0   0.0  404
 3.950  402.5  90  60  75   0.781   0.0   0.0  405
 3.950  802.5  90  60  72   0.781   0.0   0.0  807
 3.950  805.0  90  60  72   0.781   0.0   0.0  808
 3.950 1205.0  90  60  72   0.781   0.0   0.0 1209
 3.950 1207.5  90  60  72   0.781   0.0   0.0 1212
 3.950  377.5 -90  57  75   0.781   0.0   0.0  383
 3.950  380.0 -90  57  81   0.781   0.0   0.0  383
 3.950  382.5 -90  57  69   0.781   0.0   0.0  384
 3.950  762.5 -90  57  69   0.781   0.0   0.0  767
 3.950  765.0 -90  57  66   0.781   0.0   0.0  768
 3.950 1150.0 -90  57  66   0.781   0.0   0.0 1152
 3.950 1222.5 -90  57  66  -3.906 270.0  30.0 1228
 3.950 1240.0 -90  57  66   5.469 270.0  30.0 1248
 3.975  400.0  90  63  81   0.781   0.0   0.0  405
 3.975  402.5  90  63  84   0.781   0.0   0.0  406
 3.975  805.0  90  63  72   0.781   0.0   0.0  809
 3.975  807.5  90  63  75   0.781   0.0   0.0  810
 3.975  377.5 -90  63  72   0.781   0.0   0.0  384
 3.975  380.0 -90  63  84   0.781   0.0   0.0  384
 3.975  382.5 -90  63  75   0.781   0.0   0.0  386
 4.000  402.5  90  63  81   0.781   0.0   0.0  407
 4.000  405.0  90  63  75   0.781   0.0   0.0  408
 4.000  807.5  90  63  72   0.781   0.0   0.0  812
 4.000  810.0  90  63  72   0.781   0.0   0.0  812
 4.000 1250.0  90  63  72   0.781 330.0  30.0 1263
 4.000  380.0 -90  63  78   0.781   0.0   0.0  385
 4.000  382.5 -90  63  81   0.781   0.0   0.0  385
 4.025  402.5  90  66  78   0.781   0.0   0.0  408
 4.025  405.0  90  66  81   0.781   0.0   0.0  408
 4.025  812.5  90  66  75   0.781   0.0   0.0  817
 4.025  380.0 -90  63  75   0.781   0.0   0.0  385
 4.025  382.5 -90  63  81   0.781   0.0   0.0  387
 4.050  402.5  90  60  69   0.781   0.0   0.0  409
 4.050  405.0  90  60  81   0.781   0.0   0.0  410
 4.050  407.5  90  60  78   0.781   0.0   0.0  410
 4.050  812.5  90  60  72   0.781   0.0   0.0  817
 4.050  815.0  90  60  75   0.781   0.0   0.0  819
 4.050  817.5  90  60  72   0.781   0.0   0.0  820
 4.050  380.0 -90  57  66  -0.781 150.0  30.0  384
 4.050  382.5 -90  57  81   0.781   0.0   0.0  387
 4.050  385.0 -90  57  75   0.781   0.0   0.0  388
 4.075  405.0  90  57  72   0.781   0.0   0.0  410
 4.075  407.5  90  57  81   0.781   0.0   0.0  411
 4.075  410.0  90  57  69   0.781   0.0   0.0  411
 4.075  815.0  90  57  69   0.781   0.0   0.0  819
 4.075  817.5  90  57  72   0.781   0.0   0.0  821
 4.075  820.0  90  57  69   0.781   0.0   0.0  823
 4.075 1225.0  90  57  69   0.781   0.0   0.0 1229
 4.075 1227.5  90  57  69   0.781   0.0   0.0 1232
 4.075 1230.0  90  57  69   0.781   0.0   0.0 1232
 4.075  382.5 -90  60  75   0.781   0.0   0.0  387
 4.075  385.0 -90  60  78   0.781   0.0   0.0  388
 4.100  407.5  90  54  78   0.781   0.0   0.0  412
 4.100  410.0  90  54  78   0.781   0.0   0.0  413
 4.100  412.5  90  54  63   0.781   0.0   0.0  414
 4.100  437.5  90  54  63  -0.781 150.0  30.0  445
 4.100  442.5  90  54  63  -0.781 330.0  30.0  451
 4.100  460.0  90  54  63  -3.906 330.0  30.0  452
 4.100  465.0  90  54  63   3.906 330.0  30.0  462
 4.100  475.0  90  54  63   0.781 330.0  30.0  488
 4.100  480.0  90  54  63   2.344 150.0  30.0  486
 4.100  485.0  90  54  63   0.781 330.0  30.0  480
 4.100  490.0  90  54  66   3.906 150.0  30.0  500
 4.100  500.0  90  54  63   5.469 330.0  30.0  489
 4.100  505.0  90  54  63  -3.906 330.0  30.0  491
 4.100  817.5  90  54  66   0.781   0.0   0.0  824
 4.100  820.0  90  54  72   0.781   0.0   0.0  825
 4.100  822.5  90  54  72   0.781   0.0   0.0  826
 4.100  827.5  90  54  63   0.781   0.0   0.0  831
 4.100 1227.5  90  54  66   0.781   0.0   0.0 1233
 4.100 1230.0  90  54  72   0.781   0.0   0.0 1234
 4.100 1232.5  90  54  72   0.781   0.0   0.0 1236
 4.100 1235.0  90  54  66   0.781   0.0   0.0 1237
 4.100  382.5 -90  54  69   0.781   0.0   0.0  388
 4.100  385.0 -90  54  81   0.781   0.0   0.0  389
 4.100  387.5 -90  54  69   0.781   0.0   0.0  389
 4.100  452.5 -90  54  63   0.781 330.0  30.0  446
 4.100  477.5 -90  54  63  -0.781 330.0  30.0  489
 4.100  482.5 -90  54  63  -3.906 330.0  30.0  481
 4.100  487.5 -90  54  63  -3.906 330.0  30.0  478
 4.100  497.5 -90  54  63  -0.781 150.0  30.0  494
 4.100  507.5 -90  54  63  -3.906 150.0  30.0  511
 4.100  517.5 -90  54  63   5.469 330.0  30.0  510
 4.100  522.5 -90  54  63  -5.469 330.0  30.0  518
 4.100  775.0 -90  54  63   0.781   0.0   0.0  779
 4.250  417.5  90  63  78   0.781   0.0   0.0  422
 4.250  420.0  90  63  78   0.781   0.0   0.0  424
 4.250  842.5  90  63  72   0.781   0.0   0.0  846
 4.250 1257.5  90  63  72   0.781  90.0  30.0 1263
 4.250 1260.0  90  63  72   0.781   0.0   0.0 1265
 4.250 1262.5  90  63  72   0.781   0.0   0.0 1266
 4.250 1265.0  90  63  72   0.781   0.0   0.0 1269
 4.250  390.0 -90  63  81   0.781   0.0   0.0  395
 4.250  392.5 -90  63  78   0.781   0.0   0.0  395
 4.250  585.0 -90  63  72  -3.906  90.0  30.0  578
 4.250  785.0 -90  63  75   0.781   0.0   0.0  789
 4.275  420.0  90  63  78   0.781   0.0   0.0  424
 4.275  422.5  90  63  75   0.781   0.0   0.0  425
 4.275  845.0  90  63  72   0.781   0.0   0.0  848
 4.275 1262.5  90  63  72   0.781   0.0   0.0 1265
 4.275 1265.0  90  63  75   0.781   0.0   0.0 1269
 4.275  390.0 -90  63  72   0.781   0.0   0.0  395
 4.275  392.5 -90  63  81   0.781   0.0   0.0  396
 4.275  787.5 -90  63  75   0.781   0.0   0.0  791
 4.300  422.5  90  66  81   0.781   0.0   0.0  427
 4.300  425.0  90  66  75   0.781   0.0   0.0  429
 4.300  392.5 -90  66  81   0.781   0.0   0.0  397
 4.300  395.0 -90  66  75   0.781   0.0   0.0  398
 4.325  422.5  90  66  75   0.781   0.0   0.0  427
 4.325  425.0  90  66  78   0.781   0.0   0.0  429
 4.325  392.5 -90  66  75   0.781   0.0   0.0  398
 4.325  395.0 -90  66  81   0.781   0.0   0.0  398
 4.325  792.5 -90  66  75   0.781   0.0   0.0  797
 4.350  425.0  90  66  78   0.781   0.0   0.0  431
 4.350  427.5  90  66  81   0.781   0.0   0.0  431
 4.350  855.0  90  66  75   0.781   0.0   0.0  859
 4.350  857.5  90  66  78   0.781   0.0   0.0  861
 4.350  395.0 -90  66  81   0.781   0.0   0.0  400
 4.350  397.5 -90  66  78   0.781   0.0   0.0  400
 4.350  795.0 -90  66  75   0.781   0.0   0.0  799
 4.375  425.0  90  60  69   0.781   0.0   0.0  431
 4.375  427.5  90  60  78   0.781   0.0   0.0  432
 4.375  430.0  90  60  78   0.781   0.0   0.0  433
 4.375  857.5  90  60  72   0.781   0.0   0.0  862
 4.375  860.0  90  60  75   0.781   0.0   0.0  863
 4.375  862.5  90  60  75   0.781   0.0   0.0  867
 4.375  395.0 -90  60  78   0.781   0.0   0.0  400
 4.375  397.5 -90  60  81   0.781   0.0   0.0  401
 4.375  795.0 -90  60  72   0.781   0.0   0.0  800
 4.375  797.5 -90  60  75   0.781   0.0   0.0  801
 4.400  427.5  90  54  69   0.781   0.0   0.0  433
 4.400  430.0  90  54  78   0.781   0.0   0.0  434
 4.400  432.5  90  54  75   0.781   0.0   0.0  435
 4.400  860.0  90  54  69   0.781   0.0   0.0  864
 4.400  862.5  90  54  72   0.781   0.0   0.0  866
 4.400  865.0  90  54  72   0.781   0.0   0.0  869
 4.400  867.5  90  54  69   0.781   0.0   0.0  871
 4.400  395.0 -90  54  66   0.781   0.0   0.0  401
 4.400  397.5 -90  54  81   0.781   0.0   0.0  402
 4.400  400.0 -90  54  72   0.781   0.0   0.0  403
 4.400  797.5 -90  54  72   0.781   0.0   0.0  802
 4.400  800.0 -90  54  72   0.781   0.0   0.0  804
 4.400  802.5 -90  54  63   0.781   0.0   0.0  805
 4.400 1200.0 -90  54  63   0.781   0.0   0.0 1203
 4.425  430.0  90  54  72   0.781   0.0   0.0  436
 4.425  432.5  90  54  78   0.781   0.0   0.0  436
 4.425  435.0  90  54  72   0.781   0.0   0.0  437
 4.425  862.5  90  54  63   0.781   0.0   0.0  868
 4.425  865.0  90  54  66   0.781   0.0   0.0  869
 4.425  867.5  90  54  72   0.781   0.0   0.0  871
 4.425  870.0  90  54  69   0.781   0.0   0.0  873
 4.425  397.5 -90  54  75   0.781   0.0   0.0  402
 4.425  400.0 -90  54  78   0.781   0.0   0.0  403
 4.425  800.0 -90  54  72   0.781   0.0   0.0  805
 4.425  802.5 -90  54  72   0.781   0.0   0.0  806
 4.425  810.0 -90  54  63   0.781  90.0  30.0  814
 4.450  432.5  90  54  72   0.781   0.0   0.0  437
 4.450  435.0  90  54  75   0.781   0.0   0.0  439
 4.450  437.5  90  54  69   0.781   0.0   0.0  441
 4.450  725.0  90  54  63   5.469 330.0  30.0  731
 4.450  737.5  90  54  63  -2.344 330.0  30.0  737
 4.450  745.0  90  54  63  -3.906 330.0  30.0  735
 4.450  870.0  90  54  69   0.781   0.0   0.0  874
 4.450  872.5  90  54  69   0.781   0.0   0.0  876
 4.450  875.0  90  54  66   0.781   0.0   0.0  879
 4.450 1022.5  90  54  63   3.906 330.0  30.0 1037
 4.450 1025.0  90  54  63   3.906 330.0  30.0 1013
 4.450 1027.5  90  54  63   2.344 330.0  30.0 1038
 4.450 1040.0  90  54  63  -2.344 270.0  30.0 1036
 4.450  397.5 -90  57  66   0.781   0.0   0.0  403
 4.450  400.0 -90  57  78   0.781   0.0   0.0  404
 4.450  402.5 -90  57  69   0.781   0.0   0.0  405
 4.450  802.5 -90  57  72   0.781   0.0   0.0  807
 4.450  805.0 -90  57  72   0.781   0.0   0.0  809
 4.450 1207.5 -90  57  66   0.781   0.0   0.0 1211
 4.475  435.0  90  54  69   0.781   0.0   0.0  440
 4.475  437.5  90  54  75   0.781   0.0   0.0  441
 4.475  440.0  90  54  69   0.781   0.0   0.0  443
 4.475  875.0  90  54  63   0.781   0.0   0.0  880
 4.475  877.5  90  54  63   0.781   0.0   0.0  881
 4.475  400.0 -90  54  72   0.781   0.0   0.0  405
 4.475  402.5 -90  54  75   0.781   0.0   0.0  406
 4.475  405.0 -90  54  63   0.781   0.0   0.0  407
 4.475  805.0 -90  54  72   0.781   0.0   0.0  809
 4.475  807.5 -90  54  75   0.781   0.0   0.0  811
 4.475  810.0 -90  54  66   0.781   0.0   0.0  812
 4.475  985.0 -90  54  63  -2.344 330.0  30.0  988
 4.475 1210.0 -90  54  66   0.781   0.0   0.0 1213
 4.475 1212.5 -90  54  63   0.781   0.0   0.0 1215
 4.475 1215.0 -90  54  63   0.781   0.0   0.0 1217
 4.475 1245.0 -90  54  63   3.906 330.0  30.0 1240
 4.500  437.5  90  54  72   0.781   0.0   0.0  442
 4.500  440.0  90  54  78   0.781   0.0   0.0  444
 4.500  442.5  90  54  69   0.781   0.0   0.0  445
 4.500  882.5  90  54  66   0.781   0.0   0.0  887
 4.500  885.0  90  54  63   0.781   0.0   0.0  888
 4.500  887.5  90  54  63   0.781   0.0   0.0  890
 4.500  110.0 -90  51  60  -0.781 330.0  30.0   99
 4.500  145.0 -90  51  60  -0.781  90.0  30.0  143
 4.500  400.0 -90  51  66   0.781   0.0   0.0  406
 4.500  402.5 -90  51  78   0.781   0.0   0.0  407
 4.500  405.0 -90  51  69   0.781   0.0   0.0  408
 4.500  775.0 -90  51  60  -3.906 330.0  30.0  788
 4.500  797.5 -90  51  60  -5.469 330.0  30.0  790
 4.500  800.0 -90  51  60  -5.469 330.0  30.0  791
 4.500  802.5 -90  51  60  -5.469 330.0  30.0  793
 4.500  805.0 -90  51  63   0.781  90.0  30.0  812
 4.500  807.5 -90  51  72   0.781   0.0   0.0  812
 4.500  810.0 -90  51  75   0.781   0.0   0.0  813
 4.500  812.5 -90  51  63   0.781   0.0   0.0  816
 4.500  815.0 -90  51  60  -0.781  90.0  30.0  819
 4.500  817.5 -90  51  60   0.781  90.0  30.0  820
 4.500  820.0 -90  51  60   0.781  90.0  30.0  822
 4.500  822.5 -90  51  60   0.781 330.0  30.0  826
 4.500  830.0 -90  51  60   3.906 330.0  30.0  832
 4.500  837.5 -90  51  60   0.781 270.0  30.0  842
 4.500  840.0 -90  51  60   3.906 330.0  30.0  844
 4.500  842.5 -90  51  60  -0.781 330.0  30.0  845
 4.500  847.5 -90  51  60  -2.344 330.0  30.0  855
 4.500  905.0 -90  51  60  -3.906 330.0  30.0  902
 4.500  930.0 -90  51  60   0.781 330.0  30.0  933
 4.500  945.0 -90  51  60  -2.344 330.0  30.0  931
 4.500  960.0 -90  51  60   5.469 330.0  30.0  961
 4.500 1107.5 -90  51  63   3.906 330.0  30.0 1106
 4.500 1110.0 -90  51  60   0.781 150.0  30.0 1120
 4.500 1122.5 -90  51  60  -5.469  90.0  30.0 1124
 4.500 1212.5 -90  51  63   0.781   0.0   0.0 1217
 4.500 1215.0 -90  51  69   0.781   0.0   0.0 1219
 4.500 1217.5 -90  51  63   0.781   0.0   0.0 1220
 4.500 1220.0 -90  51  60   0.781   0.0   0.0 1222
 4.500 1265.0 -90  51  60  -2.344 330.0  30.0 1268
 4.500 1280.0 -90  51  60  -0.781 330.0  30.0 1269
 4.525  440.0  90  54  72   0.781   0.0   0.0  445
 4.525  442.5  90  54  75   0.781   0.0   0.0  446
 4.525  445.0  90  54  72   0.781   0.0   0.0  448
 4.525  885.0  90  54  63   0.781   0.0   0.0  889
 4.525  887.5  90  54  66   0.781   0.0   0.0  891
 4.525  890.0  90  54  63   0.781   0.0   0.0  892
 4.525  155.0 -90  51  60   2.344 330.0  30.0  154
 4.525  160.0 -90  51  60  -3.906 330.0  30.0  163
 4.525  170.0 -90  51  60  -3.906 330.0  30.0  180
 4.525  175.0 -90  51  63   2.344 330.0  30.0  175
 4.525  180.0 -90  51  60   0.781 330.0  30.0  173
 4.525  185.0 -90  51  60  -0.781 330.0  30.0  171
 4.525  190.0 -90  51  60  -0.781 330.0  30.0  177
 4.525  195.0 -90  51  63  -5.469 330.0  30.0  187
 4.525  200.0 -90  51  60  -0.781 330.0  30.0  207
 4.525  210.0 -90  51  60  -0.781 330.0  30.0  220
 4.525  215.0 -90  51  60   3.906 330.0  30.0  202
 4.525  217.5 -90  51  60   3.906 330.0  30.0  209
 4.525  230.0 -90  51  63  -2.344 330.0  30.0  236
 4.525  235.0 -90  51  60   0.781 330.0  30.0  240
 4.525  242.5 -90  51  60   3.906 330.0  30.0  236
 4.525  245.0 -90  51  60  -2.344 330.0  30.0  257
 4.525  247.5 -90  51  60  -3.906 330.0  30.0  250
 4.525  250.0 -90  51  60   2.344 330.0  30.0  250
 4.525  262.5 -90  51  60   0.781 330.0  30.0  260
 4.525  265.0 -90  51  60  -0.781 330.0  30.0  265
 4.525  270.0 -90  51  60   5.469 330.0  30.0  276
 4.525  275.0 -90  51  60   3.906 330.0  30.0  289
 4.525  282.5 -90  51  60  -0.781 330.0  30.0  269
 4.525  300.0 -90  51  60   2.344 330.0  30.0  293
 4.525  402.5 -90  51  75   0.781   0.0   0.0  408
 4.525  405.0 -90  51  78   0.781   0.0   0.0  408
 4.525  407.5 -90  51  63   0.781   0.0   0.0  410
 4.525  807.5 -90  51  60   0.781   0.0   0.0  814
 4.525  810.0 -90  51  72   0.781   0.0   0.0  815
 4.525  812.5 -90  51  72   0.781   0.0   0.0  816
 4.525  815.0 -90  51  63   0.781   0.0   0.0  817
 4.525  817.5 -90  51  63   0.781   0.0   0.0  821
 4.525  872.5 -90  51  60  -5.469 330.0  30.0  875
 4.525  877.5 -90  51  60   3.906  90.0  30.0  864
 4.525  887.5 -90  51  60   5.469 330.0  30.0  890
 4.525  892.5 -90  51  60  -0.781 330.0  30.0  897
 4.525  900.0 -90  51  60  -3.906 330.0  30.0  905
 4.525  902.5 -90  51  60   5.469 330.0  30.0  893
 4.525  905.0 -90  51  60  -3.906 330.0  30.0  896
 4.525  907.5 -90  51  60  -2.344  90.0  30.0  896
 4.525  910.0 -90  51  60  -2.344  90.0  30.0  902
 4.525  915.0 -90  51  63   2.344 330.0  30.0  923
 4.525  917.5 -90  51  63   5.469 330.0  30.0  922
 4.525  920.0 -90  51  60   2.344 330.0  30.0  906
 4.525  925.0 -90  51  60   3.906 330.0  30.0  919
 4.525  927.5 -90  51  60  -5.469 330.0  30.0  924
 4.525  930.0 -90  51  60   5.469 330.0  30.0  940
 4.525  940.0 -90  51  60   3.906 330.0  30.0  940
 4.525  945.0 -90  51  60   3.906 330.0  30.0  954
 4.525  950.0 -90  51  60   3.906 330.0  30.0  959
 4.525 1037.5 -90  51  60   0.781 330.0  30.0 1037
 4.525 1047.5 -90  51  60  -5.469 330.0  30.0 1034
 4.525 1062.5 -90  51  60  -3.906 330.0  30.0 1057
 4.525 1080.0 -90  51  60  -0.781 330.0  30.0 1068
 4.525 1087.5 -90  51  60  -0.781 330.0  30.0 1097
 4.525 1090.0 -90  51  60   0.781 330.0  30.0 1079
 4.525 1095.0 -90  51  60  -5.469 330.0  30.0 1105
 4.525 1100.0 -90  51  60  -3.906 330.0  30.0 1107
 4.525 1215.0 -90  51  63   0.781   0.0   0.0 1220
 4.525 1217.5 -90  51  69   0.781   0.0   0.0 1221
 4.525 1220.0 -90  51  66   0.781   0.0   0.0 1223
 4.525 1222.5 -90  51  60   0.781   0.0   0.0 1226
 4.525 1245.0 -90  51  60   0.781 330.0  30.0 1238
 4.525 1280.0 -90  51  60   3.906 330.0  30.0 1285
 4.550  442.5  90  54  72   0.781   0.0   0.0  447
 4.550  445.0  90  54  75   0.781   0.0   0.0  449
 4.550  447.5  90  54  69   0.781   0.0   0.0  451
 4.550  890.0  90  54  66   0.781   0.0   0.0  895
 4.550  892.5  90  54  66   0.781   0.0   0.0  896
 4.550  895.0  90  54  63   0.781   0.0   0.0  898
 4.550  402.5 -90  54  66   0.781   0.0   0.0  408
 4.550  405.0 -90  54  78   0.781   0.0   0.0  409
 4.550  407.5 -90  54  72   0.781   0.0   0.0  410
 4.550  812.5 -90  54  72   0.781   0.0   0.0  817
 4.550  815.0 -90  54  72   0.781   0.0   0.0  819
 4.550  817.5 -90  54  63   0.781   0.0   0.0  820
 4.550 1220.0 -90  54  66   0.781   0.0   0.0 1223
 4.550 1222.5 -90  54  69   0.781   0.0   0.0 1225
 4.550 1225.0 -90  54  66   0.781   0.0   0.0 1228
 4.575  445.0  90  54  69   0.781   0.0   0.0  450
 4.575  447.5  90  54  75   0.781   0.0   0.0  452
 4.575  450.0  90  54  72   0.781   0.0   0.0  453
 4.575  452.5  90  54  63   0.781   0.0   0.0  456
 4.575  895.0  90  54  63   0.781   0.0   0.0  898
 4.575  897.5  90  54  69   0.781   0.0   0.0  900
 4.575  900.0  90  54  63   0.781   0.0   0.0  904
 4.575  902.5  90  54  63   0.781   0.0   0.0  907
 4.575  405.0 -90  54  72   0.781   0.0   0.0  410
 4.575  407.5 -90  54  78   0.781   0.0   0.0  411
 4.575  410.0 -90  54  66   0.781   0.0   0.0  412
 4.575  815.0 -90  54  69   0.781   0.0   0.0  820
 4.575  817.5 -90  54  69   0.781   0.0   0.0  821
 4.575  827.5 -90  54  63   0.781   0.0   0.0  830
 4.575 1222.5 -90  54  63   0.781   0.0   0.0 1227
 4.575 1225.0 -90  54  66   0.781   0.0   0.0 1229
 4.575 1227.5 -90  54  69   0.781   0.0   0.0 1231
 4.575 1230.0 -90  54  63   0.781   0.0   0.0 1232
 4.600  447.5  90  57  69   0.781   0.0   0.0  452
 4.600  450.0  90  57  75   0.781   0.0   0.0  454
 4.600  452.5  90  57  75   0.781   0.0   0.0  456
 4.600  405.0 -90  57  66   0.781   0.0   0.0  411
 4.600  407.5 -90  57  78   0.781   0.0   0.0  412
 4.600  410.0 -90  57  75   0.781   0.0   0.0  413
 4.600  817.5 -90  57  66   0.781   0.0   0.0  822
 4.600  820.0 -90  57  69   0.781   0.0   0.0  824
 4.600 1227.5 -90  57  66   0.781   0.0   0.0 1231
 4.600 1230.0 -90  57  69   0.781   0.0   0.0 1233
 4.600 1232.5 -90  57  66   0.781   0.0   0.0 1235
 4.625  450.0  90  57  69   0.781   0.0   0.0  455
 4.625  452.5  90  57  75   0.781   0.0   0.0  457
 4.625  455.0  90  57  75   0.781   0.0   0.0  459
 4.625  457.5  90  57  66   0.781   0.0   0.0  458
 4.625  407.5 -90  57  75   0.781   0.0   0.0  413
 4.625  410.0 -90  57  78   0.781   0.0   0.0  414
 4.625  412.5 -90  57  66   0.781   0.0   0.0  415
 4.625  820.0 -90  57  66   0.781   0.0   0.0  825
 4.625  822.5 -90  57  72   0.781   0.0   0.0  827
 4.625  825.0 -90  57  66   0.781   0.0   0.0  828
 4.625 1232.5 -90  57  66   0.781   0.0   0.0 1237
 4.625 1235.0 -90  57  69   0.781   0.0   0.0 1238
 4.625 1282.5 -90  57  66  -0.781  90.0  30.0 1271
 4.650  455.0  90  57  72   0.781   0.0   0.0  460
 4.650  457.5  90  57  75   0.781   0.0   0.0  461
 4.650  460.0  90  57  69   0.781   0.0   0.0  463
 4.650  410.0 -90  57  78   0.781   0.0   0.0  415
 4.650  412.5 -90  57  75   0.781   0.0   0.0  416
 4.650  822.5 -90  57  66   0.781   0.0   0.0  828
 4.650  825.0 -90  57  72   0.781   0.0   0.0  829
 4.650  827.5 -90  57  69   0.781   0.0   0.0  830
 4.650 1237.5 -90  57  66   0.781   0.0   0.0 1241
 4.650 1240.0 -90  57  66   0.781   0.0   0.0 1243
 4.675  455.0  90  66  75   0.781   0.0   0.0  461
 4.675  457.5  90  66  84   0.781   0.0   0.0  462
 4.675  460.0  90  66  90   0.781   0.0   0.0  464
 4.675  462.5  90  66  84   0.781   0.0   0.0  466
 4.675  465.0  90  66  75   0.781   0.0   0.0  466
 4.675  917.5  90  66  75   0.781   0.0   0.0  922
 4.675  920.0  90  66  75   0.781   0.0   0.0  923
 4.675  922.5  90  66  81   0.781   0.0   0.0  926
 4.675  925.0  90  66  78   0.781   0.0   0.0  929
 4.675  927.5  90  66  75   0.781   0.0   0.0  931
 4.675  410.0 -90  66  84   0.781   0.0   0.0  415
 4.675  412.5 -90  66  93   0.781   0.0   0.0  416
 4.675  415.0 -90  66  84   0.781   0.0   0.0  417
 4.675  825.0 -90  66  78   0.781   0.0   0.0  830
 4.675  827.5 -90  66  87   0.781   0.0   0.0  831
 4.675  830.0 -90  66  84   0.781   0.0   0.0  833
 4.675  832.5 -90  66  75   0.781   0.0   0.0  836
 4.675 1240.0 -90  66  75   0.781   0.0   0.0 1244
 4.675 1242.5 -90  66  78   0.781   0.0   0.0 1246
 4.675 1245.0 -90  66  78   0.781   0.0   0.0 1248
 4.700  460.0  90  66  81   0.781   0.0   0.0  465
 4.700  462.5  90  66  87   0.781   0.0   0.0  466
 4.700  465.0  90  66  87   0.781   0.0   0.0  468
 4.700  467.5  90  66  78   0.781   0.0   0.0  470
 4.700  917.5  90  66  75   0.781 330.0  30.0  917
 4.700  922.5  90  66  75   0.781   0.0   0.0  925
 4.700  925.0  90  66  81   0.781   0.0   0.0  929
 4.700  927.5  90  66  81   0.781   0.0   0.0  931
 4.700  930.0  90  66  81   0.781   0.0   0.0  933
 4.700  932.5  90  66  78   0.781   0.0   0.0  937
 4.700  935.0  90  66  75   0.781   0.0   0.0  937
 4.700   87.5 -90  63  72   2.344 270.0  30.0   93
 4.700   92.5 -90  63  72  -2.344 330.0  30.0   80
 4.700  410.0 -90  63  75   0.781   0.0   0.0  417
 4.700  412.5 -90  63  90   0.781   0.0   0.0  417
 4.700  415.0 -90  63  90   0.781   0.0   0.0  418
 4.700  417.5 -90  63  75   0.781   0.0   0.0  419
 4.700  685.0 -90  63  72   2.344 330.0  30.0  670
 4.700  827.5 -90  63  78   0.781   0.0   0.0  833
 4.700  830.0 -90  63  84   0.781   0.0   0.0  834
 4.700  832.5 -90  63  84   0.781   0.0   0.0  835
 4.700  835.0 -90  63  72   0.781   0.0   0.0  839
 4.700 1245.0 -90  63  78   0.781   0.0   0.0 1249
 4.700 1247.5 -90  63  78   0.781   0.0   0.0 1252
 4.700 1250.0 -90  63  78   0.781   0.0   0.0 1254
 4.725  465.0  90  60  72  -0.781   0.0   0.0  471
 4.725  467.5  90  60  75   0.781   0.0   0.0  472
 4.725  470.0  90  60  72   0.781   0.0   0.0  473
 4.725  932.5  90  60  69  -0.781  90.0  30.0  936
 4.725  935.0  90  60  69   0.781   0.0   0.0  939
 4.725  937.5  90  60  69   0.781   0.0   0.0  942
 4.725  412.5 -90  57  69   0.781   0.0   0.0  417
 4.725  415.0 -90  57  81   0.781   0.0   0.0  419
 4.725  417.5 -90  57  75   0.781   0.0   0.0  421
 4.725  832.5 -90  57  72   0.781   0.0   0.0  837
 4.725  835.0 -90  57  72   0.781   0.0   0.0  839
 4.725 1250.0 -90  57  66   0.781   0.0   0.0 1254
 4.725 1252.5 -90  57  66   0.781   0.0   0.0 1256
 4.750  465.0  90  51  60   0.781  90.0  30.0  469
 4.750  467.5  90  51  69   0.781   0.0   0.0  473
 4.750  470.0  90  51  75   0.781   0.0   0.0  474
 4.750  472.5  90  51  72   0.781   0.0   0.0  476
 4.750  475.0  90  51  66   0.781   0.0   0.0  478
 4.750  930.0  90  51  60   0.781   0.0   0.0  932
 4.750  937.5  90  51  63   0.781   0.0   0.0  941
 4.750  940.0  90  51  63   0.781   0.0   0.0  943
 4.750  942.5  90  51  60   0.781   0.0   0.0  945
 4.750  945.0  90  51  63   0.781   0.0   0.0  947
 4.750  947.5  90  51  63   0.781   0.0   0.0  951
 4.750  415.0 -90  54  75   0.781   0.0   0.0  420
 4.750  417.5 -90  54  78   0.781   0.0   0.0  421
 4.750  420.0 -90  54  66   0.781   0.0   0.0  423
 4.750  835.0 -90  54  69   0.781   0.0   0.0  839
 4.750  837.5 -90  54  72   0.781   0.0   0.0  841
 4.750  840.0 -90  54  66   0.781   0.0   0.0  843
 4.750 1252.5 -90  54  63   0.781   0.0   0.0 1256
 4.750 1255.0 -90  54  66   0.781   0.0   0.0 1259
 4.750 1257.5 -90  54  66   0.781   0.0   0.0 1261
 4.750 1260.0 -90  54  66   0.781   0.0   0.0 1264
 4.775  470.0  90  63  75   0.781   0.0   0.0  476
 4.775  472.5  90  63  81   0.781   0.0   0.0  477
 4.775  475.0  90  63  84   0.781   0.0   0.0  479
 4.775  477.5  90  63  81   0.781   0.0   0.0  481
 4.775  480.0  90  63  75   0.781   0.0   0.0  483
 4.775  945.0  90  63  72   0.781   0.0   0.0  947
 4.775  950.0  90  63  78   0.781   0.0   0.0  953
 4.775  952.5  90  63  75   0.781   0.0   0.0  956
 4.775  955.0  90  63  78   0.781   0.0   0.0  958
 4.775  957.5  90  63  72   0.781 150.0  30.0  959
 4.775  415.0 -90  63  75   0.781   0.0   0.0  421
 4.775  417.5 -90  63  90   0.781   0.0   0.0  422
 4.775  420.0 -90  63  87   0.781   0.0   0.0  423
 4.775  422.5 -90  63  72   0.781   0.0   0.0  425
 4.775  835.0 -90  63  72   0.781   0.0   0.0  840
 4.775  837.5 -90  63  81   0.781   0.0   0.0  842
 4.775  840.0 -90  63  84   0.781   0.0   0.0  844
 4.775  842.5 -90  63  81   0.781   0.0   0.0  845
 4.775  845.0 -90  63  72   0.781 270.0  30.0  844
 4.775 1257.5 -90  63  75   0.781   0.0   0.0 1262
 4.775 1260.0 -90  63  81   0.781   0.0   0.0 1264
 4.775 1262.5 -90  63  81   0.781   0.0   0.0 1265
 4.775 1265.0 -90  63  75   0.781   0.0   0.0 1268
 4.800  475.0  90  66  78   0.781   0.0   0.0  481
 4.800  477.5  90  66  84   0.781   0.0   0.0  482
 4.800  480.0  90  66  84   0.781   0.0   0.0  484
 4.800  482.5  90  66  78   0.781   0.0   0.0  486
 4.800  485.0  90  66  75   0.781   0.0   0.0  487
 4.800  952.5  90  66  75   0.781   0.0   0.0  956
 4.800  957.5  90  66  75   0.781   0.0   0.0  961
 4.800  960.0  90  66  75   0.781   0.0   0.0  965
 4.800  962.5  90  66  75   0.781   0.0   0.0  964
 4.800  965.0  90  66  75   0.781   0.0   0.0  968
 4.800  417.5 -90  69  81   0.781   0.0   0.0  423
 4.800  420.0 -90  69  90   0.781   0.0   0.0  424
 4.800  422.5 -90  69  84   0.781   0.0   0.0  425
 4.800  840.0 -90  69  78   0.781   0.0   0.0  844
 4.800  842.5 -90  69  84   0.781   0.0   0.0  847
 4.800  845.0 -90  69  84   0.781   0.0   0.0  848
 4.800 1262.5 -90  69  78   0.781   0.0   0.0 1266
 4.800 1265.0 -90  69  81   0.781   0.0   0.0 1268
 4.800 1267.5 -90  69  81   0.781   0.0   0.0 1270
 4.825  482.5  90  69  84   0.781   0.0   0.0  487
 4.825  485.0  90  69  84   0.781   0.0   0.0  488
 4.825  487.5  90  69  81   0.781   0.0   0.0  491
 4.825  967.5  90  69  78   0.781   0.0   0.0  971
 4.825  970.0  90  69  78   0.781   0.0   0.0  973
 4.825  972.5  90  69  78   0.781   0.0   0.0  974
 4.825  420.0 -90  72  87   0.781   0.0   0.0  425
 4.825  422.5 -90  72  90   0.781   0.0   0.0  426
 4.825  845.0 -90  72  84   0.781   0.0   0.0  849
 4.825  847.5 -90  72  84   0.781   0.0   0.0  851
 4.825  850.0 -90  72  81   0.781   0.0   0.0  853
 4.825 1270.0 -90  72  81   0.781   0.0   0.0 1273
 4.825 1272.5 -90  72  81   0.781   0.0   0.0 1276
 4.850  487.5  90  72  84   0.781   0.0   0.0  492
 4.850  490.0  90  72  84   0.781   0.0   0.0  494
 4.850  492.5  90  72  81   0.781   0.0   0.0  496
 4.850  422.5 -90  72  90   0.781   0.0   0.0  427
 4.850  425.0 -90  72  87   0.781   0.0   0.0  428
 4.850  847.5 -90  72  81   0.781   0.0   0.0  852
 4.850  850.0 -90  72  84   0.781   0.0   0.0  854
 4.850  852.5 -90  72  81   0.781   0.0   0.0  855
 4.850 1275.0 -90  72  81   0.781   0.0   0.0 1278
 4.875  490.0  90  69  78   0.781   0.0   0.0  495
 4.875  492.5  90  69  81   0.781   0.0   0.0  497
 4.875  495.0  90  69  81   0.781   0.0   0.0  498
 4.875  497.5  90  69  78   0.781   0.0   0.0  501
 4.875  422.5 -90  69  81   0.781   0.0   0.0  429
 4.875  425.0 -90  69  90   0.781   0.0   0.0  429
 4.875  427.5 -90  69  84   0.781   0.0   0.0  431
 4.875  852.5 -90  69  84   0.781   0.0   0.0  856
 4.875  855.0 -90  69  84   0.781   0.0   0.0  858
 4.875 1277.5 -90  69  78   0.781   0.0   0.0 1282
 4.875 1280.0 -90  69  81   0.781   0.0   0.0 1283
 4.875 1282.5 -90  69  78   0.781   0.0   0.0 1286
 4.900  495.0  90  63  72   0.781   0.0   0.0  499
 4.900  497.5  90  63  78   0.781   0.0   0.0  502
 4.900  500.0  90  63  81   0.781   0.0   0.0  504
 4.900  502.5  90  63  81   0.781   0.0   0.0  507
 4.900  505.0  90  63  78   0.781   0.0   0.0  509
 4.900  507.5  90  63  72   0.781   0.0   0.0  510
 4.900  995.0  90  63  72   0.781   0.0   0.0  999
 4.900  997.5  90  63  72   0.781   0.0   0.0 1000
 4.900 1002.5  90  63  72   0.781   0.0   0.0 1006
 4.900 1005.0  90  63  72   0.781   0.0   0.0 1008
 4.900  425.0 -90  63  84   0.781   0.0   0.0  430
 4.900  427.5 -90  63  87   0.781   0.0   0.0  431
 4.900  430.0 -90  63  78   0.781   0.0   0.0  432
 4.900  852.5 -90  63  72   0.781   0.0   0.0  857
 4.900  855.0 -90  63  81   0.781   0.0   0.0  860
 4.900  857.5 -90  63  84   0.781   0.0   0.0  861
 4.900  860.0 -90  63  81   0.781   0.0   0.0  863
 4.900  862.5 -90  63  75   0.781   0.0   0.0  866
 4.900 1280.0 -90  63  72   0.781   0.0   0.0 1286
 4.900 1282.5 -90  63  75   0.781   0.0   0.0 1287
 4.925  502.5  90  66  78   0.781   0.0   0.0  506
 4.925  505.0  90  66  81   0.781   0.0   0.0  509
 4.925  507.5  90  66  81   0.781   0.0   0.0  512
 4.925  510.0  90  66  81   0.781   0.0   0.0  514
 4.925  512.5  90  66  78   0.781   0.0   0.0  517
 4.925  515.0  90  66  75   0.781   0.0   0.0  519
 4.925 1010.0  90  66  75   0.781   0.0   0.0 1014
 4.925 1012.5  90  66  75   0.781   0.0   0.0 1016
 4.925 1015.0  90  66  75   0.781   0.0   0.0 1019
 4.925  425.0 -90  66  75   0.781   0.0   0.0  432
 4.925  427.5 -90  66  87   0.781   0.0   0.0  432
 4.925  430.0 -90  66  87   0.781   0.0   0.0  433
 4.925  857.5 -90  66  81   0.781   0.0   0.0  861
 4.925  860.0 -90  66  84   0.781   0.0   0.0  863
 4.925  862.5 -90  66  84   0.781   0.0   0.0  866
 4.950  510.0  90  69  78   0.781   0.0   0.0  514
 4.950  512.5  90  69  84   0.781   0.0   0.0  517
 4.950  515.0  90  69  84   0.781   0.0   0.0  519
 4.950  517.5  90  69  84   0.781   0.0   0.0  521
 4.950  520.0  90  69  81   0.781   0.0   0.0  523
 4.950  522.5  90  69  78   0.781   0.0   0.0  525
 4.950  427.5 -90  69  78   0.781   0.0   0.0  433
 4.950  430.0 -90  69  90   0.781   0.0   0.0  434
 4.950  432.5 -90  69  87   0.781   0.0   0.0  436
 4.950  860.0 -90  69  78   0.781   0.0   0.0  866
 4.950  862.5 -90  69  84   0.781   0.0   0.0  866
 4.950  865.0 -90  69  87   0.781   0.0   0.0  868
 4.950  867.5 -90  69  81   0.781   0.0   0.0  871
 4.975  515.0  90  66  75   0.781   0.0   0.0  520
 4.975  517.5  90  66  81   0.781   0.0   0.0  522
 4.975  520.0  90  66  84   0.781   0.0   0.0  524
 4.975  522.5  90  66  84   0.781   0.0   0.0  527
 4.975  525.0  90  66  84   0.781   0.0   0.0  529
 4.975  527.5  90  66  81   0.781   0.0   0.0  531
 4.975  530.0  90  66  78   0.781   0.0   0.0  534
 4.975  532.5  90  66  75   0.781   0.0   0.0  536
 4.975 1040.0  90  66  75   0.781   0.0   0.0 1046
 4.975  420.0 -90  66  75   5.469   0.0   0.0  411
 4.975  430.0 -90  66  84   0.781   0.0   0.0  435
 4.975  432.5 -90  66  90   0.781   0.0   0.0  437
 4.975  435.0 -90  66  84   0.781   0.0   0.0  438
 4.975  865.0 -90  66  78   0.781   0.0   0.0  869
 4.975  867.5 -90  66  84   0.781   0.0   0.0  872
 4.975  870.0 -90  66  81   0.781   0.0   0.0  874
 4.975  872.5 -90  66  75   0.781   0.0   0.0  875
 5.025  535.0  90  66  78   0.781   0.0   0.0  539
 5.025  537.5  90  66  78   0.781   0.0   0.0  542
 5.025  540.0  90  66  81   0.781   0.0   0.0  544
 5.025  542.5  90  66  81   0.781   0.0   0.0  546
 5.025  545.0  90  66  81   0.781   0.0   0.0  549
 5.025  547.5  90  66  78   0.781   0.0   0.0  551
 5.025  550.0  90  66  78   0.781   0.0   0.0  554
 5.025  552.5  90  66  75   0.781   0.0   0.0  556
 5.025  435.0 -90  66  87   0.781   0.0   0.0  440
 5.025  437.5 -90  66  90   0.781   0.0   0.0  441
 5.025  440.0 -90  66  78   0.781   0.0   0.0  442
 5.025  875.0 -90  66  75   0.781   0.0   0.0  879
 5.025  877.5 -90  66  75   0.781   0.0   0.0  881
 5.025  880.0 -90  66  75   0.781   0.0   0.0  883
 5.050  542.5  90  63  72   0.781   0.0   0.0  548
 5.050  545.0  90  63  75   0.781   0.0   0.0  550
 5.050  547.5  90  63  78   0.781   0.0   0.0  551
 5.050  550.0  90  63  78   0.781   0.0   0.0  554
 5.050  552.5  90  63  81   0.781   0.0   0.0  556
 5.050  555.0  90  63  78   0.781   0.0   0.0  559
 5.050  557.5  90  63  78   0.781   0.0   0.0  561
 5.050  560.0  90  63  78   0.781   0.0   0.0  563
 5.050  562.5  90  63  75   0.781   0.0   0.0  566
 5.050  565.0  90  63  75   0.781   0.0   0.0  569
 5.050  567.5  90  63  75   0.781   0.0   0.0  570
 5.050  435.0 -90  63  75   0.781   0.0   0.0  440
 5.050  437.5 -90  63  87   0.781   0.0   0.0  442
 5.050  440.0 -90  63  90   0.781   0.0   0.0  443
 5.050  442.5 -90  63  78   0.781   0.0   0.0  445
 5.050  877.5 -90  63  72   0.781 270.0  30.0  884
 5.050  880.0 -90  63  75   0.781   0.0   0.0  883
 5.050  882.5 -90  63  75   0.781   0.0   0.0  886
 5.050  885.0 -90  63  72   0.781   0.0   0.0  888
 5.075  562.5  90  69  78   0.781   0.0   0.0  566
 5.075  565.0  90  69  78   0.781   0.0   0.0  568
 5.075  567.5  90  69  78   0.781   0.0   0.0  572
 5.075  570.0  90  69  81   0.781   0.0   0.0  574
 5.075  572.5  90  69  81   0.781   0.0   0.0  577
 5.075  575.0  90  69  78   0.781   0.0   0.0  579
 5.075  577.5  90  69  78   0.781   0.0   0.0  580
 5.075  440.0 -90  69  87   0.781   0.0   0.0  444
 5.075  442.5 -90  69  87   0.781   0.0   0.0  446
 5.075  445.0 -90  69  78   0.781   0.0   0.0  447
 5.100  575.0  90  66  78   0.781   0.0   0.0  579
 5.100  577.5  90  66  78   0.781   0.0   0.0  581
 5.100  580.0  90  66  81   0.781   0.0   0.0  584
 5.100  582.5  90  66  81   0.781   0.0   0.0  586
 5.100  585.0  90  66  81   0.781   0.0   0.0  589
 5.100  587.5  90  66  81   0.781   0.0   0.0  591
 5.100  590.0  90  66  81   0.781   0.0   0.0  594
 5.100  592.5  90  66  81   0.781   0.0   0.0  596
 5.100  595.0  90  66  78   0.781   0.0   0.0  598
 5.100  597.5  90  66  78   0.781   0.0   0.0  601
 5.100  600.0  90  66  75   0.781   0.0   0.0  604
 5.100  602.5  90  66  75   0.781   0.0   0.0  606
 5.100  605.0  90  66  75   0.781   0.0   0.0  609
 5.100  440.0 -90  66  78   0.781   0.0   0.0  446
 5.100  442.5 -90  66  90   0.781   0.0   0.0  447
 5.100  445.0 -90  66  90   0.781   0.0   0.0  448
 5.100  447.5 -90  66  78   0.781   0.0   0.0  449
 5.100  887.5 -90  66  75   0.781   0.0   0.0  892
 5.100  890.0 -90  66  81   0.781   0.0   0.0  894
 5.100  892.5 -90  66  81   0.781   0.0   0.0  896
 5.100  895.0 -90  66  75   0.781   0.0   0.0  898
 5.100  897.5 -90  66  75   0.781   0.0   0.0  900
 5.125  595.0  90  69  78   0.781   0.0   0.0  600
 5.125  597.5  90  69  78   0.781   0.0   0.0  600
 5.125  602.5  90  69  81   0.781   0.0   0.0  607
 5.125  605.0  90  69  78   0.781   0.0   0.0  608
 5.125  607.5  90  69  78   0.781   0.0   0.0  612
 5.125  610.0  90  69  78   0.781   0.0   0.0  613
 5.125  612.5  90  69  81   0.781   0.0   0.0  616
 5.125  615.0  90  69  78   0.781   0.0   0.0  619
 5.125  617.5  90  69  78   0.781   0.0   0.0  622
 5.125  620.0  90  69  81   0.781   0.0   0.0  624
 5.125  622.5  90  69  78   0.781   0.0   0.0  627
 5.125  625.0  90  69  78   0.781   0.0   0.0  629
 5.125  627.5  90  69  78   0.781   0.0   0.0  631
 5.125  630.0  90  69  78   0.781   0.0   0.0  634
 5.125  632.5  90  69  78   0.781   0.0   0.0  637
 5.125  442.5 -90  69  81   0.781   0.0   0.0  448
 5.125  445.0 -90  69  90   0.781   0.0   0.0  450
 5.125  447.5 -90  69  90   0.781   0.0   0.0  451
 5.125  450.0 -90  69  78   0.781   0.0   0.0  453
 5.125  892.5 -90  69  81   0.781   0.0   0.0  897
 5.125  895.0 -90  69  84   0.781   0.0   0.0  899
 5.125  900.0 -90  69  78   0.781   0.0   0.0  903
 5.150  447.5 -90  75  90   0.781   0.0   0.0  452
 5.150  450.0 -90  75  87   0.781   0.0   0.0  454
 5.175  450.0 -90  75  87   0.781   0.0   0.0  454
 5.175  452.5 -90  75  87   0.781   0.0   0.0  456
 5.200  452.5 -90  75  87   0.781   0.0   0.0  457
 5.200  455.0 -90  75  90   0.781   0.0   0.0  458
 5.250  460.0 -90  81  90   0.781   0.0   0.0  463
 5.275  460.0 -90  75  87   0.781   0.0   0.0  465
 5.275  462.5 -90  75  90   0.781   0.0   0.0  467
 5.275  465.0 -90  75  90   0.781   0.0   0.0  468
 5.300  462.5 -90  72  84   0.781   0.0   0.0  468
 5.300  465.0 -90  72  90   0.781   0.0   0.0  469
 5.300  467.5 -90  72  90   0.781   0.0   0.0  471
 5.300  470.0 -90  72  84   0.781   0.0   0.0  473
 5.325  465.0 -90  72  81   0.781   0.0   0.0  471
 5.325  467.5 -90  72  90   0.781   0.0   0.0  472
 5.325  470.0 -90  72  93   0.781   0.0   0.0  474
 5.325  472.5 -90  72  87   0.781   0.0   0.0  475
 5.350  452.5 -90  66  75  -0.781 270.0  30.0  457
 5.350  470.0 -90  66  87   0.781   0.0   0.0  474
 5.350  472.5 -90  66  90   0.781   0.0   0.0  477
 5.350  475.0 -90  66  90   0.781   0.0   0.0  479
 5.350  477.5 -90  66  81   0.781   0.0   0.0  480
 5.350  480.0 -90  66  75   0.781 270.0  30.0  484
 5.350  947.5 -90  66  75   0.781   0.0   0.0  952
 5.350  950.0 -90  66  75   0.781   0.0   0.0  954
 5.350  952.5 -90  66  75   0.781   0.0   0.0  955
 5.350  955.0 -90  66  75   0.781   0.0   0.0  959
 5.375  472.5 -90  63  81   0.781   0.0   0.0  478
 5.375  475.0 -90  63  90   0.781   0.0   0.0  479
 5.375  477.5 -90  63  90   0.781   0.0   0.0  482
 5.375  480.0 -90  63  87   0.781   0.0   0.0  483
 5.375  482.5 -90  63  75   0.781   0.0   0.0  485
 5.375  947.5 -90  63  72   0.781   0.0   0.0  952
 5.375  952.5 -90  63  78   0.781   0.0   0.0  957
 5.375  955.0 -90  63  78   0.781   0.0   0.0  958
 5.375  957.5 -90  63  75   0.781   0.0   0.0  961
 5.375  960.0 -90  63  72   0.781   0.0   0.0  965
 5.400  475.0 -90  66  75   0.781   0.0   0.0  480
 5.400  477.5 -90  66  84   0.781   0.0   0.0  483
 5.400  480.0 -90  66  90   0.781   0.0   0.0  484
 5.400  482.5 -90  66  90   0.781   0.0   0.0  486
 5.400  485.0 -90  66  84   0.781   0.0   0.0  488
 5.400  487.5 -90  66  75   0.781   0.0   0.0  490
 5.400  960.0 -90  66  75   0.781   0.0   0.0  964
 5.400  962.5 -90  66  75   0.781   0.0   0.0  966
 5.400  965.0 -90  66  75   0.781   0.0   0.0  968
 5.425  480.0 -90  66  78   0.781   0.0   0.0  484
 5.425  482.5 -90  66  84   0.781   0.0   0.0  486
 5.425  485.0 -90  66  90   0.781   0.0   0.0  488
 5.425  487.5 -90  66  87   0.781   0.0   0.0  490
 5.425  490.0 -90  66  81   0.781   0.0   0.0  492
 5.425  492.5 -90  66  75   0.781   0.0   0.0  494
 5.425  972.5 -90  66  78   0.781   0.0   0.0  975
 5.425  975.0 -90  66  78   0.781   0.0   0.0  977
 5.425  977.5 -90  66  78   0.781   0.0   0.0  981
 5.425  980.0 -90  66  78   0.781   0.0   0.0  983
 5.450  485.0 -90  69  81   0.781   0.0   0.0  490
 5.450  487.5 -90  69  87   0.781   0.0   0.0  492
 5.450  490.0 -90  69  90   0.781   0.0   0.0  494
 5.450  492.5 -90  69  87   0.781   0.0   0.0  496
 5.450  495.0 -90  69  81   0.781   0.0   0.0  497
 5.450  977.5 -90  69  81   0.781   0.0   0.0  982
 5.450  980.0 -90  69  84   0.781   0.0   0.0  984
 5.450  982.5 -90  69  81   0.781   0.0   0.0  984
 5.450  985.0 -90  69  78   0.781   0.0   0.0  989
 5.450  987.5 -90  69  78   0.781   0.0   0.0  990
 5.475  490.0 -90  66  81   0.781   0.0   0.0  496
 5.475  492.5 -90  66  87   0.781   0.0   0.0  497
 5.475  495.0 -90  66  90   0.781   0.0   0.0  499
 5.475  497.5 -90  66  87   0.781   0.0   0.0  501
 5.475  500.0 -90  66  81   0.781   0.0   0.0  503
 5.475  502.5 -90  66  75   0.781   0.0   0.0  505
 5.475  980.0 -90  66  75   0.781   0.0   0.0  985
 5.475  982.5 -90  66  75   0.781   0.0   0.0  984
 5.475  985.0 -90  66  75   0.781   0.0   0.0  990
 5.475  987.5 -90  66  78   0.781   0.0   0.0  992
 5.475  990.0 -90  66  78   0.781   0.0   0.0  992
 5.475  992.5 -90  66  78   0.781   0.0   0.0  996
 5.475  995.0 -90  66  78   0.781   0.0   0.0  998
 5.475  997.5 -90  66  75   0.781   0.0   0.0 1001
 5.500  495.0 -90  66  78   0.781   0.0   0.0  501
 5.500  497.5 -90  66  84   0.781   0.0   0.0  501
 5.500  500.0 -90  66  87   0.781   0.0   0.0  504
 5.500  502.5 -90  66  87   0.781   0.0   0.0  506
 5.500  505.0 -90  66  84   0.781   0.0   0.0  508
 5.500  507.5 -90  66  75   0.781   0.0   0.0  509
 5.500  997.5 -90  66  75   0.781   0.0   0.0 1001
 5.500 1000.0 -90  66  75   0.781   0.0   0.0 1003
 5.500 1002.5 -90  66  75   0.781   0.0   0.0 1005
 5.500 1005.0 -90  66  78   0.781   0.0   0.0 1009
 5.500 1007.5 -90  66  75   0.781   0.0   0.0 1011
 5.525  502.5 -90  69  84   0.781   0.0   0.0  508
 5.525  505.0 -90  69  87   0.781   0.0   0.0  509
 5.525  507.5 -90  69  87   0.781   0.0   0.0  512
 5.525  510.0 -90  69  84   0.781   0.0   0.0  514
 5.525  512.5 -90  69  81   0.781   0.0   0.0  516
 5.525 1007.5 -90  69  78   0.781   0.0   0.0 1012
 5.525 1015.0 -90  69  78   0.781   0.0   0.0 1019
 5.525 1017.5 -90  69  78   0.781   0.0   0.0 1020
 5.550  507.5 -90  66  81   0.781   0.0   0.0  512
 5.550  510.0 -90  66  84   0.781   0.0   0.0  514
 5.550  512.5 -90  66  87   0.781   0.0   0.0  516
 5.550  515.0 -90  66  87   0.781   0.0   0.0  519
 5.550  517.5 -90  66  84   0.781   0.0   0.0  521
 5.550  520.0 -90  66  81   0.781   0.0   0.0  524
 5.550  522.5 -90  66  78   0.781   0.0   0.0  525
 5.550 1015.0 -90  66  75   0.781   0.0   0.0 1018
 5.550 1017.5 -90  66  75   0.781   0.0   0.0 1021
 5.550 1020.0 -90  66  75   0.781   0.0   0.0 1023
 5.550 1027.5 -90  66  75   0.781   0.0   0.0 1030
 5.575  512.5 -90  75  84   0.781   0.0   0.0  517
 5.575  515.0 -90  75  96   0.781   0.0   0.0  519
 5.575  517.5 -90  75  99   0.781   0.0   0.0  521
 5.575  520.0 -90  75  99   0.781   0.0   0.0  523
 5.575  522.5 -90  75 102   0.781   0.0   0.0  525
 5.575  525.0 -90  75  99   0.781   0.0   0.0  528
 5.575  527.5 -90  75  96   0.781   0.0   0.0  530
 5.575  530.0 -90  75  90   0.781   0.0   0.0  533
 5.575 1030.0 -90  75  84   0.781   0.0   0.0 1033
 5.575 1040.0 -90  75  84   0.781   0.0   0.0 1042
 5.575 1042.5 -90  75  87   0.781   0.0   0.0 1045
 5.575 1045.0 -90  75  87   0.781   0.0   0.0 1047
 5.575 1047.5 -90  75  84   0.781   0.0   0.0 1048
 5.600  520.0 -90  78  87   0.781   0.0   0.0  525
 5.600  522.5 -90  78  96   0.781   0.0   0.0  527
 5.600  525.0 -90  78  99   0.781   0.0   0.0  529
 5.600  527.5 -90  78 102   0.781   0.0   0.0  531
 5.600  530.0 -90  78 102   0.781   0.0   0.0  534
 5.600  532.5 -90  78  99   0.781   0.0   0.0  536
 5.600  535.0 -90  78  96   0.781   0.0   0.0  538
 5.600  537.5 -90  78  93   0.781   0.0   0.0  541
 5.600  540.0 -90  78  90   0.781   0.0   0.0  543
 5.625  527.5 -90  63  75   0.781   0.0   0.0  533
 5.625  530.0 -90  63  81   0.781   0.0   0.0  535
 5.625  532.5 -90  63  84   0.781   0.0   0.0  537
 5.625  535.0 -90  63  87   0.781   0.0   0.0  539
 5.625  537.5 -90  63  90   0.781   0.0   0.0  542
 5.625  540.0 -90  63  87   0.781   0.0   0.0  544
 5.625  542.5 -90  63  87   0.781   0.0   0.0  547
 5.625  545.0 -90  63  84   0.781   0.0   0.0  549
 5.625  547.5 -90  63  81   0.781   0.0   0.0  551
 5.625  550.0 -90  63  78   0.781   0.0   0.0  554
 5.625  552.5 -90  63  75   0.781   0.0   0.0  556
 5.625 1070.0 -90  63  72   0.781   0.0   0.0 1074
 5.625 1072.5 -90  63  72   0.781   0.0   0.0 1077
 5.650  535.0 -90  63  72   0.781   0.0   0.0  541
 5.650  537.5 -90  63  75   0.781   0.0   0.0  542
 5.650  540.0 -90  63  78   0.781   0.0   0.0  545
 5.650  542.5 -90  63  81   0.781   0.0   0.0  546
 5.650  545.0 -90  63  84   0.781   0.0   0.0  548
 5.650  547.5 -90  63  84   0.781   0.0   0.0  551
 5.650  550.0 -90  63  87   0.781   0.0   0.0  554
 5.650  552.5 -90  63  87   0.781   0.0   0.0  556
 5.650  555.0 -90  63  84   0.781   0.0   0.0  558
 5.650  557.5 -90  63  81   0.781   0.0   0.0  561
 5.650  560.0 -90  63  81   0.781   0.0   0.0  563
 5.650  562.5 -90  63  75   0.781   0.0   0.0  566
 5.650  565.0 -90  63  75   0.781   0.0   0.0  569
 5.700  560.0 -90  63  72   0.781   0.0   0.0  565
 5.700  562.5 -90  63  72   0.781   0.0   0.0  567
 5.700  565.0 -90  63  78   0.781   0.0   0.0  569
 5.700  567.5 -90  63  81   0.781   0.0   0.0  572
 5.700  570.0 -90  63  81   0.781   0.0   0.0  574
 5.700  572.5 -90  63  84   0.781   0.0   0.0  576
 5.700  575.0 -90  63  84   0.781   0.0   0.0  579
 5.700  577.5 -90  63  84   0.781   0.0   0.0  582
 5.700  580.0 -90  63  84   0.781   0.0   0.0  584
 5.700  582.5 -90  63  84   0.781   0.0   0.0  586
 5.700  585.0 -90  63  84   0.781   0.0   0.0  589
 5.700  587.5 -90  63  81   0.781   0.0   0.0  591
 5.700  590.0 -90  63  81   0.781   0.0   0.0  593
 5.700  592.5 -90  63  78   0.781   0.0   0.0  596
 5.700  595.0 -90  63  78   0.781   0.0   0.0  599
 5.700  597.5 -90  63  75   0.781   0.0   0.0  602
 5.700  600.0 -90  63  75   0.781   0.0   0.0  602
 5.700  602.5 -90  63  72   0.781   0.0   0.0  607
 5.725  585.0 -90  81  90   0.781   0.0   0.0  589
 5.725  587.5 -90  81  90   0.781   0.0   0.0  592
 5.725  590.0 -90  81  93   0.781   0.0   0.0  594
 5.725  592.5 -90  81  93   0.781   0.0   0.0  596
 5.725  595.0 -90  81  93   0.781   0.0   0.0  599
 5.725  597.5 -90  81  93   0.781   0.0   0.0  601
 5.725  600.0 -90  81  93   0.781   0.0   0.0  604
 5.725  602.5 -90  81  93   0.781   0.0   0.0  606
 5.725  605.0 -90  81  93   0.781   0.0   0.0  609
 5.725  607.5 -90  81  93   0.781   0.0   0.0  611
 5.725  610.0 -90  81  93   0.781   0.0   0.0  614
 5.725  612.5 -90  81  93   0.781   0.0   0.0  616
 5.725  615.0 -90  81  93   0.781   0.0   0.0  619
 5.725  617.5 -90  81  90   0.781   0.0   0.0  620
 5.725  620.0 -90  81  90   0.781   0.0   0.0  623
 5.750  622.5 -90  84  93   0.781   0.0   0.0  626
 6.350  730.0 -90  72  81   3.906  30.0  30.0  736
 6.500  687.5 -90  93 102  -2.344  90.0  30.0  691
 6.500  810.0 -90  93 102  -3.906  90.0  30.0  802
 6.500  812.5 -90  93 102  -3.906  90.0  30.0  801
 6.525   80.0  90  81  90   5.469   0.0   0.0   91
 6.525   82.5  90  81  90  -2.344  90.0  30.0   83
 6.525   85.0  90  81  90  -2.344  90.0  30.0   86
 6.525  755.0  90  81  90   2.344   0.0   0.0  753
 6.525  762.5  90  81  90  -3.906  90.0  30.0  758
 6.525  765.0  90  81  90  -3.906   0.0   0.0  759
 6.525  767.5  90  81  90  -3.906   0.0   0.0  762
 6.525  770.0  90  81  90  -3.906   0.0   0.0  764
 6.525  782.5  90  81  90  -0.781   0.0   0.0  778
 6.525  785.0  90  81  90  -0.781  90.0  30.0  779
 6.525  787.5  90  81  90   5.469   0.0   0.0  783
 6.525  790.0  90  81  90   5.469   0.0   0.0  781
 6.525  792.5  90  81  90  -2.344   0.0   0.0  789
 6.525  795.0  90  81  90  -0.781   0.0   0.0  791
 6.525  797.5  90  81  90  -0.781  90.0  30.0  791
 6.525  800.0  90  81  90  -0.781  90.0  30.0  793
 6.525  807.5  90  81  90  -0.781   0.0   0.0  803
 6.525  810.0  90  81  90  -0.781   0.0   0.0  803
 6.525  812.5  90  81  90  -0.781   0.0   0.0  803
 6.525  815.0  90  81  90   5.469   0.0   0.0  826
 6.525  822.5  90  81  90  -0.781   0.0   0.0  819
 6.525  825.0  90  81  90  -0.781   0.0   0.0  813
 6.525   80.0 -90  84  93   5.469  90.0  30.0   91
 6.525  545.0 -90  84  93  -5.469  90.0  30.0  531
 6.525  607.5 -90  84  93   0.781  90.0  30.0  618
 6.525  610.0 -90  84  93   2.344  90.0  30.0  606
 6.525  675.0 -90  84  93  -3.906  90.0  30.0  682
 6.525  677.5 -90  84  93   2.344  90.0  30.0  674
 6.525  680.0 -90  84  93   2.344  90.0  30.0  676
 6.525  682.5 -90  84  93   2.344  90.0  30.0  678
 6.525  685.0 -90  84  93   2.344  90.0  30.0  680
 6.525  687.5 -90  84  93  -3.906  90.0  30.0  692
 6.525  690.0 -90  84  93  -3.906  90.0  30.0  696
 6.525  692.5 -90  84  93  -3.906  90.0  30.0  698
 6.525  695.0 -90  84  93  -3.906  90.0  30.0  699
 6.525  697.5 -90  84  93  -3.906  90.0  30.0  699
 6.525  700.0 -90  84  93  -3.906  90.0  30.0  701
 6.525  702.5 -90  84  93  -2.344  90.0  30.0  704
 6.525  705.0 -90  84  93  -3.906  90.0  30.0  707
 6.525  707.5 -90  84  93  -3.906  90.0  30.0  710
 6.525  710.0 -90  84  93  -3.906  90.0  30.0  709
 6.525  712.5 -90  84  93  -3.906  90.0  30.0  710
 6.525  715.0 -90  84  93   2.344  90.0  30.0  712
 6.525  717.5 -90  84  93   2.344  90.0  30.0  714
 6.525  720.0 -90  84  93   2.344  90.0  30.0  716
 6.525  722.5 -90  84  93  -3.906  90.0  30.0  723
 6.525  725.0 -90  84  93  -3.906  90.0  30.0  723
 6.525  727.5 -90  84  93   2.344  90.0  30.0  724
 6.525  730.0 -90  84  93   2.344  90.0  30.0  725
 6.525  732.5 -90  84  93   2.344  90.0  30.0  728
 6.525  735.0 -90  84  93   2.344  90.0  30.0  731
 6.525  737.5 -90  84  93   2.344  90.0  30.0  733
 6.525  740.0 -90  84  93   2.344  90.0  30.0  736
 6.525  742.5 -90  84  93   2.344  90.0  30.0  738
 6.525  745.0 -90  84  93   2.344  90.0  30.0  741
 6.525  747.5 -90  84  93  -3.906  90.0  30.0  743
 6.525  750.0 -90  84  93  -3.906  90.0  30.0  744
 6.525  752.5 -90  84  93  -3.906  90.0  30.0  747
 6.525  755.0 -90  84  93  -3.906  90.0  30.0  749
 6.525  757.5 -90  84  93   2.344  90.0  30.0  754
 6.525  760.0 -90  84  93   2.344  90.0  30.0  756
 6.525  762.5 -90  84  93   2.344  90.0  30.0  759
 6.525  767.5 -90  84  93   3.906  90.0  30.0  764
 6.525  770.0 -90  84  93   3.906  90.0  30.0  766
 6.525  772.5 -90  84  93   3.906  90.0  30.0  767
 6.525  775.0 -90  84  93   2.344  90.0  30.0  772
 6.525  780.0 -90  84  93  -2.344  90.0  30.0  780
 6.525  782.5 -90  84  93  -0.781  90.0  30.0  779
 6.525  790.0 -90  84  93   5.469  90.0  30.0  777
 6.525  792.5 -90  84  93  -0.781  90.0  30.0  791
 6.525  795.0 -90  84  93  -0.781  90.0  30.0  793
 6.525  797.5 -90  84  93  -0.781  90.0  30.0  794
 6.525  800.0 -90  84  93   5.469  90.0  30.0  809
 6.525  802.5 -90  84  93   5.469  90.0  30.0  812
 6.525  805.0 -90  84  93   5.469  90.0  30.0  817
 6.525  807.5 -90  84  93  -0.781  90.0  30.0  805
 6.525  810.0 -90  84  93  -0.781  90.0  30.0  807
 6.525  812.5 -90  84  93   5.469  90.0  30.0  799
 6.525  815.0 -90  84  93   5.469  90.0  30.0  826
 6.525  817.5 -90  84  93   5.469  90.0  30.0  829
 6.525  820.0 -90  84  93  -0.781  90.0  30.0  820
 6.525  822.5 -90  84  93  -0.781  90.0  30.0  822
 6.525  825.0 -90  84  93  -0.781  90.0  30.0  823
 6.525  827.5 -90  84  93   5.469  90.0  30.0  842
 6.525  830.0 -90  84  93   5.469  90.0  30.0  842
 6.750 1237.5 -90  72  81  -2.344 150.0  30.0 1246
 6.950   95.0  90  81  90  -2.344  90.0  30.0   86
 6.950  115.0  90  81  90   2.344  90.0  30.0  103
 6.950  117.5  90  81  90   2.344  90.0  30.0  105
 6.950  120.0  90  81  90   2.344  90.0  30.0  107
 6.950  122.5  90  81  90   2.344  90.0  30.0  109
 6.950  125.0  90  81  90  -2.344  90.0  30.0  114
 6.950  127.5  90  81  90  -2.344  90.0  30.0  116
 6.950  137.5  90  81  90  -2.344  90.0  30.0  128
 6.950  140.0  90  81  90  -2.344  90.0  30.0  131
 6.950  142.5  90  81  90  -2.344  90.0  30.0  133
 6.950  145.0  90  81  90  -2.344  90.0  30.0  134
 6.950  147.5  90  81  90  -2.344  90.0  30.0  136
 6.950  842.5  90  81  90  -5.469  90.0  30.0  847
 6.950  845.0  90  81  90  -5.469  90.0  30.0  849
 6.950  847.5  90  81  90  -5.469  90.0  30.0  851
 6.950  865.0  90  81  90  -5.469  90.0  30.0  865
 6.950  867.5  90  81  90  -5.469  90.0  30.0  867
 6.950  870.0  90  81  90  -5.469  90.0  30.0  870
 6.950  872.5  90  81  90  -2.344  90.0  30.0  862
 6.950  875.0  90  81  90  -2.344  90.0  30.0  864
 6.950  887.5  90  81  90  -2.344  90.0  30.0  877
 6.950  890.0  90  81  90  -2.344  90.0  30.0  879
 6.950  892.5  90  81  90  -2.344  90.0  30.0  881
 6.950  895.0  90  81  90  -2.344  90.0  30.0  884
 6.950  897.5  90  81  90  -2.344  90.0  30.0  886
 6.950  900.0  90  81  90  -2.344  90.0  30.0  888
 6.950   92.5 -90  81  90  -3.906  90.0  30.0   93
 6.950   95.0 -90  81  90  -3.906  90.0  30.0   86
 6.950   97.5 -90  81  90   2.344  90.0  30.0   84
 6.950  112.5 -90  81  90  -2.344  90.0  30.0  104
 6.950  115.0 -90  81  90  -2.344  90.0  30.0  106
 6.950  117.5 -90  81  93  -2.344  90.0  30.0  109
 6.950  120.0 -90  81  93  -2.344  90.0  30.0  111
 6.950  122.5 -90  81  93   3.906  90.0  30.0  113
 6.950  125.0 -90  81  90   3.906  90.0  30.0  115
 6.950  127.5 -90  81  90   3.906  90.0  30.0  117
 6.950  130.0 -90  81  90  -2.344  90.0  30.0  118
 6.950  137.5 -90  81  90   3.906  90.0  30.0  127
 6.950  140.0 -90  81  90  -2.344  90.0  30.0  130
 6.950  142.5 -90  81  90   3.906  90.0  30.0  132
 6.950  145.0 -90  81  90   3.906  90.0  30.0  134
 6.950  147.5 -90  81  90   3.906  90.0  30.0  136
 6.950  150.0 -90  81  90  -2.344  90.0  30.0  138
 6.950  842.5 -90  81  90   2.344  90.0  30.0  855
 6.950  865.0 -90  81  90  -2.344  90.0  30.0  856
 6.950  867.5 -90  81  90  -2.344  90.0  30.0  858
 6.950  870.0 -90  81  90  -2.344  90.0  30.0  860
 6.950  872.5 -90  81  90  -2.344  90.0  30.0  862
 6.950  875.0 -90  81  90  -2.344  90.0  30.0  864
 6.950  877.5 -90  81  90  -2.344  90.0  30.0  866
 6.950  890.0 -90  81  90  -2.344  90.0  30.0  880
 6.950  892.5 -90  81  90  -2.344  90.0  30.0  882
 6.950  895.0 -90  81  90  -2.344  90.0  30.0  885
 6.975  112.5  90  87  96   2.344  90.0  30.0  127
 6.975  115.0  90  87  96   2.344  90.0  30.0  102
 6.975  117.5  90  87  96   2.344  90.0  30.0  106
 6.975  120.0  90  87  96   2.344  90.0  30.0  109
 6.975  122.5  90  87  96   2.344  90.0  30.0  111
 6.975  135.0  90  87  96  -3.906  90.0  30.0  127
 6.975  137.5  90  87  96  -2.344  90.0  30.0  128
 6.975  140.0  90  87  96  -2.344  90.0  30.0  133
 6.975  142.5  90  87  96  -2.344  90.0  30.0  136
 6.975  145.0  90  87  96  -2.344  90.0  30.0  139
 6.975  147.5  90  87  96   3.906  90.0  30.0  156
 6.975  160.0  90  87  96  -0.781  90.0  30.0  149
 6.975  162.5  90  87  96  -0.781  90.0  30.0  153
 6.975  165.0  90  87  99  -2.344  90.0  30.0  157
 6.975  167.5  90  87  99   3.906  90.0  30.0  156
 6.975  170.0  90  87  96   3.906  90.0  30.0  161
 6.975  172.5  90  87  96   3.906  90.0  30.0  164
 6.975  180.0  90  87  96   5.469  90.0  30.0  171
 6.975  182.5  90  87  96   5.469  90.0  30.0  172
 6.975  185.0  90  87  96   5.469  90.0  30.0  173
 6.975  187.5  90  87  96  -0.781  90.0  30.0  179
 6.975  190.0  90  87  96  -0.781  90.0  30.0  182
 6.975  192.5  90  87  96   5.469  90.0  30.0  179
 6.975  195.0  90  87  96   5.469  90.0  30.0  181
 6.975  197.5  90  87  96   5.469  90.0  30.0  183
 6.975  200.0  90  87  96   5.469  90.0  30.0  214
 6.975  202.5  90  87  96   5.469  90.0  30.0  212
 6.975  715.0  90  87  96  -2.344  90.0  30.0  705
 6.975  717.5  90  87  96  -2.344  90.0  30.0  707
 6.975  720.0  90  87  96  -2.344  90.0  30.0  709
 6.975  722.5  90  87  96  -0.781  90.0  30.0  714
 6.975  750.0  90  87  96   5.469  90.0  30.0  742
 6.975  770.0  90  87  96  -5.469  90.0  30.0  768
 6.975  772.5  90  87  96   0.781  90.0  30.0  770
 6.975  775.0  90  87  99   0.781  90.0  30.0  773
 6.975  777.5  90  87  99   0.781  90.0  30.0  775
 6.975  780.0  90  87  96   0.781  90.0  30.0  777
 6.975  782.5  90  87  96   0.781  90.0  30.0  780
 6.975  792.5  90  87  96  -5.469  90.0  30.0  793
 6.975  795.0  90  87  96   0.781  90.0  30.0  793
 6.975  797.5  90  87  99   0.781  90.0  30.0  796
 6.975  800.0  90  87  99   0.781  90.0  30.0  798
 6.975  802.5  90  87  99   0.781  90.0  30.0  801
 6.975  805.0  90  87  99   0.781  90.0  30.0  804
 6.975  807.5  90  87  96   0.781  90.0  30.0  809
 6.975  810.0  90  87  96  -3.906  90.0  30.0  817
 6.975  817.5  90  87  96  -5.469  90.0  30.0  824
 6.975  820.0  90  87  96  -5.469  90.0  30.0  827
 6.975  822.5  90  87  96  -5.469  90.0  30.0  830
 6.975  825.0  90  87  96  -5.469  90.0  30.0  833
 6.975  827.5  90  87  96  -5.469  90.0  30.0  836
 6.975  830.0  90  87  96  -0.781  90.0  30.0  840
 6.975  832.5  90  87  96  -2.344  90.0  30.0  844
 6.975  835.0  90  87  96  -3.906  90.0  30.0  845
 6.975  837.5  90  87  96  -3.906  90.0  30.0  849
 6.975  840.0  90  87  96   2.344  90.0  30.0  853
 6.975  842.5  90  87  96   2.344  90.0  30.0  857
 6.975  845.0  90  87  96   0.781  90.0  30.0  858
 6.975  860.0  90  87  96  -3.906  90.0  30.0  869
 6.975  862.5  90  87  96  -3.906  90.0  30.0  873
 6.975  865.0  90  87  99  -3.906  90.0  30.0  878
 6.975  867.5  90  87  99  -3.906  90.0  30.0  882
 6.975  870.0  90  87  96   2.344  90.0  30.0  858
 6.975  872.5  90  87  96   2.344  90.0  30.0  860
 6.975  882.5  90  87  96  -3.906  90.0  30.0  897
 6.975  885.0  90  87  96   2.344  90.0  30.0  870
 6.975  887.5  90  87  99   2.344  90.0  30.0  875
 6.975  890.0  90  87  99   3.906  90.0  30.0  880
 6.975  892.5  90  87  99  -2.344  90.0  30.0  885
 6.975  895.0  90  87  99   3.906  90.0  30.0  888
 6.975  897.5  90  87  96  -2.344  90.0  30.0  891
 6.975  900.0  90  87  96  -3.906  90.0  30.0  892
 6.975  907.5  90  87  96  -0.781  90.0  30.0  896
 6.975  910.0  90  87  99  -0.781  90.0  30.0  899
 6.975  912.5  90  87  99  -2.344  90.0  30.0  901
 6.975  915.0  90  87  99  -2.344  90.0  30.0  906
 6.975  917.5  90  87  99   3.906  90.0  30.0  909
 6.975  920.0  90  87  96   3.906  90.0  30.0  913
 6.975  922.5  90  87  96   5.469  90.0  30.0  918
 6.975  930.0  90  87  96  -0.781  90.0  30.0  921
 6.975  932.5  90  87  96  -0.781  90.0  30.0  923
 6.975  935.0  90  87  96  -0.781  90.0  30.0  925
 6.975  937.5  90  87  96   5.469  90.0  30.0  927
 6.975  940.0  90  87  96   5.469  90.0  30.0  928
 6.975  942.5  90  87  96   5.469  90.0  30.0  931
 6.975  945.0  90  87  96   5.469  90.0  30.0  934
 6.975  947.5  90  87  96  -0.781  90.0  30.0  940
 7.000   90.0  90  87  96  -3.906  90.0  30.0   95
 7.000  142.5  90  87  96   2.344  90.0  30.0  137
 7.000  145.0  90  87  96  -5.469  90.0  30.0  130
 7.000  147.5  90  87  96  -5.469  90.0  30.0  162
 7.000  165.0  90  87  96  -2.344  90.0  30.0  167
 7.000  167.5  90  87  96  -2.344  90.0  30.0  169
 7.000  170.0  90  87  96  -2.344  90.0  30.0  172
 7.000  172.5  90  87  96  -2.344  90.0  30.0  174
 7.000  175.0  90  87  96  -2.344  90.0  30.0  176
 7.000  195.0  90  87  96  -2.344  90.0  30.0  197
 7.000  197.5  90  87  96  -2.344  90.0  30.0  200
 7.000  200.0  90  87  96  -2.344  90.0  30.0  203
 7.000  762.5  90  87  96   5.469  90.0  30.0  775
 7.000  765.0  90  87  96   5.469  90.0  30.0  779
 7.000  767.5  90  87  96   5.469  90.0  30.0  755
 7.000  770.0  90  87  96   5.469  90.0  30.0  762
 7.000  785.0  90  87  96   0.781  90.0  30.0  773
 7.000  787.5  90  87  96   0.781  90.0  30.0  775
 7.000  790.0  90  87  99   5.469  90.0  30.0  798
 7.000  792.5  90  87  96   0.781  90.0  30.0  785
 7.000  795.0  90  87  96   0.781  90.0  30.0  791
 7.000  807.5  90  87  96   0.781  90.0  30.0  796
 7.000  810.0  90  87  96   0.781  90.0  30.0  798
 7.000  812.5  90  87  96   0.781  90.0  30.0  801
 7.000  815.0  90  87  96   0.781  90.0  30.0  805
 7.000  817.5  90  87  96   0.781  90.0  30.0  809
 7.000  820.0  90  87  96   0.781  90.0  30.0  814
 7.000  840.0  90  87  96   0.781  90.0  30.0  833
 7.000  842.5  90  87  96   0.781  90.0  30.0  838
 7.000  865.0  90  87  96   5.469  90.0  30.0  853
 7.000  867.5  90  87  96  -2.344  90.0  30.0  874
 7.000  870.0  90  87  96   2.344  90.0  30.0  866
 7.000  872.5  90  87  96   2.344  90.0  30.0  868
 7.000  892.5  90  87  96   2.344  90.0  30.0  889
 7.000  895.0  90  87  96   2.344  90.0  30.0  891
 7.000  915.0  90  87  96  -2.344  90.0  30.0  917
 7.000  917.5  90  87  96  -2.344  90.0  30.0  919
 7.000  920.0  90  87  96  -2.344  90.0  30.0  921
 7.000  922.5  90  87  96  -2.344  90.0  30.0  924
 7.000  937.5  90  87  96   5.469  90.0  30.0  944
 7.000  940.0  90  87  96   5.469  90.0  30.0  947
 7.000  942.5  90  87  96  -2.344  90.0  30.0  943
 7.000  945.0  90  87  96  -2.344  90.0  30.0  946
 7.000  947.5  90  87  96  -2.344  90.0  30.0  949
 7.000  950.0  90  87  96  -2.344  90.0  30.0  951
 7.000  952.5  90  87  96   5.469  90.0  30.0  962
 7.000  955.0  90  87  96   5.469  90.0  30.0  964
 7.000  957.5  90  87  96   5.469  90.0  30.0  966
 7.000  960.0  90  87  96   5.469  90.0  30.0  968
 7.000  962.5  90  87  96   0.781  90.0  30.0  948
 7.000  965.0  90  87  96   0.781  90.0  30.0  978
 7.000  967.5  90  87  96   0.781  90.0  30.0  979
 7.000  970.0  90  87  96   0.781  90.0  30.0  981
 7.000  972.5  90  87  96  -3.906  90.0  30.0  962
 7.000  975.0  90  87  96  -3.906  90.0  30.0  964
 7.300  877.5  90  63  72  -0.781 150.0  30.0  884
 7.300  897.5  90  63  72   0.781 150.0  30.0  908
 7.300  900.0  90  63  72   0.781 150.0  30.0  892
 7.450   80.0  90  60  69  -0.781 150.0  30.0   90
 7.450   82.5 -90  63  72   3.906 150.0  30.0   78
 7.450  112.5 -90  63  72  -5.469 150.0  30.0  119
 7.450  117.5 -90  63  72  -5.469 150.0  30.0  124
 7.600 1000.0 -90  63  72  -2.344 150.0  30.0 1006
 7.600 1007.5 -90  63  72  -2.344 150.0  30.0 1007
 7.700  560.0  90  63  72  -5.469  90.0  30.0  558
 7.700  562.5  90  63  72   2.344  90.0  30.0  559
 7.700  580.0  90  63  72  -3.906  90.0  30.0  579
 7.700  582.5  90  63  72   5.469  90.0  30.0  581
 7.700  585.0  90  63  72   5.469  90.0  30.0  589
 7.700  600.0  90  63  72  -0.781  90.0  30.0  597
 7.700  602.5  90  63  72  -2.344  90.0  30.0  603
 7.700  605.0  90  63  72   5.469  90.0  30.0  614
 7.700  607.5  90  63  72   5.469  90.0  30.0  619
 7.725  637.5  90  69  78   3.906  90.0  30.0  629
 7.725  640.0  90  69  78   3.906  90.0  30.0  631
 7.725  642.5  90  69  78   3.906  90.0  30.0  632
 7.725  655.0  90  69  78  -2.344  90.0  30.0  645
 7.725  657.5  90  69  78  -2.344  90.0  30.0  668
 7.725  660.0  90  69  78   2.344  90.0  30.0  662
 7.750  662.5  90  63  72   5.469  90.0  30.0  654
 7.750  665.0  90  63  72   0.781  90.0  30.0  657
 7.750  667.5  90  63  72   0.781  90.0  30.0  660
 7.750  642.5 -90  66  75  -0.781  90.0  30.0  636
 7.750  645.0 -90  66  75   2.344  90.0  30.0  632
 7.750  647.5 -90  66  75  -2.344  90.0  30.0  638
 7.750  662.5 -90  66  75  -2.344  90.0  30.0  653
 7.750  665.0 -90  66  75  -2.344  90.0  30.0  657
 7.775  662.5  90  54  63  -2.344  90.0  30.0  670
