2024.06.28 (180) 00:00:00.000
Station name: Alpena
URSI code: AL945
Ionosonde model: DPS-4D
  Freq  Range Pol MPA Amp Doppler    Az    Zn  PGH
 2.000  107.5  90  36  54   1.563   0.0   0.0  113
 2.000  110.0  90  36  63  -1.563   0.0   0.0  114
 2.000  112.5  90  36  48   1.563   0.0   0.0  114
 2.025  107.5  90  33  51   1.563   0.0   0.0  115
 2.025  110.0  90  33  60  -1.563   0.0   0.0  114
 2.025  112.5  90  33  48  -1.563   0.0   0.0  114
 2.025  115.0  90  33  42  -1.563 150.0  30.0  117
 2.025  222.5  90  33  42  -1.563   0.0   0.0  228
 2.025  110.0 -90  33  45   1.563  30.0  30.0  114
 2.050  107.5  90  33  45  -1.563   0.0   0.0  113
 2.050  110.0  90  33  60  -1.563   0.0   0.0  115
 2.050  112.5  90  33  54   1.563   0.0   0.0  115
 2.050  115.0  90  33  42   1.563 150.0  30.0  116
 2.050  222.5  90  33  42   1.563   0.0   0.0  228
 2.050  110.0 -90  33  42   1.563  30.0  30.0  116
 2.075  110.0  90  36  63  -1.563   0.0   0.0  115
 2.075  112.5  90  36  60  -1.563   0.0   0.0  115
 2.075  110.0 -90  33  45   1.563  90.0  30.0  115
 2.075  112.5 -90  33  42   1.563  30.0  30.0  115
 2.100  107.5  90  36  48   1.563   0.0   0.0  115
 2.100  110.0  90  36  63  -1.563   0.0   0.0  114
 2.100  112.5  90  36  60  -1.563   0.0   0.0  116
 2.100  115.0  90  36  48   1.563   0.0   0.0  118
 2.100  117.5  90  36  45  -1.563 150.0  30.0  122
 2.100  110.0 -90  33  42  -1.563  90.0  30.0  113
 2.100  112.5 -90  33  42   1.563  30.0  30.0  118
 2.100  417.5 -90  33  42  -4.688   0.0   0.0  408
 2.100  835.0 -90  33  42   4.688   0.0   0.0  847
 2.100  892.5 -90  33  42   1.563 150.0  30.0  893
 2.125  107.5  90  36  48   1.563   0.0   0.0  113
 2.125  110.0  90  36  60   1.563   0.0   0.0  114
 2.125  112.5  90  36  57  -1.563   0.0   0.0  117
 2.125  115.0  90  36  45   1.563  30.0  30.0  115
 2.125  117.5  90  36  45  -1.563 150.0  30.0  122
 2.150  107.5  90  33  42  -1.563  30.0  30.0  116
 2.150  110.0  90  33  63  -1.563   0.0   0.0  115
 2.150  112.5  90  33  63  -1.563   0.0   0.0  116
 2.150  115.0  90  33  48  -1.563   0.0   0.0  116
 2.150  117.5  90  33  45  -1.563  90.0  30.0  122
 2.150  222.5  90  33  42  -1.563  90.0  30.0  230
 2.150  225.0  90  33  48  -1.563   0.0   0.0  229
 2.150  110.0 -90  33  42   1.563 150.0  30.0  116
 2.150  112.5 -90  33  45   1.563 150.0  30.0  117
 2.175  110.0  90  36  60   1.563   0.0   0.0  115
 2.175  112.5  90  36  57   1.563  90.0  30.0  114
 2.175  115.0  90  36  54  -1.563   0.0   0.0  118
 2.175  225.0  90  36  45   1.563   0.0   0.0  232
 2.175  227.5  90  36  45   1.563   0.0   0.0  230
 2.175  110.0 -90  33  42  -1.563 150.0  30.0  117
 2.200  110.0  90  33  57   1.563   0.0   0.0  116
 2.200  112.5  90  33  60   1.563   0.0   0.0  117
 2.200  115.0  90  33  57  -1.563   0.0   0.0  118
 2.200  227.5  90  33  48   1.563   0.0   0.0  232
 2.200  230.0  90  33  42  -1.563   0.0   0.0  231
 2.225  110.0  90  36  54  -1.563   0.0   0.0  116
 2.225  112.5  90  36  51  -1.563   0.0   0.0  117
 2.225  115.0  90  36  60  -1.563   0.0   0.0  118
 2.225  227.5  90  36  45   1.563   0.0   0.0  232
 2.225  230.0  90  36  48   1.563   0.0   0.0  233
 2.225  110.0 -90  33  42   1.563  90.0  30.0  114
 2.250  110.0  90  36  51   1.563   0.0   0.0  116
 2.250  112.5  90  36  66  -1.563   0.0   0.0  118
 2.250  115.0  90  36  63   1.563   0.0   0.0  118
 2.250  230.0  90  36  48  -1.563   0.0   0.0  237
 2.250  232.5  90  36  48  -1.563   0.0   0.0  235
 2.250  112.5 -90  33  42  -1.563  90.0  30.0  119
 2.250  115.0 -90  33  42   1.563  30.0  30.0  118
 2.275  112.5  90  36  66  -1.563   0.0   0.0  117
 2.275  115.0  90  36  69   1.563   0.0   0.0  117
 2.275  117.5  90  36  54  -1.563   0.0   0.0  119
 2.275  120.0  90  36  45   1.563 150.0  30.0  121
 2.275  125.0  90  36  45  -1.563   0.0   0.0  127
 2.275  232.5  90  36  48   1.563   0.0   0.0  235
 2.275  112.5 -90  33  45  -1.563  90.0  30.0  117
 2.275  115.0 -90  33  45   1.563  90.0  30.0  117
 2.300  112.5  90  36  63  -1.563   0.0   0.0  119
 2.300  115.0  90  36  72  -1.563   0.0   0.0  119
 2.300  117.5  90  36  60  -1.563   0.0   0.0  120
 2.300  120.0  90  36  45  -1.563   0.0   0.0  122
 2.300  125.0  90  36  45  -1.563 150.0  30.0  132
 2.300  232.5  90  36  45   1.563   0.0   0.0  237
 2.300  115.0 -90  33  48  -1.563  90.0  30.0  119
 2.300  117.5 -90  33  42  -1.563  90.0  30.0  119
 2.325  112.5  90  33  54   1.563   0.0   0.0  118
 2.325  115.0  90  33  69  -1.563   0.0   0.0  119
 2.325  117.5  90  33  54  -1.563   0.0   0.0  117
 2.325  137.5  90  33  42  -1.563 270.0  30.0  139
 2.325  235.0  90  33  42   1.563  90.0  30.0  239
 2.325  115.0 -90  33  45   1.563  90.0  30.0  118
 2.350  112.5  90  36  48   1.563   0.0   0.0  119
 2.350  115.0  90  36  66  -1.563   0.0   0.0  120
 2.350  117.5  90  36  69   1.563   0.0   0.0  121
 2.350  120.0  90  36  57  -1.563   0.0   0.0  123
 2.350  122.5  90  36  45  -1.563 150.0  30.0  127
 2.350  115.0 -90  36  45   1.563  30.0  30.0  121
 2.350  117.5 -90  36  45  -1.563  30.0  30.0  121
 2.375  115.0  90  36  63   1.563   0.0   0.0  119
 2.375  117.5  90  36  72   1.563   0.0   0.0  121
 2.375  120.0  90  36  66  -1.563   0.0   0.0  122
 2.375  122.5  90  36  54   1.563   0.0   0.0  124
 2.375  117.5 -90  36  48  -1.563  30.0  30.0  121
 2.375  120.0 -90  36  45  -1.563  30.0  30.0  122
 2.400  115.0  90  36  57  -1.563   0.0   0.0  122
 2.400  117.5  90  36  66   1.563   0.0   0.0  122
 2.400  120.0  90  36  72   1.563   0.0   0.0  124
 2.400  122.5  90  36  63  -1.563   0.0   0.0  125
 2.400  120.0 -90  36  51   1.563 210.0  30.0  125
 2.425  117.5  90  36  54   1.563  90.0  30.0  122
 2.425  120.0  90  36  66   1.563   0.0   0.0  124
 2.425  122.5  90  36  63  -1.563   0.0   0.0  124
 2.425  125.0  90  36  54   1.563   0.0   0.0  128
 2.425  247.5  90  36  45   1.563   0.0   0.0  250
 2.425  120.0 -90  36  45   1.563 150.0  30.0  124
 2.450  117.5  90  36  54   1.563   0.0   0.0  123
 2.450  120.0  90  36  57   1.563  90.0  30.0  123
 2.450  122.5  90  36  54  -1.563   0.0   0.0  126
 2.450  125.0  90  36  57  -1.563   0.0   0.0  130
 2.450  127.5  90  36  54  -1.563   0.0   0.0  130
 2.450  245.0  90  36  45  -1.563   0.0   0.0  250
 2.450  247.5  90  36  54  -1.563   0.0   0.0  252
 2.450  250.0  90  36  51  -1.563   0.0   0.0  255
 2.450  252.5  90  36  48  -1.563   0.0   0.0  256
 2.475  117.5  90  36  45   1.563   0.0   0.0  120
 2.475  120.0  90  36  54  -1.563   0.0   0.0  119
 2.475  122.5  90  36  57   1.563   0.0   0.0  122
 2.475  125.0  90  36  48  -1.563 270.0  30.0  113
 2.475  127.5  90  36  57   1.563   0.0   0.0  142
 2.475  130.0  90  36  54   1.563   0.0   0.0  142
 2.475  132.5  90  36  48  -1.563   0.0   0.0  123
 2.475  245.0  90  36  45  -1.563   0.0   0.0  239
 2.475  247.5  90  36  51   1.563   0.0   0.0  258
 2.475  250.0  90  36  48  -1.563   0.0   0.0  237
 2.475  252.5  90  36  48   1.563   0.0   0.0  257
 2.525  122.5  90  36  48  -1.563   0.0   0.0  127
 2.525  127.5  90  36  57  -1.563   0.0   0.0  130
 2.525  130.0  90  36  48   1.563  90.0  30.0  136
 2.525  132.5  90  36  60   1.563   0.0   0.0  136
 2.525  135.0  90  36  63   1.563   0.0   0.0  139
 2.525  137.5  90  36  57   1.563   0.0   0.0  140
 2.525  262.5  90  36  45  -1.563   0.0   0.0  263
 2.525  267.5  90  36  45   1.563   0.0   0.0  272
 2.550  125.0  90  36  51   1.563   0.0   0.0  129
 2.550  127.5  90  36  57   1.563   0.0   0.0  131
 2.550  130.0  90  36  51   1.563  90.0  30.0  133
 2.550  132.5  90  36  54   1.563   0.0   0.0  138
 2.550  135.0  90  36  57  -1.563   0.0   0.0  140
 2.550  137.5  90  36  60   1.563   0.0   0.0  141
 2.550  140.0  90  36  48  -1.563   0.0   0.0  143
 2.550  142.5  90  36  45   1.563   0.0   0.0  147
 2.550  155.0  90  36  45   1.563   0.0   0.0  158
 2.550  157.5  90  36  48   1.563   0.0   0.0  162
 2.550  160.0  90  36  48   1.563   0.0   0.0  164
 2.550  162.5  90  36  51  -1.563   0.0   0.0  167
 2.550  165.0  90  36  48  -1.563   0.0   0.0  169
 2.550  167.5  90  36  45  -1.563   0.0   0.0  171
 2.550  170.0  90  36  45   1.563   0.0   0.0  174
 2.550  175.0  90  36  45  -1.563  90.0  30.0  181
 2.575  127.5  90  36  48  -1.563   0.0   0.0  133
 2.575  130.0  90  36  54   1.563   0.0   0.0  133
 2.575  132.5  90  36  51   1.563   0.0   0.0  135
 2.575  135.0  90  36  48   1.563   0.0   0.0  139
 2.575  137.5  90  36  57   1.563   0.0   0.0  141
 2.575  145.0  90  36  45  -1.563   0.0   0.0  148
 2.575  150.0  90  36  54   1.563   0.0   0.0  154
 2.575  152.5  90  36  54  -1.563   0.0   0.0  156
 2.575  155.0  90  36  48  -1.563   0.0   0.0  157
 2.575  157.5  90  36  48  -1.563   0.0   0.0  161
 2.575  160.0  90  36  48  -1.563   0.0   0.0  163
 2.575  162.5  90  36  48  -1.563   0.0   0.0  167
 2.575  165.0  90  36  45  -1.563   0.0   0.0  168
 2.575  167.5  90  36  45   1.563  90.0  30.0  170
 2.575  172.5  90  36  45  -1.563   0.0   0.0  178
 2.600  127.5  90  36  48   1.563   0.0   0.0  132
 2.600  132.5  90  36  45  -1.563   0.0   0.0  136
 2.600  135.0  90  36  48  -1.563   0.0   0.0  139
 2.600  137.5  90  36  54   1.563   0.0   0.0  142
 2.600  140.0  90  36  57   1.563   0.0   0.0  144
 2.600  142.5  90  36  54  -1.563   0.0   0.0  147
 2.600  145.0  90  36  48  -1.563  90.0  30.0  149
 2.600  147.5  90  36  45   1.563 330.0  30.0  155
 2.600  150.0  90  36  57  -1.563   0.0   0.0  155
 2.600  152.5  90  36  57  -1.563   0.0   0.0  156
 2.600  155.0  90  36  51   1.563   0.0   0.0  160
 2.600  157.5  90  36  51   1.563   0.0   0.0  162
 2.600  160.0  90  36  48  -1.563   0.0   0.0  166
 2.600  165.0  90  36  48  -1.563   0.0   0.0  171
 2.600  167.5  90  36  45  -1.563   0.0   0.0  171
 2.600  277.5  90  36  45  -1.563  30.0  30.0  280
 2.625  132.5  90  36  45   1.563  90.0  30.0  140
 2.625  137.5  90  36  45   1.563 270.0  30.0  145
 2.625  140.0  90  36  45   1.563   0.0   0.0  145
 2.625  142.5  90  36  48  -1.563   0.0   0.0  147
 2.625  145.0  90  36  48  -1.563 270.0  30.0  150
 2.625  147.5  90  36  45   1.563 150.0  30.0  153
 2.625  150.0  90  36  54  -1.563   0.0   0.0  156
 2.625  152.5  90  36  51  -1.563   0.0   0.0  158
 2.625  155.0  90  36  45   1.563   0.0   0.0  161
 2.625  160.0  90  36  48   1.563   0.0   0.0  165
 2.625  165.0  90  36  48  -1.563   0.0   0.0  172
 2.625  167.5  90  36  51   1.563   0.0   0.0  172
 2.625  170.0  90  36  48   1.563   0.0   0.0  174
 2.625  282.5  90  36  45  -1.563 150.0  30.0  288
 2.650  135.0  90  33  45   1.563   0.0   0.0  139
 2.650  137.5  90  33  42   1.563  90.0  30.0  140
 2.650  142.5  90  33  45   1.563   0.0   0.0  148
 2.650  147.5  90  33  42  -1.563   0.0   0.0  150
 2.650  167.5  90  33  42  -1.563  90.0  30.0  171
 2.650  302.5  90  33  42  -1.563   0.0   0.0  307
 2.675  135.0  90  33  45  -1.563  90.0  30.0  139
 2.675  142.5  90  33  45  -1.563  30.0  30.0  144
 2.675  147.5  90  33  42   1.563   0.0   0.0  149
 2.675  275.0  90  33  45   1.563   0.0   0.0  279
 2.675  277.5  90  33  42  -1.563   0.0   0.0  280
 2.675  282.5  90  33  42  -1.563   0.0   0.0  286
 2.675  285.0  90  33  42  -1.563   0.0   0.0  288
 2.675  290.0  90  33  42  -1.563   0.0   0.0  295
 2.675  295.0  90  33  42  -1.563   0.0   0.0  300
 2.675  297.5  90  33  42  -1.563   0.0   0.0  300
 2.675  305.0  90  33  45   1.563   0.0   0.0  308
 2.700  135.0  90  36  45   1.563   0.0   0.0  139
 2.700  137.5  90  36  48   1.563  90.0  30.0  141
 2.700  262.5  90  36  45  -1.563   0.0   0.0  268
 2.700  265.0  90  36  51  -1.563   0.0   0.0  270
 2.700  267.5  90  36  54  -1.563   0.0   0.0  272
 2.700  270.0  90  36  57  -1.563   0.0   0.0  274
 2.700  272.5  90  36  60  -1.563   0.0   0.0  277
 2.700  275.0  90  36  57  -1.563   0.0   0.0  279
 2.700  277.5  90  36  51  -1.563   0.0   0.0  281
 2.700  280.0  90  36  45  -1.563   0.0   0.0  284
 2.700  282.5  90  36  45   1.563   0.0   0.0  288
 2.725  137.5  90  72  81   1.563  90.0  30.0  141
 2.725  257.5  90  72  81  -1.563   0.0   0.0  264
 2.725  260.0  90  72  90  -1.563   0.0   0.0  265
 2.725  262.5  90  72  96  -1.563   0.0   0.0  267
 2.725  265.0  90  72  99  -1.563   0.0   0.0  269
 2.725  267.5  90  72  99  -1.563   0.0   0.0  272
 2.725  270.0  90  72  99  -1.563   0.0   0.0  274
 2.725  272.5  90  72  96  -1.563   0.0   0.0  277
 2.725  275.0  90  72  90  -1.563   0.0   0.0  279
 2.725  277.5  90  72  81  -1.563   0.0   0.0  281
 2.725  262.5 -90  69  78  -1.563  30.0  30.0  267
 2.725  265.0 -90  69  78  -1.563 210.0  30.0  269
 2.725  267.5 -90  69  81  -1.563 210.0  30.0  271
 2.725  270.0 -90  69  78  -1.563 210.0  30.0  276
 2.750  252.5  90  69  78   1.563   0.0   0.0  258
 2.750  255.0  90  69  87  -1.563   0.0   0.0  260
 2.750  257.5  90  69  93  -1.563   0.0   0.0  262
 2.750  260.0  90  69  96  -1.563   0.0   0.0  265
 2.750  262.5  90  69  96  -1.563   0.0   0.0  267
 2.750  265.0  90  69  93  -1.563   0.0   0.0  268
 2.750  267.5  90  69  90  -1.563   0.0   0.0  272
 2.750  270.0  90  69  81  -1.563   0.0   0.0  271
 2.775  252.5  90  69  90  -1.563   0.0   0.0  257
 2.775  255.0  90  69  96  -1.563   0.0   0.0  258
 2.775  257.5  90  69  90  -1.563   0.0   0.0  259
 2.775  260.0  90  69  84  -1.563   0.0   0.0  264
 2.775  265.0  90  69  84  -1.563   0.0   0.0  266
 2.800  247.5  90  72  81   1.563   0.0   0.0  254
 2.800  250.0  90  72  90   1.563   0.0   0.0  255
 2.800  252.5  90  72  96  -1.563   0.0   0.0  257
 2.800  255.0  90  72  96  -1.563   0.0   0.0  259
 2.800  257.5  90  72  84  -1.563   0.0   0.0  261
 2.800  260.0  90  72  81  -1.563   0.0   0.0  264
 2.800  265.0  90  72  81  -1.563  30.0  30.0  269
 2.800  267.5  90  72  81  -1.563 330.0  30.0  272
 2.825  247.5  90  72  87  -1.563   0.0   0.0  253
 2.825  250.0  90  72  96  -1.563   0.0   0.0  254
 2.825  252.5  90  72  87  -1.563   0.0   0.0  254
 2.825  255.0  90  72  84   1.563   0.0   0.0  259
 2.825  257.5  90  72  81  -1.563  30.0  30.0  260
 2.850  245.0  90  69  81  -1.563   0.0   0.0  250
 2.850  247.5  90  69  87  -1.563   0.0   0.0  254
 2.850  250.0  90  69  96  -1.563   0.0   0.0  254
 2.850  252.5  90  69  84  -1.563   0.0   0.0  254
 2.850  255.0  90  69  78  -1.563   0.0   0.0  262
 2.850  257.5  90  69  87  -1.563   0.0   0.0  262
 2.850  260.0  90  69  84  -1.563 330.0  30.0  265
 2.850  262.5  90  69  78  -1.563   0.0   0.0  266
 2.850  267.5  90  69  78  -1.563   0.0   0.0  276
 2.875  247.5  90  69  90  -1.563   0.0   0.0  253
 2.875  250.0  90  69  93  -1.563   0.0   0.0  253
 2.875  252.5  90  69  84  -1.563   0.0   0.0  257
 2.875  255.0  90  69  87  -1.563   0.0   0.0  260
 2.875  257.5  90  69  84  -1.563   0.0   0.0  261
 2.875  260.0  90  69  78  -1.563   0.0   0.0  265
 2.875  475.0  90  69  78  -1.563   0.0   0.0  479
 2.875  250.0 -90  69  78  -1.563 210.0  30.0  253
 2.900  247.5  90  72  87  -1.563   0.0   0.0  253
 2.900  250.0  90  72  93  -1.563   0.0   0.0  254
 2.900  252.5  90  72  90  -1.563   0.0   0.0  257
 2.900  255.0  90  72  84  -1.563   0.0   0.0  259
 2.925  247.5  90  36  45  -1.563  90.0  30.0  256
 2.925  250.0  90  36  45   1.563 150.0  30.0  257
 2.925  252.5  90  36  45  -1.563 150.0  30.0  257
 2.975  480.0  90  36  45  -1.563   0.0   0.0  486
 3.000  230.0  90  36  45  -1.563   0.0   0.0  235
 3.025  230.0  90  36  48   1.563   0.0   0.0  234
 3.025  232.5  90  36  45  -1.563   0.0   0.0  236
 3.050  230.0  90  36  51  -1.563   0.0   0.0  236
 3.050  232.5  90  36  51  -1.563   0.0   0.0  236
 3.050  485.0  90  36  45   1.563   0.0   0.0  492
 3.050  490.0  90  36  48  -1.563   0.0   0.0  494
 3.050  115.0 -90  36  48  -1.563   0.0   0.0  122
 3.050  117.5 -90  36  48  -1.563  90.0  30.0  120
 3.075  230.0  90  39  48   1.563   0.0   0.0  236
 3.075  232.5  90  39  54   1.563   0.0   0.0  236
 3.075  492.5  90  39  48  -1.563  30.0  30.0  498
 3.075  115.0 -90  36  48  -1.563   0.0   0.0  121
 3.075  117.5 -90  36  48   1.563   0.0   0.0  121
 3.100   80.0  90  39  48  -4.688  30.0  30.0   91
 3.100  232.5  90  39  54   1.563   0.0   0.0  237
 3.100  487.5  90  39  51  -1.563 330.0  30.0  493
 3.100  490.0  90  39  48  -1.563   0.0   0.0  494
 3.100  492.5  90  39  48   1.563   0.0   0.0  497
 3.100   80.0 -90  39  51   1.563 270.0  30.0   87
 3.125  232.5  90  39  51   1.563   0.0   0.0  237
 3.125  235.0  90  39  54  -1.563   0.0   0.0  239
 3.125  492.5  90  39  51  -1.563   0.0   0.0  499
 3.125  107.5 -90  39  48  -4.688   0.0   0.0   93
 3.150  235.0  90  39  54   1.563   0.0   0.0  239
 3.150  237.5  90  39  51  -1.563   0.0   0.0  243
 3.150  492.5  90  39  51  -1.563   0.0   0.0  497
 3.150  495.0  90  39  48  -1.563  30.0  30.0  499
 3.150  117.5 -90  39  48  -1.563   0.0   0.0  123
 3.150  120.0 -90  39  48   1.563   0.0   0.0  121
 3.175  235.0  90  39  51  -1.563   0.0   0.0  239
 3.175  237.5  90  39  54  -1.563   0.0   0.0  242
 3.175  120.0 -90  39  54  -1.563   0.0   0.0  124
 3.175  122.5 -90  39  48   1.563  90.0  30.0  125
 3.200  237.5  90  39  51  -1.563   0.0   0.0  241
 3.200   80.0 -90  39  51  -1.563 270.0  30.0   85
 3.200  120.0 -90  39  57  -1.563   0.0   0.0  125
 3.200  122.5 -90  39  54  -1.563   0.0   0.0  126
 3.225   80.0  90  39  54  -1.563 210.0  30.0   73
 3.225  237.5  90  39  48  -1.563   0.0   0.0  243
 3.225  240.0  90  39  48  -1.563   0.0   0.0  245
 3.225  902.5  90  39  48   1.563 270.0  30.0  906
 3.225   80.0 -90  39  54  -1.563 270.0  30.0   78
 3.225  120.0 -90  39  54   1.563   0.0   0.0  126
 3.225  122.5 -90  39  57   1.563   0.0   0.0  126
 3.250   80.0  90  39  51   1.563 210.0  30.0   75
 3.250  240.0  90  39  48  -1.563   0.0   0.0  245
 3.250   80.0 -90  36  48   1.563 270.0  30.0   78
 3.250  120.0 -90  36  51  -1.563   0.0   0.0  126
 3.250  122.5 -90  36  54   1.563   0.0   0.0  127
 3.275  242.5  90  39  51  -1.563   0.0   0.0  247
 3.275  125.0 -90  36  51  -1.563   0.0   0.0  130
 3.275  127.5 -90  36  51   1.563   0.0   0.0  131
 3.300  242.5  90  39  54   1.563   0.0   0.0  248
 3.300  245.0  90  39  48   1.563   0.0   0.0  247
 3.300  497.5  90  39  48  -1.563   0.0   0.0  501
 3.300  500.0  90  39  51  -1.563   0.0   0.0  503
 3.300  900.0  90  39  48   1.563 270.0  30.0  903
 3.300  125.0 -90  36  45   1.563   0.0   0.0  125
 3.300  127.5 -90  36  54  -1.563   0.0   0.0  132
 3.300  130.0 -90  36  51  -1.563   0.0   0.0  134
 3.325   80.0  90  36  45   1.563 330.0  30.0   83
 3.325  242.5  90  36  51  -1.563   0.0   0.0  247
 3.325  245.0  90  36  57  -1.563   0.0   0.0  249
 3.325  497.5  90  36  45  -1.563   0.0   0.0  503
 3.325  500.0  90  36  51  -1.563   0.0   0.0  505
 3.325  502.5  90  36  45  -1.563   0.0   0.0  508
 3.325  900.0  90  36  54   1.563 270.0  30.0  904
 3.325  902.5  90  36  45   1.563 270.0  30.0  903
 3.325  127.5 -90  36  48  -1.563   0.0   0.0  132
 3.325  130.0 -90  36  51   1.563   0.0   0.0  135
 3.350   80.0  90  36  45  -1.563 210.0  30.0   80
 3.350  245.0  90  36  57  -1.563   0.0   0.0  250
 3.350  247.5  90  36  54  -1.563   0.0   0.0  251
 3.350  517.5  90  36  45  -1.563   0.0   0.0  521
 3.350  900.0  90  36  51   1.563 270.0  30.0  904
 3.350   80.0 -90  36  48   1.563 270.0  30.0   78
 3.350  130.0 -90  36  48  -1.563   0.0   0.0  135
 3.350  132.5 -90  36  48   1.563   0.0   0.0  134
 3.375  245.0  90  39  51   1.563   0.0   0.0  251
 3.375  247.5  90  39  60   1.563   0.0   0.0  252
 3.375  250.0  90  39  51  -1.563   0.0   0.0  253
 3.375  515.0  90  39  48   1.563   0.0   0.0  520
 3.375  900.0  90  39  48   1.563 270.0  30.0  904
 3.375  130.0 -90  36  45   1.563   0.0   0.0  133
 3.400   80.0  90  36  48  -1.563  30.0  30.0   72
 3.400   82.5  90  36  45  -1.563 210.0  30.0   70
 3.400  247.5  90  36  54  -1.563   0.0   0.0  253
 3.400  250.0  90  36  54  -1.563   0.0   0.0  254
 3.400  510.0  90  36  45  -1.563   0.0   0.0  516
 3.400  515.0  90  36  48  -1.563   0.0   0.0  520
 3.400  520.0  90  36  45   1.563   0.0   0.0  524
 3.400  522.5  90  36  48   1.563   0.0   0.0  528
 3.400  525.0  90  36  48  -1.563   0.0   0.0  529
 3.400   80.0 -90  36  45  -1.563 270.0  30.0   71
 3.400   82.5 -90  36  45  -1.563 270.0  30.0   97
 3.400  130.0 -90  36  45  -1.563   0.0   0.0  134
 3.400  132.5 -90  36  45  -1.563   0.0   0.0  137
 3.425  247.5  90  36  45   1.563   0.0   0.0  251
 3.425  250.0  90  36  54  -1.563   0.0   0.0  254
 3.425  252.5  90  36  51  -1.563   0.0   0.0  256
 3.425  522.5  90  36  45  -1.563   0.0   0.0  525
 3.425  525.0  90  36  48  -1.563   0.0   0.0  531
 3.425  527.5  90  36  48  -1.563   0.0   0.0  531
 3.425  147.5 -90  36  45  -1.563   0.0   0.0  152
 3.425  150.0 -90  36  45  -1.563   0.0   0.0  153
 3.450  250.0  90  36  45   1.563   0.0   0.0  257
 3.450  252.5  90  36  54  -1.563   0.0   0.0  257
 3.450  255.0  90  36  48   1.563   0.0   0.0  258
 3.450  520.0  90  36  45  -1.563   0.0   0.0  525
 3.450  522.5  90  36  45  -1.563  90.0  30.0  529
 3.450  525.0  90  36  45  -1.563   0.0   0.0  530
 3.450  152.5 -90  36  45   1.563 330.0  30.0  156
 3.475  252.5  90  36  51  -1.563   0.0   0.0  259
 3.475  255.0  90  36  54  -1.563   0.0   0.0  260
 3.475  257.5  90  36  48  -1.563   0.0   0.0  261
 3.500  255.0  90  36  51  -1.563   0.0   0.0  261
 3.500  257.5  90  36  54   1.563   0.0   0.0  262
 3.500  260.0  90  36  48  -1.563   0.0   0.0  264
 3.525  257.5  90  36  48  -1.563   0.0   0.0  263
 3.525  260.0  90  36  57  -1.563   0.0   0.0  264
 3.525  262.5  90  36  48   1.563   0.0   0.0  265
 3.550  260.0  90  36  54  -1.563   0.0   0.0  265
 3.550  262.5  90  36  54  -1.563   0.0   0.0  267
 3.550  265.0  90  36  45  -1.563   0.0   0.0  269
 3.575  262.5  90  36  54  -1.563   0.0   0.0  268
 3.575  265.0  90  36  54   1.563   0.0   0.0  269
 3.575  267.5  90  36  45   1.563   0.0   0.0  270
 3.600  262.5  90  36  45  -1.563   0.0   0.0  270
 3.600  265.0  90  36  51  -1.563   0.0   0.0  270
 3.600  267.5  90  36  54  -1.563   0.0   0.0  271
 3.600  270.0  90  36  48   1.563   0.0   0.0  274
 3.625  267.5  90  36  54  -1.563   0.0   0.0  273
 3.625  270.0  90  36  54   1.563   0.0   0.0  275
 3.625  272.5  90  36  45  -1.563   0.0   0.0  275
 3.625  537.5  90  36  45  -1.563   0.0   0.0  544
 3.650  270.0  90  36  51  -1.563   0.0   0.0  274
 3.650  272.5  90  36  48  -1.563   0.0   0.0  276
 3.650  540.0  90  36  45   1.563   0.0   0.0  545
 3.650  542.5  90  36  45   1.563  90.0  30.0  548
 3.675  270.0  90  36  45  -1.563   0.0   0.0  275
 3.675  542.5  90  36  45  -1.563   0.0   0.0  548
 3.700  277.5  90  33  45  -1.563   0.0   0.0  281
 3.725  277.5  90  36  48  -1.563   0.0   0.0  283
 3.725  280.0  90  36  45   1.563   0.0   0.0  284
 3.750  277.5  90  36  45   1.563   0.0   0.0  282
 3.750  280.0  90  36  45  -1.563   0.0   0.0  285
 3.775  282.5  90  36  48  -1.563   0.0   0.0  288
 3.800  282.5  90  33  45  -1.563   0.0   0.0  287
 3.800  285.0  90  33  48  -1.563   0.0   0.0  289
 3.825  285.0  90  33  48  -1.563   0.0   0.0  290
 3.825  287.5  90  33  48   1.563   0.0   0.0  292
 3.850  285.0  90  33  45  -1.563   0.0   0.0  291
 3.850  287.5  90  33  48  -1.563   0.0   0.0  291
 3.875  285.0  90  33  42  -1.563   0.0   0.0  290
 3.875  287.5  90  33  54  -1.563   0.0   0.0  292
 3.875  290.0  90  33  45  -1.563   0.0   0.0  293
 3.875  565.0  90  33  42  -1.563   0.0   0.0  570
 3.875  567.5  90  33  42  -1.563   0.0   0.0  570
 3.900  287.5  90  33  54   1.563   0.0   0.0  292
 3.900  290.0  90  33  42   1.563   0.0   0.0  293
 3.900  562.5  90  33  42   1.563   0.0   0.0  565
 3.900  567.5  90  33  42  -1.563 150.0  30.0  571
 3.925  287.5  90  33  54  -1.563   0.0   0.0  292
 3.925  290.0  90  33  45  -1.563   0.0   0.0  293
 3.925  560.0  90  33  42  -1.563   0.0   0.0  563
 3.925  562.5  90  33  42  -1.563  90.0  30.0  566
 3.950  287.5  90  33  51   1.563   0.0   0.0  292
 3.950  290.0  90  33  51   1.563   0.0   0.0  292
 3.950  295.0  90  33  42  -1.563   0.0   0.0  298
 3.950  572.5  90  33  42  -1.563   0.0   0.0  578
 3.950  262.5 -90  33  42  -1.563   0.0   0.0  267
 3.950  265.0 -90  33  45  -1.563   0.0   0.0  266
 3.975  285.0  90  33  42   1.563   0.0   0.0  290
 3.975  287.5  90  33  48   1.563   0.0   0.0  293
 3.975  290.0  90  33  51  -1.563   0.0   0.0  293
 3.975  570.0  90  33  42   1.563   0.0   0.0  574
 3.975  590.0  90  33  42  -1.563 150.0  30.0  593
 3.975  727.5  90  33  42   1.563 270.0  30.0  734
 4.000  287.5  90  33  45  -1.563   0.0   0.0  293
 4.000  290.0  90  33  48   1.563   0.0   0.0  293
 4.000  562.5  90  33  42   1.563   0.0   0.0  566
 4.025  287.5  90  33  48  -1.563   0.0   0.0  293
 4.025  290.0  90  33  48   1.563   0.0   0.0  293
 4.025  562.5  90  33  42   1.563   0.0   0.0  566
 4.025  580.0  90  33  42   1.563   0.0   0.0  584
 4.025  732.5  90  33  42   1.563 270.0  30.0  736
 4.025  735.0  90  33  45   1.563 270.0  30.0  739
 4.050  287.5  90  30  42   1.563   0.0   0.0  296
 4.050  290.0  90  30  45  -1.563   0.0   0.0  292
 4.050  572.5  90  30  42  -1.563   0.0   0.0  577
 4.050  577.5  90  30  39   1.563 150.0  30.0  582
 4.050  732.5  90  30  42  -1.563 270.0  30.0  738
 4.050  735.0  90  30  42   1.563 270.0  30.0  738
 4.050  737.5  90  30  39   1.563 270.0  30.0  741
 4.050  270.0 -90  30  42  -1.563   0.0   0.0  275
 4.050  272.5 -90  30  39  -1.563   0.0   0.0  273
 4.075  287.5  90  30  48  -1.563   0.0   0.0  292
 4.075  290.0  90  30  48  -1.563   0.0   0.0  293
 4.075  572.5  90  30  39   1.563   0.0   0.0  577
 4.075  575.0  90  30  45   1.563   0.0   0.0  578
 4.075  580.0  90  30  39  -1.563   0.0   0.0  580
 4.075  737.5  90  30  39  -1.563 270.0  30.0  741
 4.075  880.0  90  30  39  -1.563   0.0   0.0  884
 4.075  270.0 -90  30  42  -1.563   0.0   0.0  274
 4.075  272.5 -90  30  39   1.563   0.0   0.0  274
 4.100  287.5  90  33  51   1.563   0.0   0.0  292
 4.100  290.0  90  33  48  -1.563   0.0   0.0  293
 4.100  575.0  90  33  48   1.563   0.0   0.0  579
 4.100  577.5  90  33  42   1.563   0.0   0.0  580
 4.100  735.0  90  33  42   1.563 270.0  30.0  741
 4.100  737.5  90  33  45  -1.563 270.0  30.0  740
 4.100  270.0 -90  30  39   1.563   0.0   0.0  274
 4.125  287.5  90  33  51   1.563   0.0   0.0  292
 4.125  290.0  90  33  51  -1.563   0.0   0.0  293
 4.125  577.5  90  33  42   1.563   0.0   0.0  581
 4.125  582.5  90  33  42   1.563   0.0   0.0  587
 4.125  602.5  90  33  42   1.563   0.0   0.0  606
 4.125  735.0  90  33  45   1.563 270.0  30.0  740
 4.125  737.5  90  33  45  -1.563 270.0  30.0  740
 4.125  740.0  90  33  42  -1.563 270.0  30.0  744
 4.125  272.5 -90  30  39   1.563   0.0   0.0  279
 4.150  287.5  90  30  51   1.563   0.0   0.0  293
 4.150  290.0  90  30  48  -1.563   0.0   0.0  292
 4.150  575.0  90  30  39   1.563   0.0   0.0  580
 4.150  577.5  90  30  39  -1.563   0.0   0.0  582
 4.150  582.5  90  30  42   1.563   0.0   0.0  586
 4.150  740.0  90  30  39  -1.563 270.0  30.0  744
 4.150  272.5 -90  30  39  -1.563   0.0   0.0  276
 4.175  287.5  90  33  51   1.563   0.0   0.0  292
 4.175  290.0  90  33  45   1.563   0.0   0.0  292
 4.175  575.0  90  33  42   1.563   0.0   0.0  580
 4.175  605.0  90  33  42  -1.563   0.0   0.0  609
 4.175  280.0 -90  33  42  -1.563   0.0   0.0  284
 4.200  287.5  90  33  51   1.563   0.0   0.0  292
 4.200  290.0  90  33  45   1.563   0.0   0.0  291
 4.200  575.0  90  33  45  -1.563   0.0   0.0  580
 4.200  577.5  90  33  45  -1.563   0.0   0.0  581
 4.200  580.0  90  33  42   1.563   0.0   0.0  583
 4.200  582.5  90  33  42   1.563   0.0   0.0  588
 4.200  585.0  90  33  42   1.563   0.0   0.0  588
 4.225  287.5  90  30  51   1.563   0.0   0.0  292
 4.225  290.0  90  30  45   1.563   0.0   0.0  292
 4.225  575.0  90  30  42   1.563   0.0   0.0  580
 4.225  577.5  90  30  42  -1.563   0.0   0.0  581
 4.225  580.0  90  30  39   1.563   0.0   0.0  583
 4.225  585.0  90  30  42   1.563   0.0   0.0  589
 4.225  592.5  90  30  39   1.563   0.0   0.0  595
 4.225  595.0  90  30  39  -1.563   0.0   0.0  599
 4.225  280.0 -90  30  42   1.563   0.0   0.0  285
 4.250  285.0  90  33  42  -1.563   0.0   0.0  292
 4.250  287.5  90  33  54   1.563   0.0   0.0  292
 4.250  290.0  90  33  42   1.563   0.0   0.0  292
 4.250  575.0  90  33  45  -1.563   0.0   0.0  579
 4.250  585.0  90  33  42   1.563  90.0  30.0  590
 4.250  592.5  90  33  42   1.563   0.0   0.0  596
 4.250  610.0  90  33  42  -1.563   0.0   0.0  614
 4.250  740.0  90  33  45  -1.563 270.0  30.0  743
 4.250  277.5 -90  30  42  -1.563   0.0   0.0  283
 4.250  280.0 -90  30  48  -1.563   0.0   0.0  285
 4.250  287.5 -90  30  39   1.563   0.0   0.0  290
 4.275  285.0  90  33  45   1.563   0.0   0.0  291
 4.275  287.5  90  33  54  -1.563   0.0   0.0  291
 4.275  575.0  90  33  42  -1.563   0.0   0.0  579
 4.275  577.5  90  33  45   1.563   0.0   0.0  581
 4.275  580.0  90  33  45   1.563   0.0   0.0  583
 4.275  592.5  90  33  42   1.563  90.0  30.0  596
 4.275  740.0  90  33  48  -1.563 270.0  30.0  744
 4.275  742.5  90  33  42   1.563 270.0  30.0  745
 4.275  280.0 -90  33  51  -1.563   0.0   0.0  285
 4.275  282.5 -90  33  45  -1.563   0.0   0.0  286
 4.300  285.0  90  30  45   1.563   0.0   0.0  291
 4.300  287.5  90  30  51   1.563   0.0   0.0  291
 4.300  575.0  90  30  39  -1.563   0.0   0.0  577
 4.300  577.5  90  30  45   1.563   0.0   0.0  583
 4.300  580.0  90  30  48  -1.563   0.0   0.0  583
 4.300  582.5  90  30  42   1.563   0.0   0.0  586
 4.300  595.0  90  30  39   1.563   0.0   0.0  600
 4.300  740.0  90  30  45  -1.563 270.0  30.0  745
 4.300  742.5  90  30  48   1.563 270.0  30.0  746
 4.300  895.0  90  30  39   1.563   0.0   0.0  901
 4.300  280.0 -90  30  45  -1.563   0.0   0.0  286
 4.300  282.5 -90  30  48  -1.563   0.0   0.0  287
 4.300  285.0 -90  30  45  -1.563   0.0   0.0  289
 4.325  285.0  90  30  45   1.563   0.0   0.0  290
 4.325  287.5  90  30  51   1.563   0.0   0.0  291
 4.325  577.5  90  30  39   1.563   0.0   0.0  584
 4.325  580.0  90  30  39  -1.563   0.0   0.0  583
 4.325  582.5  90  30  42   1.563   0.0   0.0  586
 4.325  595.0  90  30  42   1.563   0.0   0.0  596
 4.325  740.0  90  30  45   1.563 270.0  30.0  745
 4.325  742.5  90  30  51   1.563 270.0  30.0  746
 4.325  282.5 -90  30  42  -1.563   0.0   0.0  290
 4.325  285.0 -90  30  48  -1.563   0.0   0.0  289
 4.350   80.0  90  33  45  -4.688 210.0  30.0   79
 4.350   82.5  90  33  42  -4.688  30.0  30.0   81
 4.350  285.0  90  33  51   1.563   0.0   0.0  291
 4.350  287.5  90  33  54   1.563   0.0   0.0  291
 4.350  575.0  90  33  42   1.563   0.0   0.0  578
 4.350  587.5  90  33  42   1.563   0.0   0.0  591
 4.350  590.0  90  33  42  -1.563   0.0   0.0  593
 4.350  592.5  90  33  42   1.563   0.0   0.0  598
 4.350  595.0  90  33  42   1.563   0.0   0.0  598
 4.350  740.0  90  33  45  -1.563 270.0  30.0  744
 4.350  742.5  90  33  45  -1.563 270.0  30.0  747
 4.350  745.0  90  33  45   1.563 270.0  30.0  748
 4.350   80.0 -90  33  48  -4.688 210.0  30.0   77
 4.350   82.5 -90  33  45  -4.688 210.0  30.0   78
 4.350   85.0 -90  33  42   4.688 150.0  30.0   84
 4.350  282.5 -90  33  42  -1.563   0.0   0.0  288
 4.350  285.0 -90  33  51  -1.563   0.0   0.0  289
 4.350  287.5 -90  33  45  -1.563   0.0   0.0  291
 4.375   80.0  90  33  51   4.688 210.0  30.0   66
 4.375   82.5  90  33  51  -4.688 210.0  30.0   96
 4.375   85.0  90  33  48  -4.688  30.0  30.0   96
 4.375   87.5  90  33  45  -4.688 330.0  30.0   94
 4.375   90.0  90  33  42  -1.563 330.0  30.0   99
 4.375  285.0  90  33  51   1.563   0.0   0.0  291
 4.375  287.5  90  33  54   1.563   0.0   0.0  291
 4.375  575.0  90  33  42   1.563   0.0   0.0  578
 4.375  580.0  90  33  42   1.563   0.0   0.0  584
 4.375  582.5  90  33  48  -1.563   0.0   0.0  586
 4.375  592.5  90  33  42   1.563  30.0  30.0  598
 4.375  740.0  90  33  45   1.563 270.0  30.0  744
 4.375  742.5  90  33  45   1.563 270.0  30.0  746
 4.375  745.0  90  33  45   1.563 270.0  30.0  748
 4.375   80.0 -90  33  51  -4.688 270.0  30.0   66
 4.375   82.5 -90  33  51  -4.688 210.0  30.0   95
 4.375   85.0 -90  33  48  -4.688 210.0  30.0   96
 4.375   87.5 -90  33  42  -4.688 150.0  30.0   97
 4.375  285.0 -90  33  48  -1.563   0.0   0.0  291
 4.375  287.5 -90  33  54  -1.563   0.0   0.0  292
 4.375  290.0 -90  33  45   1.563   0.0   0.0  294
 4.400   80.0  90  33  51   4.688 210.0  30.0   81
 4.400   82.5  90  33  48   1.563 330.0  30.0   85
 4.400   85.0  90  33  48  -1.563 210.0  30.0   80
 4.400   87.5  90  33  42   1.563 150.0  30.0   90
 4.400  285.0  90  33  51   1.563   0.0   0.0  290
 4.400  287.5  90  33  51   1.563   0.0   0.0  291
 4.400  577.5  90  33  45   1.563   0.0   0.0  581
 4.400  580.0  90  33  45   1.563   0.0   0.0  583
 4.400  582.5  90  33  45   1.563   0.0   0.0  585
 4.400  595.0  90  33  42   1.563  90.0  30.0  599
 4.400  597.5  90  33  42   1.563  90.0  30.0  601
 4.400  745.0  90  33  45   1.563 270.0  30.0  748
 4.400   80.0 -90  30  45   1.563 150.0  30.0   86
 4.400   82.5 -90  30  51  -1.563 150.0  30.0   93
 4.400   85.0 -90  30  45   1.563 210.0  30.0   89
 4.400   87.5 -90  30  39  -4.688 150.0  30.0   85
 4.400  287.5 -90  30  48  -1.563   0.0   0.0  293
 4.400  290.0 -90  30  45  -1.563   0.0   0.0  294
 4.425   80.0  90  33  48   1.563 210.0  30.0   83
 4.425   82.5  90  33  45  -4.688 210.0  30.0   80
 4.425   85.0  90  33  45   4.688 150.0  30.0   85
 4.425  285.0  90  33  51   1.563   0.0   0.0  290
 4.425  287.5  90  33  48   1.563   0.0   0.0  291
 4.425  577.5  90  33  45   1.563   0.0   0.0  580
 4.425  580.0  90  33  42   1.563   0.0   0.0  585
 4.425  742.5  90  33  48   1.563 270.0  30.0  747
 4.425  745.0  90  33  48   1.563 270.0  30.0  747
 4.425   80.0 -90  30  51  -4.688 270.0  30.0   70
 4.425   82.5 -90  30  45   4.688 210.0  30.0   79
 4.425   85.0 -90  30  42  -1.563 210.0  30.0   87
 4.425  287.5 -90  30  45  -1.563   0.0   0.0  292
 4.425  290.0 -90  30  48  -1.563   0.0   0.0  294
 4.450  285.0  90  33  48   1.563   0.0   0.0  290
 4.450  287.5  90  33  45   1.563   0.0   0.0  289
 4.450  575.0  90  33  45   1.563   0.0   0.0  579
 4.450  577.5  90  33  42   1.563   0.0   0.0  581
 4.450  742.5  90  33  51   1.563 270.0  30.0  747
 4.450  745.0  90  33  48   1.563 270.0  30.0  748
 4.450  290.0 -90  30  42   1.563   0.0   0.0  295
 4.475  285.0  90  33  48  -1.563   0.0   0.0  290
 4.475  287.5  90  33  45   1.563   0.0   0.0  290
 4.475  575.0  90  33  42  -1.563   0.0   0.0  579
 4.475  577.5  90  33  42   1.563   0.0   0.0  581
 4.475  580.0  90  33  45   1.563   0.0   0.0  585
 4.475  582.5  90  33  42   1.563   0.0   0.0  585
 4.475  585.0  90  33  42   1.563   0.0   0.0  591
 4.475  742.5  90  33  48   1.563 270.0  30.0  748
 4.475  745.0  90  33  42   1.563 270.0  30.0  746
 4.475  747.5  90  33  45   1.563 270.0  30.0  751
 4.475  290.0 -90  30  39   1.563   0.0   0.0  298
 4.475  292.5 -90  30  45  -1.563   0.0   0.0  296
 4.475  297.5 -90  30  39   1.563   0.0   0.0  300
 4.500  285.0  90  33  48   1.563   0.0   0.0  290
 4.500  287.5  90  33  48   1.563   0.0   0.0  290
 4.500  577.5  90  33  42   1.563   0.0   0.0  583
 4.500  580.0  90  33  48   1.563   0.0   0.0  584
 4.500  742.5  90  33  45   1.563 270.0  30.0  746
 4.500  745.0  90  33  45  -1.563 270.0  30.0  749
 4.500  747.5  90  33  45   1.563 270.0  30.0  751
 4.500  750.0  90  33  45   1.563 270.0  30.0  754
 4.500  295.0 -90  33  48  -1.563   0.0   0.0  300
 4.525  285.0  90  33  48   1.563   0.0   0.0  289
 4.525  287.5  90  33  45   1.563   0.0   0.0  290
 4.525  580.0  90  33  45   1.563   0.0   0.0  583
 4.525  590.0  90  33  42   1.563   0.0   0.0  594
 4.525  595.0  90  33  42   1.563   0.0   0.0  599
 4.525  745.0  90  33  45   1.563 270.0  30.0  749
 4.525  747.5  90  33  45  -1.563 270.0  30.0  751
 4.525  750.0  90  33  45   1.563 270.0  30.0  753
 4.525  295.0 -90  30  48  -1.563   0.0   0.0  299
 4.525  297.5 -90  30  45  -1.563   0.0   0.0  302
 4.550  285.0  90  30  48   1.563   0.0   0.0  290
 4.550  287.5  90  30  45   1.563   0.0   0.0  291
 4.550  575.0  90  30  42   1.563   0.0   0.0  580
 4.550  582.5  90  30  39   1.563   0.0   0.0  586
 4.550  585.0  90  30  39   1.563   0.0   0.0  588
 4.550  590.0  90  30  39   1.563   0.0   0.0  593
 4.550  592.5  90  30  39   1.563   0.0   0.0  598
 4.550  740.0  90  30  39  -1.563 270.0  30.0  748
 4.550  742.5  90  30  42   1.563 270.0  30.0  746
 4.550  745.0  90  30  51   1.563 270.0  30.0  749
 4.550  747.5  90  30  45   1.563 270.0  30.0  753
 4.550  750.0  90  30  45  -1.563 270.0  30.0  752
 4.550  295.0 -90  30  42  -1.563   0.0   0.0  299
 4.575  285.0  90  30  48   1.563   0.0   0.0  290
 4.575  287.5  90  30  45   1.563   0.0   0.0  291
 4.575  575.0  90  30  39   1.563   0.0   0.0  578
 4.575  582.5  90  30  39   1.563   0.0   0.0  587
 4.575  742.5  90  30  42  -1.563 270.0  30.0  748
 4.575  745.0  90  30  51   1.563 270.0  30.0  749
 4.575  747.5  90  30  51   1.563 270.0  30.0  751
 4.575  750.0  90  30  45   1.563 270.0  30.0  753
 4.575  297.5 -90  30  42  -1.563   0.0   0.0  301
 4.600  285.0  90  30  48  -1.563   0.0   0.0  291
 4.600  287.5  90  30  48  -1.563   0.0   0.0  290
 4.600  575.0  90  30  42  -1.563   0.0   0.0  579
 4.600  577.5  90  30  39   1.563   0.0   0.0  582
 4.600  582.5  90  30  39   1.563   0.0   0.0  586
 4.600  595.0  90  30  39  -1.563   0.0   0.0  602
 4.600  745.0  90  30  51   1.563 270.0  30.0  750
 4.600  747.5  90  30  54   1.563 270.0  30.0  750
 4.600  297.5 -90  30  42   1.563   0.0   0.0  303
 4.625  285.0  90  30  45   1.563   0.0   0.0  291
 4.625  287.5  90  30  48   1.563   0.0   0.0  291
 4.625  575.0  90  30  39  -1.563   0.0   0.0  579
 4.625  595.0  90  30  42  -1.563   0.0   0.0  599
 4.625  745.0  90  30  48   1.563 270.0  30.0  750
 4.625  747.5  90  30  51   1.563 270.0  30.0  751
 4.625  297.5 -90  30  42  -1.563   0.0   0.0  304
 4.625  300.0 -90  30  45  -1.563   0.0   0.0  304
 4.625  302.5 -90  30  39  -1.563   0.0   0.0  304
 4.650  285.0  90  30  45   1.563   0.0   0.0  291
 4.650  287.5  90  30  45   1.563   0.0   0.0  290
 4.650  575.0  90  30  39   1.563   0.0   0.0  579
 4.650  582.5  90  30  39   1.563   0.0   0.0  585
 4.650  747.5  90  30  48  -1.563 270.0  30.0  751
 4.650  300.0 -90  30  39   1.563   0.0   0.0  306
 4.675  285.0  90  33  45  -1.563   0.0   0.0  290
 4.675  287.5  90  33  48   1.563   0.0   0.0  290
 4.675  747.5  90  33  45   1.563 270.0  30.0  751
 4.675  300.0 -90  30  42  -1.563   0.0   0.0  305
 4.700  285.0  90  33  45  -1.563   0.0   0.0  290
 4.700  287.5  90  33  51   1.563   0.0   0.0  291
 4.700  577.5  90  33  48   1.563   0.0   0.0  581
 4.700  580.0  90  33  45   1.563   0.0   0.0  583
 4.700  585.0  90  33  42  -1.563   0.0   0.0  589
 4.700  587.5  90  33  45   1.563   0.0   0.0  591
 4.700  747.5  90  33  42   1.563 270.0  30.0  749
 4.700  955.0  90  33  42   1.563 270.0  30.0  958
 4.700  300.0 -90  33  45   1.563   0.0   0.0  305
 4.700  302.5 -90  33  48  -1.563   0.0   0.0  306
 4.725  287.5  90  33  48   1.563   0.0   0.0  291
 4.725  577.5  90  33  51   1.563   0.0   0.0  581
 4.725  592.5  90  33  42   1.563   0.0   0.0  597
 4.725  300.0 -90  33  42  -1.563   0.0   0.0  307
 4.725  302.5 -90  33  48   1.563   0.0   0.0  306
 4.725  305.0 -90  33  42   1.563   0.0   0.0  309
 4.750  287.5  90  33  48   1.563   0.0   0.0  292
 4.750  577.5  90  33  48   1.563   0.0   0.0  582
 4.750  580.0  90  33  42   1.563   0.0   0.0  583
 4.750  590.0  90  33  42  -1.563   0.0   0.0  594
 4.750  302.5 -90  30  42   1.563   0.0   0.0  308
 4.775  287.5  90  33  45   1.563   0.0   0.0  291
 4.775  577.5  90  33  45   1.563   0.0   0.0  583
 4.775  580.0  90  33  42   1.563   0.0   0.0  582
 4.775  302.5 -90  30  45  -1.563   0.0   0.0  308
 4.775  305.0 -90  30  45  -1.563   0.0   0.0  309
 4.800  287.5  90  33  48   1.563   0.0   0.0  292
 4.800  290.0  90  33  42   1.563   0.0   0.0  291
 4.800  577.5  90  33  42  -1.563   0.0   0.0  582
 4.800  600.0  90  33  42  -1.563   0.0   0.0  604
 4.800  737.5  90  33  42   1.563 270.0  30.0  740
 4.800  302.5 -90  33  48  -1.563   0.0   0.0  307
 4.800  305.0 -90  33  51  -1.563   0.0   0.0  308
 4.825  287.5  90  36  48   1.563   0.0   0.0  292
 4.825  290.0  90  36  48  -1.563   0.0   0.0  293
 4.825  580.0  90  36  45  -1.563   0.0   0.0  583
 4.825  302.5 -90  33  45   1.563   0.0   0.0  308
 4.825  305.0 -90  33  48   1.563   0.0   0.0  308
 4.850  287.5  90  33  48  -1.563   0.0   0.0  293
 4.850  290.0  90  33  48   1.563   0.0   0.0  293
 4.850  580.0  90  33  42   1.563   0.0   0.0  585
 4.850  592.5  90  33  42   1.563   0.0   0.0  596
 4.850  740.0  90  33  48   1.563 270.0  30.0  743
 4.850  302.5 -90  33  42  -1.563   0.0   0.0  309
 4.850  305.0 -90  33  48   1.563   0.0   0.0  308
 4.875  287.5  90  33  48   1.563   0.0   0.0  294
 4.875  290.0  90  33  51  -1.563   0.0   0.0  294
 4.875  737.5  90  33  42   1.563 270.0  30.0  744
 4.875  740.0  90  33  51   1.563 270.0  30.0  744
 4.875  305.0 -90  33  48   1.563   0.0   0.0  309
 4.875  307.5 -90  33  45  -1.563   0.0   0.0  312
 4.900  287.5  90  33  42   1.563   0.0   0.0  294
 4.900  290.0  90  33  48  -1.563   0.0   0.0  293
 4.900  582.5  90  33  42   1.563   0.0   0.0  586
 4.900  740.0  90  33  48   1.563 270.0  30.0  743
 4.900  305.0 -90  33  45  -1.563   0.0   0.0  309
 4.925  290.0  90  33  51   1.563   0.0   0.0  292
 4.925  582.5  90  33  45   1.563   0.0   0.0  585
 4.925  585.0  90  33  42   1.563   0.0   0.0  585
 4.925  740.0  90  33  48   1.563 270.0  30.0  741
 4.925  305.0 -90  33  45  -1.563   0.0   0.0  307
 4.950  290.0  90  36  51   1.563   0.0   0.0  294
 4.950  605.0  90  36  45   1.563   0.0   0.0  609
 4.950  740.0  90  36  51   1.563 270.0  30.0  745
 4.950  742.5  90  36  45   1.563 270.0  30.0  745
 4.950  305.0 -90  36  51  -1.563   0.0   0.0  310
 4.975  290.0  90  36  51  -1.563   0.0   0.0  275
 4.975  292.5  90  36  45  -1.563   0.0   0.0  288
 4.975  602.5  90  36  45   1.563   0.0   0.0  615
 4.975  607.5  90  36  45   1.563   0.0   0.0  618
 4.975  305.0 -90  36  51  -1.563   0.0   0.0  307
 4.975  307.5 -90  36  48   1.563   0.0   0.0  312
 5.025  290.0  90  33  48   1.563   0.0   0.0  296
 5.025  292.5  90  33  48   1.563   0.0   0.0  296
 5.025  305.0 -90  33  48   1.563   0.0   0.0  310
 5.025  307.5 -90  33  42   1.563   0.0   0.0  308
 5.025  617.5 -90  33  42   1.563   0.0   0.0  622
 5.025  620.0 -90  33  42   1.563   0.0   0.0  625
 5.050  290.0  90  33  45  -1.563   0.0   0.0  295
 5.050  292.5  90  33  48   1.563   0.0   0.0  296
 5.050  515.0  90  33  45   1.563  90.0  30.0  520
 5.050  740.0  90  33  48   1.563 270.0  30.0  744
 5.050  742.5  90  33  42   1.563 330.0  30.0  738
 5.050  957.5  90  33  42   1.563 210.0  30.0  961
 5.050  305.0 -90  33  48   1.563   0.0   0.0  309
 5.050  307.5 -90  33  42  -1.563   0.0   0.0  311
 5.050  617.5 -90  33  42  -1.563   0.0   0.0  623
 5.050  620.0 -90  33  42   1.563   0.0   0.0  623
 5.075  290.0  90  33  42   1.563   0.0   0.0  295
 5.075  292.5  90  33  51  -1.563   0.0   0.0  295
 5.075  295.0  90  33  42   1.563   0.0   0.0  295
 5.075  515.0  90  33  45   1.563 270.0  30.0  516
 5.075  572.5  90  33  42   1.563 270.0  30.0  575
 5.075  605.0  90  33  42   1.563   0.0   0.0  608
 5.075  740.0  90  33  48   1.563 270.0  30.0  742
 5.075  742.5  90  33  42   1.563 210.0  30.0  743
 5.075  305.0 -90  33  51   1.563   0.0   0.0  308
 5.075  307.5 -90  33  45  -1.563   0.0   0.0  309
 5.100  292.5  90  36  54   1.563   0.0   0.0  297
 5.100  295.0  90  36  48   1.563   0.0   0.0  297
 5.100  515.0  90  36  48   1.563 150.0  30.0  516
 5.100  572.5  90  36  48   1.563 270.0  30.0  575
 5.100  587.5  90  36  45  -1.563   0.0   0.0  591
 5.100  590.0  90  36  45  -1.563   0.0   0.0  594
 5.100  607.5  90  36  45  -1.563   0.0   0.0  610
 5.100  610.0  90  36  45  -1.563 330.0  30.0  614
 5.100  740.0  90  36  51   1.563 270.0  30.0  744
 5.100  305.0 -90  36  54  -1.563   0.0   0.0  309
 5.100  307.5 -90  36  51  -1.563   0.0   0.0  311
 5.125  292.5  90  36  54   1.563   0.0   0.0  299
 5.125  295.0  90  36  48   1.563   0.0   0.0  299
 5.125  515.0  90  36  48   1.563 270.0  30.0  521
 5.125  572.5  90  36  45   1.563 270.0  30.0  574
 5.125  592.5  90  36  45   1.563   0.0   0.0  598
 5.125  740.0  90  36  48   1.563 210.0  30.0  745
 5.125  960.0  90  36  45   1.563 270.0  30.0  963
 5.125  305.0 -90  36  54  -1.563   0.0   0.0  311
 5.125  307.5 -90  36  51   1.563   0.0   0.0  312
 5.150  292.5  90  36  51  -1.563   0.0   0.0  297
 5.150  295.0  90  36  51   1.563   0.0   0.0  298
 5.150  515.0  90  36  48   1.563   0.0   0.0  519
 5.150  570.0  90  36  45   1.563 270.0  30.0  576
 5.150  572.5  90  36  48   1.563 270.0  30.0  575
 5.150  590.0  90  36  48   1.563   0.0   0.0  595
 5.150  592.5  90  36  45   1.563   0.0   0.0  595
 5.150  740.0  90  36  48   1.563 270.0  30.0  743
 5.150  742.5  90  36  45  -1.563 270.0  30.0  744
 5.150  305.0 -90  36  54  -1.563   0.0   0.0  310
 5.150  307.5 -90  36  48  -1.563   0.0   0.0  310
 5.175  292.5  90  36  48   1.563   0.0   0.0  298
 5.175  295.0  90  36  51   1.563   0.0   0.0  299
 5.175  515.0  90  36  48   1.563   0.0   0.0  519
 5.175  570.0  90  36  48   1.563 270.0  30.0  573
 5.175  572.5  90  36  48   1.563  90.0  30.0  573
 5.175  590.0  90  36  48   1.563   0.0   0.0  595
 5.175  740.0  90  36  48   1.563 270.0  30.0  743
 5.175  305.0 -90  33  51  -1.563   0.0   0.0  310
 5.175  307.5 -90  33  51   1.563   0.0   0.0  311
 5.200  292.5  90  36  45  -1.563   0.0   0.0  298
 5.200  295.0  90  36  51   1.563   0.0   0.0  299
 5.200  515.0  90  36  45   1.563 270.0  30.0  517
 5.200  570.0  90  36  51   1.563 270.0  30.0  573
 5.200  572.5  90  36  45   1.563 270.0  30.0  573
 5.200  305.0 -90  33  51  -1.563   0.0   0.0  310
 5.200  307.5 -90  33  45   1.563   0.0   0.0  311
 5.225  295.0  90  36  54   1.563   0.0   0.0  299
 5.225  297.5  90  36  45  -1.563   0.0   0.0  301
 5.225  515.0  90  36  48   1.563   0.0   0.0  518
 5.225  570.0  90  36  48   1.563 270.0  30.0  573
 5.225  305.0 -90  33  51   1.563   0.0   0.0  309
 5.225  307.5 -90  33  48   1.563   0.0   0.0  310
 5.225  617.5 -90  33  42   1.563   0.0   0.0  623
 5.250  295.0  90  33  51   1.563   0.0   0.0  300
 5.250  297.5  90  33  48  -1.563   0.0   0.0  301
 5.250  515.0  90  33  45   1.563  30.0  30.0  519
 5.250  567.5  90  33  42   1.563  90.0  30.0  574
 5.250  570.0  90  33  51   1.563 270.0  30.0  574
 5.250  740.0  90  33  42   1.563 210.0  30.0  742
 5.250  305.0 -90  33  51   1.563   0.0   0.0  310
 5.250  307.5 -90  33  48   1.563   0.0   0.0  310
 5.275  295.0  90  36  51   1.563   0.0   0.0  301
 5.275  297.5  90  36  51  -1.563   0.0   0.0  300
 5.275  570.0  90  36  54   1.563 270.0  30.0  573
 5.275  305.0 -90  33  51  -1.563   0.0   0.0  310
 5.275  307.5 -90  33  48  -1.563   0.0   0.0  309
 5.275  617.5 -90  33  42   1.563   0.0   0.0  624
 5.275  620.0 -90  33  42  -1.563   0.0   0.0  624
 5.300  295.0  90  36  51   1.563   0.0   0.0  300
 5.300  297.5  90  36  54   1.563   0.0   0.0  301
 5.300  567.5  90  36  51   1.563 270.0  30.0  572
 5.300  570.0  90  36  54   1.563 150.0  30.0  572
 5.300  305.0 -90  36  54   1.563   0.0   0.0  310
 5.300  307.5 -90  36  48   1.563   0.0   0.0  310
 5.300  620.0 -90  36  45   1.563   0.0   0.0  624
 5.325  295.0  90  36  48  -1.563   0.0   0.0  300
 5.325  297.5  90  36  57   1.563   0.0   0.0  302
 5.325  567.5  90  36  54   1.563 270.0  30.0  571
 5.325  570.0  90  36  57   1.563 270.0  30.0  573
 5.325  597.5  90  36  45   1.563   0.0   0.0  599
 5.325  602.5  90  36  45   1.563   0.0   0.0  608
 5.325  615.0  90  36  45   1.563   0.0   0.0  619
 5.325  305.0 -90  36  54   1.563   0.0   0.0  311
 5.325  307.5 -90  36  48  -1.563   0.0   0.0  310
 5.350  297.5  90  36  54   1.563   0.0   0.0  302
 5.350  300.0  90  36  48   1.563   0.0   0.0  303
 5.350  567.5  90  36  57   1.563 270.0  30.0  571
 5.350  570.0  90  36  57   1.563 270.0  30.0  572
 5.350  597.5  90  36  45   1.563   0.0   0.0  601
 5.350  305.0 -90  36  51   1.563   0.0   0.0  310
 5.350  307.5 -90  36  51   1.563   0.0   0.0  310
 5.375  297.5  90  36  54  -1.563   0.0   0.0  303
 5.375  300.0  90  36  51  -1.563   0.0   0.0  303
 5.375  515.0  90  36  45   1.563   0.0   0.0  516
 5.375  567.5  90  36  60   1.563 270.0  30.0  572
 5.375  570.0  90  36  54   1.563 270.0  30.0  573
 5.375  305.0 -90  36  51   1.563   0.0   0.0  311
 5.375  307.5 -90  36  51  -1.563   0.0   0.0  310
 5.400  297.5  90  36  51   1.563   0.0   0.0  302
 5.400  300.0  90  36  54  -1.563   0.0   0.0  303
 5.400  515.0  90  36  48   1.563 270.0  30.0  517
 5.400  567.5  90  36  54   1.563 270.0  30.0  570
 5.400  305.0 -90  36  51  -1.563   0.0   0.0  311
 5.400  307.5 -90  36  51  -1.563   0.0   0.0  310
 5.425  297.5  90  36  45   1.563   0.0   0.0  301
 5.425  300.0  90  36  54   1.563   0.0   0.0  302
 5.425  515.0  90  36  48   1.563   0.0   0.0  515
 5.425  565.0  90  36  45   1.563   0.0   0.0  567
 5.425  567.5  90  36  45   1.563 270.0  30.0  572
 5.425  570.0  90  36  48   1.563 270.0  30.0  570
 5.425  305.0 -90  36  51   1.563   0.0   0.0  309
 5.425  307.5 -90  36  51  -1.563   0.0   0.0  309
 5.450  300.0  90  36  57  -1.563   0.0   0.0  304
 5.450  302.5  90  36  48   1.563   0.0   0.0  305
 5.450  515.0  90  36  51   1.563   0.0   0.0  518
 5.450  565.0  90  36  51   1.563 270.0  30.0  568
 5.450  567.5  90  36  51   1.563 150.0  30.0  571
 5.450  570.0  90  36  45   1.563 270.0  30.0  573
 5.450  600.0  90  36  45   1.563   0.0   0.0  604
 5.450  305.0 -90  36  51  -1.563   0.0   0.0  311
 5.450  307.5 -90  36  54  -1.563   0.0   0.0  310
 5.450  617.5 -90  36  45   1.563   0.0   0.0  623
 5.450  620.0 -90  36  45   1.563   0.0   0.0  623
 5.450  767.5 -90  36  45   1.563 270.0  30.0  773
 5.450  770.0 -90  36  45   1.563 270.0  30.0  773
 5.475  300.0  90  39  57   1.563   0.0   0.0  306
 5.475  302.5  90  39  54   1.563   0.0   0.0  306
 5.475  515.0  90  39  51   1.563 270.0  30.0  516
 5.475  565.0  90  39  57   1.563 270.0  30.0  570
 5.475  567.5  90  39  54   1.563 270.0  30.0  570
 5.475  305.0 -90  36  48   1.563   0.0   0.0  312
 5.475  307.5 -90  36  54   1.563   0.0   0.0  312
 5.500  300.0  90  36  54  -1.563   0.0   0.0  305
 5.500  302.5  90  36  54  -1.563   0.0   0.0  306
 5.500  515.0  90  36  48   1.563 270.0  30.0  517
 5.500  565.0  90  36  60   1.563 270.0  30.0  569
 5.500  567.5  90  36  60   1.563 270.0  30.0  569
 5.500  570.0  90  36  45   1.563   0.0   0.0  576
 5.500  602.5  90  36  45   1.563   0.0   0.0  606
 5.500  305.0 -90  36  48  -1.563   0.0   0.0  311
 5.500  307.5 -90  36  54   1.563   0.0   0.0  311
 5.525  300.0  90  72  84   1.563   0.0   0.0  306
 5.525  302.5  90  72  90   1.563   0.0   0.0  306
 5.525  515.0  90  72  81   1.563 150.0  30.0  518
 5.525  565.0  90  72  99   1.563 270.0  30.0  570
 5.525  567.5  90  72  99   1.563 270.0  30.0  570
 5.525  602.5  90  72  81   1.563   0.0   0.0  609
 5.525  605.0  90  72  84   1.563   0.0   0.0  609
 5.525  970.0  90  72  84   1.563 270.0  30.0  970
 5.525  305.0 -90  72  84   1.563   0.0   0.0  312
 5.525  307.5 -90  72  93   1.563   0.0   0.0  312
 5.525  575.0 -90  72  81   1.563 270.0  30.0  583
 5.525  577.5 -90  72  84   1.563   0.0   0.0  581
 5.550  302.5  90  72  90  -1.563   0.0   0.0  307
 5.550  305.0  90  72  84  -1.563   0.0   0.0  307
 5.550  515.0  90  72  81   1.563  30.0  30.0  520
 5.550  562.5  90  72  81   1.563   0.0   0.0  569
 5.550  565.0  90  72  96   1.563 270.0  30.0  568
 5.550  567.5  90  72  93   1.563 270.0  30.0  569
 5.550  605.0  90  72  84   1.563   0.0   0.0  609
 5.550  970.0  90  72  84   1.563 270.0  30.0  972
 5.550  305.0 -90  72  84  -1.563   0.0   0.0  312
 5.550  307.5 -90  72  93   1.563   0.0   0.0  311
 5.550  575.0 -90  72  81   1.563   0.0   0.0  582
 5.550  577.5 -90  72  84   1.563 270.0  30.0  580
 5.575  302.5  90  72  90   1.563   0.0   0.0  306
 5.575  305.0  90  72  87  -1.563   0.0   0.0  306
 5.575  562.5  90  72  84   1.563   0.0   0.0  564
 5.575  565.0  90  72  90   1.563   0.0   0.0  564
 5.575  567.5  90  72  87   1.563   0.0   0.0  569
 5.575  605.0  90  72  81   1.563   0.0   0.0  607
 5.575  607.5  90  72  84   1.563   0.0   0.0  608
 5.575  970.0  90  72  81   1.563 270.0  30.0  970
 5.575  972.5  90  72  81   1.563 210.0  30.0  972
 5.575  305.0 -90  72  84   1.563   0.0   0.0  310
 5.575  307.5 -90  72  96   1.563   0.0   0.0  310
 5.575  310.0 -90  72  81  -1.563   0.0   0.0  311
 5.575  575.0 -90  72  84   1.563   0.0   0.0  576
 5.575  577.5 -90  72  84   1.563   0.0   0.0  577
 5.600  302.5  90  75  87   1.563   0.0   0.0  309
 5.600  305.0  90  75  90   1.563   0.0   0.0  309
 5.600  565.0  90  75  93   1.563 270.0  30.0  567
 5.600  567.5  90  75  90   1.563   0.0   0.0  570
 5.600  305.0 -90  72  81   1.563   0.0   0.0  311
 5.600  307.5 -90  72  96   1.563   0.0   0.0  312
 5.600  310.0 -90  72  84  -1.563   0.0   0.0  312
 5.600  575.0 -90  72  87   1.563 270.0  30.0  579
 5.600  577.5 -90  72  84   1.563 150.0  30.0  579
 5.625  305.0  90  72  90  -1.563   0.0   0.0  311
 5.625  562.5  90  72  81   1.563 270.0  30.0  567
 5.625  567.5  90  72  90   1.563 270.0  30.0  571
 5.625  610.0  90  72  81   1.563   0.0   0.0  615
 5.625  305.0 -90  72  81  -1.563   0.0   0.0  313
 5.625  307.5 -90  72  96  -1.563   0.0   0.0  313
 5.625  310.0 -90  72  87   1.563   0.0   0.0  314
 5.625  575.0 -90  72  87   1.563 270.0  30.0  579
 5.625  620.0 -90  72  84   1.563   0.0   0.0  624
 5.650  305.0  90  72  90  -1.563   0.0   0.0  310
 5.650  307.5  90  72  81  -1.563   0.0   0.0  309
 5.650  562.5  90  72  81   1.563 330.0  30.0  551
 5.650  565.0  90  72  90   1.563   0.0   0.0  568
 5.650  567.5  90  72  90   1.563 270.0  30.0  570
 5.650  610.0  90  72  81   1.563   0.0   0.0  613
 5.650  305.0 -90  72  81  -1.563   0.0   0.0  312
 5.650  307.5 -90  72  93   1.563   0.0   0.0  312
 5.650  310.0 -90  72  87  -1.563   0.0   0.0  311
 5.650  572.5 -90  72  81   1.563   0.0   0.0  575
 5.650  575.0 -90  72  87   1.563 270.0  30.0  577
 5.650  620.0 -90  72  81   1.563   0.0   0.0  624
 5.675  305.0  90  75  87   1.563   0.0   0.0  311
 5.675  307.5  90  75  87  -1.563   0.0   0.0  311
 5.675  317.5  90  75  84   1.563 270.0  30.0  321
 5.675  342.5  90  75  87  -1.563 270.0  30.0  340
 5.675  350.0  90  75  84   1.563   0.0   0.0  355
 5.675  352.5  90  75  84  -1.563 270.0  30.0  343
 5.675  397.5  90  75  84  -1.563 270.0  30.0  400
 5.675  407.5  90  75  84  -4.688 270.0  30.0  402
 5.675  565.0  90  75  90   1.563   0.0   0.0  566
 5.675  567.5  90  75  87   1.563  90.0  30.0  570
 5.675  307.5 -90  75  93  -1.563   0.0   0.0  311
 5.675  310.0 -90  75  87   1.563   0.0   0.0  311
 5.675  425.0 -90  75  84  -4.688   0.0   0.0  422
 5.675  435.0 -90  75  84  -4.688   0.0   0.0  436
 5.675  575.0 -90  75  84   1.563   0.0   0.0  574
 5.675  745.0 -90  75  84   4.688   0.0   0.0  757
 5.675  892.5 -90  75  84  -1.563   0.0   0.0  897
 5.700  305.0  90  75  84  -1.563   0.0   0.0  311
 5.700  307.5  90  75  90   1.563   0.0   0.0  311
 5.700  562.5  90  75  84   1.563   0.0   0.0  570
 5.700  307.5 -90  72  93  -1.563   0.0   0.0  313
 5.700  310.0 -90  72  87  -1.563   0.0   0.0  313
 5.700  572.5 -90  72  81   1.563 270.0  30.0  576
 5.700  575.0 -90  72  81   1.563   0.0   0.0  575
 5.700  620.0 -90  72  81   1.563   0.0   0.0  626
 5.725  307.5  90  72  93   1.563   0.0   0.0  312
 5.725  310.0  90  72  81   1.563   0.0   0.0  312
 5.725  562.5  90  72  84   1.563   0.0   0.0  568
 5.725  565.0  90  72  87   1.563 270.0  30.0  567
 5.725  567.5  90  72  81  -1.563   0.0   0.0  574
 5.725  977.5  90  72  81   1.563 270.0  30.0  979
 5.725  307.5 -90  72  93   1.563   0.0   0.0  313
 5.725  310.0 -90  72  90   1.563   0.0   0.0  313
 5.725  572.5 -90  72  81   1.563   0.0   0.0  579
 5.750  307.5  90  72  93   1.563   0.0   0.0  312
 5.750  310.0  90  72  87   1.563   0.0   0.0  313
 5.750  562.5  90  72  87   1.563  30.0  30.0  567
 5.750  567.5  90  72  81   1.563 270.0  30.0  569
 5.750  977.5  90  72  84   1.563 270.0  30.0  979
 5.750  307.5 -90  72  90   1.563   0.0   0.0  314
 5.750  310.0 -90  72  93   1.563   0.0   0.0  313
 5.750  515.0 -90  72  81   1.563   0.0   0.0  518
 5.750  572.5 -90  72  84   1.563   0.0   0.0  573
 5.775  307.5  90  72  93  -1.563   0.0   0.0  311
 5.775  310.0  90  72  93   1.563   0.0   0.0  312
 5.775  562.5  90  72  90   1.563   0.0   0.0  564
 5.775  565.0  90  72  87   1.563 270.0  30.0  564
 5.775  617.5  90  72  81   1.563   0.0   0.0  620
 5.775  620.0  90  72  81  -1.563   0.0   0.0  621
 5.775  622.5  90  72  81   1.563   0.0   0.0  624
 5.775  307.5 -90  72  90   1.563   0.0   0.0  312
 5.775  310.0 -90  72  93  -1.563   0.0   0.0  312
 5.775  515.0 -90  72  81   1.563  30.0  30.0  518
 5.775  572.5 -90  72  81   1.563   0.0   0.0  572
 5.800  307.5  90  75  87   1.563   0.0   0.0  314
 5.800  310.0  90  75  96   1.563   0.0   0.0  313
 5.800  562.5  90  75  93   1.563   0.0   0.0  565
 5.800  565.0  90  75  90   1.563 270.0  30.0  567
 5.800  307.5 -90  75  87  -1.563   0.0   0.0  313
 5.800  310.0 -90  75  96   1.563   0.0   0.0  314
 5.800  572.5 -90  75  84   1.563   0.0   0.0  575
 5.825  307.5  90  75  84   1.563   0.0   0.0  315
 5.825  310.0  90  75  96   1.563   0.0   0.0  315
 5.825  312.5  90  75  90   1.563   0.0   0.0  316
 5.825  562.5  90  75  93   1.563   0.0   0.0  567
 5.825  565.0  90  75  87   1.563 150.0  30.0  567
 5.825  307.5 -90  75  87  -1.563   0.0   0.0  314
 5.825  310.0 -90  75  96   1.563   0.0   0.0  315
 5.825  572.5 -90  75  84   1.563 270.0  30.0  575
 5.850  310.0  90  72  93   1.563   0.0   0.0  315
 5.850  312.5  90  72  90  -1.563   0.0   0.0  316
 5.850  515.0  90  72  81   1.563  30.0  30.0  517
 5.850  562.5  90  72  93   1.563 270.0  30.0  566
 5.850  565.0  90  72  87   1.563 270.0  30.0  566
 5.850  307.5 -90  72  81   1.563   0.0   0.0  314
 5.850  310.0 -90  72  93  -1.563   0.0   0.0  314
 5.850  312.5 -90  72  81   1.563   0.0   0.0  314
 5.850  570.0 -90  72  87   1.563   0.0   0.0  572
 5.850  572.5 -90  72  84   1.563 270.0  30.0  573
 5.875  310.0  90  72  87  -1.563   0.0   0.0  316
 5.875  312.5  90  72  93  -1.563   0.0   0.0  317
 5.875  515.0  90  72  81   1.563  30.0  30.0  517
 5.875  562.5  90  72  93   1.563 270.0  30.0  566
 5.875  565.0  90  72  84   1.563  30.0  30.0  565
 5.875  982.5  90  72  81   1.563 210.0  30.0  984
 5.875  310.0 -90  72  93  -1.563   0.0   0.0  315
 5.875  312.5 -90  72  84  -1.563   0.0   0.0  315
 5.875  570.0 -90  72  87   1.563 270.0  30.0  574
 5.875  572.5 -90  72  81   1.563 270.0  30.0  577
 5.900  310.0  90  75  84  -1.563   0.0   0.0  316
 5.900  312.5  90  75  96   1.563   0.0   0.0  317
 5.900  315.0  90  75  87   1.563   0.0   0.0  317
 5.900  515.0  90  75  84   1.563   0.0   0.0  515
 5.900  562.5  90  75  93   1.563   0.0   0.0  565
 5.900  565.0  90  75  84   1.563 270.0  30.0  565
 5.900 1050.0  90  75  84  -1.563 150.0  30.0 1053
 5.900  112.5 -90  78  87  -1.563 150.0  30.0  109
 5.900  115.0 -90  78  87  -1.563 150.0  30.0  105
 5.900  310.0 -90  78  93  -1.563   0.0   0.0  315
 5.900  312.5 -90  78  87   1.563   0.0   0.0  315
 5.900  570.0 -90  78  87   1.563 270.0  30.0  571
 5.925  120.0  90  84  93   4.688 150.0  30.0  107
 5.925  122.5  90  84  93   4.688 150.0  30.0  122
 5.925  125.0  90  84  93   4.688 150.0  30.0  127
 5.925  127.5  90  84  93   1.563 150.0  30.0  127
 5.925  312.5  90  84  93  -1.563   0.0   0.0  317
 5.925  562.5  90  84  93   1.563  30.0  30.0  567
 5.925  310.0 -90  87  96   1.563   0.0   0.0  318
 5.950  312.5  90  81  90   1.563   0.0   0.0  318
 5.950  315.0  90  81  93  -1.563   0.0   0.0  318
 5.950  562.5  90  81  93   1.563   0.0   0.0  565
 5.950  310.0 -90  81  90   1.563   0.0   0.0  315
 5.950  312.5 -90  81  93  -1.563   0.0   0.0  316
 5.950  567.5 -90  81  90   1.563 270.0  30.0  572
 5.950  570.0 -90  81  90   1.563 270.0  30.0  571
 5.950 1017.5 -90  81  90  -1.563 150.0  30.0 1012
 5.950 1020.0 -90  81  90   1.563 150.0  30.0 1027
 5.950 1022.5 -90  81  90  -1.563 150.0  30.0 1011
 5.975  315.0  90  75  93   1.563   0.0   0.0  317
 5.975  317.5  90  75  84   1.563   0.0   0.0  317
 5.975  515.0  90  75  90   1.563   0.0   0.0  515
 5.975  562.5  90  75  93   1.563   0.0   0.0  563
 5.975  565.0  90  75  84   1.563   0.0   0.0  564
 5.975  310.0 -90  78  87  -1.563   0.0   0.0  314
 5.975  312.5 -90  78  96   1.563   0.0   0.0  314
 5.975  567.5 -90  78  93   1.563   0.0   0.0  569
 5.975  570.0 -90  78  96   1.563   0.0   0.0  570
 6.000  315.0  90  75  93   1.563   0.0   0.0  320
 6.000  317.5  90  75  90  -1.563   0.0   0.0  320
 6.000  515.0  90  75  90   1.563  30.0  30.0  518
 6.000  562.5  90  75  96   1.563   0.0   0.0  565
 6.000  565.0  90  75  84   1.563   0.0   0.0  567
 6.000  747.5  90  75  84   1.563 270.0  30.0  750
 6.000  310.0 -90  72  84  -1.563   0.0   0.0  317
 6.000  312.5 -90  72  96  -1.563   0.0   0.0  316
 6.000  315.0 -90  72  81  -1.563   0.0   0.0  316
 6.000  515.0 -90  72  81   1.563 270.0  30.0  516
 6.000  567.5 -90  72  93   1.563   0.0   0.0  572
 6.000  570.0 -90  72  93   1.563 270.0  30.0  572
 6.025  315.0  90  75  90   1.563   0.0   0.0  321
 6.025  317.5  90  75  93   1.563   0.0   0.0  322
 6.025  515.0  90  75  90   1.563  30.0  30.0  519
 6.025  562.5  90  75  96   1.563  30.0  30.0  566
 6.025  565.0  90  75  84   1.563  30.0  30.0  567
 6.025  567.5  90  75  84   1.563 330.0  30.0  582
 6.025  310.0 -90  75  84  -1.563   0.0   0.0  317
 6.025  312.5 -90  75  96   1.563   0.0   0.0  318
 6.025  315.0 -90  75  87   1.563   0.0   0.0  317
 6.025  567.5 -90  75  93   1.563   0.0   0.0  572
 6.025  570.0 -90  75  90   1.563 270.0  30.0  570
 6.050  315.0  90  75  84  -1.563   0.0   0.0  321
 6.050  317.5  90  75  93  -1.563   0.0   0.0  322
 6.050  515.0  90  75  90   1.563  30.0  30.0  518
 6.050  562.5  90  75  96   1.563   0.0   0.0  566
 6.050  565.0  90  75  84   1.563   0.0   0.0  562
 6.050  312.5 -90  72  93   1.563   0.0   0.0  317
 6.050  315.0 -90  72  87   1.563   0.0   0.0  317
 6.050  562.5 -90  72  81   1.563   0.0   0.0  568
 6.050  567.5 -90  72  93   1.563   0.0   0.0  571
 6.050  570.0 -90  72  81   1.563   0.0   0.0  570
 6.075  317.5  90  75  93   1.563   0.0   0.0  322
 6.075  320.0  90  75  87  -1.563   0.0   0.0  323
 6.075  515.0  90  75  90   1.563  30.0  30.0  517
 6.075  562.5  90  75  96   1.563   0.0   0.0  566
 6.075  565.0  90  75  87   1.563  30.0  30.0  566
 6.075  992.5  90  75  84   1.563 270.0  30.0  995
 6.075  312.5 -90  75  93  -1.563   0.0   0.0  318
 6.075  315.0 -90  75  90   1.563   0.0   0.0  318
 6.075  567.5 -90  75  93   1.563   0.0   0.0  570
 6.100  317.5  90  75  87  -1.563   0.0   0.0  323
 6.100  320.0  90  75  93  -1.563   0.0   0.0  323
 6.100  515.0  90  75  90   1.563  30.0  30.0  517
 6.100  562.5  90  75  93   1.563  30.0  30.0  565
 6.100  565.0  90  75  87   1.563 270.0  30.0  564
 6.100  312.5 -90  81  90  -1.563   0.0   0.0  318
 6.100  315.0 -90  81  93   1.563   0.0   0.0  318
 6.100  567.5 -90  81  93   1.563 270.0  30.0  570
 6.125  317.5  90  75  84   1.563   0.0   0.0  325
 6.125  320.0  90  75  93  -1.563   0.0   0.0  324
 6.125  322.5  90  75  84  -1.563   0.0   0.0  324
 6.125  515.0  90  75  87   1.563  30.0  30.0  518
 6.125  562.5  90  75  93   1.563  30.0  30.0  565
 6.125  565.0  90  75  87   1.563  30.0  30.0  565
 6.125  312.5 -90  72  90   1.563   0.0   0.0  318
 6.125  315.0 -90  72  93   1.563   0.0   0.0  318
 6.125  567.5 -90  72  90   1.563  30.0  30.0  571
 6.150  320.0  90  75  93   1.563   0.0   0.0  325
 6.150  322.5  90  75  90   1.563   0.0   0.0  325
 6.150  515.0  90  75  90   1.563  30.0  30.0  518
 6.150  562.5  90  75  93   1.563  30.0  30.0  566
 6.150 1110.0  90  75  84  -4.688 270.0  30.0 1114
 6.150  312.5 -90  75  87  -1.563   0.0   0.0  319
 6.150  315.0 -90  75  93   1.563   0.0   0.0  319
 6.150  567.5 -90  75  87   1.563   0.0   0.0  570
 6.175  320.0  90  75  90   1.563   0.0   0.0  323
 6.175  322.5  90  75  93   1.563   0.0   0.0  324
 6.175  515.0  90  75  90   1.563   0.0   0.0  514
 6.175  562.5  90  75  90   1.563 270.0  30.0  565
 6.175  312.5 -90  75  87   1.563   0.0   0.0  315
 6.175  315.0 -90  75  96   1.563   0.0   0.0  317
 6.175  317.5 -90  75  84  -1.563   0.0   0.0  316
 6.175  567.5 -90  75  84   1.563 270.0  30.0  569
 6.200  320.0  90  75  84   1.563   0.0   0.0  326
 6.200  322.5  90  75  96   1.563   0.0   0.0  327
 6.200  325.0  90  75  87  -1.563   0.0   0.0  327
 6.200  515.0  90  75  87   1.563  30.0  30.0  519
 6.200  562.5  90  75  90   1.563  30.0  30.0  566
 6.200  565.0  90  75  84   1.563  30.0  30.0  566
 6.200  315.0 -90  72  93   1.563   0.0   0.0  320
 6.200  317.5 -90  72  87   1.563   0.0   0.0  320
 6.225  322.5  90  72  93   1.563   0.0   0.0  329
 6.225  325.0  90  72  90   1.563   0.0   0.0  330
 6.225  515.0  90  72  84   1.563  30.0  30.0  519
 6.225  562.5  90  72  90   1.563   0.0   0.0  568
 6.225  565.0  90  72  87   1.563  30.0  30.0  568
 6.225  750.0  90  72  81   1.563 270.0  30.0  754
 6.225  315.0 -90  72  93   1.563   0.0   0.0  322
 6.225  317.5 -90  72  93   1.563   0.0   0.0  322
 6.225  515.0 -90  72  81   1.563   0.0   0.0  522
 6.250  322.5  90  78  90   1.563   0.0   0.0  329
 6.250  325.0  90  78  93   1.563   0.0   0.0  328
 6.250  562.5  90  78  90   1.563  30.0  30.0  565
 6.250  565.0  90  78  87   1.563  30.0  30.0  566
 6.250  315.0 -90  75  90   1.563   0.0   0.0  321
 6.250  317.5 -90  75  96   1.563   0.0   0.0  321
 6.250  515.0 -90  75  84   1.563  30.0  30.0  517
 6.250 1280.0 -90  75  84   1.563 150.0  30.0 1275
 6.275  325.0  90  72  93  -1.563   0.0   0.0  330
 6.275  327.5  90  72  87   1.563   0.0   0.0  330
 6.275  515.0  90  72  84   1.563  30.0  30.0  518
 6.275  517.5  90  72  84   1.563  30.0  30.0  518
 6.275  562.5  90  72  87   1.563  30.0  30.0  567
 6.275  565.0  90  72  87   1.563  30.0  30.0  568
 6.275  315.0 -90  72  87  -1.563   0.0   0.0  321
 6.275  317.5 -90  72  96   1.563   0.0   0.0  322
 6.275  515.0 -90  72  87   1.563  30.0  30.0  519
 6.275  517.5 -90  72  81   1.563  30.0  30.0  521
 6.275  565.0 -90  72  81   1.563  30.0  30.0  566
 6.275  635.0 -90  72  81   1.563   0.0   0.0  640
 6.275  745.0 -90  72  81  -1.563  90.0  30.0  749
 6.275  795.0 -90  72  81  -1.563   0.0   0.0  780
 6.275  830.0 -90  72  81  -1.563 210.0  30.0  830
 6.275  850.0 -90  72  81  -1.563   0.0   0.0  849
 6.275  995.0 -90  72  81  -1.563  90.0  30.0  985
 6.275 1030.0 -90  72  81  -1.563  90.0  30.0 1021
 6.275 1210.0 -90  72  81  -1.563 210.0  30.0 1201
 6.275 1222.5 -90  72  81  -1.563 210.0  30.0 1226
 6.300  325.0  90  78  93   1.563   0.0   0.0  331
 6.300  327.5  90  78  93  -1.563   0.0   0.0  331
 6.300  515.0  90  78  90   1.563  30.0  30.0  518
 6.300  315.0 -90  75  84  -1.563   0.0   0.0  323
 6.300  317.5 -90  75  96   1.563   0.0   0.0  322
 6.300  320.0 -90  75  87   1.563   0.0   0.0  322
 6.300  515.0 -90  75  90   1.563   0.0   0.0  519
 6.325  325.0  90  72  84  -1.563   0.0   0.0  328
 6.325  327.5  90  72  93  -1.563   0.0   0.0  330
 6.325  330.0  90  72  84   1.563   0.0   0.0  331
 6.325  515.0  90  72  93   1.563   0.0   0.0  516
 6.325  517.5  90  72  84   1.563   0.0   0.0  516
 6.325  562.5  90  72  81   1.563   0.0   0.0  567
 6.325  565.0  90  72  84   1.563   0.0   0.0  565
 6.325  317.5 -90  72  96  -1.563   0.0   0.0  321
 6.325  320.0 -90  72  90   1.563   0.0   0.0  321
 6.325  515.0 -90  72  87   1.563   0.0   0.0  515
 6.350  327.5  90  75  93  -1.563   0.0   0.0  332
 6.350  330.0  90  75  90  -1.563   0.0   0.0  333
 6.350  515.0  90  75  93   1.563  30.0  30.0  518
 6.350  517.5  90  75  87   1.563   0.0   0.0  518
 6.350  565.0  90  75  90   1.563   0.0   0.0  567
 6.350  317.5 -90  72  93  -1.563   0.0   0.0  323
 6.350  320.0 -90  72  93  -1.563   0.0   0.0  323
 6.350  515.0 -90  72  87   1.563   0.0   0.0  517
 6.350  517.5 -90  72  81   1.563 150.0  30.0  517
 6.375  327.5  90  39  51   1.563   0.0   0.0  334
 6.375  330.0  90  39  57   1.563   0.0   0.0  335
 6.375  515.0  90  39  60   1.563  30.0  30.0  519
 6.375  517.5  90  39  51   1.563  30.0  30.0  519
 6.375  565.0  90  39  57   1.563  30.0  30.0  569
 6.375  317.5 -90  36  54  -1.563   0.0   0.0  325
 6.375  320.0 -90  36  57  -1.563   0.0   0.0  325
 6.375  515.0 -90  36  51   1.563  30.0  30.0  520
 6.400  327.5  90  36  45   1.563   0.0   0.0  335
 6.400  330.0  90  36  57  -1.563   0.0   0.0  334
 6.400  332.5  90  36  51   1.563   0.0   0.0  335
 6.400  515.0  90  36  57   1.563  30.0  30.0  519
 6.400  517.5  90  36  51   1.563  30.0  30.0  519
 6.400  565.0  90  36  57   1.563  30.0  30.0  568
 6.400  567.5  90  36  51   1.563  30.0  30.0  569
 6.400  317.5 -90  36  51   1.563   0.0   0.0  324
 6.400  320.0 -90  36  57   1.563   0.0   0.0  324
 6.400  322.5 -90  36  45   1.563   0.0   0.0  324
 6.400  515.0 -90  36  48   1.563  30.0  30.0  518
 6.425  330.0  90  39  57   1.563   0.0   0.0  334
 6.425  332.5  90  39  54  -1.563   0.0   0.0  333
 6.425  515.0  90  39  54   1.563   0.0   0.0  516
 6.425  517.5  90  39  51   1.563   0.0   0.0  517
 6.425  565.0  90  39  54   1.563   0.0   0.0  566
 6.425  567.5  90  39  54   1.563   0.0   0.0  567
 6.425  317.5 -90  36  45  -1.563   0.0   0.0  325
 6.425  320.0 -90  36  57   1.563   0.0   0.0  323
 6.425  322.5 -90  36  48   1.563   0.0   0.0  324
 6.425  515.0 -90  36  45   1.563  30.0  30.0  516
 6.450  330.0  90  39  48   1.563   0.0   0.0  336
 6.450  332.5  90  39  57  -1.563   0.0   0.0  337
 6.450  515.0  90  39  48   1.563  30.0  30.0  519
 6.450  565.0  90  39  51   1.563   0.0   0.0  569
 6.450  567.5  90  39  54   1.563  30.0  30.0  569
 6.450  320.0 -90  36  57  -1.563   0.0   0.0  325
 6.450  322.5 -90  36  51  -1.563   0.0   0.0  325
 6.450  515.0 -90  36  48   1.563  30.0  30.0  518
 6.475  332.5  90  42  57  -1.563   0.0   0.0  339
 6.475  335.0  90  42  51  -1.563   0.0   0.0  338
 6.475  567.5  90  42  54   1.563  30.0  30.0  571
 6.475  320.0 -90  36  54  -1.563   0.0   0.0  326
 6.475  322.5 -90  36  54  -1.563   0.0   0.0  327
 6.475  515.0 -90  36  51   1.563  30.0  30.0  519
 6.500  332.5  90  39  54  -1.563   0.0   0.0  338
 6.500  335.0  90  39  57   1.563   0.0   0.0  339
 6.500  515.0  90  39  48   1.563  30.0  30.0  517
 6.500  567.5  90  39  54   1.563  30.0  30.0  570
 6.500  320.0 -90  36  54   1.563   0.0   0.0  326
 6.500  322.5 -90  36  57  -1.563   0.0   0.0  326
 6.500  515.0 -90  36  48   1.563  30.0  30.0  517
 6.525  332.5  90  36  45  -1.563   0.0   0.0  338
 6.525  335.0  90  36  57   1.563   0.0   0.0  338
 6.525  337.5  90  36  51   1.563   0.0   0.0  339
 6.525  515.0  90  36  51   1.563   0.0   0.0  517
 6.525  517.5  90  36  48   1.563   0.0   0.0  518
 6.525  567.5  90  36  54   1.563   0.0   0.0  570
 6.525  570.0  90  36  45   1.563   0.0   0.0  569
 6.525  320.0 -90  36  48   1.563   0.0   0.0  325
 6.525  322.5 -90  36  57  -1.563   0.0   0.0  325
 6.525  325.0 -90  36  45  -1.563   0.0   0.0  326
 6.525  515.0 -90  36  45   1.563   0.0   0.0  516
 6.550  335.0  90  36  54  -1.563   0.0   0.0  341
 6.550  337.5  90  36  57  -1.563   0.0   0.0  341
 6.550  515.0  90  36  48   1.563  30.0  30.0  519
 6.550  517.5  90  36  48   1.563  30.0  30.0  517
 6.550  567.5  90  36  48   1.563  30.0  30.0  570
 6.550  570.0  90  36  48   1.563  30.0  30.0  572
 6.550  322.5 -90  36  54  -1.563   0.0   0.0  327
 6.550  325.0 -90  36  45   1.563   0.0   0.0  327
 6.575  335.0  90  36  48  -1.563   0.0   0.0  341
 6.575  337.5  90  36  57  -1.563   0.0   0.0  343
 6.575  340.0  90  36  48  -1.563   0.0   0.0  343
 6.575  515.0  90  36  48   1.563  30.0  30.0  520
 6.575  517.5  90  36  48   1.563  30.0  30.0  519
 6.575  567.5  90  36  45   1.563 270.0  30.0  575
 6.575  570.0  90  36  48   1.563  30.0  30.0  573
 6.575  322.5 -90  36  51   1.563   0.0   0.0  329
 6.575  325.0 -90  36  51  -1.563   0.0   0.0  329
 6.600  337.5  90  36  54  -1.563   0.0   0.0  343
 6.600  340.0  90  36  54  -1.563   0.0   0.0  343
 6.600  515.0  90  36  51   1.563  30.0  30.0  518
 6.600  517.5  90  36  48   1.563  30.0  30.0  518
 6.600  567.5  90  36  45   1.563  30.0  30.0  571
 6.600  570.0  90  36  48   1.563  30.0  30.0  572
 6.600  322.5 -90  36  48   1.563   0.0   0.0  327
 6.600  325.0 -90  36  54   1.563   0.0   0.0  328
 6.600  515.0 -90  36  45   1.563  30.0  30.0  517
 6.625  337.5  90  36  51  -1.563   0.0   0.0  341
 6.625  340.0  90  36  60  -1.563   0.0   0.0  342
 6.625  342.5  90  36  45   1.563   0.0   0.0  343
 6.625  515.0  90  36  54   1.563  30.0  30.0  517
 6.625  517.5  90  36  48   1.563  30.0  30.0  517
 6.625  570.0  90  36  48   1.563  30.0  30.0  572
 6.625  325.0 -90  36  54   1.563   0.0   0.0  328
 6.625  515.0 -90  36  48   1.563  30.0  30.0  516
 6.650  337.5  90  36  45   1.563   0.0   0.0  346
 6.650  340.0  90  36  57  -1.563   0.0   0.0  345
 6.650  342.5  90  36  54  -1.563   0.0   0.0  346
 6.650  515.0  90  36  54   1.563  30.0  30.0  518
 6.650  517.5  90  36  48   1.563  30.0  30.0  518
 6.650  325.0 -90  36  54  -1.563   0.0   0.0  330
 6.650  327.5 -90  36  45  -1.563   0.0   0.0  330
 6.650  515.0 -90  36  48   1.563  30.0  30.0  518
 6.675  340.0  90  36  51  -1.563   0.0   0.0  347
 6.675  342.5  90  36  60  -1.563   0.0   0.0  348
 6.675  345.0  90  36  45   1.563   0.0   0.0  347
 6.675  515.0  90  36  54   1.563  30.0  30.0  520
 6.675  517.5  90  36  48   1.563  30.0  30.0  520
 6.675  325.0 -90  36  51   1.563   0.0   0.0  332
 6.675  327.5 -90  36  51   1.563   0.0   0.0  333
 6.675  515.0 -90  36  48   1.563  30.0  30.0  519
 6.700  342.5  90  36  60  -1.563   0.0   0.0  348
 6.700  345.0  90  36  57   1.563   0.0   0.0  348
 6.700  347.5  90  36  45  -1.563   0.0   0.0  347
 6.700  515.0  90  36  51   1.563  30.0  30.0  519
 6.700  517.5  90  36  48   1.563  30.0  30.0  518
 6.700  572.5  90  36  48   1.563  30.0  30.0  574
 6.700  325.0 -90  36  45  -1.563   0.0   0.0  330
 6.700  327.5 -90  36  54  -1.563   0.0   0.0  332
 6.700  515.0 -90  36  48   1.563  30.0  30.0  517
 6.725  342.5  90  36  60  -1.563   0.0   0.0  347
 6.725  345.0  90  36  63  -1.563   0.0   0.0  348
 6.725  347.5  90  36  48  -1.563   0.0   0.0  348
 6.725  515.0  90  36  51   1.563  30.0  30.0  517
 6.725  517.5  90  36  48   1.563  30.0  30.0  517
 6.725  570.0  90  36  45   1.563  30.0  30.0  570
 6.725  572.5  90  36  51   1.563  30.0  30.0  573
 6.725  327.5 -90  36  57   1.563   0.0   0.0  331
 6.725  330.0 -90  36  45  -1.563   0.0   0.0  330
 6.750  342.5  90  39  51  -1.563   0.0   0.0  350
 6.750  345.0  90  39  63  -1.563   0.0   0.0  350
 6.750  347.5  90  39  60  -1.563   0.0   0.0  351
 6.750  515.0  90  39  48   1.563  30.0  30.0  518
 6.750  572.5  90  39  51   1.563  30.0  30.0  575
 6.750  812.5  90  39  48   4.688 210.0  30.0  822
 6.750  327.5 -90  39  54   1.563   0.0   0.0  332
 6.750  330.0 -90  39  51   1.563   0.0   0.0  332
 6.775  345.0  90  75  93  -1.563   0.0   0.0  352
 6.775  347.5  90  75  99  -1.563   0.0   0.0  352
 6.775  350.0  90  75  84  -1.563   0.0   0.0  354
 6.775  572.5  90  75  90   1.563  30.0  30.0  577
 6.775  327.5 -90  72  90   1.563   0.0   0.0  334
 6.775  330.0 -90  72  90   1.563   0.0   0.0  334
 6.775  515.0 -90  72  81   1.563  30.0  30.0  519
 6.775  567.5 -90  72  81   1.563  30.0  30.0  571
 6.800  345.0  90  72  87  -1.563   0.0   0.0  351
 6.800  347.5  90  72  99  -1.563   0.0   0.0  352
 6.800  350.0  90  72  96  -1.563   0.0   0.0  353
 6.800  515.0  90  72  84   1.563  30.0  30.0  520
 6.800  517.5  90  72  81   1.563  30.0  30.0  520
 6.800  572.5  90  72  90   1.563  30.0  30.0  575
 6.800  575.0  90  72  84   1.563  30.0  30.0  576
 6.800  327.5 -90  72  84   1.563   0.0   0.0  334
 6.800  330.0 -90  72  93   1.563   0.0   0.0  334
 6.800  515.0 -90  72  84   1.563  30.0  30.0  519
 6.800  517.5 -90  72  81   1.563  30.0  30.0  518
 6.825  347.5  90  75  96  -1.563   0.0   0.0  352
 6.825  350.0  90  75  99  -1.563   0.0   0.0  353
 6.825  352.5  90  75  84   1.563   0.0   0.0  353
 6.825  515.0  90  75  87   1.563  30.0  30.0  517
 6.825  517.5  90  75  84   1.563  30.0  30.0  516
 6.825  572.5  90  75  90   1.563  30.0  30.0  574
 6.825  575.0  90  75  87   1.563  30.0  30.0  574
 6.825  330.0 -90  72  93   1.563   0.0   0.0  333
 6.825  332.5 -90  72  84   1.563   0.0   0.0  333
 6.825  515.0 -90  72  84   1.563  30.0  30.0  517
 6.825  517.5 -90  72  84   1.563  30.0  30.0  517
 6.825  567.5 -90  72  81   1.563   0.0   0.0  569
 6.825  572.5 -90  72  81   1.563  30.0  30.0  579
 6.850  347.5  90  72  84  -1.563   0.0   0.0  355
 6.850  350.0  90  72  96  -1.563   0.0   0.0  355
 6.850  352.5  90  72  93  -1.563   0.0   0.0  356
 6.850  515.0  90  72  87   1.563  30.0  30.0  520
 6.850  517.5  90  72  81   1.563  30.0  30.0  519
 6.850  572.5  90  72  87   1.563  30.0  30.0  576
 6.850  575.0  90  72  87   1.563  30.0  30.0  575
 6.850  330.0 -90  72  90   1.563   0.0   0.0  335
 6.850  332.5 -90  72  84   1.563   0.0   0.0  336
 6.850  515.0 -90  72  84   1.563  30.0  30.0  519
 6.850  517.5 -90  72  81   1.563  30.0  30.0  517
 6.850  567.5 -90  72  81   1.563  30.0  30.0  568
 6.850  762.5 -90  72  81   1.563 270.0  30.0  766
 6.875  350.0  90  72  90  -1.563   0.0   0.0  358
 6.875  352.5  90  72  99   1.563   0.0   0.0  358
 6.875  355.0  90  72  87  -1.563   0.0   0.0  359
 6.875  515.0  90  72  84   1.563  30.0  30.0  521
 6.875  517.5  90  72  84   1.563  30.0  30.0  519
 6.875  572.5  90  72  87   1.563  30.0  30.0  578
 6.875  575.0  90  72  87   1.563  30.0  30.0  578
 6.875  330.0 -90  72  87  -1.563   0.0   0.0  337
 6.875  332.5 -90  72  90  -1.563   0.0   0.0  337
 6.875  515.0 -90  72  84   1.563  30.0  30.0  520
 6.875  517.5 -90  72  84   1.563  30.0  30.0  520
 6.900  350.0  90  75  84   1.563   0.0   0.0  357
 6.900  352.5  90  75  99  -1.563   0.0   0.0  357
 6.900  355.0  90  75  96   1.563   0.0   0.0  358
 6.900  572.5  90  75  84   1.563  30.0  30.0  577
 6.900  575.0  90  75  87   1.563  30.0  30.0  577
 6.900  330.0 -90  72  87  -1.563   0.0   0.0  336
 6.900  332.5 -90  72  93  -1.563   0.0   0.0  337
 6.900  335.0 -90  72  81   1.563   0.0   0.0  336
 6.900  515.0 -90  72  84   1.563  30.0  30.0  518
 6.900  517.5 -90  72  84   1.563  30.0  30.0  519
 6.900  570.0 -90  72  81   1.563  30.0  30.0  573
 6.925  352.5  90  75  90   1.563   0.0   0.0  358
 6.925  355.0  90  75  99   1.563   0.0   0.0  360
 6.925  357.5  90  75  90  -1.563   0.0   0.0  361
 6.925  572.5  90  75  84   1.563  30.0  30.0  577
 6.925  575.0  90  75  87   1.563  30.0  30.0  576
 6.925  330.0 -90  72  81   1.563   0.0   0.0  337
 6.925  332.5 -90  72  93  -1.563   0.0   0.0  338
 6.925  335.0 -90  72  90  -1.563   0.0   0.0  338
 6.925  515.0 -90  72  90   1.563  30.0  30.0  519
 6.925  517.5 -90  72  87   1.563  30.0  30.0  519
 6.925  570.0 -90  72  81   1.563  30.0  30.0  572
 6.950  355.0  90  72  93  -1.563   0.0   0.0  360
 6.950  357.5  90  72  96  -1.563   0.0   0.0  361
 6.950  572.5  90  72  81   1.563  30.0  30.0  577
 6.950  575.0  90  72  84   1.563  30.0  30.0  578
 6.950  332.5 -90  72  87   1.563   0.0   0.0  338
 6.950  335.0 -90  72  93  -1.563   0.0   0.0  339
 6.950  515.0 -90  72  90   1.563  30.0  30.0  519
 6.950  517.5 -90  72  84   1.563  30.0  30.0  518
 6.950  570.0 -90  72  81   1.563  30.0  30.0  575
 6.975  355.0  90  75  87  -1.563   0.0   0.0  358
 6.975  357.5  90  75  96   1.563   0.0   0.0  361
 6.975  360.0  90  75  90   1.563   0.0   0.0  362
 6.975  575.0  90  75  84   1.563   0.0   0.0  576
 6.975  332.5 -90  72  87  -1.563   0.0   0.0  337
 6.975  335.0 -90  72  93  -1.563   0.0   0.0  337
 6.975  337.5 -90  72  81  -1.563   0.0   0.0  339
 6.975  515.0 -90  72  87   1.563  30.0  30.0  517
 6.975  517.5 -90  72  84   1.563  30.0  30.0  517
 6.975  765.0 -90  72  81  -1.563   0.0   0.0  764
 7.000  357.5  90  72  93  -1.563   0.0   0.0  363
 7.000  360.0  90  72  99  -1.563   0.0   0.0  364
 7.000  362.5  90  72  87   1.563   0.0   0.0  366
 7.000  575.0  90  72  84   1.563  30.0  30.0  577
 7.000  332.5 -90  72  81  -1.563   0.0   0.0  340
 7.000  335.0 -90  72  93  -1.563   0.0   0.0  340
 7.000  337.5 -90  72  84  -1.563   0.0   0.0  340
 7.000  515.0 -90  72  87   1.563  30.0  30.0  518
 7.000  517.5 -90  72  84   1.563  30.0  30.0  518
 7.000  675.0 -90  72  81   1.563   0.0   0.0  679
 7.000  765.0 -90  72  81   1.563 270.0  30.0  765
 7.025  357.5  90  66  75   1.563 150.0  30.0  362
 7.025  360.0  90  66  93  -1.563 330.0  30.0  367
 7.025  362.5  90  66  87   1.563 150.0  30.0  365
 7.025  515.0  90  66  75   1.563  90.0  30.0  520
 7.025  517.5  90  66  75   1.563  90.0  30.0  520
 7.025  575.0  90  66  75   1.563  90.0  30.0  574
 7.025  335.0 -90  66  84   1.563 330.0  30.0  342
 7.025  337.5 -90  66  84  -1.563 150.0  30.0  341
 7.025  515.0 -90  66  81   1.563  90.0  30.0  519
 7.025  517.5 -90  66  78   1.563  90.0  30.0  521
 7.025  765.0 -90  66  75   1.563 150.0  30.0  765
 7.025  767.5 -90  66  75   1.563   0.0   0.0  774
 7.050  360.0  90  63  81  -1.563   0.0   0.0  366
 7.050  362.5  90  63  87  -1.563   0.0   0.0  367
 7.050  365.0  90  63  75  -1.563   0.0   0.0  368
 7.050  517.5  90  63  72   1.563  30.0  30.0  517
 7.050  575.0  90  63  75   1.563   0.0   0.0  577
 7.050  335.0 -90  63  78  -1.563   0.0   0.0  341
 7.050  337.5 -90  63  81  -1.563   0.0   0.0  342
 7.050  515.0 -90  63  75   1.563  30.0  30.0  518
 7.050  517.5 -90  63  75   1.563  30.0  30.0  519
 7.075  360.0  90  63  72   1.563   0.0   0.0  366
 7.075  362.5  90  63  81  -1.563   0.0   0.0  368
 7.075  365.0  90  63  84  -1.563   0.0   0.0  368
 7.075  367.5  90  63  75   1.563   0.0   0.0  369
 7.075  515.0  90  63  72   1.563  30.0  30.0  519
 7.075  517.5  90  63  72   1.563  30.0  30.0  519
 7.075  575.0  90  63  72   1.563  30.0  30.0  576
 7.075  337.5 -90  63  81  -1.563   0.0   0.0  342
 7.075  340.0 -90  63  72  -1.563   0.0   0.0  342
 7.075  515.0 -90  63  75   1.563  30.0  30.0  520
 7.075  517.5 -90  63  72   1.563  30.0  30.0  518
 7.075  572.5 -90  63  72   1.563  30.0  30.0  575
 7.100  362.5  90  63  75  -1.563   0.0   0.0  369
 7.100  365.0  90  63  87   1.563   0.0   0.0  370
 7.100  367.5  90  63  81  -1.563   0.0   0.0  371
 7.100  515.0  90  63  72   1.563  30.0  30.0  519
 7.100  730.0  90  63  72   1.563   0.0   0.0  733
 7.100  337.5 -90  63  78  -1.563   0.0   0.0  344
 7.100  340.0 -90  63  81  -1.563   0.0   0.0  344
 7.100  515.0 -90  63  75   1.563  30.0  30.0  519
 7.100  572.5 -90  63  72   1.563  30.0  30.0  575
 7.125  365.0  90  66  81  -1.563   0.0   0.0  371
 7.125  367.5  90  66  87  -1.563   0.0   0.0  371
 7.125  370.0  90  66  75  -1.563   0.0   0.0  373
 7.125  337.5 -90  63  72  -1.563   0.0   0.0  343
 7.125  340.0 -90  63  81   1.563   0.0   0.0  344
 7.125  515.0 -90  63  72   1.563  30.0  30.0  520
 7.150  367.5  90  69  84   1.563   0.0   0.0  373
 7.150  370.0  90  69  81   1.563   0.0   0.0  373
 7.150  340.0 -90  66  81  -1.563   0.0   0.0  345
 7.150  342.5 -90  66  75  -1.563   0.0   0.0  345
 7.175  367.5  90  66  75  -1.563   0.0   0.0  372
 7.175  370.0  90  66  81  -1.563   0.0   0.0  374
 7.175  372.5  90  66  78  -1.563   0.0   0.0  374
 7.175  340.0 -90  66  78   1.563   0.0   0.0  345
 7.175  342.5 -90  66  81   1.563   0.0   0.0  345
 7.200  372.5  90  69  84  -1.563   0.0   0.0  377
 7.200  340.0 -90  66  75  -1.563   0.0   0.0  346
 7.200  342.5 -90  66  84  -1.563   0.0   0.0  347
 7.200  345.0 -90  66  75   1.563   0.0   0.0  347
 7.225  372.5  90  66  81   1.563   0.0   0.0  378
 7.225  375.0  90  66  84  -1.563   0.0   0.0  379
 7.225  377.5  90  66  75   1.563   0.0   0.0  381
 7.225  342.5 -90  66  84  -1.563   0.0   0.0  348
 7.225  345.0 -90  66  84   1.563   0.0   0.0  348
 7.225  515.0 -90  66  75   1.563  30.0  30.0  517
 7.250  375.0  90  69  84  -1.563   0.0   0.0  381
 7.250  377.5  90  69  84  -1.563   0.0   0.0  381
 7.250  342.5 -90  66  81  -1.563   0.0   0.0  349
 7.250  345.0 -90  66  87   1.563   0.0   0.0  349
 7.250  515.0 -90  66  75   1.563  30.0  30.0  519
 7.250  517.5 -90  66  75  -1.563  30.0  30.0  519
 7.275  375.0  90  66  75  -1.563   0.0   0.0  382
 7.275  377.5  90  66  87  -1.563   0.0   0.0  383
 7.275  380.0  90  66  81  -1.563   0.0   0.0  383
 7.275  342.5 -90  63  75  -1.563   0.0   0.0  349
 7.275  345.0 -90  63  90  -1.563   0.0   0.0  350
 7.275  347.5 -90  63  78   1.563   0.0   0.0  350
 7.275  515.0 -90  63  75   1.563  30.0  30.0  518
 7.275  517.5 -90  63  75   1.563  30.0  30.0  519
 7.275  575.0 -90  63  72   1.563  30.0  30.0  579
 7.300  377.5  90  66  78   1.563   0.0   0.0  383
 7.300  380.0  90  66  87  -1.563   0.0   0.0  385
 7.300  382.5  90  66  81   1.563   0.0   0.0  386
 7.300  345.0 -90  63  87  -1.563   0.0   0.0  350
 7.300  347.5 -90  63  87  -1.563   0.0   0.0  350
 7.300  350.0 -90  63  72  -1.563   0.0   0.0  352
 7.300  515.0 -90  63  75   1.563  30.0  30.0  519
 7.300  517.5 -90  63  78   1.563  30.0  30.0  519
 7.300  770.0 -90  63  72   1.563 270.0  30.0  773
 7.325  380.0  90  63  78   1.563   0.0   0.0  386
 7.325  382.5  90  63  87  -1.563   0.0   0.0  388
 7.325  385.0  90  63  75   1.563   0.0   0.0  389
 7.325  515.0  90  63  72   1.563  30.0  30.0  518
 7.325  575.0  90  63  72   1.563  30.0  30.0  579
 7.325  345.0 -90  63  78  -1.563   0.0   0.0  352
 7.325  347.5 -90  63  87  -1.563   0.0   0.0  352
 7.325  350.0 -90  63  78  -1.563   0.0   0.0  354
 7.325  515.0 -90  63  75   1.563  30.0  30.0  519
 7.325  517.5 -90  63  75   1.563  30.0  30.0  520
 7.325  770.0 -90  63  72   1.563 270.0  30.0  775
 7.325  772.5 -90  63  75   1.563 270.0  30.0  775
 7.350  382.5  90  63  81  -1.563   0.0   0.0  388
 7.350  385.0  90  63  84  -1.563   0.0   0.0  389
 7.350  387.5  90  63  72   1.563   0.0   0.0  391
 7.350  575.0  90  63  72   1.563  30.0  30.0  579
 7.350  345.0 -90  63  72  -1.563   0.0   0.0  350
 7.350  347.5 -90  63  87  -1.563   0.0   0.0  352
 7.350  350.0 -90  63  81  -1.563   0.0   0.0  352
 7.350  515.0 -90  63  75   1.563  30.0  30.0  519
 7.350  517.5 -90  63  75   1.563  30.0  30.0  520
 7.350  770.0 -90  63  72   1.563   0.0   0.0  773
 7.350  772.5 -90  63  75   1.563 270.0  30.0  775
 7.375  127.5  90  63  72   1.563  90.0  30.0  118
 7.375  335.0  90  63  72  -1.563 330.0  30.0  323
 7.375  382.5  90  63  72   1.563   0.0   0.0  390
 7.375  385.0  90  63  84   1.563   0.0   0.0  390
 7.375  387.5  90  63  84   1.563   0.0   0.0  391
 7.375  390.0  90  63  75   1.563   0.0   0.0  392
 7.375  575.0  90  63  72   1.563  30.0  30.0  577
 7.375  775.0  90  63  72   1.563   0.0   0.0  778
 7.375  777.5  90  63  72   1.563   0.0   0.0  781
 7.375  347.5 -90  63  84   1.563   0.0   0.0  353
 7.375  350.0 -90  63  87  -1.563   0.0   0.0  353
 7.375  515.0 -90  63  72   1.563  30.0  30.0  519
 7.375  517.5 -90  63  75   1.563  30.0  30.0  517
 7.400  385.0  90  63  75   1.563   0.0   0.0  391
 7.400  387.5  90  63  87  -1.563   0.0   0.0  392
 7.400  390.0  90  63  84  -1.563   0.0   0.0  393
 7.400  575.0  90  63  72   1.563  30.0  30.0  578
 7.400  347.5 -90  63  78  -1.563   0.0   0.0  355
 7.400  350.0 -90  63  87  -1.563   0.0   0.0  355
 7.400  352.5 -90  63  81   1.563   0.0   0.0  355
 7.400  515.0 -90  63  72   1.563  30.0  30.0  519
 7.400  517.5 -90  63  72   1.563  30.0  30.0  518
 7.400  575.0 -90  63  72   1.563  30.0  30.0  578
 7.425  387.5  90  63  75  -1.563   0.0   0.0  393
 7.425  390.0  90  63  87  -1.563   0.0   0.0  394
 7.425  392.5  90  63  84  -1.563   0.0   0.0  396
 7.425  395.0  90  63  72  -1.563   0.0   0.0  397
 7.425  575.0  90  63  72   1.563  30.0  30.0  578
 7.425  350.0 -90  63  87  -1.563   0.0   0.0  355
 7.425  352.5 -90  63  87  -1.563   0.0   0.0  356
 7.425  515.0 -90  63  72   1.563  30.0  30.0  520
 7.425  517.5 -90  63  75   1.563  30.0  30.0  518
 7.450  390.0  90  66  81  -1.563   0.0   0.0  396
 7.450  392.5  90  66  87  -1.563   0.0   0.0  397
 7.450  395.0  90  66  84  -1.563   0.0   0.0  398
 7.450  790.0  90  66  75  -1.563   0.0   0.0  793
 7.450  350.0 -90  66  81  -1.563   0.0   0.0  357
 7.450  352.5 -90  66  90  -1.563   0.0   0.0  356
 7.450  355.0 -90  66  81   1.563   0.0   0.0  357
 7.450  517.5 -90  66  75   1.563  30.0  30.0  520
 7.475  195.0  90  69  78   1.563  30.0  30.0  193
 7.475  392.5  90  69  81   1.563   0.0   0.0  397
 7.475  395.0  90  69  87   1.563   0.0   0.0  399
 7.475  397.5  90  69  84   1.563   0.0   0.0  400
 7.475  350.0 -90  69  78   1.563   0.0   0.0  354
 7.475  352.5 -90  69  87   1.563   0.0   0.0  357
 7.475  355.0 -90  69  84   1.563   0.0   0.0  358
 7.475  515.0 -90  69  78   1.563  30.0  30.0  517
 7.475  517.5 -90  69  78   1.563  30.0  30.0  517
 7.500  397.5  90  75  90   1.563   0.0   0.0  401
 7.500  400.0  90  75  84  -1.563   0.0   0.0  405
 7.500  355.0 -90  75  87  -1.563   0.0   0.0  359
 7.525  400.0  90  78  87  -1.563   0.0   0.0  405
 7.525 1040.0  90  78  87  -1.563  30.0  30.0 1051
 7.525  355.0 -90  75  84  -1.563   0.0   0.0  360
 7.550  177.5  90  72  81  -4.688  30.0  30.0  184
 7.550  400.0  90  72  81  -1.563   0.0   0.0  406
 7.550  402.5  90  72  87   1.563   0.0   0.0  407
 7.550  405.0  90  72  84  -1.563   0.0   0.0  408
 7.550 1205.0  90  72  81  -4.688  30.0  30.0 1203
 7.550  355.0 -90  69  81   1.563   0.0   0.0  359
 7.550  357.5 -90  69  84   1.563   0.0   0.0  361
 7.550  515.0 -90  69  78   1.563  30.0  30.0  521
 7.575  402.5  90  66  78  -1.563   0.0   0.0  407
 7.575  405.0  90  66  87  -1.563   0.0   0.0  409
 7.575  407.5  90  66  84   1.563   0.0   0.0  411
 7.575  812.5  90  66  75  -1.563   0.0   0.0  816
 7.575  815.0  90  66  75   1.563   0.0   0.0  820
 7.575  355.0 -90  63  75   1.563   0.0   0.0  359
 7.575  357.5 -90  63  84  -1.563   0.0   0.0  362
 7.575  360.0 -90  63  78  -1.563   0.0   0.0  362
 7.575  515.0 -90  63  72   1.563  30.0  30.0  519
 7.575  517.5 -90  63  72   1.563  30.0  30.0  517
 7.575  577.5 -90  63  72   1.563  30.0  30.0  578
 7.600  405.0  90  63  75   1.563   0.0   0.0  410
 7.600  407.5  90  63  84  -1.563   0.0   0.0  412
 7.600  410.0  90  63  84   1.563   0.0   0.0  413
 7.600  412.5  90  63  75  -1.563   0.0   0.0  416
 7.600  575.0  90  63  72   1.563  30.0  30.0  577
 7.600  357.5 -90  63  81   1.563   0.0   0.0  364
 7.600  360.0 -90  63  84  -1.563   0.0   0.0  364
 7.600  515.0 -90  63  75   1.563  30.0  30.0  519
 7.600  517.5 -90  63  72   1.563  30.0  30.0  518
 7.600  577.5 -90  63  72   1.563  30.0  30.0  579
 7.625  407.5  90  60  75  -1.563   0.0   0.0  415
 7.625  410.0  90  60  81  -1.563   0.0   0.0  415
 7.625  412.5  90  60  84  -1.563   0.0   0.0  417
 7.625  415.0  90  60  72   1.563   0.0   0.0  419
 7.625  575.0  90  60  72   1.563  30.0  30.0  577
 7.625  825.0  90  60  69  -1.563   0.0   0.0  828
 7.625  357.5 -90  60  75   1.563   0.0   0.0  364
 7.625  360.0 -90  60  84  -1.563   0.0   0.0  365
 7.625  362.5 -90  60  78  -1.563   0.0   0.0  366
 7.625  515.0 -90  60  72   1.563  30.0  30.0  519
 7.625  517.5 -90  60  75   1.563  30.0  30.0  519
 7.625  575.0 -90  60  69   1.563  30.0  30.0  581
 7.625  577.5 -90  60  72   1.563  30.0  30.0  579
 7.625  727.5 -90  60  69  -1.563   0.0   0.0  732
 7.650  410.0  90  63  72  -1.563   0.0   0.0  415
 7.650  412.5  90  63  81  -1.563   0.0   0.0  417
 7.650  415.0  90  63  84  -1.563   0.0   0.0  419
 7.650  417.5  90  63  75  -1.563   0.0   0.0  421
 7.650  575.0  90  63  75   1.563  30.0  30.0  577
 7.650  357.5 -90  60  69  -1.563   0.0   0.0  362
 7.650  360.0 -90  60  78  -1.563   0.0   0.0  366
 7.650  362.5 -90  60  81  -1.563   0.0   0.0  366
 7.650  365.0 -90  60  69   1.563   0.0   0.0  367
 7.650  515.0 -90  60  75   1.563  30.0  30.0  518
 7.650  517.5 -90  60  75   1.563  30.0  30.0  518
 7.650  577.5 -90  60  72   1.563  30.0  30.0  580
 7.675  415.0  90  63  78   1.563   0.0   0.0  420
 7.675  417.5  90  63  81  -1.563   0.0   0.0  421
 7.675  420.0  90  63  75  -1.563   0.0   0.0  424
 7.675  575.0  90  63  75   1.563  30.0  30.0  578
 7.675  360.0 -90  60  72  -1.563   0.0   0.0  366
 7.675  362.5 -90  60  81  -1.563   0.0   0.0  367
 7.675  365.0 -90  60  75  -1.563   0.0   0.0  367
 7.675  515.0 -90  60  75   1.563  30.0  30.0  519
 7.675  517.5 -90  60  75   1.563  30.0  30.0  519
 7.675  527.5 -90  60  69   1.563  30.0  30.0  528
 7.675  575.0 -90  60  72   1.563  30.0  30.0  577
 7.675  577.5 -90  60  72   1.563  30.0  30.0  579
 7.675  722.5 -90  60  69   1.563   0.0   0.0  727
 7.675  732.5 -90  60  69  -1.563   0.0   0.0  735
 7.700  417.5  90  63  72   1.563   0.0   0.0  423
 7.700  420.0  90  63  78   1.563   0.0   0.0  425
 7.700  422.5  90  63  78   1.563   0.0   0.0  427
 7.700  575.0  90  63  75   1.563  30.0  30.0  577
 7.700  362.5 -90  60  78   1.563   0.0   0.0  368
 7.700  365.0 -90  60  81   1.563   0.0   0.0  368
 7.700  367.5 -90  60  69  -1.563   0.0   0.0  372
 7.700  515.0 -90  60  75   1.563  30.0  30.0  518
 7.700  517.5 -90  60  75   1.563  30.0  30.0  519
 7.700  577.5 -90  60  75   1.563  30.0  30.0  579
 7.700  732.5 -90  60  69   1.563   0.0   0.0  736
 7.700  735.0 -90  60  69  -1.563   0.0   0.0  739
 7.725  422.5  90  63  75  -1.563   0.0   0.0  427
 7.725  425.0  90  63  75   1.563   0.0   0.0  429
 7.725  575.0  90  63  75   1.563  30.0  30.0  576
 7.725  792.5  90  63  72   1.563 270.0  30.0  793
 7.725  362.5 -90  60  69  -1.563   0.0   0.0  368
 7.725  365.0 -90  60  78  -1.563   0.0   0.0  370
 7.725  367.5 -90  60  78   1.563   0.0   0.0  370
 7.725  515.0 -90  60  75   1.563  30.0  30.0  519
 7.725  517.5 -90  60  75   1.563  30.0  30.0  518
 7.725  577.5 -90  60  75   1.563  30.0  30.0  580
 7.725  737.5 -90  60  69   1.563   0.0   0.0  741
 7.725  740.0 -90  60  69  -1.563   0.0   0.0  744
 7.750  427.5  90  60  69  -1.563   0.0   0.0  433
 7.750  430.0  90  60  69  -1.563   0.0   0.0  435
 7.750  575.0  90  60  72   1.563  30.0  30.0  578
 7.750 1162.5  90  60  69   1.563 270.0  30.0 1166
 7.750  367.5 -90  60  81   1.563   0.0   0.0  372
 7.750  370.0 -90  60  72   1.563   0.0   0.0  373
 7.750  515.0 -90  60  75   1.563  30.0  30.0  519
 7.750  517.5 -90  60  75   1.563  30.0  30.0  519
 7.750  575.0 -90  60  72   1.563  30.0  30.0  579
 7.750  577.5 -90  60  75   1.563  30.0  30.0  579
 7.750  737.5 -90  60  69  -1.563   0.0   0.0  742
 7.750  740.0 -90  60  69  -1.563   0.0   0.0  744
 7.775  427.5  90  60  69   1.563 210.0  30.0  434
 7.775  430.0  90  60  72  -1.563   0.0   0.0  437
 7.775  432.5  90  60  72  -1.563   0.0   0.0  437
 7.775  575.0  90  60  72   1.563  30.0  30.0  577
 7.775  792.5  90  60  69   1.563 270.0  30.0  799
 7.775  795.0  90  60  69   1.563 270.0  30.0  798
 7.775  867.5  90  60  69   1.563   0.0   0.0  875
 7.775  872.5  90  60  69   1.563   0.0   0.0  878
 7.775 1160.0  90  60  69   1.563 270.0  30.0 1161
 7.775  367.5 -90  60  81   1.563   0.0   0.0  373
 7.775  370.0 -90  60  81  -1.563   0.0   0.0  374
 7.775  515.0 -90  60  72   1.563  30.0  30.0  519
 7.775  517.5 -90  60  75   1.563  30.0  30.0  519
 7.775  577.5 -90  60  75   1.563  30.0  30.0  580
 7.775  742.5 -90  60  72  -1.563   0.0   0.0  746
 7.800  435.0  90  63  75   1.563   0.0   0.0  440
 7.800  437.5  90  63  72  -1.563   0.0   0.0  441
 7.800  575.0  90  63  72   1.563  30.0  30.0  579
 7.800  795.0  90  63  72   1.563 270.0  30.0  797
 7.800  367.5 -90  63  75   1.563   0.0   0.0  373
 7.800  370.0 -90  63  84  -1.563   0.0   0.0  375
 7.800  372.5 -90  63  78  -1.563   0.0   0.0  376
 7.800  515.0 -90  63  72   1.563  30.0  30.0  518
 7.800  517.5 -90  63  75   1.563  30.0  30.0  519
 7.800  577.5 -90  63  72   1.563  30.0  30.0  579
 7.825  435.0  90  63  72  -1.563   0.0   0.0  440
 7.825  437.5  90  63  75   1.563   0.0   0.0  443
 7.825  440.0  90  63  75  -1.563   0.0   0.0  444
 7.825  517.5  90  63  72   1.563  30.0  30.0  520
 7.825  575.0  90  63  75   1.563  30.0  30.0  577
 7.825  370.0 -90  60  84   1.563   0.0   0.0  375
 7.825  372.5 -90  60  87  -1.563   0.0   0.0  376
 7.825  375.0 -90  60  72   1.563   0.0   0.0  377
 7.825  515.0 -90  60  72   1.563  30.0  30.0  519
 7.825  517.5 -90  60  75   1.563  30.0  30.0  518
 7.825  525.0 -90  60  69   1.563  30.0  30.0  526
 7.825  575.0 -90  60  69   1.563  30.0  30.0  578
 7.825  577.5 -90  60  75   1.563  30.0  30.0  579
 7.850  440.0  90  63  72  -1.563   0.0   0.0  446
 7.850  442.5  90  63  72   1.563   0.0   0.0  445
 7.850  575.0  90  63  72   1.563  30.0  30.0  578
 7.850  797.5  90  63  72   1.563 270.0  30.0  800
 7.850  887.5  90  63  72  -1.563   0.0   0.0  892
 7.850  890.0  90  63  75   1.563   0.0   0.0  894
 7.850  892.5  90  63  72  -1.563   0.0   0.0  897
 7.850  370.0 -90  63  78   1.563   0.0   0.0  377
 7.850  372.5 -90  63  87   1.563   0.0   0.0  377
 7.850  375.0 -90  63  84   1.563   0.0   0.0  378
 7.850  515.0 -90  63  72   1.563  30.0  30.0  519
 7.850  517.5 -90  63  72   1.563  30.0  30.0  517
 7.850  525.0 -90  63  72   1.563  30.0  30.0  528
 7.850  577.5 -90  63  72   1.563  30.0  30.0  579
 7.875  447.5  90  63  72   1.563   0.0   0.0  451
 7.875  450.0  90  63  75  -1.563   0.0   0.0  455
 7.875  452.5  90  63  72  -1.563   0.0   0.0  456
 7.875  517.5  90  63  72   1.563  30.0  30.0  520
 7.875  575.0  90  63  72   1.563  30.0  30.0  577
 7.875  797.5  90  63  72   1.563 270.0  30.0  800
 7.875  900.0  90  63  72   1.563   0.0   0.0  902
 7.875  902.5  90  63  72   1.563   0.0   0.0  906
 7.875  372.5 -90  63  84  -1.563   0.0   0.0  378
 7.875  375.0 -90  63  87  -1.563   0.0   0.0  379
 7.875  377.5 -90  63  78  -1.563   0.0   0.0  380
 7.875  515.0 -90  63  72   1.563  30.0  30.0  520
 7.875  517.5 -90  63  72   1.563  30.0  30.0  518
 7.875  525.0 -90  63  72   1.563  30.0  30.0  526
 7.875  577.5 -90  63  72   1.563  30.0  30.0  580
 7.900  450.0  90  60  72   1.563   0.0   0.0  455
 7.900  452.5  90  60  78  -1.563   0.0   0.0  457
 7.900  455.0  90  60  81  -1.563   0.0   0.0  459
 7.900  457.5  90  60  75  -1.563   0.0   0.0  461
 7.900  517.5  90  60  69   1.563  30.0  30.0  519
 7.900  575.0  90  60  72   1.563  30.0  30.0  576
 7.900  800.0  90  60  75   1.563 270.0  30.0  803
 7.900  900.0  90  60  69   1.563   0.0   0.0  904
 7.900  902.5  90  60  69  -1.563   0.0   0.0  907
 7.900  905.0  90  60  72  -1.563   0.0   0.0  909
 7.900  907.5  90  60  69  -1.563   0.0   0.0  911
 7.900  372.5 -90  60  69  -1.563   0.0   0.0  379
 7.900  375.0 -90  60  87  -1.563   0.0   0.0  380
 7.900  377.5 -90  60  87  -1.563   0.0   0.0  381
 7.900  515.0 -90  60  72   1.563  30.0  30.0  519
 7.900  517.5 -90  60  75   1.563  30.0  30.0  520
 7.900  522.5 -90  60  72   1.563  30.0  30.0  525
 7.900  525.0 -90  60  72   1.563  30.0  30.0  526
 7.900  575.0 -90  60  69   1.563  30.0  30.0  578
 7.900  577.5 -90  60  72   1.563  30.0  30.0  579
 7.925  455.0  90  60  81   1.563   0.0   0.0  459
 7.925  457.5  90  60  84  -1.563   0.0   0.0  462
 7.925  460.0  90  60  87  -1.563   0.0   0.0  464
 7.925  462.5  90  60  81   1.563   0.0   0.0  466
 7.925  465.0  90  60  72   1.563   0.0   0.0  466
 7.925  517.5  90  60  69   1.563  30.0  30.0  519
 7.925  575.0  90  60  72   1.563  30.0  30.0  576
 7.925  800.0  90  60  72   1.563 270.0  30.0  803
 7.925  802.5  90  60  72   1.563 270.0  30.0  804
 7.925  920.0  90  60  69   1.563   0.0   0.0  923
 7.925 1187.5  90  60  69   1.563 270.0  30.0 1190
 7.925 1192.5  90  60  69   1.563 270.0  30.0 1196
 7.925  375.0 -90  60  81  -1.563   0.0   0.0  381
 7.925  377.5 -90  60  87  -1.563   0.0   0.0  382
 7.925  380.0 -90  60  78  -1.563   0.0   0.0  382
 7.925  515.0 -90  60  69   1.563  30.0  30.0  518
 7.925  517.5 -90  60  72   1.563  30.0  30.0  518
 7.925  522.5 -90  60  69   1.563  30.0  30.0  524
 7.925  525.0 -90  60  69   1.563  30.0  30.0  525
 7.925  577.5 -90  60  75   1.563  30.0  30.0  579
 7.950  455.0  90  60  69  -1.563   0.0   0.0  462
 7.950  457.5  90  60  78  -1.563   0.0   0.0  463
 7.950  460.0  90  60  84  -1.563   0.0   0.0  465
 7.950  462.5  90  60  87  -1.563   0.0   0.0  467
 7.950  465.0  90  60  87  -1.563   0.0   0.0  469
 7.950  467.5  90  60  84  -1.563   0.0   0.0  471
 7.950  470.0  90  60  75  -1.563   0.0   0.0  473
 7.950  517.5  90  60  72   1.563  30.0  30.0  518
 7.950  575.0  90  60  72   1.563  30.0  30.0  577
 7.950  802.5  90  60  75   1.563 270.0  30.0  804
 7.950  945.0  90  60  69   1.563  30.0  30.0  949
 7.950  947.5  90  60  69  -1.563  30.0  30.0  941
 7.950  375.0 -90  60  69  -1.563   0.0   0.0  382
 7.950  377.5 -90  60  84  -1.563   0.0   0.0  382
 7.950  380.0 -90  60  84  -1.563   0.0   0.0  383
 7.950  382.5 -90  60  69   1.563   0.0   0.0  384
 7.950  517.5 -90  60  69   1.563  90.0  30.0  519
 7.950  575.0 -90  60  72   1.563  30.0  30.0  579
 7.950  577.5 -90  60  75   1.563  30.0  30.0  580
 7.975  462.5  90  63  78  -1.563   0.0   0.0  468
 7.975  465.0  90  63  84  -1.563   0.0   0.0  470
 7.975  467.5  90  63  87  -1.563   0.0   0.0  472
 7.975  470.0  90  63  87  -1.563   0.0   0.0  474
 7.975  472.5  90  63  84  -1.563   0.0   0.0  476
 7.975  475.0  90  63  78  -1.563   0.0   0.0  478
 7.975  517.5  90  63  72   1.563  30.0  30.0  521
 7.975  575.0  90  63  72   1.563  30.0  30.0  577
 7.975  802.5  90  63  75   1.563 270.0  30.0  805
 7.975 1215.0  90  63  72  -1.563  30.0  30.0 1207
 7.975  380.0 -90  63  81  -1.563   0.0   0.0  385
 7.975  382.5 -90  63  75   1.563   0.0   0.0  386
 7.975  577.5 -90  63  75   1.563  30.0  30.0  580
 8.000  467.5  90  63  75  -1.563   0.0   0.0  473
 8.000  470.0  90  63  84  -1.563   0.0   0.0  475
 8.000  472.5  90  63  87  -1.563   0.0   0.0  477
 8.000  475.0  90  63  87  -1.563   0.0   0.0  479
 8.000  477.5  90  63  78  -1.563   0.0   0.0  481
 8.000  517.5  90  63  75   1.563  30.0  30.0  521
 8.000  575.0  90  63  75   1.563  30.0  30.0  577
 8.000  805.0  90  63  75   1.563 270.0  30.0  806
 8.000 1202.5  90  63  72   4.688 330.0  30.0 1190
 8.000  380.0 -90  60  75   1.563   0.0   0.0  386
 8.000  382.5 -90  60  81  -1.563   0.0   0.0  387
 8.000  385.0 -90  60  75  -1.563   0.0   0.0  387
 8.000  575.0 -90  60  72   1.563  30.0  30.0  578
 8.000  577.5 -90  60  72   1.563  30.0  30.0  577
 8.025  472.5  90  75  84   1.563   0.0   0.0  477
 8.025  475.0  90  75  93  -1.563   0.0   0.0  480
 8.025  477.5  90  75  93   1.563   0.0   0.0  482
 8.025  480.0  90  75  93   1.563   0.0   0.0  484
 8.025  482.5  90  75  93   1.563   0.0   0.0  487
 8.025  485.0  90  75  87  -1.563   0.0   0.0  488
 8.025  487.5  90  75  84  -1.563   0.0   0.0  490
 8.025  517.5  90  75  87   1.563  30.0  30.0  520
 8.025  575.0  90  75  84   1.563  30.0  30.0  576
 8.025  805.0  90  75  84   1.563 270.0  30.0  809
 8.025  807.5  90  75  84   1.563 270.0  30.0  811
 8.025  382.5 -90  72  93  -1.563   0.0   0.0  388
 8.025  385.0 -90  72  93  -1.563   0.0   0.0  389
 8.025  387.5 -90  72  84  -1.563   0.0   0.0  389
 8.025  517.5 -90  72  84   1.563  30.0  30.0  519
 8.025  575.0 -90  72  81   1.563  30.0  30.0  577
 8.025  577.5 -90  72  84   1.563  30.0  30.0  579
 8.050  480.0  90  75  87  -1.563   0.0   0.0  483
 8.050  482.5  90  75  93  -1.563   0.0   0.0  487
 8.050  485.0  90  75  93  -1.563   0.0   0.0  489
 8.050  487.5  90  75  93  -1.563   0.0   0.0  491
 8.050  490.0  90  75  90  -1.563   0.0   0.0  494
 8.050  492.5  90  75  84  -1.563   0.0   0.0  495
 8.050  517.5  90  75  87   1.563  30.0  30.0  520
 8.050  575.0  90  75  84   1.563  30.0  30.0  576
 8.050  807.5  90  75  84   1.563 270.0  30.0  810
 8.050  385.0 -90  72  93  -1.563   0.0   0.0  390
 8.050  387.5 -90  72  93  -1.563   0.0   0.0  391
 8.050  390.0 -90  72  81  -1.563   0.0   0.0  393
 8.050  515.0 -90  72  81   1.563  30.0  30.0  520
 8.050  517.5 -90  72  87   1.563  30.0  30.0  519
 8.050  577.5 -90  72  84   1.563  30.0  30.0  580
 8.050  777.5 -90  72  81  -1.563   0.0   0.0  782
 8.075  110.0  90  75  84   4.688 330.0  30.0  117
 8.075  487.5  90  75  90  -1.563   0.0   0.0  492
 8.075  490.0  90  75  90  -1.563   0.0   0.0  494
 8.075  492.5  90  75  90  -1.563   0.0   0.0  497
 8.075  495.0  90  75  90  -1.563   0.0   0.0  500
 8.075  497.5  90  75  84  -1.563   0.0   0.0  503
 8.075  517.5  90  75  87   1.563  30.0  30.0  520
 8.075  575.0  90  75  84   1.563  30.0  30.0  577
 8.075  807.5  90  75  87   1.563 270.0  30.0  809
 8.075  810.0  90  75  84   1.563 270.0  30.0  811
 8.075 1027.5  90  75  84   1.563 330.0  30.0 1026
 8.075  385.0 -90  72  84  -1.563   0.0   0.0  392
 8.075  387.5 -90  72  96   1.563   0.0   0.0  392
 8.075  390.0 -90  72  90   1.563   0.0   0.0  393
 8.075  517.5 -90  72  90   1.563  30.0  30.0  519
 8.075  525.0 -90  72  81   1.563  30.0  30.0  524
 8.075  575.0 -90  72  84   1.563  30.0  30.0  577
 8.075  577.5 -90  72  84   1.563  30.0  30.0  578
 8.100  492.5  90  72  81   1.563   0.0   0.0  499
 8.100  495.0  90  72  84   1.563   0.0   0.0  500
 8.100  497.5  90  72  87  -1.563   0.0   0.0  502
 8.100  500.0  90  72  87   1.563   0.0   0.0  505
 8.100  502.5  90  72  87  -1.563   0.0   0.0  506
 8.100  505.0  90  72  84   1.563   0.0   0.0  510
 8.100  507.5  90  72  81  -1.563   0.0   0.0  511
 8.100  517.5  90  72  81   1.563  30.0  30.0  521
 8.100  575.0  90  72  84   1.563  30.0  30.0  577
 8.100  810.0  90  72  84   1.563 270.0  30.0  812
 8.100  387.5 -90  72  87  -1.563   0.0   0.0  392
 8.100  390.0 -90  72  93  -1.563   0.0   0.0  395
 8.100  392.5 -90  72  87  -1.563   0.0   0.0  396
 8.100  517.5 -90  72  90   1.563  30.0  30.0  519
 8.100  577.5 -90  72  84   1.563  30.0  30.0  579
 8.125  502.5  90  60  72   1.563   0.0   0.0  507
 8.125  505.0  90  60  72  -1.563   0.0   0.0  509
 8.125  507.5  90  60  72  -1.563   0.0   0.0  513
 8.125  510.0  90  60  72  -1.563   0.0   0.0  513
 8.125  575.0  90  60  72   1.563  30.0  30.0  577
 8.125  810.0  90  60  69   1.563 270.0  30.0  814
 8.125  812.5  90  60  72   1.563 270.0  30.0  814
 8.125  390.0 -90  60  78  -1.563   0.0   0.0  395
 8.125  392.5 -90  60  84  -1.563   0.0   0.0  397
 8.125  395.0 -90  60  75  -1.563   0.0   0.0  398
 8.125  517.5 -90  60  78   1.563  30.0  30.0  519
 8.125  575.0 -90  60  69   1.563  30.0  30.0  578
 8.125  577.5 -90  60  69   1.563  30.0  30.0  579
 8.125  787.5 -90  60  69  -1.563   0.0   0.0  790
 8.125  790.0 -90  60  69  -1.563   0.0   0.0  792
 8.150  512.5  90  60  69  -1.563   0.0   0.0  518
 8.150  515.0  90  60  69  -1.563   0.0   0.0  521
 8.150  517.5  90  60  69   1.563   0.0   0.0  521
 8.150  522.5  90  60  69   1.563   0.0   0.0  526
 8.150  575.0  90  60  72   1.563  30.0  30.0  578
 8.150  812.5  90  60  69   1.563 270.0  30.0  816
 8.150  390.0 -90  60  69   1.563   0.0   0.0  397
 8.150  392.5 -90  60  81  -1.563   0.0   0.0  398
 8.150  395.0 -90  60  81  -1.563   0.0   0.0  399
 8.150  517.5 -90  60  78   1.563  30.0  30.0  519
 8.150  575.0 -90  60  72   1.563  30.0  30.0  578
 8.150  577.5 -90  60  69   1.563  30.0  30.0  579
 8.175  575.0  90  75  84   1.563  30.0  30.0  575
 8.175  392.5 -90  75  84  -1.563   0.0   0.0  399
 8.175  395.0 -90  75  96  -1.563   0.0   0.0  400
 8.175  397.5 -90  75  90  -1.563   0.0   0.0  401
 8.175  517.5 -90  75  90   1.563  30.0  30.0  520
 8.200  575.0  90  72  84   1.563  30.0  30.0  578
 8.200  815.0  90  72  81   1.563 270.0  30.0  818
 8.200  817.5  90  72  84   1.563 270.0  30.0  819
 8.200  822.5  90  72  81   1.563 270.0  30.0  825
 8.200  395.0 -90  72  87  -1.563   0.0   0.0  401
 8.200  397.5 -90  72  96  -1.563   0.0   0.0  402
 8.200  400.0 -90  72  90  -1.563   0.0   0.0  403
 8.200  517.5 -90  72  87   1.563  30.0  30.0  519
 8.200  575.0 -90  72  84   1.563  30.0  30.0  578
 8.200  577.5 -90  72  84   1.563  30.0  30.0  578
 8.225  517.5  90  72  81   1.563  30.0  30.0  519
 8.225  550.0  90  72  81  -1.563   0.0   0.0  555
 8.225  575.0  90  72  84   1.563  30.0  30.0  576
 8.225  820.0  90  72  84   1.563 270.0  30.0  822
 8.225  397.5 -90  72  84  -1.563   0.0   0.0  404
 8.225  400.0 -90  72  93  -1.563   0.0   0.0  404
 8.225  402.5 -90  72  90   1.563   0.0   0.0  406
 8.225  517.5 -90  72  90   1.563  30.0  30.0  519
 8.225  575.0 -90  72  84   1.563  30.0  30.0  578
 8.225  577.5 -90  72  84   1.563  30.0  30.0  579
 8.250  315.0  90  72  81  -1.563  30.0  30.0  301
 8.250  317.5  90  72  81  -1.563 270.0  30.0  319
 8.250  562.5  90  72  81  -1.563   0.0   0.0  566
 8.250  565.0  90  72  81  -1.563   0.0   0.0  571
 8.250  567.5  90  72  81  -1.563   0.0   0.0  573
 8.250  575.0  90  72  84   1.563  30.0  30.0  574
 8.250  400.0 -90  72  87  -1.563   0.0   0.0  407
 8.250  402.5 -90  72  93  -1.563   0.0   0.0  407
 8.250  405.0 -90  72  87  -1.563   0.0   0.0  408
 8.250  517.5 -90  72  90   1.563  30.0  30.0  520
 8.250  520.0 -90  72  81   1.563  30.0  30.0  522
 8.250  577.5 -90  72  81   1.563  30.0  30.0  578
 8.250  800.0 -90  72  81   1.563 330.0  30.0  812
 8.250  810.0 -90  72  81  -1.563   0.0   0.0  813
 8.275  572.5  90  72  81   1.563  30.0  30.0  577
 8.275  575.0  90  72  87   1.563  30.0  30.0  577
 8.275  577.5  90  72  81   1.563   0.0   0.0  582
 8.275  580.0  90  72  81  -1.563   0.0   0.0  584
 8.275  582.5  90  72  81  -1.563   0.0   0.0  586
 8.275  585.0  90  72  84   1.563   0.0   0.0  588
 8.275  587.5  90  72  81  -1.563   0.0   0.0  591
 8.275  595.0  90  72  81  -1.563   0.0   0.0  600
 8.275  402.5 -90  72  90  -1.563   0.0   0.0  408
 8.275  405.0 -90  72  93  -1.563   0.0   0.0  409
 8.275  407.5 -90  72  87  -1.563   0.0   0.0  411
 8.275  410.0 -90  72  81  -1.563   0.0   0.0  412
 8.275  515.0 -90  72  81   1.563  30.0  30.0  520
 8.275  517.5 -90  72  93   1.563  30.0  30.0  519
 8.275  575.0 -90  72  87   1.563  30.0  30.0  578
 8.275  577.5 -90  72  87   1.563  30.0  30.0  578
 8.275  800.0 -90  72  81   1.563 270.0  30.0  800
 8.300  607.5  90  78  87   1.563   0.0   0.0  612
 8.300  610.0  90  78  87  -1.563   0.0   0.0  615
 8.300  612.5  90  78  87  -1.563   0.0   0.0  618
 8.300  615.0  90  78  87  -1.563   0.0   0.0  619
 8.300  825.0  90  78  87   1.563 270.0  30.0  828
 8.300  405.0 -90  75  87   1.563   0.0   0.0  410
 8.300  407.5 -90  75  93  -1.563   0.0   0.0  411
 8.300  410.0 -90  75  84   1.563   0.0   0.0  412
 8.300  517.5 -90  75  90   1.563  30.0  30.0  520
 8.300  575.0 -90  75  87   1.563  30.0  30.0  578
 8.300  577.5 -90  75  87   1.563  30.0  30.0  578
 8.325  575.0  90  72  84   1.563  30.0  30.0  577
 8.325  605.0  90  72  81  -1.563   0.0   0.0  609
 8.325  607.5  90  72  81  -1.563   0.0   0.0  613
 8.325  610.0  90  72  87  -1.563   0.0   0.0  616
 8.325  612.5  90  72  87  -1.563   0.0   0.0  617
 8.325  615.0  90  72  87  -1.563   0.0   0.0  620
 8.325  617.5  90  72  84  -1.563   0.0   0.0  622
 8.325  620.0  90  72  81  -1.563   0.0   0.0  624
 8.325  622.5  90  72  81  -1.563   0.0   0.0  628
 8.325  625.0  90  72  81  -1.563   0.0   0.0  629
 8.325  627.5  90  72  84  -1.563   0.0   0.0  632
 8.325  630.0  90  72  84  -1.563   0.0   0.0  634
 8.325  640.0  90  72  81   1.563   0.0   0.0  644
 8.325  825.0  90  72  87   1.563 270.0  30.0  827
 8.325  827.5  90  72  81   1.563 270.0  30.0  828
 8.325  407.5 -90  72  84  -1.563   0.0   0.0  413
 8.325  410.0 -90  72  90  -1.563   0.0   0.0  414
 8.325  412.5 -90  72  87   1.563   0.0   0.0  417
 8.325  517.5 -90  72  93   1.563  30.0  30.0  519
 8.325  520.0 -90  72  81   1.563  30.0  30.0  521
 8.325  577.5 -90  72  84   1.563  30.0  30.0  579
 8.350  575.0  90  72  84   1.563  30.0  30.0  584
 8.350  825.0  90  72  81   1.563 270.0  30.0  831
 8.350  827.5  90  72  87   1.563 270.0  30.0  841
 8.350  410.0 -90  72  87  -1.563   0.0   0.0  416
 8.350  412.5 -90  72  93  -1.563   0.0   0.0  417
 8.350  415.0 -90  72  90  -1.563   0.0   0.0  419
 8.350  517.5 -90  72  90   1.563  30.0  30.0  527
 8.350  520.0 -90  72  84   1.563  30.0  30.0  523
 8.350  575.0 -90  72  87   1.563  30.0  30.0  561
 8.350  577.5 -90  72  84   1.563  30.0  30.0  572
 8.375  575.0  90  72  84   1.563  30.0  30.0  576
 8.375  700.0  90  72  81   1.563   0.0   0.0  706
 8.375  827.5  90  72  84   1.563 270.0  30.0  830
 8.375  830.0  90  72  81   1.563 270.0  30.0  832
 8.375  412.5 -90  72  84  -1.563   0.0   0.0  418
 8.375  415.0 -90  72  93  -1.563   0.0   0.0  419
 8.375  417.5 -90  72  84  -1.563   0.0   0.0  421
 8.375  517.5 -90  72  84   1.563  30.0  30.0  520
 8.375  520.0 -90  72  84   1.563  30.0  30.0  521
 8.375  575.0 -90  72  84   1.563  30.0  30.0  579
 8.375  577.5 -90  72  84   1.563  30.0  30.0  579
 8.400  575.0  90  72  81   1.563  30.0  30.0  576
 8.400  695.0  90  72  81  -1.563   0.0   0.0  700
 8.400  697.5  90  72  81  -1.563   0.0   0.0  703
 8.400  712.5  90  72  81   1.563   0.0   0.0  719
 8.400  715.0  90  72  81  -1.563   0.0   0.0  719
 8.400  717.5  90  72  81  -1.563   0.0   0.0  722
 8.400  830.0  90  72  84   1.563 270.0  30.0  832
 8.400  415.0 -90  72  84  -1.563   0.0   0.0  420
 8.400  417.5 -90  72  90  -1.563   0.0   0.0  422
 8.400  420.0 -90  72  87  -1.563   0.0   0.0  424
 8.400  517.5 -90  72  81   1.563  30.0  30.0  518
 8.400  577.5 -90  72  81   1.563  30.0  30.0  578
 8.425  575.0  90  72  84   1.563  30.0  30.0  578
 8.425  832.5  90  72  87   1.563 270.0  30.0  835
 8.425  835.0  90  72  87   1.563 270.0  30.0  837
 8.425  417.5 -90  72  84  -1.563   0.0   0.0  424
 8.425  420.0 -90  72  87  -1.563   0.0   0.0  425
 8.425  422.5 -90  72  87   1.563   0.0   0.0  428
 8.425  425.0 -90  72  84  -1.563   0.0   0.0  429
 8.425  517.5 -90  72  84   1.563 150.0  30.0  519
 8.425  520.0 -90  72  81   1.563  30.0  30.0  521
 8.425  575.0 -90  72  84   1.563  30.0  30.0  579
 8.450  832.5  90  75  84   1.563 270.0  30.0  836
 8.450  835.0  90  75  87   1.563  30.0  30.0  836
 8.450  422.5 -90  72  84  -1.563   0.0   0.0  428
 8.450  425.0 -90  72  90  -1.563   0.0   0.0  429
 8.450  427.5 -90  72  81  -1.563   0.0   0.0  432
 8.450  517.5 -90  72  87   1.563  30.0  30.0  521
 8.450  520.0 -90  72  84   1.563  30.0  30.0  521
 8.450  575.0 -90  72  87   1.563  30.0  30.0  577
 8.450  577.5 -90  72  81   1.563  30.0  30.0  577
 8.450 1230.0 -90  72  81  -1.563 270.0  30.0 1223
 8.450 1232.5 -90  72  81   4.688 270.0  30.0 1224
 8.450 1235.0 -90  72  81   1.563 270.0  30.0 1248
 8.450 1240.0 -90  72  81  -4.688 270.0  30.0 1239
 8.450 1242.5 -90  72  84   4.688 270.0  30.0 1257
 8.450 1245.0 -90  72  81   1.563 270.0  30.0 1257
 8.450 1247.5 -90  72  81  -1.563 270.0  30.0 1262
 8.450 1252.5 -90  72  81   4.688 150.0  30.0 1239
 8.450 1255.0 -90  72  84   4.688 270.0  30.0 1252
 8.450 1257.5 -90  72  87   4.688 270.0  30.0 1269
 8.450 1260.0 -90  72  87  -4.688 270.0  30.0 1260
 8.450 1262.5 -90  72  87   1.563 270.0  30.0 1272
 8.450 1265.0 -90  72  87  -1.563 270.0  30.0 1264
 8.450 1267.5 -90  72  84  -1.563 270.0  30.0 1274
 8.450 1270.0 -90  72  84  -4.688 270.0  30.0 1271
 8.450 1272.5 -90  72  87   1.563 270.0  30.0 1267
 8.450 1275.0 -90  72  87  -1.563 270.0  30.0 1264
 8.450 1277.5 -90  72  84  -4.688 270.0  30.0 1275
 8.450 1280.0 -90  72  84  -4.688 270.0  30.0 1293
 8.450 1282.5 -90  72  81  -1.563 270.0  30.0 1283
 8.475  837.5  90  75  84   1.563 270.0  30.0  841
 8.475  425.0 -90  72  84   1.563   0.0   0.0  432
 8.475  427.5 -90  72  90   1.563   0.0   0.0  432
 8.475  430.0 -90  72  87   1.563   0.0   0.0  434
 8.475  517.5 -90  72  84   1.563  30.0  30.0  520
 8.475  520.0 -90  72  81   1.563  30.0  30.0  521
 8.475  577.5 -90  72  81   1.563  30.0  30.0  577
 8.500  575.0  90  72  81   1.563  30.0  30.0  577
 8.500  837.5  90  72  81   1.563 270.0  30.0  841
 8.500  840.0  90  72  81   1.563 270.0  30.0  843
 8.500  427.5 -90  72  81  -1.563   0.0   0.0  432
 8.500  430.0 -90  72  87  -1.563   0.0   0.0  434
 8.500  432.5 -90  72  84  -1.563   0.0   0.0  435
 8.500  575.0 -90  72  87   1.563  30.0  30.0  576
 8.500  577.5 -90  72  81   1.563  30.0  30.0  577
 8.525  840.0  90  75  84   1.563 270.0  30.0  842
 8.525  842.5  90  75  84   1.563 270.0  30.0  845
 8.525  432.5 -90  72  84  -1.563   0.0   0.0  438
 8.525  435.0 -90  72  84  -1.563   0.0   0.0  439
 8.525  575.0 -90  72  87   1.563  30.0  30.0  577
 8.525  577.5 -90  72  84   1.563  30.0  30.0  578
 8.550  840.0  90  72  81   1.563 270.0  30.0  843
 8.550  842.5  90  72  87   1.563 270.0  30.0  845
 8.550  845.0  90  72  84   1.563 270.0  30.0  846
 8.550  435.0 -90  72  81  -1.563   0.0   0.0  441
 8.550  437.5 -90  72  81  -1.563   0.0   0.0  442
 8.550  575.0 -90  72  81   1.563  30.0  30.0  577
 8.550  577.5 -90  72  84   1.563  30.0  30.0  578
 8.575  575.0  90  72  81   1.563  30.0  30.0  576
 8.575  842.5  90  72  81   1.563 270.0  30.0  847
 8.575  845.0  90  72  90   1.563 270.0  30.0  848
 8.575  847.5  90  72  87   1.563 270.0  30.0  849
 8.575  575.0 -90  72  87   1.563  30.0  30.0  579
 8.575  577.5 -90  72  84   1.563  30.0  30.0  578
 8.600  575.0  90  72  81   1.563  30.0  30.0  576
 8.600  845.0  90  72  81   1.563 270.0  30.0  849
 8.600  847.5  90  72  90   1.563 270.0  30.0  850
 8.600  850.0  90  72  87   1.563 270.0  30.0  851
 8.600  445.0 -90  69  78   1.563   0.0   0.0  447
 8.600  447.5 -90  69  78   1.563   0.0   0.0  449
 8.600  517.5 -90  69  78   1.563  30.0  30.0  518
 8.600  575.0 -90  69  87   1.563  30.0  30.0  577
 8.600  577.5 -90  69  84   1.563  30.0  30.0  577
 8.625  575.0  90  72  81   1.563  30.0  30.0  576
 8.625  847.5  90  72  84   1.563 270.0  30.0  851
 8.625  850.0  90  72  90   1.563 270.0  30.0  852
 8.625  852.5  90  72  84   1.563 270.0  30.0  854
 8.625  517.5 -90  72  81   1.563  30.0  30.0  521
 8.625  575.0 -90  72  84   1.563  30.0  30.0  578
 8.625  577.5 -90  72  84   1.563  30.0  30.0  579
 8.650  575.0  90  72  84   1.563  30.0  30.0  577
 8.650  850.0  90  72  81   1.563 270.0  30.0  852
 8.650  852.5  90  72  87   1.563 270.0  30.0  855
 8.650  855.0  90  72  84   1.563  30.0  30.0  857
 8.650  517.5 -90  69  81   1.563  30.0  30.0  521
 8.650  572.5 -90  69  78   1.563  30.0  30.0  572
 8.650  575.0 -90  69  78   1.563  30.0  30.0  579
 8.650  577.5 -90  69  81   1.563  30.0  30.0  577
 8.650  820.0 -90  69  81   1.563  30.0  30.0  823
 8.650  822.5 -90  69  78   1.563 270.0  30.0  825
 8.675  575.0  90  69  84   1.563  30.0  30.0  576
 8.675  855.0  90  69  84   1.563  30.0  30.0  858
 8.675  857.5  90  69  78   1.563  30.0  30.0  859
 8.675  862.5  90  69  78   1.563 270.0  30.0  864
 8.675  517.5 -90  69  81   1.563  30.0  30.0  520
 8.675  575.0 -90  69  87   1.563  30.0  30.0  578
 8.675  577.5 -90  69  81   1.563  30.0  30.0  578
 8.675  820.0 -90  69  78   1.563 270.0  30.0  825
 8.700  857.5  90  78  87   1.563 270.0  30.0  861
 8.700  860.0  90  78  87   1.563 270.0  30.0  862
 8.700  395.0 -90  75  84   4.688 150.0  30.0  404
 8.700  575.0 -90  75  87   1.563  30.0  30.0  578
 8.725  572.5  90  69  78   1.563  30.0  30.0  575
 8.725  575.0  90  69  84   1.563  30.0  30.0  576
 8.725  860.0  90  69  87   1.563 270.0  30.0  862
 8.725  862.5  90  69  84   1.563  30.0  30.0  864
 8.725  865.0  90  69  78   1.563 270.0  30.0  868
 8.725  867.5  90  69  78   1.563 270.0  30.0  869
 8.725  470.0 -90  69  78  -1.563   0.0   0.0  474
 8.725  575.0 -90  69  84   1.563  30.0  30.0  579
 8.725  577.5 -90  69  84   1.563  30.0  30.0  579
 8.725  825.0 -90  69  78   1.563  30.0  30.0  826
 8.750  575.0  90  69  84   1.563  30.0  30.0  576
 8.750  860.0  90  69  78   1.563  30.0  30.0  861
 8.750  862.5  90  69  87   1.563 270.0  30.0  865
 8.750  867.5  90  69  78   4.688 270.0  30.0  869
 8.750  517.5 -90  69  78   1.563  30.0  30.0  517
 8.750  572.5 -90  69  78   1.563 150.0  30.0  579
 8.750  575.0 -90  69  84   1.563  30.0  30.0  578
 8.750  577.5 -90  69  81   1.563  30.0  30.0  579
 8.750  827.5 -90  69  78   1.563 270.0  30.0  830
 8.750 1185.0 -90  69  78   1.563 330.0  30.0 1190
 8.775  575.0  90  72  81   1.563  30.0  30.0  576
 8.775  865.0  90  72  81   1.563 270.0  30.0  868
 8.775  867.5  90  72  84   1.563 270.0  30.0  870
 8.775  870.0  90  72  81   1.563 270.0  30.0  871
 8.775  575.0 -90  69  90   1.563  30.0  30.0  577
 8.775  577.5 -90  69  84   1.563  30.0  30.0  578
 8.775  827.5 -90  69  78   1.563 270.0  30.0  830
 8.800  572.5  90  69  78   1.563  30.0  30.0  574
 8.800  575.0  90  69  84   1.563  30.0  30.0  575
 8.800  867.5  90  69  78   1.563 270.0  30.0  871
 8.800  870.0  90  69  84   1.563 270.0  30.0  871
 8.800  872.5  90  69  78   1.563 270.0  30.0  875
 8.800  575.0 -90  69  87   1.563  30.0  30.0  577
 8.800  577.5 -90  69  84   1.563  30.0  30.0  578
 8.800  827.5 -90  69  78   1.563  30.0  30.0  830
 8.800  830.0 -90  69  78   1.563  30.0  30.0  832
 8.825 1182.5 -90  69  78  -4.688 330.0  30.0 1190
 8.825 1192.5 -90  69  78  -1.563 330.0  30.0 1183
 8.825 1197.5 -90  69  78   4.688 330.0  30.0 1204
 8.825 1202.5 -90  69  78  -1.563 330.0  30.0 1212
 8.825 1207.5 -90  69  78   1.563 330.0  30.0 1197
 8.825 1212.5 -90  69  78   4.688 330.0  30.0 1201
 8.825 1217.5 -90  69  78   1.563 330.0  30.0 1214
 8.825 1222.5 -90  69  81   1.563 330.0  30.0 1234
 8.825 1227.5 -90  69  78  -1.563 330.0  30.0 1240
 9.000  107.5  90  72  81   4.688  90.0  30.0  114
 9.000  990.0 -90  69  78   1.563  90.0  30.0  999
 9.000 1020.0 -90  69  78   4.688 270.0  30.0 1032
 9.050  575.0  90  69  81   1.563  30.0  30.0  577
 9.050  907.5  90  69  78   1.563  30.0  30.0  909
 9.050  910.0  90  69  78   1.563 270.0  30.0  912
 9.050  912.5  90  69  78   1.563 270.0  30.0  914
 9.050  920.0  90  69  78   1.563 270.0  30.0  922
 9.050  575.0 -90  69  78   1.563  30.0  30.0  580
 9.050  577.5 -90  69  81   1.563  30.0  30.0  578
 9.075  575.0  90  72  81   1.563  30.0  30.0  577
 9.075  920.0  90  72  81   1.563 270.0  30.0  921
 9.075  922.5  90  72  84   1.563 270.0  30.0  924
 9.075  575.0 -90  72  87   1.563  30.0  30.0  578
 9.075  577.5 -90  72  84   1.563  30.0  30.0  579
 9.075  850.0 -90  72  81   1.563  30.0  30.0  853
 9.100  575.0  90  69  81   1.563  30.0  30.0  577
 9.100  922.5  90  69  81   1.563  30.0  30.0  925
 9.100  925.0  90  69  78   1.563 270.0  30.0  927
 9.100  932.5  90  69  81   1.563 270.0  30.0  934
 9.100  935.0  90  69  78   1.563 270.0  30.0  937
 9.100  575.0 -90  69  90   1.563  30.0  30.0  577
 9.100  577.5 -90  69  84   1.563  30.0  30.0  577
 9.100  852.5 -90  69  81   1.563  30.0  30.0  855
 9.100  855.0 -90  69  78   1.563  30.0  30.0  854
 9.125  575.0  90  69  78   1.563  30.0  30.0  578
 9.125  930.0  90  69  78   1.563 270.0  30.0  934
 9.125  932.5  90  69  84   1.563  30.0  30.0  935
 9.125  935.0  90  69  84   1.563 270.0  30.0  936
 9.125  937.5  90  69  81   1.563  30.0  30.0  940
 9.125  940.0  90  69  81   1.563  30.0  30.0  942
 9.125  575.0 -90  69  87   1.563  30.0  30.0  577
 9.125  577.5 -90  69  84   1.563  30.0  30.0  578
 9.125  855.0 -90  69  81   1.563  30.0  30.0  857
 9.150  575.0  90  66  78   1.563  30.0  30.0  579
 9.150  932.5  90  66  75   1.563  30.0  30.0  936
 9.150  935.0  90  66  78   1.563 270.0  30.0  936
 9.150  937.5  90  66  81   1.563  30.0  30.0  939
 9.150  940.0  90  66  78   1.563  30.0  30.0  941
 9.150  942.5  90  66  78   1.563  30.0  30.0  945
 9.150  945.0  90  66  81   1.563 270.0  30.0  947
 9.150  947.5  90  66  81   1.563 270.0  30.0  950
 9.150  950.0  90  66  81   1.563 270.0  30.0  950
 9.150  952.5  90  66  75   1.563 270.0  30.0  954
 9.150  957.5  90  66  75   1.563 270.0  30.0  959
 9.150  575.0 -90  66  78   1.563  30.0  30.0  579
 9.150  577.5 -90  66  78   1.563  30.0  30.0  578
 9.150  855.0 -90  66  78   1.563  30.0  30.0  857
 9.150  857.5 -90  66  81   1.563  30.0  30.0  860
 9.150  860.0 -90  66  81   1.563  30.0  30.0  861
 9.150  862.5 -90  66  75   1.563 270.0  30.0  862
 9.175  947.5  90  69  81   1.563 270.0  30.0  949
 9.175  950.0  90  69  81   1.563  30.0  30.0  952
 9.175  952.5  90  69  78   1.563  30.0  30.0  955
 9.175  955.0  90  69  78   1.563 270.0  30.0  958
 9.175  957.5  90  69  81   1.563 270.0  30.0  959
 9.175  960.0  90  69  78   1.563  30.0  30.0  961
 9.175  575.0 -90  69  81   1.563 330.0  30.0  576
 9.175  577.5 -90  69  81   1.563  30.0  30.0  578
 9.175  857.5 -90  69  81   1.563  30.0  30.0  861
 9.175  860.0 -90  69  87   1.563  30.0  30.0  862
 9.175  865.0 -90  69  81   1.563  30.0  30.0  867
 9.200  962.5  90  69  78   1.563 270.0  30.0  964
 9.200  970.0  90  69  78   1.563  30.0  30.0  973
 9.200  972.5  90  69  78   1.563 330.0  30.0  987
 9.200  975.0  90  69  78   1.563 270.0  30.0  979
 9.200  575.0 -90  66  87   1.563  30.0  30.0  578
 9.200  577.5 -90  66  81   1.563  30.0  30.0  579
 9.200  860.0 -90  66  78   1.563  30.0  30.0  862
 9.200  862.5 -90  66  75   1.563  30.0  30.0  864
 9.200  865.0 -90  66  78   1.563 270.0  30.0  867
 9.200  885.0 -90  66  75   1.563  30.0  30.0  888
 9.225  575.0  90  69  78   1.563  30.0  30.0  578
 9.225  987.5  90  69  78   1.563 270.0  30.0  988
 9.225 1010.0  90  69  78   1.563 270.0  30.0 1012
 9.225 1012.5  90  69  78   1.563 270.0  30.0 1014
 9.225  575.0 -90  69  87   1.563 150.0  30.0  578
 9.225  577.5 -90  69  81   1.563  30.0  30.0  578
 9.225  865.0 -90  69  78   1.563 270.0  30.0  868
 9.250  575.0  90  69  78   1.563  30.0  30.0  576
 9.250  575.0 -90  72  84   1.563  30.0  30.0  577
 9.250  577.5 -90  72  81   1.563  30.0  30.0  578
 9.250  867.5 -90  72  84   1.563  30.0  30.0  868
 9.275  112.5  90  69  78  -1.563  90.0  30.0   99
 9.275  575.0  90  69  78   1.563  30.0  30.0  576
 9.275  872.5 -90  72  81   1.563 270.0  30.0  876
 9.300  575.0  90  69  81   1.563  30.0  30.0  576
 9.300  577.5 -90  69  78   1.563  30.0  30.0  577
 9.300  875.0 -90  69  78   1.563  30.0  30.0  876
 9.325  575.0  90  69  81   1.563  30.0  30.0  577
 9.325  575.0 -90  69  84   1.563 150.0  30.0  577
 9.325  577.5 -90  69  81   1.563 150.0  30.0  577
 9.325  875.0 -90  69  81   1.563  30.0  30.0  878
 9.350  575.0  90  66  81   1.563  30.0  30.0  577
 9.350  577.5  90  66  75   1.563 330.0  30.0  575
 9.350  575.0 -90  66  84   1.563  30.0  30.0  578
 9.350  577.5 -90  66  81   1.563  30.0  30.0  578
 9.350  882.5 -90  66  78   1.563  30.0  30.0  884
 9.375  575.0  90  72  81   1.563  30.0  30.0  578
 9.375  575.0 -90  72  84   1.563  30.0  30.0  579
 9.375  577.5 -90  72  84   1.563  30.0  30.0  577
 9.375  885.0 -90  72  81   1.563  30.0  30.0  887
 9.400  575.0  90  72  81   1.563  30.0  30.0  576
 9.400  577.5 -90  72  81   1.563  30.0  30.0  576
 9.400  885.0 -90  72  81   1.563  30.0  30.0  887
 9.425  575.0  90  69  81   1.563  30.0  30.0  580
 9.425  107.5 -90  69  78   1.563 270.0  30.0  100
 9.425  577.5 -90  69  78   1.563  30.0  30.0  577
 9.425  885.0 -90  69  78   1.563  30.0  30.0  886
 9.425  887.5 -90  69  78   1.563  30.0  30.0  890
 9.425  892.5 -90  69  78   1.563  30.0  30.0  895
 9.450  552.5  90  72  81  -1.563  30.0  30.0  542
 9.450  575.0  90  72  81   1.563  30.0  30.0  578
 9.450  575.0 -90  69  78   1.563 330.0  30.0  579
 9.450  577.5 -90  69  81   1.563  30.0  30.0  576
 9.450  890.0 -90  69  78   1.563 270.0  30.0  895
 9.450 1145.0 -90  69  78  -4.688  30.0  30.0 1160
 9.450 1272.5 -90  69  78  -1.563   0.0   0.0 1270
 9.450 1275.0 -90  69  78   1.563   0.0   0.0 1269
 9.475   80.0  90  81  90  -4.688  30.0  30.0   86
 9.475   82.5  90  81  90   4.688  30.0  30.0   83
 9.475   85.0  90  81  90   4.688  30.0  30.0   82
 9.500   85.0  90  75  84   4.688  30.0  30.0   99
 9.500   92.5  90  75  84   1.563  30.0  30.0  104
 9.500  105.0  90  75  84   1.563  30.0  30.0   91
 9.500  107.5  90  75  84   1.563  30.0  30.0   93
 9.500  110.0  90  75  84   1.563  30.0  30.0   99
 9.500  125.0  90  75  84   1.563  30.0  30.0  136
 9.500  127.5  90  75  84   1.563  30.0  30.0  141
 9.500 1280.0  90  75  84   4.688  30.0  30.0 1290
 9.500 1282.5  90  75  84   1.563  30.0  30.0 1292
 9.500  575.0 -90  75  84   1.563 330.0  30.0  579
 9.500  577.5 -90  75  87   1.563  30.0  30.0  578
 9.525  575.0 -90  66  84   1.563  30.0  30.0  579
 9.525  577.5 -90  66  87   1.563 150.0  30.0  578
 9.525  897.5 -90  66  75   1.563  30.0  30.0  903
 9.525  900.0 -90  66  78   1.563  30.0  30.0  903
 9.525  902.5 -90  66  75   1.563  30.0  30.0  904
 9.525  905.0 -90  66  75   1.563  30.0  30.0  907
 9.525  907.5 -90  66  75   1.563 270.0  30.0  911
 9.550  575.0  90  66  75   1.563  30.0  30.0  577
 9.550  575.0 -90  66  84   1.563  30.0  30.0  578
 9.550  577.5 -90  66  87   1.563  30.0  30.0  579
 9.550  907.5 -90  66  75   1.563  30.0  30.0  909
 9.550  910.0 -90  66  75   1.563  30.0  30.0  911
 9.550  912.5 -90  66  75   1.563 270.0  30.0  913
 9.575  575.0 -90  66  81   1.563  30.0  30.0  579
 9.575  577.5 -90  66  84   1.563  30.0  30.0  579
 9.575  910.0 -90  66  78   1.563  30.0  30.0  911
 9.600  575.0 -90  66  78   1.563  30.0  30.0  579
 9.600  577.5 -90  66  84   1.563  30.0  30.0  578
 9.600  927.5 -90  66  75   1.563 270.0  30.0  930
 9.625  212.5 -90  69  78  -4.688   0.0   0.0  210
 9.625  575.0 -90  69  78   1.563  30.0  30.0  579
 9.625  577.5 -90  69  84   1.563  30.0  30.0  579
 9.625  922.5 -90  69  78   1.563 270.0  30.0  925
 9.625  925.0 -90  69  78   1.563  30.0  30.0  925
 9.650  575.0 -90  66  78   1.563  30.0  30.0  579
 9.650  577.5 -90  66  84   1.563  30.0  30.0  579
 9.650  922.5 -90  66  75   1.563  30.0  30.0  926
 9.650  925.0 -90  66  75   1.563  30.0  30.0  925
 9.650  932.5 -90  66  75   1.563  30.0  30.0  935
 9.675  575.0 -90  66  81   1.563 330.0  30.0  577
 9.675  577.5 -90  66  84   1.563 150.0  30.0  579
 9.675  932.5 -90  66  78   1.563  30.0  30.0  934
 9.675  935.0 -90  66  78   1.563  30.0  30.0  936
 9.700  897.5  90  69  78  -1.563  90.0  30.0  900
 9.700  932.5  90  69  78  -4.688  90.0  30.0  919
 9.700 1152.5  90  69  78   1.563  90.0  30.0 1159
 9.700  575.0 -90  69  81   1.563 330.0  30.0  578
 9.700  577.5 -90  69  87   1.563  30.0  30.0  577
 9.725  575.0 -90  69  81   1.563 150.0  30.0  578
 9.725  577.5 -90  69  87   1.563 150.0  30.0  578
 9.750  575.0 -90  69  81   1.563 150.0  30.0  578
 9.750  577.5 -90  69  87   1.563 150.0  30.0  579
 9.775  575.0 -90  66  81   1.563   0.0   0.0  579
 9.775  577.5 -90  66  87   1.563 150.0  30.0  579
 9.775  965.0 -90  66  75   1.563  30.0  30.0  967
 9.800  552.5 -90  66  75   1.563 270.0  30.0  543
 9.800  575.0 -90  66  75   1.563 150.0  30.0  577
 9.800  577.5 -90  66  84   1.563 150.0  30.0  578
 9.800  585.0 -90  66  75  -4.688 330.0  30.0  585
 9.800  972.5 -90  66  75   1.563  30.0  30.0  973
 9.800  975.0 -90  66  75   1.563  30.0  30.0  976
 9.800  977.5 -90  66  75   1.563  30.0  30.0  980
 9.800  980.0 -90  66  81   1.563  30.0  30.0  982
 9.800 1037.5 -90  66  75  -4.688 270.0  30.0 1023
 9.800 1260.0 -90  66  75  -4.688 270.0  30.0 1257
 9.825  575.0 -90  63  72   1.563 150.0  30.0  579
 9.825  577.5 -90  63  84   1.563  30.0  30.0  579
 9.825  977.5 -90  63  72   1.563  30.0  30.0  980
 9.825  980.0 -90  63  72   1.563  30.0  30.0  982
 9.825  990.0 -90  63  72   1.563  30.0  30.0  992
 9.850 1052.5  90  63  72   1.563  30.0  30.0 1056
 9.850  575.0 -90  63  72   1.563  30.0  30.0  576
 9.850  577.5 -90  63  81   1.563  30.0  30.0  579
 9.875  577.5 -90  63  81   1.563 150.0  30.0  578
 9.875 1045.0 -90  63  72   1.563 270.0  30.0 1047
 9.900  577.5 -90  63  78   1.563  30.0  30.0  579
 9.925  577.5  90  51  60   1.563   0.0   0.0  581
 9.925  577.5 -90  51  66   1.563 330.0  30.0  579
 9.950  577.5  90  51  60   1.563   0.0   0.0  577
 9.950  577.5 -90  51  66   1.563  30.0  30.0  580
 9.975  840.0  90  51  60   1.563   0.0   0.0  846
 9.975 1052.5  90  51  60  -1.563  30.0  30.0 1057
10.025  840.0  90  51  60   1.563   0.0   0.0  841
10.125 1057.5  90  51  60   1.563   0.0   0.0 1062
10.150  577.5  90  51  66   1.563 150.0  30.0  580
10.150  580.0  90  51  63   1.563 150.0  30.0  580
10.150  577.5 -90  51  69   1.563 330.0  30.0  581
10.150  580.0 -90  51  63   1.563 330.0  30.0  582
10.175  577.5  90  51  66   1.563   0.0   0.0  579
10.175  580.0  90  51  63   1.563   0.0   0.0  581
10.175  577.5 -90  51  66   1.563 330.0  30.0  580
10.175  580.0 -90  51  63   1.563 330.0  30.0  582
10.200  577.5  90  51  63   1.563 210.0  30.0  581
10.200  580.0  90  51  63   1.563  30.0  30.0  578
10.200 1060.0  90  51  60   1.563  30.0  30.0 1065
10.200  577.5 -90  51  66   1.563 330.0  30.0  581
10.200  580.0 -90  51  63   1.563 330.0  30.0  581
10.225  577.5  90  51  63   1.563 150.0  30.0  580
10.225  580.0  90  51  66   1.563   0.0   0.0  578
10.225  577.5 -90  51  66   1.563 330.0  30.0  582
10.225  580.0 -90  51  63   1.563 330.0  30.0  581
10.250  577.5  90  51  66   1.563   0.0   0.0  580
10.250  580.0  90  51  66   1.563 150.0  30.0  581
10.250  875.0  90  51  60   1.563 270.0  30.0  878
10.250  577.5 -90  51  63   1.563 330.0  30.0  582
10.250  580.0 -90  51  63   1.563 330.0  30.0  580
10.275  577.5  90  51  66   1.563 150.0  30.0  583
10.275  580.0  90  51  69   1.563   0.0   0.0  582
10.275  875.0  90  51  60   1.563   0.0   0.0  879
10.275  577.5 -90  51  63   1.563 330.0  30.0  583
10.275  580.0 -90  51  63   1.563 330.0  30.0  584
10.300  577.5  90  51  63   1.563  30.0  30.0  582
10.300  580.0  90  51  69   1.563   0.0   0.0  582
10.300  875.0  90  51  60   1.563   0.0   0.0  874
10.300  577.5 -90  51  60   1.563 330.0  30.0  580
10.300  580.0 -90  51  60   1.563 330.0  30.0  588
10.325  577.5  90  51  60   1.563 210.0  30.0  580
10.325  580.0  90  51  69   1.563   0.0   0.0  582
10.325  875.0  90  51  63   1.563   0.0   0.0  876
10.325  577.5 -90  51  63   1.563 330.0  30.0  582
10.325  580.0 -90  51  63   1.563 330.0  30.0  583
10.350  577.5  90  51  60   1.563 150.0  30.0  583
10.350  580.0  90  51  69   1.563   0.0   0.0  580
10.350  875.0  90  51  63   1.563   0.0   0.0  877
10.350  577.5 -90  51  60   1.563 330.0  30.0  576
10.350  580.0 -90  51  63   1.563 330.0  30.0  577
10.375  580.0  90  51  69   1.563 150.0  30.0  582
10.375  875.0  90  51  60   1.563   0.0   0.0  880
10.375  577.5 -90  51  60   1.563 330.0  30.0  579
10.375  580.0 -90  51  66   1.563 150.0  30.0  580
10.400  580.0  90  51  69   1.563  30.0  30.0  581
10.400  875.0  90  51  60   1.563 270.0  30.0  878
10.400 1065.0  90  51  60   1.563  30.0  30.0 1069
10.400  577.5 -90  48  60   1.563 330.0  30.0  580
10.400  580.0 -90  48  66   1.563 150.0  30.0  581
10.425  580.0  90  51  69   1.563 330.0  30.0  580
10.425  875.0  90  51  60   1.563   0.0   0.0  878
10.425  577.5 -90  51  60   1.563 330.0  30.0  585
10.425  580.0 -90  51  69   1.563 150.0  30.0  581
10.450  580.0  90  51  69   1.563 330.0  30.0  582
10.450  582.5  90  51  60   1.563 330.0  30.0  585
10.450  875.0  90  51  63   1.563  90.0  30.0  878
10.450 1067.5  90  51  63   1.563   0.0   0.0 1072
10.450 1070.0  90  51  60   1.563  30.0  30.0 1074
10.450  577.5 -90  51  60   1.563 330.0  30.0  586
10.450  580.0 -90  51  69   1.563   0.0   0.0  581
10.475  580.0  90  51  69   1.563 330.0  30.0  583
10.475  582.5  90  51  63   1.563 330.0  30.0  584
10.475  875.0  90  51  60   1.563   0.0   0.0  877
10.475 1067.5  90  51  63   1.563   0.0   0.0 1070
10.475  577.5 -90  51  60   1.563   0.0   0.0  584
10.475  580.0 -90  51  72   1.563 330.0  30.0  584
10.500  580.0  90  51  69   1.563 330.0  30.0  584
10.500  582.5  90  51  63   1.563   0.0   0.0  582
10.500 1067.5  90  51  60   1.563  30.0  30.0 1069
10.500  580.0 -90  51  72   1.563 330.0  30.0  585
10.525  580.0  90  51  69   1.563   0.0   0.0  582
10.525  582.5  90  51  66   1.563   0.0   0.0  582
10.525  580.0 -90  51  69   1.563 330.0  30.0  585
10.525  582.5 -90  51  60   1.563 330.0  30.0  584
10.550  580.0  90  51  69   1.563 330.0  30.0  584
10.550  582.5  90  51  66   1.563 330.0  30.0  584
10.550  857.5  90  51  60   1.563  30.0  30.0  860
10.550  860.0  90  51  60   1.563  30.0  30.0  863
10.550 1070.0  90  51  60   1.563   0.0   0.0 1071
10.550  580.0 -90  51  69   1.563 330.0  30.0  584
10.550  582.5 -90  51  60   1.563 330.0  30.0  583
10.575  580.0  90  54  72   1.563 330.0  30.0  582
10.575  582.5  90  54  69   1.563 330.0  30.0  584
10.575  855.0  90  54  63   1.563  30.0  30.0  857
10.575  580.0 -90  54  69   1.563 330.0  30.0  585
10.600  580.0  90  51  69   1.563   0.0   0.0  582
10.600  582.5  90  51  72   1.563 330.0  30.0  585
10.600  850.0  90  51  60   1.563  30.0  30.0  851
10.600  852.5  90  51  60   1.563  30.0  30.0  855
10.600  580.0 -90  51  69   1.563 330.0  30.0  584
10.625  580.0  90  51  69   1.563 330.0  30.0  585
10.625  582.5  90  51  72   1.563 330.0  30.0  585
10.625  847.5  90  51  60   1.563  30.0  30.0  849
10.625  850.0  90  51  60   1.563  90.0  30.0  851
10.625  580.0 -90  51  69   1.563 330.0  30.0  584
10.625  582.5 -90  51  63   1.563 150.0  30.0  581
10.650  580.0  90  51  66   1.563 330.0  30.0  586
10.650  582.5  90  51  75   1.563   0.0   0.0  584
10.650  580.0 -90  51  69   1.563 330.0  30.0  587
10.650  582.5 -90  51  66   1.563   0.0   0.0  584
10.675  580.0  90  63  78   1.563 330.0  30.0  587
10.675  582.5  90  63  87   1.563 330.0  30.0  586
10.675  840.0  90  63  72   1.563  30.0  30.0  842
10.675  580.0 -90  63  81   1.563   0.0   0.0  584
10.675  582.5 -90  63  78   1.563 330.0  30.0  587
10.700  580.0  90  63  78   1.563 330.0  30.0  586
10.700  582.5  90  63  87   1.563 330.0  30.0  585
10.700  835.0  90  63  72   1.563  30.0  30.0  838
10.700  837.5  90  63  72   1.563  30.0  30.0  839
10.700  580.0 -90  63  78   1.563 330.0  30.0  585
10.700  582.5 -90  63  78   1.563 330.0  30.0  589
10.725  580.0  90  63  75   1.563 330.0  30.0  587
10.725  582.5  90  63  87   1.563   0.0   0.0  584
10.725  585.0  90  63  75   1.563   0.0   0.0  585
10.725  830.0  90  63  72   1.563  30.0  30.0  832
10.725  832.5  90  63  75   1.563  30.0  30.0  834
10.725 1075.0  90  63  72   1.563   0.0   0.0 1080
10.725  580.0 -90  63  75   1.563 330.0  30.0  585
10.750  580.0  90  63  72   1.563  30.0  30.0  582
10.750  582.5  90  63  87   1.563 330.0  30.0  586
10.750  585.0  90  63  75   1.563 330.0  30.0  587
10.750  827.5  90  63  75   1.563  30.0  30.0  830
10.750  830.0  90  63  72   1.563  30.0  30.0  830
10.750  580.0 -90  63  75   1.563 330.0  30.0  587
10.750  582.5 -90  63  75   1.563   0.0   0.0  581
10.775  582.5  90  63  87   1.563 330.0  30.0  587
10.775  585.0  90  63  78   1.563 330.0  30.0  586
10.775  825.0  90  63  72   1.563  30.0  30.0  826
10.775  827.5  90  63  72   1.563  30.0  30.0  827
10.775 1077.5  90  63  72   1.563 270.0  30.0 1078
10.775  580.0 -90  63  75   1.563   0.0   0.0  582
10.775  582.5 -90  63  78   1.563   0.0   0.0  583
10.800  582.5  90  63  87   1.563 330.0  30.0  588
10.800  585.0  90  63  81   1.563 330.0  30.0  587
10.800  820.0  90  63  75   1.563  30.0  30.0  822
10.800  822.5  90  63  72   1.563  30.0  30.0  823
10.800 1060.0  90  63  72   4.688 150.0  30.0 1070
10.800 1077.5  90  63  72   1.563   0.0   0.0 1082
10.800  580.0 -90  63  75   1.563 330.0  30.0  589
10.800  582.5 -90  63  81   1.563 330.0  30.0  588
10.800  877.5 -90  63  72   1.563   0.0   0.0  879
10.800 1067.5 -90  63  72   1.563   0.0   0.0 1070
10.825  582.5  90  63  87   1.563 330.0  30.0  588
10.825  585.0  90  63  81   1.563 330.0  30.0  589
10.825  815.0  90  63  75   1.563  30.0  30.0  818
10.825  817.5  90  63  78   1.563  30.0  30.0  820
10.825  820.0  90  63  72   1.563  30.0  30.0  820
10.825 1080.0  90  63  72   1.563   0.0   0.0 1081
10.825 1082.5  90  63  72   1.563   0.0   0.0 1087
10.825  580.0 -90  63  72   1.563 330.0  30.0  582
10.825  582.5 -90  63  78   1.563 330.0  30.0  590
10.825  877.5 -90  63  72   1.563   0.0   0.0  880
10.850  582.5  90  63  84   1.563 330.0  30.0  587
10.850  585.0  90  63  84   1.563 330.0  30.0  588
10.850  812.5  90  63  78   1.563  30.0  30.0  814
10.850  815.0  90  63  75   1.563  30.0  30.0  817
10.850 1085.0  90  63  75   1.563   0.0   0.0 1087
10.850  580.0 -90  63  72   1.563 330.0  30.0  585
10.850  582.5 -90  63  78   1.563 330.0  30.0  582
10.850  877.5 -90  63  72   1.563   0.0   0.0  881
10.875  582.5  90  63  81   1.563 330.0  30.0  588
10.875  585.0  90  63  81   1.563 330.0  30.0  588
10.875  807.5  90  63  72   1.563  30.0  30.0  810
10.875  810.0  90  63  78   1.563  30.0  30.0  812
10.875  812.5  90  63  75   1.563  30.0  30.0  815
10.875 1082.5  90  63  75   1.563   0.0   0.0 1085
10.875 1085.0  90  63  75   1.563   0.0   0.0 1087
10.875  580.0 -90  63  72   1.563   0.0   0.0  586
10.875  582.5 -90  63  81   1.563 330.0  30.0  586
10.900  582.5  90  63  78   1.563 330.0  30.0  590
10.900  585.0  90  63  84   1.563 330.0  30.0  589
10.900  805.0  90  63  75   1.563  30.0  30.0  809
10.900  807.5  90  63  78   1.563  30.0  30.0  810
10.900  810.0  90  63  72   1.563  30.0  30.0  813
10.900 1095.0  90  63  72   1.563   0.0   0.0 1095
10.900  582.5 -90  63  81   1.563 330.0  30.0  589
10.900  585.0 -90  63  72   1.563 330.0  30.0  591
10.925  582.5  90  63  78   1.563   0.0   0.0  585
10.925  585.0  90  63  84   1.563 330.0  30.0  588
10.925  802.5  90  63  78   1.563  30.0  30.0  805
10.925  805.0  90  63  75   1.563  30.0  30.0  806
10.925  582.5 -90  63  81   1.563 330.0  30.0  589
10.925  585.0 -90  63  72   1.563 330.0  30.0  597
10.950  582.5  90  63  75   1.563   0.0   0.0  586
10.950  585.0  90  63  84   1.563 330.0  30.0  588
10.950  800.0  90  63  75   1.563  30.0  30.0  803
10.950  802.5  90  63  72   1.563  30.0  30.0  804
10.950  582.5 -90  63  81   1.563 330.0  30.0  588
10.950 1077.5 -90  63  72   1.563   0.0   0.0 1076
10.975  582.5  90  63  72   1.563 330.0  30.0  593
10.975  585.0  90  63  84   1.563 330.0  30.0  589
10.975  795.0  90  63  72   1.563  30.0  30.0  798
10.975  797.5  90  63  75   1.563  30.0  30.0  800
10.975  800.0  90  63  72   1.563  30.0  30.0  802
10.975 1087.5  90  63  72   1.563   0.0   0.0 1089
10.975 1095.0  90  63  72   1.563   0.0   0.0 1098
10.975  582.5 -90  63  81   1.563 330.0  30.0  589
10.975  585.0 -90  63  75   1.563 330.0  30.0  592
10.975  877.5 -90  63  72   1.563  90.0  30.0  882
10.975 1072.5 -90  63  72   1.563   0.0   0.0 1078
11.000  582.5  90  63  72   1.563 330.0  30.0  593
11.000  585.0  90  63  84   1.563 330.0  30.0  589
11.000  587.5  90  63  72   1.563 330.0  30.0  591
11.000  792.5  90  63  72   1.563  30.0  30.0  796
11.000  795.0  90  63  72   1.563  30.0  30.0  797
11.000 1092.5  90  63  72   1.563  30.0  30.0 1097
11.000  582.5 -90  63  78   1.563 330.0  30.0  589
11.000  585.0 -90  63  78   1.563 330.0  30.0  590
11.000  877.5 -90  63  72   1.563   0.0   0.0  879
11.000 1072.5 -90  63  72   1.563   0.0   0.0 1077
11.000 1075.0 -90  63  72   1.563   0.0   0.0 1076
11.025  585.0  90  63  81   1.563 330.0  30.0  590
11.025  587.5  90  63  75   1.563   0.0   0.0  588
11.025  787.5  90  63  72   1.563  30.0  30.0  792
11.025  790.0  90  63  72   1.563  30.0  30.0  794
11.025 1090.0  90  63  72   1.563 270.0  30.0 1092
11.025  582.5 -90  63  78   1.563   0.0   0.0  587
11.025  585.0 -90  63  72   1.563 330.0  30.0  583
11.025  877.5 -90  63  72   1.563   0.0   0.0  881
11.025  880.0 -90  63  72   1.563 270.0  30.0  884
11.050  585.0  90  63  78   1.563 330.0  30.0  590
11.050  587.5  90  63  75   1.563   0.0   0.0  588
11.050  785.0  90  63  72   1.563  30.0  30.0  788
11.050  787.5  90  63  75   1.563  30.0  30.0  790
11.050 1087.5  90  63  72   1.563   0.0   0.0 1089
11.050 1090.0  90  63  75   1.563   0.0   0.0 1090
11.050 1092.5  90  63  72   1.563   0.0   0.0 1097
11.050 1095.0  90  63  72   1.563   0.0   0.0 1099
11.050  582.5 -90  63  78   1.563 330.0  30.0  590
11.050  585.0 -90  63  78   1.563 330.0  30.0  591
11.050 1075.0 -90  63  72   1.563   0.0   0.0 1080
11.050 1077.5 -90  63  72   1.563   0.0   0.0 1077
11.075  585.0  90  63  81   1.563   0.0   0.0  587
11.075  587.5  90  63  78   1.563 330.0  30.0  591
11.075  782.5  90  63  75   1.563  30.0  30.0  784
11.075  785.0  90  63  75   1.563  30.0  30.0  787
11.075  582.5 -90  63  78   1.563 330.0  30.0  589
11.075  585.0 -90  63  81   1.563 330.0  30.0  590
11.075 1077.5 -90  63  72   1.563   0.0   0.0 1080
11.100  585.0  90  63  78   1.563 330.0  30.0  591
11.100  587.5  90  63  81   1.563 330.0  30.0  591
11.100  780.0  90  63  78   1.563  30.0  30.0  783
11.100  782.5  90  63  75   1.563  30.0  30.0  786
11.100 1092.5  90  63  72   1.563   0.0   0.0 1095
11.100 1097.5  90  63  72   1.563   0.0   0.0 1099
11.100  582.5 -90  63  78   1.563 330.0  30.0  592
11.100  585.0 -90  63  81   1.563 330.0  30.0  589
11.125  585.0  90  63  78   1.563 330.0  30.0  591
11.125  587.5  90  63  81   1.563 330.0  30.0  592
11.125  777.5  90  63  78   1.563  30.0  30.0  781
11.125  780.0  90  63  75   1.563  30.0  30.0  782
11.125 1097.5  90  63  72   1.563 270.0  30.0 1099
11.125 1100.0  90  63  72   1.563   0.0   0.0 1099
11.125  582.5 -90  63  78   1.563 330.0  30.0  590
11.125  585.0 -90  63  84   1.563 330.0  30.0  592
11.125  587.5 -90  63  72   1.563 330.0  30.0  595
11.150  585.0  90  63  75   1.563 330.0  30.0  592
11.150  587.5  90  63  84   1.563 330.0  30.0  593
11.150  772.5  90  63  72   1.563  30.0  30.0  776
11.150  775.0  90  63  75   1.563  30.0  30.0  776
11.150  582.5 -90  63  78   1.563 330.0  30.0  592
11.150  585.0 -90  63  84   1.563 330.0  30.0  590
11.175  585.0  90  63  72   1.563  30.0  30.0  585
11.175  587.5  90  63  84   1.563 330.0  30.0  593
11.175  590.0  90  63  72   1.563   0.0   0.0  588
11.175  770.0  90  63  75   1.563  30.0  30.0  773
11.175  772.5  90  63  78   1.563  30.0  30.0  774
11.175  582.5 -90  63  75   1.563 330.0  30.0  592
11.175  585.0 -90  63  84   1.563 330.0  30.0  591
11.175  587.5 -90  63  75   1.563 330.0  30.0  595
11.200  587.5  90  63  84   1.563 330.0  30.0  593
11.200  590.0  90  63  75   1.563 330.0  30.0  593
11.200  767.5  90  63  75   1.563  30.0  30.0  769
11.200  770.0  90  63  75   1.563  30.0  30.0  771
11.200  772.5  90  63  72   1.563  30.0  30.0  771
11.200  582.5 -90  63  72   1.563 330.0  30.0  592
11.200  585.0 -90  63  84   1.563 330.0  30.0  591
11.200  587.5 -90  63  75   1.563 330.0  30.0  596
11.225  587.5  90  60  81   1.563   0.0   0.0  589
11.225  590.0  90  60  75   1.563   0.0   0.0  590
11.225  765.0  90  60  75   1.563  30.0  30.0  767
11.225  767.5  90  60  75   1.563  30.0  30.0  769
11.225 1102.5  90  60  69   1.563   0.0   0.0 1101
11.225  585.0 -90  63  84   1.563 330.0  30.0  592
11.225  587.5 -90  63  75   1.563   0.0   0.0  589
11.250  587.5  90  63  81   1.563 330.0  30.0  595
11.250  590.0  90  63  78   1.563   0.0   0.0  590
11.250  762.5  90  63  75   1.563  30.0  30.0  764
11.250  765.0  90  63  72   1.563  30.0  30.0  764
11.250 1107.5  90  63  72   1.563   0.0   0.0 1107
11.250  585.0 -90  63  84   1.563 330.0  30.0  592
11.250  587.5 -90  63  78   1.563 330.0  30.0  592
11.275  587.5  90  63  78   1.563 330.0  30.0  592
11.275  590.0  90  63  78   1.563 330.0  30.0  593
11.275  757.5  90  63  72   1.563  30.0  30.0  761
11.275  760.0  90  63  75   1.563  30.0  30.0  762
11.275  762.5  90  63  72   1.563  30.0  30.0  763
11.275  585.0 -90  63  84   1.563 330.0  30.0  592
11.275  587.5 -90  63  81   1.563 330.0  30.0  593
11.300  587.5  90  63  75   1.563 330.0  30.0  595
11.300  590.0  90  63  81   1.563 330.0  30.0  594
11.300  755.0  90  63  72   1.563  30.0  30.0  757
11.300  757.5  90  63  75   1.563  30.0  30.0  757
11.300  585.0 -90  63  84   1.563 330.0  30.0  592
11.300  587.5 -90  63  81   1.563 330.0  30.0  591
11.325  587.5  90  63  72   1.563 330.0  30.0  599
11.325  590.0  90  63  81   1.563 330.0  30.0  596
11.325  752.5  90  63  78   1.563  30.0  30.0  753
11.325  755.0  90  63  78   1.563  30.0  30.0  756
11.325  585.0 -90  63  81   1.563 330.0  30.0  593
11.325  587.5 -90  63  84   1.563 330.0  30.0  593
11.325  590.0 -90  63  72   1.563 330.0  30.0  599
11.325  817.5 -90  63  72   1.563  30.0  30.0  819
11.325 1087.5 -90  63  72   1.563   0.0   0.0 1092
11.350  590.0  90  63  81   1.563 330.0  30.0  595
11.350  750.0  90  63  78   1.563  30.0  30.0  754
11.350  752.5  90  63  78   1.563  30.0  30.0  754
11.350  585.0 -90  63  81   1.563 330.0  30.0  593
11.350  587.5 -90  63  84   1.563 330.0  30.0  592
11.350  590.0 -90  63  72   1.563 330.0  30.0  599
11.375  590.0  90  63  81   1.563 330.0  30.0  597
11.375  592.5  90  63  75   1.563   0.0   0.0  596
11.375  745.0  90  63  72   1.563   0.0   0.0  745
11.375  747.5  90  63  81   1.563  30.0  30.0  750
11.375  750.0  90  63  81   1.563  30.0  30.0  751
11.375  752.5  90  63  72   1.563   0.0   0.0  759
11.375 1140.0  90  63  72   1.563   0.0   0.0 1146
11.375  585.0 -90  63  78   1.563 330.0  30.0  594
11.375  587.5 -90  63  84   1.563 330.0  30.0  594
11.375  590.0 -90  63  75   1.563 330.0  30.0  599
11.375 1090.0 -90  63  72   1.563   0.0   0.0 1092
11.400  590.0  90  63  81   1.563 330.0  30.0  597
11.400  592.5  90  63  75   1.563 330.0  30.0  598
11.400  745.0  90  63  81   1.563  30.0  30.0  748
11.400  747.5  90  63  81   1.563  30.0  30.0  748
11.400  750.0  90  63  72   1.563  30.0  30.0  754
11.400  585.0 -90  63  78   1.563 330.0  30.0  595
11.400  587.5 -90  63  84   1.563 330.0  30.0  595
11.400  805.0 -90  63  72   1.563  30.0  30.0  806
11.400 1087.5 -90  63  75   1.563   0.0   0.0 1091
11.400 1090.0 -90  63  75   1.563   0.0   0.0 1093
11.425  590.0  90  63  78   1.563 330.0  30.0  597
11.425  592.5  90  63  78   1.563 330.0  30.0  598
11.425  740.0  90  63  72   1.563 150.0  30.0  740
11.425  742.5  90  63  75   1.563  30.0  30.0  744
11.425  745.0  90  63  72   1.563  30.0  30.0  748
11.425  585.0 -90  63  72   1.563 330.0  30.0  596
11.425  587.5 -90  63  84   1.563 330.0  30.0  594
11.425  590.0 -90  63  75   1.563 330.0  30.0  599
11.425  592.5 -90  63  72   1.563 330.0  30.0  601
11.425  802.5 -90  63  72   1.563  30.0  30.0  805
11.425 1092.5 -90  63  72   1.563   0.0   0.0 1096
11.450  590.0  90  63  78   1.563 330.0  30.0  598
11.450  592.5  90  63  81   1.563 330.0  30.0  597
11.450  737.5  90  63  75   1.563  30.0  30.0  742
11.450  740.0  90  63  78   1.563  30.0  30.0  743
11.450  742.5  90  63  72   1.563  30.0  30.0  744
11.450  587.5 -90  63  84   1.563 330.0  30.0  595
11.450  590.0 -90  63  75   1.563 330.0  30.0  598
11.450 1092.5 -90  63  72   1.563   0.0   0.0 1093
11.475  590.0  90  63  75   1.563 330.0  30.0  598
11.475  592.5  90  63  84   1.563 330.0  30.0  598
11.475  735.0  90  63  78   1.563  30.0  30.0  738
11.475  737.5  90  63  81   1.563  30.0  30.0  740
11.475  740.0  90  63  72   1.563  30.0  30.0  741
11.475  587.5 -90  63  84   1.563 330.0  30.0  595
11.475  590.0 -90  63  75   1.563 330.0  30.0  591
11.475  592.5 -90  63  75   1.563 330.0  30.0  601
11.475  795.0 -90  63  75   1.563  30.0  30.0  794
11.475  797.5 -90  63  72   1.563  30.0  30.0  799
11.475 1092.5 -90  63  72   1.563   0.0   0.0 1095
11.500  590.0  90  63  72   1.563 330.0  30.0  598
11.500  592.5  90  63  84   1.563 330.0  30.0  599
11.500  732.5  90  63  78   1.563  30.0  30.0  735
11.500  735.0  90  63  81   1.563  30.0  30.0  738
11.500  737.5  90  63  75   1.563  30.0  30.0  739
11.500  587.5 -90  63  84   1.563 330.0  30.0  596
11.500  590.0 -90  63  81   1.563 330.0  30.0  595
11.500  592.5 -90  63  72   1.563 330.0  30.0  603
11.500  790.0 -90  63  72   1.563 330.0  30.0  785
11.500  792.5 -90  63  75   1.563  30.0  30.0  794
11.525  592.5  90  63  84   1.563 330.0  30.0  599
11.525  595.0  90  63  72   1.563 330.0  30.0  601
11.525  730.0  90  63  78   1.563  30.0  30.0  733
11.525  732.5  90  63  81   1.563  30.0  30.0  735
11.525  735.0  90  63  75   1.563   0.0   0.0  735
11.525  587.5 -90  63  84   1.563 330.0  30.0  596
11.525  590.0 -90  63  84   1.563 330.0  30.0  596
11.525  592.5 -90  63  75   1.563 330.0  30.0  603
11.525  787.5 -90  63  72   1.563  30.0  30.0  788
11.525  790.0 -90  63  72   1.563  30.0  30.0  799
11.525 1100.0 -90  63  72   1.563   0.0   0.0 1105
11.550  592.5  90  63  84   1.563  90.0  30.0  595
11.550  595.0  90  63  78   1.563  90.0  30.0  595
11.550  727.5  90  63  78   1.563   0.0   0.0  728
11.550  730.0  90  63  78   1.563 270.0  30.0  731
11.550  732.5  90  63  72   1.563 270.0  30.0  730
11.550  587.5 -90  63  81   1.563  90.0  30.0  590
11.550  590.0 -90  63  84   1.563  90.0  30.0  591
11.550  782.5 -90  63  72   1.563 270.0  30.0  784
11.550  785.0 -90  63  72   1.563 270.0  30.0  790
11.550  787.5 -90  63  72   1.563 270.0  30.0  791
11.575  592.5  90  63  84   1.563  90.0  30.0  595
11.575  595.0  90  63  81   1.563  90.0  30.0  595
11.575  725.0  90  63  78   1.563 270.0  30.0  726
11.575  727.5  90  63  75   1.563 270.0  30.0  728
11.575  587.5 -90  63  78   1.563  90.0  30.0  592
11.575  590.0 -90  63  87   1.563  90.0  30.0  591
11.575  592.5 -90  63  75   1.563  90.0  30.0  593
11.575  595.0 -90  63  72   1.563 210.0  30.0  597
11.575  780.0 -90  63  72   1.563 270.0  30.0  785
11.575  782.5 -90  63  75   1.563 270.0  30.0  786
11.600  592.5  90  63  81   1.563  90.0  30.0  595
11.600  595.0  90  63  84   1.563  90.0  30.0  596
11.600  720.0  90  63  72   1.563  90.0  30.0  724
11.600  722.5  90  63  78   1.563 270.0  30.0  726
11.600  725.0  90  63  72   1.563 270.0  30.0  720
11.600  587.5 -90  63  75   1.563  90.0  30.0  591
11.600  590.0 -90  63  87   1.563  90.0  30.0  591
11.600  592.5 -90  63  78   1.563  90.0  30.0  593
11.600  595.0 -90  63  75   1.563 210.0  30.0  595
11.600  775.0 -90  63  72   1.563 270.0  30.0  779
11.600  777.5 -90  63  75   1.563 270.0  30.0  779
11.600  780.0 -90  63  72   1.563 270.0  30.0  780
11.600 1102.5 -90  63  72   1.563   0.0   0.0 1106
11.625  592.5  90  63  78   1.563  90.0  30.0  596
11.625  595.0  90  63  84   1.563  90.0  30.0  596
11.625  720.0  90  63  78   1.563   0.0   0.0  722
11.625  722.5  90  63  75   1.563 270.0  30.0  724
11.625  587.5 -90  63  72   1.563 210.0  30.0  588
11.625  590.0 -90  63  87   1.563  90.0  30.0  592
11.625  592.5 -90  63  78   1.563  90.0  30.0  588
11.625  595.0 -90  63  75   1.563 210.0  30.0  596
11.625  772.5 -90  63  72   1.563   0.0   0.0  770
11.625  775.0 -90  63  75   1.563 270.0  30.0  777
11.650  592.5  90  63  75   1.563  90.0  30.0  594
11.650  595.0  90  63  87   1.563  90.0  30.0  597
11.650  597.5  90  63  72   1.563   0.0   0.0  600
11.650  717.5  90  63  78   1.563  90.0  30.0  722
11.650  720.0  90  63  78   1.563 270.0  30.0  721
11.650  590.0 -90  63  87   1.563  90.0  30.0  592
11.650  592.5 -90  63  81   1.563  90.0  30.0  593
11.650  595.0 -90  63  72   1.563 210.0  30.0  596
11.650  770.0 -90  63  75   1.563 270.0  30.0  774
11.650  772.5 -90  63  75   1.563 270.0  30.0  774
11.650 1105.0 -90  63  75   1.563   0.0   0.0 1106
11.675  595.0  90  63  84   1.563  90.0  30.0  596
11.675  597.5  90  63  78   1.563  90.0  30.0  596
11.675  712.5  90  63  75   1.563   0.0   0.0  713
11.675  715.0  90  63  81   1.563   0.0   0.0  715
11.675  717.5  90  63  78   1.563   0.0   0.0  720
11.675  590.0 -90  63  87   1.563  90.0  30.0  592
11.675  592.5 -90  63  84   1.563  90.0  30.0  592
11.675  595.0 -90  63  75   1.563 210.0  30.0  597
11.675  765.0 -90  63  72   1.563 270.0  30.0  767
11.675  767.5 -90  63  78   1.563   0.0   0.0  767
11.675  770.0 -90  63  75   1.563 270.0  30.0  771
11.675 1105.0 -90  63  75   1.563   0.0   0.0 1107
11.675 1110.0 -90  63  72   1.563   0.0   0.0 1113
11.700  595.0  90  63  84   1.563  90.0  30.0  597
11.700  597.5  90  63  78   1.563  90.0  30.0  596
11.700  710.0  90  63  78   1.563   0.0   0.0  713
11.700  712.5  90  63  84   1.563 270.0  30.0  715
11.700  715.0  90  63  78   1.563 270.0  30.0  716
11.700  717.5  90  63  72   1.563 150.0  30.0  722
11.700  590.0 -90  63  84   1.563  90.0  30.0  593
11.700  592.5 -90  63  87   1.563  90.0  30.0  593
11.700  595.0 -90  63  72   4.688 210.0  30.0  596
11.700  765.0 -90  63  75   1.563 270.0  30.0  767
11.700  767.5 -90  63  72   1.563 270.0  30.0  770
11.700 1110.0 -90  63  72   1.563   0.0   0.0 1113
11.725  595.0  90  63  81   1.563  90.0  30.0  597
11.725  597.5  90  63  81   1.563  90.0  30.0  597
11.725  707.5  90  63  75   1.563  90.0  30.0  710
11.725  710.0  90  63  84   1.563  90.0  30.0  712
11.725  712.5  90  63  78   1.563   0.0   0.0  714
11.725  590.0 -90  63  81   1.563  90.0  30.0  593
11.725  592.5 -90  63  90   1.563  90.0  30.0  593
11.725  597.5 -90  63  72   4.688 210.0  30.0  597
11.725  760.0 -90  63  72   1.563 270.0  30.0  755
11.725  762.5 -90  63  75   1.563 270.0  30.0  761
11.725 1100.0 -90  63  72   1.563   0.0   0.0 1100
11.725 1107.5 -90  63  75   1.563 150.0  30.0 1110
11.725 1110.0 -90  63  72   1.563   0.0   0.0 1111
11.725 1112.5 -90  63  75   1.563   0.0   0.0 1114
11.725 1115.0 -90  63  72   1.563   0.0   0.0 1116
11.750  595.0  90  66  78   1.563  90.0  30.0  597
11.750  597.5  90  66  81   1.563  90.0  30.0  598
11.750  705.0  90  66  78   1.563  90.0  30.0  709
11.750  707.5  90  66  81   1.563   0.0   0.0  708
11.750  710.0  90  66  75   1.563  90.0  30.0  707
11.750  590.0 -90  69  78   1.563  90.0  30.0  590
11.750  592.5 -90  69  90   1.563  90.0  30.0  594
11.750  595.0 -90  69  78   1.563  90.0  30.0  593
11.775  102.5  90  69  78   4.688 270.0  30.0   98
11.775  597.5  90  69  84   1.563  90.0  30.0  599
11.775  705.0  90  69  78   1.563   0.0   0.0  706
11.775  592.5 -90  72  90   1.563  90.0  30.0  593
11.800  597.5  90  69  84   1.563  90.0  30.0  599
11.800  702.5  90  69  78   1.563   0.0   0.0  702
11.800  395.0 -90  69  78   1.563 270.0  30.0  388
11.800  592.5 -90  69  90   1.563  90.0  30.0  594
11.800  595.0 -90  69  81   1.563  90.0  30.0  594
11.800  752.5 -90  69  78   1.563   0.0   0.0  754
11.825  597.5  90  54  72   1.563  90.0  30.0  599
11.825  600.0  90  54  66   1.563  90.0  30.0  598
11.825  697.5  90  54  63   1.563   0.0   0.0  699
11.825  700.0  90  54  66   1.563  90.0  30.0  699
11.825  592.5 -90  54  75   1.563  90.0  30.0  595
11.825  595.0 -90  54  72   1.563  90.0  30.0  595
11.825  597.5 -90  54  63   4.688 210.0  30.0  599
11.825  747.5 -90  54  66   1.563 270.0  30.0  751
11.825  750.0 -90  54  66   1.563   0.0   0.0  746
11.850  597.5  90  54  69   1.563  90.0  30.0  599
11.850  600.0  90  54  69   1.563  90.0  30.0  601
11.850  695.0  90  54  66   1.563  90.0  30.0  696
11.850  697.5  90  54  66   1.563  90.0  30.0  700
11.850  592.5 -90  54  72   1.563  90.0  30.0  595
11.850  595.0 -90  54  75   1.563  90.0  30.0  595
11.850  742.5 -90  54  63   1.563 270.0  30.0  738
11.850  745.0 -90  54  69   1.563  90.0  30.0  746
11.850  747.5 -90  54  66   1.563  90.0  30.0  750
11.850 1115.0 -90  54  63   1.563   0.0   0.0 1116
11.850 1122.5 -90  54  63   1.563   0.0   0.0 1126
11.875  597.5  90  51  66   1.563  90.0  30.0  600
11.875  600.0  90  51  72   1.563  90.0  30.0  600
11.875  692.5  90  51  66   1.563   0.0   0.0  694
11.875  695.0  90  51  66   1.563  90.0  30.0  695
11.875  592.5 -90  54  72   1.563  90.0  30.0  595
11.875  595.0 -90  54  75   1.563  90.0  30.0  595
11.875  600.0 -90  54  63   1.563 210.0  30.0  601
11.875  740.0 -90  54  63   1.563 270.0  30.0  742
11.875  742.5 -90  54  69   1.563 270.0  30.0  746
11.875  745.0 -90  54  63   1.563  90.0  30.0  748
11.900  597.5  90  54  63   1.563  90.0  30.0  601
11.900  600.0  90  54  72   1.563  90.0  30.0  601
11.900  690.0  90  54  66   1.563  90.0  30.0  691
11.900  692.5  90  54  69   1.563   0.0   0.0  694
11.900  592.5 -90  54  69   1.563  90.0  30.0  596
11.900  595.0 -90  54  78   1.563  90.0  30.0  595
11.900  597.5 -90  54  63   1.563  90.0  30.0  597
11.900  600.0 -90  54  63   1.563 210.0  30.0  601
11.900  737.5 -90  54  66   1.563   0.0   0.0  740
11.900  740.0 -90  54  69   1.563   0.0   0.0  742
11.900  742.5 -90  54  63   1.563  90.0  30.0  742
11.925  600.0  90  54  72   1.563  90.0  30.0  602
11.925  602.5  90  54  63   1.563  90.0  30.0  603
11.925  687.5  90  54  63   1.563  90.0  30.0  689
11.925  690.0  90  54  66   1.563  90.0  30.0  691
11.925  592.5 -90  54  63   1.563  90.0  30.0  597
11.925  595.0 -90  54  78   1.563  90.0  30.0  596
11.925  597.5 -90  54  66   1.563  90.0  30.0  598
11.925  600.0 -90  54  63   1.563 210.0  30.0  601
11.925  735.0 -90  54  66   1.563 210.0  30.0  733
11.925  737.5 -90  54  69   1.563  90.0  30.0  739
11.950  600.0  90  51  72   1.563  90.0  30.0  602
11.950  602.5  90  51  69   1.563  90.0  30.0  602
11.950  685.0  90  51  63   1.563  90.0  30.0  687
11.950  687.5  90  51  60   1.563   0.0   0.0  688
11.950  592.5 -90  51  60   1.563  90.0  30.0  595
11.950  595.0 -90  51  78   1.563  90.0  30.0  597
11.950  597.5 -90  51  69   1.563  90.0  30.0  596
11.950  600.0 -90  51  63   1.563 210.0  30.0  601
11.950  732.5 -90  51  66   1.563  90.0  30.0  735
11.950  735.0 -90  51  66   1.563  90.0  30.0  737
11.975  600.0  90  51  69   1.563  90.0  30.0  602
11.975  602.5  90  51  72   1.563  90.0  30.0  602
11.975  682.5  90  51  63   1.563  90.0  30.0  682
11.975  685.0  90  51  63   1.563  90.0  30.0  685
11.975  595.0 -90  51  78   1.563  90.0  30.0  597
11.975  597.5 -90  51  72   1.563  90.0  30.0  596
11.975  600.0 -90  51  63   1.563 210.0  30.0  602
11.975  602.5 -90  51  60   1.563 210.0  30.0  604
11.975  727.5 -90  51  60   1.563  90.0  30.0  732
11.975  730.0 -90  51  66   1.563  90.0  30.0  733
11.975  732.5 -90  51  66   1.563  90.0  30.0  734
11.975 1025.0 -90  51  60   4.688 270.0  30.0 1016
11.975 1027.5 -90  51  60   1.563 270.0  30.0 1031
11.975 1040.0 -90  51  60   4.688   0.0   0.0 1052
11.975 1057.5 -90  51  60  -4.688 270.0  30.0 1064
11.975 1065.0 -90  51  60   1.563  30.0  30.0 1075
11.975 1067.5 -90  51  60  -4.688 270.0  30.0 1074
11.975 1070.0 -90  51  60   1.563 270.0  30.0 1061
11.975 1092.5 -90  51  60  -4.688 270.0  30.0 1089
11.975 1095.0 -90  51  63  -1.563 270.0  30.0 1098
11.975 1097.5 -90  51  60  -4.688   0.0   0.0 1088
11.975 1125.0 -90  51  60   4.688  30.0  30.0 1123
11.975 1127.5 -90  51  60  -1.563  30.0  30.0 1129
11.975 1130.0 -90  51  60   1.563   0.0   0.0 1132
11.975 1132.5 -90  51  63   1.563 270.0  30.0 1139
11.975 1137.5 -90  51  60   4.688   0.0   0.0 1143
11.975 1140.0 -90  51  63   1.563   0.0   0.0 1142
11.975 1142.5 -90  51  63   4.688 270.0  30.0 1156
11.975 1145.0 -90  51  66   1.563 270.0  30.0 1142
11.975 1147.5 -90  51  63  -1.563 270.0  30.0 1154
11.975 1150.0 -90  51  63   4.688   0.0   0.0 1155
11.975 1152.5 -90  51  63   1.563 270.0  30.0 1155
11.975 1155.0 -90  51  63  -4.688 270.0  30.0 1159
11.975 1157.5 -90  51  60   1.563   0.0   0.0 1153
11.975 1160.0 -90  51  63   1.563 270.0  30.0 1150
11.975 1162.5 -90  51  63  -4.688 270.0  30.0 1150
11.975 1165.0 -90  51  60   1.563  30.0  30.0 1159
11.975 1167.5 -90  51  60  -4.688  30.0  30.0 1177
11.975 1170.0 -90  51  60  -1.563 270.0  30.0 1175
11.975 1172.5 -90  51  60  -1.563  90.0  30.0 1171
11.975 1177.5 -90  51  60  -4.688 270.0  30.0 1188
12.000  600.0  90  51  69   1.563  90.0  30.0  602
12.000  602.5  90  51  75   1.563  90.0  30.0  603
12.000  680.0  90  51  63   1.563  90.0  30.0  683
12.000  682.5  90  51  63   1.563  90.0  30.0  684
12.000  880.0  90  51  60   1.563   0.0   0.0  881
12.000  522.5 -90  51  60   1.563   0.0   0.0  512
12.000  525.0 -90  51  60  -1.563 270.0  30.0  522
12.000  532.5 -90  51  60  -1.563   0.0   0.0  537
12.000  535.0 -90  51  60  -4.688 270.0  30.0  537
12.000  557.5 -90  51  60  -4.688 270.0  30.0  560
12.000  560.0 -90  51  63  -4.688 270.0  30.0  569
12.000  562.5 -90  51  63  -4.688 270.0  30.0  572
12.000  565.0 -90  51  63  -4.688 270.0  30.0  555
12.000  567.5 -90  51  60  -1.563 270.0  30.0  570
12.000  572.5 -90  51  63   1.563 270.0  30.0  572
12.000  575.0 -90  51  60  -1.563   0.0   0.0  587
12.000  577.5 -90  51  60   1.563 270.0  30.0  571
12.000  580.0 -90  51  63   1.563 270.0  30.0  575
12.000  585.0 -90  51  60  -4.688 270.0  30.0  592
12.000  587.5 -90  51  66  -4.688 270.0  30.0  600
12.000  590.0 -90  51  66  -4.688 270.0  30.0  585
12.000  592.5 -90  51  66  -1.563 270.0  30.0  591
12.000  595.0 -90  51  75   4.688  90.0  30.0  598
12.000  597.5 -90  51  75   4.688  90.0  30.0  598
12.000  600.0 -90  51  69  -4.688 270.0  30.0  602
12.000  602.5 -90  51  69  -4.688 270.0  30.0  592
12.000  605.0 -90  51  66  -4.688 270.0  30.0  595
12.000  607.5 -90  51  66  -4.688   0.0   0.0  618
12.000  610.0 -90  51  63   4.688 270.0  30.0  600
12.000  612.5 -90  51  63   1.563 270.0  30.0  611
12.000  615.0 -90  51  60   1.563   0.0   0.0  604
12.000  617.5 -90  51  60   1.563   0.0   0.0  607
12.000  620.0 -90  51  60   1.563 270.0  30.0  632
12.000  622.5 -90  51  60   1.563   0.0   0.0  621
12.000  625.0 -90  51  66   1.563 270.0  30.0  626
12.000  627.5 -90  51  66   1.563 270.0  30.0  642
12.000  630.0 -90  51  66   1.563 270.0  30.0  636
12.000  632.5 -90  51  66   1.563 270.0  30.0  633
12.000  635.0 -90  51  66   1.563 270.0  30.0  636
12.000  637.5 -90  51  66   1.563 270.0  30.0  640
12.000  640.0 -90  51  66  -4.688 270.0  30.0  640
12.000  642.5 -90  51  66  -4.688 270.0  30.0  639
12.000  645.0 -90  51  66   4.688 270.0  30.0  655
12.000  647.5 -90  51  66   1.563 270.0  30.0  652
12.000  650.0 -90  51  63   4.688 270.0  30.0  638
12.000  652.5 -90  51  63   4.688 270.0  30.0  658
12.000  655.0 -90  51  60  -1.563 270.0  30.0  642
12.000  665.0 -90  51  60   1.563 270.0  30.0  679
12.000  667.5 -90  51  60   1.563 270.0  30.0  681
12.000  725.0 -90  51  63   1.563  90.0  30.0  727
12.000  727.5 -90  51  69   1.563  90.0  30.0  730
12.000  730.0 -90  51  63   1.563   0.0   0.0  734
12.000  982.5 -90  51  60  -4.688 270.0  30.0  995
12.000  985.0 -90  51  60   4.688 270.0  30.0  984
12.000  992.5 -90  51  60  -4.688 270.0  30.0  982
12.000 1022.5 -90  51  60  -1.563  30.0  30.0 1013
12.000 1025.0 -90  51  60  -4.688 270.0  30.0 1035
12.000 1027.5 -90  51  63  -4.688 270.0  30.0 1036
12.000 1030.0 -90  51  60   1.563 270.0  30.0 1033
12.000 1032.5 -90  51  63  -4.688   0.0   0.0 1045
12.000 1035.0 -90  51  66  -4.688 270.0  30.0 1021
12.000 1037.5 -90  51  66   1.563 270.0  30.0 1031
12.000 1040.0 -90  51  66  -4.688 270.0  30.0 1053
12.000 1042.5 -90  51  63  -4.688 270.0  30.0 1031
12.000 1045.0 -90  51  63  -4.688 270.0  30.0 1045
12.000 1047.5 -90  51  63  -4.688 270.0  30.0 1056
12.000 1050.0 -90  51  60  -1.563 270.0  30.0 1040
12.000 1052.5 -90  51  63  -1.563 270.0  30.0 1039
12.000 1055.0 -90  51  66  -1.563 270.0  30.0 1062
12.000 1057.5 -90  51  66   4.688 270.0  30.0 1044
12.000 1060.0 -90  51  66  -4.688 270.0  30.0 1057
12.000 1062.5 -90  51  66   1.563 270.0  30.0 1067
12.000 1065.0 -90  51  66   4.688 270.0  30.0 1077
12.000 1067.5 -90  51  63  -1.563 270.0  30.0 1082
12.000 1070.0 -90  51  63  -4.688 270.0  30.0 1062
12.000 1072.5 -90  51  63   4.688 270.0  30.0 1061
12.000 1075.0 -90  51  60  -4.688 270.0  30.0 1079
12.000 1077.5 -90  51  60  -4.688   0.0   0.0 1075
12.000 1085.0 -90  51  60   4.688 270.0  30.0 1075
12.000 1087.5 -90  51  60   1.563   0.0   0.0 1078
12.000 1242.5 -90  51  60   1.563 270.0  30.0 1238
12.000 1245.0 -90  51  60  -1.563   0.0   0.0 1243
12.000 1252.5 -90  51  60  -1.563   0.0   0.0 1255
12.000 1255.0 -90  51  63  -1.563   0.0   0.0 1240
12.000 1280.0 -90  51  60   4.688   0.0   0.0 1265
12.025  600.0  90  51  63   1.563  90.0  30.0  604
12.025  602.5  90  51  75   1.563  90.0  30.0  603
12.025  605.0  90  51  63   1.563  90.0  30.0  604
12.025  677.5  90  51  63   1.563  90.0  30.0  679
12.025  680.0  90  51  60   1.563  90.0  30.0  681
12.025  595.0 -90  51  75   1.563  90.0  30.0  598
12.025  597.5 -90  51  78   1.563  90.0  30.0  598
12.025  602.5 -90  51  63   4.688 210.0  30.0  603
12.025  722.5 -90  51  69   1.563  90.0  30.0  725
12.025  725.0 -90  51  72   1.563  90.0  30.0  726
12.025  727.5 -90  51  63   1.563  90.0  30.0  728
12.025  945.0 -90  51  60  -4.688 270.0  30.0  952
12.025  950.0 -90  51  60  -1.563   0.0   0.0  956
12.025  962.5 -90  51  60  -1.563 270.0  30.0  959
12.025  965.0 -90  51  60  -1.563 270.0  30.0  965
12.025  967.5 -90  51  63   1.563 270.0  30.0  972
12.025  970.0 -90  51  60  -1.563 270.0  30.0  985
12.025  972.5 -90  51  60  -1.563   0.0   0.0  966
12.025  975.0 -90  51  60   4.688 270.0  30.0  965
12.025  977.5 -90  51  60   4.688 270.0  30.0  978
12.025  980.0 -90  51  63  -4.688   0.0   0.0  992
12.025  982.5 -90  51  60  -4.688 270.0  30.0  975
12.025  985.0 -90  51  63  -4.688 270.0  30.0  996
12.025  987.5 -90  51  63  -4.688   0.0   0.0  976
12.025  990.0 -90  51  63  -4.688   0.0   0.0  981
12.025  992.5 -90  51  66  -4.688 270.0  30.0  979
12.025  995.0 -90  51  63  -4.688 270.0  30.0  992
12.025  997.5 -90  51  63  -1.563   0.0   0.0 1006
12.025 1000.0 -90  51  63  -1.563   0.0   0.0 1009
12.025 1002.5 -90  51  63  -4.688 270.0  30.0 1004
12.025 1005.0 -90  51  60   4.688 270.0  30.0 1004
12.025 1007.5 -90  51  63   4.688 270.0  30.0 1016
12.025 1010.0 -90  51  63   4.688   0.0   0.0 1009
12.025 1012.5 -90  51  60   4.688 270.0  30.0 1008
12.025 1015.0 -90  51  60  -4.688   0.0   0.0 1002
12.025 1017.5 -90  51  60  -1.563   0.0   0.0 1017
12.025 1142.5 -90  51  60   1.563   0.0   0.0 1141
12.050  602.5  90  51  75   1.563  90.0  30.0  604
12.050  605.0  90  51  69   1.563  90.0  30.0  604
12.050  675.0  90  51  60   4.688  90.0  30.0  675
12.050  677.5  90  51  60   1.563  90.0  30.0  671
12.050  595.0 -90  51  69   1.563  90.0  30.0  599
12.050  597.5 -90  51  78   1.563  90.0  30.0  598
12.050  600.0 -90  51  60   1.563 210.0  30.0  599
12.050  602.5 -90  51  63   4.688 210.0  30.0  604
12.050  717.5 -90  51  63   1.563  90.0  30.0  723
12.050  720.0 -90  51  72   1.563  90.0  30.0  721
12.050  722.5 -90  51  72   1.563  90.0  30.0  723
12.050  725.0 -90  51  63   1.563  90.0  30.0  725
12.075  602.5  90  51  72   1.563  90.0  30.0  604
12.075  605.0  90  51  72   1.563  90.0  30.0  605
12.075  672.5  90  51  63   1.563  90.0  30.0  674
12.075  675.0  90  51  60   1.563   0.0   0.0  678
12.075  880.0  90  51  60   1.563   0.0   0.0  886
12.075  595.0 -90  51  66   1.563  90.0  30.0  599
12.075  597.5 -90  51  78   1.563  90.0  30.0  598
12.075  600.0 -90  51  69   1.563 210.0  30.0  600
12.075  602.5 -90  51  63   1.563 210.0  30.0  604
12.075  605.0 -90  51  63   1.563 210.0  30.0  604
12.075  672.5 -90  51  60   1.563   0.0   0.0  675
12.075  715.0 -90  51  63   1.563  90.0  30.0  719
12.075  717.5 -90  51  72   1.563  90.0  30.0  720
12.075  720.0 -90  51  69   1.563  90.0  30.0  722
12.075  722.5 -90  51  60   1.563  90.0  30.0  726
12.100  602.5  90  51  69   1.563  90.0  30.0  605
12.100  605.0  90  51  75   1.563  90.0  30.0  606
12.100  670.0  90  51  63   1.563  90.0  30.0  671
12.100  672.5  90  51  63   1.563  90.0  30.0  673
12.100  597.5 -90  51  78   1.563  90.0  30.0  599
12.100  600.0 -90  51  72   1.563  90.0  30.0  599
12.100  605.0 -90  51  63   1.563 210.0  30.0  605
12.100  712.5 -90  51  63   1.563  90.0  30.0  717
12.100  715.0 -90  51  72   1.563  90.0  30.0  716
12.100  717.5 -90  51  66   1.563  90.0  30.0  719
12.125  602.5  90  54  63   4.688  90.0  30.0  605
12.125  605.0  90  54  78   1.563  90.0  30.0  606
12.125  607.5  90  54  66   1.563  90.0  30.0  606
12.125  597.5 -90  54  75   1.563  90.0  30.0  599
12.125  600.0 -90  54  75   1.563  90.0  30.0  600
12.125  605.0 -90  54  66   1.563 210.0  30.0  605
12.125  710.0 -90  54  66   1.563  90.0  30.0  712
12.125  712.5 -90  54  72   1.563  90.0  30.0  715
12.125  715.0 -90  54  69   1.563  90.0  30.0  713
12.150  605.0  90  54  75   1.563  90.0  30.0  607
12.150  607.5  90  54  72   1.563  90.0  30.0  608
12.150  597.5 -90  54  72   1.563  90.0  30.0  600
12.150  600.0 -90  54  75   1.563  90.0  30.0  600
12.150  605.0 -90  54  63   1.563 210.0  30.0  606
12.150  707.5 -90  54  66   1.563  90.0  30.0  711
12.150  710.0 -90  54  72   1.563  90.0  30.0  712
12.150  712.5 -90  54  69   1.563  90.0  30.0  714
12.175  605.0  90  54  72   1.563  90.0  30.0  608
12.175  607.5  90  54  75   1.563  90.0  30.0  607
12.175  665.0  90  54  63   1.563  90.0  30.0  666
12.175  597.5 -90  54  69   1.563  90.0  30.0  600
12.175  600.0 -90  54  78   1.563  90.0  30.0  601
12.175  607.5 -90  54  63   1.563 210.0  30.0  607
12.175  705.0 -90  54  69   1.563  90.0  30.0  707
12.175  707.5 -90  54  72   1.563  90.0  30.0  709
12.175  710.0 -90  54  66   1.563  90.0  30.0  711
12.200  605.0  90  54  66   1.563  90.0  30.0  608
12.200  607.5  90  54  75   1.563  90.0  30.0  608
12.200  610.0  90  54  63   1.563  90.0  30.0  610
12.200  662.5  90  54  63   1.563  90.0  30.0  661
12.200  597.5 -90  51  63   1.563  90.0  30.0  600
12.200  600.0 -90  51  78   1.563  90.0  30.0  601
12.200  602.5 -90  51  63   4.688  90.0  30.0  601
12.200  607.5 -90  51  63   1.563 210.0  30.0  608
12.200  700.0 -90  51  60   1.563   0.0   0.0  705
12.200  702.5 -90  51  72   1.563  90.0  30.0  705
12.200  705.0 -90  51  72   1.563  90.0  30.0  706
12.200  707.5 -90  51  60   4.688  90.0  30.0  701
12.225  605.0  90  51  60   1.563  90.0  30.0  606
12.225  607.5  90  51  75   1.563  90.0  30.0  609
12.225  610.0  90  51  72   1.563  90.0  30.0  610
12.225  657.5  90  51  60   1.563   0.0   0.0  659
12.225  660.0  90  51  63   1.563  90.0  30.0  661
12.225  662.5  90  51  60   1.563   0.0   0.0  663
12.225  880.0  90  51  63   1.563   0.0   0.0  884
12.225  600.0 -90  54  78   1.563  90.0  30.0  602
12.225  602.5 -90  54  69   1.563 210.0  30.0  602
12.225  607.5 -90  54  63   1.563 210.0  30.0  608
12.225  697.5 -90  54  63   1.563  90.0  30.0  700
12.225  700.0 -90  54  72   1.563  90.0  30.0  702
12.225  702.5 -90  54  75   1.563  90.0  30.0  704
12.225  705.0 -90  54  63   1.563  90.0  30.0  705
12.250  607.5  90  51  72   1.563  90.0  30.0  610
12.250  610.0  90  51  75   1.563  90.0  30.0  610
12.250  655.0  90  51  63   1.563  90.0  30.0  656
12.250  657.5  90  51  63   1.563  90.0  30.0  657
12.250  880.0  90  51  60   1.563   0.0   0.0  883
12.250  600.0 -90  51  75   1.563  90.0  30.0  602
12.250  602.5 -90  51  72   1.563  90.0  30.0  602
12.250  607.5 -90  51  60   1.563 210.0  30.0  611
12.250  610.0 -90  51  63   1.563 210.0  30.0  611
12.250  695.0 -90  51  63   1.563   0.0   0.0  698
12.250  697.5 -90  51  72   1.563  90.0  30.0  699
12.250  700.0 -90  51  72   1.563  90.0  30.0  701
12.250  702.5 -90  51  66   1.563  90.0  30.0  703
12.250 1152.5 -90  51  60   1.563   0.0   0.0 1153
12.250 1165.0 -90  51  60   1.563   0.0   0.0 1166
12.250 1225.0 -90  51  60  -1.563   0.0   0.0 1216
12.275  607.5  90  54  63   1.563  90.0  30.0  611
12.275  610.0  90  54  75   1.563  90.0  30.0  611
12.275  612.5  90  54  63   1.563  90.0  30.0  610
12.275  655.0  90  54  63   1.563  90.0  30.0  658
12.275  600.0 -90  54  75   1.563  90.0  30.0  602
12.275  602.5 -90  54  78   1.563  90.0  30.0  603
12.275  610.0 -90  54  63   1.563 210.0  30.0  611
12.275  692.5 -90  54  66   1.563  90.0  30.0  696
12.275  695.0 -90  54  75   1.563  90.0  30.0  696
12.275  697.5 -90  54  72   1.563  90.0  30.0  699
12.275  700.0 -90  54  63   1.563  90.0  30.0  701
12.300  610.0  90  54  72   1.563  90.0  30.0  611
12.300  612.5  90  54  72   1.563  90.0  30.0  613
12.300  650.0  90  54  63   1.563  90.0  30.0  652
12.300  600.0 -90  54  69   1.563  90.0  30.0  602
12.300  602.5 -90  54  78   1.563  90.0  30.0  603
12.300  605.0 -90  54  63   1.563 210.0  30.0  603
12.300  690.0 -90  54  69   1.563  90.0  30.0  694
12.300  692.5 -90  54  75   1.563  90.0  30.0  694
12.300  695.0 -90  54  72   1.563  90.0  30.0  696
12.325  610.0  90  54  63   1.563  90.0  30.0  613
12.325  612.5  90  54  75   1.563  90.0  30.0  613
12.325  615.0  90  54  66   1.563  90.0  30.0  613
12.325  647.5  90  54  63   1.563  90.0  30.0  647
12.325  600.0 -90  54  66   1.563  90.0  30.0  605
12.325  602.5 -90  54  78   1.563  90.0  30.0  604
12.325  605.0 -90  54  66   1.563  90.0  30.0  603
12.325  612.5 -90  54  63   1.563 210.0  30.0  613
12.325  647.5 -90  54  63   1.563 210.0  30.0  649
12.325  687.5 -90  54  69   1.563  90.0  30.0  690
12.325  690.0 -90  54  75   1.563  90.0  30.0  692
12.325  692.5 -90  54  72   1.563  90.0  30.0  693
12.350  612.5  90  51  69   1.563  90.0  30.0  615
12.350  615.0  90  51  72   1.563  90.0  30.0  615
12.350  642.5  90  51  60   1.563  90.0  30.0  643
12.350  645.0  90  51  63   1.563  90.0  30.0  646
12.350  647.5  90  51  63   1.563  90.0  30.0  648
12.350  880.0  90  51  60   1.563  30.0  30.0  887
12.350  602.5 -90  51  78   1.563  90.0  30.0  604
12.350  605.0 -90  51  72   1.563 210.0  30.0  604
12.350  612.5 -90  51  60   1.563 210.0  30.0  615
12.350  615.0 -90  51  60   1.563 210.0  30.0  617
12.350  645.0 -90  51  63   1.563 210.0  30.0  647
12.350  685.0 -90  51  63   1.563  90.0  30.0  686
12.350  687.5 -90  51  75   1.563  90.0  30.0  689
12.350  690.0 -90  51  69   1.563  90.0  30.0  690
12.350  692.5 -90  51  63   1.563  90.0  30.0  692
12.375  615.0  90  54  72   1.563  90.0  30.0  617
12.375  617.5  90  54  72   1.563  90.0  30.0  618
12.375  640.0  90  54  66   1.563  90.0  30.0  640
12.375  642.5  90  54  66   1.563  90.0  30.0  643
12.375  602.5 -90  54  75   1.563  90.0  30.0  605
12.375  605.0 -90  54  75   1.563  90.0  30.0  605
12.375  615.0 -90  54  63   1.563 210.0  30.0  617
12.375  642.5 -90  54  63   1.563 210.0  30.0  644
12.375  682.5 -90  54  66   1.563  90.0  30.0  684
12.375  685.0 -90  54  75   1.563  90.0  30.0  686
12.375  687.5 -90  54  69   1.563  90.0  30.0  688
12.400  615.0  90  51  63   1.563  90.0  30.0  619
12.400  617.5  90  51  72   1.563  90.0  30.0  619
12.400  620.0  90  51  72   1.563  90.0  30.0  621
12.400  622.5  90  51  63   1.563  90.0  30.0  624
12.400  635.0  90  51  66   1.563  90.0  30.0  636
12.400  637.5  90  51  66   1.563  90.0  30.0  638
12.400  640.0  90  51  63   1.563  90.0  30.0  642
12.400  880.0  90  51  60   1.563   0.0   0.0  883
12.400  602.5 -90  54  72   1.563  90.0  30.0  605
12.400  605.0 -90  54  78   1.563  90.0  30.0  605
12.400  617.5 -90  54  63   1.563 210.0  30.0  619
12.400  680.0 -90  54  66   1.563  90.0  30.0  682
12.400  682.5 -90  54  75   1.563  90.0  30.0  684
12.400  685.0 -90  54  69   1.563  90.0  30.0  687
12.425  617.5  90  54  63   1.563  90.0  30.0  619
12.425  620.0  90  54  72   1.563  90.0  30.0  622
12.425  622.5  90  54  72   1.563  90.0  30.0  624
12.425  625.0  90  54  72   1.563  90.0  30.0  626
12.425  627.5  90  54  69   1.563  90.0  30.0  629
12.425  630.0  90  54  69   1.563  90.0  30.0  631
12.425  632.5  90  54  66   1.563  90.0  30.0  634
12.425  635.0  90  54  66   1.563  90.0  30.0  638
12.425  602.5 -90  54  69   1.563 210.0  30.0  606
12.425  605.0 -90  54  81   1.563  90.0  30.0  606
12.425  607.5 -90  54  66   1.563  90.0  30.0  606
12.425  622.5 -90  54  63   1.563 210.0  30.0  622
12.425  625.0 -90  54  63   1.563 210.0  30.0  626
12.425  677.5 -90  54  63   1.563  90.0  30.0  681
12.425  680.0 -90  54  72   1.563  90.0  30.0  681
12.425  682.5 -90  54  69   1.563  90.0  30.0  683
12.450  537.5  90  51  60   4.688   0.0   0.0  545
12.450  605.0  90  51  60   1.563 330.0  30.0  617
12.450  622.5  90  51  66   1.563  90.0  30.0  624
12.450  625.0  90  51  66   1.563  90.0  30.0  627
12.450  627.5  90  51  66   1.563  90.0  30.0  629
12.450  630.0  90  51  63   1.563  90.0  30.0  629
12.450  632.5  90  51  60   1.563  90.0  30.0  637
12.450  880.0  90  51  60   1.563   0.0   0.0  882
12.450  605.0 -90  54  81   1.563  90.0  30.0  607
12.450  607.5 -90  54  72   1.563  90.0  30.0  607
12.450  675.0 -90  54  63   1.563  90.0  30.0  678
12.450  677.5 -90  54  72   1.563  90.0  30.0  679
12.450  680.0 -90  54  66   1.563  90.0  30.0  682
12.475  880.0  90  51  60   1.563  90.0  30.0  894
12.475  605.0 -90  51  78   1.563  90.0  30.0  607
12.475  607.5 -90  51  78   1.563 210.0  30.0  607
12.475  672.5 -90  51  66   1.563  90.0  30.0  675
12.475  675.0 -90  51  72   1.563  90.0  30.0  676
12.475  677.5 -90  51  66   1.563  90.0  30.0  680
12.475  680.0 -90  51  60   1.563  90.0  30.0  677
12.500  880.0  90  51  60  -1.563   0.0   0.0  895
12.500  605.0 -90  54  75   1.563  90.0  30.0  607
12.500  607.5 -90  54  81   1.563 210.0  30.0  608
12.500  610.0 -90  54  63   1.563 210.0  30.0  608
12.500  670.0 -90  54  66   1.563  90.0  30.0  673
12.500  672.5 -90  54  75   1.563  90.0  30.0  674
12.500  675.0 -90  54  69   1.563  90.0  30.0  675
12.525  607.5  90  63  72   1.563 150.0  30.0  608
12.525  605.0 -90  66  81   1.563  90.0  30.0  607
12.525  607.5 -90  66  93   1.563 210.0  30.0  609
12.525  610.0 -90  66  84   1.563  90.0  30.0  609
12.525  667.5 -90  66  78   1.563  90.0  30.0  670
12.525  670.0 -90  66  87   1.563  90.0  30.0  671
12.525  672.5 -90  66  81   1.563  90.0  30.0  673
12.550  880.0  90  63  72   1.563   0.0   0.0  884
12.550  882.5  90  63  72   1.563  30.0  30.0  886
12.550  607.5 -90  66  93   1.563 210.0  30.0  609
12.550  610.0 -90  66  90   1.563 210.0  30.0  610
12.550  665.0 -90  66  75   1.563  90.0  30.0  666
12.550  667.5 -90  66  87   1.563  90.0  30.0  669
12.550  670.0 -90  66  84   1.563  90.0  30.0  670
12.575  607.5 -90  66  90   1.563  90.0  30.0  610
12.575  610.0 -90  66  93   1.563 210.0  30.0  610
12.575  612.5 -90  66  75   1.563  90.0  30.0  612
12.575  662.5 -90  66  78   1.563  90.0  30.0  665
12.575  665.0 -90  66  84   1.563  90.0  30.0  666
12.575  667.5 -90  66  81   1.563  90.0  30.0  669
12.575  670.0 -90  66  75   1.563  90.0  30.0  670
12.600  607.5 -90  66  81   1.563 210.0  30.0  611
12.600  610.0 -90  66  93   1.563 210.0  30.0  611
12.600  612.5 -90  66  84   1.563 210.0  30.0  612
12.600  660.0 -90  66  78   1.563  90.0  30.0  662
12.600  662.5 -90  66  84   1.563  90.0  30.0  663
12.600  665.0 -90  66  75   1.563  90.0  30.0  663
12.625  612.5  90  63  72   1.563  30.0  30.0  611
12.625  880.0  90  63  72   1.563 210.0  30.0  882
12.625  607.5 -90  66  75   1.563 210.0  30.0  611
12.625  610.0 -90  66  93   1.563 210.0  30.0  612
12.625  612.5 -90  66  90   1.563 210.0  30.0  612
12.625  615.0 -90  66  75   1.563 210.0  30.0  613
12.625  655.0 -90  66  78   1.563 210.0  30.0  658
12.625  657.5 -90  66  84   1.563  90.0  30.0  659
12.625  660.0 -90  66  87   1.563  90.0  30.0  661
12.625  662.5 -90  66  75   4.688  90.0  30.0  661
12.650  610.0 -90  66  87   1.563  90.0  30.0  612
12.650  612.5 -90  66  96   1.563 210.0  30.0  613
12.650  615.0 -90  66  81   4.688 210.0  30.0  614
12.650  655.0 -90  66  84   1.563  90.0  30.0  657
12.650  657.5 -90  66  87   1.563  90.0  30.0  658
12.650  660.0 -90  66  78   1.563  90.0  30.0  659
12.675  610.0 -90  66  75   1.563 210.0  30.0  612
12.675  612.5 -90  66  93   1.563 210.0  30.0  614
12.675  615.0 -90  66  90   1.563 210.0  30.0  615
12.675  617.5 -90  66  75   1.563 210.0  30.0  616
12.675  650.0 -90  66  81   1.563  90.0  30.0  651
12.675  652.5 -90  66  84   1.563  90.0  30.0  654
12.675  655.0 -90  66  87   1.563  90.0  30.0  656
12.675  657.5 -90  66  78   1.563  90.0  30.0  658
12.700  612.5 -90  66  87   1.563 210.0  30.0  615
12.700  615.0 -90  66  96   1.563 210.0  30.0  616
12.700  617.5 -90  66  84   1.563 210.0  30.0  617
12.700  645.0 -90  66  75   1.563 210.0  30.0  646
12.700  647.5 -90  66  81   1.563  90.0  30.0  649
12.700  650.0 -90  66  90   1.563  90.0  30.0  651
12.700  652.5 -90  66  84   1.563  90.0  30.0  653
12.700  655.0 -90  66  78   1.563  90.0  30.0  654
12.725  880.0  90  66  75   1.563 210.0  30.0  882
12.725  882.5  90  66  75   1.563 330.0  30.0  876
12.725  612.5 -90  66  78   4.688 210.0  30.0  613
12.725  615.0 -90  66  93   1.563 210.0  30.0  617
12.725  617.5 -90  66  93   1.563 210.0  30.0  618
12.725  620.0 -90  66  78   4.688  90.0  30.0  620
12.725  622.5 -90  66  75   1.563  90.0  30.0  624
12.725  642.5 -90  66  81   1.563  90.0  30.0  646
12.725  645.0 -90  66  87   1.563  90.0  30.0  646
12.725  647.5 -90  66  90   1.563  90.0  30.0  648
12.725  650.0 -90  66  84   1.563  90.0  30.0  651
12.725  652.5 -90  66  75   1.563  90.0  30.0  652
12.750  615.0 -90  66  81   1.563 210.0  30.0  619
12.750  617.5 -90  66  93   1.563 210.0  30.0  619
12.750  620.0 -90  66  93   1.563 210.0  30.0  621
12.750  622.5 -90  66  78   1.563 210.0  30.0  622
12.750  637.5 -90  66  78   1.563  90.0  30.0  639
12.750  640.0 -90  66  84   1.563  90.0  30.0  641
12.750  642.5 -90  66  90   1.563  90.0  30.0  644
12.750  645.0 -90  66  87   1.563  90.0  30.0  646
12.750  647.5 -90  66  81   1.563  90.0  30.0  646
12.775  617.5 -90  66  84   1.563  90.0  30.0  620
12.775  620.0 -90  66  93   1.563  90.0  30.0  622
12.775  622.5 -90  66  93   1.563  90.0  30.0  624
12.775  625.0 -90  66  90   1.563  90.0  30.0  626
12.775  627.5 -90  66  87   1.563  90.0  30.0  629
12.775  630.0 -90  66  84   1.563  90.0  30.0  632
12.775  632.5 -90  66  87   1.563  90.0  30.0  634
12.775  635.0 -90  66  90   1.563  90.0  30.0  636
12.775  637.5 -90  66  90   1.563  90.0  30.0  639
12.775  640.0 -90  66  93   1.563  90.0  30.0  641
12.775  642.5 -90  66  87   1.563  90.0  30.0  643
12.775  645.0 -90  66  78   1.563  90.0  30.0  647
12.775  882.5 -90  66  75   1.563  30.0  30.0  887
12.800  597.5 -90  66  75   1.563 210.0  30.0  595
12.800  612.5 -90  66  75   1.563 210.0  30.0  617
12.800  615.0 -90  66  75   1.563 210.0  30.0  619
12.800  617.5 -90  66  75   1.563 210.0  30.0  630
12.800  620.0 -90  66  75   1.563  90.0  30.0  622
12.800  622.5 -90  66  90   1.563 210.0  30.0  624
12.800  625.0 -90  66  93   1.563  90.0  30.0  626
12.800  627.5 -90  66  93   1.563  90.0  30.0  628
12.800  630.0 -90  66  93   1.563 210.0  30.0  631
12.800  632.5 -90  66  93   1.563 210.0  30.0  634
12.800  635.0 -90  66  93   1.563 210.0  30.0  636
12.800  637.5 -90  66  87   1.563 210.0  30.0  639
12.800  640.0 -90  66  75   1.563  90.0  30.0  640
12.800  642.5 -90  66  75   1.563 210.0  30.0  640
12.800  645.0 -90  66  75   1.563 210.0  30.0  641
12.800  647.5 -90  66  75   1.563 210.0  30.0  641
12.800  652.5 -90  66  75   1.563 210.0  30.0  658
12.800  657.5 -90  66  75   1.563 210.0  30.0  659
12.800  670.0 -90  66  75   1.563 210.0  30.0  673
12.800  680.0 -90  66  75   4.688 210.0  30.0  682
12.800  882.5 -90  66  75   1.563 210.0  30.0  880
12.825  880.0  90  63  72   1.563  30.0  30.0  884
12.825  882.5  90  63  72   1.563   0.0   0.0  880
12.825  440.0 -90  63  75   1.563 270.0  30.0  437
12.825  445.0 -90  63  72   4.688 270.0  30.0  432
12.825  470.0 -90  63  72  -1.563 270.0  30.0  455
12.825  625.0 -90  63  81   1.563 210.0  30.0  628
12.825  627.5 -90  63  84   1.563 210.0  30.0  631
12.825  630.0 -90  63  81   1.563 210.0  30.0  632
12.825  632.5 -90  63  78   1.563  90.0  30.0  633
12.825  635.0 -90  63  72   1.563   0.0   0.0  621
12.825  882.5 -90  63  72   1.563 330.0  30.0  888
12.875  882.5  90  66  75   1.563  30.0  30.0  882
12.900  882.5  90  66  75   1.563 270.0  30.0  880
13.050  135.0 -90  33  42   4.688 330.0  30.0  128
13.300  655.0  90  27  36   1.563   0.0   0.0  644
13.975  500.0  90  24  33   4.688   0.0   0.0  488
