2024.06.28 (180) 00:00:00.000
Station name: Lualualei
URSI code: LL721
Ionosonde model: DPS-4D
  Freq  Range Pol MPA Amp Doppler    Az    Zn  PGH
 2.050  237.5  90  60  69   9.375 150.0  30.0
 2.050  330.0  90  60  69   9.375   0.0   0.0
 2.050  715.0  90  60  69   9.375 150.0  30.0
 2.050  265.0 -90  60  69   9.375 150.0  30.0
 2.050  312.5 -90  60  69   3.125 150.0  30.0
 2.200   92.5  90  72  81   3.125 150.0  30.0
 2.425   82.5  90  78  87   9.375 150.0  30.0
 2.425   90.0  90  78  87  -3.125 150.0  30.0
 2.425 1122.5 -90  78  87  -9.375 270.0  30.0
 2.425 1172.5 -90  78  87   3.125 270.0  30.0
 2.425 1207.5 -90  78  87  -9.375 210.0  30.0
 2.425 1215.0 -90  78  87   3.125 210.0  30.0
 2.475  682.5  90  45  54   9.375 150.0  30.0
 2.675   97.5  90  36  45  -3.125 330.0  30.0
 2.775  100.0  90  36  45  -3.125   0.0   0.0
 3.250  210.0  90  60  69  -3.125  90.0  30.0
 3.500 1147.5 -90  60  69  -3.125   0.0   0.0
 3.925  587.5  90  57  66   3.125 210.0  30.0
 3.925  107.5 -90  57  66  -9.375 270.0  30.0
 4.100   95.0  90  69  78  -9.375   0.0   0.0
 4.275   80.0  90  57  84   3.125  90.0  30.0
 4.275   82.5  90  57  84   9.375  90.0  30.0
 4.275   85.0  90  57  81   9.375  90.0  30.0
 4.275   87.5  90  57  75  -9.375  90.0  30.0
 4.275   90.0  90  57  66  -9.375 330.0  30.0
 4.275   80.0 -90  57  81   3.125 210.0  30.0
 4.275   82.5 -90  57  78   3.125 210.0  30.0
 4.275   85.0 -90  57  75   9.375 210.0  30.0
 4.275   87.5 -90  57  72  -9.375 210.0  30.0
 4.275   90.0 -90  57  66  -9.375 210.0  30.0
 4.300   80.0  90  57  75  -9.375  90.0  30.0
 4.300   82.5  90  57  69  -9.375  90.0  30.0
 4.300   85.0  90  57  66  -9.375 150.0  30.0
 4.300   80.0 -90  57  75  -3.125 210.0  30.0
 4.300   82.5 -90  57  72  -3.125 210.0  30.0
 4.325   80.0  90  69  84  -9.375  90.0  30.0
 4.325   82.5  90  69  81   9.375  30.0  30.0
 4.325  192.5  90  69  78   3.125   0.0   0.0
 4.325   80.0 -90  69  90  -9.375 210.0  30.0
 4.325   82.5 -90  69  84   9.375 210.0  30.0
 4.325   85.0 -90  69  78   3.125  30.0  30.0
 4.350   80.0  90  72  81  -3.125 210.0  30.0
 4.350   82.5  90  72  81   3.125  90.0  30.0
 4.350   80.0 -90  72  84   3.125  30.0  30.0
 4.350   82.5 -90  72  81   9.375  30.0  30.0
 4.375   80.0  90  60  81  -3.125  90.0  30.0
 4.375   82.5  90  60  78  -9.375 210.0  30.0
 4.375   85.0  90  60  72  -9.375  90.0  30.0
 4.375   87.5  90  60  69  -9.375 150.0  30.0
 4.375   80.0 -90  60  84  -9.375 210.0  30.0
 4.375   82.5 -90  60  81  -9.375 210.0  30.0
 4.375   85.0 -90  60  75  -9.375 210.0  30.0
 4.375   87.5 -90  60  72  -9.375 210.0  30.0
 4.400   80.0 -90  57  66  -9.375  30.0  30.0
 4.425   80.0  90  57  66   9.375  90.0  30.0
 4.475  210.0  90  57  66  -3.125   0.0   0.0
 4.500  210.0  90  57  66   3.125   0.0   0.0
 4.500  212.5  90  57  69   3.125   0.0   0.0
 4.525  212.5  90  57  69  -3.125   0.0   0.0
 4.525  215.0  90  57  69   3.125   0.0   0.0
 4.550  215.0  90  57  69  -3.125   0.0   0.0
 4.550  217.5  90  57  69   3.125   0.0   0.0
 4.575  217.5  90  57  66   3.125   0.0   0.0
 4.600  220.0  90  57  66  -3.125   0.0   0.0
 4.600  222.5  90  57  66   3.125   0.0   0.0
 4.625  220.0  90  57  66   3.125   0.0   0.0
 4.625  222.5  90  57  69  -3.125   0.0   0.0
 4.625  225.0  90  57  66   3.125   0.0   0.0
 4.650  225.0  90  57  66  -3.125   0.0   0.0
 4.850  232.5  90  57  66  -3.125   0.0   0.0
 5.125  245.0  90  60  69   3.125   0.0   0.0
 5.200  252.5  90  60  69   3.125   0.0   0.0
 5.200  960.0 -90  60  69  -3.125 210.0  30.0
 5.200  970.0 -90  60  69  -9.375 210.0  30.0
 5.200  972.5 -90  60  72   9.375 210.0  30.0
 5.200  977.5 -90  60  72  -9.375 210.0  30.0
 5.200  980.0 -90  60  69   3.125 210.0  30.0
 5.200  982.5 -90  60  72  -3.125 210.0  30.0
 5.200  985.0 -90  60  72  -3.125 210.0  30.0
 5.200  990.0 -90  60  69  -3.125 210.0  30.0
 5.200  992.5 -90  60  72   3.125 210.0  30.0
 5.200  995.0 -90  60  72  -3.125 210.0  30.0
 5.200  997.5 -90  60  69   9.375 330.0  30.0
 5.200 1000.0 -90  60  69   3.125 210.0  30.0
 5.200 1002.5 -90  60  72  -9.375 210.0  30.0
 5.200 1005.0 -90  60  72  -9.375 210.0  30.0
 5.200 1007.5 -90  60  75  -3.125 210.0  30.0
 5.200 1010.0 -90  60  69  -3.125 210.0  30.0
 5.200 1017.5 -90  60  72   9.375 210.0  30.0
 5.200 1020.0 -90  60  69  -3.125 210.0  30.0
 5.200 1022.5 -90  60  69  -3.125 210.0  30.0
 5.200 1025.0 -90  60  75  -9.375 210.0  30.0
 5.200 1027.5 -90  60  72  -3.125 210.0  30.0
 5.200 1030.0 -90  60  69   9.375 210.0  30.0
 5.200 1032.5 -90  60  72   9.375 210.0  30.0
 5.200 1035.0 -90  60  69  -3.125 210.0  30.0
 5.200 1037.5 -90  60  69  -9.375 210.0  30.0
 5.200 1040.0 -90  60  69   9.375 210.0  30.0
 5.200 1042.5 -90  60  72  -3.125 210.0  30.0
 5.200 1045.0 -90  60  69  -9.375 210.0  30.0
 5.200 1050.0 -90  60  69  -9.375  30.0  30.0
 5.275  262.5  90  60  69  -3.125   0.0   0.0
 5.275  265.0  90  60  69  -3.125   0.0   0.0
 5.300  265.0  90  60  69  -3.125   0.0   0.0
 5.300  267.5  90  60  69   3.125   0.0   0.0
 5.325  267.5  90  60  69  -3.125   0.0   0.0
 5.325  270.0  90  60  69  -3.125   0.0   0.0
 5.325  272.5  90  60  69  -3.125   0.0   0.0
 5.325  830.0  90  60  69   3.125 330.0  30.0
 5.325  842.5  90  60  69  -9.375 270.0  30.0
 5.325  862.5  90  60  69   3.125 210.0  30.0
 5.325  875.0  90  60  69  -9.375 270.0  30.0
 5.325  885.0  90  60  69   3.125 210.0  30.0
 5.325  887.5  90  60  69  -3.125 270.0  30.0
 5.325  890.0  90  60  69   3.125 270.0  30.0
 5.325  892.5  90  60  69   3.125 330.0  30.0
 5.325 1037.5  90  60  69   3.125 270.0  30.0
 5.325 1052.5  90  60  69  -3.125 270.0  30.0
 5.325 1055.0  90  60  69  -3.125 330.0  30.0
 5.325 1060.0  90  60  69  -3.125 270.0  30.0
 5.325 1062.5  90  60  72  -3.125 210.0  30.0
 5.325 1072.5  90  60  69   3.125 210.0  30.0
 5.325 1075.0  90  60  72   3.125 210.0  30.0
 5.325 1077.5  90  60  69   9.375 270.0  30.0
 5.325 1080.0  90  60  69  -3.125 270.0  30.0
 5.325 1087.5  90  60  69   3.125 210.0  30.0
 5.325 1090.0  90  60  72   9.375 270.0  30.0
 5.325 1092.5  90  60  72  -3.125 270.0  30.0
 5.325 1105.0  90  60  69  -9.375 270.0  30.0
 5.325 1107.5  90  60  69   3.125 210.0  30.0
 5.325 1122.5  90  60  69  -3.125 210.0  30.0
 5.350  272.5  90  60  69   3.125   0.0   0.0
 5.350  275.0  90  60  69   3.125   0.0   0.0
 5.350  842.5  90  60  69   3.125 210.0  30.0
 5.350  862.5  90  60  69   9.375 150.0  30.0
 5.350  892.5  90  60  69  -3.125 330.0  30.0
 5.375  280.0  90  60  69  -3.125   0.0   0.0
 5.400  282.5  90  60  69  -3.125   0.0   0.0
 5.400  285.0  90  60  69  -3.125 270.0  30.0
 5.400  287.5  90  60  69   3.125   0.0   0.0
 5.400  202.5 -90  60  69  -9.375  30.0  30.0
 5.400  215.0 -90  60  69  -9.375 210.0  30.0
 5.400  250.0 -90  60  69   3.125 210.0  30.0
 5.400  257.5 -90  60  69   3.125   0.0   0.0
 5.400  265.0 -90  60  69  -3.125 210.0  30.0
 5.400  710.0 -90  60  69  -3.125 210.0  30.0
 5.400  720.0 -90  60  72   9.375 210.0  30.0
 5.400  722.5 -90  60  69  -3.125 210.0  30.0
 5.400  725.0 -90  60  69  -9.375 210.0  30.0
 5.400  727.5 -90  60  69   9.375 210.0  30.0
 5.400  730.0 -90  60  72   9.375 210.0  30.0
 5.400  750.0 -90  60  69  -9.375 210.0  30.0
 5.400  755.0 -90  60  69   9.375 210.0  30.0
 5.400  780.0 -90  60  69   3.125 210.0  30.0
 5.400  785.0 -90  60  69  -3.125 270.0  30.0
 5.400  792.5 -90  60  69  -9.375 210.0  30.0
 5.400  795.0 -90  60  69   3.125 210.0  30.0
 5.400  797.5 -90  60  69  -9.375 210.0  30.0
 5.400  810.0 -90  60  69  -9.375 210.0  30.0
 5.400  812.5 -90  60  72  -3.125 210.0  30.0
 5.400  827.5 -90  60  69  -3.125 210.0  30.0
 5.400  832.5 -90  60  69  -9.375 210.0  30.0
 5.400  840.0 -90  60  72   3.125 210.0  30.0
 5.400  847.5 -90  60  72   3.125 210.0  30.0
 5.400  857.5 -90  60  69   9.375 210.0  30.0
 5.400  862.5 -90  60  72   3.125 210.0  30.0
 5.400  877.5 -90  60  69  -9.375 210.0  30.0
 5.425  290.0  90  60  69  -3.125   0.0   0.0
 5.450  295.0  90  60  69  -3.125   0.0   0.0
 5.450  297.5  90  60  69  -3.125   0.0   0.0
 5.450  257.5 -90  60  69  -3.125   0.0   0.0
 5.475  300.0  90  60  69  -3.125   0.0   0.0
 5.475  302.5  90  60  69   3.125   0.0   0.0
 5.475 1062.5 -90  60  69  -3.125 210.0  30.0
 5.475 1077.5 -90  60  69   9.375 210.0  30.0
 5.475 1095.0 -90  60  69   3.125 210.0  30.0
 5.475 1100.0 -90  60  69   3.125 210.0  30.0
 5.475 1102.5 -90  60  69  -9.375 210.0  30.0
 5.475 1117.5 -90  60  69   9.375 210.0  30.0
 5.475 1120.0 -90  60  69   3.125 210.0  30.0
 5.475 1122.5 -90  60  69   3.125 210.0  30.0
 5.475 1135.0 -90  60  69   9.375 210.0  30.0
 5.475 1137.5 -90  60  69  -3.125 210.0  30.0
 5.475 1142.5 -90  60  69   9.375 210.0  30.0
 5.500  307.5  90  60  69  -3.125   0.0   0.0
 5.500  310.0  90  60  69   3.125   0.0   0.0
 5.500  312.5  90  60  69  -3.125   0.0   0.0
 5.525  312.5  90  60  69  -3.125   0.0   0.0
 5.525  315.0  90  60  69  -3.125   0.0   0.0
 5.525  317.5  90  60  69  -3.125   0.0   0.0
 5.525  257.5 -90  60  69   3.125   0.0   0.0
 5.550  320.0  90  60  69   3.125   0.0   0.0
 5.550  322.5  90  60  69  -3.125   0.0   0.0
 5.550  257.5 -90  60  69   3.125   0.0   0.0
 5.550  260.0 -90  60  69  -3.125   0.0   0.0
 5.575  325.0  90  60  69  -3.125   0.0   0.0
 5.575  327.5  90  60  72  -3.125   0.0   0.0
 5.575  330.0  90  60  69   3.125   0.0   0.0
 5.600  260.0 -90  60  69  -3.125   0.0   0.0
 5.650  355.0  90  60  69  -3.125   0.0   0.0
 5.700  370.0  90  57  66   3.125 270.0  30.0
 5.700  265.0 -90  57  66  -3.125   0.0   0.0
 5.750  385.0  90  60  69   3.125   0.0   0.0
 5.775  387.5  90  57  66   3.125   0.0   0.0
 5.775  390.0  90  57  66   3.125   0.0   0.0
 5.800  395.0  90  57  66   3.125   0.0   0.0
 5.825  397.5  90  57  66  -3.125   0.0   0.0
 5.825  400.0  90  57  66  -3.125   0.0   0.0
 5.825  282.5 -90  57  66   3.125   0.0   0.0
 5.850  400.0  90  57  66  -3.125   0.0   0.0
 5.850  402.5  90  57  69  -3.125   0.0   0.0
 5.850  405.0  90  57  69  -3.125   0.0   0.0
 5.875  405.0  90  57  66  -3.125   0.0   0.0
 5.875  407.5  90  57  69   3.125   0.0   0.0
 5.900  407.5  90  57  66  -3.125   0.0   0.0
 5.900  410.0  90  57  69  -3.125   0.0   0.0
 5.925  410.0  90  60  69  -3.125   0.0   0.0
 5.925  412.5  90  60  69  -3.125   0.0   0.0
 5.950  412.5  90  57  69  -3.125   0.0   0.0
 5.950  415.0  90  57  66  -3.125   0.0   0.0
 5.975  415.0  90  57  69  -3.125   0.0   0.0
 6.000  415.0  90  57  69  -3.125   0.0   0.0
 6.025  415.0  90  57  69  -3.125   0.0   0.0
 6.050  415.0  90  57  69  -3.125   0.0   0.0
 6.075  415.0  90  60  69  -3.125   0.0   0.0
 6.100  415.0  90  60  69  -3.125   0.0   0.0
 6.125  357.5 -90  57  69   3.125   0.0   0.0
 6.125  360.0 -90  57  69  -3.125   0.0   0.0
 6.125  362.5 -90  57  66   3.125   0.0   0.0
 6.125  365.0 -90  57  66  -3.125   0.0   0.0
 6.150  412.5  90  57  66  -3.125   0.0   0.0
 6.150  362.5 -90  57  66  -3.125   0.0   0.0
 6.150  365.0 -90  57  72  -3.125   0.0   0.0
 6.150  367.5 -90  57  72  -3.125   0.0   0.0
 6.150  370.0 -90  57  72  -3.125   0.0   0.0
 6.150  372.5 -90  57  66  -3.125   0.0   0.0
 6.175  412.5  90  57  66  -3.125   0.0   0.0
 6.175  367.5 -90  57  69  -3.125   0.0   0.0
 6.175  370.0 -90  57  72   3.125   0.0   0.0
 6.175  372.5 -90  57  75  -3.125   0.0   0.0
 6.175  375.0 -90  57  72   3.125   0.0   0.0
 6.175  377.5 -90  57  66  -3.125   0.0   0.0
 6.200  372.5 -90  57  66   3.125   0.0   0.0
 6.200  375.0 -90  57  69   3.125   0.0   0.0
 6.200  377.5 -90  57  72  -3.125   0.0   0.0
 6.200  380.0 -90  57  69  -3.125   0.0   0.0
 6.225  410.0  90  57  69  -3.125   0.0   0.0
 6.225  380.0 -90  57  69   3.125   0.0   0.0
 6.225  382.5 -90  57  69  -3.125   0.0   0.0
 6.225  385.0 -90  57  69  -3.125   0.0   0.0
 6.225  387.5 -90  57  66  -3.125   0.0   0.0
 6.250  407.5  90  57  66  -3.125   0.0   0.0
 6.250  410.0  90  57  72   3.125   0.0   0.0
 6.250  827.5  90  57  66  -3.125   0.0   0.0
 6.250  385.0 -90  57  69  -3.125   0.0   0.0
 6.250  387.5 -90  57  72  -3.125   0.0   0.0
 6.250  390.0 -90  57  72   3.125   0.0   0.0
 6.250  392.5 -90  57  69  -3.125   0.0   0.0
 6.275  407.5  90  57  72  -3.125   0.0   0.0
 6.275  410.0  90  57  72  -3.125   0.0   0.0
 6.275  392.5 -90  57  66  -3.125   0.0   0.0
 6.275  395.0 -90  57  66   3.125   0.0   0.0
 6.275  397.5 -90  57  66   3.125   0.0   0.0
 6.275  400.0 -90  57  66  -3.125   0.0   0.0
 6.300  407.5  90  57  75  -3.125   0.0   0.0
 6.300  410.0  90  57  69  -3.125   0.0   0.0
 6.300  820.0  90  57  66  -3.125   0.0   0.0
 6.300  400.0 -90  57  66   3.125   0.0   0.0
 6.300  402.5 -90  57  66  -3.125   0.0   0.0
 6.325  405.0  90  57  66  -3.125   0.0   0.0
 6.325  407.5  90  57  75  -3.125   0.0   0.0
 6.325  810.0  90  57  66  -3.125   0.0   0.0
 6.350  405.0  90  57  72  -3.125   0.0   0.0
 6.350  407.5  90  57  75  -3.125   0.0   0.0
 6.350  807.5  90  57  66  -3.125   0.0   0.0
 6.350  810.0  90  57  69  -3.125   0.0   0.0
 6.350  812.5  90  57  66  -3.125   0.0   0.0
 6.375  405.0  90  57  75  -3.125   0.0   0.0
 6.375  407.5  90  57  69  -3.125   0.0   0.0
 6.375  810.0  90  57  72   3.125   0.0   0.0
 6.400  405.0  90  57  75  -3.125   0.0   0.0
 6.400  802.5  90  57  66  -3.125   0.0   0.0
 6.400  805.0  90  57  69  -3.125   0.0   0.0
 6.400  807.5  90  57  72  -3.125   0.0   0.0
 6.400  810.0  90  57  69   3.125   0.0   0.0
 6.425  402.5  90  57  69  -3.125   0.0   0.0
 6.425  405.0  90  57  75  -3.125   0.0   0.0
 6.425  802.5  90  57  72  -3.125   0.0   0.0
 6.425  807.5  90  57  66  -3.125   0.0   0.0
 6.450  402.5  90  57  75  -3.125   0.0   0.0
 6.450  405.0  90  57  72  -3.125   0.0   0.0
 6.450  800.0  90  57  72  -3.125   0.0   0.0
 6.450  802.5  90  57  78  -3.125   0.0   0.0
 6.450  805.0  90  57  72   3.125   0.0   0.0
 6.475  400.0  90  57  66   3.125   0.0   0.0
 6.475  402.5  90  57  75  -3.125   0.0   0.0
 6.475  405.0  90  57  66  -3.125   0.0   0.0
 6.475  800.0  90  57  78  -3.125   0.0   0.0
 6.475  802.5  90  57  75  -3.125   0.0   0.0
 6.500  400.0  90  57  72  -3.125   0.0   0.0
 6.500  402.5  90  57  78  -3.125   0.0   0.0
 6.500  797.5  90  57  72  -3.125   0.0   0.0
 6.500  800.0  90  57  75  -3.125   0.0   0.0
 6.500  802.5  90  57  66   3.125   0.0   0.0
 6.525  155.0  90  57  66  -3.125  30.0  30.0
 6.525  400.0  90  57  75  -3.125   0.0   0.0
 6.525  402.5  90  57  78  -3.125   0.0   0.0
 6.525  795.0  90  57  66  -3.125   0.0   0.0
 6.525  797.5  90  57  75  -3.125   0.0   0.0
 6.525  447.5 -90  57  66  -3.125 270.0  30.0
 6.550  400.0  90  57  78  -3.125   0.0   0.0
 6.550  402.5  90  57  75  -3.125   0.0   0.0
 6.550  795.0  90  57  69  -3.125   0.0   0.0
 6.550  797.5  90  57  72  -3.125   0.0   0.0
 6.575  397.5  90  57  69  -3.125   0.0   0.0
 6.575  400.0  90  57  81  -3.125   0.0   0.0
 6.575  402.5  90  57  69   3.125   0.0   0.0
 6.575  795.0  90  57  72  -3.125   0.0   0.0
 6.575  447.5 -90  57  66   3.125   0.0   0.0
 6.600  397.5  90  57  75  -3.125   0.0   0.0
 6.600  400.0  90  57  81  -3.125   0.0   0.0
 6.600  402.5  90  57  66   3.125   0.0   0.0
 6.600  792.5  90  57  69  -3.125   0.0   0.0
 6.600  795.0  90  57  72  -3.125   0.0   0.0
 6.600  445.0 -90  57  66  -3.125   0.0   0.0
 6.600  447.5 -90  57  69  -3.125   0.0   0.0
 6.625  397.5  90  57  81  -3.125   0.0   0.0
 6.625  400.0  90  57  81  -3.125   0.0   0.0
 6.625  792.5  90  57  72  -3.125   0.0   0.0
 6.625  445.0 -90  57  72   3.125   0.0   0.0
 6.650  397.5  90  54  81  -3.125   0.0   0.0
 6.650  400.0  90  54  78  -3.125   0.0   0.0
 6.650  792.5  90  54  69  -3.125   0.0   0.0
 6.650  442.5 -90  54  69  -3.125   0.0   0.0
 6.650  445.0 -90  54  66   3.125   0.0   0.0
 6.675  395.0  90  57  69  -3.125   0.0   0.0
 6.675  397.5  90  57  84  -3.125   0.0   0.0
 6.675  400.0  90  57  78  -3.125   0.0   0.0
 6.675  790.0  90  57  69  -3.125   0.0   0.0
 6.675  792.5  90  57  69  -3.125   0.0   0.0
 6.675  440.0 -90  57  66   3.125   0.0   0.0
 6.675  442.5 -90  57  69   3.125   0.0   0.0
 6.675  602.5 -90  57  66   3.125 210.0  30.0
 6.675  627.5 -90  57  66  -3.125 270.0  30.0
 6.675  632.5 -90  57  66   3.125 210.0  30.0
 6.675  657.5 -90  57  66   3.125 270.0  30.0
 6.700  395.0  90  57  75   3.125   0.0   0.0
 6.700  397.5  90  57  87  -3.125   0.0   0.0
 6.700  400.0  90  57  75  -3.125   0.0   0.0
 6.700  790.0  90  57  72  -3.125   0.0   0.0
 6.700  792.5  90  57  66  -3.125   0.0   0.0
 6.700  440.0 -90  57  69   3.125   0.0   0.0
 6.725  395.0  90  57  81  -3.125   0.0   0.0
 6.725  397.5  90  57  90  -3.125   0.0   0.0
 6.725  400.0  90  57  72  -3.125   0.0   0.0
 6.725  787.5  90  57  69  -3.125   0.0   0.0
 6.725  790.0  90  57  75  -3.125   0.0   0.0
 6.725  437.5 -90  57  72   3.125   0.0   0.0
 6.725  440.0 -90  57  72  -3.125   0.0   0.0
 6.750  395.0  90  57  84  -3.125   0.0   0.0
 6.750  397.5  90  57  87  -3.125   0.0   0.0
 6.750  400.0  90  57  66   3.125   0.0   0.0
 6.750  787.5  90  57  72  -3.125   0.0   0.0
 6.750  790.0  90  57  72  -3.125   0.0   0.0
 6.750  435.0 -90  57  66   3.125   0.0   0.0
 6.750  437.5 -90  57  72   3.125   0.0   0.0
 6.775  395.0  90  57  87  -3.125   0.0   0.0
 6.775  397.5  90  57  87  -3.125   0.0   0.0
 6.775  787.5  90  57  72  -3.125   0.0   0.0
 6.775  790.0  90  57  66   3.125   0.0   0.0
 6.775 1187.5  90  57  66  -3.125   0.0   0.0
 6.775  435.0 -90  57  72   3.125   0.0   0.0
 6.800  392.5  90  57  66  -3.125   0.0   0.0
 6.800  395.0  90  57  87  -3.125   0.0   0.0
 6.800  397.5  90  57  84  -3.125   0.0   0.0
 6.800  787.5  90  57  72  -3.125   0.0   0.0
 6.800  790.0  90  57  66  -3.125   0.0   0.0
 6.800 1187.5  90  57  66  -3.125   0.0   0.0
 6.800  432.5 -90  57  72  -3.125   0.0   0.0
 6.800  435.0 -90  57  72  -3.125   0.0   0.0
 6.825  392.5  90  57  72  -3.125   0.0   0.0
 6.825  395.0  90  57  90  -3.125   0.0   0.0
 6.825  397.5  90  57  84  -3.125   0.0   0.0
 6.825  785.0  90  57  69  -3.125   0.0   0.0
 6.825  787.5  90  57  75  -3.125   0.0   0.0
 6.825  790.0  90  57  66   3.125   0.0   0.0
 6.825 1185.0  90  57  66  -3.125   0.0   0.0
 6.825 1187.5  90  57  66  -3.125   0.0   0.0
 6.825  430.0 -90  57  69   3.125   0.0   0.0
 6.825  432.5 -90  57  72   3.125   0.0   0.0
 6.850  392.5  90  57  75  -3.125   0.0   0.0
 6.850  395.0  90  57  90  -3.125   0.0   0.0
 6.850  397.5  90  57  81  -3.125   0.0   0.0
 6.850  785.0  90  57  69  -3.125   0.0   0.0
 6.850  787.5  90  57  69  -3.125   0.0   0.0
 6.850 1187.5  90  57  66  -3.125   0.0   0.0
 6.850  430.0 -90  57  72  -3.125   0.0   0.0
 6.850  432.5 -90  57  69  -3.125   0.0   0.0
 6.875  392.5  90  57  78  -3.125   0.0   0.0
 6.875  395.0  90  57  90  -3.125   0.0   0.0
 6.875  397.5  90  57  75  -3.125   0.0   0.0
 6.875  785.0  90  57  75  -3.125   0.0   0.0
 6.875  787.5  90  57  72  -3.125   0.0   0.0
 6.875 1187.5  90  57  66  -3.125   0.0   0.0
 6.875  427.5 -90  57  72   3.125   0.0   0.0
 6.875  430.0 -90  57  75   3.125   0.0   0.0
 6.900  392.5  90  57  81  -3.125   0.0   0.0
 6.900  395.0  90  57  90  -3.125   0.0   0.0
 6.900  397.5  90  57  75  -3.125   0.0   0.0
 6.900  785.0  90  57  75  -3.125   0.0   0.0
 6.900  787.5  90  57  72  -3.125   0.0   0.0
 6.900 1185.0  90  57  66  -3.125   0.0   0.0
 6.900  395.0 -90  57  66  -3.125 210.0  30.0
 6.900  425.0 -90  57  66   3.125  90.0  30.0
 6.900  427.5 -90  57  75  -3.125   0.0   0.0
 6.900  430.0 -90  57  66  -3.125   0.0   0.0
 6.925  392.5  90  48  72  -3.125   0.0   0.0
 6.925  395.0  90  48  78  -3.125   0.0   0.0
 6.925  397.5  90  48  60   3.125   0.0   0.0
 6.925  782.5  90  48  57  -3.125   0.0   0.0
 6.925  785.0  90  48  63  -3.125   0.0   0.0
 6.925  395.0 -90  48  57   3.125 150.0  30.0
 6.925  425.0 -90  48  63   3.125   0.0   0.0
 6.925  427.5 -90  48  63  -3.125   0.0   0.0
 6.950  390.0  90  48  57  -3.125   0.0   0.0
 6.950  392.5  90  48  72  -3.125   0.0   0.0
 6.950  395.0  90  48  78  -3.125   0.0   0.0
 6.950  782.5  90  48  57  -3.125   0.0   0.0
 6.950  785.0  90  48  63  -3.125   0.0   0.0
 6.950 1182.5  90  48  60  -3.125   0.0   0.0
 6.950  395.0 -90  45  54   3.125 210.0  30.0
 6.950  422.5 -90  45  54   3.125   0.0   0.0
 6.950  425.0 -90  45  66  -3.125   0.0   0.0
 6.950  427.5 -90  45  54   3.125   0.0   0.0
 6.975  390.0  90  57  66   3.125   0.0   0.0
 6.975  392.5  90  57  87  -3.125   0.0   0.0
 6.975  395.0  90  57  90  -3.125   0.0   0.0
 6.975  397.5  90  57  69  -3.125   0.0   0.0
 6.975  782.5  90  57  72  -3.125   0.0   0.0
 6.975  785.0  90  57  75  -3.125   0.0   0.0
 6.975 1180.0  90  57  69  -3.125   0.0   0.0
 6.975 1182.5  90  57  66  -3.125   0.0   0.0
 6.975  395.0 -90  57  66   3.125 210.0  30.0
 6.975  422.5 -90  57  75  -3.125   0.0   0.0
 6.975  425.0 -90  57  75  -3.125   0.0   0.0
 7.000  390.0  90  57  66  -3.125   0.0   0.0
 7.000  392.5  90  57  90  -3.125   0.0   0.0
 7.000  395.0  90  57  90  -3.125   0.0   0.0
 7.000  397.5  90  57  66   3.125   0.0   0.0
 7.000  782.5  90  57  75  -3.125   0.0   0.0
 7.000  785.0  90  57  75  -3.125   0.0   0.0
 7.000 1180.0  90  57  69   3.125   0.0   0.0
 7.000  420.0 -90  57  72  -3.125   0.0   0.0
 7.000  422.5 -90  57  78  -3.125   0.0   0.0
 7.000  425.0 -90  57  66   3.125   0.0   0.0
 7.025  392.5  90  36  72  -3.125  30.0  30.0
 7.025  395.0  90  36  69  -3.125  30.0  30.0
 7.025  782.5  90  36  54  -3.125 210.0  30.0
 7.025  785.0  90  36  48  -3.125 210.0  30.0
 7.025 1177.5  90  36  45  -3.125 330.0  30.0
 7.025  420.0 -90  36  57   3.125   0.0   0.0
 7.025  422.5 -90  36  54  -3.125 210.0  30.0
 7.050  390.0  90  36  54  -3.125   0.0   0.0
 7.050  392.5  90  36  72  -3.125   0.0   0.0
 7.050  395.0  90  36  69  -3.125   0.0   0.0
 7.050  782.5  90  36  51  -3.125   0.0   0.0
 7.050  392.5 -90  36  45  -3.125  30.0  30.0
 7.050  417.5 -90  36  51   3.125   0.0   0.0
 7.050  420.0 -90  36  57   3.125   0.0   0.0
 7.075  390.0  90  36  45  -3.125   0.0   0.0
 7.075  392.5  90  36  72  -3.125   0.0   0.0
 7.075  395.0  90  36  69  -3.125   0.0   0.0
 7.075  782.5  90  36  51  -3.125   0.0   0.0
 7.075  417.5 -90  36  57  -3.125   0.0   0.0
 7.075  420.0 -90  36  57   3.125   0.0   0.0
 7.100  390.0  90  36  54  -3.125   0.0   0.0
 7.100  392.5  90  36  72  -3.125   0.0   0.0
 7.100  395.0  90  36  66  -3.125   0.0   0.0
 7.100  782.5  90  36  54  -3.125   0.0   0.0
 7.100 1177.5  90  36  45   3.125   0.0   0.0
 7.100  392.5 -90  36  48  -3.125 210.0  30.0
 7.100  395.0 -90  36  48  -3.125   0.0   0.0
 7.100  415.0 -90  36  45   3.125   0.0   0.0
 7.100  417.5 -90  36  60  -3.125   0.0   0.0
 7.100  420.0 -90  36  51   3.125   0.0   0.0
 7.125  390.0  90  36  51  -3.125   0.0   0.0
 7.125  392.5  90  36  72  -3.125   0.0   0.0
 7.125  395.0  90  36  66  -3.125   0.0   0.0
 7.125  782.5  90  36  57  -3.125   0.0   0.0
 7.125  785.0  90  36  51  -3.125   0.0   0.0
 7.125 1097.5  90  36  45  -3.125 210.0  30.0
 7.125 1122.5  90  36  45   9.375 210.0  30.0
 7.125 1132.5  90  36  45  -3.125 210.0  30.0
 7.125 1147.5  90  36  45  -3.125 210.0  30.0
 7.125  192.5 -90  36  45   9.375 210.0  30.0
 7.125  220.0 -90  36  45  -9.375 270.0  30.0
 7.125  287.5 -90  36  45  -9.375 210.0  30.0
 7.125  392.5 -90  36  48   3.125  30.0  30.0
 7.125  395.0 -90  36  45  -3.125 210.0  30.0
 7.125  415.0 -90  36  54  -3.125   0.0   0.0
 7.125  417.5 -90  36  60  -3.125   0.0   0.0
 7.150  390.0  90  36  60  -3.125   0.0   0.0
 7.150  392.5  90  36  75  -3.125   0.0   0.0
 7.150  395.0  90  36  66  -3.125   0.0   0.0
 7.150  780.0  90  36  45  -3.125 270.0  30.0
 7.150  782.5  90  36  57   3.125   0.0   0.0
 7.150  785.0  90  36  45  -3.125   0.0   0.0
 7.150  805.0  90  36  45  -3.125 210.0  30.0
 7.150  822.5  90  36  45   9.375 210.0  30.0
 7.150 1175.0  90  36  45   3.125 270.0  30.0
 7.150 1200.0  90  36  45  -9.375 210.0  30.0
 7.150  110.0 -90  36  45  -9.375 270.0  30.0
 7.150  120.0 -90  36  45  -3.125 270.0  30.0
 7.150  125.0 -90  36  45   9.375 210.0  30.0
 7.150  392.5 -90  36  48  -3.125 210.0  30.0
 7.150  395.0 -90  36  45  -3.125  30.0  30.0
 7.150  415.0 -90  36  60  -3.125   0.0   0.0
 7.150  417.5 -90  36  57   3.125   0.0   0.0
 7.175  390.0  90  36  60  -3.125   0.0   0.0
 7.175  392.5  90  36  75  -3.125   0.0   0.0
 7.175  395.0  90  36  66  -3.125   0.0   0.0
 7.175  780.0  90  36  45   3.125   0.0   0.0
 7.175  782.5  90  36  57  -3.125   0.0   0.0
 7.175  785.0  90  36  48   3.125   0.0   0.0
 7.175  392.5 -90  36  48   3.125  30.0  30.0
 7.175  395.0 -90  36  45  -3.125  30.0  30.0
 7.175  412.5 -90  36  48   3.125   0.0   0.0
 7.175  415.0 -90  36  60  -3.125   0.0   0.0
 7.175  417.5 -90  36  48   3.125   0.0   0.0
 7.200  390.0  90  36  60  -3.125   0.0   0.0
 7.200  392.5  90  36  75  -3.125   0.0   0.0
 7.200  395.0  90  36  66  -3.125   0.0   0.0
 7.200  780.0  90  36  45  -3.125   0.0   0.0
 7.200  782.5  90  36  57  -3.125   0.0   0.0
 7.200  785.0  90  36  48   3.125   0.0   0.0
 7.200  392.5 -90  36  45   3.125  30.0  30.0
 7.200  412.5 -90  36  57  -3.125   0.0   0.0
 7.200  415.0 -90  36  60  -3.125   0.0   0.0
 7.225  390.0  90  36  63  -3.125   0.0   0.0
 7.225  392.5  90  36  75  -3.125   0.0   0.0
 7.225  395.0  90  36  66  -3.125   0.0   0.0
 7.225  780.0  90  36  45   3.125   0.0   0.0
 7.225  782.5  90  36  57  -3.125   0.0   0.0
 7.225  785.0  90  36  45  -3.125   0.0   0.0
 7.225  392.5 -90  36  45  -3.125 210.0  30.0
 7.225  410.0 -90  36  45  -3.125   0.0   0.0
 7.225  412.5 -90  36  60  -3.125   0.0   0.0
 7.225  415.0 -90  36  57  -3.125   0.0   0.0
 7.250  390.0  90  36  60  -3.125   0.0   0.0
 7.250  392.5  90  36  75  -3.125   0.0   0.0
 7.250  395.0  90  36  66  -3.125   0.0   0.0
 7.250  780.0  90  36  45  -3.125   0.0   0.0
 7.250  782.5  90  36  54  -3.125   0.0   0.0
 7.250  785.0  90  36  45  -3.125   0.0   0.0
 7.250 1175.0  90  36  45  -3.125   0.0   0.0
 7.250 1177.5  90  36  45   3.125   0.0   0.0
 7.250  410.0 -90  36  54  -3.125   0.0   0.0
 7.250  412.5 -90  36  63  -3.125   0.0   0.0
 7.250  415.0 -90  36  51   3.125   0.0   0.0
 7.275  390.0  90  36  60  -3.125   0.0   0.0
 7.275  392.5  90  36  75  -3.125   0.0   0.0
 7.275  395.0  90  36  63  -3.125   0.0   0.0
 7.275  782.5  90  36  51  -3.125   0.0   0.0
 7.275 1175.0  90  36  48   3.125   0.0   0.0
 7.275 1177.5  90  36  48   3.125   0.0   0.0
 7.275  392.5 -90  36  45   3.125 210.0  30.0
 7.275  410.0 -90  36  60  -3.125   0.0   0.0
 7.275  412.5 -90  36  63  -3.125   0.0   0.0
 7.275  415.0 -90  36  48  -3.125   0.0   0.0
 7.300  390.0  90  36  63  -3.125   0.0   0.0
 7.300  392.5  90  36  75  -3.125   0.0   0.0
 7.300  395.0  90  36  66  -3.125   0.0   0.0
 7.300  782.5  90  36  45  -3.125   0.0   0.0
 7.300 1175.0  90  36  45  -3.125   0.0   0.0
 7.300 1177.5  90  36  48  -3.125   0.0   0.0
 7.300  392.5 -90  36  48  -3.125  30.0  30.0
 7.300  407.5 -90  36  45  -3.125   0.0   0.0
 7.300  410.0 -90  36  63  -3.125   0.0   0.0
 7.300  412.5 -90  36  60   3.125   0.0   0.0
 7.300  415.0 -90  36  45  -3.125   0.0   0.0
 7.325  390.0  90  36  63  -3.125   0.0   0.0
 7.325  392.5  90  36  75  -3.125   0.0   0.0
 7.325  395.0  90  36  63  -3.125   0.0   0.0
 7.325  415.0  90  36  45   3.125 210.0  30.0
 7.325  782.5  90  36  45   3.125   0.0   0.0
 7.325 1175.0  90  36  48   3.125   0.0   0.0
 7.325 1177.5  90  36  51  -3.125   0.0   0.0
 7.325  392.5 -90  36  48  -3.125  30.0  30.0
 7.325  407.5 -90  36  54  -3.125   0.0   0.0
 7.325  410.0 -90  36  66  -3.125   0.0   0.0
 7.325  412.5 -90  36  54   3.125   0.0   0.0
 7.350  390.0  90  36  63  -3.125   0.0   0.0
 7.350  392.5  90  36  75  -3.125   0.0   0.0
 7.350  395.0  90  36  63  -3.125   0.0   0.0
 7.350 1175.0  90  36  45  -3.125   0.0   0.0
 7.350 1177.5  90  36  54   3.125   0.0   0.0
 7.350  392.5 -90  36  51  -3.125  30.0  30.0
 7.350  395.0 -90  36  45   3.125 210.0  30.0
 7.350  407.5 -90  36  60   3.125   0.0   0.0
 7.350  410.0 -90  36  66  -3.125   0.0   0.0
 7.350  412.5 -90  36  51   3.125   0.0   0.0
 7.375  147.5  90  36  45   9.375 330.0  30.0
 7.375  152.5  90  36  45   9.375 210.0  30.0
 7.375  390.0  90  36  66  -3.125   0.0   0.0
 7.375  392.5  90  36  75  -3.125   0.0   0.0
 7.375  395.0  90  36  63  -3.125   0.0   0.0
 7.375  410.0  90  36  45   3.125 210.0  30.0
 7.375 1177.5  90  36  51  -3.125   0.0   0.0
 7.375  392.5 -90  36  48   3.125  30.0  30.0
 7.375  395.0 -90  36  45   3.125 150.0  30.0
 7.375  407.5 -90  36  63   3.125   0.0   0.0
 7.375  410.0 -90  36  63  -3.125   0.0   0.0
 7.375  412.5 -90  36  45  -3.125   0.0   0.0
 7.375  442.5 -90  36  45   3.125 270.0  30.0
 7.375  452.5 -90  36  45  -9.375 270.0  30.0
 7.375  462.5 -90  36  45  -9.375 270.0  30.0
 7.375  477.5 -90  36  45   3.125 270.0  30.0
 7.375  502.5 -90  36  45   9.375 270.0  30.0
 7.375  507.5 -90  36  45   3.125 270.0  30.0
 7.400  382.5  90  36  45   3.125   0.0   0.0
 7.400  390.0  90  36  60  -3.125   0.0   0.0
 7.400  392.5  90  36  75  -3.125   0.0   0.0
 7.400  395.0  90  36  60  -3.125   0.0   0.0
 7.400  397.5  90  36  45  -3.125   0.0   0.0
 7.400  407.5  90  36  45   3.125   0.0   0.0
 7.400 1177.5  90  36  51  -3.125   0.0   0.0
 7.400  392.5 -90  36  48  -3.125   0.0   0.0
 7.400  395.0 -90  36  48   3.125   0.0   0.0
 7.400  405.0 -90  36  48  -3.125   0.0   0.0
 7.400  407.5 -90  36  66  -3.125   0.0   0.0
 7.400  410.0 -90  36  60   3.125   0.0   0.0
 7.425  390.0  90  36  63  -3.125   0.0   0.0
 7.425  392.5  90  36  75  -3.125   0.0   0.0
 7.425  395.0  90  36  63  -3.125   0.0   0.0
 7.425 1177.5  90  36  48  -3.125   0.0   0.0
 7.425  405.0 -90  36  51   3.125   0.0   0.0
 7.425  407.5 -90  36  66  -3.125   0.0   0.0
 7.425  410.0 -90  36  57   3.125   0.0   0.0
 7.450  390.0  90  36  60  -3.125   0.0   0.0
 7.450  392.5  90  36  72  -3.125   0.0   0.0
 7.450  395.0  90  36  60  -3.125   0.0   0.0
 7.450  695.0  90  36  45   3.125 210.0  30.0
 7.450 1177.5  90  36  48   3.125   0.0   0.0
 7.450 1180.0  90  36  45  -3.125   0.0   0.0
 7.450  405.0 -90  36  57  -3.125   0.0   0.0
 7.450  407.5 -90  36  66  -3.125   0.0   0.0
 7.450  410.0 -90  36  51  -3.125   0.0   0.0
 7.475  390.0  90  36  60  -3.125   0.0   0.0
 7.475  392.5  90  36  72  -3.125   0.0   0.0
 7.475  395.0  90  36  60  -3.125   0.0   0.0
 7.475 1177.5  90  36  48  -3.125   0.0   0.0
 7.475 1180.0  90  36  51  -3.125   0.0   0.0
 7.475  405.0 -90  36  63   3.125   0.0   0.0
 7.475  407.5 -90  36  66   3.125   0.0   0.0
 7.475  410.0 -90  36  48   3.125   0.0   0.0
 7.500  390.0  90  36  63  -3.125   0.0   0.0
 7.500  392.5  90  36  72  -3.125   0.0   0.0
 7.500  395.0  90  36  60  -3.125   0.0   0.0
 7.500  397.5  90  36  45  -3.125 330.0  30.0
 7.500 1177.5  90  36  45  -3.125   0.0   0.0
 7.500 1180.0  90  36  51  -3.125   0.0   0.0
 7.500  392.5 -90  36  51  -3.125   0.0   0.0
 7.500  395.0 -90  36  48  -3.125 210.0  30.0
 7.500  405.0 -90  36  63  -3.125   0.0   0.0
 7.500  407.5 -90  36  66  -3.125   0.0   0.0
 7.525  390.0  90  36  60  -3.125   0.0   0.0
 7.525  392.5  90  36  75  -3.125   0.0   0.0
 7.525  395.0  90  36  63  -3.125   0.0   0.0
 7.525  397.5  90  36  45  -3.125   0.0   0.0
 7.525 1180.0  90  36  48  -3.125   0.0   0.0
 7.525  392.5 -90  36  48  -3.125 210.0  30.0
 7.525  402.5 -90  36  45  -3.125   0.0   0.0
 7.525  405.0 -90  36  66  -3.125   0.0   0.0
 7.525  407.5 -90  36  63   3.125   0.0   0.0
 7.550  390.0  90  36  60  -3.125   0.0   0.0
 7.550  392.5  90  36  72  -3.125   0.0   0.0
 7.550  395.0  90  36  60  -3.125   0.0   0.0
 7.550  397.5  90  36  45  -3.125 330.0  30.0
 7.550  785.0  90  36  45   3.125   0.0   0.0
 7.550 1180.0  90  36  48  -3.125   0.0   0.0
 7.550  392.5 -90  36  48  -3.125  30.0  30.0
 7.550  402.5 -90  36  48  -3.125   0.0   0.0
 7.550  405.0 -90  36  66   3.125   0.0   0.0
 7.550  407.5 -90  36  60  -3.125   0.0   0.0
 7.575  390.0  90  36  60  -3.125   0.0   0.0
 7.575  392.5  90  36  72  -3.125   0.0   0.0
 7.575  395.0  90  36  63  -3.125   0.0   0.0
 7.575  397.5  90  36  45  -3.125 330.0  30.0
 7.575  405.0  90  36  45   3.125  30.0  30.0
 7.575 1180.0  90  36  45   3.125   0.0   0.0
 7.575  215.0 -90  36  45  -9.375 210.0  30.0
 7.575  260.0 -90  36  45   9.375 210.0  30.0
 7.575  392.5 -90  36  48  -3.125  30.0  30.0
 7.575  395.0 -90  36  45   3.125  30.0  30.0
 7.575  402.5 -90  36  54   3.125   0.0   0.0
 7.575  405.0 -90  36  66  -3.125   0.0   0.0
 7.575  407.5 -90  36  57   3.125   0.0   0.0
 7.600  390.0  90  36  57  -3.125   0.0   0.0
 7.600  392.5  90  36  72  -3.125   0.0   0.0
 7.600  395.0  90  36  63  -3.125   0.0   0.0
 7.600  397.5  90  36  45  -3.125   0.0   0.0
 7.600  405.0  90  36  45   3.125  30.0  30.0
 7.600 1180.0  90  36  45  -3.125   0.0   0.0
 7.600  392.5 -90  36  45   3.125 210.0  30.0
 7.600  402.5 -90  36  57   3.125   0.0   0.0
 7.600  405.0 -90  36  66   3.125   0.0   0.0
 7.600  407.5 -90  36  54  -3.125   0.0   0.0
 7.600 1217.5 -90  36  45   3.125   0.0   0.0
 7.625  390.0  90  36  57  -3.125   0.0   0.0
 7.625  392.5  90  36  72  -3.125   0.0   0.0
 7.625  395.0  90  36  66  -3.125   0.0   0.0
 7.625  397.5  90  36  45   3.125   0.0   0.0
 7.625 1182.5  90  36  45  -3.125   0.0   0.0
 7.625  392.5 -90  36  48  -3.125  30.0  30.0
 7.625  402.5 -90  36  60   3.125   0.0   0.0
 7.625  405.0 -90  36  66  -3.125   0.0   0.0
 7.625  407.5 -90  36  51   3.125   0.0   0.0
 7.625 1217.5 -90  36  45  -3.125   0.0   0.0
 7.625 1220.0 -90  36  45  -3.125   0.0   0.0
 7.650  390.0  90  36  54  -3.125   0.0   0.0
 7.650  392.5  90  36  72  -3.125   0.0   0.0
 7.650  395.0  90  36  66  -3.125   0.0   0.0
 7.650  397.5  90  36  45  -3.125   0.0   0.0
 7.650 1097.5  90  36  45  -9.375 270.0  30.0
 7.650 1182.5  90  36  45  -3.125   0.0   0.0
 7.650  392.5 -90  36  48  -3.125 210.0  30.0
 7.650  395.0 -90  36  45   3.125   0.0   0.0
 7.650  402.5 -90  36  60  -3.125   0.0   0.0
 7.650  405.0 -90  36  66  -3.125   0.0   0.0
 7.650  407.5 -90  36  48  -3.125 270.0  30.0
 7.650  812.5 -90  36  45  -3.125   0.0   0.0
 7.650 1217.5 -90  36  45   3.125   0.0   0.0
 7.675  390.0  90  36  51   3.125   0.0   0.0
 7.675  392.5  90  36  72  -3.125   0.0   0.0
 7.675  395.0  90  36  69  -3.125   0.0   0.0
 7.675  397.5  90  36  48   3.125   0.0   0.0
 7.675  787.5  90  36  45   3.125   0.0   0.0
 7.675 1182.5  90  36  45   3.125   0.0   0.0
 7.675  392.5 -90  36  45   3.125  30.0  30.0
 7.675  402.5 -90  36  63  -3.125   0.0   0.0
 7.675  405.0 -90  36  66  -3.125   0.0   0.0
 7.675  407.5 -90  36  45  -3.125   0.0   0.0
 7.675  812.5 -90  36  45  -3.125   0.0   0.0
 7.700  390.0  90  36  45   3.125   0.0   0.0
 7.700  392.5  90  36  69  -3.125   0.0   0.0
 7.700  395.0  90  36  66  -3.125   0.0   0.0
 7.700  397.5  90  36  51  -3.125 150.0  30.0
 7.700 1185.0  90  36  45  -3.125   0.0   0.0
 7.700  392.5 -90  36  45  -3.125 210.0  30.0
 7.700  395.0 -90  36  45  -3.125 210.0  30.0
 7.700  402.5 -90  36  63  -3.125   0.0   0.0
 7.700  405.0 -90  36  63  -3.125   0.0   0.0
 7.700  407.5 -90  36  45   3.125  90.0  30.0
 7.700  812.5 -90  36  48  -3.125   0.0   0.0
 7.725  390.0  90  36  45  -3.125   0.0   0.0
 7.725  392.5  90  36  69  -3.125   0.0   0.0
 7.725  395.0  90  36  66  -3.125   0.0   0.0
 7.725  397.5  90  36  48  -3.125   0.0   0.0
 7.725 1185.0  90  36  48  -3.125   0.0   0.0
 7.725  392.5 -90  36  45  -3.125 210.0  30.0
 7.725  402.5 -90  36  63   3.125   0.0   0.0
 7.725  405.0 -90  36  63   3.125   0.0   0.0
 7.725  807.5 -90  36  45  -3.125   0.0   0.0
 7.750  392.5  90  36  69  -3.125   0.0   0.0
 7.750  395.0  90  36  69  -3.125   0.0   0.0
 7.750  397.5  90  36  45   3.125 330.0  30.0
 7.750  400.0  90  36  45  -3.125   0.0   0.0
 7.750 1185.0  90  36  48  -3.125   0.0   0.0
 7.750 1187.5  90  36  45  -3.125   0.0   0.0
 7.750  392.5 -90  36  45  -3.125 210.0  30.0
 7.750  395.0 -90  36  48  -3.125 210.0  30.0
 7.750  402.5 -90  36  63  -3.125   0.0   0.0
 7.750  405.0 -90  36  63  -3.125   0.0   0.0
 7.775  392.5  90  36  66  -3.125   0.0   0.0
 7.775  395.0  90  36  69  -3.125   0.0   0.0
 7.775  397.5  90  36  54  -3.125   0.0   0.0
 7.775  400.0  90  36  45  -3.125   0.0   0.0
 7.775  795.0  90  36  45  -3.125   0.0   0.0
 7.775 1187.5  90  36  48  -3.125   0.0   0.0
 7.775  377.5 -90  33  42   3.125   0.0   0.0
 7.775  392.5 -90  33  45   3.125 210.0  30.0
 7.775  395.0 -90  33  45  -3.125 210.0  30.0
 7.775  397.5 -90  33  42   3.125 210.0  30.0
 7.775  402.5 -90  33  63  -3.125   0.0   0.0
 7.775  405.0 -90  33  60  -3.125   0.0   0.0
 7.775  810.0 -90  33  45  -3.125  90.0  30.0
 7.800  392.5  90  36  66  -3.125   0.0   0.0
 7.800  395.0  90  36  69  -3.125   0.0   0.0
 7.800  397.5  90  36  51   3.125   0.0   0.0
 7.800  400.0  90  36  48  -3.125   0.0   0.0
 7.800  797.5  90  36  45   3.125   0.0   0.0
 7.800 1187.5  90  36  48  -3.125   0.0   0.0
 7.800  395.0 -90  36  45  -3.125 210.0  30.0
 7.800  402.5 -90  36  63  -3.125   0.0   0.0
 7.800  405.0 -90  36  60   3.125   0.0   0.0
 7.800  810.0 -90  36  45   3.125   0.0   0.0
 7.825  392.5  90  36  63  -3.125   0.0   0.0
 7.825  395.0  90  36  69  -3.125   0.0   0.0
 7.825  397.5  90  36  51  -3.125   0.0   0.0
 7.825  400.0  90  36  48   3.125   0.0   0.0
 7.825  800.0  90  36  45  -3.125   0.0   0.0
 7.825 1187.5  90  36  45  -3.125   0.0   0.0
 7.825 1190.0  90  36  45  -3.125   0.0   0.0
 7.825  395.0 -90  36  48   3.125 210.0  30.0
 7.825  402.5 -90  36  66  -3.125   0.0   0.0
 7.825  405.0 -90  36  63  -3.125   0.0   0.0
 7.850  392.5  90  36  60  -3.125   0.0   0.0
 7.850  395.0  90  36  69  -3.125   0.0   0.0
 7.850  397.5  90  36  57  -3.125   0.0   0.0
 7.850  400.0  90  36  45  -3.125 270.0  30.0
 7.850  405.0  90  36  45  -3.125  30.0  30.0
 7.850 1055.0  90  36  45  -9.375 210.0  30.0
 7.850 1095.0  90  36  45  -3.125 270.0  30.0
 7.850 1190.0  90  36  48   3.125   0.0   0.0
 7.850  395.0 -90  36  48  -3.125 210.0  30.0
 7.850  397.5 -90  36  45  -3.125 210.0  30.0
 7.850  402.5 -90  36  66  -3.125   0.0   0.0
 7.850  405.0 -90  36  63   3.125   0.0   0.0
 7.850  407.5 -90  36  45  -3.125 270.0  30.0
 7.875  392.5  90  36  57  -3.125   0.0   0.0
 7.875  395.0  90  36  69  -3.125   0.0   0.0
 7.875  397.5  90  36  57   3.125   0.0   0.0
 7.875 1190.0  90  36  48  -3.125   0.0   0.0
 7.875 1192.5  90  36  48  -3.125   0.0   0.0
 7.875  402.5 -90  36  66   3.125   0.0   0.0
 7.875  405.0 -90  36  63   3.125   0.0   0.0
 7.875  807.5 -90  36  45   3.125   0.0   0.0
 7.875  810.0 -90  36  45  -3.125   0.0   0.0
 7.900  392.5  90  36  54  -3.125   0.0   0.0
 7.900  395.0  90  36  69  -3.125   0.0   0.0
 7.900  397.5  90  36  63  -3.125   0.0   0.0
 7.900  400.0  90  36  45  -3.125   0.0   0.0
 7.900  802.5  90  36  45  -3.125   0.0   0.0
 7.900 1192.5  90  36  48  -3.125   0.0   0.0
 7.900  400.0 -90  36  45  -3.125  90.0  30.0
 7.900  402.5 -90  36  66  -3.125   0.0   0.0
 7.900  405.0 -90  36  63  -3.125   0.0   0.0
 7.900  807.5 -90  36  48  -3.125   0.0   0.0
 7.900  810.0 -90  36  45  -3.125   0.0   0.0
 7.925  392.5  90  36  48  -3.125   0.0   0.0
 7.925  395.0  90  36  69  -3.125   0.0   0.0
 7.925  397.5  90  36  66  -3.125   0.0   0.0
 7.925  802.5  90  36  45  -3.125   0.0   0.0
 7.925 1192.5  90  36  45  -3.125   0.0   0.0
 7.925 1195.0  90  36  45  -3.125   0.0   0.0
 7.925  402.5 -90  36  63  -3.125   0.0   0.0
 7.925  405.0 -90  36  63  -3.125   0.0   0.0
 7.925  810.0 -90  36  45  -3.125   0.0   0.0
 7.950  392.5  90  36  45  -3.125   0.0   0.0
 7.950  395.0  90  36  69  -3.125   0.0   0.0
 7.950  397.5  90  36  69  -3.125   0.0   0.0
 7.950  400.0  90  36  51  -3.125   0.0   0.0
 7.950  800.0  90  36  45  -3.125   0.0   0.0
 7.950  802.5  90  36  45  -3.125   0.0   0.0
 7.950 1195.0  90  36  48  -3.125   0.0   0.0
 7.950  395.0 -90  33  42  -3.125 210.0  30.0
 7.950  397.5 -90  33  45   3.125   0.0   0.0
 7.950  400.0 -90  33  45  -3.125   0.0   0.0
 7.950  402.5 -90  33  63   3.125   0.0   0.0
 7.950  405.0 -90  33  63   3.125   0.0   0.0
 7.950  807.5 -90  33  45  -3.125   0.0   0.0
 7.950  810.0 -90  33  45   3.125   0.0   0.0
 7.975  395.0  90  36  69  -3.125   0.0   0.0
 7.975  397.5  90  36  69  -3.125   0.0   0.0
 7.975  400.0  90  36  45  -3.125 330.0  30.0
 7.975  800.0  90  36  48  -3.125   0.0   0.0
 7.975  802.5  90  36  48   3.125   0.0   0.0
 7.975  805.0  90  36  45  -3.125   0.0   0.0
 7.975 1195.0  90  36  45  -3.125   0.0   0.0
 7.975 1197.5  90  36  45   3.125   0.0   0.0
 7.975  402.5 -90  36  63   3.125   0.0   0.0
 7.975  405.0 -90  36  63   3.125   0.0   0.0
 7.975  807.5 -90  36  45  -3.125   0.0   0.0
 8.000  395.0  90  36  66  -3.125   0.0   0.0
 8.000  397.5  90  36  72  -3.125   0.0   0.0
 8.000  400.0  90  36  48  -3.125   0.0   0.0
 8.000  402.5  90  36  48  -3.125   0.0   0.0
 8.000  797.5  90  36  45  -3.125   0.0   0.0
 8.000  800.0  90  36  48  -3.125   0.0   0.0
 8.000  802.5  90  36  45  -3.125   0.0   0.0
 8.000  805.0  90  36  48  -3.125 270.0  30.0
 8.000 1197.5  90  36  48  -3.125   0.0   0.0
 8.000  397.5 -90  36  45   3.125 210.0  30.0
 8.000  400.0 -90  36  48  -3.125   0.0   0.0
 8.000  402.5 -90  36  63  -3.125   0.0   0.0
 8.000  405.0 -90  36  63  -3.125   0.0   0.0
 8.000  407.5 -90  36  45  -3.125  90.0  30.0
 8.000  807.5 -90  36  45  -3.125   0.0   0.0
 8.000  810.0 -90  36  45  -3.125   0.0   0.0
 8.025  395.0  90  36  63  -3.125   0.0   0.0
 8.025  397.5  90  36  72  -3.125   0.0   0.0
 8.025  400.0  90  36  63  -3.125   0.0   0.0
 8.025  402.5  90  36  48  -3.125   0.0   0.0
 8.025  797.5  90  36  48   3.125   0.0   0.0
 8.025  800.0  90  36  48  -3.125   0.0   0.0
 8.025  802.5  90  36  48  -3.125   0.0   0.0
 8.025  805.0  90  36  48  -3.125   0.0   0.0
 8.025  807.5  90  36  45  -3.125   0.0   0.0
 8.025 1197.5  90  36  45   3.125   0.0   0.0
 8.025 1200.0  90  36  48  -3.125   0.0   0.0
 8.025  402.5 -90  36  63   3.125   0.0   0.0
 8.025  405.0 -90  36  66  -3.125   0.0   0.0
 8.025  807.5 -90  36  45  -3.125   0.0   0.0
 8.025  810.0 -90  36  51  -3.125   0.0   0.0
 8.025  812.5 -90  36  45   3.125   0.0   0.0
 8.050  395.0  90  33  60  -3.125   0.0   0.0
 8.050  397.5  90  33  75  -3.125   0.0   0.0
 8.050  400.0  90  33  63  -3.125   0.0   0.0
 8.050  402.5  90  33  51  -3.125   0.0   0.0
 8.050  797.5  90  33  48   3.125   0.0   0.0
 8.050  800.0  90  33  45  -3.125   0.0   0.0
 8.050  802.5  90  33  45  -3.125   0.0   0.0
 8.050  807.5  90  33  48  -3.125   0.0   0.0
 8.050 1200.0  90  33  48   3.125   0.0   0.0
 8.050  397.5 -90  36  45  -3.125 210.0  30.0
 8.050  402.5 -90  36  63  -3.125   0.0   0.0
 8.050  405.0 -90  36  66  -3.125   0.0   0.0
 8.050  407.5 -90  36  45  -3.125  90.0  30.0
 8.050  807.5 -90  36  45   3.125   0.0   0.0
 8.050  810.0 -90  36  51  -3.125   0.0   0.0
 8.050  812.5 -90  36  48  -3.125   0.0   0.0
 8.075  395.0  90  36  57  -3.125   0.0   0.0
 8.075  397.5  90  36  72  -3.125   0.0   0.0
 8.075  400.0  90  36  69  -3.125   0.0   0.0
 8.075  402.5  90  36  45  -3.125 270.0  30.0
 8.075  797.5  90  36  45   3.125   0.0   0.0
 8.075  800.0  90  36  48  -3.125   0.0   0.0
 8.075  807.5  90  36  48  -3.125   0.0   0.0
 8.075 1200.0  90  36  45  -3.125   0.0   0.0
 8.075 1202.5  90  36  45  -3.125   0.0   0.0
 8.075  397.5 -90  33  45   3.125 210.0  30.0
 8.075  400.0 -90  33  48   3.125 210.0  30.0
 8.075  402.5 -90  33  60  -3.125   0.0   0.0
 8.075  405.0 -90  33  66   3.125   0.0   0.0
 8.075  407.5 -90  33  48  -3.125   0.0   0.0
 8.075  807.5 -90  33  45  -3.125   0.0   0.0
 8.075  810.0 -90  33  51  -3.125   0.0   0.0
 8.075  815.0 -90  33  42  -3.125   0.0   0.0
 8.100  395.0  90  33  51  -3.125   0.0   0.0
 8.100  397.5  90  33  72  -3.125   0.0   0.0
 8.100  400.0  90  33  69  -3.125   0.0   0.0
 8.100  402.5  90  33  48   3.125 270.0  30.0
 8.100  800.0  90  33  45  -3.125   0.0   0.0
 8.100  802.5  90  33  42   3.125 270.0  30.0
 8.100  807.5  90  33  48  -3.125   0.0   0.0
 8.100  810.0  90  33  48  -3.125   0.0   0.0
 8.100 1202.5  90  33  45   3.125   0.0   0.0
 8.100 1205.0  90  33  42  -3.125   0.0   0.0
 8.100  397.5 -90  33  45  -3.125 210.0  30.0
 8.100  400.0 -90  33  45  -3.125   0.0   0.0
 8.100  402.5 -90  33  60   3.125   0.0   0.0
 8.100  405.0 -90  33  66   3.125   0.0   0.0
 8.100  407.5 -90  33  48   3.125  90.0  30.0
 8.100  810.0 -90  33  45  -3.125   0.0   0.0
 8.100  812.5 -90  33  45  -3.125   0.0   0.0
 8.100  815.0 -90  33  45  -3.125   0.0   0.0
 8.125  395.0  90  36  45  -3.125   0.0   0.0
 8.125  397.5  90  36  69  -3.125   0.0   0.0
 8.125  400.0  90  36  72  -3.125   0.0   0.0
 8.125  402.5  90  36  51  -3.125   0.0   0.0
 8.125  802.5  90  36  45   3.125   0.0   0.0
 8.125  805.0  90  36  48  -3.125   0.0   0.0
 8.125  810.0  90  36  45  -3.125   0.0   0.0
 8.125 1205.0  90  36  48  -3.125   0.0   0.0
 8.125  397.5 -90  36  45  -3.125 210.0  30.0
 8.125  402.5 -90  36  60  -3.125   0.0   0.0
 8.125  405.0 -90  36  66  -3.125   0.0   0.0
 8.125  407.5 -90  36  48   3.125   0.0   0.0
 8.125  810.0 -90  36  51  -3.125   0.0   0.0
 8.125  812.5 -90  36  48   3.125   0.0   0.0
 8.150  395.0  90  33  42   3.125   0.0   0.0
 8.150  397.5  90  33  66  -3.125   0.0   0.0
 8.150  400.0  90  33  72  -3.125   0.0   0.0
 8.150  402.5  90  33  54  -3.125   0.0   0.0
 8.150  802.5  90  33  45  -3.125   0.0   0.0
 8.150  805.0  90  33  48  -3.125   0.0   0.0
 8.150  807.5  90  33  45   3.125   0.0   0.0
 8.150  810.0  90  33  42  -3.125  90.0  30.0
 8.150  812.5  90  33  42  -3.125   0.0   0.0
 8.150 1205.0  90  33  48  -3.125   0.0   0.0
 8.150 1207.5  90  33  45   3.125   0.0   0.0
 8.150  400.0 -90  36  45   3.125  30.0  30.0
 8.150  402.5 -90  36  57   3.125   0.0   0.0
 8.150  405.0 -90  36  66  -3.125   0.0   0.0
 8.150  407.5 -90  36  54  -3.125  90.0  30.0
 8.150  810.0 -90  36  54  -3.125   0.0   0.0
 8.150  812.5 -90  36  48  -3.125   0.0   0.0
 8.150  815.0 -90  36  45  -3.125   0.0   0.0
 8.175  397.5  90  33  63  -3.125   0.0   0.0
 8.175  400.0  90  33  72  -3.125   0.0   0.0
 8.175  402.5  90  33  60  -3.125   0.0   0.0
 8.175  405.0  90  33  42   3.125 210.0  30.0
 8.175  802.5  90  33  51  -3.125   0.0   0.0
 8.175  805.0  90  33  51  -3.125   0.0   0.0
 8.175  807.5  90  33  48  -3.125   0.0   0.0
 8.175  812.5  90  33  42  -3.125   0.0   0.0
 8.175 1205.0  90  33  42   3.125   0.0   0.0
 8.175 1207.5  90  33  51  -3.125   0.0   0.0
 8.175 1210.0  90  33  45   3.125   0.0   0.0
 8.175  400.0 -90  36  45   3.125  30.0  30.0
 8.175  402.5 -90  36  54  -3.125   0.0   0.0
 8.175  405.0 -90  36  66   3.125   0.0   0.0
 8.175  407.5 -90  36  57  -3.125   0.0   0.0
 8.175  810.0 -90  36  54  -3.125   0.0   0.0
 8.175  812.5 -90  36  51   3.125   0.0   0.0
 8.175  815.0 -90  36  45   3.125   0.0   0.0
 8.200  397.5  90  33  57  -3.125   0.0   0.0
 8.200  400.0  90  33  72  -3.125   0.0   0.0
 8.200  402.5  90  33  63  -3.125   0.0   0.0
 8.200  405.0  90  33  45  -3.125 330.0  30.0
 8.200  407.5  90  33  42   3.125 210.0  30.0
 8.200  802.5  90  33  51  -3.125   0.0   0.0
 8.200  805.0  90  33  51  -3.125   0.0   0.0
 8.200  807.5  90  33  48  -3.125   0.0   0.0
 8.200  810.0  90  33  42   3.125 270.0  30.0
 8.200  812.5  90  33  45  -3.125   0.0   0.0
 8.200 1207.5  90  33  45  -3.125   0.0   0.0
 8.200 1210.0  90  33  51  -3.125   0.0   0.0
 8.200  400.0 -90  33  48   3.125   0.0   0.0
 8.200  402.5 -90  33  54  -3.125   0.0   0.0
 8.200  405.0 -90  33  66  -3.125   0.0   0.0
 8.200  407.5 -90  33  57   3.125   0.0   0.0
 8.200  810.0 -90  33  51  -3.125   0.0   0.0
 8.200  812.5 -90  33  57  -3.125   0.0   0.0
 8.200  815.0 -90  33  48  -3.125   0.0   0.0
 8.200  817.5 -90  33  45   3.125   0.0   0.0
 8.225  397.5  90  36  51   3.125   0.0   0.0
 8.225  400.0  90  36  72  -3.125   0.0   0.0
 8.225  402.5  90  36  69  -3.125   0.0   0.0
 8.225  405.0  90  36  54  -3.125   0.0   0.0
 8.225  407.5  90  36  45   3.125   0.0   0.0
 8.225  802.5  90  36  48   3.125   0.0   0.0
 8.225  805.0  90  36  57  -3.125   0.0   0.0
 8.225  807.5  90  36  48  -3.125   0.0   0.0
 8.225  810.0  90  36  45   3.125   0.0   0.0
 8.225  815.0  90  36  45  -3.125   0.0   0.0
 8.225 1210.0  90  36  51  -3.125   0.0   0.0
 8.225 1212.5  90  36  45   3.125   0.0   0.0
 8.225  400.0 -90  36  48  -3.125 210.0  30.0
 8.225  402.5 -90  36  54  -3.125   0.0   0.0
 8.225  405.0 -90  36  66   3.125   0.0   0.0
 8.225  407.5 -90  36  57   3.125   0.0   0.0
 8.225  810.0 -90  36  48  -3.125   0.0   0.0
 8.225  812.5 -90  36  57  -3.125   0.0   0.0
 8.225  815.0 -90  36  48  -3.125   0.0   0.0
 8.225  817.5 -90  36  45  -3.125   0.0   0.0
 8.250  397.5  90  36  45  -3.125   0.0   0.0
 8.250  400.0  90  36  69  -3.125   0.0   0.0
 8.250  402.5  90  36  69  -3.125   0.0   0.0
 8.250  405.0  90  36  48   3.125 270.0  30.0
 8.250  805.0  90  36  54  -3.125   0.0   0.0
 8.250  807.5  90  36  57  -3.125   0.0   0.0
 8.250  810.0  90  36  48  -3.125   0.0   0.0
 8.250 1212.5  90  36  51  -3.125   0.0   0.0
 8.250  400.0 -90  36  45   3.125  90.0  30.0
 8.250  402.5 -90  36  51   3.125 270.0  30.0
 8.250  405.0 -90  36  66   3.125   0.0   0.0
 8.250  407.5 -90  36  60   3.125   0.0   0.0
 8.250  812.5 -90  36  57  -3.125   0.0   0.0
 8.250  815.0 -90  36  54  -3.125   0.0   0.0
 8.275   80.0  90  36  45  -3.125   0.0   0.0
 8.275  400.0  90  36  66  -3.125   0.0   0.0
 8.275  402.5  90  36  72  -3.125   0.0   0.0
 8.275  405.0  90  36  57  -3.125 270.0  30.0
 8.275  805.0  90  36  51  -3.125   0.0   0.0
 8.275  807.5  90  36  57   3.125   0.0   0.0
 8.275  810.0  90  36  45  -3.125   0.0   0.0
 8.275  815.0  90  36  45  -3.125   0.0   0.0
 8.275  817.5  90  36  45   3.125   0.0   0.0
 8.275 1212.5  90  36  45  -3.125   0.0   0.0
 8.275 1215.0  90  36  48   3.125   0.0   0.0
 8.275   80.0 -90  36  45   3.125   0.0   0.0
 8.275  400.0 -90  36  45   3.125 210.0  30.0
 8.275  402.5 -90  36  51  -3.125  90.0  30.0
 8.275  405.0 -90  36  66   3.125   0.0   0.0
 8.275  407.5 -90  36  63   3.125   0.0   0.0
 8.275  812.5 -90  36  54   3.125   0.0   0.0
 8.275  815.0 -90  36  54  -3.125   0.0   0.0
 8.275  817.5 -90  36  48  -3.125   0.0   0.0
 8.300  400.0  90  36  63  -3.125   0.0   0.0
 8.300  402.5  90  36  72  -3.125   0.0   0.0
 8.300  405.0  90  36  63  -3.125   0.0   0.0
 8.300  407.5  90  36  45  -3.125  90.0  30.0
 8.300  807.5  90  36  57   3.125   0.0   0.0
 8.300  810.0  90  36  57  -3.125   0.0   0.0
 8.300  817.5  90  36  45  -3.125  90.0  30.0
 8.300 1215.0  90  36  51  -3.125   0.0   0.0
 8.300 1217.5  90  36  48  -3.125   0.0   0.0
 8.300  402.5 -90  33  48   3.125   0.0   0.0
 8.300  405.0 -90  33  66   3.125   0.0   0.0
 8.300  407.5 -90  33  63   3.125   0.0   0.0
 8.300  812.5 -90  33  51  -3.125   0.0   0.0
 8.300  815.0 -90  33  48  -3.125   0.0   0.0
 8.300  817.5 -90  33  45  -3.125   0.0   0.0
 8.325  400.0  90  36  57  -3.125   0.0   0.0
 8.325  402.5  90  36  72  -3.125   0.0   0.0
 8.325  405.0  90  36  66  -3.125   0.0   0.0
 8.325  407.5  90  36  51   3.125 270.0  30.0
 8.325  807.5  90  36  54  -3.125   0.0   0.0
 8.325  810.0  90  36  60   3.125   0.0   0.0
 8.325  812.5  90  36  48  -3.125   0.0   0.0
 8.325 1215.0  90  36  48  -3.125   0.0   0.0
 8.325 1217.5  90  36  54  -3.125   0.0   0.0
 8.325 1220.0  90  36  45  -3.125   0.0   0.0
 8.325  402.5 -90  36  48   3.125 210.0  30.0
 8.325  405.0 -90  36  63   3.125   0.0   0.0
 8.325  407.5 -90  36  66  -3.125   0.0   0.0
 8.325  815.0 -90  36  45  -3.125   0.0   0.0
 8.325  817.5 -90  36  45  -3.125   0.0   0.0
 8.325  820.0 -90  36  45  -3.125   0.0   0.0
 8.350  400.0  90  36  48  -3.125   0.0   0.0
 8.350  402.5  90  36  72  -3.125   0.0   0.0
 8.350  405.0  90  36  69  -3.125   0.0   0.0
 8.350  407.5  90  36  48  -3.125 330.0  30.0
 8.350  807.5  90  36  45  -3.125   0.0   0.0
 8.350  810.0  90  36  57   3.125   0.0   0.0
 8.350  812.5  90  36  54   3.125   0.0   0.0
 8.350 1217.5  90  36  51  -3.125   0.0   0.0
 8.350 1220.0  90  36  51   3.125   0.0   0.0
 8.350  402.5 -90  33  48  -3.125 210.0  30.0
 8.350  405.0 -90  33  63   3.125   0.0   0.0
 8.350  407.5 -90  33  66  -3.125   0.0   0.0
 8.350  410.0 -90  33  42  -3.125   0.0   0.0
 8.350  815.0 -90  33  48  -3.125   0.0   0.0
 8.350  817.5 -90  33  42  -3.125   0.0   0.0
 8.350  820.0 -90  33  45  -3.125   0.0   0.0
 8.375  400.0  90  33  45  -3.125   0.0   0.0
 8.375  402.5  90  33  69  -3.125   0.0   0.0
 8.375  405.0  90  33  72  -3.125   0.0   0.0
 8.375  407.5  90  33  57  -3.125  90.0  30.0
 8.375  810.0  90  33  51   3.125   0.0   0.0
 8.375  812.5  90  33  57  -3.125   0.0   0.0
 8.375  815.0  90  33  48  -3.125   0.0   0.0
 8.375  817.5  90  33  42  -3.125  90.0  30.0
 8.375 1220.0  90  33  51  -3.125   0.0   0.0
 8.375 1222.5  90  33  48  -3.125   0.0   0.0
 8.375  402.5 -90  33  48   3.125   0.0   0.0
 8.375  405.0 -90  33  63  -3.125  90.0  30.0
 8.375  407.5 -90  33  66  -3.125   0.0   0.0
 8.375  410.0 -90  33  51   3.125   0.0   0.0
 8.375  815.0 -90  33  48  -3.125   0.0   0.0
 8.375  820.0 -90  33  48  -3.125   0.0   0.0
 8.400  402.5  90  33  66  -3.125   0.0   0.0
 8.400  405.0  90  33  72  -3.125   0.0   0.0
 8.400  407.5  90  33  60  -3.125  90.0  30.0
 8.400  410.0  90  33  45   3.125 330.0  30.0
 8.400  810.0  90  33  42  -3.125   0.0   0.0
 8.400  812.5  90  33  54  -3.125   0.0   0.0
 8.400  815.0  90  33  51  -3.125   0.0   0.0
 8.400  817.5  90  33  48  -3.125   0.0   0.0
 8.400 1220.0  90  33  45   3.125   0.0   0.0
 8.400 1222.5  90  33  54  -3.125   0.0   0.0
 8.400 1225.0  90  33  45  -3.125   0.0   0.0
 8.400  402.5 -90  33  42  -3.125  30.0  30.0
 8.400  405.0 -90  33  60  -3.125   0.0   0.0
 8.400  407.5 -90  33  66  -3.125   0.0   0.0
 8.400  410.0 -90  33  51  -3.125   0.0   0.0
 8.400  815.0 -90  33  42   3.125   0.0   0.0
 8.400  817.5 -90  33  51  -3.125   0.0   0.0
 8.400  820.0 -90  33  48  -3.125   0.0   0.0
 8.425  160.0  90  33  42   3.125   0.0   0.0
 8.425  402.5  90  33  60  -3.125   0.0   0.0
 8.425  405.0  90  33  72  -3.125   0.0   0.0
 8.425  407.5  90  33  63  -3.125   0.0   0.0
 8.425  410.0  90  33  48  -3.125   0.0   0.0
 8.425  812.5  90  33  42   3.125  90.0  30.0
 8.425  815.0  90  33  51  -3.125   0.0   0.0
 8.425  817.5  90  33  45  -3.125  90.0  30.0
 8.425  820.0  90  33  42  -3.125 270.0  30.0
 8.425  825.0  90  33  42  -3.125   0.0   0.0
 8.425 1057.5  90  33  42  -9.375 330.0  30.0
 8.425 1222.5  90  33  51   3.125   0.0   0.0
 8.425 1225.0  90  33  51   3.125   0.0   0.0
 8.425  405.0 -90  33  60  -3.125   0.0   0.0
 8.425  407.5 -90  33  66  -3.125   0.0   0.0
 8.425  410.0 -90  33  54  -3.125  90.0  30.0
 8.425  817.5 -90  33  51  -3.125   0.0   0.0
 8.425  820.0 -90  33  48   3.125   0.0   0.0
 8.425  822.5 -90  33  42   3.125   0.0   0.0
 8.450  107.5  90  33  42  -3.125 210.0  30.0
 8.450  402.5  90  33  51  -3.125   0.0   0.0
 8.450  405.0  90  33  72  -3.125   0.0   0.0
 8.450  407.5  90  33  66  -3.125   0.0   0.0
 8.450  410.0  90  33  45  -3.125   0.0   0.0
 8.450  815.0  90  33  48  -3.125   0.0   0.0
 8.450  817.5  90  33  48  -3.125   0.0   0.0
 8.450  825.0  90  33  45  -3.125   0.0   0.0
 8.450 1225.0  90  33  51  -3.125   0.0   0.0
 8.450 1227.5  90  33  51  -3.125   0.0   0.0
 8.450  405.0 -90  33  54  -3.125  90.0  30.0
 8.450  407.5 -90  33  66  -3.125   0.0   0.0
 8.450  410.0 -90  33  57   3.125   0.0   0.0
 8.450  817.5 -90  33  45   3.125   0.0   0.0
 8.450  820.0 -90  33  54  -3.125   0.0   0.0
 8.450  822.5 -90  33  42  -3.125   0.0   0.0
 8.475  402.5  90  36  45   3.125   0.0   0.0
 8.475  405.0  90  36  69  -3.125   0.0   0.0
 8.475  407.5  90  36  69  -3.125   0.0   0.0
 8.475  410.0  90  36  54  -3.125   0.0   0.0
 8.475  815.0  90  36  48  -3.125  90.0  30.0
 8.475  817.5  90  36  51  -3.125  90.0  30.0
 8.475  825.0  90  36  45  -3.125   0.0   0.0
 8.475 1225.0  90  36  45  -3.125   0.0   0.0
 8.475 1227.5  90  36  54  -3.125   0.0   0.0
 8.475  405.0 -90  36  51  -3.125 270.0  30.0
 8.475  407.5 -90  36  66   3.125   0.0   0.0
 8.475  410.0 -90  36  60  -3.125   0.0   0.0
 8.475  817.5 -90  36  48  -3.125   0.0   0.0
 8.475  820.0 -90  36  57  -3.125   0.0   0.0
 8.475  822.5 -90  36  48  -3.125   0.0   0.0
 8.500  405.0  90  36  63  -3.125   0.0   0.0
 8.500  407.5  90  36  72  -3.125   0.0   0.0
 8.500  410.0  90  36  57  -3.125   0.0   0.0
 8.500  817.5  90  36  51   3.125  90.0  30.0
 8.500  820.0  90  36  45   3.125 270.0  30.0
 8.500 1227.5  90  36  45  -3.125   0.0   0.0
 8.500 1230.0  90  36  51  -3.125   0.0   0.0
 8.500   80.0 -90  33  42  -3.125   0.0   0.0
 8.500  405.0 -90  33  48  -3.125   0.0   0.0
 8.500  407.5 -90  33  66   3.125   0.0   0.0
 8.500  410.0 -90  33  63   3.125   0.0   0.0
 8.500  412.5 -90  33  42   3.125 270.0  30.0
 8.500  817.5 -90  33  45  -3.125  90.0  30.0
 8.500  820.0 -90  33  60  -3.125   0.0   0.0
 8.500  822.5 -90  33  54  -3.125   0.0   0.0
 8.525  405.0  90  36  60  -3.125   0.0   0.0
 8.525  407.5  90  36  72  -3.125   0.0   0.0
 8.525  410.0  90  36  60  -3.125   0.0   0.0
 8.525  817.5  90  36  48  -3.125  90.0  30.0
 8.525  820.0  90  36  51  -3.125  90.0  30.0
 8.525 1230.0  90  36  51  -3.125   0.0   0.0
 8.525 1232.5  90  36  51  -3.125   0.0   0.0
 8.525  405.0 -90  33  42  -3.125   0.0   0.0
 8.525  407.5 -90  33  66  -3.125   0.0   0.0
 8.525  410.0 -90  33  63  -3.125   0.0   0.0
 8.525  412.5 -90  33  42   3.125  30.0  30.0
 8.525  820.0 -90  33  60  -3.125   0.0   0.0
 8.525  822.5 -90  33  60  -3.125   0.0   0.0
 8.525  825.0 -90  33  48  -3.125   0.0   0.0
 8.550  170.0  90  36  45  -3.125 330.0  30.0
 8.550  322.5  90  36  45   3.125   0.0   0.0
 8.550  405.0  90  36  51  -3.125   0.0   0.0
 8.550  407.5  90  36  69  -3.125   0.0   0.0
 8.550  410.0  90  36  63  -3.125   0.0   0.0
 8.550  412.5  90  36  45  -3.125  90.0  30.0
 8.550  820.0  90  36  51  -3.125   0.0   0.0
 8.550  822.5  90  36  45   3.125  90.0  30.0
 8.550 1232.5  90  36  51  -3.125   0.0   0.0
 8.550 1235.0  90  36  48  -3.125   0.0   0.0
 8.550  407.5 -90  36  63   3.125  90.0  30.0
 8.550  410.0 -90  36  63  -3.125   0.0   0.0
 8.550  412.5 -90  36  45   3.125   0.0   0.0
 8.550  820.0 -90  36  54  -3.125   0.0   0.0
 8.550  822.5 -90  36  60  -3.125   0.0   0.0
 8.550  825.0 -90  36  45  -3.125  90.0  30.0
 8.575   97.5  90  24  33   9.375 330.0  30.0
 8.575  400.0  90  24  33  -3.125   0.0   0.0
 8.575  405.0  90  24  33   3.125  90.0  30.0
 8.575  407.5  90  24  54   3.125   0.0   0.0
 8.575  410.0  90  24  54  -3.125   0.0   0.0
 8.575  820.0  90  24  36   3.125  90.0  30.0
 8.575  822.5  90  24  39   3.125  90.0  30.0
 8.575  825.0  90  24  33  -3.125   0.0   0.0
 8.575 1232.5  90  24  33  -3.125   0.0   0.0
 8.575 1235.0  90  24  39  -3.125   0.0   0.0
 8.575 1237.5  90  24  33   3.125   0.0   0.0
 8.575  407.5 -90  24  48  -3.125  90.0  30.0
 8.575  410.0 -90  24  54  -3.125  90.0  30.0
 8.575  412.5 -90  24  36   3.125  90.0  30.0
 8.575  820.0 -90  24  33  -3.125   0.0   0.0
 8.575  822.5 -90  24  45  -3.125   0.0   0.0
 8.575  825.0 -90  24  42  -3.125   0.0   0.0
 8.600  407.5  90  24  51  -3.125   0.0   0.0
 8.600  410.0  90  24  57  -3.125   0.0   0.0
 8.600  412.5  90  24  45  -3.125   0.0   0.0
 8.600  822.5  90  24  39   3.125   0.0   0.0
 8.600 1235.0  90  24  36  -3.125   0.0   0.0
 8.600 1237.5  90  24  39  -3.125   0.0   0.0
 8.600  407.5 -90  24  45  -3.125  90.0  30.0
 8.600  410.0 -90  24  54  -3.125  90.0  30.0
 8.600  412.5 -90  24  39  -3.125   0.0   0.0
 8.600  822.5 -90  24  36   3.125   0.0   0.0
 8.600  825.0 -90  24  45  -3.125   0.0   0.0
 8.625  407.5  90  42  57   3.125   0.0   0.0
 8.625  410.0  90  42  69  -3.125   0.0   0.0
 8.625  412.5  90  42  60   3.125  90.0  30.0
 8.625  417.5  90  42  51  -3.125   0.0   0.0
 8.625 1237.5  90  42  51  -3.125   0.0   0.0
 8.625  407.5 -90  39  51  -3.125  90.0  30.0
 8.625  410.0 -90  39  66  -3.125  90.0  30.0
 8.625  412.5 -90  39  57  -3.125  90.0  30.0
 8.625  825.0 -90  39  57  -3.125   0.0   0.0
 8.625  827.5 -90  39  51  -3.125   0.0   0.0
 8.650   80.0  90  51  66   3.125   0.0   0.0
 8.650   82.5  90  51  66   3.125   0.0   0.0
 8.650   85.0  90  51  63   3.125   0.0   0.0
 8.650  410.0  90  51  69  -3.125   0.0   0.0
 8.650  412.5  90  51  66   3.125   0.0   0.0
 8.650  832.5  90  51  60  -3.125   0.0   0.0
 8.650 1127.5  90  51  60   3.125   0.0   0.0
 8.650 1152.5  90  51  60   9.375   0.0   0.0
 8.650 1155.0  90  51  60   9.375   0.0   0.0
 8.650 1157.5  90  51  60   9.375   0.0   0.0
 8.650 1215.0  90  51  60  -9.375   0.0   0.0
 8.650 1220.0  90  51  60  -9.375   0.0   0.0
 8.650 1222.5  90  51  60  -9.375   0.0   0.0
 8.650 1225.0  90  51  60  -9.375   0.0   0.0
 8.650 1227.5  90  51  60  -9.375   0.0   0.0
 8.650 1230.0  90  51  60  -9.375   0.0   0.0
 8.650 1242.5  90  51  60  -9.375   0.0   0.0
 8.650 1255.0  90  51  60  -9.375   0.0   0.0
 8.650 1282.5  90  51  60   3.125   0.0   0.0
 8.650   80.0 -90  48  66  -3.125   0.0   0.0
 8.650   82.5 -90  48  66  -3.125   0.0   0.0
 8.650   85.0 -90  48  63  -3.125   0.0   0.0
 8.650   87.5 -90  48  60  -3.125   0.0   0.0
 8.650   90.0 -90  48  57  -9.375   0.0   0.0
 8.650  340.0 -90  48  57  -3.125   0.0   0.0
 8.650  345.0 -90  48  57   3.125   0.0   0.0
 8.650  410.0 -90  48  66  -3.125  90.0  30.0
 8.650  412.5 -90  48  60  -3.125  90.0  30.0
 8.650 1087.5 -90  48  57  -3.125   0.0   0.0
 8.650 1230.0 -90  48  57  -9.375   0.0   0.0
 8.650 1232.5 -90  48  57  -9.375   0.0   0.0
 8.650 1240.0 -90  48  57   9.375   0.0   0.0
 8.650 1247.5 -90  48  57   9.375   0.0   0.0
 8.650 1252.5 -90  48  57   9.375   0.0   0.0
 8.650 1255.0 -90  48  57   9.375   0.0   0.0
 8.675   80.0  90  45  63  -3.125   0.0   0.0
 8.675   82.5  90  45  60  -3.125   0.0   0.0
 8.675   85.0  90  45  57  -3.125   0.0   0.0
 8.675   87.5  90  45  54  -3.125   0.0   0.0
 8.675  410.0  90  45  54   3.125   0.0   0.0
 8.675  412.5  90  45  54  -3.125   0.0   0.0
 8.675 1275.0  90  45  54  -3.125   0.0   0.0
 8.675 1277.5  90  45  54  -3.125   0.0   0.0
 8.675 1280.0  90  45  54  -3.125   0.0   0.0
 8.675 1282.5  90  45  54  -3.125   0.0   0.0
 8.675   80.0 -90  45  63  -3.125   0.0   0.0
 8.675   82.5 -90  45  60  -3.125   0.0   0.0
 8.675   85.0 -90  45  57  -3.125   0.0   0.0
 8.675   87.5 -90  45  57  -3.125   0.0   0.0
 8.675   90.0 -90  45  54  -3.125   0.0   0.0
 8.700   80.0  90  45  57   9.375   0.0   0.0
 8.700   82.5  90  45  54   9.375   0.0   0.0
 8.700   85.0  90  45  54   3.125   0.0   0.0
 8.700  412.5  90  45  57  -3.125   0.0   0.0
 8.700   80.0 -90  39  51   9.375   0.0   0.0
 8.700   82.5 -90  39  48  -9.375   0.0   0.0
 8.700  410.0 -90  39  51   3.125   0.0   0.0
 8.700  412.5 -90  39  51   3.125   0.0   0.0
 8.700  827.5 -90  39  48  -3.125   0.0   0.0
 8.700  830.0 -90  39  48   3.125   0.0   0.0
 8.725   80.0  90  30  42   9.375   0.0   0.0
 8.725   82.5  90  30  42   9.375   0.0   0.0
 8.725  410.0  90  30  45  -3.125   0.0   0.0
 8.725  412.5  90  30  54  -3.125   0.0   0.0
 8.725  415.0  90  30  48  -3.125   0.0   0.0
 8.725  830.0  90  30  42  -3.125   0.0   0.0
 8.725  832.5  90  30  39  -3.125   0.0   0.0
 8.725  837.5  90  30  45  -3.125   0.0   0.0
 8.725  840.0  90  30  45  -3.125   0.0   0.0
 8.725 1130.0  90  30  39   9.375   0.0   0.0
 8.725 1245.0  90  30  39  -3.125   0.0   0.0
 8.725 1247.5  90  30  39  -3.125  90.0  30.0
 8.725   80.0 -90  27  36  -9.375   0.0   0.0
 8.725   82.5 -90  27  36  -9.375 270.0  30.0
 8.725  410.0 -90  27  48   3.125   0.0   0.0
 8.725  412.5 -90  27  51  -3.125   0.0   0.0
 8.725  415.0 -90  27  39  -3.125   0.0   0.0
 8.725  827.5 -90  27  45  -3.125   0.0   0.0
 8.725  830.0 -90  27  51  -3.125   0.0   0.0
 8.750  410.0  90  27  39   3.125   0.0   0.0
 8.750  412.5  90  27  54  -3.125   0.0   0.0
 8.750  415.0  90  27  51  -3.125   0.0   0.0
 8.750  682.5  90  27  36  -3.125   0.0   0.0
 8.750  830.0  90  27  42  -3.125   0.0   0.0
 8.750  832.5  90  27  42  -3.125   0.0   0.0
 8.750  837.5  90  27  39  -3.125 270.0  30.0
 8.750  840.0  90  27  48  -3.125  90.0  30.0
 8.750  842.5  90  27  39  -3.125   0.0   0.0
 8.750 1250.0  90  27  39   3.125   0.0   0.0
 8.750  410.0 -90  27  42   3.125   0.0   0.0
 8.750  412.5 -90  27  51   3.125   0.0   0.0
 8.750  415.0 -90  27  42  -3.125   0.0   0.0
 8.750  827.5 -90  27  39  -3.125   0.0   0.0
 8.750  830.0 -90  27  51  -3.125   0.0   0.0
 8.750  832.5 -90  27  42  -3.125   0.0   0.0
 8.775   92.5  90  27  36   9.375   0.0   0.0
 8.775   95.0  90  27  36   3.125 330.0  30.0
 8.775  130.0  90  27  36   3.125   0.0   0.0
 8.775  412.5  90  27  48   3.125   0.0   0.0
 8.775  415.0  90  27  54  -3.125   0.0   0.0
 8.775  832.5  90  27  45  -3.125   0.0   0.0
 8.775  835.0  90  27  42  -3.125   0.0   0.0
 8.775  837.5  90  27  36  -3.125   0.0   0.0
 8.775  840.0  90  27  45  -3.125   0.0   0.0
 8.775  842.5  90  27  45  -3.125 270.0  30.0
 8.775  412.5 -90  30  51  -3.125   0.0   0.0
 8.775  415.0 -90  30  45  -3.125   0.0   0.0
 8.775  830.0 -90  30  45  -3.125   0.0   0.0
 8.775  832.5 -90  30  45  -3.125   0.0   0.0
 8.800   85.0  90  24  33   9.375   0.0   0.0
 8.800  412.5  90  24  42  -3.125   0.0   0.0
 8.800  415.0  90  24  54  -3.125   0.0   0.0
 8.800  417.5  90  24  42  -3.125   0.0   0.0
 8.800  420.0  90  24  33   3.125   0.0   0.0
 8.800  832.5  90  24  39  -3.125   0.0   0.0
 8.800  835.0  90  24  45   3.125   0.0   0.0
 8.800  837.5  90  24  33   3.125   0.0   0.0
 8.800  840.0  90  24  33   3.125 270.0  30.0
 8.800  842.5  90  24  45  -3.125 270.0  30.0
 8.800  845.0  90  24  42  -3.125   0.0   0.0
 8.800  847.5  90  24  33  -3.125   0.0   0.0
 8.800  412.5 -90  24  51  -3.125   0.0   0.0
 8.800  415.0 -90  24  48   3.125   0.0   0.0
 8.800  417.5 -90  24  33  -3.125   0.0   0.0
 8.800  830.0 -90  24  33   3.125  90.0  30.0
 8.800  832.5 -90  24  45  -3.125   0.0   0.0
 8.800  835.0 -90  24  36  -3.125   0.0   0.0
 8.825  412.5  90  24  33  -3.125 270.0  30.0
 8.825  415.0  90  24  51  -3.125   0.0   0.0
 8.825  417.5  90  24  51   3.125   0.0   0.0
 8.825  832.5  90  24  33   3.125   0.0   0.0
 8.825  835.0  90  24  45  -3.125   0.0   0.0
 8.825  837.5  90  24  42  -3.125   0.0   0.0
 8.825  842.5  90  24  36  -3.125  90.0  30.0
 8.825  845.0  90  24  42  -3.125   0.0   0.0
 8.825  847.5  90  24  36  -3.125 270.0  30.0
 8.825 1255.0  90  24  36  -3.125   0.0   0.0
 8.825  412.5 -90  21  48  -3.125   0.0   0.0
 8.825  415.0 -90  21  51   3.125   0.0   0.0
 8.825  417.5 -90  21  36   3.125   0.0   0.0
 8.825  832.5 -90  21  42  -3.125   0.0   0.0
 8.825  835.0 -90  21  42  -3.125   0.0   0.0
 8.825  837.5 -90  21  30  -3.125   0.0   0.0
 8.850  407.5  90  21  30  -3.125   0.0   0.0
 8.850  412.5  90  21  33  -3.125 270.0  30.0
 8.850  415.0  90  21  48  -3.125   0.0   0.0
 8.850  417.5  90  21  51  -3.125   0.0   0.0
 8.850  420.0  90  21  30  -3.125 270.0  30.0
 8.850  422.5  90  21  30  -3.125   0.0   0.0
 8.850  425.0  90  21  30   3.125   0.0   0.0
 8.850  832.5  90  21  30  -3.125   0.0   0.0
 8.850  835.0  90  21  36  -3.125   0.0   0.0
 8.850  837.5  90  21  42  -3.125   0.0   0.0
 8.850  845.0  90  21  45  -3.125  90.0  30.0
 8.850  847.5  90  21  42  -3.125  90.0  30.0
 8.850 1265.0  90  21  30  -3.125   0.0   0.0
 8.850 1267.5  90  21  30   3.125   0.0   0.0
 8.850 1270.0  90  21  30  -3.125   0.0   0.0
 8.850 1272.5  90  21  30  -3.125   0.0   0.0
 8.850 1275.0  90  21  30   3.125 270.0  30.0
 8.850  412.5 -90  21  42   3.125   0.0   0.0
 8.850  415.0 -90  21  51   3.125   0.0   0.0
 8.850  417.5 -90  21  36   3.125 270.0  30.0
 8.850  832.5 -90  21  36  -3.125   0.0   0.0
 8.850  835.0 -90  21  42  -3.125   0.0   0.0
 8.850  837.5 -90  21  33  -3.125   0.0   0.0
 8.875  415.0  90  21  42  -3.125   0.0   0.0
 8.875  417.5  90  21  54  -3.125   0.0   0.0
 8.875  420.0  90  21  42   3.125   0.0   0.0
 8.875  837.5  90  21  39  -3.125   0.0   0.0
 8.875  840.0  90  21  39   3.125   0.0   0.0
 8.875  842.5  90  21  39   3.125   0.0   0.0
 8.875  845.0  90  21  33  -3.125 270.0  30.0
 8.875  847.5  90  21  45  -3.125  90.0  30.0
 8.875  850.0  90  21  39  -3.125  90.0  30.0
 8.875  852.5  90  21  30  -3.125   0.0   0.0
 8.875 1272.5  90  21  30  -3.125  90.0  30.0
 8.875  412.5 -90  21  39   3.125   0.0   0.0
 8.875  415.0 -90  21  51  -3.125   0.0   0.0
 8.875  417.5 -90  21  42  -3.125  90.0  30.0
 8.875  420.0 -90  21  30  -3.125   0.0   0.0
 8.875  835.0 -90  21  39  -3.125   0.0   0.0
 8.875  837.5 -90  21  33  -3.125   0.0   0.0
 8.900  415.0  90  21  36  -3.125 270.0  30.0
 8.900  417.5  90  21  51   3.125   0.0   0.0
 8.900  420.0  90  21  48  -3.125 270.0  30.0
 8.900  422.5  90  21  33   3.125  90.0  30.0
 8.900  837.5  90  21  30  -3.125   0.0   0.0
 8.900  840.0  90  21  36  -3.125   0.0   0.0
 8.900  842.5  90  21  36   3.125   0.0   0.0
 8.900  845.0  90  21  36  -3.125  90.0  30.0
 8.900  847.5  90  21  36  -3.125  90.0  30.0
 8.900  850.0  90  21  45  -3.125  90.0  30.0
 8.900  852.5  90  21  36  -3.125 270.0  30.0
 8.900  855.0  90  21  30  -3.125  90.0  30.0
 8.900 1262.5  90  21  30  -3.125   0.0   0.0
 8.900  412.5 -90  21  33   3.125   0.0   0.0
 8.900  415.0 -90  21  51  -3.125   0.0   0.0
 8.900  417.5 -90  21  45  -3.125   0.0   0.0
 8.900  835.0 -90  21  36  -3.125   0.0   0.0
 8.900  837.5 -90  21  42  -3.125   0.0   0.0
 8.900  840.0 -90  21  36  -3.125   0.0   0.0
 8.900 1255.0 -90  21  30  -3.125   0.0   0.0
 8.925  415.0  90  21  33  -3.125 270.0  30.0
 8.925  417.5  90  21  48  -3.125   0.0   0.0
 8.925  420.0  90  21  51  -3.125   0.0   0.0
 8.925  422.5  90  21  36  -3.125   0.0   0.0
 8.925  840.0  90  21  30  -3.125   0.0   0.0
 8.925  842.5  90  21  36  -3.125   0.0   0.0
 8.925  847.5  90  21  30   3.125   0.0   0.0
 8.925  850.0  90  21  45  -3.125  90.0  30.0
 8.925  852.5  90  21  48  -3.125  90.0  30.0
 8.925  855.0  90  21  36  -3.125  90.0  30.0
 8.925 1265.0  90  21  30  -3.125   0.0   0.0
 8.925  415.0 -90  21  48  -3.125   0.0   0.0
 8.925  417.5 -90  21  48   3.125  90.0  30.0
 8.925  420.0 -90  21  36  -3.125   0.0   0.0
 8.925  835.0 -90  21  33  -3.125   0.0   0.0
 8.925  837.5 -90  21  45  -3.125   0.0   0.0
 8.925  840.0 -90  21  39  -3.125  90.0  30.0
 8.950  417.5  90  21  42   3.125 270.0  30.0
 8.950  420.0  90  21  54  -3.125   0.0   0.0
 8.950  422.5  90  21  39  -3.125   0.0   0.0
 8.950  842.5  90  21  36  -3.125   0.0   0.0
 8.950  845.0  90  21  36  -3.125   0.0   0.0
 8.950  847.5  90  21  30  -3.125  90.0  30.0
 8.950  850.0  90  21  36  -3.125   0.0   0.0
 8.950  852.5  90  21  45  -3.125  90.0  30.0
 8.950  855.0  90  21  42  -3.125  90.0  30.0
 8.950  415.0 -90  21  45   3.125   0.0   0.0
 8.950  417.5 -90  21  51  -3.125   0.0   0.0
 8.950  420.0 -90  21  39   3.125   0.0   0.0
 8.950  837.5 -90  21  42  -3.125   0.0   0.0
 8.950  840.0 -90  21  42  -3.125  90.0  30.0
 8.975  417.5  90  21  36  -3.125   0.0   0.0
 8.975  420.0  90  21  51  -3.125   0.0   0.0
 8.975  422.5  90  21  48  -3.125   0.0   0.0
 8.975  842.5  90  21  30  -3.125  90.0  30.0
 8.975  845.0  90  21  39   3.125   0.0   0.0
 8.975  847.5  90  21  36  -3.125  90.0  30.0
 8.975  850.0  90  21  33  -3.125   0.0   0.0
 8.975  852.5  90  21  36  -3.125  90.0  30.0
 8.975  855.0  90  21  45  -3.125  90.0  30.0
 8.975  857.5  90  21  36  -3.125 270.0  30.0
 8.975  405.0 -90  21  30  -3.125   0.0   0.0
 8.975  415.0 -90  21  39   3.125   0.0   0.0
 8.975  417.5 -90  21  51   3.125   0.0   0.0
 8.975  420.0 -90  21  39  -3.125  90.0  30.0
 8.975  422.5 -90  21  30  -3.125 210.0  30.0
 8.975  425.0 -90  21  30   3.125  90.0  30.0
 8.975  832.5 -90  21  30   3.125   0.0   0.0
 8.975  835.0 -90  21  30   3.125   0.0   0.0
 8.975  837.5 -90  21  36  -3.125   0.0   0.0
 8.975  840.0 -90  21  42  -3.125   0.0   0.0
 8.975  842.5 -90  21  30  -3.125   0.0   0.0
 9.000  392.5  90  21  30   3.125 210.0  30.0
 9.000  410.0  90  21  30  -3.125   0.0   0.0
 9.000  412.5  90  21  30  -3.125  90.0  30.0
 9.000  415.0  90  21  30   3.125 270.0  30.0
 9.000  420.0  90  21  45   3.125   0.0   0.0
 9.000  422.5  90  21  51   3.125   0.0   0.0
 9.000  425.0  90  21  36  -3.125  90.0  30.0
 9.000  427.5  90  21  30   3.125 270.0  30.0
 9.000  845.0  90  21  33  -3.125   0.0   0.0
 9.000  847.5  90  21  36  -3.125   0.0   0.0
 9.000  850.0  90  21  39  -3.125   0.0   0.0
 9.000  852.5  90  21  42  -3.125 270.0  30.0
 9.000  855.0  90  21  42  -3.125  90.0  30.0
 9.000  857.5  90  21  39  -3.125  90.0  30.0
 9.000  860.0  90  21  30  -3.125  90.0  30.0
 9.000 1280.0  90  21  30   3.125 270.0  30.0
 9.000 1282.5  90  21  30  -3.125 270.0  30.0
 9.000  415.0 -90  21  33  -3.125   0.0   0.0
 9.000  417.5 -90  21  48  -3.125   0.0   0.0
 9.000  420.0 -90  21  42   3.125   0.0   0.0
 9.000  422.5 -90  21  33  -3.125 210.0  30.0
 9.000  425.0 -90  21  30  -3.125   0.0   0.0
 9.000  840.0 -90  21  42  -3.125   0.0   0.0
 9.000  842.5 -90  21  39  -3.125   0.0   0.0
 9.000  847.5 -90  21  30  -3.125  90.0  30.0
 9.025  367.5  90  18  27  -3.125   0.0   0.0
 9.025  417.5  90  18  33   3.125   0.0   0.0
 9.025  420.0  90  18  39  -3.125   0.0   0.0
 9.025  422.5  90  18  51   3.125  90.0  30.0
 9.025  425.0  90  18  39   3.125   0.0   0.0
 9.025  427.5  90  18  33  -3.125 270.0  30.0
 9.025  430.0  90  18  27  -3.125   0.0   0.0
 9.025  480.0  90  18  27  -3.125   0.0   0.0
 9.025  842.5  90  18  30   3.125  90.0  30.0
 9.025  845.0  90  18  30  -3.125 270.0  30.0
 9.025  847.5  90  18  33   3.125   0.0   0.0
 9.025  850.0  90  18  42  -3.125  90.0  30.0
 9.025  852.5  90  18  45  -3.125  90.0  30.0
 9.025  855.0  90  18  42  -3.125  90.0  30.0
 9.025  857.5  90  18  27   3.125  90.0  30.0
 9.025  860.0  90  18  33  -3.125  90.0  30.0
 9.025 1260.0  90  18  27   3.125 270.0  30.0
 9.025 1272.5  90  18  30   3.125   0.0   0.0
 9.025 1275.0  90  18  33   3.125  90.0  30.0
 9.025 1277.5  90  18  33   3.125  90.0  30.0
 9.025 1280.0  90  18  33  -3.125  90.0  30.0
 9.025 1282.5  90  18  30  -3.125   0.0   0.0
 9.025  417.5 -90  21  45   3.125   0.0   0.0
 9.025  420.0 -90  21  48   3.125   0.0   0.0
 9.025  422.5 -90  21  33   3.125   0.0   0.0
 9.025  840.0 -90  21  36  -3.125   0.0   0.0
 9.025  842.5 -90  21  45  -3.125   0.0   0.0
 9.025  845.0 -90  21  42  -3.125   0.0   0.0
 9.025  852.5 -90  21  30  -3.125  90.0  30.0
 9.050  415.0  90  18  27   3.125 270.0  30.0
 9.050  417.5  90  18  27   3.125 270.0  30.0
 9.050  420.0  90  18  33   3.125  90.0  30.0
 9.050  422.5  90  18  48  -3.125   0.0   0.0
 9.050  425.0  90  18  45  -3.125   0.0   0.0
 9.050  427.5  90  18  33   3.125  90.0  30.0
 9.050  430.0  90  18  27  -3.125 270.0  30.0
 9.050  432.5  90  18  27   3.125  90.0  30.0
 9.050  842.5  90  18  27  -3.125  90.0  30.0
 9.050  845.0  90  18  30  -3.125  90.0  30.0
 9.050  850.0  90  18  39  -3.125   0.0   0.0
 9.050  852.5  90  18  42   3.125  90.0  30.0
 9.050  855.0  90  18  48  -3.125  90.0  30.0
 9.050  857.5  90  18  39  -3.125  90.0  30.0
 9.050  860.0  90  18  30  -3.125 270.0  30.0
 9.050 1275.0  90  18  27  -3.125  90.0  30.0
 9.050 1277.5  90  18  30  -3.125   0.0   0.0
 9.050 1280.0  90  18  30  -3.125 270.0  30.0
 9.050 1282.5  90  18  30  -3.125   0.0   0.0
 9.050  417.5 -90  18  42  -3.125   0.0   0.0
 9.050  420.0 -90  18  48  -3.125   0.0   0.0
 9.050  422.5 -90  18  30  -3.125 210.0  30.0
 9.050  425.0 -90  18  30   3.125   0.0   0.0
 9.050  840.0 -90  18  27  -3.125   0.0   0.0
 9.050  842.5 -90  18  39  -3.125   0.0   0.0
 9.050  845.0 -90  18  42  -3.125   0.0   0.0
 9.050  847.5 -90  18  30  -3.125   0.0   0.0
 9.050  850.0 -90  18  27   3.125   0.0   0.0
 9.050  855.0 -90  18  27   3.125 210.0  30.0
 9.050 1267.5 -90  18  27  -3.125   0.0   0.0
 9.050 1270.0 -90  18  27  -3.125   0.0   0.0
 9.075  420.0  90  21  33  -3.125   0.0   0.0
 9.075  422.5  90  21  45  -3.125   0.0   0.0
 9.075  425.0  90  21  51   3.125  90.0  30.0
 9.075  427.5  90  21  33  -3.125   0.0   0.0
 9.075  850.0  90  21  33   3.125   0.0   0.0
 9.075  852.5  90  21  39   3.125   0.0   0.0
 9.075  855.0  90  21  42  -3.125  90.0  30.0
 9.075  857.5  90  21  42  -3.125  90.0  30.0
 9.075  860.0  90  21  33  -3.125  90.0  30.0
 9.075  417.5 -90  18  36   3.125   0.0   0.0
 9.075  420.0 -90  18  51  -3.125   0.0   0.0
 9.075  422.5 -90  18  42   3.125   0.0   0.0
 9.075  842.5 -90  18  27  -3.125   0.0   0.0
 9.075  845.0 -90  18  33  -3.125   0.0   0.0
 9.075  847.5 -90  18  36  -3.125   0.0   0.0
 9.075  850.0 -90  18  27  -3.125  90.0  30.0
 9.075  857.5 -90  18  27  -3.125 210.0  30.0
 9.100  422.5  90  21  39   3.125   0.0   0.0
 9.100  425.0  90  21  51  -3.125  90.0  30.0
 9.100  427.5  90  21  42   3.125  90.0  30.0
 9.100  852.5  90  21  39   3.125  90.0  30.0
 9.100  855.0  90  21  42   3.125  90.0  30.0
 9.100  857.5  90  21  33  -3.125   0.0   0.0
 9.100  860.0  90  21  42  -3.125  90.0  30.0
 9.100  862.5  90  21  33  -3.125  90.0  30.0
 9.100  417.5 -90  18  27  -3.125   0.0   0.0
 9.100  420.0 -90  18  48   3.125   0.0   0.0
 9.100  422.5 -90  18  45  -3.125   0.0   0.0
 9.100  425.0 -90  18  27   3.125   0.0   0.0
 9.100  845.0 -90  18  30  -3.125   0.0   0.0
 9.100  847.5 -90  18  39  -3.125   0.0   0.0
 9.100  850.0 -90  18  39  -3.125   0.0   0.0
 9.100  852.5 -90  18  27   3.125  90.0  30.0
 9.100 1272.5 -90  18  27  -3.125   0.0   0.0
 9.100 1275.0 -90  18  27  -3.125   0.0   0.0
 9.125  422.5  90  24  33  -3.125   0.0   0.0
 9.125  425.0  90  24  48  -3.125  90.0  30.0
 9.125  427.5  90  24  48  -3.125  90.0  30.0
 9.125  855.0  90  24  39  -3.125   0.0   0.0
 9.125  857.5  90  24  33  -3.125 270.0  30.0
 9.125  860.0  90  24  42  -3.125  90.0  30.0
 9.125  862.5  90  24  42  -3.125  90.0  30.0
 9.125  865.0  90  24  36  -3.125 270.0  30.0
 9.125  420.0 -90  18  45  -3.125   0.0   0.0
 9.125  422.5 -90  18  48   3.125   0.0   0.0
 9.125  425.0 -90  18  30  -3.125   0.0   0.0
 9.125  427.5 -90  18  27   3.125  30.0  30.0
 9.125  845.0 -90  18  27  -3.125   0.0   0.0
 9.125  847.5 -90  18  42  -3.125   0.0   0.0
 9.125  850.0 -90  18  39  -3.125   0.0   0.0
 9.125  852.5 -90  18  30  -3.125   0.0   0.0
 9.125 1277.5 -90  18  27  -3.125   0.0   0.0
 9.150  425.0  90  21  42   3.125  90.0  30.0
 9.150  427.5  90  21  51  -3.125   0.0   0.0
 9.150  430.0  90  21  36  -3.125   0.0   0.0
 9.150  855.0  90  21  30   3.125 270.0  30.0
 9.150  857.5  90  21  39   3.125  90.0  30.0
 9.150  860.0  90  21  30   3.125   0.0   0.0
 9.150  862.5  90  21  42  -3.125  90.0  30.0
 9.150  865.0  90  21  39  -3.125  90.0  30.0
 9.150  420.0 -90  18  39   3.125   0.0   0.0
 9.150  422.5 -90  18  48  -3.125   0.0   0.0
 9.150  425.0 -90  18  36   3.125  90.0  30.0
 9.150  427.5 -90  18  27  -3.125   0.0   0.0
 9.150  847.5 -90  18  36  -3.125   0.0   0.0
 9.150  850.0 -90  18  36  -3.125  90.0  30.0
 9.150  852.5 -90  18  33  -3.125   0.0   0.0
 9.175  425.0  90  18  36   3.125   0.0   0.0
 9.175  427.5  90  18  51  -3.125  90.0  30.0
 9.175  430.0  90  18  45  -3.125   0.0   0.0
 9.175  857.5  90  18  33  -3.125  90.0  30.0
 9.175  860.0  90  18  36  -3.125  90.0  30.0
 9.175  862.5  90  18  39  -3.125  90.0  30.0
 9.175  865.0  90  18  33  -3.125  90.0  30.0
 9.175  867.5  90  18  27  -3.125  90.0  30.0
 9.175  870.0  90  18  27   3.125   0.0   0.0
 9.175  420.0 -90  18  33   3.125   0.0   0.0
 9.175  422.5 -90  18  48  -3.125   0.0   0.0
 9.175  425.0 -90  18  42   3.125   0.0   0.0
 9.175  430.0 -90  18  27   3.125 210.0  30.0
 9.175  847.5 -90  18  27   3.125   0.0   0.0
 9.175  850.0 -90  18  39  -3.125   0.0   0.0
 9.175  852.5 -90  18  33   3.125   0.0   0.0
 9.175  855.0 -90  18  33  -3.125   0.0   0.0
 9.200  422.5  90  18  27   3.125  90.0  30.0
 9.200  425.0  90  18  30   3.125 270.0  30.0
 9.200  427.5  90  18  45  -3.125  90.0  30.0
 9.200  430.0  90  18  48  -3.125  90.0  30.0
 9.200  432.5  90  18  36   3.125  90.0  30.0
 9.200  435.0  90  18  27  -3.125 270.0  30.0
 9.200  860.0  90  18  33  -3.125  90.0  30.0
 9.200  862.5  90  18  36  -3.125  90.0  30.0
 9.200  865.0  90  18  36  -3.125  90.0  30.0
 9.200  867.5  90  18  33   3.125  90.0  30.0
 9.200  872.5  90  18  27  -3.125  90.0  30.0
 9.200  420.0 -90  18  30   3.125   0.0   0.0
 9.200  422.5 -90  18  45   3.125   0.0   0.0
 9.200  425.0 -90  18  45   3.125   0.0   0.0
 9.200  427.5 -90  18  30   3.125  90.0  30.0
 9.200  430.0 -90  18  27   3.125  90.0  30.0
 9.200  850.0 -90  18  30  -3.125   0.0   0.0
 9.200  852.5 -90  18  45  -3.125   0.0   0.0
 9.200  855.0 -90  18  42  -3.125   0.0   0.0
 9.200  857.5 -90  18  30   3.125   0.0   0.0
 9.200 1277.5 -90  18  27  -3.125   0.0   0.0
 9.200 1280.0 -90  18  30  -3.125   0.0   0.0
 9.200 1282.5 -90  18  27  -3.125   0.0   0.0
 9.225  427.5  90  18  36   3.125  90.0  30.0
 9.225  430.0  90  18  48  -3.125  90.0  30.0
 9.225  432.5  90  18  39   3.125   0.0   0.0
 9.225  862.5  90  18  30  -3.125  90.0  30.0
 9.225  865.0  90  18  36  -3.125  90.0  30.0
 9.225  867.5  90  18  36  -3.125  90.0  30.0
 9.225  870.0  90  18  27   3.125  90.0  30.0
 9.225  422.5 -90  18  39   3.125   0.0   0.0
 9.225  425.0 -90  18  48   3.125   0.0   0.0
 9.225  427.5 -90  18  30  -3.125   0.0   0.0
 9.225  430.0 -90  18  27   3.125  90.0  30.0
 9.225  850.0 -90  18  27  -3.125  90.0  30.0
 9.225  852.5 -90  18  39  -3.125   0.0   0.0
 9.225  855.0 -90  18  45  -3.125   0.0   0.0
 9.225  857.5 -90  18  36  -3.125  90.0  30.0
 9.225  860.0 -90  18  27   3.125   0.0   0.0
 9.225 1282.5 -90  18  27  -3.125   0.0   0.0
 9.250  427.5  90  18  30   3.125 270.0  30.0
 9.250  430.0  90  18  45  -3.125  90.0  30.0
 9.250  432.5  90  18  45  -3.125  90.0  30.0
 9.250  435.0  90  18  33  -3.125  90.0  30.0
 9.250  865.0  90  18  33  -3.125  90.0  30.0
 9.250  867.5  90  18  27  -3.125  90.0  30.0
 9.250  870.0  90  18  33  -3.125  90.0  30.0
 9.250  422.5 -90  18  33  -3.125   0.0   0.0
 9.250  425.0 -90  18  48   3.125   0.0   0.0
 9.250  427.5 -90  18  39   3.125   0.0   0.0
 9.250  852.5 -90  18  30   3.125   0.0   0.0
 9.250  855.0 -90  18  39  -3.125   0.0   0.0
 9.250  857.5 -90  18  39  -3.125   0.0   0.0
 9.275  430.0  90  18  39  -3.125  90.0  30.0
 9.275  432.5  90  18  48   3.125  90.0  30.0
 9.275  435.0  90  18  36   3.125   0.0   0.0
 9.275  867.5  90  18  30  -3.125 270.0  30.0
 9.275  872.5  90  18  30  -3.125  90.0  30.0
 9.275  422.5 -90  18  27   3.125   0.0   0.0
 9.275  425.0 -90  18  45  -3.125   0.0   0.0
 9.275  427.5 -90  18  42   3.125   0.0   0.0
 9.275  855.0 -90  18  30   3.125   0.0   0.0
 9.275  857.5 -90  18  30  -3.125   0.0   0.0
 9.300  430.0  90  18  30   3.125  90.0  30.0
 9.300  432.5  90  18  48  -3.125  90.0  30.0
 9.300  435.0  90  18  42   3.125  90.0  30.0
 9.300  437.5  90  18  27  -3.125  90.0  30.0
 9.300  870.0  90  18  30  -3.125  90.0  30.0
 9.300  875.0  90  18  27   3.125  90.0  30.0
 9.300  425.0 -90  18  42   3.125   0.0   0.0
 9.300  427.5 -90  18  45  -3.125   0.0   0.0
 9.300  430.0 -90  18  30   3.125  90.0  30.0
 9.300  860.0 -90  18  27  -3.125   0.0   0.0
 9.325  432.5  90  18  42  -3.125  90.0  30.0
 9.325  435.0  90  18  45  -3.125  90.0  30.0
 9.325  437.5  90  18  30   3.125  90.0  30.0
 9.325  870.0  90  18  27  -3.125  90.0  30.0
 9.325  872.5  90  18  30  -3.125  90.0  30.0
 9.325  875.0  90  18  27   3.125 270.0  30.0
 9.325  425.0 -90  18  36  -3.125   0.0   0.0
 9.325  427.5 -90  18  48   3.125   0.0   0.0
 9.325  430.0 -90  18  39   3.125  90.0  30.0
 9.325  860.0 -90  18  30  -3.125   0.0   0.0
 9.325  862.5 -90  18  27  -3.125  90.0  30.0
 9.350  432.5  90  18  36  -3.125  90.0  30.0
 9.350  435.0  90  18  48   3.125  90.0  30.0
 9.350  437.5  90  18  39   3.125  90.0  30.0
 9.350  872.5  90  18  30   3.125   0.0   0.0
 9.350  875.0  90  18  27  -3.125  90.0  30.0
 9.350  877.5  90  18  27   3.125  90.0  30.0
 9.350  880.0  90  18  30  -3.125  90.0  30.0
 9.350  425.0 -90  18  27  -3.125   0.0   0.0
 9.350  427.5 -90  18  45  -3.125   0.0   0.0
 9.350  430.0 -90  18  42   3.125   0.0   0.0
 9.350  435.0 -90  18  27   3.125  90.0  30.0
 9.375  435.0  90  18  45   3.125  90.0  30.0
 9.375  437.5  90  18  45   3.125  90.0  30.0
 9.375  875.0  90  18  27  -3.125 270.0  30.0
 9.375  877.5  90  18  27  -3.125  90.0  30.0
 9.375  882.5  90  18  30  -3.125  90.0  30.0
 9.375  427.5 -90  18  42   3.125   0.0   0.0
 9.375  430.0 -90  18  45  -3.125   0.0   0.0
 9.375  432.5 -90  18  27   3.125   0.0   0.0
 9.375  435.0 -90  18  27  -3.125   0.0   0.0
 9.400  435.0  90  18  36  -3.125  90.0  30.0
 9.400  437.5  90  18  48  -3.125  90.0  30.0
 9.400  440.0  90  18  36  -3.125  90.0  30.0
 9.400  882.5  90  18  27   3.125  90.0  30.0
 9.400  427.5 -90  18  36   3.125   0.0   0.0
 9.400  430.0 -90  18  45  -3.125   0.0   0.0
 9.400  432.5 -90  18  36   3.125   0.0   0.0
 9.400  865.0 -90  18  30  -3.125   0.0   0.0
 9.425  435.0  90  18  27  -3.125  90.0  30.0
 9.425  437.5  90  18  45   3.125  90.0  30.0
 9.425  440.0  90  18  42  -3.125  90.0  30.0
 9.425  880.0  90  18  27   3.125  90.0  30.0
 9.425  427.5 -90  18  27  -3.125  90.0  30.0
 9.425  430.0 -90  18  45  -3.125  90.0  30.0
 9.425  432.5 -90  18  42  -3.125  90.0  30.0
 9.425  435.0 -90  18  27   3.125   0.0   0.0
 9.425  865.0 -90  18  27  -3.125   0.0   0.0
 9.450  437.5  90  18  39   3.125  90.0  30.0
 9.450  440.0  90  18  45  -3.125  90.0  30.0
 9.450  442.5  90  18  27   3.125 270.0  30.0
 9.450  430.0 -90  18  42   3.125   0.0   0.0
 9.450  432.5 -90  18  45   3.125   0.0   0.0
 9.450  435.0 -90  18  27  -3.125   0.0   0.0
 9.475  437.5  90  18  30   3.125  90.0  30.0
 9.475  440.0  90  18  45   3.125  90.0  30.0
 9.475  442.5  90  18  39  -3.125  90.0  30.0
 9.475  887.5  90  18  27   3.125  90.0  30.0
 9.475  430.0 -90  18  33   3.125  90.0  30.0
 9.475  432.5 -90  18  45  -3.125   0.0   0.0
 9.475  435.0 -90  18  36  -3.125  90.0  30.0
 9.500  440.0  90  18  39  -3.125  90.0  30.0
 9.500  442.5  90  18  45  -3.125  90.0  30.0
 9.500  445.0  90  18  33   3.125 270.0  30.0
 9.500  887.5  90  18  27   3.125  90.0  30.0
 9.500  430.0 -90  18  27   3.125   0.0   0.0
 9.500  432.5 -90  18  42  -3.125   0.0   0.0
 9.500  435.0 -90  18  39   3.125   0.0   0.0
 9.525  435.0  90  18  27   3.125   0.0   0.0
 9.525  440.0  90  18  30  -3.125  90.0  30.0
 9.525  442.5  90  18  45  -3.125  90.0  30.0
 9.525  445.0  90  18  39  -3.125  90.0  30.0
 9.525  432.5 -90  18  39   3.125  90.0  30.0
 9.525  435.0 -90  18  42   3.125  90.0  30.0
 9.525  437.5 -90  18  30   3.125  90.0  30.0
 9.550  442.5  90  18  39  -3.125  90.0  30.0
 9.550  445.0  90  18  42   3.125  90.0  30.0
 9.550  432.5 -90  18  33  -3.125   0.0   0.0
 9.550  435.0 -90  18  45  -3.125   0.0   0.0
 9.550  437.5 -90  18  33  -3.125  90.0  30.0
 9.575  442.5  90  18  30   3.125  90.0  30.0
 9.575  445.0  90  18  42   3.125  90.0  30.0
 9.575  447.5  90  18  36   3.125  90.0  30.0
 9.575  900.0  90  18  27   3.125  90.0  30.0
 9.575  435.0 -90  18  42   3.125   0.0   0.0
 9.575  437.5 -90  18  42  -3.125   0.0   0.0
 9.600  445.0  90  18  39   3.125  90.0  30.0
 9.600  447.5  90  18  42  -3.125  90.0  30.0
 9.600  902.5  90  18  27  -3.125 270.0  30.0
 9.600  435.0 -90  18  36   3.125  90.0  30.0
 9.600  437.5 -90  18  42   3.125  90.0  30.0
 9.600  440.0 -90  18  33   3.125  90.0  30.0
 9.600  447.5 -90  18  27  -3.125 210.0  30.0
 9.625  447.5  90  12  30  -3.125  90.0  30.0
 9.625  450.0  90  12  27  -3.125  90.0  30.0
 9.625  437.5 -90  12  33   3.125  90.0  30.0
 9.625  440.0 -90  12  27   3.125   0.0   0.0
 9.650  447.5  90  12  27  -3.125  90.0  30.0
 9.650  450.0  90  12  30  -3.125  90.0  30.0
 9.650  437.5 -90  12  27   3.125   0.0   0.0
 9.650  440.0 -90  12  27  -3.125  90.0  30.0
 9.675  450.0  90  12  30  -3.125  90.0  30.0
 9.675  452.5  90  12  24  -3.125  90.0  30.0
 9.675  437.5 -90  12  21  -3.125  90.0  30.0
 9.675  440.0 -90  12  33  -3.125  90.0  30.0
 9.675  442.5 -90  12  21  -3.125  90.0  30.0
 9.700  450.0  90  12  27   3.125  90.0  30.0
 9.700  452.5  90  12  30   3.125  90.0  30.0
 9.700  440.0 -90  12  30  -3.125  90.0  30.0
 9.700  442.5 -90  12  27   3.125  90.0  30.0
 9.725  452.5  90  12  30   3.125  90.0  30.0
 9.725  455.0  90  12  27   3.125  90.0  30.0
 9.725  440.0 -90  12  24  -3.125  90.0  30.0
 9.725  442.5 -90  12  30   3.125  90.0  30.0
 9.750  452.5  90  12  24  -3.125  90.0  30.0
 9.750  455.0  90  12  30   3.125  90.0  30.0
 9.750  442.5 -90  12  30  -3.125  90.0  30.0
 9.750  445.0 -90  12  24   3.125   0.0   0.0
 9.775  455.0  90  12  30   3.125  90.0  30.0
 9.775  457.5  90  12  27   3.125  90.0  30.0
 9.775  442.5 -90  12  27  -3.125   0.0   0.0
 9.775  445.0 -90  12  27  -3.125  90.0  30.0
 9.800  455.0  90  12  24  -3.125  90.0  30.0
 9.800  457.5  90  12  33   3.125  90.0  30.0
 9.800  460.0  90  12  24  -3.125  90.0  30.0
 9.800  442.5 -90  12  21   3.125  90.0  30.0
 9.800  445.0 -90  12  30   3.125  90.0  30.0
 9.800  447.5 -90  12  21   3.125  90.0  30.0
 9.825  457.5  90  12  27  -3.125  90.0  30.0
 9.825  460.0  90  12  30  -3.125  90.0  30.0
 9.825  445.0 -90  12  30   3.125  90.0  30.0
 9.825  447.5 -90  12  27   3.125  90.0  30.0
 9.850  457.5  90  12  21   3.125  90.0  30.0
 9.850  460.0  90  12  33   3.125  90.0  30.0
 9.850  462.5  90  12  27  -3.125  90.0  30.0
 9.850  445.0 -90  12  24  -3.125  90.0  30.0
 9.850  447.5 -90  12  30  -3.125  90.0  30.0
 9.875  460.0  90  12  27  -3.125  90.0  30.0
 9.875  462.5  90  12  30   3.125  90.0  30.0
 9.875  465.0  90  12  21  -3.125  90.0  30.0
 9.875  447.5 -90  12  30   3.125  90.0  30.0
 9.875  450.0 -90  12  24  -3.125  90.0  30.0
 9.900  462.5  90  12  30   3.125  90.0  30.0
 9.900  465.0  90  12  27  -3.125  90.0  30.0
 9.900  447.5 -90  12  27  -3.125  90.0  30.0
 9.900  450.0 -90  12  30  -3.125  90.0  30.0
 9.925  462.5  90  12  24   3.125  90.0  30.0
 9.925  465.0  90  12  33  -3.125  90.0  30.0
 9.925  467.5  90  12  24  -3.125  90.0  30.0
 9.925  450.0 -90  12  30   3.125  90.0  30.0
 9.925  452.5 -90  12  21   3.125  90.0  30.0
 9.950  465.0  90  12  27   3.125  90.0  30.0
 9.950  467.5  90  12  30   3.125  90.0  30.0
 9.950  450.0 -90  12  27   3.125  90.0  30.0
 9.950  452.5 -90  12  27  -3.125  90.0  30.0
 9.975  465.0  90  12  21   3.125  90.0  30.0
 9.975  467.5  90  12  33   3.125  90.0  30.0
 9.975  470.0  90  12  27   3.125  90.0  30.0
 9.975  450.0 -90  12  21  -3.125  90.0  30.0
 9.975  452.5 -90  12  30  -3.125  90.0  30.0
 9.975  455.0 -90  12  21  -3.125  90.0  30.0
10.025  470.0  90  12  30  -3.125  90.0  30.0
10.025  472.5  90  12  27  -3.125  90.0  30.0
10.025  452.5 -90  12  24   3.125  90.0  30.0
10.025  455.0 -90  12  30   3.125  90.0  30.0
10.050  472.5  90  12  30  -3.125  90.0  30.0
10.050  475.0  90  12  24  -3.125  90.0  30.0
10.050  455.0 -90  12  30  -3.125  90.0  30.0
10.050  457.5 -90  12  24  -3.125  90.0  30.0
10.075  472.5  90  18  39  -3.125  90.0  30.0
10.075  475.0  90  18  45  -3.125  90.0  30.0
10.075  477.5  90  18  33  -3.125  90.0  30.0
10.075  952.5  90  18  27   3.125  90.0  30.0
10.075  455.0 -90  18  36   3.125  90.0  30.0
10.075  457.5 -90  18  42   3.125  90.0  30.0
10.075  460.0 -90  18  30  -3.125  90.0  30.0
10.100  472.5  90  18  27  -3.125  90.0  30.0
10.100  475.0  90  18  39   3.125  90.0  30.0
10.100  477.5  90  18  39  -3.125  90.0  30.0
10.100  955.0  90  18  27  -3.125  90.0  30.0
10.100  957.5  90  18  27  -3.125  90.0  30.0
10.100  455.0 -90  18  27  -3.125  90.0  30.0
10.100  457.5 -90  18  42  -3.125  90.0  30.0
10.100  460.0 -90  18  39  -3.125  90.0  30.0
10.100  477.5 -90  18  27  -3.125  90.0  30.0
10.125  475.0  90  18  30  -3.125  90.0  30.0
10.125  477.5  90  18  42  -3.125  90.0  30.0
10.125  480.0  90  18  39  -3.125  90.0  30.0
10.125  960.0  90  18  27   3.125  90.0  30.0
10.125  962.5  90  18  27  -3.125  90.0  30.0
10.125  457.5 -90  18  36  -3.125  90.0  30.0
10.125  460.0 -90  18  42  -3.125  90.0  30.0
10.150  477.5  90  18  33   3.125  90.0  30.0
10.150  480.0  90  18  42  -3.125  90.0  30.0
10.150  482.5  90  18  33  -3.125  90.0  30.0
10.150  965.0  90  18  27  -3.125  90.0  30.0
10.150  457.5 -90  18  27   3.125  90.0  30.0
10.150  460.0 -90  18  39   3.125  90.0  30.0
10.150  462.5 -90  18  36  -3.125  90.0  30.0
10.150  480.0 -90  18  27   3.125  30.0  30.0
10.175  480.0  90  18  39   3.125  90.0  30.0
10.175  482.5  90  18  42  -3.125  90.0  30.0
10.175  485.0  90  18  33  -3.125  90.0  30.0
10.175  967.5  90  18  27   3.125  90.0  30.0
10.175  460.0 -90  18  33  -3.125  90.0  30.0
10.175  462.5 -90  18  39  -3.125  90.0  30.0
10.175  482.5 -90  18  27  -3.125   0.0   0.0
10.200  480.0  90  18  27  -3.125  90.0  30.0
10.200  482.5  90  18  42  -3.125  90.0  30.0
10.200  485.0  90  18  42  -3.125  90.0  30.0
10.200  970.0  90  18  27   3.125  90.0  30.0
10.200  972.5  90  18  27   3.125  90.0  30.0
10.200  462.5 -90  18  39   3.125  90.0  30.0
10.200  465.0 -90  18  36  -3.125  90.0  30.0
10.225  482.5  90  18  30   3.125  90.0  30.0
10.225  485.0  90  18  42  -3.125  90.0  30.0
10.225  487.5  90  18  39   3.125  90.0  30.0
10.225  490.0  90  18  27   3.125  90.0  30.0
10.225  975.0  90  18  27   3.125  90.0  30.0
10.225  462.5 -90  18  33   3.125  90.0  30.0
10.225  465.0 -90  18  39   3.125  90.0  30.0
10.225  467.5 -90  18  30   3.125  90.0  30.0
10.250  485.0  90  18  33   3.125  90.0  30.0
10.250  487.5  90  18  42   3.125  90.0  30.0
10.250  490.0  90  18  36  -3.125  90.0  30.0
10.250  980.0  90  18  27   3.125  90.0  30.0
10.250  465.0 -90  18  39  -3.125  90.0  30.0
10.250  467.5 -90  18  36  -3.125  90.0  30.0
10.275  487.5  90  18  36   3.125  90.0  30.0
10.275  490.0  90  18  42   3.125  90.0  30.0
10.275  492.5  90  18  36   3.125  90.0  30.0
10.275  465.0 -90  18  30   3.125  90.0  30.0
10.275  467.5 -90  18  39   3.125  90.0  30.0
10.275  470.0 -90  18  33  -3.125  90.0  30.0
10.300  490.0  90  18  39   3.125  90.0  30.0
10.300  492.5  90  18  42   3.125  90.0  30.0
10.300  495.0  90  18  30  -3.125  90.0  30.0
10.300  467.5 -90  18  36   3.125  90.0  30.0
10.300  470.0 -90  18  39   3.125  90.0  30.0
10.325  490.0  90  18  27  -3.125  90.0  30.0
10.325  492.5  90  18  39   3.125  90.0  30.0
10.325  495.0  90  18  42  -3.125  90.0  30.0
10.325  497.5  90  18  30   3.125  90.0  30.0
10.325  992.5  90  18  27   3.125  90.0  30.0
10.325  467.5 -90  18  27  -3.125  90.0  30.0
10.325  470.0 -90  18  39   3.125  90.0  30.0
10.325  472.5 -90  18  36  -3.125  90.0  30.0
10.350  492.5  90  18  27  -3.125  90.0  30.0
10.350  495.0  90  18  39   3.125  90.0  30.0
10.350  497.5  90  18  39  -3.125  90.0  30.0
10.350  500.0  90  18  27   3.125  90.0  30.0
10.350  995.0  90  18  27  -3.125  90.0  30.0
10.350  997.5  90  18  27  -3.125  90.0  30.0
10.350  470.0 -90  18  33  -3.125  90.0  30.0
10.350  472.5 -90  18  39  -3.125  90.0  30.0
10.350  475.0 -90  18  30  -3.125  90.0  30.0
10.375  495.0  90  18  30   3.125  90.0  30.0
10.375  497.5  90  18  39  -3.125  90.0  30.0
10.375  500.0  90  18  39  -3.125  90.0  30.0
10.375  502.5  90  18  30   3.125  90.0  30.0
10.375  472.5 -90  18  36  -3.125  90.0  30.0
10.375  475.0 -90  18  39   3.125  90.0  30.0
10.400  497.5  90  18  30   3.125  90.0  30.0
10.400  500.0  90  18  39  -3.125  90.0  30.0
10.400  502.5  90  18  39  -3.125  90.0  30.0
10.400  472.5 -90  18  27  -3.125  90.0  30.0
10.400  475.0 -90  18  39  -3.125  90.0  30.0
10.400  477.5 -90  18  36   3.125  90.0  30.0
10.425  500.0  90  18  30   3.125  90.0  30.0
10.425  502.5  90  18  39   3.125  90.0  30.0
10.425  505.0  90  18  39   3.125  90.0  30.0
10.425  507.5  90  18  30   3.125  90.0  30.0
10.425 1012.5  90  18  27  -3.125  90.0  30.0
10.425  475.0 -90  18  33   3.125  90.0  30.0
10.425  477.5 -90  18  42  -3.125  90.0  30.0
10.425  480.0 -90  18  27  -3.125  90.0  30.0
10.450  502.5  90  18  27  -3.125  90.0  30.0
10.450  505.0  90  18  39  -3.125  90.0  30.0
10.450  507.5  90  18  42   3.125  90.0  30.0
10.450  510.0  90  18  33   3.125  90.0  30.0
10.450 1017.5  90  18  27   3.125  90.0  30.0
10.450  477.5 -90  18  39   3.125  90.0  30.0
10.450  480.0 -90  18  39   3.125  90.0  30.0
10.450  482.5 -90  18  30  -3.125  90.0  30.0
10.475  507.5  90  18  39  -3.125  90.0  30.0
10.475  510.0  90  18  42  -3.125  90.0  30.0
10.475  512.5  90  18  33   3.125  90.0  30.0
10.475 1020.0  90  18  27   3.125  90.0  30.0
10.475 1022.5  90  18  27   3.125  90.0  30.0
10.475  477.5 -90  18  30   3.125  90.0  30.0
10.475  480.0 -90  18  42   3.125  90.0  30.0
10.475  482.5 -90  18  36  -3.125  90.0  30.0
10.500  510.0  90  18  36  -3.125  90.0  30.0
10.500  512.5  90  18  39  -3.125  90.0  30.0
10.500  515.0  90  18  33   3.125  90.0  30.0
10.500 1027.5  90  18  27   3.125  90.0  30.0
10.500  480.0 -90  18  36  -3.125  90.0  30.0
10.500  482.5 -90  18  42  -3.125  90.0  30.0
10.500  485.0 -90  18  33   3.125  90.0  30.0
10.525  512.5  90  18  33   3.125  90.0  30.0
10.525  515.0  90  18  39  -3.125  90.0  30.0
10.525  517.5  90  18  36  -3.125  90.0  30.0
10.525  482.5 -90  18  39  -3.125  90.0  30.0
10.525  485.0 -90  18  39   3.125  90.0  30.0
10.550  515.0  90  18  33  -3.125  90.0  30.0
10.550  517.5  90  18  39  -3.125  90.0  30.0
10.550  520.0  90  18  39  -3.125  90.0  30.0
10.550  522.5  90  18  30  -3.125  90.0  30.0
10.550  482.5 -90  18  30   3.125  90.0  30.0
10.550  485.0 -90  18  42  -3.125  90.0  30.0
10.550  487.5 -90  18  33   3.125  90.0  30.0
10.575  517.5  90  18  30  -3.125  90.0  30.0
10.575  520.0  90  18  39  -3.125  90.0  30.0
10.575  522.5  90  18  39  -3.125  90.0  30.0
10.575  525.0  90  18  33  -3.125  90.0  30.0
10.575  485.0 -90  18  33   3.125  90.0  30.0
10.575  487.5 -90  18  42  -3.125  90.0  30.0
10.575  490.0 -90  18  36  -3.125  90.0  30.0
10.600  522.5  90  18  36  -3.125  90.0  30.0
10.600  525.0  90  18  39  -3.125  90.0  30.0
10.600  527.5  90  18  33  -3.125  90.0  30.0
10.600  487.5 -90  18  39  -3.125  90.0  30.0
10.600  490.0 -90  18  42  -3.125  90.0  30.0
10.600  492.5 -90  18  27   3.125  90.0  30.0
10.625  525.0  90  18  33   3.125  90.0  30.0
10.625  527.5  90  18  39   3.125  90.0  30.0
10.625  530.0  90  18  39  -3.125  90.0  30.0
10.625  532.5  90  18  30  -3.125  90.0  30.0
10.625  487.5 -90  18  27   3.125  90.0  30.0
10.625  490.0 -90  18  39   3.125  90.0  30.0
10.625  492.5 -90  18  42  -3.125  90.0  30.0
10.625  495.0 -90  18  30   3.125  90.0  30.0
10.650  527.5  90  18  27   3.125  90.0  30.0
10.650  530.0  90  18  36  -3.125  90.0  30.0
10.650  532.5  90  18  39  -3.125  90.0  30.0
10.650  535.0  90  18  33   3.125  90.0  30.0
10.650  537.5  90  18  27   3.125  90.0  30.0
10.650  490.0 -90  18  27   3.125  90.0  30.0
10.650  492.5 -90  18  42  -3.125  90.0  30.0
10.650  495.0 -90  18  39  -3.125  90.0  30.0
10.675  530.0  90  27  36  -3.125  90.0  30.0
10.675  532.5  90  27  45   3.125  90.0  30.0
10.675  535.0  90  27  51   3.125  90.0  30.0
10.675  537.5  90  27  51  -3.125  90.0  30.0
10.675  540.0  90  27  45   3.125  90.0  30.0
10.675  492.5 -90  27  45   3.125  90.0  30.0
10.675  495.0 -90  27  54  -3.125  90.0  30.0
10.675  497.5 -90  27  48  -3.125  90.0  30.0
10.675  500.0 -90  27  36   3.125  90.0  30.0
10.700  535.0  90  27  39   3.125  90.0  30.0
10.700  537.5  90  27  48  -3.125  90.0  30.0
10.700  540.0  90  27  51   3.125  90.0  30.0
10.700  542.5  90  27  48   3.125  90.0  30.0
10.700  545.0  90  27  42  -3.125  90.0  30.0
10.700  495.0 -90  27  48   3.125  90.0  30.0
10.700  497.5 -90  27  54   3.125  90.0  30.0
10.700  500.0 -90  27  45  -3.125  90.0  30.0
10.700  502.5 -90  27  36  -3.125  90.0  30.0
10.700 1000.0 -90  27  36  -3.125  90.0  30.0
10.725  540.0  90  27  42   3.125  90.0  30.0
10.725  542.5  90  27  48   3.125  90.0  30.0
10.725  545.0  90  27  51  -3.125  90.0  30.0
10.725  547.5  90  27  48  -3.125  90.0  30.0
10.725  550.0  90  27  39  -3.125  90.0  30.0
10.725  495.0 -90  27  36  -3.125  90.0  30.0
10.725  497.5 -90  27  48  -3.125  90.0  30.0
10.725  500.0 -90  27  54   3.125  90.0  30.0
10.725  502.5 -90  27  48  -3.125  90.0  30.0
10.725  547.5 -90  27  36  -3.125 330.0  30.0
10.750  542.5  90  27  36   3.125  90.0  30.0
10.750  545.0  90  27  45  -3.125  90.0  30.0
10.750  547.5  90  27  51   3.125  90.0  30.0
10.750  550.0  90  27  51  -3.125  90.0  30.0
10.750  552.5  90  27  48  -3.125  90.0  30.0
10.750  555.0  90  27  39   3.125  90.0  30.0
10.750  207.5 -90  27  36   9.375 150.0  30.0
10.750  222.5 -90  27  36   9.375 150.0  30.0
10.750  227.5 -90  27  36   9.375  90.0  30.0
10.750  497.5 -90  27  39   3.125  90.0  30.0
10.750  500.0 -90  27  51   3.125  90.0  30.0
10.750  502.5 -90  27  57  -3.125  90.0  30.0
10.750  505.0 -90  27  45   3.125  90.0  30.0
10.750  507.5 -90  27  36  -3.125  90.0  30.0
10.750 1232.5 -90  27  36  -3.125  30.0  30.0
10.775  550.0  90  27  45   3.125  90.0  30.0
10.775  552.5  90  27  51   3.125  90.0  30.0
10.775  555.0  90  27  51  -3.125  90.0  30.0
10.775  557.5  90  27  48  -3.125  90.0  30.0
10.775  560.0  90  27  39   3.125  90.0  30.0
10.775  500.0 -90  27  39  -3.125  90.0  30.0
10.775  502.5 -90  27  51  -3.125  90.0  30.0
10.775  505.0 -90  27  57  -3.125  90.0  30.0
10.775  507.5 -90  27  48  -3.125  90.0  30.0
10.800  182.5  90  27  36   9.375 270.0  30.0
10.800  237.5  90  27  36  -3.125   0.0   0.0
10.800  555.0  90  27  45  -3.125  90.0  30.0
10.800  557.5  90  27  48   3.125  90.0  30.0
10.800  560.0  90  27  51   3.125  90.0  30.0
10.800  562.5  90  27  48   3.125  90.0  30.0
10.800  565.0  90  27  42   3.125  90.0  30.0
10.800  567.5  90  27  36   3.125  90.0  30.0
10.800 1207.5  90  27  36   3.125   0.0   0.0
10.800 1227.5  90  27  36   3.125 270.0  30.0
10.800  502.5 -90  27  36  -3.125  90.0  30.0
10.800  505.0 -90  27  51  -3.125  90.0  30.0
10.800  507.5 -90  27  54   3.125  90.0  30.0
10.800  510.0 -90  27  45  -3.125  90.0  30.0
10.800  662.5 -90  27  36   9.375  90.0  30.0
10.800  667.5 -90  27  36   9.375  90.0  30.0
10.800  672.5 -90  27  36   9.375  90.0  30.0
10.800  677.5 -90  27  36   9.375  90.0  30.0
10.800  682.5 -90  27  36   9.375 150.0  30.0
10.800  687.5 -90  27  36   9.375 150.0  30.0
10.800  692.5 -90  27  36   9.375  30.0  30.0
10.800  697.5 -90  27  39   9.375  90.0  30.0
10.800  702.5 -90  27  39  -3.125  30.0  30.0
10.800  707.5 -90  27  36  -3.125 150.0  30.0
10.800  712.5 -90  27  36  -3.125 150.0  30.0
10.800  717.5 -90  27  36  -3.125  90.0  30.0
10.800  722.5 -90  27  36  -3.125  90.0  30.0
10.800  727.5 -90  27  36   3.125  30.0  30.0
10.800  732.5 -90  27  39  -3.125  90.0  30.0
10.800  737.5 -90  27  36  -3.125  90.0  30.0
10.825  560.0  90  27  45   3.125  90.0  30.0
10.825  562.5  90  27  51  -3.125  90.0  30.0
10.825  565.0  90  27  51  -3.125  90.0  30.0
10.825  567.5  90  27  48  -3.125  90.0  30.0
10.825  570.0  90  27  45   3.125  90.0  30.0
10.825  572.5  90  27  36  -3.125   0.0   0.0
10.825  160.0 -90  27  36   3.125  30.0  30.0
10.825  165.0 -90  27  36   3.125  90.0  30.0
10.825  170.0 -90  27  36  -9.375  90.0  30.0
10.825  175.0 -90  27  36  -9.375 150.0  30.0
10.825  180.0 -90  27  36  -3.125  90.0  30.0
10.825  185.0 -90  27  36  -9.375  90.0  30.0
10.825  190.0 -90  27  36   3.125 150.0  30.0
10.825  195.0 -90  27  36  -9.375  90.0  30.0
10.825  200.0 -90  27  36  -3.125  30.0  30.0
10.825  210.0 -90  27  36  -3.125  30.0  30.0
10.825  215.0 -90  27  36   3.125  30.0  30.0
10.825  220.0 -90  27  36  -3.125   0.0   0.0
10.825  225.0 -90  27  36   9.375 150.0  30.0
10.825  230.0 -90  27  36  -3.125  90.0  30.0
10.825  235.0 -90  27  36   3.125 270.0  30.0
10.825  505.0 -90  27  39   3.125  90.0  30.0
10.825  507.5 -90  27  51  -3.125  90.0  30.0
10.825  510.0 -90  27  54   3.125  90.0  30.0
10.825  512.5 -90  27  48   3.125  90.0  30.0
10.825  515.0 -90  27  36  -3.125  90.0  30.0
10.850  565.0  90  27  42  -3.125  90.0  30.0
10.850  567.5  90  27  48  -3.125  90.0  30.0
10.850  570.0  90  27  51  -3.125  90.0  30.0
10.850  572.5  90  27  48  -3.125  90.0  30.0
10.850  575.0  90  27  45   3.125  90.0  30.0
10.850  577.5  90  27  39  -3.125  90.0  30.0
10.850  580.0  90  27  36   3.125  90.0  30.0
10.850  655.0  90  27  36  -9.375 210.0  30.0
10.850  665.0  90  27  36  -9.375 270.0  30.0
10.850  670.0  90  27  36  -9.375  30.0  30.0
10.850  675.0  90  27  36  -9.375 150.0  30.0
10.850  680.0  90  27  36  -9.375 210.0  30.0
10.850  685.0  90  27  36  -9.375 150.0  30.0
10.850  690.0  90  27  36  -9.375  30.0  30.0
10.850  695.0  90  27  36   3.125  30.0  30.0
10.850  700.0  90  27  36   9.375   0.0   0.0
10.850  705.0  90  27  36   9.375 210.0  30.0
10.850  710.0  90  27  36   9.375   0.0   0.0
10.850  715.0  90  27  36   3.125   0.0   0.0
10.850  720.0  90  27  36   3.125   0.0   0.0
10.850  730.0  90  27  36   3.125 270.0  30.0
10.850  160.0 -90  27  36  -3.125 150.0  30.0
10.850  165.0 -90  27  36  -9.375  30.0  30.0
10.850  195.0 -90  27  36   9.375  30.0  30.0
10.850  200.0 -90  27  36   3.125 150.0  30.0
10.850  205.0 -90  27  36   3.125  30.0  30.0
10.850  225.0 -90  27  36   9.375   0.0   0.0
10.850  507.5 -90  27  39   3.125  90.0  30.0
10.850  510.0 -90  27  51  -3.125  90.0  30.0
10.850  512.5 -90  27  57  -3.125  90.0  30.0
10.850  515.0 -90  27  48   3.125  90.0  30.0
10.850 1185.0 -90  27  36   9.375 150.0  30.0
10.850 1210.0 -90  27  36  -9.375   0.0   0.0
10.850 1225.0 -90  27  36  -9.375  30.0  30.0
10.875  570.0  90  27  39   3.125  90.0  30.0
10.875  572.5  90  27  45   3.125  90.0  30.0
10.875  575.0  90  27  48  -3.125  90.0  30.0
10.875  577.5  90  27  48  -3.125  90.0  30.0
10.875  580.0  90  27  48  -3.125  90.0  30.0
10.875  582.5  90  27  45  -3.125  90.0  30.0
10.875  585.0  90  27  39  -3.125  90.0  30.0
10.875  665.0  90  27  36  -3.125 210.0  30.0
10.875  510.0 -90  30  39  -3.125  90.0  30.0
10.875  512.5 -90  30  51  -3.125  90.0  30.0
10.875  515.0 -90  30  57  -3.125  90.0  30.0
10.875  517.5 -90  30  48  -3.125  90.0  30.0
10.875  520.0 -90  30  39  -3.125 330.0  30.0
10.875 1165.0 -90  30  39   9.375  30.0  30.0
10.875 1180.0 -90  30  39   9.375  90.0  30.0
10.875 1200.0 -90  30  39  -3.125 150.0  30.0
10.875 1205.0 -90  30  39  -3.125  90.0  30.0
10.900  150.0  90  27  36  -3.125   0.0   0.0
10.900  180.0  90  27  36   9.375  30.0  30.0
10.900  577.5  90  27  36  -3.125  90.0  30.0
10.900  580.0  90  27  45  -3.125  90.0  30.0
10.900  582.5  90  27  48  -3.125  90.0  30.0
10.900  585.0  90  27  48   3.125  90.0  30.0
10.900  587.5  90  27  48  -3.125   0.0   0.0
10.900  590.0  90  27  45  -3.125  90.0  30.0
10.900  592.5  90  27  42  -3.125   0.0   0.0
10.900  595.0  90  27  36   3.125  90.0  30.0
10.900 1157.5  90  27  36   3.125   0.0   0.0
10.900 1162.5  90  27  36  -3.125  30.0  30.0
10.900 1192.5  90  27  36   9.375   0.0   0.0
10.900  512.5 -90  30  39  -3.125  90.0  30.0
10.900  515.0 -90  30  51   3.125  90.0  30.0
10.900  517.5 -90  30  57  -3.125  90.0  30.0
10.900  520.0 -90  30  48  -3.125  90.0  30.0
10.925  190.0  90  27  36   9.375 150.0  30.0
10.925  200.0  90  27  36   9.375   0.0   0.0
10.925  585.0  90  27  36  -3.125   0.0   0.0
10.925  587.5  90  27  42   3.125   0.0   0.0
10.925  590.0  90  27  45   3.125   0.0   0.0
10.925  592.5  90  27  48  -3.125  90.0  30.0
10.925  595.0  90  27  48  -3.125  90.0  30.0
10.925  597.5  90  27  45   3.125  90.0  30.0
10.925  600.0  90  27  42   3.125   0.0   0.0
10.925  602.5  90  27  39  -3.125   0.0   0.0
10.925 1150.0  90  27  36  -3.125 270.0  30.0
10.925 1155.0  90  27  36  -3.125  90.0  30.0
10.925 1160.0  90  27  36  -9.375   0.0   0.0
10.925 1165.0  90  27  36   3.125 270.0  30.0
10.925 1175.0  90  27  36  -3.125  90.0  30.0
10.925 1180.0  90  27  36  -9.375  30.0  30.0
10.925 1185.0  90  27  36   9.375  90.0  30.0
10.925 1200.0  90  27  36   9.375 270.0  30.0
10.925 1210.0  90  27  36   3.125 210.0  30.0
10.925 1215.0  90  27  36  -9.375  30.0  30.0
10.925  515.0 -90  27  39   3.125  90.0  30.0
10.925  517.5 -90  27  51   3.125  90.0  30.0
10.925  520.0 -90  27  54  -3.125  90.0  30.0
10.925  522.5 -90  27  48  -3.125  90.0  30.0
10.925  525.0 -90  27  39   3.125  90.0  30.0
10.925  640.0 -90  27  36  -3.125 150.0  30.0
10.925  645.0 -90  27  36  -3.125  30.0  30.0
10.925  650.0 -90  27  36  -3.125  90.0  30.0
10.925  652.5 -90  27  36   9.375  30.0  30.0
10.925  655.0 -90  27  36  -3.125  30.0  30.0
10.925  660.0 -90  27  36  -3.125  90.0  30.0
10.925  665.0 -90  27  36  -3.125  30.0  30.0
10.925  670.0 -90  27  36  -3.125  90.0  30.0
10.925  675.0 -90  27  36  -3.125  30.0  30.0
10.925  680.0 -90  27  36   9.375 270.0  30.0
10.925  685.0 -90  27  36   9.375 150.0  30.0
10.925  690.0 -90  27  36   9.375 150.0  30.0
10.925  700.0 -90  27  36   9.375 270.0  30.0
10.925  705.0 -90  27  36   9.375  90.0  30.0
10.925  710.0 -90  27  36   9.375 150.0  30.0
10.925  715.0 -90  27  36   9.375 270.0  30.0
10.950  592.5  90  27  36  -3.125  90.0  30.0
10.950  595.0  90  27  42   3.125   0.0   0.0
10.950  597.5  90  27  45  -3.125  90.0  30.0
10.950  600.0  90  27  45  -3.125  90.0  30.0
10.950  602.5  90  27  48   3.125  90.0  30.0
10.950  605.0  90  27  45   3.125  90.0  30.0
10.950  607.5  90  27  45  -3.125   0.0   0.0
10.950  610.0  90  27  42   3.125   0.0   0.0
10.950  612.5  90  27  39   3.125  90.0  30.0
10.950  615.0  90  27  36   3.125  90.0  30.0
10.950  635.0  90  27  36   9.375 270.0  30.0
10.950  640.0  90  27  36   3.125 270.0  30.0
10.950  645.0  90  27  36  -9.375  30.0  30.0
10.950  650.0  90  27  36   9.375 270.0  30.0
10.950  655.0  90  27  36  -9.375   0.0   0.0
10.950  660.0  90  27  36   9.375  30.0  30.0
10.950  665.0  90  27  36   3.125 270.0  30.0
10.950  670.0  90  27  36  -3.125   0.0   0.0
10.950  675.0  90  27  36   9.375 270.0  30.0
10.950  680.0  90  27  36  -9.375 270.0  30.0
10.950  690.0  90  27  36  -3.125 270.0  30.0
10.950  695.0  90  27  36  -3.125  30.0  30.0
10.950  700.0  90  27  36   9.375  30.0  30.0
10.950  705.0  90  27  36   3.125  30.0  30.0
10.950  710.0  90  27  36  -3.125 150.0  30.0
10.950 1145.0  90  27  36  -9.375  30.0  30.0
10.950 1160.0  90  27  36  -9.375 270.0  30.0
10.950 1175.0  90  27  36   3.125  30.0  30.0
10.950 1205.0  90  27  36   3.125  30.0  30.0
10.950  135.0 -90  27  36   3.125  90.0  30.0
10.950  145.0 -90  27  36   9.375  90.0  30.0
10.950  165.0 -90  27  36   9.375  30.0  30.0
10.950  170.0 -90  27  36   9.375  30.0  30.0
10.950  175.0 -90  27  36  -3.125  90.0  30.0
10.950  180.0 -90  27  36   3.125  90.0  30.0
10.950  185.0 -90  27  36   9.375  30.0  30.0
10.950  190.0 -90  27  36   9.375  90.0  30.0
10.950  195.0 -90  27  36   9.375   0.0   0.0
10.950  205.0 -90  27  36   9.375 270.0  30.0
10.950  210.0 -90  27  36   9.375  30.0  30.0
10.950  517.5 -90  27  36   3.125  90.0  30.0
10.950  520.0 -90  27  48   3.125  90.0  30.0
10.950  522.5 -90  27  54   3.125  90.0  30.0
10.950  525.0 -90  27  51  -3.125  90.0  30.0
10.950  527.5 -90  27  39   3.125  90.0  30.0
10.950  670.0 -90  27  36  -3.125   0.0   0.0
10.975  602.5  90  27  39  -3.125   0.0   0.0
10.975  605.0  90  27  39  -3.125   0.0   0.0
10.975  607.5  90  27  45   3.125  90.0  30.0
10.975  610.0  90  27  45   3.125  90.0  30.0
10.975  612.5  90  27  45   3.125   0.0   0.0
10.975  615.0  90  27  45  -3.125  90.0  30.0
10.975  617.5  90  27  45  -3.125  90.0  30.0
10.975  620.0  90  27  42   3.125  90.0  30.0
10.975  622.5  90  27  39  -3.125  90.0  30.0
10.975  625.0  90  27  39   3.125   0.0   0.0
10.975  627.5  90  27  36  -9.375   0.0   0.0
10.975  632.5  90  27  36   9.375 270.0  30.0
10.975  637.5  90  27  36   3.125 270.0  30.0
10.975  642.5  90  27  36  -9.375  30.0  30.0
10.975  647.5  90  27  36   9.375 270.0  30.0
10.975  652.5  90  27  36  -9.375   0.0   0.0
10.975  657.5  90  27  36   9.375  30.0  30.0
10.975  660.0  90  27  36  -3.125 270.0  30.0
10.975  662.5  90  27  36  -3.125 270.0  30.0
10.975  667.5  90  27  36   3.125 270.0  30.0
10.975  672.5  90  27  36  -9.375 270.0  30.0
10.975  677.5  90  27  36  -9.375 210.0  30.0
10.975  682.5  90  27  36   3.125 270.0  30.0
10.975  687.5  90  27  36   3.125   0.0   0.0
10.975  690.0  90  27  36  -9.375  90.0  30.0
10.975  692.5  90  27  36   9.375 150.0  30.0
10.975  697.5  90  27  36   3.125  30.0  30.0
10.975  702.5  90  27  36  -3.125 270.0  30.0
10.975  127.5 -90  27  36  -3.125 270.0  30.0
10.975  130.0 -90  27  36   9.375  90.0  30.0
10.975  132.5 -90  27  36  -3.125  90.0  30.0
10.975  137.5 -90  27  36  -3.125 270.0  30.0
10.975  140.0 -90  27  36  -3.125  90.0  30.0
10.975  142.5 -90  27  36  -3.125  90.0  30.0
10.975  145.0 -90  27  36   3.125  90.0  30.0
10.975  147.5 -90  27  36  -3.125  30.0  30.0
10.975  152.5 -90  27  36  -3.125  30.0  30.0
10.975  157.5 -90  27  36  -3.125 210.0  30.0
10.975  160.0 -90  27  39   9.375 210.0  30.0
10.975  162.5 -90  27  36  -3.125  30.0  30.0
10.975  167.5 -90  27  36  -3.125  90.0  30.0
10.975  170.0 -90  27  36   9.375  30.0  30.0
10.975  172.5 -90  27  36   9.375  30.0  30.0
10.975  175.0 -90  27  36   3.125  30.0  30.0
10.975  177.5 -90  27  36   9.375   0.0   0.0
10.975  182.5 -90  27  36   9.375  90.0  30.0
10.975  187.5 -90  27  36  -9.375 210.0  30.0
10.975  190.0 -90  27  36  -3.125  30.0  30.0
10.975  192.5 -90  27  36  -9.375 270.0  30.0
10.975  197.5 -90  27  36   9.375 270.0  30.0
10.975  200.0 -90  27  36   3.125  30.0  30.0
10.975  202.5 -90  27  36   3.125  30.0  30.0
10.975  522.5 -90  27  45   3.125  90.0  30.0
10.975  525.0 -90  27  54  -3.125  90.0  30.0
10.975  527.5 -90  27  51  -3.125  90.0  30.0
10.975  530.0 -90  27  42  -3.125  90.0  30.0
10.975 1132.5 -90  27  36  -3.125  90.0  30.0
10.975 1202.5 -90  27  36   3.125  90.0  30.0
11.000  122.5  90  27  36   3.125 270.0  30.0
11.000  127.5  90  27  36  -3.125   0.0   0.0
11.000  132.5  90  27  36  -3.125   0.0   0.0
11.000  137.5  90  27  36   3.125 270.0  30.0
11.000  142.5  90  27  36   9.375  90.0  30.0
11.000  147.5  90  27  36  -3.125  90.0  30.0
11.000  152.5  90  27  36  -9.375   0.0   0.0
11.000  157.5  90  27  36  -9.375 270.0  30.0
11.000  162.5  90  27  36  -9.375 150.0  30.0
11.000  167.5  90  27  36   9.375  30.0  30.0
11.000  172.5  90  27  36  -9.375 270.0  30.0
11.000  177.5  90  27  36   9.375  90.0  30.0
11.000  182.5  90  27  36  -3.125  90.0  30.0
11.000  187.5  90  27  36  -3.125  30.0  30.0
11.000  615.0  90  27  39  -3.125   0.0   0.0
11.000  617.5  90  27  42  -3.125   0.0   0.0
11.000  620.0  90  27  42   3.125  90.0  30.0
11.000  622.5  90  27  45   3.125  90.0  30.0
11.000  625.0  90  27  45  -3.125  90.0  30.0
11.000  627.5  90  27  42   3.125  90.0  30.0
11.000  630.0  90  27  42  -3.125   0.0   0.0
11.000  632.5  90  27  39  -3.125   0.0   0.0
11.000  635.0  90  27  39  -3.125   0.0   0.0
11.000  647.5  90  27  36  -3.125 150.0  30.0
11.000  652.5  90  27  36   9.375 270.0  30.0
11.000  657.5  90  27  36   3.125   0.0   0.0
11.000  662.5  90  27  36  -9.375   0.0   0.0
11.000  677.5  90  27  36   3.125  30.0  30.0
11.000  682.5  90  27  36  -3.125  90.0  30.0
11.000  687.5  90  27  36   3.125   0.0   0.0
11.000  697.5  90  27  36  -3.125 210.0  30.0
11.000  170.0 -90  27  36  -9.375  30.0  30.0
11.000  525.0 -90  27  42   3.125  90.0  30.0
11.000  527.5 -90  27  51   3.125  90.0  30.0
11.000  530.0 -90  27  51  -3.125  90.0  30.0
11.000  532.5 -90  27  45   3.125  90.0  30.0
11.000 1120.0 -90  27  36  -9.375  90.0  30.0
11.000 1125.0 -90  27  36  -9.375 150.0  30.0
11.000 1130.0 -90  27  36  -9.375  30.0  30.0
11.000 1135.0 -90  27  36  -9.375  90.0  30.0
11.000 1140.0 -90  27  36   9.375  90.0  30.0
11.000 1145.0 -90  27  36  -9.375  90.0  30.0
11.000 1150.0 -90  27  36   3.125  90.0  30.0
11.000 1155.0 -90  27  36   3.125 270.0  30.0
11.000 1165.0 -90  27  39  -9.375  90.0  30.0
11.000 1170.0 -90  27  36   3.125   0.0   0.0
11.000 1172.5 -90  27  36   9.375  90.0  30.0
11.000 1175.0 -90  27  36   3.125  30.0  30.0
11.000 1180.0 -90  27  36   9.375  30.0  30.0
11.000 1185.0 -90  27  36  -9.375 330.0  30.0
11.000 1190.0 -90  27  36  -3.125 270.0  30.0
11.000 1195.0 -90  27  36   3.125  90.0  30.0
11.025  115.0  90  27  36  -3.125   0.0   0.0
11.025  120.0  90  27  36  -3.125 270.0  30.0
11.025  130.0  90  27  36  -9.375  30.0  30.0
11.025  147.5  90  27  36   9.375 270.0  30.0
11.025  150.0  90  27  36  -9.375  90.0  30.0
11.025  155.0  90  27  36   9.375  30.0  30.0
11.025  165.0  90  27  36   3.125 270.0  30.0
11.025  170.0  90  27  36   3.125 150.0  30.0
11.025  175.0  90  27  36   9.375 150.0  30.0
11.025  180.0  90  27  36   9.375 270.0  30.0
11.025  190.0  90  27  36   9.375 270.0  30.0
11.025  625.0  90  27  36   3.125  90.0  30.0
11.025  627.5  90  27  36   3.125   0.0   0.0
11.025  630.0  90  27  39   3.125   0.0   0.0
11.025  632.5  90  27  42  -3.125   0.0   0.0
11.025  635.0  90  27  42  -3.125   0.0   0.0
11.025  637.5  90  27  42   3.125  90.0  30.0
11.025  640.0  90  27  42  -3.125  90.0  30.0
11.025  642.5  90  27  42  -3.125   0.0   0.0
11.025  645.0  90  27  42  -3.125   0.0   0.0
11.025  647.5  90  27  42   3.125  90.0  30.0
11.025  650.0  90  27  42  -3.125   0.0   0.0
11.025  652.5  90  27  36  -3.125   0.0   0.0
11.025  655.0  90  27  36  -3.125   0.0   0.0
11.025  527.5 -90  27  39  -3.125  90.0  30.0
11.025  530.0 -90  27  51  -3.125   0.0   0.0
11.025  532.5 -90  27  54  -3.125  90.0  30.0
11.025  535.0 -90  27  48   3.125  90.0  30.0
11.025  537.5 -90  27  36   3.125   0.0   0.0
11.025  615.0 -90  27  36  -9.375  90.0  30.0
11.025  645.0 -90  27  36  -9.375   0.0   0.0
11.025  655.0 -90  27  36   3.125 210.0  30.0
11.025  660.0 -90  27  36  -9.375 150.0  30.0
11.025  685.0 -90  27  36   9.375  30.0  30.0
11.025  690.0 -90  27  36  -3.125 330.0  30.0
11.025 1070.0 -90  27  36  -3.125   0.0   0.0
11.025 1112.5 -90  27  36   9.375  90.0  30.0
11.025 1122.5 -90  27  36  -3.125   0.0   0.0
11.025 1127.5 -90  27  36  -3.125  30.0  30.0
11.025 1142.5 -90  27  36  -3.125  30.0  30.0
11.025 1187.5 -90  27  36   3.125   0.0   0.0
11.050  112.5  90  27  36   3.125 270.0  30.0
11.050  127.5  90  27  36  -9.375  90.0  30.0
11.050  147.5  90  27  36  -3.125  90.0  30.0
11.050  157.5  90  27  36  -9.375 270.0  30.0
11.050  172.5  90  27  36   9.375  90.0  30.0
11.050  177.5  90  27  36  -9.375 270.0  30.0
11.050  640.0  90  27  36   3.125   0.0   0.0
11.050  642.5  90  27  39  -3.125   0.0   0.0
11.050  645.0  90  27  39   3.125   0.0   0.0
11.050  647.5  90  27  39   3.125  90.0  30.0
11.050  650.0  90  27  39  -3.125  90.0  30.0
11.050  652.5  90  27  42  -3.125  90.0  30.0
11.050  655.0  90  27  42   3.125  90.0  30.0
11.050  657.5  90  27  39  -3.125  90.0  30.0
11.050  660.0  90  27  36   3.125  90.0  30.0
11.050  665.0  90  27  36  -3.125   0.0   0.0
11.050  670.0  90  27  36   3.125   0.0   0.0
11.050 1107.5  90  27  36   3.125  30.0  30.0
11.050 1122.5  90  27  36   3.125  30.0  30.0
11.050 1130.0  90  27  36   3.125 270.0  30.0
11.050 1137.5  90  27  36   3.125  90.0  30.0
11.050 1142.5  90  27  36   3.125 270.0  30.0
11.050 1177.5  90  27  36  -9.375   0.0   0.0
11.050  532.5 -90  30  48  -3.125  90.0  30.0
11.050  535.0 -90  30  54  -3.125  90.0  30.0
11.050  537.5 -90  30  51  -3.125  90.0  30.0
11.050  540.0 -90  30  42   3.125  90.0  30.0
11.050  612.5 -90  30  39  -9.375  90.0  30.0
11.050  637.5 -90  30  39  -9.375 270.0  30.0
11.075  655.0  90  27  36  -3.125   0.0   0.0
11.075  657.5  90  27  36   3.125   0.0   0.0
11.075  660.0  90  27  36  -3.125  90.0  30.0
11.075  665.0  90  27  36  -3.125  90.0  30.0
11.075  670.0  90  27  39  -3.125  90.0  30.0
11.075  672.5  90  27  36  -3.125  90.0  30.0
11.075  680.0  90  27  36   3.125   0.0   0.0
11.075  682.5  90  27  39  -3.125   0.0   0.0
11.075  685.0  90  27  36  -3.125   0.0   0.0
11.075  687.5  90  27  36  -3.125  90.0  30.0
11.075  690.0  90  27  36  -3.125   0.0   0.0
11.075  692.5  90  27  36   3.125   0.0   0.0
11.075  695.0  90  27  36  -3.125  30.0  30.0
11.075  697.5  90  27  36  -3.125   0.0   0.0
11.075  700.0  90  27  36   3.125   0.0   0.0
11.075 1100.0  90  27  36   3.125  30.0  30.0
11.075 1105.0  90  27  36  -9.375  90.0  30.0
11.075 1110.0  90  27  36   3.125 210.0  30.0
11.075 1120.0  90  27  36   3.125 210.0  30.0
11.075 1125.0  90  27  36  -9.375 270.0  30.0
11.075 1130.0  90  27  36   3.125  30.0  30.0
11.075 1135.0  90  27  36   3.125 270.0  30.0
11.075 1140.0  90  27  36  -3.125  90.0  30.0
11.075 1145.0  90  27  36  -3.125 150.0  30.0
11.075 1150.0  90  27  36   9.375 150.0  30.0
11.075 1155.0  90  27  36   3.125  30.0  30.0
11.075 1160.0  90  27  36  -9.375 270.0  30.0
11.075 1165.0  90  27  36  -9.375 270.0  30.0
11.075 1170.0  90  27  36  -3.125 270.0  30.0
11.075 1175.0  90  27  36   9.375 150.0  30.0
11.075  175.0 -90  30  39  -3.125  30.0  30.0
11.075  535.0 -90  30  42  -3.125  90.0  30.0
11.075  537.5 -90  30  51  -3.125  90.0  30.0
11.075  540.0 -90  30  51  -3.125  90.0  30.0
11.075  542.5 -90  30  42  -3.125   0.0   0.0
11.100  595.0  90  27  36   3.125 330.0  30.0
11.100  600.0  90  27  36  -9.375 270.0  30.0
11.100  605.0  90  27  36   9.375 150.0  30.0
11.100  610.0  90  27  39   9.375 270.0  30.0
11.100  612.5  90  27  36  -3.125 270.0  30.0
11.100  615.0  90  27  36  -3.125 270.0  30.0
11.100  620.0  90  27  36  -3.125 270.0  30.0
11.100  625.0  90  27  36  -9.375 150.0  30.0
11.100  627.5  90  27  36   3.125 150.0  30.0
11.100  630.0  90  27  36  -3.125  90.0  30.0
11.100  635.0  90  27  36  -3.125 270.0  30.0
11.100  640.0  90  27  36   9.375 150.0  30.0
11.100  645.0  90  27  36   3.125  30.0  30.0
11.100  650.0  90  27  36   9.375  30.0  30.0
11.100  655.0  90  27  36  -3.125  30.0  30.0
11.100  657.5  90  27  36  -9.375  90.0  30.0
11.100  660.0  90  27  36  -9.375  30.0  30.0
11.100  665.0  90  27  36  -9.375  90.0  30.0
11.100  670.0  90  27  36  -9.375  30.0  30.0
11.100  697.5  90  27  36   3.125   0.0   0.0
11.100  702.5  90  27  36  -3.125  90.0  30.0
11.100  707.5  90  27  36   3.125   0.0   0.0
11.100  710.0  90  27  36  -3.125   0.0   0.0
11.100  715.0  90  27  36   3.125   0.0   0.0
11.100  717.5  90  27  36   3.125  90.0  30.0
11.100  722.5  90  27  36   3.125   0.0   0.0
11.100  727.5  90  27  36   3.125  90.0  30.0
11.100  730.0  90  27  36  -3.125   0.0   0.0
11.100  732.5  90  27  36   3.125   0.0   0.0
11.100  735.0  90  27  36   3.125  90.0  30.0
11.100  737.5  90  27  36  -3.125  90.0  30.0
11.100  745.0  90  27  36  -3.125   0.0   0.0
11.100  755.0  90  27  36  -3.125   0.0   0.0
11.100   92.5 -90  27  36  -3.125  90.0  30.0
11.100   95.0 -90  27  36  -3.125  90.0  30.0
11.100   97.5 -90  27  39   3.125  30.0  30.0
11.100  100.0 -90  27  36   9.375 330.0  30.0
11.100  102.5 -90  27  36  -3.125 270.0  30.0
11.100  107.5 -90  27  36   3.125  90.0  30.0
11.100  115.0 -90  27  36  -3.125  90.0  30.0
11.100  117.5 -90  27  36  -3.125  90.0  30.0
11.100  120.0 -90  27  36   3.125  90.0  30.0
11.100  122.5 -90  27  36   3.125   0.0   0.0
11.100  125.0 -90  27  36  -9.375  30.0  30.0
11.100  127.5 -90  27  36  -3.125 150.0  30.0
11.100  130.0 -90  27  36   9.375  30.0  30.0
11.100  132.5 -90  27  36  -9.375  90.0  30.0
11.100  135.0 -90  27  39  -3.125 270.0  30.0
11.100  142.5 -90  27  36   9.375  30.0  30.0
11.100  145.0 -90  27  36  -9.375 210.0  30.0
11.100  147.5 -90  27  36   9.375  90.0  30.0
11.100  152.5 -90  27  36  -9.375 210.0  30.0
11.100  157.5 -90  27  36   9.375  90.0  30.0
11.100  160.0 -90  27  36  -3.125 270.0  30.0
11.100  165.0 -90  27  36   9.375  90.0  30.0
11.100  167.5 -90  27  36   9.375  90.0  30.0
11.100  537.5 -90  27  36  -3.125   0.0   0.0
11.100  540.0 -90  27  48  -3.125  90.0  30.0
11.100  542.5 -90  27  51  -3.125  90.0  30.0
11.100  545.0 -90  27  48   3.125  90.0  30.0
11.100  547.5 -90  27  42  -3.125  90.0  30.0
11.100 1097.5 -90  27  36  -9.375 210.0  30.0
11.100 1127.5 -90  27  36  -3.125  30.0  30.0
11.100 1147.5 -90  27  36  -3.125  30.0  30.0
11.100 1157.5 -90  27  36  -3.125  90.0  30.0
11.100 1162.5 -90  27  36  -9.375  30.0  30.0
11.125  542.5 -90  30  42   3.125  90.0  30.0
11.125  545.0 -90  30  48  -3.125  90.0  30.0
11.125  547.5 -90  30  51   3.125   0.0   0.0
11.125  550.0 -90  30  45  -3.125  90.0  30.0
11.125 1087.5 -90  30  39   3.125  30.0  30.0
11.125 1095.0 -90  30  39  -3.125  90.0  30.0
11.125 1097.5 -90  30  39   9.375   0.0   0.0
11.125 1102.5 -90  30  39  -9.375  90.0  30.0
11.125 1107.5 -90  30  39   3.125 210.0  30.0
11.125 1112.5 -90  30  39  -9.375  30.0  30.0
11.125 1117.5 -90  30  39  -9.375  90.0  30.0
11.125 1122.5 -90  30  39  -3.125  90.0  30.0
11.125 1127.5 -90  30  39  -3.125  90.0  30.0
11.125 1135.0 -90  30  39  -3.125  30.0  30.0
11.125 1147.5 -90  30  39  -9.375  90.0  30.0
11.125 1152.5 -90  30  39  -3.125  90.0  30.0
11.125 1160.0 -90  30  39   9.375 210.0  30.0
11.150   80.0  90  27  36   3.125  30.0  30.0
11.150   85.0  90  27  36  -9.375  30.0  30.0
11.150   87.5  90  27  36   3.125 270.0  30.0
11.150   90.0  90  27  36  -9.375 270.0  30.0
11.150   92.5  90  27  36   3.125 270.0  30.0
11.150   95.0  90  27  36  -3.125  90.0  30.0
11.150  100.0  90  27  36   9.375  30.0  30.0
11.150  102.5  90  27  36   3.125  30.0  30.0
11.150  115.0  90  27  36  -9.375 270.0  30.0
11.150  117.5  90  27  36  -9.375 270.0  30.0
11.150  120.0  90  27  36   3.125 270.0  30.0
11.150  125.0  90  27  36  -3.125 270.0  30.0
11.150  130.0  90  27  36  -9.375 150.0  30.0
11.150  135.0  90  27  36  -9.375  90.0  30.0
11.150  140.0  90  27  36   3.125  90.0  30.0
11.150  145.0  90  27  36   3.125  30.0  30.0
11.150  150.0  90  27  36  -9.375  30.0  30.0
11.150  152.5  90  27  36  -9.375 150.0  30.0
11.150  155.0  90  27  36   9.375 270.0  30.0
11.150 1077.5  90  27  36   3.125  30.0  30.0
11.150 1087.5  90  27  36  -3.125 270.0  30.0
11.150 1092.5  90  27  36  -9.375 270.0  30.0
11.150 1097.5  90  27  36   3.125  90.0  30.0
11.150 1102.5  90  27  36   9.375  30.0  30.0
11.150 1107.5  90  27  36   3.125 150.0  30.0
11.150 1112.5  90  27  36  -3.125   0.0   0.0
11.150 1117.5  90  27  36   3.125  30.0  30.0
11.150 1122.5  90  27  36   9.375  30.0  30.0
11.150 1127.5  90  27  36  -3.125  30.0  30.0
11.150 1137.5  90  27  36   3.125 270.0  30.0
11.150 1152.5  90  27  36   3.125 150.0  30.0
11.150  547.5 -90  30  42  -3.125  90.0  30.0
11.150  550.0 -90  30  48  -3.125  90.0  30.0
11.150  552.5 -90  30  48  -3.125   0.0   0.0
11.150  555.0 -90  30  42   3.125  90.0  30.0
11.150 1085.0 -90  30  39   9.375 270.0  30.0
11.175   82.5  90  27  36   9.375 150.0  30.0
11.175   87.5  90  27  36  -9.375 270.0  30.0
11.175   92.5  90  27  36   3.125  90.0  30.0
11.175   97.5  90  27  36  -3.125   0.0   0.0
11.175  102.5  90  27  36  -9.375  30.0  30.0
11.175  107.5  90  27  36  -3.125   0.0   0.0
11.175  132.5  90  27  36  -3.125  90.0  30.0
11.175  137.5  90  27  36  -9.375 270.0  30.0
11.175  142.5  90  27  36  -9.375 270.0  30.0
11.175 1067.5  90  27  36  -3.125  30.0  30.0
11.175 1072.5  90  27  36  -3.125 270.0  30.0
11.175 1077.5  90  27  36   3.125  30.0  30.0
11.175 1082.5  90  27  39  -9.375 270.0  30.0
11.175 1087.5  90  27  36   3.125  90.0  30.0
11.175 1090.0  90  27  36  -9.375 210.0  30.0
11.175 1092.5  90  27  36  -9.375  90.0  30.0
11.175 1095.0  90  27  36   3.125  90.0  30.0
11.175 1097.5  90  27  36  -3.125  30.0  30.0
11.175 1102.5  90  27  36  -9.375 150.0  30.0
11.175 1105.0  90  27  36  -9.375  30.0  30.0
11.175 1107.5  90  27  36  -9.375 150.0  30.0
11.175 1112.5  90  27  36  -3.125 270.0  30.0
11.175 1117.5  90  27  39  -9.375  90.0  30.0
11.175 1122.5  90  27  36  -9.375   0.0   0.0
11.175 1127.5  90  27  36  -3.125  90.0  30.0
11.175 1130.0  90  27  36   9.375 270.0  30.0
11.175 1132.5  90  27  36   3.125  90.0  30.0
11.175 1137.5  90  27  39   9.375  90.0  30.0
11.175 1142.5  90  27  39   3.125 270.0  30.0
11.175  315.0 -90  27  36  -9.375   0.0   0.0
11.175  550.0 -90  27  36  -3.125  90.0  30.0
11.175  552.5 -90  27  45   3.125   0.0   0.0
11.175  555.0 -90  27  48   3.125   0.0   0.0
11.175  557.5 -90  27  48   3.125   0.0   0.0
11.175  560.0 -90  27  42   3.125   0.0   0.0
11.175  567.5 -90  27  36  -9.375 270.0  30.0
11.175  580.0 -90  27  36  -3.125  90.0  30.0
11.175  587.5 -90  27  36   9.375  30.0  30.0
11.175  600.0 -90  27  36  -3.125  90.0  30.0
11.175  602.5 -90  27  36  -9.375 210.0  30.0
11.175  605.0 -90  27  36   3.125  90.0  30.0
11.175  615.0 -90  27  36   3.125 270.0  30.0
11.175  620.0 -90  27  36   3.125 270.0  30.0
11.175  622.5 -90  27  36  -3.125   0.0   0.0
11.200   85.0 -90  30  39   9.375  90.0  30.0
11.200  105.0 -90  30  39   3.125  90.0  30.0
11.200  120.0 -90  30  39   9.375  90.0  30.0
11.200  125.0 -90  30  39  -9.375   0.0   0.0
11.200  130.0 -90  30  39  -9.375 330.0  30.0
11.200  557.5 -90  30  45   3.125   0.0   0.0
11.200  560.0 -90  30  51  -3.125   0.0   0.0
11.200  562.5 -90  30  48  -3.125   0.0   0.0
11.200  565.0 -90  30  42  -3.125   0.0   0.0
11.225  612.5  90  30  39   9.375 150.0  30.0
11.225  617.5  90  30  39   9.375 150.0  30.0
11.225  622.5  90  30  39  -9.375 270.0  30.0
11.225   87.5 -90  30  39  -9.375 210.0  30.0
11.225  560.0 -90  30  39  -3.125   0.0   0.0
11.225  562.5 -90  30  45  -3.125   0.0   0.0
11.225  565.0 -90  30  48  -3.125  90.0  30.0
11.225  567.5 -90  30  48  -3.125   0.0   0.0
11.225  570.0 -90  30  42  -3.125   0.0   0.0
11.225 1060.0 -90  30  39  -3.125 330.0  30.0
11.225 1080.0 -90  30  39  -3.125   0.0   0.0
11.225 1085.0 -90  30  39   3.125 330.0  30.0
11.225 1125.0 -90  30  39  -3.125   0.0   0.0
11.250   87.5  90  30  39  -9.375  90.0  30.0
11.250   92.5  90  30  39  -3.125  90.0  30.0
11.250   80.0 -90  30  39   9.375 330.0  30.0
11.250   85.0 -90  30  39  -9.375  90.0  30.0
11.250   90.0 -90  30  39   3.125   0.0   0.0
11.250   95.0 -90  30  39  -9.375   0.0   0.0
11.250  105.0 -90  30  39  -9.375 330.0  30.0
11.250  115.0 -90  30  39   3.125  30.0  30.0
11.250  565.0 -90  30  39   3.125   0.0   0.0
11.250  567.5 -90  30  48  -3.125   0.0   0.0
11.250  570.0 -90  30  48  -3.125   0.0   0.0
11.250  572.5 -90  30  48   3.125   0.0   0.0
11.250  575.0 -90  30  45  -3.125   0.0   0.0
11.250 1042.5 -90  30  39   3.125  30.0  30.0
11.250 1047.5 -90  30  39  -9.375 270.0  30.0
11.250 1052.5 -90  30  39  -9.375  90.0  30.0
11.250 1062.5 -90  30  39   3.125  90.0  30.0
11.250 1067.5 -90  30  39   3.125 330.0  30.0
11.250 1072.5 -90  30  39  -9.375  30.0  30.0
11.250 1077.5 -90  30  39  -9.375  90.0  30.0
11.250 1082.5 -90  30  39   3.125  90.0  30.0
11.250 1097.5 -90  30  39  -9.375  90.0  30.0
11.250 1107.5 -90  30  39   3.125  90.0  30.0
11.250 1112.5 -90  30  39  -9.375  90.0  30.0
11.275 1032.5  90  33  42  -3.125  90.0  30.0
11.275 1037.5  90  33  42   3.125  90.0  30.0
11.275  570.0 -90  30  39  -3.125 270.0  30.0
11.275  572.5 -90  30  45  -3.125  90.0  30.0
11.275  575.0 -90  30  48   3.125   0.0   0.0
11.275  577.5 -90  30  48   3.125  90.0  30.0
11.275  580.0 -90  30  45  -3.125   0.0   0.0
11.275  582.5 -90  30  39  -3.125   0.0   0.0
11.275 1035.0 -90  30  39   9.375  90.0  30.0
11.275 1065.0 -90  30  39  -9.375  90.0  30.0
11.275 1080.0 -90  30  39  -9.375  90.0  30.0
11.275 1085.0 -90  30  39  -9.375   0.0   0.0
11.275 1100.0 -90  30  39  -9.375  90.0  30.0
11.300  552.5 -90  33  42  -3.125  90.0  30.0
11.300  557.5 -90  33  42  -9.375 270.0  30.0
11.300  572.5 -90  33  42  -3.125  90.0  30.0
11.300  577.5 -90  33  42  -3.125  90.0  30.0
11.300  580.0 -90  33  48   3.125  90.0  30.0
11.300  582.5 -90  33  48  -3.125   0.0   0.0
11.300  585.0 -90  33  48  -3.125   0.0   0.0
11.300  587.5 -90  33  45   3.125  90.0  30.0
11.300  590.0 -90  33  42  -3.125   0.0   0.0
11.300  597.5 -90  33  42   3.125  90.0  30.0
11.325  585.0 -90  42  51   3.125 330.0  30.0
11.325  587.5 -90  42  57  -3.125   0.0   0.0
11.325  590.0 -90  42  57  -3.125   0.0   0.0
11.325  592.5 -90  42  57  -3.125   0.0   0.0
11.325  595.0 -90  42  57  -3.125   0.0   0.0
11.325  597.5 -90  42  54  -3.125   0.0   0.0
11.325  600.0 -90  42  51  -3.125   0.0   0.0
11.350  592.5 -90  42  51  -3.125  90.0  30.0
11.350  595.0 -90  42  54   3.125   0.0   0.0
11.350  597.5 -90  42  57  -3.125   0.0   0.0
11.350  600.0 -90  42  57   3.125  90.0  30.0
11.350  602.5 -90  42  57   3.125   0.0   0.0
11.350  605.0 -90  42  54   3.125 330.0  30.0
11.375  600.0 -90  30  39   3.125   0.0   0.0
11.375  602.5 -90  30  42  -3.125   0.0   0.0
11.375  605.0 -90  30  45   3.125   0.0   0.0
11.375  607.5 -90  30  45   3.125   0.0   0.0
11.375  610.0 -90  30  45   3.125   0.0   0.0
11.375  612.5 -90  30  45  -3.125   0.0   0.0
11.375  615.0 -90  30  42  -3.125  90.0  30.0
11.375  617.5 -90  30  39   3.125   0.0   0.0
11.375 1000.0 -90  30  39  -9.375 330.0  30.0
11.375 1010.0 -90  30  39   9.375 330.0  30.0
11.375 1040.0 -90  30  39  -9.375  90.0  30.0
11.375 1045.0 -90  30  39  -9.375 330.0  30.0
11.400 1052.5  90  27  36   9.375 150.0  30.0
11.400  612.5 -90  27  39  -3.125   0.0   0.0
11.400  615.0 -90  27  42   3.125   0.0   0.0
11.400  617.5 -90  27  45  -3.125   0.0   0.0
11.400  620.0 -90  27  45  -3.125   0.0   0.0
11.400  622.5 -90  27  45  -3.125   0.0   0.0
11.400  625.0 -90  27  39  -3.125   0.0   0.0
11.400  627.5 -90  27  39  -3.125   0.0   0.0
11.400  630.0 -90  27  36  -3.125   0.0   0.0
11.400 1037.5 -90  27  36   3.125 210.0  30.0
11.400 1040.0 -90  27  36   9.375   0.0   0.0
11.400 1045.0 -90  27  36  -3.125 330.0  30.0
11.425  967.5  90  39  51   3.125 270.0  30.0
11.425  972.5  90  39  48  -9.375  30.0  30.0
11.425  977.5  90  39  51  -9.375 270.0  30.0
11.425  982.5  90  39  51  -9.375  30.0  30.0
11.425  987.5  90  39  51   3.125  90.0  30.0
11.425  992.5  90  39  51   3.125  90.0  30.0
11.425  997.5  90  39  51  -9.375  90.0  30.0
11.425 1002.5  90  39  51  -9.375  90.0  30.0
11.425 1007.5  90  39  48   3.125  90.0  30.0
11.425 1012.5  90  39  51  -9.375  90.0  30.0
11.425 1017.5  90  39  51  -9.375  90.0  30.0
11.425 1022.5  90  39  51  -9.375  90.0  30.0
11.425 1027.5  90  39  48   3.125  90.0  30.0
11.425 1032.5  90  39  48   3.125 270.0  30.0
11.425 1037.5  90  39  48  -3.125  30.0  30.0
11.425  465.0 -90  39  51   9.375 330.0  30.0
11.425  470.0 -90  39  48  -3.125 330.0  30.0
11.425  475.0 -90  39  48  -9.375   0.0   0.0
11.425  480.0 -90  39  48  -9.375 330.0  30.0
11.425  485.0 -90  39  48  -9.375   0.0   0.0
11.425  490.0 -90  39  51   9.375  90.0  30.0
11.425  495.0 -90  39  48  -3.125 330.0  30.0
11.425  500.0 -90  39  51  -9.375 330.0  30.0
11.425  505.0 -90  39  51   9.375  90.0  30.0
11.425  510.0 -90  39  48  -9.375 330.0  30.0
11.425  515.0 -90  39  51  -9.375   0.0   0.0
11.425  520.0 -90  39  51  -3.125   0.0   0.0
11.425  525.0 -90  39  48   9.375 270.0  30.0
11.425  530.0 -90  39  51   9.375   0.0   0.0
11.425  535.0 -90  39  48  -9.375 330.0  30.0
11.425  620.0 -90  39  48  -3.125   0.0   0.0
11.425  622.5 -90  39  51  -3.125   0.0   0.0
11.425  625.0 -90  39  51   3.125   0.0   0.0
11.425  627.5 -90  39  54   3.125   0.0   0.0
11.425  630.0 -90  39  54   3.125   0.0   0.0
11.425  632.5 -90  39  54  -3.125   0.0   0.0
11.425  635.0 -90  39  54   3.125   0.0   0.0
11.425  637.5 -90  39  54  -3.125   0.0   0.0
11.425  640.0 -90  39  51   3.125   0.0   0.0
11.425  642.5 -90  39  51   3.125   0.0   0.0
11.425  647.5 -90  39  48   3.125   0.0   0.0
11.450  635.0 -90  42  51   3.125   0.0   0.0
11.450  640.0 -90  42  51  -3.125   0.0   0.0
11.450  642.5 -90  42  54  -3.125   0.0   0.0
11.450  645.0 -90  42  54  -3.125   0.0   0.0
11.450  647.5 -90  42  54  -3.125   0.0   0.0
11.450  650.0 -90  42  54  -3.125   0.0   0.0
11.450  652.5 -90  42  51  -3.125   0.0   0.0
11.450  655.0 -90  42  51  -3.125   0.0   0.0
11.475  452.5  90  42  51  -3.125   0.0   0.0
11.475  457.5  90  42  51  -3.125 270.0  30.0
11.475  462.5  90  42  51   9.375  90.0  30.0
11.475  467.5  90  42  51   9.375  90.0  30.0
11.475  472.5  90  42  51  -3.125 150.0  30.0
11.475  477.5  90  42  51  -3.125  30.0  30.0
11.475  482.5  90  42  51   9.375  90.0  30.0
11.475  497.5  90  42  51  -3.125 270.0  30.0
11.475  507.5  90  42  51   9.375  90.0  30.0
11.475  652.5 -90  42  51   3.125   0.0   0.0
11.475  660.0 -90  42  51   3.125   0.0   0.0
11.475  662.5 -90  42  51  -3.125   0.0   0.0
11.475  665.0 -90  42  51   3.125   0.0   0.0
11.475  667.5 -90  42  54   3.125   0.0   0.0
11.475  670.0 -90  42  51  -3.125   0.0   0.0
11.500  692.5 -90  42  51   3.125   0.0   0.0
11.500  695.0 -90  42  51   3.125 330.0  30.0
11.500  992.5 -90  42  51   9.375 330.0  30.0
11.500 1002.5 -90  42  51   3.125   0.0   0.0
11.525  720.0 -90  30  39  -3.125   0.0   0.0
11.525  912.5 -90  30  39  -9.375 270.0  30.0
11.525  922.5 -90  30  39   9.375  90.0  30.0
11.525  937.5 -90  30  39   9.375 270.0  30.0
11.525  947.5 -90  30  39  -9.375 330.0  30.0
11.525  952.5 -90  30  39   3.125 270.0  30.0
11.525  967.5 -90  30  39  -3.125  90.0  30.0
11.525  972.5 -90  30  39  -3.125  30.0  30.0
11.525  987.5 -90  30  39  -9.375 270.0  30.0
11.550  930.0  90  30  39   9.375 210.0  30.0
11.550  945.0  90  30  39   9.375 210.0  30.0
11.550  950.0  90  30  39  -3.125 210.0  30.0
11.550  955.0  90  30  39  -3.125 210.0  30.0
11.550  965.0  90  30  39  -9.375 210.0  30.0
11.550  970.0  90  30  39   9.375 270.0  30.0
11.550  437.5 -90  30  39   3.125   0.0   0.0
11.550  467.5 -90  30  39  -3.125 150.0  30.0
11.625  915.0 -90  42  51  -9.375   0.0   0.0
11.675  870.0  90  30  39   9.375   0.0   0.0
11.725 1197.5 -90  42  51   9.375   0.0   0.0
11.750  310.0  90  42  51   3.125   0.0   0.0
11.750  497.5  90  42  51   3.125   0.0   0.0
11.750  145.0 -90  42  51   3.125   0.0   0.0
11.825  592.5  90  30  39   9.375   0.0   0.0
11.850  240.0  90  30  39   9.375   0.0   0.0
11.850  847.5  90  30  39   3.125   0.0   0.0
11.850  567.5 -90  30  39   3.125   0.0   0.0
11.850  892.5 -90  30  39   3.125   0.0   0.0
11.875  432.5 -90  42  51   9.375   0.0   0.0
11.900  337.5 -90  42  51   9.375   0.0   0.0
11.900  952.5 -90  42  51  -9.375   0.0   0.0
11.925  247.5  90  42  51  -9.375   0.0   0.0
11.925  385.0 -90  42  51   9.375   0.0   0.0
11.950 1172.5  90  42  51  -3.125   0.0   0.0
11.950 1240.0  90  42  51  -3.125   0.0   0.0
11.950 1267.5 -90  42  51   3.125   0.0   0.0
11.975  445.0 -90  30  39  -3.125   0.0   0.0
11.975 1000.0 -90  30  39   3.125   0.0   0.0
11.975 1002.5 -90  30  39   3.125   0.0   0.0
12.000  822.5 -90  30  39  -3.125   0.0   0.0
12.000  962.5 -90  30  39   3.125   0.0   0.0
12.000 1122.5 -90  30  39   9.375   0.0   0.0
12.025  470.0  90  54  63  -3.125   0.0   0.0
12.050  607.5  90  54  63   9.375   0.0   0.0
12.050  877.5  90  54  63   9.375   0.0   0.0
12.050  545.0 -90  54  63  -9.375   0.0   0.0
12.050  547.5 -90  54  63   3.125   0.0   0.0
12.050  850.0 -90  54  63  -9.375   0.0   0.0
12.050 1092.5 -90  54  63   3.125   0.0   0.0
12.075 1192.5 -90  30  39   3.125   0.0   0.0
12.100  627.5  90  30  39  -3.125   0.0   0.0
12.100  812.5 -90  30  39   9.375   0.0   0.0
12.125  257.5  90  42  51  -3.125   0.0   0.0
12.125  425.0  90  42  51  -9.375   0.0   0.0
12.125  482.5  90  42  51   9.375   0.0   0.0
12.125  790.0  90  42  51   3.125   0.0   0.0
12.225  927.5  90  33  42   9.375   0.0   0.0
12.250  450.0  90  33  42   9.375   0.0   0.0
12.250 1210.0  90  33  42   9.375   0.0   0.0
12.250  452.5 -90  33  42  -9.375   0.0   0.0
12.300  467.5 -90  60  69  -9.375   0.0   0.0
12.325  240.0  90  33  42   3.125   0.0   0.0
12.325  835.0  90  33  42   3.125   0.0   0.0
12.350   90.0  90  33  42   3.125   0.0   0.0
12.350  190.0  90  33  42  -3.125   0.0   0.0
12.350  240.0  90  33  42   9.375   0.0   0.0
12.375  907.5 -90  57  66   3.125   0.0   0.0
12.375 1127.5 -90  57  66   3.125   0.0   0.0
12.375 1130.0 -90  57  66   9.375   0.0   0.0
12.375 1220.0 -90  57  66  -9.375   0.0   0.0
12.400  917.5  90  60  69  -3.125   0.0   0.0
12.400  995.0  90  60  69   3.125   0.0   0.0
12.400 1172.5  90  60  69   3.125   0.0   0.0
12.400  945.0 -90  60  69   9.375   0.0   0.0
12.400 1035.0 -90  60  69  -3.125   0.0   0.0
12.400 1070.0 -90  60  69  -3.125   0.0   0.0
12.400 1185.0 -90  60  69  -3.125   0.0   0.0
12.450   97.5  90  45  54   3.125   0.0   0.0
12.450  110.0  90  45  57  -3.125   0.0   0.0
12.450  112.5  90  45  54   9.375   0.0   0.0
12.450  122.5  90  45  54  -3.125   0.0   0.0
12.450  137.5  90  45  54  -3.125   0.0   0.0
12.450  142.5  90  45  54   9.375   0.0   0.0
12.450  152.5  90  45  54  -3.125   0.0   0.0
12.450  160.0  90  45  54   3.125   0.0   0.0
12.450  170.0  90  45  54   3.125   0.0   0.0
12.450  177.5  90  45  54   9.375   0.0   0.0
12.450  182.5  90  45  54   9.375   0.0   0.0
12.450  195.0  90  45  54  -9.375   0.0   0.0
12.450  222.5  90  45  54  -9.375   0.0   0.0
12.450  230.0  90  45  54  -9.375   0.0   0.0
12.450  245.0  90  45  54  -9.375   0.0   0.0
12.450  257.5  90  45  54   9.375   0.0   0.0
12.450  267.5  90  45  54   9.375   0.0   0.0
12.450  275.0  90  45  54  -3.125   0.0   0.0
12.450  295.0  90  45  54   3.125   0.0   0.0
12.450  322.5  90  45  54   9.375   0.0   0.0
12.450  332.5  90  45  54  -9.375   0.0   0.0
12.475  240.0  90  36  45   3.125   0.0   0.0
12.475  242.5  90  36  45  -9.375   0.0   0.0
12.475  265.0  90  36  45  -9.375   0.0   0.0
12.475  297.5  90  36  45   3.125   0.0   0.0
12.475  320.0  90  36  45   3.125   0.0   0.0
12.475  257.5 -90  36  45   9.375   0.0   0.0
12.475  270.0 -90  36  45   3.125   0.0   0.0
12.475 1035.0 -90  36  45   9.375   0.0   0.0
12.500  960.0 -90  36  45  -9.375   0.0   0.0
12.500 1250.0 -90  36  45  -9.375   0.0   0.0
12.575  135.0  90  36  45   9.375   0.0   0.0
12.575  142.5  90  36  45   3.125   0.0   0.0
12.575  150.0  90  36  45   3.125   0.0   0.0
12.575  167.5  90  36  45   3.125   0.0   0.0
12.575  182.5  90  36  45   9.375   0.0   0.0
12.575  237.5  90  36  45  -9.375   0.0   0.0
12.575  247.5  90  36  45   9.375   0.0   0.0
12.575  262.5  90  36  45   9.375   0.0   0.0
12.575  267.5  90  36  45   3.125   0.0   0.0
12.575  287.5  90  36  45   9.375   0.0   0.0
12.575  350.0  90  36  45  -9.375   0.0   0.0
12.575  655.0  90  36  45   9.375   0.0   0.0
12.575  695.0  90  36  45   3.125   0.0   0.0
12.575  712.5  90  36  45  -3.125   0.0   0.0
12.575 1085.0  90  36  45   3.125   0.0   0.0
12.575   85.0 -90  36  45  -3.125   0.0   0.0
12.575  102.5 -90  36  45   3.125   0.0   0.0
12.575  130.0 -90  36  48   3.125   0.0   0.0
12.575  190.0 -90  36  45  -3.125   0.0   0.0
12.575  207.5 -90  36  45   9.375   0.0   0.0
12.575  265.0 -90  36  45  -3.125   0.0   0.0
12.575  312.5 -90  36  45   9.375   0.0   0.0
12.575  340.0 -90  36  45  -3.125   0.0   0.0
12.575  352.5 -90  36  45  -9.375   0.0   0.0
12.575  360.0 -90  36  45  -3.125   0.0   0.0
12.575  560.0 -90  36  45   3.125   0.0   0.0
12.575  682.5 -90  36  45  -9.375   0.0   0.0
12.575  690.0 -90  36  45  -3.125   0.0   0.0
12.575  697.5 -90  36  45  -9.375   0.0   0.0
12.575  700.0 -90  36  45   9.375   0.0   0.0
12.575  797.5 -90  36  45  -9.375   0.0   0.0
12.600  132.5 -90  36  45  -9.375   0.0   0.0
12.600  137.5 -90  36  45  -3.125   0.0   0.0
12.600  142.5 -90  36  45   9.375   0.0   0.0
12.600  150.0 -90  36  45  -3.125   0.0   0.0
12.600  175.0 -90  36  45  -9.375   0.0   0.0
12.600  180.0 -90  36  45   9.375   0.0   0.0
12.600  182.5 -90  36  45   9.375   0.0   0.0
12.600  190.0 -90  36  48   3.125   0.0   0.0
12.600  200.0 -90  36  45  -3.125   0.0   0.0
12.600  212.5 -90  36  48   3.125   0.0   0.0
12.600  235.0 -90  36  45   9.375   0.0   0.0
12.600  237.5 -90  36  45   9.375   0.0   0.0
12.600  245.0 -90  36  45   3.125   0.0   0.0
12.600  270.0 -90  36  45  -3.125   0.0   0.0
12.600  282.5 -90  36  45  -3.125   0.0   0.0
12.600  595.0 -90  36  45  -9.375   0.0   0.0
12.650  695.0  90  60  69   3.125   0.0   0.0
12.725   82.5  90  48  57  -3.125   0.0   0.0
12.725  112.5  90  48  57  -9.375   0.0   0.0
12.725  125.0  90  48  57   9.375   0.0   0.0
12.725  147.5  90  48  57   3.125   0.0   0.0
12.725  150.0  90  48  57   3.125   0.0   0.0
12.725  155.0  90  48  57  -9.375   0.0   0.0
12.725  170.0  90  48  57  -3.125   0.0   0.0
12.725  182.5  90  48  57   3.125   0.0   0.0
12.725  237.5  90  48  57  -9.375   0.0   0.0
12.725  240.0  90  48  57  -3.125   0.0   0.0
12.725  242.5  90  48  57   9.375   0.0   0.0
12.725  250.0  90  48  57   3.125   0.0   0.0
12.725  277.5  90  48  57  -9.375   0.0   0.0
12.725  112.5 -90  48  57   3.125   0.0   0.0
12.725  127.5 -90  48  57   9.375   0.0   0.0
12.725  155.0 -90  48  57  -9.375   0.0   0.0
12.725  167.5 -90  48  57   9.375   0.0   0.0
12.725  172.5 -90  48  57  -9.375   0.0   0.0
12.725  180.0 -90  48  57   9.375   0.0   0.0
12.725  185.0 -90  48  57  -9.375   0.0   0.0
12.725  187.5 -90  48  57  -9.375   0.0   0.0
12.725  200.0 -90  48  57   3.125   0.0   0.0
12.725  202.5 -90  48  57   9.375   0.0   0.0
12.725  205.0 -90  48  60   9.375   0.0   0.0
12.725  207.5 -90  48  57   9.375   0.0   0.0
12.725  210.0 -90  48  57  -3.125   0.0   0.0
12.725  222.5 -90  48  57   9.375   0.0   0.0
12.725  227.5 -90  48  57  -3.125   0.0   0.0
12.725  230.0 -90  48  57  -3.125   0.0   0.0
12.725 1037.5 -90  48  57  -9.375   0.0   0.0
12.750  215.0  90  48  57  -9.375   0.0   0.0
12.750  317.5  90  48  57  -9.375   0.0   0.0
12.750  952.5  90  48  57   9.375   0.0   0.0
12.750 1042.5  90  48  57  -9.375   0.0   0.0
12.750 1082.5  90  48  57   9.375   0.0   0.0
12.750 1087.5  90  48  57   9.375   0.0   0.0
12.825  107.5  90  60  69   3.125   0.0   0.0
12.825  142.5  90  60  69   9.375   0.0   0.0
12.825  257.5  90  60  69   9.375   0.0   0.0
12.825  947.5  90  60  69  -3.125   0.0   0.0
12.825  155.0 -90  60  69   9.375   0.0   0.0
12.825  245.0 -90  60  69   9.375   0.0   0.0
12.850  125.0  90  60  69  -9.375   0.0   0.0
12.850  155.0  90  60  69   9.375   0.0   0.0
12.850  157.5  90  60  69   9.375   0.0   0.0
12.850  167.5  90  60  69  -9.375   0.0   0.0
12.850  200.0  90  60  69  -3.125   0.0   0.0
12.850  212.5  90  60  69   9.375   0.0   0.0
12.850  217.5  90  60  69   9.375   0.0   0.0
12.850  227.5  90  60  69  -3.125   0.0   0.0
12.850  275.0  90  60  69  -3.125   0.0   0.0
12.850  280.0  90  60  69  -3.125   0.0   0.0
12.850  140.0 -90  60  69  -9.375   0.0   0.0
12.850  180.0 -90  60  69  -3.125   0.0   0.0
12.850  227.5 -90  60  69   3.125   0.0   0.0
12.850  230.0 -90  60  69   3.125   0.0   0.0
12.875  220.0  90  60  69  -3.125   0.0   0.0
12.875  235.0  90  60  69  -3.125   0.0   0.0
12.875  282.5  90  60  69   9.375   0.0   0.0
12.875  355.0  90  60  69  -3.125   0.0   0.0
12.900  260.0  90  60  69  -3.125   0.0   0.0
12.900  707.5  90  60  69  -3.125   0.0   0.0
12.925  107.5 -90  48  57   9.375   0.0   0.0
12.950  135.0  90  48  57   3.125   0.0   0.0
12.950  295.0  90  48  57   9.375   0.0   0.0
12.950  417.5  90  48  57   9.375   0.0   0.0
12.950  700.0  90  48  57  -3.125   0.0   0.0
12.975  230.0  90  60  69  -9.375   0.0   0.0
12.975  950.0  90  60  69   3.125   0.0   0.0
12.975  262.5 -90  60  69  -9.375   0.0   0.0
12.975  285.0 -90  60  69  -3.125   0.0   0.0
12.975 1035.0 -90  60  69   9.375   0.0   0.0
13.000  105.0 -90  60  69  -9.375   0.0   0.0
13.000  125.0 -90  60  69  -3.125   0.0   0.0
13.000  165.0 -90  60  69   9.375   0.0   0.0
13.000  870.0 -90  60  69  -3.125   0.0   0.0
13.000  872.5 -90  60  69   3.125   0.0   0.0
13.000 1067.5 -90  60  69   9.375   0.0   0.0
13.000 1092.5 -90  60  69  -3.125   0.0   0.0
13.025   82.5  90  60  69  -9.375   0.0   0.0
13.025   90.0  90  60  69  -3.125   0.0   0.0
13.025  102.5  90  60  69  -3.125   0.0   0.0
13.025  197.5  90  60  69  -3.125   0.0   0.0
13.025  245.0  90  60  69  -9.375   0.0   0.0
13.025  615.0  90  60  69  -9.375   0.0   0.0
13.025  895.0  90  60  69   3.125   0.0   0.0
13.025  167.5 -90  60  69  -3.125   0.0   0.0
13.025  210.0 -90  60  69   3.125   0.0   0.0
13.025  265.0 -90  60  69   9.375   0.0   0.0
13.025  280.0 -90  60  69  -3.125   0.0   0.0
13.025  317.5 -90  60  69   3.125   0.0   0.0
13.025  560.0 -90  60  69   9.375   0.0   0.0
13.025  750.0 -90  60  69  -3.125   0.0   0.0
13.025  752.5 -90  60  69  -3.125   0.0   0.0
13.025  825.0 -90  60  69   9.375   0.0   0.0
13.025  885.0 -90  60  69   3.125   0.0   0.0
13.050  200.0  90  60  69   3.125   0.0   0.0
13.050  287.5  90  60  69   9.375   0.0   0.0
13.050  795.0  90  60  69  -3.125   0.0   0.0
13.050  402.5 -90  60  69   9.375   0.0   0.0
13.100  295.0  90  48  57   9.375   0.0   0.0
13.100  642.5  90  48  57   3.125   0.0   0.0
13.100 1085.0  90  48  60  -9.375   0.0   0.0
13.100 1087.5  90  48  57  -3.125   0.0   0.0
13.100 1107.5  90  48  57  -9.375   0.0   0.0
13.100 1132.5  90  48  57   3.125   0.0   0.0
13.100 1155.0  90  48  57   3.125   0.0   0.0
13.100 1200.0  90  48  57  -3.125   0.0   0.0
13.100  217.5 -90  48  57   9.375   0.0   0.0
13.100  225.0 -90  48  57  -9.375   0.0   0.0
13.125  140.0 -90  60  69  -3.125   0.0   0.0
13.125  225.0 -90  60  69   9.375   0.0   0.0
13.125  845.0 -90  60  69   3.125   0.0   0.0
13.125  925.0 -90  60  69  -9.375   0.0   0.0
13.125 1115.0 -90  60  72  -3.125   0.0   0.0
13.125 1137.5 -90  60  69   9.375   0.0   0.0
13.125 1212.5 -90  60  69  -3.125   0.0   0.0
13.150  355.0 -90  60  69   3.125   0.0   0.0
13.150  785.0 -90  60  69   9.375   0.0   0.0
13.150 1005.0 -90  60  69  -3.125   0.0   0.0
13.150 1007.5 -90  60  69  -3.125   0.0   0.0
13.150 1052.5 -90  60  69  -3.125   0.0   0.0
13.150 1200.0 -90  60  69   9.375   0.0   0.0
13.175   82.5 -90  60  69   3.125   0.0   0.0
13.200  162.5  90  60  69  -3.125   0.0   0.0
13.200  380.0  90  60  69  -9.375   0.0   0.0
13.200  782.5  90  60  69   3.125   0.0   0.0
13.200 1240.0  90  60  69  -9.375   0.0   0.0
13.200   97.5 -90  60  69  -9.375   0.0   0.0
13.200  127.5 -90  60  69  -9.375   0.0   0.0
13.200  145.0 -90  60  69   3.125   0.0   0.0
13.200  165.0 -90  60  69   3.125   0.0   0.0
13.200  167.5 -90  60  69   9.375   0.0   0.0
13.200  290.0 -90  60  69  -9.375   0.0   0.0
13.200  337.5 -90  60  69  -9.375   0.0   0.0
13.200  732.5 -90  60  69  -3.125   0.0   0.0
13.200 1062.5 -90  60  69  -3.125   0.0   0.0
13.225   95.0 -90  48  57  -9.375   0.0   0.0
13.225  100.0 -90  48  57  -9.375   0.0   0.0
13.225  165.0 -90  48  57   9.375   0.0   0.0
13.225  170.0 -90  48  57   3.125   0.0   0.0
13.225  182.5 -90  48  57  -3.125   0.0   0.0
13.225  657.5 -90  48  57  -3.125   0.0   0.0
13.275   87.5  90  57  66  -3.125   0.0   0.0
13.275  127.5  90  57  66  -9.375   0.0   0.0
13.275  130.0  90  57  66   9.375   0.0   0.0
13.275  160.0  90  57  66  -3.125   0.0   0.0
13.275  185.0  90  57  66   3.125   0.0   0.0
13.275  235.0  90  57  66  -3.125   0.0   0.0
13.275  237.5  90  57  66   3.125   0.0   0.0
13.275  240.0  90  57  66  -3.125   0.0   0.0
13.275  245.0  90  57  66   9.375   0.0   0.0
13.275  247.5  90  57  66   9.375   0.0   0.0
13.275  287.5  90  57  66   9.375   0.0   0.0
13.275  340.0  90  57  66  -9.375   0.0   0.0
13.275  357.5  90  57  66   9.375   0.0   0.0
13.275  362.5  90  57  66   9.375   0.0   0.0
13.275  367.5  90  57  66   3.125   0.0   0.0
13.275  395.0  90  57  66  -9.375   0.0   0.0
13.275  435.0  90  57  66   3.125   0.0   0.0
13.275  445.0  90  57  66   3.125   0.0   0.0
13.275  447.5  90  57  66  -3.125   0.0   0.0
13.275  500.0  90  57  66  -3.125   0.0   0.0
13.275  592.5  90  57  66  -9.375   0.0   0.0
13.275  597.5  90  57  66  -9.375   0.0   0.0
13.275  600.0  90  57  66  -9.375   0.0   0.0
13.275  615.0  90  57  66  -9.375   0.0   0.0
13.275  625.0  90  57  69  -3.125   0.0   0.0
13.275  645.0  90  57  66   3.125   0.0   0.0
13.275  647.5  90  57  69   9.375   0.0   0.0
13.275  652.5  90  57  66   9.375   0.0   0.0
13.275  662.5  90  57  66   3.125   0.0   0.0
13.275  667.5  90  57  66   9.375   0.0   0.0
13.275  685.0  90  57  66   3.125   0.0   0.0
13.275  690.0  90  57  66  -9.375   0.0   0.0
13.275  705.0  90  57  66  -3.125   0.0   0.0
13.275  715.0  90  57  66  -3.125   0.0   0.0
13.275  717.5  90  57  66   3.125   0.0   0.0
13.275  735.0  90  57  66  -9.375   0.0   0.0
13.275  760.0  90  57  66   3.125   0.0   0.0
13.275  770.0  90  57  66   9.375   0.0   0.0
13.275  815.0  90  57  66  -9.375   0.0   0.0
13.275  822.5  90  57  66  -3.125   0.0   0.0
13.275  830.0  90  57  66   3.125   0.0   0.0
13.275  845.0  90  57  66  -3.125   0.0   0.0
13.275  850.0  90  57  66   9.375   0.0   0.0
13.275  855.0  90  57  66   3.125   0.0   0.0
13.275  857.5  90  57  66  -3.125   0.0   0.0
13.275  860.0  90  57  66   3.125   0.0   0.0
13.275  875.0  90  57  66   3.125   0.0   0.0
13.275  877.5  90  57  69   9.375   0.0   0.0
13.275  887.5  90  57  66  -3.125   0.0   0.0
13.275  912.5  90  57  66  -3.125   0.0   0.0
13.275 1025.0  90  57  66   3.125   0.0   0.0
13.275  235.0 -90  60  69   3.125   0.0   0.0
13.275  432.5 -90  60  69   9.375   0.0   0.0
13.275  737.5 -90  60  69  -3.125   0.0   0.0
13.275  857.5 -90  60  69   9.375   0.0   0.0
13.275  920.0 -90  60  69  -9.375   0.0   0.0
13.300  382.5  90  60  69  -9.375   0.0   0.0
13.300  482.5 -90  60  69   9.375   0.0   0.0
13.325  252.5  90  60  69  -3.125   0.0   0.0
13.325  380.0  90  60  69   9.375   0.0   0.0
13.325  445.0  90  60  69  -3.125   0.0   0.0
13.325 1182.5  90  60  69  -9.375   0.0   0.0
13.325 1235.0  90  60  69   9.375   0.0   0.0
13.325 1252.5  90  60  69  -3.125   0.0   0.0
13.325 1265.0  90  60  69   9.375   0.0   0.0
13.500  565.0  90  60  69  -9.375   0.0   0.0
13.500  902.5  90  60  69   3.125   0.0   0.0
13.500  495.0 -90  60  69  -9.375   0.0   0.0
13.500  690.0 -90  60  69  -9.375   0.0   0.0
13.500 1247.5 -90  60  69  -3.125   0.0   0.0
13.550  167.5  90  45  54  -3.125   0.0   0.0
13.550  192.5  90  45  54  -9.375   0.0   0.0
13.550  660.0  90  45  54  -3.125   0.0   0.0
13.600  652.5  90  57  66   9.375   0.0   0.0
13.600 1197.5  90  57  66  -3.125   0.0   0.0
13.600   90.0 -90  57  66  -9.375   0.0   0.0
13.600 1082.5 -90  57  66  -3.125   0.0   0.0
13.600 1227.5 -90  57  66   3.125   0.0   0.0
13.625 1105.0  90  57  66   9.375   0.0   0.0
13.625 1022.5 -90  57  66  -3.125   0.0   0.0
13.650 1002.5  90  57  66  -9.375   0.0   0.0
13.650  512.5 -90  57  66   3.125   0.0   0.0
13.650  527.5 -90  57  66   9.375   0.0   0.0
13.650 1110.0 -90  57  66   9.375   0.0   0.0
13.650 1127.5 -90  57  66   9.375   0.0   0.0
13.650 1167.5 -90  57  66  -3.125   0.0   0.0
13.675 1020.0  90  45  54  -9.375   0.0   0.0
13.700  470.0  90  45  54   3.125   0.0   0.0
13.700  615.0  90  45  54  -9.375   0.0   0.0
13.700   80.0 -90  42  51   9.375   0.0   0.0
13.700  115.0 -90  42  51   9.375   0.0   0.0
13.700  167.5 -90  42  51  -9.375   0.0   0.0
13.700  187.5 -90  42  51   9.375   0.0   0.0
13.700  312.5 -90  42  51  -9.375   0.0   0.0
13.700  427.5 -90  42  51  -3.125   0.0   0.0
13.700  450.0 -90  42  51  -3.125   0.0   0.0
13.700  487.5 -90  42  51  -9.375   0.0   0.0
13.700  495.0 -90  42  51   9.375   0.0   0.0
13.700  522.5 -90  42  51   9.375   0.0   0.0
13.700  690.0 -90  42  51   3.125   0.0   0.0
13.700  837.5 -90  42  51   9.375   0.0   0.0
13.700  840.0 -90  42  51  -9.375   0.0   0.0
13.700  862.5 -90  42  51   3.125   0.0   0.0
13.725   80.0 -90  54  63   3.125   0.0   0.0
13.725  632.5 -90  54  63  -9.375   0.0   0.0
13.725  897.5 -90  54  63   3.125   0.0   0.0
13.725  962.5 -90  54  63   9.375   0.0   0.0
13.725  997.5 -90  54  63  -9.375 270.0  30.0
13.725 1035.0 -90  54  63  -9.375   0.0   0.0
13.750   85.0 -90  54  63   9.375   0.0   0.0
13.750  400.0 -90  54  63   3.125   0.0   0.0
13.750  890.0 -90  54  63  -3.125   0.0   0.0
13.750  915.0 -90  54  63   3.125   0.0   0.0
13.750  920.0 -90  54  63   9.375   0.0   0.0
13.775  445.0 -90  57  66   3.125   0.0   0.0
13.775  465.0 -90  57  66   3.125   0.0   0.0
13.775  965.0 -90  57  66  -9.375   0.0   0.0
13.800  695.0 -90  57  66   3.125   0.0   0.0
13.825  700.0  90  45  54  -3.125   0.0   0.0
13.825  197.5 -90  42  51   3.125   0.0   0.0
13.825  222.5 -90  42  51   9.375   0.0   0.0
13.825  295.0 -90  42  51  -3.125   0.0   0.0
13.825  297.5 -90  42  51   3.125   0.0   0.0
13.825  320.0 -90  42  51   9.375   0.0   0.0
13.825  680.0 -90  42  51   9.375   0.0   0.0
13.825 1215.0 -90  42  51  -3.125   0.0   0.0
13.850  277.5 -90  42  51   9.375   0.0   0.0
13.850  292.5 -90  42  51   3.125   0.0   0.0
13.850  662.5 -90  42  51   3.125   0.0   0.0
13.850  862.5 -90  42  51  -3.125   0.0   0.0
13.850  875.0 -90  42  51   3.125   0.0   0.0
13.850  982.5 -90  42  51  -3.125   0.0   0.0
13.850 1005.0 -90  42  51  -3.125   0.0   0.0
13.850 1072.5 -90  42  51  -9.375   0.0   0.0
13.850 1097.5 -90  42  51   3.125   0.0   0.0
13.850 1110.0 -90  42  51   3.125   0.0   0.0
13.900  412.5 -90  57  66  -3.125   0.0   0.0
13.900  980.0 -90  57  66   9.375   0.0   0.0
13.925  630.0  90  57  66  -9.375   0.0   0.0
13.950  815.0  90  57  66   3.125   0.0   0.0
14.025  122.5  90  54  63   9.375   0.0   0.0
14.025  130.0  90  54  63  -9.375   0.0   0.0
14.025  260.0  90  54  63  -3.125   0.0   0.0
14.025  302.5  90  54  63   3.125   0.0   0.0
14.025  380.0  90  54  63   3.125   0.0   0.0
14.025  565.0  90  54  63   9.375   0.0   0.0
14.100  755.0 -90  57  66  -9.375   0.0   0.0
14.125   87.5  90  42  51  -9.375   0.0   0.0
14.125   95.0  90  42  51  -9.375   0.0   0.0
14.125  147.5  90  42  51  -3.125   0.0   0.0
14.125  220.0  90  42  51   3.125   0.0   0.0
14.125  255.0  90  42  51   9.375   0.0   0.0
14.125  347.5  90  42  51  -9.375   0.0   0.0
14.125  992.5  90  42  51   9.375   0.0   0.0
14.175 1052.5  90  57  66  -9.375   0.0   0.0
14.175  425.0 -90  57  66   3.125   0.0   0.0
14.250  145.0  90  54  63   9.375   0.0   0.0
14.250  152.5  90  54  63   3.125   0.0   0.0
14.250  175.0  90  54  63  -3.125   0.0   0.0
14.250  177.5  90  54  63  -9.375   0.0   0.0
14.250  182.5  90  54  63  -3.125   0.0   0.0
14.250  215.0  90  54  63   3.125   0.0   0.0
14.250  220.0  90  54  63  -3.125   0.0   0.0
14.250  230.0  90  54  63   9.375   0.0   0.0
14.250  375.0  90  54  63  -9.375   0.0   0.0
14.250  415.0  90  54  63  -3.125   0.0   0.0
14.250  140.0 -90  54  63  -9.375   0.0   0.0
14.250  145.0 -90  54  63  -9.375   0.0   0.0
14.250  155.0 -90  54  63   3.125   0.0   0.0
14.250  325.0 -90  54  63   9.375   0.0   0.0
14.250  527.5 -90  54  63   3.125   0.0   0.0
14.250  687.5 -90  54  63   9.375   0.0   0.0
14.250  935.0 -90  54  63  -9.375   0.0   0.0
14.275  165.0 -90  45  54   3.125   0.0   0.0
14.325  102.5  90  57  66  -9.375   0.0   0.0
14.325  147.5  90  57  66  -9.375   0.0   0.0
14.325 1027.5  90  57  66   9.375   0.0   0.0
14.375  675.0  90  57  66  -9.375   0.0   0.0
14.400   80.0  90  60  69  -3.125 150.0  30.0
14.400   82.5  90  60  69   3.125 150.0  30.0
14.400   80.0 -90  60  72  -9.375  90.0  30.0
14.400   82.5 -90  60  72  -3.125 150.0  30.0
14.400   85.0 -90  60  69  -9.375 150.0  30.0
14.400   87.5 -90  60  69   3.125  90.0  30.0
14.400   92.5 -90  60  69  -3.125  90.0  30.0
14.425   80.0  90  51  63  -3.125 150.0  30.0
14.425   82.5  90  51  60  -3.125 150.0  30.0
14.425   85.0  90  51  60  -3.125 150.0  30.0
14.425 1275.0  90  51  60   9.375 150.0  30.0
14.425 1277.5  90  51  60   9.375 150.0  30.0
14.425 1282.5  90  51  60   9.375 150.0  30.0
14.425   80.0 -90  51  63   9.375 150.0  30.0
14.425   82.5 -90  51  60   9.375  90.0  30.0
14.450   97.5  90  48  57   3.125 150.0  30.0
14.450  102.5  90  48  57  -9.375 150.0  30.0
14.450  105.0  90  48  57  -9.375 150.0  30.0
14.450  107.5  90  48  60   9.375 150.0  30.0
14.450  110.0  90  48  57   9.375 150.0  30.0
14.450  117.5  90  48  57  -9.375 150.0  30.0
14.450  120.0  90  48  57  -9.375 150.0  30.0
14.450  127.5  90  48  57  -9.375 150.0  30.0
14.450  115.0 -90  51  60  -3.125 150.0  30.0
14.450  117.5 -90  51  60  -3.125 270.0  30.0
14.475   80.0  90  57  66   9.375 150.0  30.0
14.475   82.5  90  57  66   3.125 150.0  30.0
14.475   90.0  90  57  66   9.375 150.0  30.0
14.475  100.0  90  57  66   9.375 150.0  30.0
14.475  102.5  90  57  66   9.375 150.0  30.0
14.475  105.0  90  57  66   9.375 330.0  30.0
14.475  115.0  90  57  66   3.125 150.0  30.0
14.475  160.0  90  57  66   3.125 150.0  30.0
14.475  165.0  90  57  66   3.125 150.0  30.0
14.475   90.0 -90  57  66   3.125 270.0  30.0
14.500  122.5 -90  54  63  -3.125   0.0   0.0
14.500  162.5 -90  54  63  -9.375   0.0   0.0
14.500  202.5 -90  54  63   3.125   0.0   0.0
14.500  730.0 -90  54  63   3.125   0.0   0.0
14.525  155.0  90  54  63   3.125   0.0   0.0
14.525  252.5  90  54  63   9.375   0.0   0.0
14.525  380.0  90  54  63   3.125   0.0   0.0
14.525  447.5  90  54  63   3.125   0.0   0.0
14.550 1195.0  90  57  66   3.125   0.0   0.0
14.625  155.0 -90  42  51  -3.125   0.0   0.0
14.625  162.5 -90  42  51  -3.125   0.0   0.0
14.625  165.0 -90  42  51  -9.375   0.0   0.0
14.625  177.5 -90  42  51   3.125   0.0   0.0
14.625  187.5 -90  42  51  -9.375   0.0   0.0
14.625  205.0 -90  42  51   9.375   0.0   0.0
14.625  245.0 -90  42  51   9.375   0.0   0.0
14.625  345.0 -90  42  51   9.375   0.0   0.0
14.625  437.5 -90  42  51  -9.375   0.0   0.0
14.650  280.0  90  45  54  -9.375   0.0   0.0
14.700  160.0  90  45  54   3.125   0.0   0.0
14.700  260.0 -90  45  54  -9.375   0.0   0.0
14.725   95.0  90  57  66  -9.375   0.0   0.0
14.725  962.5  90  57  66  -3.125   0.0   0.0
14.750  137.5  90  57  66   9.375   0.0   0.0
14.750 1222.5  90  57  66   9.375   0.0   0.0
14.750 1035.0 -90  57  66  -3.125   0.0   0.0
14.750 1070.0 -90  57  66  -9.375   0.0   0.0
14.775  235.0 -90  45  54   3.125   0.0   0.0
14.775  275.0 -90  45  54  -9.375   0.0   0.0
14.775  305.0 -90  45  54  -9.375   0.0   0.0
14.775  987.5 -90  45  54  -9.375   0.0   0.0
14.775 1137.5 -90  45  54   3.125   0.0   0.0
14.775 1245.0 -90  45  54  -9.375   0.0   0.0
14.800   92.5  90  45  54  -3.125   0.0   0.0
14.800  860.0  90  45  54   9.375   0.0   0.0
14.800  862.5  90  45  54  -9.375   0.0   0.0
14.800  975.0  90  45  54  -9.375   0.0   0.0
14.800 1007.5  90  45  54   9.375   0.0   0.0
14.800 1075.0  90  45  54   3.125   0.0   0.0
14.800 1255.0  90  45  54  -9.375   0.0   0.0
14.800 1277.5  90  45  54   9.375   0.0   0.0
14.800   85.0 -90  45  54   9.375   0.0   0.0
14.800  197.5 -90  45  54  -9.375   0.0   0.0
14.800  520.0 -90  45  54  -3.125   0.0   0.0
14.800  967.5 -90  45  54   9.375   0.0   0.0
14.800 1005.0 -90  45  54   3.125   0.0   0.0
14.825  347.5  90  45  54  -9.375   0.0   0.0
14.825  752.5  90  45  54  -9.375   0.0   0.0
14.825 1092.5  90  45  54  -9.375   0.0   0.0
14.825 1280.0  90  45  54   9.375   0.0   0.0
14.825 1282.5  90  45  54  -3.125   0.0   0.0
14.850  172.5 -90  45  54   3.125   0.0   0.0
14.850  347.5 -90  45  54   9.375   0.0   0.0
14.850  467.5 -90  45  54  -3.125   0.0   0.0
14.850 1097.5 -90  45  54   9.375   0.0   0.0
14.850 1100.0 -90  45  54   9.375   0.0   0.0
14.850 1105.0 -90  45  54   9.375   0.0   0.0
14.875  277.5 -90  45  54  -3.125   0.0   0.0
14.875  935.0 -90  45  54   9.375   0.0   0.0
14.875 1015.0 -90  45  54   3.125   0.0   0.0
14.875 1030.0 -90  45  54   9.375   0.0   0.0
14.925  407.5  90  45  54  -3.125   0.0   0.0
14.925  642.5  90  45  54  -3.125   0.0   0.0
14.925  707.5  90  45  54   3.125   0.0   0.0
14.925  725.0  90  45  54   3.125   0.0   0.0
14.925  127.5 -90  45  54   9.375   0.0   0.0
14.950  207.5  90  45  54   3.125   0.0   0.0
14.950  260.0  90  45  54   9.375   0.0   0.0
14.950  552.5  90  45  54  -9.375   0.0   0.0
14.950  587.5 -90  45  54   9.375   0.0   0.0
15.050  170.0  90  57  66   9.375   0.0   0.0
15.050 1060.0  90  57  66   3.125   0.0   0.0
15.050 1062.5  90  57  66  -3.125   0.0   0.0
15.075  855.0  90  57  66  -9.375   0.0   0.0
15.075 1030.0 -90  57  66   9.375   0.0   0.0
15.075 1032.5 -90  57  66   9.375   0.0   0.0
15.100  325.0 -90  57  66   9.375   0.0   0.0
15.125 1047.5  90  45  54  -3.125   0.0   0.0
15.125  260.0 -90  45  54   3.125   0.0   0.0
15.125  517.5 -90  45  54   9.375   0.0   0.0
15.200  117.5  90  57  66   3.125   0.0   0.0
15.225  130.0  90  57  66   9.375   0.0   0.0
15.225  265.0  90  57  66   9.375   0.0   0.0
15.225  997.5  90  57  66  -3.125   0.0   0.0
15.225 1207.5  90  57  66  -9.375   0.0   0.0
15.225 1250.0  90  57  66  -3.125   0.0   0.0
15.225 1260.0  90  57  66   9.375   0.0   0.0
15.225 1262.5  90  57  66   9.375   0.0   0.0
15.225 1265.0  90  57  66  -9.375   0.0   0.0
15.225 1267.5  90  57  66  -9.375   0.0   0.0
15.225  117.5 -90  57  66   9.375   0.0   0.0
15.225  175.0 -90  57  66   3.125   0.0   0.0
15.225  907.5 -90  57  66  -3.125   0.0   0.0
15.225 1215.0 -90  57  66  -3.125   0.0   0.0
15.225 1220.0 -90  57  66  -9.375   0.0   0.0
15.250 1037.5  90  57  66  -9.375   0.0   0.0
15.250 1097.5  90  57  66   9.375   0.0   0.0
15.250  120.0 -90  57  66   3.125   0.0   0.0
15.250  570.0 -90  57  66  -9.375   0.0   0.0
15.250 1247.5 -90  57  66  -9.375   0.0   0.0
15.300  942.5  90  45  54  -9.375   0.0   0.0
15.325 1215.0  90  57  66  -9.375   0.0   0.0
15.350  345.0 -90  57  66   3.125   0.0   0.0
15.375  172.5  90  57  66  -9.375   0.0   0.0
15.400  442.5  90  57  66   3.125   0.0   0.0
15.400  657.5 -90  57  66   3.125   0.0   0.0
15.400  860.0 -90  57  66   9.375   0.0   0.0
15.425  460.0 -90  57  66  -9.375   0.0   0.0
15.425  745.0 -90  57  66   9.375   0.0   0.0
15.450  162.5  90  57  66  -9.375   0.0   0.0
15.450  720.0 -90  57  66  -9.375   0.0   0.0
15.450 1265.0 -90  57  66   3.125   0.0   0.0
15.450 1267.5 -90  57  66  -3.125   0.0   0.0
15.475  105.0  90  57  66   3.125   0.0   0.0
15.475  112.5  90  57  66  -3.125   0.0   0.0
15.475 1060.0  90  57  66   9.375   0.0   0.0
15.475 1115.0 -90  57  66  -9.375   0.0   0.0
15.475 1217.5 -90  57  66  -3.125   0.0   0.0
15.525 1077.5 -90  57  66   3.125   0.0   0.0
15.550  132.5  90  57  66   9.375   0.0   0.0
15.550  272.5  90  57  66   3.125   0.0   0.0
15.550  845.0  90  57  66  -3.125   0.0   0.0
15.550 1017.5  90  57  66   9.375   0.0   0.0
15.550 1047.5  90  57  66  -9.375   0.0   0.0
15.550 1270.0  90  57  66  -3.125   0.0   0.0
15.550 1272.5  90  57  66   3.125   0.0   0.0
15.625  310.0  90  57  66  -9.375   0.0   0.0
15.625  955.0  90  57  66  -3.125   0.0   0.0
15.625  980.0  90  57  66   3.125   0.0   0.0
15.650  517.5  90  57  66  -9.375   0.0   0.0
15.650  685.0 -90  57  66  -9.375   0.0   0.0
15.700  887.5  90  51  60   9.375   0.0   0.0
15.825  335.0  90  60  69  -9.375   0.0   0.0
15.825  725.0  90  60  69  -9.375   0.0   0.0
15.825  907.5  90  60  69  -9.375   0.0   0.0
15.850  572.5  90  60  69   9.375   0.0   0.0
15.850  685.0  90  60  69  -9.375   0.0   0.0
15.850 1150.0 -90  60  69  -9.375   0.0   0.0
15.875  617.5  90  48  57  -3.125   0.0   0.0
15.875  380.0 -90  48  57   3.125   0.0   0.0
15.875  395.0 -90  48  57   9.375   0.0   0.0
15.875  857.5 -90  48  57  -3.125   0.0   0.0
15.875 1265.0 -90  48  57  -3.125   0.0   0.0
15.900  127.5  90  48  57   9.375   0.0   0.0
15.900  287.5  90  48  57  -9.375   0.0   0.0
15.900  355.0  90  48  57  -3.125   0.0   0.0
15.900  562.5 -90  48  57   9.375   0.0   0.0
15.925  237.5  90  48  57   3.125   0.0   0.0
15.925 1180.0  90  48  57  -3.125   0.0   0.0
15.925 1230.0  90  48  57  -9.375   0.0   0.0
15.925 1272.5  90  48  57   9.375   0.0   0.0
15.925 1257.5 -90  48  57   3.125   0.0   0.0
15.975   90.0 -90  51  60   9.375   0.0   0.0
15.975  290.0 -90  51  60  -9.375   0.0   0.0
16.000 1120.0  90  48  57  -3.125   0.0   0.0
16.000 1175.0  90  48  57  -9.375   0.0   0.0
16.000   80.0 -90  51  63  -3.125 270.0  30.0
16.000   82.5 -90  51  63  -3.125 270.0  30.0
16.000   85.0 -90  51  63   9.375 270.0  30.0
16.000   87.5 -90  51  63  -9.375 270.0  30.0
16.000   90.0 -90  51  63   9.375 270.0  30.0
16.000   92.5 -90  51  63   3.125 270.0  30.0
16.000   95.0 -90  51  63   9.375 270.0  30.0
16.000   97.5 -90  51  63   9.375 270.0  30.0
16.000  100.0 -90  51  63   9.375 270.0  30.0
16.000  102.5 -90  51  63  -9.375 270.0  30.0
16.000  105.0 -90  51  63   3.125 270.0  30.0
16.000  107.5 -90  51  63   3.125 270.0  30.0
16.000  110.0 -90  51  63  -9.375 270.0  30.0
16.000  112.5 -90  51  63   3.125 270.0  30.0
16.000  115.0 -90  51  63   9.375 270.0  30.0
16.000  117.5 -90  51  63   3.125 270.0  30.0
16.000  120.0 -90  51  60  -9.375 270.0  30.0
16.000  122.5 -90  51  60  -9.375 270.0  30.0
16.000  125.0 -90  51  63   3.125 270.0  30.0
16.000  127.5 -90  51  60  -9.375 270.0  30.0
16.000  130.0 -90  51  63   9.375 270.0  30.0
16.000  132.5 -90  51  60   9.375 270.0  30.0
16.000  135.0 -90  51  60   3.125 270.0  30.0
16.000  137.5 -90  51  60   9.375 270.0  30.0
16.025   80.0  90  51  60  -9.375  30.0  30.0
16.025   82.5  90  51  60  -9.375  30.0  30.0
16.025   80.0 -90  66  75  -3.125 270.0  30.0
16.025   82.5 -90  66  75  -3.125 270.0  30.0
16.025   85.0 -90  66  75  -3.125 270.0  30.0
16.025   87.5 -90  66  75  -3.125 270.0  30.0
16.025   90.0 -90  66  75  -3.125 270.0  30.0
16.025   92.5 -90  66  78  -3.125 270.0  30.0
16.025   95.0 -90  66  78  -3.125 270.0  30.0
16.025   97.5 -90  66  78  -3.125 270.0  30.0
16.025  100.0 -90  66  78  -3.125 270.0  30.0
16.025  102.5 -90  66  78  -3.125 270.0  30.0
16.025  105.0 -90  66  78  -3.125 270.0  30.0
16.025  107.5 -90  66  78   3.125 270.0  30.0
16.025  110.0 -90  66  78  -3.125 270.0  30.0
16.025  112.5 -90  66  78  -3.125 270.0  30.0
16.025  115.0 -90  66  81   3.125 270.0  30.0
16.025  117.5 -90  66  81   3.125 270.0  30.0
16.025  120.0 -90  66  81   3.125 270.0  30.0
16.025  122.5 -90  66  78   3.125 270.0  30.0
16.025  125.0 -90  66  78   3.125 270.0  30.0
16.025  127.5 -90  66  78   3.125 270.0  30.0
16.025  130.0 -90  66  78   3.125 270.0  30.0
16.025  132.5 -90  66  78   3.125 270.0  30.0
16.025  135.0 -90  66  78   3.125 270.0  30.0
16.025  137.5 -90  66  78   3.125 270.0  30.0
16.025  140.0 -90  66  78   3.125 270.0  30.0
16.025  142.5 -90  66  75   3.125 270.0  30.0
16.025  145.0 -90  66  75   3.125 270.0  30.0
16.025  147.5 -90  66  75   3.125 270.0  30.0
16.025  150.0 -90  66  75   3.125 270.0  30.0
16.050   85.0  90  51  60  -9.375  30.0  30.0
16.050 1142.5  90  51  60  -3.125  30.0  30.0
16.050 1145.0  90  51  60   3.125 210.0  30.0
16.050 1147.5  90  51  60   3.125  30.0  30.0
16.050 1150.0  90  51  60   3.125  30.0  30.0
16.050 1152.5  90  51  60   3.125  30.0  30.0
16.050 1155.0  90  51  60   3.125  30.0  30.0
16.050 1157.5  90  51  60  -9.375  30.0  30.0
16.050 1160.0  90  51  60  -3.125  30.0  30.0
16.050 1162.5  90  51  60  -3.125  30.0  30.0
16.050 1165.0  90  51  60   3.125  30.0  30.0
16.050 1167.5  90  51  60  -3.125  30.0  30.0
16.050 1170.0  90  51  63  -3.125  30.0  30.0
16.050 1172.5  90  51  60  -3.125  30.0  30.0
16.050 1175.0  90  51  60  -3.125  30.0  30.0
16.050 1177.5  90  51  60  -3.125 210.0  30.0
16.050 1180.0  90  51  60  -3.125  30.0  30.0
16.050 1182.5  90  51  60  -9.375 210.0  30.0
16.050 1185.0  90  51  60  -3.125  30.0  30.0
16.050 1187.5  90  51  60  -3.125  30.0  30.0
16.050 1190.0  90  51  60  -3.125  30.0  30.0
16.050 1192.5  90  51  60  -3.125  30.0  30.0
16.050 1195.0  90  51  60   9.375  30.0  30.0
16.050 1197.5  90  51  60   3.125  30.0  30.0
16.050 1200.0  90  51  60   3.125  30.0  30.0
16.050 1202.5  90  51  60   3.125  30.0  30.0
16.050 1205.0  90  51  60   3.125  30.0  30.0
16.050 1207.5  90  51  60  -3.125  30.0  30.0
16.050 1210.0  90  51  60  -3.125  30.0  30.0
16.050 1212.5  90  51  60  -3.125  30.0  30.0
16.050 1215.0  90  51  60  -3.125  30.0  30.0
16.050 1217.5  90  51  60  -3.125  30.0  30.0
16.050 1277.5  90  51  60  -9.375  30.0  30.0
16.050 1280.0  90  51  60  -9.375  30.0  30.0
16.050 1282.5  90  51  63  -9.375  30.0  30.0
16.050   80.0 -90  63  81  -9.375 270.0  30.0
16.050   82.5 -90  63  81  -9.375 270.0  30.0
16.050   85.0 -90  63  81  -9.375 270.0  30.0
16.050   87.5 -90  63  81  -9.375 270.0  30.0
16.050   90.0 -90  63  81  -9.375 270.0  30.0
16.050   92.5 -90  63  81  -9.375 270.0  30.0
16.050   95.0 -90  63  81  -9.375 270.0  30.0
16.050   97.5 -90  63  81  -9.375 270.0  30.0
16.050  100.0 -90  63  78   3.125 270.0  30.0
16.050  102.5 -90  63  78  -9.375 270.0  30.0
16.050  105.0 -90  63  78  -9.375 270.0  30.0
16.050  107.5 -90  63  78  -9.375 270.0  30.0
16.050  110.0 -90  63  78  -9.375 270.0  30.0
16.050  112.5 -90  63  78   9.375 270.0  30.0
16.050  115.0 -90  63  75   9.375 270.0  30.0
16.050  117.5 -90  63  75  -9.375 270.0  30.0
16.050  120.0 -90  63  75  -9.375 270.0  30.0
16.050  122.5 -90  63  75   9.375 270.0  30.0
16.050  125.0 -90  63  72  -9.375 270.0  30.0
16.050  127.5 -90  63  72  -9.375 270.0  30.0
16.050  130.0 -90  63  72   9.375 270.0  30.0
16.050  132.5 -90  63  72  -3.125 270.0  30.0
16.075 1265.0  90  51  60  -3.125 210.0  30.0
16.075 1267.5  90  51  60  -3.125  30.0  30.0
16.075 1270.0  90  51  60  -3.125  30.0  30.0
16.075 1272.5  90  51  60  -3.125  30.0  30.0
16.075 1275.0  90  51  63  -3.125  30.0  30.0
16.075 1277.5  90  51  63  -3.125  30.0  30.0
16.075 1280.0  90  51  63  -3.125  30.0  30.0
16.075 1282.5  90  51  63  -9.375  30.0  30.0
16.075   80.0 -90  60  78   3.125 270.0  30.0
16.075   82.5 -90  60  78  -3.125 270.0  30.0
16.075   85.0 -90  60  78  -3.125 270.0  30.0
16.075   87.5 -90  60  78   9.375 270.0  30.0
16.075   90.0 -90  60  78  -9.375 270.0  30.0
16.075   92.5 -90  60  78   9.375 270.0  30.0
16.075   95.0 -90  60  78  -3.125 270.0  30.0
16.075   97.5 -90  60  78   3.125 270.0  30.0
16.075  100.0 -90  60  78   9.375 270.0  30.0
16.075  102.5 -90  60  75  -3.125 270.0  30.0
16.075  105.0 -90  60  75   9.375 270.0  30.0
16.075  107.5 -90  60  75  -9.375 270.0  30.0
16.075  110.0 -90  60  75   3.125 270.0  30.0
16.075  112.5 -90  60  75  -9.375 270.0  30.0
16.075  115.0 -90  60  75   9.375 270.0  30.0
16.075  117.5 -90  60  75   9.375 270.0  30.0
16.075  120.0 -90  60  75   9.375 270.0  30.0
16.075  122.5 -90  60  72   3.125 270.0  30.0
16.075  125.0 -90  60  72   9.375 270.0  30.0
16.075  127.5 -90  60  72  -9.375 270.0  30.0
16.075  130.0 -90  60  72  -9.375 270.0  30.0
16.075  132.5 -90  60  72   9.375 270.0  30.0
16.075  135.0 -90  60  69  -9.375 270.0  30.0
16.075  137.5 -90  60  69   9.375 270.0  30.0
16.075  175.0 -90  60  69   3.125 270.0  30.0
16.075  177.5 -90  60  69  -3.125 270.0  30.0
16.075  180.0 -90  60  69   9.375 270.0  30.0
16.075  182.5 -90  60  69  -3.125 270.0  30.0
16.075  185.0 -90  60  69   3.125 270.0  30.0
16.075  187.5 -90  60  69  -3.125 270.0  30.0
16.075  190.0 -90  60  69   3.125 270.0  30.0
16.075  192.5 -90  60  69  -3.125 270.0  30.0
16.075  195.0 -90  60  69  -9.375 270.0  30.0
16.075  197.5 -90  60  69  -9.375 270.0  30.0
16.075  202.5 -90  60  69  -9.375 270.0  30.0
16.100  797.5  90  48  57  -3.125   0.0   0.0
16.100   80.0 -90  48  63  -9.375 270.0  30.0
16.100   82.5 -90  48  63  -9.375 270.0  30.0
16.100   85.0 -90  48  63   9.375 270.0  30.0
16.100   87.5 -90  48  63  -9.375 270.0  30.0
16.100   90.0 -90  48  63   3.125 270.0  30.0
16.100   92.5 -90  48  63  -3.125 270.0  30.0
16.100   95.0 -90  48  63  -3.125 270.0  30.0
16.100   97.5 -90  48  60   9.375 270.0  30.0
16.100  100.0 -90  48  60  -9.375 270.0  30.0
16.100  102.5 -90  48  60   9.375 270.0  30.0
16.100  105.0 -90  48  60   3.125 270.0  30.0
16.100  107.5 -90  48  60   3.125 270.0  30.0
16.100  110.0 -90  48  57  -3.125 270.0  30.0
16.100  112.5 -90  48  57   3.125 270.0  30.0
16.100  115.0 -90  48  57  -3.125 270.0  30.0
16.100  117.5 -90  48  57  -9.375 270.0  30.0
16.100  120.0 -90  48  57   3.125 270.0  30.0
16.100  122.5 -90  48  60   3.125   0.0   0.0
16.100  125.0 -90  48  57  -3.125 270.0  30.0
16.100  130.0 -90  48  57   3.125 270.0  30.0
16.100  132.5 -90  48  57   3.125 270.0  30.0
16.100  135.0 -90  48  57  -3.125 270.0  30.0
16.100  140.0 -90  48  57  -3.125   0.0   0.0
16.100  180.0 -90  48  57  -3.125   0.0   0.0
16.100  185.0 -90  48  57  -9.375   0.0   0.0
16.100  190.0 -90  48  57  -3.125   0.0   0.0
16.100  312.5 -90  48  57   9.375   0.0   0.0
16.100 1272.5 -90  48  57  -3.125   0.0   0.0
16.125   80.0 -90  48  57   9.375 270.0  30.0
16.125   82.5 -90  48  57   9.375 270.0  30.0
16.125   85.0 -90  48  57  -3.125 270.0  30.0
16.125   90.0 -90  48  57   9.375 270.0  30.0
16.125  252.5 -90  48  57   9.375   0.0   0.0
16.125  292.5 -90  48  57  -3.125   0.0   0.0
16.125  300.0 -90  48  57  -3.125   0.0   0.0
16.125  330.0 -90  48  57  -9.375   0.0   0.0
16.125 1245.0 -90  48  57  -3.125   0.0   0.0
16.150  252.5  90  48  57   9.375   0.0   0.0
16.175  167.5  90  48  57   3.125   0.0   0.0
16.175  172.5  90  48  57   9.375   0.0   0.0
16.175  230.0  90  48  57  -9.375   0.0   0.0
16.175  252.5  90  48  57   9.375   0.0   0.0
16.175  265.0  90  48  57  -9.375   0.0   0.0
16.175  977.5  90  48  57  -3.125   0.0   0.0
16.175 1122.5  90  48  57   9.375   0.0   0.0
16.175  140.0 -90  48  57  -3.125   0.0   0.0
16.200  455.0  90  48  57   9.375   0.0   0.0
16.200  705.0  90  48  57  -9.375   0.0   0.0
16.200  962.5  90  48  57   9.375   0.0   0.0
16.200  175.0 -90  48  57  -9.375   0.0   0.0
16.200  710.0 -90  48  57   9.375   0.0   0.0
16.200  857.5 -90  48  57   9.375   0.0   0.0
16.250  102.5 -90  48  57   9.375   0.0   0.0
16.250  110.0 -90  48  57   3.125   0.0   0.0
16.250  285.0 -90  48  57  -3.125   0.0   0.0
16.250  457.5 -90  48  57   9.375   0.0   0.0
16.250  677.5 -90  48  57  -9.375   0.0   0.0
16.275  100.0  90  51  60  -3.125   0.0   0.0
16.275  140.0 -90  51  60  -9.375   0.0   0.0
16.275  280.0 -90  51  60  -3.125   0.0   0.0
16.350  132.5  90  48  57   3.125   0.0   0.0
16.350  155.0  90  48  57   3.125   0.0   0.0
16.350  210.0  90  48  57  -3.125   0.0   0.0
16.350  227.5  90  48  57   9.375   0.0   0.0
16.350  255.0  90  48  57  -3.125   0.0   0.0
16.350  285.0  90  48  57  -9.375   0.0   0.0
16.350  325.0  90  48  57  -3.125   0.0   0.0
16.350  337.5  90  48  57   3.125   0.0   0.0
16.350  340.0  90  48  57   3.125   0.0   0.0
16.375  210.0  90  51  60  -9.375   0.0   0.0
16.375  845.0  90  51  60   9.375   0.0   0.0
16.375   85.0 -90  48  57   9.375   0.0   0.0
16.375   87.5 -90  48  57   9.375   0.0   0.0
16.375  147.5 -90  48  57  -3.125   0.0   0.0
16.375  160.0 -90  48  57   9.375   0.0   0.0
16.375  227.5 -90  48  57   3.125   0.0   0.0
16.375  272.5 -90  48  57  -9.375   0.0   0.0
16.375  370.0 -90  48  57  -9.375   0.0   0.0
16.375  460.0 -90  48  57   3.125   0.0   0.0
16.375  752.5 -90  48  57  -9.375   0.0   0.0
16.375  940.0 -90  48  57   9.375   0.0   0.0
16.425   97.5  90  51  60   9.375   0.0   0.0
16.425  195.0 -90  51  60   3.125   0.0   0.0
16.425  220.0 -90  51  60   3.125   0.0   0.0
16.425  242.5 -90  51  60  -3.125   0.0   0.0
16.450 1207.5 -90  51  60  -9.375   0.0   0.0
16.450 1245.0 -90  51  60   3.125   0.0   0.0
16.475  275.0  90  51  60   3.125   0.0   0.0
16.475  470.0  90  51  60  -3.125   0.0   0.0
16.475  285.0 -90  51  60   3.125   0.0   0.0
16.475  537.5 -90  51  60  -3.125   0.0   0.0
16.475  540.0 -90  51  60   3.125   0.0   0.0
16.475  817.5 -90  51  60   3.125   0.0   0.0
16.500  107.5  90  51  60  -3.125   0.0   0.0
16.500  122.5  90  51  60  -3.125   0.0   0.0
16.500  205.0  90  51  60  -3.125   0.0   0.0
16.500 1097.5  90  51  60  -3.125   0.0   0.0
16.500  162.5 -90  51  60  -9.375   0.0   0.0
16.500  597.5 -90  51  60  -3.125   0.0   0.0
16.500  755.0 -90  51  60   3.125   0.0   0.0
16.500  897.5 -90  51  60  -9.375   0.0   0.0
16.500 1002.5 -90  51  60  -3.125   0.0   0.0
16.500 1037.5 -90  51  60  -9.375   0.0   0.0
16.500 1080.0 -90  51  60  -3.125   0.0   0.0
16.525  112.5 -90  51  60  -3.125   0.0   0.0
16.550  345.0  90  51  60  -3.125   0.0   0.0
16.550  307.5 -90  51  60  -3.125   0.0   0.0
16.550 1110.0 -90  51  60  -3.125   0.0   0.0
16.575   92.5 -90  48  57   9.375   0.0   0.0
16.575  252.5 -90  48  57   9.375   0.0   0.0
16.575  272.5 -90  48  57   9.375   0.0   0.0
16.575  290.0 -90  48  57   3.125   0.0   0.0
16.575  322.5 -90  48  60   3.125   0.0   0.0
16.575  330.0 -90  48  57   9.375   0.0   0.0
16.575  715.0 -90  48  57   9.375   0.0   0.0
16.675  202.5  90  51  60   3.125   0.0   0.0
16.700  987.5 -90  51  60  -3.125   0.0   0.0
16.725  242.5 -90  48  57  -9.375   0.0   0.0
16.725  330.0 -90  48  57   9.375   0.0   0.0
16.725  872.5 -90  48  57   9.375   0.0   0.0
16.725  882.5 -90  48  57  -3.125   0.0   0.0
16.725 1090.0 -90  48  57   3.125   0.0   0.0
16.725 1152.5 -90  48  57  -9.375   0.0   0.0
16.750  252.5  90  48  57   9.375   0.0   0.0
16.750  145.0 -90  48  57  -9.375   0.0   0.0
16.750  332.5 -90  48  57   3.125   0.0   0.0
16.750  750.0 -90  48  57  -9.375   0.0   0.0
16.775  117.5 -90  48  57  -9.375   0.0   0.0
16.775  145.0 -90  48  57   3.125   0.0   0.0
16.775  147.5 -90  48  57   9.375   0.0   0.0
16.775  215.0 -90  48  57  -9.375   0.0   0.0
16.775  440.0 -90  48  57  -3.125   0.0   0.0
16.775  550.0 -90  48  57  -3.125   0.0   0.0
16.825  287.5 -90  48  57   9.375   0.0   0.0
16.825 1125.0 -90  48  57  -9.375   0.0   0.0
16.825 1175.0 -90  48  57   3.125   0.0   0.0
16.850  307.5  90  48  57  -3.125   0.0   0.0
16.850  650.0 -90  48  57  -3.125   0.0   0.0
16.900  175.0  90  51  60  -9.375   0.0   0.0
16.900  970.0  90  51  60  -3.125   0.0   0.0
16.900  997.5  90  51  60  -9.375   0.0   0.0
16.925  860.0  90  51  60  -3.125   0.0   0.0
16.975 1165.0  90  51  60  -3.125   0.0   0.0
17.000  830.0  90  51  60  -9.375   0.0   0.0
17.000 1075.0  90  51  60   3.125   0.0   0.0
17.000 1097.5  90  51  60   9.375   0.0   0.0
17.075  947.5  90  51  60  -3.125   0.0   0.0
17.100  427.5  90  51  60   3.125   0.0   0.0
17.100 1180.0  90  51  60  -3.125   0.0   0.0
17.100 1190.0  90  51  60  -3.125   0.0   0.0
17.125  525.0  90  51  60  -3.125   0.0   0.0
17.125  702.5  90  51  60  -9.375   0.0   0.0
17.125  730.0  90  51  60   3.125   0.0   0.0
17.150  392.5  90  51  60  -9.375   0.0   0.0
17.150 1282.5  90  51  60  -9.375   0.0   0.0
17.150 1160.0 -90  51  60  -3.125   0.0   0.0
17.275  107.5 -90  51  60  -3.125   0.0   0.0
17.325  437.5 -90  51  60   9.375   0.0   0.0
17.325  840.0 -90  51  60  -9.375   0.0   0.0
17.350  235.0  90  51  60  -9.375   0.0   0.0
17.350  605.0  90  51  60  -9.375   0.0   0.0
17.350  957.5  90  51  60  -3.125   0.0   0.0
17.350  985.0  90  51  60  -9.375   0.0   0.0
17.350 1175.0 -90  54  63  -3.125   0.0   0.0
17.375  195.0  90  51  60   9.375   0.0   0.0
17.375 1030.0  90  51  60   9.375   0.0   0.0
17.375 1255.0  90  51  60   9.375   0.0   0.0
17.400  937.5  90  51  60  -3.125   0.0   0.0
17.400 1010.0  90  51  60   9.375   0.0   0.0
17.400 1187.5  90  51  60   3.125   0.0   0.0
17.400 1225.0  90  51  60  -3.125   0.0   0.0
17.425  897.5  90  51  60   3.125   0.0   0.0
17.475 1030.0  90  51  60   9.375   0.0   0.0
17.475 1107.5 -90  51  60  -3.125   0.0   0.0
17.575  702.5 -90  48  57   9.375   0.0   0.0
17.600 1222.5 -90  48  57  -9.375   0.0   0.0
17.600 1282.5 -90  48  57   9.375   0.0   0.0
17.625  525.0  90  48  57   9.375   0.0   0.0
17.625  135.0 -90  48  57  -9.375   0.0   0.0
17.625  880.0 -90  48  57   3.125   0.0   0.0
17.650   95.0  90  48  57  -3.125   0.0   0.0
17.725   95.0 -90  48  57   9.375   0.0   0.0
17.725  167.5 -90  48  57  -9.375   0.0   0.0
17.725  890.0 -90  48  57   3.125   0.0   0.0
17.750  160.0  90  48  57  -3.125   0.0   0.0
17.750  162.5  90  48  57  -3.125   0.0   0.0
17.750  185.0  90  48  57   3.125   0.0   0.0
17.750  252.5  90  48  57   3.125   0.0   0.0
17.750   80.0 -90  48  57   9.375   0.0   0.0
17.775   85.0 -90  48  57   3.125   0.0   0.0
17.775  132.5 -90  48  57   9.375   0.0   0.0
17.775  190.0 -90  48  57  -9.375   0.0   0.0
17.775  335.0 -90  48  57   9.375   0.0   0.0
17.775  737.5 -90  48  57  -3.125   0.0   0.0
17.800  920.0  90  48  57  -3.125   0.0   0.0
17.850 1157.5  90  51  60   3.125   0.0   0.0
17.850 1172.5  90  51  60  -3.125   0.0   0.0
17.850  310.0 -90  48  57   9.375   0.0   0.0
17.850  577.5 -90  48  57  -3.125   0.0   0.0
17.900  137.5  90  51  60   9.375   0.0   0.0
17.900  357.5  90  51  60  -3.125   0.0   0.0
17.900 1207.5  90  51  60   9.375   0.0   0.0
17.900  157.5 -90  51  60  -3.125   0.0   0.0
17.950  130.0  90  51  60   9.375   0.0   0.0
17.950   97.5 -90  51  60   3.125   0.0   0.0
17.975  362.5 -90  51  60  -9.375   0.0   0.0
17.975  620.0 -90  51  60   9.375   0.0   0.0
17.975  787.5 -90  51  60   9.375   0.0   0.0
