2024.06.28 (180) 00:00:00.000
Station name: Eielson
URSI code: EI764
Ionosonde model: DPS-4D
  Freq  Range Pol MPA Amp Doppler    Az    Zn  PGH
 2.025   92.5  90  48  72  -1.563   0.0   0.0   98
 2.025   95.0  90  48  60  -1.563   0.0   0.0   97
 2.025  102.5  90  48  57  -1.563 150.0  30.0  106
 2.025  887.5  90  48  57  -1.563   0.0   0.0  894
 2.025  912.5  90  48  57  -4.688  90.0  30.0  904
 2.025  995.0  90  48  57   4.688   0.0   0.0 1005
 2.025   92.5 -90  48  60   1.563  90.0  30.0   90
 2.025   97.5 -90  48  57  -4.688  90.0  30.0   91
 2.025  507.5 -90  48  57  -4.688  90.0  30.0  503
 2.025  532.5 -90  48  57   4.688  30.0  30.0  538
 2.025  575.0 -90  48  57  -4.688 150.0  30.0  569
 2.025  717.5 -90  48  57  -1.563  30.0  30.0  709
 2.025  722.5 -90  48  57  -4.688  90.0  30.0  736
 2.025  732.5 -90  48  57   1.563  90.0  30.0  726
 2.050   92.5  90  48  72  -1.563   0.0   0.0   97
 2.050   95.0  90  48  63  -1.563   0.0   0.0   97
 2.050  100.0  90  48  57  -1.563   0.0   0.0  106
 2.050  110.0  90  48  57  -1.563 330.0  30.0  119
 2.050  132.5  90  48  57  -1.563  30.0  30.0  124
 2.050  415.0  90  48  57  -4.688  30.0  30.0  417
 2.050  567.5  90  48  57  -4.688  30.0  30.0  579
 2.050 1065.0  90  48  57   4.688   0.0   0.0 1052
 2.075   92.5  90  72  96   1.563 270.0  30.0   96
 2.075   95.0  90  72  90  -1.563 210.0  30.0   97
 2.075   97.5  90  72  81  -1.563 270.0  30.0  105
 2.075  677.5  90  72  81   4.688 210.0  30.0  672
 2.075  177.5 -90  75  84   4.688 330.0  30.0  183
 2.075  187.5 -90  75  84  -4.688 330.0  30.0  185
 2.075  207.5 -90  75  84  -4.688 330.0  30.0  220
 2.075  217.5 -90  75  84   1.563 270.0  30.0  211
 2.075  222.5 -90  75  84  -1.563 330.0  30.0  216
 2.075  232.5 -90  75  84   1.563 330.0  30.0  242
 2.075  237.5 -90  75  87  -4.688 330.0  30.0  237
 2.075  252.5 -90  75  87   1.563 330.0  30.0  240
 2.100   92.5  90  78  96   1.563   0.0   0.0   98
 2.100   95.0  90  78  90  -1.563   0.0   0.0   98
 2.100  695.0  90  78  87  -4.688 330.0  30.0  690
 2.100  732.5  90  78  87  -1.563 330.0  30.0  743
 2.100  760.0  90  78  87  -4.688 330.0  30.0  753
 2.100  775.0  90  78  87  -4.688 330.0  30.0  764
 2.100  782.5  90  78  87  -1.563   0.0   0.0  774
 2.100  792.5  90  78  90  -1.563 330.0  30.0  791
 2.100  802.5  90  78  87  -1.563 330.0  30.0  805
 2.100  805.0  90  78  87   4.688 330.0  30.0  790
 2.100  810.0  90  78  87  -1.563   0.0   0.0  804
 2.100 1005.0  90  78  87   1.563 330.0  30.0  999
 2.100 1047.5  90  78  87   1.563   0.0   0.0 1057
 2.100 1100.0  90  78  87  -4.688 330.0  30.0 1086
 2.125   92.5  90  60  87  -1.563   0.0   0.0   98
 2.125   95.0  90  60  84   1.563   0.0   0.0   98
 2.125  105.0  90  60  69   1.563   0.0   0.0  112
 2.150   92.5  90  72  87   1.563   0.0   0.0   97
 2.150   95.0  90  72  81   1.563   0.0   0.0   98
 2.150  347.5  90  72  81   1.563  30.0  30.0  337
 2.150  377.5  90  72  81   1.563  90.0  30.0  380
 2.150  387.5  90  72  81  -4.688  90.0  30.0  374
 2.150   90.0 -90  60  69   1.563 150.0  30.0   83
 2.150   95.0 -90  60  69  -1.563  90.0  30.0  100
 2.150  100.0 -90  60  69  -4.688  90.0  30.0  110
 2.150  122.5 -90  60  69  -1.563  90.0  30.0  130
 2.150  150.0 -90  60  69   4.688  30.0  30.0  157
 2.150  165.0 -90  60  69   4.688  90.0  30.0  157
 2.150  595.0 -90  60  69   1.563  90.0  30.0  583
 2.150  600.0 -90  60  69  -1.563  30.0  30.0  604
 2.150  610.0 -90  60  69   1.563  30.0  30.0  618
 2.150  615.0 -90  60  69  -1.563  90.0  30.0  611
 2.150  620.0 -90  60  69   4.688  30.0  30.0  626
 2.150  625.0 -90  60  69   4.688  90.0  30.0  629
 2.150  630.0 -90  60  69   4.688  90.0  30.0  636
 2.150  635.0 -90  60  69   4.688   0.0   0.0  645
 2.150  640.0 -90  60  72   1.563  30.0  30.0  636
 2.150  645.0 -90  60  69   1.563  30.0  30.0  653
 2.150  665.0 -90  60  69   1.563  30.0  30.0  665
 2.150  972.5 -90  60  69   4.688  90.0  30.0  963
 2.150  975.0 -90  60  69  -4.688  30.0  30.0  964
 2.150  990.0 -90  60  69  -4.688  30.0  30.0 1000
 2.150  995.0 -90  60  69   4.688  30.0  30.0 1007
 2.150 1067.5 -90  60  69   4.688 150.0  30.0 1057
 2.150 1080.0 -90  60  69  -1.563  30.0  30.0 1089
 2.150 1105.0 -90  60  69   4.688  90.0  30.0 1103
 2.150 1127.5 -90  60  69   4.688  90.0  30.0 1142
 2.150 1130.0 -90  60  69   4.688  90.0  30.0 1120
 2.150 1132.5 -90  60  69  -4.688  30.0  30.0 1141
 2.175   92.5  90  63  87   1.563   0.0   0.0   97
 2.175   95.0  90  63  84   1.563   0.0   0.0   98
 2.175  125.0 -90  60  69   4.688 330.0  30.0  140
 2.175  530.0 -90  60  69  -1.563 330.0  30.0  532
 2.175  690.0 -90  60  69   1.563 330.0  30.0  697
 2.175  710.0 -90  60  69  -4.688 330.0  30.0  699
 2.175  725.0 -90  60  69  -1.563 270.0  30.0  716
 2.175  730.0 -90  60  69   1.563 270.0  30.0  728
 2.175  735.0 -90  60  69   1.563 270.0  30.0  720
 2.175  740.0 -90  60  69   4.688 270.0  30.0  745
 2.175  750.0 -90  60  69   1.563 270.0  30.0  743
 2.175  755.0 -90  60  69   1.563 270.0  30.0  754
 2.175  760.0 -90  60  69  -1.563 270.0  30.0  753
 2.175  780.0 -90  60  69  -1.563 330.0  30.0  785
 2.200   92.5  90  57  84  -1.563   0.0   0.0   98
 2.200   95.0  90  57  84  -1.563   0.0   0.0   98
 2.200   97.5  90  57  69  -1.563   0.0   0.0  100
 2.200  102.5  90  57  66   1.563   0.0   0.0  108
 2.200  855.0  90  57  66   1.563  90.0  30.0  856
 2.200  885.0  90  57  66   1.563 150.0  30.0  895
 2.200 1230.0  90  57  66   1.563   0.0   0.0 1217
 2.200 1242.5  90  57  66  -4.688 150.0  30.0 1256
 2.200 1257.5  90  57  66  -4.688   0.0   0.0 1253
 2.200   85.0 -90  57  66   4.688 270.0  30.0   86
 2.225   92.5  90  57  84  -1.563   0.0   0.0   97
 2.225   95.0  90  57  84   1.563   0.0   0.0   98
 2.225   97.5  90  57  66  -1.563   0.0   0.0   99
 2.225  102.5  90  57  66  -1.563   0.0   0.0  106
 2.225  470.0  90  57  66   1.563 210.0  30.0  457
 2.225  180.0 -90  57  66   4.688 330.0  30.0  195
 2.225  237.5 -90  57  66  -4.688 270.0  30.0  241
 2.250   85.0  90  57  66   1.563   0.0   0.0   91
 2.250   92.5  90  57  84  -1.563   0.0   0.0   98
 2.250   95.0  90  57  84   1.563   0.0   0.0   98
 2.250   97.5  90  57  66   1.563   0.0   0.0  101
 2.250  102.5  90  57  66   1.563   0.0   0.0  107
 2.250  105.0  90  57  66   1.563   0.0   0.0  116
 2.250  880.0  90  57  66   4.688 150.0  30.0  891
 2.275   92.5  90  81 105  -1.563   0.0   0.0   96
 2.275   95.0  90  81 108  -1.563   0.0   0.0   96
 2.275   97.5  90  81  93  -1.563 150.0  30.0   98
 2.300   92.5  90  81 105  -1.563   0.0   0.0   98
 2.300   95.0  90  81 108  -1.563   0.0   0.0   98
 2.300  100.0  90  81  93  -1.563   0.0   0.0  105
 2.325   92.5  90  57  78  -1.563   0.0   0.0   97
 2.325   95.0  90  57  84   1.563   0.0   0.0   97
 2.325   97.5  90  57  72  -1.563   0.0   0.0   99
 2.325 1172.5  90  57  66  -1.563 150.0  30.0 1164
 2.350   92.5  90  57  78   1.563   0.0   0.0   99
 2.350   95.0  90  57  84  -1.563   0.0   0.0   99
 2.350 1145.0  90  57  66  -1.563   0.0   0.0 1146
 2.375   92.5  90  45  66   1.563   0.0   0.0   97
 2.375   95.0  90  45  72   1.563   0.0   0.0   97
 2.375   97.5  90  45  57   1.563   0.0   0.0   99
 2.400   92.5  90  45  69   1.563   0.0   0.0   99
 2.400   95.0  90  45  75   1.563   0.0   0.0   99
 2.400  100.0  90  45  57  -1.563   0.0   0.0  104
 2.425   92.5  90  69  93   1.563   0.0   0.0   97
 2.425   95.0  90  69  96  -1.563   0.0   0.0   97
 2.425   97.5  90  69  78   1.563 210.0  30.0   96
 2.425  100.0  90  69  84  -1.563   0.0   0.0  103
 2.425  102.5  90  69  81   1.563   0.0   0.0  104
 2.450   92.5  90  81  96   1.563 330.0  30.0  102
 2.450   95.0  90  81  96   1.563   0.0   0.0   99
 2.450  135.0  90  81  90  -4.688 330.0  30.0  145
 2.450  145.0  90  81  93  -4.688 330.0  30.0  154
 2.450  212.5  90  81  90   4.688 330.0  30.0  211
 2.450  222.5  90  81  90  -1.563 330.0  30.0  214
 2.450  247.5  90  81  90   4.688 330.0  30.0  240
 2.450  272.5  90  81  90   4.688 330.0  30.0  286
 2.450  280.0  90  81  90  -1.563 330.0  30.0  282
 2.450  310.0  90  81  90  -1.563 330.0  30.0  316
 2.450  315.0  90  81  90  -4.688 330.0  30.0  301
 2.450  330.0  90  81  90  -1.563 330.0  30.0  316
 2.450  345.0  90  81  93   4.688 330.0  30.0  345
 2.450  355.0  90  81  90  -1.563 330.0  30.0  340
 2.450  375.0  90  81  90   1.563 330.0  30.0  370
 2.450  512.5  90  81  90   4.688 330.0  30.0  505
 2.450  515.0  90  81  90  -4.688 330.0  30.0  512
 2.450  527.5  90  81  90   1.563 330.0  30.0  540
 2.450  547.5  90  81  90  -4.688 330.0  30.0  549
 2.450  550.0  90  81  90   1.563 330.0  30.0  564
 2.450  557.5  90  81  90  -4.688 330.0  30.0  562
 2.450  562.5  90  81  90   1.563 330.0  30.0  564
 2.450  580.0  90  81  90   4.688 330.0  30.0  591
 2.450  597.5  90  81  93  -1.563 330.0  30.0  597
 2.450  600.0  90  81  90   4.688 330.0  30.0  609
 2.450  605.0  90  81  93   1.563 330.0  30.0  599
 2.450  607.5  90  81  90   1.563 330.0  30.0  617
 2.450  635.0  90  81  90  -4.688   0.0   0.0  645
 2.450  647.5  90  81  90  -4.688 330.0  30.0  652
 2.450  650.0  90  81  90  -1.563 330.0  30.0  662
 2.450  657.5  90  81  90  -1.563 330.0  30.0  671
 2.450  660.0  90  81  90   4.688 330.0  30.0  646
 2.450  662.5  90  81  90   1.563 330.0  30.0  672
 2.450  957.5  90  81  90   1.563 330.0  30.0  947
 2.450 1022.5  90  81  90  -1.563 330.0  30.0 1032
 2.450 1030.0  90  81  90   1.563 330.0  30.0 1039
 2.450 1032.5  90  81  93  -4.688 330.0  30.0 1035
 2.450 1037.5  90  81  90  -4.688 330.0  30.0 1024
 2.450 1042.5  90  81  93   1.563 330.0  30.0 1052
 2.450 1045.0  90  81  90  -4.688 330.0  30.0 1058
 2.450 1047.5  90  81  90  -4.688 330.0  30.0 1034
 2.450 1052.5  90  81  90  -4.688 330.0  30.0 1065
 2.450 1060.0  90  81  93   1.563 330.0  30.0 1068
 2.450 1065.0  90  81  93   1.563 330.0  30.0 1051
 2.450 1067.5  90  81  93   1.563 330.0  30.0 1082
 2.450 1070.0  90  81  93   1.563 330.0  30.0 1078
 2.450 1075.0  90  81  90   1.563 330.0  30.0 1083
 2.450 1077.5  90  81  90  -1.563 330.0  30.0 1085
 2.450 1080.0  90  81  90  -4.688 330.0  30.0 1094
 2.450 1082.5  90  81  90   1.563 330.0  30.0 1086
 2.450 1085.0  90  81  90   1.563 330.0  30.0 1084
 2.450 1090.0  90  81  90   4.688 330.0  30.0 1087
 2.450 1092.5  90  81  93   1.563 330.0  30.0 1101
 2.450 1095.0  90  81  90  -1.563 330.0  30.0 1097
 2.450 1097.5  90  81  90  -4.688 330.0  30.0 1105
 2.450 1100.0  90  81  93  -1.563 330.0  30.0 1101
 2.450 1110.0  90  81  90   4.688 330.0  30.0 1107
 2.450 1120.0  90  81  90   1.563 330.0  30.0 1116
 2.450 1220.0  90  81  93  -1.563 330.0  30.0 1217
 2.450 1225.0  90  81  90   1.563 330.0  30.0 1212
 2.450 1230.0  90  81  90  -4.688 330.0  30.0 1234
 2.450 1232.5  90  81  93   4.688 330.0  30.0 1228
 2.450 1235.0  90  81  96   4.688 330.0  30.0 1236
 2.450 1237.5  90  81  93  -1.563 330.0  30.0 1241
 2.450 1240.0  90  81  93  -4.688 330.0  30.0 1233
 2.450 1242.5  90  81  90   1.563 330.0  30.0 1256
 2.450 1245.0  90  81  90   4.688 270.0  30.0 1232
 2.450 1250.0  90  81  93   1.563 330.0  30.0 1237
 2.450 1252.5  90  81  93  -1.563 330.0  30.0 1250
 2.450 1255.0  90  81  93   1.563 330.0  30.0 1240
 2.450 1257.5  90  81  96   4.688 330.0  30.0 1266
 2.450 1260.0  90  81  99   4.688 330.0  30.0 1253
 2.450 1262.5  90  81  90   1.563 330.0  30.0 1277
 2.450 1265.0  90  81  93   4.688 330.0  30.0 1260
 2.450 1267.5  90  81  96   1.563 330.0  30.0 1267
 2.450 1270.0  90  81  93  -1.563 330.0  30.0 1269
 2.450 1272.5  90  81  90  -4.688 330.0  30.0 1268
 2.450 1275.0  90  81  99   1.563 330.0  30.0 1288
 2.450 1277.5  90  81  93  -4.688 330.0  30.0 1291
 2.450 1280.0  90  81  93   1.563 330.0  30.0 1286
 2.450 1282.5  90  81  96   4.688 330.0  30.0 1271
 2.450 1315.0  90  81  90  -4.688 330.0  30.0 1312
 2.450  152.5 -90  87  96   1.563 330.0  30.0  158
 2.450  232.5 -90  87  96  -4.688 330.0  30.0  228
 2.450  245.0 -90  87  96  -4.688 330.0  30.0  259
 2.450  247.5 -90  87  99   4.688 330.0  30.0  251
 2.450  257.5 -90  87  96  -1.563 330.0  30.0  243
 2.450  270.0 -90  87  96   4.688 330.0  30.0  259
 2.450  272.5 -90  87  96   4.688 330.0  30.0  273
 2.450  275.0 -90  87  96  -1.563 330.0  30.0  264
 2.450  297.5 -90  87  99   1.563 330.0  30.0  306
 2.450  300.0 -90  87  96   4.688 330.0  30.0  302
 2.450  320.0 -90  87  96  -4.688 330.0  30.0  321
 2.450  322.5 -90  87  96  -1.563 330.0  30.0  327
 2.450  342.5 -90  87  96  -4.688 330.0  30.0  338
 2.450  350.0 -90  87  96   1.563 330.0  30.0  350
 2.475   92.5  90  84 102  -1.563   0.0   0.0   96
 2.475   95.0  90  84 111   1.563   0.0   0.0  108
 2.475  100.0  90  84  93  -1.563   0.0   0.0   86
 2.475  102.5  90  84  93  -1.563   0.0   0.0  103
 2.525   80.0  90  66  75   4.688  90.0  30.0   76
 2.525   95.0  90  66  84   1.563   0.0   0.0   99
 2.525   97.5  90  66  81  -1.563   0.0   0.0  100
 2.525  100.0  90  66  78   1.563   0.0   0.0  107
 2.525  140.0  90  66  75  -4.688  90.0  30.0  141
 2.525  150.0  90  66  75  -4.688   0.0   0.0  150
 2.525  222.5  90  66  75   4.688  90.0  30.0  220
 2.525  227.5  90  66  75   1.563  90.0  30.0  227
 2.525  232.5  90  66  75   1.563  90.0  30.0  223
 2.525  252.5  90  66  81  -1.563  90.0  30.0  251
 2.525  267.5  90  66  78  -1.563  90.0  30.0  275
 2.525  272.5  90  66  75  -1.563  90.0  30.0  265
 2.525  277.5  90  66  75  -4.688  90.0  30.0  290
 2.525  287.5  90  66  75   1.563  90.0  30.0  292
 2.525  297.5  90  66  75   1.563  90.0  30.0  304
 2.525  610.0  90  66  75  -4.688  90.0  30.0  604
 2.525  630.0  90  66  75   1.563  90.0  30.0  626
 2.525  835.0  90  66  75   1.563  90.0  30.0  844
 2.525  840.0  90  66  75   1.563  90.0  30.0  841
 2.525  855.0  90  66  75  -1.563  30.0  30.0  846
 2.525  860.0  90  66  75  -4.688  30.0  30.0  847
 2.525  865.0  90  66  75  -4.688  30.0  30.0  860
 2.525  870.0  90  66  75  -4.688  90.0  30.0  861
 2.525  905.0  90  66  75   4.688   0.0   0.0  899
 2.525 1172.5  90  66  75  -4.688  90.0  30.0 1184
 2.525 1180.0  90  66  75   1.563  90.0  30.0 1166
 2.525 1205.0  90  66  75   1.563  90.0  30.0 1208
 2.525 1210.0  90  66  75  -4.688   0.0   0.0 1224
 2.525 1237.5  90  66  75  -1.563  90.0  30.0 1245
 2.525 1247.5  90  66  75  -4.688  90.0  30.0 1251
 2.525  745.0 -90  69  78   1.563  30.0  30.0  731
 2.525  765.0 -90  69  78  -4.688  90.0  30.0  752
 2.525  970.0 -90  69  78  -1.563  90.0  30.0  975
 2.525 1025.0 -90  69  78   4.688  90.0  30.0 1019
 2.550   95.0  90  57  78  -1.563   0.0   0.0  101
 2.550   97.5  90  57  87   1.563   0.0   0.0  101
 2.550  100.0  90  57  78  -1.563   0.0   0.0  104
 2.550  105.0  90  57  66  -1.563   0.0   0.0  109
 2.575   82.5  90  60  72   4.688   0.0   0.0   90
 2.575   95.0  90  60  75  -1.563   0.0   0.0  100
 2.575   97.5  90  60  84   1.563   0.0   0.0  100
 2.575  100.0  90  60  72  -1.563   0.0   0.0  106
 2.575  102.5  90  60  69  -1.563   0.0   0.0  102
 2.575  112.5  90  60  72  -4.688   0.0   0.0  113
 2.575  117.5  90  60  72  -1.563  30.0  30.0  114
 2.575  122.5  90  60  72   4.688   0.0   0.0  130
 2.575  127.5  90  60  69  -1.563   0.0   0.0  114
 2.575  132.5  90  60  72   4.688  30.0  30.0  143
 2.575  137.5  90  60  72   4.688   0.0   0.0  128
 2.575  142.5  90  60  72  -1.563   0.0   0.0  129
 2.575  147.5  90  60  72   4.688   0.0   0.0  155
 2.575  152.5  90  60  72  -1.563   0.0   0.0  147
 2.575  157.5  90  60  72   1.563   0.0   0.0  147
 2.575  162.5  90  60  72  -4.688  30.0  30.0  176
 2.575  165.0  90  60  69  -1.563   0.0   0.0  177
 2.575  167.5  90  60  72   1.563   0.0   0.0  158
 2.575  170.0  90  60  69   1.563  90.0  30.0  155
 2.575  172.5  90  60  72   1.563   0.0   0.0  159
 2.575  177.5  90  60  72  -4.688  30.0  30.0  165
 2.575  182.5  90  60  69   1.563   0.0   0.0  195
 2.575  185.0  90  60  69   4.688   0.0   0.0  196
 2.575  187.5  90  60  69   4.688 330.0  30.0  202
 2.575  190.0  90  60  69  -4.688   0.0   0.0  184
 2.575  195.0  90  60  69  -1.563   0.0   0.0  196
 2.575  205.0  90  60  69   1.563  30.0  30.0  192
 2.575  215.0  90  60  72   1.563  30.0  30.0  230
 2.575  220.0  90  60  69   1.563   0.0   0.0  220
 2.575  230.0  90  60  69  -1.563   0.0   0.0  222
 2.575  240.0  90  60  69   1.563   0.0   0.0  250
 2.575  292.5  90  60  69  -1.563   0.0   0.0  292
 2.575  322.5  90  60  69   4.688   0.0   0.0  317
 2.575  327.5  90  60  69  -1.563   0.0   0.0  341
 2.575  402.5  90  60  69  -1.563   0.0   0.0  405
 2.575  405.0  90  60  72   1.563   0.0   0.0  412
 2.575  410.0  90  60  72  -1.563   0.0   0.0  415
 2.575  412.5  90  60  69   1.563   0.0   0.0  412
 2.575  420.0  90  60  69  -4.688   0.0   0.0  413
 2.575  432.5  90  60  69   1.563  30.0  30.0  427
 2.575  445.0  90  60  75   4.688   0.0   0.0  448
 2.575  447.5  90  60  69  -1.563 330.0  30.0  447
 2.575  450.0  90  60  72   1.563   0.0   0.0  444
 2.575  457.5  90  60  69   4.688   0.0   0.0  463
 2.575  460.0  90  60  72   4.688   0.0   0.0  467
 2.575  475.0  90  60  69   4.688   0.0   0.0  483
 2.575  485.0  90  60  69   1.563  90.0  30.0  472
 2.575  490.0  90  60  69   4.688   0.0   0.0  501
 2.575  495.0  90  60  72   4.688   0.0   0.0  480
 2.575  530.0  90  60  69   4.688   0.0   0.0  530
 2.575  545.0  90  60  69  -1.563   0.0   0.0  531
 2.575  600.0  90  60  69  -1.563  30.0  30.0  604
 2.575  620.0  90  60  72   1.563   0.0   0.0  624
 2.575  625.0  90  60  69   1.563   0.0   0.0  632
 2.575  635.0  90  60  69   1.563  30.0  30.0  643
 2.575  640.0  90  60  69   1.563   0.0   0.0  644
 2.575  645.0  90  60  72   1.563   0.0   0.0  641
 2.575  650.0  90  60  69  -1.563   0.0   0.0  656
 2.575  655.0  90  60  69   1.563   0.0   0.0  640
 2.575  665.0  90  60  69   1.563   0.0   0.0  660
 2.575  670.0  90  60  69   1.563   0.0   0.0  657
 2.575  675.0  90  60  69  -4.688  30.0  30.0  671
 2.575 1025.0  90  60  69   4.688   0.0   0.0 1038
 2.575 1030.0  90  60  69   4.688  30.0  30.0 1020
 2.575 1035.0  90  60  69   4.688   0.0   0.0 1032
 2.575 1060.0  90  60  69  -4.688   0.0   0.0 1060
 2.575 1065.0  90  60  69   1.563   0.0   0.0 1065
 2.575 1075.0  90  60  69   1.563   0.0   0.0 1066
 2.575 1095.0  90  60  69  -4.688  30.0  30.0 1080
 2.575 1100.0  90  60  72   1.563  90.0  30.0 1097
 2.575 1135.0  90  60  69   1.563   0.0   0.0 1138
 2.575 1145.0  90  60  69   1.563   0.0   0.0 1131
 2.575 1150.0  90  60  69   1.563   0.0   0.0 1155
 2.575 1165.0  90  60  69  -1.563   0.0   0.0 1161
 2.575  212.5 -90  57  66   1.563  30.0  30.0  207
 2.575  242.5 -90  57  66  -1.563  30.0  30.0  257
 2.575  247.5 -90  57  66  -1.563  30.0  30.0  251
 2.575  252.5 -90  57  66   4.688  30.0  30.0  256
 2.575  257.5 -90  57  66  -1.563  30.0  30.0  260
 2.575  267.5 -90  57  69  -1.563  30.0  30.0  260
 2.575  277.5 -90  57  66   4.688   0.0   0.0  282
 2.575  357.5 -90  57  66  -1.563   0.0   0.0  348
 2.575  362.5 -90  57  66  -4.688   0.0   0.0  350
 2.575  380.0 -90  57  66  -1.563 150.0  30.0  385
 2.575  382.5 -90  57  66  -1.563  90.0  30.0  397
 2.575  385.0 -90  57  66  -1.563  30.0  30.0  376
 2.575  390.0 -90  57  66  -4.688   0.0   0.0  383
 2.575  752.5 -90  57  66   1.563   0.0   0.0  752
 2.575  797.5 -90  57  66   1.563   0.0   0.0  787
 2.575  812.5 -90  57  66  -1.563  90.0  30.0  801
 2.575  830.0 -90  57  66  -4.688  30.0  30.0  831
 2.575  840.0 -90  57  66   4.688  90.0  30.0  834
 2.575  842.5 -90  57  66   4.688  30.0  30.0  851
 2.575  845.0 -90  57  66  -4.688   0.0   0.0  843
 2.575  855.0 -90  57  69   4.688  90.0  30.0  859
 2.575  860.0 -90  57  66  -1.563  30.0  30.0  868
 2.575  875.0 -90  57  66  -1.563  30.0  30.0  878
 2.575  885.0 -90  57  66   4.688   0.0   0.0  875
 2.575  890.0 -90  57  66   1.563   0.0   0.0  890
 2.575  895.0 -90  57  66  -1.563  90.0  30.0  903
 2.575  900.0 -90  57  66   4.688   0.0   0.0  910
 2.575  905.0 -90  57  66   4.688   0.0   0.0  898
 2.575  910.0 -90  57  69   4.688  30.0  30.0  897
 2.575  915.0 -90  57  66  -4.688  90.0  30.0  907
 2.575  937.5 -90  57  66  -1.563   0.0   0.0  929
 2.575  962.5 -90  57  66  -1.563  90.0  30.0  956
 2.575  967.5 -90  57  66   4.688  30.0  30.0  971
 2.575  982.5 -90  57  66   1.563   0.0   0.0  987
 2.575  985.0 -90  57  66  -4.688   0.0   0.0  984
 2.575 1000.0 -90  57  66   4.688   0.0   0.0 1014
 2.575 1007.5 -90  57  66  -4.688  90.0  30.0  994
 2.575 1010.0 -90  57  66   4.688  30.0  30.0 1005
 2.575 1012.5 -90  57  66  -1.563   0.0   0.0 1026
 2.575 1017.5 -90  57  66   1.563  30.0  30.0 1026
 2.575 1020.0 -90  57  66  -1.563  90.0  30.0 1007
 2.575 1022.5 -90  57  66   4.688  90.0  30.0 1020
 2.575 1025.0 -90  57  66  -1.563  90.0  30.0 1039
 2.575 1027.5 -90  57  69  -1.563   0.0   0.0 1013
 2.575 1030.0 -90  57  66   4.688   0.0   0.0 1040
 2.575 1032.5 -90  57  69  -1.563  30.0  30.0 1039
 2.575 1035.0 -90  57  66  -1.563  90.0  30.0 1039
 2.575 1037.5 -90  57  69  -1.563  90.0  30.0 1039
 2.575 1040.0 -90  57  66   4.688  90.0  30.0 1052
 2.575 1042.5 -90  57  69   1.563   0.0   0.0 1045
 2.575 1045.0 -90  57  66   1.563   0.0   0.0 1047
 2.575 1047.5 -90  57  69  -4.688  30.0  30.0 1033
 2.575 1052.5 -90  57  66  -1.563  30.0  30.0 1044
 2.575 1055.0 -90  57  66  -1.563  90.0  30.0 1062
 2.575 1057.5 -90  57  69  -1.563  90.0  30.0 1069
 2.575 1062.5 -90  57  66  -1.563  90.0  30.0 1064
 2.575 1070.0 -90  57  69   1.563  30.0  30.0 1058
 2.575 1072.5 -90  57  72  -4.688  30.0  30.0 1066
 2.575 1077.5 -90  57  69   1.563   0.0   0.0 1079
 2.575 1082.5 -90  57  66  -1.563   0.0   0.0 1073
 2.575 1117.5 -90  57  66   4.688   0.0   0.0 1127
 2.575 1135.0 -90  57  66  -4.688  30.0  30.0 1125
 2.575 1267.5 -90  57  69  -4.688  30.0  30.0 1267
 2.575 1272.5 -90  57  72   1.563  30.0  30.0 1270
 2.575 1275.0 -90  57  66  -1.563  30.0  30.0 1269
 2.575 1277.5 -90  57  69  -1.563   0.0   0.0 1284
 2.575 1282.5 -90  57  72  -4.688   0.0   0.0 1284
 2.600   97.5  90  63  84   1.563   0.0   0.0  103
 2.600  100.0  90  63  84  -1.563   0.0   0.0  103
 2.625   97.5  90  66  78  -1.563   0.0   0.0  105
 2.625  100.0  90  66  81  -1.563   0.0   0.0  105
 2.650   97.5  90  63  75  -1.563   0.0   0.0  103
 2.650  100.0  90  63  81   1.563   0.0   0.0  104
 2.675   97.5  90  63  81   1.563   0.0   0.0  102
 2.675  100.0  90  63  81   1.563   0.0   0.0  102
 2.700   97.5  90  63  81   1.563   0.0   0.0  103
 2.700  100.0  90  63  81  -1.563   0.0   0.0  103
 2.725   97.5  90  45  66   1.563   0.0   0.0  103
 2.725  100.0  90  45  72   1.563   0.0   0.0  103
 2.725  102.5  90  45  60  -1.563   0.0   0.0  106
 2.750   97.5  90  45  66  -1.563   0.0   0.0  103
 2.750  100.0  90  45  69   1.563   0.0   0.0  104
 2.750  102.5  90  45  57  -1.563 210.0  30.0  106
 2.750  105.0  90  45  54   1.563   0.0   0.0  110
 2.775   97.5  90  45  63  -1.563   0.0   0.0  101
 2.775  100.0  90  45  63  -1.563   0.0   0.0  101
 2.775  102.5  90  45  57   1.563   0.0   0.0  104
 2.775  665.0  90  45  54   4.688   0.0   0.0  679
 2.775  670.0  90  45  54  -4.688   0.0   0.0  670
 2.775  675.0  90  45  54  -4.688 150.0  30.0  673
 2.775  680.0  90  45  54   4.688  90.0  30.0  666
 2.775  685.0  90  45  54   4.688  90.0  30.0  678
 2.775  705.0  90  45  54  -4.688 150.0  30.0  714
 2.775  730.0  90  45  54   1.563   0.0   0.0  733
 2.775  735.0  90  45  54   4.688 150.0  30.0  726
 2.800   97.5  90  45  57  -1.563   0.0   0.0  102
 2.800  100.0  90  45  60  -1.563   0.0   0.0  104
 2.800  102.5  90  45  57  -1.563 150.0  30.0  106
 2.825   97.5  90  69  78  -1.563  90.0  30.0  101
 2.825  100.0  90  69  87  -1.563   0.0   0.0  105
 2.825  102.5  90  69  84  -1.563   0.0   0.0  106
 2.825 1147.5  90  69  78   1.563 150.0  30.0 1151
 2.825 1162.5  90  69  78   4.688 150.0  30.0 1160
 2.825 1172.5  90  69  78   1.563 150.0  30.0 1184
 2.825 1177.5  90  69  78   1.563 150.0  30.0 1184
 2.825 1197.5  90  69  78   1.563 150.0  30.0 1198
 2.850   97.5  90  69  81   1.563   0.0   0.0  103
 2.850  100.0  90  69  87  -1.563   0.0   0.0  104
 2.850  102.5  90  69  78  -1.563   0.0   0.0  108
 2.875   97.5  90  42  51  -1.563   0.0   0.0  102
 2.875  100.0  90  42  63  -1.563   0.0   0.0  103
 2.875  102.5  90  42  57   1.563   0.0   0.0  106
 2.875  395.0 -90  42  51   1.563 270.0  30.0  384
 2.900  100.0  90  42  63  -1.563   0.0   0.0  105
 2.900  102.5  90  42  54  -1.563   0.0   0.0  104
 2.925  100.0  90  66  87  -1.563 270.0  30.0  105
 2.925  102.5  90  66  84  -1.563 270.0  30.0  105
 2.950 1192.5  90  87  96   1.563 150.0  30.0 1180
 2.975   97.5  90  72  81   1.563   0.0   0.0  103
 2.975  102.5  90  72  84  -1.563   0.0   0.0  107
 2.975 1020.0  90  72  81   4.688 330.0  30.0 1033
 3.000   97.5  90  69  81   1.563   0.0   0.0  103
 3.000  100.0  90  69  81   1.563   0.0   0.0  105
 3.000  102.5  90  69  81  -1.563   0.0   0.0  106
 3.000  105.0  90  69  78  -1.563   0.0   0.0  108
 3.000  107.5  90  69  78   1.563   0.0   0.0  112
 3.025   97.5  90  57  66  -1.563   0.0   0.0  102
 3.025  100.0  90  57  66   1.563   0.0   0.0  104
 3.025  102.5  90  57  75   1.563   0.0   0.0  107
 3.025  105.0  90  57  66   1.563   0.0   0.0  107
 3.025  110.0  90  57  66   1.563   0.0   0.0  113
 3.050   82.5  90  57  66  -1.563 210.0  30.0   74
 3.050   87.5  90  57  66   1.563 330.0  30.0   84
 3.050   97.5  90  57  66   4.688 270.0  30.0  109
 3.050  100.0  90  57  66   1.563   0.0   0.0  108
 3.050  102.5  90  57  75   1.563   0.0   0.0  106
 3.050  107.5  90  57  66   4.688 330.0  30.0  109
 3.050  112.5  90  57  66   4.688 330.0  30.0  108
 3.050  117.5  90  57  66   1.563 330.0  30.0  126
 3.050  122.5  90  57  66   1.563 330.0  30.0  128
 3.050  222.5  90  57  66  -1.563 150.0  30.0  224
 3.050  267.5  90  57  66  -4.688 330.0  30.0  254
 3.050  287.5  90  57  66   4.688 150.0  30.0  299
 3.050  297.5  90  57  66   1.563   0.0   0.0  305
 3.050  372.5  90  57  69  -1.563 330.0  30.0  385
 3.050  395.0  90  57  66   1.563 150.0  30.0  389
 3.050  405.0  90  57  66  -1.563 150.0  30.0  405
 3.050  410.0  90  57  66  -1.563 270.0  30.0  412
 3.050  425.0  90  57  66   4.688 330.0  30.0  434
 3.050  435.0  90  57  69   4.688 270.0  30.0  426
 3.050  445.0  90  57  66  -1.563 270.0  30.0  458
 3.050  455.0  90  57  66  -4.688 150.0  30.0  466
 3.050  465.0  90  57  66   4.688 330.0  30.0  476
 3.050  497.5  90  57  66  -4.688 330.0  30.0  498
 3.050  762.5  90  57  66   1.563 270.0  30.0  759
 3.050  767.5  90  57  66  -4.688 330.0  30.0  755
 3.050  772.5  90  57  66   1.563 330.0  30.0  777
 3.050  792.5  90  57  66   4.688 270.0  30.0  781
 3.050  807.5  90  57  66  -4.688 270.0  30.0  795
 3.050  812.5  90  57  66  -4.688 330.0  30.0  800
 3.050   82.5 -90  60  69   4.688 270.0  30.0   73
 3.050   92.5 -90  60  69   4.688 330.0  30.0   79
 3.050  280.0 -90  60  69  -4.688 330.0  30.0  282
 3.050  770.0 -90  60  69   1.563 150.0  30.0  781
 3.050  892.5 -90  60  69   1.563 330.0  30.0  896
 3.050  992.5 -90  60  69  -1.563 270.0  30.0  991
 3.050 1270.0 -90  60  69  -1.563 270.0  30.0 1266
 3.050 1280.0 -90  60  69  -1.563 210.0  30.0 1292
 3.075   85.0  90  48  57  -4.688 210.0  30.0   87
 3.075  102.5  90  48  60   1.563   0.0   0.0  108
 3.075  105.0  90  48  57   1.563   0.0   0.0  109
 3.075  110.0  90  48  57  -1.563   0.0   0.0  115
 3.075  882.5  90  48  57   1.563  30.0  30.0  893
 3.075  942.5  90  48  57  -4.688 150.0  30.0  932
 3.075  947.5  90  48  57   4.688 270.0  30.0  936
 3.075  952.5  90  48  57  -4.688   0.0   0.0  963
 3.075   87.5 -90  45  54  -1.563  90.0  30.0   86
 3.075  100.0 -90  45  54  -1.563  90.0  30.0   91
 3.075  112.5 -90  45  54  -1.563  30.0  30.0  100
 3.100  100.0  90  45  54  -1.563 330.0  30.0  105
 3.100  102.5  90  45  63  -1.563   0.0   0.0  107
 3.100  105.0  90  45  66   1.563   0.0   0.0  108
 3.100  107.5  90  45  57  -1.563   0.0   0.0  110
 3.100  110.0  90  45  54  -1.563   0.0   0.0  114
 3.100  112.5  90  45  54  -1.563   0.0   0.0  117
 3.100  220.0  90  45  54   1.563   0.0   0.0  217
 3.100 1175.0 -90  45  54  -1.563 270.0  30.0 1177
 3.100 1230.0 -90  45  54   1.563 270.0  30.0 1241
 3.125  105.0  90  54  69   1.563   0.0   0.0  109
 3.150  105.0  90  54  63   1.563   0.0   0.0  111
 3.175  100.0  90  75  84  -1.563   0.0   0.0  107
 3.175  102.5  90  75  87   1.563   0.0   0.0  107
 3.175  105.0  90  75  90  -1.563   0.0   0.0  110
 3.175  107.5  90  75  87  -1.563   0.0   0.0  111
 3.175  115.0  90  75  84  -1.563   0.0   0.0  119
 3.200  100.0  90  72  84  -1.563   0.0   0.0  104
 3.200  102.5  90  72  81   1.563   0.0   0.0  110
 3.200  105.0  90  72  90  -1.563   0.0   0.0  108
 3.200  110.0  90  72  81  -1.563 330.0  30.0  114
 3.200  112.5  90  72  87   1.563   0.0   0.0  115
 3.200  115.0  90  72  81  -1.563   0.0   0.0  120
 3.225  102.5  90  54  66  -1.563   0.0   0.0  107
 3.225  232.5  90  54  63  -4.688 330.0  30.0  234
 3.225  240.0  90  54  63  -1.563 150.0  30.0  228
 3.225  260.0  90  54  63   4.688 150.0  30.0  248
 3.250   97.5  90  48  60  -1.563   0.0   0.0  102
 3.250  100.0  90  48  60  -1.563   0.0   0.0  105
 3.250  102.5  90  48  57  -1.563   0.0   0.0  105
 3.250  105.0  90  48  63   1.563   0.0   0.0  108
 3.250  107.5  90  48  60  -1.563   0.0   0.0  111
 3.250  110.0  90  48  60  -1.563   0.0   0.0  113
 3.250  112.5  90  48  57  -1.563   0.0   0.0  118
 3.250  115.0  90  48  63   1.563   0.0   0.0  118
 3.250  575.0  90  48  57   1.563 270.0  30.0  567
 3.250  610.0  90  48  57   4.688 270.0  30.0  624
 3.250  622.5  90  48  57   1.563 270.0  30.0  627
 3.250  642.5  90  48  57   4.688 270.0  30.0  650
 3.250  735.0  90  48  57  -4.688 270.0  30.0  736
 3.275   97.5  90  45  63   1.563   0.0   0.0  103
 3.275  100.0  90  45  69   1.563   0.0   0.0  105
 3.275  102.5  90  45  63  -1.563   0.0   0.0  106
 3.275  105.0  90  45  57  -1.563 150.0  30.0  110
 3.275  107.5  90  45  60   1.563 330.0  30.0  110
 3.275  112.5  90  45  60  -1.563   0.0   0.0  118
 3.275  115.0  90  45  60   1.563   0.0   0.0  119
 3.275  117.5  90  45  54   1.563   0.0   0.0  121
 3.300   95.0  90  45  54  -1.563   0.0   0.0  101
 3.300   97.5  90  45  63   1.563   0.0   0.0  101
 3.300  100.0  90  45  66  -1.563   0.0   0.0  106
 3.300  102.5  90  45  69   1.563   0.0   0.0  106
 3.300  105.0  90  45  57  -1.563 150.0  30.0  110
 3.300  107.5  90  45  63  -1.563   0.0   0.0  112
 3.300  110.0  90  45  54   1.563 270.0  30.0  114
 3.300  112.5  90  45  57  -1.563   0.0   0.0  116
 3.300  205.0  90  45  54  -4.688   0.0   0.0  196
 3.300  210.0  90  45  54  -1.563   0.0   0.0  201
 3.300  225.0  90  45  54   4.688 150.0  30.0  232
 3.325   97.5  90  36  48   1.563   0.0   0.0  103
 3.325  100.0  90  36  57   1.563   0.0   0.0  104
 3.325  102.5  90  36  54   1.563   0.0   0.0  105
 3.325  107.5  90  36  48  -1.563 330.0  30.0  109
 3.325  110.0  90  36  51   1.563   0.0   0.0  114
 3.325  112.5  90  36  48  -1.563 150.0  30.0  116
 3.350  100.0  90  48  57  -1.563   0.0   0.0  102
 3.350  260.0  90  48  57   4.688 150.0  30.0  260
 3.350  265.0  90  48  57   4.688 150.0  30.0  277
 3.350  275.0  90  48  57  -1.563 150.0  30.0  290
 3.350  295.0  90  48  57   1.563 150.0  30.0  284
 3.350  935.0  90  48  57  -1.563 150.0  30.0  936
 3.350  990.0  90  48  60  -1.563 150.0  30.0  977
 3.350 1015.0  90  48  57  -4.688 150.0  30.0 1007
 3.350 1205.0  90  48  57   1.563 150.0  30.0 1195
 3.350 1252.5  90  48  60   4.688 150.0  30.0 1238
 3.350 1255.0  90  48  60  -4.688 150.0  30.0 1256
 3.350 1257.5  90  48  57  -1.563 150.0  30.0 1263
 3.350 1262.5  90  48  60   4.688 150.0  30.0 1257
 3.350 1272.5  90  48  60   4.688 150.0  30.0 1277
 3.350 1277.5  90  48  60  -4.688 150.0  30.0 1279
 3.350 1282.5  90  48  57   1.563 150.0  30.0 1276
 3.350 1327.5  90  48  57   4.688 150.0  30.0 1328
 3.350  112.5 -90  48  57   4.688 150.0  30.0  127
 3.350  157.5 -90  48  57  -1.563 150.0  30.0  169
 3.350  190.0 -90  48  57   4.688 150.0  30.0  196
 3.350  235.0 -90  48  57  -1.563 150.0  30.0  240
 3.350  440.0 -90  48  57  -1.563 150.0  30.0  430
 3.350  612.5 -90  48  57   1.563 150.0  30.0  609
 3.350  800.0 -90  48  60  -1.563 150.0  30.0  797
 3.350  805.0 -90  48  57  -4.688 150.0  30.0  810
 3.350  825.0 -90  48  57  -1.563 150.0  30.0  812
 3.350  830.0 -90  48  57   1.563 150.0  30.0  836
 3.350  845.0 -90  48  57   4.688 150.0  30.0  833
 3.350  850.0 -90  48  57  -1.563 150.0  30.0  838
 3.350  865.0 -90  48  57  -4.688 150.0  30.0  856
 3.350  870.0 -90  48  57  -1.563 150.0  30.0  861
 3.350  935.0 -90  48  57   1.563 150.0  30.0  930
 3.350 1135.0 -90  48  60   4.688 150.0  30.0 1136
 3.350 1140.0 -90  48  57  -4.688 150.0  30.0 1128
 3.350 1150.0 -90  48  60  -1.563 150.0  30.0 1146
 3.350 1152.5 -90  48  57   4.688 150.0  30.0 1161
 3.350 1165.0 -90  48  57  -1.563 150.0  30.0 1163
 3.350 1167.5 -90  48  57  -1.563 150.0  30.0 1162
 3.350 1170.0 -90  48  57   1.563 150.0  30.0 1174
 3.350 1175.0 -90  48  57   4.688 150.0  30.0 1164
 3.375  105.0  90  66  75   1.563   0.0   0.0  110
 3.375  107.5  90  66  75  -1.563 330.0  30.0  109
 3.375  110.0  90  66  75  -1.563   0.0   0.0  116
 3.375  112.5  90  66  78  -1.563 150.0  30.0  119
 3.375  185.0  90  66  75   1.563 150.0  30.0  190
 3.375  435.0  90  66  78  -1.563 150.0  30.0  445
 3.375  440.0  90  66  75  -1.563 150.0  30.0  451
 3.375  567.5  90  66  75  -4.688 150.0  30.0  560
 3.375  575.0  90  66  75   1.563 150.0  30.0  563
 3.375  580.0  90  66  75  -1.563 150.0  30.0  581
 3.375  582.5  90  66  78  -1.563 150.0  30.0  594
 3.375  592.5  90  66  75   1.563 150.0  30.0  582
 3.375  612.5  90  66  75  -1.563 150.0  30.0  615
 3.375  622.5  90  66  75   4.688 150.0  30.0  627
 3.375  627.5  90  66  75   4.688 150.0  30.0  633
 3.375  637.5  90  66  75   1.563 150.0  30.0  642
 3.375  642.5  90  66  75  -1.563 150.0  30.0  629
 3.375  715.0  90  66  75  -1.563 150.0  30.0  713
 3.375  720.0  90  66  75  -1.563 150.0  30.0  732
 3.375  842.5  90  66  75   4.688 150.0  30.0  836
 3.375  862.5  90  66  75  -4.688 150.0  30.0  877
 3.375  892.5  90  66  75   4.688 150.0  30.0  906
 3.375  902.5  90  66  78  -1.563 150.0  30.0  888
 3.375  912.5  90  66  81   4.688 150.0  30.0  899
 3.375  917.5  90  66  84   4.688 150.0  30.0  911
 3.375  922.5  90  66  78   4.688 150.0  30.0  911
 3.375  927.5  90  66  75  -1.563 150.0  30.0  924
 3.375  932.5  90  66  78   1.563 150.0  30.0  924
 3.375  935.0  90  66  78   1.563 150.0  30.0  922
 3.375  937.5  90  66  78   1.563 150.0  30.0  947
 3.375  940.0  90  66  78  -1.563 150.0  30.0  930
 3.375  942.5  90  66  78   4.688 150.0  30.0  950
 3.375  945.0  90  66  78   4.688 150.0  30.0  957
 3.375  952.5  90  66  78  -1.563 150.0  30.0  957
 3.375  960.0  90  66  75   4.688 150.0  30.0  968
 3.375  962.5  90  66  75   1.563 150.0  30.0  961
 3.375  965.0  90  66  75  -1.563 150.0  30.0  972
 3.375  967.5  90  66  81  -4.688 150.0  30.0  978
 3.375  972.5  90  66  75  -4.688 150.0  30.0  986
 3.375  975.0  90  66  75   4.688 150.0  30.0  963
 3.375  100.0 -90  60  69  -1.563 330.0  30.0  105
 3.375  145.0 -90  60  69  -4.688 150.0  30.0  133
 3.375  382.5 -90  60  69   4.688 150.0  30.0  369
 3.375  390.0 -90  60  69  -1.563 150.0  30.0  405
 3.375  537.5 -90  60  69  -4.688 150.0  30.0  524
 3.375  562.5 -90  60  69  -1.563 330.0  30.0  568
 3.375  582.5 -90  60  69   4.688 150.0  30.0  596
 3.375  607.5 -90  60  69   1.563 150.0  30.0  604
 3.375  800.0 -90  60  69  -4.688 150.0  30.0  794
 3.375  825.0 -90  60  69   4.688 150.0  30.0  815
 3.375  840.0 -90  60  72   4.688 150.0  30.0  854
 3.375  842.5 -90  60  72  -4.688 150.0  30.0  850
 3.375  847.5 -90  60  75   4.688 150.0  30.0  844
 3.375  850.0 -90  60  69   1.563 150.0  30.0  839
 3.375  852.5 -90  60  72   4.688 150.0  30.0  858
 3.375  855.0 -90  60  69  -4.688 150.0  30.0  850
 3.375  860.0 -90  60  69  -1.563 150.0  30.0  860
 3.375  865.0 -90  60  75   4.688 150.0  30.0  873
 3.375  870.0 -90  60  72   4.688 150.0  30.0  858
 3.375  880.0 -90  60  72   1.563 150.0  30.0  879
 3.375  882.5 -90  60  72   1.563 150.0  30.0  896
 3.375  887.5 -90  60  72   4.688 150.0  30.0  898
 3.375  890.0 -90  60  72  -4.688 150.0  30.0  901
 3.375  892.5 -90  60  69  -4.688 150.0  30.0  882
 3.375  895.0 -90  60  75   1.563 150.0  30.0  908
 3.375  897.5 -90  60  72  -4.688 150.0  30.0  894
 3.375  900.0 -90  60  72  -4.688 150.0  30.0  914
 3.375  910.0 -90  60  75  -4.688 150.0  30.0  923
 3.375  915.0 -90  60  72   4.688 150.0  30.0  901
 3.375  922.5 -90  60  75   1.563 150.0  30.0  933
 3.375  925.0 -90  60  75  -1.563 150.0  30.0  938
 3.375  927.5 -90  60  72  -1.563 150.0  30.0  922
 3.375  930.0 -90  60  75  -1.563 150.0  30.0  937
 3.375  932.5 -90  60  72  -4.688 330.0  30.0  943
 3.375  935.0 -90  60  78  -1.563 150.0  30.0  922
 3.375  937.5 -90  60  75   4.688 150.0  30.0  946
 3.375  940.0 -90  60  75  -4.688 150.0  30.0  940
 3.375  945.0 -90  60  72  -4.688 150.0  30.0  943
 3.375  947.5 -90  60  69  -1.563 150.0  30.0  939
 3.375  952.5 -90  60  72  -4.688 150.0  30.0  967
 3.375  955.0 -90  60  75  -1.563 150.0  30.0  954
 3.375  957.5 -90  60  69   4.688 150.0  30.0  951
 3.375  960.0 -90  60  72  -4.688 150.0  30.0  969
 3.375  962.5 -90  60  69  -4.688 150.0  30.0  975
 3.375  965.0 -90  60  69  -1.563 150.0  30.0  973
 3.375  967.5 -90  60  69   1.563 150.0  30.0  971
 3.375  970.0 -90  60  69  -1.563 150.0  30.0  981
 3.375  972.5 -90  60  72   1.563 330.0  30.0  985
 3.375  975.0 -90  60  72   4.688 150.0  30.0  965
 3.375  977.5 -90  60  72  -1.563 150.0  30.0  986
 3.375  980.0 -90  60  72  -4.688 150.0  30.0  976
 3.375  982.5 -90  60  69  -1.563 150.0  30.0  997
 3.375  987.5 -90  60  72  -4.688 150.0  30.0  993
 3.375  990.0 -90  60  72   4.688 150.0  30.0  981
 3.375  992.5 -90  60  72   1.563 150.0  30.0 1001
 3.375 1020.0 -90  60  69   1.563 150.0  30.0 1022
 3.375 1022.5 -90  60  69  -1.563 150.0  30.0 1023
 3.375 1027.5 -90  60  72  -1.563 150.0  30.0 1031
 3.375 1032.5 -90  60  72   4.688 150.0  30.0 1029
 3.375 1040.0 -90  60  69  -1.563 150.0  30.0 1040
 3.375 1047.5 -90  60  72  -4.688 150.0  30.0 1043
 3.375 1057.5 -90  60  72  -4.688 150.0  30.0 1064
 3.375 1065.0 -90  60  69  -1.563 150.0  30.0 1063
 3.375 1070.0 -90  60  69  -1.563 150.0  30.0 1061
 3.375 1075.0 -90  60  72   4.688 150.0  30.0 1086
 3.375 1077.5 -90  60  69   4.688 330.0  30.0 1066
 3.375 1082.5 -90  60  72  -1.563 150.0  30.0 1096
 3.375 1090.0 -90  60  75   4.688 150.0  30.0 1090
 3.375 1092.5 -90  60  75   1.563 150.0  30.0 1095
 3.375 1095.0 -90  60  75  -1.563 150.0  30.0 1086
 3.375 1097.5 -90  60  69  -4.688 150.0  30.0 1099
 3.375 1100.0 -90  60  69  -1.563 270.0  30.0 1095
 3.375 1102.5 -90  60  72   1.563 150.0  30.0 1090
 3.375 1107.5 -90  60  72  -4.688 150.0  30.0 1104
 3.375 1110.0 -90  60  72  -4.688 150.0  30.0 1100
 3.375 1112.5 -90  60  78   4.688 150.0  30.0 1122
 3.375 1115.0 -90  60  72   4.688 150.0  30.0 1116
 3.375 1117.5 -90  60  72   1.563 150.0  30.0 1127
 3.375 1122.5 -90  60  69   4.688 150.0  30.0 1131
 3.375 1125.0 -90  60  69   4.688 210.0  30.0 1120
 3.375 1127.5 -90  60  72   4.688 150.0  30.0 1122
 3.375 1130.0 -90  60  72  -4.688 150.0  30.0 1129
 3.375 1132.5 -90  60  75  -1.563 150.0  30.0 1140
 3.375 1135.0 -90  60  78  -1.563 150.0  30.0 1142
 3.375 1137.5 -90  60  78   4.688 150.0  30.0 1134
 3.375 1140.0 -90  60  81  -1.563 150.0  30.0 1133
 3.375 1142.5 -90  60  69  -1.563   0.0   0.0 1147
 3.375 1145.0 -90  60  75  -1.563 150.0  30.0 1146
 3.375 1147.5 -90  60  78  -1.563 150.0  30.0 1161
 3.375 1150.0 -90  60  78   4.688 150.0  30.0 1144
 3.375 1152.5 -90  60  69   1.563 330.0  30.0 1141
 3.375 1155.0 -90  60  75  -4.688 150.0  30.0 1156
 3.375 1160.0 -90  60  81   1.563 150.0  30.0 1145
 3.375 1162.5 -90  60  78   4.688 150.0  30.0 1156
 3.375 1165.0 -90  60  81  -1.563 150.0  30.0 1172
 3.375 1167.5 -90  60  78   4.688 150.0  30.0 1181
 3.375 1170.0 -90  60  78  -4.688 150.0  30.0 1165
 3.375 1172.5 -90  60  75  -1.563 150.0  30.0 1161
 3.375 1175.0 -90  60  75   4.688 150.0  30.0 1178
 3.375 1177.5 -90  60  78  -4.688 150.0  30.0 1192
 3.375 1182.5 -90  60  72   1.563 150.0  30.0 1188
 3.375 1187.5 -90  60  72   1.563 150.0  30.0 1179
 3.375 1192.5 -90  60  75  -1.563 150.0  30.0 1200
 3.375 1197.5 -90  60  72  -1.563 150.0  30.0 1207
 3.375 1202.5 -90  60  69   1.563 150.0  30.0 1216
 3.375 1212.5 -90  60  72  -4.688 150.0  30.0 1217
 3.375 1217.5 -90  60  75   4.688 150.0  30.0 1232
 3.375 1220.0 -90  60  69  -1.563 150.0  30.0 1224
 3.375 1260.0 -90  60  69   4.688 150.0  30.0 1251
 3.400   97.5  90  57  75  -1.563   0.0   0.0  103
 3.400  100.0  90  57  75   1.563   0.0   0.0  104
 3.400  102.5  90  57  78  -1.563   0.0   0.0  107
 3.400  105.0  90  57  84  -1.563   0.0   0.0  110
 3.400  107.5  90  57  84  -1.563   0.0   0.0  111
 3.400  110.0  90  57  81  -1.563   0.0   0.0  114
 3.400  112.5  90  57  78  -1.563   0.0   0.0  116
 3.400  115.0  90  57  72  -1.563   0.0   0.0  119
 3.425   95.0  90  57  66   1.563   0.0   0.0  100
 3.425   97.5  90  57  75   1.563   0.0   0.0  101
 3.425  100.0  90  57  72   1.563   0.0   0.0  105
 3.425  102.5  90  57  81   1.563   0.0   0.0  106
 3.425  105.0  90  57  75   1.563 330.0  30.0  108
 3.425  107.5  90  57  75   1.563   0.0   0.0  108
 3.425  110.0  90  57  72  -1.563  90.0  30.0  113
 3.425  112.5  90  57  66   1.563 330.0  30.0  114
 3.425  115.0  90  57  66  -1.563   0.0   0.0  117
 3.425  117.5  90  57  66  -1.563   0.0   0.0  121
 3.425  120.0  90  57  66  -1.563   0.0   0.0  122
 3.450   95.0  90  54  66   1.563   0.0   0.0  101
 3.450   97.5  90  54  69   1.563   0.0   0.0  100
 3.450  100.0  90  54  69   1.563   0.0   0.0  107
 3.450  102.5  90  54  78   1.563   0.0   0.0  107
 3.450  105.0  90  54  84   1.563   0.0   0.0  110
 3.450  107.5  90  54  81   1.563   0.0   0.0  111
 3.450  110.0  90  54  72  -1.563   0.0   0.0  113
 3.450  112.5  90  54  69  -1.563 330.0  30.0  115
 3.450  115.0  90  54  66  -1.563   0.0   0.0  117
 3.450  117.5  90  54  63  -1.563 330.0  30.0  123
 3.450  120.0  90  54  63   1.563 150.0  30.0  124
 3.475   97.5  90  60  75   1.563   0.0   0.0  103
 3.475  100.0  90  60  81  -1.563   0.0   0.0  105
 3.475  105.0  90  60  78   1.563   0.0   0.0  111
 3.475  107.5  90  60  84  -1.563   0.0   0.0  112
 3.475  110.0  90  60  78   1.563   0.0   0.0  113
 3.475  112.5  90  60  72   1.563   0.0   0.0  118
 3.475  125.0  90  60  69   1.563 270.0  30.0  138
 3.475  310.0  90  60  69  -4.688  30.0  30.0  313
 3.475  325.0  90  60  72  -4.688  30.0  30.0  334
 3.475  332.5  90  60  69  -1.563  30.0  30.0  329
 3.475  402.5  90  60  69  -4.688  30.0  30.0  407
 3.475  570.0  90  60  69   4.688  30.0  30.0  573
 3.475  620.0  90  60  69  -1.563  30.0  30.0  614
 3.475  637.5  90  60  69  -4.688  30.0  30.0  636
 3.475  652.5  90  60  69   4.688  30.0  30.0  661
 3.475  672.5  90  60  69  -4.688 210.0  30.0  660
 3.475  702.5  90  60  69   4.688  30.0  30.0  690
 3.475  730.0  90  60  69   1.563  30.0  30.0  735
 3.475  735.0  90  60  69   1.563  30.0  30.0  723
 3.475  807.5  90  60  69  -4.688  30.0  30.0  814
 3.475  815.0  90  60  69   4.688  30.0  30.0  822
 3.475  817.5  90  60  69   1.563  30.0  30.0  805
 3.475  837.5  90  60  69   1.563  30.0  30.0  850
 3.475  907.5  90  60  69  -4.688  30.0  30.0  906
 3.475  932.5  90  60  69   1.563 210.0  30.0  924
 3.475  937.5  90  60  69   4.688  30.0  30.0  925
 3.475 1002.5  90  60  72  -4.688  30.0  30.0 1000
 3.475 1162.5  90  60  69   4.688  30.0  30.0 1162
 3.475  120.0 -90  57  66   4.688  30.0  30.0  125
 3.475  882.5 -90  57  66   4.688  30.0  30.0  885
 3.475  897.5 -90  57  66  -1.563  30.0  30.0  896
 3.475  907.5 -90  57  66   4.688  30.0  30.0  893
 3.475  932.5 -90  57  66   1.563  30.0  30.0  935
 3.475  947.5 -90  57  66   1.563  30.0  30.0  956
 3.475 1155.0 -90  57  66  -4.688 270.0  30.0 1144
 3.475 1175.0 -90  57  66   1.563 270.0  30.0 1174
 3.475 1180.0 -90  57  66   1.563 330.0  30.0 1187
 3.475 1185.0 -90  57  66  -4.688 270.0  30.0 1197
 3.475 1210.0 -90  57  66   1.563 270.0  30.0 1206
 3.475 1240.0 -90  57  66  -1.563  90.0  30.0 1234
 3.475 1250.0 -90  57  66  -4.688 210.0  30.0 1236
 3.475 1260.0 -90  57  66   4.688  90.0  30.0 1264
 3.475 1265.0 -90  57  66   4.688  30.0  30.0 1278
 3.500   85.0  90  60  69   4.688  30.0  30.0   88
 3.500   87.5  90  60  69   4.688  30.0  30.0   99
 3.500   97.5  90  60  69   1.563 270.0  30.0  102
 3.500  100.0  90  60  84  -1.563   0.0   0.0  105
 3.500  102.5  90  60  84   1.563   0.0   0.0  106
 3.500  105.0  90  60  84  -1.563   0.0   0.0  109
 3.500  107.5  90  60  78  -1.563   0.0   0.0  112
 3.500  110.0  90  60  78   1.563   0.0   0.0  113
 3.500  112.5  90  60  72  -1.563   0.0   0.0  118
 3.500  115.0  90  60  72   1.563   0.0   0.0  119
 3.500  215.0  90  60  69  -1.563   0.0   0.0  225
 3.500  720.0  90  60  69   1.563  90.0  30.0  724
 3.500  730.0  90  60  69   1.563  90.0  30.0  718
 3.500  735.0  90  60  69   1.563  30.0  30.0  731
 3.500  740.0  90  60  69   1.563  30.0  30.0  737
 3.500  745.0  90  60  69   1.563  90.0  30.0  747
 3.500  750.0  90  60  69   1.563  30.0  30.0  760
 3.500  755.0  90  60  69  -4.688  90.0  30.0  770
 3.500  760.0  90  60  72   1.563  30.0  30.0  758
 3.500  765.0  90  60  69   1.563  30.0  30.0  776
 3.500  770.0  90  60  69   4.688  30.0  30.0  778
 3.500  790.0  90  60  69  -1.563   0.0   0.0  798
 3.500   87.5 -90  57  66  -4.688  30.0  30.0   91
 3.500   92.5 -90  57  66  -4.688  90.0  30.0   95
 3.500  105.0 -90  57  66  -4.688  30.0  30.0  114
 3.500  130.0 -90  57  66  -1.563  30.0  30.0  143
 3.500  137.5 -90  57  69  -1.563  90.0  30.0  146
 3.500  142.5 -90  57  66  -1.563  90.0  30.0  147
 3.500  155.0 -90  57  66   1.563 210.0  30.0  142
 3.500  225.0 -90  57  66   1.563 270.0  30.0  230
 3.500  237.5 -90  57  66  -4.688  90.0  30.0  226
 3.500  247.5 -90  57  66   1.563  90.0  30.0  261
 3.500  257.5 -90  57  66  -1.563  90.0  30.0  250
 3.500  282.5 -90  57  66  -1.563 210.0  30.0  271
 3.500  377.5 -90  57  66  -4.688  30.0  30.0  368
 3.500  382.5 -90  57  66  -4.688  90.0  30.0  383
 3.500  387.5 -90  57  69  -4.688  30.0  30.0  400
 3.500  390.0 -90  57  69  -1.563  90.0  30.0  381
 3.500  392.5 -90  57  72   1.563 270.0  30.0  398
 3.500  395.0 -90  57  69   4.688 270.0  30.0  388
 3.500  397.5 -90  57  69  -4.688  90.0  30.0  384
 3.500  400.0 -90  57  69   4.688  90.0  30.0  410
 3.500  402.5 -90  57  66  -1.563  90.0  30.0  417
 3.500  405.0 -90  57  66   4.688  30.0  30.0  418
 3.500  407.5 -90  57  69   1.563  90.0  30.0  406
 3.500  412.5 -90  57  72   1.563  90.0  30.0  414
 3.500  415.0 -90  57  69  -1.563  90.0  30.0  405
 3.500  417.5 -90  57  66   4.688  30.0  30.0  425
 3.500  420.0 -90  57  69   4.688  90.0  30.0  410
 3.500  422.5 -90  57  72  -4.688  90.0  30.0  425
 3.500  425.0 -90  57  69   1.563  90.0  30.0  416
 3.500  427.5 -90  57  66  -4.688  90.0  30.0  432
 3.500  430.0 -90  57  66  -1.563 210.0  30.0  427
 3.500  432.5 -90  57  69  -4.688  90.0  30.0  446
 3.500  437.5 -90  57  66  -1.563 210.0  30.0  443
 3.500  442.5 -90  57  72   1.563  30.0  30.0  442
 3.500  445.0 -90  57  72   4.688  30.0  30.0  440
 3.500  447.5 -90  57  72  -4.688  90.0  30.0  436
 3.500  450.0 -90  57  69   1.563   0.0   0.0  465
 3.500  452.5 -90  57  69  -4.688  30.0  30.0  446
 3.500  455.0 -90  57  66   1.563  90.0  30.0  448
 3.500  457.5 -90  57  69   4.688  90.0  30.0  455
 3.500  460.0 -90  57  66   4.688 210.0  30.0  465
 3.500  462.5 -90  57  66   1.563  90.0  30.0  472
 3.500  470.0 -90  57  66   4.688  90.0  30.0  468
 3.500  475.0 -90  57  66  -4.688  90.0  30.0  476
 3.500  477.5 -90  57  66   1.563  90.0  30.0  463
 3.500  480.0 -90  57  66  -4.688   0.0   0.0  494
 3.500  482.5 -90  57  66   1.563 270.0  30.0  490
 3.500  500.0 -90  57  66  -1.563  30.0  30.0  510
 3.500  512.5 -90  57  66  -1.563  30.0  30.0  502
 3.500  537.5 -90  57  69   1.563  90.0  30.0  523
 3.500  547.5 -90  57  66   1.563  90.0  30.0  552
 3.500  550.0 -90  57  66   4.688  90.0  30.0  542
 3.500  557.5 -90  57  69   4.688 210.0  30.0  547
 3.500  562.5 -90  57  66  -1.563  30.0  30.0  567
 3.500  580.0 -90  57  69   4.688  30.0  30.0  592
 3.500  582.5 -90  57  66  -4.688 210.0  30.0  573
 3.500  590.0 -90  57  69   4.688  30.0  30.0  578
 3.500  592.5 -90  57  66   4.688  90.0  30.0  597
 3.500  595.0 -90  57  69  -4.688  90.0  30.0  605
 3.500  597.5 -90  57  69   4.688  90.0  30.0  588
 3.500  615.0 -90  57  69  -4.688  90.0  30.0  601
 3.500  622.5 -90  57  66   1.563  90.0  30.0  633
 3.500  625.0 -90  57  66   4.688  90.0  30.0  620
 3.500  635.0 -90  57  66  -4.688  90.0  30.0  642
 3.500  650.0 -90  57  66  -1.563  90.0  30.0  638
 3.500  652.5 -90  57  69  -1.563  30.0  30.0  639
 3.500  672.5 -90  57  66  -4.688  30.0  30.0  670
 3.500  677.5 -90  57  66   1.563  90.0  30.0  676
 3.500  870.0 -90  57  66   1.563  90.0  30.0  882
 3.500  907.5 -90  57  66  -1.563  90.0  30.0  913
 3.500 1037.5 -90  57  66   4.688  30.0  30.0 1044
 3.500 1200.0 -90  57  66  -4.688  30.0  30.0 1196
 3.525   97.5  90  33  54   1.563   0.0   0.0  102
 3.525  100.0  90  33  51  -1.563  90.0  30.0  107
 3.525  102.5  90  33  63  -1.563   0.0   0.0  106
 3.525  105.0  90  33  51   1.563 150.0  30.0  113
 3.525  107.5  90  33  57  -1.563   0.0   0.0  111
 3.525  110.0  90  33  51  -1.563   0.0   0.0  115
 3.525  112.5  90  33  48   1.563   0.0   0.0  116
 3.525  115.0  90  33  48  -1.563   0.0   0.0  119
 3.525  117.5  90  33  45   1.563   0.0   0.0  122
 3.525  160.0 -90  33  42   4.688 330.0  30.0  157
 3.550   97.5  90  33  54  -1.563   0.0   0.0  102
 3.550  100.0  90  33  54  -1.563   0.0   0.0  103
 3.550  102.5  90  33  60   1.563  90.0  30.0  107
 3.550  105.0  90  33  54   1.563 150.0  30.0  108
 3.550  107.5  90  33  51   1.563 330.0  30.0  106
 3.550  110.0  90  33  51  -1.563 150.0  30.0  115
 3.550  112.5  90  33  54   1.563   0.0   0.0  116
 3.550  115.0  90  33  45   1.563 150.0  30.0  119
 3.550  117.5  90  33  42   1.563   0.0   0.0  122
 3.575   95.0  90  54  66   1.563 330.0  30.0  100
 3.575   97.5  90  54  78   1.563   0.0   0.0  102
 3.575  100.0  90  54  78   1.563   0.0   0.0  104
 3.575  102.5  90  54  81  -1.563  90.0  30.0  107
 3.575  105.0  90  54  78  -1.563  90.0  30.0  108
 3.575  107.5  90  54  81   1.563   0.0   0.0  112
 3.575  110.0  90  54  81   1.563   0.0   0.0  114
 3.575  112.5  90  54  75  -1.563   0.0   0.0  118
 3.575  115.0  90  54  75  -1.563   0.0   0.0  118
 3.575  117.5  90  54  66  -1.563 330.0  30.0  119
 3.575  120.0  90  54  63  -1.563  90.0  30.0  124
 3.600   95.0  90  63  72   1.563   0.0   0.0  102
 3.600   97.5  90  63  75   1.563 330.0  30.0   99
 3.600  100.0  90  63  81  -1.563   0.0   0.0  103
 3.600  102.5  90  63  75   1.563   0.0   0.0  108
 3.600  105.0  90  63  75   1.563   0.0   0.0  109
 3.600  107.5  90  63  75  -1.563  90.0  30.0  113
 3.600  110.0  90  63  78   1.563  90.0  30.0  113
 3.600  112.5  90  63  72   1.563  90.0  30.0  116
 3.600  117.5  90  63  72  -1.563 150.0  30.0  121
 3.600  515.0  90  63  72  -1.563  90.0  30.0  515
 3.600  530.0  90  63  72   4.688   0.0   0.0  543
 3.600  700.0  90  63  72   1.563  30.0  30.0  687
 3.600  712.5  90  63  72  -4.688  30.0  30.0  703
 3.600  720.0  90  63  72  -4.688  30.0  30.0  734
 3.600  725.0  90  63  72   4.688  30.0  30.0  712
 3.600  735.0  90  63  72  -1.563  30.0  30.0  747
 3.600  805.0  90  63  72   1.563  30.0  30.0  806
 3.600  835.0  90  63  72  -4.688  90.0  30.0  839
 3.600 1020.0  90  63  72   1.563  90.0  30.0 1025
 3.600 1035.0  90  63  72  -4.688  90.0  30.0 1022
 3.600 1095.0  90  63  72  -1.563  90.0  30.0 1084
 3.600   85.0 -90  57  66   1.563  30.0  30.0   82
 3.600   95.0 -90  57  66   4.688  90.0  30.0   88
 3.600  100.0 -90  57  66   1.563  90.0  30.0  108
 3.600  107.5 -90  57  66  -1.563 210.0  30.0  117
 3.600  235.0 -90  57  69  -1.563  90.0  30.0  248
 3.600  250.0 -90  57  66   4.688  90.0  30.0  260
 3.600  275.0 -90  57  69  -4.688  30.0  30.0  267
 3.600  305.0 -90  57  66   1.563  90.0  30.0  292
 3.600  310.0 -90  57  66  -1.563  30.0  30.0  314
 3.600  320.0 -90  57  69  -4.688  90.0  30.0  316
 3.600  322.5 -90  57  66   4.688  90.0  30.0  334
 3.600  325.0 -90  57  72   4.688  90.0  30.0  312
 3.600  330.0 -90  57  66   1.563  90.0  30.0  321
 3.600  335.0 -90  57  66   1.563  90.0  30.0  342
 3.600  337.5 -90  57  66  -4.688  30.0  30.0  351
 3.600  340.0 -90  57  66  -1.563  90.0  30.0  349
 3.600  345.0 -90  57  69  -1.563  90.0  30.0  334
 3.600  350.0 -90  57  69   4.688  90.0  30.0  342
 3.600  360.0 -90  57  69  -1.563  90.0  30.0  357
 3.600  362.5 -90  57  69   1.563  90.0  30.0  367
 3.600  372.5 -90  57  69   4.688  90.0  30.0  363
 3.600  375.0 -90  57  69  -4.688  90.0  30.0  373
 3.600  377.5 -90  57  69   1.563  90.0  30.0  391
 3.600  380.0 -90  57  66  -1.563  90.0  30.0  375
 3.600  382.5 -90  57  69   1.563  30.0  30.0  372
 3.600  385.0 -90  57  66   1.563  90.0  30.0  391
 3.600  387.5 -90  57  66   4.688  90.0  30.0  393
 3.600  390.0 -90  57  66   1.563  90.0  30.0  376
 3.600  392.5 -90  57  69   1.563  90.0  30.0  406
 3.600  407.5 -90  57  69  -1.563  90.0  30.0  407
 3.600  412.5 -90  57  66  -1.563 270.0  30.0  412
 3.600  417.5 -90  57  66   1.563 270.0  30.0  417
 3.600  422.5 -90  57  66   1.563  90.0  30.0  426
 3.600  427.5 -90  57  66   4.688  90.0  30.0  430
 3.600  432.5 -90  57  69   4.688  30.0  30.0  431
 3.600  437.5 -90  57  66   4.688  90.0  30.0  430
 3.600  487.5 -90  57  69  -4.688 270.0  30.0  494
 3.600  497.5 -90  57  66  -4.688  90.0  30.0  504
 3.600  502.5 -90  57  66  -4.688  90.0  30.0  510
 3.600  507.5 -90  57  66  -1.563  90.0  30.0  503
 3.600  512.5 -90  57  66  -1.563  90.0  30.0  521
 3.600  522.5 -90  57  66   1.563  90.0  30.0  515
 3.600  532.5 -90  57  66  -1.563 270.0  30.0  545
 3.600  537.5 -90  57  66  -1.563  90.0  30.0  530
 3.600  542.5 -90  57  69   4.688  90.0  30.0  539
 3.600  547.5 -90  57  66   1.563  90.0  30.0  536
 3.600  557.5 -90  57  66  -4.688  90.0  30.0  558
 3.600  562.5 -90  57  66  -1.563  90.0  30.0  569
 3.600  627.5 -90  57  66   1.563 270.0  30.0  618
 3.600  645.0 -90  57  66  -4.688  90.0  30.0  643
 3.600  647.5 -90  57  66  -4.688  30.0  30.0  657
 3.600  650.0 -90  57  66   1.563  90.0  30.0  651
 3.600  652.5 -90  57  66   4.688  90.0  30.0  663
 3.600  655.0 -90  57  66   4.688  30.0  30.0  645
 3.600  660.0 -90  57  66  -1.563  90.0  30.0  666
 3.600  665.0 -90  57  66  -4.688 270.0  30.0  660
 3.600  672.5 -90  57  66   1.563  90.0  30.0  680
 3.600  690.0 -90  57  66   4.688  90.0  30.0  694
 3.600  695.0 -90  57  69   4.688  90.0  30.0  707
 3.600  700.0 -90  57  69  -1.563  90.0  30.0  691
 3.600  702.5 -90  57  66  -4.688  90.0  30.0  704
 3.600  710.0 -90  57  66   1.563  30.0  30.0  724
 3.600  715.0 -90  57  66   1.563  90.0  30.0  724
 3.600  740.0 -90  57  66   4.688  90.0  30.0  754
 3.600  745.0 -90  57  66   4.688  30.0  30.0  758
 3.600  750.0 -90  57  66   1.563  90.0  30.0  739
 3.600  770.0 -90  57  66  -4.688  90.0  30.0  761
 3.600  832.5 -90  57  69   1.563  90.0  30.0  824
 3.600  837.5 -90  57  66   1.563  90.0  30.0  849
 3.600  842.5 -90  57  66  -4.688  90.0  30.0  828
 3.600  847.5 -90  57  69   1.563  90.0  30.0  862
 3.600  852.5 -90  57  69   1.563  90.0  30.0  842
 3.600  862.5 -90  57  69   1.563  90.0  30.0  857
 3.600  867.5 -90  57  66  -1.563  90.0  30.0  854
 3.600  872.5 -90  57  66  -1.563  30.0  30.0  881
 3.600  885.0 -90  57  69  -1.563  90.0  30.0  879
 3.600  887.5 -90  57  69  -4.688  90.0  30.0  893
 3.600  925.0 -90  57  66   4.688  90.0  30.0  929
 3.600 1012.5 -90  57  66  -4.688  90.0  30.0  998
 3.600 1042.5 -90  57  66  -4.688  90.0  30.0 1053
 3.600 1067.5 -90  57  66  -1.563  90.0  30.0 1072
 3.600 1107.5 -90  57  66  -4.688 210.0  30.0 1097
 3.600 1160.0 -90  57  66   1.563  90.0  30.0 1161
 3.600 1235.0 -90  57  66  -4.688  90.0  30.0 1242
 3.625   95.0  90  78  96  -1.563   0.0   0.0  101
 3.625   97.5  90  78 108  -1.563   0.0   0.0  103
 3.625  100.0  90  78 108   1.563   0.0   0.0  103
 3.625  102.5  90  78 102  -1.563   0.0   0.0  108
 3.625  105.0  90  78 102  -1.563   0.0   0.0  109
 3.625  107.5  90  78  99  -1.563   0.0   0.0  110
 3.625  110.0  90  78  99   1.563 150.0  30.0  115
 3.625  112.5  90  78  96   1.563 150.0  30.0  117
 3.625  115.0  90  78  96   1.563 150.0  30.0  119
 3.625  117.5  90  78  96   1.563 150.0  30.0  121
 3.625  120.0  90  78  87  -1.563  90.0  30.0  121
 3.650   95.0  90  81  96   1.563   0.0   0.0  101
 3.650   97.5  90  81 102   1.563   0.0   0.0  105
 3.650  100.0  90  81 114  -1.563   0.0   0.0  104
 3.650  102.5  90  81 108  -1.563   0.0   0.0  106
 3.650  105.0  90  81  96   1.563   0.0   0.0  112
 3.650  107.5  90  81 102   1.563   0.0   0.0  111
 3.650  110.0  90  81  96   1.563 150.0  30.0  113
 3.650  112.5  90  81  99   1.563   0.0   0.0  117
 3.650  115.0  90  81  99   1.563   0.0   0.0  118
 3.650  117.5  90  81  93  -1.563 150.0  30.0  123
 3.650  120.0  90  81  90   1.563   0.0   0.0  123
 3.675   95.0  90  72  84   1.563   0.0   0.0  101
 3.675   97.5  90  72  93  -1.563   0.0   0.0  103
 3.675  100.0  90  72  96   1.563   0.0   0.0  104
 3.675  102.5  90  72  93   1.563   0.0   0.0  106
 3.675  105.0  90  72  87  -1.563  90.0  30.0  110
 3.675  107.5  90  72  93   1.563  90.0  30.0  112
 3.675  110.0  90  72  81  -1.563   0.0   0.0  116
 3.675  112.5  90  72  90  -1.563   0.0   0.0  116
 3.675  115.0  90  72  87   1.563   0.0   0.0  121
 3.675  117.5  90  72  84  -1.563   0.0   0.0  123
 3.675  120.0  90  72  81  -1.563   0.0   0.0  126
 3.700   95.0  90  69  81  -1.563   0.0   0.0  101
 3.700   97.5  90  69  87  -1.563   0.0   0.0  102
 3.700  100.0  90  69  90   1.563 270.0  30.0  105
 3.700  102.5  90  69  93   1.563   0.0   0.0  105
 3.700  105.0  90  69  87  -1.563 150.0  30.0  111
 3.700  107.5  90  69  90   1.563   0.0   0.0  111
 3.700  110.0  90  69  90   1.563   0.0   0.0  114
 3.700  112.5  90  69  87   1.563   0.0   0.0  116
 3.700  115.0  90  69  84   1.563 330.0  30.0  116
 3.700  117.5  90  69  78   1.563   0.0   0.0  122
 3.700  120.0  90  69  78   1.563 150.0  30.0  124
 3.725   97.5  90  60  72   1.563   0.0   0.0  102
 3.725  100.0  90  60  78   1.563   0.0   0.0  103
 3.725  102.5  90  60  81   1.563   0.0   0.0  107
 3.725  105.0  90  60  72  -1.563   0.0   0.0  109
 3.725  107.5  90  60  75   1.563   0.0   0.0  110
 3.725  110.0  90  60  75   1.563   0.0   0.0  114
 3.725  117.5  90  60  72   1.563   0.0   0.0  121
 3.725  675.0  90  60  69  -1.563  30.0  30.0  671
 3.725 1010.0  90  60  69  -1.563  30.0  30.0  999
 3.725 1107.5  90  60  69   4.688   0.0   0.0 1117
 3.725 1112.5  90  60  69  -4.688  30.0  30.0 1121
 3.725 1132.5  90  60  69   1.563  90.0  30.0 1134
 3.750   97.5  90  57  72  -1.563   0.0   0.0  101
 3.750  100.0  90  57  81   1.563   0.0   0.0  104
 3.750  102.5  90  57  78   1.563 330.0  30.0  104
 3.750  105.0  90  57  78   1.563   0.0   0.0  109
 3.750  107.5  90  57  78   1.563   0.0   0.0  111
 3.750  110.0  90  57  75   1.563   0.0   0.0  113
 3.750  112.5  90  57  66  -1.563 270.0  30.0  121
 3.750  115.0  90  57  75   1.563   0.0   0.0  120
 3.750  117.5  90  57  69   1.563  90.0  30.0  122
 3.750  960.0 -90  57  66  -4.688  90.0  30.0  946
 3.775   97.5  90  81 102   1.563   0.0   0.0  102
 3.775  100.0  90  81 105   1.563   0.0   0.0  103
 3.775  102.5  90  81  93   1.563   0.0   0.0  105
 3.775  105.0  90  81 102   1.563   0.0   0.0  109
 3.775  107.5  90  81  99  -1.563   0.0   0.0  113
 3.775  112.5  90  81  99   1.563   0.0   0.0  117
 3.775  115.0  90  81  96   1.563   0.0   0.0  118
 3.775  117.5  90  81  90  -1.563  90.0  30.0  125
 3.800   97.5  90  81 102   1.563   0.0   0.0  103
 3.800  100.0  90  81 102   1.563   0.0   0.0  102
 3.800  102.5  90  81 102   1.563   0.0   0.0  107
 3.800  105.0  90  81 105   1.563   0.0   0.0  109
 3.800  107.5  90  81 102   1.563   0.0   0.0  111
 3.800  110.0  90  81  96   1.563   0.0   0.0  114
 3.800  115.0  90  81  93   1.563 150.0  30.0  118
 3.800  120.0  90  81  90   1.563  90.0  30.0  123
 3.825   97.5  90  78  99   1.563   0.0   0.0  104
 3.825  100.0  90  78 105   1.563   0.0   0.0  104
 3.825  102.5  90  78  93   1.563 270.0  30.0  107
 3.825  105.0  90  78 102  -1.563   0.0   0.0  109
 3.825  107.5  90  78  93   1.563 330.0  30.0  112
 3.825  110.0  90  78  93   1.563 270.0  30.0  113
 3.825  112.5  90  78  93   1.563 330.0  30.0  112
 3.825  115.0  90  78  87  -1.563  90.0  30.0  122
 3.825  117.5  90  78  90   1.563 150.0  30.0  123
 3.825  120.0  90  78  87   1.563 330.0  30.0  116
 3.825  125.0  90  78  87  -1.563  90.0  30.0  128
 3.850   97.5  90  78  96   1.563   0.0   0.0  103
 3.850  100.0  90  78  99   1.563   0.0   0.0  103
 3.850  102.5  90  78  99   1.563   0.0   0.0  109
 3.850  105.0  90  78  99   1.563   0.0   0.0  109
 3.850  107.5  90  78  90   1.563 270.0  30.0  110
 3.850  110.0  90  78  93   1.563   0.0   0.0  115
 3.850  112.5  90  78  96   1.563   0.0   0.0  115
 3.850  115.0  90  78  96   1.563   0.0   0.0  119
 3.850  117.5  90  78  93   1.563   0.0   0.0  121
 3.850  125.0  90  78  87   1.563  90.0  30.0  127
 3.875  100.0  90  69  81   1.563   0.0   0.0  105
 3.875  102.5  90  69  81   1.563   0.0   0.0  103
 3.875  105.0  90  69  87  -1.563 330.0  30.0  107
 3.875  107.5  90  69  81   1.563 270.0  30.0  113
 3.875  110.0  90  69  87   1.563   0.0   0.0  114
 3.875  112.5  90  69  84   1.563   0.0   0.0  115
 3.875  115.0  90  69  87   1.563 150.0  30.0  118
 3.875  117.5  90  69  81   1.563 330.0  30.0  120
 3.875  120.0  90  69  81  -1.563 150.0  30.0  123
 3.900  102.5  90  75  87   1.563   0.0   0.0  106
 3.900  105.0  90  75  87   1.563   0.0   0.0  108
 3.900  110.0  90  75  84   1.563   0.0   0.0  110
 3.900  115.0  90  75  84   1.563   0.0   0.0  120
 3.900 1107.5  90  75  84  -4.688 150.0  30.0 1114
 3.900  255.0 -90  75  84  -4.688 150.0  30.0  251
 3.900  272.5 -90  75  84   1.563 150.0  30.0  266
 3.900  332.5 -90  75  84   1.563 150.0  30.0  327
 3.925  100.0  90  78  90  -1.563   0.0   0.0  105
 3.925  102.5  90  78 102   1.563   0.0   0.0  107
 3.925  105.0  90  78  99   1.563   0.0   0.0  108
 3.925  107.5  90  78  96   1.563   0.0   0.0  112
 3.925  110.0  90  78  99   1.563   0.0   0.0  113
 3.925  112.5  90  78  96   1.563   0.0   0.0  116
 3.925  115.0  90  78  93  -1.563 150.0  30.0  116
 3.925  120.0  90  78  90  -1.563   0.0   0.0  125
 3.925  217.5  90  78  90  -1.563   0.0   0.0  222
 3.925  220.0  90  78  87  -1.563   0.0   0.0  224
 3.925  227.5  90  78  87  -1.563   0.0   0.0  230
 3.925  345.0  90  78  87   1.563 330.0  30.0  348
 3.925  350.0  90  78  87  -4.688 150.0  30.0  357
 3.925  375.0  90  78  87   4.688 150.0  30.0  363
 3.925  385.0  90  78  87  -4.688 150.0  30.0  393
 3.925  390.0  90  78  87   4.688 150.0  30.0  384
 3.925  405.0  90  78  87   1.563 330.0  30.0  396
 3.925  645.0  90  78  87   4.688 330.0  30.0  656
 3.925  832.5  90  78  87  -1.563 330.0  30.0  831
 3.950   97.5  90  75  87   1.563 150.0  30.0  104
 3.950  100.0  90  75 102   1.563   0.0   0.0  104
 3.950  102.5  90  75 105   1.563   0.0   0.0  106
 3.950  105.0  90  75  99   1.563 150.0  30.0  109
 3.950  107.5  90  75  96   1.563 330.0  30.0  110
 3.950  110.0  90  75 102   1.563   0.0   0.0  114
 3.950  112.5  90  75  99  -1.563   0.0   0.0  115
 3.950  115.0  90  75  93   1.563   0.0   0.0  120
 3.950  117.5  90  75  84  -1.563 330.0  30.0  120
 3.950  120.0  90  75  87   1.563  90.0  30.0  120
 3.950  122.5  90  75  87  -1.563 150.0  30.0  124
 3.950  125.0  90  75  84  -1.563   0.0   0.0  129
 3.950  217.5  90  75  93  -1.563   0.0   0.0  223
 3.950  220.0  90  75  90  -1.563   0.0   0.0  223
 3.950  227.5  90  75  84   1.563 270.0  30.0  232
 3.950  230.0  90  75  84   1.563 150.0  30.0  237
 3.975   97.5  90  51  63   1.563 330.0  30.0  104
 3.975  100.0  90  51  78   1.563   0.0   0.0  104
 3.975  102.5  90  51  75   1.563   0.0   0.0  106
 3.975  105.0  90  51  69   1.563 330.0  30.0  106
 3.975  107.5  90  51  69   1.563 150.0  30.0  110
 3.975  110.0  90  51  72  -1.563   0.0   0.0  115
 3.975  112.5  90  51  75   1.563   0.0   0.0  116
 3.975  115.0  90  51  72   1.563   0.0   0.0  119
 3.975  117.5  90  51  66   1.563   0.0   0.0  120
 3.975  120.0  90  51  66   1.563   0.0   0.0  124
 3.975  122.5  90  51  66   1.563 330.0  30.0  121
 3.975  125.0  90  51  60   1.563 150.0  30.0  131
 3.975  217.5  90  51  69   1.563   0.0   0.0  223
 3.975  220.0  90  51  69   1.563   0.0   0.0  223
 3.975  222.5  90  51  66   1.563   0.0   0.0  226
 3.975  225.0  90  51  60  -1.563   0.0   0.0  229
 4.000   97.5  90  51  66  -1.563   0.0   0.0  103
 4.000  100.0  90  51  69   1.563   0.0   0.0  104
 4.000  102.5  90  51  69   1.563   0.0   0.0  109
 4.000  105.0  90  51  72   1.563   0.0   0.0  108
 4.000  107.5  90  51  66   1.563  90.0  30.0  113
 4.000  110.0  90  51  72   1.563   0.0   0.0  114
 4.000  112.5  90  51  63   1.563  90.0  30.0  119
 4.000  115.0  90  51  72   1.563  90.0  30.0  118
 4.000  117.5  90  51  66   1.563 150.0  30.0  121
 4.000  120.0  90  51  69   1.563  90.0  30.0  124
 4.000  122.5  90  51  69   1.563 150.0  30.0  126
 4.000  125.0  90  51  60  -1.563 150.0  30.0  128
 4.000  127.5  90  51  60   1.563   0.0   0.0  128
 4.000  217.5  90  51  63  -1.563   0.0   0.0  222
 4.000  220.0  90  51  63  -1.563 330.0  30.0  225
 4.000  222.5  90  51  60  -1.563   0.0   0.0  227
 4.000  225.0  90  51  60  -1.563   0.0   0.0  229
 4.000  855.0  90  51  60   4.688   0.0   0.0  863
 4.000 1232.5  90  51  60  -4.688   0.0   0.0 1245
 4.000 1237.5  90  51  60   4.688 150.0  30.0 1232
 4.000 1247.5  90  51  60  -4.688   0.0   0.0 1234
 4.000 1252.5  90  51  60  -1.563 150.0  30.0 1244
 4.000 1257.5  90  51  60  -1.563 150.0  30.0 1245
 4.000 1272.5  90  51  60   1.563 150.0  30.0 1266
 4.000 1277.5  90  51  60   4.688 150.0  30.0 1277
 4.000  655.0 -90  51  60  -1.563 270.0  30.0  664
 4.000  675.0 -90  51  60   1.563 270.0  30.0  681
 4.000  715.0 -90  51  60   1.563 270.0  30.0  709
 4.000  857.5 -90  51  60  -1.563 270.0  30.0  861
 4.000  862.5 -90  51  60  -4.688 270.0  30.0  858
 4.000  872.5 -90  51  60  -4.688 270.0  30.0  872
 4.025   97.5  90  78  90  -1.563   0.0   0.0  103
 4.025  100.0  90  78  87   1.563 330.0  30.0  103
 4.025  102.5  90  78  99   1.563   0.0   0.0  108
 4.025  105.0  90  78  99  -1.563   0.0   0.0  107
 4.025  107.5  90  78  96   1.563   0.0   0.0  111
 4.025  110.0  90  78  93  -1.563 150.0  30.0  112
 4.025  112.5  90  78  99   1.563  90.0  30.0  117
 4.025  115.0  90  78  96   1.563 270.0  30.0  117
 4.025  117.5  90  78  90   1.563 150.0  30.0  121
 4.025  120.0  90  78  93   1.563   0.0   0.0  124
 4.025  122.5  90  78  96   1.563   0.0   0.0  126
 4.025  125.0  90  78  87   1.563 270.0  30.0  125
 4.025  220.0  90  78  93  -1.563   0.0   0.0  225
 4.025  222.5  90  78  96  -1.563   0.0   0.0  227
 4.025  225.0  90  78  93  -1.563   0.0   0.0  229
 4.050   97.5  90  75  90  -1.563   0.0   0.0  103
 4.050  100.0  90  75  96   1.563   0.0   0.0  104
 4.050  102.5  90  75 102   1.563   0.0   0.0  107
 4.050  105.0  90  75  99   1.563   0.0   0.0  109
 4.050  107.5  90  75  99   1.563   0.0   0.0  111
 4.050  110.0  90  75  90   1.563 150.0  30.0  113
 4.050  112.5  90  75  96   1.563   0.0   0.0  117
 4.050  115.0  90  75  96   1.563   0.0   0.0  118
 4.050  117.5  90  75  93   1.563   0.0   0.0  121
 4.050  120.0  90  75  87   1.563   0.0   0.0  123
 4.050  122.5  90  75  90   1.563   0.0   0.0  124
 4.050  125.0  90  75  90   1.563 270.0  30.0  130
 4.050  127.5  90  75  87   1.563   0.0   0.0  131
 4.050  220.0  90  75  84  -1.563   0.0   0.0  225
 4.050  222.5  90  75  93   1.563   0.0   0.0  227
 4.050  225.0  90  75  96  -1.563   0.0   0.0  230
 4.050  227.5  90  75  96  -1.563   0.0   0.0  232
 4.050  230.0  90  75  84  -1.563   0.0   0.0  232
 4.050  232.5  90  75  84  -1.563   0.0   0.0  236
 4.075   97.5  90  51  63   1.563   0.0   0.0  103
 4.075  100.0  90  51  72   1.563   0.0   0.0  104
 4.075  102.5  90  51  72   1.563   0.0   0.0  105
 4.075  105.0  90  51  69   1.563   0.0   0.0  110
 4.075  107.5  90  51  72   1.563   0.0   0.0  111
 4.075  110.0  90  51  60   1.563 270.0  30.0  114
 4.075  112.5  90  51  63   1.563  90.0  30.0  117
 4.075  115.0  90  51  72   1.563   0.0   0.0  118
 4.075  117.5  90  51  69   1.563 270.0  30.0  120
 4.075  120.0  90  51  63   1.563   0.0   0.0  124
 4.075  122.5  90  51  60   1.563 270.0  30.0  125
 4.075  125.0  90  51  63  -1.563  90.0  30.0  128
 4.075  222.5  90  51  63  -1.563   0.0   0.0  229
 4.075  225.0  90  51  69  -1.563   0.0   0.0  230
 4.075  227.5  90  51  72   1.563   0.0   0.0  230
 4.075  230.0  90  51  60  -1.563   0.0   0.0  236
 4.075  232.5  90  51  63  -1.563   0.0   0.0  237
 4.075 1085.0 -90  51  60  -4.688 270.0  30.0 1095
 4.100  100.0  90  51  72   1.563   0.0   0.0  105
 4.100  102.5  90  51  66   1.563   0.0   0.0  111
 4.100  105.0  90  51  72   1.563   0.0   0.0  107
 4.100  107.5  90  51  66  -1.563 150.0  30.0  112
 4.100  110.0  90  51  72   1.563   0.0   0.0  113
 4.100  112.5  90  51  66   1.563 330.0  30.0  113
 4.100  115.0  90  51  69   1.563   0.0   0.0  118
 4.100  117.5  90  51  63   1.563  90.0  30.0  121
 4.100  120.0  90  51  66   1.563   0.0   0.0  124
 4.100  122.5  90  51  66   1.563 330.0  30.0  123
 4.100  125.0  90  51  63  -1.563 330.0  30.0  126
 4.100  225.0  90  51  72  -1.563   0.0   0.0  230
 4.100  227.5  90  51  75   1.563   0.0   0.0  232
 4.100  230.0  90  51  72   1.563   0.0   0.0  234
 4.100  232.5  90  51  66  -1.563 150.0  30.0  236
 4.100  237.5  90  51  60   1.563   0.0   0.0  243
 4.100  587.5  90  51  60   1.563   0.0   0.0  583
 4.125  100.0  90  75  93   1.563   0.0   0.0  105
 4.125  102.5  90  75  96   1.563   0.0   0.0  106
 4.125  105.0  90  75  96   1.563   0.0   0.0  109
 4.125  107.5  90  75  93   1.563 330.0  30.0  109
 4.125  110.0  90  75  90   1.563 150.0  30.0  113
 4.125  112.5  90  75  87   1.563  90.0  30.0  116
 4.125  115.0  90  75  93   1.563  90.0  30.0  120
 4.125  117.5  90  75  87   1.563 270.0  30.0  122
 4.125  120.0  90  75  87   1.563 270.0  30.0  122
 4.125  122.5  90  75  90   1.563 330.0  30.0  124
 4.125  125.0  90  75  90   1.563 330.0  30.0  124
 4.125  127.5  90  75  84   1.563  90.0  30.0  131
 4.125  225.0  90  75  96  -1.563   0.0   0.0  230
 4.125  227.5  90  75  99  -1.563   0.0   0.0  232
 4.125  230.0  90  75  96   1.563   0.0   0.0  233
 4.125  232.5  90  75  87   1.563   0.0   0.0  236
 4.125  235.0  90  75  87   1.563   0.0   0.0  239
 4.150  100.0  90  72  93   1.563   0.0   0.0  105
 4.150  102.5  90  72  93   1.563   0.0   0.0  107
 4.150  105.0  90  72  90   1.563   0.0   0.0  109
 4.150  107.5  90  72  90   1.563   0.0   0.0  111
 4.150  110.0  90  72  87   1.563 330.0  30.0  111
 4.150  112.5  90  72  90   1.563 150.0  30.0  116
 4.150  115.0  90  72  90   1.563  90.0  30.0  119
 4.150  117.5  90  72  87   1.563 150.0  30.0  121
 4.150  120.0  90  72  81   1.563 270.0  30.0  124
 4.150  122.5  90  72  81   1.563 330.0  30.0  119
 4.150  125.0  90  72  87   1.563  90.0  30.0  128
 4.150  132.5  90  72  81   1.563 330.0  30.0  132
 4.150  135.0  90  72  81  -1.563 150.0  30.0  137
 4.150  225.0  90  72  84   1.563   0.0   0.0  230
 4.150  227.5  90  72  84   1.563   0.0   0.0  230
 4.150  230.0  90  72  90  -1.563 270.0  30.0  233
 4.150  232.5  90  72  84  -1.563 330.0  30.0  240
 4.150  235.0  90  72  87  -1.563   0.0   0.0  237
 4.150  237.5  90  72  81  -1.563   0.0   0.0  242
 4.150  240.0  90  72  84   1.563 150.0  30.0  244
 4.150  242.5  90  72  84   1.563 150.0  30.0  249
 4.150  245.0  90  72  84   1.563 150.0  30.0  250
 4.150  102.5 -90  72  84   1.563   0.0   0.0  108
 4.150  105.0 -90  72  84   1.563   0.0   0.0  109
 4.175  100.0  90  78  90  -1.563   0.0   0.0  105
 4.175  102.5  90  78  90   1.563   0.0   0.0  108
 4.175  105.0  90  78  93   1.563   0.0   0.0  110
 4.175  107.5  90  78  96   1.563   0.0   0.0  111
 4.175  110.0  90  78  90   1.563 330.0  30.0  114
 4.175  112.5  90  78  96   1.563 150.0  30.0  117
 4.175  115.0  90  78  90   1.563 330.0  30.0  112
 4.175  122.5  90  78  90   1.563  90.0  30.0  129
 4.175  230.0  90  78  93   1.563   0.0   0.0  234
 4.175  232.5  90  78  96  -1.563   0.0   0.0  237
 4.175  235.0  90  78  96  -1.563   0.0   0.0  239
 4.175  237.5  90  78  87  -1.563   0.0   0.0  239
 4.200  100.0  90  78  90   1.563   0.0   0.0  103
 4.200  102.5  90  78  90   1.563   0.0   0.0  104
 4.200  105.0  90  78  93   1.563   0.0   0.0  110
 4.200  107.5  90  78  93   1.563   0.0   0.0  111
 4.200  110.0  90  78  93   1.563   0.0   0.0  113
 4.200  112.5  90  78  90  -1.563 270.0  30.0  116
 4.200  115.0  90  78  87  -1.563   0.0   0.0  108
 4.200  117.5  90  78  87  -1.563 150.0  30.0  121
 4.200  120.0  90  78  87  -1.563  90.0  30.0  122
 4.200  227.5  90  78  87  -1.563   0.0   0.0  230
 4.200  230.0  90  78  93  -1.563   0.0   0.0  236
 4.200  232.5  90  78  96  -1.563   0.0   0.0  237
 4.200  235.0  90  78  96   1.563   0.0   0.0  240
 4.200  237.5  90  78  96   1.563   0.0   0.0  242
 4.200  240.0  90  78  90  -1.563   0.0   0.0  244
 4.200  245.0  90  78  87  -1.563   0.0   0.0  245
 4.225  110.0  90  84  99   1.563   0.0   0.0  115
 4.225  112.5  90  84  93   1.563   0.0   0.0  115
 4.225  120.0  90  84  93   1.563  90.0  30.0  126
 4.225  235.0  90  84  93  -1.563   0.0   0.0  238
 4.225  237.5  90  84  93   1.563   0.0   0.0  241
 4.225  240.0  90  84  93  -1.563   0.0   0.0  243
 4.225  410.0 -90  78  87   4.688   0.0   0.0  423
 4.225  425.0 -90  78  87  -1.563  90.0  30.0  411
 4.225  440.0 -90  78  87  -1.563  90.0  30.0  452
 4.225  445.0 -90  78  87  -1.563  30.0  30.0  439
 4.225  817.5 -90  78  87   1.563  30.0  30.0  821
 4.225  945.0 -90  78  87  -4.688   0.0   0.0  934
 4.225 1230.0 -90  78  87  -4.688  90.0  30.0 1232
 4.250  100.0  90  75  87   1.563 270.0  30.0  102
 4.250  102.5  90  75  87  -1.563   0.0   0.0  107
 4.250  105.0  90  75  87  -1.563  90.0  30.0  109
 4.250  107.5  90  75  87   1.563 330.0  30.0  111
 4.250  110.0  90  75  87  -1.563   0.0   0.0  116
 4.250  112.5  90  75  96   1.563 330.0  30.0  113
 4.250  115.0  90  75  84   1.563   0.0   0.0  121
 4.250  117.5  90  75  93   1.563   0.0   0.0  121
 4.250  120.0  90  75  84   1.563 330.0  30.0  121
 4.250  122.5  90  75  90   1.563  90.0  30.0  126
 4.250  232.5  90  75  84  -1.563   0.0   0.0  240
 4.250  235.0  90  75  87  -1.563 150.0  30.0  238
 4.250  237.5  90  75  93   1.563   0.0   0.0  242
 4.250  240.0  90  75  90  -1.563   0.0   0.0  244
 4.250  242.5  90  75  87  -1.563   0.0   0.0  248
 4.250  245.0  90  75  84   1.563   0.0   0.0  249
 4.250  492.5 -90  75  84  -1.563 210.0  30.0  495
 4.250  507.5 -90  75  84  -4.688 150.0  30.0  494
 4.250  517.5 -90  75  84   4.688 150.0  30.0  509
 4.275  100.0  90  54  66  -1.563   0.0   0.0  105
 4.275  102.5  90  54  63   1.563   0.0   0.0  108
 4.275  107.5  90  54  66   1.563   0.0   0.0  112
 4.275  110.0  90  54  66  -1.563 150.0  30.0  113
 4.275  112.5  90  54  66   1.563 330.0  30.0  112
 4.275  115.0  90  54  66   1.563 330.0  30.0  112
 4.275  117.5  90  54  66   1.563 330.0  30.0  119
 4.275  120.0  90  54  66   1.563 270.0  30.0  123
 4.275  122.5  90  54  63   1.563  90.0  30.0  128
 4.275  232.5  90  54  63  -1.563   0.0   0.0  238
 4.275  235.0  90  54  63  -1.563   0.0   0.0  240
 4.275  237.5  90  54  63   1.563   0.0   0.0  243
 4.275  242.5  90  54  66   1.563   0.0   0.0  247
 4.275  252.5  90  54  63   1.563   0.0   0.0  255
 4.300   80.0  90  54  69  -4.688   0.0   0.0   93
 4.300   82.5  90  54  63   1.563   0.0   0.0   82
 4.300   85.0  90  54  63  -4.688   0.0   0.0   96
 4.300  100.0  90  54  63   1.563   0.0   0.0  103
 4.300  105.0  90  54  66   1.563   0.0   0.0  109
 4.300  107.5  90  54  63   1.563  90.0  30.0  110
 4.300  115.0  90  54  63   1.563 150.0  30.0  119
 4.300  117.5  90  54  63   1.563   0.0   0.0  121
 4.300  242.5  90  54  63   1.563   0.0   0.0  247
 4.300  245.0  90  54  66   1.563   0.0   0.0  251
 4.300  247.5  90  54  69   1.563   0.0   0.0  251
 4.300   80.0 -90  51  63   1.563  90.0  30.0   72
 4.300   82.5 -90  51  60   4.688 270.0  30.0   68
 4.300  102.5 -90  51  63   1.563   0.0   0.0  108
 4.300 1240.0 -90  51  60   1.563   0.0   0.0 1243
 4.325   80.0  90  51  66  -1.563 150.0  30.0   73
 4.325   82.5  90  51  63  -1.563 150.0  30.0   75
 4.325   85.0  90  51  60  -1.563   0.0   0.0   78
 4.325  102.5  90  51  63  -1.563   0.0   0.0  107
 4.325  105.0  90  51  69   1.563   0.0   0.0  108
 4.325  107.5  90  51  66   1.563   0.0   0.0  110
 4.325  110.0  90  51  66   1.563   0.0   0.0  113
 4.325  112.5  90  51  63   1.563   0.0   0.0  116
 4.325  120.0  90  51  60   1.563   0.0   0.0  123
 4.325  240.0  90  51  63   1.563   0.0   0.0  244
 4.325  242.5  90  51  69   1.563   0.0   0.0  247
 4.325  245.0  90  51  66  -1.563   0.0   0.0  249
 4.325  247.5  90  51  75   1.563   0.0   0.0  252
 4.325  250.0  90  51  72   1.563   0.0   0.0  253
 4.325  252.5  90  51  63   1.563   0.0   0.0  255
 4.325  255.0  90  51  66   1.563   0.0   0.0  258
 4.325  257.5  90  51  63   1.563   0.0   0.0  261
 4.325   80.0 -90  48  69  -1.563  90.0  30.0   74
 4.325   82.5 -90  48  63  -1.563  90.0  30.0   76
 4.325   85.0 -90  48  57  -1.563  90.0  30.0   79
 4.325  102.5 -90  48  57  -1.563   0.0   0.0  104
 4.325  105.0 -90  48  60  -1.563   0.0   0.0  110
 4.350   80.0  90  51  60   4.688 150.0  30.0   66
 4.350   82.5  90  51  60   4.688   0.0   0.0   69
 4.350  100.0  90  51  60   1.563 330.0  30.0   99
 4.350  102.5  90  51  66   1.563   0.0   0.0  106
 4.350  110.0  90  51  63   1.563   0.0   0.0  112
 4.350  112.5  90  51  60   1.563 150.0  30.0  117
 4.350  115.0  90  51  63   1.563 150.0  30.0  116
 4.350  120.0  90  51  63   1.563   0.0   0.0  124
 4.350  122.5  90  51  63   1.563   0.0   0.0  124
 4.350  242.5  90  51  66  -1.563   0.0   0.0  247
 4.350  245.0  90  51  69  -1.563   0.0   0.0  249
 4.350  247.5  90  51  72  -1.563   0.0   0.0  253
 4.350  250.0  90  51  78  -1.563   0.0   0.0  254
 4.350  252.5  90  51  69  -1.563   0.0   0.0  256
 4.350  255.0  90  51  69   1.563   0.0   0.0  259
 4.350  257.5  90  51  63   1.563   0.0   0.0  260
 4.350   80.0 -90  51  60   4.688 270.0  30.0   68
 4.350  102.5 -90  51  63   1.563   0.0   0.0  106
 4.350  105.0 -90  51  63   1.563   0.0   0.0  109
 4.375  160.0 -90  51  60   1.563 210.0  30.0  161
 4.375  217.5 -90  51  60   4.688 210.0  30.0  229
 4.375  267.5 -90  51  60   4.688 210.0  30.0  269
 4.375  282.5 -90  51  63   4.688 210.0  30.0  287
 4.375  292.5 -90  51  60  -4.688 210.0  30.0  290
 4.375  380.0 -90  51  60   1.563 210.0  30.0  373
 4.375  390.0 -90  51  60  -4.688 210.0  30.0  396
 4.375  405.0 -90  51  60  -4.688 210.0  30.0  399
 4.375  452.5 -90  51  60   4.688 210.0  30.0  449
 4.375  830.0 -90  51  60   1.563 210.0  30.0  822
 4.375 1092.5 -90  51  60   1.563 210.0  30.0 1087
 4.400  100.0  90  39  48   1.563   0.0   0.0  106
 4.400  102.5  90  39  54  -1.563   0.0   0.0  106
 4.400  110.0  90  39  48   1.563 330.0  30.0  109
 4.400  245.0  90  39  48   1.563   0.0   0.0  252
 4.400  247.5  90  39  57  -1.563   0.0   0.0  252
 4.400  250.0  90  39  48  -1.563   0.0   0.0  253
 4.400  252.5  90  39  48  -1.563   0.0   0.0  256
 4.400  255.0  90  39  48  -1.563   0.0   0.0  258
 4.400  257.5  90  39  48   1.563   0.0   0.0  262
 4.400  262.5  90  39  51   1.563   0.0   0.0  266
 4.400  265.0  90  39  51   1.563   0.0   0.0  269
 4.400  692.5  90  39  48   1.563 150.0  30.0  705
 4.400  262.5 -90  42  51  -4.688  30.0  30.0  267
 4.400  357.5 -90  42  51  -4.688 210.0  30.0  368
 4.400  360.0 -90  42  51  -1.563 210.0  30.0  370
 4.400  380.0 -90  42  51   4.688 210.0  30.0  370
 4.400  382.5 -90  42  51   4.688 210.0  30.0  379
 4.400  390.0 -90  42  54   1.563 210.0  30.0  387
 4.400  395.0 -90  42  54   4.688  30.0  30.0  399
 4.400  400.0 -90  42  51  -4.688 210.0  30.0  388
 4.400  405.0 -90  42  54   1.563  30.0  30.0  418
 4.400  407.5 -90  42  51   4.688  30.0  30.0  403
 4.400  415.0 -90  42  51  -1.563 210.0  30.0  427
 4.400  432.5 -90  42  51   4.688  30.0  30.0  442
 4.400  435.0 -90  42  51  -4.688  30.0  30.0  425
 4.400  452.5 -90  42  51   1.563  30.0  30.0  465
 4.400  457.5 -90  42  51   4.688 210.0  30.0  453
 4.400  475.0 -90  42  51  -1.563 210.0  30.0  483
 4.400  492.5 -90  42  51  -4.688  30.0  30.0  504
 4.400  497.5 -90  42  51  -4.688 210.0  30.0  510
 4.400  502.5 -90  42  51   1.563  30.0  30.0  497
 4.400  505.0 -90  42  54   1.563 210.0  30.0  518
 4.400  507.5 -90  42  54   1.563 210.0  30.0  519
 4.400  520.0 -90  42  51  -4.688  30.0  30.0  528
 4.400  527.5 -90  42  51  -4.688  30.0  30.0  526
 4.400  530.0 -90  42  54   1.563 210.0  30.0  518
 4.400  540.0 -90  42  51  -4.688  30.0  30.0  529
 4.400  575.0 -90  42  51  -4.688 210.0  30.0  590
 4.400  645.0 -90  42  51  -4.688 210.0  30.0  643
 4.400  855.0 -90  42  51   4.688 270.0  30.0  869
 4.400 1002.5 -90  42  51  -1.563  30.0  30.0  994
 4.400 1022.5 -90  42  54   1.563  30.0  30.0 1009
 4.400 1027.5 -90  42  51  -4.688  30.0  30.0 1021
 4.400 1030.0 -90  42  51  -4.688  30.0  30.0 1031
 4.400 1037.5 -90  42  51   4.688 210.0  30.0 1025
 4.400 1040.0 -90  42  51  -4.688  30.0  30.0 1052
 4.400 1045.0 -90  42  51  -4.688  30.0  30.0 1040
 4.400 1047.5 -90  42  51   4.688  30.0  30.0 1056
 4.400 1052.5 -90  42  51  -4.688  30.0  30.0 1059
 4.400 1057.5 -90  42  51   1.563 210.0  30.0 1053
 4.400 1060.0 -90  42  51  -1.563  30.0  30.0 1057
 4.400 1072.5 -90  42  51  -4.688  30.0  30.0 1082
 4.400 1130.0 -90  42  51   4.688 210.0  30.0 1143
 4.425  102.5  90  39  48   1.563 150.0  30.0  105
 4.425  112.5  90  39  48   1.563 150.0  30.0  116
 4.425  115.0  90  39  48   1.563  90.0  30.0  118
 4.425  117.5  90  39  48   1.563   0.0   0.0  122
 4.425  247.5  90  39  51  -1.563   0.0   0.0  252
 4.425  250.0  90  39  51  -1.563   0.0   0.0  255
 4.425  252.5  90  39  51   1.563   0.0   0.0  256
 4.425  255.0  90  39  51   1.563   0.0   0.0  260
 4.425  257.5  90  39  54   1.563   0.0   0.0  263
 4.425  260.0  90  39  63   1.563   0.0   0.0  265
 4.425  262.5  90  39  60  -1.563   0.0   0.0  267
 4.425  265.0  90  39  57  -1.563   0.0   0.0  270
 4.425  267.5  90  39  57   1.563   0.0   0.0  271
 4.425  270.0  90  39  51   1.563   0.0   0.0  273
 4.450  100.0  90  39  48  -1.563   0.0   0.0  105
 4.450  120.0  90  39  48   1.563   0.0   0.0  122
 4.450  250.0  90  39  48   1.563   0.0   0.0  255
 4.450  252.5  90  39  48   1.563   0.0   0.0  256
 4.450  257.5  90  39  51   1.563   0.0   0.0  261
 4.450  260.0  90  39  54   1.563   0.0   0.0  266
 4.450  262.5  90  39  54  -1.563   0.0   0.0  265
 4.450  265.0  90  39  63  -1.563   0.0   0.0  270
 4.450  267.5  90  39  63  -1.563   0.0   0.0  272
 4.450  270.0  90  39  48  -1.563   0.0   0.0  273
 4.450  272.5  90  39  48   1.563   0.0   0.0  274
 4.450  100.0 -90  36  45  -1.563   0.0   0.0  104
 4.450  105.0 -90  36  48   1.563   0.0   0.0  107
 4.450  107.5 -90  36  48   1.563   0.0   0.0  112
 4.450  115.0 -90  36  45   1.563 330.0  30.0  115
 4.450  790.0 -90  36  45  -1.563   0.0   0.0  795
 4.450  800.0 -90  36  45  -1.563 270.0  30.0  800
 4.450  840.0 -90  36  45   1.563 330.0  30.0  847
 4.450  850.0 -90  36  45  -4.688 270.0  30.0  864
 4.475  250.0  90  63  72   1.563   0.0   0.0  255
 4.475  260.0  90  63  75   1.563   0.0   0.0  263
 4.475  262.5  90  63  78   1.563   0.0   0.0  267
 4.475  265.0  90  63  81   1.563   0.0   0.0  269
 4.475  267.5  90  63  87  -1.563   0.0   0.0  272
 4.475  270.0  90  63  87  -1.563   0.0   0.0  274
 4.475  272.5  90  63  84   1.563   0.0   0.0  276
 4.475  275.0  90  63  78  -1.563   0.0   0.0  279
 4.475  277.5  90  63  75   1.563   0.0   0.0  281
 4.475  100.0 -90  63  72   1.563   0.0   0.0  106
 4.475  697.5 -90  63  72  -1.563  90.0  30.0  695
 4.500  272.5  90  75  90   1.563   0.0   0.0  277
 4.500  275.0  90  75  84  -1.563   0.0   0.0  280
 4.525   82.5  90  81  90   1.563  90.0  30.0   80
 4.525  100.0  90  81  90  -1.563  90.0  30.0  108
 4.525  122.5  90  81  90  -1.563  90.0  30.0  126
 4.525  162.5  90  81  90   4.688   0.0   0.0  172
 4.525  270.0  90  81  96   1.563   0.0   0.0  276
 4.525  272.5  90  81  96   1.563   0.0   0.0  276
 4.525  275.0  90  81  90  -1.563   0.0   0.0  284
 4.525  280.0  90  81  93   1.563   0.0   0.0  284
 4.525  282.5  90  81  90   1.563   0.0   0.0  286
 4.525  287.5  90  81  90   1.563   0.0   0.0  290
 4.525  552.5  90  81  90   4.688  90.0  30.0  542
 4.525 1002.5  90  81  90  -1.563  90.0  30.0 1016
 4.525  100.0 -90  75  87   1.563   0.0   0.0  104
 4.525  102.5 -90  75  87   1.563   0.0   0.0  107
 4.525  105.0 -90  75  84  -1.563 150.0  30.0  108
 4.525  115.0 -90  75  84  -1.563   0.0   0.0  120
 4.525  435.0 -90  75  84   4.688   0.0   0.0  434
 4.525  460.0 -90  75  84   1.563  90.0  30.0  465
 4.525  480.0 -90  75  84   1.563  90.0  30.0  495
 4.525  490.0 -90  75  84  -4.688  30.0  30.0  493
 4.525  617.5 -90  75  84  -1.563 210.0  30.0  613
 4.525  935.0 -90  75  84  -4.688  30.0  30.0  935
 4.550  127.5  90  84  93   1.563  90.0  30.0  119
 4.550  265.0  90  84  93   1.563   0.0   0.0  271
 4.550  272.5  90  84  93   1.563   0.0   0.0  276
 4.550  277.5  90  84  96  -1.563   0.0   0.0  280
 4.550  280.0  90  84  96   1.563   0.0   0.0  284
 4.550  282.5  90  84  93  -1.563   0.0   0.0  290
 4.550  392.5  90  84  93  -4.688  30.0  30.0  403
 4.550  702.5  90  84  93  -1.563  90.0  30.0  706
 4.550 1035.0  90  84  93   1.563   0.0   0.0 1047
 4.550  100.0 -90  81  93   1.563   0.0   0.0  105
 4.550  102.5 -90  81  90  -1.563   0.0   0.0  104
 4.550 1275.0 -90  81  90   1.563 210.0  30.0 1273
 4.575  105.0  90  72  81   1.563   0.0   0.0  109
 4.575  115.0  90  72  81   1.563   0.0   0.0  119
 4.575  265.0  90  72  84   1.563   0.0   0.0  270
 4.575  270.0  90  72  84  -1.563   0.0   0.0  274
 4.575  275.0  90  72  87  -1.563   0.0   0.0  279
 4.575  277.5  90  72  90  -1.563   0.0   0.0  282
 4.575  282.5  90  72  84  -1.563   0.0   0.0  287
 4.575  285.0  90  72  81  -1.563  90.0  30.0  287
 4.575  287.5  90  72  87  -1.563   0.0   0.0  292
 4.575  290.0  90  72  90   1.563   0.0   0.0  294
 4.575  292.5  90  72  90   1.563   0.0   0.0  297
 4.575  295.0  90  72  90  -1.563   0.0   0.0  299
 4.575  297.5  90  72  90   1.563   0.0   0.0  302
 4.575  300.0  90  72  81   1.563   0.0   0.0  302
 4.575   97.5 -90  72  81  -1.563   0.0   0.0  103
 4.575  100.0 -90  72  87   1.563   0.0   0.0  103
 4.575  102.5 -90  72  81  -1.563 330.0  30.0  105
 4.575  105.0 -90  72  81   1.563 150.0  30.0  109
 4.575  107.5 -90  72  81   1.563   0.0   0.0  112
 4.575  110.0 -90  72  81   1.563 330.0  30.0  108
 4.600  102.5  90  72  81   1.563   0.0   0.0  108
 4.600  112.5  90  72  81   1.563 150.0  30.0  116
 4.600  267.5  90  72  84  -1.563   0.0   0.0  272
 4.600  270.0  90  72  87  -1.563   0.0   0.0  275
 4.600  272.5  90  72  84   1.563   0.0   0.0  276
 4.600  277.5  90  72  87  -1.563   0.0   0.0  283
 4.600  280.0  90  72  84   1.563   0.0   0.0  284
 4.600  282.5  90  72  87  -1.563   0.0   0.0  287
 4.600  285.0  90  72  84  -1.563   0.0   0.0  287
 4.600  287.5  90  72  87  -1.563   0.0   0.0  292
 4.600  290.0  90  72  90   1.563   0.0   0.0  295
 4.600  292.5  90  72  84   1.563   0.0   0.0  295
 4.600  295.0  90  72  96  -1.563   0.0   0.0  300
 4.600  297.5  90  72  96  -1.563   0.0   0.0  301
 4.600  300.0  90  72  96   1.563   0.0   0.0  304
 4.600  302.5  90  72  87  -1.563   0.0   0.0  305
 4.600  305.0  90  72  84   1.563   0.0   0.0  308
 4.600  312.5  90  72  81  -1.563   0.0   0.0  319
 4.600  100.0 -90  72  84   1.563   0.0   0.0  105
 4.600  102.5 -90  72  87   1.563   0.0   0.0  107
 4.600  105.0 -90  72  84  -1.563   0.0   0.0  109
 4.600  107.5 -90  72  81   1.563 150.0  30.0  112
 4.600  110.0 -90  72  84  -1.563 150.0  30.0  112
 4.625  112.5  90  72  81   1.563   0.0   0.0  114
 4.625  267.5  90  72  81  -1.563   0.0   0.0  275
 4.625  270.0  90  72  81   1.563   0.0   0.0  277
 4.625  275.0  90  72  81  -1.563   0.0   0.0  280
 4.625  277.5  90  72  84  -1.563   0.0   0.0  279
 4.625  280.0  90  72  87  -1.563   0.0   0.0  286
 4.625  282.5  90  72  90  -1.563   0.0   0.0  287
 4.625  285.0  90  72  87   1.563   0.0   0.0  290
 4.625  287.5  90  72  81   1.563   0.0   0.0  291
 4.625  290.0  90  72  84  -1.563   0.0   0.0  293
 4.625  292.5  90  72  90   1.563   0.0   0.0  299
 4.625  295.0  90  72  99  -1.563   0.0   0.0  299
 4.625  297.5  90  72  93   1.563   0.0   0.0  301
 4.625  300.0  90  72  90  -1.563   0.0   0.0  306
 4.625  302.5  90  72  99  -1.563   0.0   0.0  307
 4.625  305.0  90  72  93   1.563   0.0   0.0  309
 4.625  307.5  90  72  90   1.563   0.0   0.0  311
 4.625  310.0  90  72  81   1.563   0.0   0.0  314
 4.625  315.0  90  72  81   1.563 270.0  30.0  316
 4.625  100.0 -90  72  81  -1.563 150.0  30.0  104
 4.625  105.0 -90  72  84   1.563   0.0   0.0  109
 4.625  107.5 -90  72  81   1.563 270.0  30.0  111
 4.625  110.0 -90  72  87   1.563   0.0   0.0  114
 4.650  275.0  90  72  81   1.563   0.0   0.0  280
 4.650  280.0  90  72  81  -1.563   0.0   0.0  284
 4.650  282.5  90  72  84  -1.563   0.0   0.0  287
 4.650  285.0  90  72  81   1.563   0.0   0.0  292
 4.650  287.5  90  72  87   1.563   0.0   0.0  292
 4.650  292.5  90  72  93   1.563   0.0   0.0  297
 4.650  295.0  90  72  87  -1.563   0.0   0.0  301
 4.650  300.0  90  72  90   1.563   0.0   0.0  303
 4.650  302.5  90  72  93  -1.563   0.0   0.0  307
 4.650  305.0  90  72  93   1.563   0.0   0.0  309
 4.650  307.5  90  72  81   1.563 150.0  30.0  306
 4.650  310.0  90  72  90  -1.563   0.0   0.0  314
 4.650  312.5  90  72  84  -1.563   0.0   0.0  316
 4.650  315.0  90  72  84  -1.563   0.0   0.0  320
 4.650  317.5  90  72  81  -1.563 150.0  30.0  321
 4.650  320.0  90  72  84   1.563   0.0   0.0  323
 4.650  325.0  90  72  81  -1.563   0.0   0.0  329
 4.650  100.0 -90  72  84   1.563   0.0   0.0  103
 4.650  105.0 -90  72  84   1.563   0.0   0.0  109
 4.650  110.0 -90  72  87   1.563   0.0   0.0  114
 4.650  112.5 -90  72  81   1.563   0.0   0.0  117
 4.675  110.0  90  60  69   1.563 210.0  30.0  114
 4.675  122.5  90  60  69   1.563 330.0  30.0  120
 4.675  280.0  90  60  69  -1.563   0.0   0.0  283
 4.675  285.0  90  60  72  -1.563   0.0   0.0  288
 4.675  290.0  90  60  75  -1.563   0.0   0.0  295
 4.675  292.5  90  60  78  -1.563   0.0   0.0  296
 4.675  295.0  90  60  75  -1.563   0.0   0.0  298
 4.675  297.5  90  60  78   1.563   0.0   0.0  301
 4.675  300.0  90  60  72  -1.563 150.0  30.0  304
 4.675  302.5  90  60  69   1.563   0.0   0.0  308
 4.675  305.0  90  60  75   1.563   0.0   0.0  311
 4.675  307.5  90  60  81  -1.563   0.0   0.0  311
 4.675  310.0  90  60  81  -1.563   0.0   0.0  315
 4.675  312.5  90  60  78   1.563   0.0   0.0  314
 4.675  315.0  90  60  78   1.563   0.0   0.0  319
 4.675  317.5  90  60  78   1.563   0.0   0.0  321
 4.675  320.0  90  60  78   1.563   0.0   0.0  324
 4.675  322.5  90  60  78   1.563   0.0   0.0  327
 4.675  325.0  90  60  72   1.563 330.0  30.0  326
 4.675  327.5  90  60  69   1.563 150.0  30.0  330
 4.675  330.0  90  60  69   1.563 330.0  30.0  331
 4.675  332.5  90  60  69   1.563 330.0  30.0  332
 4.675  335.0  90  60  69   1.563   0.0   0.0  340
 4.675  337.5  90  60  69  -1.563   0.0   0.0  340
 4.675  340.0  90  60  69   1.563   0.0   0.0  343
 4.675   97.5 -90  60  69   1.563 330.0  30.0   99
 4.675  100.0 -90  60  72  -1.563   0.0   0.0  104
 4.675  102.5 -90  60  72  -1.563   0.0   0.0  106
 4.675  105.0 -90  60  75   1.563   0.0   0.0  108
 4.675  107.5 -90  60  69   1.563   0.0   0.0  111
 4.675  110.0 -90  60  75   1.563 150.0  30.0  112
 4.700  295.0  90  69  78  -1.563   0.0   0.0  300
 4.700  305.0  90  69  78  -1.563   0.0   0.0  310
 4.700  307.5  90  69  81  -1.563   0.0   0.0  311
 4.700  310.0  90  69  81  -1.563   0.0   0.0  315
 4.700  312.5  90  69  84   1.563   0.0   0.0  317
 4.700  315.0  90  69  81  -1.563   0.0   0.0  319
 4.700  320.0  90  69  78  -1.563   0.0   0.0  325
 4.700  325.0  90  69  78  -1.563   0.0   0.0  330
 4.700  337.5  90  69  78   1.563   0.0   0.0  341
 4.700  340.0  90  69  78   1.563   0.0   0.0  343
 4.700  100.0 -90  66  75   1.563   0.0   0.0  104
 4.700  102.5 -90  66  75  -1.563  90.0  30.0  107
 4.700  107.5 -90  66  78  -1.563   0.0   0.0  111
 4.725  297.5  90  45  54  -1.563   0.0   0.0  301
 4.725  305.0  90  45  54  -1.563   0.0   0.0  307
 4.725  307.5  90  45  54  -1.563   0.0   0.0  318
 4.725  310.0  90  45  54  -1.563 150.0  30.0  312
 4.725  312.5  90  45  54  -1.563   0.0   0.0  317
 4.725  315.0  90  45  54  -1.563   0.0   0.0  320
 4.725  317.5  90  45  54  -1.563   0.0   0.0  322
 4.725  322.5  90  45  57   1.563   0.0   0.0  326
 4.725  325.0  90  45  60   1.563   0.0   0.0  328
 4.725  327.5  90  45  57   1.563   0.0   0.0  328
 4.725  330.0  90  45  54  -1.563   0.0   0.0  338
 4.725  332.5  90  45  57  -1.563   0.0   0.0  338
 4.725  102.5 -90  45  54   1.563   0.0   0.0  107
 4.750  292.5  90  39  48  -1.563   0.0   0.0  297
 4.750  295.0  90  39  48  -1.563   0.0   0.0  298
 4.750  297.5  90  39  48   1.563   0.0   0.0  302
 4.750  300.0  90  39  51  -1.563   0.0   0.0  305
 4.750  307.5  90  39  51  -1.563   0.0   0.0  312
 4.750  310.0  90  39  48   1.563   0.0   0.0  315
 4.750  317.5  90  39  48  -1.563   0.0   0.0  321
 4.750  320.0  90  39  48  -1.563   0.0   0.0  324
 4.750  322.5  90  39  54  -1.563   0.0   0.0  326
 4.750  325.0  90  39  51  -1.563 330.0  30.0  331
 4.750  327.5  90  39  51   1.563   0.0   0.0  334
 4.750  330.0  90  39  54   1.563   0.0   0.0  336
 4.750  332.5  90  39  54  -1.563   0.0   0.0  336
 4.750  337.5  90  39  48  -1.563   0.0   0.0  339
 4.750  340.0  90  39  51  -1.563   0.0   0.0  343
 4.750  342.5  90  39  51   1.563   0.0   0.0  347
 4.750  345.0  90  39  48   1.563   0.0   0.0  351
 4.750  347.5  90  39  48  -1.563   0.0   0.0  349
 4.750  350.0  90  39  48  -1.563   0.0   0.0  353
 4.750  355.0  90  39  48  -1.563   0.0   0.0  359
 4.750  102.5 -90  39  54   1.563   0.0   0.0  107
 4.750  105.0 -90  39  51   1.563   0.0   0.0  109
 4.750  107.5 -90  39  54  -1.563   0.0   0.0  111
 4.775  300.0  90  75  84   1.563   0.0   0.0  303
 4.775  302.5  90  75  84  -1.563   0.0   0.0  315
 4.775  310.0  90  75  84  -1.563   0.0   0.0  315
 4.775  312.5  90  75  84  -1.563   0.0   0.0  315
 4.775  315.0  90  75  84  -1.563   0.0   0.0  322
 4.775  317.5  90  75  84  -1.563   0.0   0.0  320
 4.775  320.0  90  75  87   1.563   0.0   0.0  326
 4.775  322.5  90  75  90  -1.563   0.0   0.0  328
 4.775  327.5  90  75  87   1.563   0.0   0.0  330
 4.775  330.0  90  75  84   1.563   0.0   0.0  333
 4.775  332.5  90  75  87   1.563   0.0   0.0  341
 4.775  340.0  90  75  87  -1.563   0.0   0.0  347
 4.775  342.5  90  75  93   1.563   0.0   0.0  347
 4.775  345.0  90  75  93  -1.563   0.0   0.0  349
 4.775  347.5  90  75  84  -1.563   0.0   0.0  351
 4.775  350.0  90  75  87  -1.563   0.0   0.0  357
 4.775  352.5  90  75  90   1.563   0.0   0.0  355
 4.775  370.0  90  75  84  -1.563   0.0   0.0  375
 4.775  100.0 -90  75  84   1.563   0.0   0.0  106
 4.775  102.5 -90  75  87   1.563   0.0   0.0  107
 4.775  105.0 -90  75  84   1.563   0.0   0.0  112
 4.775  107.5 -90  75  87   1.563   0.0   0.0  110
 4.775  110.0 -90  75  87  -1.563   0.0   0.0  112
 4.775  945.0 -90  75  84  -1.563  90.0  30.0  948
 4.775  970.0 -90  75  84   1.563  90.0  30.0  983
 4.800  317.5  90  78  87  -1.563   0.0   0.0  323
 4.800  330.0  90  78  87  -1.563   0.0   0.0  334
 4.800  335.0  90  78  87  -1.563   0.0   0.0  337
 4.800  337.5  90  78  87  -1.563   0.0   0.0  345
 4.800  340.0  90  78  90  -1.563   0.0   0.0  345
 4.800  342.5  90  78  87  -1.563   0.0   0.0  346
 4.800  350.0  90  78  90   1.563   0.0   0.0  355
 4.800  352.5  90  78  99   1.563   0.0   0.0  357
 4.800  355.0  90  78  90  -1.563   0.0   0.0  357
 4.800  360.0  90  78  87   1.563   0.0   0.0  364
 4.800  375.0  90  78  87  -1.563   0.0   0.0  380
 4.800  102.5 -90  75  90   1.563   0.0   0.0  108
 4.800  105.0 -90  75  93   1.563   0.0   0.0  109
 4.800  107.5 -90  75  90  -1.563   0.0   0.0  111
 4.800  110.0 -90  75  87   1.563   0.0   0.0  114
 4.800  570.0 -90  75  84   1.563   0.0   0.0  579
 4.825  330.0  90  39  48   1.563   0.0   0.0  334
 4.825  340.0  90  39  48   1.563   0.0   0.0  344
 4.825  347.5  90  39  48   1.563   0.0   0.0  351
 4.825  350.0  90  39  54   1.563   0.0   0.0  354
 4.825  352.5  90  39  57  -1.563   0.0   0.0  356
 4.825  355.0  90  39  48  -1.563   0.0   0.0  358
 4.825  360.0  90  39  48  -1.563   0.0   0.0  369
 4.825  362.5  90  39  51   1.563   0.0   0.0  368
 4.825  365.0  90  39  54  -1.563   0.0   0.0  369
 4.825  367.5  90  39  57   1.563   0.0   0.0  371
 4.825  375.0  90  39  48   1.563   0.0   0.0  381
 4.825  377.5  90  39  48   1.563   0.0   0.0  381
 4.825  382.5  90  39  48   1.563   0.0   0.0  386
 4.825  385.0  90  39  48  -1.563   0.0   0.0  388
 4.825  102.5 -90  39  57   1.563   0.0   0.0  107
 4.825  105.0 -90  39  51   1.563   0.0   0.0  107
 4.825  107.5 -90  39  54   1.563   0.0   0.0  112
 4.850  347.5  90  39  48  -1.563   0.0   0.0  352
 4.850  350.0  90  39  48   1.563   0.0   0.0  355
 4.850  352.5  90  39  48  -1.563   0.0   0.0  358
 4.850  362.5  90  39  57   1.563   0.0   0.0  367
 4.850  365.0  90  39  57  -1.563   0.0   0.0  369
 4.850  367.5  90  39  48   1.563   0.0   0.0  370
 4.850  372.5  90  39  48  -1.563   0.0   0.0  377
 4.850  375.0  90  39  48   1.563   0.0   0.0  383
 4.850  377.5  90  39  54   1.563   0.0   0.0  382
 4.850  380.0  90  39  54   1.563   0.0   0.0  386
 4.850  382.5  90  39  57   1.563   0.0   0.0  386
 4.850  385.0  90  39  54   1.563   0.0   0.0  390
 4.850  387.5  90  39  51  -1.563   0.0   0.0  391
 4.850  400.0  90  39  51  -1.563   0.0   0.0  406
 4.850  402.5  90  39  51  -1.563   0.0   0.0  406
 4.850  405.0  90  39  48   1.563   0.0   0.0  410
 4.850  410.0  90  39  48   1.563   0.0   0.0  410
 4.850  100.0 -90  39  51   1.563   0.0   0.0  105
 4.850  102.5 -90  39  57   1.563   0.0   0.0  106
 4.850  105.0 -90  39  51   1.563   0.0   0.0  108
 4.850  107.5 -90  39  48  -1.563   0.0   0.0  111
 4.850  110.0 -90  39  48   1.563 330.0  30.0  104
 4.875  387.5  90  81  90   1.563   0.0   0.0  392
 4.875  415.0  90  81  90   1.563   0.0   0.0  421
 4.875 1237.5  90  81  90   1.563  30.0  30.0 1224
 4.875  100.0 -90  81  90   1.563   0.0   0.0  106
 4.875  172.5 -90  81  90  -4.688  30.0  30.0  168
 4.875  192.5 -90  81  90   4.688  30.0  30.0  197
 4.875  222.5 -90  81  90   1.563  30.0  30.0  232
 4.875  465.0 -90  81  90  -4.688  30.0  30.0  473
 4.875  792.5 -90  81  90  -4.688  30.0  30.0  802
 4.875 1237.5 -90  81  90  -1.563  30.0  30.0 1244
 4.875 1242.5 -90  81  90  -1.563  30.0  30.0 1240
 4.900  377.5  90  78  87   1.563   0.0   0.0  381
 4.900  385.0  90  78  87  -1.563   0.0   0.0  388
 4.900  392.5  90  78  87  -1.563   0.0   0.0  397
 4.900  400.0  90  78  87   1.563   0.0   0.0  403
 4.900  402.5  90  78  90   1.563   0.0   0.0  406
 4.900  405.0  90  78  87   1.563   0.0   0.0  410
 4.900  407.5  90  78  87  -1.563   0.0   0.0  412
 4.900  410.0  90  78  90  -1.563   0.0   0.0  414
 4.900  412.5  90  78  90   1.563   0.0   0.0  417
 4.900  415.0  90  78  87   1.563   0.0   0.0  420
 4.900  417.5  90  78  87   1.563   0.0   0.0  424
 4.900  422.5  90  78  87   1.563   0.0   0.0  426
 4.900  425.0  90  78  87   1.563   0.0   0.0  428
 4.900  430.0  90  78  87   1.563   0.0   0.0  435
 4.900  432.5  90  78  87  -1.563   0.0   0.0  436
 4.900  452.5  90  78  87  -1.563   0.0   0.0  456
 4.900  722.5  90  78  87  -1.563  30.0  30.0  711
 4.900  732.5  90  78  87   1.563  30.0  30.0  718
 4.900  747.5  90  78  87  -4.688  30.0  30.0  753
 4.900  765.0  90  78  87   1.563  30.0  30.0  751
 4.900  775.0  90  78  87  -4.688  30.0  30.0  765
 4.900  102.5 -90  78  87  -1.563   0.0   0.0  106
 4.900  112.5 -90  78  87   1.563 150.0  30.0  116
 4.925  365.0  90  36  45   1.563   0.0   0.0  369
 4.925  385.0  90  36  45   1.563   0.0   0.0  386
 4.925  392.5  90  36  48  -1.563   0.0   0.0  397
 4.925  402.5  90  36  45   1.563   0.0   0.0  406
 4.925  405.0  90  36  45   1.563   0.0   0.0  409
 4.925  410.0  90  36  51  -1.563   0.0   0.0  413
 4.925  412.5  90  36  45  -1.563   0.0   0.0  414
 4.925  417.5  90  36  45   1.563   0.0   0.0  422
 4.925  420.0  90  36  45   1.563   0.0   0.0  425
 4.925  422.5  90  36  48   1.563   0.0   0.0  424
 4.925  430.0  90  36  48   1.563   0.0   0.0  433
 4.925  435.0  90  36  51  -1.563   0.0   0.0  439
 4.925  437.5  90  36  51   1.563   0.0   0.0  441
 4.925  440.0  90  36  51   1.563   0.0   0.0  442
 4.925  442.5  90  36  48   1.563   0.0   0.0  441
 4.925  445.0  90  36  45   1.563   0.0   0.0  449
 4.925  447.5  90  36  45  -1.563   0.0   0.0  451
 4.925  450.0  90  36  51  -1.563   0.0   0.0  454
 4.925  452.5  90  36  51   1.563   0.0   0.0  454
 4.925  462.5  90  36  48   1.563   0.0   0.0  466
 4.925  465.0  90  36  48   1.563   0.0   0.0  466
 4.925  467.5  90  36  45  -1.563   0.0   0.0  471
 4.925  470.0  90  36  45  -1.563   0.0   0.0  473
 4.925  472.5  90  36  48   1.563   0.0   0.0  474
 4.925  477.5  90  36  45  -1.563   0.0   0.0  481
 4.925  482.5  90  36  45   1.563   0.0   0.0  485
 4.925  487.5  90  36  45  -1.563   0.0   0.0  490
 4.925  522.5  90  36  45  -1.563   0.0   0.0  529
 4.925  100.0 -90  39  51   1.563   0.0   0.0  103
 4.925  102.5 -90  39  51  -1.563   0.0   0.0  105
 4.925  105.0 -90  39  48   1.563 150.0  30.0  107
 4.925  107.5 -90  39  48   1.563 150.0  30.0  109
 4.925  115.0 -90  39  48  -1.563   0.0   0.0  117
 4.925  892.5 -90  39  48   4.688  90.0  30.0  902
 4.925 1067.5 -90  39  48   1.563  90.0  30.0 1073
 4.950  422.5  90  39  48  -1.563   0.0   0.0  428
 4.950  450.0  90  39  51   1.563   0.0   0.0  454
 4.950  452.5  90  39  51   1.563   0.0   0.0  456
 4.950  455.0  90  39  48   1.563   0.0   0.0  459
 4.950  457.5  90  39  48  -1.563   0.0   0.0  462
 4.950  460.0  90  39  48   1.563 150.0  30.0  463
 4.950  462.5  90  39  51   1.563   0.0   0.0  467
 4.950  465.0  90  39  51  -1.563   0.0   0.0  468
 4.950  467.5  90  39  51   1.563   0.0   0.0  472
 4.950  470.0  90  39  51  -1.563   0.0   0.0  474
 4.950  472.5  90  39  48   1.563   0.0   0.0  474
 4.950  482.5  90  39  48  -1.563   0.0   0.0  485
 4.950  485.0  90  39  51   1.563   0.0   0.0  489
 4.950  487.5  90  39  54  -1.563   0.0   0.0  491
 4.950  507.5  90  39  51   1.563   0.0   0.0  513
 4.950  510.0  90  39  51   1.563   0.0   0.0  515
 4.950  520.0  90  39  48  -1.563   0.0   0.0  524
 4.950  100.0 -90  39  48   1.563   0.0   0.0  105
 4.950  102.5 -90  39  48  -1.563   0.0   0.0  106
 4.950  105.0 -90  39  51   1.563   0.0   0.0  109
 4.950  107.5 -90  39  48  -1.563 150.0  30.0  110
 4.950  115.0 -90  39  48   1.563 330.0  30.0  115
 4.950  117.5 -90  39  48   1.563   0.0   0.0  122
 4.950  120.0 -90  39  48   1.563 330.0  30.0  119
 4.975  470.0  90  39  54   1.563   0.0   0.0  474
 4.975  472.5  90  39  48   1.563   0.0   0.0  466
 4.975  475.0  90  39  48  -1.563   0.0   0.0  461
 4.975  482.5  90  39  48   1.563   0.0   0.0  497
 4.975  485.0  90  39  48  -1.563   0.0   0.0  483
 4.975  487.5  90  39  51  -1.563   0.0   0.0  479
 4.975  505.0  90  39  48   1.563   0.0   0.0  510
 4.975  507.5  90  39  51   1.563   0.0   0.0  510
 4.975  510.0  90  39  51   1.563   0.0   0.0  516
 4.975  512.5  90  39  48  -1.563   0.0   0.0  510
 4.975  532.5  90  39  48  -1.563   0.0   0.0  535
 4.975  535.0  90  39  48  -1.563   0.0   0.0  537
 4.975  537.5  90  39  48  -1.563 330.0  30.0  550
 4.975  542.5  90  39  48   1.563   0.0   0.0  548
 4.975  550.0  90  39  51  -1.563   0.0   0.0  549
 4.975  595.0  90  39  48   1.563   0.0   0.0  580
 4.975  102.5 -90  39  48   1.563   0.0   0.0  102
 4.975  105.0 -90  39  51  -1.563   0.0   0.0   98
 5.000 1275.0  90  48  57  -1.563 270.0  30.0 1265
 5.000 1277.5  90  48  57   1.563 270.0  30.0 1263
 5.000 1280.0  90  48  57  -1.563 270.0  30.0 1291
 5.025  545.0  90  39  48   1.563   0.0   0.0  547
 5.025  567.5  90  39  48  -1.563   0.0   0.0  571
 5.025  587.5  90  39  48   1.563   0.0   0.0  593
 5.025  105.0 -90  39  48   1.563   0.0   0.0  109
 5.050  167.5  90  45  54   4.688  30.0  30.0  163
 5.050  375.0  90  45  54   1.563  30.0  30.0  378
 5.050  602.5  90  45  54   4.688  30.0  30.0  608
 5.050  605.0  90  45  54   4.688  30.0  30.0  607
 5.050  615.0  90  45  54   1.563  30.0  30.0  614
 5.050  630.0  90  45  54   1.563  30.0  30.0  633
 5.050  640.0  90  45  54  -4.688  30.0  30.0  648
 5.050  665.0  90  45  54  -4.688  30.0  30.0  661
 5.050 1022.5  90  45  54   1.563  30.0  30.0 1033
 5.050  175.0 -90  48  57  -4.688  30.0  30.0  185
 5.050  337.5 -90  48  57  -1.563  30.0  30.0  331
 5.050  407.5 -90  48  57  -4.688  30.0  30.0  416
 5.050 1245.0 -90  48  57   4.688  30.0  30.0 1251
 5.050 1260.0 -90  48  57  -1.563  30.0  30.0 1248
 5.075  680.0  90  66  75  -1.563   0.0   0.0  683
 5.075  682.5  90  66  75   1.563   0.0   0.0  685
 5.075  715.0  90  66  75  -1.563   0.0   0.0  713
 5.075  782.5  90  66  75  -1.563   0.0   0.0  789
 5.075  102.5 -90  63  75   1.563   0.0   0.0  105
 5.075  105.0 -90  63  75   1.563   0.0   0.0  107
 5.075  107.5 -90  63  72   1.563 150.0  30.0  109
 5.075  115.0 -90  63  72   1.563  90.0  30.0  116
 5.075 1020.0 -90  63  72  -4.688  90.0  30.0 1013
 5.075 1202.5 -90  63  72   1.563  90.0  30.0 1213
 5.100   87.5  90  75  84   1.563 150.0  30.0   95
 5.100  147.5  90  75  84   1.563 150.0  30.0  150
 5.100  180.0  90  75  84   4.688 150.0  30.0  188
 5.100  185.0  90  75  84   4.688 150.0  30.0  181
 5.100  290.0  90  75  84   1.563 150.0  30.0  288
 5.100  307.5  90  75  84   4.688 150.0  30.0  296
 5.100  332.5  90  75  84  -4.688 150.0  30.0  326
 5.100  445.0  90  75  84  -1.563 150.0  30.0  457
 5.100  480.0  90  75  84   1.563 150.0  30.0  483
 5.100  520.0  90  75  84  -1.563 150.0  30.0  533
 5.100  535.0  90  75  84  -4.688 150.0  30.0  526
 5.100  550.0  90  75  84   1.563 150.0  30.0  559
 5.100  575.0  90  75  84   1.563 150.0  30.0  578
 5.100  590.0  90  75  84  -1.563 150.0  30.0  586
 5.100  637.5  90  75  84   4.688 150.0  30.0  626
 5.100  837.5  90  75  84  -1.563 150.0  30.0  835
 5.100  852.5  90  75  84  -4.688 150.0  30.0  856
 5.100  260.0 -90  78  87  -4.688 150.0  30.0  274
 5.100  317.5 -90  78  87  -1.563 150.0  30.0  303
 5.100  657.5 -90  78  87   1.563 150.0  30.0  654
 5.100  765.0 -90  78  87   4.688 150.0  30.0  776
 5.125  227.5  90  51  60  -4.688 150.0  30.0  229
 5.125  272.5  90  51  60  -1.563 210.0  30.0  280
 5.125  282.5  90  51  60  -4.688 150.0  30.0  296
 5.125  485.0  90  51  60  -1.563 150.0  30.0  485
 5.125  495.0  90  51  63   4.688 210.0  30.0  498
 5.125  500.0  90  51  60  -1.563 210.0  30.0  509
 5.125  502.5  90  51  60  -1.563 210.0  30.0  504
 5.125  505.0  90  51  63   4.688 210.0  30.0  515
 5.125  512.5  90  51  60   1.563 210.0  30.0  502
 5.125  515.0  90  51  60  -1.563 150.0  30.0  503
 5.125  520.0  90  51  63  -1.563 210.0  30.0  526
 5.125  530.0  90  51  60   4.688 210.0  30.0  538
 5.125  532.5  90  51  60   1.563 210.0  30.0  519
 5.125  535.0  90  51  60   4.688 150.0  30.0  520
 5.125  542.5  90  51  60   1.563 210.0  30.0  555
 5.125  545.0  90  51  60   1.563 210.0  30.0  536
 5.125  562.5  90  51  60   4.688 210.0  30.0  569
 5.125  605.0  90  51  60   1.563 150.0  30.0  597
 5.125  610.0  90  51  60  -4.688 150.0  30.0  613
 5.125  617.5  90  51  60  -1.563 150.0  30.0  610
 5.125  632.5  90  51  60  -1.563 150.0  30.0  625
 5.125  642.5  90  51  60  -1.563 150.0  30.0  646
 5.125  645.0  90  51  60   1.563 150.0  30.0  640
 5.125  655.0  90  51  60  -1.563 150.0  30.0  667
 5.125  657.5  90  51  60  -1.563 150.0  30.0  665
 5.125  660.0  90  51  60  -1.563 150.0  30.0  666
 5.125  865.0  90  51  60  -1.563 150.0  30.0  853
 5.125  875.0  90  51  60   1.563 150.0  30.0  885
 5.125  880.0  90  51  60  -1.563 150.0  30.0  876
 5.125  155.0 -90  48  57  -4.688 150.0  30.0  164
 5.125  317.5 -90  48  57   1.563 150.0  30.0  304
 5.125  322.5 -90  48  57  -1.563 150.0  30.0  332
 5.125  327.5 -90  48  57   1.563 150.0  30.0  340
 5.125  337.5 -90  48  57  -1.563 150.0  30.0  327
 5.125  347.5 -90  48  57  -1.563 150.0  30.0  333
 5.125  357.5 -90  48  57  -4.688 150.0  30.0  363
 5.125  360.0 -90  48  60   1.563 150.0  30.0  347
 5.125  362.5 -90  48  60   1.563 150.0  30.0  351
 5.125  365.0 -90  48  57   1.563 210.0  30.0  353
 5.125  367.5 -90  48  57  -4.688 150.0  30.0  360
 5.125  372.5 -90  48  60   1.563 150.0  30.0  370
 5.125  380.0 -90  48  57   1.563 150.0  30.0  374
 5.125  382.5 -90  48  57  -1.563 150.0  30.0  389
 5.125  535.0 -90  48  57  -1.563 150.0  30.0  549
 5.125  560.0 -90  48  57  -1.563 150.0  30.0  550
 5.125  710.0 -90  48  57   1.563 210.0  30.0  695
 5.125  855.0 -90  48  57  -4.688 150.0  30.0  859
 5.125  877.5 -90  48  57   1.563 150.0  30.0  882
 5.125  882.5 -90  48  57   1.563 210.0  30.0  881
 5.125  890.0 -90  48  57   1.563 210.0  30.0  876
 5.125  892.5 -90  48  60   1.563 150.0  30.0  894
 5.125  907.5 -90  48  57   4.688 150.0  30.0  902
 5.125  915.0 -90  48  57   4.688 150.0  30.0  918
 5.125  920.0 -90  48  57  -4.688 150.0  30.0  923
 5.125  922.5 -90  48  57   4.688 150.0  30.0  912
 5.125  932.5 -90  48  57   4.688 150.0  30.0  931
 5.125  965.0 -90  48  57  -4.688 210.0  30.0  967
 5.125  972.5 -90  48  57   4.688 150.0  30.0  983
 5.125  975.0 -90  48  63   4.688 210.0  30.0  960
 5.125  977.5 -90  48  57   4.688 210.0  30.0  966
 5.125  980.0 -90  48  60  -4.688 210.0  30.0  980
 5.125  985.0 -90  48  60  -4.688 150.0  30.0  983
 5.125  990.0 -90  48  60  -4.688 210.0  30.0  980
 5.125  992.5 -90  48  60  -1.563 210.0  30.0  989
 5.125  995.0 -90  48  57   4.688 210.0  30.0  994
 5.125  997.5 -90  48  66  -1.563 210.0  30.0  995
 5.125 1000.0 -90  48  60  -1.563 210.0  30.0  998
 5.125 1002.5 -90  48  57   1.563 210.0  30.0 1005
 5.125 1005.0 -90  48  63   1.563 210.0  30.0 1004
 5.125 1007.5 -90  48  60  -4.688 210.0  30.0 1002
 5.125 1010.0 -90  48  69  -1.563 210.0  30.0 1000
 5.125 1012.5 -90  48  60   1.563 210.0  30.0 1020
 5.125 1015.0 -90  48  63  -1.563 210.0  30.0 1024
 5.125 1020.0 -90  48  63   4.688 210.0  30.0 1034
 5.125 1025.0 -90  48  57   1.563 210.0  30.0 1040
 5.125 1027.5 -90  48  63   1.563 210.0  30.0 1041
 5.125 1030.0 -90  48  66  -4.688 210.0  30.0 1025
 5.125 1032.5 -90  48  63   1.563 210.0  30.0 1032
 5.125 1035.0 -90  48  66   4.688 210.0  30.0 1021
 5.125 1037.5 -90  48  66   4.688 210.0  30.0 1038
 5.125 1040.0 -90  48  66  -4.688 210.0  30.0 1029
 5.125 1045.0 -90  48  60   1.563 210.0  30.0 1034
 5.125 1052.5 -90  48  66   4.688 210.0  30.0 1044
 5.125 1055.0 -90  48  60   4.688 210.0  30.0 1062
 5.125 1057.5 -90  48  69  -1.563 210.0  30.0 1070
 5.125 1060.0 -90  48  66   4.688 210.0  30.0 1070
 5.125 1062.5 -90  48  66   1.563 210.0  30.0 1071
 5.125 1065.0 -90  48  66   4.688 210.0  30.0 1071
 5.125 1067.5 -90  48  57   1.563 210.0  30.0 1070
 5.125 1070.0 -90  48  63   1.563 210.0  30.0 1069
 5.125 1075.0 -90  48  60   1.563 210.0  30.0 1084
 5.125 1077.5 -90  48  60   1.563 210.0  30.0 1084
 5.125 1080.0 -90  48  57  -4.688 210.0  30.0 1067
 5.125 1085.0 -90  48  60   1.563 210.0  30.0 1077
 5.125 1087.5 -90  48  57   1.563 210.0  30.0 1089
 5.125 1090.0 -90  48  60   4.688 210.0  30.0 1083
 5.125 1100.0 -90  48  66   4.688 210.0  30.0 1090
 5.125 1105.0 -90  48  60  -1.563 210.0  30.0 1119
 5.125 1110.0 -90  48  60   4.688 210.0  30.0 1115
 5.125 1112.5 -90  48  63  -1.563 210.0  30.0 1105
 5.125 1115.0 -90  48  57   4.688 210.0  30.0 1106
 5.125 1120.0 -90  48  57   1.563 210.0  30.0 1106
 5.125 1125.0 -90  48  57  -1.563 210.0  30.0 1135
 5.125 1127.5 -90  48  57  -1.563 210.0  30.0 1130
 5.150  112.5  90  42  51   1.563   0.0   0.0  121
 5.150  152.5  90  42  51   4.688   0.0   0.0  153
 5.150  162.5  90  42  51  -4.688 150.0  30.0  162
 5.150  210.0  90  42  51  -4.688 150.0  30.0  220
 5.150  225.0  90  42  51   1.563 150.0  30.0  231
 5.150  235.0  90  42  51   1.563 150.0  30.0  247
 5.150  250.0  90  42  51  -1.563 210.0  30.0  244
 5.150  252.5  90  42  51   4.688 150.0  30.0  255
 5.150  260.0  90  42  51   1.563 150.0  30.0  246
 5.150  265.0  90  42  51   1.563 150.0  30.0  278
 5.150  280.0  90  42  51   1.563 150.0  30.0  268
 5.150  332.5  90  42  51  -4.688 210.0  30.0  340
 5.150  337.5  90  42  57   1.563 150.0  30.0  339
 5.150  340.0  90  42  57   4.688 150.0  30.0  331
 5.150  342.5  90  42  57   1.563 150.0  30.0  356
 5.150  345.0  90  42  51   4.688 150.0  30.0  355
 5.150  347.5  90  42  60  -4.688 150.0  30.0  341
 5.150  355.0  90  42  54  -4.688 150.0  30.0  351
 5.150  357.5  90  42  57  -1.563 210.0  30.0  368
 5.150  360.0  90  42  54   4.688 150.0  30.0  350
 5.150  362.5  90  42  54  -1.563 210.0  30.0  355
 5.150  365.0  90  42  60  -4.688 150.0  30.0  354
 5.150  370.0  90  42  57   1.563 150.0  30.0  367
 5.150  375.0  90  42  57   4.688 150.0  30.0  382
 5.150  377.5  90  42  54   4.688 150.0  30.0  391
 5.150  380.0  90  42  51   4.688 150.0  30.0  376
 5.150  382.5  90  42  63  -4.688 150.0  30.0  392
 5.150  385.0  90  42  57   4.688 150.0  30.0  385
 5.150  387.5  90  42  60   4.688 150.0  30.0  373
 5.150  390.0  90  42  57   4.688 150.0  30.0  389
 5.150  392.5  90  42  60   1.563 150.0  30.0  395
 5.150  400.0  90  42  54  -4.688 150.0  30.0  409
 5.150  402.5  90  42  51  -4.688 150.0  30.0  413
 5.150  405.0  90  42  51   4.688 150.0  30.0  412
 5.150  407.5  90  42  63   4.688 150.0  30.0  419
 5.150  410.0  90  42  60  -4.688 150.0  30.0  416
 5.150  412.5  90  42  63   4.688 150.0  30.0  415
 5.150  415.0  90  42  60   4.688 150.0  30.0  407
 5.150  417.5  90  42  54   1.563 210.0  30.0  423
 5.150  420.0  90  42  54  -1.563 150.0  30.0  429
 5.150  422.5  90  42  51  -4.688 150.0  30.0  418
 5.150  425.0  90  42  57   1.563 150.0  30.0  426
 5.150  427.5  90  42  54   1.563 150.0  30.0  432
 5.150  432.5  90  42  54  -4.688 150.0  30.0  431
 5.150  435.0  90  42  54  -1.563 150.0  30.0  440
 5.150  440.0  90  42  60   4.688 150.0  30.0  439
 5.150  442.5  90  42  54  -1.563 150.0  30.0  443
 5.150  445.0  90  42  54   1.563 150.0  30.0  456
 5.150  447.5  90  42  57  -4.688 150.0  30.0  445
 5.150  450.0  90  42  60  -1.563 150.0  30.0  459
 5.150  452.5  90  42  63  -4.688 150.0  30.0  460
 5.150  455.0  90  42  60  -4.688 150.0  30.0  463
 5.150  457.5  90  42  51   1.563  30.0  30.0  458
 5.150  460.0  90  42  60   4.688 150.0  30.0  456
 5.150  462.5  90  42  51   1.563 150.0  30.0  449
 5.150  465.0  90  42  60   4.688 150.0  30.0  471
 5.150  467.5  90  42  57   1.563 150.0  30.0  468
 5.150  470.0  90  42  54   4.688 150.0  30.0  456
 5.150  475.0  90  42  54   1.563 150.0  30.0  468
 5.150  477.5  90  42  54   1.563 150.0  30.0  485
 5.150  480.0  90  42  60  -4.688 150.0  30.0  470
 5.150  482.5  90  42  57   4.688 150.0  30.0  478
 5.150  485.0  90  42  60  -4.688 150.0  30.0  478
 5.150  490.0  90  42  54  -4.688 150.0  30.0  493
 5.150  492.5  90  42  54  -4.688 150.0  30.0  493
 5.150  495.0  90  42  57   4.688 150.0  30.0  501
 5.150  497.5  90  42  54  -1.563 150.0  30.0  493
 5.150  500.0  90  42  57  -1.563 150.0  30.0  505
 5.150  502.5  90  42  60  -1.563 150.0  30.0  497
 5.150  505.0  90  42  60  -4.688 150.0  30.0  517
 5.150  507.5  90  42  57  -4.688 150.0  30.0  494
 5.150  510.0  90  42  60  -1.563 150.0  30.0  503
 5.150  512.5  90  42  54  -4.688 150.0  30.0  524
 5.150  515.0  90  42  60   4.688 150.0  30.0  518
 5.150  520.0  90  42  51  -1.563 150.0  30.0  529
 5.150  525.0  90  42  51   4.688 210.0  30.0  514
 5.150  535.0  90  42  51  -4.688 150.0  30.0  541
 5.150  537.5  90  42  51   1.563 150.0  30.0  540
 5.150  540.0  90  42  51  -4.688 210.0  30.0  542
 5.150  600.0  90  42  51   1.563 150.0  30.0  608
 5.150  615.0  90  42  51   1.563   0.0   0.0  620
 5.150  620.0  90  42  51  -1.563 150.0  30.0  623
 5.150  627.5  90  42  51  -1.563   0.0   0.0  633
 5.150  630.0  90  42  51   1.563   0.0   0.0  632
 5.150  647.5  90  42  51   1.563   0.0   0.0  652
 5.150  650.0  90  42  51   1.563 150.0  30.0  649
 5.150  657.5  90  42  51   1.563   0.0   0.0  665
 5.150  662.5  90  42  51  -1.563   0.0   0.0  668
 5.150  677.5  90  42  51  -1.563 150.0  30.0  683
 5.150  682.5  90  42  51  -1.563   0.0   0.0  686
 5.150  690.0  90  42  51   1.563  90.0  30.0  695
 5.150  692.5  90  42  54  -1.563   0.0   0.0  698
 5.150  700.0  90  42  51  -1.563   0.0   0.0  704
 5.150  707.5  90  42  51   1.563   0.0   0.0  713
 5.150  710.0  90  42  51  -1.563   0.0   0.0  714
 5.150  720.0  90  42  51   1.563 150.0  30.0  720
 5.150  102.5 -90  42  57   1.563   0.0   0.0  106
 5.150  105.0 -90  42  51  -1.563   0.0   0.0  109
 5.150  107.5 -90  42  51  -1.563   0.0   0.0  110
 5.175  407.5  90  42  51  -1.563   0.0   0.0  396
 5.175  577.5  90  42  51  -1.563   0.0   0.0  585
 5.175  580.0  90  42  51  -1.563   0.0   0.0  584
 5.175  582.5  90  42  51   1.563   0.0   0.0  586
 5.175  587.5  90  42  51  -1.563   0.0   0.0  591
 5.175  592.5  90  42  51  -4.688 150.0  30.0  600
 5.175  607.5  90  42  54  -1.563   0.0   0.0  612
 5.175  612.5  90  42  51  -1.563   0.0   0.0  617
 5.175  617.5  90  42  54   1.563   0.0   0.0  622
 5.175  622.5  90  42  51  -1.563 150.0  30.0  624
 5.175  625.0  90  42  51   1.563   0.0   0.0  628
 5.175  627.5  90  42  54   1.563   0.0   0.0  629
 5.175  637.5  90  42  51  -1.563   0.0   0.0  638
 5.175  662.5  90  42  51   1.563 150.0  30.0  667
 5.175  102.5 -90  39  51   1.563   0.0   0.0  107
 5.175  105.0 -90  39  54   1.563   0.0   0.0  110
 5.175  107.5 -90  39  48   1.563 210.0  30.0  112
 5.175  540.0 -90  39  48   1.563 270.0  30.0  549
 5.175  545.0 -90  39  48  -1.563  90.0  30.0  533
 5.175  550.0 -90  39  48   4.688 150.0  30.0  554
 5.175  555.0 -90  39  48  -4.688 270.0  30.0  546
 5.175  560.0 -90  39  48  -1.563 270.0  30.0  567
 5.175  565.0 -90  39  48  -4.688 270.0  30.0  552
 5.175  575.0 -90  39  48  -4.688  90.0  30.0  571
 5.175  580.0 -90  39  48   1.563 150.0  30.0  566
 5.175  585.0 -90  39  48  -4.688 150.0  30.0  587
 5.175  590.0 -90  39  48   4.688 270.0  30.0  583
 5.175  595.0 -90  39  48   4.688 270.0  30.0  606
 5.175  600.0 -90  39  48  -1.563  90.0  30.0  590
 5.175  610.0 -90  39  48   1.563  90.0  30.0  613
 5.175  615.0 -90  39  48  -1.563 150.0  30.0  615
 5.175  702.5 -90  39  48   4.688 270.0  30.0  705
 5.175  712.5 -90  39  48   4.688   0.0   0.0  726
 5.175  722.5 -90  39  48   4.688   0.0   0.0  736
 5.175  737.5 -90  39  48   1.563  90.0  30.0  751
 5.200  555.0  90  42  51  -1.563   0.0   0.0  560
 5.200  557.5  90  42  51  -1.563   0.0   0.0  564
 5.200  560.0  90  42  54  -1.563   0.0   0.0  564
 5.200  562.5  90  42  51  -1.563   0.0   0.0  565
 5.200  572.5  90  42  57  -1.563   0.0   0.0  576
 5.200  575.0  90  42  51   1.563   0.0   0.0  579
 5.200  577.5  90  42  54  -1.563   0.0   0.0  584
 5.200  580.0  90  42  57   1.563   0.0   0.0  584
 5.200  587.5  90  42  54  -1.563   0.0   0.0  595
 5.200  590.0  90  42  54  -1.563   0.0   0.0  595
 5.200  592.5  90  42  57  -1.563   0.0   0.0  598
 5.200  595.0  90  42  54   1.563   0.0   0.0  599
 5.200  597.5  90  42  51   4.688   0.0   0.0  598
 5.200  602.5  90  42  51   1.563   0.0   0.0  607
 5.200  605.0  90  42  51  -1.563   0.0   0.0  611
 5.200  607.5  90  42  51   1.563   0.0   0.0  610
 5.200  610.0  90  42  51  -1.563 150.0  30.0  614
 5.200  615.0  90  42  51  -1.563   0.0   0.0  620
 5.200  617.5  90  42  51  -1.563   0.0   0.0  625
 5.200  637.5  90  42  51  -1.563   0.0   0.0  643
 5.200  640.0  90  42  51  -1.563   0.0   0.0  645
 5.200  655.0  90  42  51   1.563   0.0   0.0  660
 5.200  100.0 -90  42  51   1.563   0.0   0.0  106
 5.200  102.5 -90  42  51   1.563   0.0   0.0  105
 5.225  537.5  90  42  51  -1.563   0.0   0.0  541
 5.225  540.0  90  42  51   1.563   0.0   0.0  547
 5.225  542.5  90  42  51   1.563   0.0   0.0  548
 5.225  547.5  90  42  51  -1.563   0.0   0.0  552
 5.225  550.0  90  42  54   1.563   0.0   0.0  556
 5.225  552.5  90  42  54  -1.563   0.0   0.0  557
 5.225  555.0  90  42  51  -1.563 150.0  30.0  556
 5.225  557.5  90  42  51  -1.563   0.0   0.0  563
 5.225  572.5  90  42  54  -1.563   0.0   0.0  578
 5.225  575.0  90  42  51  -1.563   0.0   0.0  583
 5.225  577.5  90  42  51  -1.563   0.0   0.0  582
 5.225  580.0  90  42  51   1.563   0.0   0.0  587
 5.225  587.5  90  42  51  -1.563   0.0   0.0  591
 5.225  590.0  90  42  54   1.563 150.0  30.0  594
 5.225  595.0  90  42  51   1.563   0.0   0.0  600
 5.225  597.5  90  42  51   1.563   0.0   0.0  603
 5.225  605.0  90  42  51   1.563   0.0   0.0  608
 5.225  620.0  90  42  51  -1.563   0.0   0.0  624
 5.225  100.0 -90  42  54  -1.563   0.0   0.0  102
 5.250  535.0  90  42  51   1.563   0.0   0.0  539
 5.250  540.0  90  42  51   1.563 150.0  30.0  545
 5.250  542.5  90  42  54   1.563   0.0   0.0  547
 5.250  545.0  90  42  51   1.563   0.0   0.0  547
 5.250  547.5  90  42  54  -1.563 150.0  30.0  552
 5.250  550.0  90  42  51  -1.563 150.0  30.0  555
 5.250  552.5  90  42  54   1.563   0.0   0.0  556
 5.250  555.0  90  42  51  -1.563   0.0   0.0  556
 5.250  557.5  90  42  51   1.563 330.0  30.0  553
 5.250  565.0  90  42  51  -1.563   0.0   0.0  568
 5.250  572.5  90  42  51   1.563   0.0   0.0  577
 5.250  580.0  90  42  51  -1.563   0.0   0.0  585
 5.250  585.0  90  42  51  -1.563   0.0   0.0  589
 5.250  587.5  90  42  51   1.563   0.0   0.0  590
 5.250  607.5  90  42  51   1.563   0.0   0.0  609
 5.250  675.0  90  42  51   4.688   0.0   0.0  688
 5.250  690.0  90  42  51  -4.688   0.0   0.0  704
 5.250  702.5  90  42  51  -4.688   0.0   0.0  712
 5.250  722.5  90  42  51  -1.563   0.0   0.0  723
 5.250  740.0  90  42  51  -4.688   0.0   0.0  749
 5.250  100.0 -90  42  51   1.563   0.0   0.0  105
 5.250  105.0 -90  42  54   1.563   0.0   0.0  109
 5.250  107.5 -90  42  54   1.563   0.0   0.0  109
 5.250  267.5 -90  42  51   1.563   0.0   0.0  272
 5.250  335.0 -90  42  51  -1.563  90.0  30.0  341
 5.275  412.5  90  69  78   4.688  30.0  30.0  427
 5.275  440.0  90  69  78   4.688 210.0  30.0  425
 5.275  445.0  90  69  78  -4.688 210.0  30.0  444
 5.275  447.5  90  69  78   4.688 210.0  30.0  442
 5.275  450.0  90  69  78  -4.688 210.0  30.0  447
 5.275  452.5  90  69  78  -4.688 210.0  30.0  466
 5.275  457.5  90  69  78   4.688 210.0  30.0  472
 5.275  462.5  90  69  81   1.563 210.0  30.0  463
 5.275  465.0  90  69  78   4.688 210.0  30.0  464
 5.275  480.0  90  69  78   1.563 210.0  30.0  477
 5.275  485.0  90  69  78  -1.563 210.0  30.0  485
 5.275  487.5  90  69  78  -1.563 210.0  30.0  496
 5.275  525.0  90  69  78   1.563   0.0   0.0  527
 5.275  527.5  90  69  78   1.563   0.0   0.0  532
 5.275  530.0  90  69  78  -1.563   0.0   0.0  533
 5.275  532.5  90  69  81  -1.563   0.0   0.0  536
 5.275  540.0  90  69  78  -1.563   0.0   0.0  545
 5.275  542.5  90  69  81   1.563   0.0   0.0  547
 5.275  555.0  90  69  78  -1.563   0.0   0.0  557
 5.275   90.0 -90  66  75   4.688  90.0  30.0   94
 5.275   95.0 -90  66  75   4.688  90.0  30.0   87
 5.275  100.0 -90  66  75   1.563   0.0   0.0  105
 5.275  105.0 -90  66  75   1.563  90.0  30.0  108
 5.275  110.0 -90  66  75   1.563  90.0  30.0  117
 5.275  195.0 -90  66  75   4.688  90.0  30.0  183
 5.275  355.0 -90  66  75   1.563  90.0  30.0  354
 5.275  370.0 -90  66  75  -1.563 210.0  30.0  384
 5.275  630.0 -90  66  75  -1.563  90.0  30.0  626
 5.275  662.5 -90  66  78   4.688  90.0  30.0  657
 5.275  677.5 -90  66  75  -4.688  90.0  30.0  664
 5.275  687.5 -90  66  75   4.688  90.0  30.0  693
 5.275 1137.5 -90  66  75   1.563  90.0  30.0 1135
 5.275 1145.0 -90  66  75  -1.563  90.0  30.0 1140
 5.275 1205.0 -90  66  75   1.563  90.0  30.0 1203
 5.300   80.0  90  66  75   1.563 210.0  30.0   86
 5.300   85.0  90  66  75   4.688   0.0   0.0   74
 5.300   90.0  90  66  75  -1.563  90.0  30.0   76
 5.300   95.0  90  66  75  -1.563  90.0  30.0   88
 5.300  100.0  90  66  75   1.563  30.0  30.0  103
 5.300  105.0  90  66  75  -1.563   0.0   0.0   95
 5.300  110.0  90  66  75  -4.688  30.0  30.0  103
 5.300  115.0  90  66  78  -4.688   0.0   0.0  111
 5.300  270.0  90  66  75  -4.688  90.0  30.0  283
 5.300  412.5  90  66  75  -4.688  90.0  30.0  427
 5.300  460.0  90  66  75  -1.563  90.0  30.0  460
 5.300  465.0  90  66  75   1.563 210.0  30.0  459
 5.300  510.0  90  66  75  -1.563   0.0   0.0  514
 5.300  512.5  90  66  75  -1.563   0.0   0.0  514
 5.300  517.5  90  66  75   1.563   0.0   0.0  521
 5.300  520.0  90  66  81  -1.563   0.0   0.0  525
 5.300  522.5  90  66  84  -1.563   0.0   0.0  526
 5.300  525.0  90  66  78  -1.563   0.0   0.0  528
 5.300  530.0  90  66  75  -1.563   0.0   0.0  535
 5.300  532.5  90  66  81  -1.563   0.0   0.0  536
 5.300  535.0  90  66  78   1.563   0.0   0.0  538
 5.300  537.5  90  66  78   1.563   0.0   0.0  540
 5.300  542.5  90  66  81  -1.563   0.0   0.0  548
 5.300  545.0  90  66  78   1.563   0.0   0.0  547
 5.300  550.0  90  66  75  -1.563   0.0   0.0  554
 5.300  552.5  90  66  75   1.563   0.0   0.0  558
 5.300  555.0  90  66  81   1.563   0.0   0.0  558
 5.300  557.5  90  66  75  -1.563  90.0  30.0  564
 5.300  560.0  90  66  75  -1.563   0.0   0.0  565
 5.300  562.5  90  66  78  -1.563   0.0   0.0  567
 5.300  575.0  90  66  75  -1.563   0.0   0.0  576
 5.300  582.5  90  66  75  -1.563   0.0   0.0  587
 5.300  587.5  90  66  75   1.563  90.0  30.0  591
 5.300  592.5  90  66  75   1.563   0.0   0.0  597
 5.300  595.0  90  66  75  -1.563   0.0   0.0  602
 5.300  807.5  90  66  75  -4.688  90.0  30.0  794
 5.300  832.5  90  66  75   4.688  30.0  30.0  820
 5.300  837.5  90  66  75  -1.563 150.0  30.0  828
 5.300  847.5  90  66  75  -1.563  90.0  30.0  839
 5.300  852.5  90  66  75   4.688   0.0   0.0  846
 5.300  857.5  90  66  75   4.688   0.0   0.0  856
 5.300  862.5  90  66  75  -1.563  90.0  30.0  867
 5.300  867.5  90  66  75   1.563   0.0   0.0  854
 5.300  877.5  90  66  75  -1.563 210.0  30.0  874
 5.300  882.5  90  66  75   4.688  90.0  30.0  875
 5.300  987.5  90  66  78   4.688  90.0  30.0  974
 5.300  992.5  90  66  75   4.688  90.0  30.0 1001
 5.300  997.5  90  66  78   1.563  90.0  30.0  991
 5.300 1002.5  90  66  78   4.688  90.0  30.0  995
 5.300 1007.5  90  66  75  -1.563  90.0  30.0 1012
 5.300 1012.5  90  66  75  -4.688 210.0  30.0 1010
 5.300 1017.5  90  66  75   4.688  30.0  30.0 1003
 5.300 1027.5  90  66  75  -4.688 210.0  30.0 1025
 5.300 1037.5  90  66  75  -4.688  90.0  30.0 1049
 5.300 1042.5  90  66  75  -4.688 210.0  30.0 1054
 5.300 1052.5  90  66  78  -1.563  90.0  30.0 1062
 5.300 1055.0  90  66  78   4.688  90.0  30.0 1065
 5.300 1057.5  90  66  78   4.688  90.0  30.0 1062
 5.300 1070.0  90  66  78  -4.688  90.0  30.0 1081
 5.300 1075.0  90  66  75  -4.688 210.0  30.0 1076
 5.300 1080.0  90  66  78  -4.688  90.0  30.0 1087
 5.300 1085.0  90  66  75  -1.563  90.0  30.0 1071
 5.300 1090.0  90  66  75  -1.563 210.0  30.0 1091
 5.300 1095.0  90  66  78  -4.688  90.0  30.0 1106
 5.300 1097.5  90  66  75  -1.563 210.0  30.0 1095
 5.300 1105.0  90  66  75   1.563  30.0  30.0 1112
 5.300 1110.0  90  66  78   1.563  30.0  30.0 1116
 5.300 1115.0  90  66  75   1.563  30.0  30.0 1130
 5.300 1120.0  90  66  75  -1.563  90.0  30.0 1134
 5.300 1125.0  90  66  75   4.688  90.0  30.0 1135
 5.300 1130.0  90  66  75  -4.688  90.0  30.0 1132
 5.300 1195.0  90  66  75   4.688  90.0  30.0 1200
 5.300 1205.0  90  66  75   1.563  90.0  30.0 1209
 5.300 1210.0  90  66  75  -4.688  30.0  30.0 1214
 5.300 1217.5  90  66  75  -1.563  30.0  30.0 1209
 5.300 1227.5  90  66  75  -1.563  90.0  30.0 1216
 5.300 1242.5  90  66  75   4.688  30.0  30.0 1239
 5.300  277.5 -90  66  75  -1.563   0.0   0.0  282
 5.300  880.0 -90  66  75  -1.563  90.0  30.0  879
 5.300  900.0 -90  66  75  -1.563  90.0  30.0  914
 5.300 1002.5 -90  66  75   1.563  90.0  30.0 1013
 5.300 1267.5 -90  66  75  -1.563  90.0  30.0 1270
 5.325  505.0  90  42  51   1.563   0.0   0.0  511
 5.325  507.5  90  42  57   1.563   0.0   0.0  511
 5.325  512.5  90  42  57  -1.563   0.0   0.0  517
 5.325  515.0  90  42  51   1.563   0.0   0.0  517
 5.325  517.5  90  42  54   1.563   0.0   0.0  522
 5.325  520.0  90  42  54   1.563   0.0   0.0  526
 5.325  525.0  90  42  54  -1.563   0.0   0.0  530
 5.325  527.5  90  42  51   1.563 150.0  30.0  531
 5.325  532.5  90  42  54  -1.563   0.0   0.0  537
 5.325  535.0  90  42  54  -1.563   0.0   0.0  540
 5.325  537.5  90  42  51   1.563   0.0   0.0  542
 5.325  540.0  90  42  51  -1.563   0.0   0.0  545
 5.325  542.5  90  42  54   1.563   0.0   0.0  547
 5.325  545.0  90  42  51  -1.563   0.0   0.0  549
 5.325  572.5  90  42  51   1.563   0.0   0.0  578
 5.325  107.5 -90  42  51   1.563   0.0   0.0  112
 5.350  502.5  90  42  51  -1.563   0.0   0.0  506
 5.350  505.0  90  42  60  -1.563   0.0   0.0  510
 5.350  507.5  90  42  63   1.563   0.0   0.0  511
 5.350  510.0  90  42  51  -1.563   0.0   0.0  516
 5.350  512.5  90  42  54  -1.563   0.0   0.0  515
 5.350  515.0  90  42  54   1.563   0.0   0.0  519
 5.350  517.5  90  42  57  -1.563   0.0   0.0  522
 5.350  520.0  90  42  57   1.563   0.0   0.0  525
 5.350  522.5  90  42  51   1.563   0.0   0.0  527
 5.350  525.0  90  42  57   1.563   0.0   0.0  530
 5.350  527.5  90  42  51   1.563   0.0   0.0  531
 5.350  530.0  90  42  51  -1.563   0.0   0.0  534
 5.350  560.0  90  42  51  -1.563   0.0   0.0  565
 5.350  285.0 -90  42  51   1.563   0.0   0.0  290
 5.375  495.0  90  42  51  -1.563   0.0   0.0  499
 5.375  497.5  90  42  51  -1.563   0.0   0.0  501
 5.375  500.0  90  42  51   1.563   0.0   0.0  508
 5.375  502.5  90  42  60   1.563   0.0   0.0  508
 5.375  505.0  90  42  66   1.563   0.0   0.0  510
 5.375  507.5  90  42  60  -1.563   0.0   0.0  511
 5.375  510.0  90  42  57  -1.563   0.0   0.0  515
 5.375  512.5  90  42  57   1.563   0.0   0.0  516
 5.375  520.0  90  42  54  -1.563   0.0   0.0  524
 5.375  522.5  90  42  51  -1.563   0.0   0.0  525
 5.375  525.0  90  42  54  -1.563   0.0   0.0  529
 5.375  532.5  90  42  51   1.563   0.0   0.0  537
 5.375  535.0  90  42  51   1.563   0.0   0.0  539
 5.375  542.5  90  42  51  -1.563   0.0   0.0  551
 5.375  545.0  90  42  51  -1.563   0.0   0.0  549
 5.375  282.5 -90  42  51   1.563   0.0   0.0  288
 5.375  285.0 -90  42  51   1.563   0.0   0.0  290
 5.375  287.5 -90  42  51   1.563   0.0   0.0  292
 5.400  492.5  90  39  54   1.563   0.0   0.0  498
 5.400  495.0  90  39  60   1.563   0.0   0.0  499
 5.400  497.5  90  39  60  -1.563   0.0   0.0  502
 5.400  500.0  90  39  54  -1.563   0.0   0.0  505
 5.400  502.5  90  39  51   1.563 150.0  30.0  507
 5.400  505.0  90  39  57   1.563   0.0   0.0  509
 5.400  507.5  90  39  51  -1.563   0.0   0.0  511
 5.400  510.0  90  39  54   1.563   0.0   0.0  516
 5.400  512.5  90  39  57   1.563   0.0   0.0  516
 5.400  517.5  90  39  51  -1.563   0.0   0.0  523
 5.400  520.0  90  39  51  -1.563   0.0   0.0  524
 5.400  527.5  90  39  48  -1.563   0.0   0.0  532
 5.400  532.5  90  39  48  -1.563   0.0   0.0  535
 5.400  535.0  90  39  48  -1.563 150.0  30.0  540
 5.400  537.5  90  39  48  -1.563 330.0  30.0  543
 5.400  540.0  90  39  48  -1.563   0.0   0.0  546
 5.400  542.5  90  39  51  -1.563   0.0   0.0  547
 5.400  550.0  90  39  48   1.563   0.0   0.0  557
 5.400  290.0 -90  39  51  -1.563   0.0   0.0  294
 5.400  292.5 -90  39  48  -1.563   0.0   0.0  296
 5.425  490.0  90  39  57  -1.563   0.0   0.0  493
 5.425  492.5  90  39  60   1.563   0.0   0.0  494
 5.425  495.0  90  39  54   1.563   0.0   0.0  499
 5.425  497.5  90  39  60  -1.563   0.0   0.0  499
 5.425  500.0  90  39  57  -1.563   0.0   0.0  502
 5.425  502.5  90  39  48   1.563 330.0  30.0  499
 5.425  505.0  90  39  48  -1.563 150.0  30.0  505
 5.425  507.5  90  39  51  -1.563   0.0   0.0  510
 5.425  510.0  90  39  54   1.563   0.0   0.0  512
 5.425  512.5  90  39  51   1.563   0.0   0.0  509
 5.425  520.0  90  39  48  -1.563 150.0  30.0  523
 5.425  522.5  90  39  48  -1.563   0.0   0.0  524
 5.425  530.0  90  39  51  -1.563   0.0   0.0  533
 5.425  532.5  90  39  51  -1.563   0.0   0.0  534
 5.425  535.0  90  39  51   1.563   0.0   0.0  538
 5.425  537.5  90  39  54  -1.563   0.0   0.0  539
 5.425  542.5  90  39  48  -1.563   0.0   0.0  545
 5.425  545.0  90  39  48   1.563   0.0   0.0  544
 5.425  105.0 -90  39  48  -1.563   0.0   0.0  108
 5.425  292.5 -90  39  48  -1.563   0.0   0.0  296
 5.425  295.0 -90  39  48  -1.563   0.0   0.0  296
 5.450  487.5  90  39  54   1.563   0.0   0.0  493
 5.450  490.0  90  39  60  -1.563   0.0   0.0  494
 5.450  492.5  90  39  51   1.563   0.0   0.0  495
 5.450  495.0  90  39  48  -1.563   0.0   0.0  498
 5.450  497.5  90  39  51  -1.563   0.0   0.0  500
 5.450  500.0  90  39  54  -1.563   0.0   0.0  506
 5.450  502.5  90  39  51   1.563 150.0  30.0  506
 5.450  505.0  90  39  48  -1.563 270.0  30.0  508
 5.450  507.5  90  39  48   1.563   0.0   0.0  513
 5.450  512.5  90  39  54   1.563   0.0   0.0  516
 5.450  517.5  90  39  48  -1.563   0.0   0.0  522
 5.450  522.5  90  39  54   1.563   0.0   0.0  527
 5.450  525.0  90  39  51  -1.563   0.0   0.0  531
 5.450  527.5  90  39  48  -1.563  30.0  30.0  535
 5.450  530.0  90  39  48   1.563  90.0  30.0  532
 5.450  532.5  90  39  48   1.563   0.0   0.0  541
 5.450  537.5  90  39  48  -1.563   0.0   0.0  541
 5.450  657.5  90  39  48   4.688   0.0   0.0  671
 5.450  102.5 -90  39  48   1.563   0.0   0.0  110
 5.450  105.0 -90  39  48  -1.563 150.0  30.0  109
 5.450  280.0 -90  39  48  -1.563   0.0   0.0  284
 5.450  295.0 -90  39  48   1.563   0.0   0.0  300
 5.475  487.5  90  78  96  -1.563   0.0   0.0  494
 5.475  490.0  90  78  90  -1.563   0.0   0.0  498
 5.475  492.5  90  78  93  -1.563   0.0   0.0  498
 5.475  495.0  90  78  90  -1.563 150.0  30.0  501
 5.475  497.5  90  78  90   1.563  90.0  30.0  503
 5.475  500.0  90  78  90  -1.563   0.0   0.0  507
 5.475  502.5  90  78  90  -1.563   0.0   0.0  508
 5.475  507.5  90  78  93   1.563   0.0   0.0  513
 5.475  510.0  90  78  90  -1.563   0.0   0.0  516
 5.475  512.5  90  78  93  -1.563   0.0   0.0  518
 5.475  515.0  90  78  90   1.563   0.0   0.0  520
 5.475  520.0  90  78  90  -1.563   0.0   0.0  526
 5.475  525.0  90  78  87  -1.563   0.0   0.0  530
 5.475  530.0  90  78  87   1.563   0.0   0.0  534
 5.475  537.5  90  78  87  -1.563   0.0   0.0  541
 5.475  592.5  90  78  87  -1.563  90.0  30.0  587
 5.475  617.5  90  78  87  -4.688  90.0  30.0  626
 5.475  627.5  90  78  87   1.563   0.0   0.0  638
 5.475  672.5  90  78  87   4.688  90.0  30.0  675
 5.475  305.0 -90  78  87  -1.563   0.0   0.0  311
 5.475  310.0 -90  78  87   1.563   0.0   0.0  317
 5.475  847.5 -90  78  87   4.688  90.0  30.0  838
 5.500  450.0  90  81  90  -1.563  30.0  30.0  461
 5.500  485.0  90  81  93  -1.563   0.0   0.0  491
 5.500  487.5  90  81  99   1.563   0.0   0.0  492
 5.500  490.0  90  81  96  -1.563   0.0   0.0  494
 5.500  492.5  90  81  90   1.563   0.0   0.0  500
 5.500  495.0  90  81  93   1.563   0.0   0.0  497
 5.500  497.5  90  81  90  -1.563  90.0  30.0  501
 5.500  500.0  90  81  93   1.563   0.0   0.0  503
 5.500  502.5  90  81  90   1.563   0.0   0.0  509
 5.500  507.5  90  81  93   1.563   0.0   0.0  512
 5.500  510.0  90  81  90  -1.563 330.0  30.0  508
 5.500  515.0  90  81  90  -1.563 330.0  30.0  513
 5.500  520.0  90  81  90   4.688  90.0  30.0  518
 5.500 1140.0  90  81  90  -4.688  30.0  30.0 1134
 5.500  307.5 -90  81  90  -1.563   0.0   0.0  311
 5.525  230.0  90  78  87  -4.688  30.0  30.0  222
 5.525  485.0  90  78  96  -1.563   0.0   0.0  491
 5.525  487.5  90  78  96   1.563   0.0   0.0  492
 5.525  490.0  90  78  93   1.563   0.0   0.0  494
 5.525  492.5  90  78  90   1.563   0.0   0.0  498
 5.525  495.0  90  78  96   1.563   0.0   0.0  499
 5.525  497.5  90  78  93  -1.563   0.0   0.0  503
 5.525  502.5  90  78  93   1.563   0.0   0.0  506
 5.525  505.0  90  78  93   1.563   0.0   0.0  510
 5.525  510.0  90  78  93  -1.563   0.0   0.0  516
 5.525  512.5  90  78  90  -1.563   0.0   0.0  517
 5.525  515.0  90  78  87   1.563   0.0   0.0  520
 5.525  520.0  90  78  90  -1.563   0.0   0.0  524
 5.525  810.0  90  78  87  -1.563 210.0  30.0  799
 5.525  850.0  90  78  87   1.563  90.0  30.0  853
 5.525 1045.0  90  78  87  -4.688  90.0  30.0 1052
 5.525 1245.0  90  78  87  -4.688  90.0  30.0 1230
 5.525  320.0 -90  78  87   1.563   0.0   0.0  324
 5.550  485.0  90  78  96  -1.563   0.0   0.0  490
 5.550  487.5  90  78  93   1.563   0.0   0.0  493
 5.550  490.0  90  78  87   1.563 270.0  30.0  495
 5.550  492.5  90  78  93  -1.563   0.0   0.0  496
 5.550  495.0  90  78  90   1.563   0.0   0.0  498
 5.550  497.5  90  78  90  -1.563   0.0   0.0  501
 5.550  500.0  90  78  87  -1.563   0.0   0.0  506
 5.550  502.5  90  78  90  -1.563   0.0   0.0  506
 5.550  507.5  90  78  90  -1.563   0.0   0.0  512
 5.550  510.0  90  78  87  -1.563   0.0   0.0  514
 5.550  512.5  90  78  87  -1.563   0.0   0.0  524
 5.550  530.0  90  78  87   1.563   0.0   0.0  534
 5.550  332.5 -90  78  87   1.563  90.0  30.0  345
 5.575  485.0  90  66  87  -1.563   0.0   0.0  487
 5.575  487.5  90  66  87   1.563   0.0   0.0  490
 5.575  490.0  90  66  84  -1.563   0.0   0.0  491
 5.575  492.5  90  66  81  -1.563   0.0   0.0  496
 5.575  495.0  90  66  84  -1.563   0.0   0.0  496
 5.575  497.5  90  66  75   1.563   0.0   0.0  498
 5.575  500.0  90  66  81  -1.563   0.0   0.0  502
 5.575  502.5  90  66  81  -1.563   0.0   0.0  504
 5.575  505.0  90  66  84  -1.563   0.0   0.0  507
 5.575  507.5  90  66  81   1.563   0.0   0.0  509
 5.575  512.5  90  66  78  -1.563   0.0   0.0  515
 5.575  515.0  90  66  75  -1.563   0.0   0.0  516
 5.575  517.5  90  66  75   1.563   0.0   0.0  517
 5.575  530.0  90  66  75  -1.563   0.0   0.0  531
 5.575  310.0 -90  63  72  -1.563  90.0  30.0  313
 5.575  330.0 -90  63  75  -1.563   0.0   0.0  332
 5.575  342.5 -90  63  72   1.563   0.0   0.0  343
 5.575  460.0 -90  63  72  -1.563  90.0  30.0  447
 5.575  470.0 -90  63  72  -4.688  90.0  30.0  483
 5.575  475.0 -90  63  72   1.563  90.0  30.0  467
 5.575  490.0 -90  63  72   4.688 330.0  30.0  502
 5.575  500.0 -90  63  72   1.563  90.0  30.0  485
 5.575  510.0 -90  63  72  -4.688  90.0  30.0  511
 5.575  515.0 -90  63  72  -1.563   0.0   0.0  509
 5.575  525.0 -90  63  72  -4.688  90.0  30.0  511
 5.575  530.0 -90  63  72  -4.688  90.0  30.0  531
 5.575  675.0 -90  63  72  -4.688 150.0  30.0  666
 5.575  700.0 -90  63  72   1.563 150.0  30.0  688
 5.575  705.0 -90  63  72   4.688  90.0  30.0  704
 5.575  730.0 -90  63  72   4.688  90.0  30.0  729
 5.600  485.0  90  66  84  -1.563   0.0   0.0  490
 5.600  487.5  90  66  87  -1.563   0.0   0.0  492
 5.600  490.0  90  66  87  -1.563   0.0   0.0  494
 5.600  492.5  90  66  84  -1.563   0.0   0.0  497
 5.600  495.0  90  66  87  -1.563   0.0   0.0  499
 5.600  497.5  90  66  81  -1.563 150.0  30.0  502
 5.600  500.0  90  66  75  -1.563   0.0   0.0  506
 5.600  502.5  90  66  81  -1.563   0.0   0.0  507
 5.600  505.0  90  66  81  -1.563 150.0  30.0  510
 5.600  507.5  90  66  78   1.563 330.0  30.0  504
 5.600  512.5  90  66  81   1.563   0.0   0.0  517
 5.600  515.0  90  66  78   1.563   0.0   0.0  519
 5.600  522.5  90  66  75   1.563   0.0   0.0  527
 5.600  525.0  90  66  75   1.563   0.0   0.0  529
 5.600   92.5 -90  63  72   1.563  90.0  30.0  101
 5.600  102.5 -90  63  72  -1.563  90.0  30.0  108
 5.600  122.5 -90  63  72  -4.688  90.0  30.0  124
 5.600  137.5 -90  63  72  -4.688 270.0  30.0  150
 5.600  147.5 -90  63  72  -1.563 150.0  30.0  141
 5.600  162.5 -90  63  72   4.688 270.0  30.0  149
 5.600  330.0 -90  63  72  -1.563   0.0   0.0  333
 5.600  332.5 -90  63  75  -1.563   0.0   0.0  337
 5.600  402.5 -90  63  72   4.688  90.0  30.0  408
 5.600  632.5 -90  63  72  -1.563 270.0  30.0  623
 5.600  637.5 -90  63  72   1.563  90.0  30.0  640
 5.600  642.5 -90  63  72   1.563 270.0  30.0  640
 5.600  647.5 -90  63  72  -4.688 150.0  30.0  658
 5.600  652.5 -90  63  72   4.688 150.0  30.0  643
 5.600  672.5 -90  63  72   4.688 270.0  30.0  687
 5.600  677.5 -90  63  72  -1.563  90.0  30.0  665
 5.600  682.5 -90  63  72  -4.688  90.0  30.0  668
 5.600  687.5 -90  63  72  -1.563  90.0  30.0  677
 5.600  702.5 -90  63  72   1.563  90.0  30.0  713
 5.600 1055.0 -90  63  72  -1.563 270.0  30.0 1054
 5.600 1065.0 -90  63  72   1.563 270.0  30.0 1059
 5.600 1100.0 -90  63  72   4.688  90.0  30.0 1106
 5.600 1105.0 -90  63  72  -1.563  90.0  30.0 1111
 5.625  487.5  90  57  69   1.563   0.0   0.0  494
 5.625  490.0  90  57  75  -1.563   0.0   0.0  496
 5.625  492.5  90  57  69  -1.563   0.0   0.0  497
 5.625  495.0  90  57  66  -1.563 150.0  30.0  498
 5.625  497.5  90  57  66   1.563   0.0   0.0  503
 5.625  500.0  90  57  66   1.563   0.0   0.0  508
 5.625  502.5  90  57  69  -1.563 150.0  30.0  506
 5.625  505.0  90  57  69  -1.563 150.0  30.0  509
 5.625  512.5  90  57  66   1.563   0.0   0.0  516
 5.625  515.0  90  57  66  -1.563   0.0   0.0  522
 5.625  552.5  90  57  69   4.688 150.0  30.0  560
 5.625  557.5  90  57  66   1.563 210.0  30.0  559
 5.625  562.5  90  57  69   1.563 210.0  30.0  559
 5.625  567.5  90  57  66  -4.688 150.0  30.0  555
 5.625  572.5  90  57  66  -4.688 150.0  30.0  572
 5.625  577.5  90  57  69   4.688 150.0  30.0  589
 5.625  582.5  90  57  66  -1.563  30.0  30.0  573
 5.625  587.5  90  57  66   1.563 210.0  30.0  584
 5.625  592.5  90  57  66  -1.563 150.0  30.0  578
 5.625  597.5  90  57  66   4.688 210.0  30.0  612
 5.625  602.5  90  57  69   4.688 150.0  30.0  614
 5.625  607.5  90  57  66  -1.563 150.0  30.0  614
 5.625  612.5  90  57  69   1.563  30.0  30.0  619
 5.625  617.5  90  57  66   1.563 150.0  30.0  616
 5.625  622.5  90  57  66  -4.688  30.0  30.0  626
 5.625  627.5  90  57  66  -1.563  30.0  30.0  640
 5.625   80.0 -90  54  66   4.688 150.0  30.0   84
 5.625   85.0 -90  54  66  -1.563 210.0  30.0   96
 5.625   90.0 -90  54  66  -4.688  30.0  30.0   85
 5.625   95.0 -90  54  63   1.563 150.0  30.0   88
 5.625  100.0 -90  54  66   1.563 150.0  30.0  102
 5.625  105.0 -90  54  69   1.563 210.0  30.0   94
 5.625  110.0 -90  54  69   1.563  30.0  30.0   97
 5.625  115.0 -90  54  66   4.688 150.0  30.0  124
 5.625  117.5 -90  54  63  -1.563 150.0  30.0  130
 5.625  120.0 -90  54  66   1.563 150.0  30.0  125
 5.625  125.0 -90  54  72   1.563  30.0  30.0  130
 5.625  127.5 -90  54  66   4.688 150.0  30.0  129
 5.625  130.0 -90  54  66  -1.563 150.0  30.0  134
 5.625  132.5 -90  54  66   4.688 150.0  30.0  146
 5.625  135.0 -90  54  66   4.688  90.0  30.0  142
 5.625  137.5 -90  54  63   4.688 150.0  30.0  150
 5.625  140.0 -90  54  69   1.563 210.0  30.0  145
 5.625  145.0 -90  54  63  -4.688 210.0  30.0  132
 5.625  152.5 -90  54  66   1.563 210.0  30.0  154
 5.625  155.0 -90  54  63  -4.688  30.0  30.0  147
 5.625  160.0 -90  54  63  -4.688  30.0  30.0  158
 5.625  162.5 -90  54  63  -4.688  30.0  30.0  153
 5.625  165.0 -90  54  66   4.688  30.0  30.0  171
 5.625  170.0 -90  54  63  -4.688 150.0  30.0  178
 5.625  175.0 -90  54  63  -1.563 150.0  30.0  166
 5.625  182.5 -90  54  63   1.563 150.0  30.0  179
 5.625  187.5 -90  54  66  -4.688 150.0  30.0  179
 5.625  322.5 -90  54  63  -4.688  90.0  30.0  323
 5.625  327.5 -90  54  63   1.563 270.0  30.0  339
 5.625  332.5 -90  54  63   1.563   0.0   0.0  342
 5.625  337.5 -90  54  63   1.563 150.0  30.0  324
 5.625  340.0 -90  54  63  -1.563   0.0   0.0  345
 5.625  342.5 -90  54  63  -1.563 150.0  30.0  341
 5.625  347.5 -90  54  63   4.688   0.0   0.0  353
 5.625  352.5 -90  54  63   1.563  90.0  30.0  354
 5.625  357.5 -90  54  63   1.563  90.0  30.0  362
 5.625  367.5 -90  54  63   1.563  90.0  30.0  360
 5.625  372.5 -90  54  63   1.563 150.0  30.0  372
 5.625  377.5 -90  54  63   1.563  90.0  30.0  369
 5.625  382.5 -90  54  63  -4.688  90.0  30.0  378
 5.625  387.5 -90  54  63  -4.688 150.0  30.0  374
 5.625  392.5 -90  54  63   1.563 150.0  30.0  379
 5.625  517.5 -90  54  63   1.563 150.0  30.0  516
 5.625  562.5 -90  54  63   1.563 150.0  30.0  558
 5.625  582.5 -90  54  63  -4.688 210.0  30.0  597
 5.625  597.5 -90  54  66   4.688 210.0  30.0  605
 5.625  612.5 -90  54  66   4.688 150.0  30.0  612
 5.625  627.5 -90  54  66   4.688 150.0  30.0  634
 5.625  632.5 -90  54  66  -1.563  30.0  30.0  618
 5.625  637.5 -90  54  66   4.688 150.0  30.0  626
 5.625  642.5 -90  54  63   1.563 150.0  30.0  636
 5.625  647.5 -90  54  63   1.563 210.0  30.0  649
 5.625  662.5 -90  54  63   1.563 150.0  30.0  655
 5.625  667.5 -90  54  66   4.688 150.0  30.0  654
 5.625  672.5 -90  54  63   1.563 210.0  30.0  682
 5.625  677.5 -90  54  66   1.563 210.0  30.0  672
 5.625  682.5 -90  54  66   4.688 150.0  30.0  697
 5.625  692.5 -90  54  63  -1.563  30.0  30.0  695
 5.625  697.5 -90  54  63  -4.688 210.0  30.0  700
 5.625  700.0 -90  54  63  -4.688 210.0  30.0  698
 5.625  702.5 -90  54  66   4.688  30.0  30.0  700
 5.625  707.5 -90  54  63   4.688  30.0  30.0  696
 5.625  712.5 -90  54  63   1.563 150.0  30.0  699
 5.625  717.5 -90  54  66  -1.563 150.0  30.0  713
 5.625  720.0 -90  54  63  -1.563 210.0  30.0  711
 5.625  722.5 -90  54  69   1.563  30.0  30.0  718
 5.625  732.5 -90  54  66   1.563  30.0  30.0  743
 5.625  735.0 -90  54  63   1.563 150.0  30.0  720
 5.625  737.5 -90  54  66  -1.563   0.0   0.0  752
 5.625  752.5 -90  54  63  -4.688   0.0   0.0  747
 5.625  757.5 -90  54  63   1.563  30.0  30.0  769
 5.625  762.5 -90  54  63  -1.563   0.0   0.0  762
 5.625  782.5 -90  54  63   4.688  30.0  30.0  785
 5.625  787.5 -90  54  63  -4.688  30.0  30.0  801
 5.625  800.0 -90  54  63  -1.563   0.0   0.0  813
 5.625  815.0 -90  54  63   1.563 210.0  30.0  824
 5.625  907.5 -90  54  63  -1.563  30.0  30.0  908
 5.625  925.0 -90  54  63   4.688 150.0  30.0  921
 5.625  940.0 -90  54  63   4.688 150.0  30.0  935
 5.625  952.5 -90  54  63   4.688 150.0  30.0  960
 5.625  962.5 -90  54  63   4.688 150.0  30.0  959
 5.625  965.0 -90  54  63  -1.563 150.0  30.0  966
 5.625  975.0 -90  54  63  -1.563 210.0  30.0  965
 5.625  980.0 -90  54  66   1.563 150.0  30.0  965
 5.625  990.0 -90  54  63   4.688  30.0  30.0 1001
 5.625 1015.0 -90  54  63  -1.563  30.0  30.0 1002
 5.625 1132.5 -90  54  63   1.563 210.0  30.0 1135
 5.625 1152.5 -90  54  63  -1.563 150.0  30.0 1167
 5.625 1162.5 -90  54  63   4.688  30.0  30.0 1152
 5.650   82.5  90  54  63  -4.688  30.0  30.0   84
 5.650   87.5  90  54  63  -4.688  30.0  30.0   79
 5.650   92.5  90  54  63   4.688  30.0  30.0   98
 5.650   97.5  90  54  66  -4.688  30.0  30.0   98
 5.650  102.5  90  54  66   4.688  30.0  30.0  106
 5.650  107.5  90  54  63   4.688 210.0  30.0  119
 5.650  485.0  90  54  66   1.563   0.0   0.0  491
 5.650  487.5  90  54  72   1.563   0.0   0.0  492
 5.650  490.0  90  54  72  -1.563   0.0   0.0  494
 5.650  492.5  90  54  75  -1.563   0.0   0.0  497
 5.650  495.0  90  54  66   1.563 270.0  30.0  499
 5.650  497.5  90  54  69  -1.563   0.0   0.0  503
 5.650  500.0  90  54  63   1.563   0.0   0.0  504
 5.650  502.5  90  54  69  -1.563 150.0  30.0  507
 5.650  505.0  90  54  63   1.563   0.0   0.0  511
 5.650  515.0  90  54  66   1.563   0.0   0.0  519
 5.650  522.5  90  54  63   1.563   0.0   0.0  524
 5.650  707.5  90  54  63  -1.563 210.0  30.0  709
 5.650  712.5  90  54  66   1.563  30.0  30.0  701
 5.650  720.0  90  54  66   1.563 210.0  30.0  732
 5.650  722.5  90  54  63   4.688  30.0  30.0  717
 5.650  727.5  90  54  66   4.688  30.0  30.0  741
 5.650  730.0  90  54  66   4.688 150.0  30.0  729
 5.650  732.5  90  54  66   4.688 210.0  30.0  728
 5.650  735.0  90  54  63  -1.563  30.0  30.0  721
 5.650  737.5  90  54  69   4.688  30.0  30.0  744
 5.650  740.0  90  54  63   4.688 210.0  30.0  748
 5.650  742.5  90  54  63   1.563  30.0  30.0  748
 5.650  747.5  90  54  66  -1.563 150.0  30.0  760
 5.650  750.0  90  54  66   1.563 210.0  30.0  753
 5.650  755.0  90  54  63  -1.563  30.0  30.0  757
 5.650  757.5  90  54  63   1.563  30.0  30.0  771
 5.650  762.5  90  54  69  -1.563  30.0  30.0  758
 5.650  765.0  90  54  63  -1.563 150.0  30.0  771
 5.650  767.5  90  54  69  -4.688  30.0  30.0  773
 5.650  775.0  90  54  63   1.563 210.0  30.0  780
 5.650  785.0  90  54  69   1.563 210.0  30.0  796
 5.650  787.5  90  54  63   1.563  30.0  30.0  781
 5.650  790.0  90  54  63   1.563  30.0  30.0  789
 5.650  792.5  90  54  63   4.688  30.0  30.0  791
 5.650  795.0  90  54  63  -4.688  30.0  30.0  803
 5.650  797.5  90  54  63  -4.688 150.0  30.0  805
 5.650  800.0  90  54  63  -4.688  30.0  30.0  806
 5.650  802.5  90  54  63   1.563  30.0  30.0  809
 5.650  812.5  90  54  63   1.563   0.0   0.0  812
 5.650  817.5  90  54  66   1.563  30.0  30.0  827
 5.650  822.5  90  54  63   1.563  30.0  30.0  810
 5.650  827.5  90  54  63  -1.563   0.0   0.0  842
 5.650  845.0  90  54  63   4.688 210.0  30.0  858
 5.650  847.5  90  54  63  -1.563  30.0  30.0  840
 5.650  852.5  90  54  66   4.688   0.0   0.0  860
 5.650  867.5  90  54  63  -1.563 150.0  30.0  873
 5.650  267.5 -90  54  63  -1.563 150.0  30.0  255
 5.650  277.5 -90  54  66   4.688  30.0  30.0  273
 5.650  282.5 -90  54  63   4.688  90.0  30.0  270
 5.650  287.5 -90  54  66   1.563  30.0  30.0  279
 5.650  290.0 -90  54  63  -1.563  30.0  30.0  301
 5.650  292.5 -90  54  66   4.688  30.0  30.0  304
 5.650  295.0 -90  54  66  -4.688  30.0  30.0  301
 5.650  297.5 -90  54  63  -1.563 150.0  30.0  292
 5.650  300.0 -90  54  66  -4.688 150.0  30.0  294
 5.650  312.5 -90  54  66   1.563 150.0  30.0  327
 5.650  315.0 -90  54  63  -4.688   0.0   0.0  319
 5.650  317.5 -90  54  66  -4.688  30.0  30.0  321
 5.650  320.0 -90  54  66   1.563  30.0  30.0  312
 5.650  322.5 -90  54  66  -4.688  30.0  30.0  335
 5.650  325.0 -90  54  63   4.688  30.0  30.0  310
 5.650  327.5 -90  54  66   1.563 150.0  30.0  342
 5.650  332.5 -90  54  69   4.688  30.0  30.0  320
 5.650  337.5 -90  54  66   4.688 150.0  30.0  338
 5.650  342.5 -90  54  69  -1.563   0.0   0.0  342
 5.650  345.0 -90  54  66  -1.563   0.0   0.0  344
 5.650  350.0 -90  54  63  -4.688 210.0  30.0  348
 5.650  352.5 -90  54  66  -1.563   0.0   0.0  358
 5.650  355.0 -90  54  63  -1.563   0.0   0.0  358
 5.650  357.5 -90  54  63   4.688  30.0  30.0  356
 5.650  362.5 -90  54  63   4.688  30.0  30.0  373
 5.650  367.5 -90  54  63   1.563  30.0  30.0  375
 5.650 1105.0 -90  54  63  -4.688 210.0  30.0 1117
 5.650 1107.5 -90  54  69   4.688  30.0  30.0 1108
 5.650 1110.0 -90  54  69   4.688  30.0  30.0 1113
 5.650 1117.5 -90  54  63  -1.563 150.0  30.0 1125
 5.650 1122.5 -90  54  66  -4.688  30.0  30.0 1110
 5.650 1127.5 -90  54  63  -1.563  30.0  30.0 1133
 5.650 1130.0 -90  54  69  -1.563  30.0  30.0 1119
 5.650 1132.5 -90  54  66   4.688 210.0  30.0 1132
 5.650 1135.0 -90  54  69  -4.688  30.0  30.0 1133
 5.650 1142.5 -90  54  66   4.688  30.0  30.0 1150
 5.650 1145.0 -90  54  63   4.688   0.0   0.0 1159
 5.650 1147.5 -90  54  69   1.563  30.0  30.0 1137
 5.650 1152.5 -90  54  63   4.688 150.0  30.0 1146
 5.650 1155.0 -90  54  66  -4.688  30.0  30.0 1153
 5.650 1157.5 -90  54  63  -1.563  30.0  30.0 1154
 5.650 1160.0 -90  54  69   1.563  30.0  30.0 1152
 5.650 1162.5 -90  54  69   1.563  30.0  30.0 1172
 5.650 1165.0 -90  54  69   1.563  30.0  30.0 1166
 5.650 1172.5 -90  54  69  -1.563  30.0  30.0 1185
 5.650 1177.5 -90  54  66   1.563  30.0  30.0 1180
 5.650 1180.0 -90  54  69   4.688  30.0  30.0 1172
 5.650 1182.5 -90  54  66  -4.688 150.0  30.0 1193
 5.650 1185.0 -90  54  63  -1.563  30.0  30.0 1188
 5.675   87.5  90  51  60  -4.688   0.0   0.0   96
 5.675  490.0  90  51  63   1.563   0.0   0.0  494
 5.675  492.5  90  51  69  -1.563 270.0  30.0  495
 5.675  495.0  90  51  66  -1.563   0.0   0.0  498
 5.675  497.5  90  51  60  -1.563 330.0  30.0  486
 5.675  500.0  90  51  69   1.563   0.0   0.0  505
 5.675  502.5  90  51  75   1.563   0.0   0.0  505
 5.675  505.0  90  51  69   1.563   0.0   0.0  507
 5.675  507.5  90  51  63  -1.563   0.0   0.0  510
 5.675  510.0  90  51  60  -1.563   0.0   0.0  514
 5.675  515.0  90  51  63   1.563   0.0   0.0  519
 5.675  517.5  90  51  63   1.563   0.0   0.0  520
 5.675  520.0  90  51  63  -1.563   0.0   0.0  523
 5.675  525.0  90  51  60  -1.563   0.0   0.0  529
 5.675  527.5  90  51  60   1.563   0.0   0.0  531
 5.675  100.0 -90  51  60  -1.563   0.0   0.0  100
 5.675  102.5 -90  51  60   1.563   0.0   0.0  106
 5.675  197.5 -90  51  60   1.563 150.0  30.0  190
 5.675  202.5 -90  51  60   4.688  90.0  30.0  190
 5.675  207.5 -90  51  60  -4.688 150.0  30.0  214
 5.675  212.5 -90  51  60   1.563  90.0  30.0  204
 5.675  222.5 -90  51  60   1.563  90.0  30.0  218
 5.675  232.5 -90  51  60   1.563   0.0   0.0  225
 5.675  242.5 -90  51  60  -4.688 270.0  30.0  253
 5.675  247.5 -90  51  60  -4.688 150.0  30.0  245
 5.675  252.5 -90  51  60  -1.563  90.0  30.0  239
 5.675  257.5 -90  51  60  -4.688  90.0  30.0  262
 5.675  262.5 -90  51  60   4.688  90.0  30.0  258
 5.675  357.5 -90  51  60   1.563   0.0   0.0  359
 5.675  362.5 -90  51  60  -1.563   0.0   0.0  368
 5.675  372.5 -90  51  60   1.563   0.0   0.0  375
 5.675  440.0 -90  51  60   4.688 270.0  30.0  449
 5.675  470.0 -90  51  60   4.688  90.0  30.0  455
 5.700  487.5  90  51  60  -1.563   0.0   0.0  497
 5.700  490.0  90  51  69   1.563   0.0   0.0  494
 5.700  492.5  90  51  69  -1.563   0.0   0.0  498
 5.700  495.0  90  51  66  -1.563   0.0   0.0  499
 5.700  497.5  90  51  66  -1.563   0.0   0.0  503
 5.700  500.0  90  51  69  -1.563   0.0   0.0  505
 5.700  502.5  90  51  72  -1.563   0.0   0.0  506
 5.700  505.0  90  51  69  -1.563   0.0   0.0  508
 5.700  507.5  90  51  63   1.563  90.0  30.0  510
 5.700  510.0  90  51  69   1.563   0.0   0.0  514
 5.700  512.5  90  51  63   1.563   0.0   0.0  516
 5.700  517.5  90  51  60  -1.563   0.0   0.0  523
 5.700  520.0  90  51  69  -1.563   0.0   0.0  524
 5.700  522.5  90  51  60  -1.563   0.0   0.0  525
 5.700  527.5  90  51  60   1.563   0.0   0.0  533
 5.700  530.0  90  51  60   1.563 330.0  30.0  526
 5.700 1230.0  90  51  60   4.688  30.0  30.0 1234
 5.700  372.5 -90  51  60   1.563 150.0  30.0  377
 5.700  377.5 -90  51  60   1.563 270.0  30.0  381
 5.700  382.5 -90  51  63  -1.563  90.0  30.0  386
 5.700  387.5 -90  51  60   4.688  90.0  30.0  384
 5.700  412.5 -90  51  60   1.563 150.0  30.0  413
 5.700  422.5 -90  51  60  -4.688   0.0   0.0  429
 5.700  427.5 -90  51  60   4.688 270.0  30.0  425
 5.700  437.5 -90  51  60   4.688  90.0  30.0  447
 5.725  490.0  90  78  90   1.563   0.0   0.0  496
 5.725  492.5  90  78  96  -1.563   0.0   0.0  498
 5.725  495.0  90  78  96  -1.563   0.0   0.0  502
 5.725  497.5  90  78 102  -1.563   0.0   0.0  502
 5.725  500.0  90  78  96   1.563   0.0   0.0  504
 5.725  502.5  90  78  90   1.563  90.0  30.0  509
 5.725  505.0  90  78  96   1.563   0.0   0.0  510
 5.725  507.5  90  78  90  -1.563   0.0   0.0  511
 5.725  510.0  90  78  90   1.563  90.0  30.0  514
 5.725  512.5  90  78  87   1.563   0.0   0.0  517
 5.725  515.0  90  78  87   1.563   0.0   0.0  521
 5.725  517.5  90  78  90   1.563   0.0   0.0  522
 5.725  520.0  90  78  93  -1.563   0.0   0.0  525
 5.725  522.5  90  78  90   1.563 150.0  30.0  527
 5.725  525.0  90  78  87  -1.563   0.0   0.0  528
 5.750  492.5  90  84  96  -1.563   0.0   0.0  500
 5.750  495.0  90  84 105   1.563   0.0   0.0  500
 5.750  497.5  90  84  99   1.563   0.0   0.0  500
 5.750  500.0  90  84 102   1.563   0.0   0.0  505
 5.750  502.5  90  84  96   1.563   0.0   0.0  507
 5.750  505.0  90  84  93   1.563   0.0   0.0  512
 5.750  517.5  90  84  93   1.563   0.0   0.0  522
 5.750  520.0  90  84  93  -1.563   0.0   0.0  523
 5.750  100.0 -90  81  90   4.688  30.0  30.0  104
 5.750  142.5 -90  81  90   1.563  30.0  30.0  146
 5.750  835.0 -90  81  90  -1.563  30.0  30.0  849
 5.775  495.0  90  45  57  -1.563   0.0   0.0  500
 5.775  497.5  90  45  54   1.563   0.0   0.0  501
 5.775  500.0  90  45  57   1.563   0.0   0.0  501
 5.775  502.5  90  45  57  -1.563   0.0   0.0  506
 5.775  507.5  90  45  60   1.563   0.0   0.0  511
 5.775  510.0  90  45  57   1.563   0.0   0.0  512
 5.775  512.5  90  45  54   1.563   0.0   0.0  514
 5.775  515.0  90  45  54   1.563   0.0   0.0  518
 5.775  520.0  90  45  54   1.563   0.0   0.0  520
 5.800   82.5  90  39  48  -1.563   0.0   0.0   75
 5.800  495.0  90  39  48  -1.563   0.0   0.0  499
 5.800  497.5  90  39  51   1.563   0.0   0.0  501
 5.800  500.0  90  39  57   1.563   0.0   0.0  503
 5.800  502.5  90  39  51  -1.563   0.0   0.0  506
 5.800  505.0  90  39  48  -1.563   0.0   0.0  512
 5.800  507.5  90  39  57  -1.563   0.0   0.0  512
 5.800  510.0  90  39  57   1.563   0.0   0.0  515
 5.800  512.5  90  39  54   1.563   0.0   0.0  514
 5.800  515.0  90  39  54   1.563   0.0   0.0  519
 5.800  517.5  90  39  54  -1.563   0.0   0.0  522
 5.800  520.0  90  39  51   1.563  90.0  30.0  523
 5.800  522.5  90  39  48   1.563 150.0  30.0  525
 5.800  527.5  90  39  48   1.563  90.0  30.0  531
 5.800  530.0  90  39  51  -1.563   0.0   0.0  533
 5.800  532.5  90  39  51  -1.563   0.0   0.0  536
 5.800  535.0  90  39  51   1.563   0.0   0.0  538
 5.800  537.5  90  39  51   1.563   0.0   0.0  541
 5.800  542.5  90  39  51   1.563   0.0   0.0  546
 5.825  500.0  90  78  87   1.563   0.0   0.0  506
 5.825  502.5  90  78  90  -1.563   0.0   0.0  510
 5.825  505.0  90  78  99  -1.563   0.0   0.0  511
 5.825  507.5  90  78  99  -1.563   0.0   0.0  513
 5.825  510.0  90  78  96   1.563   0.0   0.0  515
 5.825  515.0  90  78  93  -1.563   0.0   0.0  520
 5.825  517.5  90  78  87  -1.563   0.0   0.0  524
 5.825  520.0  90  78  93   1.563  90.0  30.0  526
 5.825  522.5  90  78  90  -1.563   0.0   0.0  526
 5.825  525.0  90  78  87  -1.563 150.0  30.0  530
 5.825  532.5  90  78  87   1.563   0.0   0.0  536
 5.825  537.5  90  78  90   1.563   0.0   0.0  543
 5.825  542.5  90  78  87   1.563   0.0   0.0  550
 5.825  545.0  90  78  87   1.563   0.0   0.0  549
 5.825  102.5 -90  78  87  -1.563 150.0  30.0  104
 5.850  502.5  90  81  90   1.563   0.0   0.0  508
 5.850  505.0  90  81  99  -1.563   0.0   0.0  509
 5.850  507.5  90  81  93   1.563  30.0  30.0  516
 5.850  510.0  90  81  96  -1.563   0.0   0.0  513
 5.850  512.5  90  81  99  -1.563   0.0   0.0  516
 5.850  515.0  90  81  90  -1.563  30.0  30.0  523
 5.850  517.5  90  81  93   1.563   0.0   0.0  523
 5.850  520.0  90  81  96  -1.563   0.0   0.0  525
 5.850  522.5  90  81  96   1.563   0.0   0.0  526
 5.850  525.0  90  81  90   1.563   0.0   0.0  529
 5.850  527.5  90  81  90   1.563   0.0   0.0  530
 5.850  530.0  90  81  90  -1.563   0.0   0.0  532
 5.850  535.0  90  81  93   1.563   0.0   0.0  539
 5.850  537.5  90  81  93  -1.563   0.0   0.0  541
 5.850  545.0  90  81  90   1.563   0.0   0.0  549
 5.850  790.0  90  81  90  -4.688  30.0  30.0  779
 5.850  800.0  90  81  90   1.563  30.0  30.0  798
 5.850   82.5 -90  78  87   1.563 150.0  30.0   93
 5.850   87.5 -90  78  87   1.563  30.0  30.0   92
 5.850  117.5 -90  78  87   1.563 150.0  30.0  123
 5.850  700.0 -90  78  87  -4.688  30.0  30.0  698
 5.850 1202.5 -90  78  87  -1.563  30.0  30.0 1199
 5.875  502.5  90  54  66   1.563   0.0   0.0  510
 5.875  507.5  90  54  72  -1.563   0.0   0.0  513
 5.875  510.0  90  54  69  -1.563   0.0   0.0  514
 5.875  512.5  90  54  75  -1.563   0.0   0.0  518
 5.875  515.0  90  54  69  -1.563   0.0   0.0  519
 5.875  517.5  90  54  69   1.563   0.0   0.0  524
 5.875  520.0  90  54  66   1.563   0.0   0.0  523
 5.875  522.5  90  54  63  -1.563   0.0   0.0  527
 5.875  525.0  90  54  69  -1.563   0.0   0.0  530
 5.875  527.5  90  54  75   1.563   0.0   0.0  532
 5.875  530.0  90  54  69   1.563   0.0   0.0  534
 5.875  532.5  90  54  63   1.563   0.0   0.0  535
 5.875  535.0  90  54  63   1.563 150.0  30.0  539
 5.875  537.5  90  54  66   1.563   0.0   0.0  542
 5.875  540.0  90  54  66  -1.563   0.0   0.0  545
 5.875  545.0  90  54  63   1.563   0.0   0.0  549
 5.875  547.5  90  54  63   1.563   0.0   0.0  553
 5.875  550.0  90  54  63   1.563   0.0   0.0  557
 5.875  552.5  90  54  63   1.563   0.0   0.0  559
 5.900  505.0  90  54  63   1.563   0.0   0.0  511
 5.900  507.5  90  54  63  -1.563   0.0   0.0  512
 5.900  510.0  90  54  69   1.563   0.0   0.0  514
 5.900  512.5  90  54  69   1.563   0.0   0.0  516
 5.900  515.0  90  54  66   1.563   0.0   0.0  518
 5.900  517.5  90  54  75  -1.563   0.0   0.0  522
 5.900  520.0  90  54  72  -1.563   0.0   0.0  524
 5.900  522.5  90  54  72   1.563   0.0   0.0  528
 5.900  525.0  90  54  66  -1.563 270.0  30.0  530
 5.900  527.5  90  54  72  -1.563   0.0   0.0  531
 5.900  530.0  90  54  72   1.563   0.0   0.0  534
 5.900  532.5  90  54  72   1.563   0.0   0.0  536
 5.900  535.0  90  54  66   1.563   0.0   0.0  539
 5.900  537.5  90  54  66   1.563   0.0   0.0  542
 5.900  540.0  90  54  66   1.563   0.0   0.0  544
 5.900  545.0  90  54  63   1.563   0.0   0.0  546
 5.900  547.5  90  54  63   1.563   0.0   0.0  552
 5.900  607.5 -90  54  63   1.563   0.0   0.0  612
 5.900  617.5 -90  54  63  -1.563   0.0   0.0  622
 5.925  512.5  90  78  87  -1.563   0.0   0.0  519
 5.925  515.0  90  78  90  -1.563   0.0   0.0  519
 5.925  517.5  90  78  93   1.563   0.0   0.0  522
 5.925  520.0  90  78  90  -1.563   0.0   0.0  524
 5.925  522.5  90  78  99  -1.563   0.0   0.0  529
 5.925  525.0  90  78 102  -1.563   0.0   0.0  530
 5.925  530.0  90  78  96  -1.563   0.0   0.0  535
 5.925  532.5  90  78  99   1.563   0.0   0.0  537
 5.925  535.0  90  78  90   1.563  90.0  30.0  540
 5.925  537.5  90  78  93   1.563   0.0   0.0  542
 5.925  540.0  90  78  93   1.563   0.0   0.0  545
 5.925  542.5  90  78  96   1.563   0.0   0.0  547
 5.925  545.0  90  78  87   1.563   0.0   0.0  547
 5.925  547.5  90  78  87  -1.563   0.0   0.0  553
 5.925  550.0  90  78  93  -1.563   0.0   0.0  556
 5.925  552.5  90  78  87  -1.563   0.0   0.0  557
 5.925  555.0  90  78  90   1.563   0.0   0.0  560
 5.925  562.5  90  78  87   1.563   0.0   0.0  565
 5.925  587.5 -90  78  87   1.563   0.0   0.0  592
 5.925  590.0 -90  78  87   1.563   0.0   0.0  596
 5.925  605.0 -90  78  87  -1.563   0.0   0.0  610
 5.925  610.0 -90  78  90   1.563   0.0   0.0  615
 5.950  515.0  90  78  90   1.563   0.0   0.0  521
 5.950  520.0  90  78  93   1.563   0.0   0.0  524
 5.950  522.5  90  78  90  -1.563   0.0   0.0  529
 5.950  525.0  90  78 102  -1.563   0.0   0.0  529
 5.950  527.5  90  78  93  -1.563   0.0   0.0  532
 5.950  530.0  90  78  99   1.563   0.0   0.0  534
 5.950  532.5  90  78 102   1.563   0.0   0.0  536
 5.950  537.5  90  78  93   1.563   0.0   0.0  543
 5.950  540.0  90  78  93   1.563   0.0   0.0  546
 5.950  542.5  90  78  99  -1.563   0.0   0.0  547
 5.950  545.0  90  78  93   1.563   0.0   0.0  547
 5.950  547.5  90  78  90   1.563 330.0  30.0  544
 5.950  550.0  90  78  96   1.563   0.0   0.0  553
 5.950  552.5  90  78  90   1.563   0.0   0.0  557
 5.950  555.0  90  78  93   1.563   0.0   0.0  559
 5.950  557.5  90  78  90   1.563   0.0   0.0  560
 5.950  560.0  90  78  90   1.563   0.0   0.0  565
 5.950  562.5  90  78  93   1.563   0.0   0.0  565
 5.950  580.0 -90  78  87   1.563   0.0   0.0  585
 5.950  590.0 -90  78  87  -1.563   0.0   0.0  595
 5.950  607.5 -90  78  87  -1.563   0.0   0.0  612
 5.950  610.0 -90  78  87   1.563   0.0   0.0  614
 5.950  615.0 -90  78  87  -1.563   0.0   0.0  619
 5.975  520.0  90  54  63   1.563   0.0   0.0  525
 5.975  522.5  90  54  75   1.563   0.0   0.0  525
 5.975  525.0  90  54  69   1.563   0.0   0.0  528
 5.975  527.5  90  54  72   1.563   0.0   0.0  531
 5.975  530.0  90  54  72  -1.563   0.0   0.0  532
 5.975  532.5  90  54  75  -1.563   0.0   0.0  536
 5.975  535.0  90  54  66  -1.563 270.0  30.0  534
 5.975  537.5  90  54  72  -1.563   0.0   0.0  539
 5.975  542.5  90  54  66   1.563   0.0   0.0  544
 5.975  547.5  90  54  66  -1.563 330.0  30.0  540
 5.975  550.0  90  54  72   1.563   0.0   0.0  553
 5.975  552.5  90  54  72   1.563   0.0   0.0  555
 5.975  555.0  90  54  63  -1.563   0.0   0.0  560
 5.975  557.5  90  54  69   1.563   0.0   0.0  560
 5.975  560.0  90  54  66   1.563   0.0   0.0  563
 5.975  565.0  90  54  66   1.563   0.0   0.0  567
 5.975  567.5  90  54  66   1.563   0.0   0.0  568
 5.975  160.0 -90  51  60   1.563  90.0  30.0  168
 5.975  562.5 -90  51  60  -1.563   0.0   0.0  565
 5.975  572.5 -90  51  60  -1.563   0.0   0.0  576
 5.975  575.0 -90  51  63   1.563   0.0   0.0  573
 5.975  590.0 -90  51  60  -1.563   0.0   0.0  593
 5.975  595.0 -90  51  60  -1.563   0.0   0.0  599
 5.975  597.5 -90  51  60  -1.563 270.0  30.0  599
 5.975  607.5 -90  51  60  -1.563   0.0   0.0  610
 5.975  612.5 -90  51  63   1.563   0.0   0.0  614
 5.975  615.0 -90  51  63  -1.563   0.0   0.0  616
 6.000  522.5  90  54  63  -1.563   0.0   0.0  527
 6.000  530.0  90  54  69  -1.563   0.0   0.0  537
 6.000  532.5  90  54  78  -1.563   0.0   0.0  537
 6.000  535.0  90  54  69  -1.563   0.0   0.0  541
 6.000  537.5  90  54  69  -1.563   0.0   0.0  542
 6.000  545.0  90  54  63   1.563  90.0  30.0  550
 6.000  547.5  90  54  69  -1.563   0.0   0.0  552
 6.000  550.0  90  54  75  -1.563   0.0   0.0  554
 6.000  552.5  90  54  75  -1.563   0.0   0.0  557
 6.000  555.0  90  54  69   1.563   0.0   0.0  558
 6.000  557.5  90  54  66   1.563   0.0   0.0  561
 6.000  560.0  90  54  66   1.563   0.0   0.0  562
 6.000  562.5  90  54  66  -1.563   0.0   0.0  566
 6.000  565.0  90  54  63  -1.563   0.0   0.0  569
 6.000  567.5  90  54  63  -1.563   0.0   0.0  573
 6.000  570.0  90  54  66  -1.563   0.0   0.0  572
 6.000  577.5  90  54  63   1.563   0.0   0.0  584
 6.000  250.0 -90  51  60  -1.563  90.0  30.0  252
 6.000  552.5 -90  51  60   1.563   0.0   0.0  558
 6.000  572.5 -90  51  63  -1.563   0.0   0.0  577
 6.000  580.0 -90  51  60   1.563   0.0   0.0  586
 6.000  582.5 -90  51  63  -1.563   0.0   0.0  587
 6.000  587.5 -90  51  60   1.563   0.0   0.0  594
 6.000  590.0 -90  51  60   1.563  90.0  30.0  594
 6.000  595.0 -90  51  60   1.563  90.0  30.0  598
 6.000  600.0 -90  51  60   1.563   0.0   0.0  605
 6.000  602.5 -90  51  60   1.563   0.0   0.0  605
 6.025  525.0  90  78  87   1.563   0.0   0.0  527
 6.025  530.0  90  78  93   1.563   0.0   0.0  538
 6.025  532.5  90  78  96   1.563   0.0   0.0  537
 6.025  535.0  90  78  90   1.563   0.0   0.0  539
 6.025  537.5  90  78  93  -1.563   0.0   0.0  543
 6.025  540.0  90  78  93  -1.563   0.0   0.0  545
 6.025  542.5  90  78  90  -1.563   0.0   0.0  545
 6.025  545.0  90  78  87  -1.563 270.0  30.0  551
 6.025  547.5  90  78  93  -1.563  90.0  30.0  552
 6.025  550.0  90  78  93   1.563   0.0   0.0  556
 6.025  552.5  90  78  87  -1.563   0.0   0.0  560
 6.025  555.0  90  78  96   1.563   0.0   0.0  559
 6.025  557.5  90  78  90  -1.563   0.0   0.0  563
 6.025  560.0  90  78  96   1.563   0.0   0.0  563
 6.025  562.5  90  78  90  -1.563   0.0   0.0  577
 6.025  567.5  90  78  90   1.563   0.0   0.0  571
 6.025  575.0  90  78  87   1.563   0.0   0.0  576
 6.025  590.0  90  78  87   1.563   0.0   0.0  594
 6.025  592.5  90  78  87   1.563   0.0   0.0  596
 6.025  582.5 -90  78  87  -1.563   0.0   0.0  584
 6.025  585.0 -90  78  90  -1.563   0.0   0.0  591
 6.025  592.5 -90  78  87  -1.563   0.0   0.0  597
 6.025  595.0 -90  78  87   1.563   0.0   0.0  600
 6.025  607.5 -90  78  87   1.563   0.0   0.0  611
 6.050  540.0  90  87  96  -1.563   0.0   0.0  546
 6.050  545.0  90  87  96  -1.563   0.0   0.0  550
 6.050  547.5  90  87  99  -1.563   0.0   0.0  551
 6.050  550.0  90  87  99  -1.563   0.0   0.0  553
 6.050  555.0  90  87  96   1.563   0.0   0.0  560
 6.050  557.5  90  87  99   1.563   0.0   0.0  562
 6.050  925.0  90  87  96   1.563  30.0  30.0  918
 6.050  950.0  90  87  96   4.688  30.0  30.0  943
 6.050  515.0 -90  87  96   4.688  30.0  30.0  523
 6.050  540.0 -90  87  96  -4.688  30.0  30.0  541
 6.050  557.5 -90  87  96   1.563  30.0  30.0  543
 6.050  582.5 -90  87  96   1.563   0.0   0.0  589
 6.050  585.0 -90  87  99  -1.563   0.0   0.0  591
 6.050  780.0 -90  87  96   4.688  30.0  30.0  775
 6.050  850.0 -90  87  96   4.688  30.0  30.0  842
 6.050  890.0 -90  87  99   4.688  30.0  30.0  898
 6.050  922.5 -90  87  96   4.688  30.0  30.0  910
 6.050 1050.0 -90  87  96  -1.563  30.0  30.0 1063
 6.050 1142.5 -90  87  96  -1.563  30.0  30.0 1153
 6.050 1177.5 -90  87  96   4.688  30.0  30.0 1164
 6.050 1200.0 -90  87  96  -1.563  30.0  30.0 1187
 6.050 1217.5 -90  87  96   4.688  30.0  30.0 1211
 6.050 1220.0 -90  87  96   1.563  30.0  30.0 1224
 6.050 1265.0 -90  87  96   1.563  30.0  30.0 1255
 6.050 1280.0 -90  87  96   1.563  30.0  30.0 1287
 6.075  535.0  90  39  51  -1.563   0.0   0.0  539
 6.075  537.5  90  39  48   1.563   0.0   0.0  539
 6.075  540.0  90  39  48  -1.563   0.0   0.0  545
 6.075  542.5  90  39  51  -1.563   0.0   0.0  547
 6.075  545.0  90  39  60  -1.563   0.0   0.0  551
 6.075  547.5  90  39  63  -1.563   0.0   0.0  552
 6.075  550.0  90  39  57  -1.563   0.0   0.0  553
 6.075  552.5  90  39  60  -1.563   0.0   0.0  558
 6.075  555.0  90  39  63  -1.563   0.0   0.0  560
 6.075  557.5  90  39  60  -1.563   0.0   0.0  563
 6.075  560.0  90  39  57   1.563   0.0   0.0  563
 6.075  562.5  90  39  54  -1.563   0.0   0.0  569
 6.075  565.0  90  39  57  -1.563   0.0   0.0  569
 6.075  567.5  90  39  48  -1.563   0.0   0.0  575
 6.075  570.0  90  39  54  -1.563   0.0   0.0  573
 6.075  575.0  90  39  51   1.563   0.0   0.0  579
 6.075  580.0  90  39  51   1.563   0.0   0.0  585
 6.075  582.5  90  39  51   1.563   0.0   0.0  588
 6.075  585.0  90  39  48   1.563   0.0   0.0  590
 6.075  587.5  90  39  48   1.563  90.0  30.0  592
 6.075  590.0  90  39  54   1.563   0.0   0.0  594
 6.075  595.0  90  39  51  -1.563   0.0   0.0  598
 6.075  597.5  90  39  51   1.563   0.0   0.0  602
 6.075  600.0  90  39  48   1.563   0.0   0.0  604
 6.075  610.0  90  39  48  -1.563   0.0   0.0  617
 6.075  432.5 -90  39  48  -1.563  30.0  30.0  432
 6.075  440.0 -90  39  48  -1.563  30.0  30.0  450
 6.075  447.5 -90  39  48  -4.688  30.0  30.0  452
 6.075  465.0 -90  39  48   4.688  30.0  30.0  470
 6.075  475.0 -90  39  48  -1.563   0.0   0.0  483
 6.075  497.5 -90  39  51  -1.563  30.0  30.0  486
 6.075  515.0 -90  39  48  -1.563   0.0   0.0  529
 6.075  547.5 -90  39  48  -1.563   0.0   0.0  550
 6.075  557.5 -90  39  48  -1.563   0.0   0.0  562
 6.075  560.0 -90  39  48  -1.563   0.0   0.0  569
 6.075  562.5 -90  39  51  -1.563   0.0   0.0  567
 6.075  577.5 -90  39  51   1.563   0.0   0.0  582
 6.075  580.0 -90  39  48   1.563   0.0   0.0  584
 6.075  585.0 -90  39  48   1.563   0.0   0.0  589
 6.100  540.0  90  39  48   1.563   0.0   0.0  544
 6.100  542.5  90  39  51   1.563   0.0   0.0  548
 6.100  545.0  90  39  51   1.563   0.0   0.0  549
 6.100  550.0  90  39  51   1.563   0.0   0.0  555
 6.100  552.5  90  39  48   1.563   0.0   0.0  555
 6.100  555.0  90  39  54  -1.563   0.0   0.0  561
 6.100  557.5  90  39  57  -1.563   0.0   0.0  561
 6.100  560.0  90  39  57  -1.563   0.0   0.0  564
 6.100  562.5  90  39  48  -1.563   0.0   0.0  566
 6.100  565.0  90  39  60  -1.563   0.0   0.0  569
 6.100  567.5  90  39  54   1.563   0.0   0.0  572
 6.100  570.0  90  39  63   1.563   0.0   0.0  574
 6.100  572.5  90  39  57   1.563   0.0   0.0  575
 6.100  575.0  90  39  51  -1.563   0.0   0.0  582
 6.100  577.5  90  39  54  -1.563   0.0   0.0  581
 6.100  582.5  90  39  51  -1.563   0.0   0.0  586
 6.100  585.0  90  39  48   1.563   0.0   0.0  585
 6.100  587.5  90  39  51   1.563   0.0   0.0  592
 6.100  590.0  90  39  54   1.563   0.0   0.0  594
 6.100  592.5  90  39  51   1.563   0.0   0.0  597
 6.100  595.0  90  39  48  -1.563  90.0  30.0  597
 6.100  597.5  90  39  48   1.563   0.0   0.0  602
 6.100  605.0  90  39  48  -1.563   0.0   0.0  611
 6.100  607.5  90  39  51   1.563   0.0   0.0  613
 6.100  610.0  90  39  54   1.563   0.0   0.0  614
 6.100  612.5  90  39  48   1.563   0.0   0.0  616
 6.100  620.0  90  39  48  -1.563   0.0   0.0  623
 6.100  550.0 -90  39  48   1.563   0.0   0.0  554
 6.100  557.5 -90  39  48  -1.563   0.0   0.0  562
 6.100  562.5 -90  39  48   1.563   0.0   0.0  566
 6.100  565.0 -90  39  48   1.563   0.0   0.0  567
 6.100  575.0 -90  39  51   1.563   0.0   0.0  580
 6.100  577.5 -90  39  51   1.563   0.0   0.0  581
 6.100  582.5 -90  39  48   1.563   0.0   0.0  585
 6.125  552.5  90  39  51  -1.563   0.0   0.0  557
 6.125  555.0  90  39  48  -1.563   0.0   0.0  560
 6.125  557.5  90  39  48  -1.563   0.0   0.0  560
 6.125  560.0  90  39  54  -1.563   0.0   0.0  564
 6.125  562.5  90  39  60  -1.563   0.0   0.0  566
 6.125  565.0  90  39  57  -1.563   0.0   0.0  568
 6.125  570.0  90  39  60  -1.563   0.0   0.0  575
 6.125  572.5  90  39  60  -1.563   0.0   0.0  575
 6.125  575.0  90  39  51  -1.563   0.0   0.0  577
 6.125  577.5  90  39  57  -1.563   0.0   0.0  581
 6.125  580.0  90  39  51   1.563   0.0   0.0  582
 6.125  582.5  90  39  48  -1.563 270.0  30.0  587
 6.125  585.0  90  39  51  -1.563   0.0   0.0  589
 6.125  587.5  90  39  51  -1.563   0.0   0.0  592
 6.125  590.0  90  39  48   1.563   0.0   0.0  592
 6.125  597.5  90  39  51  -1.563   0.0   0.0  602
 6.125  600.0  90  39  51   1.563   0.0   0.0  602
 6.125  602.5  90  39  51   1.563   0.0   0.0  606
 6.125  605.0  90  39  48  -1.563   0.0   0.0  610
 6.125  607.5  90  39  54  -1.563   0.0   0.0  610
 6.125  610.0  90  39  48  -1.563   0.0   0.0  617
 6.125  612.5  90  39  48   1.563   0.0   0.0  615
 6.125  625.0  90  39  48   1.563   0.0   0.0  628
 6.125  627.5  90  39  48  -1.563   0.0   0.0  630
 6.125  630.0  90  39  51  -1.563   0.0   0.0  633
 6.125  632.5  90  39  48   1.563   0.0   0.0  635
 6.125  565.0 -90  39  48   1.563   0.0   0.0  567
 6.125  567.5 -90  39  48  -1.563   0.0   0.0  570
 6.125  577.5 -90  39  51  -1.563   0.0   0.0  581
 6.150  555.0  90  39  48  -1.563   0.0   0.0  558
 6.150  562.5  90  39  51  -1.563   0.0   0.0  566
 6.150  565.0  90  39  54   1.563   0.0   0.0  572
 6.150  567.5  90  39  54   1.563   0.0   0.0  571
 6.150  570.0  90  39  51   1.563   0.0   0.0  575
 6.150  572.5  90  39  57  -1.563   0.0   0.0  577
 6.150  575.0  90  39  51  -1.563   0.0   0.0  580
 6.150  577.5  90  39  54  -1.563   0.0   0.0  585
 6.150  580.0  90  39  54   1.563   0.0   0.0  584
 6.150  585.0  90  39  48  -1.563   0.0   0.0  589
 6.150  587.5  90  39  54   1.563   0.0   0.0  592
 6.150  590.0  90  39  51  -1.563   0.0   0.0  593
 6.150  592.5  90  39  51  -1.563   0.0   0.0  596
 6.150  595.0  90  39  54  -1.563   0.0   0.0  600
 6.150  597.5  90  39  60  -1.563   0.0   0.0  602
 6.150  600.0  90  39  57   1.563   0.0   0.0  604
 6.150  602.5  90  39  57   1.563   0.0   0.0  607
 6.150  605.0  90  39  51  -1.563   0.0   0.0  607
 6.150  607.5  90  39  54   1.563   0.0   0.0  611
 6.150  610.0  90  39  51  -1.563   0.0   0.0  613
 6.150  615.0  90  39  51   1.563   0.0   0.0  618
 6.150  625.0  90  39  48   1.563   0.0   0.0  629
 6.150  630.0  90  39  48   1.563   0.0   0.0  636
 6.150  632.5  90  39  54   1.563   0.0   0.0  637
 6.150  527.5 -90  39  48  -1.563   0.0   0.0  533
 6.150  542.5 -90  39  51   1.563   0.0   0.0  548
 6.150  545.0 -90  39  48   1.563   0.0   0.0  550
 6.150  565.0 -90  39  51   1.563   0.0   0.0  568
 6.150  572.5 -90  39  48  -1.563   0.0   0.0  577
 6.150  575.0 -90  39  48  -1.563  90.0  30.0  582
 6.150  577.5 -90  39  48  -1.563   0.0   0.0  583
 6.175  562.5  90  78  87   1.563   0.0   0.0  563
 6.175  567.5  90  78  87  -1.563   0.0   0.0  573
 6.175  572.5  90  78  90  -1.563   0.0   0.0  576
 6.175  575.0  90  78  93  -1.563   0.0   0.0  575
 6.175  577.5  90  78  90  -1.563   0.0   0.0  579
 6.175  582.5  90  78  93  -1.563   0.0   0.0  586
 6.175  585.0  90  78  87  -1.563   0.0   0.0  584
 6.175  590.0  90  78  87  -1.563   0.0   0.0  593
 6.175  592.5  90  78  87  -1.563 270.0  30.0  594
 6.175  595.0  90  78  96  -1.563   0.0   0.0  599
 6.175  597.5  90  78  96  -1.563   0.0   0.0  599
 6.175  600.0  90  78  93   1.563   0.0   0.0  603
 6.175  602.5  90  78  96   1.563   0.0   0.0  603
 6.175  605.0  90  78  90   1.563   0.0   0.0  607
 6.175  607.5  90  78  90   1.563  90.0  30.0  608
 6.175  610.0  90  78  87   1.563   0.0   0.0  613
 6.175  612.5  90  78  93   1.563   0.0   0.0  614
 6.175  615.0  90  78  96  -1.563   0.0   0.0  618
 6.175  620.0  90  78  90  -1.563   0.0   0.0  622
 6.175  622.5  90  78  87   1.563   0.0   0.0  623
 6.175  630.0  90  78  87   1.563   0.0   0.0  631
 6.175  632.5  90  78  87   1.563   0.0   0.0  635
 6.175  640.0  90  78  87   1.563   0.0   0.0  642
 6.175  657.5  90  78  87  -1.563   0.0   0.0  660
 6.175  535.0 -90  75  84  -1.563   0.0   0.0  540
 6.175  537.5 -90  75  84  -1.563   0.0   0.0  539
 6.175  540.0 -90  75  84   1.563   0.0   0.0  542
 6.175  545.0 -90  75  87  -1.563   0.0   0.0  547
 6.175  562.5 -90  75  87   1.563   0.0   0.0  566
 6.175  565.0 -90  75  87  -1.563   0.0   0.0  567
 6.175  570.0 -90  75  87  -1.563   0.0   0.0  573
 6.175  575.0 -90  75  84  -1.563   0.0   0.0  577
 6.175  580.0 -90  75  84  -1.563   0.0   0.0  582
 6.200  575.0  90  75  87   1.563   0.0   0.0  581
 6.200  577.5  90  75  84   1.563   0.0   0.0  581
 6.200  585.0  90  75  90   1.563   0.0   0.0  589
 6.200  587.5  90  75  90  -1.563   0.0   0.0  592
 6.200  590.0  90  75  84  -1.563   0.0   0.0  593
 6.200  592.5  90  75  87   1.563   0.0   0.0  596
 6.200  595.0  90  75  93  -1.563   0.0   0.0  601
 6.200  597.5  90  75  96  -1.563   0.0   0.0  601
 6.200  600.0  90  75  93  -1.563   0.0   0.0  604
 6.200  602.5  90  75  90  -1.563   0.0   0.0  606
 6.200  605.0  90  75  84  -1.563  90.0  30.0  607
 6.200  607.5  90  75  90   1.563   0.0   0.0  612
 6.200  610.0  90  75  96  -1.563   0.0   0.0  615
 6.200  612.5  90  75  90  -1.563   0.0   0.0  615
 6.200  615.0  90  75  90   1.563   0.0   0.0  621
 6.200  617.5  90  75  90   1.563   0.0   0.0  622
 6.200  620.0  90  75  87   1.563   0.0   0.0  623
 6.200  622.5  90  75  90   1.563   0.0   0.0  628
 6.200  627.5  90  75  84  -1.563   0.0   0.0  632
 6.200  630.0  90  75  87   1.563  90.0  30.0  633
 6.200  632.5  90  75  87   1.563   0.0   0.0  636
 6.200  637.5  90  75  90  -1.563   0.0   0.0  642
 6.200  640.0  90  75  87  -1.563   0.0   0.0  643
 6.200  645.0  90  75  87   1.563   0.0   0.0  648
 6.200  652.5  90  75  84   1.563   0.0   0.0  653
 6.200  655.0  90  75  87  -1.563   0.0   0.0  660
 6.200  657.5  90  75  87   1.563   0.0   0.0  660
 6.200  677.5  90  75  84   1.563   0.0   0.0  679
 6.200  345.0 -90  75  84  -1.563 270.0  30.0  351
 6.200  535.0 -90  75  84  -1.563   0.0   0.0  539
 6.200  540.0 -90  75  84   1.563   0.0   0.0  544
 6.200  545.0 -90  75  84  -1.563   0.0   0.0  552
 6.200  562.5 -90  75  84  -1.563   0.0   0.0  567
 6.200  565.0 -90  75  87  -1.563   0.0   0.0  569
 6.200  570.0 -90  75  87  -1.563   0.0   0.0  573
 6.225  130.0  90  75  84   4.688   0.0   0.0  142
 6.225  585.0  90  75  84   1.563   0.0   0.0  591
 6.225  590.0  90  75  87  -1.563   0.0   0.0  596
 6.225  592.5  90  75  87   1.563   0.0   0.0  598
 6.225  595.0  90  75  90  -1.563   0.0   0.0  603
 6.225  597.5  90  75  90  -1.563   0.0   0.0  603
 6.225  600.0  90  75  90   1.563   0.0   0.0  603
 6.225  602.5  90  75  87  -1.563   0.0   0.0  609
 6.225  605.0  90  75  84  -1.563   0.0   0.0  610
 6.225  610.0  90  75  87  -1.563   0.0   0.0  616
 6.225  612.5  90  75  87  -1.563   0.0   0.0  617
 6.225  615.0  90  75  87  -1.563   0.0   0.0  622
 6.225  617.5  90  75  87  -1.563   0.0   0.0  623
 6.225  620.0  90  75  84  -1.563   0.0   0.0  625
 6.225  622.5  90  75  87  -1.563   0.0   0.0  627
 6.225  625.0  90  75  90  -1.563   0.0   0.0  630
 6.225  627.5  90  75  87  -1.563   0.0   0.0  633
 6.225  630.0  90  75  90   1.563   0.0   0.0  635
 6.225  632.5  90  75  87   1.563   0.0   0.0  637
 6.225  635.0  90  75  84   1.563   0.0   0.0  642
 6.225  637.5  90  75  84  -1.563   0.0   0.0  641
 6.225  640.0  90  75  90   1.563   0.0   0.0  644
 6.225  642.5  90  75  90  -1.563   0.0   0.0  648
 6.225  645.0  90  75  93   1.563   0.0   0.0  649
 6.225  647.5  90  75  87  -1.563   0.0   0.0  654
 6.225  650.0  90  75  84  -1.563   0.0   0.0  657
 6.225  652.5  90  75  90   1.563   0.0   0.0  657
 6.225  655.0  90  75  90  -1.563   0.0   0.0  658
 6.225  662.5  90  75  84   1.563   0.0   0.0  667
 6.225  665.0  90  75  84  -1.563   0.0   0.0  668
 6.225  667.5  90  75  84  -1.563   0.0   0.0  667
 6.225  677.5  90  75  84   1.563   0.0   0.0  681
 6.225  685.0  90  75  84  -1.563   0.0   0.0  692
 6.225  687.5  90  75  84   1.563   0.0   0.0  691
 6.225  692.5  90  75  84  -1.563   0.0   0.0  695
 6.225  507.5 -90  75  84  -4.688  90.0  30.0  517
 6.225  525.0 -90  75  84   1.563   0.0   0.0  532
 6.225  542.5 -90  75  84   1.563   0.0   0.0  551
 6.225  547.5 -90  75  84   1.563   0.0   0.0  553
 6.225  550.0 -90  75  84   1.563   0.0   0.0  555
 6.225  552.5 -90  75  84  -1.563   0.0   0.0  559
 6.225  562.5 -90  75  90   1.563   0.0   0.0  567
 6.225  565.0 -90  75  90   1.563   0.0   0.0  569
 6.250  600.0  90  81  90   1.563   0.0   0.0  605
 6.250  605.0  90  81  93  -1.563   0.0   0.0  609
 6.250  607.5  90  81  90  -1.563   0.0   0.0  611
 6.250  635.0  90  81  90   1.563   0.0   0.0  640
 6.250  642.5  90  81  93  -1.563   0.0   0.0  647
 6.250  645.0  90  81  90   1.563   0.0   0.0  646
 6.250  647.5  90  81  93   1.563   0.0   0.0  651
 6.250  655.0  90  81  93   1.563   0.0   0.0  661
 6.250  657.5  90  81  90   1.563   0.0   0.0  663
 6.250  660.0  90  81  90   1.563   0.0   0.0  664
 6.250  665.0  90  81  90   1.563   0.0   0.0  670
 6.250  667.5  90  81  93   1.563   0.0   0.0  672
 6.250  682.5  90  81  90  -1.563   0.0   0.0  686
 6.250  527.5 -90  78  87  -1.563   0.0   0.0  532
 6.250  545.0 -90  78  87  -1.563   0.0   0.0  550
 6.250  547.5 -90  78  87  -1.563   0.0   0.0  552
 6.250  555.0 -90  78  87   1.563   0.0   0.0  559
 6.250  557.5 -90  78  87   1.563   0.0   0.0  559
 6.275  605.0  90  78  87  -1.563   0.0   0.0  610
 6.275  607.5  90  78  87   1.563   0.0   0.0  613
 6.275  612.5  90  78  87   1.563   0.0   0.0  616
 6.275  632.5  90  78  93  -1.563   0.0   0.0  636
 6.275  635.0  90  78  87  -1.563   0.0   0.0  639
 6.275  637.5  90  78  87  -1.563   0.0   0.0  641
 6.275  642.5  90  78  90   1.563   0.0   0.0  647
 6.275  645.0  90  78  90  -1.563   0.0   0.0  649
 6.275  647.5  90  78  90  -1.563   0.0   0.0  651
 6.275  662.5  90  78  87   1.563   0.0   0.0  668
 6.275  667.5  90  78  87  -1.563   0.0   0.0  669
 6.275  682.5  90  78  90   1.563   0.0   0.0  686
 6.275  692.5  90  78  90   1.563   0.0   0.0  696
 6.275  695.0  90  78  93  -1.563   0.0   0.0  698
 6.275  532.5 -90  78  90  -1.563   0.0   0.0  537
 6.275  562.5 -90  78  90   1.563   0.0   0.0  565
 6.300  612.5  90  78  87   1.563   0.0   0.0  615
 6.300  622.5  90  78  87  -1.563   0.0   0.0  627
 6.300  625.0  90  78  87  -1.563   0.0   0.0  628
 6.300  632.5  90  78  90  -1.563   0.0   0.0  637
 6.300  635.0  90  78  87  -1.563   0.0   0.0  639
 6.300  642.5  90  78  90  -1.563   0.0   0.0  649
 6.300  645.0  90  78  90  -1.563   0.0   0.0  649
 6.300  655.0  90  78  90  -1.563   0.0   0.0  660
 6.300  660.0  90  78  87  -1.563   0.0   0.0  663
 6.300  662.5  90  78  90  -1.563   0.0   0.0  666
 6.300  665.0  90  78  87  -1.563   0.0   0.0  667
 6.300  682.5  90  78  90  -1.563   0.0   0.0  688
 6.300  687.5  90  78  87   1.563   0.0   0.0  693
 6.300  690.0  90  78  93  -1.563   0.0   0.0  694
 6.300  692.5  90  78  90  -1.563   0.0   0.0  696
 6.300  695.0  90  78  93   1.563   0.0   0.0  702
 6.300  697.5  90  78  90   1.563   0.0   0.0  702
 6.300  705.0  90  78  87  -1.563   0.0   0.0  705
 6.300  727.5  90  78  90   1.563   0.0   0.0  733
 6.300  732.5  90  78  87  -1.563   0.0   0.0  736
 6.300  745.0  90  78  87   1.563   0.0   0.0  747
 6.300  520.0 -90  78  87   1.563   0.0   0.0  523
 6.300  552.5 -90  78  87  -1.563   0.0   0.0  559
 6.300  555.0 -90  78  90   1.563   0.0   0.0  559
 6.300  562.5 -90  78  87  -1.563   0.0   0.0  565
 6.300  565.0 -90  78  90   1.563   0.0   0.0  570
 6.300  567.5 -90  78  87   1.563   0.0   0.0  573
 6.325  640.0  90  78  87  -1.563   0.0   0.0  643
 6.325  642.5  90  78  87  -1.563   0.0   0.0  645
 6.325  655.0  90  78  90  -1.563   0.0   0.0  658
 6.325  660.0  90  78  87  -1.563   0.0   0.0  664
 6.325  662.5  90  78  87  -1.563   0.0   0.0  665
 6.325  672.5  90  78  87  -1.563   0.0   0.0  674
 6.325  680.0  90  78  87   1.563   0.0   0.0  683
 6.325  690.0  90  78  87  -1.563   0.0   0.0  691
 6.325  697.5  90  78  87  -1.563   0.0   0.0  699
 6.325  715.0  90  78  87  -1.563   0.0   0.0  717
 6.325  717.5  90  78  87  -1.563   0.0   0.0  721
 6.325  720.0  90  78  87  -1.563   0.0   0.0  723
 6.325  727.5  90  78  90   1.563   0.0   0.0  727
 6.325  732.5  90  78  87  -1.563   0.0   0.0  736
 6.325  765.0  90  78  90   1.563   0.0   0.0  767
 6.325  767.5  90  78  87   1.563   0.0   0.0  770
 6.325  797.5  90  78  87   1.563   0.0   0.0  800
 6.325  532.5 -90  75  84   1.563   0.0   0.0  535
 6.325  535.0 -90  75  87  -1.563   0.0   0.0  537
 6.325  537.5 -90  75  84  -1.563   0.0   0.0  541
 6.325  542.5 -90  75  84  -1.563   0.0   0.0  545
 6.325  552.5 -90  75  87  -1.563   0.0   0.0  558
 6.325  555.0 -90  75  87  -1.563   0.0   0.0  558
 6.325  560.0 -90  75  84   1.563   0.0   0.0  561
 6.325  565.0 -90  75  84  -1.563   0.0   0.0  569
 6.350  137.5  90  84  93  -1.563  30.0  30.0  152
 6.350  145.0  90  84  93   4.688  30.0  30.0  136
 6.350  625.0  90  84  93  -4.688  30.0  30.0  618
 6.350  635.0  90  84  93  -4.688  30.0  30.0  630
 6.350  717.5  90  84  93  -1.563   0.0   0.0  722
 6.350  727.5  90  84  93  -1.563   0.0   0.0  731
 6.350  835.0  90  84  93  -4.688  30.0  30.0  847
 6.350  847.5  90  84  93  -1.563  30.0  30.0  851
 6.375  700.0  90  66  75   1.563   0.0   0.0  706
 6.375  757.5  90  66  75  -1.563   0.0   0.0  761
 6.375  790.0  90  66  75  -1.563   0.0   0.0  797
 6.375  792.5  90  66  78  -1.563   0.0   0.0  798
 6.375  805.0  90  66  75  -1.563   0.0   0.0  811
 6.375  815.0  90  66  75  -1.563   0.0   0.0  822
 6.375  127.5 -90  63  72  -4.688 270.0  30.0  137
 6.375  132.5 -90  63  72   1.563  30.0  30.0  139
 6.375  137.5 -90  63  72  -4.688  30.0  30.0  150
 6.375  155.0 -90  63  72  -1.563  30.0  30.0  166
 6.375  160.0 -90  63  72   1.563  30.0  30.0  166
 6.375  167.5 -90  63  72   4.688 330.0  30.0  157
 6.375  170.0 -90  63  75  -4.688  30.0  30.0  176
 6.375  172.5 -90  63  72  -4.688   0.0   0.0  177
 6.375  190.0 -90  63  72  -4.688  30.0  30.0  189
 6.375  195.0 -90  63  72  -4.688   0.0   0.0  181
 6.375  522.5 -90  63  72   1.563   0.0   0.0  531
 6.375  525.0 -90  63  75  -1.563   0.0   0.0  530
 6.375  527.5 -90  63  72  -1.563   0.0   0.0  523
 6.375  530.0 -90  63  75  -1.563   0.0   0.0  534
 6.375  535.0 -90  63  72  -1.563   0.0   0.0  541
 6.375  537.5 -90  63  75   1.563   0.0   0.0  542
 6.375  540.0 -90  63  72  -1.563   0.0   0.0  548
 6.375  545.0 -90  63  75   1.563   0.0   0.0  551
 6.375  547.5 -90  63  78  -1.563   0.0   0.0  552
 6.375  550.0 -90  63  72  -1.563   0.0   0.0  556
 6.375  555.0 -90  63  72  -1.563   0.0   0.0  559
 6.375  557.5 -90  63  72   1.563  90.0  30.0  564
 6.375  560.0 -90  63  78   1.563   0.0   0.0  565
 6.375  562.5 -90  63  72   1.563  90.0  30.0  563
 6.375  565.0 -90  63  72   1.563   0.0   0.0  570
 6.375  567.5 -90  63  75   1.563   0.0   0.0  571
 6.375  867.5 -90  63  72   1.563  30.0  30.0  875
 6.375  870.0 -90  63  72   4.688  30.0  30.0  873
 6.375  882.5 -90  63  72  -1.563  30.0  30.0  894
 6.375  902.5 -90  63  72   4.688 330.0  30.0  900
 6.375  922.5 -90  63  72   1.563  30.0  30.0  931
 6.375  937.5 -90  63  72   1.563   0.0   0.0  947
 6.375 1047.5 -90  63  72  -4.688 270.0  30.0 1055
 6.400  785.0  90  66  75  -1.563   0.0   0.0  789
 6.400  800.0  90  66  75  -1.563   0.0   0.0  805
 6.400  807.5  90  66  75  -1.563   0.0   0.0  813
 6.400  810.0  90  66  75  -1.563   0.0   0.0  815
 6.400  832.5  90  66  75   1.563   0.0   0.0  838
 6.400  835.0  90  66  75  -1.563   0.0   0.0  838
 6.400  842.5  90  66  75  -1.563   0.0   0.0  846
 6.400  982.5  90  66  75  -1.563   0.0   0.0  991
 6.400  137.5 -90  66  75  -1.563  90.0  30.0  150
 6.400  157.5 -90  66  75  -1.563  90.0  30.0  154
 6.400  162.5 -90  66  75  -1.563  90.0  30.0  153
 6.400  172.5 -90  66  75   1.563  30.0  30.0  165
 6.400  182.5 -90  66  75   4.688  90.0  30.0  190
 6.400  187.5 -90  66  75  -1.563  30.0  30.0  179
 6.400  192.5 -90  66  75   4.688  90.0  30.0  206
 6.400  207.5 -90  66  75   4.688  90.0  30.0  209
 6.400  530.0 -90  66  78  -1.563   0.0   0.0  534
 6.400  542.5 -90  66  75  -1.563   0.0   0.0  547
 6.400  547.5 -90  66  75  -1.563   0.0   0.0  548
 6.400  552.5 -90  66  75   1.563   0.0   0.0  557
 6.400  560.0 -90  66  75   1.563   0.0   0.0  564
 6.425  825.0  90  39  48  -1.563   0.0   0.0  830
 6.425  850.0  90  39  48  -1.563   0.0   0.0  852
 6.425  862.5  90  39  48   1.563   0.0   0.0  863
 6.425  907.5  90  39  48   1.563   0.0   0.0  910
 6.425  975.0  90  39  48  -1.563   0.0   0.0  979
 6.425  527.5 -90  39  48  -1.563   0.0   0.0  531
 6.425  530.0 -90  39  48  -1.563 270.0  30.0  536
 6.425  540.0 -90  39  48   1.563   0.0   0.0  546
 6.425  542.5 -90  39  48  -1.563   0.0   0.0  545
 6.425  557.5 -90  39  48   1.563   0.0   0.0  562
 6.425  560.0 -90  39  54  -1.563   0.0   0.0  562
 6.425  572.5 -90  39  48   1.563   0.0   0.0  574
 6.450  540.0 -90  39  51   1.563   0.0   0.0  546
 6.450  542.5 -90  39  51   1.563   0.0   0.0  547
 6.450  552.5 -90  39  48   1.563   0.0   0.0  556
 6.450  555.0 -90  39  48  -1.563   0.0   0.0  558
 6.450  567.5 -90  39  48   1.563   0.0   0.0  571
 6.450  570.0 -90  39  48   1.563   0.0   0.0  573
 6.475  535.0 -90  39  51  -1.563   0.0   0.0  540
 6.475  542.5 -90  39  48   1.563   0.0   0.0  546
 6.475  547.5 -90  39  48  -1.563   0.0   0.0  552
 6.475  550.0 -90  39  48  -1.563   0.0   0.0  555
 6.475  562.5 -90  39  51   1.563   0.0   0.0  567
 6.475  565.0 -90  39  51   1.563   0.0   0.0  568
 6.475  567.5 -90  39  48   1.563   0.0   0.0  572
 6.500  527.5 -90  42  51  -1.563   0.0   0.0  531
 6.500  535.0 -90  42  54   1.563   0.0   0.0  540
 6.500  540.0 -90  42  51   1.563   0.0   0.0  543
 6.500  565.0 -90  42  51   1.563   0.0   0.0  570
 6.525  527.5 -90  39  48  -1.563   0.0   0.0  531
 6.525  535.0 -90  39  48  -1.563   0.0   0.0  538
 6.525  540.0 -90  39  48   1.563   0.0   0.0  540
 6.525  542.5 -90  39  51  -1.563   0.0   0.0  545
 6.525  547.5 -90  39  48   1.563   0.0   0.0  551
 6.525  552.5 -90  39  48  -1.563   0.0   0.0  557
 6.525  560.0 -90  39  48  -1.563   0.0   0.0  564
 6.525  562.5 -90  39  48   1.563   0.0   0.0  567
 6.525  567.5 -90  39  51   1.563   0.0   0.0  571
 6.525  570.0 -90  39  51   1.563   0.0   0.0  572
 6.550  530.0 -90  39  48  -1.563   0.0   0.0  537
 6.550  532.5 -90  39  51   1.563   0.0   0.0  539
 6.550  535.0 -90  39  51  -1.563   0.0   0.0  539
 6.550  537.5 -90  39  51  -1.563   0.0   0.0  542
 6.550  540.0 -90  39  48  -1.563   0.0   0.0  545
 6.550  542.5 -90  39  51  -1.563   0.0   0.0  548
 6.550  545.0 -90  39  48  -1.563   0.0   0.0  550
 6.550  552.5 -90  39  48   1.563   0.0   0.0  558
 6.550  555.0 -90  39  48  -1.563   0.0   0.0  559
 6.550  565.0 -90  39  54   1.563   0.0   0.0  569
 6.550  567.5 -90  39  51   1.563   0.0   0.0  571
 6.550  575.0 -90  39  48   1.563   0.0   0.0  580
 6.550  577.5 -90  39  51   1.563   0.0   0.0  582
 6.575  537.5 -90  39  51  -1.563   0.0   0.0  542
 6.575  540.0 -90  39  48   1.563   0.0   0.0  547
 6.575  552.5 -90  39  48  -1.563   0.0   0.0  559
 6.575  555.0 -90  39  51   1.563   0.0   0.0  560
 6.575  562.5 -90  39  48  -1.563  90.0  30.0  568
 6.575  565.0 -90  39  54   1.563   0.0   0.0  571
 6.575  572.5 -90  39  51   1.563   0.0   0.0  577
 6.575  575.0 -90  39  48  -1.563   0.0   0.0  575
 6.575  577.5 -90  39  48   1.563   0.0   0.0  581
 6.575  580.0 -90  39  48   1.563   0.0   0.0  584
 6.600  535.0 -90  39  51  -1.563   0.0   0.0  541
 6.600  537.5 -90  39  54  -1.563   0.0   0.0  543
 6.600  540.0 -90  39  54   1.563   0.0   0.0  544
 6.600  542.5 -90  39  51  -1.563   0.0   0.0  548
 6.600  545.0 -90  39  48  -1.563   0.0   0.0  549
 6.600  547.5 -90  39  48  -1.563   0.0   0.0  552
 6.600  550.0 -90  39  51   1.563   0.0   0.0  555
 6.600  552.5 -90  39  48   1.563   0.0   0.0  556
 6.600  555.0 -90  39  51   1.563   0.0   0.0  561
 6.600  557.5 -90  39  54   1.563   0.0   0.0  562
 6.600  560.0 -90  39  48   1.563   0.0   0.0  561
 6.600  562.5 -90  39  48   1.563  90.0  30.0  568
 6.600  565.0 -90  39  51  -1.563   0.0   0.0  569
 6.600  567.5 -90  39  54  -1.563   0.0   0.0  572
 6.600  570.0 -90  39  54  -1.563   0.0   0.0  574
 6.600  572.5 -90  39  51   1.563   0.0   0.0  577
 6.600  575.0 -90  39  51   1.563   0.0   0.0  579
 6.625  532.5 -90  39  48   1.563   0.0   0.0  535
 6.625  535.0 -90  39  48  -1.563   0.0   0.0  540
 6.625  537.5 -90  39  51  -1.563   0.0   0.0  540
 6.625  540.0 -90  39  54  -1.563   0.0   0.0  542
 6.625  542.5 -90  39  54  -1.563   0.0   0.0  545
 6.625  545.0 -90  39  54   1.563   0.0   0.0  547
 6.625  547.5 -90  39  51   1.563   0.0   0.0  550
 6.625  550.0 -90  39  51   1.563   0.0   0.0  556
 6.625  552.5 -90  39  48   1.563   0.0   0.0  551
 6.625  557.5 -90  39  54  -1.563   0.0   0.0  560
 6.625  562.5 -90  39  51   1.563   0.0   0.0  566
 6.625  565.0 -90  39  48   1.563   0.0   0.0  566
 6.625  567.5 -90  39  48   1.563   0.0   0.0  569
 6.625  570.0 -90  39  48   1.563   0.0   0.0  574
 6.625  572.5 -90  39  48   1.563   0.0   0.0  575
 6.625  577.5 -90  39  51   1.563  90.0  30.0  579
 6.650  530.0 -90  36  45  -1.563   0.0   0.0  535
 6.650  540.0 -90  36  48  -1.563   0.0   0.0  542
 6.650  542.5 -90  36  48   1.563   0.0   0.0  546
 6.650  545.0 -90  36  51  -1.563   0.0   0.0  550
 6.650  547.5 -90  36  54  -1.563   0.0   0.0  552
 6.650  550.0 -90  36  51  -1.563   0.0   0.0  554
 6.650  552.5 -90  36  48  -1.563   0.0   0.0  558
 6.650  555.0 -90  36  48  -1.563   0.0   0.0  560
 6.650  557.5 -90  36  48   1.563   0.0   0.0  561
 6.650  562.5 -90  36  45   1.563   0.0   0.0  568
 6.650  565.0 -90  36  45  -1.563  90.0  30.0  571
 6.650  567.5 -90  36  48   1.563   0.0   0.0  571
 6.650  570.0 -90  36  51  -1.563   0.0   0.0  572
 6.650  572.5 -90  36  45  -1.563  90.0  30.0  576
 6.650  575.0 -90  36  48  -1.563   0.0   0.0  576
 6.650  577.5 -90  36  48  -1.563   0.0   0.0  581
 6.650  580.0 -90  36  45   1.563   0.0   0.0  583
 6.650  587.5 -90  36  45   1.563   0.0   0.0  596
 6.675  547.5 -90  39  54  -1.563   0.0   0.0  554
 6.675  552.5 -90  39  51  -1.563   0.0   0.0  559
 6.675  555.0 -90  39  48  -1.563   0.0   0.0  558
 6.675  557.5 -90  39  51   1.563   0.0   0.0  564
 6.675  560.0 -90  39  48  -1.563   0.0   0.0  563
 6.675  562.5 -90  39  48   1.563   0.0   0.0  567
 6.675  565.0 -90  39  51   1.563   0.0   0.0  569
 6.675  570.0 -90  39  51   1.563   0.0   0.0  575
 6.675  575.0 -90  39  48  -1.563   0.0   0.0  579
 6.675  577.5 -90  39  48   1.563   0.0   0.0  584
 6.675  580.0 -90  39  51   1.563   0.0   0.0  584
 6.700  542.5 -90  39  51   1.563   0.0   0.0  550
 6.700  545.0 -90  39  51  -1.563   0.0   0.0  551
 6.700  547.5 -90  39  51  -1.563   0.0   0.0  551
 6.700  550.0 -90  39  51  -1.563   0.0   0.0  556
 6.700  552.5 -90  39  48   1.563  90.0  30.0  557
 6.700  555.0 -90  39  48   1.563   0.0   0.0  560
 6.700  557.5 -90  39  54   1.563   0.0   0.0  561
 6.700  565.0 -90  39  54  -1.563   0.0   0.0  569
 6.700  572.5 -90  39  48   1.563   0.0   0.0  578
 6.700  575.0 -90  39  51   1.563   0.0   0.0  581
 6.700  577.5 -90  39  51  -1.563   0.0   0.0  582
 6.700  580.0 -90  39  48   1.563   0.0   0.0  581
 6.700  582.5 -90  39  51  -1.563   0.0   0.0  587
 6.700  585.0 -90  39  51  -1.563   0.0   0.0  588
 6.700  590.0 -90  39  51   1.563   0.0   0.0  593
 6.725  542.5 -90  39  51  -1.563   0.0   0.0  549
 6.725  545.0 -90  39  48  -1.563 270.0  30.0  548
 6.725  547.5 -90  39  51  -1.563   0.0   0.0  551
 6.725  550.0 -90  39  48  -1.563 270.0  30.0  555
 6.725  552.5 -90  39  48   1.563 210.0  30.0  556
 6.725  555.0 -90  39  48  -1.563   0.0   0.0  560
 6.725  557.5 -90  39  57   1.563   0.0   0.0  561
 6.725  560.0 -90  39  54  -1.563   0.0   0.0  561
 6.725  562.5 -90  39  51   1.563   0.0   0.0  566
 6.725  565.0 -90  39  51  -1.563   0.0   0.0  570
 6.725  567.5 -90  39  51   1.563   0.0   0.0  571
 6.725  570.0 -90  39  54   1.563   0.0   0.0  573
 6.725  572.5 -90  39  54  -1.563   0.0   0.0  575
 6.725  577.5 -90  39  51   1.563   0.0   0.0  582
 6.725  580.0 -90  39  51  -1.563  90.0  30.0  582
 6.725  582.5 -90  39  51   1.563   0.0   0.0  585
 6.725  587.5 -90  39  48   1.563   0.0   0.0  587
 6.725  592.5 -90  39  48   1.563   0.0   0.0  593
 6.750 1182.5  90  36  45   1.563   0.0   0.0 1172
 6.750  555.0 -90  36  51   1.563   0.0   0.0  558
 6.750  557.5 -90  36  48  -1.563 270.0  30.0  562
 6.750  560.0 -90  36  51  -1.563   0.0   0.0  564
 6.750  562.5 -90  36  51  -1.563   0.0   0.0  567
 6.750  565.0 -90  36  51  -1.563   0.0   0.0  570
 6.750  570.0 -90  36  51   1.563   0.0   0.0  576
 6.750  572.5 -90  36  48   1.563   0.0   0.0  577
 6.750  575.0 -90  36  45  -1.563   0.0   0.0  579
 6.750  587.5 -90  36  45   1.563   0.0   0.0  591
 6.750  590.0 -90  36  51   1.563   0.0   0.0  595
 6.750  592.5 -90  36  57   1.563   0.0   0.0  595
 6.750  600.0 -90  36  45   1.563   0.0   0.0  602
 6.775  555.0 -90  75  87  -1.563   0.0   0.0  562
 6.775  557.5 -90  75  93   1.563   0.0   0.0  562
 6.775  560.0 -90  75  90  -1.563   0.0   0.0  564
 6.775  565.0 -90  75  90   1.563   0.0   0.0  570
 6.775  567.5 -90  75  87  -1.563   0.0   0.0  572
 6.775  570.0 -90  75  90  -1.563   0.0   0.0  576
 6.775  577.5 -90  75  84  -1.563   0.0   0.0  582
 6.775  580.0 -90  75  84  -1.563   0.0   0.0  584
 6.775  582.5 -90  75  84   1.563   0.0   0.0  587
 6.775  590.0 -90  75  87   1.563   0.0   0.0  595
 6.775  592.5 -90  75  90   1.563   0.0   0.0  599
 6.775  595.0 -90  75  90   1.563   0.0   0.0  599
 6.775  597.5 -90  75  90   1.563   0.0   0.0  602
 6.775  600.0 -90  75  84  -1.563   0.0   0.0  602
 6.800  550.0 -90  75  87  -1.563   0.0   0.0  556
 6.800  552.5 -90  75  84  -1.563 270.0  30.0  559
 6.800  555.0 -90  75  87   1.563   0.0   0.0  559
 6.800  560.0 -90  75  87   1.563   0.0   0.0  564
 6.800  562.5 -90  75  87  -1.563   0.0   0.0  567
 6.800  565.0 -90  75  87   1.563   0.0   0.0  569
 6.800  567.5 -90  75  93   1.563   0.0   0.0  572
 6.800  570.0 -90  75  96  -1.563   0.0   0.0  574
 6.800  572.5 -90  75  87   1.563   0.0   0.0  575
 6.800  577.5 -90  75  90  -1.563   0.0   0.0  581
 6.800  582.5 -90  75  87  -1.563   0.0   0.0  587
 6.800  587.5 -90  75  84   1.563   0.0   0.0  594
 6.800  590.0 -90  75  90   1.563   0.0   0.0  595
 6.800  592.5 -90  75  90   1.563   0.0   0.0  597
 6.800  597.5 -90  75  87   1.563  90.0  30.0  603
 6.800  600.0 -90  75  87   1.563   0.0   0.0  602
 6.800  602.5 -90  75  87   1.563   0.0   0.0  606
 6.800  605.0 -90  75  87   1.563   0.0   0.0  608
 6.825  555.0 -90  63  72  -1.563   0.0   0.0  559
 6.825  567.5 -90  63  78  -1.563   0.0   0.0  572
 6.825  570.0 -90  63  81  -1.563   0.0   0.0  573
 6.825  572.5 -90  63  78   1.563   0.0   0.0  576
 6.825  575.0 -90  63  75  -1.563   0.0   0.0  580
 6.825  577.5 -90  63  81  -1.563   0.0   0.0  580
 6.825  582.5 -90  63  72   1.563   0.0   0.0  587
 6.825  587.5 -90  63  75   1.563   0.0   0.0  592
 6.825  590.0 -90  63  72   1.563   0.0   0.0  590
 6.825  592.5 -90  63  78   1.563   0.0   0.0  595
 6.825  597.5 -90  63  72  -1.563   0.0   0.0  601
 6.825  602.5 -90  63  72  -1.563   0.0   0.0  605
 6.825  605.0 -90  63  75   1.563   0.0   0.0  608
 6.825  607.5 -90  63  78  -1.563   0.0   0.0  611
 6.825  615.0 -90  63  72  -1.563   0.0   0.0  620
 6.825  617.5 -90  63  72   1.563   0.0   0.0  622
 6.825  620.0 -90  63  72   1.563   0.0   0.0  623
 6.850  562.5 -90  63  75   1.563 270.0  30.0  567
 6.850  565.0 -90  63  75  -1.563   0.0   0.0  569
 6.850  570.0 -90  63  78   1.563   0.0   0.0  575
 6.850  572.5 -90  63  78  -1.563   0.0   0.0  578
 6.850  575.0 -90  63  72   1.563   0.0   0.0  579
 6.850  577.5 -90  63  72  -1.563  30.0  30.0  583
 6.850  580.0 -90  63  78  -1.563   0.0   0.0  584
 6.850  585.0 -90  63  72  -1.563   0.0   0.0  588
 6.850  587.5 -90  63  78  -1.563   0.0   0.0  592
 6.850  590.0 -90  63  72  -1.563   0.0   0.0  594
 6.850  592.5 -90  63  75  -1.563   0.0   0.0  597
 6.850  595.0 -90  63  72   1.563   0.0   0.0  600
 6.850  607.5 -90  63  75   1.563  90.0  30.0  614
 6.850  610.0 -90  63  72  -1.563   0.0   0.0  612
 6.850  612.5 -90  63  72   1.563   0.0   0.0  617
 6.850  620.0 -90  63  75  -1.563   0.0   0.0  623
 6.875  572.5 -90  39  51   1.563   0.0   0.0  579
 6.875  575.0 -90  39  48  -1.563   0.0   0.0  581
 6.875  577.5 -90  39  51   1.563   0.0   0.0  583
 6.875  580.0 -90  39  48  -1.563   0.0   0.0  584
 6.875  582.5 -90  39  48  -1.563   0.0   0.0  587
 6.875  585.0 -90  39  48   1.563   0.0   0.0  589
 6.875  587.5 -90  39  48   1.563   0.0   0.0  593
 6.875  595.0 -90  39  48   1.563   0.0   0.0  601
 6.875  597.5 -90  39  51  -1.563   0.0   0.0  600
 6.875  600.0 -90  39  48   1.563   0.0   0.0  603
 6.875  602.5 -90  39  48  -1.563   0.0   0.0  608
 6.875  605.0 -90  39  48  -1.563   0.0   0.0  608
 6.875  610.0 -90  39  48  -1.563   0.0   0.0  616
 6.875  612.5 -90  39  48  -1.563   0.0   0.0  622
 6.875  615.0 -90  39  48   1.563   0.0   0.0  621
 6.875  617.5 -90  39  51   1.563   0.0   0.0  623
 6.875  620.0 -90  39  54   1.563   0.0   0.0  624
 6.875  622.5 -90  39  48   1.563  90.0  30.0  627
 6.875  625.0 -90  39  51   1.563   0.0   0.0  629
 6.875  627.5 -90  39  51   1.563   0.0   0.0  631
 6.875  630.0 -90  39  48   1.563   0.0   0.0  636
 6.900  572.5 -90  36  48  -1.563   0.0   0.0  579
 6.900  575.0 -90  36  51  -1.563   0.0   0.0  582
 6.900  580.0 -90  36  45   1.563   0.0   0.0  581
 6.900  582.5 -90  36  54  -1.563   0.0   0.0  586
 6.900  585.0 -90  36  48  -1.563 270.0  30.0  589
 6.900  587.5 -90  36  45   1.563   0.0   0.0  593
 6.900  592.5 -90  36  45  -1.563 270.0  30.0  599
 6.900  595.0 -90  36  54  -1.563   0.0   0.0  601
 6.900  597.5 -90  36  51  -1.563   0.0   0.0  604
 6.900  600.0 -90  36  48   1.563   0.0   0.0  605
 6.900  602.5 -90  36  48   1.563   0.0   0.0  609
 6.900  605.0 -90  36  48  -1.563   0.0   0.0  611
 6.900  607.5 -90  36  51   1.563   0.0   0.0  610
 6.900  610.0 -90  36  48  -1.563   0.0   0.0  613
 6.900  612.5 -90  36  48   1.563  90.0  30.0  618
 6.900  615.0 -90  36  45   1.563   0.0   0.0  614
 6.900  617.5 -90  36  48  -1.563   0.0   0.0  622
 6.900  620.0 -90  36  57   1.563   0.0   0.0  624
 6.900  622.5 -90  36  51  -1.563   0.0   0.0  625
 6.900  625.0 -90  36  48  -1.563   0.0   0.0  633
 6.900  627.5 -90  36  51   1.563   0.0   0.0  631
 6.900  632.5 -90  36  48   1.563   0.0   0.0  637
 6.900  642.5 -90  36  45  -1.563   0.0   0.0  648
 6.900  647.5 -90  36  48   1.563   0.0   0.0  651
 6.900  650.0 -90  36  45   1.563   0.0   0.0  653
 6.925  582.5 -90  39  48  -1.563   0.0   0.0  589
 6.925  585.0 -90  39  48  -1.563   0.0   0.0  591
 6.925  587.5 -90  39  51   1.563   0.0   0.0  593
 6.925  590.0 -90  39  51  -1.563   0.0   0.0  598
 6.925  592.5 -90  39  51   1.563   0.0   0.0  595
 6.925  595.0 -90  39  54  -1.563   0.0   0.0  600
 6.925  597.5 -90  39  54   1.563   0.0   0.0  600
 6.925  600.0 -90  39  51  -1.563   0.0   0.0  606
 6.925  602.5 -90  39  54   1.563   0.0   0.0  608
 6.925  605.0 -90  39  54   1.563   0.0   0.0  610
 6.925  615.0 -90  39  48  -1.563   0.0   0.0  621
 6.925  617.5 -90  39  48  -1.563   0.0   0.0  622
 6.925  620.0 -90  39  48  -1.563  90.0  30.0  625
 6.925  622.5 -90  39  48   1.563  90.0  30.0  625
 6.925  625.0 -90  39  51   1.563   0.0   0.0  631
 6.925  627.5 -90  39  51  -1.563   0.0   0.0  632
 6.925  630.0 -90  39  48   1.563   0.0   0.0  635
 6.925  632.5 -90  39  48   1.563  90.0  30.0  636
 6.925  640.0 -90  39  48   1.563 210.0  30.0  644
 6.925  642.5 -90  39  48   1.563   0.0   0.0  650
 6.950  582.5 -90  39  51  -1.563   0.0   0.0  589
 6.950  585.0 -90  39  51  -1.563   0.0   0.0  591
 6.950  587.5 -90  39  48  -1.563 150.0  30.0  592
 6.950  590.0 -90  39  48  -1.563 150.0  30.0  596
 6.950  592.5 -90  39  51  -1.563   0.0   0.0  597
 6.950  595.0 -90  39  48   1.563   0.0   0.0  600
 6.950  597.5 -90  39  51   1.563   0.0   0.0  602
 6.950  600.0 -90  39  54   1.563   0.0   0.0  605
 6.950  602.5 -90  39  60  -1.563   0.0   0.0  606
 6.950  605.0 -90  39  60   1.563   0.0   0.0  610
 6.950  607.5 -90  39  57  -1.563   0.0   0.0  611
 6.950  612.5 -90  39  54  -1.563   0.0   0.0  618
 6.950  615.0 -90  39  51   1.563   0.0   0.0  620
 6.950  617.5 -90  39  51  -1.563   0.0   0.0  623
 6.950  620.0 -90  39  54  -1.563 270.0  30.0  623
 6.950  625.0 -90  39  51   1.563   0.0   0.0  630
 6.950  627.5 -90  39  51   1.563   0.0   0.0  633
 6.950  630.0 -90  39  57  -1.563   0.0   0.0  635
 6.950  632.5 -90  39  57   1.563   0.0   0.0  635
 6.950  635.0 -90  39  48   1.563   0.0   0.0  640
 6.950  637.5 -90  39  54  -1.563   0.0   0.0  642
 6.950  640.0 -90  39  57   1.563   0.0   0.0  644
 6.950  642.5 -90  39  54  -1.563   0.0   0.0  647
 6.950  645.0 -90  39  57   1.563   0.0   0.0  649
 6.950  647.5 -90  39  48   1.563   0.0   0.0  647
 6.950  652.5 -90  39  48   1.563  90.0  30.0  657
 6.950  655.0 -90  39  48   1.563   0.0   0.0  659
 6.950  662.5 -90  39  51   1.563   0.0   0.0  667
 6.950  665.0 -90  39  48   1.563   0.0   0.0  667
 6.975  587.5 -90  75  84  -1.563   0.0   0.0  591
 6.975  595.0 -90  75  87   1.563   0.0   0.0  597
 6.975  597.5 -90  75  84   1.563   0.0   0.0  603
 6.975  600.0 -90  75  90   1.563   0.0   0.0  602
 6.975  602.5 -90  75  87   1.563   0.0   0.0  604
 6.975  605.0 -90  75  87  -1.563   0.0   0.0  610
 6.975  607.5 -90  75  87  -1.563   0.0   0.0  607
 6.975  610.0 -90  75  90   1.563   0.0   0.0  613
 6.975  612.5 -90  75  96  -1.563   0.0   0.0  616
 6.975  615.0 -90  75  96  -1.563   0.0   0.0  618
 6.975  617.5 -90  75  96   1.563   0.0   0.0  621
 6.975  620.0 -90  75  96  -1.563   0.0   0.0  622
 6.975  622.5 -90  75  87  -1.563   0.0   0.0  626
 6.975  625.0 -90  75  93  -1.563   0.0   0.0  628
 6.975  627.5 -90  75  93  -1.563   0.0   0.0  629
 6.975  630.0 -90  75  96  -1.563   0.0   0.0  633
 6.975  632.5 -90  75  87  -1.563   0.0   0.0  635
 6.975  635.0 -90  75  87  -1.563   0.0   0.0  637
 6.975  637.5 -90  75  90  -1.563   0.0   0.0  642
 6.975  640.0 -90  75  93   1.563   0.0   0.0  642
 6.975  647.5 -90  75  84   1.563   0.0   0.0  649
 6.975  650.0 -90  75  87   1.563  90.0  30.0  652
 6.975  652.5 -90  75  90   1.563   0.0   0.0  653
 6.975  655.0 -90  75  93  -1.563   0.0   0.0  658
 6.975  657.5 -90  75  90  -1.563   0.0   0.0  660
 6.975  660.0 -90  75  87   1.563   0.0   0.0  663
 6.975  662.5 -90  75  93   1.563   0.0   0.0  665
 6.975  665.0 -90  75  87   1.563   0.0   0.0  667
 6.975  670.0 -90  75  84   1.563   0.0   0.0  671
 6.975  680.0 -90  75  84   1.563   0.0   0.0  680
 7.000  605.0 -90  75  87  -1.563   0.0   0.0  611
 7.000  607.5 -90  75  87  -1.563   0.0   0.0  611
 7.000  612.5 -90  75  87   1.563   0.0   0.0  618
 7.000  615.0 -90  75  87  -1.563   0.0   0.0  620
 7.000  617.5 -90  75  90   1.563   0.0   0.0  621
 7.000  620.0 -90  75  84  -1.563 270.0  30.0  623
 7.000  622.5 -90  75  84  -1.563 270.0  30.0  627
 7.000  625.0 -90  75  90  -1.563   0.0   0.0  630
 7.000  627.5 -90  75  93  -1.563   0.0   0.0  632
 7.000  630.0 -90  75  87   1.563   0.0   0.0  636
 7.000  632.5 -90  75  93   1.563   0.0   0.0  637
 7.000  635.0 -90  75  87   1.563 270.0  30.0  640
 7.000  637.5 -90  75  84  -1.563   0.0   0.0  642
 7.000  640.0 -90  75  87  -1.563   0.0   0.0  645
 7.000  642.5 -90  75  87  -1.563   0.0   0.0  646
 7.000  647.5 -90  75  87  -1.563   0.0   0.0  652
 7.000  650.0 -90  75  84   1.563   0.0   0.0  653
 7.000  655.0 -90  75  90   1.563   0.0   0.0  660
 7.000  657.5 -90  75  87   1.563   0.0   0.0  660
 7.000  660.0 -90  75  84  -1.563   0.0   0.0  663
 7.000  662.5 -90  75  90   1.563   0.0   0.0  668
 7.000  665.0 -90  75  87  -1.563   0.0   0.0  669
 7.000  667.5 -90  75  84   1.563   0.0   0.0  671
 7.000  675.0 -90  75  84   1.563   0.0   0.0  678
 7.000  677.5 -90  75  84  -1.563   0.0   0.0  681
 7.000  680.0 -90  75  87  -1.563   0.0   0.0  685
 7.000  685.0 -90  75  87   1.563   0.0   0.0  689
 7.000  687.5 -90  75  87   1.563   0.0   0.0  690
 7.000  695.0 -90  75  84   1.563   0.0   0.0  701
 7.000  697.5 -90  75  84   1.563   0.0   0.0  701
 7.025  615.0 -90  75  87  -1.563 330.0  30.0  622
 7.025  627.5 -90  75  84   1.563 330.0  30.0  633
 7.025  637.5 -90  75  87  -1.563 330.0  30.0  640
 7.025  642.5 -90  75  84   1.563 330.0  30.0  645
 7.025  645.0 -90  75  87   1.563 330.0  30.0  649
 7.025  647.5 -90  75  87  -1.563 330.0  30.0  651
 7.025  650.0 -90  75  84   1.563 210.0  30.0  655
 7.025  652.5 -90  75  84  -1.563 210.0  30.0  659
 7.025  655.0 -90  75  87  -1.563  30.0  30.0  657
 7.025  657.5 -90  75  87  -1.563  30.0  30.0  657
 7.025  660.0 -90  75  87  -1.563 330.0  30.0  667
 7.025  662.5 -90  75  93  -1.563  30.0  30.0  663
 7.025  672.5 -90  75  84   1.563 210.0  30.0  677
 7.025  675.0 -90  75  84  -1.563 210.0  30.0  677
 7.025  680.0 -90  75  90   1.563 210.0  30.0  684
 7.025  682.5 -90  75  87  -1.563 210.0  30.0  685
 7.025  685.0 -90  75  90   1.563 210.0  30.0  688
 7.025  687.5 -90  75  87  -1.563 210.0  30.0  693
 7.025  690.0 -90  75  84   1.563 330.0  30.0  689
 7.025  695.0 -90  75  87   1.563 210.0  30.0  698
 7.025  697.5 -90  75  87   1.563 210.0  30.0  699
 7.025  702.5 -90  75  87  -1.563 210.0  30.0  707
 7.025  705.0 -90  75  84  -1.563 210.0  30.0  712
 7.025  722.5 -90  75  84  -1.563 210.0  30.0  725
 7.050  627.5 -90  78  87  -1.563   0.0   0.0  632
 7.050  637.5 -90  78  87  -1.563   0.0   0.0  641
 7.050  642.5 -90  78  87  -1.563   0.0   0.0  647
 7.050  645.0 -90  78  87   1.563   0.0   0.0  651
 7.050  650.0 -90  78  90   1.563   0.0   0.0  654
 7.050  655.0 -90  78  93  -1.563   0.0   0.0  660
 7.050  657.5 -90  78  90  -1.563   0.0   0.0  660
 7.050  660.0 -90  78  90  -1.563   0.0   0.0  665
 7.050  662.5 -90  78  96  -1.563   0.0   0.0  667
 7.050  665.0 -90  78  96  -1.563   0.0   0.0  669
 7.050  675.0 -90  78  93  -1.563   0.0   0.0  678
 7.050  677.5 -90  78  87  -1.563   0.0   0.0  679
 7.050  680.0 -90  78  90   1.563   0.0   0.0  685
 7.050  687.5 -90  78  87  -1.563   0.0   0.0  690
 7.050  692.5 -90  78  87  -1.563   0.0   0.0  696
 7.050  695.0 -90  78  90   1.563   0.0   0.0  699
 7.050  697.5 -90  78  87   1.563   0.0   0.0  702
 7.050  700.0 -90  78  87  -1.563   0.0   0.0  704
 7.050  702.5 -90  78  90  -1.563   0.0   0.0  705
 7.050  705.0 -90  78  90   1.563   0.0   0.0  710
 7.050  707.5 -90  78  90  -1.563 330.0  30.0  704
 7.050  710.0 -90  78  87  -1.563 330.0  30.0  708
 7.050  712.5 -90  78  87   1.563 330.0  30.0  708
 7.050  715.0 -90  78  90   1.563 330.0  30.0  714
 7.050  717.5 -90  78  96   1.563   0.0   0.0  721
 7.050  720.0 -90  78  90   1.563 330.0  30.0  717
 7.050  725.0 -90  78  93  -1.563   0.0   0.0  729
 7.050  727.5 -90  78  90   1.563   0.0   0.0  731
 7.050  737.5 -90  78  87  -1.563   0.0   0.0  742
 7.075  645.0 -90  78  87   1.563 270.0  30.0  651
 7.075  655.0 -90  78  87  -1.563 150.0  30.0  663
 7.075  657.5 -90  78  87  -1.563   0.0   0.0  661
 7.075  662.5 -90  78  93  -1.563 150.0  30.0  668
 7.075  665.0 -90  78  90  -1.563   0.0   0.0  668
 7.075  667.5 -90  78  90  -1.563   0.0   0.0  671
 7.075  672.5 -90  78  87  -1.563 150.0  30.0  678
 7.075  677.5 -90  78  90  -1.563 330.0  30.0  677
 7.075  680.0 -90  78  87  -1.563   0.0   0.0  681
 7.075  682.5 -90  78  90  -1.563   0.0   0.0  686
 7.075  685.0 -90  78  87  -1.563   0.0   0.0  688
 7.075  687.5 -90  78  90   1.563   0.0   0.0  693
 7.075  690.0 -90  78  87  -1.563 150.0  30.0  693
 7.075  692.5 -90  78  90   1.563   0.0   0.0  696
 7.075  700.0 -90  78  93  -1.563   0.0   0.0  704
 7.075  702.5 -90  78  87  -1.563   0.0   0.0  704
 7.075  705.0 -90  78  90   1.563   0.0   0.0  712
 7.075  707.5 -90  78  93   1.563   0.0   0.0  712
 7.075  710.0 -90  78  87   1.563   0.0   0.0  714
 7.075  715.0 -90  78  87   1.563   0.0   0.0  720
 7.075  717.5 -90  78  87  -1.563 330.0  30.0  719
 7.075  720.0 -90  78  93  -1.563   0.0   0.0  723
 7.075  722.5 -90  78  87  -1.563 150.0  30.0  725
 7.075  727.5 -90  78  90   1.563 330.0  30.0  727
 7.075  737.5 -90  78  87  -1.563   0.0   0.0  743
 7.075  742.5 -90  78  87   1.563 330.0  30.0  742
 7.075  745.0 -90  78  93   1.563   0.0   0.0  750
 7.075  747.5 -90  78  90   1.563   0.0   0.0  750
 7.075  752.5 -90  78  87   1.563 330.0  30.0  750
 7.075  755.0 -90  78  87   1.563   0.0   0.0  759
 7.075  762.5 -90  78  87   1.563 330.0  30.0  760
 7.075  765.0 -90  78  90   1.563   0.0   0.0  769
 7.075  767.5 -90  78  93   1.563   0.0   0.0  770
 7.075  772.5 -90  78  87  -1.563   0.0   0.0  777
 7.100  672.5 -90  78  90   1.563   0.0   0.0  675
 7.100  685.0 -90  78  87  -1.563   0.0   0.0  692
 7.100  687.5 -90  78  90   1.563 330.0  30.0  687
 7.100  690.0 -90  78  90   1.563 330.0  30.0  686
 7.100  692.5 -90  78  90   1.563   0.0   0.0  697
 7.100  695.0 -90  78  90   1.563   0.0   0.0  700
 7.100  697.5 -90  78  87  -1.563  90.0  30.0  701
 7.100  700.0 -90  78  93  -1.563   0.0   0.0  704
 7.100  702.5 -90  78  93  -1.563   0.0   0.0  706
 7.100  707.5 -90  78  93   1.563   0.0   0.0  713
 7.100  710.0 -90  78  90   1.563   0.0   0.0  714
 7.100  712.5 -90  78  87  -1.563   0.0   0.0  717
 7.100  715.0 -90  78  93  -1.563   0.0   0.0  720
 7.100  717.5 -90  78  90   1.563   0.0   0.0  723
 7.100  720.0 -90  78  87   1.563   0.0   0.0  725
 7.100  722.5 -90  78  87  -1.563   0.0   0.0  726
 7.100  727.5 -90  78  90   1.563   0.0   0.0  733
 7.100  730.0 -90  78  90  -1.563   0.0   0.0  735
 7.100  732.5 -90  78  87   1.563   0.0   0.0  738
 7.100  737.5 -90  78  87  -1.563   0.0   0.0  743
 7.100  740.0 -90  78  90   1.563   0.0   0.0  744
 7.100  745.0 -90  78  90   1.563   0.0   0.0  750
 7.100  747.5 -90  78  87  -1.563   0.0   0.0  751
 7.100  757.5 -90  78  87   1.563 330.0  30.0  755
 7.100  760.0 -90  78  87   1.563 330.0  30.0  755
 7.100  762.5 -90  78  87   1.563   0.0   0.0  768
 7.100  767.5 -90  78  90   1.563   0.0   0.0  772
 7.100  770.0 -90  78  87   1.563 330.0  30.0  766
 7.100  782.5 -90  78  87   1.563   0.0   0.0  787
 7.100  787.5 -90  78  87   1.563   0.0   0.0  792
 7.100  835.0 -90  78  87   1.563 330.0  30.0  832
 7.125  677.5 -90  78  87  -1.563 330.0  30.0  677
 7.125  682.5 -90  78  87  -1.563   0.0   0.0  687
 7.125  692.5 -90  78  90  -1.563   0.0   0.0  698
 7.125  707.5 -90  78  87  -1.563   0.0   0.0  712
 7.125  715.0 -90  78  87  -1.563   0.0   0.0  719
 7.125  717.5 -90  78  87  -1.563   0.0   0.0  721
 7.125  725.0 -90  78  87   1.563   0.0   0.0  727
 7.125  727.5 -90  78  90   1.563   0.0   0.0  733
 7.125  730.0 -90  78  87  -1.563   0.0   0.0  731
 7.125  737.5 -90  78  87  -1.563   0.0   0.0  744
 7.125  740.0 -90  78  87  -1.563 330.0  30.0  740
 7.125  747.5 -90  78  90  -1.563   0.0   0.0  752
 7.125  755.0 -90  78  87   1.563 330.0  30.0  756
 7.125  757.5 -90  78  93   1.563 330.0  30.0  755
 7.125  780.0 -90  78  87   1.563   0.0   0.0  784
 7.125  787.5 -90  78  87   1.563 330.0  30.0  786
 7.125  790.0 -90  78  90   1.563   0.0   0.0  795
 7.125  797.5 -90  78  87  -1.563   0.0   0.0  802
 7.125  802.5 -90  78  87  -1.563   0.0   0.0  809
 7.125  805.0 -90  78  90  -1.563   0.0   0.0  810
 7.125  830.0 -90  78  87  -1.563 330.0  30.0  825
 7.125  832.5 -90  78  87  -1.563   0.0   0.0  836
 7.125  855.0 -90  78  87   1.563   0.0   0.0  859
 7.150  722.5 -90  78  87   1.563   0.0   0.0  731
 7.150  725.0 -90  78  87  -1.563   0.0   0.0  729
 7.150  732.5 -90  78  87   1.563   0.0   0.0  738
 7.150  737.5 -90  78  87  -1.563   0.0   0.0  742
 7.150  740.0 -90  78  87   1.563   0.0   0.0  744
 7.150  755.0 -90  78  87  -1.563   0.0   0.0  761
 7.150  757.5 -90  78  90   1.563   0.0   0.0  760
 7.150  765.0 -90  78  90  -1.563   0.0   0.0  770
 7.150  767.5 -90  78  90  -1.563   0.0   0.0  771
 7.150  772.5 -90  78  87  -1.563   0.0   0.0  777
 7.150  795.0 -90  78  90  -1.563   0.0   0.0  801
 7.150  797.5 -90  78  90  -1.563   0.0   0.0  803
 7.150  800.0 -90  78  87  -1.563 150.0  30.0  802
 7.150  802.5 -90  78  87   1.563   0.0   0.0  808
 7.150  820.0 -90  78  90  -1.563   0.0   0.0  826
 7.150  827.5 -90  78  90  -1.563   0.0   0.0  832
 7.150  852.5 -90  78  87  -1.563   0.0   0.0  859
 7.150  880.0 -90  78  87  -1.563   0.0   0.0  884
 7.150  890.0 -90  78  87   1.563   0.0   0.0  895
 7.150  967.5 -90  78  87  -1.563 330.0  30.0  967
 7.175 1225.0  90  69  78  -4.688 270.0  30.0 1223
 7.175 1275.0  90  69  78   1.563 270.0  30.0 1271
 7.250  997.5  90  54  63   1.563   0.0   0.0 1001
 7.325  842.5  90  45  54  -4.688  30.0  30.0  852
 7.325  972.5  90  45  54   1.563  30.0  30.0  983
 7.325 1255.0  90  45  54  -1.563  30.0  30.0 1254
 7.350  792.5  90  48  57  -1.563   0.0   0.0  791
 7.350  800.0  90  48  57   4.688  30.0  30.0  811
 7.350  882.5  90  48  57  -4.688  30.0  30.0  894
 7.350  922.5  90  48  57   1.563  30.0  30.0  908
 7.350  935.0  90  48  57  -4.688  30.0  30.0  946
 7.350  940.0  90  48  57  -4.688   0.0   0.0  937
 7.350  947.5  90  48  57  -1.563  30.0  30.0  959
 7.350  965.0  90  48  57   4.688  30.0  30.0  960
 7.350 1005.0  90  48  57   1.563   0.0   0.0 1003
 7.350 1047.5  90  48  57  -4.688   0.0   0.0 1035
 7.350 1162.5  90  48  57   1.563   0.0   0.0 1161
 7.750   87.5 -90  69  78   1.563 330.0  30.0   83
 7.750  170.0 -90  69  78  -1.563  90.0  30.0  165
 7.750  172.5 -90  69  78  -4.688 330.0  30.0  162
 7.750  197.5 -90  69  78   4.688  90.0  30.0  211
 7.750  200.0 -90  69  78  -4.688 330.0  30.0  198
 7.750  207.5 -90  69  78  -4.688  90.0  30.0  207
 7.750  245.0 -90  69  78   4.688 330.0  30.0  240
 7.750  275.0 -90  69  78  -4.688 330.0  30.0  271
 7.750  495.0 -90  69  78  -4.688  90.0  30.0  504
 7.750  537.5 -90  69  78  -4.688 330.0  30.0  552
 7.750  595.0 -90  69  78  -1.563  90.0  30.0  581
 7.750  892.5 -90  69  78   1.563  30.0  30.0  898
 7.750  950.0 -90  69  78   4.688 330.0  30.0  954
 7.750  985.0 -90  69  78  -4.688 330.0  30.0  979
 7.750 1002.5 -90  69  78  -4.688 330.0  30.0  993
 7.750 1080.0 -90  69  78  -1.563 330.0  30.0 1085
 7.750 1095.0 -90  69  78  -4.688 330.0  30.0 1080
 7.750 1145.0 -90  69  78  -4.688 330.0  30.0 1160
 7.750 1150.0 -90  69  78  -4.688  90.0  30.0 1151
 7.750 1152.5 -90  69  78  -4.688 330.0  30.0 1153
 7.750 1155.0 -90  69  78   4.688 330.0  30.0 1150
 7.750 1160.0 -90  69  78   4.688  30.0  30.0 1148
 7.750 1180.0 -90  69  78  -1.563  30.0  30.0 1170
 7.750 1185.0 -90  69  78  -1.563  90.0  30.0 1182
 7.750 1190.0 -90  69  78   1.563  90.0  30.0 1200
 7.750 1195.0 -90  69  78  -1.563 330.0  30.0 1197
 7.750 1207.5 -90  69  78   1.563  90.0  30.0 1219
 7.750 1212.5 -90  69  78   4.688 330.0  30.0 1215
 7.750 1215.0 -90  69  78   4.688  90.0  30.0 1225
 7.750 1245.0 -90  69  78   4.688  90.0  30.0 1253
 7.750 1250.0 -90  69  81   4.688 330.0  30.0 1252
 7.750 1265.0 -90  69  78   4.688  90.0  30.0 1270
 7.750 1267.5 -90  69  78  -4.688  30.0  30.0 1254
 7.750 1272.5 -90  69  78  -1.563  90.0  30.0 1287
 8.175  935.0 -90  69  78   4.688  90.0  30.0  930
 8.250 1037.5  90  51  60  -4.688   0.0   0.0 1037
 8.250 1047.5  90  51  60  -1.563   0.0   0.0 1057
 8.350   80.0 -90  33  42  -4.688  90.0  30.0   70
 8.375 1037.5  90  57  69   1.563  30.0  30.0 1026
 8.375 1080.0  90  57  66  -1.563 150.0  30.0 1082
 8.375   80.0 -90  57  69   4.688 150.0  30.0   74
 8.375  122.5 -90  57  66  -1.563  30.0  30.0  109
 8.375  152.5 -90  57  66  -1.563  30.0  30.0  166
 8.375  170.0 -90  57  66   4.688  30.0  30.0  176
 8.375  172.5 -90  57  66  -4.688  90.0  30.0  169
 8.375  187.5 -90  57  66   1.563  90.0  30.0  191
 8.375  212.5 -90  57  66   4.688  30.0  30.0  207
 8.375  535.0 -90  57  66  -1.563  90.0  30.0  548
 8.375  557.5 -90  57  66  -4.688  30.0  30.0  562
 8.375  600.0 -90  57  66   4.688  30.0  30.0  601
 8.375  680.0 -90  57  66  -4.688  30.0  30.0  672
 8.375  830.0 -90  57  69   4.688  30.0  30.0  824
 8.525 1075.0  90  48  57  -1.563  90.0  30.0 1079
 8.625 1227.5  90  63  72   4.688  30.0  30.0 1227
 8.800 1197.5  90  42  51   4.688 330.0  30.0 1189
 8.800  902.5 -90  48  57   1.563 210.0  30.0  890
 8.825  890.0  90  39  48  -4.688 150.0  30.0  902
 8.825  915.0  90  39  48  -1.563  30.0  30.0  911
 8.925 1132.5  90  78  87  -1.563  90.0  30.0 1132
 8.925 1275.0  90  78  87   4.688  30.0  30.0 1272
 8.925 1205.0 -90  78  87  -1.563  90.0  30.0 1212
 9.100  387.5  90  51  60   4.688   0.0   0.0  373
 9.200   80.0  90  39  48   1.563   0.0   0.0   77
 9.200  470.0  90  39  48  -4.688   0.0   0.0  458
 9.200 1142.5 -90  39  48  -4.688   0.0   0.0 1139
 9.325 1122.5 -90  39  48  -4.688 150.0  30.0 1112
 9.375  992.5  90  39  48   4.688 150.0  30.0  999
 9.375  980.0 -90  39  48  -1.563  90.0  30.0  994
 9.425  230.0  90  45  54  -1.563 330.0  30.0  244
 9.425  410.0  90  45  54  -1.563 330.0  30.0  415
 9.425  467.5  90  45  54   4.688 330.0  30.0  470
 9.425  477.5  90  45  54   4.688 330.0  30.0  475
 9.425 1267.5  90  45  54  -1.563 330.0  30.0 1272
 9.425  385.0 -90  45  54  -4.688   0.0   0.0  393
 9.425  410.0 -90  45  54   4.688 330.0  30.0  416
 9.425  425.0 -90  45  54  -1.563 330.0  30.0  413
 9.425  450.0 -90  45  54   4.688   0.0   0.0  448
 9.425  625.0 -90  45  54  -1.563 330.0  30.0  629
 9.425  650.0 -90  45  54  -4.688 330.0  30.0  647
 9.425  670.0 -90  45  54   1.563 330.0  30.0  684
 9.425  680.0 -90  45  54   1.563 330.0  30.0  690
 9.475  822.5  90  30  39   4.688 150.0  30.0  809
 9.650 1182.5 -90  39  48   4.688  90.0  30.0 1187
 9.700  865.0 -90  60  69  -1.563   0.0   0.0  877
 9.725  820.0 -90  48  57   4.688   0.0   0.0  824
 9.800  132.5 -90  36  45  -4.688 150.0  30.0  141
 9.850  945.0 -90  36  45   1.563   0.0   0.0  932
 9.850 1147.5 -90  36  45  -1.563 150.0  30.0 1156
 9.875 1027.5 -90  36  45  -1.563 270.0  30.0 1032
 9.925  325.0  90  36  45  -1.563 150.0  30.0  313
 9.925  487.5  90  36  45  -4.688 150.0  30.0  473
 9.925  907.5  90  36  45   4.688 150.0  30.0  911
10.225  957.5  90  33  42   1.563   0.0   0.0  954
10.225  577.5 -90  33  42  -4.688 150.0  30.0  591
10.250  707.5 -90  33  42  -1.563 150.0  30.0  697
10.275  917.5 -90  33  42   1.563  90.0  30.0  924
10.275 1020.0 -90  33  42  -4.688 150.0  30.0 1015
10.325 1055.0 -90  33  42   4.688  90.0  30.0 1053
10.350 1175.0  90  33  42   4.688 150.0  30.0 1188
10.425  320.0 -90  36  45  -4.688 270.0  30.0  327
10.425  330.0 -90  36  45   4.688 150.0  30.0  317
10.450  697.5  90  36  45  -1.563 150.0  30.0  699
10.475  290.0  90  60  69  -1.563 150.0  30.0  278
10.525  897.5 -90  60  69  -4.688 150.0  30.0  911
10.575  632.5 -90  60  69  -4.688 150.0  30.0  625
10.600 1007.5  90  60  69  -4.688 150.0  30.0 1015
10.650  487.5 -90  60  69   4.688 150.0  30.0  495
10.675 1057.5  90  48  57   4.688 150.0  30.0 1061
10.675  152.5 -90  48  57   1.563 270.0  30.0  163
10.775  415.0 -90  60  69  -4.688   0.0   0.0  424
10.775  770.0 -90  60  69   1.563 150.0  30.0  783
10.850  585.0  90  60  69  -4.688 150.0  30.0  598
10.975  262.5  90  60  69   1.563 150.0  30.0  253
10.975 1000.0  90  60  69   1.563 150.0  30.0 1007
10.975  362.5 -90  60  69   1.563 150.0  30.0  376
11.000 1135.0  90  60  69   4.688 150.0  30.0 1131
11.125  730.0 -90  36  45  -1.563 150.0  30.0  721
11.175 1100.0 -90  72  81   4.688 150.0  30.0 1093
11.200  767.5  90  72  81   4.688 150.0  30.0  772
11.275  432.5  90  36  45  -1.563 150.0  30.0  418
11.325  847.5 -90  60  69  -4.688 150.0  30.0  856
11.450 1062.5  90  36  45  -4.688 150.0  30.0 1067
11.475 1222.5 -90  36  45   4.688 270.0  30.0 1234
11.525  102.5  90  72  81  -4.688 150.0  30.0   89
11.525  190.0  90  72  81   1.563   0.0   0.0  190
11.525  822.5 -90  72  81  -4.688 270.0  30.0  816
11.575  675.0 -90  36  45   4.688  30.0  30.0  663
11.675  242.5  90  72  81   4.688  30.0  30.0  250
11.675  310.0  90  72  81   4.688 330.0  30.0  303
11.675  487.5 -90  72  81  -1.563  30.0  30.0  483
11.725  890.0 -90  72  81   4.688 330.0  30.0  890
11.825  635.0  90  72  81   1.563 330.0  30.0  638
11.825  227.5 -90  72  81  -4.688 270.0  30.0  235
11.850 1105.0 -90  72  81  -1.563 270.0  30.0 1100
11.875  467.5  90  72  81   4.688   0.0   0.0  466
11.900  810.0 -90  72  81  -1.563 330.0  30.0  796
11.925  580.0  90  60  69  -1.563 330.0  30.0  576
11.925  727.5  90  60  69  -4.688  30.0  30.0  713
11.925 1087.5  90  60  69   1.563 330.0  30.0 1076
11.975  897.5  90  48  57  -4.688  30.0  30.0  884
