2024.06.28 (180) 00:03:16.000
Station name: Juliusruh
URSI code: JR055
Ionosonde model: DPS-4D
  Freq  Range Pol MPA Amp Doppler    Az    Zn  PGH
 1.010  102.5  90  36  48  -3.125 270.0  30.0
 1.010  105.0  90  36  60   3.125   0.0   0.0
 1.010  107.5  90  36  60   3.125   0.0   0.0
 1.010  110.0  90  36  48   3.125 150.0  30.0
 1.010  112.5  90  36  45  -3.125 270.0  30.0
 1.010  117.5  90  36  51  -3.125   0.0   0.0
 1.010  120.0  90  36  48   3.125  90.0  30.0
 1.010  205.0  90  36  51   3.125 270.0  30.0
 1.010  207.5  90  36  48   3.125 210.0  30.0
 1.010  210.0  90  36  45   3.125   0.0   0.0
 1.010  212.5  90  36  51   3.125   0.0   0.0
 1.010  215.0  90  36  48  -3.125 210.0  30.0
 1.010  307.5  90  36  45   3.125 210.0  30.0
 1.010  310.0  90  36  48  -3.125 210.0  30.0
 1.010  312.5  90  36  45  -3.125   0.0   0.0
 1.010  412.5  90  36  45   3.125 270.0  30.0
 1.010  415.0  90  36  45   3.125 330.0  30.0
 1.010 1017.5  90  36  45   9.375 150.0  30.0
 1.010 1027.5  90  36  45  -3.125  90.0  30.0
 1.010 1032.5  90  36  48   3.125  90.0  30.0
 1.010 1040.0  90  36  45   9.375 150.0  30.0
 1.010 1042.5  90  36  45  -3.125  90.0  30.0
 1.010 1047.5  90  36  45  -3.125 150.0  30.0
 1.010 1052.5  90  36  45   3.125  90.0  30.0
 1.010 1057.5  90  36  45  -9.375  90.0  30.0
 1.010 1067.5  90  36  45  -9.375  90.0  30.0
 1.010 1070.0  90  36  45  -9.375  30.0  30.0
 1.010 1072.5  90  36  45  -9.375 150.0  30.0
 1.010 1075.0  90  36  45  -3.125  30.0  30.0
 1.010 1077.5  90  36  45  -9.375  90.0  30.0
 1.010 1082.5  90  36  48   9.375  90.0  30.0
 1.010 1087.5  90  36  45  -3.125 150.0  30.0
 1.010 1092.5  90  36  45   9.375  90.0  30.0
 1.010 1017.5 -90  39  48   3.125 210.0  30.0
 1.010 1020.0 -90  39  48  -3.125 270.0  30.0
 1.010 1022.5 -90  39  48  -9.375 270.0  30.0
 1.010 1025.0 -90  39  51   9.375  90.0  30.0
 1.010 1027.5 -90  39  48  -3.125 210.0  30.0
 1.010 1030.0 -90  39  48   9.375  90.0  30.0
 1.010 1032.5 -90  39  48   9.375 210.0  30.0
 1.010 1035.0 -90  39  48   9.375  90.0  30.0
 1.010 1037.5 -90  39  51  -9.375 210.0  30.0
 1.010 1042.5 -90  39  48  -9.375 270.0  30.0
 1.010 1045.0 -90  39  48   9.375 270.0  30.0
 1.010 1047.5 -90  39  48  -3.125 150.0  30.0
 1.010 1050.0 -90  39  48  -3.125  90.0  30.0
 1.010 1052.5 -90  39  51  -3.125 210.0  30.0
 1.010 1055.0 -90  39  48   3.125  90.0  30.0
 1.010 1060.0 -90  39  48  -9.375  90.0  30.0
 1.010 1062.5 -90  39  51  -9.375 210.0  30.0
 1.010 1067.5 -90  39  48   9.375 330.0  30.0
 1.010 1070.0 -90  39  48  -9.375  90.0  30.0
 1.010 1072.5 -90  39  48  -9.375 330.0  30.0
 1.010 1075.0 -90  39  48  -3.125  90.0  30.0
 1.010 1077.5 -90  39  48  -9.375  90.0  30.0
 1.010 1080.0 -90  39  48  -3.125  90.0  30.0
 1.010 1082.5 -90  39  51  -9.375 210.0  30.0
 1.010 1085.0 -90  39  48   9.375 150.0  30.0
 1.010 1087.5 -90  39  51  -9.375 210.0  30.0
 1.010 1090.0 -90  39  48   9.375 330.0  30.0
 1.010 1092.5 -90  39  48   9.375 150.0  30.0
 1.010 1095.0 -90  39  48  -3.125  90.0  30.0
 1.035  102.5  90  42  54  -3.125   0.0   0.0
 1.035  105.0  90  42  54   3.125  90.0  30.0
 1.035  107.5  90  42  60   3.125   0.0   0.0
 1.035  112.5  90  42  51   3.125 330.0  30.0
 1.035 1037.5  90  42  51   9.375 150.0  30.0
 1.035 1040.0  90  42  51   9.375   0.0   0.0
 1.035 1045.0  90  42  51   9.375  90.0  30.0
 1.060  102.5  90  45  57   3.125  30.0  30.0
 1.060  105.0  90  45  57  -3.125   0.0   0.0
 1.060  107.5  90  45  60   3.125 330.0  30.0
 1.060  110.0  90  45  57  -3.125 330.0  30.0
 1.060  112.5  90  45  54   3.125 330.0  30.0
 1.060  255.0 -90  45  54   9.375  90.0  30.0
 1.085   87.5  90  45  54  -3.125  90.0  30.0
 1.085  100.0  90  45  54   3.125  90.0  30.0
 1.085  102.5  90  45  57   3.125  90.0  30.0
 1.085  107.5  90  45  57   3.125 330.0  30.0
 1.085  602.5  90  45  54   9.375  90.0  30.0
 1.085  292.5 -90  48  57   9.375  90.0  30.0
 1.085 1017.5 -90  48  57   9.375 150.0  30.0
 1.085 1020.0 -90  48  60   3.125 150.0  30.0
 1.085 1022.5 -90  48  57  -9.375 150.0  30.0
 1.085 1027.5 -90  48  60   3.125 150.0  30.0
 1.085 1032.5 -90  48  57  -3.125 150.0  30.0
 1.085 1035.0 -90  48  57   3.125 150.0  30.0
 1.085 1037.5 -90  48  60   9.375 330.0  30.0
 1.085 1040.0 -90  48  60  -9.375 150.0  30.0
 1.085 1042.5 -90  48  57  -9.375 150.0  30.0
 1.085 1045.0 -90  48  60  -9.375 150.0  30.0
 1.085 1047.5 -90  48  57  -3.125 150.0  30.0
 1.085 1052.5 -90  48  60   3.125 150.0  30.0
 1.085 1055.0 -90  48  57  -3.125 150.0  30.0
 1.085 1057.5 -90  48  60   3.125 330.0  30.0
 1.085 1060.0 -90  48  57   9.375 150.0  30.0
 1.085 1062.5 -90  48  60   9.375 330.0  30.0
 1.085 1065.0 -90  48  57  -9.375 150.0  30.0
 1.085 1067.5 -90  48  57  -9.375 150.0  30.0
 1.085 1070.0 -90  48  60  -9.375 150.0  30.0
 1.085 1072.5 -90  48  57  -3.125 150.0  30.0
 1.085 1075.0 -90  48  60  -9.375 150.0  30.0
 1.085 1077.5 -90  48  57  -9.375 150.0  30.0
 1.085 1082.5 -90  48  60   9.375 150.0  30.0
 1.085 1085.0 -90  48  57   9.375 150.0  30.0
 1.085 1087.5 -90  48  57   9.375 330.0  30.0
 1.085 1090.0 -90  48  60  -9.375 150.0  30.0
 1.085 1092.5 -90  48  57  -3.125 150.0  30.0
 1.085 1095.0 -90  48  57  -9.375 150.0  30.0
 1.110  100.0  90  45  54   3.125   0.0   0.0
 1.110  102.5  90  45  63   3.125  90.0  30.0
 1.110  105.0  90  45  63  -3.125   0.0   0.0
 1.110  107.5  90  45  60   3.125  90.0  30.0
 1.110  210.0  90  45  54  -3.125 150.0  30.0
 1.110  307.5  90  45  54   3.125  90.0  30.0
 1.110 1017.5 -90  45  57  -3.125  90.0  30.0
 1.110 1020.0 -90  45  60  -3.125 210.0  30.0
 1.110 1022.5 -90  45  57   3.125 330.0  30.0
 1.110 1025.0 -90  45  57   9.375 150.0  30.0
 1.110 1027.5 -90  45  54  -3.125  30.0  30.0
 1.110 1030.0 -90  45  54   9.375 150.0  30.0
 1.110 1032.5 -90  45  54  -3.125 330.0  30.0
 1.110 1035.0 -90  45  54   9.375 150.0  30.0
 1.110 1037.5 -90  45  57  -3.125  90.0  30.0
 1.110 1040.0 -90  45  60  -3.125 210.0  30.0
 1.110 1042.5 -90  45  57   3.125 330.0  30.0
 1.110 1045.0 -90  45  60  -3.125 210.0  30.0
 1.110 1047.5 -90  45  57   3.125 330.0  30.0
 1.110 1050.0 -90  45  57   9.375 150.0  30.0
 1.110 1052.5 -90  45  54   3.125 210.0  30.0
 1.110 1055.0 -90  45  57  -3.125  30.0  30.0
 1.110 1057.5 -90  45  57  -3.125 150.0  30.0
 1.110 1060.0 -90  45  57  -3.125 150.0  30.0
 1.110 1062.5 -90  45  57   9.375  90.0  30.0
 1.110 1065.0 -90  45  60   9.375 210.0  30.0
 1.110 1067.5 -90  45  57  -9.375 330.0  30.0
 1.110 1070.0 -90  45  60   9.375 210.0  30.0
 1.110 1072.5 -90  45  57  -9.375  30.0  30.0
 1.110 1075.0 -90  45  60   9.375 210.0  30.0
 1.110 1077.5 -90  45  57  -9.375 330.0  30.0
 1.110 1080.0 -90  45  54  -3.125 150.0  30.0
 1.110 1082.5 -90  45  57  -3.125 150.0  30.0
 1.110 1085.0 -90  45  54  -3.125 150.0  30.0
 1.110 1087.5 -90  45  57  -9.375 210.0  30.0
 1.110 1090.0 -90  45  60   9.375 210.0  30.0
 1.110 1092.5 -90  45  57  -9.375 330.0  30.0
 1.110 1095.0 -90  45  57  -9.375 210.0  30.0
 1.135  100.0  90  39  57   3.125   0.0   0.0
 1.135  102.5  90  39  54   3.125   0.0   0.0
 1.135  105.0  90  39  60   3.125   0.0   0.0
 1.135  107.5  90  39  57  -3.125 150.0  30.0
 1.135  110.0  90  39  57   3.125   0.0   0.0
 1.135  112.5  90  39  48   3.125 330.0  30.0
 1.135  115.0  90  39  48  -3.125  30.0  30.0
 1.135  120.0  90  39  51  -3.125 150.0  30.0
 1.135  127.5  90  39  48   3.125 150.0  30.0
 1.135  205.0  90  39  48  -3.125   0.0   0.0
 1.135  207.5  90  39  51   3.125 150.0  30.0
 1.135  210.0  90  39  48   3.125   0.0   0.0
 1.135  215.0  90  39  48   3.125 210.0  30.0
 1.135  307.5  90  39  51   3.125   0.0   0.0
 1.135  310.0  90  39  48  -3.125 150.0  30.0
 1.135  412.5  90  39  48  -3.125  90.0  30.0
 1.135  425.0  90  39  48  -3.125 150.0  30.0
 1.135  990.0  90  39  48  -3.125 150.0  30.0
 1.135 1017.5  90  39  48   9.375 150.0  30.0
 1.135 1020.0  90  39  48   9.375 270.0  30.0
 1.135 1022.5  90  39  51   3.125  90.0  30.0
 1.135 1027.5  90  39  48  -3.125 150.0  30.0
 1.135 1037.5  90  39  48   3.125 150.0  30.0
 1.135 1040.0  90  39  48   9.375 270.0  30.0
 1.135 1042.5  90  39  51   9.375  90.0  30.0
 1.135 1045.0  90  39  51  -9.375 330.0  30.0
 1.135 1047.5  90  39  51   9.375 150.0  30.0
 1.135 1052.5  90  39  48  -9.375 150.0  30.0
 1.135 1057.5  90  39  48  -3.125 150.0  30.0
 1.135 1062.5  90  39  48  -3.125 150.0  30.0
 1.135 1065.0  90  39  48   9.375 270.0  30.0
 1.135 1067.5  90  39  48  -9.375  90.0  30.0
 1.135 1070.0  90  39  48  -3.125 330.0  30.0
 1.135 1072.5  90  39  48   3.125  90.0  30.0
 1.135 1075.0  90  39  48  -9.375 270.0  30.0
 1.135 1077.5  90  39  48   9.375  90.0  30.0
 1.135 1087.5  90  39  48   9.375  90.0  30.0
 1.135 1090.0  90  39  48   9.375 270.0  30.0
 1.135 1092.5  90  39  51   9.375  90.0  30.0
 1.135 1015.0 -90  39  48  -3.125  30.0  30.0
 1.135 1017.5 -90  39  48  -3.125 210.0  30.0
 1.135 1020.0 -90  39  54   3.125 330.0  30.0
 1.135 1022.5 -90  39  54   3.125 330.0  30.0
 1.135 1025.0 -90  39  51   9.375 270.0  30.0
 1.135 1027.5 -90  39  48   9.375  30.0  30.0
 1.135 1030.0 -90  39  54  -3.125  90.0  30.0
 1.135 1032.5 -90  39  48   3.125  90.0  30.0
 1.135 1035.0 -90  39  54  -9.375 330.0  30.0
 1.135 1037.5 -90  39  48  -9.375  30.0  30.0
 1.135 1040.0 -90  39  54   9.375 330.0  30.0
 1.135 1042.5 -90  39  51   9.375 210.0  30.0
 1.135 1045.0 -90  39  54  -9.375 330.0  30.0
 1.135 1047.5 -90  39  54  -3.125 330.0  30.0
 1.135 1050.0 -90  39  54   3.125 330.0  30.0
 1.135 1052.5 -90  39  48   9.375 210.0  30.0
 1.135 1055.0 -90  39  54  -9.375 330.0  30.0
 1.135 1057.5 -90  39  54  -9.375  30.0  30.0
 1.135 1060.0 -90  39  54   3.125 150.0  30.0
 1.135 1062.5 -90  39  51  -3.125 210.0  30.0
 1.135 1065.0 -90  39  54  -3.125 330.0  30.0
 1.135 1067.5 -90  39  51   9.375 330.0  30.0
 1.135 1070.0 -90  39  54   3.125 330.0  30.0
 1.135 1072.5 -90  39  51   9.375 210.0  30.0
 1.135 1075.0 -90  39  54   9.375 330.0  30.0
 1.135 1077.5 -90  39  54   9.375  30.0  30.0
 1.135 1080.0 -90  39  54   3.125  90.0  30.0
 1.135 1085.0 -90  39  54   9.375 330.0  30.0
 1.135 1087.5 -90  39  51  -3.125 210.0  30.0
 1.135 1090.0 -90  39  54   3.125 330.0  30.0
 1.135 1092.5 -90  39  51  -9.375 270.0  30.0
 1.135 1095.0 -90  39  51  -3.125 210.0  30.0
 1.160  100.0  90  45  57  -3.125   0.0   0.0
 1.160  102.5  90  45  60  -3.125   0.0   0.0
 1.160  105.0  90  45  63   3.125   0.0   0.0
 1.160  107.5  90  45  60   3.125   0.0   0.0
 1.160  110.0  90  45  54  -3.125 150.0  30.0
 1.160  120.0  90  45  54   3.125 210.0  30.0
 1.160  132.5  90  45  54   3.125 210.0  30.0
 1.160  207.5  90  45  54   3.125  90.0  30.0
 1.160  307.5  90  45  54  -3.125   0.0   0.0
 1.160  315.0  90  45  57  -3.125 210.0  30.0
 1.160  412.5  90  45  54  -3.125 150.0  30.0
 1.160 1070.0  90  45  54  -3.125 210.0  30.0
 1.160 1090.0  90  45  54  -9.375 210.0  30.0
 1.185  105.0  90  48  63  -3.125   0.0   0.0
 1.185  107.5  90  48  69   3.125   0.0   0.0
 1.185  110.0  90  48  60   3.125 270.0  30.0
 1.185  112.5  90  48  57  -3.125 270.0  30.0
 1.185  207.5  90  48  57  -3.125  90.0  30.0
 1.185  315.0  90  48  57  -3.125 270.0  30.0
 1.210  100.0  90  45  63   3.125   0.0   0.0
 1.210  102.5  90  45  66  -3.125 210.0  30.0
 1.210  105.0  90  45  72   3.125   0.0   0.0
 1.210  107.5  90  45  69  -3.125 210.0  30.0
 1.210  110.0  90  45  63   3.125 270.0  30.0
 1.210  115.0  90  45  54  -3.125   0.0   0.0
 1.210  117.5  90  45  54  -3.125 210.0  30.0
 1.210  140.0  90  45  54   3.125 210.0  30.0
 1.210  185.0  90  45  54  -9.375 210.0  30.0
 1.210  202.5  90  45  57  -3.125 210.0  30.0
 1.210  205.0  90  45  60   3.125   0.0   0.0
 1.210  207.5  90  45  60  -3.125 210.0  30.0
 1.210  210.0  90  45  54   3.125 210.0  30.0
 1.210  307.5  90  45  60   3.125 210.0  30.0
 1.210  310.0  90  45  63  -3.125 210.0  30.0
 1.210  315.0  90  45  54   3.125 270.0  30.0
 1.210  410.0  90  45  60  -3.125 210.0  30.0
 1.210  412.5  90  45  63   3.125 210.0  30.0
 1.235   97.5  90  39  48  -3.125 210.0  30.0
 1.235  100.0  90  39  57   3.125   0.0   0.0
 1.235  102.5  90  39  57   3.125   0.0   0.0
 1.235  105.0  90  39  66  -3.125   0.0   0.0
 1.235  107.5  90  39  54   3.125   0.0   0.0
 1.235  110.0  90  39  57   3.125   0.0   0.0
 1.235  112.5  90  39  54   3.125 210.0  30.0
 1.235  115.0  90  39  51  -3.125   0.0   0.0
 1.235  117.5  90  39  51  -3.125   0.0   0.0
 1.235  127.5  90  39  48   3.125 330.0  30.0
 1.235  130.0  90  39  51  -3.125   0.0   0.0
 1.235  132.5  90  39  51   3.125 270.0  30.0
 1.235  137.5  90  39  51   3.125 270.0  30.0
 1.235  140.0  90  39  51   3.125 270.0  30.0
 1.235  157.5  90  39  51  -3.125 150.0  30.0
 1.235  202.5  90  39  48   3.125   0.0   0.0
 1.235  205.0  90  39  60  -3.125   0.0   0.0
 1.235  207.5  90  39  57  -3.125   0.0   0.0
 1.235  210.0  90  39  57   3.125   0.0   0.0
 1.235  212.5  90  39  51  -3.125 210.0  30.0
 1.235  217.5  90  39  48  -3.125   0.0   0.0
 1.235  220.0  90  39  48   3.125 270.0  30.0
 1.235  307.5  90  39  60   3.125   0.0   0.0
 1.235  310.0  90  39  57   3.125 150.0  30.0
 1.235  312.5  90  39  48  -3.125   0.0   0.0
 1.235  315.0  90  39  51   3.125   0.0   0.0
 1.235  317.5  90  39  48   3.125 210.0  30.0
 1.235  325.0  90  39  51   3.125 210.0  30.0
 1.235  330.0  90  39  48   9.375 150.0  30.0
 1.235  340.0  90  39  48  -3.125 150.0  30.0
 1.235  345.0  90  39  48  -3.125 210.0  30.0
 1.235  365.0  90  39  51   3.125 150.0  30.0
 1.235  390.0  90  39  48   3.125 150.0  30.0
 1.235  410.0  90  39  57  -3.125   0.0   0.0
 1.235  412.5  90  39  63  -3.125   0.0   0.0
 1.235  415.0  90  39  48   3.125   0.0   0.0
 1.235  472.5  90  39  48   3.125   0.0   0.0
 1.235  515.0  90  39  54  -3.125   0.0   0.0
 1.235  630.0 -90  39  48   3.125 150.0  30.0
 1.235  642.5 -90  39  48   3.125 150.0  30.0
 1.235  655.0 -90  39  48   9.375 150.0  30.0
 1.235  680.0 -90  39  48   9.375 150.0  30.0
 1.235  692.5 -90  39  48  -3.125 150.0  30.0
 1.235 1022.5 -90  39  48   3.125 210.0  30.0
 1.235 1025.0 -90  39  48   3.125 270.0  30.0
 1.235 1027.5 -90  39  48   3.125 210.0  30.0
 1.235 1032.5 -90  39  51   3.125 210.0  30.0
 1.235 1047.5 -90  39  48   3.125 210.0  30.0
 1.235 1050.0 -90  39  48   9.375 330.0  30.0
 1.235 1052.5 -90  39  48  -9.375 210.0  30.0
 1.235 1057.5 -90  39  48  -9.375 210.0  30.0
 1.235 1077.5 -90  39  48  -9.375 210.0  30.0
 1.235 1080.0 -90  39  48  -3.125 330.0  30.0
 1.235 1082.5 -90  39  48  -3.125 150.0  30.0
 1.235 1085.0 -90  39  48  -3.125 330.0  30.0
 1.235 1092.5 -90  39  48  -3.125 150.0  30.0
 1.260  100.0  90  45  54  -3.125  90.0  30.0
 1.260  102.5  90  45  57   3.125  90.0  30.0
 1.260  105.0  90  45  69   3.125  90.0  30.0
 1.260  107.5  90  45  60   3.125  90.0  30.0
 1.260  110.0  90  45  57   3.125  30.0  30.0
 1.260  112.5  90  45  54   3.125   0.0   0.0
 1.260  125.0  90  45  54   3.125 330.0  30.0
 1.260  205.0  90  45  57   3.125   0.0   0.0
 1.260  207.5  90  45  57   3.125   0.0   0.0
 1.260  210.0  90  45  60   3.125   0.0   0.0
 1.260  215.0  90  45  54  -3.125 210.0  30.0
 1.260  307.5  90  45  60  -3.125   0.0   0.0
 1.260  315.0  90  45  54   3.125  90.0  30.0
 1.260  410.0  90  45  57  -3.125   0.0   0.0
 1.260  412.5  90  45  60  -3.125  90.0  30.0
 1.260  515.0  90  45  57   3.125   0.0   0.0
 1.260 1035.0  90  45  54   9.375 150.0  30.0
 1.260 1060.0  90  45  54   9.375 150.0  30.0
 1.260 1050.0 -90  42  51   3.125 270.0  30.0
 1.285  100.0  90  48  63  -3.125   0.0   0.0
 1.285  105.0  90  48  63  -3.125   0.0   0.0
 1.285  107.5  90  48  63   3.125   0.0   0.0
 1.285  110.0  90  48  57   3.125 330.0  30.0
 1.285  112.5  90  48  57  -3.125   0.0   0.0
 1.285  122.5  90  48  57   3.125   0.0   0.0
 1.285  205.0  90  48  63   3.125   0.0   0.0
 1.285  210.0  90  48  63  -3.125 330.0  30.0
 1.285  307.5  90  48  60   3.125 330.0  30.0
 1.285  310.0  90  48  57   3.125   0.0   0.0
 1.285  412.5  90  48  60   3.125   0.0   0.0
 1.285  515.0  90  48  57  -3.125   0.0   0.0
 1.310  100.0  90  51  63   3.125  90.0  30.0
 1.310  102.5  90  51  60   3.125  90.0  30.0
 1.310  105.0  90  51  60  -3.125  30.0  30.0
 1.310  205.0  90  51  60  -3.125   0.0   0.0
 1.310  207.5  90  51  63  -3.125 150.0  30.0
 1.310  210.0  90  51  60  -3.125 330.0  30.0
 1.335  100.0  90  48  66  -3.125   0.0   0.0
 1.335  102.5  90  48  57   3.125   0.0   0.0
 1.335  105.0  90  48  66   3.125 330.0  30.0
 1.335  107.5  90  48  60   3.125 330.0  30.0
 1.335  117.5  90  48  57   3.125 330.0  30.0
 1.335  120.0  90  48  60  -3.125 330.0  30.0
 1.335  122.5  90  48  57   3.125 330.0  30.0
 1.335  207.5  90  48  57   3.125 330.0  30.0
 1.335  210.0  90  48  57   3.125 330.0  30.0
 1.335  412.5  90  48  57   3.125   0.0   0.0
 1.360   97.5  90  48  57  -3.125 210.0  30.0
 1.360  100.0  90  48  66   3.125   0.0   0.0
 1.360  102.5  90  48  66   3.125   0.0   0.0
 1.360  105.0  90  48  72   3.125 330.0  30.0
 1.360  107.5  90  48  66   3.125 330.0  30.0
 1.360  110.0  90  48  57  -3.125  30.0  30.0
 1.360  205.0  90  48  63  -3.125   0.0   0.0
 1.360  207.5  90  48  57  -3.125 330.0  30.0
 1.360  210.0  90  48  60   3.125   0.0   0.0
 1.360  212.5  90  48  57   3.125 270.0  30.0
 1.360   95.0 -90  45  54  -9.375 270.0  30.0
 1.360  535.0 -90  45  54   9.375 270.0  30.0
 1.360 1022.5 -90  45  54   9.375 270.0  30.0
 1.360 1032.5 -90  45  57   9.375 270.0  30.0
 1.360 1050.0 -90  45  54   9.375 270.0  30.0
 1.360 1052.5 -90  45  54   9.375 270.0  30.0
 1.360 1057.5 -90  45  54  -3.125 270.0  30.0
 1.360 1077.5 -90  45  54  -9.375 270.0  30.0
 1.360 1082.5 -90  45  54  -9.375 330.0  30.0
 1.360 1087.5 -90  45  54  -3.125 270.0  30.0
 1.360 1092.5 -90  45  54  -3.125 270.0  30.0
 1.385  100.0  90  51  63  -3.125   0.0   0.0
 1.385  102.5  90  51  60   3.125   0.0   0.0
 1.385  105.0  90  51  66  -3.125   0.0   0.0
 1.385  107.5  90  51  66  -3.125   0.0   0.0
 1.385  110.0  90  51  60  -3.125  30.0  30.0
 1.385  212.5  90  51  60  -3.125 270.0  30.0
 1.410  207.5  90  54  63  -3.125  30.0  30.0
 1.410 1040.0  90  54  63  -9.375 270.0  30.0
 1.410 1090.0  90  54  63   3.125 270.0  30.0
 1.410  810.0 -90  54  63   9.375 270.0  30.0
 1.435  100.0  90  54  63   3.125 210.0  30.0
 1.435  102.5  90  54  63   3.125 210.0  30.0
 1.460  100.0  90  54  69  -3.125   0.0   0.0
 1.460  102.5  90  54  66  -3.125   0.0   0.0
 1.460  107.5  90  54  63   3.125  30.0  30.0
 1.460  205.0  90  54  66  -3.125   0.0   0.0
 1.460  207.5  90  54  63   3.125   0.0   0.0
 1.485  100.0  90  48  72  -3.125   0.0   0.0
 1.485  102.5  90  48  66  -3.125   0.0   0.0
 1.485  105.0  90  48  66  -3.125 330.0  30.0
 1.485  107.5  90  48  66  -3.125 330.0  30.0
 1.485  120.0  90  48  57   3.125 270.0  30.0
 1.485  122.5  90  48  60  -3.125  30.0  30.0
 1.485  140.0  90  48  57   3.125 330.0  30.0
 1.485  150.0  90  48  57  -3.125 330.0  30.0
 1.485  205.0  90  48  66  -3.125   0.0   0.0
 1.485  207.5  90  48  66   3.125   0.0   0.0
 1.485  210.0  90  48  57  -3.125 150.0  30.0
 1.510   97.5  90  45  54   3.125 270.0  30.0
 1.510  100.0  90  45  72   3.125 210.0  30.0
 1.510  102.5  90  45  72  -3.125 210.0  30.0
 1.510  105.0  90  45  63  -3.125 330.0  30.0
 1.510  107.5  90  45  69   3.125 270.0  30.0
 1.510  110.0  90  45  60  -3.125 270.0  30.0
 1.510  115.0  90  45  54   3.125 210.0  30.0
 1.510  120.0  90  45  57   3.125   0.0   0.0
 1.510  127.5  90  45  57   3.125 270.0  30.0
 1.510  135.0  90  45  54  -3.125 270.0  30.0
 1.510  140.0  90  45  54  -3.125 270.0  30.0
 1.510  150.0  90  45  57  -3.125 270.0  30.0
 1.510  152.5  90  45  54   3.125 330.0  30.0
 1.510  205.0  90  45  57  -3.125 210.0  30.0
 1.510  207.5  90  45  54  -3.125   0.0   0.0
 1.510  210.0  90  45  54  -3.125 270.0  30.0
 1.510  227.5  90  45  54   3.125 270.0  30.0
 1.510  322.5  90  45  54   3.125 210.0  30.0
 1.510 1252.5 -90  42  51   3.125 270.0  30.0
 1.535  100.0  90  51  75  -3.125   0.0   0.0
 1.535  102.5  90  51  72   3.125   0.0   0.0
 1.535  107.5  90  51  60   3.125  30.0  30.0
 1.535  110.0  90  51  60   3.125 330.0  30.0
 1.560  100.0  90  51  72  -3.125   0.0   0.0
 1.560  102.5  90  51  72   3.125   0.0   0.0
 1.560  290.0  90  51  60   3.125   0.0   0.0
 1.560  292.5  90  51  63   3.125   0.0   0.0
 1.585  100.0  90  48  72  -3.125   0.0   0.0
 1.585  102.5  90  48  72   3.125  90.0  30.0
 1.585  105.0  90  48  63   3.125 330.0  30.0
 1.585  107.5  90  48  57   3.125  30.0  30.0
 1.585  110.0  90  48  63   3.125   0.0   0.0
 1.585  120.0  90  48  60  -3.125   0.0   0.0
 1.585  122.5  90  48  57   3.125   0.0   0.0
 1.585  207.5  90  48  60   3.125  90.0  30.0
 1.585  210.0  90  48  57   3.125   0.0   0.0
 1.585  290.0  90  48  66  -3.125  90.0  30.0
 1.585  292.5  90  48  66   3.125   0.0   0.0
 1.610  100.0  90  45  69  -3.125   0.0   0.0
 1.610  102.5  90  45  72   3.125   0.0   0.0
 1.610  105.0  90  45  57  -3.125  90.0  30.0
 1.610  107.5  90  45  60   3.125   0.0   0.0
 1.610  110.0  90  45  60   3.125 270.0  30.0
 1.610  120.0  90  45  54  -3.125  90.0  30.0
 1.610  132.5  90  45  54   3.125 330.0  30.0
 1.610  135.0  90  45  54   3.125 270.0  30.0
 1.610  142.5  90  45  54   3.125 330.0  30.0
 1.610  205.0  90  45  60   3.125   0.0   0.0
 1.610  290.0  90  45  66   3.125   0.0   0.0
 1.610  292.5  90  45  63   3.125   0.0   0.0
 1.610  310.0  90  45  54   3.125   0.0   0.0
 1.610  485.0  90  45  54   3.125   0.0   0.0
 1.610  885.0 -90  42  51   3.125 150.0  30.0
 1.610  900.0 -90  42  51  -3.125 150.0  30.0
 1.610  927.5 -90  42  54  -9.375 150.0  30.0
 1.610  930.0 -90  42  51  -9.375  90.0  30.0
 1.610  937.5 -90  42  51  -3.125  90.0  30.0
 1.610 1022.5 -90  42  51  -9.375 270.0  30.0
 1.610 1025.0 -90  42  51   3.125 270.0  30.0
 1.610 1027.5 -90  42  51   9.375 270.0  30.0
 1.610 1032.5 -90  42  51   9.375 330.0  30.0
 1.610 1040.0 -90  42  51   9.375 330.0  30.0
 1.610 1047.5 -90  42  51   9.375 330.0  30.0
 1.610 1052.5 -90  42  51  -3.125 270.0  30.0
 1.610 1057.5 -90  42  51   3.125 270.0  30.0
 1.610 1065.0 -90  42  51  -3.125 270.0  30.0
 1.610 1077.5 -90  42  51   3.125 270.0  30.0
 1.610 1082.5 -90  42  51  -3.125 270.0  30.0
 1.635  100.0  90  42  66  -3.125   0.0   0.0
 1.635  102.5  90  42  69  -3.125   0.0   0.0
 1.635  105.0  90  42  60   3.125   0.0   0.0
 1.635  107.5  90  42  57  -3.125 330.0  30.0
 1.635  110.0  90  42  54   3.125  30.0  30.0
 1.635  120.0  90  42  51  -3.125 210.0  30.0
 1.635  130.0  90  42  54   3.125 330.0  30.0
 1.635  135.0  90  42  51   3.125 270.0  30.0
 1.635  140.0  90  42  51  -3.125   0.0   0.0
 1.635  142.5  90  42  51  -3.125 330.0  30.0
 1.635  205.0  90  42  60  -3.125   0.0   0.0
 1.635  207.5  90  42  54  -3.125   0.0   0.0
 1.635  210.0  90  42  51   3.125 330.0  30.0
 1.635  222.5  90  42  51  -3.125 270.0  30.0
 1.635  290.0  90  42  66   3.125   0.0   0.0
 1.635  292.5  90  42  66   3.125   0.0   0.0
 1.635  310.0  90  42  57   3.125   0.0   0.0
 1.635  312.5  90  42  51   3.125   0.0   0.0
 1.635  397.5  90  42  51   3.125   0.0   0.0
 1.635  412.5  90  42  51   3.125   0.0   0.0
 1.635  415.0  90  42  51  -3.125   0.0   0.0
 1.635  485.0  90  42  54   3.125   0.0   0.0
 1.635  495.0  90  42  51  -3.125 270.0  30.0
 1.660  100.0  90  42  66   3.125 270.0  30.0
 1.660  102.5  90  42  72   3.125 270.0  30.0
 1.660  105.0  90  42  57   3.125 330.0  30.0
 1.660  107.5  90  42  63  -3.125 330.0  30.0
 1.660  110.0  90  42  60  -3.125   0.0   0.0
 1.660  112.5  90  42  54  -3.125   0.0   0.0
 1.660  120.0  90  42  54   3.125 270.0  30.0
 1.660  122.5  90  42  54   3.125 270.0  30.0
 1.660  130.0  90  42  60   3.125 270.0  30.0
 1.660  132.5  90  42  54   3.125 270.0  30.0
 1.660  137.5  90  42  54  -3.125 270.0  30.0
 1.660  140.0  90  42  54   3.125 270.0  30.0
 1.660  155.0  90  42  51  -3.125 330.0  30.0
 1.660  205.0  90  42  57  -3.125 270.0  30.0
 1.660  207.5  90  42  57  -3.125 270.0  30.0
 1.660  210.0  90  42  57   3.125 270.0  30.0
 1.660  212.5  90  42  51   3.125 270.0  30.0
 1.660  290.0  90  42  66  -3.125 270.0  30.0
 1.660  292.5  90  42  72  -3.125 270.0  30.0
 1.660  295.0  90  42  57   3.125 270.0  30.0
 1.660  307.5  90  42  51   3.125   0.0   0.0
 1.660  310.0  90  42  54   3.125   0.0   0.0
 1.660  315.0  90  42  54  -3.125 270.0  30.0
 1.660  397.5  90  42  51  -3.125   0.0   0.0
 1.660  400.0  90  42  51   3.125 270.0  30.0
 1.660  412.5  90  42  51   3.125   0.0   0.0
 1.660  485.0  90  42  54  -3.125 270.0  30.0
 1.660  487.5  90  42  54   3.125 330.0  30.0
 1.660  492.5  90  42  51   3.125 270.0  30.0
 1.685  100.0  90  42  66   3.125   0.0   0.0
 1.685  102.5  90  42  72  -3.125   0.0   0.0
 1.685  105.0  90  42  60  -3.125   0.0   0.0
 1.685  107.5  90  42  54   3.125  90.0  30.0
 1.685  110.0  90  42  51  -3.125  90.0  30.0
 1.685  112.5  90  42  54  -3.125  30.0  30.0
 1.685  120.0  90  42  54   3.125 210.0  30.0
 1.685  122.5  90  42  51  -3.125 270.0  30.0
 1.685  127.5  90  42  54  -3.125 330.0  30.0
 1.685  130.0  90  42  57  -3.125 330.0  30.0
 1.685  132.5  90  42  51  -3.125 270.0  30.0
 1.685  135.0  90  42  57  -3.125 270.0  30.0
 1.685  137.5  90  42  51  -3.125 330.0  30.0
 1.685  205.0  90  42  54   3.125   0.0   0.0
 1.685  207.5  90  42  54   3.125   0.0   0.0
 1.685  212.5  90  42  51  -3.125 270.0  30.0
 1.685  290.0  90  42  60   3.125   0.0   0.0
 1.685  292.5  90  42  72  -3.125   0.0   0.0
 1.685  295.0  90  42  57  -3.125   0.0   0.0
 1.685  307.5  90  42  51   3.125   0.0   0.0
 1.685  310.0  90  42  54   3.125   0.0   0.0
 1.685  330.0  90  42  51  -3.125 330.0  30.0
 1.685  395.0  90  42  51  -3.125 330.0  30.0
 1.685  400.0  90  42  51  -3.125   0.0   0.0
 1.685  485.0  90  42  51   3.125   0.0   0.0
 1.685  487.5  90  42  54   3.125 330.0  30.0
 1.710  100.0  90  45  69   3.125   0.0   0.0
 1.710  102.5  90  45  72  -3.125 210.0  30.0
 1.710  105.0  90  45  60   3.125   0.0   0.0
 1.710  107.5  90  45  60   3.125   0.0   0.0
 1.710  110.0  90  45  54  -3.125   0.0   0.0
 1.710  120.0  90  45  57  -3.125 270.0  30.0
 1.710  122.5  90  45  57  -3.125 270.0  30.0
 1.710  130.0  90  45  60   3.125 270.0  30.0
 1.710  132.5  90  45  54   3.125 270.0  30.0
 1.710  135.0  90  45  57   3.125 270.0  30.0
 1.710  140.0  90  45  54   3.125   0.0   0.0
 1.710  205.0  90  45  63   3.125   0.0   0.0
 1.710  207.5  90  45  60   3.125   0.0   0.0
 1.710  290.0  90  45  60  -3.125 270.0  30.0
 1.710  292.5  90  45  78  -3.125   0.0   0.0
 1.710  295.0  90  45  69  -3.125 270.0  30.0
 1.710  310.0  90  45  57  -3.125   0.0   0.0
 1.710  315.0  90  45  54  -3.125   0.0   0.0
 1.710  350.0  90  45  54  -3.125   0.0   0.0
 1.710  395.0  90  45  54   3.125 210.0  30.0
 1.710  400.0  90  45  57   3.125   0.0   0.0
 1.710  500.0  90  45  54   3.125 270.0  30.0
 1.735  100.0  90  45  66  -3.125  90.0  30.0
 1.735  102.5  90  45  72  -3.125  90.0  30.0
 1.735  105.0  90  45  69   3.125  90.0  30.0
 1.735  107.5  90  45  63   3.125  90.0  30.0
 1.735  112.5  90  45  57  -3.125  90.0  30.0
 1.735  115.0  90  45  60  -3.125  90.0  30.0
 1.735  117.5  90  45  60  -3.125  30.0  30.0
 1.735  120.0  90  45  54  -3.125  90.0  30.0
 1.735  122.5  90  45  57   3.125 330.0  30.0
 1.735  127.5  90  45  54   3.125   0.0   0.0
 1.735  130.0  90  45  57   3.125   0.0   0.0
 1.735  132.5  90  45  54   3.125 270.0  30.0
 1.735  137.5  90  45  57  -3.125   0.0   0.0
 1.735  140.0  90  45  54  -3.125  90.0  30.0
 1.735  157.5  90  45  54   3.125   0.0   0.0
 1.735  195.0  90  45  54   3.125  30.0  30.0
 1.735  200.0  90  45  54  -3.125  90.0  30.0
 1.735  205.0  90  45  63   3.125  90.0  30.0
 1.735  207.5  90  45  57  -3.125  90.0  30.0
 1.735  210.0  90  45  54   3.125  90.0  30.0
 1.735  212.5  90  45  54   3.125 150.0  30.0
 1.735  290.0  90  45  54  -3.125  90.0  30.0
 1.735  292.5  90  45  78  -3.125  90.0  30.0
 1.735  295.0  90  45  78  -3.125  90.0  30.0
 1.735  310.0  90  45  54  -3.125  90.0  30.0
 1.735  312.5  90  45  54  -3.125  90.0  30.0
 1.735  315.0  90  45  54   3.125  90.0  30.0
 1.735  340.0  90  45  54  -3.125  90.0  30.0
 1.735  347.5  90  45  54   3.125  90.0  30.0
 1.735  400.0  90  45  54  -3.125  90.0  30.0
 1.735  402.5  90  45  54  -3.125  90.0  30.0
 1.735  492.5  90  45  57  -3.125  30.0  30.0
 1.735  500.0  90  45  57   3.125  90.0  30.0
 1.735  505.0  90  45  54  -3.125  90.0  30.0
 1.735  125.0 -90  42  54  -3.125 150.0  30.0
 1.735  135.0 -90  42  51  -3.125 150.0  30.0
 1.735  140.0 -90  42  51  -9.375 150.0  30.0
 1.735  145.0 -90  42  54   9.375  90.0  30.0
 1.735  150.0 -90  42  51   9.375  90.0  30.0
 1.735  167.5 -90  42  54   9.375 150.0  30.0
 1.735  175.0 -90  42  57  -3.125 150.0  30.0
 1.735  177.5 -90  42  51  -9.375  90.0  30.0
 1.735  182.5 -90  42  51  -3.125 150.0  30.0
 1.735  187.5 -90  42  51   9.375 150.0  30.0
 1.735  192.5 -90  42  51   9.375 150.0  30.0
 1.735  205.0 -90  42  54   9.375  90.0  30.0
 1.735  212.5 -90  42  54   9.375 150.0  30.0
 1.735  230.0 -90  42  51  -3.125  90.0  30.0
 1.735  242.5 -90  42  54   3.125 150.0  30.0
 1.735  245.0 -90  42  51  -9.375 150.0  30.0
 1.735  252.5 -90  42  51   3.125 150.0  30.0
 1.735  265.0 -90  42  51   3.125 150.0  30.0
 1.735  272.5 -90  42  54   3.125  90.0  30.0
 1.735  287.5 -90  42  51  -3.125 150.0  30.0
 1.735  292.5 -90  42  51  -3.125  90.0  30.0
 1.735  295.0 -90  42  54  -9.375 150.0  30.0
 1.735  300.0 -90  42  51   3.125 150.0  30.0
 1.735  307.5 -90  42  54  -3.125  90.0  30.0
 1.735  310.0 -90  42  54  -3.125 150.0  30.0
 1.735  317.5 -90  42  51   9.375 150.0  30.0
 1.735  320.0 -90  42  51  -9.375 150.0  30.0
 1.735  342.5 -90  42  51   9.375  90.0  30.0
 1.735  377.5 -90  42  54   9.375  90.0  30.0
 1.735  392.5 -90  42  51   9.375  90.0  30.0
 1.735  407.5 -90  42  51   3.125 150.0  30.0
 1.735  410.0 -90  42  51   3.125 150.0  30.0
 1.735  475.0 -90  42  51  -3.125 150.0  30.0
 1.735  497.5 -90  42  51  -3.125 150.0  30.0
 1.735  875.0 -90  42  51  -9.375 150.0  30.0
 1.735  885.0 -90  42  54   9.375 150.0  30.0
 1.735  902.5 -90  42  51   9.375  90.0  30.0
 1.735  912.5 -90  42  51  -3.125  90.0  30.0
 1.735  915.0 -90  42  51   3.125 150.0  30.0
 1.735  927.5 -90  42  51  -3.125 150.0  30.0
 1.735 1052.5 -90  42  51  -3.125  90.0  30.0
 1.760  100.0  90  48  63   3.125   0.0   0.0
 1.760  102.5  90  48  66  -3.125   0.0   0.0
 1.760  105.0  90  48  69   3.125   0.0   0.0
 1.760  107.5  90  48  60   3.125 270.0  30.0
 1.760  110.0  90  48  63  -3.125   0.0   0.0
 1.760  112.5  90  48  63  -3.125   0.0   0.0
 1.760  117.5  90  48  60   3.125   0.0   0.0
 1.760  120.0  90  48  63   3.125 270.0  30.0
 1.760  122.5  90  48  63   3.125 270.0  30.0
 1.760  125.0  90  48  57   3.125 270.0  30.0
 1.760  130.0  90  48  57   3.125 270.0  30.0
 1.760  132.5  90  48  57   3.125 210.0  30.0
 1.760  205.0  90  48  63  -3.125   0.0   0.0
 1.760  292.5  90  48  75  -3.125   0.0   0.0
 1.760  295.0  90  48  78   3.125   0.0   0.0
 1.760  297.5  90  48  63   3.125   0.0   0.0
 1.760  357.5  90  48  57   3.125 150.0  30.0
 1.760  390.0  90  48  57  -9.375 150.0  30.0
 1.760  397.5  90  48  63   3.125 150.0  30.0
 1.760  400.0  90  48  57   9.375 150.0  30.0
 1.760  402.5  90  48  60   3.125 150.0  30.0
 1.760  407.5  90  48  63  -3.125 150.0  30.0
 1.760  415.0  90  48  57  -9.375 150.0  30.0
 1.760  422.5  90  48  60  -3.125 150.0  30.0
 1.760  430.0  90  48  57   3.125 150.0  30.0
 1.760  432.5  90  48  60  -9.375 150.0  30.0
 1.760  435.0  90  48  60   9.375 150.0  30.0
 1.760  437.5  90  48  63  -3.125 150.0  30.0
 1.760  440.0  90  48  57   9.375 150.0  30.0
 1.760  447.5  90  48  60   3.125 150.0  30.0
 1.760  450.0  90  48  60   3.125 150.0  30.0
 1.760  452.5  90  48  63  -3.125 150.0  30.0
 1.760  460.0  90  48  60   9.375 150.0  30.0
 1.760  462.5  90  48  57  -3.125 150.0  30.0
 1.760  467.5  90  48  60   9.375 150.0  30.0
 1.760  475.0  90  48  60   9.375 150.0  30.0
 1.760  477.5  90  48  60   3.125 150.0  30.0
 1.760  480.0  90  48  60   3.125 150.0  30.0
 1.760  482.5  90  48  57  -9.375 150.0  30.0
 1.760  487.5  90  48  63   3.125 150.0  30.0
 1.760  490.0  90  48  63   3.125 150.0  30.0
 1.760  492.5  90  48  57  -9.375 150.0  30.0
 1.760  495.0  90  48  57  -9.375 150.0  30.0
 1.760  497.5  90  48  60   9.375 150.0  30.0
 1.760  500.0  90  48  63   9.375 150.0  30.0
 1.760  502.5  90  48  63   3.125 150.0  30.0
 1.760  507.5  90  48  60   3.125 150.0  30.0
 1.760  510.0  90  48  63   3.125 150.0  30.0
 1.760  515.0  90  48  57   3.125 150.0  30.0
 1.760  517.5  90  48  57  -9.375 150.0  30.0
 1.760  522.5  90  48  60   3.125 150.0  30.0
 1.760  525.0  90  48  57   3.125 150.0  30.0
 1.760  527.5  90  48  57   3.125 150.0  30.0
 1.760  530.0  90  48  60   3.125 150.0  30.0
 1.760  532.5  90  48  57  -9.375 150.0  30.0
 1.760  535.0  90  48  57   9.375 150.0  30.0
 1.760  537.5  90  48  57  -9.375 150.0  30.0
 1.760  545.0  90  48  57   9.375 150.0  30.0
 1.760  562.5  90  48  57  -3.125 150.0  30.0
 1.760  580.0  90  48  57   3.125 150.0  30.0
 1.760  582.5  90  48  57   9.375 150.0  30.0
 1.760  592.5  90  48  57   3.125 150.0  30.0
 1.760  605.0  90  48  57  -9.375 150.0  30.0
 1.785  100.0  90  42  54  -3.125   0.0   0.0
 1.785  102.5  90  42  57   3.125   0.0   0.0
 1.785  105.0  90  42  60   3.125 330.0  30.0
 1.785  107.5  90  42  63   3.125   0.0   0.0
 1.785  110.0  90  42  66   3.125   0.0   0.0
 1.785  112.5  90  42  57   3.125 150.0  30.0
 1.785  115.0  90  42  60   3.125  30.0  30.0
 1.785  117.5  90  42  54   3.125  90.0  30.0
 1.785  120.0  90  42  63   3.125 330.0  30.0
 1.785  122.5  90  42  60  -3.125 270.0  30.0
 1.785  125.0  90  42  60   3.125 330.0  30.0
 1.785  127.5  90  42  54   3.125 330.0  30.0
 1.785  130.0  90  42  51   3.125 270.0  30.0
 1.785  135.0  90  42  57   3.125 330.0  30.0
 1.785  137.5  90  42  57   3.125 330.0  30.0
 1.785  142.5  90  42  51   3.125 330.0  30.0
 1.785  147.5  90  42  51  -3.125 270.0  30.0
 1.785  150.0  90  42  51   3.125 270.0  30.0
 1.785  155.0  90  42  51   3.125 270.0  30.0
 1.785  157.5  90  42  51   3.125 330.0  30.0
 1.785  167.5  90  42  51  -3.125 150.0  30.0
 1.785  175.0  90  42  51   3.125   0.0   0.0
 1.785  205.0  90  42  63  -3.125   0.0   0.0
 1.785  207.5  90  42  57   3.125   0.0   0.0
 1.785  210.0  90  42  51   3.125   0.0   0.0
 1.785  212.5  90  42  54  -3.125 330.0  30.0
 1.785  220.0  90  42  51   3.125 330.0  30.0
 1.785  222.5  90  42  51  -3.125 270.0  30.0
 1.785  292.5  90  42  69  -3.125   0.0   0.0
 1.785  295.0  90  42  78  -3.125   0.0   0.0
 1.785  297.5  90  42  66  -3.125   0.0   0.0
 1.785  300.0  90  42  54   3.125   0.0   0.0
 1.785  307.5  90  42  54   3.125   0.0   0.0
 1.785  312.5  90  42  51  -3.125  90.0  30.0
 1.785  320.0  90  42  51  -3.125   0.0   0.0
 1.785  330.0  90  42  51  -3.125 270.0  30.0
 1.785  335.0  90  42  51  -3.125   0.0   0.0
 1.785  347.5  90  42  51  -3.125   0.0   0.0
 1.785  350.0  90  42  51   3.125  90.0  30.0
 1.785  397.5  90  42  57  -3.125   0.0   0.0
 1.785  400.0  90  42  57  -3.125   0.0   0.0
 1.785  402.5  90  42  54  -3.125   0.0   0.0
 1.785  422.5  90  42  51   3.125   0.0   0.0
 1.785  425.0  90  42  51  -3.125   0.0   0.0
 1.785  490.0  90  42  54   3.125   0.0   0.0
 1.785  497.5  90  42  54   3.125   0.0   0.0
 1.785  500.0  90  42  54   3.125   0.0   0.0
 1.785  502.5  90  42  54   3.125 270.0  30.0
 1.785  505.0  90  42  51   3.125 270.0  30.0
 1.785  510.0  90  42  51  -3.125   0.0   0.0
 1.785  532.5  90  42  51   3.125 330.0  30.0
 1.785  595.0  90  42  51  -3.125   0.0   0.0
 1.785  597.5  90  42  51   3.125   0.0   0.0
 1.785  600.0  90  42  51  -3.125 270.0  30.0
 1.785  812.5  90  42  51  -3.125   0.0   0.0
 1.785 1097.5  90  42  51   3.125   0.0   0.0
 1.785  110.0 -90  39  51  -3.125   0.0   0.0
 1.810  105.0  90  45  60  -3.125   0.0   0.0
 1.810  107.5  90  45  66   3.125   0.0   0.0
 1.810  110.0  90  45  57   3.125   0.0   0.0
 1.810  112.5  90  45  57  -3.125   0.0   0.0
 1.810  120.0  90  45  54  -3.125 270.0  30.0
 1.810  122.5  90  45  54  -3.125 270.0  30.0
 1.810  127.5  90  45  54   3.125  30.0  30.0
 1.810  130.0  90  45  57  -3.125 330.0  30.0
 1.810  132.5  90  45  54  -3.125 270.0  30.0
 1.810  137.5  90  45  54   3.125 330.0  30.0
 1.810  160.0  90  45  54   3.125 270.0  30.0
 1.810  165.0  90  45  54  -3.125 330.0  30.0
 1.810  205.0  90  45  63   3.125   0.0   0.0
 1.810  207.5  90  45  57  -3.125   0.0   0.0
 1.810  220.0  90  45  54   3.125   0.0   0.0
 1.810  292.5  90  45  63   3.125   0.0   0.0
 1.810  295.0  90  45  72  -3.125   0.0   0.0
 1.810  297.5  90  45  66  -3.125   0.0   0.0
 1.810  307.5  90  45  54   3.125   0.0   0.0
 1.810  400.0  90  45  57   3.125   0.0   0.0
 1.810  402.5  90  45  54   3.125  90.0  30.0
 1.810  492.5  90  45  57  -3.125   0.0   0.0
 1.810  497.5  90  45  57   3.125   0.0   0.0
 1.810  500.0  90  45  54   3.125   0.0   0.0
 1.810  502.5  90  45  57   3.125   0.0   0.0
 1.810  537.5  90  45  54   3.125 330.0  30.0
 1.810  107.5 -90  39  48  -3.125   0.0   0.0
 1.810  110.0 -90  39  48  -3.125   0.0   0.0
 1.835  100.0  90  42  51  -3.125  90.0  30.0
 1.835  105.0  90  42  51  -3.125 150.0  30.0
 1.835  107.5  90  42  66   3.125  30.0  30.0
 1.835  110.0  90  42  66  -3.125  30.0  30.0
 1.835  112.5  90  42  60  -3.125   0.0   0.0
 1.835  115.0  90  42  54   3.125 330.0  30.0
 1.835  117.5  90  42  51   3.125 330.0  30.0
 1.835  120.0  90  42  57   3.125 330.0  30.0
 1.835  122.5  90  42  60   3.125 330.0  30.0
 1.835  125.0  90  42  51  -3.125 330.0  30.0
 1.835  127.5  90  42  57   3.125 330.0  30.0
 1.835  132.5  90  42  51  -3.125  30.0  30.0
 1.835  135.0  90  42  54   3.125 270.0  30.0
 1.835  137.5  90  42  60   3.125 330.0  30.0
 1.835  140.0  90  42  57   3.125  30.0  30.0
 1.835  142.5  90  42  57  -3.125 330.0  30.0
 1.835  145.0  90  42  54  -3.125  90.0  30.0
 1.835  152.5  90  42  51  -3.125 330.0  30.0
 1.835  165.0  90  42  51   3.125 330.0  30.0
 1.835  205.0  90  42  57  -3.125   0.0   0.0
 1.835  207.5  90  42  51  -3.125   0.0   0.0
 1.835  210.0  90  42  51  -3.125  30.0  30.0
 1.835  212.5  90  42  54   3.125  30.0  30.0
 1.835  292.5  90  42  54  -3.125   0.0   0.0
 1.835  295.0  90  42  66  -3.125  30.0  30.0
 1.835  297.5  90  42  60  -3.125  30.0  30.0
 1.835  300.0  90  42  51  -3.125  30.0  30.0
 1.835  307.5  90  42  51  -3.125  90.0  30.0
 1.835  312.5  90  42  51  -3.125   0.0   0.0
 1.835  315.0  90  42  57   3.125  30.0  30.0
 1.835  317.5  90  42  51   3.125  90.0  30.0
 1.835  325.0  90  42  51  -3.125  30.0  30.0
 1.835  345.0  90  42  51  -3.125  30.0  30.0
 1.835  347.5  90  42  51  -3.125 330.0  30.0
 1.835  352.5  90  42  51   3.125  30.0  30.0
 1.835  355.0  90  42  51  -3.125  30.0  30.0
 1.835  400.0  90  42  60  -3.125  30.0  30.0
 1.835  402.5  90  42  57   3.125  30.0  30.0
 1.835  492.5  90  42  60   3.125  30.0  30.0
 1.835  495.0  90  42  57  -3.125  30.0  30.0
 1.835  497.5  90  42  54   3.125  30.0  30.0
 1.835  500.0  90  42  51  -3.125   0.0   0.0
 1.835  502.5  90  42  54   3.125 330.0  30.0
 1.835  505.0  90  42  54   3.125 330.0  30.0
 1.835  507.5  90  42  54  -3.125   0.0   0.0
 1.835  510.0  90  42  54   3.125 330.0  30.0
 1.835  595.0  90  42  54   3.125  30.0  30.0
 1.835  690.0  90  42  51  -3.125   0.0   0.0
 1.835  107.5 -90  39  54   3.125   0.0   0.0
 1.835  110.0 -90  39  51  -3.125  30.0  30.0
 1.835  112.5 -90  39  48  -3.125  90.0  30.0
 1.835  115.0 -90  39  48   3.125  30.0  30.0
 1.860  100.0  90  45  57   3.125   0.0   0.0
 1.860  102.5  90  45  63   3.125   0.0   0.0
 1.860  105.0  90  45  63   3.125   0.0   0.0
 1.860  107.5  90  45  57   3.125   0.0   0.0
 1.860  110.0  90  45  60  -3.125  30.0  30.0
 1.860  112.5  90  45  57   3.125 150.0  30.0
 1.860  115.0  90  45  57   3.125 270.0  30.0
 1.860  120.0  90  45  63   3.125 330.0  30.0
 1.860  122.5  90  45  57   3.125 330.0  30.0
 1.860  125.0  90  45  63   3.125 330.0  30.0
 1.860  127.5  90  45  60   3.125 330.0  30.0
 1.860  137.5  90  45  57   3.125 330.0  30.0
 1.860  142.5  90  45  57   3.125 270.0  30.0
 1.860  145.0  90  45  54   3.125  90.0  30.0
 1.860  295.0  90  45  66   3.125   0.0   0.0
 1.860  297.5  90  45  66  -3.125   0.0   0.0
 1.860  300.0  90  45  54   3.125 330.0  30.0
 1.860  302.5  90  45  54   3.125   0.0   0.0
 1.860  312.5  90  45  54   3.125   0.0   0.0
 1.860  315.0  90  45  54  -3.125   0.0   0.0
 1.860  317.5  90  45  54  -3.125   0.0   0.0
 1.860  320.0  90  45  54  -3.125 150.0  30.0
 1.860  322.5  90  45  54  -3.125   0.0   0.0
 1.860  340.0  90  45  54  -3.125   0.0   0.0
 1.860  342.5  90  45  54  -3.125   0.0   0.0
 1.860  352.5  90  45  54  -3.125   0.0   0.0
 1.860  400.0  90  45  57  -3.125   0.0   0.0
 1.860  402.5  90  45  54  -3.125   0.0   0.0
 1.860  405.0  90  45  57  -3.125   0.0   0.0
 1.860  492.5  90  45  57  -3.125   0.0   0.0
 1.860  495.0  90  45  57  -3.125   0.0   0.0
 1.860  497.5  90  45  60  -3.125   0.0   0.0
 1.860  500.0  90  45  57   3.125   0.0   0.0
 1.860  502.5  90  45  54   3.125   0.0   0.0
 1.860  505.0  90  45  54  -3.125 270.0  30.0
 1.860  507.5  90  45  57   3.125   0.0   0.0
 1.860  595.0  90  45  54   3.125   0.0   0.0
 1.860  687.5  90  45  54  -3.125   0.0   0.0
 1.860  105.0 -90  39  48  -3.125   0.0   0.0
 1.860  107.5 -90  39  54   3.125   0.0   0.0
 1.860  112.5 -90  39  51   3.125  30.0  30.0
 1.860  115.0 -90  39  54   3.125  30.0  30.0
 1.860  117.5 -90  39  51   3.125  90.0  30.0
 1.885  100.0  90  42  60  -3.125   0.0   0.0
 1.885  102.5  90  42  66   3.125   0.0   0.0
 1.885  105.0  90  42  60  -3.125  30.0  30.0
 1.885  107.5  90  42  60   3.125   0.0   0.0
 1.885  110.0  90  42  63  -3.125   0.0   0.0
 1.885  112.5  90  42  60  -3.125   0.0   0.0
 1.885  115.0  90  42  54  -3.125 270.0  30.0
 1.885  117.5  90  42  57   3.125 270.0  30.0
 1.885  120.0  90  42  63   3.125 330.0  30.0
 1.885  122.5  90  42  66   3.125 330.0  30.0
 1.885  125.0  90  42  60  -3.125 330.0  30.0
 1.885  127.5  90  42  54   3.125 270.0  30.0
 1.885  132.5  90  42  51   3.125 270.0  30.0
 1.885  135.0  90  42  51   3.125 330.0  30.0
 1.885  137.5  90  42  57  -3.125 330.0  30.0
 1.885  140.0  90  42  51   3.125 330.0  30.0
 1.885  142.5  90  42  51   3.125   0.0   0.0
 1.885  145.0  90  42  54   3.125  90.0  30.0
 1.885  157.5  90  42  51  -3.125 330.0  30.0
 1.885  165.0  90  42  51  -3.125   0.0   0.0
 1.885  205.0  90  42  54  -3.125   0.0   0.0
 1.885  215.0  90  42  51   3.125   0.0   0.0
 1.885  295.0  90  42  66   3.125   0.0   0.0
 1.885  297.5  90  42  69   3.125   0.0   0.0
 1.885  300.0  90  42  54   3.125   0.0   0.0
 1.885  302.5  90  42  51  -3.125   0.0   0.0
 1.885  312.5  90  42  51   3.125 150.0  30.0
 1.885  325.0  90  42  54   3.125   0.0   0.0
 1.885  327.5  90  42  51   3.125 330.0  30.0
 1.885  330.0  90  42  54   3.125   0.0   0.0
 1.885  332.5  90  42  51  -3.125   0.0   0.0
 1.885  342.5  90  42  51   3.125   0.0   0.0
 1.885  352.5  90  42  51  -3.125   0.0   0.0
 1.885  355.0  90  42  51   3.125   0.0   0.0
 1.885  367.5  90  42  54   3.125  90.0  30.0
 1.885  370.0  90  42  51  -3.125   0.0   0.0
 1.885  400.0  90  42  57   3.125   0.0   0.0
 1.885  402.5  90  42  51  -3.125   0.0   0.0
 1.885  405.0  90  42  60  -3.125   0.0   0.0
 1.885  447.5  90  42  51   3.125   0.0   0.0
 1.885  492.5  90  42  51   3.125   0.0   0.0
 1.885  495.0  90  42  60   3.125   0.0   0.0
 1.885  497.5  90  42  63  -3.125   0.0   0.0
 1.885  500.0  90  42  54  -3.125   0.0   0.0
 1.885  502.5  90  42  57   3.125   0.0   0.0
 1.885  505.0  90  42  54  -3.125 330.0  30.0
 1.885  507.5  90  42  54   3.125 330.0  30.0
 1.885  517.5  90  42  51   3.125   0.0   0.0
 1.885  520.0  90  42  51  -3.125 270.0  30.0
 1.885  690.0  90  42  51  -3.125   0.0   0.0
 1.885  722.5  90  42  51  -3.125 210.0  30.0
 1.885  105.0 -90  39  54   3.125   0.0   0.0
 1.885  107.5 -90  39  54   3.125   0.0   0.0
 1.885  110.0 -90  39  48  -3.125  90.0  30.0
 1.885  112.5 -90  39  48  -3.125  30.0  30.0
 1.885  115.0 -90  39  54  -3.125  30.0  30.0
 1.885  117.5 -90  39  51   3.125  90.0  30.0
 1.910  100.0  90  42  60  -3.125   0.0   0.0
 1.910  102.5  90  42  66   3.125   0.0   0.0
 1.910  105.0  90  42  57  -3.125 330.0  30.0
 1.910  107.5  90  42  66  -3.125  30.0  30.0
 1.910  110.0  90  42  54  -3.125 210.0  30.0
 1.910  112.5  90  42  60  -3.125   0.0   0.0
 1.910  115.0  90  42  57  -3.125  30.0  30.0
 1.910  117.5  90  42  60  -3.125 330.0  30.0
 1.910  120.0  90  42  63   3.125 330.0  30.0
 1.910  122.5  90  42  63   3.125 330.0  30.0
 1.910  125.0  90  42  54   3.125 330.0  30.0
 1.910  130.0  90  42  57   3.125 330.0  30.0
 1.910  132.5  90  42  60   3.125 330.0  30.0
 1.910  137.5  90  42  60   3.125 270.0  30.0
 1.910  140.0  90  42  57   3.125 270.0  30.0
 1.910  145.0  90  42  54   3.125   0.0   0.0
 1.910  147.5  90  42  51   3.125  90.0  30.0
 1.910  157.5  90  42  51   3.125 270.0  30.0
 1.910  185.0  90  42  51  -3.125 330.0  30.0
 1.910  205.0  90  42  57   3.125   0.0   0.0
 1.910  207.5  90  42  54   3.125   0.0   0.0
 1.910  217.5  90  42  51  -3.125  30.0  30.0
 1.910  225.0  90  42  51  -3.125  30.0  30.0
 1.910  260.0  90  42  51   3.125  30.0  30.0
 1.910  295.0  90  42  60  -3.125 330.0  30.0
 1.910  297.5  90  42  69  -3.125 330.0  30.0
 1.910  300.0  90  42  60   3.125 330.0  30.0
 1.910  302.5  90  42  54  -3.125 330.0  30.0
 1.910  327.5  90  42  51   3.125 330.0  30.0
 1.910  340.0  90  42  54   3.125  30.0  30.0
 1.910  345.0  90  42  51  -3.125 150.0  30.0
 1.910  365.0  90  42  51   3.125  90.0  30.0
 1.910  367.5  90  42  54  -3.125   0.0   0.0
 1.910  370.0  90  42  51  -3.125   0.0   0.0
 1.910  402.5  90  42  54   3.125 330.0  30.0
 1.910  405.0  90  42  57   3.125  30.0  30.0
 1.910  407.5  90  42  54   3.125 330.0  30.0
 1.910  492.5  90  42  51   3.125  30.0  30.0
 1.910  495.0  90  42  63  -3.125   0.0   0.0
 1.910  497.5  90  42  63  -3.125  30.0  30.0
 1.910  500.0  90  42  51   3.125 330.0  30.0
 1.910  502.5  90  42  54  -3.125 330.0  30.0
 1.910  505.0  90  42  51   3.125 330.0  30.0
 1.910  510.0  90  42  57  -3.125 330.0  30.0
 1.910  515.0  90  42  51   3.125 330.0  30.0
 1.910  525.0  90  42  54   3.125 330.0  30.0
 1.910  532.5  90  42  51  -3.125 330.0  30.0
 1.910  535.0  90  42  54  -3.125 330.0  30.0
 1.910  537.5  90  42  54  -3.125 330.0  30.0
 1.910  540.0  90  42  51   3.125 330.0  30.0
 1.910  597.5  90  42  51   3.125   0.0   0.0
 1.910  600.0  90  42  51   3.125   0.0   0.0
 1.910  602.5  90  42  51   3.125  30.0  30.0
 1.910  610.0  90  42  54   3.125 330.0  30.0
 1.910  612.5  90  42  51  -3.125   0.0   0.0
 1.910  722.5  90  42  51  -3.125   0.0   0.0
 1.910  810.0  90  42  51  -3.125 330.0  30.0
 1.910  102.5 -90  39  48  -3.125 330.0  30.0
 1.910  105.0 -90  39  60   3.125   0.0   0.0
 1.910  107.5 -90  39  54   3.125  30.0  30.0
 1.910  112.5 -90  39  54  -3.125  30.0  30.0
 1.910  115.0 -90  39  51   3.125  30.0  30.0
 1.935  100.0  90  42  60  -3.125   0.0   0.0
 1.935  102.5  90  42  66  -3.125   0.0   0.0
 1.935  105.0  90  42  51   3.125 270.0  30.0
 1.935  107.5  90  42  60  -3.125  30.0  30.0
 1.935  110.0  90  42  54   3.125  90.0  30.0
 1.935  112.5  90  42  57  -3.125 210.0  30.0
 1.935  115.0  90  42  57  -3.125  30.0  30.0
 1.935  117.5  90  42  51   3.125  90.0  30.0
 1.935  120.0  90  42  54   3.125   0.0   0.0
 1.935  122.5  90  42  51   3.125 330.0  30.0
 1.935  125.0  90  42  60   3.125 330.0  30.0
 1.935  130.0  90  42  54   3.125 330.0  30.0
 1.935  132.5  90  42  54   3.125 270.0  30.0
 1.935  135.0  90  42  54   3.125 330.0  30.0
 1.935  137.5  90  42  60   3.125 330.0  30.0
 1.935  140.0  90  42  51   3.125 270.0  30.0
 1.935  142.5  90  42  57   3.125 270.0  30.0
 1.935  147.5  90  42  51  -3.125 270.0  30.0
 1.935  172.5  90  42  51  -3.125 150.0  30.0
 1.935  205.0  90  42  57   3.125   0.0   0.0
 1.935  212.5  90  42  51   3.125  90.0  30.0
 1.935  295.0  90  42  51  -3.125   0.0   0.0
 1.935  297.5  90  42  66  -3.125   0.0   0.0
 1.935  300.0  90  42  51  -3.125   0.0   0.0
 1.935  302.5  90  42  51  -3.125 330.0  30.0
 1.935  340.0  90  42  51  -3.125   0.0   0.0
 1.935  342.5  90  42  51   3.125  90.0  30.0
 1.935  345.0  90  42  51  -3.125 150.0  30.0
 1.935  365.0  90  42  51  -3.125  90.0  30.0
 1.935  367.5  90  42  51   3.125  90.0  30.0
 1.935  402.5  90  42  54   3.125   0.0   0.0
 1.935  405.0  90  42  57  -3.125   0.0   0.0
 1.935  407.5  90  42  54  -3.125   0.0   0.0
 1.935  495.0  90  42  60  -3.125   0.0   0.0
 1.935  497.5  90  42  60   3.125 270.0  30.0
 1.935  500.0  90  42  60  -3.125  30.0  30.0
 1.935  502.5  90  42  57   3.125   0.0   0.0
 1.935  505.0  90  42  54  -3.125   0.0   0.0
 1.935  507.5  90  42  57  -3.125   0.0   0.0
 1.935  510.0  90  42  51   3.125   0.0   0.0
 1.935  512.5  90  42  51   3.125   0.0   0.0
 1.935  517.5  90  42  54  -3.125   0.0   0.0
 1.935  532.5  90  42  54   3.125   0.0   0.0
 1.935  535.0  90  42  57   3.125 330.0  30.0
 1.935  537.5  90  42  51   3.125  30.0  30.0
 1.935  600.0  90  42  54   3.125   0.0   0.0
 1.935  602.5  90  42  51   3.125   0.0   0.0
 1.935  702.5  90  42  51   3.125  30.0  30.0
 1.935  705.0  90  42  51   3.125   0.0   0.0
 1.935  102.5 -90  39  51  -3.125   0.0   0.0
 1.935  105.0 -90  39  63   3.125   0.0   0.0
 1.935  107.5 -90  39  54   3.125   0.0   0.0
 1.935  110.0 -90  39  51   3.125 330.0  30.0
 1.935  112.5 -90  39  54   3.125   0.0   0.0
 1.935  117.5 -90  39  48   3.125   0.0   0.0
 1.935  125.0 -90  39  48  -3.125 330.0  30.0
 1.935  127.5 -90  39  48  -3.125  30.0  30.0
 1.935  132.5 -90  39  48  -3.125 270.0  30.0
 1.935  215.0 -90  39  48   3.125   0.0   0.0
 1.960  100.0  90  42  60   3.125   0.0   0.0
 1.960  102.5  90  42  60   3.125   0.0   0.0
 1.960  105.0  90  42  57  -3.125  30.0  30.0
 1.960  107.5  90  42  60   3.125   0.0   0.0
 1.960  110.0  90  42  57   3.125   0.0   0.0
 1.960  112.5  90  42  60   3.125  30.0  30.0
 1.960  115.0  90  42  54   3.125  30.0  30.0
 1.960  117.5  90  42  54   3.125 330.0  30.0
 1.960  120.0  90  42  63   3.125 330.0  30.0
 1.960  122.5  90  42  60   3.125 330.0  30.0
 1.960  125.0  90  42  57   3.125 330.0  30.0
 1.960  130.0  90  42  51   3.125  30.0  30.0
 1.960  132.5  90  42  54  -3.125 330.0  30.0
 1.960  135.0  90  42  60  -3.125 330.0  30.0
 1.960  137.5  90  42  60   3.125 330.0  30.0
 1.960  140.0  90  42  60  -3.125 270.0  30.0
 1.960  142.5  90  42  57  -3.125 270.0  30.0
 1.960  147.5  90  42  51   3.125 270.0  30.0
 1.960  150.0  90  42  51   3.125 330.0  30.0
 1.960  152.5  90  42  51   3.125 330.0  30.0
 1.960  157.5  90  42  51  -3.125 330.0  30.0
 1.960  172.5  90  42  51  -3.125 150.0  30.0
 1.960  205.0  90  42  54   3.125   0.0   0.0
 1.960  207.5  90  42  54   3.125   0.0   0.0
 1.960  210.0  90  42  51   3.125  30.0  30.0
 1.960  215.0  90  42  51   3.125  90.0  30.0
 1.960  217.5  90  42  51   3.125   0.0   0.0
 1.960  222.5  90  42  51   3.125   0.0   0.0
 1.960  225.0  90  42  51   3.125   0.0   0.0
 1.960  240.0  90  42  51   3.125 330.0  30.0
 1.960  297.5  90  42  66  -3.125   0.0   0.0
 1.960  300.0  90  42  66   3.125   0.0   0.0
 1.960  302.5  90  42  51  -3.125   0.0   0.0
 1.960  307.5  90  42  51   3.125   0.0   0.0
 1.960  312.5  90  42  51  -3.125   0.0   0.0
 1.960  322.5  90  42  51  -3.125   0.0   0.0
 1.960  327.5  90  42  51  -3.125 270.0  30.0
 1.960  337.5  90  42  54   3.125   0.0   0.0
 1.960  340.0  90  42  51   3.125 150.0  30.0
 1.960  350.0  90  42  51  -3.125   0.0   0.0
 1.960  402.5  90  42  51   3.125   0.0   0.0
 1.960  405.0  90  42  60   3.125   0.0   0.0
 1.960  407.5  90  42  57  -3.125   0.0   0.0
 1.960  495.0  90  42  51   3.125   0.0   0.0
 1.960  497.5  90  42  66  -3.125   0.0   0.0
 1.960  500.0  90  42  69  -3.125   0.0   0.0
 1.960  502.5  90  42  57  -3.125   0.0   0.0
 1.960  505.0  90  42  54  -3.125   0.0   0.0
 1.960  507.5  90  42  51  -3.125  30.0  30.0
 1.960  510.0  90  42  60  -3.125   0.0   0.0
 1.960  515.0  90  42  51   3.125   0.0   0.0
 1.960  520.0  90  42  54   3.125 330.0  30.0
 1.960  522.5  90  42  57   3.125 330.0  30.0
 1.960  525.0  90  42  51  -3.125 270.0  30.0
 1.960  527.5  90  42  51  -3.125 330.0  30.0
 1.960  537.5  90  42  51  -3.125 330.0  30.0
 1.960  542.5  90  42  51   3.125 330.0  30.0
 1.960  545.0  90  42  51   3.125  30.0  30.0
 1.960  602.5  90  42  54   3.125   0.0   0.0
 1.960  612.5  90  42  51  -3.125 210.0  30.0
 1.960  695.0  90  42  51   3.125   0.0   0.0
 1.960  697.5  90  42  51   3.125 330.0  30.0
 1.960  700.0  90  42  51   3.125 330.0  30.0
 1.960  102.5 -90  39  57   3.125   0.0   0.0
 1.960  105.0 -90  39  60  -3.125   0.0   0.0
 1.960  107.5 -90  39  54   3.125   0.0   0.0
 1.960  110.0 -90  39  48   3.125 150.0  30.0
 1.960  112.5 -90  39  48   3.125   0.0   0.0
 1.960  115.0 -90  39  51   3.125  30.0  30.0
 1.960  120.0 -90  39  48   3.125 270.0  30.0
 1.960  122.5 -90  39  48   3.125 210.0  30.0
 1.960  125.0 -90  39  48  -3.125 270.0  30.0
 1.960  135.0 -90  39  48   3.125 330.0  30.0
 1.960  145.0 -90  39  48   3.125  30.0  30.0
 1.985   97.5  90  42  51   3.125   0.0   0.0
 1.985  100.0  90  42  54  -3.125 150.0  30.0
 1.985  102.5  90  42  60  -3.125 150.0  30.0
 1.985  105.0  90  42  60  -3.125   0.0   0.0
 1.985  107.5  90  42  63   3.125   0.0   0.0
 1.985  110.0  90  42  60   3.125   0.0   0.0
 1.985  112.5  90  42  60   3.125  90.0  30.0
 1.985  115.0  90  42  54   3.125  90.0  30.0
 1.985  117.5  90  42  60   3.125   0.0   0.0
 1.985  120.0  90  42  63   3.125 270.0  30.0
 1.985  122.5  90  42  60   3.125 330.0  30.0
 1.985  127.5  90  42  54   3.125   0.0   0.0
 1.985  130.0  90  42  57   3.125 330.0  30.0
 1.985  132.5  90  42  51   3.125 270.0  30.0
 1.985  135.0  90  42  54   3.125 270.0  30.0
 1.985  137.5  90  42  51   3.125 330.0  30.0
 1.985  140.0  90  42  57  -3.125 150.0  30.0
 1.985  142.5  90  42  57   3.125 270.0  30.0
 1.985  145.0  90  42  54   3.125 210.0  30.0
 1.985  152.5  90  42  51   3.125 270.0  30.0
 1.985  160.0  90  42  51  -3.125 270.0  30.0
 1.985  172.5  90  42  51   3.125 150.0  30.0
 1.985  207.5  90  42  51   3.125 150.0  30.0
 1.985  212.5  90  42  51  -3.125  90.0  30.0
 1.985  215.0  90  42  51  -3.125  90.0  30.0
 1.985  217.5  90  42  51   3.125   0.0   0.0
 1.985  232.5  90  42  51  -3.125 270.0  30.0
 1.985  295.0  90  42  51  -3.125  90.0  30.0
 1.985  297.5  90  42  63  -3.125   0.0   0.0
 1.985  300.0  90  42  69  -3.125   0.0   0.0
 1.985  302.5  90  42  51  -3.125 270.0  30.0
 1.985  305.0  90  42  51   3.125 270.0  30.0
 1.985  307.5  90  42  51  -3.125   0.0   0.0
 1.985  310.0  90  42  57  -3.125   0.0   0.0
 1.985  312.5  90  42  51  -3.125   0.0   0.0
 1.985  315.0  90  42  51  -3.125   0.0   0.0
 1.985  322.5  90  42  51   3.125   0.0   0.0
 1.985  337.5  90  42  51  -3.125   0.0   0.0
 1.985  340.0  90  42  51   3.125 270.0  30.0
 1.985  345.0  90  42  51  -3.125 210.0  30.0
 1.985  350.0  90  42  51  -3.125 150.0  30.0
 1.985  352.5  90  42  51  -3.125  90.0  30.0
 1.985  362.5  90  42  51  -3.125   0.0   0.0
 1.985  402.5  90  42  51   3.125 150.0  30.0
 1.985  405.0  90  42  51  -3.125   0.0   0.0
 1.985  407.5  90  42  57  -3.125   0.0   0.0
 1.985  445.0  90  42  51  -3.125 210.0  30.0
 1.985  497.5  90  42  60  -3.125   0.0   0.0
 1.985  500.0  90  42  63  -3.125   0.0   0.0
 1.985  502.5  90  42  63  -3.125   0.0   0.0
 1.985  505.0  90  42  51  -3.125   0.0   0.0
 1.985  507.5  90  42  54  -3.125   0.0   0.0
 1.985  510.0  90  42  51  -3.125  90.0  30.0
 1.985  512.5  90  42  51   3.125 270.0  30.0
 1.985  520.0  90  42  51  -3.125 270.0  30.0
 1.985  522.5  90  42  54  -3.125   0.0   0.0
 1.985  535.0  90  42  51   3.125 210.0  30.0
 1.985  537.5  90  42  54   3.125   0.0   0.0
 1.985  540.0  90  42  51  -3.125 330.0  30.0
 1.985  542.5  90  42  54  -3.125 270.0  30.0
 1.985  602.5  90  42  54   3.125   0.0   0.0
 1.985  697.5  90  42  54   3.125   0.0   0.0
 1.985  727.5  90  42  51   3.125   0.0   0.0
 1.985  102.5 -90  39  63  -3.125   0.0   0.0
 1.985  105.0 -90  39  66  -3.125   0.0   0.0
 1.985  107.5 -90  39  48   3.125  30.0  30.0
 1.985  110.0 -90  39  54  -3.125   0.0   0.0
 1.985  112.5 -90  39  54   3.125  30.0  30.0
 1.985  115.0 -90  39  57  -3.125   0.0   0.0
 1.985  117.5 -90  39  51   3.125   0.0   0.0
 1.985  125.0 -90  39  51   3.125 330.0  30.0
 1.985  127.5 -90  39  51   3.125 210.0  30.0
 1.985  135.0 -90  39  48   3.125   0.0   0.0
 1.985  137.5 -90  39  48   3.125 210.0  30.0
 1.985  140.0 -90  39  51   3.125 270.0  30.0
 1.985  142.5 -90  39  48  -3.125 270.0  30.0
 2.010  100.0  90  42  57  -3.125   0.0   0.0
 2.010  102.5  90  42  60  -3.125   0.0   0.0
 2.010  105.0  90  42  54   3.125  30.0  30.0
 2.010  107.5  90  42  60  -3.125  30.0  30.0
 2.010  110.0  90  42  51  -3.125  30.0  30.0
 2.010  112.5  90  42  54   3.125  30.0  30.0
 2.010  115.0  90  42  54  -3.125  30.0  30.0
 2.010  117.5  90  42  57  -3.125 270.0  30.0
 2.010  120.0  90  42  57   3.125 330.0  30.0
 2.010  122.5  90  42  54  -3.125 330.0  30.0
 2.010  125.0  90  42  51  -3.125 270.0  30.0
 2.010  127.5  90  42  57   3.125  30.0  30.0
 2.010  130.0  90  42  54   3.125 330.0  30.0
 2.010  132.5  90  42  60   3.125 330.0  30.0
 2.010  135.0  90  42  60   3.125 330.0  30.0
 2.010  137.5  90  42  57   3.125 270.0  30.0
 2.010  140.0  90  42  57  -3.125  90.0  30.0
 2.010  142.5  90  42  54   3.125 270.0  30.0
 2.010  145.0  90  42  54   3.125 330.0  30.0
 2.010  147.5  90  42  51   3.125 270.0  30.0
 2.010  150.0  90  42  51   3.125 270.0  30.0
 2.010  157.5  90  42  51   3.125 270.0  30.0
 2.010  162.5  90  42  51  -3.125 330.0  30.0
 2.010  172.5  90  42  51  -3.125  90.0  30.0
 2.010  210.0  90  42  51  -3.125  30.0  30.0
 2.010  212.5  90  42  51   3.125  90.0  30.0
 2.010  217.5  90  42  51  -3.125  30.0  30.0
 2.010  220.0  90  42  51  -3.125   0.0   0.0
 2.010  242.5  90  42  51   3.125 150.0  30.0
 2.010  297.5  90  42  60  -3.125   0.0   0.0
 2.010  300.0  90  42  69  -3.125   0.0   0.0
 2.010  305.0  90  42  54   3.125   0.0   0.0
 2.010  307.5  90  42  51   3.125   0.0   0.0
 2.010  320.0  90  42  51  -3.125  90.0  30.0
 2.010  322.5  90  42  54   3.125   0.0   0.0
 2.010  340.0  90  42  51   3.125 330.0  30.0
 2.010  350.0  90  42  51  -3.125  30.0  30.0
 2.010  352.5  90  42  54  -3.125  90.0  30.0
 2.010  402.5  90  42  51  -3.125   0.0   0.0
 2.010  405.0  90  42  57  -3.125   0.0   0.0
 2.010  500.0  90  42  63  -3.125   0.0   0.0
 2.010  502.5  90  42  63  -3.125   0.0   0.0
 2.010  507.5  90  42  51  -3.125 330.0  30.0
 2.010  510.0  90  42  54   3.125  30.0  30.0
 2.010  512.5  90  42  54   3.125   0.0   0.0
 2.010  515.0  90  42  51   3.125 330.0  30.0
 2.010  522.5  90  42  51  -3.125   0.0   0.0
 2.010  525.0  90  42  51  -3.125 150.0  30.0
 2.010  537.5  90  42  54   3.125   0.0   0.0
 2.010  540.0  90  42  54  -3.125   0.0   0.0
 2.010  542.5  90  42  51  -3.125   0.0   0.0
 2.010  547.5  90  42  54  -3.125  90.0  30.0
 2.010  602.5  90  42  51  -3.125   0.0   0.0
 2.010  700.0  90  42  51   3.125 330.0  30.0
 2.010  707.5  90  42  51   3.125   0.0   0.0
 2.010  712.5  90  42  51  -3.125   0.0   0.0
 2.010  727.5  90  42  51  -3.125  30.0  30.0
 2.010  815.0  90  42  54  -3.125   0.0   0.0
 2.010  102.5 -90  39  66   3.125   0.0   0.0
 2.010  105.0 -90  39  72   3.125   0.0   0.0
 2.010  107.5 -90  39  63   3.125   0.0   0.0
 2.010  110.0 -90  39  54   3.125 330.0  30.0
 2.010  112.5 -90  39  54   3.125 270.0  30.0
 2.010  115.0 -90  39  57   3.125  30.0  30.0
 2.010  120.0 -90  39  48  -3.125 270.0  30.0
 2.010  125.0 -90  39  51   3.125 330.0  30.0
 2.010  127.5 -90  39  48   3.125 210.0  30.0
 2.010  132.5 -90  39  48  -3.125 330.0  30.0
 2.010  137.5 -90  39  48   3.125 330.0  30.0
 2.010  140.0 -90  39  48   3.125 270.0  30.0
 2.010  185.0 -90  39  48  -3.125  30.0  30.0
 2.035  100.0  90  42  57  -3.125   0.0   0.0
 2.035  102.5  90  42  57  -3.125   0.0   0.0
 2.035  107.5  90  42  63   3.125  30.0  30.0
 2.035  110.0  90  42  57  -3.125   0.0   0.0
 2.035  112.5  90  42  54   3.125  30.0  30.0
 2.035  115.0  90  42  54   3.125  30.0  30.0
 2.035  117.5  90  42  54  -3.125  30.0  30.0
 2.035  120.0  90  42  54  -3.125  90.0  30.0
 2.035  122.5  90  42  54  -3.125 270.0  30.0
 2.035  125.0  90  42  51   3.125 270.0  30.0
 2.035  127.5  90  42  54   3.125 330.0  30.0
 2.035  130.0  90  42  51   3.125 330.0  30.0
 2.035  135.0  90  42  63   3.125 330.0  30.0
 2.035  137.5  90  42  51   3.125 330.0  30.0
 2.035  140.0  90  42  54  -3.125  90.0  30.0
 2.035  142.5  90  42  60   3.125 270.0  30.0
 2.035  145.0  90  42  51  -3.125 330.0  30.0
 2.035  165.0  90  42  51   3.125 330.0  30.0
 2.035  210.0  90  42  51  -3.125  90.0  30.0
 2.035  212.5  90  42  54  -3.125  30.0  30.0
 2.035  297.5  90  42  51   3.125   0.0   0.0
 2.035  300.0  90  42  66  -3.125   0.0   0.0
 2.035  305.0  90  42  57   3.125   0.0   0.0
 2.035  310.0  90  42  51   3.125   0.0   0.0
 2.035  312.5  90  42  51   3.125   0.0   0.0
 2.035  320.0  90  42  54   3.125  90.0  30.0
 2.035  322.5  90  42  54  -3.125   0.0   0.0
 2.035  325.0  90  42  51   3.125 330.0  30.0
 2.035  327.5  90  42  54   3.125 330.0  30.0
 2.035  340.0  90  42  51   3.125 330.0  30.0
 2.035  405.0  90  42  57  -3.125   0.0   0.0
 2.035  407.5  90  42  51  -3.125   0.0   0.0
 2.035  410.0  90  42  51  -3.125   0.0   0.0
 2.035  500.0  90  42  63  -3.125   0.0   0.0
 2.035  502.5  90  42  60  -3.125   0.0   0.0
 2.035  505.0  90  42  63  -3.125   0.0   0.0
 2.035  507.5  90  42  51   3.125   0.0   0.0
 2.035  510.0  90  42  57   3.125  30.0  30.0
 2.035  512.5  90  42  54   3.125  30.0  30.0
 2.035  515.0  90  42  57   3.125   0.0   0.0
 2.035  520.0  90  42  51   3.125   0.0   0.0
 2.035  525.0  90  42  51  -3.125 150.0  30.0
 2.035  532.5  90  42  51   3.125   0.0   0.0
 2.035  535.0  90  42  54  -3.125 270.0  30.0
 2.035  547.5  90  42  51  -3.125  90.0  30.0
 2.035  700.0  90  42  51   3.125   0.0   0.0
 2.035  715.0  90  42  51   3.125   0.0   0.0
 2.035  815.0  90  42  51  -3.125   0.0   0.0
 2.035  102.5 -90  39  66  -3.125   0.0   0.0
 2.035  105.0 -90  39  69   3.125   0.0   0.0
 2.035  107.5 -90  39  69   3.125   0.0   0.0
 2.035  110.0 -90  39  63   3.125   0.0   0.0
 2.035  112.5 -90  39  60  -3.125   0.0   0.0
 2.035  115.0 -90  39  48   3.125   0.0   0.0
 2.035  117.5 -90  39  51   3.125  30.0  30.0
 2.035  120.0 -90  39  51  -3.125 270.0  30.0
 2.035  122.5 -90  39  51   3.125 270.0  30.0
 2.035  125.0 -90  39  54   3.125 270.0  30.0
 2.035  127.5 -90  39  51   3.125 210.0  30.0
 2.035  132.5 -90  39  51  -3.125  30.0  30.0
 2.035  145.0 -90  39  48   3.125 330.0  30.0
 2.035  215.0 -90  39  48   3.125   0.0   0.0
 2.060  100.0  90  45  57   3.125   0.0   0.0
 2.060  102.5  90  45  63  -3.125   0.0   0.0
 2.060  105.0  90  45  57   3.125  30.0  30.0
 2.060  107.5  90  45  66   3.125  30.0  30.0
 2.060  110.0  90  45  63   3.125   0.0   0.0
 2.060  112.5  90  45  54   3.125 210.0  30.0
 2.060  115.0  90  45  60   3.125  30.0  30.0
 2.060  117.5  90  45  54  -3.125  90.0  30.0
 2.060  122.5  90  45  57   3.125 270.0  30.0
 2.060  125.0  90  45  57   3.125  30.0  30.0
 2.060  127.5  90  45  57   3.125  30.0  30.0
 2.060  130.0  90  45  60   3.125  30.0  30.0
 2.060  132.5  90  45  54   3.125 270.0  30.0
 2.060  135.0  90  45  60  -3.125 270.0  30.0
 2.060  137.5  90  45  63   3.125 330.0  30.0
 2.060  140.0  90  45  57  -3.125  90.0  30.0
 2.060  142.5  90  45  54  -3.125 330.0  30.0
 2.060  145.0  90  45  54   3.125 330.0  30.0
 2.060  300.0  90  45  66   3.125   0.0   0.0
 2.060  302.5  90  45  66   3.125   0.0   0.0
 2.060  305.0  90  45  60  -3.125   0.0   0.0
 2.060  310.0  90  45  54  -3.125  30.0  30.0
 2.060  327.5  90  45  54   3.125 330.0  30.0
 2.060  337.5  90  45  54   3.125 330.0  30.0
 2.060  340.0  90  45  54   3.125   0.0   0.0
 2.060  405.0  90  45  57   3.125   0.0   0.0
 2.060  502.5  90  45  66  -3.125   0.0   0.0
 2.060  505.0  90  45  66  -3.125   0.0   0.0
 2.060  507.5  90  45  60  -3.125   0.0   0.0
 2.060  512.5  90  45  60  -3.125  30.0  30.0
 2.060  527.5  90  45  54  -3.125  30.0  30.0
 2.060  535.0  90  45  57   3.125   0.0   0.0
 2.060  537.5  90  45  54  -3.125 330.0  30.0
 2.060  540.0  90  45  54   3.125 210.0  30.0
 2.060  542.5  90  45  60  -3.125 330.0  30.0
 2.060  545.0  90  45  54  -3.125 330.0  30.0
 2.060  102.5 -90  39  63   3.125   0.0   0.0
 2.060  105.0 -90  39  63  -3.125   0.0   0.0
 2.060  107.5 -90  39  69   3.125  30.0  30.0
 2.060  110.0 -90  39  57   3.125   0.0   0.0
 2.060  112.5 -90  39  54  -3.125  30.0  30.0
 2.060  115.0 -90  39  51   3.125   0.0   0.0
 2.060  117.5 -90  39  51   3.125   0.0   0.0
 2.060  120.0 -90  39  48   3.125 270.0  30.0
 2.060  122.5 -90  39  51   3.125   0.0   0.0
 2.060  125.0 -90  39  54  -3.125 210.0  30.0
 2.060  127.5 -90  39  48  -3.125 150.0  30.0
 2.060  130.0 -90  39  54   3.125  30.0  30.0
 2.060  132.5 -90  39  54   3.125  30.0  30.0
 2.060  135.0 -90  39  51   3.125  30.0  30.0
 2.060  137.5 -90  39  54   3.125  30.0  30.0
 2.060  140.0 -90  39  48   3.125  30.0  30.0
 2.060  142.5 -90  39  51   3.125 330.0  30.0
 2.060  145.0 -90  39  48   3.125  30.0  30.0
 2.060  210.0 -90  39  51  -3.125   0.0   0.0
 2.060  212.5 -90  39  48   3.125  30.0  30.0
 2.085  100.0  90  42  57  -3.125   0.0   0.0
 2.085  102.5  90  42  63   3.125   0.0   0.0
 2.085  107.5  90  42  60  -3.125  30.0  30.0
 2.085  110.0  90  42  63  -3.125  30.0  30.0
 2.085  112.5  90  42  54  -3.125  30.0  30.0
 2.085  115.0  90  42  60  -3.125  30.0  30.0
 2.085  117.5  90  42  60   3.125  90.0  30.0
 2.085  120.0  90  42  57  -3.125   0.0   0.0
 2.085  122.5  90  42  54   3.125   0.0   0.0
 2.085  125.0  90  42  57   3.125 330.0  30.0
 2.085  127.5  90  42  60   3.125 330.0  30.0
 2.085  130.0  90  42  54   3.125 330.0  30.0
 2.085  132.5  90  42  57   3.125 270.0  30.0
 2.085  135.0  90  42  54   3.125 330.0  30.0
 2.085  137.5  90  42  60   3.125 330.0  30.0
 2.085  140.0  90  42  57  -3.125   0.0   0.0
 2.085  142.5  90  42  54  -3.125 150.0  30.0
 2.085  147.5  90  42  51   3.125 270.0  30.0
 2.085  182.5  90  42  51  -3.125 330.0  30.0
 2.085  242.5  90  42  51   3.125 210.0  30.0
 2.085  300.0  90  42  63  -3.125   0.0   0.0
 2.085  302.5  90  42  69  -3.125   0.0   0.0
 2.085  305.0  90  42  54   3.125   0.0   0.0
 2.085  307.5  90  42  54  -3.125   0.0   0.0
 2.085  310.0  90  42  51  -3.125   0.0   0.0
 2.085  325.0  90  42  51   3.125   0.0   0.0
 2.085  327.5  90  42  51   3.125 330.0  30.0
 2.085  347.5  90  42  51  -3.125  30.0  30.0
 2.085  365.0  90  42  51   3.125   0.0   0.0
 2.085  405.0  90  42  54  -3.125   0.0   0.0
 2.085  407.5  90  42  54  -3.125   0.0   0.0
 2.085  412.5  90  42  51  -3.125  30.0  30.0
 2.085  502.5  90  42  60  -3.125   0.0   0.0
 2.085  505.0  90  42  51  -3.125  90.0  30.0
 2.085  507.5  90  42  60   3.125  30.0  30.0
 2.085  512.5  90  42  54  -3.125  30.0  30.0
 2.085  517.5  90  42  51  -3.125   0.0   0.0
 2.085  525.0  90  42  51   3.125   0.0   0.0
 2.085  532.5  90  42  54  -3.125 330.0  30.0
 2.085  535.0  90  42  57   3.125 330.0  30.0
 2.085  540.0  90  42  54  -3.125 330.0  30.0
 2.085  542.5  90  42  54   3.125 330.0  30.0
 2.085  545.0  90  42  57   3.125 330.0  30.0
 2.085  552.5  90  42  51   3.125  90.0  30.0
 2.085  612.5  90  42  51  -3.125 270.0  30.0
 2.085  702.5  90  42  51  -3.125   0.0   0.0
 2.085  712.5  90  42  54   3.125   0.0   0.0
 2.085  717.5  90  42  51  -3.125   0.0   0.0
 2.085 1125.0  90  42  51  -3.125   0.0   0.0
 2.085  102.5 -90  39  54  -3.125   0.0   0.0
 2.085  105.0 -90  39  69   3.125   0.0   0.0
 2.085  107.5 -90  39  63   3.125   0.0   0.0
 2.085  110.0 -90  39  63   3.125   0.0   0.0
 2.085  112.5 -90  39  51  -3.125  90.0  30.0
 2.085  115.0 -90  39  51   3.125 210.0  30.0
 2.085  117.5 -90  39  54   3.125  30.0  30.0
 2.085  120.0 -90  39  48  -3.125  90.0  30.0
 2.085  122.5 -90  39  48  -3.125 210.0  30.0
 2.085  125.0 -90  39  51  -3.125 330.0  30.0
 2.085  127.5 -90  39  51   3.125 330.0  30.0
 2.085  130.0 -90  39  48   3.125 330.0  30.0
 2.085  132.5 -90  39  48   3.125   0.0   0.0
 2.085  135.0 -90  39  57   3.125  90.0  30.0
 2.085  137.5 -90  39  48   3.125  90.0  30.0
 2.085  140.0 -90  39  48   3.125  90.0  30.0
 2.085  147.5 -90  39  48   3.125 330.0  30.0
 2.085  152.5 -90  39  48   3.125 210.0  30.0
 2.085  167.5 -90  39  48  -3.125  30.0  30.0
 2.085  210.0 -90  39  51   3.125 330.0  30.0
 2.085  212.5 -90  39  51   3.125  30.0  30.0
 2.110  100.0  90  42  57   3.125   0.0   0.0
 2.110  102.5  90  42  60  -3.125   0.0   0.0
 2.110  107.5  90  42  54  -3.125 330.0  30.0
 2.110  110.0  90  42  60   3.125 330.0  30.0
 2.110  112.5  90  42  57   3.125 330.0  30.0
 2.110  115.0  90  42  57   3.125  30.0  30.0
 2.110  117.5  90  42  60  -3.125 330.0  30.0
 2.110  120.0  90  42  60   3.125 330.0  30.0
 2.110  122.5  90  42  54   3.125 330.0  30.0
 2.110  127.5  90  42  51   3.125 330.0  30.0
 2.110  130.0  90  42  54   3.125 330.0  30.0
 2.110  135.0  90  42  51   3.125 270.0  30.0
 2.110  137.5  90  42  57   3.125 330.0  30.0
 2.110  140.0  90  42  54  -3.125   0.0   0.0
 2.110  142.5  90  42  57  -3.125 330.0  30.0
 2.110  300.0  90  42  54   3.125 330.0  30.0
 2.110  302.5  90  42  63   3.125 330.0  30.0
 2.110  307.5  90  42  54   3.125 330.0  30.0
 2.110  310.0  90  42  54   3.125 330.0  30.0
 2.110  317.5  90  42  51  -3.125 330.0  30.0
 2.110  405.0  90  42  51   3.125   0.0   0.0
 2.110  407.5  90  42  60  -3.125 330.0  30.0
 2.110  410.0  90  42  54  -3.125  30.0  30.0
 2.110  412.5  90  42  54   3.125 330.0  30.0
 2.110  415.0  90  42  51   3.125 330.0  30.0
 2.110  450.0  90  42  51   3.125 330.0  30.0
 2.110  505.0  90  42  63   3.125 330.0  30.0
 2.110  507.5  90  42  63  -3.125 330.0  30.0
 2.110  510.0  90  42  57  -3.125   0.0   0.0
 2.110  512.5  90  42  51  -3.125 330.0  30.0
 2.110  515.0  90  42  57   3.125 330.0  30.0
 2.110  522.5  90  42  51  -3.125 330.0  30.0
 2.110  525.0  90  42  54  -3.125 330.0  30.0
 2.110  532.5  90  42  54   3.125 330.0  30.0
 2.110  537.5  90  42  51   3.125 330.0  30.0
 2.110  542.5  90  42  51  -3.125 330.0  30.0
 2.110  545.0  90  42  51   3.125 330.0  30.0
 2.110  550.0  90  42  51   3.125 330.0  30.0
 2.110  552.5  90  42  54  -3.125 330.0  30.0
 2.110  557.5  90  42  51  -3.125   0.0   0.0
 2.110  607.5  90  42  51   3.125 330.0  30.0
 2.110  610.0  90  42  51   3.125 330.0  30.0
 2.110  715.0  90  42  51   3.125 330.0  30.0
 2.110 1130.0  90  42  51  -3.125 330.0  30.0
 2.110  102.5 -90  39  54   3.125   0.0   0.0
 2.110  105.0 -90  39  63   3.125 330.0  30.0
 2.110  107.5 -90  39  66   3.125 330.0  30.0
 2.110  110.0 -90  39  57  -3.125 330.0  30.0
 2.110  112.5 -90  39  51  -3.125 270.0  30.0
 2.110  115.0 -90  39  51   3.125  30.0  30.0
 2.110  117.5 -90  39  48   3.125  30.0  30.0
 2.110  120.0 -90  39  48  -3.125 270.0  30.0
 2.110  125.0 -90  39  51   3.125 330.0  30.0
 2.110  127.5 -90  39  48  -3.125 150.0  30.0
 2.110  132.5 -90  39  54  -3.125  30.0  30.0
 2.110  135.0 -90  39  48   3.125   0.0   0.0
 2.110  137.5 -90  39  51   3.125  90.0  30.0
 2.110  140.0 -90  39  51   3.125 330.0  30.0
 2.110  142.5 -90  39  51   3.125 330.0  30.0
 2.110  145.0 -90  39  51   3.125 330.0  30.0
 2.110  147.5 -90  39  51   3.125 330.0  30.0
 2.110  165.0 -90  39  48  -3.125 330.0  30.0
 2.135  100.0  90  42  57  -3.125   0.0   0.0
 2.135  102.5  90  42  60   3.125   0.0   0.0
 2.135  107.5  90  42  51   3.125 330.0  30.0
 2.135  110.0  90  42  57  -3.125  30.0  30.0
 2.135  112.5  90  42  60  -3.125  30.0  30.0
 2.135  115.0  90  42  51   3.125  30.0  30.0
 2.135  117.5  90  42  54  -3.125  90.0  30.0
 2.135  122.5  90  42  57   3.125 270.0  30.0
 2.135  127.5  90  42  51   3.125 330.0  30.0
 2.135  130.0  90  42  54  -3.125  30.0  30.0
 2.135  132.5  90  42  51   3.125 270.0  30.0
 2.135  135.0  90  42  57  -3.125 270.0  30.0
 2.135  137.5  90  42  60   3.125 330.0  30.0
 2.135  142.5  90  42  57  -3.125 270.0  30.0
 2.135  300.0  90  42  51  -3.125   0.0   0.0
 2.135  302.5  90  42  63  -3.125   0.0   0.0
 2.135  305.0  90  42  57   3.125   0.0   0.0
 2.135  310.0  90  42  54  -3.125  30.0  30.0
 2.135  312.5  90  42  54   3.125  90.0  30.0
 2.135  317.5  90  42  54  -3.125  30.0  30.0
 2.135  350.0  90  42  51  -3.125 150.0  30.0
 2.135  405.0  90  42  51   3.125   0.0   0.0
 2.135  407.5  90  42  60  -3.125   0.0   0.0
 2.135  412.5  90  42  51   3.125 330.0  30.0
 2.135  425.0  90  42  51   3.125   0.0   0.0
 2.135  427.5  90  42  51  -3.125  30.0  30.0
 2.135  505.0  90  42  60  -3.125   0.0   0.0
 2.135  507.5  90  42  63  -3.125   0.0   0.0
 2.135  510.0  90  42  57  -3.125   0.0   0.0
 2.135  512.5  90  42  54   3.125   0.0   0.0
 2.135  515.0  90  42  51  -3.125 330.0  30.0
 2.135  520.0  90  42  51   3.125   0.0   0.0
 2.135  522.5  90  42  57   3.125 330.0  30.0
 2.135  525.0  90  42  54  -3.125 330.0  30.0
 2.135  527.5  90  42  57  -3.125 330.0  30.0
 2.135  530.0  90  42  51   3.125  30.0  30.0
 2.135  535.0  90  42  51   3.125  90.0  30.0
 2.135  542.5  90  42  51  -3.125 330.0  30.0
 2.135  555.0  90  42  51  -3.125 330.0  30.0
 2.135  557.5  90  42  51   3.125   0.0   0.0
 2.135  607.5  90  42  51  -3.125   0.0   0.0
 2.135  610.0  90  42  57  -3.125   0.0   0.0
 2.135  612.5  90  42  51  -3.125   0.0   0.0
 2.135  707.5  90  42  51   3.125   0.0   0.0
 2.135  710.0  90  42  51   3.125 330.0  30.0
 2.135  717.5  90  42  51  -3.125   0.0   0.0
 2.135  820.0  90  42  51  -3.125   0.0   0.0
 2.135 1130.0  90  42  51   3.125   0.0   0.0
 2.135  100.0 -90  39  48  -3.125   0.0   0.0
 2.135  102.5 -90  39  51  -3.125   0.0   0.0
 2.135  105.0 -90  39  57   3.125 330.0  30.0
 2.135  107.5 -90  39  66   3.125   0.0   0.0
 2.135  110.0 -90  39  54  -3.125  90.0  30.0
 2.135  112.5 -90  39  51   3.125  30.0  30.0
 2.135  115.0 -90  39  48   3.125  90.0  30.0
 2.135  117.5 -90  39  51  -3.125 210.0  30.0
 2.135  120.0 -90  39  48  -3.125  90.0  30.0
 2.135  122.5 -90  39  51   3.125 210.0  30.0
 2.135  125.0 -90  39  51  -3.125  30.0  30.0
 2.135  130.0 -90  39  48   3.125 330.0  30.0
 2.135  132.5 -90  39  48  -3.125  30.0  30.0
 2.135  135.0 -90  39  51   3.125  30.0  30.0
 2.135  137.5 -90  39  48  -3.125  30.0  30.0
 2.135  140.0 -90  39  54   3.125  30.0  30.0
 2.135  142.5 -90  39  51   3.125 270.0  30.0
 2.135  147.5 -90  39  48   3.125  30.0  30.0
 2.135  210.0 -90  39  51   3.125   0.0   0.0
 2.135  212.5 -90  39  48  -3.125   0.0   0.0
 2.135  215.0 -90  39  51  -3.125   0.0   0.0
 2.135  315.0 -90  39  48   3.125   0.0   0.0
 2.235  305.0  90  57  69  -3.125  30.0  30.0
 2.235  527.5  90  57  66  -3.125  30.0  30.0
 2.235  102.5 -90  48  63  -3.125   0.0   0.0
 2.235  107.5 -90  48  63   3.125  30.0  30.0
 2.235  110.0 -90  48  60  -3.125  30.0  30.0
 2.235  112.5 -90  48  60   3.125  30.0  30.0
 2.235  115.0 -90  48  60  -3.125  30.0  30.0
 2.235  127.5 -90  48  60   3.125 330.0  30.0
 2.235  130.0 -90  48  57   3.125 330.0  30.0
 2.235  135.0 -90  48  60   3.125 330.0  30.0
 2.235  137.5 -90  48  57   3.125 330.0  30.0
 2.235  207.5 -90  48  57   3.125  30.0  30.0
 2.235  215.0 -90  48  57  -3.125  30.0  30.0
 2.235  315.0 -90  48  57  -3.125  30.0  30.0
 2.260  112.5  90  45  57   3.125 330.0  30.0
 2.260  115.0  90  45  57   3.125 330.0  30.0
 2.260  117.5  90  45  54   3.125 330.0  30.0
 2.260  120.0  90  45  60   3.125 330.0  30.0
 2.260  122.5  90  45  63   3.125 330.0  30.0
 2.260  127.5  90  45  57   3.125 330.0  30.0
 2.260  130.0  90  45  54   3.125  30.0  30.0
 2.260  137.5  90  45  60   3.125 330.0  30.0
 2.260  140.0  90  45  54   3.125 270.0  30.0
 2.260  145.0  90  45  54   3.125 270.0  30.0
 2.260  150.0  90  45  54   3.125 330.0  30.0
 2.260  305.0  90  45  66  -3.125   0.0   0.0
 2.260  307.5  90  45  63   3.125 330.0  30.0
 2.260  410.0  90  45  54  -3.125   0.0   0.0
 2.260  512.5  90  45  57  -3.125 330.0  30.0
 2.260  515.0  90  45  60  -3.125 330.0  30.0
 2.260  525.0  90  45  57  -3.125   0.0   0.0
 2.260  527.5  90  45  60  -3.125 330.0  30.0
 2.260  530.0  90  45  54   3.125   0.0   0.0
 2.260  532.5  90  45  54  -3.125 330.0  30.0
 2.260  545.0  90  45  54  -3.125 330.0  30.0
 2.260  547.5  90  45  54  -3.125 330.0  30.0
 2.260  550.0  90  45  57  -3.125 330.0  30.0
 2.260  615.0  90  45  57  -3.125 330.0  30.0
 2.260  617.5  90  45  60   3.125   0.0   0.0
 2.260  725.0  90  45  54  -3.125   0.0   0.0
 2.260  100.0 -90  42  51   3.125   0.0   0.0
 2.260  102.5 -90  42  66  -3.125   0.0   0.0
 2.260  105.0 -90  42  66  -3.125   0.0   0.0
 2.260  107.5 -90  42  63   3.125   0.0   0.0
 2.260  110.0 -90  42  54   3.125 330.0  30.0
 2.260  112.5 -90  42  57   3.125 330.0  30.0
 2.260  115.0 -90  42  51   3.125 270.0  30.0
 2.260  117.5 -90  42  54   3.125  30.0  30.0
 2.260  122.5 -90  42  54   3.125 330.0  30.0
 2.260  132.5 -90  42  54   3.125 330.0  30.0
 2.260  135.0 -90  42  54   3.125 330.0  30.0
 2.260  140.0 -90  42  51   3.125 330.0  30.0
 2.260  142.5 -90  42  51   3.125 330.0  30.0
 2.260  165.0 -90  42  51  -3.125  30.0  30.0
 2.260  207.5 -90  42  51  -3.125   0.0   0.0
 2.260  210.0 -90  42  57   3.125   0.0   0.0
 2.260  215.0 -90  42  51   3.125  30.0  30.0
 2.260  217.5 -90  42  51   3.125   0.0   0.0
 2.285  102.5  90  45  54   3.125   0.0   0.0
 2.285  107.5  90  45  57   3.125  30.0  30.0
 2.285  110.0  90  45  57   3.125  30.0  30.0
 2.285  112.5  90  45  57   3.125  30.0  30.0
 2.285  115.0  90  45  54  -3.125  30.0  30.0
 2.285  117.5  90  45  54   3.125  30.0  30.0
 2.285  120.0  90  45  63   3.125 330.0  30.0
 2.285  122.5  90  45  63   3.125 270.0  30.0
 2.285  127.5  90  45  60  -3.125 330.0  30.0
 2.285  135.0  90  45  54  -3.125 270.0  30.0
 2.285  137.5  90  45  54   3.125 270.0  30.0
 2.285  142.5  90  45  54   3.125 270.0  30.0
 2.285  145.0  90  45  54   3.125 270.0  30.0
 2.285  305.0  90  45  63   3.125   0.0   0.0
 2.285  307.5  90  45  66  -3.125   0.0   0.0
 2.285  310.0  90  45  54  -3.125 330.0  30.0
 2.285  312.5  90  45  54  -3.125   0.0   0.0
 2.285  412.5  90  45  54  -3.125   0.0   0.0
 2.285  415.0  90  45  54  -3.125   0.0   0.0
 2.285  512.5  90  45  54   3.125   0.0   0.0
 2.285  515.0  90  45  60  -3.125   0.0   0.0
 2.285  517.5  90  45  57  -3.125  30.0  30.0
 2.285  520.0  90  45  54   3.125   0.0   0.0
 2.285  522.5  90  45  54  -3.125   0.0   0.0
 2.285  525.0  90  45  57  -3.125   0.0   0.0
 2.285  527.5  90  45  60  -3.125   0.0   0.0
 2.285  530.0  90  45  57  -3.125 330.0  30.0
 2.285  532.5  90  45  57   3.125   0.0   0.0
 2.285  537.5  90  45  54  -3.125  30.0  30.0
 2.285  545.0  90  45  57   3.125 330.0  30.0
 2.285  550.0  90  45  57   3.125 330.0  30.0
 2.285  615.0  90  45  54   3.125   0.0   0.0
 2.285  617.5  90  45  57   3.125   0.0   0.0
 2.285  725.0  90  45  54  -3.125   0.0   0.0
 2.285   95.0 -90  42  51  -3.125  90.0  30.0
 2.285   97.5 -90  42  51   3.125  90.0  30.0
 2.285  100.0 -90  42  57   3.125   0.0   0.0
 2.285  102.5 -90  42  66  -3.125   0.0   0.0
 2.285  105.0 -90  42  54   3.125 330.0  30.0
 2.285  107.5 -90  42  66   3.125   0.0   0.0
 2.285  110.0 -90  42  60   3.125 330.0  30.0
 2.285  112.5 -90  42  54  -3.125 330.0  30.0
 2.285  115.0 -90  42  54   3.125  30.0  30.0
 2.285  117.5 -90  42  54   3.125  30.0  30.0
 2.285  120.0 -90  42  51  -3.125  30.0  30.0
 2.285  125.0 -90  42  51   3.125  90.0  30.0
 2.285  127.5 -90  42  54   3.125   0.0   0.0
 2.285  132.5 -90  42  54   3.125  30.0  30.0
 2.285  135.0 -90  42  51   3.125  30.0  30.0
 2.285  207.5 -90  42  54   3.125   0.0   0.0
 2.285  210.0 -90  42  57   3.125   0.0   0.0
 2.285  212.5 -90  42  51  -3.125   0.0   0.0
 2.285  220.0 -90  42  51   3.125   0.0   0.0
 2.310  105.0  90  45  54  -3.125   0.0   0.0
 2.310  107.5  90  45  54  -3.125 330.0  30.0
 2.310  110.0  90  45  57  -3.125   0.0   0.0
 2.310  112.5  90  45  54  -3.125  30.0  30.0
 2.310  117.5  90  45  54   3.125 330.0  30.0
 2.310  120.0  90  45  60  -3.125 330.0  30.0
 2.310  122.5  90  45  60   3.125 270.0  30.0
 2.310  127.5  90  45  57   3.125 330.0  30.0
 2.310  140.0  90  45  54   3.125 270.0  30.0
 2.310  142.5  90  45  57   3.125 270.0  30.0
 2.310  305.0  90  45  57   3.125 330.0  30.0
 2.310  307.5  90  45  66  -3.125   0.0   0.0
 2.310  310.0  90  45  54  -3.125 270.0  30.0
 2.310  315.0  90  45  54   3.125 330.0  30.0
 2.310  415.0  90  45  54  -3.125   0.0   0.0
 2.310  417.5  90  45  54  -3.125 330.0  30.0
 2.310  515.0  90  45  57   3.125 330.0  30.0
 2.310  522.5  90  45  54   3.125   0.0   0.0
 2.310  527.5  90  45  57  -3.125   0.0   0.0
 2.310  532.5  90  45  54  -3.125   0.0   0.0
 2.310  545.0  90  45  54  -3.125   0.0   0.0
 2.310  547.5  90  45  57   3.125 330.0  30.0
 2.310  620.0  90  45  54   3.125  30.0  30.0
 2.310  622.5  90  45  54   3.125  30.0  30.0
 2.310   80.0 -90  42  51   3.125  90.0  30.0
 2.310   82.5 -90  42  51   3.125  90.0  30.0
 2.310   85.0 -90  42  51   3.125  30.0  30.0
 2.310   87.5 -90  42  51  -3.125  30.0  30.0
 2.310   90.0 -90  42  51   3.125  30.0  30.0
 2.310   92.5 -90  42  51   3.125  30.0  30.0
 2.310   95.0 -90  42  51   3.125  30.0  30.0
 2.310   97.5 -90  42  54   3.125  90.0  30.0
 2.310  102.5 -90  42  57   3.125 330.0  30.0
 2.310  105.0 -90  42  69   3.125 330.0  30.0
 2.310  107.5 -90  42  63  -3.125   0.0   0.0
 2.310  110.0 -90  42  60  -3.125   0.0   0.0
 2.310  112.5 -90  42  54  -3.125  30.0  30.0
 2.310  115.0 -90  42  57   3.125  30.0  30.0
 2.310  117.5 -90  42  57   3.125  30.0  30.0
 2.310  127.5 -90  42  54   3.125  30.0  30.0
 2.310  130.0 -90  42  51   3.125  30.0  30.0
 2.310  132.5 -90  42  51   3.125  30.0  30.0
 2.310  152.5 -90  42  51   3.125 330.0  30.0
 2.310  207.5 -90  42  57  -3.125   0.0   0.0
 2.310  210.0 -90  42  57   3.125   0.0   0.0
 2.310  212.5 -90  42  54   3.125  30.0  30.0
 2.310  220.0 -90  42  51   3.125 270.0  30.0
 2.310  312.5 -90  42  51   3.125   0.0   0.0
 2.310  315.0 -90  42  54   3.125   0.0   0.0
 2.310  420.0 -90  42  51  -3.125   0.0   0.0
 2.310  547.5 -90  42  51  -3.125 330.0  30.0
 2.335  107.5  90  45  54   3.125  30.0  30.0
 2.335  110.0  90  45  60  -3.125  90.0  30.0
 2.335  112.5  90  45  60  -3.125  90.0  30.0
 2.335  115.0  90  45  54  -3.125  30.0  30.0
 2.335  117.5  90  45  54   3.125 330.0  30.0
 2.335  120.0  90  45  60   3.125 330.0  30.0
 2.335  122.5  90  45  60  -3.125 330.0  30.0
 2.335  125.0  90  45  54   3.125 270.0  30.0
 2.335  127.5  90  45  57   3.125 270.0  30.0
 2.335  130.0  90  45  54   3.125 270.0  30.0
 2.335  142.5  90  45  60   3.125 270.0  30.0
 2.335  145.0  90  45  54  -3.125 270.0  30.0
 2.335  307.5  90  45  66  -3.125   0.0   0.0
 2.335  310.0  90  45  63   3.125   0.0   0.0
 2.335  320.0  90  45  54   3.125   0.0   0.0
 2.335  517.5  90  45  60   3.125   0.0   0.0
 2.335  520.0  90  45  54  -3.125  90.0  30.0
 2.335  527.5  90  45  54   3.125   0.0   0.0
 2.335  532.5  90  45  60  -3.125   0.0   0.0
 2.335  535.0  90  45  54  -3.125   0.0   0.0
 2.335  537.5  90  45  54  -3.125   0.0   0.0
 2.335  540.0  90  45  57  -3.125   0.0   0.0
 2.335  620.0  90  45  54   3.125   0.0   0.0
 2.335  622.5  90  45  57   3.125   0.0   0.0
 2.335  730.0  90  45  54   3.125   0.0   0.0
 2.335  100.0 -90  42  54   3.125   0.0   0.0
 2.335  102.5 -90  42  66   3.125   0.0   0.0
 2.335  105.0 -90  42  69   3.125   0.0   0.0
 2.335  107.5 -90  42  63   3.125   0.0   0.0
 2.335  110.0 -90  42  63   3.125   0.0   0.0
 2.335  112.5 -90  42  63   3.125  30.0  30.0
 2.335  115.0 -90  42  51  -3.125  90.0  30.0
 2.335  117.5 -90  42  57   3.125   0.0   0.0
 2.335  120.0 -90  42  54  -3.125 210.0  30.0
 2.335  122.5 -90  42  51   3.125   0.0   0.0
 2.335  125.0 -90  42  51   3.125 330.0  30.0
 2.335  127.5 -90  42  54   3.125  30.0  30.0
 2.335  132.5 -90  42  54   3.125 330.0  30.0
 2.335  147.5 -90  42  51   3.125 270.0  30.0
 2.335  207.5 -90  42  57   3.125   0.0   0.0
 2.335  210.0 -90  42  51  -3.125   0.0   0.0
 2.335  215.0 -90  42  51   3.125  30.0  30.0
 2.335  217.5 -90  42  54  -3.125   0.0   0.0
 2.335  312.5 -90  42  54  -3.125   0.0   0.0
 2.335  315.0 -90  42  54   3.125   0.0   0.0
 2.335  417.5 -90  42  54  -3.125   0.0   0.0
 2.360   80.0  90  42  51  -3.125  90.0  30.0
 2.360   82.5  90  42  51  -3.125  90.0  30.0
 2.360  107.5  90  42  54  -3.125  30.0  30.0
 2.360  110.0  90  42  60  -3.125   0.0   0.0
 2.360  112.5  90  42  66   3.125  30.0  30.0
 2.360  115.0  90  42  57   3.125   0.0   0.0
 2.360  117.5  90  42  51   3.125 270.0  30.0
 2.360  120.0  90  42  57  -3.125 330.0  30.0
 2.360  122.5  90  42  60  -3.125 330.0  30.0
 2.360  125.0  90  42  54  -3.125  30.0  30.0
 2.360  127.5  90  42  54   3.125  90.0  30.0
 2.360  130.0  90  42  54  -3.125 270.0  30.0
 2.360  132.5  90  42  51   3.125   0.0   0.0
 2.360  137.5  90  42  54   3.125 270.0  30.0
 2.360  140.0  90  42  54   3.125 270.0  30.0
 2.360  142.5  90  42  51   3.125 270.0  30.0
 2.360  307.5  90  42  63  -3.125   0.0   0.0
 2.360  310.0  90  42  63   3.125   0.0   0.0
 2.360  315.0  90  42  54  -3.125 270.0  30.0
 2.360  415.0  90  42  51  -3.125   0.0   0.0
 2.360  417.5  90  42  54   3.125   0.0   0.0
 2.360  420.0  90  42  51  -3.125   0.0   0.0
 2.360  517.5  90  42  60   3.125   0.0   0.0
 2.360  520.0  90  42  63  -3.125   0.0   0.0
 2.360  527.5  90  42  51   3.125   0.0   0.0
 2.360  532.5  90  42  60  -3.125   0.0   0.0
 2.360  535.0  90  42  51  -3.125  90.0  30.0
 2.360  547.5  90  42  57   3.125 330.0  30.0
 2.360  550.0  90  42  54  -3.125   0.0   0.0
 2.360  555.0  90  42  51   3.125 330.0  30.0
 2.360  622.5  90  42  54  -3.125   0.0   0.0
 2.360  730.0  90  42  51  -3.125   0.0   0.0
 2.360  832.5  90  42  51   3.125 330.0  30.0
 2.360  100.0 -90  42  51   3.125   0.0   0.0
 2.360  102.5 -90  42  69  -3.125   0.0   0.0
 2.360  105.0 -90  42  63   3.125   0.0   0.0
 2.360  107.5 -90  42  60   3.125   0.0   0.0
 2.360  110.0 -90  42  60   3.125  30.0  30.0
 2.360  112.5 -90  42  57  -3.125  30.0  30.0
 2.360  115.0 -90  42  57  -3.125  90.0  30.0
 2.360  122.5 -90  42  54  -3.125 270.0  30.0
 2.360  125.0 -90  42  54   3.125   0.0   0.0
 2.360  130.0 -90  42  51   3.125  30.0  30.0
 2.360  132.5 -90  42  54   3.125 330.0  30.0
 2.360  135.0 -90  42  54   3.125 270.0  30.0
 2.360  145.0 -90  42  51   3.125 330.0  30.0
 2.360  207.5 -90  42  60  -3.125   0.0   0.0
 2.360  210.0 -90  42  60  -3.125   0.0   0.0
 2.360  212.5 -90  42  54  -3.125   0.0   0.0
 2.360  225.0 -90  42  51   3.125   0.0   0.0
 2.360  315.0 -90  42  51   3.125   0.0   0.0
 2.360  417.5 -90  42  54   3.125   0.0   0.0
 2.360  420.0 -90  42  51   3.125 210.0  30.0
 2.385  110.0  90  48  57  -3.125   0.0   0.0
 2.385  112.5  90  48  60   3.125  30.0  30.0
 2.385  125.0  90  48  57   3.125 270.0  30.0
 2.385  310.0  90  48  63  -3.125 330.0  30.0
 2.385  520.0  90  48  66   3.125 330.0  30.0
 2.385  522.5  90  48  60   3.125   0.0   0.0
 2.385  532.5  90  48  57   3.125 330.0  30.0
 2.385  542.5  90  48  57  -3.125   0.0   0.0
 2.385  545.0  90  48  57  -3.125 330.0  30.0
 2.385  100.0 -90  42  51  -3.125  30.0  30.0
 2.385  102.5 -90  42  66   3.125   0.0   0.0
 2.385  105.0 -90  42  60  -3.125  30.0  30.0
 2.385  107.5 -90  42  66   3.125 330.0  30.0
 2.385  110.0 -90  42  63   3.125 330.0  30.0
 2.385  112.5 -90  42  57   3.125 330.0  30.0
 2.385  115.0 -90  42  54   3.125 330.0  30.0
 2.385  117.5 -90  42  54   3.125  30.0  30.0
 2.385  122.5 -90  42  54  -3.125 330.0  30.0
 2.385  130.0 -90  42  54   3.125  30.0  30.0
 2.385  132.5 -90  42  54  -3.125  30.0  30.0
 2.385  137.5 -90  42  54   3.125 330.0  30.0
 2.385  140.0 -90  42  54   3.125 330.0  30.0
 2.385  175.0 -90  42  51   3.125  30.0  30.0
 2.385  207.5 -90  42  60  -3.125   0.0   0.0
 2.385  210.0 -90  42  57   3.125   0.0   0.0
 2.385  212.5 -90  42  51  -3.125   0.0   0.0
 2.385  240.0 -90  42  51  -3.125 330.0  30.0
 2.385  312.5 -90  42  54  -3.125   0.0   0.0
 2.385  315.0 -90  42  54  -3.125   0.0   0.0
 2.385  542.5 -90  42  51   3.125 270.0  30.0
 2.385  545.0 -90  42  51   3.125 330.0  30.0
 2.410  120.0  90  51  60  -3.125 330.0  30.0
 2.410  122.5  90  51  63   3.125 330.0  30.0
 2.410  310.0  90  51  63  -3.125   0.0   0.0
 2.410  520.0  90  51  63   3.125   0.0   0.0
 2.410  522.5  90  51  66  -3.125   0.0   0.0
 2.410  102.5 -90  45  66  -3.125   0.0   0.0
 2.410  105.0 -90  45  69   3.125   0.0   0.0
 2.410  107.5 -90  45  63  -3.125  30.0  30.0
 2.410  110.0 -90  45  60   3.125  30.0  30.0
 2.410  112.5 -90  45  66   3.125  30.0  30.0
 2.410  115.0 -90  45  60   3.125  30.0  30.0
 2.410  117.5 -90  45  54  -3.125  30.0  30.0
 2.410  130.0 -90  45  54  -3.125 330.0  30.0
 2.410  132.5 -90  45  54   3.125  30.0  30.0
 2.410  140.0 -90  45  54   3.125 330.0  30.0
 2.410  207.5 -90  45  54  -3.125  90.0  30.0
 2.410  210.0 -90  45  54  -3.125 150.0  30.0
 2.410  540.0 -90  45  54   3.125 270.0  30.0
 2.410  542.5 -90  45  57  -3.125   0.0   0.0
 2.435  107.5  90  45  54   3.125   0.0   0.0
 2.435  112.5  90  45  57  -3.125  30.0  30.0
 2.435  120.0  90  45  54  -3.125 270.0  30.0
 2.435  122.5  90  45  57  -3.125 270.0  30.0
 2.435  125.0  90  45  54  -3.125 330.0  30.0
 2.435  310.0  90  45  60   3.125   0.0   0.0
 2.435  312.5  90  45  57  -3.125   0.0   0.0
 2.435  520.0  90  45  54  -3.125   0.0   0.0
 2.435  522.5  90  45  63  -3.125   0.0   0.0
 2.435  525.0  90  45  54   3.125   0.0   0.0
 2.435  535.0  90  45  57  -3.125   0.0   0.0
 2.435  537.5  90  45  60  -3.125   0.0   0.0
 2.435  540.0  90  45  54  -3.125   0.0   0.0
 2.435  552.5  90  45  54   3.125 330.0  30.0
 2.435  555.0  90  45  54   3.125 330.0  30.0
 2.435  625.0  90  45  54  -3.125 330.0  30.0
 2.435  102.5 -90  42  63   3.125   0.0   0.0
 2.435  105.0 -90  42  63   3.125   0.0   0.0
 2.435  107.5 -90  42  54   3.125   0.0   0.0
 2.435  110.0 -90  42  54   3.125  90.0  30.0
 2.435  112.5 -90  42  57   3.125   0.0   0.0
 2.435  115.0 -90  42  51   3.125 210.0  30.0
 2.435  117.5 -90  42  51   3.125  30.0  30.0
 2.435  120.0 -90  42  51   3.125 330.0  30.0
 2.435  122.5 -90  42  54   3.125 330.0  30.0
 2.435  125.0 -90  42  51  -3.125 330.0  30.0
 2.435  132.5 -90  42  51   3.125 330.0  30.0
 2.435  135.0 -90  42  54   3.125 270.0  30.0
 2.435  137.5 -90  42  51   3.125 270.0  30.0
 2.435  140.0 -90  42  51   3.125 330.0  30.0
 2.435  155.0 -90  42  51   3.125 330.0  30.0
 2.435  207.5 -90  42  54  -3.125   0.0   0.0
 2.435  210.0 -90  42  51  -3.125  30.0  30.0
 2.435  212.5 -90  42  51   3.125  90.0  30.0
 2.435  312.5 -90  42  51  -3.125   0.0   0.0
 2.435  322.5 -90  42  51   3.125   0.0   0.0
 2.435  415.0 -90  42  51   3.125   0.0   0.0
 2.435  417.5 -90  42  54  -3.125   0.0   0.0
 2.435  540.0 -90  42  54  -3.125   0.0   0.0
 2.435  542.5 -90  42  51  -3.125   0.0   0.0
 2.460  107.5  90  45  57   3.125   0.0   0.0
 2.460  110.0  90  45  60  -3.125  30.0  30.0
 2.460  112.5  90  45  60   3.125  30.0  30.0
 2.460  117.5  90  45  54  -3.125  30.0  30.0
 2.460  122.5  90  45  54   3.125  30.0  30.0
 2.460  125.0  90  45  57   3.125  30.0  30.0
 2.460  140.0  90  45  57   3.125  30.0  30.0
 2.460  142.5  90  45  57   3.125 270.0  30.0
 2.460  310.0  90  45  63  -3.125   0.0   0.0
 2.460  312.5  90  45  63   3.125   0.0   0.0
 2.460  317.5  90  45  57   3.125   0.0   0.0
 2.460  522.5  90  45  66  -3.125   0.0   0.0
 2.460  525.0  90  45  69  -3.125   0.0   0.0
 2.460  527.5  90  45  57   3.125   0.0   0.0
 2.460  532.5  90  45  54  -3.125   0.0   0.0
 2.460  535.0  90  45  57   3.125   0.0   0.0
 2.460  537.5  90  45  60   3.125 330.0  30.0
 2.460  545.0  90  45  54   3.125   0.0   0.0
 2.460  552.5  90  45  54  -3.125   0.0   0.0
 2.460  555.0  90  45  54   3.125   0.0   0.0
 2.460  557.5  90  45  60   3.125 330.0  30.0
 2.460  560.0  90  45  60   3.125 330.0  30.0
 2.460  575.0  90  45  54  -3.125 270.0  30.0
 2.460  625.0  90  45  57  -3.125   0.0   0.0
 2.460  627.5  90  45  60  -3.125   0.0   0.0
 2.460  630.0  90  45  54   3.125   0.0   0.0
 2.460  632.5  90  45  57   3.125   0.0   0.0
 2.460  635.0  90  45  54  -3.125   0.0   0.0
 2.460  637.5  90  45  57  -3.125   0.0   0.0
 2.460  640.0  90  45  54   3.125   0.0   0.0
 2.460  642.5  90  45  54  -3.125   0.0   0.0
 2.460  850.0  90  45  54  -3.125   0.0   0.0
 2.460   95.0 -90  42  51   3.125  90.0  30.0
 2.460  100.0 -90  42  54  -3.125   0.0   0.0
 2.460  102.5 -90  42  69  -3.125   0.0   0.0
 2.460  105.0 -90  42  63  -3.125   0.0   0.0
 2.460  107.5 -90  42  66  -3.125   0.0   0.0
 2.460  110.0 -90  42  54   3.125 270.0  30.0
 2.460  112.5 -90  42  63   3.125  30.0  30.0
 2.460  115.0 -90  42  60   3.125  30.0  30.0
 2.460  117.5 -90  42  51   3.125 270.0  30.0
 2.460  120.0 -90  42  54   3.125 270.0  30.0
 2.460  122.5 -90  42  63   3.125 330.0  30.0
 2.460  127.5 -90  42  51   3.125 330.0  30.0
 2.460  130.0 -90  42  57  -3.125 330.0  30.0
 2.460  132.5 -90  42  57   3.125 330.0  30.0
 2.460  135.0 -90  42  60   3.125 270.0  30.0
 2.460  137.5 -90  42  63   3.125 330.0  30.0
 2.460  140.0 -90  42  54  -3.125 330.0  30.0
 2.460  142.5 -90  42  51   3.125  30.0  30.0
 2.460  147.5 -90  42  54  -3.125 270.0  30.0
 2.460  160.0 -90  42  54   3.125 330.0  30.0
 2.460  170.0 -90  42  51   3.125 330.0  30.0
 2.460  172.5 -90  42  51  -3.125 330.0  30.0
 2.460  175.0 -90  42  51  -3.125 330.0  30.0
 2.460  207.5 -90  42  54   3.125   0.0   0.0
 2.460  215.0 -90  42  54   3.125  30.0  30.0
 2.460  217.5 -90  42  51  -3.125 270.0  30.0
 2.460  232.5 -90  42  51   3.125 330.0  30.0
 2.460  235.0 -90  42  51   3.125 270.0  30.0
 2.460  312.5 -90  42  57   3.125   0.0   0.0
 2.460  320.0 -90  42  60   3.125   0.0   0.0
 2.460  322.5 -90  42  63   3.125   0.0   0.0
 2.460  325.0 -90  42  51  -3.125   0.0   0.0
 2.460  330.0 -90  42  54   3.125   0.0   0.0
 2.460  357.5 -90  42  51   3.125 150.0  30.0
 2.460  415.0 -90  42  54   3.125   0.0   0.0
 2.460  417.5 -90  42  57  -3.125   0.0   0.0
 2.460  420.0 -90  42  51  -3.125   0.0   0.0
 2.460  520.0 -90  42  51   3.125   0.0   0.0
 2.460  537.5 -90  42  57  -3.125   0.0   0.0
 2.460  540.0 -90  42  57  -3.125   0.0   0.0
 2.460  542.5 -90  42  54  -3.125   0.0   0.0
 2.460  547.5 -90  42  51   3.125   0.0   0.0
 2.460  565.0 -90  42  51   3.125 330.0  30.0
 2.485  105.0  90  42  51  -3.125   0.0   0.0
 2.485  110.0  90  42  54  -3.125 210.0  30.0
 2.485  112.5  90  42  54   3.125  90.0  30.0
 2.485  115.0  90  42  51  -3.125  30.0  30.0
 2.485  120.0  90  42  54   3.125 210.0  30.0
 2.485  122.5  90  42  54  -3.125  30.0  30.0
 2.485  125.0  90  42  54   3.125 270.0  30.0
 2.485  127.5  90  42  60   3.125 330.0  30.0
 2.485  130.0  90  42  57   3.125 330.0  30.0
 2.485  132.5  90  42  51  -3.125 330.0  30.0
 2.485  135.0  90  42  54  -3.125 330.0  30.0
 2.485  140.0  90  42  54  -3.125  30.0  30.0
 2.485  142.5  90  42  57   3.125 270.0  30.0
 2.485  145.0  90  42  54   3.125 270.0  30.0
 2.485  310.0  90  42  57   3.125   0.0   0.0
 2.485  312.5  90  42  66  -3.125   0.0   0.0
 2.485  315.0  90  42  51   3.125   0.0   0.0
 2.485  317.5  90  42  57   3.125   0.0   0.0
 2.485  320.0  90  42  51  -3.125  90.0  30.0
 2.485  322.5  90  42  51  -3.125 330.0  30.0
 2.485  425.0  90  42  51  -3.125   0.0   0.0
 2.485  522.5  90  42  54  -3.125   0.0   0.0
 2.485  525.0  90  42  69  -3.125   0.0   0.0
 2.485  527.5  90  42  66  -3.125   0.0   0.0
 2.485  530.0  90  42  51  -3.125   0.0   0.0
 2.485  532.5  90  42  51   3.125   0.0   0.0
 2.485  535.0  90  42  54  -3.125   0.0   0.0
 2.485  540.0  90  42  51  -3.125 330.0  30.0
 2.485  545.0  90  42  57   3.125   0.0   0.0
 2.485  550.0  90  42  51   3.125  30.0  30.0
 2.485  552.5  90  42  51  -3.125 330.0  30.0
 2.485  557.5  90  42  54  -3.125 330.0  30.0
 2.485  560.0  90  42  60  -3.125 330.0  30.0
 2.485  562.5  90  42  57  -3.125 330.0  30.0
 2.485  575.0  90  42  51   3.125   0.0   0.0
 2.485  577.5  90  42  54   3.125 270.0  30.0
 2.485  627.5  90  42  51  -3.125  90.0  30.0
 2.485  630.0  90  42  60  -3.125   0.0   0.0
 2.485  632.5  90  42  54   3.125   0.0   0.0
 2.485  635.0  90  42  51   3.125   0.0   0.0
 2.485  637.5  90  42  51   3.125 330.0  30.0
 2.485  640.0  90  42  51   3.125   0.0   0.0
 2.485  737.5  90  42  51  -3.125   0.0   0.0
 2.485  740.0  90  42  51  -3.125   0.0   0.0
 2.485  742.5  90  42  51  -3.125   0.0   0.0
 2.485  952.5  90  42  51   3.125   0.0   0.0
 2.485  102.5 -90  42  69  -3.125   0.0   0.0
 2.485  105.0 -90  42  72   3.125   0.0   0.0
 2.485  107.5 -90  42  72   3.125   0.0   0.0
 2.485  110.0 -90  42  63   3.125  30.0  30.0
 2.485  112.5 -90  42  63   3.125   0.0   0.0
 2.485  115.0 -90  42  54   3.125  30.0  30.0
 2.485  117.5 -90  42  60   3.125  30.0  30.0
 2.485  120.0 -90  42  57   3.125  90.0  30.0
 2.485  122.5 -90  42  57   3.125 330.0  30.0
 2.485  125.0 -90  42  57   3.125 330.0  30.0
 2.485  127.5 -90  42  51   3.125 330.0  30.0
 2.485  130.0 -90  42  57   3.125 330.0  30.0
 2.485  132.5 -90  42  57   3.125 330.0  30.0
 2.485  135.0 -90  42  57   3.125 330.0  30.0
 2.485  137.5 -90  42  57   3.125 330.0  30.0
 2.485  140.0 -90  42  54   3.125  30.0  30.0
 2.485  142.5 -90  42  51   3.125 330.0  30.0
 2.485  145.0 -90  42  57  -3.125 330.0  30.0
 2.485  147.5 -90  42  54   3.125 330.0  30.0
 2.485  150.0 -90  42  54  -3.125  30.0  30.0
 2.485  160.0 -90  42  51   3.125 270.0  30.0
 2.485  175.0 -90  42  51   3.125 330.0  30.0
 2.485  207.5 -90  42  54   3.125  30.0  30.0
 2.485  210.0 -90  42  51   3.125   0.0   0.0
 2.485  215.0 -90  42  51  -3.125  30.0  30.0
 2.485  217.5 -90  42  54  -3.125   0.0   0.0
 2.485  232.5 -90  42  51  -3.125 330.0  30.0
 2.485  240.0 -90  42  51   3.125 270.0  30.0
 2.485  312.5 -90  42  60  -3.125   0.0   0.0
 2.485  315.0 -90  42  51  -3.125   0.0   0.0
 2.485  320.0 -90  42  66  -3.125   0.0   0.0
 2.485  322.5 -90  42  66  -3.125   0.0   0.0
 2.485  332.5 -90  42  51   3.125 330.0  30.0
 2.485  415.0 -90  42  54  -3.125   0.0   0.0
 2.485  417.5 -90  42  54  -3.125   0.0   0.0
 2.485  537.5 -90  42  60   3.125   0.0   0.0
 2.485  540.0 -90  42  51   3.125   0.0   0.0
 2.485  545.0 -90  42  54  -3.125   0.0   0.0
 2.485  547.5 -90  42  51  -3.125 330.0  30.0
 2.485  550.0 -90  42  51  -3.125   0.0   0.0
 2.510  105.0  90  45  54   3.125  30.0  30.0
 2.510  110.0  90  45  63   3.125   0.0   0.0
 2.510  112.5  90  45  60   3.125   0.0   0.0
 2.510  115.0  90  45  57   3.125 330.0  30.0
 2.510  117.5  90  45  60   3.125 330.0  30.0
 2.510  120.0  90  45  63   3.125 330.0  30.0
 2.510  122.5  90  45  63  -3.125 330.0  30.0
 2.510  125.0  90  45  57   3.125 330.0  30.0
 2.510  127.5  90  45  54   3.125 270.0  30.0
 2.510  130.0  90  45  54  -3.125 330.0  30.0
 2.510  137.5  90  45  54   3.125 330.0  30.0
 2.510  140.0  90  45  57   3.125  30.0  30.0
 2.510  145.0  90  45  57   3.125 330.0  30.0
 2.510  310.0  90  45  54   3.125 330.0  30.0
 2.510  312.5  90  45  66  -3.125 330.0  30.0
 2.510  315.0  90  45  60   3.125   0.0   0.0
 2.510  325.0  90  45  54   3.125  30.0  30.0
 2.510  525.0  90  45  60  -3.125 330.0  30.0
 2.510  527.5  90  45  63  -3.125 330.0  30.0
 2.510  530.0  90  45  54  -3.125 330.0  30.0
 2.510  532.5  90  45  57  -3.125 330.0  30.0
 2.510  535.0  90  45  57  -3.125   0.0   0.0
 2.510  537.5  90  45  54  -3.125  30.0  30.0
 2.510  540.0  90  45  57  -3.125  30.0  30.0
 2.510  542.5  90  45  54  -3.125 330.0  30.0
 2.510  555.0  90  45  60  -3.125 330.0  30.0
 2.510  557.5  90  45  57   3.125 270.0  30.0
 2.510  560.0  90  45  60   3.125 330.0  30.0
 2.510  627.5  90  45  54  -3.125 330.0  30.0
 2.510  630.0  90  45  63  -3.125 330.0  30.0
 2.510  632.5  90  45  57   3.125 330.0  30.0
 2.510  742.5  90  45  57  -3.125 330.0  30.0
 2.510  855.0  90  45  54   3.125   0.0   0.0
 2.510  945.0  90  45  54   3.125 330.0  30.0
 2.510  102.5 -90  42  69  -3.125   0.0   0.0
 2.510  105.0 -90  42  63   3.125  30.0  30.0
 2.510  107.5 -90  42  69   3.125  30.0  30.0
 2.510  110.0 -90  42  60   3.125  30.0  30.0
 2.510  112.5 -90  42  63   3.125  30.0  30.0
 2.510  115.0 -90  42  60   3.125  30.0  30.0
 2.510  117.5 -90  42  51   3.125 330.0  30.0
 2.510  120.0 -90  42  54  -3.125 270.0  30.0
 2.510  122.5 -90  42  54   3.125 330.0  30.0
 2.510  125.0 -90  42  54   3.125 330.0  30.0
 2.510  127.5 -90  42  54   3.125  30.0  30.0
 2.510  130.0 -90  42  57   3.125  30.0  30.0
 2.510  132.5 -90  42  54   3.125 330.0  30.0
 2.510  135.0 -90  42  60  -3.125 270.0  30.0
 2.510  137.5 -90  42  57  -3.125 270.0  30.0
 2.510  142.5 -90  42  57   3.125 330.0  30.0
 2.510  145.0 -90  42  57   3.125 330.0  30.0
 2.510  147.5 -90  42  54   3.125 330.0  30.0
 2.510  150.0 -90  42  54   3.125  30.0  30.0
 2.510  185.0 -90  42  51   3.125  90.0  30.0
 2.510  190.0 -90  42  51   3.125 330.0  30.0
 2.510  192.5 -90  42  51   3.125 150.0  30.0
 2.510  207.5 -90  42  51   3.125  30.0  30.0
 2.510  210.0 -90  42  54   3.125   0.0   0.0
 2.510  212.5 -90  42  51   3.125   0.0   0.0
 2.510  217.5 -90  42  51  -3.125 270.0  30.0
 2.510  220.0 -90  42  54  -3.125 210.0  30.0
 2.510  250.0 -90  42  51   3.125   0.0   0.0
 2.510  310.0 -90  42  54  -3.125   0.0   0.0
 2.510  312.5 -90  42  60  -3.125   0.0   0.0
 2.510  315.0 -90  42  51  -3.125   0.0   0.0
 2.510  317.5 -90  42  54   3.125 330.0  30.0
 2.510  320.0 -90  42  72   3.125   0.0   0.0
 2.510  322.5 -90  42  66  -3.125   0.0   0.0
 2.510  325.0 -90  42  51  -3.125   0.0   0.0
 2.510  330.0 -90  42  51  -3.125 270.0  30.0
 2.510  332.5 -90  42  51   3.125 270.0  30.0
 2.510  340.0 -90  42  51   3.125 270.0  30.0
 2.510  342.5 -90  42  51  -3.125 330.0  30.0
 2.510  357.5 -90  42  51  -3.125 150.0  30.0
 2.510  415.0 -90  42  57  -3.125   0.0   0.0
 2.510  417.5 -90  42  60  -3.125   0.0   0.0
 2.510  537.5 -90  42  60   3.125 330.0  30.0
 2.510  540.0 -90  42  60   3.125 330.0  30.0
 2.510  542.5 -90  42  57   3.125 330.0  30.0
 2.510  550.0 -90  42  57  -3.125 330.0  30.0
 2.535  105.0  90  48  57   3.125  90.0  30.0
 2.535  107.5  90  48  57  -3.125  30.0  30.0
 2.535  110.0  90  48  57   3.125 150.0  30.0
 2.535  112.5  90  48  57  -3.125  30.0  30.0
 2.535  115.0  90  48  57   3.125  30.0  30.0
 2.535  117.5  90  48  57   3.125 330.0  30.0
 2.535  120.0  90  48  63   3.125 270.0  30.0
 2.535  122.5  90  48  63   3.125 330.0  30.0
 2.535  130.0  90  48  57   3.125  30.0  30.0
 2.535  140.0  90  48  57   3.125 330.0  30.0
 2.535  312.5  90  48  63  -3.125   0.0   0.0
 2.535  315.0  90  48  63  -3.125   0.0   0.0
 2.535  527.5  90  48  60  -3.125   0.0   0.0
 2.535  530.0  90  48  63  -3.125  30.0  30.0
 2.535  535.0  90  48  57   3.125  90.0  30.0
 2.535  555.0  90  48  60   3.125 330.0  30.0
 2.535  557.5  90  48  63   3.125 330.0  30.0
 2.535  560.0  90  48  57   3.125 330.0  30.0
 2.535  630.0  90  48  60  -3.125  30.0  30.0
 2.535  855.0  90  48  57   3.125   0.0   0.0
 2.535 1057.5  90  48  57   3.125  90.0  30.0
 2.535 1060.0  90  48  57  -3.125  90.0  30.0
 2.535  102.5 -90  45  69   3.125   0.0   0.0
 2.535  105.0 -90  45  66  -3.125   0.0   0.0
 2.535  107.5 -90  45  63   3.125  30.0  30.0
 2.535  110.0 -90  45  57  -3.125 210.0  30.0
 2.535  112.5 -90  45  60  -3.125  90.0  30.0
 2.535  115.0 -90  45  60   3.125  30.0  30.0
 2.535  120.0 -90  45  54   3.125 330.0  30.0
 2.535  122.5 -90  45  57   3.125 330.0  30.0
 2.535  125.0 -90  45  54   3.125 330.0  30.0
 2.535  130.0 -90  45  57   3.125 330.0  30.0
 2.535  135.0 -90  45  60   3.125 330.0  30.0
 2.535  145.0 -90  45  54  -3.125  90.0  30.0
 2.535  147.5 -90  45  54   3.125  90.0  30.0
 2.535  207.5 -90  45  57  -3.125   0.0   0.0
 2.535  210.0 -90  45  57   3.125   0.0   0.0
 2.535  310.0 -90  45  54   3.125   0.0   0.0
 2.535  312.5 -90  45  57  -3.125   0.0   0.0
 2.535  317.5 -90  45  60   3.125   0.0   0.0
 2.535  320.0 -90  45  72   3.125   0.0   0.0
 2.535  322.5 -90  45  66   3.125   0.0   0.0
 2.535  415.0 -90  45  54  -3.125   0.0   0.0
 2.535  417.5 -90  45  57   3.125   0.0   0.0
 2.535  537.5 -90  45  60  -3.125   0.0   0.0
 2.535  540.0 -90  45  60  -3.125   0.0   0.0
 2.535  550.0 -90  45  54   3.125   0.0   0.0
 2.560  315.0  90  57  66   3.125   0.0   0.0
 2.560  632.5  90  57  66  -3.125 270.0  30.0
 2.560  102.5 -90  51  72   3.125   0.0   0.0
 2.560  105.0 -90  51  63  -3.125   0.0   0.0
 2.560  107.5 -90  51  69   3.125   0.0   0.0
 2.560  112.5 -90  51  60  -3.125  90.0  30.0
 2.560  115.0 -90  51  60   3.125  90.0  30.0
 2.560  132.5 -90  51  60   3.125 330.0  30.0
 2.560  135.0 -90  51  66   3.125 330.0  30.0
 2.560  137.5 -90  51  60  -3.125 270.0  30.0
 2.560  207.5 -90  51  63   3.125   0.0   0.0
 2.560  215.0 -90  51  60  -3.125  90.0  30.0
 2.560  317.5 -90  51  66  -3.125   0.0   0.0
 2.560  320.0 -90  51  78  -3.125   0.0   0.0
 2.560  322.5 -90  51  63  -3.125 270.0  30.0
 2.585  315.0  90  57  66  -3.125   0.0   0.0
 2.585  635.0  90  57  66  -3.125 150.0  30.0
 2.585  102.5 -90  51  63  -3.125   0.0   0.0
 2.585  105.0 -90  51  69  -3.125  30.0  30.0
 2.585  107.5 -90  51  66   3.125  30.0  30.0
 2.585  110.0 -90  51  60   3.125 210.0  30.0
 2.585  120.0 -90  51  60  -3.125   0.0   0.0
 2.585  132.5 -90  51  60  -3.125  30.0  30.0
 2.585  135.0 -90  51  60  -3.125 330.0  30.0
 2.585  137.5 -90  51  60   3.125 270.0  30.0
 2.585  145.0 -90  51  60  -3.125 330.0  30.0
 2.585  207.5 -90  51  63  -3.125   0.0   0.0
 2.585  310.0 -90  51  66   3.125 150.0  30.0
 2.585  312.5 -90  51  63  -3.125 150.0  30.0
 2.585  317.5 -90  51  63  -3.125   0.0   0.0
 2.585  320.0 -90  51  78  -3.125   0.0   0.0
 2.585  322.5 -90  51  66  -3.125   0.0   0.0
 2.585  332.5 -90  51  60   3.125 150.0  30.0
 2.610  105.0 -90  54  63   3.125   0.0   0.0
 2.610  110.0 -90  54  63   3.125   0.0   0.0
 2.610  317.5 -90  54  69  -3.125   0.0   0.0
 2.610  320.0 -90  54  78  -3.125   0.0   0.0
 2.610  322.5 -90  54  69  -3.125   0.0   0.0
 2.635  122.5  90  57  66   3.125 330.0  30.0
 2.635  535.0  90  57  66  -3.125  90.0  30.0
 2.635  107.5 -90  54  63   3.125   0.0   0.0
 2.635  110.0 -90  54  63   3.125 210.0  30.0
 2.635  112.5 -90  54  63   3.125  30.0  30.0
 2.635  310.0 -90  54  63  -3.125  90.0  30.0
 2.635  312.5 -90  54  63  -3.125  90.0  30.0
 2.635  317.5 -90  54  72   3.125   0.0   0.0
 2.635  320.0 -90  54  81  -3.125   0.0   0.0
 2.635  322.5 -90  54  69   3.125   0.0   0.0
 2.660  317.5  90  54  63  -3.125   0.0   0.0
 2.660  535.0  90  54  66  -3.125   0.0   0.0
 2.660  567.5  90  54  63  -3.125  30.0  30.0
 2.660  105.0 -90  51  63  -3.125 330.0  30.0
 2.660  107.5 -90  51  66  -3.125   0.0   0.0
 2.660  110.0 -90  51  60   3.125 150.0  30.0
 2.660  112.5 -90  51  60   3.125  90.0  30.0
 2.660  115.0 -90  51  63   3.125  30.0  30.0
 2.660  132.5 -90  51  60   3.125  30.0  30.0
 2.660  310.0 -90  51  60   3.125   0.0   0.0
 2.660  312.5 -90  51  60  -3.125  30.0  30.0
 2.660  315.0 -90  51  60   3.125  90.0  30.0
 2.660  317.5 -90  51  69   3.125   0.0   0.0
 2.660  320.0 -90  51  81  -3.125   0.0   0.0
 2.660  322.5 -90  51  66  -3.125   0.0   0.0
 2.685  125.0  90  51  60   3.125   0.0   0.0
 2.685  317.5  90  51  63  -3.125   0.0   0.0
 2.685  535.0  90  51  60  -3.125   0.0   0.0
 2.685  537.5  90  51  63   3.125   0.0   0.0
 2.685  557.5  90  51  63   3.125  90.0  30.0
 2.685  562.5  90  51  60   3.125   0.0   0.0
 2.685  565.0  90  51  60   3.125   0.0   0.0
 2.685  640.0  90  51  60  -3.125   0.0   0.0
 2.685  102.5 -90  48  63   3.125   0.0   0.0
 2.685  105.0 -90  48  57  -3.125 210.0  30.0
 2.685  107.5 -90  48  63   3.125  90.0  30.0
 2.685  110.0 -90  48  60  -3.125  90.0  30.0
 2.685  115.0 -90  48  60  -3.125  90.0  30.0
 2.685  125.0 -90  48  57  -3.125 330.0  30.0
 2.685  135.0 -90  48  60   3.125 330.0  30.0
 2.685  137.5 -90  48  60   3.125 330.0  30.0
 2.685  142.5 -90  48  57   3.125 330.0  30.0
 2.685  147.5 -90  48  57   3.125 330.0  30.0
 2.685  205.0 -90  48  57   3.125   0.0   0.0
 2.685  207.5 -90  48  60   3.125   0.0   0.0
 2.685  310.0 -90  48  57   3.125 150.0  30.0
 2.685  317.5 -90  48  72  -3.125   0.0   0.0
 2.685  320.0 -90  48  81  -3.125   0.0   0.0
 2.685  322.5 -90  48  66  -3.125   0.0   0.0
 2.685  325.0 -90  48  57  -3.125  90.0  30.0
 2.685  330.0 -90  48  57  -3.125   0.0   0.0
 2.685  332.5 -90  48  57   3.125   0.0   0.0
 2.685  342.5 -90  48  57  -3.125  90.0  30.0
 2.685  427.5 -90  48  57   3.125  90.0  30.0
 2.685  430.0 -90  48  57  -3.125  90.0  30.0
 2.685  540.0 -90  48  57   3.125   0.0   0.0
 2.685  547.5 -90  48  60   3.125   0.0   0.0
 2.685 1275.0 -90  48  57  -3.125  90.0  30.0
 2.710  107.5  90  45  54   3.125  30.0  30.0
 2.710  120.0  90  45  60   3.125 330.0  30.0
 2.710  122.5  90  45  60   3.125 330.0  30.0
 2.710  125.0  90  45  57   3.125 270.0  30.0
 2.710  132.5  90  45  54  -3.125 330.0  30.0
 2.710  175.0  90  45  54   3.125 330.0  30.0
 2.710  317.5  90  45  63   3.125   0.0   0.0
 2.710  320.0  90  45  60  -3.125   0.0   0.0
 2.710  322.5  90  45  54  -3.125   0.0   0.0
 2.710  325.0  90  45  54   3.125  90.0  30.0
 2.710  535.0  90  45  54  -3.125   0.0   0.0
 2.710  537.5  90  45  63   3.125   0.0   0.0
 2.710  540.0  90  45  57  -3.125   0.0   0.0
 2.710  542.5  90  45  54   3.125 330.0  30.0
 2.710  550.0  90  45  57   3.125   0.0   0.0
 2.710  552.5  90  45  57  -3.125  30.0  30.0
 2.710  557.5  90  45  60  -3.125  30.0  30.0
 2.710  560.0  90  45  54   3.125 330.0  30.0
 2.710  562.5  90  45  60   3.125 330.0  30.0
 2.710  565.0  90  45  63  -3.125 330.0  30.0
 2.710  640.0  90  45  60   3.125   0.0   0.0
 2.710  642.5  90  45  57  -3.125   0.0   0.0
 2.710  647.5  90  45  54   3.125   0.0   0.0
 2.710  650.0  90  45  54  -3.125   0.0   0.0
 2.710  865.0  90  45  54   3.125   0.0   0.0
 2.710 1185.0  90  45  57  -3.125  30.0  30.0
 2.710 1270.0  90  45  54   3.125  90.0  30.0
 2.710 1277.5  90  45  54   3.125  90.0  30.0
 2.710 1280.0  90  45  54   3.125  90.0  30.0
 2.710 1282.5  90  45  54   3.125  90.0  30.0
 2.710  102.5 -90  48  66  -3.125   0.0   0.0
 2.710  105.0 -90  48  63   3.125   0.0   0.0
 2.710  107.5 -90  48  57   3.125  30.0  30.0
 2.710  110.0 -90  48  57  -3.125  30.0  30.0
 2.710  120.0 -90  48  60   3.125  30.0  30.0
 2.710  122.5 -90  48  63   3.125 330.0  30.0
 2.710  135.0 -90  48  57   3.125 330.0  30.0
 2.710  142.5 -90  48  57   3.125 330.0  30.0
 2.710  147.5 -90  48  57   3.125 330.0  30.0
 2.710  205.0 -90  48  57   3.125   0.0   0.0
 2.710  317.5 -90  48  69   3.125   0.0   0.0
 2.710  320.0 -90  48  81  -3.125   0.0   0.0
 2.710  322.5 -90  48  69   3.125   0.0   0.0
 2.710  427.5 -90  48  57   3.125   0.0   0.0
 2.710  540.0 -90  48  60   3.125   0.0   0.0
 2.710  547.5 -90  48  57  -3.125   0.0   0.0
 2.710  550.0 -90  48  57   3.125 330.0  30.0
 2.735  110.0  90  45  54   3.125  30.0  30.0
 2.735  117.5  90  45  54   3.125 330.0  30.0
 2.735  120.0  90  45  57   3.125 330.0  30.0
 2.735  122.5  90  45  57   3.125 330.0  30.0
 2.735  317.5  90  45  60  -3.125   0.0   0.0
 2.735  320.0  90  45  60  -3.125   0.0   0.0
 2.735  537.5  90  45  57  -3.125   0.0   0.0
 2.735  540.0  90  45  60   3.125   0.0   0.0
 2.735  550.0  90  45  54   3.125  30.0  30.0
 2.735  552.5  90  45  57   3.125   0.0   0.0
 2.735  557.5  90  45  57   3.125  30.0  30.0
 2.735  560.0  90  45  54   3.125   0.0   0.0
 2.735  565.0  90  45  54   3.125 330.0  30.0
 2.735  570.0  90  45  54  -3.125 330.0  30.0
 2.735  572.5  90  45  54  -3.125   0.0   0.0
 2.735  575.0  90  45  57   3.125  90.0  30.0
 2.735  640.0  90  45  54   3.125   0.0   0.0
 2.735  642.5  90  45  60  -3.125   0.0   0.0
 2.735  645.0  90  45  54  -3.125   0.0   0.0
 2.735  102.5 -90  45  60   3.125   0.0   0.0
 2.735  105.0 -90  45  57   3.125  30.0  30.0
 2.735  107.5 -90  45  63   3.125  30.0  30.0
 2.735  110.0 -90  45  60   3.125  30.0  30.0
 2.735  112.5 -90  45  60   3.125  30.0  30.0
 2.735  120.0 -90  45  57  -3.125  30.0  30.0
 2.735  122.5 -90  45  60   3.125  30.0  30.0
 2.735  125.0 -90  45  60   3.125   0.0   0.0
 2.735  135.0 -90  45  57  -3.125 330.0  30.0
 2.735  145.0 -90  45  54   3.125 270.0  30.0
 2.735  147.5 -90  45  54   3.125 270.0  30.0
 2.735  205.0 -90  45  60  -3.125  90.0  30.0
 2.735  207.5 -90  45  57  -3.125   0.0   0.0
 2.735  212.5 -90  45  54  -3.125   0.0   0.0
 2.735  317.5 -90  45  69  -3.125   0.0   0.0
 2.735  320.0 -90  45  78  -3.125   0.0   0.0
 2.735  322.5 -90  45  66  -3.125   0.0   0.0
 2.735  355.0 -90  45  54  -3.125 150.0  30.0
 2.735  417.5 -90  45  54  -3.125   0.0   0.0
 2.735  425.0 -90  45  54  -3.125   0.0   0.0
 2.735  540.0 -90  45  63   3.125   0.0   0.0
 2.735  542.5 -90  45  60  -3.125   0.0   0.0
 2.735  545.0 -90  45  57  -3.125   0.0   0.0
 2.735  547.5 -90  45  54   3.125 330.0  30.0
 2.735  550.0 -90  45  57  -3.125 330.0  30.0
 2.735  570.0 -90  45  54  -3.125 330.0  30.0
 2.735  582.5 -90  45  54  -3.125  90.0  30.0
 2.760  317.5  90  48  57   3.125 330.0  30.0
 2.760  320.0  90  48  66   3.125 330.0  30.0
 2.760  540.0  90  48  57   3.125   0.0   0.0
 2.760  555.0  90  48  60  -3.125 330.0  30.0
 2.760  560.0  90  48  60   3.125 330.0  30.0
 2.760  567.5  90  48  57  -3.125 330.0  30.0
 2.760  570.0  90  48  60  -3.125 330.0  30.0
 2.760  572.5  90  48  57   3.125 330.0  30.0
 2.760  652.5  90  48  57  -3.125 330.0  30.0
 2.760  965.0  90  48  57  -3.125  30.0  30.0
 2.760 1062.5  90  48  57  -9.375   0.0   0.0
 2.760  102.5 -90  48  60   3.125   0.0   0.0
 2.760  105.0 -90  48  63   3.125  30.0  30.0
 2.760  107.5 -90  48  60   3.125   0.0   0.0
 2.760  110.0 -90  48  60  -3.125 210.0  30.0
 2.760  112.5 -90  48  60   3.125  30.0  30.0
 2.760  115.0 -90  48  57  -3.125  90.0  30.0
 2.760  117.5 -90  48  57  -3.125  90.0  30.0
 2.760  120.0 -90  48  57   3.125  30.0  30.0
 2.760  122.5 -90  48  57  -3.125 210.0  30.0
 2.760  125.0 -90  48  57   3.125 150.0  30.0
 2.760  135.0 -90  48  57  -3.125 330.0  30.0
 2.760  137.5 -90  48  57  -3.125 330.0  30.0
 2.760  142.5 -90  48  57   3.125 330.0  30.0
 2.760  205.0 -90  48  60  -3.125   0.0   0.0
 2.760  207.5 -90  48  60  -3.125  90.0  30.0
 2.760  310.0 -90  48  57  -3.125   0.0   0.0
 2.760  317.5 -90  48  66   3.125 330.0  30.0
 2.760  320.0 -90  48  81  -3.125 330.0  30.0
 2.760  322.5 -90  48  69  -3.125 330.0  30.0
 2.760  355.0 -90  48  57  -3.125 210.0  30.0
 2.760  427.5 -90  48  57  -3.125   0.0   0.0
 2.760  530.0 -90  48  57   3.125   0.0   0.0
 2.760  540.0 -90  48  63   3.125  30.0  30.0
 2.760  542.5 -90  48  60   3.125 330.0  30.0
 2.760  545.0 -90  48  60  -3.125 330.0  30.0
 2.785  320.0  90  51  63   3.125   0.0   0.0
 2.785  322.5  90  51  60   3.125   0.0   0.0
 2.785  555.0  90  51  63   3.125   0.0   0.0
 2.785  572.5  90  51  60   3.125 330.0  30.0
 2.785  645.0  90  51  63  -3.125   0.0   0.0
 2.785  647.5  90  51  60  -3.125   0.0   0.0
 2.785  102.5 -90  48  57   3.125  90.0  30.0
 2.785  105.0 -90  48  57   3.125  30.0  30.0
 2.785  107.5 -90  48  60   3.125   0.0   0.0
 2.785  110.0 -90  48  63   3.125 210.0  30.0
 2.785  112.5 -90  48  57   3.125  30.0  30.0
 2.785  122.5 -90  48  60   3.125 270.0  30.0
 2.785  205.0 -90  48  57   3.125   0.0   0.0
 2.785  295.0 -90  48  57   3.125  30.0  30.0
 2.785  307.5 -90  48  57   3.125   0.0   0.0
 2.785  312.5 -90  48  57   3.125   0.0   0.0
 2.785  315.0 -90  48  57  -3.125   0.0   0.0
 2.785  317.5 -90  48  66  -3.125   0.0   0.0
 2.785  320.0 -90  48  78  -3.125   0.0   0.0
 2.785  322.5 -90  48  72  -3.125   0.0   0.0
 2.785  327.5 -90  48  57   3.125  90.0  30.0
 2.785  332.5 -90  48  57   3.125  90.0  30.0
 2.785  340.0 -90  48  57   3.125   0.0   0.0
 2.785  352.5 -90  48  57   3.125  90.0  30.0
 2.785  427.5 -90  48  57   3.125   0.0   0.0
 2.785  530.0 -90  48  57   3.125   0.0   0.0
 2.785  542.5 -90  48  57  -3.125   0.0   0.0
 2.785  545.0 -90  48  60   3.125  30.0  30.0
 2.785  577.5 -90  48  57  -3.125 330.0  30.0
 2.810  127.5  90  48  57   3.125 330.0  30.0
 2.810  132.5  90  48  57   3.125  30.0  30.0
 2.810  320.0  90  48  63  -3.125   0.0   0.0
 2.810  322.5  90  48  60  -3.125   0.0   0.0
 2.810  547.5  90  48  57  -3.125   0.0   0.0
 2.810  555.0  90  48  60   3.125   0.0   0.0
 2.810  560.0  90  48  57  -3.125 330.0  30.0
 2.810  567.5  90  48  60   3.125 330.0  30.0
 2.810  570.0  90  48  63  -3.125   0.0   0.0
 2.810  572.5  90  48  63  -3.125   0.0   0.0
 2.810  642.5  90  48  57  -3.125 210.0  30.0
 2.810  645.0  90  48  66   3.125   0.0   0.0
 2.810  647.5  90  48  66  -3.125   0.0   0.0
 2.810  660.0  90  48  57   3.125 150.0  30.0
 2.810  662.5  90  48  57  -3.125 150.0  30.0
 2.810  750.0  90  48  57  -3.125   0.0   0.0
 2.810  105.0 -90  48  60   3.125   0.0   0.0
 2.810  107.5 -90  48  60  -3.125 210.0  30.0
 2.810  110.0 -90  48  60  -3.125 210.0  30.0
 2.810  112.5 -90  48  63   3.125  30.0  30.0
 2.810  117.5 -90  48  57   3.125  90.0  30.0
 2.810  120.0 -90  48  57   3.125  30.0  30.0
 2.810  122.5 -90  48  57   3.125 270.0  30.0
 2.810  142.5 -90  48  57   3.125 270.0  30.0
 2.810  145.0 -90  48  57   3.125 270.0  30.0
 2.810  205.0 -90  48  60  -3.125   0.0   0.0
 2.810  212.5 -90  48  57   3.125  90.0  30.0
 2.810  215.0 -90  48  57   3.125  90.0  30.0
 2.810  317.5 -90  48  66   3.125   0.0   0.0
 2.810  320.0 -90  48  81  -3.125   0.0   0.0
 2.810  322.5 -90  48  75  -3.125   0.0   0.0
 2.810  427.5 -90  48  60  -3.125   0.0   0.0
 2.810  530.0 -90  48  57   3.125   0.0   0.0
 2.810  540.0 -90  48  63  -3.125  90.0  30.0
 2.810  542.5 -90  48  57  -3.125  90.0  30.0
 2.810  545.0 -90  48  60  -3.125  90.0  30.0
 2.810  547.5 -90  48  57  -3.125  30.0  30.0
 2.810  757.5 -90  48  60  -3.125   0.0   0.0
 2.835  110.0  90  42  51  -3.125  30.0  30.0
 2.835  117.5  90  42  51  -3.125  30.0  30.0
 2.835  120.0  90  42  51   3.125 330.0  30.0
 2.835  132.5  90  42  54   3.125 330.0  30.0
 2.835  142.5  90  42  51   3.125   0.0   0.0
 2.835  145.0  90  42  51   3.125 270.0  30.0
 2.835  320.0  90  42  54  -3.125   0.0   0.0
 2.835  322.5  90  42  60  -3.125   0.0   0.0
 2.835  547.5  90  42  51   3.125   0.0   0.0
 2.835  555.0  90  42  51   3.125   0.0   0.0
 2.835  560.0  90  42  54  -3.125 330.0  30.0
 2.835  565.0  90  42  57   3.125  30.0  30.0
 2.835  567.5  90  42  51   3.125 330.0  30.0
 2.835  570.0  90  42  54  -3.125  30.0  30.0
 2.835  572.5  90  42  57  -3.125 330.0  30.0
 2.835  582.5  90  42  51   3.125 330.0  30.0
 2.835  645.0  90  42  54  -3.125  30.0  30.0
 2.835  647.5  90  42  63  -3.125  30.0  30.0
 2.835  650.0  90  42  54  -3.125   0.0   0.0
 2.835  652.5  90  42  51   3.125   0.0   0.0
 2.835  655.0  90  42  51   3.125   0.0   0.0
 2.835  657.5  90  42  54  -3.125  90.0  30.0
 2.835  660.0  90  42  57   3.125   0.0   0.0
 2.835  667.5  90  42  51  -3.125   0.0   0.0
 2.835  750.0  90  42  54   3.125  30.0  30.0
 2.835  880.0  90  42  54  -3.125   0.0   0.0
 2.835  972.5  90  42  54  -3.125   0.0   0.0
 2.835  975.0  90  42  51   3.125 330.0  30.0
 2.835  980.0  90  42  51   3.125   0.0   0.0
 2.835  982.5  90  42  51  -3.125   0.0   0.0
 2.835  985.0  90  42  51  -3.125 330.0  30.0
 2.835 1197.5  90  42  51  -3.125  30.0  30.0
 2.835 1202.5  90  42  54  -3.125  90.0  30.0
 2.835  102.5 -90  45  60   3.125   0.0   0.0
 2.835  105.0 -90  45  63   3.125  30.0  30.0
 2.835  107.5 -90  45  63   3.125  30.0  30.0
 2.835  110.0 -90  45  63   3.125  30.0  30.0
 2.835  112.5 -90  45  63   3.125  30.0  30.0
 2.835  120.0 -90  45  57   3.125  30.0  30.0
 2.835  122.5 -90  45  60  -3.125  30.0  30.0
 2.835  125.0 -90  45  57   3.125 330.0  30.0
 2.835  127.5 -90  45  57   3.125 330.0  30.0
 2.835  130.0 -90  45  54   3.125 330.0  30.0
 2.835  135.0 -90  45  57   3.125 330.0  30.0
 2.835  137.5 -90  45  57   3.125 330.0  30.0
 2.835  140.0 -90  45  54   3.125 330.0  30.0
 2.835  142.5 -90  45  54   3.125 270.0  30.0
 2.835  205.0 -90  45  57  -3.125   0.0   0.0
 2.835  207.5 -90  45  60   3.125   0.0   0.0
 2.835  215.0 -90  45  54   3.125  90.0  30.0
 2.835  217.5 -90  45  54   3.125   0.0   0.0
 2.835  220.0 -90  45  57   3.125 150.0  30.0
 2.835  310.0 -90  45  54   3.125   0.0   0.0
 2.835  317.5 -90  45  60  -3.125   0.0   0.0
 2.835  320.0 -90  45  78  -3.125   0.0   0.0
 2.835  322.5 -90  45  72  -3.125   0.0   0.0
 2.835  345.0 -90  45  54   3.125   0.0   0.0
 2.835  430.0 -90  45  57   3.125  30.0  30.0
 2.835  530.0 -90  45  57   3.125   0.0   0.0
 2.835  540.0 -90  45  63   3.125   0.0   0.0
 2.835  542.5 -90  45  66   3.125   0.0   0.0
 2.835  545.0 -90  45  57  -3.125   0.0   0.0
 2.835  547.5 -90  45  57  -3.125  30.0  30.0
 2.835  562.5 -90  45  54   3.125   0.0   0.0
 2.835  575.0 -90  45  54   3.125 330.0  30.0
 2.835  757.5 -90  45  57  -3.125   0.0   0.0
 2.835  760.0 -90  45  60  -3.125   0.0   0.0
 2.860  110.0  90  45  54   3.125  30.0  30.0
 2.860  120.0  90  45  54   3.125  30.0  30.0
 2.860  125.0  90  45  54   3.125 330.0  30.0
 2.860  132.5  90  45  54  -3.125  30.0  30.0
 2.860  135.0  90  45  54  -3.125 270.0  30.0
 2.860  322.5  90  45  63   3.125  30.0  30.0
 2.860  325.0  90  45  54  -3.125  30.0  30.0
 2.860  545.0  90  45  54  -3.125  30.0  30.0
 2.860  547.5  90  45  57   3.125  30.0  30.0
 2.860  550.0  90  45  54   3.125  30.0  30.0
 2.860  562.5  90  45  60   3.125  30.0  30.0
 2.860  572.5  90  45  57  -3.125 330.0  30.0
 2.860  575.0  90  45  54  -3.125 330.0  30.0
 2.860  577.5  90  45  54  -3.125 330.0  30.0
 2.860  647.5  90  45  54  -3.125  30.0  30.0
 2.860  650.0  90  45  54  -3.125  30.0  30.0
 2.860  655.0  90  45  54   3.125  30.0  30.0
 2.860  660.0  90  45  54  -3.125  90.0  30.0
 2.860  665.0  90  45  54  -3.125   0.0   0.0
 2.860  752.5  90  45  54   3.125  30.0  30.0
 2.860  880.0  90  45  54  -3.125  30.0  30.0
 2.860  975.0  90  45  54   3.125 330.0  30.0
 2.860  982.5  90  45  54   3.125   0.0   0.0
 2.860  100.0 -90  45  54   3.125  30.0  30.0
 2.860  102.5 -90  45  57   3.125  30.0  30.0
 2.860  105.0 -90  45  60  -3.125  30.0  30.0
 2.860  107.5 -90  45  66   3.125  30.0  30.0
 2.860  110.0 -90  45  63   3.125   0.0   0.0
 2.860  117.5 -90  45  54   3.125 330.0  30.0
 2.860  120.0 -90  45  57   3.125 330.0  30.0
 2.860  122.5 -90  45  63   3.125 330.0  30.0
 2.860  125.0 -90  45  63  -3.125 330.0  30.0
 2.860  127.5 -90  45  57   3.125 330.0  30.0
 2.860  130.0 -90  45  54  -3.125  30.0  30.0
 2.860  135.0 -90  45  60   3.125 330.0  30.0
 2.860  137.5 -90  45  63   3.125 330.0  30.0
 2.860  140.0 -90  45  60   3.125 330.0  30.0
 2.860  142.5 -90  45  54   3.125 150.0  30.0
 2.860  205.0 -90  45  60  -3.125   0.0   0.0
 2.860  207.5 -90  45  60   3.125  30.0  30.0
 2.860  217.5 -90  45  57   3.125   0.0   0.0
 2.860  220.0 -90  45  57   3.125   0.0   0.0
 2.860  235.0 -90  45  54  -3.125 330.0  30.0
 2.860  310.0 -90  45  54   3.125   0.0   0.0
 2.860  312.5 -90  45  54  -3.125  30.0  30.0
 2.860  317.5 -90  45  54   3.125  30.0  30.0
 2.860  320.0 -90  45  78  -3.125  30.0  30.0
 2.860  322.5 -90  45  78  -3.125  30.0  30.0
 2.860  325.0 -90  45  57  -3.125 330.0  30.0
 2.860  330.0 -90  45  54  -3.125 330.0  30.0
 2.860  340.0 -90  45  54   3.125  30.0  30.0
 2.860  345.0 -90  45  57   3.125 330.0  30.0
 2.860  347.5 -90  45  54   3.125 330.0  30.0
 2.860  360.0 -90  45  54   3.125 330.0  30.0
 2.860  362.5 -90  45  54  -3.125  30.0  30.0
 2.860  427.5 -90  45  54  -3.125 330.0  30.0
 2.860  430.0 -90  45  60  -3.125  30.0  30.0
 2.860  530.0 -90  45  54   3.125  30.0  30.0
 2.860  532.5 -90  45  54   3.125   0.0   0.0
 2.860  537.5 -90  45  54  -3.125  30.0  30.0
 2.860  540.0 -90  45  60   3.125  30.0  30.0
 2.860  542.5 -90  45  69  -3.125  30.0  30.0
 2.860  545.0 -90  45  69  -3.125  30.0  30.0
 2.860  547.5 -90  45  60  -3.125 330.0  30.0
 2.860  550.0 -90  45  57   3.125  30.0  30.0
 2.860  562.5 -90  45  54   3.125   0.0   0.0
 2.860  577.5 -90  45  54  -3.125 330.0  30.0
 2.860  645.0 -90  45  54   3.125  30.0  30.0
 2.860  760.0 -90  45  60  -3.125 330.0  30.0
 2.860  762.5 -90  45  54   3.125  30.0  30.0
 2.885  120.0  90  42  57   3.125  30.0  30.0
 2.885  125.0  90  42  51   3.125 150.0  30.0
 2.885  132.5  90  42  51   3.125 270.0  30.0
 2.885  135.0  90  42  51   3.125  30.0  30.0
 2.885  175.0  90  42  51   3.125 330.0  30.0
 2.885  310.0  90  42  51  -3.125 150.0  30.0
 2.885  322.5  90  42  60  -3.125   0.0   0.0
 2.885  325.0  90  42  57  -3.125   0.0   0.0
 2.885  327.5  90  42  51  -3.125   0.0   0.0
 2.885  547.5  90  42  60  -3.125   0.0   0.0
 2.885  550.0  90  42  60   3.125  30.0  30.0
 2.885  552.5  90  42  51  -3.125  30.0  30.0
 2.885  555.0  90  42  51   3.125   0.0   0.0
 2.885  557.5  90  42  54  -3.125   0.0   0.0
 2.885  560.0  90  42  51   3.125  30.0  30.0
 2.885  562.5  90  42  57   3.125  30.0  30.0
 2.885  570.0  90  42  51   3.125 330.0  30.0
 2.885  572.5  90  42  51   3.125 330.0  30.0
 2.885  580.0  90  42  57  -3.125 330.0  30.0
 2.885  582.5  90  42  51  -3.125 330.0  30.0
 2.885  650.0  90  42  54  -3.125  30.0  30.0
 2.885  655.0  90  42  57   3.125   0.0   0.0
 2.885  660.0  90  42  54  -3.125   0.0   0.0
 2.885  662.5  90  42  51  -3.125   0.0   0.0
 2.885  752.5  90  42  51   3.125   0.0   0.0
 2.885  880.0  90  42  54  -3.125   0.0   0.0
 2.885  895.0  90  42  51   3.125  90.0  30.0
 2.885  987.5  90  42  51  -3.125 330.0  30.0
 2.885  100.0 -90  42  51   3.125  90.0  30.0
 2.885  102.5 -90  42  60   3.125   0.0   0.0
 2.885  105.0 -90  42  54  -3.125 150.0  30.0
 2.885  107.5 -90  42  63  -3.125   0.0   0.0
 2.885  110.0 -90  42  63   3.125   0.0   0.0
 2.885  112.5 -90  42  54  -3.125  90.0  30.0
 2.885  115.0 -90  42  51   3.125  30.0  30.0
 2.885  117.5 -90  42  51   3.125  30.0  30.0
 2.885  122.5 -90  42  60   3.125 270.0  30.0
 2.885  125.0 -90  42  54   3.125  30.0  30.0
 2.885  127.5 -90  42  51  -3.125  30.0  30.0
 2.885  130.0 -90  42  51   3.125 330.0  30.0
 2.885  135.0 -90  42  54   3.125 150.0  30.0
 2.885  137.5 -90  42  54  -3.125 150.0  30.0
 2.885  140.0 -90  42  54   3.125 330.0  30.0
 2.885  185.0 -90  42  51   3.125  30.0  30.0
 2.885  187.5 -90  42  51   3.125 330.0  30.0
 2.885  205.0 -90  42  57  -3.125   0.0   0.0
 2.885  207.5 -90  42  57   3.125   0.0   0.0
 2.885  210.0 -90  42  51   3.125  30.0  30.0
 2.885  222.5 -90  42  51   3.125   0.0   0.0
 2.885  310.0 -90  42  51   3.125   0.0   0.0
 2.885  317.5 -90  42  54   3.125   0.0   0.0
 2.885  320.0 -90  42  78  -3.125   0.0   0.0
 2.885  322.5 -90  42  78  -3.125   0.0   0.0
 2.885  325.0 -90  42  54  -3.125   0.0   0.0
 2.885  332.5 -90  42  51   3.125  30.0  30.0
 2.885  345.0 -90  42  51  -3.125   0.0   0.0
 2.885  347.5 -90  42  51   3.125 330.0  30.0
 2.885  360.0 -90  42  51  -3.125 330.0  30.0
 2.885  362.5 -90  42  51   3.125   0.0   0.0
 2.885  427.5 -90  42  54  -3.125   0.0   0.0
 2.885  430.0 -90  42  60  -3.125   0.0   0.0
 2.885  532.5 -90  42  51  -3.125  30.0  30.0
 2.885  540.0 -90  42  57  -3.125   0.0   0.0
 2.885  542.5 -90  42  51  -3.125 330.0  30.0
 2.885  545.0 -90  42  69  -3.125   0.0   0.0
 2.885  547.5 -90  42  57  -3.125   0.0   0.0
 2.885  550.0 -90  42  54  -3.125  30.0  30.0
 2.885  552.5 -90  42  51  -3.125 330.0  30.0
 2.885  557.5 -90  42  51   3.125   0.0   0.0
 2.885  560.0 -90  42  51   3.125   0.0   0.0
 2.885  562.5 -90  42  54  -3.125 150.0  30.0
 2.885  567.5 -90  42  51   3.125 330.0  30.0
 2.885  570.0 -90  42  51  -3.125  30.0  30.0
 2.885  577.5 -90  42  51  -3.125 330.0  30.0
 2.885  647.5 -90  42  54   3.125   0.0   0.0
 2.885  750.0 -90  42  51   3.125   0.0   0.0
 2.885  760.0 -90  42  57  -3.125   0.0   0.0
 2.885  762.5 -90  42  57  -3.125   0.0   0.0
 2.885  765.0 -90  42  54   3.125   0.0   0.0
 2.885  770.0 -90  42  51   3.125   0.0   0.0
 2.910  107.5  90  45  54  -3.125  30.0  30.0
 2.910  120.0  90  45  54  -3.125 330.0  30.0
 2.910  322.5  90  45  60   3.125   0.0   0.0
 2.910  325.0  90  45  63  -3.125  30.0  30.0
 2.910  327.5  90  45  57   3.125  30.0  30.0
 2.910  547.5  90  45  57   3.125  30.0  30.0
 2.910  550.0  90  45  66  -3.125  30.0  30.0
 2.910  552.5  90  45  57  -3.125  30.0  30.0
 2.910  560.0  90  45  57   3.125  30.0  30.0
 2.910  562.5  90  45  54  -3.125  30.0  30.0
 2.910  565.0  90  45  57  -3.125  90.0  30.0
 2.910  567.5  90  45  57   3.125  90.0  30.0
 2.910  572.5  90  45  54   3.125 330.0  30.0
 2.910  580.0  90  45  60   3.125 330.0  30.0
 2.910  582.5  90  45  54  -3.125 330.0  30.0
 2.910  590.0  90  45  54  -3.125 330.0  30.0
 2.910  652.5  90  45  60  -3.125  30.0  30.0
 2.910  655.0  90  45  57  -3.125  30.0  30.0
 2.910  660.0  90  45  57   3.125  30.0  30.0
 2.910  755.0  90  45  54   3.125  30.0  30.0
 2.910  985.0  90  45  54   3.125  90.0  30.0
 2.910  987.5  90  45  54  -3.125  90.0  30.0
 2.910  102.5 -90  45  60   3.125   0.0   0.0
 2.910  105.0 -90  45  63  -3.125  30.0  30.0
 2.910  107.5 -90  45  66   3.125  30.0  30.0
 2.910  110.0 -90  45  63  -3.125   0.0   0.0
 2.910  112.5 -90  45  60   3.125  30.0  30.0
 2.910  117.5 -90  45  54   3.125  90.0  30.0
 2.910  120.0 -90  45  54   3.125  30.0  30.0
 2.910  122.5 -90  45  57  -3.125 330.0  30.0
 2.910  125.0 -90  45  57   3.125 330.0  30.0
 2.910  127.5 -90  45  57   3.125  30.0  30.0
 2.910  130.0 -90  45  54  -3.125  30.0  30.0
 2.910  135.0 -90  45  54   3.125  30.0  30.0
 2.910  137.5 -90  45  57   3.125 330.0  30.0
 2.910  175.0 -90  45  54   3.125 330.0  30.0
 2.910  185.0 -90  45  54   3.125  30.0  30.0
 2.910  205.0 -90  45  57   3.125   0.0   0.0
 2.910  207.5 -90  45  54   3.125  30.0  30.0
 2.910  320.0 -90  45  78  -3.125  30.0  30.0
 2.910  322.5 -90  45  78  -3.125  30.0  30.0
 2.910  325.0 -90  45  57  -3.125   0.0   0.0
 2.910  327.5 -90  45  54   3.125   0.0   0.0
 2.910  330.0 -90  45  54   3.125   0.0   0.0
 2.910  345.0 -90  45  54   3.125  30.0  30.0
 2.910  360.0 -90  45  54   3.125  90.0  30.0
 2.910  370.0 -90  45  54   3.125  90.0  30.0
 2.910  430.0 -90  45  60  -3.125  30.0  30.0
 2.910  530.0 -90  45  57   3.125  30.0  30.0
 2.910  532.5 -90  45  57  -3.125  30.0  30.0
 2.910  542.5 -90  45  66  -3.125  30.0  30.0
 2.910  545.0 -90  45  69  -3.125  30.0  30.0
 2.910  547.5 -90  45  54  -3.125  30.0  30.0
 2.910  552.5 -90  45  57   3.125 330.0  30.0
 2.910  555.0 -90  45  57   3.125  30.0  30.0
 2.910  565.0 -90  45  57  -3.125  90.0  30.0
 2.910  567.5 -90  45  54   3.125  30.0  30.0
 2.910  585.0 -90  45  54  -3.125  90.0  30.0
 2.910  760.0 -90  45  57  -3.125   0.0   0.0
 2.910  765.0 -90  45  60  -3.125  30.0  30.0
 2.910  767.5 -90  45  54  -3.125  30.0  30.0
 2.910  770.0 -90  45  54  -3.125  30.0  30.0
 2.935  107.5  90  45  54   3.125  30.0  30.0
 2.935  175.0  90  45  54   3.125 330.0  30.0
 2.935  322.5  90  45  54  -3.125   0.0   0.0
 2.935  325.0  90  45  66  -3.125   0.0   0.0
 2.935  327.5  90  45  57   3.125   0.0   0.0
 2.935  550.0  90  45  63  -3.125   0.0   0.0
 2.935  552.5  90  45  63  -3.125   0.0   0.0
 2.935  565.0  90  45  60   3.125   0.0   0.0
 2.935  567.5  90  45  54  -3.125  90.0  30.0
 2.935  570.0  90  45  54  -3.125 330.0  30.0
 2.935  572.5  90  45  54   3.125 330.0  30.0
 2.935  575.0  90  45  54   3.125 330.0  30.0
 2.935  577.5  90  45  60   3.125 330.0  30.0
 2.935  580.0  90  45  54   3.125   0.0   0.0
 2.935  582.5  90  45  54  -3.125 330.0  30.0
 2.935  652.5  90  45  60   3.125   0.0   0.0
 2.935  655.0  90  45  54   3.125   0.0   0.0
 2.935  665.0  90  45  54  -3.125   0.0   0.0
 2.935  102.5 -90  42  57  -3.125   0.0   0.0
 2.935  105.0 -90  42  63   3.125  30.0  30.0
 2.935  107.5 -90  42  66   3.125   0.0   0.0
 2.935  110.0 -90  42  57  -3.125   0.0   0.0
 2.935  112.5 -90  42  57   3.125  30.0  30.0
 2.935  115.0 -90  42  57   3.125  90.0  30.0
 2.935  120.0 -90  42  57   3.125   0.0   0.0
 2.935  122.5 -90  42  60   3.125 330.0  30.0
 2.935  125.0 -90  42  51   3.125 270.0  30.0
 2.935  127.5 -90  42  54   3.125 270.0  30.0
 2.935  130.0 -90  42  54   3.125 330.0  30.0
 2.935  132.5 -90  42  51   3.125  30.0  30.0
 2.935  135.0 -90  42  54   3.125 270.0  30.0
 2.935  137.5 -90  42  57   3.125 330.0  30.0
 2.935  140.0 -90  42  51   3.125 330.0  30.0
 2.935  142.5 -90  42  51   3.125 330.0  30.0
 2.935  145.0 -90  42  57   3.125 330.0  30.0
 2.935  167.5 -90  42  54   3.125  30.0  30.0
 2.935  175.0 -90  42  51   3.125 330.0  30.0
 2.935  205.0 -90  42  51  -3.125  30.0  30.0
 2.935  207.5 -90  42  54  -3.125   0.0   0.0
 2.935  210.0 -90  42  51   3.125   0.0   0.0
 2.935  215.0 -90  42  51   3.125   0.0   0.0
 2.935  225.0 -90  42  51  -3.125 270.0  30.0
 2.935  320.0 -90  42  75  -3.125   0.0   0.0
 2.935  322.5 -90  42  78  -3.125   0.0   0.0
 2.935  325.0 -90  42  57   3.125   0.0   0.0
 2.935  327.5 -90  42  51   3.125   0.0   0.0
 2.935  332.5 -90  42  51  -3.125   0.0   0.0
 2.935  360.0 -90  42  51   3.125   0.0   0.0
 2.935  365.0 -90  42  51   3.125   0.0   0.0
 2.935  425.0 -90  42  51   3.125   0.0   0.0
 2.935  427.5 -90  42  60   3.125   0.0   0.0
 2.935  430.0 -90  42  57  -3.125   0.0   0.0
 2.935  530.0 -90  42  57  -3.125   0.0   0.0
 2.935  532.5 -90  42  54   3.125   0.0   0.0
 2.935  542.5 -90  42  54  -3.125   0.0   0.0
 2.935  545.0 -90  42  66  -3.125  30.0  30.0
 2.935  547.5 -90  42  63  -3.125  90.0  30.0
 2.935  550.0 -90  42  57  -3.125   0.0   0.0
 2.935  555.0 -90  42  54   3.125 330.0  30.0
 2.935  557.5 -90  42  54   3.125 330.0  30.0
 2.935  560.0 -90  42  54   3.125 330.0  30.0
 2.935  562.5 -90  42  51   3.125   0.0   0.0
 2.935  565.0 -90  42  57  -3.125 150.0  30.0
 2.935  567.5 -90  42  51  -3.125 150.0  30.0
 2.935  570.0 -90  42  54  -3.125   0.0   0.0
 2.935  575.0 -90  42  54   3.125 330.0  30.0
 2.935  577.5 -90  42  57   3.125 330.0  30.0
 2.935  752.5 -90  42  51  -3.125   0.0   0.0
 2.935  755.0 -90  42  51  -3.125   0.0   0.0
 2.935  762.5 -90  42  57  -3.125   0.0   0.0
 2.935  765.0 -90  42  51   3.125   0.0   0.0
 2.935  767.5 -90  42  54   3.125   0.0   0.0
 2.935  857.5 -90  42  51   3.125   0.0   0.0
 2.960  122.5  90  42  51   3.125  30.0  30.0
 2.960  135.0  90  42  51  -3.125 330.0  30.0
 2.960  190.0  90  42  51   3.125 330.0  30.0
 2.960  325.0  90  42  66  -3.125   0.0   0.0
 2.960  327.5  90  42  60  -3.125   0.0   0.0
 2.960  330.0  90  42  51  -3.125   0.0   0.0
 2.960  550.0  90  42  57  -3.125  30.0  30.0
 2.960  552.5  90  42  63  -3.125   0.0   0.0
 2.960  555.0  90  42  54  -3.125   0.0   0.0
 2.960  557.5  90  42  54  -3.125   0.0   0.0
 2.960  565.0  90  42  54   3.125 330.0  30.0
 2.960  567.5  90  42  54   3.125  30.0  30.0
 2.960  570.0  90  42  51   3.125 330.0  30.0
 2.960  575.0  90  42  60  -3.125 330.0  30.0
 2.960  577.5  90  42  66   3.125 330.0  30.0
 2.960  580.0  90  42  63   3.125 330.0  30.0
 2.960  582.5  90  42  54  -3.125 330.0  30.0
 2.960  585.0  90  42  57   3.125 330.0  30.0
 2.960  587.5  90  42  51  -3.125 150.0  30.0
 2.960  592.5  90  42  51  -3.125 330.0  30.0
 2.960  652.5  90  42  54   3.125   0.0   0.0
 2.960  655.0  90  42  60   3.125   0.0   0.0
 2.960  660.0  90  42  51   3.125   0.0   0.0
 2.960  665.0  90  42  51  -3.125 150.0  30.0
 2.960  980.0  90  42  51  -3.125   0.0   0.0
 2.960  995.0  90  42  51  -3.125   0.0   0.0
 2.960   95.0 -90  45  54   3.125   0.0   0.0
 2.960   97.5 -90  45  54   3.125   0.0   0.0
 2.960  102.5 -90  45  57   3.125   0.0   0.0
 2.960  105.0 -90  45  60   3.125  30.0  30.0
 2.960  107.5 -90  45  60  -3.125  30.0  30.0
 2.960  112.5 -90  45  54  -3.125  90.0  30.0
 2.960  115.0 -90  45  57   3.125  90.0  30.0
 2.960  120.0 -90  45  57   3.125 330.0  30.0
 2.960  122.5 -90  45  60   3.125 330.0  30.0
 2.960  125.0 -90  45  60   3.125 270.0  30.0
 2.960  127.5 -90  45  57   3.125 270.0  30.0
 2.960  135.0 -90  45  54   3.125 330.0  30.0
 2.960  137.5 -90  45  54   3.125 330.0  30.0
 2.960  142.5 -90  45  54   3.125 330.0  30.0
 2.960  145.0 -90  45  54   3.125 270.0  30.0
 2.960  210.0 -90  45  54  -3.125   0.0   0.0
 2.960  215.0 -90  45  54  -3.125 150.0  30.0
 2.960  320.0 -90  45  72  -3.125   0.0   0.0
 2.960  322.5 -90  45  78  -3.125   0.0   0.0
 2.960  427.5 -90  45  54   3.125   0.0   0.0
 2.960  530.0 -90  45  57   3.125   0.0   0.0
 2.960  532.5 -90  45  57   3.125   0.0   0.0
 2.960  542.5 -90  45  57  -3.125   0.0   0.0
 2.960  545.0 -90  45  69  -3.125   0.0   0.0
 2.960  547.5 -90  45  66  -3.125   0.0   0.0
 2.960  555.0 -90  45  54  -3.125  30.0  30.0
 2.960  557.5 -90  45  57   3.125 330.0  30.0
 2.960  562.5 -90  45  54  -3.125  90.0  30.0
 2.960  565.0 -90  45  54  -3.125 150.0  30.0
 2.960  567.5 -90  45  54  -3.125 150.0  30.0
 2.960  570.0 -90  45  54   3.125  90.0  30.0
 2.960  575.0 -90  45  54   3.125 330.0  30.0
 2.960  577.5 -90  45  54  -3.125 330.0  30.0
 2.960  590.0 -90  45  54   3.125  90.0  30.0
 2.960  762.5 -90  45  57   3.125   0.0   0.0
 2.960  765.0 -90  45  57   3.125   0.0   0.0
 2.985  122.5  90  42  51   3.125  30.0  30.0
 2.985  197.5  90  42  51   3.125  30.0  30.0
 2.985  325.0  90  42  63   3.125   0.0   0.0
 2.985  327.5  90  42  63  -3.125   0.0   0.0
 2.985  552.5  90  42  60  -3.125  30.0  30.0
 2.985  555.0  90  42  66  -3.125   0.0   0.0
 2.985  557.5  90  42  54   3.125   0.0   0.0
 2.985  560.0  90  42  51  -3.125   0.0   0.0
 2.985  567.5  90  42  54  -3.125 150.0  30.0
 2.985  570.0  90  42  54   3.125 330.0  30.0
 2.985  572.5  90  42  51   3.125  30.0  30.0
 2.985  575.0  90  42  51  -3.125 330.0  30.0
 2.985  577.5  90  42  54   3.125   0.0   0.0
 2.985  580.0  90  42  63   3.125 330.0  30.0
 2.985  582.5  90  42  63   3.125 330.0  30.0
 2.985  585.0  90  42  60   3.125 330.0  30.0
 2.985  592.5  90  42  51  -3.125   0.0   0.0
 2.985  652.5  90  42  51   3.125   0.0   0.0
 2.985  655.0  90  42  60  -3.125   0.0   0.0
 2.985  657.5  90  42  54  -3.125   0.0   0.0
 2.985  667.5  90  42  54  -3.125   0.0   0.0
 2.985  777.5  90  42  51   3.125   0.0   0.0
 2.985  780.0  90  42  51   3.125   0.0   0.0
 2.985  887.5  90  42  51   3.125   0.0   0.0
 2.985  890.0  90  42  51  -3.125   0.0   0.0
 2.985  102.5 -90  39  60   3.125   0.0   0.0
 2.985  105.0 -90  39  60   3.125  30.0  30.0
 2.985  107.5 -90  39  48  -3.125  90.0  30.0
 2.985  110.0 -90  39  60   3.125  30.0  30.0
 2.985  112.5 -90  39  63   3.125  30.0  30.0
 2.985  115.0 -90  39  57   3.125  30.0  30.0
 2.985  117.5 -90  39  48   3.125  90.0  30.0
 2.985  120.0 -90  39  51  -3.125 270.0  30.0
 2.985  122.5 -90  39  54   3.125 270.0  30.0
 2.985  125.0 -90  39  57   3.125 270.0  30.0
 2.985  127.5 -90  39  54   3.125 270.0  30.0
 2.985  130.0 -90  39  51  -3.125  30.0  30.0
 2.985  135.0 -90  39  57   3.125 330.0  30.0
 2.985  137.5 -90  39  54   3.125 330.0  30.0
 2.985  140.0 -90  39  54   3.125 330.0  30.0
 2.985  142.5 -90  39  48  -3.125 270.0  30.0
 2.985  165.0 -90  39  48   3.125  90.0  30.0
 2.985  177.5 -90  39  51   3.125  30.0  30.0
 2.985  180.0 -90  39  48   3.125  30.0  30.0
 2.985  185.0 -90  39  48  -3.125 330.0  30.0
 2.985  187.5 -90  39  48   3.125 330.0  30.0
 2.985  192.5 -90  39  48   3.125 330.0  30.0
 2.985  197.5 -90  39  48   3.125  30.0  30.0
 2.985  205.0 -90  39  48  -3.125   0.0   0.0
 2.985  207.5 -90  39  48  -3.125  90.0  30.0
 2.985  212.5 -90  39  48   3.125 150.0  30.0
 2.985  215.0 -90  39  48   3.125 150.0  30.0
 2.985  217.5 -90  39  48  -3.125   0.0   0.0
 2.985  232.5 -90  39  48  -3.125  90.0  30.0
 2.985  317.5 -90  39  48   3.125   0.0   0.0
 2.985  320.0 -90  39  69  -3.125   0.0   0.0
 2.985  322.5 -90  39  78  -3.125   0.0   0.0
 2.985  325.0 -90  39  69  -3.125   0.0   0.0
 2.985  327.5 -90  39  54  -3.125   0.0   0.0
 2.985  340.0 -90  39  51   3.125 330.0  30.0
 2.985  357.5 -90  39  48  -3.125 150.0  30.0
 2.985  420.0 -90  39  48  -3.125 150.0  30.0
 2.985  425.0 -90  39  48   3.125   0.0   0.0
 2.985  427.5 -90  39  57  -3.125   0.0   0.0
 2.985  430.0 -90  39  57  -3.125   0.0   0.0
 2.985  432.5 -90  39  57  -3.125  30.0  30.0
 2.985  435.0 -90  39  54   3.125   0.0   0.0
 2.985  437.5 -90  39  48  -3.125   0.0   0.0
 2.985  440.0 -90  39  48  -3.125  30.0  30.0
 2.985  445.0 -90  39  48  -3.125   0.0   0.0
 2.985  530.0 -90  39  54  -3.125   0.0   0.0
 2.985  532.5 -90  39  54   3.125   0.0   0.0
 2.985  542.5 -90  39  54   3.125   0.0   0.0
 2.985  545.0 -90  39  72  -3.125   0.0   0.0
 2.985  547.5 -90  39  69  -3.125   0.0   0.0
 2.985  550.0 -90  39  57   3.125 330.0  30.0
 2.985  552.5 -90  39  51   3.125  90.0  30.0
 2.985  555.0 -90  39  51  -3.125   0.0   0.0
 2.985  557.5 -90  39  54   3.125 330.0  30.0
 2.985  560.0 -90  39  54   3.125 330.0  30.0
 2.985  562.5 -90  39  54  -3.125   0.0   0.0
 2.985  565.0 -90  39  54   3.125   0.0   0.0
 2.985  567.5 -90  39  51  -3.125 210.0  30.0
 2.985  570.0 -90  39  57  -3.125 150.0  30.0
 2.985  572.5 -90  39  51   3.125 330.0  30.0
 2.985  575.0 -90  39  48  -3.125 330.0  30.0
 2.985  577.5 -90  39  54  -3.125 330.0  30.0
 2.985  580.0 -90  39  51  -3.125 330.0  30.0
 2.985  582.5 -90  39  54   3.125   0.0   0.0
 2.985  585.0 -90  39  48   3.125 330.0  30.0
 2.985  587.5 -90  39  51  -3.125  90.0  30.0
 2.985  590.0 -90  39  57  -3.125  90.0  30.0
 2.985  592.5 -90  39  51   3.125  90.0  30.0
 2.985  595.0 -90  39  48  -3.125  90.0  30.0
 2.985  650.0 -90  39  48   3.125   0.0   0.0
 2.985  757.5 -90  39  48  -3.125   0.0   0.0
 2.985  760.0 -90  39  51  -3.125   0.0   0.0
 2.985  765.0 -90  39  54   3.125   0.0   0.0
 2.985  767.5 -90  39  54  -3.125   0.0   0.0
 2.985  770.0 -90  39  54  -3.125  30.0  30.0
 2.985  772.5 -90  39  54   3.125   0.0   0.0
 2.985  775.0 -90  39  51   3.125 330.0  30.0
 2.985  780.0 -90  39  48  -3.125   0.0   0.0
 2.985  782.5 -90  39  51  -3.125   0.0   0.0
 2.985  787.5 -90  39  48  -3.125 330.0  30.0
 2.985  860.0 -90  39  48  -3.125   0.0   0.0
 2.985  875.0 -90  39  48  -3.125   0.0   0.0
 2.985  985.0 -90  39  48   3.125   0.0   0.0
 2.985  990.0 -90  39  48  -3.125 330.0  30.0
 2.985  992.5 -90  39  48  -3.125   0.0   0.0
 2.985 1012.5 -90  39  48  -9.375  90.0  30.0
 2.985 1017.5 -90  39  54  -3.125 330.0  30.0
 2.985 1020.0 -90  39  51  -3.125 330.0  30.0
 2.985 1022.5 -90  39  57   3.125 330.0  30.0
 2.985 1025.0 -90  39  54   3.125 330.0  30.0
 2.985 1027.5 -90  39  57   3.125 330.0  30.0
 2.985 1030.0 -90  39  48  -3.125 330.0  30.0
 2.985 1032.5 -90  39  54  -3.125 330.0  30.0
 2.985 1035.0 -90  39  48   3.125  30.0  30.0
 2.985 1037.5 -90  39  57  -3.125 330.0  30.0
 2.985 1040.0 -90  39  48  -3.125 330.0  30.0
 2.985 1042.5 -90  39  57   3.125 330.0  30.0
 2.985 1045.0 -90  39  54  -3.125 330.0  30.0
 2.985 1047.5 -90  39  54   3.125 330.0  30.0
 2.985 1050.0 -90  39  57   3.125 330.0  30.0
 2.985 1052.5 -90  39  57  -3.125 330.0  30.0
 2.985 1055.0 -90  39  48  -3.125 330.0  30.0
 2.985 1057.5 -90  39  54  -9.375 330.0  30.0
 2.985 1060.0 -90  39  54   9.375 330.0  30.0
 2.985 1062.5 -90  39  57   9.375 330.0  30.0
 2.985 1065.0 -90  39  48   9.375 330.0  30.0
 2.985 1067.5 -90  39  57  -9.375 330.0  30.0
 2.985 1070.0 -90  39  54  -9.375 330.0  30.0
 2.985 1072.5 -90  39  57  -9.375 330.0  30.0
 2.985 1075.0 -90  39  54  -9.375 330.0  30.0
 2.985 1077.5 -90  39  54  -9.375 330.0  30.0
 2.985 1080.0 -90  39  57  -9.375 330.0  30.0
 2.985 1082.5 -90  39  60  -9.375 330.0  30.0
 2.985 1087.5 -90  39  57   9.375 330.0  30.0
 2.985 1090.0 -90  39  48   9.375 330.0  30.0
 2.985 1092.5 -90  39  57  -9.375 330.0  30.0
 2.985 1095.0 -90  39  54  -9.375 330.0  30.0
 2.985 1097.5 -90  39  51  -9.375 330.0  30.0
 2.985 1100.0 -90  39  48  -9.375 330.0  30.0
 3.060  327.5  90  42  66  -3.125   0.0   0.0
 3.060  330.0  90  42  66  -3.125   0.0   0.0
 3.060  332.5  90  42  54  -3.125   0.0   0.0
 3.060  442.5  90  42  51   3.125 330.0  30.0
 3.060  557.5  90  42  51  -3.125   0.0   0.0
 3.060  560.0  90  42  57  -3.125  30.0  30.0
 3.060  567.5  90  42  57   3.125   0.0   0.0
 3.060  570.0  90  42  60  -3.125   0.0   0.0
 3.060  572.5  90  42  57  -3.125 330.0  30.0
 3.060  575.0  90  42  51  -3.125 330.0  30.0
 3.060  577.5  90  42  51   3.125 330.0  30.0
 3.060  580.0  90  42  57   3.125   0.0   0.0
 3.060  582.5  90  42  57  -3.125 330.0  30.0
 3.060  585.0  90  42  54   3.125 330.0  30.0
 3.060  587.5  90  42  57  -3.125  30.0  30.0
 3.060  590.0  90  42  54  -3.125  30.0  30.0
 3.060  595.0  90  42  51   3.125 270.0  30.0
 3.060  657.5  90  42  51  -3.125   0.0   0.0
 3.060  660.0  90  42  63  -3.125   0.0   0.0
 3.060  662.5  90  42  60  -3.125   0.0   0.0
 3.060  665.0  90  42  60   3.125   0.0   0.0
 3.060  670.0  90  42  51  -3.125   0.0   0.0
 3.060  762.5  90  42  51   3.125  30.0  30.0
 3.060  897.5  90  42  51  -3.125  30.0  30.0
 3.060  992.5  90  42  57  -3.125  30.0  30.0
 3.060  995.0  90  42  54  -3.125   0.0   0.0
 3.060 1012.5  90  42  54  -9.375  30.0  30.0
 3.060 1017.5  90  42  51   3.125 330.0  30.0
 3.060 1022.5  90  42  57  -9.375  30.0  30.0
 3.060 1025.0  90  42  51   3.125  30.0  30.0
 3.060 1027.5  90  42  54  -3.125  30.0  30.0
 3.060 1030.0  90  42  51   9.375 270.0  30.0
 3.060 1032.5  90  42  57   9.375  30.0  30.0
 3.060 1035.0  90  42  51   3.125 210.0  30.0
 3.060 1037.5  90  42  51  -3.125 330.0  30.0
 3.060 1042.5  90  42  51   9.375 330.0  30.0
 3.060 1047.5  90  42  57  -3.125  30.0  30.0
 3.060 1052.5  90  42  51   3.125 330.0  30.0
 3.060 1057.5  90  42  54   3.125  30.0  30.0
 3.060 1062.5  90  42  51  -3.125 330.0  30.0
 3.060 1072.5  90  42  51   3.125 330.0  30.0
 3.060 1077.5  90  42  57   9.375  30.0  30.0
 3.060 1080.0  90  42  51  -9.375 270.0  30.0
 3.060 1082.5  90  42  54  -9.375  30.0  30.0
 3.060 1085.0  90  42  51   3.125 270.0  30.0
 3.060 1087.5  90  42  51   9.375 330.0  30.0
 3.060 1225.0  90  42  51   3.125   0.0   0.0
 3.060 1227.5  90  42  51  -3.125   0.0   0.0
 3.060  105.0 -90  45  57  -3.125  30.0  30.0
 3.060  110.0 -90  45  57   3.125   0.0   0.0
 3.060  112.5 -90  45  60   3.125  30.0  30.0
 3.060  120.0 -90  45  63   3.125 270.0  30.0
 3.060  122.5 -90  45  60   3.125 330.0  30.0
 3.060  125.0 -90  45  54  -3.125 270.0  30.0
 3.060  127.5 -90  45  54  -3.125 270.0  30.0
 3.060  140.0 -90  45  54   3.125 270.0  30.0
 3.060  320.0 -90  45  57   3.125   0.0   0.0
 3.060  322.5 -90  45  81  -3.125   0.0   0.0
 3.060  325.0 -90  45  78  -3.125   0.0   0.0
 3.060  327.5 -90  45  60   3.125   0.0   0.0
 3.060  330.0 -90  45  54  -3.125  30.0  30.0
 3.060  342.5 -90  45  54  -3.125  30.0  30.0
 3.060  430.0 -90  45  57  -3.125   0.0   0.0
 3.060  432.5 -90  45  54  -3.125   0.0   0.0
 3.060  545.0 -90  45  54  -3.125   0.0   0.0
 3.060  547.5 -90  45  72  -3.125   0.0   0.0
 3.060  550.0 -90  45  72  -3.125   0.0   0.0
 3.060  552.5 -90  45  54   3.125   0.0   0.0
 3.060  555.0 -90  45  60   3.125  30.0  30.0
 3.060  557.5 -90  45  63   3.125   0.0   0.0
 3.060  560.0 -90  45  57  -3.125   0.0   0.0
 3.060  562.5 -90  45  57   3.125   0.0   0.0
 3.060  565.0 -90  45  63   3.125   0.0   0.0
 3.060  567.5 -90  45  60   3.125   0.0   0.0
 3.060  572.5 -90  45  54   3.125 330.0  30.0
 3.060  577.5 -90  45  54   3.125 330.0  30.0
 3.060  585.0 -90  45  54  -3.125 270.0  30.0
 3.060  590.0 -90  45  54  -3.125 330.0  30.0
 3.060  652.5 -90  45  57  -3.125   0.0   0.0
 3.060  757.5 -90  45  54   3.125   0.0   0.0
 3.060  767.5 -90  45  54  -3.125   0.0   0.0
 3.060  770.0 -90  45  54  -3.125   0.0   0.0
 3.060  785.0 -90  45  54   3.125   0.0   0.0
 3.060  792.5 -90  45  54   3.125   0.0   0.0
 3.085  327.5  90  42  63  -3.125   0.0   0.0
 3.085  330.0  90  42  69  -3.125   0.0   0.0
 3.085  332.5  90  42  57  -3.125   0.0   0.0
 3.085  567.5  90  42  51  -3.125   0.0   0.0
 3.085  572.5  90  42  60   3.125 330.0  30.0
 3.085  575.0  90  42  57   3.125 330.0  30.0
 3.085  582.5  90  42  57   3.125 330.0  30.0
 3.085  587.5  90  42  51   3.125 270.0  30.0
 3.085  590.0  90  42  57  -3.125 330.0  30.0
 3.085  600.0  90  42  51   3.125 330.0  30.0
 3.085  660.0  90  42  57   3.125   0.0   0.0
 3.085  662.5  90  42  66  -3.125   0.0   0.0
 3.085  665.0  90  42  57  -3.125   0.0   0.0
 3.085  667.5  90  42  51  -3.125   0.0   0.0
 3.085  897.5  90  42  54  -3.125  90.0  30.0
 3.085  905.0  90  42  51  -3.125   0.0   0.0
 3.085  992.5  90  42  51   3.125  30.0  30.0
 3.085  995.0  90  42  51  -3.125   0.0   0.0
 3.085  997.5  90  42  54  -3.125   0.0   0.0
 3.085 1000.0  90  42  57  -3.125   0.0   0.0
 3.085 1002.5  90  42  57  -3.125   0.0   0.0
 3.085 1225.0  90  42  51  -3.125  30.0  30.0
 3.085  105.0 -90  45  54  -3.125  30.0  30.0
 3.085  110.0 -90  45  57   3.125   0.0   0.0
 3.085  112.5 -90  45  57   3.125  30.0  30.0
 3.085  120.0 -90  45  60   3.125 330.0  30.0
 3.085  122.5 -90  45  57   3.125  30.0  30.0
 3.085  125.0 -90  45  54   3.125 270.0  30.0
 3.085  127.5 -90  45  57   3.125 330.0  30.0
 3.085  130.0 -90  45  54   3.125 270.0  30.0
 3.085  135.0 -90  45  54   3.125 330.0  30.0
 3.085  137.5 -90  45  54   3.125 330.0  30.0
 3.085  145.0 -90  45  54   3.125 270.0  30.0
 3.085  222.5 -90  45  54   3.125   0.0   0.0
 3.085  322.5 -90  45  78  -3.125   0.0   0.0
 3.085  325.0 -90  45  78  -3.125   0.0   0.0
 3.085  327.5 -90  45  60  -3.125   0.0   0.0
 3.085  330.0 -90  45  57  -3.125   0.0   0.0
 3.085  430.0 -90  45  54   3.125   0.0   0.0
 3.085  432.5 -90  45  54   3.125   0.0   0.0
 3.085  537.5 -90  45  54   3.125  30.0  30.0
 3.085  547.5 -90  45  72  -3.125   0.0   0.0
 3.085  550.0 -90  45  75  -3.125   0.0   0.0
 3.085  552.5 -90  45  54   3.125   0.0   0.0
 3.085  555.0 -90  45  57  -3.125  30.0  30.0
 3.085  557.5 -90  45  54   3.125 330.0  30.0
 3.085  560.0 -90  45  57   3.125   0.0   0.0
 3.085  565.0 -90  45  63  -3.125 330.0  30.0
 3.085  567.5 -90  45  60  -3.125 330.0  30.0
 3.085  570.0 -90  45  54   3.125 150.0  30.0
 3.085  575.0 -90  45  54   3.125 330.0  30.0
 3.085  577.5 -90  45  57   3.125 330.0  30.0
 3.085  580.0 -90  45  57   3.125 330.0  30.0
 3.085  582.5 -90  45  54  -3.125 330.0  30.0
 3.085  585.0 -90  45  54  -3.125   0.0   0.0
 3.085  592.5 -90  45  54   3.125  90.0  30.0
 3.085  652.5 -90  45  54  -3.125   0.0   0.0
 3.085  757.5 -90  45  54  -3.125   0.0   0.0
 3.085  770.0 -90  45  63   3.125   0.0   0.0
 3.085  772.5 -90  45  57   3.125   0.0   0.0
 3.085  785.0 -90  45  54   3.125 330.0  30.0
 3.085  862.5 -90  45  54  -3.125   0.0   0.0
 3.085 1012.5 -90  45  57   3.125 330.0  30.0
 3.085 1017.5 -90  45  57   9.375 330.0  30.0
 3.085 1020.0 -90  45  54  -3.125 330.0  30.0
 3.085 1022.5 -90  45  60  -3.125 330.0  30.0
 3.085 1025.0 -90  45  57   3.125 330.0  30.0
 3.085 1027.5 -90  45  57  -3.125 150.0  30.0
 3.085 1030.0 -90  45  57  -3.125 330.0  30.0
 3.085 1032.5 -90  45  60  -3.125 150.0  30.0
 3.085 1035.0 -90  45  57  -3.125 330.0  30.0
 3.085 1037.5 -90  45  60   3.125 330.0  30.0
 3.085 1042.5 -90  45  57  -9.375 330.0  30.0
 3.085 1045.0 -90  45  54   9.375 150.0  30.0
 3.085 1047.5 -90  45  57   9.375 330.0  30.0
 3.085 1050.0 -90  45  57   9.375 330.0  30.0
 3.085 1052.5 -90  45  57   3.125 330.0  30.0
 3.085 1055.0 -90  45  57  -9.375 330.0  30.0
 3.085 1057.5 -90  45  60  -3.125 330.0  30.0
 3.085 1060.0 -90  45  54   3.125 330.0  30.0
 3.085 1062.5 -90  45  60  -3.125 330.0  30.0
 3.085 1065.0 -90  45  54   9.375 330.0  30.0
 3.085 1067.5 -90  45  57  -3.125 330.0  30.0
 3.085 1072.5 -90  45  57  -9.375 330.0  30.0
 3.085 1075.0 -90  45  54  -3.125 150.0  30.0
 3.085 1077.5 -90  45  57   3.125 330.0  30.0
 3.085 1080.0 -90  45  57  -3.125 330.0  30.0
 3.085 1082.5 -90  45  60  -9.375 150.0  30.0
 3.085 1085.0 -90  45  57  -9.375 330.0  30.0
 3.085 1087.5 -90  45  60   3.125 330.0  30.0
 3.085 1090.0 -90  45  54   9.375 150.0  30.0
 3.085 1092.5 -90  45  54  -3.125 330.0  30.0
 3.085 1095.0 -90  45  54   9.375 330.0  30.0
 3.110  327.5  90  45  57   3.125   0.0   0.0
 3.110  330.0  90  45  69  -3.125   0.0   0.0
 3.110  332.5  90  45  57  -3.125   0.0   0.0
 3.110  562.5  90  45  54  -3.125  30.0  30.0
 3.110  572.5  90  45  54   3.125   0.0   0.0
 3.110  575.0  90  45  60   3.125  30.0  30.0
 3.110  582.5  90  45  60   3.125 330.0  30.0
 3.110  585.0  90  45  60  -3.125 330.0  30.0
 3.110  587.5  90  45  54  -3.125 330.0  30.0
 3.110  590.0  90  45  60  -3.125 330.0  30.0
 3.110  595.0  90  45  54   3.125 330.0  30.0
 3.110  597.5  90  45  54   3.125  30.0  30.0
 3.110  662.5  90  45  57  -3.125   0.0   0.0
 3.110  665.0  90  45  60  -3.125   0.0   0.0
 3.110  667.5  90  45  54  -3.125  30.0  30.0
 3.110  670.0  90  45  54  -3.125   0.0   0.0
 3.110  995.0  90  45  60  -3.125   0.0   0.0
 3.110  997.5  90  45  54  -3.125   0.0   0.0
 3.110 1000.0  90  45  60  -3.125   0.0   0.0
 3.110 1002.5  90  45  60  -3.125   0.0   0.0
 3.110 1005.0  90  45  57  -3.125   0.0   0.0
 3.110   82.5 -90  48  60   3.125   0.0   0.0
 3.110   85.0 -90  48  60   9.375  30.0  30.0
 3.110   87.5 -90  48  60   9.375   0.0   0.0
 3.110   90.0 -90  48  60   3.125   0.0   0.0
 3.110   92.5 -90  48  60  -9.375   0.0   0.0
 3.110   95.0 -90  48  57  -3.125   0.0   0.0
 3.110   97.5 -90  48  60  -9.375   0.0   0.0
 3.110  100.0 -90  48  57   3.125   0.0   0.0
 3.110  102.5 -90  48  63  -3.125   0.0   0.0
 3.110  105.0 -90  48  60  -3.125   0.0   0.0
 3.110  107.5 -90  48  60   9.375   0.0   0.0
 3.110  110.0 -90  48  66   3.125   0.0   0.0
 3.110  112.5 -90  48  63  -3.125   0.0   0.0
 3.110  115.0 -90  48  63  -3.125   0.0   0.0
 3.110  117.5 -90  48  63  -9.375   0.0   0.0
 3.110  120.0 -90  48  63   3.125 330.0  30.0
 3.110  122.5 -90  48  60  -3.125   0.0   0.0
 3.110  127.5 -90  48  60  -9.375   0.0   0.0
 3.110  130.0 -90  48  57  -3.125  30.0  30.0
 3.110  132.5 -90  48  63  -3.125   0.0   0.0
 3.110  137.5 -90  48  60  -3.125   0.0   0.0
 3.110  140.0 -90  48  60  -9.375   0.0   0.0
 3.110  142.5 -90  48  63   3.125   0.0   0.0
 3.110  145.0 -90  48  60   9.375   0.0   0.0
 3.110  150.0 -90  48  60   3.125   0.0   0.0
 3.110  222.5 -90  48  57   3.125  90.0  30.0
 3.110  227.5 -90  48  57  -3.125   0.0   0.0
 3.110  320.0 -90  48  57   3.125   0.0   0.0
 3.110  322.5 -90  48  75   3.125   0.0   0.0
 3.110  325.0 -90  48  81   3.125   0.0   0.0
 3.110  327.5 -90  48  57   3.125   0.0   0.0
 3.110  330.0 -90  48  60   3.125   0.0   0.0
 3.110  332.5 -90  48  57  -3.125   0.0   0.0
 3.110  335.0 -90  48  57  -3.125 330.0  30.0
 3.110  547.5 -90  48  69  -3.125   0.0   0.0
 3.110  550.0 -90  48  78  -3.125   0.0   0.0
 3.110  552.5 -90  48  66   3.125   0.0   0.0
 3.110  557.5 -90  48  57   3.125   0.0   0.0
 3.110  560.0 -90  48  60   3.125  30.0  30.0
 3.110  562.5 -90  48  57   3.125 330.0  30.0
 3.110  565.0 -90  48  60  -3.125 330.0  30.0
 3.110  570.0 -90  48  63   3.125   0.0   0.0
 3.110  572.5 -90  48  57   3.125 330.0  30.0
 3.110  577.5 -90  48  63  -3.125 330.0  30.0
 3.110  580.0 -90  48  63  -3.125 330.0  30.0
 3.110  592.5 -90  48  57  -3.125  90.0  30.0
 3.110  652.5 -90  48  57  -3.125   0.0   0.0
 3.110  770.0 -90  48  57   3.125   0.0   0.0
 3.110  772.5 -90  48  63   3.125   0.0   0.0
 3.110 1012.5 -90  48  66  -9.375 330.0  30.0
 3.110 1017.5 -90  48  66   9.375 330.0  30.0
 3.110 1020.0 -90  48  63   3.125 330.0  30.0
 3.110 1022.5 -90  48  69  -9.375 330.0  30.0
 3.110 1025.0 -90  48  63  -3.125 330.0  30.0
 3.110 1027.5 -90  48  69  -9.375 330.0  30.0
 3.110 1030.0 -90  48  63  -3.125 330.0  30.0
 3.110 1032.5 -90  48  69  -9.375 330.0  30.0
 3.110 1035.0 -90  48  63  -3.125 330.0  30.0
 3.110 1037.5 -90  48  66   9.375 330.0  30.0
 3.110 1040.0 -90  48  63   3.125 330.0  30.0
 3.110 1042.5 -90  48  66   9.375 330.0  30.0
 3.110 1045.0 -90  48  63   3.125 330.0  30.0
 3.110 1047.5 -90  48  69  -9.375 330.0  30.0
 3.110 1050.0 -90  48  63  -3.125 330.0  30.0
 3.110 1052.5 -90  48  69   3.125 330.0  30.0
 3.110 1055.0 -90  48  60   3.125 330.0  30.0
 3.110 1057.5 -90  48  69   3.125 330.0  30.0
 3.110 1060.0 -90  48  63   9.375 330.0  30.0
 3.110 1062.5 -90  48  66  -3.125 330.0  30.0
 3.110 1065.0 -90  48  63  -9.375 330.0  30.0
 3.110 1067.5 -90  48  66  -3.125 330.0  30.0
 3.110 1070.0 -90  48  63  -9.375 330.0  30.0
 3.110 1072.5 -90  48  66  -3.125 330.0  30.0
 3.110 1075.0 -90  48  63  -9.375 330.0  30.0
 3.110 1077.5 -90  48  69   3.125 330.0  30.0
 3.110 1080.0 -90  48  63   9.375 330.0  30.0
 3.110 1082.5 -90  48  69   3.125 330.0  30.0
 3.110 1085.0 -90  48  63   9.375 330.0  30.0
 3.110 1087.5 -90  48  66  -3.125 330.0  30.0
 3.110 1090.0 -90  48  63  -9.375 330.0  30.0
 3.110 1092.5 -90  48  57   9.375  30.0  30.0
 3.110 1095.0 -90  48  63  -9.375 330.0  30.0
 3.110 1147.5 -90  48  57  -9.375 270.0  30.0
 3.110 1182.5 -90  48  57   9.375   0.0   0.0
 3.110 1185.0 -90  48  57   9.375 330.0  30.0
 3.110 1202.5 -90  48  57   3.125 270.0  30.0
 3.110 1207.5 -90  48  57   9.375 270.0  30.0
 3.135  330.0  90  45  69   3.125   0.0   0.0
 3.135  332.5  90  45  63  -3.125   0.0   0.0
 3.135  335.0  90  45  54  -3.125   0.0   0.0
 3.135  567.5  90  45  57  -3.125   0.0   0.0
 3.135  575.0  90  45  60   3.125   0.0   0.0
 3.135  577.5  90  45  60  -3.125   0.0   0.0
 3.135  582.5  90  45  57  -3.125 330.0  30.0
 3.135  585.0  90  45  60   3.125 330.0  30.0
 3.135  587.5  90  45  63  -3.125 330.0  30.0
 3.135  590.0  90  45  60   3.125 330.0  30.0
 3.135  592.5  90  45  57   3.125 330.0  30.0
 3.135  595.0  90  45  57  -3.125 330.0  30.0
 3.135  665.0  90  45  54  -3.125  30.0  30.0
 3.135  667.5  90  45  54  -3.125   0.0   0.0
 3.135  672.5  90  45  54   3.125   0.0   0.0
 3.135  782.5  90  45  54  -3.125   0.0   0.0
 3.135  995.0  90  45  54   3.125   0.0   0.0
 3.135  997.5  90  45  57   3.125   0.0   0.0
 3.135 1007.5  90  45  54  -3.125   0.0   0.0
 3.135 1012.5  90  45  69  -3.125  30.0  30.0
 3.135 1015.0  90  45  60  -3.125 330.0  30.0
 3.135 1017.5  90  45  72   3.125  30.0  30.0
 3.135 1020.0  90  45  69   3.125  30.0  30.0
 3.135 1022.5  90  45  72  -9.375  30.0  30.0
 3.135 1025.0  90  45  72   9.375  30.0  30.0
 3.135 1027.5  90  45  75  -3.125  30.0  30.0
 3.135 1030.0  90  45  72  -9.375  30.0  30.0
 3.135 1032.5  90  45  75   9.375  30.0  30.0
 3.135 1035.0  90  45  72   3.125  30.0  30.0
 3.135 1037.5  90  45  72  -9.375  30.0  30.0
 3.135 1040.0  90  45  69   9.375  30.0  30.0
 3.135 1042.5  90  45  72   9.375  30.0  30.0
 3.135 1045.0  90  45  69   9.375  30.0  30.0
 3.135 1047.5  90  45  72  -9.375  30.0  30.0
 3.135 1050.0  90  45  72  -9.375  30.0  30.0
 3.135 1052.5  90  45  75   3.125  30.0  30.0
 3.135 1055.0  90  45  72  -3.125  30.0  30.0
 3.135 1057.5  90  45  75   3.125  30.0  30.0
 3.135 1060.0  90  45  72  -3.125  30.0  30.0
 3.135 1062.5  90  45  72   9.375  30.0  30.0
 3.135 1065.0  90  45  69   3.125  30.0  30.0
 3.135 1067.5  90  45  72   9.375  30.0  30.0
 3.135 1070.0  90  45  69   3.125  30.0  30.0
 3.135 1072.5  90  45  72   9.375  30.0  30.0
 3.135 1075.0  90  45  69   9.375  30.0  30.0
 3.135 1077.5  90  45  72   3.125  30.0  30.0
 3.135 1080.0  90  45  72   9.375  30.0  30.0
 3.135 1082.5  90  45  75  -3.125  30.0  30.0
 3.135 1085.0  90  45  72   3.125  30.0  30.0
 3.135 1087.5  90  45  72  -3.125 150.0  30.0
 3.135 1090.0  90  45  69   3.125  30.0  30.0
 3.135 1092.5  90  45  72   9.375  30.0  30.0
 3.135 1095.0  90  45  69   9.375  30.0  30.0
 3.135   80.0 -90  51  72  -3.125   0.0   0.0
 3.135   82.5 -90  51  75   3.125   0.0   0.0
 3.135   85.0 -90  51  72  -3.125   0.0   0.0
 3.135   87.5 -90  51  75   3.125   0.0   0.0
 3.135   90.0 -90  51  72  -3.125   0.0   0.0
 3.135   92.5 -90  51  75  -3.125   0.0   0.0
 3.135   95.0 -90  51  72   3.125   0.0   0.0
 3.135   97.5 -90  51  78  -3.125   0.0   0.0
 3.135  100.0 -90  51  72   3.125   0.0   0.0
 3.135  102.5 -90  51  75   3.125   0.0   0.0
 3.135  105.0 -90  51  69  -3.125   0.0   0.0
 3.135  107.5 -90  51  78   3.125   0.0   0.0
 3.135  110.0 -90  51  69   3.125   0.0   0.0
 3.135  112.5 -90  51  75  -9.375   0.0   0.0
 3.135  115.0 -90  51  72   9.375   0.0   0.0
 3.135  117.5 -90  51  75   9.375   0.0   0.0
 3.135  120.0 -90  51  72  -9.375   0.0   0.0
 3.135  122.5 -90  51  75   9.375   0.0   0.0
 3.135  125.0 -90  51  69  -9.375   0.0   0.0
 3.135  127.5 -90  51  75   3.125   0.0   0.0
 3.135  130.0 -90  51  72  -9.375   0.0   0.0
 3.135  132.5 -90  51  75  -9.375   0.0   0.0
 3.135  135.0 -90  51  72   9.375   0.0   0.0
 3.135  137.5 -90  51  75  -9.375   0.0   0.0
 3.135  140.0 -90  51  72   9.375   0.0   0.0
 3.135  142.5 -90  51  75   9.375   0.0   0.0
 3.135  145.0 -90  51  72  -9.375   0.0   0.0
 3.135  147.5 -90  51  72   9.375   0.0   0.0
 3.135  150.0 -90  51  72   9.375   0.0   0.0
 3.135  152.5 -90  51  63   9.375   0.0   0.0
 3.135  155.0 -90  51  63   9.375   0.0   0.0
 3.135  157.5 -90  51  60  -9.375   0.0   0.0
 3.135  160.0 -90  51  60  -9.375   0.0   0.0
 3.135  162.5 -90  51  60   9.375 330.0  30.0
 3.135  175.0 -90  51  60   9.375 330.0  30.0
 3.135  177.5 -90  51  60   3.125   0.0   0.0
 3.135  180.0 -90  51  60   3.125   0.0   0.0
 3.135  182.5 -90  51  63   3.125   0.0   0.0
 3.135  187.5 -90  51  60   3.125  30.0  30.0
 3.135  190.0 -90  51  60  -9.375   0.0   0.0
 3.135  192.5 -90  51  63   3.125   0.0   0.0
 3.135  195.0 -90  51  60  -3.125   0.0   0.0
 3.135  197.5 -90  51  63  -3.125   0.0   0.0
 3.135  200.0 -90  51  60  -3.125   0.0   0.0
 3.135  202.5 -90  51  60   3.125   0.0   0.0
 3.135  205.0 -90  51  60  -3.125   0.0   0.0
 3.135  207.5 -90  51  63   3.125   0.0   0.0
 3.135  212.5 -90  51  60   3.125   0.0   0.0
 3.135  215.0 -90  51  60   3.125   0.0   0.0
 3.135  217.5 -90  51  63  -9.375   0.0   0.0
 3.135  222.5 -90  51  60  -9.375   0.0   0.0
 3.135  227.5 -90  51  60  -9.375   0.0   0.0
 3.135  230.0 -90  51  63   9.375   0.0   0.0
 3.135  232.5 -90  51  63   9.375   0.0   0.0
 3.135  235.0 -90  51  60  -9.375   0.0   0.0
 3.135  237.5 -90  51  63  -9.375   0.0   0.0
 3.135  242.5 -90  51  63  -9.375   0.0   0.0
 3.135  247.5 -90  51  63   9.375   0.0   0.0
 3.135  250.0 -90  51  60   9.375   0.0   0.0
 3.135  300.0 -90  51  63  -3.125   0.0   0.0
 3.135  302.5 -90  51  60   3.125   0.0   0.0
 3.135  320.0 -90  51  60  -3.125   0.0   0.0
 3.135  322.5 -90  51  72  -3.125   0.0   0.0
 3.135  325.0 -90  51  81   3.125   0.0   0.0
 3.135  327.5 -90  51  69  -3.125   0.0   0.0
 3.135  330.0 -90  51  60  -3.125   0.0   0.0
 3.135  340.0 -90  51  60  -3.125   0.0   0.0
 3.135  345.0 -90  51  60   9.375  30.0  30.0
 3.135  347.5 -90  51  60   3.125   0.0   0.0
 3.135  350.0 -90  51  63  -9.375   0.0   0.0
 3.135  352.5 -90  51  60   3.125   0.0   0.0
 3.135  355.0 -90  51  60   3.125   0.0   0.0
 3.135  405.0 -90  51  60   3.125   0.0   0.0
 3.135  422.5 -90  51  60  -3.125   0.0   0.0
 3.135  430.0 -90  51  60  -3.125   0.0   0.0
 3.135  437.5 -90  51  60   3.125   0.0   0.0
 3.135  547.5 -90  51  66  -3.125   0.0   0.0
 3.135  550.0 -90  51  78  -3.125   0.0   0.0
 3.135  552.5 -90  51  72  -3.125   0.0   0.0
 3.135  555.0 -90  51  63   3.125   0.0   0.0
 3.135  557.5 -90  51  63   3.125   0.0   0.0
 3.135  560.0 -90  51  60   3.125   0.0   0.0
 3.135  567.5 -90  51  60   3.125 330.0  30.0
 3.135  572.5 -90  51  60  -3.125   0.0   0.0
 3.135  575.0 -90  51  60   3.125   0.0   0.0
 3.135  577.5 -90  51  66   3.125   0.0   0.0
 3.135  580.0 -90  51  66  -3.125 330.0  30.0
 3.135  582.5 -90  51  60   3.125 330.0  30.0
 3.135  655.0 -90  51  63   3.125   0.0   0.0
 3.135  657.5 -90  51  60   3.125   0.0   0.0
 3.135 1012.5 -90  51  69  -3.125 330.0  30.0
 3.135 1017.5 -90  51  72   9.375 330.0  30.0
 3.135 1020.0 -90  51  69   3.125 330.0  30.0
 3.135 1022.5 -90  51  69   3.125 330.0  30.0
 3.135 1025.0 -90  51  63  -3.125 330.0  30.0
 3.135 1027.5 -90  51  69   9.375 330.0  30.0
 3.135 1030.0 -90  51  60   3.125 330.0  30.0
 3.135 1032.5 -90  51  69   3.125 330.0  30.0
 3.135 1035.0 -90  51  63  -3.125 330.0  30.0
 3.135 1037.5 -90  51  69  -9.375 330.0  30.0
 3.135 1040.0 -90  51  69  -3.125 330.0  30.0
 3.135 1042.5 -90  51  72   9.375 330.0  30.0
 3.135 1045.0 -90  51  69   3.125 330.0  30.0
 3.135 1047.5 -90  51  66   3.125 330.0  30.0
 3.135 1050.0 -90  51  63   3.125 330.0  30.0
 3.135 1052.5 -90  51  72   9.375 330.0  30.0
 3.135 1055.0 -90  51  69  -9.375 330.0  30.0
 3.135 1057.5 -90  51  66  -3.125 330.0  30.0
 3.135 1060.0 -90  51  63  -9.375 330.0  30.0
 3.135 1062.5 -90  51  72   9.375 330.0  30.0
 3.135 1065.0 -90  51  69   9.375 330.0  30.0
 3.135 1067.5 -90  51  72   3.125 330.0  30.0
 3.135 1070.0 -90  51  69  -9.375 330.0  30.0
 3.135 1072.5 -90  51  72   9.375 330.0  30.0
 3.135 1075.0 -90  51  69  -9.375 330.0  30.0
 3.135 1077.5 -90  51  66   9.375 330.0  30.0
 3.135 1080.0 -90  51  60  -3.125 330.0  30.0
 3.135 1082.5 -90  51  69   3.125 330.0  30.0
 3.135 1085.0 -90  51  63   3.125 330.0  30.0
 3.135 1087.5 -90  51  72   9.375 330.0  30.0
 3.135 1090.0 -90  51  69   3.125 330.0  30.0
 3.135 1092.5 -90  51  63  -3.125 330.0  30.0
 3.135 1095.0 -90  51  66  -3.125 330.0  30.0
 3.160   82.5  90  45  54  -3.125 270.0  30.0
 3.160   87.5  90  45  54   3.125 270.0  30.0
 3.160   90.0  90  45  54  -9.375 270.0  30.0
 3.160   95.0  90  45  54   3.125 270.0  30.0
 3.160   97.5  90  45  54  -3.125 270.0  30.0
 3.160  100.0  90  45  54  -3.125 270.0  30.0
 3.160  102.5  90  45  57   9.375 270.0  30.0
 3.160  107.5  90  45  54  -3.125 270.0  30.0
 3.160  112.5  90  45  54   9.375 270.0  30.0
 3.160  120.0  90  45  54   3.125 270.0  30.0
 3.160  122.5  90  45  54  -9.375 270.0  30.0
 3.160  125.0  90  45  54  -9.375 270.0  30.0
 3.160  127.5  90  45  54   9.375 270.0  30.0
 3.160  130.0  90  45  57   3.125 270.0  30.0
 3.160  132.5  90  45  57  -3.125 270.0  30.0
 3.160  137.5  90  45  54   3.125 270.0  30.0
 3.160  145.0  90  45  54   3.125 270.0  30.0
 3.160  147.5  90  45  57   3.125 270.0  30.0
 3.160  330.0  90  45  66  -3.125   0.0   0.0
 3.160  332.5  90  45  69  -3.125   0.0   0.0
 3.160  565.0  90  45  54   3.125  30.0  30.0
 3.160  575.0  90  45  54   3.125 330.0  30.0
 3.160  577.5  90  45  60   3.125 330.0  30.0
 3.160  580.0  90  45  54  -3.125   0.0   0.0
 3.160  585.0  90  45  57   3.125   0.0   0.0
 3.160  587.5  90  45  57  -3.125 330.0  30.0
 3.160  590.0  90  45  57   3.125 330.0  30.0
 3.160  592.5  90  45  57   3.125 330.0  30.0
 3.160  597.5  90  45  57  -3.125 270.0  30.0
 3.160  665.0  90  45  54  -3.125   0.0   0.0
 3.160  667.5  90  45  57   3.125   0.0   0.0
 3.160  670.0  90  45  57  -3.125   0.0   0.0
 3.160  672.5  90  45  54   3.125   0.0   0.0
 3.160  677.5  90  45  54  -3.125   0.0   0.0
 3.160  680.0  90  45  54  -3.125   0.0   0.0
 3.160  905.0  90  45  54   3.125   0.0   0.0
 3.160  997.5  90  45  57  -3.125   0.0   0.0
 3.160 1000.0  90  45  57  -3.125   0.0   0.0
 3.160 1002.5  90  45  54   3.125  30.0  30.0
 3.160 1007.5  90  45  54  -3.125   0.0   0.0
 3.160 1012.5  90  45  72   9.375  30.0  30.0
 3.160 1015.0  90  45  75  -9.375 270.0  30.0
 3.160 1017.5  90  45  78   9.375  30.0  30.0
 3.160 1020.0  90  45  78   9.375 270.0  30.0
 3.160 1022.5  90  45  75   9.375 270.0  30.0
 3.160 1025.0  90  45  78  -3.125  30.0  30.0
 3.160 1027.5  90  45  75   9.375 270.0  30.0
 3.160 1030.0  90  45  78  -3.125 270.0  30.0
 3.160 1032.5  90  45  75  -9.375 210.0  30.0
 3.160 1035.0  90  45  78  -3.125 270.0  30.0
 3.160 1037.5  90  45  75   9.375  30.0  30.0
 3.160 1040.0  90  45  78   9.375 270.0  30.0
 3.160 1042.5  90  45  78   9.375  30.0  30.0
 3.160 1045.0  90  45  78   9.375 270.0  30.0
 3.160 1047.5  90  45  75   9.375 270.0  30.0
 3.160 1050.0  90  45  78  -3.125  30.0  30.0
 3.160 1052.5  90  45  72   9.375  30.0  30.0
 3.160 1055.0  90  45  78   3.125 150.0  30.0
 3.160 1057.5  90  45  75  -3.125 270.0  30.0
 3.160 1060.0  90  45  78   9.375 270.0  30.0
 3.160 1062.5  90  45  75  -3.125  30.0  30.0
 3.160 1065.0  90  45  78  -3.125 270.0  30.0
 3.160 1067.5  90  45  78  -3.125  30.0  30.0
 3.160 1070.0  90  45  78  -3.125 270.0  30.0
 3.160 1072.5  90  45  78  -3.125  30.0  30.0
 3.160 1075.0  90  45  78  -3.125 270.0  30.0
 3.160 1077.5  90  45  75  -3.125 270.0  30.0
 3.160 1080.0  90  45  78   9.375 270.0  30.0
 3.160 1082.5  90  45  75  -3.125 270.0  30.0
 3.160 1085.0  90  45  78   9.375 270.0  30.0
 3.160 1087.5  90  45  75  -3.125  30.0  30.0
 3.160 1090.0  90  45  78  -3.125 270.0  30.0
 3.160 1092.5  90  45  75  -9.375  30.0  30.0
 3.160 1095.0  90  45  75  -9.375  30.0  30.0
 3.160 1097.5  90  45  57  -9.375 270.0  30.0
 3.160 1202.5  90  45  54   3.125 270.0  30.0
 3.160 1275.0  90  45  54  -3.125   0.0   0.0
 3.160   80.0 -90  48  72  -3.125   0.0   0.0
 3.160   85.0 -90  48  69  -9.375   0.0   0.0
 3.160   87.5 -90  48  57  -3.125   0.0   0.0
 3.160   90.0 -90  48  72   3.125   0.0   0.0
 3.160   92.5 -90  48  69   3.125   0.0   0.0
 3.160   95.0 -90  48  69   3.125   0.0   0.0
 3.160   97.5 -90  48  72   3.125   0.0   0.0
 3.160  100.0 -90  48  69   9.375   0.0   0.0
 3.160  102.5 -90  48  66  -3.125   0.0   0.0
 3.160  105.0 -90  48  72   9.375   0.0   0.0
 3.160  107.5 -90  48  66   3.125   0.0   0.0
 3.160  110.0 -90  48  72  -3.125   0.0   0.0
 3.160  112.5 -90  48  69  -3.125   0.0   0.0
 3.160  115.0 -90  48  72  -3.125   0.0   0.0
 3.160  117.5 -90  48  69  -3.125   0.0   0.0
 3.160  120.0 -90  48  69  -9.375   0.0   0.0
 3.160  122.5 -90  48  72   3.125   0.0   0.0
 3.160  125.0 -90  48  72   3.125   0.0   0.0
 3.160  127.5 -90  48  72   3.125   0.0   0.0
 3.160  130.0 -90  48  72  -3.125   0.0   0.0
 3.160  132.5 -90  48  60   9.375  30.0  30.0
 3.160  135.0 -90  48  72   3.125   0.0   0.0
 3.160  137.5 -90  48  57   3.125 330.0  30.0
 3.160  140.0 -90  48  72   9.375   0.0   0.0
 3.160  142.5 -90  48  69   3.125   0.0   0.0
 3.160  145.0 -90  48  69   3.125   0.0   0.0
 3.160  147.5 -90  48  69   3.125   0.0   0.0
 3.160  150.0 -90  48  69   3.125   0.0   0.0
 3.160  155.0 -90  48  63  -3.125   0.0   0.0
 3.160  157.5 -90  48  60  -3.125   0.0   0.0
 3.160  160.0 -90  48  57  -3.125   0.0   0.0
 3.160  162.5 -90  48  57   3.125 330.0  30.0
 3.160  175.0 -90  48  57  -9.375   0.0   0.0
 3.160  177.5 -90  48  57   9.375  30.0  30.0
 3.160  182.5 -90  48  57  -9.375   0.0   0.0
 3.160  185.0 -90  48  57   9.375  30.0  30.0
 3.160  187.5 -90  48  60   9.375   0.0   0.0
 3.160  192.5 -90  48  57   9.375   0.0   0.0
 3.160  195.0 -90  48  57  -3.125  30.0  30.0
 3.160  210.0 -90  48  60  -9.375   0.0   0.0
 3.160  217.5 -90  48  57   3.125   0.0   0.0
 3.160  220.0 -90  48  60  -3.125   0.0   0.0
 3.160  222.5 -90  48  60  -9.375   0.0   0.0
 3.160  240.0 -90  48  57  -3.125   0.0   0.0
 3.160  242.5 -90  48  60  -3.125   0.0   0.0
 3.160  245.0 -90  48  60  -3.125   0.0   0.0
 3.160  247.5 -90  48  57  -9.375   0.0   0.0
 3.160  252.5 -90  48  57   3.125   0.0   0.0
 3.160  255.0 -90  48  57  -3.125   0.0   0.0
 3.160  295.0 -90  48  57   3.125   0.0   0.0
 3.160  302.5 -90  48  60  -3.125   0.0   0.0
 3.160  307.5 -90  48  57  -3.125   0.0   0.0
 3.160  310.0 -90  48  57   3.125   0.0   0.0
 3.160  312.5 -90  48  57  -9.375   0.0   0.0
 3.160  322.5 -90  48  69   3.125   0.0   0.0
 3.160  325.0 -90  48  81   3.125   0.0   0.0
 3.160  327.5 -90  48  66  -3.125   0.0   0.0
 3.160  330.0 -90  48  57  -9.375   0.0   0.0
 3.160  335.0 -90  48  60   9.375   0.0   0.0
 3.160  337.5 -90  48  57   9.375   0.0   0.0
 3.160  340.0 -90  48  57   9.375   0.0   0.0
 3.160  345.0 -90  48  57  -9.375   0.0   0.0
 3.160  347.5 -90  48  57  -3.125   0.0   0.0
 3.160  350.0 -90  48  57   3.125   0.0   0.0
 3.160  352.5 -90  48  57   3.125   0.0   0.0
 3.160  355.0 -90  48  57   3.125 330.0  30.0
 3.160  357.5 -90  48  57   9.375   0.0   0.0
 3.160  360.0 -90  48  57  -3.125   0.0   0.0
 3.160  362.5 -90  48  57  -3.125   0.0   0.0
 3.160  365.0 -90  48  57  -9.375   0.0   0.0
 3.160  370.0 -90  48  57   3.125   0.0   0.0
 3.160  405.0 -90  48  57  -9.375   0.0   0.0
 3.160  412.5 -90  48  57  -3.125   0.0   0.0
 3.160  415.0 -90  48  57   3.125   0.0   0.0
 3.160  435.0 -90  48  60   3.125   0.0   0.0
 3.160  440.0 -90  48  57   9.375   0.0   0.0
 3.160  442.5 -90  48  57   3.125   0.0   0.0
 3.160  445.0 -90  48  57  -3.125   0.0   0.0
 3.160  450.0 -90  48  57  -9.375   0.0   0.0
 3.160  455.0 -90  48  57  -3.125   0.0   0.0
 3.160  525.0 -90  48  57   9.375   0.0   0.0
 3.160  550.0 -90  48  75  -3.125   0.0   0.0
 3.160  552.5 -90  48  75  -3.125   0.0   0.0
 3.160  555.0 -90  48  57   3.125   0.0   0.0
 3.160  560.0 -90  48  57   3.125   0.0   0.0
 3.160  562.5 -90  48  63  -3.125   0.0   0.0
 3.160  565.0 -90  48  63  -3.125   0.0   0.0
 3.160  567.5 -90  48  57   3.125 330.0  30.0
 3.160  570.0 -90  48  60   3.125   0.0   0.0
 3.160  572.5 -90  48  60   3.125   0.0   0.0
 3.160  577.5 -90  48  63   3.125 330.0  30.0
 3.160  580.0 -90  48  63   3.125 270.0  30.0
 3.160  582.5 -90  48  60  -3.125   0.0   0.0
 3.160  590.0 -90  48  57  -3.125   0.0   0.0
 3.160  655.0 -90  48  57   3.125   0.0   0.0
 3.160  777.5 -90  48  60  -3.125   0.0   0.0
 3.185   80.0  90  45  57   3.125 270.0  30.0
 3.185   82.5  90  45  57  -3.125 270.0  30.0
 3.185   85.0  90  45  54  -3.125 270.0  30.0
 3.185   87.5  90  45  57  -9.375 270.0  30.0
 3.185   90.0  90  45  57  -3.125 270.0  30.0
 3.185   92.5  90  45  57  -9.375 270.0  30.0
 3.185   95.0  90  45  57   3.125 270.0  30.0
 3.185   97.5  90  45  54   3.125 270.0  30.0
 3.185  100.0  90  45  57   3.125 270.0  30.0
 3.185  102.5  90  45  54   3.125 270.0  30.0
 3.185  105.0  90  45  57  -3.125 270.0  30.0
 3.185  107.5  90  45  57  -9.375 270.0  30.0
 3.185  110.0  90  45  57   9.375 270.0  30.0
 3.185  112.5  90  45  57  -9.375 270.0  30.0
 3.185  115.0  90  45  57   9.375 270.0  30.0
 3.185  117.5  90  45  54   3.125 270.0  30.0
 3.185  120.0  90  45  60  -9.375 270.0  30.0
 3.185  125.0  90  45  57   9.375 270.0  30.0
 3.185  127.5  90  45  54  -9.375 270.0  30.0
 3.185  130.0  90  45  57  -9.375 270.0  30.0
 3.185  132.5  90  45  54  -9.375 270.0  30.0
 3.185  135.0  90  45  57  -9.375 270.0  30.0
 3.185  137.5  90  45  57   3.125 270.0  30.0
 3.185  140.0  90  45  54   9.375 270.0  30.0
 3.185  142.5  90  45  57   3.125 270.0  30.0
 3.185  145.0  90  45  57  -9.375 270.0  30.0
 3.185  147.5  90  45  57  -9.375 270.0  30.0
 3.185  330.0  90  45  60  -3.125   0.0   0.0
 3.185  332.5  90  45  69  -3.125   0.0   0.0
 3.185  335.0  90  45  60  -3.125   0.0   0.0
 3.185  565.0  90  45  54  -3.125  30.0  30.0
 3.185  567.5  90  45  57  -3.125   0.0   0.0
 3.185  587.5  90  45  54  -3.125   0.0   0.0
 3.185  590.0  90  45  57  -3.125 330.0  30.0
 3.185  595.0  90  45  54  -3.125 270.0  30.0
 3.185  597.5  90  45  57   3.125 330.0  30.0
 3.185  605.0  90  45  57  -3.125 330.0  30.0
 3.185  667.5  90  45  63  -3.125   0.0   0.0
 3.185  670.0  90  45  63  -3.125   0.0   0.0
 3.185  672.5  90  45  54  -3.125   0.0   0.0
 3.185  675.0  90  45  54  -3.125   0.0   0.0
 3.185  680.0  90  45  54  -3.125   0.0   0.0
 3.185 1002.5  90  45  57   3.125   0.0   0.0
 3.185 1010.0  90  45  54  -3.125   0.0   0.0
 3.185 1012.5  90  45  60  -9.375  30.0  30.0
 3.185 1015.0  90  45  72   3.125 270.0  30.0
 3.185 1017.5  90  45  69   9.375 270.0  30.0
 3.185 1020.0  90  45  69   9.375 270.0  30.0
 3.185 1022.5  90  45  72   3.125 210.0  30.0
 3.185 1025.0  90  45  75   3.125 270.0  30.0
 3.185 1027.5  90  45  72  -3.125 210.0  30.0
 3.185 1030.0  90  45  75   3.125 210.0  30.0
 3.185 1032.5  90  45  72   3.125 210.0  30.0
 3.185 1035.0  90  45  75   3.125 210.0  30.0
 3.185 1037.5  90  45  69  -3.125 270.0  30.0
 3.185 1040.0  90  45  69   3.125 270.0  30.0
 3.185 1042.5  90  45  72   3.125 270.0  30.0
 3.185 1045.0  90  45  69  -9.375 270.0  30.0
 3.185 1047.5  90  45  72   9.375 210.0  30.0
 3.185 1050.0  90  45  75  -3.125 210.0  30.0
 3.185 1052.5  90  45  72   3.125 270.0  30.0
 3.185 1055.0  90  45  69  -9.375 270.0  30.0
 3.185 1057.5  90  45  72   3.125 270.0  30.0
 3.185 1060.0  90  45  75  -9.375 270.0  30.0
 3.185 1062.5  90  45  72   9.375 270.0  30.0
 3.185 1065.0  90  45  69  -9.375 270.0  30.0
 3.185 1067.5  90  45  72   9.375 270.0  30.0
 3.185 1070.0  90  45  69  -3.125 270.0  30.0
 3.185 1072.5  90  45  69   3.125 270.0  30.0
 3.185 1075.0  90  45  69  -3.125 270.0  30.0
 3.185 1077.5  90  45  72  -3.125 210.0  30.0
 3.185 1080.0  90  45  75   9.375 270.0  30.0
 3.185 1082.5  90  45  72   3.125 270.0  30.0
 3.185 1085.0  90  45  75  -3.125 210.0  30.0
 3.185 1087.5  90  45  69   3.125 270.0  30.0
 3.185 1090.0  90  45  69   3.125 270.0  30.0
 3.185 1092.5  90  45  72  -3.125 270.0  30.0
 3.185 1095.0  90  45  66  -3.125 270.0  30.0
 3.185 1097.5  90  45  57  -9.375 270.0  30.0
 3.185 1100.0  90  45  54   9.375 330.0  30.0
 3.185 1102.5  90  45  54  -3.125 330.0  30.0
 3.185   97.5 -90  45  54   3.125   0.0   0.0
 3.185  100.0 -90  45  54   3.125   0.0   0.0
 3.185  110.0 -90  45  54  -3.125 210.0  30.0
 3.185  112.5 -90  45  57  -3.125  30.0  30.0
 3.185  115.0 -90  45  54  -3.125  90.0  30.0
 3.185  122.5 -90  45  57   3.125 330.0  30.0
 3.185  125.0 -90  45  60   3.125 330.0  30.0
 3.185  127.5 -90  45  54  -3.125 330.0  30.0
 3.185  140.0 -90  45  54  -3.125 330.0  30.0
 3.185  142.5 -90  45  54   3.125 270.0  30.0
 3.185  322.5 -90  45  60   3.125   0.0   0.0
 3.185  325.0 -90  45  78  -3.125   0.0   0.0
 3.185  327.5 -90  45  72  -3.125   0.0   0.0
 3.185  435.0 -90  45  57  -3.125   0.0   0.0
 3.185  540.0 -90  45  54   3.125   0.0   0.0
 3.185  550.0 -90  45  66   3.125   0.0   0.0
 3.185  552.5 -90  45  75  -3.125   0.0   0.0
 3.185  555.0 -90  45  66  -3.125   0.0   0.0
 3.185  557.5 -90  45  60   3.125   0.0   0.0
 3.185  560.0 -90  45  54   3.125 330.0  30.0
 3.185  562.5 -90  45  57  -3.125   0.0   0.0
 3.185  565.0 -90  45  57   3.125   0.0   0.0
 3.185  567.5 -90  45  57   3.125 330.0  30.0
 3.185  577.5 -90  45  57   3.125 330.0  30.0
 3.185  580.0 -90  45  60  -3.125 330.0  30.0
 3.185  582.5 -90  45  57   3.125 330.0  30.0
 3.185  585.0 -90  45  54   3.125 330.0  30.0
 3.185  587.5 -90  45  54   3.125  90.0  30.0
 3.185  597.5 -90  45  54   3.125   0.0   0.0
 3.185  657.5 -90  45  54  -3.125  90.0  30.0
 3.185  660.0 -90  45  54  -3.125   0.0   0.0
 3.185  685.0 -90  45  54  -3.125   0.0   0.0
 3.185  765.0 -90  45  54  -3.125   0.0   0.0
 3.185  775.0 -90  45  60  -3.125   0.0   0.0
 3.185  777.5 -90  45  54   3.125   0.0   0.0
 3.185  780.0 -90  45  54  -3.125 330.0  30.0
 3.185  790.0 -90  45  54  -3.125  30.0  30.0
 3.185 1002.5 -90  45  54   3.125  90.0  30.0
 3.210   80.0  90  48  60  -9.375 330.0  30.0
 3.210   85.0  90  48  60  -9.375 330.0  30.0
 3.210   87.5  90  48  57  -9.375 330.0  30.0
 3.210   90.0  90  48  57  -9.375 330.0  30.0
 3.210   95.0  90  48  57   9.375 330.0  30.0
 3.210   97.5  90  48  60   9.375 330.0  30.0
 3.210  100.0  90  48  57  -9.375 330.0  30.0
 3.210  105.0  90  48  57   9.375 270.0  30.0
 3.210  112.5  90  48  57  -3.125 270.0  30.0
 3.210  120.0  90  48  57  -3.125  90.0  30.0
 3.210  122.5  90  48  57  -9.375 270.0  30.0
 3.210  127.5  90  48  57  -3.125 330.0  30.0
 3.210  132.5  90  48  57  -9.375 330.0  30.0
 3.210  147.5  90  48  57   9.375 270.0  30.0
 3.210  330.0  90  48  57   3.125   0.0   0.0
 3.210  332.5  90  48  72  -3.125   0.0   0.0
 3.210  335.0  90  48  69   3.125   0.0   0.0
 3.210  567.5  90  48  63   3.125  30.0  30.0
 3.210  572.5  90  48  57   3.125  90.0  30.0
 3.210  577.5  90  48  57  -3.125   0.0   0.0
 3.210  580.0  90  48  57   3.125   0.0   0.0
 3.210  582.5  90  48  60  -3.125  90.0  30.0
 3.210  585.0  90  48  57   3.125 330.0  30.0
 3.210  597.5  90  48  57   3.125 330.0  30.0
 3.210  667.5  90  48  60  -3.125   0.0   0.0
 3.210  670.0  90  48  66  -3.125   0.0   0.0
 3.210  915.0  90  48  57   3.125   0.0   0.0
 3.210 1002.5  90  48  60  -3.125   0.0   0.0
 3.210 1005.0  90  48  63   3.125   0.0   0.0
 3.210 1007.5  90  48  57  -3.125   0.0   0.0
 3.210 1015.0  90  48  57  -3.125   0.0   0.0
 3.210  125.0 -90  51  60  -3.125 330.0  30.0
 3.210  127.5 -90  51  60   3.125 330.0  30.0
 3.210  142.5 -90  51  60   3.125 270.0  30.0
 3.210  322.5 -90  51  60  -3.125   0.0   0.0
 3.210  325.0 -90  51  78  -3.125   0.0   0.0
 3.210  327.5 -90  51  78  -3.125   0.0   0.0
 3.210  330.0 -90  51  66  -3.125   0.0   0.0
 3.210  335.0 -90  51  60  -3.125   0.0   0.0
 3.210  550.0 -90  51  60  -3.125   0.0   0.0
 3.210  552.5 -90  51  75  -3.125   0.0   0.0
 3.210  555.0 -90  51  75  -3.125   0.0   0.0
 3.210  557.5 -90  51  60  -3.125   0.0   0.0
 3.210  562.5 -90  51  60   3.125  30.0  30.0
 3.210  570.0 -90  51  63   3.125   0.0   0.0
 3.210  582.5 -90  51  60   3.125 330.0  30.0
 3.210  585.0 -90  51  63  -3.125 330.0  30.0
 3.210  587.5 -90  51  60   3.125  90.0  30.0
 3.210  590.0 -90  51  60  -3.125  90.0  30.0
 3.210  655.0 -90  51  60  -3.125   0.0   0.0
 3.210  657.5 -90  51  63  -3.125  90.0  30.0
 3.210  775.0 -90  51  60  -3.125   0.0   0.0
 3.210  777.5 -90  51  60  -3.125   0.0   0.0
 3.210 1015.0 -90  51  69  -9.375 330.0  30.0
 3.210 1017.5 -90  51  66  -9.375 330.0  30.0
 3.210 1020.0 -90  51  75  -3.125 330.0  30.0
 3.210 1022.5 -90  51  75  -3.125 330.0  30.0
 3.210 1025.0 -90  51  66   9.375  30.0  30.0
 3.210 1027.5 -90  51  63  -9.375 270.0  30.0
 3.210 1030.0 -90  51  69  -9.375 330.0  30.0
 3.210 1032.5 -90  51  66   3.125  30.0  30.0
 3.210 1035.0 -90  51  69   9.375 330.0  30.0
 3.210 1037.5 -90  51  66  -3.125  30.0  30.0
 3.210 1040.0 -90  51  75   3.125 330.0  30.0
 3.210 1042.5 -90  51  75  -9.375 330.0  30.0
 3.210 1045.0 -90  51  72   9.375 330.0  30.0
 3.210 1047.5 -90  51  75   3.125 330.0  30.0
 3.210 1050.0 -90  51  66   9.375  30.0  30.0
 3.210 1052.5 -90  51  63  -3.125 270.0  30.0
 3.210 1055.0 -90  51  72  -3.125 330.0  30.0
 3.210 1057.5 -90  51  66   3.125  30.0  30.0
 3.210 1060.0 -90  51  69   9.375 330.0  30.0
 3.210 1062.5 -90  51  66   3.125  30.0  30.0
 3.210 1065.0 -90  51  75  -9.375 330.0  30.0
 3.210 1067.5 -90  51  75  -3.125 330.0  30.0
 3.210 1070.0 -90  51  75  -9.375 330.0  30.0
 3.210 1072.5 -90  51  75  -9.375 330.0  30.0
 3.210 1075.0 -90  51  75  -3.125 330.0  30.0
 3.210 1077.5 -90  51  75  -3.125 330.0  30.0
 3.210 1080.0 -90  51  63  -3.125  30.0  30.0
 3.210 1082.5 -90  51  63  -9.375 270.0  30.0
 3.210 1085.0 -90  51  69  -9.375 330.0  30.0
 3.210 1087.5 -90  51  66  -9.375  30.0  30.0
 3.210 1090.0 -90  51  75   3.125 330.0  30.0
 3.210 1092.5 -90  51  75   3.125 330.0  30.0
 3.210 1095.0 -90  51  69   9.375 150.0  30.0
 3.210 1097.5 -90  51  69   9.375 330.0  30.0
 3.210 1100.0 -90  51  66   9.375 330.0  30.0
 3.210 1102.5 -90  51  60  -9.375  30.0  30.0
 3.210 1150.0 -90  51  60  -9.375 330.0  30.0
 3.210 1155.0 -90  51  60   3.125 330.0  30.0
 3.210 1167.5 -90  51  60   3.125 330.0  30.0
 3.210 1175.0 -90  51  60   3.125 270.0  30.0
 3.210 1177.5 -90  51  60   3.125 330.0  30.0
 3.210 1180.0 -90  51  63   3.125 330.0  30.0
 3.210 1182.5 -90  51  60  -9.375   0.0   0.0
 3.210 1192.5 -90  51  60   3.125   0.0   0.0
 3.210 1200.0 -90  51  60   9.375 330.0  30.0
 3.210 1210.0 -90  51  63   3.125 270.0  30.0
 3.210 1212.5 -90  51  60   3.125  30.0  30.0
 3.210 1215.0 -90  51  60  -3.125 330.0  30.0
 3.235  332.5  90  60  69  -3.125   0.0   0.0
 3.235  335.0  90  60  72   3.125   0.0   0.0
 3.235   82.5 -90  60  69  -9.375 330.0  30.0
 3.235   87.5 -90  60  69  -9.375   0.0   0.0
 3.235   92.5 -90  60  69  -9.375  30.0  30.0
 3.235  112.5 -90  60  69   9.375  90.0  30.0
 3.235  117.5 -90  60  69   3.125   0.0   0.0
 3.235  135.0 -90  60  69   3.125 330.0  30.0
 3.235  140.0 -90  60  69  -3.125 330.0  30.0
 3.235  325.0 -90  60  75  -3.125   0.0   0.0
 3.235  327.5 -90  60  78   3.125   0.0   0.0
 3.235  552.5 -90  60  69  -3.125  30.0  30.0
 3.235  555.0 -90  60  72  -3.125   0.0   0.0
 3.235 1017.5 -90  60  69  -9.375 150.0  30.0
 3.235 1022.5 -90  60  78  -3.125 330.0  30.0
 3.235 1025.0 -90  60  72  -3.125  30.0  30.0
 3.235 1027.5 -90  60  75  -3.125 330.0  30.0
 3.235 1030.0 -90  60  78  -3.125 330.0  30.0
 3.235 1032.5 -90  60  75  -3.125 150.0  30.0
 3.235 1035.0 -90  60  78  -3.125 330.0  30.0
 3.235 1037.5 -90  60  75   3.125 150.0  30.0
 3.235 1040.0 -90  60  75  -3.125 330.0  30.0
 3.235 1042.5 -90  60  78  -3.125 150.0  30.0
 3.235 1045.0 -90  60  72  -3.125  30.0  30.0
 3.235 1047.5 -90  60  81  -3.125 330.0  30.0
 3.235 1050.0 -90  60  75  -3.125  30.0  30.0
 3.235 1052.5 -90  60  78   3.125 330.0  30.0
 3.235 1055.0 -90  60  78  -3.125 330.0  30.0
 3.235 1057.5 -90  60  75   3.125 150.0  30.0
 3.235 1060.0 -90  60  75  -3.125 330.0  30.0
 3.235 1062.5 -90  60  78  -9.375 330.0  30.0
 3.235 1065.0 -90  60  78   9.375 330.0  30.0
 3.235 1067.5 -90  60  78   9.375 330.0  30.0
 3.235 1070.0 -90  60  72   9.375  30.0  30.0
 3.235 1072.5 -90  60  81   9.375 330.0  30.0
 3.235 1075.0 -90  60  75  -9.375  30.0  30.0
 3.235 1077.5 -90  60  81   9.375 330.0  30.0
 3.235 1080.0 -90  60  72   9.375  30.0  30.0
 3.235 1082.5 -90  60  78  -9.375 330.0  30.0
 3.235 1085.0 -90  60  78   9.375 330.0  30.0
 3.235 1087.5 -90  60  75  -9.375 150.0  30.0
 3.235 1090.0 -90  60  78   9.375 330.0  30.0
 3.235 1092.5 -90  60  78   9.375 330.0  30.0
 3.235 1095.0 -90  60  72  -9.375  30.0  30.0
 3.235 1097.5 -90  60  78   9.375 330.0  30.0
 3.235 1100.0 -90  60  75   9.375 330.0  30.0
 3.235 1102.5 -90  60  69   9.375 330.0  30.0
 3.260   80.0  90  57  66  -3.125 330.0  30.0
 3.260  335.0  90  57  72   3.125   0.0   0.0
 3.260  672.5  90  57  66   3.125   0.0   0.0
 3.260 1022.5  90  57  69   3.125 330.0  30.0
 3.260 1025.0  90  57  69  -9.375 270.0  30.0
 3.260 1027.5  90  57  72  -3.125 330.0  30.0
 3.260 1030.0  90  57  69  -3.125 270.0  30.0
 3.260 1032.5  90  57  69  -3.125 330.0  30.0
 3.260 1035.0  90  57  66   3.125 270.0  30.0
 3.260 1037.5  90  57  66   3.125 270.0  30.0
 3.260 1040.0  90  57  69   9.375 330.0  30.0
 3.260 1042.5  90  57  72   9.375 330.0  30.0
 3.260 1045.0  90  57  69   9.375 270.0  30.0
 3.260 1047.5  90  57  72   3.125 270.0  30.0
 3.260 1050.0  90  57  69   3.125 330.0  30.0
 3.260 1052.5  90  57  72   9.375 330.0  30.0
 3.260 1055.0  90  57  69  -9.375 270.0  30.0
 3.260 1057.5  90  57  69  -3.125 270.0  30.0
 3.260 1060.0  90  57  66  -3.125 270.0  30.0
 3.260 1062.5  90  57  69  -3.125 270.0  30.0
 3.260 1065.0  90  57  69   9.375 270.0  30.0
 3.260 1067.5  90  57  69   3.125 330.0  30.0
 3.260 1070.0  90  57  66   9.375 270.0  30.0
 3.260 1072.5  90  57  72  -3.125 330.0  30.0
 3.260 1075.0  90  57  69   3.125 270.0  30.0
 3.260 1077.5  90  57  72  -3.125 330.0  30.0
 3.260 1080.0  90  57  72  -3.125 330.0  30.0
 3.260 1082.5  90  57  69  -3.125 330.0  30.0
 3.260 1085.0  90  57  69  -9.375 270.0  30.0
 3.260 1087.5  90  57  69  -9.375 270.0  30.0
 3.260 1090.0  90  57  69   9.375 270.0  30.0
 3.260 1092.5  90  57  69  -3.125 270.0  30.0
 3.260 1095.0  90  57  69  -3.125 330.0  30.0
 3.260 1097.5  90  57  72   3.125 330.0  30.0
 3.260 1100.0  90  57  69  -9.375 270.0  30.0
 3.260  325.0 -90  60  72   3.125   0.0   0.0
 3.260  327.5 -90  60  78  -3.125   0.0   0.0
 3.260 1027.5 -90  60  69  -3.125 330.0  30.0
 3.260 1032.5 -90  60  69  -9.375 330.0  30.0
 3.260 1037.5 -90  60  69   9.375 270.0  30.0
 3.260 1045.0 -90  60  69   3.125 330.0  30.0
 3.260 1047.5 -90  60  69  -3.125  30.0  30.0
 3.260 1052.5 -90  60  69  -3.125 330.0  30.0
 3.260 1062.5 -90  60  69  -3.125 330.0  30.0
 3.260 1072.5 -90  60  69   9.375 330.0  30.0
 3.260 1077.5 -90  60  69  -9.375  30.0  30.0
 3.260 1082.5 -90  60  69  -9.375 330.0  30.0
 3.260 1087.5 -90  60  69  -3.125 270.0  30.0
 3.260 1097.5 -90  60  69  -9.375  30.0  30.0
 3.285  335.0  90  60  72  -3.125   0.0   0.0
 3.285 1092.5  90  60  69  -9.375 330.0  30.0
 3.285  325.0 -90  54  66   3.125   0.0   0.0
 3.285  327.5 -90  54  78  -3.125   0.0   0.0
 3.285  330.0 -90  54  66  -3.125   0.0   0.0
 3.285  557.5 -90  54  63   3.125   0.0   0.0
 3.285  572.5 -90  54  63  -3.125  30.0  30.0
 3.285  587.5 -90  54  63  -3.125 330.0  30.0
 3.285  660.0 -90  54  66  -3.125   0.0   0.0
 3.285  780.0 -90  54  63   3.125  90.0  30.0
 3.310  335.0  90  48  69  -3.125   0.0   0.0
 3.310  337.5  90  48  72   3.125   0.0   0.0
 3.310  340.0  90  48  57  -3.125   0.0   0.0
 3.310  585.0  90  48  57  -3.125  30.0  30.0
 3.310  587.5  90  48  60   3.125  30.0  30.0
 3.310  597.5  90  48  57  -3.125 330.0  30.0
 3.310  600.0  90  48  63  -3.125   0.0   0.0
 3.310  602.5  90  48  60   3.125 330.0  30.0
 3.310  612.5  90  48  57   3.125 330.0  30.0
 3.310  675.0  90  48  63  -3.125   0.0   0.0
 3.310  677.5  90  48  60   3.125   0.0   0.0
 3.310 1015.0  90  48  60  -3.125  30.0  30.0
 3.310 1017.5  90  48  57  -3.125 150.0  30.0
 3.310 1020.0  90  48  60  -3.125   0.0   0.0
 3.310 1022.5  90  48  57  -3.125 150.0  30.0
 3.310 1042.5  90  48  57  -3.125 270.0  30.0
 3.310 1062.5  90  48  57  -3.125 330.0  30.0
 3.310 1067.5  90  48  60   9.375 210.0  30.0
 3.310 1070.0  90  48  57   9.375 270.0  30.0
 3.310 1072.5  90  48  57  -3.125 210.0  30.0
 3.310  120.0 -90  48  57   3.125 270.0  30.0
 3.310  127.5 -90  48  57   3.125 270.0  30.0
 3.310  325.0 -90  48  60  -3.125   0.0   0.0
 3.310  327.5 -90  48  78  -3.125   0.0   0.0
 3.310  330.0 -90  48  72  -3.125   0.0   0.0
 3.310  557.5 -90  48  66  -3.125   0.0   0.0
 3.310  560.0 -90  48  60  -3.125   0.0   0.0
 3.310  562.5 -90  48  60   3.125  30.0  30.0
 3.310  565.0 -90  48  57  -3.125   0.0   0.0
 3.310  570.0 -90  48  60   3.125  30.0  30.0
 3.310  572.5 -90  48  57   3.125 330.0  30.0
 3.310  575.0 -90  48  60   3.125   0.0   0.0
 3.310  577.5 -90  48  57  -3.125   0.0   0.0
 3.310  582.5 -90  48  57  -3.125 330.0  30.0
 3.310  585.0 -90  48  60   3.125 330.0  30.0
 3.310  587.5 -90  48  57   3.125 330.0  30.0
 3.310  590.0 -90  48  57   3.125  90.0  30.0
 3.310  592.5 -90  48  63  -3.125  90.0  30.0
 3.310  595.0 -90  48  57   3.125   0.0   0.0
 3.310  660.0 -90  48  63  -3.125   0.0   0.0
 3.310  662.5 -90  48  66  -3.125   0.0   0.0
 3.310  665.0 -90  48  57   3.125   0.0   0.0
 3.310  782.5 -90  48  57  -3.125   0.0   0.0
 3.310  785.0 -90  48  57   3.125  90.0  30.0
 3.335  335.0  90  48  66   3.125   0.0   0.0
 3.335  337.5  90  48  72  -3.125   0.0   0.0
 3.335  340.0  90  48  60   3.125   0.0   0.0
 3.335  587.5  90  48  60   3.125   0.0   0.0
 3.335  592.5  90  48  57   3.125  30.0  30.0
 3.335  597.5  90  48  57   3.125 330.0  30.0
 3.335  600.0  90  48  60  -3.125 330.0  30.0
 3.335  602.5  90  48  57   3.125  30.0  30.0
 3.335  677.5  90  48  63  -3.125   0.0   0.0
 3.335 1015.0  90  48  60  -3.125   0.0   0.0
 3.335 1017.5  90  48  57  -3.125   0.0   0.0
 3.335  120.0 -90  48  60   3.125 270.0  30.0
 3.335  125.0 -90  48  57  -3.125 330.0  30.0
 3.335  325.0 -90  48  57   3.125   0.0   0.0
 3.335  327.5 -90  48  75  -3.125   0.0   0.0
 3.335  330.0 -90  48  75  -3.125   0.0   0.0
 3.335  332.5 -90  48  57  -3.125 150.0  30.0
 3.335  557.5 -90  48  63  -3.125   0.0   0.0
 3.335  560.0 -90  48  63  -3.125   0.0   0.0
 3.335  562.5 -90  48  57   3.125  30.0  30.0
 3.335  565.0 -90  48  57  -3.125  30.0  30.0
 3.335  570.0 -90  48  63   3.125  30.0  30.0
 3.335  572.5 -90  48  63  -3.125   0.0   0.0
 3.335  582.5 -90  48  57   3.125 330.0  30.0
 3.335  585.0 -90  48  60  -3.125 330.0  30.0
 3.335  592.5 -90  48  60  -3.125   0.0   0.0
 3.335  660.0 -90  48  63  -3.125   0.0   0.0
 3.335  662.5 -90  48  69  -3.125   0.0   0.0
 3.335  665.0 -90  48  60  -3.125   0.0   0.0
 3.335 1017.5 -90  48  57   9.375 330.0  30.0
 3.335 1035.0 -90  48  57   9.375 330.0  30.0
 3.335 1037.5 -90  48  57  -3.125 150.0  30.0
 3.335 1042.5 -90  48  57   3.125 330.0  30.0
 3.335 1050.0 -90  48  57  -9.375 150.0  30.0
 3.335 1060.0 -90  48  57   3.125 330.0  30.0
 3.335 1062.5 -90  48  57   9.375 330.0  30.0
 3.335 1067.5 -90  48  57  -3.125 330.0  30.0
 3.335 1087.5 -90  48  57  -3.125 330.0  30.0
 3.360  337.5  90  51  72  -3.125   0.0   0.0
 3.360  340.0  90  51  66  -3.125   0.0   0.0
 3.360  677.5  90  51  60  -3.125   0.0   0.0
 3.360  680.0  90  51  63   3.125   0.0   0.0
 3.360 1017.5  90  51  63  -3.125  30.0  30.0
 3.360 1020.0  90  51  60   3.125  30.0  30.0
 3.360  117.5 -90  48  57  -3.125 330.0  30.0
 3.360  120.0 -90  48  60   3.125 330.0  30.0
 3.360  122.5 -90  48  57   3.125 330.0  30.0
 3.360  125.0 -90  48  60   3.125 330.0  30.0
 3.360  127.5 -90  48  57   3.125 330.0  30.0
 3.360  327.5 -90  48  72  -3.125   0.0   0.0
 3.360  330.0 -90  48  75  -3.125   0.0   0.0
 3.360  332.5 -90  48  60   3.125   0.0   0.0
 3.360  565.0 -90  48  60   3.125   0.0   0.0
 3.360  572.5 -90  48  63   3.125 330.0  30.0
 3.360  582.5 -90  48  57  -3.125 330.0  30.0
 3.360  585.0 -90  48  63   3.125 330.0  30.0
 3.360  587.5 -90  48  63   3.125 330.0  30.0
 3.360  595.0 -90  48  57  -3.125  90.0  30.0
 3.360  660.0 -90  48  57   3.125   0.0   0.0
 3.360  662.5 -90  48  66  -3.125   0.0   0.0
 3.360  665.0 -90  48  57  -3.125   0.0   0.0
 3.360 1017.5 -90  48  63  -3.125 330.0  30.0
 3.360 1020.0 -90  48  60   3.125 330.0  30.0
 3.360 1022.5 -90  48  60  -3.125 330.0  30.0
 3.360 1025.0 -90  48  57  -3.125 330.0  30.0
 3.360 1027.5 -90  48  60   3.125 330.0  30.0
 3.360 1030.0 -90  48  60  -3.125  30.0  30.0
 3.360 1032.5 -90  48  60  -3.125 330.0  30.0
 3.360 1035.0 -90  48  57  -3.125 330.0  30.0
 3.360 1037.5 -90  48  63  -3.125 330.0  30.0
 3.360 1040.0 -90  48  60   3.125 330.0  30.0
 3.360 1042.5 -90  48  63  -9.375 330.0  30.0
 3.360 1045.0 -90  48  57   3.125 330.0  30.0
 3.360 1047.5 -90  48  60  -3.125 330.0  30.0
 3.360 1050.0 -90  48  57  -3.125 150.0  30.0
 3.360 1052.5 -90  48  60  -3.125 330.0  30.0
 3.360 1055.0 -90  48  57  -3.125 330.0  30.0
 3.360 1057.5 -90  48  60  -9.375 330.0  30.0
 3.360 1060.0 -90  48  57   9.375 330.0  30.0
 3.360 1062.5 -90  48  63   9.375 330.0  30.0
 3.360 1065.0 -90  48  60  -9.375 330.0  30.0
 3.360 1067.5 -90  48  63   3.125 330.0  30.0
 3.360 1070.0 -90  48  57   9.375 330.0  30.0
 3.360 1072.5 -90  48  63   3.125 330.0  30.0
 3.360 1075.0 -90  48  57  -9.375 330.0  30.0
 3.360 1077.5 -90  48  60   9.375 330.0  30.0
 3.360 1080.0 -90  48  57   9.375 330.0  30.0
 3.360 1082.5 -90  48  60  -9.375 330.0  30.0
 3.360 1085.0 -90  48  57   9.375 330.0  30.0
 3.360 1087.5 -90  48  63   9.375 330.0  30.0
 3.360 1090.0 -90  48  60  -9.375 330.0  30.0
 3.360 1092.5 -90  48  60   9.375 330.0  30.0
 3.360 1095.0 -90  48  57   9.375 330.0  30.0
 3.385  337.5  90  51  69   3.125   0.0   0.0
 3.385  340.0  90  51  72  -3.125   0.0   0.0
 3.385  602.5  90  51  60  -3.125  30.0  30.0
 3.385  680.0  90  51  63  -3.125   0.0   0.0
 3.385  682.5  90  51  63  -3.125   0.0   0.0
 3.385 1017.5  90  51  63  -3.125  30.0  30.0
 3.385 1020.0  90  51  60  -3.125   0.0   0.0
 3.385 1027.5  90  51  60  -9.375  30.0  30.0
 3.385 1032.5  90  51  60   3.125  30.0  30.0
 3.385 1037.5  90  51  60   3.125 330.0  30.0
 3.385 1042.5  90  51  60   3.125 270.0  30.0
 3.385 1047.5  90  51  60   3.125 330.0  30.0
 3.385 1052.5  90  51  60  -9.375  30.0  30.0
 3.385 1057.5  90  51  60   3.125  30.0  30.0
 3.385 1062.5  90  51  60  -9.375 330.0  30.0
 3.385 1082.5  90  51  60  -9.375  30.0  30.0
 3.385  120.0 -90  51  60   3.125 330.0  30.0
 3.385  327.5 -90  51  69  -3.125   0.0   0.0
 3.385  330.0 -90  51  78  -3.125   0.0   0.0
 3.385  332.5 -90  51  60   3.125   0.0   0.0
 3.385  335.0 -90  51  60   3.125  30.0  30.0
 3.385  567.5 -90  51  60   3.125   0.0   0.0
 3.385  572.5 -90  51  60   3.125 330.0  30.0
 3.385  580.0 -90  51  60   3.125  30.0  30.0
 3.385  585.0 -90  51  66   3.125 330.0  30.0
 3.385  587.5 -90  51  63   3.125 330.0  30.0
 3.385  592.5 -90  51  60   3.125  30.0  30.0
 3.385  595.0 -90  51  63  -3.125   0.0   0.0
 3.385  665.0 -90  51  63  -3.125   0.0   0.0
 3.410  337.5  90  48  66  -3.125   0.0   0.0
 3.410  340.0  90  48  75  -3.125   0.0   0.0
 3.410  342.5  90  48  63  -3.125   0.0   0.0
 3.410  590.0  90  48  57   3.125  30.0  30.0
 3.410  595.0  90  48  60  -3.125  30.0  30.0
 3.410  597.5  90  48  60   3.125 330.0  30.0
 3.410  680.0  90  48  60  -3.125   0.0   0.0
 3.410  682.5  90  48  66  -3.125   0.0   0.0
 3.410  685.0  90  48  60  -3.125   0.0   0.0
 3.410 1017.5  90  48  60  -9.375 150.0  30.0
 3.410 1020.0  90  48  60   3.125  90.0  30.0
 3.410 1022.5  90  48  60   3.125 210.0  30.0
 3.410 1025.0  90  48  57  -9.375  30.0  30.0
 3.410 1027.5  90  48  60   9.375  30.0  30.0
 3.410 1030.0  90  48  57   3.125  30.0  30.0
 3.410 1032.5  90  48  60   9.375  30.0  30.0
 3.410 1037.5  90  48  57  -9.375 150.0  30.0
 3.410 1042.5  90  48  60  -9.375  90.0  30.0
 3.410 1045.0  90  48  57   9.375  90.0  30.0
 3.410 1047.5  90  48  60   9.375  30.0  30.0
 3.410 1050.0  90  48  57   9.375  30.0  30.0
 3.410 1052.5  90  48  57   9.375  30.0  30.0
 3.410 1057.5  90  48  60  -3.125  30.0  30.0
 3.410 1062.5  90  48  57  -3.125 330.0  30.0
 3.410 1065.0  90  48  57  -9.375  90.0  30.0
 3.410 1067.5  90  48  60  -3.125  90.0  30.0
 3.410 1070.0  90  48  57  -3.125  90.0  30.0
 3.410 1072.5  90  48  60   3.125 330.0  30.0
 3.410 1077.5  90  48  60  -3.125 330.0  30.0
 3.410 1082.5  90  48  60  -3.125  30.0  30.0
 3.410 1087.5  90  48  60   3.125 330.0  30.0
 3.410 1090.0  90  48  57  -3.125  90.0  30.0
 3.410 1092.5  90  48  60  -3.125  90.0  30.0
 3.410 1095.0  90  48  57  -3.125  90.0  30.0
 3.410  120.0 -90  48  57   3.125 270.0  30.0
 3.410  122.5 -90  48  57   3.125  30.0  30.0
 3.410  327.5 -90  48  63   3.125   0.0   0.0
 3.410  330.0 -90  48  78  -3.125   0.0   0.0
 3.410  332.5 -90  48  69   3.125   0.0   0.0
 3.410  335.0 -90  48  57  -3.125  30.0  30.0
 3.410  562.5 -90  48  66  -3.125   0.0   0.0
 3.410  565.0 -90  48  57   3.125   0.0   0.0
 3.410  570.0 -90  48  60   3.125  30.0  30.0
 3.410  572.5 -90  48  66   3.125   0.0   0.0
 3.410  575.0 -90  48  66   3.125   0.0   0.0
 3.410  577.5 -90  48  60  -3.125   0.0   0.0
 3.410  580.0 -90  48  60   3.125   0.0   0.0
 3.410  585.0 -90  48  63  -3.125 330.0  30.0
 3.410  587.5 -90  48  66   3.125 330.0  30.0
 3.410  592.5 -90  48  57  -3.125 330.0  30.0
 3.410  595.0 -90  48  63  -3.125   0.0   0.0
 3.410  597.5 -90  48  60  -3.125   0.0   0.0
 3.410  662.5 -90  48  57  -3.125   0.0   0.0
 3.410  665.0 -90  48  69  -3.125   0.0   0.0
 3.410  667.5 -90  48  60  -3.125   0.0   0.0
 3.410  670.0 -90  48  57  -3.125   0.0   0.0
 3.435  337.5  90  45  57   3.125   0.0   0.0
 3.435  340.0  90  45  72  -3.125   0.0   0.0
 3.435  342.5  90  45  69  -3.125   0.0   0.0
 3.435  592.5  90  45  57   3.125 330.0  30.0
 3.435  595.0  90  45  57   3.125  30.0  30.0
 3.435  600.0  90  45  57   3.125  30.0  30.0
 3.435  607.5  90  45  54  -3.125 330.0  30.0
 3.435  682.5  90  45  63   3.125   0.0   0.0
 3.435  685.0  90  45  66  -3.125   0.0   0.0
 3.435 1022.5  90  45  54  -3.125  30.0  30.0
 3.435 1025.0  90  45  60  -3.125   0.0   0.0
 3.435 1027.5  90  45  60   3.125   0.0   0.0
 3.435  107.5 -90  45  54   3.125  90.0  30.0
 3.435  120.0 -90  45  57   3.125 330.0  30.0
 3.435  122.5 -90  45  54  -3.125  30.0  30.0
 3.435  125.0 -90  45  54   3.125 270.0  30.0
 3.435  225.0 -90  45  54   3.125   0.0   0.0
 3.435  227.5 -90  45  54   3.125   0.0   0.0
 3.435  327.5 -90  45  54   3.125   0.0   0.0
 3.435  330.0 -90  45  75  -3.125   0.0   0.0
 3.435  332.5 -90  45  69  -3.125   0.0   0.0
 3.435  335.0 -90  45  57  -3.125   0.0   0.0
 3.435  562.5 -90  45  69  -3.125   0.0   0.0
 3.435  565.0 -90  45  60  -3.125   0.0   0.0
 3.435  567.5 -90  45  60   3.125   0.0   0.0
 3.435  572.5 -90  45  63  -3.125   0.0   0.0
 3.435  575.0 -90  45  60  -3.125   0.0   0.0
 3.435  577.5 -90  45  63   3.125 330.0  30.0
 3.435  580.0 -90  45  57   3.125 330.0  30.0
 3.435  585.0 -90  45  54  -3.125 330.0  30.0
 3.435  587.5 -90  45  63   3.125 330.0  30.0
 3.435  590.0 -90  45  57   3.125 330.0  30.0
 3.435  592.5 -90  45  60  -3.125 330.0  30.0
 3.435  595.0 -90  45  63  -3.125   0.0   0.0
 3.435  597.5 -90  45  54  -3.125   0.0   0.0
 3.435  600.0 -90  45  54   3.125 330.0  30.0
 3.435  665.0 -90  45  69  -3.125   0.0   0.0
 3.435  667.5 -90  45  69  -3.125   0.0   0.0
 3.435  670.0 -90  45  60  -3.125   0.0   0.0
 3.435  682.5 -90  45  54  -3.125   0.0   0.0
 3.435  710.0 -90  45  54  -3.125   0.0   0.0
 3.435  800.0 -90  45  54  -3.125  30.0  30.0
 3.435  807.5 -90  45  54  -3.125   0.0   0.0
 3.435  897.5 -90  45  54  -3.125  30.0  30.0
 3.435  900.0 -90  45  54  -3.125   0.0   0.0
 3.435 1002.5 -90  45  54  -3.125   0.0   0.0
 3.435 1275.0 -90  45  54   3.125   0.0   0.0
 3.460   80.0  90  42  51   3.125   0.0   0.0
 3.460  337.5  90  42  51   3.125   0.0   0.0
 3.460  340.0  90  42  69  -3.125   0.0   0.0
 3.460  342.5  90  42  72  -3.125   0.0   0.0
 3.460  592.5  90  42  51  -3.125   0.0   0.0
 3.460  597.5  90  42  51  -3.125   0.0   0.0
 3.460  600.0  90  42  54   3.125   0.0   0.0
 3.460  602.5  90  42  54   3.125   0.0   0.0
 3.460  605.0  90  42  57  -3.125 330.0  30.0
 3.460  682.5  90  42  51   3.125   0.0   0.0
 3.460  685.0  90  42  60  -3.125   0.0   0.0
 3.460  687.5  90  42  57  -3.125   0.0   0.0
 3.460  690.0  90  42  54   3.125   0.0   0.0
 3.460  695.0  90  42  51  -3.125   0.0   0.0
 3.460  697.5  90  42  51  -3.125   0.0   0.0
 3.460 1022.5  90  42  51  -3.125   0.0   0.0
 3.460 1025.0  90  42  57  -3.125   0.0   0.0
 3.460 1027.5  90  42  57  -3.125   0.0   0.0
 3.460 1030.0  90  42  57  -3.125   0.0   0.0
 3.460 1032.5  90  42  54   3.125   0.0   0.0
 3.460  107.5 -90  45  57  -3.125  30.0  30.0
 3.460  110.0 -90  45  54  -3.125  30.0  30.0
 3.460  120.0 -90  45  54  -3.125 330.0  30.0
 3.460  330.0 -90  45  72  -3.125   0.0   0.0
 3.460  332.5 -90  45  72  -3.125   0.0   0.0
 3.460  335.0 -90  45  57   3.125   0.0   0.0
 3.460  562.5 -90  45  66  -3.125   0.0   0.0
 3.460  565.0 -90  45  69  -3.125   0.0   0.0
 3.460  567.5 -90  45  63  -3.125   0.0   0.0
 3.460  570.0 -90  45  57  -3.125  30.0  30.0
 3.460  572.5 -90  45  54  -3.125   0.0   0.0
 3.460  575.0 -90  45  54  -3.125  30.0  30.0
 3.460  577.5 -90  45  63  -3.125  30.0  30.0
 3.460  582.5 -90  45  54  -3.125 330.0  30.0
 3.460  585.0 -90  45  57  -3.125   0.0   0.0
 3.460  587.5 -90  45  57  -3.125 330.0  30.0
 3.460  590.0 -90  45  54   3.125 270.0  30.0
 3.460  592.5 -90  45  54   3.125 330.0  30.0
 3.460  595.0 -90  45  63   3.125 330.0  30.0
 3.460  597.5 -90  45  57  -3.125   0.0   0.0
 3.460  600.0 -90  45  54  -3.125 150.0  30.0
 3.460  665.0 -90  45  63  -3.125   0.0   0.0
 3.460  667.5 -90  45  72  -3.125   0.0   0.0
 3.460  670.0 -90  45  63  -3.125   0.0   0.0
 3.460  800.0 -90  45  54   3.125   0.0   0.0
 3.460  900.0 -90  45  54  -3.125   0.0   0.0
 3.460  902.5 -90  45  57  -3.125   0.0   0.0
 3.460  917.5 -90  45  54  -3.125   0.0   0.0
 3.460 1017.5 -90  45  54   9.375 330.0  30.0
 3.460 1022.5 -90  45  54  -3.125 150.0  30.0
 3.460 1027.5 -90  45  54   9.375 150.0  30.0
 3.460 1032.5 -90  45  54   9.375  90.0  30.0
 3.460 1037.5 -90  45  54  -9.375 150.0  30.0
 3.460 1042.5 -90  45  57   9.375 330.0  30.0
 3.460 1047.5 -90  45  54   3.125 330.0  30.0
 3.460 1052.5 -90  45  54   3.125  90.0  30.0
 3.460 1057.5 -90  45  54   3.125 150.0  30.0
 3.460 1062.5 -90  45  54  -9.375 330.0  30.0
 3.460 1067.5 -90  45  57   9.375 330.0  30.0
 3.460 1072.5 -90  45  57  -3.125 330.0  30.0
 3.460 1077.5 -90  45  54   3.125 150.0  30.0
 3.460 1087.5 -90  45  54   3.125 330.0  30.0
 3.460 1092.5 -90  45  57  -3.125 330.0  30.0
 3.460 1232.5 -90  45  54   3.125   0.0   0.0
 3.460 1235.0 -90  45  57   3.125   0.0   0.0
 3.485  340.0  90  42  63  -3.125   0.0   0.0
 3.485  342.5  90  42  72  -3.125   0.0   0.0
 3.485  345.0  90  42  57   3.125   0.0   0.0
 3.485  595.0  90  42  51   3.125  30.0  30.0
 3.485  600.0  90  42  54   3.125   0.0   0.0
 3.485  602.5  90  42  57   3.125   0.0   0.0
 3.485  605.0  90  42  51  -3.125 330.0  30.0
 3.485  607.5  90  42  54   3.125   0.0   0.0
 3.485  612.5  90  42  51   3.125 330.0  30.0
 3.485  687.5  90  42  60  -3.125   0.0   0.0
 3.485  690.0  90  42  57  -3.125   0.0   0.0
 3.485  692.5  90  42  54  -3.125   0.0   0.0
 3.485  695.0  90  42  54   3.125   0.0   0.0
 3.485  697.5  90  42  51   3.125   0.0   0.0
 3.485  945.0  90  42  51  -3.125 330.0  30.0
 3.485 1030.0  90  42  60   3.125   0.0   0.0
 3.485 1032.5  90  42  60   3.125   0.0   0.0
 3.485 1037.5  90  42  54  -3.125   0.0   0.0
 3.485  107.5 -90  45  57   3.125  30.0  30.0
 3.485  110.0 -90  45  57   3.125  30.0  30.0
 3.485  112.5 -90  45  54   3.125  30.0  30.0
 3.485  125.0 -90  45  54   3.125 270.0  30.0
 3.485  330.0 -90  45  69  -3.125   0.0   0.0
 3.485  332.5 -90  45  75  -3.125   0.0   0.0
 3.485  335.0 -90  45  57   3.125   0.0   0.0
 3.485  337.5 -90  45  54   3.125   0.0   0.0
 3.485  562.5 -90  45  60  -3.125   0.0   0.0
 3.485  565.0 -90  45  72  -3.125   0.0   0.0
 3.485  570.0 -90  45  60  -3.125   0.0   0.0
 3.485  575.0 -90  45  54   3.125 330.0  30.0
 3.485  577.5 -90  45  66   3.125   0.0   0.0
 3.485  580.0 -90  45  54  -3.125  30.0  30.0
 3.485  582.5 -90  45  54   3.125 330.0  30.0
 3.485  590.0 -90  45  54   3.125 150.0  30.0
 3.485  592.5 -90  45  63   3.125 330.0  30.0
 3.485  595.0 -90  45  60  -3.125 330.0  30.0
 3.485  597.5 -90  45  60  -3.125 330.0  30.0
 3.485  600.0 -90  45  57   3.125  90.0  30.0
 3.485  665.0 -90  45  54   3.125   0.0   0.0
 3.485  667.5 -90  45  66  -3.125   0.0   0.0
 3.485  670.0 -90  45  63  -3.125   0.0   0.0
 3.485 1020.0 -90  45  54  -3.125 330.0  30.0
 3.485 1025.0 -90  45  54  -3.125 270.0  30.0
 3.485 1030.0 -90  45  54  -3.125 330.0  30.0
 3.485 1035.0 -90  45  54   3.125 270.0  30.0
 3.485 1037.5 -90  45  54   9.375 330.0  30.0
 3.485 1045.0 -90  45  54  -3.125 330.0  30.0
 3.485 1047.5 -90  45  54  -9.375 330.0  30.0
 3.485 1050.0 -90  45  54  -3.125 330.0  30.0
 3.485 1060.0 -90  45  54   9.375 270.0  30.0
 3.485 1062.5 -90  45  54  -3.125 330.0  30.0
 3.485 1067.5 -90  45  54   3.125 150.0  30.0
 3.485 1072.5 -90  45  54   3.125 330.0  30.0
 3.485 1077.5 -90  45  54   3.125 330.0  30.0
 3.485 1080.0 -90  45  54   9.375 330.0  30.0
 3.485 1087.5 -90  45  54  -3.125 330.0  30.0
 3.485 1095.0 -90  45  54   9.375 330.0  30.0
 3.485 1235.0 -90  45  54  -3.125   0.0   0.0
 3.485 1237.5 -90  45  54  -3.125   0.0   0.0
 3.510  340.0  90  42  54  -3.125   0.0   0.0
 3.510  342.5  90  42  72  -3.125   0.0   0.0
 3.510  345.0  90  42  66  -3.125   0.0   0.0
 3.510  455.0  90  42  51   3.125  30.0  30.0
 3.510  595.0  90  42  51   3.125   0.0   0.0
 3.510  597.5  90  42  57  -3.125   0.0   0.0
 3.510  602.5  90  42  54  -3.125   0.0   0.0
 3.510  605.0  90  42  51  -3.125   0.0   0.0
 3.510  607.5  90  42  57  -3.125 330.0  30.0
 3.510  610.0  90  42  57  -3.125 330.0  30.0
 3.510  612.5  90  42  54   3.125 330.0  30.0
 3.510  620.0  90  42  51  -3.125 330.0  30.0
 3.510  687.5  90  42  54  -3.125   0.0   0.0
 3.510  690.0  90  42  63  -3.125   0.0   0.0
 3.510  692.5  90  42  54  -3.125   0.0   0.0
 3.510  695.0  90  42  54  -3.125   0.0   0.0
 3.510  707.5  90  42  51   3.125 270.0  30.0
 3.510  730.0  90  42  51  -3.125 210.0  30.0
 3.510 1017.5  90  42  54  -3.125  90.0  30.0
 3.510 1027.5  90  42  51  -9.375  90.0  30.0
 3.510 1030.0  90  42  57  -3.125   0.0   0.0
 3.510 1032.5  90  42  60  -3.125   0.0   0.0
 3.510 1035.0  90  42  54   3.125   0.0   0.0
 3.510 1037.5  90  42  54  -9.375  90.0  30.0
 3.510 1040.0  90  42  54  -3.125   0.0   0.0
 3.510 1042.5  90  42  54   3.125 330.0  30.0
 3.510 1047.5  90  42  51   3.125 270.0  30.0
 3.510 1050.0  90  42  51  -3.125 270.0  30.0
 3.510 1052.5  90  42  54   3.125 330.0  30.0
 3.510 1057.5  90  42  54   3.125   0.0   0.0
 3.510 1062.5  90  42  54   3.125  30.0  30.0
 3.510 1067.5  90  42  54  -3.125  90.0  30.0
 3.510 1072.5  90  42  54   9.375  90.0  30.0
 3.510 1077.5  90  42  51  -3.125   0.0   0.0
 3.510 1082.5  90  42  51  -9.375  90.0  30.0
 3.510 1087.5  90  42  54   3.125  30.0  30.0
 3.510 1092.5  90  42  54  -3.125 330.0  30.0
 3.510   97.5 -90  45  54  -3.125   0.0   0.0
 3.510  100.0 -90  45  54  -3.125   0.0   0.0
 3.510  107.5 -90  45  54  -3.125  30.0  30.0
 3.510  110.0 -90  45  54  -3.125  30.0  30.0
 3.510  125.0 -90  45  54   3.125 270.0  30.0
 3.510  330.0 -90  45  66   3.125   0.0   0.0
 3.510  332.5 -90  45  78  -3.125   0.0   0.0
 3.510  335.0 -90  45  63   3.125   0.0   0.0
 3.510  337.5 -90  45  57  -3.125   0.0   0.0
 3.510  340.0 -90  45  54   3.125   0.0   0.0
 3.510  562.5 -90  45  54  -3.125   0.0   0.0
 3.510  565.0 -90  45  72  -3.125   0.0   0.0
 3.510  567.5 -90  45  72  -3.125   0.0   0.0
 3.510  570.0 -90  45  54   3.125   0.0   0.0
 3.510  572.5 -90  45  54   3.125  30.0  30.0
 3.510  575.0 -90  45  60   3.125   0.0   0.0
 3.510  577.5 -90  45  60   3.125   0.0   0.0
 3.510  580.0 -90  45  60   3.125 330.0  30.0
 3.510  582.5 -90  45  60   3.125  30.0  30.0
 3.510  585.0 -90  45  57   3.125  30.0  30.0
 3.510  590.0 -90  45  54  -3.125  90.0  30.0
 3.510  592.5 -90  45  66   3.125 330.0  30.0
 3.510  595.0 -90  45  63   3.125 330.0  30.0
 3.510  597.5 -90  45  57  -3.125 330.0  30.0
 3.510  600.0 -90  45  60  -3.125  90.0  30.0
 3.510  602.5 -90  45  57  -3.125 330.0  30.0
 3.510  605.0 -90  45  54   3.125 330.0  30.0
 3.510  667.5 -90  45  57  -3.125   0.0   0.0
 3.510  670.0 -90  45  63  -3.125   0.0   0.0
 3.510  672.5 -90  45  57   3.125   0.0   0.0
 3.510  797.5 -90  45  57  -3.125   0.0   0.0
 3.510  800.0 -90  45  54   3.125   0.0   0.0
 3.510  802.5 -90  45  54   3.125   0.0   0.0
 3.510  905.0 -90  45  54   3.125   0.0   0.0
 3.510  910.0 -90  45  54  -3.125   0.0   0.0
 3.510 1237.5 -90  45  54   3.125   0.0   0.0
 3.535  342.5  90  42  69  -3.125   0.0   0.0
 3.535  345.0  90  42  69   3.125   0.0   0.0
 3.535  347.5  90  42  54  -3.125   0.0   0.0
 3.535  595.0  90  42  51  -3.125   0.0   0.0
 3.535  597.5  90  42  54   3.125   0.0   0.0
 3.535  600.0  90  42  54   3.125   0.0   0.0
 3.535  607.5  90  42  54   3.125 330.0  30.0
 3.535  612.5  90  42  54   3.125 330.0  30.0
 3.535  617.5  90  42  51   3.125 330.0  30.0
 3.535  622.5  90  42  51  -3.125   0.0   0.0
 3.535  690.0  90  42  60  -3.125   0.0   0.0
 3.535  692.5  90  42  60  -3.125   0.0   0.0
 3.535  695.0  90  42  51  -3.125   0.0   0.0
 3.535  697.5  90  42  57  -3.125   0.0   0.0
 3.535  700.0  90  42  51  -3.125   0.0   0.0
 3.535  702.5  90  42  51   3.125   0.0   0.0
 3.535  810.0  90  42  51   3.125   0.0   0.0
 3.535 1017.5  90  42  51  -9.375 330.0  30.0
 3.535 1022.5  90  42  54   9.375 210.0  30.0
 3.535 1027.5  90  42  54   9.375  30.0  30.0
 3.535 1032.5  90  42  54   9.375 210.0  30.0
 3.535 1035.0  90  42  60   3.125   0.0   0.0
 3.535 1037.5  90  42  60   3.125   0.0   0.0
 3.535 1042.5  90  42  51   3.125 210.0  30.0
 3.535 1045.0  90  42  51  -3.125   0.0   0.0
 3.535 1047.5  90  42  54   9.375  30.0  30.0
 3.535 1052.5  90  42  54  -3.125 330.0  30.0
 3.535 1057.5  90  42  54  -3.125  30.0  30.0
 3.535 1062.5  90  42  51  -3.125   0.0   0.0
 3.535 1067.5  90  42  51  -9.375 270.0  30.0
 3.535 1072.5  90  42  51  -9.375 270.0  30.0
 3.535 1077.5  90  42  54  -3.125  30.0  30.0
 3.535 1082.5  90  42  54  -3.125  30.0  30.0
 3.535 1092.5  90  42  51  -9.375  90.0  30.0
 3.535   97.5 -90  45  54   3.125   0.0   0.0
 3.535  100.0 -90  45  54   3.125   0.0   0.0
 3.535  125.0 -90  45  54  -3.125 330.0  30.0
 3.535  227.5 -90  45  54   3.125   0.0   0.0
 3.535  230.0 -90  45  54  -3.125   0.0   0.0
 3.535  330.0 -90  45  57  -3.125   0.0   0.0
 3.535  332.5 -90  45  78  -3.125   0.0   0.0
 3.535  335.0 -90  45  69  -3.125   0.0   0.0
 3.535  337.5 -90  45  57   3.125   0.0   0.0
 3.535  435.0 -90  45  54   3.125   0.0   0.0
 3.535  437.5 -90  45  54   3.125   0.0   0.0
 3.535  565.0 -90  45  63  -3.125   0.0   0.0
 3.535  567.5 -90  45  72  -3.125   0.0   0.0
 3.535  570.0 -90  45  63   3.125   0.0   0.0
 3.535  572.5 -90  45  60  -3.125   0.0   0.0
 3.535  575.0 -90  45  54   3.125  30.0  30.0
 3.535  580.0 -90  45  54   3.125  30.0  30.0
 3.535  582.5 -90  45  54   3.125  30.0  30.0
 3.535  585.0 -90  45  57  -3.125   0.0   0.0
 3.535  587.5 -90  45  54  -3.125 330.0  30.0
 3.535  590.0 -90  45  57  -3.125 330.0  30.0
 3.535  592.5 -90  45  57  -3.125 330.0  30.0
 3.535  595.0 -90  45  60   3.125 330.0  30.0
 3.535  597.5 -90  45  57  -3.125 330.0  30.0
 3.535  600.0 -90  45  57  -3.125 150.0  30.0
 3.535  602.5 -90  45  57  -3.125 330.0  30.0
 3.535  670.0 -90  45  69  -3.125   0.0   0.0
 3.535  672.5 -90  45  60  -3.125  90.0  30.0
 3.535  790.0 -90  45  54   3.125   0.0   0.0
 3.535  802.5 -90  45  54  -3.125   0.0   0.0
 3.535  902.5 -90  45  54  -3.125   0.0   0.0
 3.535  905.0 -90  45  57  -3.125   0.0   0.0
 3.535  907.5 -90  45  57  -3.125   0.0   0.0
 3.560  342.5  90  45  63  -3.125   0.0   0.0
 3.560  345.0  90  45  72  -3.125   0.0   0.0
 3.560  347.5  90  45  63  -3.125   0.0   0.0
 3.560  350.0  90  45  54  -3.125   0.0   0.0
 3.560  600.0  90  45  57   3.125   0.0   0.0
 3.560  602.5  90  45  54   3.125 330.0  30.0
 3.560  610.0  90  45  57  -3.125 330.0  30.0
 3.560  612.5  90  45  57   3.125 330.0  30.0
 3.560  622.5  90  45  54  -3.125   0.0   0.0
 3.560  690.0  90  45  54   3.125   0.0   0.0
 3.560  692.5  90  45  60  -3.125   0.0   0.0
 3.560  695.0  90  45  54   3.125   0.0   0.0
 3.560  697.5  90  45  57   3.125   0.0   0.0
 3.560  702.5  90  45  54   3.125   0.0   0.0
 3.560 1035.0  90  45  54  -3.125   0.0   0.0
 3.560 1040.0  90  45  57  -3.125   0.0   0.0
 3.560  332.5 -90  45  75  -3.125   0.0   0.0
 3.560  335.0 -90  45  75  -3.125   0.0   0.0
 3.560  337.5 -90  45  54   3.125   0.0   0.0
 3.560  565.0 -90  45  54  -3.125   0.0   0.0
 3.560  567.5 -90  45  69  -3.125   0.0   0.0
 3.560  570.0 -90  45  69  -3.125   0.0   0.0
 3.560  572.5 -90  45  54   3.125  30.0  30.0
 3.560  577.5 -90  45  57  -3.125  30.0  30.0
 3.560  582.5 -90  45  57  -3.125   0.0   0.0
 3.560  585.0 -90  45  57  -3.125  30.0  30.0
 3.560  590.0 -90  45  57   3.125 330.0  30.0
 3.560  595.0 -90  45  54   3.125 330.0  30.0
 3.560  597.5 -90  45  57  -3.125 330.0  30.0
 3.560  600.0 -90  45  54  -3.125 330.0  30.0
 3.560  602.5 -90  45  60  -3.125   0.0   0.0
 3.560  605.0 -90  45  54  -3.125 330.0  30.0
 3.560  617.5 -90  45  54   3.125  30.0  30.0
 3.560  670.0 -90  45  69  -3.125   0.0   0.0
 3.560  672.5 -90  45  69  -3.125   0.0   0.0
 3.560  675.0 -90  45  60  -3.125   0.0   0.0
 3.560  697.5 -90  45  54  -3.125   0.0   0.0
 3.560  907.5 -90  45  54  -3.125   0.0   0.0
 3.560  910.0 -90  45  54   3.125   0.0   0.0
 3.560 1005.0 -90  45  54  -3.125   0.0   0.0
 3.560 1007.5 -90  45  54   3.125   0.0   0.0
 3.560 1272.5 -90  45  54  -3.125   0.0   0.0
 3.560 1275.0 -90  45  54  -3.125   0.0   0.0
 3.560 1277.5 -90  45  54  -3.125   0.0   0.0
 3.585  342.5  90  45  54   3.125   0.0   0.0
 3.585  345.0  90  45  72  -3.125   0.0   0.0
 3.585  347.5  90  45  69  -3.125   0.0   0.0
 3.585  600.0  90  45  54   3.125   0.0   0.0
 3.585  602.5  90  45  60   3.125   0.0   0.0
 3.585  605.0  90  45  63  -3.125 330.0  30.0
 3.585  607.5  90  45  57  -3.125   0.0   0.0
 3.585  692.5  90  45  54   3.125   0.0   0.0
 3.585  695.0  90  45  57  -3.125  30.0  30.0
 3.585  697.5  90  45  54  -3.125  90.0  30.0
 3.585  702.5  90  45  54  -3.125   0.0   0.0
 3.585 1037.5  90  45  54   3.125   0.0   0.0
 3.585 1040.0  90  45  57  -3.125   0.0   0.0
 3.585 1045.0  90  45  54  -3.125   0.0   0.0
 3.585  332.5 -90  48  72  -3.125   0.0   0.0
 3.585  335.0 -90  48  75  -3.125   0.0   0.0
 3.585  337.5 -90  48  60  -3.125   0.0   0.0
 3.585  567.5 -90  48  60  -3.125   0.0   0.0
 3.585  570.0 -90  48  69  -3.125   0.0   0.0
 3.585  572.5 -90  48  60  -3.125   0.0   0.0
 3.585  577.5 -90  48  57   3.125  30.0  30.0
 3.585  580.0 -90  48  63  -3.125   0.0   0.0
 3.585  582.5 -90  48  60  -3.125   0.0   0.0
 3.585  585.0 -90  48  60   3.125   0.0   0.0
 3.585  587.5 -90  48  57   3.125  30.0  30.0
 3.585  590.0 -90  48  60   3.125  30.0  30.0
 3.585  592.5 -90  48  57   3.125 330.0  30.0
 3.585  595.0 -90  48  60  -3.125 330.0  30.0
 3.585  597.5 -90  48  57   3.125 330.0  30.0
 3.585  602.5 -90  48  57  -3.125 330.0  30.0
 3.585  670.0 -90  48  60   3.125   0.0   0.0
 3.585  672.5 -90  48  72  -3.125   0.0   0.0
 3.585  675.0 -90  48  63  -3.125   0.0   0.0
 3.610  345.0  90  48  69  -3.125   0.0   0.0
 3.610  347.5  90  48  72  -3.125   0.0   0.0
 3.610  605.0  90  48  60  -3.125 330.0  30.0
 3.610  695.0  90  48  60  -3.125   0.0   0.0
 3.610  697.5  90  48  57  -3.125   0.0   0.0
 3.610  702.5  90  48  57   3.125   0.0   0.0
 3.610 1040.0  90  48  57  -3.125   0.0   0.0
 3.610 1042.5  90  48  57  -3.125  30.0  30.0
 3.610 1047.5  90  48  57  -3.125   0.0   0.0
 3.610  332.5 -90  48  69  -3.125   0.0   0.0
 3.610  335.0 -90  48  78  -3.125   0.0   0.0
 3.610  337.5 -90  48  66  -3.125   0.0   0.0
 3.610  570.0 -90  48  69  -3.125   0.0   0.0
 3.610  572.5 -90  48  66  -3.125   0.0   0.0
 3.610  575.0 -90  48  57  -3.125   0.0   0.0
 3.610  580.0 -90  48  57  -3.125   0.0   0.0
 3.610  582.5 -90  48  66   3.125   0.0   0.0
 3.610  585.0 -90  48  57   3.125 330.0  30.0
 3.610  587.5 -90  48  66  -3.125   0.0   0.0
 3.610  590.0 -90  48  60  -3.125  30.0  30.0
 3.610  597.5 -90  48  57  -3.125 330.0  30.0
 3.610  610.0 -90  48  57   3.125 330.0  30.0
 3.610  672.5 -90  48  66  -3.125   0.0   0.0
 3.610  675.0 -90  48  66  -3.125   0.0   0.0
 3.610  802.5 -90  48  57  -3.125   0.0   0.0
 3.610  910.0 -90  48  57  -3.125   0.0   0.0
 3.635  345.0  90  45  60  -3.125   0.0   0.0
 3.635  347.5  90  45  72   3.125   0.0   0.0
 3.635  350.0  90  45  63   3.125   0.0   0.0
 3.635  610.0  90  45  54  -3.125 330.0  30.0
 3.635  612.5  90  45  54  -3.125 330.0  30.0
 3.635  617.5  90  45  54  -3.125 330.0  30.0
 3.635  622.5  90  45  54   3.125 330.0  30.0
 3.635  695.0  90  45  54  -3.125  30.0  30.0
 3.635  697.5  90  45  57  -3.125  30.0  30.0
 3.635  700.0  90  45  57   3.125   0.0   0.0
 3.635 1042.5  90  45  57  -3.125  30.0  30.0
 3.635 1045.0  90  45  54   3.125   0.0   0.0
 3.635 1055.0  90  45  54   3.125   0.0   0.0
 3.635  332.5 -90  48  57  -3.125   0.0   0.0
 3.635  335.0 -90  48  78  -3.125   0.0   0.0
 3.635  337.5 -90  48  69  -3.125   0.0   0.0
 3.635  340.0 -90  48  57  -3.125   0.0   0.0
 3.635  570.0 -90  48  60  -3.125   0.0   0.0
 3.635  572.5 -90  48  72  -3.125   0.0   0.0
 3.635  575.0 -90  48  63  -3.125   0.0   0.0
 3.635  580.0 -90  48  57   3.125   0.0   0.0
 3.635  582.5 -90  48  63  -3.125   0.0   0.0
 3.635  585.0 -90  48  60  -3.125 330.0  30.0
 3.635  587.5 -90  48  63   3.125  30.0  30.0
 3.635  590.0 -90  48  57  -3.125 330.0  30.0
 3.635  592.5 -90  48  57   3.125  30.0  30.0
 3.635  597.5 -90  48  57   3.125 330.0  30.0
 3.635  600.0 -90  48  57   3.125 330.0  30.0
 3.635  605.0 -90  48  57  -3.125 330.0  30.0
 3.635  610.0 -90  48  57   3.125 330.0  30.0
 3.635  675.0 -90  48  63  -3.125  30.0  30.0
 3.635  677.5 -90  48  63  -3.125   0.0   0.0
 3.660  347.5  90  45  69  -3.125   0.0   0.0
 3.660  350.0  90  45  66  -3.125   0.0   0.0
 3.660  352.5  90  45  57   3.125   0.0   0.0
 3.660  607.5  90  45  54  -3.125  30.0  30.0
 3.660  610.0  90  45  54   3.125  30.0  30.0
 3.660  612.5  90  45  60  -3.125 330.0  30.0
 3.660  617.5  90  45  54   3.125 330.0  30.0
 3.660  700.0  90  45  60  -3.125   0.0   0.0
 3.660  702.5  90  45  57  -3.125   0.0   0.0
 3.660 1045.0  90  45  57  -3.125   0.0   0.0
 3.660 1047.5  90  45  57  -3.125  30.0  30.0
 3.660 1050.0  90  45  57  -3.125   0.0   0.0
 3.660 1052.5  90  45  57  -3.125   0.0   0.0
 3.660  332.5 -90  45  54   3.125   0.0   0.0
 3.660  335.0 -90  45  75  -3.125   0.0   0.0
 3.660  337.5 -90  45  72  -3.125   0.0   0.0
 3.660  340.0 -90  45  54   3.125   0.0   0.0
 3.660  342.5 -90  45  54   3.125  30.0  30.0
 3.660  570.0 -90  45  54   3.125   0.0   0.0
 3.660  572.5 -90  45  69  -3.125   0.0   0.0
 3.660  575.0 -90  45  66  -3.125   0.0   0.0
 3.660  577.5 -90  45  60  -3.125   0.0   0.0
 3.660  580.0 -90  45  60  -3.125   0.0   0.0
 3.660  582.5 -90  45  57  -3.125   0.0   0.0
 3.660  585.0 -90  45  54  -3.125   0.0   0.0
 3.660  587.5 -90  45  57   3.125  30.0  30.0
 3.660  590.0 -90  45  57   3.125  30.0  30.0
 3.660  592.5 -90  45  54   3.125  30.0  30.0
 3.660  600.0 -90  45  57   3.125 330.0  30.0
 3.660  602.5 -90  45  54   3.125 330.0  30.0
 3.660  607.5 -90  45  57  -3.125 330.0  30.0
 3.660  675.0 -90  45  66  -3.125   0.0   0.0
 3.660  677.5 -90  45  69  -3.125   0.0   0.0
 3.660  680.0 -90  45  54   3.125   0.0   0.0
 3.660  807.5 -90  45  54  -3.125 330.0  30.0
 3.660  915.0 -90  45  54  -3.125   0.0   0.0
 3.660 1015.0 -90  45  54  -3.125   0.0   0.0
 3.660 1017.5 -90  45  54  -3.125   0.0   0.0
 3.685  347.5  90  45  63   3.125   0.0   0.0
 3.685  350.0  90  45  69  -3.125   0.0   0.0
 3.685  352.5  90  45  60  -3.125   0.0   0.0
 3.685  612.5  90  45  60  -3.125 330.0  30.0
 3.685  700.0  90  45  60  -3.125   0.0   0.0
 3.685  702.5  90  45  63  -3.125   0.0   0.0
 3.685  705.0  90  45  54   3.125   0.0   0.0
 3.685  707.5  90  45  54   3.125   0.0   0.0
 3.685  710.0  90  45  54  -3.125   0.0   0.0
 3.685 1047.5  90  45  57   3.125   0.0   0.0
 3.685 1050.0  90  45  60  -3.125   0.0   0.0
 3.685 1052.5  90  45  54  -3.125   0.0   0.0
 3.685  117.5 -90  45  54  -3.125  90.0  30.0
 3.685  235.0 -90  45  54   3.125   0.0   0.0
 3.685  332.5 -90  45  54   3.125   0.0   0.0
 3.685  335.0 -90  45  72  -3.125   0.0   0.0
 3.685  337.5 -90  45  75  -3.125   0.0   0.0
 3.685  340.0 -90  45  54  -3.125   0.0   0.0
 3.685  342.5 -90  45  54  -3.125  30.0  30.0
 3.685  440.0 -90  45  54  -3.125   0.0   0.0
 3.685  572.5 -90  45  60  -3.125   0.0   0.0
 3.685  575.0 -90  45  69  -3.125   0.0   0.0
 3.685  577.5 -90  45  57  -3.125   0.0   0.0
 3.685  580.0 -90  45  54  -3.125   0.0   0.0
 3.685  582.5 -90  45  60   3.125  30.0  30.0
 3.685  585.0 -90  45  60   3.125  30.0  30.0
 3.685  587.5 -90  45  54  -3.125 330.0  30.0
 3.685  590.0 -90  45  57   3.125 330.0  30.0
 3.685  592.5 -90  45  60   3.125 330.0  30.0
 3.685  597.5 -90  45  54  -3.125   0.0   0.0
 3.685  600.0 -90  45  60   3.125 330.0  30.0
 3.685  602.5 -90  45  54  -3.125 330.0  30.0
 3.685  610.0 -90  45  57   3.125 330.0  30.0
 3.685  675.0 -90  45  63  -3.125   0.0   0.0
 3.685  677.5 -90  45  72  -3.125   0.0   0.0
 3.685  915.0 -90  45  54  -3.125   0.0   0.0
 3.685  917.5 -90  45  54   3.125   0.0   0.0
 3.685  922.5 -90  45  57  -3.125   0.0   0.0
 3.685 1017.5 -90  45  54   3.125   0.0   0.0
 3.685 1272.5 -90  45  54   3.125   0.0   0.0
 3.685 1275.0 -90  45  54   3.125   0.0   0.0
 3.710  347.5  90  45  57   3.125   0.0   0.0
 3.710  350.0  90  45  69  -3.125   0.0   0.0
 3.710  352.5  90  45  60  -3.125   0.0   0.0
 3.710  620.0  90  45  54   3.125 330.0  30.0
 3.710  627.5  90  45  54  -3.125 330.0  30.0
 3.710  630.0  90  45  54  -3.125 330.0  30.0
 3.710  700.0  90  45  54  -3.125   0.0   0.0
 3.710  702.5  90  45  60  -3.125   0.0   0.0
 3.710  705.0  90  45  63  -3.125   0.0   0.0
 3.710  707.5  90  45  57  -3.125   0.0   0.0
 3.710  710.0  90  45  57   3.125   0.0   0.0
 3.710  712.5  90  45  54   3.125   0.0   0.0
 3.710  957.5  90  45  54  -3.125   0.0   0.0
 3.710 1050.0  90  45  54  -3.125   0.0   0.0
 3.710 1052.5  90  45  54  -3.125   0.0   0.0
 3.710 1055.0  90  45  54  -3.125   0.0   0.0
 3.710  335.0 -90  48  63   3.125   0.0   0.0
 3.710  337.5 -90  48  75  -3.125   0.0   0.0
 3.710  340.0 -90  48  63   3.125   0.0   0.0
 3.710  342.5 -90  48  57  -3.125   0.0   0.0
 3.710  575.0 -90  48  66  -3.125   0.0   0.0
 3.710  577.5 -90  48  60  -3.125   0.0   0.0
 3.710  582.5 -90  48  57   3.125   0.0   0.0
 3.710  585.0 -90  48  60   3.125   0.0   0.0
 3.710  587.5 -90  48  57  -3.125 330.0  30.0
 3.710  592.5 -90  48  60   3.125 330.0  30.0
 3.710  597.5 -90  48  57   3.125 330.0  30.0
 3.710  607.5 -90  48  57  -3.125 330.0  30.0
 3.710  610.0 -90  48  57  -3.125 330.0  30.0
 3.710  677.5 -90  48  69  -3.125   0.0   0.0
 3.710  680.0 -90  48  66  -3.125   0.0   0.0
 3.735  350.0  90  45  66  -3.125   0.0   0.0
 3.735  352.5  90  45  63   3.125   0.0   0.0
 3.735  355.0  90  45  57   3.125   0.0   0.0
 3.735  617.5  90  45  54   3.125 330.0  30.0
 3.735  622.5  90  45  54   3.125 330.0  30.0
 3.735  627.5  90  45  54   3.125 330.0  30.0
 3.735  630.0  90  45  54  -3.125 330.0  30.0
 3.735  705.0  90  45  63   3.125   0.0   0.0
 3.735  707.5  90  45  66  -3.125   0.0   0.0
 3.735  710.0  90  45  54  -3.125   0.0   0.0
 3.735  712.5  90  45  57   3.125   0.0   0.0
 3.735 1055.0  90  45  60  -3.125   0.0   0.0
 3.735 1057.5  90  45  63  -3.125   0.0   0.0
 3.735 1060.0  90  45  57  -3.125   0.0   0.0
 3.735  125.0 -90  45  54   3.125  30.0  30.0
 3.735  335.0 -90  45  57  -3.125   0.0   0.0
 3.735  337.5 -90  45  75  -3.125   0.0   0.0
 3.735  340.0 -90  45  69  -3.125   0.0   0.0
 3.735  575.0 -90  45  60  -3.125  30.0  30.0
 3.735  577.5 -90  45  66  -3.125   0.0   0.0
 3.735  580.0 -90  45  60  -3.125   0.0   0.0
 3.735  582.5 -90  45  54   3.125  30.0  30.0
 3.735  585.0 -90  45  57   3.125  30.0  30.0
 3.735  587.5 -90  45  57   3.125 330.0  30.0
 3.735  590.0 -90  45  63   3.125 330.0  30.0
 3.735  592.5 -90  45  54   3.125  30.0  30.0
 3.735  602.5 -90  45  54  -3.125  30.0  30.0
 3.735  607.5 -90  45  57  -3.125 330.0  30.0
 3.735  677.5 -90  45  63  -3.125   0.0   0.0
 3.735  680.0 -90  45  72  -3.125   0.0   0.0
 3.735  682.5 -90  45  66  -3.125   0.0   0.0
 3.735  685.0 -90  45  54  -3.125   0.0   0.0
 3.735  917.5 -90  45  54   3.125   0.0   0.0
 3.735 1025.0 -90  45  54   3.125   0.0   0.0
 3.760  350.0  90  45  60  -3.125   0.0   0.0
 3.760  352.5  90  45  69  -3.125   0.0   0.0
 3.760  355.0  90  45  60  -3.125   0.0   0.0
 3.760  617.5  90  45  57  -3.125  30.0  30.0
 3.760  622.5  90  45  54   3.125 330.0  30.0
 3.760  632.5  90  45  54   3.125 330.0  30.0
 3.760  637.5  90  45  54   3.125 330.0  30.0
 3.760  705.0  90  45  57   3.125   0.0   0.0
 3.760  707.5  90  45  66  -3.125   0.0   0.0
 3.760  710.0  90  45  63  -3.125   0.0   0.0
 3.760  712.5  90  45  54  -3.125   0.0   0.0
 3.760 1055.0  90  45  57  -3.125   0.0   0.0
 3.760 1057.5  90  45  60  -3.125   0.0   0.0
 3.760 1065.0  90  45  57  -3.125   0.0   0.0
 3.760 1067.5  90  45  57  -3.125   0.0   0.0
 3.760  335.0 -90  45  54   3.125   0.0   0.0
 3.760  337.5 -90  45  72  -3.125   0.0   0.0
 3.760  340.0 -90  45  72  -3.125   0.0   0.0
 3.760  342.5 -90  45  54  -3.125  90.0  30.0
 3.760  577.5 -90  45  66  -3.125   0.0   0.0
 3.760  580.0 -90  45  66  -3.125   0.0   0.0
 3.760  590.0 -90  45  63  -3.125   0.0   0.0
 3.760  592.5 -90  45  60   3.125  30.0  30.0
 3.760  595.0 -90  45  54   3.125  30.0  30.0
 3.760  602.5 -90  45  57  -3.125 330.0  30.0
 3.760  607.5 -90  45  57  -3.125  30.0  30.0
 3.760  612.5 -90  45  54  -3.125 330.0  30.0
 3.760  622.5 -90  45  54  -3.125 330.0  30.0
 3.760  680.0 -90  45  66  -3.125   0.0   0.0
 3.760  682.5 -90  45  69  -3.125   0.0   0.0
 3.760  692.5 -90  45  54  -3.125 150.0  30.0
 3.760 1027.5 -90  45  54  -3.125   0.0   0.0
 3.785  352.5  90  54  66   3.125   0.0   0.0
 3.785  355.0  90  54  63  -3.125   0.0   0.0
 3.785  707.5  90  54  63  -3.125   0.0   0.0
 3.785  337.5 -90  48  69  -3.125   0.0   0.0
 3.785  340.0 -90  48  75  -3.125   0.0   0.0
 3.785  577.5 -90  48  60   3.125   0.0   0.0
 3.785  580.0 -90  48  66  -3.125   0.0   0.0
 3.785  585.0 -90  48  57  -3.125   0.0   0.0
 3.785  590.0 -90  48  60  -3.125   0.0   0.0
 3.785  592.5 -90  48  57   3.125  30.0  30.0
 3.785  595.0 -90  48  60  -3.125  30.0  30.0
 3.785  602.5 -90  48  57   3.125 330.0  30.0
 3.785  605.0 -90  48  57   3.125 330.0  30.0
 3.785  607.5 -90  48  57   3.125 330.0  30.0
 3.785  615.0 -90  48  57   3.125 330.0  30.0
 3.785  680.0 -90  48  57  -3.125   0.0   0.0
 3.785  682.5 -90  48  69  -3.125   0.0   0.0
 3.785  685.0 -90  48  63  -3.125   0.0   0.0
 3.785  687.5 -90  48  57  -3.125   0.0   0.0
 3.785  692.5 -90  48  57  -3.125  90.0  30.0
 3.810  337.5 -90  54  63  -3.125   0.0   0.0
 3.810  340.0 -90  54  75  -3.125   0.0   0.0
 3.810  342.5 -90  54  63  -3.125   0.0   0.0
 3.810  580.0 -90  54  66  -3.125   0.0   0.0
 3.810  582.5 -90  54  66   3.125   0.0   0.0
 3.810  595.0 -90  54  63   3.125 330.0  30.0
 3.810  607.5 -90  54  66  -3.125 330.0  30.0
 3.810  682.5 -90  54  66   3.125   0.0   0.0
 3.810  685.0 -90  54  69   3.125   0.0   0.0
 3.835  355.0  90  57  69   3.125   0.0   0.0
 3.835  712.5  90  57  69  -3.125   0.0   0.0
 3.835  715.0  90  57  66   3.125   0.0   0.0
 3.835  340.0 -90  51  75  -3.125   0.0   0.0
 3.835  342.5 -90  51  72  -3.125   0.0   0.0
 3.835  580.0 -90  51  60   3.125   0.0   0.0
 3.835  582.5 -90  51  69  -3.125   0.0   0.0
 3.835  585.0 -90  51  66  -3.125  30.0  30.0
 3.835  595.0 -90  51  60   3.125   0.0   0.0
 3.835  602.5 -90  51  60  -3.125   0.0   0.0
 3.835  607.5 -90  51  66  -3.125 330.0  30.0
 3.835  682.5 -90  51  60  -3.125   0.0   0.0
 3.835  685.0 -90  51  72  -3.125   0.0   0.0
 3.835  687.5 -90  51  60  -3.125   0.0   0.0
 3.860   85.0  90  51  60   3.125   0.0   0.0
 3.860  355.0  90  51  66  -3.125   0.0   0.0
 3.860  357.5  90  51  66   3.125   0.0   0.0
 3.860  640.0  90  51  60   3.125  30.0  30.0
 3.860  712.5  90  51  63  -3.125   0.0   0.0
 3.860  715.0  90  51  72  -3.125   0.0   0.0
 3.860  717.5  90  51  66  -3.125   0.0   0.0
 3.860  720.0  90  51  60   3.125   0.0   0.0
 3.860 1067.5  90  51  60  -3.125   0.0   0.0
 3.860 1070.0  90  51  66  -3.125   0.0   0.0
 3.860 1072.5  90  51  60  -3.125   0.0   0.0
 3.860  340.0 -90  48  72  -3.125   0.0   0.0
 3.860  342.5 -90  48  75  -3.125   0.0   0.0
 3.860  345.0 -90  48  57   3.125   0.0   0.0
 3.860  582.5 -90  48  66   3.125   0.0   0.0
 3.860  585.0 -90  48  66  -3.125   0.0   0.0
 3.860  587.5 -90  48  57  -3.125   0.0   0.0
 3.860  592.5 -90  48  57   3.125   0.0   0.0
 3.860  595.0 -90  48  63  -3.125   0.0   0.0
 3.860  597.5 -90  48  63   3.125 330.0  30.0
 3.860  600.0 -90  48  57  -3.125   0.0   0.0
 3.860  605.0 -90  48  60   3.125 330.0  30.0
 3.860  607.5 -90  48  66  -3.125 330.0  30.0
 3.860  610.0 -90  48  63   3.125 330.0  30.0
 3.860  612.5 -90  48  57   3.125 330.0  30.0
 3.860  685.0 -90  48  69  -3.125   0.0   0.0
 3.860  687.5 -90  48  69  -3.125   0.0   0.0
 3.860  690.0 -90  48  57  -3.125   0.0   0.0
 3.860  702.5 -90  48  57   3.125 330.0  30.0
 3.860  897.5 -90  48  57  -3.125   0.0   0.0
 3.860 1032.5 -90  48  57   3.125   0.0   0.0
 3.860 1037.5 -90  48  57  -3.125   0.0   0.0
 3.885  355.0  90  51  63   3.125   0.0   0.0
 3.885  357.5  90  51  69  -3.125   0.0   0.0
 3.885  630.0  90  51  60  -3.125 330.0  30.0
 3.885  715.0  90  51  66  -3.125   0.0   0.0
 3.885  717.5  90  51  69  -3.125   0.0   0.0
 3.885 1077.5  90  51  60   3.125   0.0   0.0
 3.885  340.0 -90  51  69  -3.125   0.0   0.0
 3.885  342.5 -90  51  75  -3.125   0.0   0.0
 3.885  345.0 -90  51  66   3.125   0.0   0.0
 3.885  585.0 -90  51  60  -3.125   0.0   0.0
 3.885  595.0 -90  51  60   3.125   0.0   0.0
 3.885  600.0 -90  51  60   3.125   0.0   0.0
 3.885  607.5 -90  51  60   3.125 330.0  30.0
 3.885  610.0 -90  51  63  -3.125 330.0  30.0
 3.885  685.0 -90  51  60  -3.125   0.0   0.0
 3.885  687.5 -90  51  72  -3.125   0.0   0.0
 3.885  690.0 -90  51  66  -3.125   0.0   0.0
 3.910  357.5  90  48  69  -3.125   0.0   0.0
 3.910  360.0  90  48  66   3.125   0.0   0.0
 3.910  627.5  90  48  57   3.125   0.0   0.0
 3.910  630.0  90  48  57   3.125   0.0   0.0
 3.910  632.5  90  48  57   3.125  30.0  30.0
 3.910  717.5  90  48  66  -3.125   0.0   0.0
 3.910  720.0  90  48  60   3.125   0.0   0.0
 3.910  722.5  90  48  57  -3.125   0.0   0.0
 3.910 1075.0  90  48  60   3.125   0.0   0.0
 3.910 1077.5  90  48  63  -3.125   0.0   0.0
 3.910 1080.0  90  48  57  -3.125   0.0   0.0
 3.910 1282.5  90  48  57  -3.125   0.0   0.0
 3.910  340.0 -90  48  60   3.125   0.0   0.0
 3.910  342.5 -90  48  75  -3.125   0.0   0.0
 3.910  345.0 -90  48  66  -3.125   0.0   0.0
 3.910  355.0 -90  48  57   3.125   0.0   0.0
 3.910  587.5 -90  48  57  -3.125   0.0   0.0
 3.910  590.0 -90  48  60   3.125   0.0   0.0
 3.910  595.0 -90  48  60   3.125   0.0   0.0
 3.910  597.5 -90  48  63   3.125   0.0   0.0
 3.910  607.5 -90  48  63   3.125 330.0  30.0
 3.910  610.0 -90  48  63  -3.125 330.0  30.0
 3.910  612.5 -90  48  60  -3.125 330.0  30.0
 3.910  620.0 -90  48  57  -3.125 330.0  30.0
 3.910  635.0 -90  48  57   3.125   0.0   0.0
 3.910  687.5 -90  48  63  -3.125   0.0   0.0
 3.910  690.0 -90  48  66  -3.125   0.0   0.0
 3.910  692.5 -90  48  60   3.125   0.0   0.0
 3.910  695.0 -90  48  57  -3.125   0.0   0.0
 3.910  880.0 -90  48  57   3.125   0.0   0.0
 3.935   80.0  90  48  57  -3.125   0.0   0.0
 3.935   82.5  90  48  57  -3.125   0.0   0.0
 3.935  357.5  90  48  66  -3.125   0.0   0.0
 3.935  360.0  90  48  69  -3.125   0.0   0.0
 3.935  647.5  90  48  57   3.125  30.0  30.0
 3.935  717.5  90  48  57  -3.125   0.0   0.0
 3.935  720.0  90  48  66  -3.125   0.0   0.0
 3.935  722.5  90  48  57  -3.125   0.0   0.0
 3.935 1077.5  90  48  60  -3.125   0.0   0.0
 3.935 1080.0  90  48  60   3.125   0.0   0.0
 3.935 1082.5  90  48  57  -3.125   0.0   0.0
 3.935 1090.0  90  48  57  -3.125   0.0   0.0
 3.935  340.0 -90  45  57   3.125   0.0   0.0
 3.935  342.5 -90  45  75  -3.125   0.0   0.0
 3.935  345.0 -90  45  72  -3.125   0.0   0.0
 3.935  347.5 -90  45  57  -3.125   0.0   0.0
 3.935  590.0 -90  45  63  -3.125   0.0   0.0
 3.935  592.5 -90  45  54  -3.125   0.0   0.0
 3.935  597.5 -90  45  60   3.125 330.0  30.0
 3.935  600.0 -90  45  57  -3.125   0.0   0.0
 3.935  602.5 -90  45  57  -3.125   0.0   0.0
 3.935  607.5 -90  45  60   3.125 330.0  30.0
 3.935  610.0 -90  45  57  -3.125 330.0  30.0
 3.935  612.5 -90  45  60  -3.125 330.0  30.0
 3.935  617.5 -90  45  57  -3.125 330.0  30.0
 3.935  620.0 -90  45  54   3.125 330.0  30.0
 3.935  625.0 -90  45  57   3.125 330.0  30.0
 3.935  632.5 -90  45  54  -3.125 330.0  30.0
 3.935  687.5 -90  45  54  -3.125   0.0   0.0
 3.935  690.0 -90  45  57  -3.125   0.0   0.0
 3.935  692.5 -90  45  57  -3.125   0.0   0.0
 3.935 1037.5 -90  45  54   3.125   0.0   0.0
 3.960  357.5  90  45  57   3.125   0.0   0.0
 3.960  360.0  90  45  69  -3.125   0.0   0.0
 3.960  362.5  90  45  63  -3.125   0.0   0.0
 3.960  637.5  90  45  54   3.125 330.0  30.0
 3.960  650.0  90  45  54   3.125 330.0  30.0
 3.960  720.0  90  45  57  -3.125   0.0   0.0
 3.960  722.5  90  45  66  -3.125   0.0   0.0
 3.960  725.0  90  45  60  -3.125   0.0   0.0
 3.960  727.5  90  45  54  -3.125   0.0   0.0
 3.960  737.5  90  45  54  -3.125  90.0  30.0
 3.960 1080.0  90  45  57  -3.125   0.0   0.0
 3.960 1082.5  90  45  54  -3.125   0.0   0.0
 3.960 1085.0  90  45  57  -3.125   0.0   0.0
 3.960 1087.5  90  45  60  -3.125   0.0   0.0
 3.960 1090.0  90  45  57   3.125   0.0   0.0
 3.960  342.5 -90  45  69  -3.125   0.0   0.0
 3.960  345.0 -90  45  75  -3.125   0.0   0.0
 3.960  347.5 -90  45  63  -3.125   0.0   0.0
 3.960  587.5 -90  45  54  -3.125   0.0   0.0
 3.960  590.0 -90  45  66   3.125   0.0   0.0
 3.960  592.5 -90  45  60  -3.125   0.0   0.0
 3.960  595.0 -90  45  54   3.125   0.0   0.0
 3.960  600.0 -90  45  57   3.125  30.0  30.0
 3.960  602.5 -90  45  60  -3.125  30.0  30.0
 3.960  605.0 -90  45  57   3.125 330.0  30.0
 3.960  610.0 -90  45  57   3.125 330.0  30.0
 3.960  612.5 -90  45  66   3.125 330.0  30.0
 3.960  615.0 -90  45  63   3.125 330.0  30.0
 3.960  617.5 -90  45  54   3.125 330.0  30.0
 3.960  625.0 -90  45  54  -3.125 330.0  30.0
 3.960  692.5 -90  45  60  -3.125   0.0   0.0
 3.960  905.0 -90  45  57  -3.125   0.0   0.0
 3.960 1260.0 -90  45  54   3.125  90.0  30.0
 3.960 1265.0 -90  45  54   3.125 210.0  30.0
 3.960 1267.5 -90  45  54   3.125  90.0  30.0
 3.960 1270.0 -90  45  54   3.125  90.0  30.0
 3.960 1272.5 -90  45  54   3.125  90.0  30.0
 3.960 1277.5 -90  45  54   3.125 210.0  30.0
 3.960 1280.0 -90  45  54   3.125  90.0  30.0
 3.960 1282.5 -90  45  54   9.375  90.0  30.0
 3.985   80.0  90  54  63  -9.375  90.0  30.0
 3.985  360.0  90  54  69  -3.125   0.0   0.0
 3.985  362.5  90  54  69   3.125   0.0   0.0
 3.985  722.5  90  54  63  -3.125   0.0   0.0
 3.985  725.0  90  54  63   3.125   0.0   0.0
 3.985  342.5 -90  54  66  -3.125   0.0   0.0
 3.985  345.0 -90  54  75  -3.125   0.0   0.0
 3.985  347.5 -90  54  66   3.125   0.0   0.0
 3.985  590.0 -90  54  66  -3.125   0.0   0.0
 3.985  592.5 -90  54  69   3.125   0.0   0.0
 3.985  612.5 -90  54  63  -3.125 330.0  30.0
 3.985  695.0 -90  54  63   3.125   0.0   0.0
 3.985 1050.0 -90  54  63   9.375  90.0  30.0
 4.010  362.5  90  57  72  -3.125   0.0   0.0
 4.010  727.5  90  57  66  -3.125   0.0   0.0
 4.010  345.0 -90  57  75  -3.125   0.0   0.0
 4.010  347.5 -90  57  69  -3.125   0.0   0.0
 4.010  592.5 -90  57  69  -3.125   0.0   0.0
 4.010  595.0 -90  57  66  -3.125   0.0   0.0
 4.010  602.5 -90  57  66   3.125   0.0   0.0
 4.035  360.0  90  48  57   3.125   0.0   0.0
 4.035  362.5  90  48  69  -3.125   0.0   0.0
 4.035  365.0  90  48  69   3.125   0.0   0.0
 4.035  727.5  90  48  66  -3.125   0.0   0.0
 4.035  730.0  90  48  69  -3.125   0.0   0.0
 4.035  732.5  90  48  66  -3.125   0.0   0.0
 4.035 1062.5  90  48  57   9.375 150.0  30.0
 4.035 1065.0  90  48  57   9.375  90.0  30.0
 4.035 1085.0  90  48  57  -9.375  90.0  30.0
 4.035 1090.0  90  48  60  -3.125   0.0   0.0
 4.035 1092.5  90  48  60   3.125   0.0   0.0
 4.035 1095.0  90  48  57  -3.125   0.0   0.0
 4.035 1100.0  90  48  57   3.125   0.0   0.0
 4.035  345.0 -90  51  72  -3.125   0.0   0.0
 4.035  347.5 -90  51  72  -3.125   0.0   0.0
 4.035  350.0 -90  51  60   3.125   0.0   0.0
 4.035  592.5 -90  51  63  -3.125   0.0   0.0
 4.035  595.0 -90  51  66  -3.125   0.0   0.0
 4.035  602.5 -90  51  63  -3.125   0.0   0.0
 4.035  605.0 -90  51  63   3.125 330.0  30.0
 4.035  612.5 -90  51  60   3.125 330.0  30.0
 4.035  615.0 -90  51  66   3.125 330.0  30.0
 4.060  362.5  90  42  63   3.125   0.0   0.0
 4.060  365.0  90  42  69  -3.125   0.0   0.0
 4.060  370.0  90  42  51  -3.125   0.0   0.0
 4.060  640.0  90  42  54  -3.125 330.0  30.0
 4.060  645.0  90  42  51   3.125   0.0   0.0
 4.060  650.0  90  42  51  -3.125  30.0  30.0
 4.060  652.5  90  42  54  -3.125  30.0  30.0
 4.060  657.5  90  42  54   3.125 330.0  30.0
 4.060  727.5  90  42  54  -3.125   0.0   0.0
 4.060  730.0  90  42  66  -3.125   0.0   0.0
 4.060  732.5  90  42  66  -3.125   0.0   0.0
 4.060  737.5  90  42  51  -3.125   0.0   0.0
 4.060  742.5  90  42  51  -3.125   0.0   0.0
 4.060  745.0  90  42  51  -3.125   0.0   0.0
 4.060  760.0  90  42  51  -3.125   0.0   0.0
 4.060 1092.5  90  42  54   3.125   0.0   0.0
 4.060 1095.0  90  42  57  -3.125   0.0   0.0
 4.060 1097.5  90  42  54  -3.125   0.0   0.0
 4.060 1100.0  90  42  54  -3.125   0.0   0.0
 4.060 1102.5  90  42  51   3.125  90.0  30.0
 4.060 1105.0  90  42  51  -3.125   0.0   0.0
 4.060  345.0 -90  42  63  -3.125   0.0   0.0
 4.060  347.5 -90  42  72  -3.125   0.0   0.0
 4.060  350.0 -90  42  57   3.125   0.0   0.0
 4.060  352.5 -90  42  51  -3.125 330.0  30.0
 4.060  595.0 -90  42  60   3.125   0.0   0.0
 4.060  597.5 -90  42  57   3.125  30.0  30.0
 4.060  602.5 -90  42  54  -3.125   0.0   0.0
 4.060  605.0 -90  42  63   3.125 330.0  30.0
 4.060  607.5 -90  42  54   3.125 330.0  30.0
 4.060  610.0 -90  42  51   3.125  30.0  30.0
 4.060  612.5 -90  42  54   3.125  30.0  30.0
 4.060  615.0 -90  42  60   3.125 330.0  30.0
 4.060  617.5 -90  42  63   3.125 330.0  30.0
 4.060  620.0 -90  42  57  -3.125 330.0  30.0
 4.060  622.5 -90  42  57   3.125 330.0  30.0
 4.060  625.0 -90  42  51  -3.125  30.0  30.0
 4.060  627.5 -90  42  51   3.125  30.0  30.0
 4.060  630.0 -90  42  54  -3.125 330.0  30.0
 4.060  632.5 -90  42  60  -3.125 330.0  30.0
 4.060  635.0 -90  42  57  -3.125 330.0  30.0
 4.060  700.0 -90  42  51  -3.125   0.0   0.0
 4.060  702.5 -90  42  57  -3.125   0.0   0.0
 4.060  705.0 -90  42  54  -3.125   0.0   0.0
 4.060  945.0 -90  42  54   3.125   0.0   0.0
 4.060 1045.0 -90  42  51  -3.125   0.0   0.0
 4.060 1047.5 -90  42  51  -3.125 330.0  30.0
 4.060 1050.0 -90  42  51  -3.125   0.0   0.0
 4.060 1055.0 -90  42  51  -3.125   0.0   0.0
 4.085  362.5  90  45  57  -3.125   0.0   0.0
 4.085  365.0  90  45  66   3.125   0.0   0.0
 4.085  367.5  90  45  60   3.125   0.0   0.0
 4.085  647.5  90  45  54  -3.125 330.0  30.0
 4.085  652.5  90  45  54  -3.125  30.0  30.0
 4.085  655.0  90  45  54  -3.125  30.0  30.0
 4.085  730.0  90  45  57  -3.125   0.0   0.0
 4.085  732.5  90  45  60  -3.125   0.0   0.0
 4.085  735.0  90  45  60  -3.125   0.0   0.0
 4.085  737.5  90  45  57  -3.125   0.0   0.0
 4.085 1097.5  90  45  54   3.125   0.0   0.0
 4.085 1102.5  90  45  57  -3.125   0.0   0.0
 4.085 1105.0  90  45  57   3.125   0.0   0.0
 4.085  345.0 -90  48  60  -3.125   0.0   0.0
 4.085  347.5 -90  48  72  -3.125   0.0   0.0
 4.085  350.0 -90  48  69  -3.125   0.0   0.0
 4.085  605.0 -90  48  57   3.125 330.0  30.0
 4.085  607.5 -90  48  63   3.125 330.0  30.0
 4.085  610.0 -90  48  63   3.125  30.0  30.0
 4.085  612.5 -90  48  60   3.125  30.0  30.0
 4.085  617.5 -90  48  57  -3.125 330.0  30.0
 4.085  622.5 -90  48  57  -3.125 330.0  30.0
 4.085  702.5 -90  48  57  -3.125   0.0   0.0
 4.160  367.5  90  51  66  -3.125   0.0   0.0
 4.160  370.0  90  51  66  -3.125   0.0   0.0
 4.160  737.5  90  51  60   3.125   0.0   0.0
 4.160  740.0  90  51  63  -3.125   0.0   0.0
 4.160  742.5  90  51  60  -3.125   0.0   0.0
 4.160 1105.0  90  51  60  -3.125   0.0   0.0
 4.160 1107.5  90  51  63  -3.125   0.0   0.0
 4.160 1110.0  90  51  63  -3.125   0.0   0.0
 4.160   80.0 -90  48  57   9.375  90.0  30.0
 4.160   82.5 -90  48  57   9.375  90.0  30.0
 4.160   85.0 -90  48  57   9.375  90.0  30.0
 4.160   87.5 -90  48  57   9.375  90.0  30.0
 4.160   90.0 -90  48  57   9.375  90.0  30.0
 4.160   92.5 -90  48  57   9.375  90.0  30.0
 4.160  347.5 -90  48  60  -3.125   0.0   0.0
 4.160  350.0 -90  48  75  -3.125   0.0   0.0
 4.160  352.5 -90  48  66  -3.125   0.0   0.0
 4.160  355.0 -90  48  60  -3.125  90.0  30.0
 4.160  357.5 -90  48  57  -3.125  90.0  30.0
 4.160  362.5 -90  48  57   3.125  90.0  30.0
 4.160  602.5 -90  48  63  -3.125   0.0   0.0
 4.160  605.0 -90  48  57  -3.125   0.0   0.0
 4.160  607.5 -90  48  57   3.125   0.0   0.0
 4.160  610.0 -90  48  60   3.125  30.0  30.0
 4.160  615.0 -90  48  66   3.125  30.0  30.0
 4.160  617.5 -90  48  57  -3.125  30.0  30.0
 4.160  620.0 -90  48  60  -3.125 330.0  30.0
 4.160  622.5 -90  48  63  -3.125 330.0  30.0
 4.160  625.0 -90  48  60   3.125 330.0  30.0
 4.160  630.0 -90  48  57  -3.125  30.0  30.0
 4.160  632.5 -90  48  57   3.125  30.0  30.0
 4.160  635.0 -90  48  57   3.125 330.0  30.0
 4.160  637.5 -90  48  57   3.125 330.0  30.0
 4.160  640.0 -90  48  57   3.125 330.0  30.0
 4.160  707.5 -90  48  57   3.125   0.0   0.0
 4.160 1055.0 -90  48  57  -3.125   0.0   0.0
 4.235  370.0  90  54  63  -3.125   0.0   0.0
 4.235  372.5  90  54  72  -3.125   0.0   0.0
 4.235 1115.0  90  54  69  -3.125   0.0   0.0
 4.235 1117.5  90  54  69  -3.125   0.0   0.0
 4.235 1120.0  90  54  63  -3.125   0.0   0.0
 4.235  340.0 -90  51  60  -3.125  90.0  30.0
 4.235  345.0 -90  51  60   3.125  90.0  30.0
 4.235  350.0 -90  51  63  -3.125   0.0   0.0
 4.235  352.5 -90  51  78  -3.125   0.0   0.0
 4.235  355.0 -90  51  69  -3.125   0.0   0.0
 4.235  357.5 -90  51  60  -3.125 150.0  30.0
 4.235  370.0 -90  51  60  -3.125  90.0  30.0
 4.235  607.5 -90  51  63  -3.125   0.0   0.0
 4.235  617.5 -90  51  66   3.125  30.0  30.0
 4.235  620.0 -90  51  63   3.125  30.0  30.0
 4.235  622.5 -90  51  63  -3.125  30.0  30.0
 4.235  627.5 -90  51  63   3.125 270.0  30.0
 4.235  630.0 -90  51  60   3.125 330.0  30.0
 4.235  632.5 -90  51  60   3.125   0.0   0.0
 4.235  635.0 -90  51  60   3.125 330.0  30.0
 4.235  710.0 -90  51  60  -3.125  30.0  30.0
 4.235 1205.0 -90  51  60  -3.125  90.0  30.0
 4.260   80.0  90  54  63   9.375  90.0  30.0
 4.260  372.5  90  54  69  -3.125   0.0   0.0
 4.260  375.0  90  54  66   3.125   0.0   0.0
 4.260  752.5  90  54  63   3.125   0.0   0.0
 4.260 1117.5  90  54  66   3.125   0.0   0.0
 4.260 1120.0  90  54  69  -3.125   0.0   0.0
 4.260  350.0 -90  51  60  -3.125   0.0   0.0
 4.260  352.5 -90  51  75  -3.125   0.0   0.0
 4.260  355.0 -90  51  75  -3.125   0.0   0.0
 4.260  607.5 -90  51  60  -3.125 330.0  30.0
 4.260  617.5 -90  51  63   3.125  30.0  30.0
 4.260  620.0 -90  51  69   3.125  30.0  30.0
 4.260  627.5 -90  51  63   3.125 330.0  30.0
 4.260  630.0 -90  51  60   3.125 330.0  30.0
 4.260  632.5 -90  51  60  -3.125 330.0  30.0
 4.260  640.0 -90  51  60   3.125 330.0  30.0
 4.260  710.0 -90  51  60  -3.125   0.0   0.0
 4.260  717.5 -90  51  63  -3.125   0.0   0.0
 4.260 1065.0 -90  51  60   3.125 330.0  30.0
 4.285  375.0  90  57  72  -3.125   0.0   0.0
 4.285  750.0  90  57  66   3.125   0.0   0.0
 4.285  752.5  90  57  69  -3.125   0.0   0.0
 4.285 1122.5  90  57  69  -3.125   0.0   0.0
 4.285 1125.0  90  57  66  -3.125   0.0   0.0
 4.285  352.5 -90  54  69  -3.125   0.0   0.0
 4.285  355.0 -90  54  75   3.125   0.0   0.0
 4.285  617.5 -90  54  63  -3.125  30.0  30.0
 4.285  620.0 -90  54  69  -3.125  30.0  30.0
 4.285  627.5 -90  54  63   3.125 330.0  30.0
 4.285  632.5 -90  54  63   3.125 330.0  30.0
 4.285 1070.0 -90  54  63  -3.125   0.0   0.0
 4.310  375.0  90  57  69  -3.125   0.0   0.0
 4.310  752.5  90  57  66   3.125   0.0   0.0
 4.310  755.0  90  57  69  -3.125   0.0   0.0
 4.310  757.5  90  57  66  -3.125   0.0   0.0
 4.310 1125.0  90  57  66  -3.125   0.0   0.0
 4.310 1130.0  90  57  66  -3.125   0.0   0.0
 4.310  355.0 -90  57  75   3.125   0.0   0.0
 4.310  357.5 -90  57  66   3.125 330.0  30.0
 4.310  622.5 -90  57  66  -3.125  30.0  30.0
 4.310  632.5 -90  57  66  -3.125 270.0  30.0
 4.335  377.5  90  57  69  -3.125   0.0   0.0
 4.335  757.5  90  57  72  -3.125   0.0   0.0
 4.335  760.0  90  57  66  -3.125   0.0   0.0
 4.335  355.0 -90  57  75  -3.125   0.0   0.0
 4.335  357.5 -90  57  72   3.125   0.0   0.0
 4.335  625.0 -90  57  66  -3.125  30.0  30.0
 4.335  632.5 -90  57  69   3.125 330.0  30.0
 4.335  635.0 -90  57  66   3.125 330.0  30.0
 4.360  375.0  90  48  57  -3.125   0.0   0.0
 4.360  377.5  90  48  69  -3.125   0.0   0.0
 4.360  380.0  90  48  63  -3.125   0.0   0.0
 4.360  755.0  90  48  57  -3.125   0.0   0.0
 4.360  757.5  90  48  69  -3.125   0.0   0.0
 4.360  760.0  90  48  72  -3.125   0.0   0.0
 4.360  762.5  90  48  63  -3.125   0.0   0.0
 4.360 1132.5  90  48  60  -3.125  30.0  30.0
 4.360 1135.0  90  48  63  -3.125   0.0   0.0
 4.360 1137.5  90  48  63  -3.125   0.0   0.0
 4.360 1140.0  90  48  63  -3.125   0.0   0.0
 4.360 1142.5  90  48  57  -3.125   0.0   0.0
 4.360 1147.5  90  48  60  -3.125   0.0   0.0
 4.360  355.0 -90  48  72  -3.125   0.0   0.0
 4.360  357.5 -90  48  75  -3.125   0.0   0.0
 4.360  360.0 -90  48  63  -3.125   0.0   0.0
 4.360  622.5 -90  48  60   3.125  30.0  30.0
 4.360  625.0 -90  48  63   3.125  30.0  30.0
 4.360  630.0 -90  48  57  -3.125 330.0  30.0
 4.360  632.5 -90  48  66   3.125 330.0  30.0
 4.360  635.0 -90  48  63   3.125   0.0   0.0
 4.360  637.5 -90  48  57  -3.125 330.0  30.0
 4.360  640.0 -90  48  57  -3.125 330.0  30.0
 4.360  642.5 -90  48  60  -3.125  30.0  30.0
 4.360  645.0 -90  48  57  -3.125 330.0  30.0
 4.360  650.0 -90  48  60   3.125 330.0  30.0
 4.360  717.5 -90  48  60  -3.125   0.0   0.0
 4.360  720.0 -90  48  63  -3.125   0.0   0.0
 4.360  722.5 -90  48  57  -3.125   0.0   0.0
 4.360 1070.0 -90  48  57  -3.125   0.0   0.0
 4.360 1075.0 -90  48  57   3.125   0.0   0.0
 4.360 1077.5 -90  48  63  -3.125   0.0   0.0
 4.360 1080.0 -90  48  57   3.125   0.0   0.0
 4.360 1082.5 -90  48  57   3.125   0.0   0.0
 4.385  377.5  90  45  63  -3.125   0.0   0.0
 4.385  380.0  90  45  69  -3.125   0.0   0.0
 4.385  382.5  90  45  60   3.125   0.0   0.0
 4.385  667.5  90  45  54   3.125   0.0   0.0
 4.385  672.5  90  45  54   3.125 330.0  30.0
 4.385  757.5  90  45  60  -3.125   0.0   0.0
 4.385  760.0  90  45  69  -3.125   0.0   0.0
 4.385  762.5  90  45  60  -3.125   0.0   0.0
 4.385  765.0  90  45  63  -3.125   0.0   0.0
 4.385  767.5  90  45  54  -3.125   0.0   0.0
 4.385 1132.5  90  45  60  -3.125   0.0   0.0
 4.385 1135.0  90  45  63  -3.125   0.0   0.0
 4.385 1137.5  90  45  57  -3.125   0.0   0.0
 4.385 1140.0  90  45  60  -3.125   0.0   0.0
 4.385 1142.5  90  45  60  -3.125   0.0   0.0
 4.385 1145.0  90  45  54  -3.125   0.0   0.0
 4.385 1147.5  90  45  54  -3.125   0.0   0.0
 4.385  355.0 -90  45  63  -3.125   0.0   0.0
 4.385  357.5 -90  45  78  -3.125   0.0   0.0
 4.385  360.0 -90  45  69  -3.125   0.0   0.0
 4.385  362.5 -90  45  54  -3.125   0.0   0.0
 4.385  622.5 -90  45  54   3.125 330.0  30.0
 4.385  625.0 -90  45  60   3.125 330.0  30.0
 4.385  627.5 -90  45  54   3.125  30.0  30.0
 4.385  630.0 -90  45  57   3.125  30.0  30.0
 4.385  632.5 -90  45  63   3.125 330.0  30.0
 4.385  635.0 -90  45  69   3.125 330.0  30.0
 4.385  637.5 -90  45  66   3.125 330.0  30.0
 4.385  640.0 -90  45  63   3.125 330.0  30.0
 4.385  642.5 -90  45  63  -3.125  30.0  30.0
 4.385  645.0 -90  45  54  -3.125 150.0  30.0
 4.385  647.5 -90  45  57   3.125 330.0  30.0
 4.385  650.0 -90  45  54   3.125 330.0  30.0
 4.385  717.5 -90  45  60  -3.125   0.0   0.0
 4.385  720.0 -90  45  63  -3.125   0.0   0.0
 4.385  722.5 -90  45  54  -3.125   0.0   0.0
 4.385  725.0 -90  45  57  -3.125   0.0   0.0
 4.385  727.5 -90  45  57  -3.125   0.0   0.0
 4.385  930.0 -90  45  54   3.125   0.0   0.0
 4.385 1075.0 -90  45  60  -3.125   0.0   0.0
 4.385 1077.5 -90  45  57  -3.125   0.0   0.0
 4.385 1080.0 -90  45  54  -3.125   0.0   0.0
 4.410  377.5  90  45  54   3.125   0.0   0.0
 4.410  380.0  90  45  69  -3.125   0.0   0.0
 4.410  382.5  90  45  63  -3.125   0.0   0.0
 4.410  385.0  90  45  57   3.125   0.0   0.0
 4.410  672.5  90  45  54   3.125 330.0  30.0
 4.410  757.5  90  45  57  -3.125   0.0   0.0
 4.410  760.0  90  45  60  -3.125   0.0   0.0
 4.410  762.5  90  45  63  -3.125   0.0   0.0
 4.410  765.0  90  45  66  -3.125   0.0   0.0
 4.410  767.5  90  45  63  -3.125   0.0   0.0
 4.410  770.0  90  45  57   3.125   0.0   0.0
 4.410 1137.5  90  45  54   3.125   0.0   0.0
 4.410 1140.0  90  45  57  -3.125   0.0   0.0
 4.410 1142.5  90  45  66  -3.125   0.0   0.0
 4.410 1145.0  90  45  66  -3.125   0.0   0.0
 4.410 1147.5  90  45  63  -3.125   0.0   0.0
 4.410 1150.0  90  45  63  -3.125   0.0   0.0
 4.410 1152.5  90  45  57  -3.125   0.0   0.0
 4.410  355.0 -90  42  57   3.125   0.0   0.0
 4.410  357.5 -90  42  75  -3.125   0.0   0.0
 4.410  360.0 -90  42  75  -3.125   0.0   0.0
 4.410  365.0 -90  42  51  -3.125   0.0   0.0
 4.410  617.5 -90  42  51  -3.125   0.0   0.0
 4.410  620.0 -90  42  54   3.125   0.0   0.0
 4.410  625.0 -90  42  54   3.125 330.0  30.0
 4.410  627.5 -90  42  63   3.125  30.0  30.0
 4.410  630.0 -90  42  63   3.125  30.0  30.0
 4.410  632.5 -90  42  54  -3.125 330.0  30.0
 4.410  635.0 -90  42  60  -3.125 330.0  30.0
 4.410  637.5 -90  42  66   3.125 330.0  30.0
 4.410  640.0 -90  42  63   3.125 330.0  30.0
 4.410  642.5 -90  42  60   3.125 330.0  30.0
 4.410  645.0 -90  42  60  -3.125 330.0  30.0
 4.410  647.5 -90  42  57   3.125 330.0  30.0
 4.410  717.5 -90  42  54   3.125   0.0   0.0
 4.410  720.0 -90  42  66  -3.125   0.0   0.0
 4.410  722.5 -90  42  60  -3.125   0.0   0.0
 4.410  725.0 -90  42  60  -3.125   0.0   0.0
 4.410  727.5 -90  42  51   3.125 330.0  30.0
 4.410  730.0 -90  42  54  -3.125   0.0   0.0
 4.410  732.5 -90  42  51  -3.125  30.0  30.0
 4.410  747.5 -90  42  51  -3.125 330.0  30.0
 4.410  750.0 -90  42  51  -3.125 270.0  30.0
 4.410  890.0 -90  42  51   3.125  30.0  30.0
 4.410  895.0 -90  42  51   3.125 330.0  30.0
 4.410  897.5 -90  42  51   3.125 330.0  30.0
 4.410  930.0 -90  42  51  -3.125   0.0   0.0
 4.410  977.5 -90  42  51  -3.125   0.0   0.0
 4.410  997.5 -90  42  51  -3.125 330.0  30.0
 4.410 1000.0 -90  42  54   3.125   0.0   0.0
 4.410 1005.0 -90  42  51  -3.125   0.0   0.0
 4.410 1077.5 -90  42  51  -3.125   0.0   0.0
 4.410 1080.0 -90  42  51  -3.125 330.0  30.0
 4.410 1082.5 -90  42  60  -3.125   0.0   0.0
 4.410 1085.0 -90  42  54  -3.125   0.0   0.0
 4.410 1087.5 -90  42  57   3.125   0.0   0.0
 4.410 1272.5 -90  42  51   3.125   0.0   0.0
 4.435  380.0  90  45  63  -3.125   0.0   0.0
 4.435  382.5  90  45  72  -3.125   0.0   0.0
 4.435  385.0  90  45  57  -3.125   0.0   0.0
 4.435  762.5  90  45  54  -3.125   0.0   0.0
 4.435  767.5  90  45  69  -3.125   0.0   0.0
 4.435  770.0  90  45  69  -3.125   0.0   0.0
 4.435  772.5  90  45  57  -3.125   0.0   0.0
 4.435 1142.5  90  45  57  -3.125   0.0   0.0
 4.435 1145.0  90  45  66  -3.125   0.0   0.0
 4.435 1147.5  90  45  66  -3.125   0.0   0.0
 4.435 1150.0  90  45  60  -3.125   0.0   0.0
 4.435  355.0 -90  45  54  -3.125   0.0   0.0
 4.435  357.5 -90  45  72  -3.125   0.0   0.0
 4.435  360.0 -90  45  78  -3.125   0.0   0.0
 4.435  362.5 -90  45  63  -3.125   0.0   0.0
 4.435  620.0 -90  45  57  -3.125   0.0   0.0
 4.435  627.5 -90  45  54   3.125 330.0  30.0
 4.435  630.0 -90  45  60  -3.125  30.0  30.0
 4.435  635.0 -90  45  54  -3.125   0.0   0.0
 4.435  637.5 -90  45  60  -3.125 330.0  30.0
 4.435  640.0 -90  45  63  -3.125 330.0  30.0
 4.435  642.5 -90  45  60   3.125 330.0  30.0
 4.435  645.0 -90  45  60   3.125 330.0  30.0
 4.435  647.5 -90  45  54   3.125 330.0  30.0
 4.435  650.0 -90  45  54   3.125 330.0  30.0
 4.435  720.0 -90  45  60  -3.125   0.0   0.0
 4.435  722.5 -90  45  60  -3.125   0.0   0.0
 4.435  725.0 -90  45  57  -3.125   0.0   0.0
 4.435  727.5 -90  45  54   3.125   0.0   0.0
 4.435  730.0 -90  45  54   3.125   0.0   0.0
 4.435 1082.5 -90  45  54   3.125   0.0   0.0
 4.435 1085.0 -90  45  60  -3.125   0.0   0.0
 4.460  380.0  90  45  57   3.125   0.0   0.0
 4.460  382.5  90  45  69  -3.125   0.0   0.0
 4.460  385.0  90  45  66  -3.125   0.0   0.0
 4.460  680.0  90  45  54   3.125  30.0  30.0
 4.460  767.5  90  45  69  -3.125   0.0   0.0
 4.460  770.0  90  45  75  -3.125   0.0   0.0
 4.460  772.5  90  45  69  -3.125   0.0   0.0
 4.460  775.0  90  45  60   3.125   0.0   0.0
 4.460 1145.0  90  45  57  -3.125   0.0   0.0
 4.460 1147.5  90  45  60  -3.125   0.0   0.0
 4.460 1150.0  90  45  54   3.125   0.0   0.0
 4.460 1152.5  90  45  57   3.125   0.0   0.0
 4.460 1155.0  90  45  54  -3.125   0.0   0.0
 4.460 1157.5  90  45  54  -3.125   0.0   0.0
 4.460  357.5 -90  45  63   3.125   0.0   0.0
 4.460  360.0 -90  45  78  -3.125   0.0   0.0
 4.460  362.5 -90  45  69  -3.125   0.0   0.0
 4.460  620.0 -90  45  54   3.125   0.0   0.0
 4.460  622.5 -90  45  57   3.125   0.0   0.0
 4.460  632.5 -90  45  60  -3.125  30.0  30.0
 4.460  635.0 -90  45  60   3.125  30.0  30.0
 4.460  637.5 -90  45  54  -3.125   0.0   0.0
 4.460  640.0 -90  45  60  -3.125 330.0  30.0
 4.460  642.5 -90  45  60   3.125 330.0  30.0
 4.460  647.5 -90  45  57  -3.125  30.0  30.0
 4.460  650.0 -90  45  57   3.125  30.0  30.0
 4.460  652.5 -90  45  57  -3.125 330.0  30.0
 4.460  725.0 -90  45  63  -3.125   0.0   0.0
 4.460  727.5 -90  45  57  -3.125   0.0   0.0
 4.460  990.0 -90  45  54   3.125   0.0   0.0
 4.460 1085.0 -90  45  63  -3.125   0.0   0.0
 4.460 1095.0 -90  45  54  -3.125   0.0   0.0
 4.485  382.5  90  45  60  -3.125   0.0   0.0
 4.485  385.0  90  45  72  -3.125   0.0   0.0
 4.485  387.5  90  45  60   3.125   0.0   0.0
 4.485  677.5  90  45  54  -3.125  30.0  30.0
 4.485  765.0  90  45  54  -3.125   0.0   0.0
 4.485  767.5  90  45  63  -3.125   0.0   0.0
 4.485  770.0  90  45  69  -3.125   0.0   0.0
 4.485  772.5  90  45  69  -3.125   0.0   0.0
 4.485  775.0  90  45  69  -3.125   0.0   0.0
 4.485  777.5  90  45  60   3.125   0.0   0.0
 4.485 1147.5  90  45  57  -3.125   0.0   0.0
 4.485 1150.0  90  45  60  -3.125   0.0   0.0
 4.485 1152.5  90  45  63  -3.125   0.0   0.0
 4.485 1155.0  90  45  54   3.125   0.0   0.0
 4.485 1157.5  90  45  60  -3.125   0.0   0.0
 4.485 1160.0  90  45  54  -3.125   0.0   0.0
 4.485 1162.5  90  45  54  -3.125   0.0   0.0
 4.485  360.0 -90  45  72  -3.125   0.0   0.0
 4.485  362.5 -90  45  72  -3.125   0.0   0.0
 4.485  365.0 -90  45  57   3.125   0.0   0.0
 4.485  622.5 -90  45  54  -3.125   0.0   0.0
 4.485  625.0 -90  45  57  -3.125   0.0   0.0
 4.485  632.5 -90  45  60  -3.125  30.0  30.0
 4.485  637.5 -90  45  57   3.125  30.0  30.0
 4.485  640.0 -90  45  60  -3.125 330.0  30.0
 4.485  642.5 -90  45  54  -3.125  30.0  30.0
 4.485  650.0 -90  45  57  -3.125  30.0  30.0
 4.485  652.5 -90  45  54   3.125 330.0  30.0
 4.485  655.0 -90  45  57   3.125 330.0  30.0
 4.485  657.5 -90  45  54   3.125 330.0  30.0
 4.485  725.0 -90  45  60  -3.125   0.0   0.0
 4.485  727.5 -90  45  63  -3.125   0.0   0.0
 4.485  730.0 -90  45  54   3.125   0.0   0.0
 4.485  732.5 -90  45  54  -3.125   0.0   0.0
 4.485  735.0 -90  45  54  -3.125   0.0   0.0
 4.485 1085.0 -90  45  57  -3.125   0.0   0.0
 4.485 1087.5 -90  45  60  -3.125   0.0   0.0
 4.485 1090.0 -90  45  57  -3.125   0.0   0.0
 4.510  380.0  90  45  54   3.125   0.0   0.0
 4.510  385.0  90  45  69  -3.125   0.0   0.0
 4.510  387.5  90  45  69  -3.125   0.0   0.0
 4.510  390.0  90  45  60   3.125   0.0   0.0
 4.510  392.5  90  45  57  -3.125   0.0   0.0
 4.510  395.0  90  45  54  -3.125   0.0   0.0
 4.510  767.5  90  45  57  -3.125   0.0   0.0
 4.510  770.0  90  45  57  -3.125   0.0   0.0
 4.510  772.5  90  45  69  -3.125   0.0   0.0
 4.510  775.0  90  45  72  -3.125   0.0   0.0
 4.510  777.5  90  45  69  -3.125   0.0   0.0
 4.510  780.0  90  45  57  -3.125   0.0   0.0
 4.510 1152.5  90  45  54  -3.125   0.0   0.0
 4.510 1155.0  90  45  63  -3.125   0.0   0.0
 4.510 1157.5  90  45  63  -3.125   0.0   0.0
 4.510 1160.0  90  45  60  -3.125   0.0   0.0
 4.510 1162.5  90  45  54   3.125   0.0   0.0
 4.510 1165.0  90  45  60  -3.125   0.0   0.0
 4.510 1167.5  90  45  63  -3.125   0.0   0.0
 4.510 1170.0  90  45  54   3.125   0.0   0.0
 4.510 1172.5  90  45  54  -3.125   0.0   0.0
 4.510   82.5 -90  45  54   3.125   0.0   0.0
 4.510  357.5 -90  45  54   3.125   0.0   0.0
 4.510  360.0 -90  45  69  -3.125   0.0   0.0
 4.510  362.5 -90  45  75  -3.125   0.0   0.0
 4.510  365.0 -90  45  60  -3.125   0.0   0.0
 4.510  625.0 -90  45  57   3.125   0.0   0.0
 4.510  627.5 -90  45  54   3.125   0.0   0.0
 4.510  632.5 -90  45  57   3.125 330.0  30.0
 4.510  635.0 -90  45  57   3.125  30.0  30.0
 4.510  637.5 -90  45  63  -3.125 330.0  30.0
 4.510  640.0 -90  45  60   3.125 330.0  30.0
 4.510  642.5 -90  45  66   3.125 330.0  30.0
 4.510  645.0 -90  45  63   3.125 330.0  30.0
 4.510  647.5 -90  45  63  -3.125 330.0  30.0
 4.510  650.0 -90  45  60   3.125 330.0  30.0
 4.510  655.0 -90  45  57  -3.125 330.0  30.0
 4.510  657.5 -90  45  57   3.125 330.0  30.0
 4.510  725.0 -90  45  57   3.125   0.0   0.0
 4.510  727.5 -90  45  66  -3.125   0.0   0.0
 4.510  730.0 -90  45  54  -3.125 270.0  30.0
 4.510  732.5 -90  45  57  -3.125   0.0   0.0
 4.510 1087.5 -90  45  54  -3.125   0.0   0.0
 4.510 1090.0 -90  45  60  -3.125   0.0   0.0
 4.510 1092.5 -90  45  57  -3.125   0.0   0.0
 4.510 1095.0 -90  45  57  -3.125   0.0   0.0
 4.535  385.0  90  48  66  -3.125   0.0   0.0
 4.535  387.5  90  48  72  -3.125   0.0   0.0
 4.535  390.0  90  48  60   3.125   0.0   0.0
 4.535  772.5  90  48  63  -3.125   0.0   0.0
 4.535  775.0  90  48  66  -3.125   0.0   0.0
 4.535  777.5  90  48  72  -3.125   0.0   0.0
 4.535  780.0  90  48  72  -3.125   0.0   0.0
 4.535  782.5  90  48  63  -3.125   0.0   0.0
 4.535 1152.5  90  48  57  -3.125   0.0   0.0
 4.535 1155.0  90  48  57   3.125   0.0   0.0
 4.535 1157.5  90  48  63  -3.125   0.0   0.0
 4.535 1160.0  90  48  69  -3.125   0.0   0.0
 4.535 1162.5  90  48  72  -3.125   0.0   0.0
 4.535 1165.0  90  48  69  -3.125   0.0   0.0
 4.535 1167.5  90  48  57  -3.125   0.0   0.0
 4.535 1170.0  90  48  57   3.125   0.0   0.0
 4.535 1172.5  90  48  60  -3.125   0.0   0.0
 4.535  360.0 -90  51  63   3.125   0.0   0.0
 4.535  362.5 -90  51  78  -3.125   0.0   0.0
 4.535  365.0 -90  51  72  -3.125   0.0   0.0
 4.535  367.5 -90  51  63  -3.125   0.0   0.0
 4.535  637.5 -90  51  63  -3.125   0.0   0.0
 4.535  640.0 -90  51  60   3.125 330.0  30.0
 4.535  642.5 -90  51  66  -3.125 330.0  30.0
 4.535  645.0 -90  51  69  -3.125 330.0  30.0
 4.535  647.5 -90  51  60  -3.125 330.0  30.0
 4.535  650.0 -90  51  63   3.125 330.0  30.0
 4.535  727.5 -90  51  63  -3.125   0.0   0.0
 4.535  730.0 -90  51  66  -3.125   0.0   0.0
 4.535  737.5 -90  51  60   3.125   0.0   0.0
 4.535 1095.0 -90  51  63  -3.125   0.0   0.0
 4.535 1097.5 -90  51  60  -3.125   0.0   0.0
 4.560  387.5  90  54  72  -3.125   0.0   0.0
 4.560  390.0  90  54  69  -3.125   0.0   0.0
 4.560  775.0  90  54  63  -3.125   0.0   0.0
 4.560  777.5  90  54  72  -3.125   0.0   0.0
 4.560  780.0  90  54  72  -3.125   0.0   0.0
 4.560  782.5  90  54  75   3.125   0.0   0.0
 4.560  785.0  90  54  66   3.125   0.0   0.0
 4.560 1162.5  90  54  69  -3.125   0.0   0.0
 4.560 1165.0  90  54  72  -3.125   0.0   0.0
 4.560 1167.5  90  54  66  -3.125   0.0   0.0
 4.560 1170.0  90  54  63  -3.125   0.0   0.0
 4.560  362.5 -90  57  75  -3.125   0.0   0.0
 4.560  365.0 -90  57  78  -3.125   0.0   0.0
 4.560  650.0 -90  57  69   3.125 330.0  30.0
 4.560  730.0 -90  57  69  -3.125   0.0   0.0
 4.585  387.5  90  51  63  -3.125   0.0   0.0
 4.585  390.0  90  51  72  -3.125   0.0   0.0
 4.585  392.5  90  51  66  -3.125   0.0   0.0
 4.585  775.0  90  51  60   3.125   0.0   0.0
 4.585  782.5  90  51  72  -3.125   0.0   0.0
 4.585  785.0  90  51  72  -3.125   0.0   0.0
 4.585  787.5  90  51  63  -3.125   0.0   0.0
 4.585 1165.0  90  51  63   3.125   0.0   0.0
 4.585 1167.5  90  51  66  -3.125   0.0   0.0
 4.585 1170.0  90  51  72  -3.125   0.0   0.0
 4.585 1172.5  90  51  69  -3.125   0.0   0.0
 4.585 1175.0  90  51  66  -3.125   0.0   0.0
 4.585 1177.5  90  51  60  -3.125   0.0   0.0
 4.585 1280.0  90  51  60  -3.125  90.0  30.0
 4.585   80.0 -90  57  66  -3.125  30.0  30.0
 4.585   87.5 -90  57  66  -3.125  30.0  30.0
 4.585  362.5 -90  57  66   3.125   0.0   0.0
 4.585  365.0 -90  57  78  -3.125   0.0   0.0
 4.585  367.5 -90  57  72  -3.125   0.0   0.0
 4.585  640.0 -90  57  66   3.125 330.0  30.0
 4.585  732.5 -90  57  66  -3.125   0.0   0.0
 4.610  390.0  90  51  69  -3.125   0.0   0.0
 4.610  392.5  90  51  69  -3.125   0.0   0.0
 4.610  782.5  90  51  66  -3.125   0.0   0.0
 4.610  785.0  90  51  72  -3.125   0.0   0.0
 4.610  787.5  90  51  69  -3.125   0.0   0.0
 4.610  790.0  90  51  66  -3.125   0.0   0.0
 4.610 1170.0  90  51  63  -3.125   0.0   0.0
 4.610 1172.5  90  51  75  -3.125   0.0   0.0
 4.610 1175.0  90  51  75  -3.125   0.0   0.0
 4.610 1177.5  90  51  66  -3.125   0.0   0.0
 4.610 1180.0  90  51  63  -3.125   0.0   0.0
 4.610 1182.5  90  51  63  -3.125   0.0   0.0
 4.610  362.5 -90  48  60  -3.125   0.0   0.0
 4.610  365.0 -90  48  78  -3.125   0.0   0.0
 4.610  367.5 -90  48  75  -3.125   0.0   0.0
 4.610  640.0 -90  48  63   3.125   0.0   0.0
 4.610  642.5 -90  48  63   3.125  30.0  30.0
 4.610  645.0 -90  48  57  -3.125   0.0   0.0
 4.610  647.5 -90  48  63   3.125  30.0  30.0
 4.610  655.0 -90  48  60  -3.125 330.0  30.0
 4.610  657.5 -90  48  57   3.125  30.0  30.0
 4.610  662.5 -90  48  57  -3.125 330.0  30.0
 4.610  732.5 -90  48  63   3.125   0.0   0.0
 4.610  735.0 -90  48  66  -3.125   0.0   0.0
 4.610  737.5 -90  48  57  -3.125   0.0   0.0
 4.610 1097.5 -90  48  57  -3.125  30.0  30.0
 4.610 1100.0 -90  48  57  -3.125   0.0   0.0
 4.610 1112.5 -90  48  60  -3.125   0.0   0.0
 4.635  390.0  90  48  57  -3.125   0.0   0.0
 4.635  392.5  90  48  69   3.125   0.0   0.0
 4.635  395.0  90  48  63  -3.125   0.0   0.0
 4.635  690.0  90  48  57  -3.125 330.0  30.0
 4.635  780.0  90  48  57   3.125   0.0   0.0
 4.635  782.5  90  48  60  -3.125   0.0   0.0
 4.635  785.0  90  48  69  -3.125   0.0   0.0
 4.635  787.5  90  48  72  -3.125   0.0   0.0
 4.635  790.0  90  48  72  -3.125   0.0   0.0
 4.635  792.5  90  48  66  -3.125   0.0   0.0
 4.635 1172.5  90  48  66  -3.125   0.0   0.0
 4.635 1175.0  90  48  72  -3.125   0.0   0.0
 4.635 1177.5  90  48  72  -3.125   0.0   0.0
 4.635 1180.0  90  48  69  -3.125   0.0   0.0
 4.635 1182.5  90  48  63  -3.125   0.0   0.0
 4.635 1185.0  90  48  63  -3.125   0.0   0.0
 4.635  360.0 -90  48  57  -3.125 150.0  30.0
 4.635  362.5 -90  48  57   3.125 150.0  30.0
 4.635  365.0 -90  48  72  -3.125   0.0   0.0
 4.635  367.5 -90  48  78  -3.125   0.0   0.0
 4.635  370.0 -90  48  57  -3.125 330.0  30.0
 4.635  372.5 -90  48  57  -3.125 150.0  30.0
 4.635  375.0 -90  48  57   3.125   0.0   0.0
 4.635  642.5 -90  48  60   3.125  30.0  30.0
 4.635  645.0 -90  48  57   3.125   0.0   0.0
 4.635  647.5 -90  48  60  -3.125  30.0  30.0
 4.635  650.0 -90  48  57  -3.125 270.0  30.0
 4.635  652.5 -90  48  60   3.125 330.0  30.0
 4.635  655.0 -90  48  57  -3.125 330.0  30.0
 4.635  657.5 -90  48  60  -3.125 330.0  30.0
 4.635  660.0 -90  48  57  -3.125 330.0  30.0
 4.635  732.5 -90  48  57  -3.125   0.0   0.0
 4.635  735.0 -90  48  66  -3.125   0.0   0.0
 4.635  737.5 -90  48  63  -3.125   0.0   0.0
 4.635 1102.5 -90  48  63  -3.125   0.0   0.0
 4.635 1105.0 -90  48  57  -3.125   0.0   0.0
 4.635 1112.5 -90  48  57   3.125   0.0   0.0
 4.660  392.5  90  45  60   3.125   0.0   0.0
 4.660  395.0  90  45  69  -3.125   0.0   0.0
 4.660  397.5  90  45  60  -3.125   0.0   0.0
 4.660  692.5  90  45  54  -3.125   0.0   0.0
 4.660  695.0  90  45  54  -3.125  30.0  30.0
 4.660  780.0  90  45  57   3.125   0.0   0.0
 4.660  782.5  90  45  54  -3.125   0.0   0.0
 4.660  785.0  90  45  63  -3.125   0.0   0.0
 4.660  787.5  90  45  72  -3.125   0.0   0.0
 4.660  790.0  90  45  72  -3.125   0.0   0.0
 4.660  792.5  90  45  72  -3.125   0.0   0.0
 4.660  795.0  90  45  69  -3.125   0.0   0.0
 4.660  797.5  90  45  60  -3.125   0.0   0.0
 4.660  800.0  90  45  54  -3.125   0.0   0.0
 4.660 1175.0  90  45  57  -3.125   0.0   0.0
 4.660 1177.5  90  45  54  -3.125   0.0   0.0
 4.660 1180.0  90  45  66  -3.125   0.0   0.0
 4.660 1182.5  90  45  69  -3.125   0.0   0.0
 4.660 1185.0  90  45  72  -3.125   0.0   0.0
 4.660 1187.5  90  45  60  -3.125   0.0   0.0
 4.660 1192.5  90  45  54  -3.125 330.0  30.0
 4.660 1197.5  90  45  54  -3.125   0.0   0.0
 4.660 1200.0  90  45  54   3.125 330.0  30.0
 4.660  365.0 -90  45  66  -3.125   0.0   0.0
 4.660  367.5 -90  45  78  -3.125   0.0   0.0
 4.660  370.0 -90  45  69  -3.125   0.0   0.0
 4.660  372.5 -90  45  54   3.125   0.0   0.0
 4.660  375.0 -90  45  54   3.125   0.0   0.0
 4.660  645.0 -90  45  60   3.125  30.0  30.0
 4.660  647.5 -90  45  57   3.125  30.0  30.0
 4.660  650.0 -90  45  57  -3.125 330.0  30.0
 4.660  652.5 -90  45  60   3.125 330.0  30.0
 4.660  657.5 -90  45  60  -3.125 330.0  30.0
 4.660  660.0 -90  45  57   3.125 330.0  30.0
 4.660  662.5 -90  45  57  -3.125 330.0  30.0
 4.660  665.0 -90  45  60   3.125 330.0  30.0
 4.660  735.0 -90  45  54  -3.125   0.0   0.0
 4.660  737.5 -90  45  66  -3.125   0.0   0.0
 4.660  740.0 -90  45  63  -3.125   0.0   0.0
 4.660  747.5 -90  45  54  -3.125   0.0   0.0
 4.660 1012.5 -90  45  54  -3.125   0.0   0.0
 4.660 1102.5 -90  45  54  -3.125   0.0   0.0
 4.660 1105.0 -90  45  63  -3.125   0.0   0.0
 4.660 1107.5 -90  45  57  -3.125   0.0   0.0
 4.660 1112.5 -90  45  57   3.125   0.0   0.0
 4.685  392.5  90  45  54  -3.125   0.0   0.0
 4.685  395.0  90  45  69  -3.125   0.0   0.0
 4.685  397.5  90  45  69  -3.125   0.0   0.0
 4.685  697.5  90  45  54   3.125 330.0  30.0
 4.685  785.0  90  45  54   3.125 150.0  30.0
 4.685  787.5  90  45  60  -3.125   0.0   0.0
 4.685  790.0  90  45  69  -3.125   0.0   0.0
 4.685  792.5  90  45  75  -3.125   0.0   0.0
 4.685  795.0  90  45  69  -3.125   0.0   0.0
 4.685  797.5  90  45  72  -3.125   0.0   0.0
 4.685  800.0  90  45  63  -3.125   0.0   0.0
 4.685 1180.0  90  45  63  -3.125   0.0   0.0
 4.685 1182.5  90  45  63  -3.125   0.0   0.0
 4.685 1185.0  90  45  69  -3.125   0.0   0.0
 4.685 1187.5  90  45  72  -3.125   0.0   0.0
 4.685 1190.0  90  45  60  -3.125   0.0   0.0
 4.685 1192.5  90  45  60  -3.125   0.0   0.0
 4.685 1195.0  90  45  63  -3.125   0.0   0.0
 4.685 1197.5  90  45  57  -3.125   0.0   0.0
 4.685 1200.0  90  45  54  -3.125   0.0   0.0
 4.685  365.0 -90  45  54  -3.125   0.0   0.0
 4.685  367.5 -90  45  75  -3.125   0.0   0.0
 4.685  370.0 -90  45  75  -3.125   0.0   0.0
 4.685  372.5 -90  45  63  -3.125   0.0   0.0
 4.685  645.0 -90  45  54   3.125  30.0  30.0
 4.685  647.5 -90  45  60  -3.125 330.0  30.0
 4.685  650.0 -90  45  60   3.125 330.0  30.0
 4.685  652.5 -90  45  54   3.125  90.0  30.0
 4.685  655.0 -90  45  60  -3.125 330.0  30.0
 4.685  657.5 -90  45  60   3.125 330.0  30.0
 4.685  660.0 -90  45  60   3.125 330.0  30.0
 4.685  662.5 -90  45  54   3.125 330.0  30.0
 4.685  665.0 -90  45  57   3.125 330.0  30.0
 4.685  667.5 -90  45  57   3.125 330.0  30.0
 4.685  737.5 -90  45  60  -3.125   0.0   0.0
 4.685  740.0 -90  45  69  -3.125   0.0   0.0
 4.685  742.5 -90  45  57  -3.125   0.0   0.0
 4.685  745.0 -90  45  57  -3.125 330.0  30.0
 4.685  750.0 -90  45  57  -3.125   0.0   0.0
 4.685 1105.0 -90  45  60  -3.125   0.0   0.0
 4.685 1107.5 -90  45  60  -3.125   0.0   0.0
 4.685 1110.0 -90  45  60  -3.125   0.0   0.0
 4.685 1112.5 -90  45  60  -3.125   0.0   0.0
 4.685 1122.5 -90  45  54  -3.125   0.0   0.0
 4.710   82.5  90  45  54  -3.125   0.0   0.0
 4.710   85.0  90  45  54  -3.125   0.0   0.0
 4.710   87.5  90  45  54   3.125   0.0   0.0
 4.710   90.0  90  45  54  -3.125   0.0   0.0
 4.710  225.0  90  45  54  -3.125   0.0   0.0
 4.710  227.5  90  45  57   3.125   0.0   0.0
 4.710  230.0  90  45  54   3.125   0.0   0.0
 4.710  390.0  90  45  54   3.125   0.0   0.0
 4.710  392.5  90  45  60  -3.125   0.0   0.0
 4.710  395.0  90  45  63   3.125   0.0   0.0
 4.710  397.5  90  45  69  -3.125   0.0   0.0
 4.710  402.5  90  45  63  -3.125   0.0   0.0
 4.710  405.0  90  45  57  -3.125   0.0   0.0
 4.710  485.0  90  45  54  -3.125   0.0   0.0
 4.710  787.5  90  45  57  -3.125   0.0   0.0
 4.710  790.0  90  45  63  -3.125   0.0   0.0
 4.710  792.5  90  45  60  -3.125   0.0   0.0
 4.710  795.0  90  45  69  -3.125   0.0   0.0
 4.710  797.5  90  45  75  -3.125   0.0   0.0
 4.710  800.0  90  45  69  -3.125   0.0   0.0
 4.710  805.0  90  45  57  -3.125   0.0   0.0
 4.710 1102.5  90  45  54  -3.125   0.0   0.0
 4.710 1105.0  90  45  57  -3.125   0.0   0.0
 4.710 1107.5  90  45  54   3.125   0.0   0.0
 4.710 1110.0  90  45  54   3.125   0.0   0.0
 4.710 1112.5  90  45  54   3.125   0.0   0.0
 4.710 1185.0  90  45  57  -3.125   0.0   0.0
 4.710 1187.5  90  45  66  -3.125   0.0   0.0
 4.710 1190.0  90  45  69  -3.125   0.0   0.0
 4.710 1192.5  90  45  72  -3.125   0.0   0.0
 4.710 1195.0  90  45  72  -3.125   0.0   0.0
 4.710 1197.5  90  45  60  -3.125   0.0   0.0
 4.710 1200.0  90  45  57  -3.125   0.0   0.0
 4.710  365.0 -90  42  51   3.125   0.0   0.0
 4.710  367.5 -90  42  69  -3.125   0.0   0.0
 4.710  370.0 -90  42  78  -3.125   0.0   0.0
 4.710  372.5 -90  42  66  -3.125   0.0   0.0
 4.710  650.0 -90  42  57  -3.125  30.0  30.0
 4.710  652.5 -90  42  60  -3.125  30.0  30.0
 4.710  655.0 -90  42  57  -3.125 330.0  30.0
 4.710  660.0 -90  42  54  -3.125 330.0  30.0
 4.710  662.5 -90  42  51  -3.125  30.0  30.0
 4.710  665.0 -90  42  57  -3.125 330.0  30.0
 4.710  667.5 -90  42  54  -3.125 330.0  30.0
 4.710  670.0 -90  42  51   3.125 330.0  30.0
 4.710  737.5 -90  42  51  -3.125   0.0   0.0
 4.710  740.0 -90  42  63  -3.125   0.0   0.0
 4.710  742.5 -90  42  66  -3.125   0.0   0.0
 4.710  745.0 -90  42  60   3.125   0.0   0.0
 4.710  750.0 -90  42  54  -3.125   0.0   0.0
 4.710  752.5 -90  42  51  -3.125 330.0  30.0
 4.710  760.0 -90  42  51   3.125 330.0  30.0
 4.710  860.0 -90  42  51  -3.125   0.0   0.0
 4.710 1012.5 -90  42  51  -3.125   0.0   0.0
 4.710 1015.0 -90  42  51  -3.125  30.0  30.0
 4.710 1017.5 -90  42  51  -3.125  30.0  30.0
 4.710 1025.0 -90  42  51  -3.125 330.0  30.0
 4.710 1107.5 -90  42  51   3.125   0.0   0.0
 4.710 1112.5 -90  42  57  -3.125   0.0   0.0
 4.710 1115.0 -90  42  51  -3.125   0.0   0.0
 4.710 1117.5 -90  42  51  -3.125   0.0   0.0
 4.710 1120.0 -90  42  57  -3.125   0.0   0.0
 4.710 1122.5 -90  42  54   3.125 330.0  30.0
 4.710 1127.5 -90  42  51  -3.125   0.0   0.0
 4.710 1220.0 -90  42  51  -3.125   0.0   0.0
 4.710 1222.5 -90  42  51  -3.125   0.0   0.0
 4.735  397.5  90  45  66   3.125   0.0   0.0
 4.735  400.0  90  45  69  -3.125   0.0   0.0
 4.735  402.5  90  45  57   3.125   0.0   0.0
 4.735  782.5  90  45  54  -3.125   0.0   0.0
 4.735  785.0  90  45  54  -3.125   0.0   0.0
 4.735  787.5  90  45  57  -3.125   0.0   0.0
 4.735  790.0  90  45  57  -3.125   0.0   0.0
 4.735  792.5  90  45  57  -3.125   0.0   0.0
 4.735  795.0  90  45  66  -3.125   0.0   0.0
 4.735  797.5  90  45  75  -3.125   0.0   0.0
 4.735  800.0  90  45  66  -3.125   0.0   0.0
 4.735  802.5  90  45  69  -3.125   0.0   0.0
 4.735  805.0  90  45  66  -3.125   0.0   0.0
 4.735  807.5  90  45  60   3.125   0.0   0.0
 4.735  810.0  90  45  54   3.125   0.0   0.0
 4.735  812.5  90  45  54  -3.125   0.0   0.0
 4.735  815.0  90  45  54   3.125   0.0   0.0
 4.735  822.5  90  45  54   3.125   0.0   0.0
 4.735 1177.5  90  45  54   3.125  90.0  30.0
 4.735 1180.0  90  45  54   3.125  90.0  30.0
 4.735 1182.5  90  45  54  -3.125   0.0   0.0
 4.735 1185.0  90  45  54  -3.125  90.0  30.0
 4.735 1187.5  90  45  60  -3.125   0.0   0.0
 4.735 1190.0  90  45  57  -3.125   0.0   0.0
 4.735 1192.5  90  45  69  -3.125   0.0   0.0
 4.735 1195.0  90  45  75  -3.125   0.0   0.0
 4.735 1197.5  90  45  69  -3.125   0.0   0.0
 4.735 1200.0  90  45  57  -3.125   0.0   0.0
 4.735 1202.5  90  45  66  -3.125   0.0   0.0
 4.735 1205.0  90  45  57  -3.125   0.0   0.0
 4.735 1207.5  90  45  63  -3.125   0.0   0.0
 4.735 1210.0  90  45  57   3.125   0.0   0.0
 4.735 1212.5  90  45  54  -3.125   0.0   0.0
 4.735 1217.5  90  45  54   3.125   0.0   0.0
 4.735 1282.5  90  45  54   9.375  90.0  30.0
 4.735  367.5 -90  45  60   3.125   0.0   0.0
 4.735  370.0 -90  45  78  -3.125   0.0   0.0
 4.735  372.5 -90  45  72  -3.125   0.0   0.0
 4.735  375.0 -90  45  57   3.125   0.0   0.0
 4.735  652.5 -90  45  54  -3.125  30.0  30.0
 4.735  655.0 -90  45  54   3.125  30.0  30.0
 4.735  657.5 -90  45  54   3.125  30.0  30.0
 4.735  662.5 -90  45  54   3.125 330.0  30.0
 4.735  742.5 -90  45  60  -3.125   0.0   0.0
 4.735  745.0 -90  45  63  -3.125   0.0   0.0
 4.735  747.5 -90  45  54   3.125  30.0  30.0
 4.735  752.5 -90  45  54   3.125   0.0   0.0
 4.735 1020.0 -90  45  54   3.125  30.0  30.0
 4.735 1022.5 -90  45  54  -3.125  30.0  30.0
 4.735 1112.5 -90  45  60  -3.125   0.0   0.0
 4.735 1115.0 -90  45  60  -3.125   0.0   0.0
 4.735 1117.5 -90  45  57  -3.125   0.0   0.0
 4.735 1120.0 -90  45  54  -3.125   0.0   0.0
 4.735 1122.5 -90  45  54  -3.125   0.0   0.0
 4.760  400.0  90  60  72   3.125   0.0   0.0
 4.760  800.0  90  60  69  -3.125   0.0   0.0
 4.760  802.5  90  60  75  -3.125   0.0   0.0
 4.760  805.0  90  60  69  -3.125   0.0   0.0
 4.760 1195.0  90  60  69  -3.125   0.0   0.0
 4.760 1197.5  90  60  72  -3.125   0.0   0.0
 4.760 1200.0  90  60  75  -3.125   0.0   0.0
 4.760 1202.5  90  60  75  -3.125   0.0   0.0
 4.760 1205.0  90  60  75  -3.125   0.0   0.0
 4.760 1207.5  90  60  72  -3.125   0.0   0.0
 4.760  370.0 -90  51  72  -3.125   0.0   0.0
 4.760  372.5 -90  51  78  -3.125   0.0   0.0
 4.760  375.0 -90  51  66  -3.125   0.0   0.0
 4.760  655.0 -90  51  60   3.125  30.0  30.0
 4.760  745.0 -90  51  60  -3.125   0.0   0.0
 4.760  747.5 -90  51  60  -3.125   0.0   0.0
 4.760 1115.0 -90  51  60  -3.125   0.0   0.0
 4.760 1120.0 -90  51  60  -3.125   0.0   0.0
 4.785   80.0  90  63  72  -3.125  90.0  30.0
 4.785  402.5  90  63  72  -3.125   0.0   0.0
 4.785  802.5  90  63  72  -3.125   0.0   0.0
 4.785  805.0  90  63  72  -3.125   0.0   0.0
 4.785  807.5  90  63  72  -3.125   0.0   0.0
 4.785 1055.0  90  63  72   3.125  90.0  30.0
 4.785 1202.5  90  63  72  -3.125   0.0   0.0
 4.785 1205.0  90  63  78  -3.125   0.0   0.0
 4.785 1207.5  90  63  72   3.125   0.0   0.0
 4.785  372.5 -90  57  78  -3.125   0.0   0.0
 4.785  375.0 -90  57  69  -3.125   0.0   0.0
 4.810  405.0  90  63  72  -3.125   0.0   0.0
 4.810  807.5  90  63  72  -3.125   0.0   0.0
 4.810 1207.5  90  63  75  -3.125   0.0   0.0
 4.810 1210.0  90  63  75  -3.125   0.0   0.0
 4.810  372.5 -90  57  75  -3.125   0.0   0.0
 4.810  375.0 -90  57  75  -3.125   0.0   0.0
 4.835  402.5  90  51  60  -3.125   0.0   0.0
 4.835  405.0  90  51  72  -3.125   0.0   0.0
 4.835  407.5  90  51  69  -3.125   0.0   0.0
 4.835  800.0  90  51  60  -3.125  90.0  30.0
 4.835  807.5  90  51  63  -3.125   0.0   0.0
 4.835  810.0  90  51  66  -3.125   0.0   0.0
 4.835  815.0  90  51  66  -3.125   0.0   0.0
 4.835  817.5  90  51  66  -3.125   0.0   0.0
 4.835 1212.5  90  51  66  -3.125   0.0   0.0
 4.835 1215.0  90  51  69  -3.125   0.0   0.0
 4.835 1217.5  90  51  69  -3.125   0.0   0.0
 4.835 1222.5  90  51  60  -3.125   0.0   0.0
 4.835 1225.0  90  51  63   3.125   0.0   0.0
 4.835  372.5 -90  48  69  -3.125   0.0   0.0
 4.835  375.0 -90  48  78  -3.125   0.0   0.0
 4.835  377.5 -90  48  69  -3.125   0.0   0.0
 4.835  657.5 -90  48  57   3.125  30.0  30.0
 4.835  672.5 -90  48  57   3.125  30.0  30.0
 4.835  750.0 -90  48  60  -3.125   0.0   0.0
 4.835  755.0 -90  48  63  -3.125   0.0   0.0
 4.835  762.5 -90  48  57  -3.125   0.0   0.0
 4.835 1125.0 -90  48  60  -3.125   0.0   0.0
 4.835 1127.5 -90  48  63  -3.125   0.0   0.0
 4.835 1130.0 -90  48  57  -3.125   0.0   0.0
 4.835 1132.5 -90  48  57  -3.125   0.0   0.0
 4.860  405.0  90  45  66  -3.125   0.0   0.0
 4.860  407.5  90  45  75  -3.125   0.0   0.0
 4.860  410.0  90  45  63  -3.125   0.0   0.0
 4.860  717.5  90  45  54  -3.125  30.0  30.0
 4.860  720.0  90  45  54  -3.125  30.0  30.0
 4.860  807.5  90  45  54   3.125   0.0   0.0
 4.860  812.5  90  45  54  -3.125  30.0  30.0
 4.860  815.0  90  45  66  -3.125   0.0   0.0
 4.860  817.5  90  45  63  -3.125   0.0   0.0
 4.860  820.0  90  45  69  -3.125   0.0   0.0
 4.860  822.5  90  45  66  -3.125   0.0   0.0
 4.860 1212.5  90  45  54  -3.125   0.0   0.0
 4.860 1215.0  90  45  60  -3.125   0.0   0.0
 4.860 1217.5  90  45  63   3.125   0.0   0.0
 4.860 1220.0  90  45  69  -3.125   0.0   0.0
 4.860 1222.5  90  45  75  -3.125   0.0   0.0
 4.860 1225.0  90  45  72  -3.125   0.0   0.0
 4.860 1227.5  90  45  63  -3.125   0.0   0.0
 4.860 1232.5  90  45  60   3.125   0.0   0.0
 4.860 1240.0  90  45  54  -3.125   0.0   0.0
 4.860  372.5 -90  42  60  -3.125   0.0   0.0
 4.860  375.0 -90  42  75  -3.125   0.0   0.0
 4.860  377.5 -90  42  72  -3.125   0.0   0.0
 4.860  380.0 -90  42  57  -3.125   0.0   0.0
 4.860  660.0 -90  42  54   3.125  30.0  30.0
 4.860  665.0 -90  42  51  -3.125 330.0  30.0
 4.860  667.5 -90  42  60   3.125 330.0  30.0
 4.860  670.0 -90  42  57   3.125 330.0  30.0
 4.860  672.5 -90  42  51   3.125  30.0  30.0
 4.860  675.0 -90  42  51   3.125 330.0  30.0
 4.860  752.5 -90  42  60  -3.125   0.0   0.0
 4.860  755.0 -90  42  69  -3.125   0.0   0.0
 4.860  757.5 -90  42  60  -3.125   0.0   0.0
 4.860 1035.0 -90  42  51  -3.125   0.0   0.0
 4.860 1037.5 -90  42  51  -3.125   0.0   0.0
 4.860 1040.0 -90  42  51  -3.125   0.0   0.0
 4.860 1042.5 -90  42  51   3.125   0.0   0.0
 4.860 1047.5 -90  42  51  -3.125   0.0   0.0
 4.860 1130.0 -90  42  54   3.125   0.0   0.0
 4.860 1132.5 -90  42  51  -3.125   0.0   0.0
 4.860 1135.0 -90  42  51  -3.125   0.0   0.0
 4.860 1137.5 -90  42  51  -3.125   0.0   0.0
 4.860 1145.0 -90  42  51   3.125 330.0  30.0
 4.885  407.5  90  48  72  -3.125   0.0   0.0
 4.885  410.0  90  48  75  -3.125   0.0   0.0
 4.885  412.5  90  48  63  -3.125   0.0   0.0
 4.885  812.5  90  48  57  -3.125   0.0   0.0
 4.885  815.0  90  48  66  -3.125   0.0   0.0
 4.885  817.5  90  48  72  -3.125   0.0   0.0
 4.885  820.0  90  48  75  -3.125   0.0   0.0
 4.885  822.5  90  48  72  -3.125   0.0   0.0
 4.885  825.0  90  48  69  -3.125   0.0   0.0
 4.885  827.5  90  48  60  -3.125   0.0   0.0
 4.885 1220.0  90  48  63  -3.125   0.0   0.0
 4.885 1222.5  90  48  72  -3.125   0.0   0.0
 4.885 1225.0  90  48  78  -3.125   0.0   0.0
 4.885 1227.5  90  48  75  -3.125   0.0   0.0
 4.885 1230.0  90  48  69  -3.125   0.0   0.0
 4.885 1232.5  90  48  63  -3.125   0.0   0.0
 4.885 1240.0  90  48  60  -3.125   0.0   0.0
 4.885 1290.0  90  48  57   9.375   0.0   0.0
 4.885 1297.5  90  48  57   9.375   0.0   0.0
 4.885 1300.0  90  48  57   9.375   0.0   0.0
 4.885  375.0 -90  45  69  -3.125   0.0   0.0
 4.885  377.5 -90  45  75  -3.125   0.0   0.0
 4.885  380.0 -90  45  60  -3.125   0.0   0.0
 4.885  667.5 -90  45  54  -3.125  30.0  30.0
 4.885  670.0 -90  45  57   3.125 330.0  30.0
 4.885  672.5 -90  45  57  -3.125 330.0  30.0
 4.885  675.0 -90  45  54  -3.125  30.0  30.0
 4.885  755.0 -90  45  69  -3.125   0.0   0.0
 4.885  757.5 -90  45  66  -3.125   0.0   0.0
 4.885  760.0 -90  45  57  -3.125  30.0  30.0
 4.885 1130.0 -90  45  54  -3.125   0.0   0.0
 4.885 1132.5 -90  45  57   3.125   0.0   0.0
 4.885 1135.0 -90  45  60  -3.125   0.0   0.0
 4.885 1137.5 -90  45  57  -3.125   0.0   0.0
 4.885 1140.0 -90  45  60   3.125   0.0   0.0
 4.885 1147.5 -90  45  54   3.125   0.0   0.0
 4.885 1152.5 -90  45  54  -3.125   0.0   0.0
 4.910  407.5  90  54  63  -3.125   0.0   0.0
 4.910  410.0  90  54  75  -3.125   0.0   0.0
 4.910  412.5  90  54  72  -3.125   0.0   0.0
 4.910  817.5  90  54  69  -3.125   0.0   0.0
 4.910  820.0  90  54  72  -3.125   0.0   0.0
 4.910  822.5  90  54  66  -3.125   0.0   0.0
 4.910  825.0  90  54  75  -3.125   0.0   0.0
 4.910  827.5  90  54  69  -3.125   0.0   0.0
 4.910  830.0  90  54  63   3.125   0.0   0.0
 4.910 1225.0  90  54  69  -3.125   0.0   0.0
 4.910 1227.5  90  54  72  -3.125   0.0   0.0
 4.910 1230.0  90  54  72  -3.125   0.0   0.0
 4.910 1232.5  90  54  75  -3.125   0.0   0.0
 4.910 1235.0  90  54  66  -3.125   0.0   0.0
 4.910 1237.5  90  54  66   3.125   0.0   0.0
 4.910 1240.0  90  54  63  -3.125   0.0   0.0
 4.910  375.0 -90  54  63  -3.125   0.0   0.0
 4.910  377.5 -90  54  75  -3.125   0.0   0.0
 4.910  380.0 -90  54  72  -3.125   0.0   0.0
 4.910  672.5 -90  54  63  -3.125 330.0  30.0
 4.910  757.5 -90  54  66  -3.125   0.0   0.0
 4.910 1135.0 -90  54  66  -3.125   0.0   0.0
 4.910 1137.5 -90  54  63  -3.125   0.0   0.0
 4.910 1140.0 -90  54  63  -3.125   0.0   0.0
 4.935  412.5  90  60  75  -3.125   0.0   0.0
 4.935  415.0  90  60  72  -3.125   0.0   0.0
 4.935  822.5  90  60  69  -3.125   0.0   0.0
 4.935  825.0  90  60  69  -3.125   0.0   0.0
 4.935  830.0  90  60  69  -3.125   0.0   0.0
 4.935 1232.5  90  60  72  -3.125   0.0   0.0
 4.935 1235.0  90  60  69  -3.125   0.0   0.0
 4.935 1240.0  90  60  69  -3.125   0.0   0.0
 4.935  377.5 -90  60  72  -3.125   0.0   0.0
 4.935  380.0 -90  60  78   3.125   0.0   0.0
 4.960  412.5  90  60  72  -3.125   0.0   0.0
 4.960  415.0  90  60  78  -3.125   0.0   0.0
 4.960  417.5  90  60  69  -3.125   0.0   0.0
 4.960  827.5  90  60  69   3.125   0.0   0.0
 4.960  832.5  90  60  72  -3.125   0.0   0.0
 4.960  835.0  90  60  72  -3.125   0.0   0.0
 4.960 1235.0  90  60  69  -3.125   0.0   0.0
 4.960 1242.5  90  60  69  -3.125  30.0  30.0
 4.960  380.0 -90  57  78  -3.125   0.0   0.0
 4.960  382.5 -90  57  72  -3.125   0.0   0.0
 4.960  760.0 -90  57  66  -3.125   0.0   0.0
 4.960  762.5 -90  57  72  -3.125   0.0   0.0
 4.960  765.0 -90  57  66  -3.125   0.0   0.0
 4.960 1140.0 -90  57  66  -3.125   0.0   0.0
 4.985  412.5  90  51  60   3.125   0.0   0.0
 4.985  415.0  90  51  72  -3.125   0.0   0.0
 4.985  417.5  90  51  75  -3.125   0.0   0.0
 4.985  420.0  90  51  63   3.125   0.0   0.0
 4.985  827.5  90  51  60  -3.125   0.0   0.0
 4.985  832.5  90  51  66   3.125   0.0   0.0
 4.985  835.0  90  51  69  -3.125   0.0   0.0
 4.985  837.5  90  51  72  -3.125   0.0   0.0
 4.985  840.0  90  51  66  -3.125   0.0   0.0
 4.985  842.5  90  51  63  -3.125   0.0   0.0
 4.985 1242.5  90  51  66  -3.125   0.0   0.0
 4.985 1245.0  90  51  60  -3.125   0.0   0.0
 4.985 1247.5  90  51  69  -3.125   0.0   0.0
 4.985 1250.0  90  51  63  -3.125   0.0   0.0
 4.985 1252.5  90  51  66  -3.125   0.0   0.0
 4.985 1257.5  90  51  60  -3.125   0.0   0.0
 4.985 1260.0  90  51  60  -3.125   0.0   0.0
 4.985  380.0 -90  51  72   3.125   0.0   0.0
 4.985  382.5 -90  51  72  -3.125   0.0   0.0
 4.985  762.5 -90  51  69  -3.125   0.0   0.0
 4.985  765.0 -90  51  72  -3.125   0.0   0.0
 4.985  767.5 -90  51  63  -3.125   0.0   0.0
 4.985 1142.5 -90  51  60  -3.125   0.0   0.0
 4.985 1147.5 -90  51  66  -3.125   0.0   0.0
 4.985 1157.5 -90  51  60  -3.125   0.0   0.0
 5.010  415.0  90  48  63  -3.125   0.0   0.0
 5.010  417.5  90  48  72  -3.125   0.0   0.0
 5.010  420.0  90  48  72  -3.125   0.0   0.0
 5.010  820.0  90  48  57  -3.125   0.0   0.0
 5.010  830.0  90  48  57  -3.125   0.0   0.0
 5.010  832.5  90  48  63  -3.125   0.0   0.0
 5.010  835.0  90  48  66  -3.125   0.0   0.0
 5.010  840.0  90  48  75  -3.125   0.0   0.0
 5.010  842.5  90  48  69  -3.125   0.0   0.0
 5.010 1245.0  90  48  57  -3.125   0.0   0.0
 5.010 1247.5  90  48  63  -3.125   0.0   0.0
 5.010 1250.0  90  48  69  -3.125   0.0   0.0
 5.010 1252.5  90  48  66  -3.125   0.0   0.0
 5.010 1255.0  90  48  57  -3.125   0.0   0.0
 5.010 1257.5  90  48  57  -3.125   0.0   0.0
 5.010 1260.0  90  48  60  -3.125   0.0   0.0
 5.010 1262.5  90  48  60   3.125   0.0   0.0
 5.010  380.0 -90  48  66  -3.125   0.0   0.0
 5.010  382.5 -90  48  75  -3.125   0.0   0.0
 5.010  385.0 -90  48  60  -3.125   0.0   0.0
 5.010  677.5 -90  48  57  -3.125  30.0  30.0
 5.010  682.5 -90  48  57   3.125 330.0  30.0
 5.010  762.5 -90  48  57  -3.125   0.0   0.0
 5.010  765.0 -90  48  69  -3.125   0.0   0.0
 5.010  767.5 -90  48  69  -3.125   0.0   0.0
 5.010  770.0 -90  48  57   3.125   0.0   0.0
 5.010  772.5 -90  48  60   3.125   0.0   0.0
 5.010 1145.0 -90  48  57  -3.125  30.0  30.0
 5.010 1147.5 -90  48  60  -3.125   0.0   0.0
 5.010 1152.5 -90  48  57  -3.125   0.0   0.0
 5.035  417.5  90  45  63  -3.125   0.0   0.0
 5.035  420.0  90  45  72  -3.125   0.0   0.0
 5.035  422.5  90  45  69  -3.125   0.0   0.0
 5.035  425.0  90  45  60  -3.125   0.0   0.0
 5.035  832.5  90  45  57   3.125   0.0   0.0
 5.035  835.0  90  45  60  -3.125   0.0   0.0
 5.035  837.5  90  45  66  -3.125   0.0   0.0
 5.035  840.0  90  45  72  -3.125   0.0   0.0
 5.035  842.5  90  45  72  -3.125   0.0   0.0
 5.035  845.0  90  45  72  -3.125   0.0   0.0
 5.035  847.5  90  45  69  -3.125   0.0   0.0
 5.035  850.0  90  45  57  -3.125   0.0   0.0
 5.035  852.5  90  45  57   3.125   0.0   0.0
 5.035 1250.0  90  45  54  -3.125   0.0   0.0
 5.035 1252.5  90  45  63  -3.125   0.0   0.0
 5.035 1255.0  90  45  63  -3.125   0.0   0.0
 5.035 1262.5  90  45  60  -3.125   0.0   0.0
 5.035 1267.5  90  45  63  -3.125   0.0   0.0
 5.035 1270.0  90  45  54  -3.125   0.0   0.0
 5.035  380.0 -90  42  54  -3.125   0.0   0.0
 5.035  382.5 -90  42  69  -3.125   0.0   0.0
 5.035  385.0 -90  42  72  -3.125   0.0   0.0
 5.035  387.5 -90  42  57  -3.125   0.0   0.0
 5.035  392.5 -90  42  51  -3.125   0.0   0.0
 5.035  672.5 -90  42  51  -3.125  30.0  30.0
 5.035  675.0 -90  42  57  -3.125  30.0  30.0
 5.035  677.5 -90  42  54  -3.125  30.0  30.0
 5.035  680.0 -90  42  51   3.125 330.0  30.0
 5.035  682.5 -90  42  54  -3.125 330.0  30.0
 5.035  685.0 -90  42  54  -3.125 330.0  30.0
 5.035  687.5 -90  42  54   3.125 330.0  30.0
 5.035  690.0 -90  42  54   3.125 330.0  30.0
 5.035  692.5 -90  42  51  -3.125  30.0  30.0
 5.035  697.5 -90  42  57  -3.125  30.0  30.0
 5.035  700.0 -90  42  51  -3.125  30.0  30.0
 5.035  765.0 -90  42  57  -3.125   0.0   0.0
 5.035  767.5 -90  42  66  -3.125   0.0   0.0
 5.035  770.0 -90  42  60  -3.125   0.0   0.0
 5.035  772.5 -90  42  63  -3.125   0.0   0.0
 5.035  780.0 -90  42  51   3.125  30.0  30.0
 5.035 1150.0 -90  42  54   3.125   0.0   0.0
 5.035 1152.5 -90  42  51   3.125  30.0  30.0
 5.035 1155.0 -90  42  60   3.125   0.0   0.0
 5.035 1160.0 -90  42  54  -3.125   0.0   0.0
 5.035 1165.0 -90  42  51   3.125 330.0  30.0
 5.035 1172.5 -90  42  51  -3.125 330.0  30.0
 5.035 1175.0 -90  42  51  -3.125 330.0  30.0
 5.060  420.0  90  42  66  -3.125   0.0   0.0
 5.060  422.5  90  42  75  -3.125   0.0   0.0
 5.060  425.0  90  42  66  -3.125   0.0   0.0
 5.060  740.0  90  42  54  -3.125  30.0  30.0
 5.060  742.5  90  42  54  -3.125  30.0  30.0
 5.060  835.0  90  42  51  -3.125   0.0   0.0
 5.060  837.5  90  42  51  -3.125  90.0  30.0
 5.060  840.0  90  42  63  -3.125   0.0   0.0
 5.060  842.5  90  42  75  -3.125   0.0   0.0
 5.060  845.0  90  42  78  -3.125   0.0   0.0
 5.060  847.5  90  42  72  -3.125   0.0   0.0
 5.060  850.0  90  42  72  -3.125   0.0   0.0
 5.060  852.5  90  42  72  -3.125   0.0   0.0
 5.060  855.0  90  42  60  -3.125   0.0   0.0
 5.060  857.5  90  42  51  -3.125   0.0   0.0
 5.060 1237.5  90  42  54  -3.125   0.0   0.0
 5.060 1240.0  90  42  54   3.125   0.0   0.0
 5.060 1245.0  90  42  54  -3.125   0.0   0.0
 5.060 1247.5  90  42  51  -3.125   0.0   0.0
 5.060 1252.5  90  42  51  -3.125   0.0   0.0
 5.060 1255.0  90  42  57  -3.125   0.0   0.0
 5.060 1257.5  90  42  51  -3.125   0.0   0.0
 5.060 1260.0  90  42  57  -3.125   0.0   0.0
 5.060 1262.5  90  42  66  -3.125   0.0   0.0
 5.060 1265.0  90  42  69  -3.125   0.0   0.0
 5.060 1267.5  90  42  69  -3.125   0.0   0.0
 5.060 1270.0  90  42  60  -3.125   0.0   0.0
 5.060 1272.5  90  42  51   3.125   0.0   0.0
 5.060 1275.0  90  42  57  -3.125   0.0   0.0
 5.060 1277.5  90  42  57  -3.125   0.0   0.0
 5.060 1280.0  90  42  57  -3.125   0.0   0.0
 5.060 1282.5  90  42  54  -3.125   0.0   0.0
 5.060 1310.0  90  42  51   9.375   0.0   0.0
 5.060 1312.5  90  42  51   9.375   0.0   0.0
 5.060  380.0 -90  42  51  -3.125   0.0   0.0
 5.060  382.5 -90  42  60  -3.125   0.0   0.0
 5.060  385.0 -90  42  72  -3.125   0.0   0.0
 5.060  387.5 -90  42  63  -3.125   0.0   0.0
 5.060  390.0 -90  42  54  -3.125   0.0   0.0
 5.060  675.0 -90  42  51   3.125  30.0  30.0
 5.060  677.5 -90  42  54  -3.125  30.0  30.0
 5.060  682.5 -90  42  51  -3.125 330.0  30.0
 5.060  685.0 -90  42  57  -3.125 330.0  30.0
 5.060  690.0 -90  42  54   3.125  30.0  30.0
 5.060  692.5 -90  42  54   3.125  30.0  30.0
 5.060  700.0 -90  42  51  -3.125  30.0  30.0
 5.060  767.5 -90  42  54   3.125   0.0   0.0
 5.060  770.0 -90  42  63  -3.125   0.0   0.0
 5.060  772.5 -90  42  60  -3.125   0.0   0.0
 5.060  775.0 -90  42  60  -3.125   0.0   0.0
 5.060  777.5 -90  42  51  -3.125  30.0  30.0
 5.060  787.5 -90  42  54   3.125   0.0   0.0
 5.060 1152.5 -90  42  51  -3.125   0.0   0.0
 5.060 1157.5 -90  42  60  -3.125  30.0  30.0
 5.060 1160.0 -90  42  57   3.125   0.0   0.0
 5.060 1162.5 -90  42  57  -3.125   0.0   0.0
 5.060 1165.0 -90  42  60  -3.125   0.0   0.0
 5.060 1167.5 -90  42  51   3.125   0.0   0.0
 5.085  417.5  90  45  54  -3.125   0.0   0.0
 5.085  420.0  90  45  63  -3.125   0.0   0.0
 5.085  422.5  90  45  66  -3.125   0.0   0.0
 5.085  425.0  90  45  75  -3.125   0.0   0.0
 5.085  427.5  90  45  66  -3.125   0.0   0.0
 5.085  430.0  90  45  57   3.125   0.0   0.0
 5.085  835.0  90  45  54  -3.125   0.0   0.0
 5.085  840.0  90  45  57   3.125   0.0   0.0
 5.085  842.5  90  45  66  -3.125   0.0   0.0
 5.085  845.0  90  45  75  -3.125   0.0   0.0
 5.085  847.5  90  45  75  -3.125   0.0   0.0
 5.085  850.0  90  45  75  -3.125   0.0   0.0
 5.085  852.5  90  45  78  -3.125   0.0   0.0
 5.085  855.0  90  45  75  -3.125   0.0   0.0
 5.085  857.5  90  45  63  -3.125   0.0   0.0
 5.085  860.0  90  45  57   3.125   0.0   0.0
 5.085 1260.0  90  45  54  -3.125   0.0   0.0
 5.085 1262.5  90  45  63  -3.125   0.0   0.0
 5.085 1265.0  90  45  69  -3.125   0.0   0.0
 5.085 1267.5  90  45  69  -3.125   0.0   0.0
 5.085 1270.0  90  45  66  -3.125   0.0   0.0
 5.085 1272.5  90  45  60  -3.125   0.0   0.0
 5.085 1275.0  90  45  60  -3.125   0.0   0.0
 5.085 1277.5  90  45  60  -3.125   0.0   0.0
 5.085 1282.5  90  45  60  -3.125   0.0   0.0
 5.085   95.0 -90  42  51  -3.125   0.0   0.0
 5.085  287.5 -90  42  51   3.125   0.0   0.0
 5.085  382.5 -90  42  57  -3.125   0.0   0.0
 5.085  385.0 -90  42  69  -3.125   0.0   0.0
 5.085  387.5 -90  42  72  -3.125   0.0   0.0
 5.085  390.0 -90  42  54  -3.125 270.0  30.0
 5.085  677.5 -90  42  51   3.125  30.0  30.0
 5.085  680.0 -90  42  57  -3.125  30.0  30.0
 5.085  682.5 -90  42  54  -3.125  30.0  30.0
 5.085  685.0 -90  42  54   3.125 330.0  30.0
 5.085  687.5 -90  42  51   3.125 330.0  30.0
 5.085  690.0 -90  42  51   3.125 330.0  30.0
 5.085  692.5 -90  42  51  -3.125 330.0  30.0
 5.085  697.5 -90  42  51  -3.125 330.0  30.0
 5.085  700.0 -90  42  54   3.125  30.0  30.0
 5.085  705.0 -90  42  51   3.125  30.0  30.0
 5.085  770.0 -90  42  57  -3.125   0.0   0.0
 5.085  772.5 -90  42  60  -3.125   0.0   0.0
 5.085  775.0 -90  42  60  -3.125   0.0   0.0
 5.085  777.5 -90  42  51  -3.125   0.0   0.0
 5.085  782.5 -90  42  51   3.125   0.0   0.0
 5.085  787.5 -90  42  51   3.125 150.0  30.0
 5.085  792.5 -90  42  51   3.125   0.0   0.0
 5.085 1075.0 -90  42  51  -3.125   0.0   0.0
 5.085 1077.5 -90  42  51  -3.125   0.0   0.0
 5.085 1152.5 -90  42  51  -3.125  90.0  30.0
 5.085 1155.0 -90  42  51  -3.125   0.0   0.0
 5.085 1157.5 -90  42  54  -3.125  30.0  30.0
 5.085 1160.0 -90  42  63  -3.125   0.0   0.0
 5.085 1162.5 -90  42  54  -3.125   0.0   0.0
 5.085 1165.0 -90  42  57  -3.125   0.0   0.0
 5.085 1170.0 -90  42  54  -3.125   0.0   0.0
 5.085 1185.0 -90  42  51   3.125   0.0   0.0
 5.110  417.5  90  45  54  -3.125   0.0   0.0
 5.110  420.0  90  45  54  -3.125   0.0   0.0
 5.110  422.5  90  45  60  -3.125   0.0   0.0
 5.110  425.0  90  45  72  -3.125   0.0   0.0
 5.110  427.5  90  45  75  -3.125   0.0   0.0
 5.110  430.0  90  45  66  -3.125   0.0   0.0
 5.110  432.5  90  45  60   3.125   0.0   0.0
 5.110  435.0  90  45  54   3.125   0.0   0.0
 5.110  750.0  90  45  57   3.125  30.0  30.0
 5.110  832.5  90  45  54  -3.125  90.0  30.0
 5.110  835.0  90  45  54  -3.125   0.0   0.0
 5.110  837.5  90  45  57   3.125   0.0   0.0
 5.110  845.0  90  45  63  -3.125   0.0   0.0
 5.110  847.5  90  45  72  -3.125   0.0   0.0
 5.110  850.0  90  45  60   3.125   0.0   0.0
 5.110  852.5  90  45  66  -3.125   0.0   0.0
 5.110  855.0  90  45  72  -3.125   0.0   0.0
 5.110  857.5  90  45  69  -3.125   0.0   0.0
 5.110  860.0  90  45  66  -3.125   0.0   0.0
 5.110  862.5  90  45  54  -3.125   0.0   0.0
 5.110 1267.5  90  45  54   3.125   0.0   0.0
 5.110 1270.0  90  45  57  -3.125   0.0   0.0
 5.110 1272.5  90  45  57  -3.125   0.0   0.0
 5.110 1275.0  90  45  63  -3.125   0.0   0.0
 5.110 1277.5  90  45  63  -3.125   0.0   0.0
 5.110 1280.0  90  45  66  -3.125   0.0   0.0
 5.110 1282.5  90  45  60  -3.125   0.0   0.0
 5.110  385.0 -90  42  66   3.125   0.0   0.0
 5.110  387.5 -90  42  75  -3.125   0.0   0.0
 5.110  390.0 -90  42  66  -3.125   0.0   0.0
 5.110  392.5 -90  42  54  -3.125   0.0   0.0
 5.110  680.0 -90  42  60   3.125  30.0  30.0
 5.110  682.5 -90  42  57  -3.125  30.0  30.0
 5.110  685.0 -90  42  54   3.125 330.0  30.0
 5.110  687.5 -90  42  51   3.125  30.0  30.0
 5.110  690.0 -90  42  54   3.125 330.0  30.0
 5.110  695.0 -90  42  57   3.125  30.0  30.0
 5.110  697.5 -90  42  63  -3.125  30.0  30.0
 5.110  700.0 -90  42  57  -3.125  30.0  30.0
 5.110  705.0 -90  42  54  -3.125  30.0  30.0
 5.110  772.5 -90  42  51  -3.125   0.0   0.0
 5.110  775.0 -90  42  63  -3.125   0.0   0.0
 5.110  777.5 -90  42  60  -3.125   0.0   0.0
 5.110  780.0 -90  42  60  -3.125   0.0   0.0
 5.110  792.5 -90  42  51  -3.125 210.0  30.0
 5.110  795.0 -90  42  51  -3.125   0.0   0.0
 5.110 1002.5 -90  42  54  -3.125 270.0  30.0
 5.110 1065.0 -90  42  51  -3.125 330.0  30.0
 5.110 1155.0 -90  42  51  -3.125   0.0   0.0
 5.110 1160.0 -90  42  57  -3.125   0.0   0.0
 5.110 1165.0 -90  42  63  -3.125   0.0   0.0
 5.110 1167.5 -90  42  57  -3.125   0.0   0.0
 5.110 1170.0 -90  42  60  -3.125   0.0   0.0
 5.110 1172.5 -90  42  57  -3.125   0.0   0.0
 5.110 1175.0 -90  42  54  -3.125   0.0   0.0
 5.110 1177.5 -90  42  54  -3.125   0.0   0.0
 5.135  425.0  90  45  63  -3.125   0.0   0.0
 5.135  427.5  90  45  75  -3.125   0.0   0.0
 5.135  430.0  90  45  75  -3.125   0.0   0.0
 5.135  432.5  90  45  63  -3.125   0.0   0.0
 5.135  752.5  90  45  57   3.125  30.0  30.0
 5.135  832.5  90  45  54  -3.125 150.0  30.0
 5.135  835.0  90  45  57  -3.125 150.0  30.0
 5.135  837.5  90  45  57  -3.125  90.0  30.0
 5.135  847.5  90  45  54  -3.125 150.0  30.0
 5.135  850.0  90  45  60  -3.125   0.0   0.0
 5.135  852.5  90  45  54  -3.125   0.0   0.0
 5.135  855.0  90  45  66  -3.125   0.0   0.0
 5.135  857.5  90  45  60  -3.125   0.0   0.0
 5.135  860.0  90  45  72  -3.125   0.0   0.0
 5.135  862.5  90  45  63  -3.125   0.0   0.0
 5.135  865.0  90  45  57  -3.125   0.0   0.0
 5.135  870.0  90  45  54  -3.125   0.0   0.0
 5.135 1257.5  90  45  54   3.125   0.0   0.0
 5.135 1272.5  90  45  57  -3.125   0.0   0.0
 5.135 1275.0  90  45  54  -3.125   0.0   0.0
 5.135 1280.0  90  45  54   3.125   0.0   0.0
 5.135 1282.5  90  45  54  -3.125   0.0   0.0
 5.135  385.0 -90  45  54  -3.125   0.0   0.0
 5.135  387.5 -90  45  72  -3.125   0.0   0.0
 5.135  390.0 -90  45  72  -3.125   0.0   0.0
 5.135  682.5 -90  45  57  -3.125  30.0  30.0
 5.135  685.0 -90  45  54  -3.125  30.0  30.0
 5.135  690.0 -90  45  57  -3.125 330.0  30.0
 5.135  697.5 -90  45  60   3.125  30.0  30.0
 5.135  700.0 -90  45  54   3.125  30.0  30.0
 5.135  775.0 -90  45  63  -3.125   0.0   0.0
 5.135  777.5 -90  45  69  -3.125   0.0   0.0
 5.135  780.0 -90  45  69  -3.125   0.0   0.0
 5.135  782.5 -90  45  63  -3.125   0.0   0.0
 5.135  785.0 -90  45  54  -3.125 330.0  30.0
 5.135 1002.5 -90  45  54   3.125   0.0   0.0
 5.135 1162.5 -90  45  57  -3.125   0.0   0.0
 5.135 1165.0 -90  45  63  -3.125   0.0   0.0
 5.135 1167.5 -90  45  60  -3.125   0.0   0.0
 5.135 1170.0 -90  45  54   3.125   0.0   0.0
 5.135 1172.5 -90  45  57  -3.125   0.0   0.0
 5.135 1175.0 -90  45  60  -3.125   0.0   0.0
 5.135 1180.0 -90  45  57  -3.125   0.0   0.0
 5.160  422.5  90  48  57   3.125   0.0   0.0
 5.160  425.0  90  48  57  -3.125   0.0   0.0
 5.160  427.5  90  48  60  -3.125   0.0   0.0
 5.160  430.0  90  48  75  -3.125   0.0   0.0
 5.160  432.5  90  48  72  -3.125   0.0   0.0
 5.160  435.0  90  48  63  -3.125   0.0   0.0
 5.160  755.0  90  48  57   3.125  30.0  30.0
 5.160  855.0  90  48  57  -3.125   0.0   0.0
 5.160  857.5  90  48  66  -3.125   0.0   0.0
 5.160  860.0  90  48  72  -3.125   0.0   0.0
 5.160  862.5  90  48  60  -3.125   0.0   0.0
 5.160  865.0  90  48  63  -3.125   0.0   0.0
 5.160  867.5  90  48  60  -3.125   0.0   0.0
 5.160 1282.5  90  48  57  -3.125   0.0   0.0
 5.160  387.5 -90  48  63  -3.125   0.0   0.0
 5.160  390.0 -90  48  72  -3.125   0.0   0.0
 5.160  392.5 -90  48  63  -3.125   0.0   0.0
 5.160  687.5 -90  48  57   3.125   0.0   0.0
 5.160  690.0 -90  48  60   3.125  30.0  30.0
 5.160  692.5 -90  48  63  -3.125 330.0  30.0
 5.160  695.0 -90  48  63  -3.125 330.0  30.0
 5.160  697.5 -90  48  57   3.125  30.0  30.0
 5.160  707.5 -90  48  57   3.125  30.0  30.0
 5.160  777.5 -90  48  60  -3.125   0.0   0.0
 5.160  780.0 -90  48  60  -3.125   0.0   0.0
 5.160  782.5 -90  48  63  -3.125   0.0   0.0
 5.160  785.0 -90  48  60   3.125   0.0   0.0
 5.160 1165.0 -90  48  57  -3.125   0.0   0.0
 5.160 1167.5 -90  48  63  -3.125   0.0   0.0
 5.160 1175.0 -90  48  60  -3.125   0.0   0.0
 5.160 1177.5 -90  48  57  -3.125   0.0   0.0
 5.160 1180.0 -90  48  57  -3.125   0.0   0.0
 5.185  432.5  90  51  75  -3.125   0.0   0.0
 5.185  435.0  90  51  75  -3.125   0.0   0.0
 5.185  437.5  90  51  63  -3.125   0.0   0.0
 5.185  860.0  90  51  66  -3.125   0.0   0.0
 5.185  862.5  90  51  66  -3.125   0.0   0.0
 5.185  865.0  90  51  63  -3.125   0.0   0.0
 5.185  867.5  90  51  63  -3.125   0.0   0.0
 5.185  870.0  90  51  66  -3.125   0.0   0.0
 5.185  872.5  90  51  63  -3.125   0.0   0.0
 5.185  390.0 -90  48  69  -3.125   0.0   0.0
 5.185  392.5 -90  48  69  -3.125   0.0   0.0
 5.185  690.0 -90  48  57   3.125   0.0   0.0
 5.185  692.5 -90  48  57   3.125 330.0  30.0
 5.185  695.0 -90  48  60   3.125 330.0  30.0
 5.185  697.5 -90  48  57   3.125 330.0  30.0
 5.185  700.0 -90  48  60   3.125 330.0  30.0
 5.185  702.5 -90  48  60   3.125  30.0  30.0
 5.185  705.0 -90  48  57  -3.125  30.0  30.0
 5.185  782.5 -90  48  66  -3.125   0.0   0.0
 5.185  785.0 -90  48  69  -3.125   0.0   0.0
 5.185  787.5 -90  48  66  -3.125   0.0   0.0
 5.185  790.0 -90  48  57  -3.125   0.0   0.0
 5.185 1170.0 -90  48  57  -3.125   0.0   0.0
 5.185 1175.0 -90  48  57   3.125  30.0  30.0
 5.185 1180.0 -90  48  60  -3.125   0.0   0.0
 5.185 1182.5 -90  48  60  -3.125   0.0   0.0
 5.185 1282.5 -90  48  57  -9.375  90.0  30.0
 5.210  432.5  90  51  66  -3.125   0.0   0.0
 5.210  435.0  90  51  75  -3.125   0.0   0.0
 5.210  437.5  90  51  72  -3.125   0.0   0.0
 5.210  867.5  90  51  63  -3.125   0.0   0.0
 5.210  870.0  90  51  66  -3.125   0.0   0.0
 5.210  872.5  90  51  63  -3.125   0.0   0.0
 5.210  875.0  90  51  63  -3.125   0.0   0.0
 5.210  880.0  90  51  60  -3.125   0.0   0.0
 5.210  390.0 -90  48  63  -3.125   0.0   0.0
 5.210  392.5 -90  48  75  -3.125   0.0   0.0
 5.210  395.0 -90  48  66  -3.125   0.0   0.0
 5.210  692.5 -90  48  57   3.125  30.0  30.0
 5.210  697.5 -90  48  60   3.125 330.0  30.0
 5.210  702.5 -90  48  57  -3.125 330.0  30.0
 5.210  705.0 -90  48  57   3.125  30.0  30.0
 5.210  782.5 -90  48  60  -3.125   0.0   0.0
 5.210  785.0 -90  48  69  -3.125   0.0   0.0
 5.210  787.5 -90  48  72  -3.125   0.0   0.0
 5.210  790.0 -90  48  63  -3.125   0.0   0.0
 5.210 1175.0 -90  48  60  -3.125  30.0  30.0
 5.210 1177.5 -90  48  63  -3.125   0.0   0.0
 5.210 1180.0 -90  48  63  -3.125   0.0   0.0
 5.210 1185.0 -90  48  60  -3.125   0.0   0.0
 5.210 1190.0 -90  48  57   3.125   0.0   0.0
 5.235  435.0  90  51  66  -3.125   0.0   0.0
 5.235  437.5  90  51  75  -3.125   0.0   0.0
 5.235  440.0  90  51  72  -3.125   0.0   0.0
 5.235  442.5  90  51  63  -3.125   0.0   0.0
 5.235  867.5  90  51  63  -3.125   0.0   0.0
 5.235  870.0  90  51  69  -3.125   0.0   0.0
 5.235  872.5  90  51  66  -3.125   0.0   0.0
 5.235  875.0  90  51  69  -3.125   0.0   0.0
 5.235  877.5  90  51  69  -3.125   0.0   0.0
 5.235  880.0  90  51  66  -3.125   0.0   0.0
 5.235  882.5  90  51  69  -3.125   0.0   0.0
 5.235  885.0  90  51  63  -3.125   0.0   0.0
 5.235  390.0 -90  48  57   3.125   0.0   0.0
 5.235  392.5 -90  48  72  -3.125   0.0   0.0
 5.235  395.0 -90  48  75  -3.125   0.0   0.0
 5.235  397.5 -90  48  57  -3.125   0.0   0.0
 5.235  695.0 -90  48  57   3.125  30.0  30.0
 5.235  697.5 -90  48  60  -3.125 330.0  30.0
 5.235  700.0 -90  48  57  -3.125 330.0  30.0
 5.235  787.5 -90  48  69  -3.125   0.0   0.0
 5.235  790.0 -90  48  69  -3.125   0.0   0.0
 5.235  792.5 -90  48  63  -3.125   0.0   0.0
 5.235  795.0 -90  48  57  -3.125   0.0   0.0
 5.235 1175.0 -90  48  57  -3.125  30.0  30.0
 5.235 1177.5 -90  48  63  -3.125   0.0   0.0
 5.235 1182.5 -90  48  57  -3.125   0.0   0.0
 5.235 1185.0 -90  48  63  -3.125   0.0   0.0
 5.235 1187.5 -90  48  60  -3.125   0.0   0.0
 5.235 1190.0 -90  48  60  -3.125   0.0   0.0
 5.235 1192.5 -90  48  57  -3.125   0.0   0.0
 5.260  437.5  90  51  66  -3.125   0.0   0.0
 5.260  440.0  90  51  72  -3.125   0.0   0.0
 5.260  442.5  90  51  72  -3.125   0.0   0.0
 5.260  870.0  90  51  63  -3.125   0.0   0.0
 5.260  872.5  90  51  69  -3.125   0.0   0.0
 5.260  875.0  90  51  75  -3.125   0.0   0.0
 5.260  877.5  90  51  69  -3.125   0.0   0.0
 5.260  882.5  90  51  75  -3.125   0.0   0.0
 5.260  885.0  90  51  75  -3.125   0.0   0.0
 5.260  887.5  90  51  69  -3.125   0.0   0.0
 5.260  392.5 -90  51  63  -3.125   0.0   0.0
 5.260  395.0 -90  51  75  -3.125   0.0   0.0
 5.260  397.5 -90  51  66  -3.125   0.0   0.0
 5.260  790.0 -90  51  69  -3.125   0.0   0.0
 5.260  795.0 -90  51  60   3.125   0.0   0.0
 5.260 1185.0 -90  51  63  -3.125   0.0   0.0
 5.260 1187.5 -90  51  66  -3.125   0.0   0.0
 5.260 1190.0 -90  51  69  -3.125   0.0   0.0
 5.260 1192.5 -90  51  60  -3.125   0.0   0.0
 5.285  437.5  90  48  57   3.125   0.0   0.0
 5.285  440.0  90  48  57   3.125   0.0   0.0
 5.285  442.5  90  48  72  -3.125   0.0   0.0
 5.285  445.0  90  48  69  -3.125   0.0   0.0
 5.285  447.5  90  48  60  -3.125   0.0   0.0
 5.285  875.0  90  48  63  -3.125   0.0   0.0
 5.285  877.5  90  48  66  -3.125   0.0   0.0
 5.285  880.0  90  48  69  -3.125   0.0   0.0
 5.285  882.5  90  48  72  -3.125   0.0   0.0
 5.285  885.0  90  48  69  -3.125   0.0   0.0
 5.285  887.5  90  48  72  -3.125   0.0   0.0
 5.285  890.0  90  48  69  -3.125   0.0   0.0
 5.285  892.5  90  48  63  -3.125   0.0   0.0
 5.285  895.0  90  48  57   3.125   0.0   0.0
 5.285  395.0 -90  48  72  -3.125   0.0   0.0
 5.285  397.5 -90  48  75  -3.125   0.0   0.0
 5.285  400.0 -90  48  66  -3.125   0.0   0.0
 5.285  790.0 -90  48  63  -3.125   0.0   0.0
 5.285  792.5 -90  48  69  -3.125   0.0   0.0
 5.285  795.0 -90  48  72  -3.125   0.0   0.0
 5.285  797.5 -90  48  60  -3.125   0.0   0.0
 5.285  800.0 -90  48  57  -3.125   0.0   0.0
 5.285  802.5 -90  48  57  -3.125   0.0   0.0
 5.285 1185.0 -90  48  57  -3.125   0.0   0.0
 5.285 1190.0 -90  48  66  -3.125   0.0   0.0
 5.285 1192.5 -90  48  66  -3.125   0.0   0.0
 5.285 1195.0 -90  48  60  -3.125   0.0   0.0
 5.285 1197.5 -90  48  60  -3.125  30.0  30.0
 5.310  442.5  90  48  60  -3.125   0.0   0.0
 5.310  445.0  90  48  72  -3.125   0.0   0.0
 5.310  447.5  90  48  69  -3.125   0.0   0.0
 5.310  450.0  90  48  63  -3.125   0.0   0.0
 5.310  780.0  90  48  57  -3.125  30.0  30.0
 5.310  880.0  90  48  60  -3.125   0.0   0.0
 5.310  882.5  90  48  60  -3.125   0.0   0.0
 5.310  887.5  90  48  66  -3.125   0.0   0.0
 5.310  890.0  90  48  66  -3.125   0.0   0.0
 5.310  892.5  90  48  66  -3.125   0.0   0.0
 5.310  895.0  90  48  63  -3.125   0.0   0.0
 5.310  897.5  90  48  60  -3.125   0.0   0.0
 5.310  900.0  90  48  57  -3.125   0.0   0.0
 5.310  392.5 -90  48  57   3.125   0.0   0.0
 5.310  395.0 -90  48  63  -3.125   0.0   0.0
 5.310  397.5 -90  48  78  -3.125   0.0   0.0
 5.310  400.0 -90  48  72  -3.125   0.0   0.0
 5.310  402.5 -90  48  57  -3.125   0.0   0.0
 5.310  702.5 -90  48  57   3.125 330.0  30.0
 5.310  707.5 -90  48  57   3.125 330.0  30.0
 5.310  792.5 -90  48  60  -3.125   0.0   0.0
 5.310  795.0 -90  48  72  -3.125   0.0   0.0
 5.310  797.5 -90  48  72  -3.125   0.0   0.0
 5.310  800.0 -90  48  66  -3.125   0.0   0.0
 5.310 1192.5 -90  48  63  -3.125   0.0   0.0
 5.310 1195.0 -90  48  60  -3.125   0.0   0.0
 5.310 1197.5 -90  48  63  -3.125   0.0   0.0
 5.310 1200.0 -90  48  63  -3.125   0.0   0.0
 5.335  445.0  90  48  60  -3.125   0.0   0.0
 5.335  447.5  90  48  69  -3.125   0.0   0.0
 5.335  450.0  90  48  72  -3.125   0.0   0.0
 5.335  452.5  90  48  60  -3.125   0.0   0.0
 5.335  887.5  90  48  60  -3.125   0.0   0.0
 5.335  890.0  90  48  72  -3.125   0.0   0.0
 5.335  892.5  90  48  72  -3.125   0.0   0.0
 5.335  895.0  90  48  66  -3.125   0.0   0.0
 5.335  897.5  90  48  66  -3.125   0.0   0.0
 5.335  900.0  90  48  63  -3.125   0.0   0.0
 5.335  902.5  90  48  63  -3.125   0.0   0.0
 5.335  905.0  90  48  66  -3.125   0.0   0.0
 5.335  907.5  90  48  60  -3.125   0.0   0.0
 5.335  910.0  90  48  57  -3.125   0.0   0.0
 5.335  395.0 -90  48  60  -3.125   0.0   0.0
 5.335  397.5 -90  48  75  -3.125   0.0   0.0
 5.335  400.0 -90  48  78  -3.125   0.0   0.0
 5.335  402.5 -90  48  57   3.125   0.0   0.0
 5.335  707.5 -90  48  57  -3.125  30.0  30.0
 5.335  795.0 -90  48  60  -3.125  30.0  30.0
 5.335  797.5 -90  48  72  -3.125   0.0   0.0
 5.335  800.0 -90  48  69  -3.125   0.0   0.0
 5.335  802.5 -90  48  63  -3.125   0.0   0.0
 5.335  805.0 -90  48  63   3.125   0.0   0.0
 5.335 1195.0 -90  48  57  -3.125   0.0   0.0
 5.335 1197.5 -90  48  60  -3.125   0.0   0.0
 5.335 1200.0 -90  48  60  -3.125   0.0   0.0
 5.335 1202.5 -90  48  66  -3.125   0.0   0.0
 5.335 1212.5 -90  48  57  -3.125 330.0  30.0
 5.360  425.0  90  45  54  -3.125   0.0   0.0
 5.360  442.5  90  45  54  -3.125   0.0   0.0
 5.360  447.5  90  45  54   3.125   0.0   0.0
 5.360  450.0  90  45  69  -3.125   0.0   0.0
 5.360  452.5  90  45  72  -3.125   0.0   0.0
 5.360  455.0  90  45  63  -3.125   0.0   0.0
 5.360  457.5  90  45  57  -3.125   0.0   0.0
 5.360  887.5  90  45  57  -3.125   0.0   0.0
 5.360  890.0  90  45  60  -3.125   0.0   0.0
 5.360  892.5  90  45  69  -3.125   0.0   0.0
 5.360  895.0  90  45  66  -3.125   0.0   0.0
 5.360  897.5  90  45  69  -3.125   0.0   0.0
 5.360  900.0  90  45  66  -3.125   0.0   0.0
 5.360  902.5  90  45  63  -3.125   0.0   0.0
 5.360  905.0  90  45  69  -3.125   0.0   0.0
 5.360  907.5  90  45  75  -3.125   0.0   0.0
 5.360  910.0  90  45  69  -3.125   0.0   0.0
 5.360  912.5  90  45  60  -3.125   0.0   0.0
 5.360  395.0 -90  45  57  -3.125   0.0   0.0
 5.360  397.5 -90  45  63  -3.125   0.0   0.0
 5.360  400.0 -90  45  78  -3.125   0.0   0.0
 5.360  402.5 -90  45  75  -3.125   0.0   0.0
 5.360  405.0 -90  45  66  -3.125   0.0   0.0
 5.360  407.5 -90  45  54   3.125   0.0   0.0
 5.360  455.0 -90  45  54  -3.125   0.0   0.0
 5.360  707.5 -90  45  60  -3.125  30.0  30.0
 5.360  710.0 -90  45  60  -3.125  30.0  30.0
 5.360  712.5 -90  45  60   3.125  30.0  30.0
 5.360  717.5 -90  45  57   3.125  30.0  30.0
 5.360  795.0 -90  45  57   3.125   0.0   0.0
 5.360  797.5 -90  45  63  -3.125   0.0   0.0
 5.360  800.0 -90  45  69  -3.125   0.0   0.0
 5.360  802.5 -90  45  69  -3.125   0.0   0.0
 5.360  805.0 -90  45  57   3.125 270.0  30.0
 5.360  807.5 -90  45  63  -3.125   0.0   0.0
 5.360  810.0 -90  45  54  -3.125   0.0   0.0
 5.360  815.0 -90  45  54  -3.125   0.0   0.0
 5.360 1107.5 -90  45  54  -3.125 330.0  30.0
 5.360 1197.5 -90  45  57  -3.125   0.0   0.0
 5.360 1200.0 -90  45  60  -3.125   0.0   0.0
 5.360 1202.5 -90  45  63  -3.125   0.0   0.0
 5.360 1205.0 -90  45  66  -3.125   0.0   0.0
 5.360 1207.5 -90  45  54  -3.125  30.0  30.0
 5.360 1210.0 -90  45  60  -3.125   0.0   0.0
 5.360 1212.5 -90  45  54  -3.125  30.0  30.0
 5.385  445.0  90  45  54  -3.125   0.0   0.0
 5.385  447.5  90  45  57  -3.125   0.0   0.0
 5.385  450.0  90  45  60  -3.125   0.0   0.0
 5.385  452.5  90  45  69  -3.125   0.0   0.0
 5.385  455.0  90  45  75  -3.125   0.0   0.0
 5.385  457.5  90  45  69  -3.125   0.0   0.0
 5.385  460.0  90  45  54  -3.125   0.0   0.0
 5.385  887.5  90  45  54  -3.125  30.0  30.0
 5.385  892.5  90  45  54  -3.125   0.0   0.0
 5.385  895.0  90  45  60  -3.125   0.0   0.0
 5.385  897.5  90  45  69  -3.125   0.0   0.0
 5.385  900.0  90  45  69  -3.125   0.0   0.0
 5.385  902.5  90  45  69  -3.125   0.0   0.0
 5.385  905.0  90  45  66  -3.125   0.0   0.0
 5.385  907.5  90  45  78  -3.125   0.0   0.0
 5.385  910.0  90  45  75  -3.125   0.0   0.0
 5.385  912.5  90  45  75  -3.125   0.0   0.0
 5.385  915.0  90  45  69  -3.125   0.0   0.0
 5.385  917.5  90  45  63  -3.125   0.0   0.0
 5.385  397.5 -90  45  57   3.125   0.0   0.0
 5.385  400.0 -90  45  75  -3.125   0.0   0.0
 5.385  402.5 -90  45  81  -3.125   0.0   0.0
 5.385  405.0 -90  45  69  -3.125   0.0   0.0
 5.385  705.0 -90  45  54   3.125  30.0  30.0
 5.385  707.5 -90  45  60  -3.125  30.0  30.0
 5.385  710.0 -90  45  60  -3.125  30.0  30.0
 5.385  712.5 -90  45  60  -3.125  30.0  30.0
 5.385  715.0 -90  45  60   3.125 330.0  30.0
 5.385  720.0 -90  45  57  -3.125 330.0  30.0
 5.385  722.5 -90  45  54   3.125  30.0  30.0
 5.385  800.0 -90  45  60  -3.125   0.0   0.0
 5.385  802.5 -90  45  66  -3.125   0.0   0.0
 5.385  805.0 -90  45  63  -3.125  30.0  30.0
 5.385  807.5 -90  45  66  -3.125   0.0   0.0
 5.385  810.0 -90  45  69  -3.125   0.0   0.0
 5.385  812.5 -90  45  60  -3.125   0.0   0.0
 5.385  815.0 -90  45  60  -3.125   0.0   0.0
 5.385 1107.5 -90  45  54  -3.125  30.0  30.0
 5.385 1110.0 -90  45  54  -3.125  30.0  30.0
 5.385 1202.5 -90  45  60  -3.125   0.0   0.0
 5.385 1205.0 -90  45  66  -3.125   0.0   0.0
 5.385 1207.5 -90  45  66  -3.125   0.0   0.0
 5.385 1210.0 -90  45  54   3.125   0.0   0.0
 5.385 1212.5 -90  45  60  -3.125   0.0   0.0
 5.385 1215.0 -90  45  57  -3.125   0.0   0.0
 5.385 1217.5 -90  45  57  -3.125   0.0   0.0
 5.385 1220.0 -90  45  60  -3.125   0.0   0.0
 5.410  445.0  90  45  57  -3.125   0.0   0.0
 5.410  452.5  90  45  54   3.125   0.0   0.0
 5.410  455.0  90  45  66  -3.125   0.0   0.0
 5.410  457.5  90  45  75  -3.125   0.0   0.0
 5.410  460.0  90  45  72  -3.125   0.0   0.0
 5.410  462.5  90  45  63  -3.125   0.0   0.0
 5.410  465.0  90  45  57   3.125   0.0   0.0
 5.410  467.5  90  45  54  -3.125   0.0   0.0
 5.410  900.0  90  45  60  -3.125   0.0   0.0
 5.410  902.5  90  45  63  -3.125   0.0   0.0
 5.410  905.0  90  45  66  -3.125   0.0   0.0
 5.410  907.5  90  45  72  -3.125   0.0   0.0
 5.410  910.0  90  45  69  -3.125   0.0   0.0
 5.410  912.5  90  45  69  -3.125   0.0   0.0
 5.410  915.0  90  45  75  -3.125   0.0   0.0
 5.410  917.5  90  45  69  -3.125   0.0   0.0
 5.410  920.0  90  45  60  -3.125   0.0   0.0
 5.410  927.5  90  45  54   3.125   0.0   0.0
 5.410  400.0 -90  45  63  -3.125   0.0   0.0
 5.410  402.5 -90  45  81  -3.125   0.0   0.0
 5.410  405.0 -90  45  78  -3.125   0.0   0.0
 5.410  407.5 -90  45  63   3.125   0.0   0.0
 5.410  715.0 -90  45  57  -3.125  30.0  30.0
 5.410  722.5 -90  45  54  -3.125 330.0  30.0
 5.410  805.0 -90  45  60  -3.125   0.0   0.0
 5.410  807.5 -90  45  69  -3.125   0.0   0.0
 5.410  810.0 -90  45  72  -3.125   0.0   0.0
 5.410  812.5 -90  45  63  -3.125   0.0   0.0
 5.410  815.0 -90  45  57  -3.125   0.0   0.0
 5.410  817.5 -90  45  54  -3.125  30.0  30.0
 5.410 1202.5 -90  45  54  -3.125  30.0  30.0
 5.410 1205.0 -90  45  57  -3.125  30.0  30.0
 5.410 1210.0 -90  45  63  -3.125   0.0   0.0
 5.410 1212.5 -90  45  60  -3.125   0.0   0.0
 5.410 1215.0 -90  45  60  -3.125   0.0   0.0
 5.410 1217.5 -90  45  54  -3.125   0.0   0.0
 5.410 1220.0 -90  45  60  -3.125   0.0   0.0
 5.410 1222.5 -90  45  54  -3.125   0.0   0.0
 5.410 1227.5 -90  45  54   3.125   0.0   0.0
 5.435  430.0  90  45  54  -3.125   0.0   0.0
 5.435  432.5  90  45  54  -3.125   0.0   0.0
 5.435  455.0  90  45  57  -3.125   0.0   0.0
 5.435  457.5  90  45  66  -3.125   0.0   0.0
 5.435  460.0  90  45  75  -3.125   0.0   0.0
 5.435  462.5  90  45  75  -3.125   0.0   0.0
 5.435  465.0  90  45  66  -3.125   0.0   0.0
 5.435  467.5  90  45  57   3.125   0.0   0.0
 5.435  905.0  90  45  57  -3.125   0.0   0.0
 5.435  907.5  90  45  69  -3.125   0.0   0.0
 5.435  910.0  90  45  75  -3.125   0.0   0.0
 5.435  912.5  90  45  75  -3.125   0.0   0.0
 5.435  915.0  90  45  75  -3.125   0.0   0.0
 5.435  917.5  90  45  69  -3.125   0.0   0.0
 5.435  920.0  90  45  66  -3.125   0.0   0.0
 5.435  922.5  90  45  63  -3.125   0.0   0.0
 5.435  925.0  90  45  60  -3.125   0.0   0.0
 5.435  927.5  90  45  60  -3.125   0.0   0.0
 5.435  930.0  90  45  57  -3.125   0.0   0.0
 5.435  402.5 -90  45  72  -3.125   0.0   0.0
 5.435  405.0 -90  45  81  -3.125   0.0   0.0
 5.435  407.5 -90  45  72  -3.125   0.0   0.0
 5.435  715.0 -90  45  54  -3.125  30.0  30.0
 5.435  717.5 -90  45  54   3.125 330.0  30.0
 5.435  720.0 -90  45  54   3.125  30.0  30.0
 5.435  722.5 -90  45  57  -3.125  30.0  30.0
 5.435  725.0 -90  45  54   3.125  30.0  30.0
 5.435  805.0 -90  45  57  -3.125   0.0   0.0
 5.435  807.5 -90  45  66  -3.125   0.0   0.0
 5.435  810.0 -90  45  69  -3.125   0.0   0.0
 5.435  812.5 -90  45  60  -3.125  30.0  30.0
 5.435  815.0 -90  45  63  -3.125   0.0   0.0
 5.435  817.5 -90  45  63  -3.125   0.0   0.0
 5.435  820.0 -90  45  54   3.125   0.0   0.0
 5.435 1207.5 -90  45  54  -3.125  90.0  30.0
 5.435 1210.0 -90  45  60  -3.125   0.0   0.0
 5.435 1212.5 -90  45  57  -3.125   0.0   0.0
 5.435 1217.5 -90  45  60  -3.125   0.0   0.0
 5.435 1222.5 -90  45  60  -3.125   0.0   0.0
 5.435 1230.0 -90  45  57  -3.125   0.0   0.0
 5.435 1235.0 -90  45  54  -3.125 270.0  30.0
 5.460   82.5  90  45  54  -3.125   0.0   0.0
 5.460   85.0  90  45  54   3.125   0.0   0.0
 5.460   97.5  90  45  54   3.125   0.0   0.0
 5.460  432.5  90  45  54   3.125   0.0   0.0
 5.460  435.0  90  45  57   3.125   0.0   0.0
 5.460  437.5  90  45  57   3.125   0.0   0.0
 5.460  447.5  90  45  54   3.125   0.0   0.0
 5.460  457.5  90  45  60  -3.125   0.0   0.0
 5.460  460.0  90  45  57   3.125   0.0   0.0
 5.460  462.5  90  45  72  -3.125   0.0   0.0
 5.460  465.0  90  45  75  -3.125   0.0   0.0
 5.460  467.5  90  45  69  -3.125   0.0   0.0
 5.460  470.0  90  45  63  -3.125   0.0   0.0
 5.460  472.5  90  45  54   3.125   0.0   0.0
 5.460  475.0  90  45  54   3.125   0.0   0.0
 5.460  477.5  90  45  54  -3.125   0.0   0.0
 5.460  887.5  90  45  54  -3.125   0.0   0.0
 5.460  890.0  90  45  54   3.125   0.0   0.0
 5.460  892.5  90  45  54   3.125   0.0   0.0
 5.460  895.0  90  45  54  -3.125   0.0   0.0
 5.460  897.5  90  45  57  -3.125   0.0   0.0
 5.460  907.5  90  45  57  -3.125   0.0   0.0
 5.460  910.0  90  45  60  -3.125   0.0   0.0
 5.460  912.5  90  45  66  -3.125   0.0   0.0
 5.460  915.0  90  45  69  -3.125   0.0   0.0
 5.460  917.5  90  45  69  -3.125   0.0   0.0
 5.460  920.0  90  45  75  -3.125   0.0   0.0
 5.460  922.5  90  45  75  -3.125   0.0   0.0
 5.460  925.0  90  45  63  -3.125   0.0   0.0
 5.460  927.5  90  45  66  -3.125   0.0   0.0
 5.460  930.0  90  45  60  -3.125   0.0   0.0
 5.460  935.0  90  45  57  -3.125   0.0   0.0
 5.460  937.5  90  45  60  -3.125   0.0   0.0
 5.460  940.0  90  45  54   3.125   0.0   0.0
 5.460  942.5  90  45  57  -3.125   0.0   0.0
 5.460  945.0  90  45  54  -3.125   0.0   0.0
 5.460  947.5  90  45  54  -3.125   0.0   0.0
 5.460  950.0  90  45  54   3.125   0.0   0.0
 5.460  402.5 -90  48  63  -3.125   0.0   0.0
 5.460  405.0 -90  48  78  -3.125   0.0   0.0
 5.460  407.5 -90  48  78  -3.125   0.0   0.0
 5.460  410.0 -90  48  63   3.125   0.0   0.0
 5.460  725.0 -90  48  60  -3.125  30.0  30.0
 5.460  810.0 -90  48  60  -3.125   0.0   0.0
 5.460  812.5 -90  48  60  -3.125   0.0   0.0
 5.460  815.0 -90  48  69  -3.125   0.0   0.0
 5.460  817.5 -90  48  66  -3.125   0.0   0.0
 5.460  822.5 -90  48  57   3.125   0.0   0.0
 5.460 1217.5 -90  48  57  -3.125  30.0  30.0
 5.460 1220.0 -90  48  57  -3.125  30.0  30.0
 5.460 1222.5 -90  48  57  -3.125   0.0   0.0
 5.460 1225.0 -90  48  60  -3.125   0.0   0.0
 5.460 1227.5 -90  48  60  -3.125   0.0   0.0
 5.485  455.0  90  45  57   3.125   0.0   0.0
 5.485  457.5  90  45  54   3.125   0.0   0.0
 5.485  460.0  90  45  60  -3.125   0.0   0.0
 5.485  465.0  90  45  69  -3.125   0.0   0.0
 5.485  467.5  90  45  75  -3.125   0.0   0.0
 5.485  470.0  90  45  72  -3.125   0.0   0.0
 5.485  472.5  90  45  60   3.125   0.0   0.0
 5.485  477.5  90  45  54  -3.125   0.0   0.0
 5.485  480.0  90  45  57  -3.125   0.0   0.0
 5.485  482.5  90  45  57  -3.125   0.0   0.0
 5.485  897.5  90  45  54  -3.125   0.0   0.0
 5.485  910.0  90  45  54  -3.125   0.0   0.0
 5.485  912.5  90  45  57   3.125   0.0   0.0
 5.485  915.0  90  45  54  -3.125   0.0   0.0
 5.485  917.5  90  45  63  -3.125   0.0   0.0
 5.485  920.0  90  45  69  -3.125   0.0   0.0
 5.485  922.5  90  45  72  -3.125   0.0   0.0
 5.485  925.0  90  45  66  -3.125   0.0   0.0
 5.485  927.5  90  45  66  -3.125   0.0   0.0
 5.485  930.0  90  45  69  -3.125   0.0   0.0
 5.485  932.5  90  45  72  -3.125   0.0   0.0
 5.485  935.0  90  45  72  -3.125   0.0   0.0
 5.485  937.5  90  45  69  -3.125   0.0   0.0
 5.485  940.0  90  45  57   3.125   0.0   0.0
 5.485  942.5  90  45  60  -3.125   0.0   0.0
 5.485  945.0  90  45  60  -3.125   0.0   0.0
 5.485  947.5  90  45  57  -3.125   0.0   0.0
 5.485  402.5 -90  45  54   3.125   0.0   0.0
 5.485  405.0 -90  45  66  -3.125   0.0   0.0
 5.485  407.5 -90  45  81  -3.125   0.0   0.0
 5.485  410.0 -90  45  75  -3.125   0.0   0.0
 5.485  412.5 -90  45  63   3.125   0.0   0.0
 5.485  722.5 -90  45  54  -3.125  30.0  30.0
 5.485  725.0 -90  45  54   3.125 330.0  30.0
 5.485  727.5 -90  45  54  -3.125  30.0  30.0
 5.485  730.0 -90  45  54   3.125  30.0  30.0
 5.485  810.0 -90  45  54  -3.125   0.0   0.0
 5.485  812.5 -90  45  57   3.125   0.0   0.0
 5.485  815.0 -90  45  69  -3.125   0.0   0.0
 5.485  817.5 -90  45  69  -3.125   0.0   0.0
 5.485  820.0 -90  45  57  -3.125  30.0  30.0
 5.485  825.0 -90  45  54   3.125   0.0   0.0
 5.485  827.5 -90  45  54  -3.125   0.0   0.0
 5.485 1130.0 -90  45  54  -3.125   0.0   0.0
 5.485 1207.5 -90  45  54  -3.125   0.0   0.0
 5.485 1215.0 -90  45  54  -3.125   0.0   0.0
 5.485 1220.0 -90  45  57  -3.125   0.0   0.0
 5.485 1222.5 -90  45  57  -3.125   0.0   0.0
 5.485 1225.0 -90  45  63  -3.125   0.0   0.0
 5.485 1227.5 -90  45  69  -3.125   0.0   0.0
 5.485 1230.0 -90  45  57  -3.125   0.0   0.0
 5.485 1237.5 -90  45  54  -3.125   0.0   0.0
 5.485 1240.0 -90  45  54  -3.125   0.0   0.0
 5.510  467.5  90  48  66  -3.125   0.0   0.0
 5.510  470.0  90  48  72  -3.125   0.0   0.0
 5.510  472.5  90  48  72  -3.125   0.0   0.0
 5.510  475.0  90  48  66  -3.125   0.0   0.0
 5.510  477.5  90  48  60  -3.125   0.0   0.0
 5.510  920.0  90  48  57  -3.125   0.0   0.0
 5.510  925.0  90  48  60  -3.125   0.0   0.0
 5.510  927.5  90  48  63  -3.125   0.0   0.0
 5.510  930.0  90  48  69  -3.125   0.0   0.0
 5.510  932.5  90  48  75  -3.125   0.0   0.0
 5.510  935.0  90  48  69  -3.125   0.0   0.0
 5.510  937.5  90  48  63  -3.125   0.0   0.0
 5.510  940.0  90  48  66  -3.125   0.0   0.0
 5.510  942.5  90  48  60  -3.125   0.0   0.0
 5.510  945.0  90  48  69  -3.125   0.0   0.0
 5.510  947.5  90  48  72  -3.125   0.0   0.0
 5.510  950.0  90  48  63  -3.125   0.0   0.0
 5.510  397.5 -90  45  54   3.125   0.0   0.0
 5.510  405.0 -90  45  63  -3.125   0.0   0.0
 5.510  407.5 -90  45  72  -3.125   0.0   0.0
 5.510  410.0 -90  45  78  -3.125   0.0   0.0
 5.510  412.5 -90  45  66  -3.125   0.0   0.0
 5.510  415.0 -90  45  57   3.125   0.0   0.0
 5.510  727.5 -90  45  54   3.125 330.0  30.0
 5.510  812.5 -90  45  60  -3.125   0.0   0.0
 5.510  815.0 -90  45  63  -3.125   0.0   0.0
 5.510  817.5 -90  45  69  -3.125   0.0   0.0
 5.510  820.0 -90  45  69  -3.125   0.0   0.0
 5.510  822.5 -90  45  66  -3.125   0.0   0.0
 5.510  825.0 -90  45  66  -3.125   0.0   0.0
 5.510  827.5 -90  45  57   3.125   0.0   0.0
 5.510  830.0 -90  45  57  -3.125   0.0   0.0
 5.510 1217.5 -90  45  54   3.125   0.0   0.0
 5.510 1222.5 -90  45  54  -3.125   0.0   0.0
 5.510 1225.0 -90  45  60  -3.125   0.0   0.0
 5.510 1227.5 -90  45  63  -3.125   0.0   0.0
 5.510 1230.0 -90  45  66  -3.125   0.0   0.0
 5.510 1232.5 -90  45  60  -3.125   0.0   0.0
 5.510 1235.0 -90  45  57   3.125   0.0   0.0
 5.510 1237.5 -90  45  54  -3.125   0.0   0.0
 5.510 1240.0 -90  45  57  -3.125   0.0   0.0
 5.510 1242.5 -90  45  54  -3.125   0.0   0.0
 5.510 1245.0 -90  45  54  -3.125   0.0   0.0
 5.535  445.0  90  42  51  -3.125   0.0   0.0
 5.535  467.5  90  42  54  -3.125   0.0   0.0
 5.535  470.0  90  42  63  -3.125   0.0   0.0
 5.535  472.5  90  42  69  -3.125   0.0   0.0
 5.535  475.0  90  42  72  -3.125   0.0   0.0
 5.535  477.5  90  42  66  -3.125   0.0   0.0
 5.535  480.0  90  42  54  -3.125   0.0   0.0
 5.535  482.5  90  42  51  -3.125   0.0   0.0
 5.535  907.5  90  42  51  -3.125   0.0   0.0
 5.535  912.5  90  42  51  -3.125   0.0   0.0
 5.535  930.0  90  42  57  -3.125   0.0   0.0
 5.535  932.5  90  42  63  -3.125   0.0   0.0
 5.535  935.0  90  42  66  -3.125   0.0   0.0
 5.535  937.5  90  42  63  -3.125   0.0   0.0
 5.535  940.0  90  42  69  -3.125   0.0   0.0
 5.535  942.5  90  42  72  -3.125   0.0   0.0
 5.535  945.0  90  42  75  -3.125   0.0   0.0
 5.535  947.5  90  42  75  -3.125   0.0   0.0
 5.535  950.0  90  42  69  -3.125   0.0   0.0
 5.535  952.5  90  42  66  -3.125   0.0   0.0
 5.535  955.0  90  42  66  -3.125   0.0   0.0
 5.535  957.5  90  42  63  -3.125   0.0   0.0
 5.535  960.0  90  42  57  -3.125   0.0   0.0
 5.535  962.5  90  42  54  -3.125   0.0   0.0
 5.535  407.5 -90  45  60  -3.125   0.0   0.0
 5.535  410.0 -90  45  75  -3.125   0.0   0.0
 5.535  412.5 -90  45  75  -3.125   0.0   0.0
 5.535  415.0 -90  45  63  -3.125   0.0   0.0
 5.535  727.5 -90  45  54  -3.125  30.0  30.0
 5.535  732.5 -90  45  57   3.125  30.0  30.0
 5.535  735.0 -90  45  57  -3.125  30.0  30.0
 5.535  812.5 -90  45  54  -3.125   0.0   0.0
 5.535  815.0 -90  45  57  -3.125   0.0   0.0
 5.535  817.5 -90  45  57  -3.125   0.0   0.0
 5.535  820.0 -90  45  69  -3.125   0.0   0.0
 5.535  822.5 -90  45  72  -3.125   0.0   0.0
 5.535  825.0 -90  45  54  -3.125 270.0  30.0
 5.535  827.5 -90  45  69  -3.125   0.0   0.0
 5.535  830.0 -90  45  63  -3.125   0.0   0.0
 5.535 1227.5 -90  45  54  -3.125   0.0   0.0
 5.535 1230.0 -90  45  60  -3.125   0.0   0.0
 5.535 1232.5 -90  45  63  -3.125   0.0   0.0
 5.535 1235.0 -90  45  63  -3.125   0.0   0.0
 5.535 1237.5 -90  45  66  -3.125   0.0   0.0
 5.535 1240.0 -90  45  63  -3.125   0.0   0.0
 5.535 1242.5 -90  45  54  -3.125   0.0   0.0
 5.535 1250.0 -90  45  54  -3.125   0.0   0.0
 5.560  450.0  90  45  54   3.125 330.0  30.0
 5.560  455.0  90  45  54   3.125   0.0   0.0
 5.560  457.5  90  45  54   3.125   0.0   0.0
 5.560  460.0  90  45  54  -3.125   0.0   0.0
 5.560  462.5  90  45  57  -3.125   0.0   0.0
 5.560  465.0  90  45  54  -3.125   0.0   0.0
 5.560  467.5  90  45  57  -3.125   0.0   0.0
 5.560  470.0  90  45  54  -3.125   0.0   0.0
 5.560  472.5  90  45  60   3.125   0.0   0.0
 5.560  475.0  90  45  69  -3.125   0.0   0.0
 5.560  477.5  90  45  72  -3.125   0.0   0.0
 5.560  480.0  90  45  72  -3.125   0.0   0.0
 5.560  482.5  90  45  69  -3.125   0.0   0.0
 5.560  485.0  90  45  57  -3.125   0.0   0.0
 5.560  487.5  90  45  54   3.125   0.0   0.0
 5.560  497.5  90  45  54   3.125   0.0   0.0
 5.560  820.0  90  45  54  -3.125  30.0  30.0
 5.560  822.5  90  45  54  -3.125  30.0  30.0
 5.560  825.0  90  45  54  -3.125  30.0  30.0
 5.560  917.5  90  45  54   3.125   0.0   0.0
 5.560  937.5  90  45  63  -3.125   0.0   0.0
 5.560  940.0  90  45  66  -3.125   0.0   0.0
 5.560  942.5  90  45  69  -3.125   0.0   0.0
 5.560  945.0  90  45  69  -3.125   0.0   0.0
 5.560  947.5  90  45  66  -3.125   0.0   0.0
 5.560  950.0  90  45  63  -3.125   0.0   0.0
 5.560  952.5  90  45  66  -3.125   0.0   0.0
 5.560  955.0  90  45  66  -3.125   0.0   0.0
 5.560  957.5  90  45  69  -3.125   0.0   0.0
 5.560  962.5  90  45  66  -3.125   0.0   0.0
 5.560  965.0  90  45  63  -3.125   0.0   0.0
 5.560  970.0  90  45  54  -3.125   0.0   0.0
 5.560  972.5  90  45  57  -3.125   0.0   0.0
 5.560  410.0 -90  45  72  -3.125   0.0   0.0
 5.560  412.5 -90  45  84  -3.125   0.0   0.0
 5.560  415.0 -90  45  78  -3.125   0.0   0.0
 5.560  417.5 -90  45  60  -3.125   0.0   0.0
 5.560  727.5 -90  45  54   3.125  30.0  30.0
 5.560  732.5 -90  45  54  -3.125  90.0  30.0
 5.560  735.0 -90  45  63  -3.125  30.0  30.0
 5.560  737.5 -90  45  57  -3.125 330.0  30.0
 5.560  740.0 -90  45  54   3.125  30.0  30.0
 5.560  815.0 -90  45  54  -3.125 150.0  30.0
 5.560  817.5 -90  45  60  -3.125   0.0   0.0
 5.560  820.0 -90  45  60  -3.125   0.0   0.0
 5.560  822.5 -90  45  69  -3.125   0.0   0.0
 5.560  825.0 -90  45  75  -3.125   0.0   0.0
 5.560  827.5 -90  45  72  -3.125   0.0   0.0
 5.560  830.0 -90  45  60  -3.125   0.0   0.0
 5.560  832.5 -90  45  63  -3.125   0.0   0.0
 5.560  837.5 -90  45  57  -3.125   0.0   0.0
 5.560  840.0 -90  45  54  -3.125   0.0   0.0
 5.560  842.5 -90  45  57  -3.125   0.0   0.0
 5.560  845.0 -90  45  57   3.125   0.0   0.0
 5.560 1142.5 -90  45  54  -3.125  30.0  30.0
 5.560 1145.0 -90  45  54  -3.125  30.0  30.0
 5.560 1227.5 -90  45  57  -3.125   0.0   0.0
 5.560 1230.0 -90  45  60  -3.125   0.0   0.0
 5.560 1232.5 -90  45  63  -3.125   0.0   0.0
 5.560 1235.0 -90  45  57  -3.125   0.0   0.0
 5.560 1237.5 -90  45  69  -3.125   0.0   0.0
 5.560 1240.0 -90  45  69  -3.125   0.0   0.0
 5.560 1242.5 -90  45  57  -3.125   0.0   0.0
 5.560 1245.0 -90  45  63  -3.125   0.0   0.0
 5.560 1247.5 -90  45  57   3.125  30.0  30.0
 5.560 1250.0 -90  45  60  -3.125   0.0   0.0
 5.560 1252.5 -90  45  54  -3.125   0.0   0.0
 5.560 1255.0 -90  45  57  -3.125   0.0   0.0
 5.560 1257.5 -90  45  54   3.125   0.0   0.0
 5.585  472.5  90  45  54   3.125   0.0   0.0
 5.585  475.0  90  45  60  -3.125   0.0   0.0
 5.585  477.5  90  45  63  -3.125   0.0   0.0
 5.585  480.0  90  45  66  -3.125   0.0   0.0
 5.585  482.5  90  45  69  -3.125   0.0   0.0
 5.585  485.0  90  45  69  -3.125   0.0   0.0
 5.585  487.5  90  45  66  -3.125   0.0   0.0
 5.585  490.0  90  45  57   3.125   0.0   0.0
 5.585  942.5  90  45  54  -3.125   0.0   0.0
 5.585  945.0  90  45  63  -3.125   0.0   0.0
 5.585  947.5  90  45  57   3.125   0.0   0.0
 5.585  950.0  90  45  66  -3.125   0.0   0.0
 5.585  952.5  90  45  63  -3.125   0.0   0.0
 5.585  955.0  90  45  60  -3.125   0.0   0.0
 5.585  957.5  90  45  66  -3.125   0.0   0.0
 5.585  960.0  90  45  60  -3.125   0.0   0.0
 5.585  962.5  90  45  60  -3.125   0.0   0.0
 5.585  965.0  90  45  63  -3.125   0.0   0.0
 5.585  967.5  90  45  66  -3.125   0.0   0.0
 5.585  970.0  90  45  60   3.125   0.0   0.0
 5.585  972.5  90  45  60  -3.125   0.0   0.0
 5.585  975.0  90  45  63  -3.125   0.0   0.0
 5.585  977.5  90  45  54  -3.125   0.0   0.0
 5.585  407.5 -90  45  54   3.125   0.0   0.0
 5.585  410.0 -90  45  57   3.125   0.0   0.0
 5.585  412.5 -90  45  75  -3.125   0.0   0.0
 5.585  415.0 -90  45  81  -3.125   0.0   0.0
 5.585  417.5 -90  45  69  -3.125   0.0   0.0
 5.585  420.0 -90  45  54  -3.125   0.0   0.0
 5.585  735.0 -90  45  54   3.125   0.0   0.0
 5.585  737.5 -90  45  57  -3.125  30.0  30.0
 5.585  742.5 -90  45  57  -3.125 330.0  30.0
 5.585  820.0 -90  45  57  -3.125   0.0   0.0
 5.585  822.5 -90  45  60  -3.125   0.0   0.0
 5.585  825.0 -90  45  69  -3.125   0.0   0.0
 5.585  827.5 -90  45  66  -3.125   0.0   0.0
 5.585  830.0 -90  45  57  -3.125   0.0   0.0
 5.585  832.5 -90  45  69  -3.125   0.0   0.0
 5.585  835.0 -90  45  63  -3.125   0.0   0.0
 5.585  837.5 -90  45  63  -3.125   0.0   0.0
 5.585  840.0 -90  45  57   3.125   0.0   0.0
 5.585  842.5 -90  45  54  -3.125 150.0  30.0
 5.585  845.0 -90  45  57  -3.125   0.0   0.0
 5.585 1232.5 -90  45  54   3.125   0.0   0.0
 5.585 1235.0 -90  45  60  -3.125   0.0   0.0
 5.585 1237.5 -90  45  63  -3.125   0.0   0.0
 5.585 1240.0 -90  45  57  -3.125  30.0  30.0
 5.585 1242.5 -90  45  72  -3.125   0.0   0.0
 5.585 1245.0 -90  45  72  -3.125   0.0   0.0
 5.585 1247.5 -90  45  66  -3.125   0.0   0.0
 5.585 1250.0 -90  45  63  -3.125   0.0   0.0
 5.585 1252.5 -90  45  63  -3.125   0.0   0.0
 5.585 1255.0 -90  45  60  -3.125   0.0   0.0
 5.585 1257.5 -90  45  57  -3.125   0.0   0.0
 5.585 1260.0 -90  45  57  -3.125   0.0   0.0
 5.585 1290.0 -90  45  54   9.375   0.0   0.0
 5.610  455.0  90  42  51   3.125   0.0   0.0
 5.610  460.0  90  42  54  -3.125   0.0   0.0
 5.610  467.5  90  42  51  -3.125   0.0   0.0
 5.610  472.5  90  42  51  -3.125   0.0   0.0
 5.610  475.0  90  42  60  -3.125   0.0   0.0
 5.610  477.5  90  42  57  -3.125   0.0   0.0
 5.610  482.5  90  42  54   3.125   0.0   0.0
 5.610  485.0  90  42  69  -3.125   0.0   0.0
 5.610  487.5  90  42  72  -3.125   0.0   0.0
 5.610  490.0  90  42  72  -3.125   0.0   0.0
 5.610  492.5  90  42  66   3.125   0.0   0.0
 5.610  495.0  90  42  60  -3.125   0.0   0.0
 5.610  497.5  90  42  51   3.125   0.0   0.0
 5.610  837.5  90  42  51  -3.125  30.0  30.0
 5.610  840.0  90  42  54   3.125  30.0  30.0
 5.610  842.5  90  42  51   3.125  30.0  30.0
 5.610  855.0  90  42  51  -3.125   0.0   0.0
 5.610  915.0  90  42  54  -3.125 150.0  30.0
 5.610  917.5  90  42  54  -3.125 210.0  30.0
 5.610  920.0  90  42  51  -3.125 210.0  30.0
 5.610  947.5  90  42  54  -3.125   0.0   0.0
 5.610  950.0  90  42  57  -3.125   0.0   0.0
 5.610  952.5  90  42  54  -3.125   0.0   0.0
 5.610  955.0  90  42  60   3.125   0.0   0.0
 5.610  957.5  90  42  63  -3.125   0.0   0.0
 5.610  960.0  90  42  60  -3.125   0.0   0.0
 5.610  962.5  90  42  60  -3.125   0.0   0.0
 5.610  965.0  90  42  63  -3.125   0.0   0.0
 5.610  967.5  90  42  66  -3.125   0.0   0.0
 5.610  972.5  90  42  60  -3.125   0.0   0.0
 5.610  975.0  90  42  66  -3.125   0.0   0.0
 5.610  977.5  90  42  63  -3.125   0.0   0.0
 5.610  980.0  90  42  60  -3.125   0.0   0.0
 5.610  982.5  90  42  63  -3.125   0.0   0.0
 5.610  985.0  90  42  63  -3.125   0.0   0.0
 5.610  987.5  90  42  57  -3.125   0.0   0.0
 5.610  125.0 -90  42  51  -3.125   0.0   0.0
 5.610  132.5 -90  42  51   3.125   0.0   0.0
 5.610  387.5 -90  42  51  -3.125   0.0   0.0
 5.610  400.0 -90  42  51   3.125   0.0   0.0
 5.610  402.5 -90  42  54   3.125   0.0   0.0
 5.610  405.0 -90  42  54   3.125   0.0   0.0
 5.610  407.5 -90  42  57  -3.125   0.0   0.0
 5.610  410.0 -90  42  60  -3.125   0.0   0.0
 5.610  412.5 -90  42  57   3.125   0.0   0.0
 5.610  415.0 -90  42  78  -3.125   0.0   0.0
 5.610  417.5 -90  42  78  -3.125   0.0   0.0
 5.610  420.0 -90  42  69  -3.125   0.0   0.0
 5.610  422.5 -90  42  57  -3.125   0.0   0.0
 5.610  425.0 -90  42  57  -3.125   0.0   0.0
 5.610  427.5 -90  42  54  -3.125   0.0   0.0
 5.610  430.0 -90  42  51  -3.125   0.0   0.0
 5.610  720.0 -90  42  51  -3.125   0.0   0.0
 5.610  737.5 -90  42  51  -3.125  30.0  30.0
 5.610  740.0 -90  42  51   3.125  30.0  30.0
 5.610  742.5 -90  42  51   3.125 330.0  30.0
 5.610  745.0 -90  42  57   3.125 330.0  30.0
 5.610  747.5 -90  42  51  -3.125 330.0  30.0
 5.610  805.0 -90  42  51  -3.125   0.0   0.0
 5.610  817.5 -90  42  54   3.125   0.0   0.0
 5.610  820.0 -90  42  51   3.125   0.0   0.0
 5.610  822.5 -90  42  54  -3.125   0.0   0.0
 5.610  825.0 -90  42  60  -3.125   0.0   0.0
 5.610  827.5 -90  42  54   3.125   0.0   0.0
 5.610  830.0 -90  42  57  -3.125  90.0  30.0
 5.610  832.5 -90  42  66  -3.125  90.0  30.0
 5.610  835.0 -90  42  51  -3.125 210.0  30.0
 5.610  837.5 -90  42  57  -3.125   0.0   0.0
 5.610  840.0 -90  42  51  -3.125   0.0   0.0
 5.610  842.5 -90  42  60  -3.125   0.0   0.0
 5.610  845.0 -90  42  54  -3.125 270.0  30.0
 5.610  847.5 -90  42  54  -3.125   0.0   0.0
 5.610  850.0 -90  42  51  -3.125 270.0  30.0
 5.610  857.5 -90  42  51  -3.125   0.0   0.0
 5.610  860.0 -90  42  51  -3.125   0.0   0.0
 5.610 1155.0 -90  42  54  -3.125  30.0  30.0
 5.610 1157.5 -90  42  51  -3.125  30.0  30.0
 5.610 1220.0 -90  42  51   3.125   0.0   0.0
 5.610 1230.0 -90  42  51  -3.125   0.0   0.0
 5.610 1232.5 -90  42  54  -3.125   0.0   0.0
 5.610 1235.0 -90  42  57  -3.125   0.0   0.0
 5.610 1237.5 -90  42  60  -3.125   0.0   0.0
 5.610 1240.0 -90  42  51  -3.125  30.0  30.0
 5.610 1242.5 -90  42  66  -3.125   0.0   0.0
 5.610 1245.0 -90  42  72  -3.125   0.0   0.0
 5.610 1247.5 -90  42  57  -3.125   0.0   0.0
 5.610 1250.0 -90  42  66  -3.125   0.0   0.0
 5.610 1252.5 -90  42  57  -3.125   0.0   0.0
 5.610 1255.0 -90  42  66  -3.125   0.0   0.0
 5.610 1257.5 -90  42  60  -3.125   0.0   0.0
 5.610 1260.0 -90  42  60  -3.125   0.0   0.0
 5.610 1262.5 -90  42  57  -3.125   0.0   0.0
 5.610 1267.5 -90  42  51  -3.125 330.0  30.0
 5.610 1275.0 -90  42  51  -3.125   0.0   0.0
 5.610 1277.5 -90  42  51  -3.125   0.0   0.0
 5.610 1282.5 -90  42  51   3.125   0.0   0.0
 5.610 1290.0 -90  42  51   9.375   0.0   0.0
 5.610 1310.0 -90  42  51   9.375   0.0   0.0
 5.610 1315.0 -90  42  51   9.375   0.0   0.0
 5.635  460.0  90  45  54  -3.125   0.0   0.0
 5.635  477.5  90  45  54  -3.125   0.0   0.0
 5.635  480.0  90  45  54  -3.125   0.0   0.0
 5.635  482.5  90  45  57  -3.125   0.0   0.0
 5.635  485.0  90  45  60  -3.125   0.0   0.0
 5.635  487.5  90  45  57  -3.125   0.0   0.0
 5.635  490.0  90  45  69  -3.125   0.0   0.0
 5.635  492.5  90  45  72  -3.125   0.0   0.0
 5.635  495.0  90  45  72  -3.125   0.0   0.0
 5.635  497.5  90  45  66  -3.125   0.0   0.0
 5.635  500.0  90  45  60  -3.125   0.0   0.0
 5.635  505.0  90  45  54  -3.125   0.0   0.0
 5.635  840.0  90  45  54  -3.125  30.0  30.0
 5.635  842.5  90  45  54  -3.125  30.0  30.0
 5.635  962.5  90  45  57  -3.125   0.0   0.0
 5.635  967.5  90  45  63  -3.125   0.0   0.0
 5.635  970.0  90  45  57  -3.125   0.0   0.0
 5.635  972.5  90  45  63  -3.125   0.0   0.0
 5.635  975.0  90  45  66  -3.125   0.0   0.0
 5.635  977.5  90  45  57  -3.125   0.0   0.0
 5.635  982.5  90  45  63  -3.125   0.0   0.0
 5.635  985.0  90  45  63  -3.125   0.0   0.0
 5.635  987.5  90  45  66  -3.125   0.0   0.0
 5.635  990.0  90  45  60  -3.125   0.0   0.0
 5.635  992.5  90  45  57  -3.125   0.0   0.0
 5.635  995.0  90  45  57  -3.125   0.0   0.0
 5.635  997.5  90  45  57  -3.125   0.0   0.0
 5.635 1000.0  90  45  54  -3.125   0.0   0.0
 5.635  415.0 -90  45  69  -3.125   0.0   0.0
 5.635  417.5 -90  45  78  -3.125   0.0   0.0
 5.635  420.0 -90  45  75  -3.125   0.0   0.0
 5.635  422.5 -90  45  60  -3.125   0.0   0.0
 5.635  740.0 -90  45  54  -3.125 330.0  30.0
 5.635  742.5 -90  45  60  -3.125  30.0  30.0
 5.635  745.0 -90  45  54  -3.125 330.0  30.0
 5.635  747.5 -90  45  57  -3.125 330.0  30.0
 5.635  750.0 -90  45  54  -3.125 330.0  30.0
 5.635  825.0 -90  45  57   3.125   0.0   0.0
 5.635  827.5 -90  45  54  -3.125   0.0   0.0
 5.635  830.0 -90  45  60  -3.125   0.0   0.0
 5.635  832.5 -90  45  57  -3.125 330.0  30.0
 5.635  835.0 -90  45  63  -3.125   0.0   0.0
 5.635  837.5 -90  45  57  -3.125  30.0  30.0
 5.635  840.0 -90  45  60  -3.125   0.0   0.0
 5.635  842.5 -90  45  63  -3.125   0.0   0.0
 5.635 1152.5 -90  45  54  -3.125  30.0  30.0
 5.635 1155.0 -90  45  57  -3.125   0.0   0.0
 5.635 1157.5 -90  45  54  -3.125  30.0  30.0
 5.635 1240.0 -90  45  54  -3.125   0.0   0.0
 5.635 1242.5 -90  45  54  -3.125  30.0  30.0
 5.635 1245.0 -90  45  60  -3.125   0.0   0.0
 5.635 1247.5 -90  45  66  -3.125   0.0   0.0
 5.635 1250.0 -90  45  66  -3.125   0.0   0.0
 5.635 1252.5 -90  45  69  -3.125   0.0   0.0
 5.635 1255.0 -90  45  72  -3.125   0.0   0.0
 5.635 1257.5 -90  45  75  -3.125   0.0   0.0
 5.635 1260.0 -90  45  69  -3.125   0.0   0.0
 5.635 1262.5 -90  45  63  -3.125   0.0   0.0
 5.635 1265.0 -90  45  60  -3.125   0.0   0.0
 5.635 1275.0 -90  45  54  -3.125 330.0  30.0
 5.635 1302.5 -90  45  54   9.375   0.0   0.0
 5.635 1305.0 -90  45  54   9.375   0.0   0.0
 5.635 1307.5 -90  45  54   9.375   0.0   0.0
 5.635 1320.0 -90  45  54   9.375   0.0   0.0
 5.635 1327.5 -90  45  54   9.375   0.0   0.0
 5.735   80.0  90  45  54  -3.125   0.0   0.0
 5.735  472.5  90  45  54  -3.125   0.0   0.0
 5.735  502.5  90  45  60  -3.125   0.0   0.0
 5.735  505.0  90  45  63  -3.125   0.0   0.0
 5.735  507.5  90  45  63  -3.125   0.0   0.0
 5.735  510.0  90  45  72  -3.125   0.0   0.0
 5.735  512.5  90  45  72  -3.125   0.0   0.0
 5.735  515.0  90  45  72  -3.125   0.0   0.0
 5.735  517.5  90  45  69  -3.125   0.0   0.0
 5.735  520.0  90  45  66  -3.125   0.0   0.0
 5.735  522.5  90  45  54   3.125   0.0   0.0
 5.735  860.0  90  45  54  -3.125 330.0  30.0
 5.735  870.0  90  45  54  -3.125  30.0  30.0
 5.735  872.5  90  45  54  -3.125 330.0  30.0
 5.735  992.5  90  45  54  -3.125   0.0   0.0
 5.735  995.0  90  45  57  -3.125   0.0   0.0
 5.735 1005.0  90  45  60  -3.125   0.0   0.0
 5.735 1007.5  90  45  57  -3.125   0.0   0.0
 5.735 1010.0  90  45  60  -3.125   0.0   0.0
 5.735 1015.0  90  45  54  -3.125  30.0  30.0
 5.735 1017.5  90  45  60  -3.125   0.0   0.0
 5.735 1020.0  90  45  60  -3.125   0.0   0.0
 5.735 1022.5  90  45  57  -3.125   0.0   0.0
 5.735 1025.0  90  45  60  -3.125   0.0   0.0
 5.735 1027.5  90  45  60  -3.125   0.0   0.0
 5.735 1030.0  90  45  54  -3.125 330.0  30.0
 5.735 1032.5  90  45  63  -3.125   0.0   0.0
 5.735 1037.5  90  45  54  -3.125   0.0   0.0
 5.735 1040.0  90  45  54   3.125   0.0   0.0
 5.735 1042.5  90  45  57  -3.125   0.0   0.0
 5.735  330.0 -90  48  57   3.125   0.0   0.0
 5.735  417.5 -90  48  57  -3.125   0.0   0.0
 5.735  420.0 -90  48  57   3.125   0.0   0.0
 5.735  422.5 -90  48  60   3.125   0.0   0.0
 5.735  425.0 -90  48  75  -3.125   0.0   0.0
 5.735  427.5 -90  48  72  -3.125   0.0   0.0
 5.735  430.0 -90  48  66  -3.125   0.0   0.0
 5.735  752.5 -90  48  57  -3.125  30.0  30.0
 5.735  755.0 -90  48  60  -3.125  30.0  30.0
 5.735  757.5 -90  48  60  -3.125  30.0  30.0
 5.735  760.0 -90  48  57  -3.125 330.0  30.0
 5.735  837.5 -90  48  57  -3.125   0.0   0.0
 5.735  840.0 -90  48  60  -3.125   0.0   0.0
 5.735  842.5 -90  48  60  -3.125   0.0   0.0
 5.735  845.0 -90  48  66  -3.125   0.0   0.0
 5.735  847.5 -90  48  75  -3.125   0.0   0.0
 5.735  850.0 -90  48  72  -3.125   0.0   0.0
 5.735  852.5 -90  48  69  -3.125   0.0   0.0
 5.735  855.0 -90  48  63  -3.125   0.0   0.0
 5.735  857.5 -90  48  66  -3.125   0.0   0.0
 5.735  860.0 -90  48  66  -3.125   0.0   0.0
 5.735  862.5 -90  48  57   3.125  30.0  30.0
 5.735 1265.0 -90  48  60  -3.125   0.0   0.0
 5.735 1267.5 -90  48  57  -3.125   0.0   0.0
 5.735 1270.0 -90  48  57  -3.125  30.0  30.0
 5.735 1272.5 -90  48  72  -3.125   0.0   0.0
 5.735 1275.0 -90  48  66  -3.125   0.0   0.0
 5.735 1277.5 -90  48  66  -3.125   0.0   0.0
 5.735 1280.0 -90  48  72  -3.125   0.0   0.0
 5.735 1282.5 -90  48  66  -3.125   0.0   0.0
 5.760  482.5  90  45  54  -3.125   0.0   0.0
 5.760  500.0  90  45  57  -3.125   0.0   0.0
 5.760  502.5  90  45  57  -3.125   0.0   0.0
 5.760  505.0  90  45  54  -3.125   0.0   0.0
 5.760  507.5  90  45  57  -3.125   0.0   0.0
 5.760  510.0  90  45  60  -3.125   0.0   0.0
 5.760  512.5  90  45  57  -3.125   0.0   0.0
 5.760  515.0  90  45  66  -3.125   0.0   0.0
 5.760  517.5  90  45  69  -3.125   0.0   0.0
 5.760  520.0  90  45  72  -3.125   0.0   0.0
 5.760  522.5  90  45  69  -3.125   0.0   0.0
 5.760  525.0  90  45  63  -3.125   0.0   0.0
 5.760  527.5  90  45  63  -3.125   0.0   0.0
 5.760  530.0  90  45  57  -3.125   0.0   0.0
 5.760  532.5  90  45  54  -3.125   0.0   0.0
 5.760  540.0  90  45  54  -3.125   0.0   0.0
 5.760  872.5  90  45  54   3.125  30.0  30.0
 5.760  960.0  90  45  54  -3.125   0.0   0.0
 5.760 1002.5  90  45  54  -3.125   0.0   0.0
 5.760 1005.0  90  45  54  -3.125   0.0   0.0
 5.760 1015.0  90  45  54  -3.125  30.0  30.0
 5.760 1017.5  90  45  60  -3.125   0.0   0.0
 5.760 1022.5  90  45  63  -3.125   0.0   0.0
 5.760 1025.0  90  45  60  -3.125   0.0   0.0
 5.760 1030.0  90  45  60  -3.125   0.0   0.0
 5.760 1032.5  90  45  60  -3.125   0.0   0.0
 5.760 1035.0  90  45  57  -3.125   0.0   0.0
 5.760 1037.5  90  45  54  -3.125   0.0   0.0
 5.760 1042.5  90  45  60  -3.125   0.0   0.0
 5.760 1045.0  90  45  54  -3.125   0.0   0.0
 5.760 1047.5  90  45  60  -3.125   0.0   0.0
 5.760 1060.0  90  45  54  -3.125   0.0   0.0
 5.760  422.5 -90  51  60  -3.125   0.0   0.0
 5.760  425.0 -90  51  66  -3.125   0.0   0.0
 5.760  427.5 -90  51  78  -3.125   0.0   0.0
 5.760  430.0 -90  51  69  -3.125   0.0   0.0
 5.760  432.5 -90  51  63  -3.125   0.0   0.0
 5.760  435.0 -90  51  60  -3.125   0.0   0.0
 5.760  757.5 -90  51  63   3.125  30.0  30.0
 5.760  845.0 -90  51  60  -3.125   0.0   0.0
 5.760  850.0 -90  51  69  -3.125   0.0   0.0
 5.760  852.5 -90  51  69  -3.125   0.0   0.0
 5.760  855.0 -90  51  72  -3.125   0.0   0.0
 5.760  857.5 -90  51  75  -3.125   0.0   0.0
 5.760  860.0 -90  51  63  -3.125  90.0  30.0
 5.760  865.0 -90  51  66  -3.125   0.0   0.0
 5.760  867.5 -90  51  60  -3.125   0.0   0.0
 5.760 1270.0 -90  51  63  -3.125   0.0   0.0
 5.760 1272.5 -90  51  63  -3.125   0.0   0.0
 5.760 1275.0 -90  51  66  -3.125   0.0   0.0
 5.760 1277.5 -90  51  69  -3.125   0.0   0.0
 5.760 1280.0 -90  51  75  -3.125   0.0   0.0
 5.760 1282.5 -90  51  66  -3.125   0.0   0.0
 5.785  482.5  90  45  54   3.125   0.0   0.0
 5.785  495.0  90  45  54  -3.125   0.0   0.0
 5.785  497.5  90  45  54   3.125   0.0   0.0
 5.785  510.0  90  45  54  -3.125   0.0   0.0
 5.785  512.5  90  45  57  -3.125   0.0   0.0
 5.785  515.0  90  45  60  -3.125   0.0   0.0
 5.785  517.5  90  45  60  -3.125   0.0   0.0
 5.785  520.0  90  45  66  -3.125   0.0   0.0
 5.785  522.5  90  45  63  -3.125   0.0   0.0
 5.785  525.0  90  45  66  -3.125   0.0   0.0
 5.785  527.5  90  45  69  -3.125   0.0   0.0
 5.785  530.0  90  45  69  -3.125   0.0   0.0
 5.785  532.5  90  45  66  -3.125   0.0   0.0
 5.785  535.0  90  45  60  -3.125   0.0   0.0
 5.785 1012.5  90  45  54  -3.125   0.0   0.0
 5.785 1015.0  90  45  54   3.125   0.0   0.0
 5.785 1020.0  90  45  54  -3.125   0.0   0.0
 5.785 1022.5  90  45  63  -3.125   0.0   0.0
 5.785 1025.0  90  45  60  -3.125   0.0   0.0
 5.785 1027.5  90  45  57  -3.125   0.0   0.0
 5.785 1030.0  90  45  60  -3.125   0.0   0.0
 5.785 1032.5  90  45  54   3.125   0.0   0.0
 5.785 1035.0  90  45  54  -3.125 150.0  30.0
 5.785 1042.5  90  45  60  -3.125   0.0   0.0
 5.785 1045.0  90  45  60  -3.125   0.0   0.0
 5.785 1047.5  90  45  63  -3.125   0.0   0.0
 5.785 1050.0  90  45  63  -3.125   0.0   0.0
 5.785 1052.5  90  45  54  -3.125   0.0   0.0
 5.785 1055.0  90  45  54  -3.125   0.0   0.0
 5.785 1057.5  90  45  57  -3.125   0.0   0.0
 5.785 1060.0  90  45  57  -3.125   0.0   0.0
 5.785 1062.5  90  45  60  -3.125   0.0   0.0
 5.785 1065.0  90  45  60  -3.125   0.0   0.0
 5.785 1067.5  90  45  54  -3.125   0.0   0.0
 5.785  375.0 -90  48  57  -3.125   0.0   0.0
 5.785  395.0 -90  48  57  -3.125   0.0   0.0
 5.785  410.0 -90  48  57  -3.125   0.0   0.0
 5.785  422.5 -90  48  60   3.125   0.0   0.0
 5.785  425.0 -90  48  66  -3.125   0.0   0.0
 5.785  427.5 -90  48  72  -3.125   0.0   0.0
 5.785  430.0 -90  48  75  -3.125   0.0   0.0
 5.785  432.5 -90  48  57  -3.125   0.0   0.0
 5.785  435.0 -90  48  63  -3.125   0.0   0.0
 5.785  437.5 -90  48  57  -3.125   0.0   0.0
 5.785  440.0 -90  48  57  -3.125   0.0   0.0
 5.785  465.0 -90  48  57   3.125   0.0   0.0
 5.785  467.5 -90  48  57   3.125   0.0   0.0
 5.785  470.0 -90  48  57  -3.125   0.0   0.0
 5.785  762.5 -90  48  57   3.125  30.0  30.0
 5.785  765.0 -90  48  57  -3.125  30.0  30.0
 5.785  822.5 -90  48  57  -3.125   0.0   0.0
 5.785  842.5 -90  48  57  -3.125   0.0   0.0
 5.785  850.0 -90  48  57  -3.125   0.0   0.0
 5.785  852.5 -90  48  69  -3.125   0.0   0.0
 5.785  855.0 -90  48  75  -3.125   0.0   0.0
 5.785  857.5 -90  48  78  -3.125   0.0   0.0
 5.785  860.0 -90  48  75  -3.125   0.0   0.0
 5.785  862.5 -90  48  72  -3.125   0.0   0.0
 5.785  865.0 -90  48  63  -3.125   0.0   0.0
 5.785  867.5 -90  48  60  -3.125   0.0   0.0
 5.785  870.0 -90  48  60  -3.125   0.0   0.0
 5.785  892.5 -90  48  57   3.125   0.0   0.0
 5.785  895.0 -90  48  57  -3.125   0.0   0.0
 5.785 1277.5 -90  48  66  -3.125   0.0   0.0
 5.785 1280.0 -90  48  66  -3.125   0.0   0.0
 5.785 1282.5 -90  48  63  -3.125   0.0   0.0
 5.810  492.5  90  48  57  -3.125   0.0   0.0
 5.810  495.0  90  48  57   3.125   0.0   0.0
 5.810  527.5  90  48  60  -3.125   0.0   0.0
 5.810  530.0  90  48  66  -3.125   0.0   0.0
 5.810  532.5  90  48  69  -3.125   0.0   0.0
 5.810  535.0  90  48  72  -3.125   0.0   0.0
 5.810  537.5  90  48  69  -3.125   0.0   0.0
 5.810  540.0  90  48  60  -3.125   0.0   0.0
 5.810 1022.5  90  48  57  -3.125   0.0   0.0
 5.810 1025.0  90  48  57  -3.125   0.0   0.0
 5.810 1027.5  90  48  57   3.125   0.0   0.0
 5.810 1030.0  90  48  57  -3.125   0.0   0.0
 5.810 1032.5  90  48  57  -3.125   0.0   0.0
 5.810 1047.5  90  48  60  -3.125   0.0   0.0
 5.810 1050.0  90  48  60  -3.125   0.0   0.0
 5.810 1055.0  90  48  57  -3.125   0.0   0.0
 5.810 1057.5  90  48  63  -3.125   0.0   0.0
 5.810 1060.0  90  48  63  -3.125   0.0   0.0
 5.810 1062.5  90  48  60  -3.125   0.0   0.0
 5.810 1065.0  90  48  66  -3.125   0.0   0.0
 5.810 1067.5  90  48  66  -3.125   0.0   0.0
 5.810 1075.0  90  48  57  -3.125   0.0   0.0
 5.810 1077.5  90  48  60  -3.125   0.0   0.0
 5.810 1080.0  90  48  57  -3.125   0.0   0.0
 5.810  425.0 -90  48  57   3.125   0.0   0.0
 5.810  427.5 -90  48  60   3.125   0.0   0.0
 5.810  430.0 -90  48  72  -3.125   0.0   0.0
 5.810  432.5 -90  48  75  -3.125   0.0   0.0
 5.810  435.0 -90  48  63  -3.125   0.0   0.0
 5.810  437.5 -90  48  57   3.125   0.0   0.0
 5.810  765.0 -90  48  60  -3.125  30.0  30.0
 5.810  767.5 -90  48  57  -3.125  30.0  30.0
 5.810  847.5 -90  48  57  -3.125   0.0   0.0
 5.810  855.0 -90  48  57  -3.125  30.0  30.0
 5.810  857.5 -90  48  69  -3.125   0.0   0.0
 5.810  860.0 -90  48  72  -3.125   0.0   0.0
 5.810  862.5 -90  48  75  -3.125   0.0   0.0
 5.810  865.0 -90  48  72  -3.125   0.0   0.0
 5.810  867.5 -90  48  72  -3.125   0.0   0.0
 5.810  870.0 -90  48  66  -3.125   0.0   0.0
 5.810  872.5 -90  48  57  -3.125   0.0   0.0
 5.810  875.0 -90  48  60  -3.125   0.0   0.0
 5.810 1270.0 -90  48  57  -3.125   0.0   0.0
 5.810 1277.5 -90  48  57  -9.375   0.0   0.0
 5.810 1280.0 -90  48  60  -3.125   0.0   0.0
 5.835  535.0  90  51  69  -3.125   0.0   0.0
 5.835  537.5  90  51  66  -3.125   0.0   0.0
 5.835  540.0  90  51  66  -3.125   0.0   0.0
 5.835  542.5  90  51  63  -3.125   0.0   0.0
 5.835  545.0  90  51  60  -3.125   0.0   0.0
 5.835  547.5  90  51  63  -3.125   0.0   0.0
 5.835  550.0  90  51  60  -3.125   0.0   0.0
 5.835 1047.5  90  51  60  -3.125   0.0   0.0
 5.835 1062.5  90  51  60  -3.125   0.0   0.0
 5.835 1065.0  90  51  63  -3.125   0.0   0.0
 5.835 1067.5  90  51  63  -3.125   0.0   0.0
 5.835 1070.0  90  51  63  -3.125   0.0   0.0
 5.835 1072.5  90  51  63  -3.125   0.0   0.0
 5.835 1075.0  90  51  63  -3.125   0.0   0.0
 5.835 1077.5  90  51  60  -3.125   0.0   0.0
 5.835 1080.0  90  51  63  -3.125   0.0   0.0
 5.835 1082.5  90  51  66  -3.125   0.0   0.0
 5.835 1085.0  90  51  60  -3.125   0.0   0.0
 5.835 1087.5  90  51  63  -3.125   0.0   0.0
 5.835 1090.0  90  51  63  -3.125   0.0   0.0
 5.835 1092.5  90  51  60  -3.125   0.0   0.0
 5.835 1097.5  90  51  60  -3.125   0.0   0.0
 5.835  430.0 -90  48  63  -3.125   0.0   0.0
 5.835  432.5 -90  48  75  -3.125   0.0   0.0
 5.835  435.0 -90  48  72  -3.125   0.0   0.0
 5.835  437.5 -90  48  60   3.125   0.0   0.0
 5.835  707.5 -90  48  57   9.375   0.0   0.0
 5.835  710.0 -90  48  57   9.375   0.0   0.0
 5.835  712.5 -90  48  57   9.375   0.0   0.0
 5.835  720.0 -90  48  57   9.375   0.0   0.0
 5.835  722.5 -90  48  57   9.375   0.0   0.0
 5.835  725.0 -90  48  57   9.375   0.0   0.0
 5.835  767.5 -90  48  60  -3.125  30.0  30.0
 5.835  770.0 -90  48  60   3.125  30.0  30.0
 5.835  860.0 -90  48  57  -3.125   0.0   0.0
 5.835  862.5 -90  48  72  -3.125   0.0   0.0
 5.835  865.0 -90  48  78  -3.125   0.0   0.0
 5.835  867.5 -90  48  72  -3.125   0.0   0.0
 5.835  870.0 -90  48  66  -3.125   0.0   0.0
 5.835  872.5 -90  48  66  -3.125   0.0   0.0
 5.835  875.0 -90  48  66  -3.125   0.0   0.0
 5.835  877.5 -90  48  60  -3.125   0.0   0.0
 5.835 1282.5 -90  48  57  -3.125   0.0   0.0
 5.860  512.5  90  51  60  -3.125   0.0   0.0
 5.860  532.5  90  51  63   3.125   0.0   0.0
 5.860  535.0  90  51  63  -3.125   0.0   0.0
 5.860  537.5  90  51  60   3.125   0.0   0.0
 5.860  540.0  90  51  60  -3.125   0.0   0.0
 5.860  542.5  90  51  60  -3.125   0.0   0.0
 5.860  545.0  90  51  63  -3.125   0.0   0.0
 5.860  547.5  90  51  66  -3.125   0.0   0.0
 5.860  550.0  90  51  69  -3.125   0.0   0.0
 5.860  552.5  90  51  66  -3.125   0.0   0.0
 5.860  555.0  90  51  66  -3.125   0.0   0.0
 5.860  557.5  90  51  63  -3.125   0.0   0.0
 5.860  560.0  90  51  60  -3.125   0.0   0.0
 5.860 1072.5  90  51  63  -3.125   0.0   0.0
 5.860 1077.5  90  51  60   3.125   0.0   0.0
 5.860 1080.0  90  51  63  -3.125   0.0   0.0
 5.860 1082.5  90  51  69  -3.125   0.0   0.0
 5.860 1085.0  90  51  63  -3.125   0.0   0.0
 5.860 1087.5  90  51  63  -3.125   0.0   0.0
 5.860 1090.0  90  51  60  -3.125   0.0   0.0
 5.860 1092.5  90  51  63  -3.125   0.0   0.0
 5.860 1095.0  90  51  60  -3.125   0.0   0.0
 5.860 1097.5  90  51  66  -3.125   0.0   0.0
 5.860 1100.0  90  51  60  -3.125   0.0   0.0
 5.860 1105.0  90  51  63  -3.125   0.0   0.0
 5.860 1107.5  90  51  60  -3.125   0.0   0.0
 5.860  432.5 -90  54  63   3.125   0.0   0.0
 5.860  435.0 -90  54  72  -3.125   0.0   0.0
 5.860  437.5 -90  54  69  -3.125   0.0   0.0
 5.860  772.5 -90  54  63   3.125  30.0  30.0
 5.860  862.5 -90  54  63  -3.125   0.0   0.0
 5.860  865.0 -90  54  69  -3.125   0.0   0.0
 5.860  867.5 -90  54  72  -3.125   0.0   0.0
 5.860  870.0 -90  54  69  -3.125   0.0   0.0
 5.860  872.5 -90  54  69  -3.125   0.0   0.0
 5.860  875.0 -90  54  72  -3.125   0.0   0.0
 5.860  877.5 -90  54  66  -3.125   0.0   0.0
 5.885  545.0  90  51  63  -3.125   0.0   0.0
 5.885  547.5  90  51  66  -3.125   0.0   0.0
 5.885  552.5  90  51  60  -3.125   0.0   0.0
 5.885  555.0  90  51  66  -3.125   0.0   0.0
 5.885  557.5  90  51  63  -3.125   0.0   0.0
 5.885  560.0  90  51  66  -3.125   0.0   0.0
 5.885  562.5  90  51  66  -3.125   0.0   0.0
 5.885  565.0  90  51  66  -3.125   0.0   0.0
 5.885  567.5  90  51  66  -3.125   0.0   0.0
 5.885  570.0  90  51  63  -3.125   0.0   0.0
 5.885 1082.5  90  51  60   3.125   0.0   0.0
 5.885 1095.0  90  51  60  -3.125   0.0   0.0
 5.885 1105.0  90  51  60  -3.125   0.0   0.0
 5.885 1115.0  90  51  63  -3.125   0.0   0.0
 5.885 1117.5  90  51  60  -3.125   0.0   0.0
 5.885 1120.0  90  51  60  -3.125   0.0   0.0
 5.885 1122.5  90  51  60  -3.125   0.0   0.0
 5.885 1125.0  90  51  63  -3.125   0.0   0.0
 5.885 1127.5  90  51  63  -3.125   0.0   0.0
 5.885  435.0 -90  51  66  -3.125   0.0   0.0
 5.885  437.5 -90  51  75  -3.125   0.0   0.0
 5.885  440.0 -90  51  66   3.125   0.0   0.0
 5.885  870.0 -90  51  72  -3.125   0.0   0.0
 5.885  872.5 -90  51  72  -3.125   0.0   0.0
 5.885  875.0 -90  51  63  -3.125   0.0   0.0
 5.885  877.5 -90  51  66  -3.125   0.0   0.0
 5.885  880.0 -90  51  66  -3.125   0.0   0.0
 5.885  882.5 -90  51  66  -3.125   0.0   0.0
 5.885  885.0 -90  51  60  -3.125   0.0   0.0
 5.910  110.0  90  48  57  -9.375  90.0  30.0
 5.910  545.0  90  48  57   3.125   0.0   0.0
 5.910  547.5  90  48  57   3.125   0.0   0.0
 5.910  550.0  90  48  57   3.125   0.0   0.0
 5.910  552.5  90  48  57  -3.125   0.0   0.0
 5.910  555.0  90  48  60  -3.125   0.0   0.0
 5.910  557.5  90  48  57  -3.125   0.0   0.0
 5.910  560.0  90  48  60   3.125   0.0   0.0
 5.910  562.5  90  48  60  -3.125   0.0   0.0
 5.910  565.0  90  48  60   3.125   0.0   0.0
 5.910  567.5  90  48  69  -3.125   0.0   0.0
 5.910  570.0  90  48  66  -3.125   0.0   0.0
 5.910  572.5  90  48  63  -3.125   0.0   0.0
 5.910  575.0  90  48  57  -3.125   0.0   0.0
 5.910  577.5  90  48  60  -3.125   0.0   0.0
 5.910  580.0  90  48  60  -3.125   0.0   0.0
 5.910  582.5  90  48  63  -3.125   0.0   0.0
 5.910  585.0  90  48  60  -3.125   0.0   0.0
 5.910  587.5  90  48  57  -3.125   0.0   0.0
 5.910 1107.5  90  48  57  -3.125   0.0   0.0
 5.910 1115.0  90  48  57  -3.125   0.0   0.0
 5.910 1117.5  90  48  63  -3.125   0.0   0.0
 5.910 1120.0  90  48  57  -3.125   0.0   0.0
 5.910 1122.5  90  48  57  -3.125   0.0   0.0
 5.910 1127.5  90  48  57  -3.125   0.0   0.0
 5.910 1130.0  90  48  57  -3.125   0.0   0.0
 5.910 1137.5  90  48  57  -3.125   0.0   0.0
 5.910 1140.0  90  48  57  -3.125   0.0   0.0
 5.910  435.0 -90  51  60  -3.125   0.0   0.0
 5.910  437.5 -90  51  69  -3.125   0.0   0.0
 5.910  440.0 -90  51  72  -3.125   0.0   0.0
 5.910  442.5 -90  51  66   3.125   0.0   0.0
 5.910  875.0 -90  51  60  -3.125   0.0   0.0
 5.910  877.5 -90  51  66  -3.125   0.0   0.0
 5.910  880.0 -90  51  75  -3.125   0.0   0.0
 5.910  882.5 -90  51  75  -3.125   0.0   0.0
 5.910  885.0 -90  51  66  -3.125   0.0   0.0
 5.910  887.5 -90  51  63  -3.125   0.0   0.0
 5.935  567.5  90  48  60  -3.125   0.0   0.0
 5.935  575.0  90  48  57   3.125   0.0   0.0
 5.935  577.5  90  48  63  -3.125   0.0   0.0
 5.935  580.0  90  48  69  -3.125   0.0   0.0
 5.935  582.5  90  48  66  -3.125   0.0   0.0
 5.935  585.0  90  48  72  -3.125   0.0   0.0
 5.935  587.5  90  48  72  -3.125   0.0   0.0
 5.935  590.0  90  48  72  -3.125   0.0   0.0
 5.935  592.5  90  48  69  -3.125   0.0   0.0
 5.935  595.0  90  48  66  -3.125   0.0   0.0
 5.935  597.5  90  48  63  -3.125   0.0   0.0
 5.935  600.0  90  48  57  -3.125   0.0   0.0
 5.935 1132.5  90  48  57  -3.125   0.0   0.0
 5.935 1140.0  90  48  57  -3.125   0.0   0.0
 5.935 1150.0  90  48  57  -3.125   0.0   0.0
 5.935 1152.5  90  48  57  -3.125   0.0   0.0
 5.935 1155.0  90  48  57   3.125   0.0   0.0
 5.935 1160.0  90  48  57  -3.125   0.0   0.0
 5.935 1167.5  90  48  60   3.125   0.0   0.0
 5.935 1170.0  90  48  57  -3.125   0.0   0.0
 5.935 1175.0  90  48  57  -3.125   0.0   0.0
 5.935 1177.5  90  48  57  -3.125   0.0   0.0
 5.935 1180.0  90  48  57  -3.125   0.0   0.0
 5.935  440.0 -90  51  69  -3.125   0.0   0.0
 5.935  442.5 -90  51  75  -3.125   0.0   0.0
 5.935  445.0 -90  51  72  -3.125   0.0   0.0
 5.935  447.5 -90  51  60  -3.125   0.0   0.0
 5.935  872.5 -90  51  60  -3.125   0.0   0.0
 5.935  880.0 -90  51  66  -3.125   0.0   0.0
 5.935  882.5 -90  51  75  -3.125   0.0   0.0
 5.935  885.0 -90  51  78  -3.125   0.0   0.0
 5.935  887.5 -90  51  75  -3.125   0.0   0.0
 5.935  890.0 -90  51  66  -3.125   0.0   0.0
 5.935  892.5 -90  51  60  -3.125   0.0   0.0
 5.935  895.0 -90  51  60  -3.125   0.0   0.0
 5.960  572.5  90  48  57   3.125   0.0   0.0
 5.960  575.0  90  48  63  -3.125   0.0   0.0
 5.960  577.5  90  48  57   3.125   0.0   0.0
 5.960  580.0  90  48  63  -3.125   0.0   0.0
 5.960  582.5  90  48  60   3.125   0.0   0.0
 5.960  585.0  90  48  66  -3.125   0.0   0.0
 5.960  587.5  90  48  69  -3.125   0.0   0.0
 5.960  590.0  90  48  72  -3.125   0.0   0.0
 5.960  592.5  90  48  75  -3.125   0.0   0.0
 5.960  595.0  90  48  75  -3.125   0.0   0.0
 5.960  597.5  90  48  72  -3.125   0.0   0.0
 5.960  600.0  90  48  72  -3.125   0.0   0.0
 5.960  602.5  90  48  69  -3.125   0.0   0.0
 5.960  605.0  90  48  63  -3.125   0.0   0.0
 5.960  607.5  90  48  60  -3.125   0.0   0.0
 5.960  610.0  90  48  60  -3.125   0.0   0.0
 5.960  612.5  90  48  60  -3.125   0.0   0.0
 5.960  615.0  90  48  60  -3.125   0.0   0.0
 5.960 1140.0  90  48  57  -3.125   0.0   0.0
 5.960 1142.5  90  48  57  -3.125   0.0   0.0
 5.960 1150.0  90  48  60   3.125   0.0   0.0
 5.960 1152.5  90  48  60  -3.125   0.0   0.0
 5.960 1160.0  90  48  57  -3.125   0.0   0.0
 5.960 1165.0  90  48  57   3.125   0.0   0.0
 5.960 1167.5  90  48  63  -3.125   0.0   0.0
 5.960 1170.0  90  48  60  -3.125   0.0   0.0
 5.960 1175.0  90  48  57  -3.125   0.0   0.0
 5.960 1177.5  90  48  57  -3.125   0.0   0.0
 5.960 1182.5  90  48  57  -3.125   0.0   0.0
 5.960 1195.0  90  48  57  -3.125   0.0   0.0
 5.960 1197.5  90  48  60  -3.125   0.0   0.0
 5.960 1205.0  90  48  57  -3.125   0.0   0.0
 5.960 1207.5  90  48  57  -3.125   0.0   0.0
 5.960  402.5 -90  48  57  -3.125   0.0   0.0
 5.960  440.0 -90  48  60  -3.125   0.0   0.0
 5.960  442.5 -90  48  66  -3.125   0.0   0.0
 5.960  445.0 -90  48  75  -3.125   0.0   0.0
 5.960  447.5 -90  48  69  -3.125   0.0   0.0
 5.960  782.5 -90  48  57  -3.125  30.0  30.0
 5.960  785.0 -90  48  57   3.125  30.0  30.0
 5.960  787.5 -90  48  57  -3.125  30.0  30.0
 5.960  880.0 -90  48  57  -3.125 150.0  30.0
 5.960  882.5 -90  48  66  -3.125   0.0   0.0
 5.960  885.0 -90  48  66  -3.125   0.0   0.0
 5.960  887.5 -90  48  75  -3.125   0.0   0.0
 5.960  890.0 -90  48  78  -3.125   0.0   0.0
 5.960  892.5 -90  48  75  -3.125   0.0   0.0
 5.960  895.0 -90  48  63  -3.125   0.0   0.0
 5.960  897.5 -90  48  66  -3.125   0.0   0.0
 5.960  900.0 -90  48  63  -3.125   0.0   0.0
 5.960  902.5 -90  48  57  -3.125   0.0   0.0
 5.960 1267.5 -90  48  57   3.125  30.0  30.0
 5.985  527.5  90  45  54   3.125   0.0   0.0
 5.985  535.0  90  45  54  -3.125   0.0   0.0
 5.985  537.5  90  45  54  -3.125   0.0   0.0
 5.985  540.0  90  45  54  -3.125   0.0   0.0
 5.985  542.5  90  45  60  -3.125   0.0   0.0
 5.985  545.0  90  45  54  -3.125   0.0   0.0
 5.985  547.5  90  45  54   3.125   0.0   0.0
 5.985  550.0  90  45  54  -3.125   0.0   0.0
 5.985  567.5  90  45  54  -3.125   0.0   0.0
 5.985  570.0  90  45  54  -3.125   0.0   0.0
 5.985  575.0  90  45  57  -3.125   0.0   0.0
 5.985  577.5  90  45  57  -3.125   0.0   0.0
 5.985  580.0  90  45  57  -3.125   0.0   0.0
 5.985  582.5  90  45  63  -3.125   0.0   0.0
 5.985  585.0  90  45  60  -3.125   0.0   0.0
 5.985  587.5  90  45  57   3.125   0.0   0.0
 5.985  590.0  90  45  57  -3.125   0.0   0.0
 5.985  592.5  90  45  57   3.125   0.0   0.0
 5.985  595.0  90  45  63   3.125   0.0   0.0
 5.985  597.5  90  45  66  -3.125   0.0   0.0
 5.985  600.0  90  45  66  -3.125   0.0   0.0
 5.985  602.5  90  45  66  -3.125   0.0   0.0
 5.985  605.0  90  45  66  -3.125   0.0   0.0
 5.985  607.5  90  45  66  -3.125   0.0   0.0
 5.985  610.0  90  45  66  -3.125   0.0   0.0
 5.985  612.5  90  45  69  -3.125   0.0   0.0
 5.985  615.0  90  45  69  -3.125   0.0   0.0
 5.985  617.5  90  45  69  -3.125   0.0   0.0
 5.985  620.0  90  45  69  -3.125   0.0   0.0
 5.985  622.5  90  45  66  -3.125   0.0   0.0
 5.985  625.0  90  45  63  -3.125   0.0   0.0
 5.985  627.5  90  45  63  -3.125   0.0   0.0
 5.985  630.0  90  45  63  -3.125   0.0   0.0
 5.985  632.5  90  45  57   3.125   0.0   0.0
 5.985  635.0  90  45  57  -3.125   0.0   0.0
 5.985 1150.0  90  45  54  -3.125   0.0   0.0
 5.985 1157.5  90  45  54  -3.125   0.0   0.0
 5.985 1160.0  90  45  54  -3.125   0.0   0.0
 5.985 1162.5  90  45  54  -3.125   0.0   0.0
 5.985 1167.5  90  45  54  -3.125   0.0   0.0
 5.985 1170.0  90  45  54  -3.125   0.0   0.0
 5.985 1172.5  90  45  54  -3.125   0.0   0.0
 5.985 1175.0  90  45  57  -3.125   0.0   0.0
 5.985 1177.5  90  45  54   3.125   0.0   0.0
 5.985 1180.0  90  45  54  -3.125   0.0   0.0
 5.985 1185.0  90  45  54  -3.125   0.0   0.0
 5.985 1190.0  90  45  54  -3.125   0.0   0.0
 5.985 1197.5  90  45  63  -3.125   0.0   0.0
 5.985 1200.0  90  45  57  -3.125   0.0   0.0
 5.985 1202.5  90  45  57  -3.125   0.0   0.0
 5.985 1205.0  90  45  57  -3.125   0.0   0.0
 5.985 1210.0  90  45  60  -3.125   0.0   0.0
 5.985 1212.5  90  45  57  -3.125   0.0   0.0
 5.985 1215.0  90  45  54  -3.125   0.0   0.0
 5.985 1217.5  90  45  63  -3.125   0.0   0.0
 5.985 1220.0  90  45  60  -3.125   0.0   0.0
 5.985 1222.5  90  45  57  -3.125   0.0   0.0
 5.985 1225.0  90  45  54  -3.125   0.0   0.0
 5.985 1227.5  90  45  54  -3.125   0.0   0.0
 5.985 1235.0  90  45  54  -3.125   0.0   0.0
 5.985 1237.5  90  45  57  -3.125   0.0   0.0
 5.985 1240.0  90  45  60  -3.125   0.0   0.0
 5.985 1242.5  90  45  57  -3.125   0.0   0.0
 5.985  442.5 -90  48  57  -3.125   0.0   0.0
 5.985  445.0 -90  48  72  -3.125   0.0   0.0
 5.985  447.5 -90  48  78  -3.125   0.0   0.0
 5.985  450.0 -90  48  66  -3.125   0.0   0.0
 5.985  787.5 -90  48  57  -3.125  30.0  30.0
 5.985  790.0 -90  48  60  -3.125  30.0  30.0
 5.985  792.5 -90  48  57  -3.125  30.0  30.0
 5.985  877.5 -90  48  57  -3.125   0.0   0.0
 5.985  882.5 -90  48  57  -3.125   0.0   0.0
 5.985  885.0 -90  48  63  -3.125   0.0   0.0
 5.985  887.5 -90  48  63   3.125   0.0   0.0
 5.985  890.0 -90  48  75  -3.125   0.0   0.0
 5.985  892.5 -90  48  75  -3.125   0.0   0.0
 5.985  895.0 -90  48  75  -3.125   0.0   0.0
 5.985  897.5 -90  48  75  -3.125   0.0   0.0
 5.985  900.0 -90  48  72  -3.125   0.0   0.0
 5.985  902.5 -90  48  69  -3.125   0.0   0.0
 5.985  905.0 -90  48  63  -3.125   0.0   0.0
 6.010  540.0  90  45  54  -3.125   0.0   0.0
 6.010  545.0  90  45  54   3.125   0.0   0.0
 6.010  547.5  90  45  54  -3.125   0.0   0.0
 6.010  562.5  90  45  54  -3.125   0.0   0.0
 6.010  565.0  90  45  57  -3.125   0.0   0.0
 6.010  567.5  90  45  57  -3.125   0.0   0.0
 6.010  570.0  90  45  54  -3.125   0.0   0.0
 6.010  572.5  90  45  54   3.125   0.0   0.0
 6.010  577.5  90  45  54   3.125   0.0   0.0
 6.010  582.5  90  45  57  -3.125   0.0   0.0
 6.010  587.5  90  45  57  -3.125   0.0   0.0
 6.010  592.5  90  45  54  -3.125   0.0   0.0
 6.010  595.0  90  45  60  -3.125   0.0   0.0
 6.010  597.5  90  45  63  -3.125   0.0   0.0
 6.010  600.0  90  45  66  -3.125   0.0   0.0
 6.010  602.5  90  45  66  -3.125   0.0   0.0
 6.010  605.0  90  45  63  -3.125   0.0   0.0
 6.010  607.5  90  45  63  -3.125   0.0   0.0
 6.010  610.0  90  45  54  -3.125  90.0  30.0
 6.010  612.5  90  45  63  -3.125   0.0   0.0
 6.010  615.0  90  45  66  -3.125   0.0   0.0
 6.010  617.5  90  45  69  -3.125   0.0   0.0
 6.010  620.0  90  45  66  -3.125   0.0   0.0
 6.010  622.5  90  45  69  -3.125   0.0   0.0
 6.010  625.0  90  45  72  -3.125   0.0   0.0
 6.010  627.5  90  45  69  -3.125   0.0   0.0
 6.010  630.0  90  45  69  -3.125   0.0   0.0
 6.010  632.5  90  45  69  -3.125   0.0   0.0
 6.010  635.0  90  45  66  -3.125   0.0   0.0
 6.010  637.5  90  45  57  -3.125   0.0   0.0
 6.010  640.0  90  45  57  -3.125   0.0   0.0
 6.010  642.5  90  45  60  -3.125   0.0   0.0
 6.010  645.0  90  45  57  -3.125   0.0   0.0
 6.010  647.5  90  45  60  -3.125   0.0   0.0
 6.010  650.0  90  45  63  -3.125   0.0   0.0
 6.010  652.5  90  45  63  -3.125   0.0   0.0
 6.010  655.0  90  45  57   3.125   0.0   0.0
 6.010 1082.5  90  45  54  -3.125  90.0  30.0
 6.010 1197.5  90  45  54  -3.125   0.0   0.0
 6.010 1210.0  90  45  60  -3.125   0.0   0.0
 6.010 1212.5  90  45  60  -3.125   0.0   0.0
 6.010 1215.0  90  45  54  -3.125   0.0   0.0
 6.010 1217.5  90  45  57  -3.125   0.0   0.0
 6.010 1222.5  90  45  54  -3.125   0.0   0.0
 6.010 1225.0  90  45  54  -3.125   0.0   0.0
 6.010 1227.5  90  45  54  -3.125   0.0   0.0
 6.010 1230.0  90  45  57  -3.125   0.0   0.0
 6.010 1232.5  90  45  54  -3.125   0.0   0.0
 6.010 1237.5  90  45  54  -3.125   0.0   0.0
 6.010 1240.0  90  45  60  -3.125   0.0   0.0
 6.010 1242.5  90  45  57  -3.125   0.0   0.0
 6.010 1247.5  90  45  54  -3.125   0.0   0.0
 6.010 1250.0  90  45  54  -3.125   0.0   0.0
 6.010 1255.0  90  45  57  -3.125   0.0   0.0
 6.010 1260.0  90  45  54  -3.125   0.0   0.0
 6.010 1265.0  90  45  54  -3.125   0.0   0.0
 6.010 1267.5  90  45  57  -3.125   0.0   0.0
 6.010 1270.0  90  45  54  -3.125   0.0   0.0
 6.010 1272.5  90  45  54  -3.125   0.0   0.0
 6.010 1282.5  90  45  54  -3.125   0.0   0.0
 6.010  442.5 -90  45  57  -3.125   0.0   0.0
 6.010  445.0 -90  45  60   3.125   0.0   0.0
 6.010  447.5 -90  45  72  -3.125   0.0   0.0
 6.010  450.0 -90  45  69  -3.125   0.0   0.0
 6.010  452.5 -90  45  57   3.125   0.0   0.0
 6.010  455.0 -90  45  57   3.125   0.0   0.0
 6.010  457.5 -90  45  54   3.125   0.0   0.0
 6.010  790.0 -90  45  54  -3.125  30.0  30.0
 6.010  792.5 -90  45  57   3.125  30.0  30.0
 6.010  795.0 -90  45  60  -3.125  30.0  30.0
 6.010  880.0 -90  45  57  -3.125   0.0   0.0
 6.010  882.5 -90  45  54  -3.125   0.0   0.0
 6.010  887.5 -90  45  60  -3.125   0.0   0.0
 6.010  890.0 -90  45  63  -3.125   0.0   0.0
 6.010  892.5 -90  45  57  -3.125   0.0   0.0
 6.010  895.0 -90  45  72  -3.125   0.0   0.0
 6.010  897.5 -90  45  75  -3.125   0.0   0.0
 6.010  900.0 -90  45  69  -3.125   0.0   0.0
 6.010  902.5 -90  45  63  -3.125   0.0   0.0
 6.010  905.0 -90  45  69  -3.125   0.0   0.0
 6.010  907.5 -90  45  63  -3.125   0.0   0.0
 6.010  910.0 -90  45  63  -3.125   0.0   0.0
 6.010  912.5 -90  45  57  -3.125   0.0   0.0
 6.010 1282.5 -90  45  54  -3.125   0.0   0.0
 6.035  562.5  90  45  54   3.125   0.0   0.0
 6.035  565.0  90  45  57  -3.125   0.0   0.0
 6.035  567.5  90  45  60  -3.125   0.0   0.0
 6.035  572.5  90  45  60  -3.125   0.0   0.0
 6.035  575.0  90  45  54  -3.125   0.0   0.0
 6.035  577.5  90  45  54  -3.125   0.0   0.0
 6.035  582.5  90  45  57  -3.125   0.0   0.0
 6.035  585.0  90  45  54  -3.125   0.0   0.0
 6.035  592.5  90  45  54  -3.125   0.0   0.0
 6.035  595.0  90  45  54  -3.125   0.0   0.0
 6.035  597.5  90  45  60  -3.125   0.0   0.0
 6.035  602.5  90  45  60  -3.125   0.0   0.0
 6.035  605.0  90  45  63  -3.125   0.0   0.0
 6.035  607.5  90  45  54   3.125 150.0  30.0
 6.035  610.0  90  45  60  -3.125   0.0   0.0
 6.035  612.5  90  45  57  -3.125   0.0   0.0
 6.035  615.0  90  45  63  -3.125   0.0   0.0
 6.035  617.5  90  45  63  -3.125   0.0   0.0
 6.035  620.0  90  45  66  -3.125   0.0   0.0
 6.035  622.5  90  45  69  -3.125   0.0   0.0
 6.035  625.0  90  45  63  -3.125   0.0   0.0
 6.035  627.5  90  45  63  -3.125   0.0   0.0
 6.035  630.0  90  45  69  -3.125   0.0   0.0
 6.035  632.5  90  45  66  -3.125   0.0   0.0
 6.035  635.0  90  45  60  -3.125   0.0   0.0
 6.035  637.5  90  45  69  -3.125   0.0   0.0
 6.035  640.0  90  45  69  -3.125   0.0   0.0
 6.035  642.5  90  45  66  -3.125   0.0   0.0
 6.035  645.0  90  45  66  -3.125   0.0   0.0
 6.035  647.5  90  45  69  -3.125   0.0   0.0
 6.035  650.0  90  45  72  -3.125   0.0   0.0
 6.035  652.5  90  45  69  -3.125   0.0   0.0
 6.035  655.0  90  45  66  -3.125   0.0   0.0
 6.035  657.5  90  45  63  -3.125   0.0   0.0
 6.035  662.5  90  45  57  -3.125   0.0   0.0
 6.035  667.5  90  45  60  -3.125   0.0   0.0
 6.035  670.0  90  45  60  -3.125   0.0   0.0
 6.035  672.5  90  45  57  -3.125   0.0   0.0
 6.035  675.0  90  45  57  -3.125   0.0   0.0
 6.035  680.0  90  45  54  -3.125   0.0   0.0
 6.035  685.0  90  45  54  -3.125   0.0   0.0
 6.035 1012.5  90  45  54  -9.375 210.0  30.0
 6.035 1017.5  90  45  54  -9.375 150.0  30.0
 6.035 1032.5  90  45  54  -9.375 150.0  30.0
 6.035 1037.5  90  45  54  -9.375 150.0  30.0
 6.035 1042.5  90  45  54  -9.375  90.0  30.0
 6.035 1047.5  90  45  54  -9.375 150.0  30.0
 6.035 1062.5  90  45  54  -3.125 150.0  30.0
 6.035 1072.5  90  45  54   3.125  90.0  30.0
 6.035 1077.5  90  45  54   3.125  90.0  30.0
 6.035 1082.5  90  45  54   3.125 210.0  30.0
 6.035 1222.5  90  45  54  -3.125   0.0   0.0
 6.035 1225.0  90  45  54  -3.125   0.0   0.0
 6.035 1230.0  90  45  54  -3.125   0.0   0.0
 6.035 1252.5  90  45  54  -3.125   0.0   0.0
 6.035 1255.0  90  45  54  -3.125   0.0   0.0
 6.035 1260.0  90  45  57  -3.125   0.0   0.0
 6.035 1262.5  90  45  54  -3.125   0.0   0.0
 6.035 1272.5  90  45  54  -3.125   0.0   0.0
 6.035 1275.0  90  45  57  -3.125   0.0   0.0
 6.035  447.5 -90  45  63  -3.125   0.0   0.0
 6.035  450.0 -90  45  63  -3.125   0.0   0.0
 6.035  452.5 -90  45  69  -3.125   0.0   0.0
 6.035  455.0 -90  45  66  -3.125   0.0   0.0
 6.035  457.5 -90  45  63  -3.125   0.0   0.0
 6.035  792.5 -90  45  54   3.125  30.0  30.0
 6.035  795.0 -90  45  57  -3.125  30.0  30.0
 6.035  882.5 -90  45  57  -3.125   0.0   0.0
 6.035  885.0 -90  45  57   3.125   0.0   0.0
 6.035  892.5 -90  45  60  -3.125   0.0   0.0
 6.035  895.0 -90  45  60  -3.125   0.0   0.0
 6.035  897.5 -90  45  57  -3.125   0.0   0.0
 6.035  900.0 -90  45  66  -3.125   0.0   0.0
 6.035  902.5 -90  45  63  -3.125   0.0   0.0
 6.035  905.0 -90  45  66  -3.125   0.0   0.0
 6.035  907.5 -90  45  66  -3.125   0.0   0.0
 6.035  910.0 -90  45  69  -3.125   0.0   0.0
 6.035  912.5 -90  45  66  -3.125   0.0   0.0
 6.035  915.0 -90  45  54  -3.125  30.0  30.0
 6.060  572.5  90  48  57  -3.125   0.0   0.0
 6.060  590.0  90  48  57  -3.125   0.0   0.0
 6.060  595.0  90  48  57  -3.125   0.0   0.0
 6.060  607.5  90  48  60  -3.125   0.0   0.0
 6.060  610.0  90  48  57  -3.125   0.0   0.0
 6.060  615.0  90  48  57  -3.125   0.0   0.0
 6.060  617.5  90  48  57   3.125   0.0   0.0
 6.060  622.5  90  48  66  -3.125   0.0   0.0
 6.060  625.0  90  48  66  -3.125   0.0   0.0
 6.060  627.5  90  48  66  -3.125   0.0   0.0
 6.060  630.0  90  48  72  -3.125   0.0   0.0
 6.060  632.5  90  48  72  -3.125   0.0   0.0
 6.060  635.0  90  48  75  -3.125   0.0   0.0
 6.060  637.5  90  48  78  -3.125   0.0   0.0
 6.060  640.0  90  48  78  -3.125   0.0   0.0
 6.060  642.5  90  48  75  -3.125   0.0   0.0
 6.060  645.0  90  48  69  -3.125   0.0   0.0
 6.060  647.5  90  48  66  -3.125   0.0   0.0
 6.060  650.0  90  48  60  -3.125   0.0   0.0
 6.060  652.5  90  48  72  -3.125   0.0   0.0
 6.060  655.0  90  48  72  -3.125   0.0   0.0
 6.060  657.5  90  48  66  -3.125   0.0   0.0
 6.060  660.0  90  48  69  -3.125   0.0   0.0
 6.060  662.5  90  48  72  -3.125   0.0   0.0
 6.060  665.0  90  48  69  -3.125   0.0   0.0
 6.060  667.5  90  48  69  -3.125   0.0   0.0
 6.060  670.0  90  48  60  -3.125   0.0   0.0
 6.060  675.0  90  48  66  -3.125   0.0   0.0
 6.060  677.5  90  48  63  -3.125   0.0   0.0
 6.060  680.0  90  48  66  -3.125   0.0   0.0
 6.060  682.5  90  48  63  -3.125   0.0   0.0
 6.060  687.5  90  48  63  -3.125   0.0   0.0
 6.060  690.0  90  48  63  -3.125   0.0   0.0
 6.060  692.5  90  48  57  -3.125   0.0   0.0
 6.060  700.0  90  48  60   3.125   0.0   0.0
 6.060  705.0  90  48  63  -3.125   0.0   0.0
 6.060  707.5  90  48  63  -3.125   0.0   0.0
 6.060  712.5  90  48  57  -3.125   0.0   0.0
 6.060  715.0  90  48  57  -3.125   0.0   0.0
 6.060 1247.5  90  48  57  -3.125   0.0   0.0
 6.060 1260.0  90  48  57  -3.125   0.0   0.0
 6.060 1272.5  90  48  57   3.125   0.0   0.0
 6.060  445.0 -90  48  57   3.125   0.0   0.0
 6.060  452.5 -90  48  63  -3.125   0.0   0.0
 6.060  455.0 -90  48  72  -3.125   0.0   0.0
 6.060  457.5 -90  48  72  -3.125   0.0   0.0
 6.060  460.0 -90  48  60  -3.125   0.0   0.0
 6.060  802.5 -90  48  57  -3.125  30.0  30.0
 6.060  805.0 -90  48  57   3.125  30.0  30.0
 6.060  897.5 -90  48  57  -3.125   0.0   0.0
 6.060  900.0 -90  48  57  -3.125   0.0   0.0
 6.060  902.5 -90  48  60  -3.125   0.0   0.0
 6.060  905.0 -90  48  69  -3.125   0.0   0.0
 6.060  907.5 -90  48  72  -3.125   0.0   0.0
 6.060  910.0 -90  48  72  -3.125   0.0   0.0
 6.060  912.5 -90  48  66  -3.125   0.0   0.0
 6.060  915.0 -90  48  60  -3.125   0.0   0.0
 6.060  917.5 -90  48  57  -3.125   0.0   0.0
 6.085  600.0  90  48  57   3.125   0.0   0.0
 6.085  602.5  90  48  57  -3.125   0.0   0.0
 6.085  605.0  90  48  57  -3.125   0.0   0.0
 6.085  607.5  90  48  57  -3.125   0.0   0.0
 6.085  620.0  90  48  60  -3.125   0.0   0.0
 6.085  622.5  90  48  57  -3.125   0.0   0.0
 6.085  625.0  90  48  57  -3.125   0.0   0.0
 6.085  630.0  90  48  60  -3.125   0.0   0.0
 6.085  632.5  90  48  60  -3.125   0.0   0.0
 6.085  635.0  90  48  66  -3.125   0.0   0.0
 6.085  637.5  90  48  66  -3.125   0.0   0.0
 6.085  640.0  90  48  72  -3.125   0.0   0.0
 6.085  642.5  90  48  69  -3.125   0.0   0.0
 6.085  645.0  90  48  69  -3.125   0.0   0.0
 6.085  647.5  90  48  69  -3.125   0.0   0.0
 6.085  650.0  90  48  69  -3.125   0.0   0.0
 6.085  652.5  90  48  69  -3.125   0.0   0.0
 6.085  655.0  90  48  69  -3.125   0.0   0.0
 6.085  657.5  90  48  72  -3.125   0.0   0.0
 6.085  660.0  90  48  75  -3.125   0.0   0.0
 6.085  662.5  90  48  75  -3.125   0.0   0.0
 6.085  665.0  90  48  66  -3.125   0.0   0.0
 6.085  667.5  90  48  72  -3.125   0.0   0.0
 6.085  670.0  90  48  66  -3.125   0.0   0.0
 6.085  675.0  90  48  69  -3.125   0.0   0.0
 6.085  677.5  90  48  72  -3.125   0.0   0.0
 6.085  680.0  90  48  60   3.125   0.0   0.0
 6.085  682.5  90  48  63  -3.125   0.0   0.0
 6.085  685.0  90  48  63  -3.125   0.0   0.0
 6.085  687.5  90  48  63  -3.125   0.0   0.0
 6.085  690.0  90  48  66  -3.125   0.0   0.0
 6.085  692.5  90  48  63  -3.125   0.0   0.0
 6.085  695.0  90  48  63   3.125   0.0   0.0
 6.085  697.5  90  48  60  -3.125   0.0   0.0
 6.085  700.0  90  48  72  -3.125   0.0   0.0
 6.085  702.5  90  48  72  -3.125   0.0   0.0
 6.085  705.0  90  48  72  -3.125   0.0   0.0
 6.085  707.5  90  48  69  -3.125   0.0   0.0
 6.085  710.0  90  48  60  -3.125   0.0   0.0
 6.085  712.5  90  48  66  -3.125   0.0   0.0
 6.085  715.0  90  48  69  -3.125   0.0   0.0
 6.085  717.5  90  48  66  -3.125   0.0   0.0
 6.085  720.0  90  48  63  -3.125   0.0   0.0
 6.085  722.5  90  48  57  -3.125   0.0   0.0
 6.085  725.0  90  48  63  -3.125   0.0   0.0
 6.085  737.5  90  48  57  -3.125   0.0   0.0
 6.085  740.0  90  48  60  -3.125   0.0   0.0
 6.085  745.0  90  48  57  -3.125   0.0   0.0
 6.085 1280.0  90  48  57   9.375 150.0  30.0
 6.085  450.0 -90  45  54   3.125   0.0   0.0
 6.085  452.5 -90  45  60  -3.125   0.0   0.0
 6.085  455.0 -90  45  72  -3.125   0.0   0.0
 6.085  457.5 -90  45  78  -3.125   0.0   0.0
 6.085  460.0 -90  45  75  -3.125   0.0   0.0
 6.085  462.5 -90  45  66  -3.125   0.0   0.0
 6.085  802.5 -90  45  54   3.125  30.0  30.0
 6.085  805.0 -90  45  57   3.125  30.0  30.0
 6.085  810.0 -90  45  57  -3.125  30.0  30.0
 6.085  895.0 -90  45  54  -3.125   0.0   0.0
 6.085  902.5 -90  45  54   3.125   0.0   0.0
 6.085  905.0 -90  45  60   3.125   0.0   0.0
 6.085  907.5 -90  45  66  -3.125   0.0   0.0
 6.085  910.0 -90  45  66  -3.125   0.0   0.0
 6.085  912.5 -90  45  54  -3.125  30.0  30.0
 6.085  915.0 -90  45  69  -3.125   0.0   0.0
 6.085  917.5 -90  45  66  -3.125   0.0   0.0
 6.085  920.0 -90  45  57  -3.125   0.0   0.0
 6.085  922.5 -90  45  57  -3.125   0.0   0.0
 6.085  925.0 -90  45  63  -3.125   0.0   0.0
 6.085  927.5 -90  45  57  -3.125   0.0   0.0
 6.085 1032.5 -90  45  54  -3.125   0.0   0.0
 6.110  620.0  90  45  54  -3.125   0.0   0.0
 6.110  622.5  90  45  57   3.125   0.0   0.0
 6.110  625.0  90  45  54  -3.125   0.0   0.0
 6.110  650.0  90  45  60  -3.125   0.0   0.0
 6.110  652.5  90  45  54  -3.125   0.0   0.0
 6.110  655.0  90  45  54  -3.125   0.0   0.0
 6.110  657.5  90  45  54   3.125   0.0   0.0
 6.110  660.0  90  45  66  -3.125   0.0   0.0
 6.110  662.5  90  45  63  -3.125   0.0   0.0
 6.110  665.0  90  45  60  -3.125   0.0   0.0
 6.110  667.5  90  45  57   3.125   0.0   0.0
 6.110  670.0  90  45  63  -3.125   0.0   0.0
 6.110  672.5  90  45  57  -3.125   0.0   0.0
 6.110  675.0  90  45  63  -3.125   0.0   0.0
 6.110  677.5  90  45  66  -3.125   0.0   0.0
 6.110  680.0  90  45  60  -3.125   0.0   0.0
 6.110  685.0  90  45  63  -3.125   0.0   0.0
 6.110  687.5  90  45  63  -3.125   0.0   0.0
 6.110  690.0  90  45  66  -3.125   0.0   0.0
 6.110  692.5  90  45  60   3.125   0.0   0.0
 6.110  695.0  90  45  66  -3.125   0.0   0.0
 6.110  697.5  90  45  54  -3.125   0.0   0.0
 6.110  700.0  90  45  66  -3.125   0.0   0.0
 6.110  702.5  90  45  66  -3.125   0.0   0.0
 6.110  705.0  90  45  69  -3.125   0.0   0.0
 6.110  707.5  90  45  63  -3.125   0.0   0.0
 6.110  710.0  90  45  57  -3.125   0.0   0.0
 6.110  712.5  90  45  57   3.125   0.0   0.0
 6.110  715.0  90  45  66  -3.125   0.0   0.0
 6.110  717.5  90  45  69  -3.125   0.0   0.0
 6.110  720.0  90  45  66  -3.125   0.0   0.0
 6.110  722.5  90  45  66  -3.125   0.0   0.0
 6.110  725.0  90  45  66  -3.125   0.0   0.0
 6.110  730.0  90  45  54  -3.125   0.0   0.0
 6.110  732.5  90  45  57  -3.125   0.0   0.0
 6.110  735.0  90  45  54  -3.125   0.0   0.0
 6.110  737.5  90  45  54  -3.125   0.0   0.0
 6.110  740.0  90  45  60  -3.125   0.0   0.0
 6.110  742.5  90  45  60  -3.125   0.0   0.0
 6.110  745.0  90  45  63  -3.125   0.0   0.0
 6.110  747.5  90  45  60   3.125   0.0   0.0
 6.110  750.0  90  45  57  -3.125   0.0   0.0
 6.110  752.5  90  45  63  -3.125   0.0   0.0
 6.110  755.0  90  45  63  -3.125   0.0   0.0
 6.110  757.5  90  45  54  -3.125   0.0   0.0
 6.110  762.5  90  45  57   3.125   0.0   0.0
 6.110  765.0  90  45  54  -3.125   0.0   0.0
 6.110  767.5  90  45  57  -3.125   0.0   0.0
 6.110  770.0  90  45  57  -3.125   0.0   0.0
 6.110  775.0  90  45  54  -3.125   0.0   0.0
 6.110  777.5  90  45  57  -3.125   0.0   0.0
 6.110  780.0  90  45  57  -3.125   0.0   0.0
 6.110  782.5  90  45  57  -3.125   0.0   0.0
 6.110  787.5  90  45  57  -3.125   0.0   0.0
 6.110  790.0  90  45  54  -3.125   0.0   0.0
 6.110  795.0  90  45  54  -3.125   0.0   0.0
 6.110  797.5  90  45  57  -3.125   0.0   0.0
 6.110  800.0  90  45  54   3.125   0.0   0.0
 6.110  807.5  90  45  54   3.125   0.0   0.0
 6.110  810.0  90  45  57  -3.125   0.0   0.0
 6.110  812.5  90  45  57  -3.125   0.0   0.0
 6.110  827.5  90  45  54   3.125   0.0   0.0
 6.110  830.0  90  45  54  -3.125   0.0   0.0
 6.110  455.0 -90  48  66  -3.125   0.0   0.0
 6.110  457.5 -90  48  69  -3.125   0.0   0.0
 6.110  460.0 -90  48  75  -3.125   0.0   0.0
 6.110  462.5 -90  48  75  -3.125   0.0   0.0
 6.110  465.0 -90  48  63  -3.125   0.0   0.0
 6.110  892.5 -90  48  57   3.125   0.0   0.0
 6.110  910.0 -90  48  57  -3.125   0.0   0.0
 6.110  912.5 -90  48  63  -3.125   0.0   0.0
 6.110  915.0 -90  48  66  -3.125   0.0   0.0
 6.110  917.5 -90  48  66  -3.125   0.0   0.0
 6.110  920.0 -90  48  60  -3.125   0.0   0.0
 6.110  922.5 -90  48  60  -3.125   0.0   0.0
 6.110  925.0 -90  48  69  -3.125   0.0   0.0
 6.110  927.5 -90  48  60   3.125   0.0   0.0
 6.110  930.0 -90  48  60   3.125   0.0   0.0
 6.110  932.5 -90  48  57  -3.125   0.0   0.0
 6.110  935.0 -90  48  57   3.125   0.0   0.0
 6.110 1052.5 -90  48  57  -3.125 270.0  30.0
 6.110 1067.5 -90  48  57  -3.125 270.0  30.0
 6.135  677.5  90  48  57  -3.125   0.0   0.0
 6.135  687.5  90  48  57  -3.125   0.0   0.0
 6.135  690.0  90  48  63  -3.125   0.0   0.0
 6.135  692.5  90  48  60  -3.125   0.0   0.0
 6.135  695.0  90  48  60  -3.125   0.0   0.0
 6.135  702.5  90  48  57  -3.125   0.0   0.0
 6.135  705.0  90  48  57   3.125   0.0   0.0
 6.135  710.0  90  48  60  -3.125   0.0   0.0
 6.135  712.5  90  48  60  -3.125   0.0   0.0
 6.135  715.0  90  48  57  -3.125   0.0   0.0
 6.135  720.0  90  48  57  -3.125   0.0   0.0
 6.135  725.0  90  48  63  -3.125   0.0   0.0
 6.135  730.0  90  48  57  -3.125   0.0   0.0
 6.135  732.5  90  48  60  -3.125   0.0   0.0
 6.135  735.0  90  48  60  -3.125   0.0   0.0
 6.135  740.0  90  48  60  -3.125   0.0   0.0
 6.135  742.5  90  48  60  -3.125   0.0   0.0
 6.135  745.0  90  48  60  -3.125   0.0   0.0
 6.135  747.5  90  48  57   3.125   0.0   0.0
 6.135  755.0  90  48  60  -3.125   0.0   0.0
 6.135  765.0  90  48  57  -3.125   0.0   0.0
 6.135  780.0  90  48  57  -3.125   0.0   0.0
 6.135  795.0  90  48  57  -3.125   0.0   0.0
 6.135  800.0  90  48  60  -3.125   0.0   0.0
 6.135  810.0  90  48  60  -3.125   0.0   0.0
 6.135  815.0  90  48  57   3.125   0.0   0.0
 6.135  850.0  90  48  60  -3.125   0.0   0.0
 6.135  852.5  90  48  57  -3.125   0.0   0.0
 6.135  925.0  90  48  57  -3.125   0.0   0.0
 6.135  927.5  90  48  60  -3.125   0.0   0.0
 6.135  930.0  90  48  57  -3.125   0.0   0.0
 6.135  932.5  90  48  57  -3.125   0.0   0.0
 6.135  935.0  90  48  60  -3.125   0.0   0.0
 6.135  937.5  90  48  60  -3.125   0.0   0.0
 6.135  940.0  90  48  57  -3.125   0.0   0.0
 6.135  942.5  90  48  60  -3.125   0.0   0.0
 6.135  945.0  90  48  60  -3.125   0.0   0.0
 6.135  947.5  90  48  60  -3.125   0.0   0.0
 6.135  950.0  90  48  60  -3.125   0.0   0.0
 6.135  952.5  90  48  60  -3.125   0.0   0.0
 6.135  955.0  90  48  60  -3.125   0.0   0.0
 6.135  957.5  90  48  57  -3.125   0.0   0.0
 6.135 1022.5  90  48  60  -3.125   0.0   0.0
 6.135 1025.0  90  48  57  -3.125   0.0   0.0
 6.135 1027.5  90  48  60  -3.125   0.0   0.0
 6.135 1030.0  90  48  57  -3.125   0.0   0.0
 6.135 1035.0  90  48  57  -3.125   0.0   0.0
 6.135 1052.5  90  48  57  -3.125   0.0   0.0
 6.135 1100.0  90  48  57  -3.125   0.0   0.0
 6.135 1102.5  90  48  57  -3.125   0.0   0.0
 6.135  455.0 -90  51  60   3.125  90.0  30.0
 6.135  460.0 -90  51  63  -3.125   0.0   0.0
 6.135  462.5 -90  51  69  -3.125   0.0   0.0
 6.135  465.0 -90  51  72  -3.125   0.0   0.0
 6.135  467.5 -90  51  66  -3.125   0.0   0.0
 6.135  917.5 -90  51  60  -3.125   0.0   0.0
 6.135  920.0 -90  51  63  -3.125   0.0   0.0
 6.135  922.5 -90  51  66  -3.125   0.0   0.0
 6.135  925.0 -90  51  72  -3.125   0.0   0.0
 6.135  927.5 -90  51  72  -3.125   0.0   0.0
 6.135  930.0 -90  51  72  -3.125   0.0   0.0
 6.135  932.5 -90  51  72  -3.125   0.0   0.0
 6.135  937.5 -90  51  66  -3.125   0.0   0.0
 6.160  705.0  90  45  54  -3.125   0.0   0.0
 6.160  725.0  90  45  54  -3.125   0.0   0.0
 6.160  727.5  90  45  54   3.125   0.0   0.0
 6.160  732.5  90  45  54  -3.125   0.0   0.0
 6.160  735.0  90  45  54  -3.125   0.0   0.0
 6.160  737.5  90  45  54  -3.125   0.0   0.0
 6.160  740.0  90  45  54  -3.125   0.0   0.0
 6.160  742.5  90  45  54  -3.125   0.0   0.0
 6.160  745.0  90  45  57   3.125   0.0   0.0
 6.160  747.5  90  45  54  -3.125   0.0   0.0
 6.160  755.0  90  45  54  -3.125   0.0   0.0
 6.160  765.0  90  45  54  -3.125   0.0   0.0
 6.160  770.0  90  45  54  -3.125   0.0   0.0
 6.160  772.5  90  45  57  -3.125   0.0   0.0
 6.160  777.5  90  45  54   3.125   0.0   0.0
 6.160  787.5  90  45  54  -3.125   0.0   0.0
 6.160  800.0  90  45  54   3.125   0.0   0.0
 6.160  802.5  90  45  54  -3.125   0.0   0.0
 6.160  807.5  90  45  54  -3.125   0.0   0.0
 6.160  810.0  90  45  54   3.125   0.0   0.0
 6.160  815.0  90  45  57  -3.125   0.0   0.0
 6.160  822.5  90  45  54  -3.125   0.0   0.0
 6.160  832.5  90  45  54  -3.125   0.0   0.0
 6.160  840.0  90  45  54  -3.125   0.0   0.0
 6.160  847.5  90  45  57  -3.125   0.0   0.0
 6.160  852.5  90  45  54   3.125   0.0   0.0
 6.160  855.0  90  45  57  -3.125   0.0   0.0
 6.160  857.5  90  45  54  -3.125   0.0   0.0
 6.160  872.5  90  45  57  -3.125   0.0   0.0
 6.160  875.0  90  45  54  -3.125   0.0   0.0
 6.160  880.0  90  45  54  -3.125   0.0   0.0
 6.160  887.5  90  45  57  -3.125   0.0   0.0
 6.160  895.0  90  45  54   3.125   0.0   0.0
 6.160  907.5  90  45  57  -3.125   0.0   0.0
 6.160  910.0  90  45  54  -3.125   0.0   0.0
 6.160  912.5  90  45  54  -3.125   0.0   0.0
 6.160  920.0  90  45  54  -3.125   0.0   0.0
 6.160  927.5  90  45  57  -3.125   0.0   0.0
 6.160  930.0  90  45  54  -3.125   0.0   0.0
 6.160  932.5  90  45  54   3.125   0.0   0.0
 6.160  935.0  90  45  57  -3.125   0.0   0.0
 6.160  937.5  90  45  57  -3.125   0.0   0.0
 6.160  945.0  90  45  57  -3.125   0.0   0.0
 6.160  947.5  90  45  57  -3.125   0.0   0.0
 6.160  952.5  90  45  57  -3.125   0.0   0.0
 6.160  955.0  90  45  57  -3.125   0.0   0.0
 6.160  960.0  90  45  54  -3.125   0.0   0.0
 6.160  962.5  90  45  54  -3.125   0.0   0.0
 6.160  985.0  90  45  54  -3.125   0.0   0.0
 6.160 1002.5  90  45  54  -3.125   0.0   0.0
 6.160 1012.5  90  45  57  -9.375  90.0  30.0
 6.160 1017.5  90  45  57  -9.375  90.0  30.0
 6.160 1020.0  90  45  54   3.125  30.0  30.0
 6.160 1022.5  90  45  57  -9.375  90.0  30.0
 6.160 1025.0  90  45  54   9.375 210.0  30.0
 6.160 1027.5  90  45  57  -9.375  90.0  30.0
 6.160 1030.0  90  45  54   3.125   0.0   0.0
 6.160 1032.5  90  45  57  -9.375  90.0  30.0
 6.160 1035.0  90  45  54   3.125   0.0   0.0
 6.160 1037.5  90  45  57  -9.375  90.0  30.0
 6.160 1040.0  90  45  54   9.375  30.0  30.0
 6.160 1042.5  90  45  60  -9.375  90.0  30.0
 6.160 1045.0  90  45  54   9.375  30.0  30.0
 6.160 1047.5  90  45  57  -9.375  90.0  30.0
 6.160 1052.5  90  45  57   3.125  90.0  30.0
 6.160 1057.5  90  45  57   3.125  90.0  30.0
 6.160 1060.0  90  45  54  -3.125 330.0  30.0
 6.160 1062.5  90  45  57   3.125  90.0  30.0
 6.160 1065.0  90  45  54   3.125   0.0   0.0
 6.160 1067.5  90  45  54   3.125 210.0  30.0
 6.160 1070.0  90  45  54  -3.125 210.0  30.0
 6.160 1072.5  90  45  54   3.125  90.0  30.0
 6.160 1077.5  90  45  57   3.125  90.0  30.0
 6.160 1080.0  90  45  54  -3.125  30.0  30.0
 6.160 1082.5  90  45  54   3.125 210.0  30.0
 6.160 1085.0  90  45  54  -3.125   0.0   0.0
 6.160 1087.5  90  45  57   3.125  90.0  30.0
 6.160 1095.0  90  45  54  -3.125   0.0   0.0
 6.160 1097.5  90  45  54  -3.125   0.0   0.0
 6.160 1102.5  90  45  54  -3.125   0.0   0.0
 6.160 1130.0  90  45  54  -3.125   0.0   0.0
 6.160 1137.5  90  45  54  -3.125   0.0   0.0
 6.160 1187.5  90  45  54   3.125   0.0   0.0
 6.160  460.0 -90  48  57  -3.125   0.0   0.0
 6.160  465.0 -90  48  69  -3.125   0.0   0.0
 6.160  467.5 -90  48  72  -3.125   0.0   0.0
 6.160  470.0 -90  48  63  -3.125   0.0   0.0
 6.160  920.0 -90  48  60  -3.125   0.0   0.0
 6.160  922.5 -90  48  63  -3.125   0.0   0.0
 6.160  925.0 -90  48  63  -3.125   0.0   0.0
 6.160  927.5 -90  48  69  -3.125   0.0   0.0
 6.160  932.5 -90  48  72  -3.125   0.0   0.0
 6.160  935.0 -90  48  75  -3.125   0.0   0.0
 6.160  937.5 -90  48  78  -3.125   0.0   0.0
 6.160  940.0 -90  48  69  -3.125   0.0   0.0
 6.160  945.0 -90  48  57   3.125   0.0   0.0
 6.360   80.0 -90  57  66  -3.125  90.0  30.0
 6.360   82.5 -90  57  66   9.375  90.0  30.0
 6.360   85.0 -90  57  66   9.375  90.0  30.0
 6.360   90.0 -90  57  66   9.375  90.0  30.0
 6.360  495.0 -90  57  66  -3.125   0.0   0.0
 6.360  497.5 -90  57  69  -3.125   0.0   0.0
 6.360  500.0 -90  57  66  -3.125   0.0   0.0
 6.360  980.0 -90  57  66  -3.125   0.0   0.0
 6.360  985.0 -90  57  72  -3.125   0.0   0.0
 6.360  987.5 -90  57  78  -3.125   0.0   0.0
 6.360  990.0 -90  57  81  -3.125   0.0   0.0
 6.360  992.5 -90  57  84  -3.125   0.0   0.0
 6.360  995.0 -90  57  84  -3.125   0.0   0.0
 6.360  997.5 -90  57  84  -3.125   0.0   0.0
 6.360 1000.0 -90  57  84  -3.125   0.0   0.0
 6.360 1002.5 -90  57  78  -3.125   0.0   0.0
 6.360 1007.5 -90  57  66  -3.125   0.0   0.0
 6.360 1010.0 -90  57  66  -3.125   0.0   0.0
 6.360 1015.0 -90  57  69  -9.375   0.0   0.0
 6.360 1017.5 -90  57  66  -9.375   0.0   0.0
 6.360 1020.0 -90  57  69  -9.375 210.0  30.0
 6.360 1022.5 -90  57  66  -9.375 210.0  30.0
 6.360 1025.0 -90  57  69  -9.375  90.0  30.0
 6.360 1027.5 -90  57  66  -9.375 150.0  30.0
 6.360 1030.0 -90  57  69  -9.375 210.0  30.0
 6.360 1032.5 -90  57  66  -9.375  90.0  30.0
 6.360 1035.0 -90  57  69  -9.375 330.0  30.0
 6.360 1037.5 -90  57  66  -9.375   0.0   0.0
 6.360 1040.0 -90  57  69  -9.375   0.0   0.0
 6.360 1042.5 -90  57  69  -9.375 210.0  30.0
 6.360 1045.0 -90  57  69  -9.375  90.0  30.0
 6.360 1047.5 -90  57  66   9.375 210.0  30.0
 6.360 1050.0 -90  57  69   9.375 210.0  30.0
 6.360 1052.5 -90  57  66   3.125 210.0  30.0
 6.360 1055.0 -90  57  69   3.125 210.0  30.0
 6.360 1060.0 -90  57  69   3.125 210.0  30.0
 6.360 1062.5 -90  57  66   3.125 210.0  30.0
 6.360 1065.0 -90  57  69   3.125  90.0  30.0
 6.360 1067.5 -90  57  66   3.125   0.0   0.0
 6.360 1070.0 -90  57  69   3.125  90.0  30.0
 6.360 1072.5 -90  57  66  -3.125 210.0  30.0
 6.360 1075.0 -90  57  69   3.125  90.0  30.0
 6.360 1077.5 -90  57  66   3.125  90.0  30.0
 6.360 1080.0 -90  57  69   3.125 150.0  30.0
 6.360 1085.0 -90  57  69   3.125 210.0  30.0
 6.360 1087.5 -90  57  69   3.125   0.0   0.0
 6.360 1090.0 -90  57  69   3.125 210.0  30.0
 6.385 1015.0  90  54  63  -9.375 210.0  30.0
 6.385 1020.0  90  54  66   3.125 150.0  30.0
 6.385 1025.0  90  54  63   3.125 330.0  30.0
 6.385 1030.0  90  54  66  -9.375 330.0  30.0
 6.385 1035.0  90  54  66   3.125 330.0  30.0
 6.385 1040.0  90  54  66   3.125 330.0  30.0
 6.385 1045.0  90  54  63   3.125 330.0  30.0
 6.385 1047.5  90  54  63  -3.125 210.0  30.0
 6.385 1050.0  90  54  63  -9.375 210.0  30.0
 6.385 1055.0  90  54  66   3.125 330.0  30.0
 6.385 1060.0  90  54  63  -9.375 330.0  30.0
 6.385 1062.5  90  54  63  -3.125 210.0  30.0
 6.385 1065.0  90  54  63  -9.375 330.0  30.0
 6.385 1070.0  90  54  63  -9.375 150.0  30.0
 6.385 1072.5  90  54  63  -3.125 210.0  30.0
 6.385 1075.0  90  54  63   9.375 330.0  30.0
 6.385 1080.0  90  54  66  -3.125 150.0  30.0
 6.385 1085.0  90  54  63  -3.125 330.0  30.0
 6.385 1087.5  90  54  63   3.125 210.0  30.0
 6.385 1090.0  90  54  63  -3.125 330.0  30.0
 6.385  492.5 -90  51  60  -3.125   0.0   0.0
 6.385  495.0 -90  51  60  -3.125   0.0   0.0
 6.385  497.5 -90  51  66  -3.125   0.0   0.0
 6.385  500.0 -90  51  66  -3.125   0.0   0.0
 6.385  505.0 -90  51  60  -3.125   0.0   0.0
 6.385  507.5 -90  51  60   3.125   0.0   0.0
 6.385  985.0 -90  51  60  -3.125   0.0   0.0
 6.385  990.0 -90  51  63  -3.125   0.0   0.0
 6.385  992.5 -90  51  66  -3.125   0.0   0.0
 6.385  995.0 -90  51  75  -3.125   0.0   0.0
 6.385  997.5 -90  51  78  -3.125   0.0   0.0
 6.385 1000.0 -90  51  78  -3.125   0.0   0.0
 6.385 1002.5 -90  51  81  -3.125   0.0   0.0
 6.385 1005.0 -90  51  78  -3.125   0.0   0.0
 6.385 1007.5 -90  51  78  -3.125   0.0   0.0
 6.385 1010.0 -90  51  78  -3.125   0.0   0.0
 6.385 1012.5 -90  51  72  -3.125   0.0   0.0
 6.385 1015.0 -90  51  66   3.125   0.0   0.0
 6.385 1017.5 -90  51  63  -3.125   0.0   0.0
 6.385 1020.0 -90  51  66  -9.375   0.0   0.0
 6.385 1022.5 -90  51  60  -3.125 330.0  30.0
 6.385 1025.0 -90  51  63  -9.375 150.0  30.0
 6.385 1030.0 -90  51  66   9.375   0.0   0.0
 6.385 1032.5 -90  51  60   3.125  30.0  30.0
 6.385 1035.0 -90  51  63  -3.125 150.0  30.0
 6.385 1037.5 -90  51  60  -3.125 210.0  30.0
 6.385 1040.0 -90  51  63   3.125  90.0  30.0
 6.385 1042.5 -90  51  60  -3.125  90.0  30.0
 6.385 1045.0 -90  51  63  -3.125   0.0   0.0
 6.385 1050.0 -90  51  66   9.375   0.0   0.0
 6.385 1055.0 -90  51  63   3.125   0.0   0.0
 6.385 1060.0 -90  51  63  -9.375   0.0   0.0
 6.385 1062.5 -90  51  60   3.125  30.0  30.0
 6.385 1065.0 -90  51  63  -9.375   0.0   0.0
 6.385 1070.0 -90  51  63  -3.125   0.0   0.0
 6.385 1075.0 -90  51  63   9.375   0.0   0.0
 6.385 1080.0 -90  51  66  -3.125  90.0  30.0
 6.385 1085.0 -90  51  63   3.125   0.0   0.0
 6.385 1090.0 -90  51  63  -3.125   0.0   0.0
 6.410 1015.0  90  57  66   9.375 330.0  30.0
 6.410 1020.0  90  57  66  -9.375 150.0  30.0
 6.410 1022.5  90  57  69   9.375  30.0  30.0
 6.410 1025.0  90  57  66   9.375   0.0   0.0
 6.410 1027.5  90  57  66  -9.375  30.0  30.0
 6.410 1035.0  90  57  66   9.375  30.0  30.0
 6.410 1040.0  90  57  66   9.375  30.0  30.0
 6.410 1042.5  90  57  66  -9.375 210.0  30.0
 6.410 1045.0  90  57  66   9.375 150.0  30.0
 6.410 1047.5  90  57  66   9.375  30.0  30.0
 6.410 1050.0  90  57  66  -9.375   0.0   0.0
 6.410 1052.5  90  57  66  -3.125  30.0  30.0
 6.410 1057.5  90  57  66  -3.125  30.0  30.0
 6.410 1060.0  90  57  66   3.125 330.0  30.0
 6.410 1065.0  90  57  66   3.125 330.0  30.0
 6.410 1070.0  90  57  66   3.125   0.0   0.0
 6.410 1077.5  90  57  66  -3.125  30.0  30.0
 6.410 1080.0  90  57  66   3.125 150.0  30.0
 6.410 1082.5  90  57  66   3.125  30.0  30.0
 6.410 1085.0  90  57  66   3.125   0.0   0.0
 6.410 1087.5  90  57  66   3.125  30.0  30.0
 6.410 1090.0  90  57  66   3.125   0.0   0.0
 6.410  507.5 -90  54  66  -3.125   0.0   0.0
 6.410  510.0 -90  54  69  -3.125   0.0   0.0
 6.410  512.5 -90  54  66  -3.125   0.0   0.0
 6.410 1002.5 -90  54  63  -3.125   0.0   0.0
 6.410 1005.0 -90  54  72  -3.125   0.0   0.0
 6.410 1007.5 -90  54  75  -3.125   0.0   0.0
 6.410 1010.0 -90  54  75  -3.125   0.0   0.0
 6.410 1012.5 -90  54  69  -3.125   0.0   0.0
 6.410 1015.0 -90  54  66  -3.125   0.0   0.0
 6.410 1017.5 -90  54  75  -3.125   0.0   0.0
 6.410 1020.0 -90  54  78  -3.125   0.0   0.0
 6.410 1022.5 -90  54  78  -3.125   0.0   0.0
 6.410 1025.0 -90  54  75  -3.125   0.0   0.0
 6.410 1027.5 -90  54  63  -3.125   0.0   0.0
 6.410 1030.0 -90  54  66  -3.125   0.0   0.0
 6.435 1015.0  90  54  63  -3.125   0.0   0.0
 6.435 1020.0  90  54  63   3.125   0.0   0.0
 6.435 1025.0  90  54  63  -3.125   0.0   0.0
 6.435 1035.0  90  54  63   3.125   0.0   0.0
 6.435 1045.0  90  54  63  -3.125   0.0   0.0
 6.435 1055.0  90  54  63   3.125   0.0   0.0
 6.435 1075.0  90  54  63  -3.125   0.0   0.0
 6.435 1085.0  90  54  63   9.375   0.0   0.0
 6.435 1090.0  90  54  63   9.375   0.0   0.0
 6.435  510.0 -90  54  66  -3.125   0.0   0.0
 6.435  512.5 -90  54  66  -3.125   0.0   0.0
 6.435  515.0 -90  54  69   3.125   0.0   0.0
 6.435  517.5 -90  54  63  -3.125   0.0   0.0
 6.435 1007.5 -90  54  63  -3.125   0.0   0.0
 6.435 1010.0 -90  54  63  -3.125   0.0   0.0
 6.435 1017.5 -90  54  72  -3.125   0.0   0.0
 6.435 1020.0 -90  54  78  -3.125   0.0   0.0
 6.435 1022.5 -90  54  81  -3.125   0.0   0.0
 6.435 1025.0 -90  54  81  -3.125   0.0   0.0
 6.435 1027.5 -90  54  81  -3.125   0.0   0.0
 6.435 1030.0 -90  54  81  -3.125   0.0   0.0
 6.435 1032.5 -90  54  78  -3.125   0.0   0.0
 6.435 1035.0 -90  54  75  -3.125   0.0   0.0
 6.435 1037.5 -90  54  72  -3.125   0.0   0.0
 6.435 1040.0 -90  54  69  -3.125   0.0   0.0
 6.435 1045.0 -90  54  66  -3.125   0.0   0.0
 6.460  515.0 -90  54  66  -3.125   0.0   0.0
 6.460  517.5 -90  54  63  -3.125   0.0   0.0
 6.460  522.5 -90  54  63   3.125   0.0   0.0
 6.460 1015.0 -90  54  66  -9.375   0.0   0.0
 6.460 1017.5 -90  54  63  -9.375  30.0  30.0
 6.460 1020.0 -90  54  63  -9.375   0.0   0.0
 6.460 1022.5 -90  54  69  -3.125   0.0   0.0
 6.460 1025.0 -90  54  66   3.125   0.0   0.0
 6.460 1027.5 -90  54  75  -3.125   0.0   0.0
 6.460 1030.0 -90  54  78  -3.125   0.0   0.0
 6.460 1032.5 -90  54  81  -3.125   0.0   0.0
 6.460 1035.0 -90  54  81  -3.125   0.0   0.0
 6.460 1037.5 -90  54  81  -3.125   0.0   0.0
 6.460 1040.0 -90  54  78  -3.125   0.0   0.0
 6.460 1042.5 -90  54  78  -3.125   0.0   0.0
 6.460 1045.0 -90  54  75  -3.125   0.0   0.0
 6.460 1047.5 -90  54  72   3.125   0.0   0.0
 6.460 1050.0 -90  54  66   3.125   0.0   0.0
 6.460 1052.5 -90  54  66  -3.125   0.0   0.0
 6.460 1060.0 -90  54  66  -3.125   0.0   0.0
 6.460 1062.5 -90  54  63   3.125   0.0   0.0
 6.460 1065.0 -90  54  63   3.125   0.0   0.0
 6.460 1067.5 -90  54  63   3.125   0.0   0.0
 6.460 1070.0 -90  54  63  -3.125   0.0   0.0
 6.460 1072.5 -90  54  63  -3.125   0.0   0.0
 6.460 1075.0 -90  54  63  -3.125   0.0   0.0
 6.460 1080.0 -90  54  63   9.375   0.0   0.0
 6.460 1085.0 -90  54  63   9.375  30.0  30.0
 6.460 1087.5 -90  54  63  -9.375  30.0  30.0
 6.460 1090.0 -90  54  63  -9.375  30.0  30.0
 6.485  520.0 -90  54  66  -3.125   0.0   0.0
 6.485  522.5 -90  54  66  -3.125   0.0   0.0
 6.485  527.5 -90  54  63  -3.125   0.0   0.0
 6.485  530.0 -90  54  66  -3.125   0.0   0.0
 6.485  532.5 -90  54  63  -3.125   0.0   0.0
 6.485 1012.5 -90  54  63   9.375  90.0  30.0
 6.485 1015.0 -90  54  66   9.375 150.0  30.0
 6.485 1020.0 -90  54  66  -9.375 150.0  30.0
 6.485 1025.0 -90  54  66  -9.375 150.0  30.0
 6.485 1030.0 -90  54  69  -9.375   0.0   0.0
 6.485 1032.5 -90  54  69  -3.125   0.0   0.0
 6.485 1035.0 -90  54  69  -3.125   0.0   0.0
 6.485 1037.5 -90  54  72  -3.125   0.0   0.0
 6.485 1040.0 -90  54  72  -3.125   0.0   0.0
 6.485 1042.5 -90  54  78  -3.125   0.0   0.0
 6.485 1045.0 -90  54  75  -3.125   0.0   0.0
 6.485 1047.5 -90  54  72  -3.125   0.0   0.0
 6.485 1050.0 -90  54  66   9.375  30.0  30.0
 6.485 1052.5 -90  54  72  -3.125   0.0   0.0
 6.485 1055.0 -90  54  75  -3.125   0.0   0.0
 6.485 1057.5 -90  54  75  -3.125   0.0   0.0
 6.485 1060.0 -90  54  69  -3.125   0.0   0.0
 6.485 1062.5 -90  54  69  -3.125   0.0   0.0
 6.485 1065.0 -90  54  72  -3.125   0.0   0.0
 6.485 1067.5 -90  54  69  -3.125   0.0   0.0
 6.485 1070.0 -90  54  66   3.125  30.0  30.0
 6.485 1072.5 -90  54  63  -3.125 330.0  30.0
 6.485 1075.0 -90  54  66   3.125  30.0  30.0
 6.485 1080.0 -90  54  66   3.125 150.0  30.0
 6.485 1082.5 -90  54  63   3.125 150.0  30.0
 6.485 1085.0 -90  54  66   3.125 150.0  30.0
 6.485 1087.5 -90  54  63   3.125  90.0  30.0
 6.485 1090.0 -90  54  66  -3.125 150.0  30.0
 6.510 1015.0  90  48  60  -9.375  90.0  30.0
 6.510 1017.5  90  48  57   3.125  30.0  30.0
 6.510 1020.0  90  48  60   9.375  90.0  30.0
 6.510 1025.0  90  48  60   9.375  90.0  30.0
 6.510 1030.0  90  48  60  -9.375  90.0  30.0
 6.510 1035.0  90  48  60  -3.125  90.0  30.0
 6.510 1037.5  90  48  57   3.125   0.0   0.0
 6.510 1040.0  90  48  60   9.375  90.0  30.0
 6.510 1042.5  90  48  57   9.375  30.0  30.0
 6.510 1045.0  90  48  63   3.125  90.0  30.0
 6.510 1047.5  90  48  57   3.125  30.0  30.0
 6.510 1050.0  90  48  63   3.125   0.0   0.0
 6.510 1055.0  90  48  60   9.375   0.0   0.0
 6.510 1060.0  90  48  60  -9.375  90.0  30.0
 6.510 1062.5  90  48  57   3.125  30.0  30.0
 6.510 1065.0  90  48  63   9.375  90.0  30.0
 6.510 1067.5  90  48  57   3.125 210.0  30.0
 6.510 1070.0  90  48  63  -3.125  90.0  30.0
 6.510 1072.5  90  48  57  -3.125 210.0  30.0
 6.510 1075.0  90  48  60   9.375  90.0  30.0
 6.510 1080.0  90  48  60  -3.125  90.0  30.0
 6.510 1082.5  90  48  57  -3.125  30.0  30.0
 6.510 1085.0  90  48  60   3.125  90.0  30.0
 6.510 1087.5  90  48  57  -9.375  30.0  30.0
 6.510 1090.0  90  48  63  -9.375  90.0  30.0
 6.510  520.0 -90  48  60   3.125   0.0   0.0
 6.510  522.5 -90  48  57   3.125   0.0   0.0
 6.510  525.0 -90  48  60  -3.125   0.0   0.0
 6.510  530.0 -90  48  69  -3.125   0.0   0.0
 6.510  532.5 -90  48  72  -3.125   0.0   0.0
 6.510  535.0 -90  48  69  -3.125   0.0   0.0
 6.510  537.5 -90  48  66  -3.125   0.0   0.0
 6.510  540.0 -90  48  63  -3.125   0.0   0.0
 6.510 1015.0 -90  48  60   3.125 150.0  30.0
 6.510 1020.0 -90  48  60  -3.125   0.0   0.0
 6.510 1022.5 -90  48  57   3.125  90.0  30.0
 6.510 1025.0 -90  48  57  -9.375   0.0   0.0
 6.510 1030.0 -90  48  63  -3.125   0.0   0.0
 6.510 1032.5 -90  48  60  -3.125  90.0  30.0
 6.510 1035.0 -90  48  60  -9.375   0.0   0.0
 6.510 1037.5 -90  48  63  -3.125   0.0   0.0
 6.510 1040.0 -90  48  66  -3.125   0.0   0.0
 6.510 1042.5 -90  48  66  -3.125   0.0   0.0
 6.510 1045.0 -90  48  63   3.125   0.0   0.0
 6.510 1047.5 -90  48  60  -3.125   0.0   0.0
 6.510 1050.0 -90  48  66   3.125   0.0   0.0
 6.510 1052.5 -90  48  66  -3.125   0.0   0.0
 6.510 1055.0 -90  48  69  -3.125   0.0   0.0
 6.510 1057.5 -90  48  66  -3.125   0.0   0.0
 6.510 1060.0 -90  48  69  -3.125   0.0   0.0
 6.510 1062.5 -90  48  69  -3.125   0.0   0.0
 6.510 1065.0 -90  48  75  -3.125   0.0   0.0
 6.510 1067.5 -90  48  78  -3.125   0.0   0.0
 6.510 1070.0 -90  48  75  -3.125   0.0   0.0
 6.510 1072.5 -90  48  72  -3.125   0.0   0.0
 6.510 1075.0 -90  48  72  -3.125   0.0   0.0
 6.510 1077.5 -90  48  69  -3.125   0.0   0.0
 6.510 1080.0 -90  48  72  -3.125   0.0   0.0
 6.510 1082.5 -90  48  66  -3.125   0.0   0.0
 6.510 1085.0 -90  48  66  -3.125   0.0   0.0
 6.510 1087.5 -90  48  63  -3.125   0.0   0.0
 6.510 1090.0 -90  48  60   3.125   0.0   0.0
 6.535  370.0  90  42  51  -9.375  90.0  30.0
 6.535 1012.5  90  42  60  -9.375  30.0  30.0
 6.535 1015.0  90  42  63  -9.375  90.0  30.0
 6.535 1017.5  90  42  57   9.375  30.0  30.0
 6.535 1020.0  90  42  63  -9.375  90.0  30.0
 6.535 1022.5  90  42  60  -9.375  30.0  30.0
 6.535 1025.0  90  42  66  -9.375  90.0  30.0
 6.535 1027.5  90  42  60   9.375  30.0  30.0
 6.535 1030.0  90  42  66  -9.375  90.0  30.0
 6.535 1032.5  90  42  60  -9.375  30.0  30.0
 6.535 1035.0  90  42  63  -9.375  90.0  30.0
 6.535 1037.5  90  42  57   9.375  30.0  30.0
 6.535 1040.0  90  42  63  -9.375  90.0  30.0
 6.535 1042.5  90  42  57   9.375  30.0  30.0
 6.535 1045.0  90  42  63  -9.375  90.0  30.0
 6.535 1047.5  90  42  60  -9.375  30.0  30.0
 6.535 1050.0  90  42  63  -9.375  90.0  30.0
 6.535 1052.5  90  42  60  -3.125  30.0  30.0
 6.535 1055.0  90  42  63   3.125  90.0  30.0
 6.535 1057.5  90  42  60   3.125  30.0  30.0
 6.535 1060.0  90  42  63   3.125  90.0  30.0
 6.535 1062.5  90  42  57  -3.125  90.0  30.0
 6.535 1065.0  90  42  63   3.125  90.0  30.0
 6.535 1067.5  90  42  60  -3.125  90.0  30.0
 6.535 1070.0  90  42  63   3.125  90.0  30.0
 6.535 1072.5  90  42  60  -3.125  30.0  30.0
 6.535 1075.0  90  42  66   3.125  90.0  30.0
 6.535 1077.5  90  42  60   3.125   0.0   0.0
 6.535 1080.0  90  42  63   3.125   0.0   0.0
 6.535 1082.5  90  42  60  -3.125  30.0  30.0
 6.535 1085.0  90  42  66   3.125  90.0  30.0
 6.535 1087.5  90  42  57  -3.125  90.0  30.0
 6.535 1090.0  90  42  63   3.125  90.0  30.0
 6.535 1092.5  90  42  51   3.125   0.0   0.0
 6.535  530.0 -90  48  57   3.125   0.0   0.0
 6.535  532.5 -90  48  66  -3.125   0.0   0.0
 6.535  537.5 -90  48  63  -3.125   0.0   0.0
 6.535  540.0 -90  48  69  -3.125   0.0   0.0
 6.535  542.5 -90  48  66  -3.125   0.0   0.0
 6.535  545.0 -90  48  63  -3.125   0.0   0.0
 6.535  547.5 -90  48  57  -3.125   0.0   0.0
 6.535 1050.0 -90  48  57  -3.125   0.0   0.0
 6.535 1052.5 -90  48  57  -3.125   0.0   0.0
 6.535 1057.5 -90  48  57  -3.125   0.0   0.0
 6.535 1065.0 -90  48  66  -3.125   0.0   0.0
 6.535 1067.5 -90  48  69  -3.125   0.0   0.0
 6.535 1070.0 -90  48  72  -3.125   0.0   0.0
 6.535 1072.5 -90  48  63  -3.125   0.0   0.0
 6.535 1075.0 -90  48  69  -3.125   0.0   0.0
 6.535 1077.5 -90  48  75  -3.125   0.0   0.0
 6.535 1080.0 -90  48  78  -3.125   0.0   0.0
 6.535 1082.5 -90  48  78  -3.125   0.0   0.0
 6.535 1085.0 -90  48  78  -3.125   0.0   0.0
 6.535 1087.5 -90  48  75  -3.125   0.0   0.0
 6.535 1090.0 -90  48  69  -3.125   0.0   0.0
 6.535 1092.5 -90  48  66  -3.125   0.0   0.0
 6.535 1095.0 -90  48  66  -3.125   0.0   0.0
 6.535 1097.5 -90  48  66  -3.125   0.0   0.0
 6.535 1100.0 -90  48  63  -3.125   0.0   0.0
 6.535 1102.5 -90  48  60  -3.125   0.0   0.0
 6.560 1012.5  90  39  54  -3.125  30.0  30.0
 6.560 1015.0  90  39  57   3.125  90.0  30.0
 6.560 1017.5  90  39  54  -3.125  30.0  30.0
 6.560 1020.0  90  39  57  -9.375  90.0  30.0
 6.560 1022.5  90  39  54  -9.375  30.0  30.0
 6.560 1025.0  90  39  57   9.375  90.0  30.0
 6.560 1027.5  90  39  54   3.125  30.0  30.0
 6.560 1030.0  90  39  57   9.375  90.0  30.0
 6.560 1032.5  90  39  54  -3.125  30.0  30.0
 6.560 1035.0  90  39  57   3.125  90.0  30.0
 6.560 1037.5  90  39  54  -3.125  30.0  30.0
 6.560 1040.0  90  39  57  -3.125  90.0  30.0
 6.560 1042.5  90  39  54   3.125   0.0   0.0
 6.560 1045.0  90  39  57  -9.375  90.0  30.0
 6.560 1047.5  90  39  54   9.375  90.0  30.0
 6.560 1050.0  90  39  57   3.125  90.0  30.0
 6.560 1052.5  90  39  54  -3.125  30.0  30.0
 6.560 1055.0  90  39  57   3.125  90.0  30.0
 6.560 1057.5  90  39  54   9.375  90.0  30.0
 6.560 1060.0  90  39  57   3.125  90.0  30.0
 6.560 1062.5  90  39  54   9.375  30.0  30.0
 6.560 1065.0  90  39  57   9.375  90.0  30.0
 6.560 1067.5  90  39  54   9.375  30.0  30.0
 6.560 1070.0  90  39  57   9.375  90.0  30.0
 6.560 1072.5  90  39  54  -9.375  30.0  30.0
 6.560 1075.0  90  39  57   3.125  90.0  30.0
 6.560 1077.5  90  39  54  -9.375  30.0  30.0
 6.560 1080.0  90  39  57  -3.125  90.0  30.0
 6.560 1082.5  90  39  54  -3.125  30.0  30.0
 6.560 1085.0  90  39  57   9.375  90.0  30.0
 6.560 1087.5  90  39  54  -3.125  30.0  30.0
 6.560 1090.0  90  39  57   3.125  90.0  30.0
 6.560 1092.5  90  39  48  -3.125  90.0  30.0
 6.560  172.5 -90  42  51  -3.125   0.0   0.0
 6.560  175.0 -90  42  51  -3.125   0.0   0.0
 6.560  530.0 -90  42  54  -3.125   0.0   0.0
 6.560  532.5 -90  42  60  -3.125   0.0   0.0
 6.560  535.0 -90  42  63  -3.125   0.0   0.0
 6.560  537.5 -90  42  63  -3.125   0.0   0.0
 6.560  540.0 -90  42  69  -3.125   0.0   0.0
 6.560  542.5 -90  42  57  -3.125  30.0  30.0
 6.560  545.0 -90  42  66  -3.125   0.0   0.0
 6.560  547.5 -90  42  69  -3.125   0.0   0.0
 6.560  550.0 -90  42  66  -3.125   0.0   0.0
 6.560  552.5 -90  42  63  -3.125   0.0   0.0
 6.560  555.0 -90  42  66  -3.125   0.0   0.0
 6.560  557.5 -90  42  63  -3.125   0.0   0.0
 6.560  560.0 -90  42  60  -3.125   0.0   0.0
 6.560  562.5 -90  42  51  -3.125   0.0   0.0
 6.560 1052.5 -90  42  54  -3.125   0.0   0.0
 6.560 1065.0 -90  42  57  -3.125   0.0   0.0
 6.560 1067.5 -90  42  60  -3.125   0.0   0.0
 6.560 1070.0 -90  42  60  -3.125   0.0   0.0
 6.560 1072.5 -90  42  51  -3.125 330.0  30.0
 6.560 1075.0 -90  42  54  -3.125   0.0   0.0
 6.560 1077.5 -90  42  66  -3.125   0.0   0.0
 6.560 1080.0 -90  42  66  -3.125   0.0   0.0
 6.560 1082.5 -90  42  72  -3.125   0.0   0.0
 6.560 1085.0 -90  42  72  -3.125   0.0   0.0
 6.560 1087.5 -90  42  72  -3.125   0.0   0.0
 6.560 1090.0 -90  42  69  -3.125   0.0   0.0
 6.560 1092.5 -90  42  54  -3.125   0.0   0.0
 6.560 1095.0 -90  42  69  -3.125   0.0   0.0
 6.560 1097.5 -90  42  72  -3.125   0.0   0.0
 6.560 1100.0 -90  42  75  -3.125   0.0   0.0
 6.560 1102.5 -90  42  78  -3.125   0.0   0.0
 6.560 1105.0 -90  42  78  -3.125   0.0   0.0
 6.560 1107.5 -90  42  75  -3.125   0.0   0.0
 6.560 1110.0 -90  42  75  -3.125   0.0   0.0
 6.560 1112.5 -90  42  72  -3.125   0.0   0.0
 6.560 1115.0 -90  42  69  -3.125   0.0   0.0
 6.560 1117.5 -90  42  66  -3.125   0.0   0.0
 6.560 1120.0 -90  42  63  -3.125   0.0   0.0
 6.560 1122.5 -90  42  60  -3.125   0.0   0.0
 6.560 1125.0 -90  42  54  -3.125   0.0   0.0
 6.560 1127.5 -90  42  51  -3.125   0.0   0.0
 6.585  512.5 -90  42  51  -3.125 330.0  30.0
 6.585  515.0 -90  42  51   3.125   0.0   0.0
 6.585  525.0 -90  42  51  -3.125   0.0   0.0
 6.585  530.0 -90  42  51  -3.125   0.0   0.0
 6.585  537.5 -90  42  57   3.125   0.0   0.0
 6.585  540.0 -90  42  57  -3.125   0.0   0.0
 6.585  542.5 -90  42  60  -3.125   0.0   0.0
 6.585  545.0 -90  42  54  -3.125 330.0  30.0
 6.585  547.5 -90  42  66  -3.125   0.0   0.0
 6.585  550.0 -90  42  57  -3.125   0.0   0.0
 6.585  552.5 -90  42  51  -3.125  90.0  30.0
 6.585  555.0 -90  42  72  -3.125   0.0   0.0
 6.585  557.5 -90  42  72  -3.125   0.0   0.0
 6.585  560.0 -90  42  69  -3.125   0.0   0.0
 6.585  562.5 -90  42  63  -3.125   0.0   0.0
 6.585  565.0 -90  42  60  -3.125   0.0   0.0
 6.585  567.5 -90  42  54  -3.125   0.0   0.0
 6.585 1015.0 -90  42  51   3.125 270.0  30.0
 6.585 1020.0 -90  42  51   9.375 270.0  30.0
 6.585 1025.0 -90  42  51   3.125 330.0  30.0
 6.585 1030.0 -90  42  51   9.375 270.0  30.0
 6.585 1035.0 -90  42  51  -3.125 330.0  30.0
 6.585 1042.5 -90  42  51   3.125 150.0  30.0
 6.585 1045.0 -90  42  51   3.125 330.0  30.0
 6.585 1050.0 -90  42  51   3.125 330.0  30.0
 6.585 1055.0 -90  42  51  -9.375 270.0  30.0
 6.585 1060.0 -90  42  51  -3.125 270.0  30.0
 6.585 1065.0 -90  42  51   9.375 270.0  30.0
 6.585 1067.5 -90  42  51  -3.125   0.0   0.0
 6.585 1070.0 -90  42  54   3.125   0.0   0.0
 6.585 1072.5 -90  42  57  -3.125  90.0  30.0
 6.585 1075.0 -90  42  54  -3.125   0.0   0.0
 6.585 1077.5 -90  42  51  -3.125   0.0   0.0
 6.585 1080.0 -90  42  51  -9.375 270.0  30.0
 6.585 1082.5 -90  42  54  -3.125   0.0   0.0
 6.585 1085.0 -90  42  57   3.125   0.0   0.0
 6.585 1087.5 -90  42  54  -3.125   0.0   0.0
 6.585 1090.0 -90  42  54   3.125 270.0  30.0
 6.585 1092.5 -90  42  57  -3.125   0.0   0.0
 6.585 1095.0 -90  42  54  -3.125   0.0   0.0
 6.585 1097.5 -90  42  60  -3.125   0.0   0.0
 6.585 1100.0 -90  42  60  -3.125   0.0   0.0
 6.585 1102.5 -90  42  72  -3.125   0.0   0.0
 6.585 1105.0 -90  42  75  -3.125   0.0   0.0
 6.585 1107.5 -90  42  75  -3.125   0.0   0.0
 6.585 1110.0 -90  42  78  -3.125   0.0   0.0
 6.585 1112.5 -90  42  75  -3.125   0.0   0.0
 6.585 1115.0 -90  42  75  -3.125   0.0   0.0
 6.585 1117.5 -90  42  72  -3.125   0.0   0.0
 6.585 1120.0 -90  42  72  -3.125   0.0   0.0
 6.585 1122.5 -90  42  69  -3.125   0.0   0.0
 6.585 1125.0 -90  42  69  -3.125   0.0   0.0
 6.585 1127.5 -90  42  69  -3.125   0.0   0.0
 6.585 1130.0 -90  42  72  -3.125   0.0   0.0
 6.585 1132.5 -90  42  72  -3.125   0.0   0.0
 6.585 1135.0 -90  42  69  -3.125   0.0   0.0
 6.585 1137.5 -90  42  66  -3.125   0.0   0.0
 6.585 1140.0 -90  42  66  -3.125   0.0   0.0
 6.585 1142.5 -90  42  60  -3.125   0.0   0.0
 6.585 1145.0 -90  42  60  -3.125   0.0   0.0
 6.585 1147.5 -90  42  54   3.125   0.0   0.0
 6.585 1150.0 -90  42  54  -3.125   0.0   0.0
 6.610  542.5 -90  42  51  -3.125   0.0   0.0
 6.610  545.0 -90  42  51  -3.125 330.0  30.0
 6.610  547.5 -90  42  60  -3.125   0.0   0.0
 6.610  550.0 -90  42  60  -3.125   0.0   0.0
 6.610  552.5 -90  42  60  -3.125   0.0   0.0
 6.610  555.0 -90  42  63  -3.125   0.0   0.0
 6.610  557.5 -90  42  69  -3.125   0.0   0.0
 6.610  560.0 -90  42  63  -3.125   0.0   0.0
 6.610  562.5 -90  42  60  -3.125   0.0   0.0
 6.610  565.0 -90  42  66  -3.125   0.0   0.0
 6.610  567.5 -90  42  63  -3.125   0.0   0.0
 6.610  570.0 -90  42  63  -3.125   0.0   0.0
 6.610  572.5 -90  42  66  -3.125   0.0   0.0
 6.610  575.0 -90  42  66  -3.125   0.0   0.0
 6.610  577.5 -90  42  66  -3.125   0.0   0.0
 6.610  580.0 -90  42  66  -3.125   0.0   0.0
 6.610  582.5 -90  42  63  -3.125   0.0   0.0
 6.610  585.0 -90  42  57  -3.125   0.0   0.0
 6.610  587.5 -90  42  51  -3.125   0.0   0.0
 6.610 1015.0 -90  42  57   9.375 270.0  30.0
 6.610 1017.5 -90  42  51   9.375 270.0  30.0
 6.610 1020.0 -90  42  57  -9.375 270.0  30.0
 6.610 1025.0 -90  42  54   9.375 270.0  30.0
 6.610 1027.5 -90  42  51  -9.375  90.0  30.0
 6.610 1030.0 -90  42  54  -9.375 270.0  30.0
 6.610 1035.0 -90  42  57   9.375 270.0  30.0
 6.610 1037.5 -90  42  51  -9.375 270.0  30.0
 6.610 1040.0 -90  42  54   9.375 270.0  30.0
 6.610 1045.0 -90  42  54  -9.375 270.0  30.0
 6.610 1050.0 -90  42  57   9.375 270.0  30.0
 6.610 1055.0 -90  42  57  -3.125 270.0  30.0
 6.610 1057.5 -90  42  51   3.125  90.0  30.0
 6.610 1060.0 -90  42  54   3.125 270.0  30.0
 6.610 1062.5 -90  42  51   3.125 270.0  30.0
 6.610 1065.0 -90  42  57  -3.125 270.0  30.0
 6.610 1070.0 -90  42  54  -3.125 270.0  30.0
 6.610 1072.5 -90  42  51   3.125 270.0  30.0
 6.610 1075.0 -90  42  57  -3.125 270.0  30.0
 6.610 1080.0 -90  42  57  -3.125 270.0  30.0
 6.610 1082.5 -90  42  51   3.125 270.0  30.0
 6.610 1085.0 -90  42  57  -3.125 330.0  30.0
 6.610 1087.5 -90  42  54  -3.125 270.0  30.0
 6.610 1090.0 -90  42  57  -3.125   0.0   0.0
 6.610 1092.5 -90  42  54  -3.125   0.0   0.0
 6.610 1095.0 -90  42  54  -3.125   0.0   0.0
 6.610 1097.5 -90  42  54  -3.125   0.0   0.0
 6.610 1100.0 -90  42  57  -3.125   0.0   0.0
 6.610 1102.5 -90  42  57  -3.125   0.0   0.0
 6.610 1105.0 -90  42  51  -3.125  30.0  30.0
 6.610 1107.5 -90  42  57  -3.125   0.0   0.0
 6.610 1110.0 -90  42  60  -3.125   0.0   0.0
 6.610 1112.5 -90  42  60  -3.125   0.0   0.0
 6.610 1115.0 -90  42  60  -3.125   0.0   0.0
 6.610 1117.5 -90  42  63  -3.125   0.0   0.0
 6.610 1120.0 -90  42  63  -3.125   0.0   0.0
 6.610 1122.5 -90  42  51  -3.125   0.0   0.0
 6.610 1125.0 -90  42  69  -3.125   0.0   0.0
 6.610 1127.5 -90  42  69  -3.125   0.0   0.0
 6.610 1130.0 -90  42  69  -3.125   0.0   0.0
 6.610 1132.5 -90  42  72  -3.125   0.0   0.0
 6.610 1135.0 -90  42  75  -3.125   0.0   0.0
 6.610 1137.5 -90  42  75  -3.125   0.0   0.0
 6.610 1140.0 -90  42  75  -3.125   0.0   0.0
 6.610 1142.5 -90  42  75  -3.125   0.0   0.0
 6.610 1145.0 -90  42  72  -3.125   0.0   0.0
 6.610 1147.5 -90  42  69  -3.125   0.0   0.0
 6.610 1150.0 -90  42  69  -3.125   0.0   0.0
 6.610 1152.5 -90  42  69  -3.125   0.0   0.0
 6.610 1155.0 -90  42  66  -3.125   0.0   0.0
 6.610 1157.5 -90  42  66  -3.125   0.0   0.0
 6.610 1160.0 -90  42  66  -3.125   0.0   0.0
 6.610 1162.5 -90  42  60  -3.125   0.0   0.0
 6.610 1165.0 -90  42  54  -3.125   0.0   0.0
 6.610 1167.5 -90  42  57  -3.125   0.0   0.0
 6.610 1170.0 -90  42  54  -3.125   0.0   0.0
 6.610 1172.5 -90  42  51  -3.125   0.0   0.0
 6.635 1015.0  90  39  48  -9.375 210.0  30.0
 6.635 1020.0  90  39  48   9.375 210.0  30.0
 6.635 1025.0  90  39  48   3.125 210.0  30.0
 6.635 1030.0  90  39  48  -3.125 210.0  30.0
 6.635 1035.0  90  39  48  -9.375 210.0  30.0
 6.635 1040.0  90  39  48   9.375 210.0  30.0
 6.635 1045.0  90  39  48   9.375 210.0  30.0
 6.635 1050.0  90  39  48   9.375 210.0  30.0
 6.635 1055.0  90  39  48   3.125 210.0  30.0
 6.635 1060.0  90  39  48  -9.375 210.0  30.0
 6.635 1070.0  90  39  48   9.375 210.0  30.0
 6.635 1075.0  90  39  48   9.375 210.0  30.0
 6.635 1080.0  90  39  48   9.375 210.0  30.0
 6.635 1085.0  90  39  48   3.125 210.0  30.0
 6.635 1090.0  90  39  48  -9.375 210.0  30.0
 6.635  270.0 -90  42  51  -3.125   0.0   0.0
 6.635  540.0 -90  42  51   3.125   0.0   0.0
 6.635  550.0 -90  42  54  -3.125   0.0   0.0
 6.635  552.5 -90  42  51  -3.125   0.0   0.0
 6.635  555.0 -90  42  51   3.125   0.0   0.0
 6.635  557.5 -90  42  57   3.125   0.0   0.0
 6.635  560.0 -90  42  54   3.125   0.0   0.0
 6.635  562.5 -90  42  63   3.125   0.0   0.0
 6.635  565.0 -90  42  63   3.125   0.0   0.0
 6.635  567.5 -90  42  60  -3.125   0.0   0.0
 6.635  570.0 -90  42  57   3.125   0.0   0.0
 6.635  572.5 -90  42  54   3.125   0.0   0.0
 6.635  575.0 -90  42  66  -3.125   0.0   0.0
 6.635  577.5 -90  42  66  -3.125   0.0   0.0
 6.635  580.0 -90  42  69  -3.125   0.0   0.0
 6.635  582.5 -90  42  72  -3.125   0.0   0.0
 6.635  585.0 -90  42  69  -3.125   0.0   0.0
 6.635  587.5 -90  42  66  -3.125   0.0   0.0
 6.635  590.0 -90  42  63  -3.125   0.0   0.0
 6.635  592.5 -90  42  57  -3.125   0.0   0.0
 6.635  595.0 -90  42  51  -3.125   0.0   0.0
 6.635  597.5 -90  42  51   9.375   0.0   0.0
 6.635  600.0 -90  42  51  -9.375   0.0   0.0
 6.635  602.5 -90  42  51   3.125   0.0   0.0
 6.635  605.0 -90  42  51   9.375   0.0   0.0
 6.635  607.5 -90  42  51   9.375   0.0   0.0
 6.635 1020.0 -90  42  51  -3.125 270.0  30.0
 6.635 1025.0 -90  42  51  -9.375 270.0  30.0
 6.635 1030.0 -90  42  51  -9.375 270.0  30.0
 6.635 1040.0 -90  42  51   3.125 270.0  30.0
 6.635 1055.0 -90  42  51  -9.375 270.0  30.0
 6.635 1060.0 -90  42  51  -3.125 270.0  30.0
 6.635 1070.0 -90  42  51  -3.125 270.0  30.0
 6.635 1075.0 -90  42  51   3.125 270.0  30.0
 6.635 1080.0 -90  42  51   3.125 270.0  30.0
 6.635 1085.0 -90  42  51   3.125   0.0   0.0
 6.635 1110.0 -90  42  51   3.125   0.0   0.0
 6.635 1112.5 -90  42  54  -3.125   0.0   0.0
 6.635 1115.0 -90  42  54  -3.125   0.0   0.0
 6.635 1117.5 -90  42  54  -3.125   0.0   0.0
 6.635 1122.5 -90  42  54  -3.125   0.0   0.0
 6.635 1125.0 -90  42  54   3.125   0.0   0.0
 6.635 1127.5 -90  42  54   3.125   0.0   0.0
 6.635 1130.0 -90  42  54  -3.125   0.0   0.0
 6.635 1132.5 -90  42  54   3.125   0.0   0.0
 6.635 1135.0 -90  42  63  -3.125   0.0   0.0
 6.635 1137.5 -90  42  63  -3.125   0.0   0.0
 6.635 1140.0 -90  42  66  -3.125   0.0   0.0
 6.635 1142.5 -90  42  66  -3.125   0.0   0.0
 6.635 1145.0 -90  42  66  -3.125   0.0   0.0
 6.635 1147.5 -90  42  60   3.125   0.0   0.0
 6.635 1150.0 -90  42  66  -3.125   0.0   0.0
 6.635 1152.5 -90  42  69  -3.125   0.0   0.0
 6.635 1155.0 -90  42  66  -3.125   0.0   0.0
 6.635 1157.5 -90  42  66  -3.125   0.0   0.0
 6.635 1160.0 -90  42  66  -3.125   0.0   0.0
 6.635 1162.5 -90  42  66  -3.125   0.0   0.0
 6.635 1165.0 -90  42  66  -3.125   0.0   0.0
 6.635 1167.5 -90  42  66  -3.125   0.0   0.0
 6.635 1170.0 -90  42  63  -3.125   0.0   0.0
 6.635 1172.5 -90  42  60  -3.125   0.0   0.0
 6.635 1175.0 -90  42  54  -3.125   0.0   0.0
 6.635 1180.0 -90  42  54   3.125   0.0   0.0
 6.635 1182.5 -90  42  51  -9.375   0.0   0.0
 6.635 1185.0 -90  42  54   3.125   0.0   0.0
 6.635 1187.5 -90  42  51  -9.375   0.0   0.0
 6.635 1190.0 -90  42  54   3.125   0.0   0.0
 6.660 1015.0  90  39  54  -9.375 210.0  30.0
 6.660 1020.0  90  39  54  -9.375 210.0  30.0
 6.660 1022.5  90  39  48   9.375   0.0   0.0
 6.660 1025.0  90  39  51   9.375 210.0  30.0
 6.660 1030.0  90  39  51  -9.375 210.0  30.0
 6.660 1035.0  90  39  51  -9.375 210.0  30.0
 6.660 1037.5  90  39  48  -9.375 210.0  30.0
 6.660 1040.0  90  39  54  -9.375 210.0  30.0
 6.660 1042.5  90  39  48   9.375 270.0  30.0
 6.660 1045.0  90  39  54  -9.375 210.0  30.0
 6.660 1050.0  90  39  54  -9.375 210.0  30.0
 6.660 1055.0  90  39  54   3.125 210.0  30.0
 6.660 1060.0  90  39  54   3.125 210.0  30.0
 6.660 1062.5  90  39  48  -3.125 270.0  30.0
 6.660 1065.0  90  39  54   3.125 210.0  30.0
 6.660 1067.5  90  39  48  -3.125 210.0  30.0
 6.660 1070.0  90  39  54   3.125 210.0  30.0
 6.660 1072.5  90  39  48   3.125 210.0  30.0
 6.660 1075.0  90  39  51   3.125 210.0  30.0
 6.660 1080.0  90  39  54   3.125 210.0  30.0
 6.660 1082.5  90  39  48  -3.125 330.0  30.0
 6.660 1085.0  90  39  54   3.125 210.0  30.0
 6.660 1090.0  90  39  54   3.125 210.0  30.0
 6.660  557.5 -90  42  51  -3.125   0.0   0.0
 6.660  562.5 -90  42  57  -3.125   0.0   0.0
 6.660  565.0 -90  42  60  -3.125   0.0   0.0
 6.660  567.5 -90  42  60  -3.125   0.0   0.0
 6.660  570.0 -90  42  51   3.125   0.0   0.0
 6.660  572.5 -90  42  54  -3.125   0.0   0.0
 6.660  575.0 -90  42  57  -3.125   0.0   0.0
 6.660  577.5 -90  42  63  -3.125   0.0   0.0
 6.660  580.0 -90  42  69  -3.125   0.0   0.0
 6.660  582.5 -90  42  63  -3.125   0.0   0.0
 6.660  585.0 -90  42  66  -3.125   0.0   0.0
 6.660  587.5 -90  42  63  -3.125   0.0   0.0
 6.660  590.0 -90  42  66  -3.125   0.0   0.0
 6.660  592.5 -90  42  63  -3.125   0.0   0.0
 6.660  595.0 -90  42  63  -3.125   0.0   0.0
 6.660  597.5 -90  42  60  -3.125   0.0   0.0
 6.660  600.0 -90  42  63  -3.125   0.0   0.0
 6.660  602.5 -90  42  63  -3.125   0.0   0.0
 6.660  605.0 -90  42  66  -3.125   0.0   0.0
 6.660  607.5 -90  42  63  -3.125   0.0   0.0
 6.660  610.0 -90  42  60  -3.125   0.0   0.0
 6.660  612.5 -90  42  51   3.125   0.0   0.0
 6.660 1115.0 -90  42  51  -3.125   0.0   0.0
 6.660 1117.5 -90  42  54  -3.125   0.0   0.0
 6.660 1122.5 -90  42  51  -3.125   0.0   0.0
 6.660 1137.5 -90  42  54   3.125   0.0   0.0
 6.660 1150.0 -90  42  54  -3.125   0.0   0.0
 6.660 1157.5 -90  42  54  -3.125   0.0   0.0
 6.660 1160.0 -90  42  51  -3.125   0.0   0.0
 6.660 1162.5 -90  42  51  -3.125   0.0   0.0
 6.660 1165.0 -90  42  60  -3.125   0.0   0.0
 6.660 1167.5 -90  42  60  -3.125   0.0   0.0
 6.660 1170.0 -90  42  57  -3.125   0.0   0.0
 6.660 1172.5 -90  42  57  -3.125   0.0   0.0
 6.660 1175.0 -90  42  54  -3.125   0.0   0.0
 6.660 1177.5 -90  42  54  -3.125   0.0   0.0
 6.660 1180.0 -90  42  60  -3.125   0.0   0.0
 6.660 1182.5 -90  42  63  -3.125   0.0   0.0
 6.660 1185.0 -90  42  60  -3.125   0.0   0.0
 6.660 1187.5 -90  42  57  -3.125   0.0   0.0
 6.660 1190.0 -90  42  60  -3.125   0.0   0.0
 6.660 1192.5 -90  42  51  -3.125   0.0   0.0
 6.660 1197.5 -90  42  51  -3.125   0.0   0.0
 6.660 1200.0 -90  42  51   3.125   0.0   0.0
 6.660 1202.5 -90  42  54  -3.125   0.0   0.0
 6.660 1205.0 -90  42  54  -3.125   0.0   0.0
 6.660 1207.5 -90  42  51  -3.125   0.0   0.0
 6.685 1040.0  90  42  51   3.125 210.0  30.0
 6.685 1045.0  90  42  51   9.375 210.0  30.0
 6.685 1055.0  90  42  51  -9.375 210.0  30.0
 6.685 1060.0  90  42  51  -3.125 210.0  30.0
 6.685 1065.0  90  42  51   3.125 210.0  30.0
 6.685 1070.0  90  42  51   9.375 210.0  30.0
 6.685 1080.0  90  42  51   3.125 210.0  30.0
 6.685  555.0 -90  42  51  -3.125  30.0  30.0
 6.685  562.5 -90  42  51  -3.125   0.0   0.0
 6.685  570.0 -90  42  51  -3.125   0.0   0.0
 6.685  572.5 -90  42  51  -3.125   0.0   0.0
 6.685  575.0 -90  42  57   3.125   0.0   0.0
 6.685  577.5 -90  42  63  -3.125   0.0   0.0
 6.685  580.0 -90  42  63  -3.125   0.0   0.0
 6.685  582.5 -90  42  63  -3.125   0.0   0.0
 6.685  585.0 -90  42  54  -3.125   0.0   0.0
 6.685  587.5 -90  42  51  -3.125   0.0   0.0
 6.685  590.0 -90  42  60  -3.125   0.0   0.0
 6.685  592.5 -90  42  66  -3.125   0.0   0.0
 6.685  595.0 -90  42  66  -3.125   0.0   0.0
 6.685  597.5 -90  42  57  -3.125   0.0   0.0
 6.685  600.0 -90  42  63  -3.125   0.0   0.0
 6.685  602.5 -90  42  57  -3.125   0.0   0.0
 6.685  605.0 -90  42  69  -3.125   0.0   0.0
 6.685  607.5 -90  42  66  -3.125   0.0   0.0
 6.685  610.0 -90  42  66  -3.125   0.0   0.0
 6.685  612.5 -90  42  63  -3.125   0.0   0.0
 6.685  615.0 -90  42  57   3.125   0.0   0.0
 6.685  617.5 -90  42  54   3.125   0.0   0.0
 6.685  622.5 -90  42  54  -3.125   0.0   0.0
 6.685  625.0 -90  42  60   3.125   0.0   0.0
 6.685  627.5 -90  42  57  -3.125   0.0   0.0
 6.685  630.0 -90  42  57  -3.125   0.0   0.0
 6.685  635.0 -90  42  51  -3.125   0.0   0.0
 6.685  637.5 -90  42  51   3.125   0.0   0.0
 6.685  642.5 -90  42  54   3.125   0.0   0.0
 6.685 1137.5 -90  42  51   3.125   0.0   0.0
 6.685 1140.0 -90  42  51  -3.125   0.0   0.0
 6.685 1152.5 -90  42  54  -3.125   0.0   0.0
 6.685 1155.0 -90  42  51   3.125   0.0   0.0
 6.685 1157.5 -90  42  51  -3.125   0.0   0.0
 6.685 1167.5 -90  42  51  -3.125   0.0   0.0
 6.685 1180.0 -90  42  51   3.125   0.0   0.0
 6.685 1182.5 -90  42  54  -3.125   0.0   0.0
 6.685 1185.0 -90  42  57  -3.125   0.0   0.0
 6.685 1187.5 -90  42  54  -3.125   0.0   0.0
 6.685 1190.0 -90  42  57  -3.125   0.0   0.0
 6.685 1192.5 -90  42  57  -3.125   0.0   0.0
 6.685 1197.5 -90  42  51  -3.125   0.0   0.0
 6.685 1200.0 -90  42  51  -3.125   0.0   0.0
 6.685 1202.5 -90  42  54  -3.125   0.0   0.0
 6.685 1207.5 -90  42  51  -3.125   0.0   0.0
 6.685 1210.0 -90  42  57  -3.125   0.0   0.0
 6.685 1212.5 -90  42  57  -3.125   0.0   0.0
 6.685 1215.0 -90  42  54  -3.125   0.0   0.0
 6.685 1217.5 -90  42  54  -3.125   0.0   0.0
 6.685 1222.5 -90  42  51  -3.125   0.0   0.0
 6.685 1225.0 -90  42  57  -3.125   0.0   0.0
 6.685 1227.5 -90  42  57  -3.125   0.0   0.0
 6.685 1230.0 -90  42  54  -3.125   0.0   0.0
 6.685 1232.5 -90  42  51  -3.125   0.0   0.0
 6.685 1250.0 -90  42  51   3.125   0.0   0.0
 6.685 1257.5 -90  42  51   3.125   0.0   0.0
 6.685 1260.0 -90  42  54  -3.125   0.0   0.0
 6.685 1262.5 -90  42  54  -3.125   0.0   0.0
 6.685 1265.0 -90  42  54  -3.125   0.0   0.0
 6.685 1267.5 -90  42  54   3.125   0.0   0.0
 6.685 1272.5 -90  42  51  -3.125   0.0   0.0
 6.710  565.0 -90  42  51  -3.125   0.0   0.0
 6.710  570.0 -90  42  51   3.125   0.0   0.0
 6.710  577.5 -90  42  54   3.125   0.0   0.0
 6.710  590.0 -90  42  57   3.125   0.0   0.0
 6.710  592.5 -90  42  63  -3.125   0.0   0.0
 6.710  595.0 -90  42  57  -3.125   0.0   0.0
 6.710  597.5 -90  42  51   3.125 150.0  30.0
 6.710  600.0 -90  42  57  -3.125   0.0   0.0
 6.710  602.5 -90  42  66  -3.125   0.0   0.0
 6.710  605.0 -90  42  66  -3.125   0.0   0.0
 6.710  607.5 -90  42  51   3.125 330.0  30.0
 6.710  610.0 -90  42  57  -3.125   0.0   0.0
 6.710  612.5 -90  42  66  -3.125   0.0   0.0
 6.710  615.0 -90  42  54  -3.125   0.0   0.0
 6.710  617.5 -90  42  60  -3.125   0.0   0.0
 6.710  620.0 -90  42  66  -3.125   0.0   0.0
 6.710  622.5 -90  42  66  -3.125   0.0   0.0
 6.710  625.0 -90  42  51   3.125   0.0   0.0
 6.710  627.5 -90  42  60  -3.125   0.0   0.0
 6.710  630.0 -90  42  54  -3.125   0.0   0.0
 6.710  632.5 -90  42  60  -3.125   0.0   0.0
 6.710  635.0 -90  42  60  -3.125   0.0   0.0
 6.710  637.5 -90  42  54   3.125   0.0   0.0
 6.710  640.0 -90  42  57   3.125   0.0   0.0
 6.710  642.5 -90  42  60   3.125   0.0   0.0
 6.710  645.0 -90  42  60  -3.125   0.0   0.0
 6.710  647.5 -90  42  57  -3.125   0.0   0.0
 6.710  650.0 -90  42  57  -3.125   0.0   0.0
 6.710  652.5 -90  42  54   3.125   0.0   0.0
 6.710  655.0 -90  42  54  -3.125   0.0   0.0
 6.710  657.5 -90  42  54   3.125   0.0   0.0
 6.710  660.0 -90  42  51  -3.125   0.0   0.0
 6.710  662.5 -90  42  54  -3.125   0.0   0.0
 6.710  680.0 -90  42  51  -3.125   0.0   0.0
 6.710 1015.0 -90  42  51  -3.125  90.0  30.0
 6.710 1020.0 -90  42  51  -9.375  90.0  30.0
 6.710 1045.0 -90  42  51   9.375  90.0  30.0
 6.710 1055.0 -90  42  51  -9.375   0.0   0.0
 6.710 1065.0 -90  42  51  -3.125  90.0  30.0
 6.710 1080.0 -90  42  51  -9.375  90.0  30.0
 6.710 1085.0 -90  42  51  -3.125  90.0  30.0
 6.710 1090.0 -90  42  51  -3.125  90.0  30.0
 6.710 1140.0 -90  42  51  -3.125   0.0   0.0
 6.710 1185.0 -90  42  51  -3.125   0.0   0.0
 6.710 1190.0 -90  42  54  -3.125   0.0   0.0
 6.710 1192.5 -90  42  51  -3.125   0.0   0.0
 6.710 1195.0 -90  42  51  -3.125   0.0   0.0
 6.710 1197.5 -90  42  51  -3.125   0.0   0.0
 6.710 1202.5 -90  42  54  -3.125   0.0   0.0
 6.710 1207.5 -90  42  51   3.125   0.0   0.0
 6.710 1210.0 -90  42  51   3.125   0.0   0.0
 6.710 1212.5 -90  42  51  -3.125   0.0   0.0
 6.710 1215.0 -90  42  54   3.125   0.0   0.0
 6.710 1217.5 -90  42  51   3.125   0.0   0.0
 6.710 1220.0 -90  42  51   3.125   0.0   0.0
 6.710 1222.5 -90  42  51  -3.125   0.0   0.0
 6.710 1227.5 -90  42  54  -3.125   0.0   0.0
 6.710 1230.0 -90  42  54  -3.125   0.0   0.0
 6.710 1235.0 -90  42  54  -3.125   0.0   0.0
 6.710 1237.5 -90  42  51  -3.125   0.0   0.0
 6.710 1242.5 -90  42  51  -9.375   0.0   0.0
 6.710 1250.0 -90  42  51  -3.125   0.0   0.0
 6.710 1252.5 -90  42  51  -3.125   0.0   0.0
 6.710 1257.5 -90  42  54  -3.125   0.0   0.0
 6.710 1260.0 -90  42  57  -3.125   0.0   0.0
 6.710 1262.5 -90  42  51  -3.125 330.0  30.0
 6.710 1265.0 -90  42  57  -3.125   0.0   0.0
 6.710 1267.5 -90  42  54  -3.125   0.0   0.0
 6.710 1270.0 -90  42  54  -3.125   0.0   0.0
 6.710 1272.5 -90  42  54  -3.125   0.0   0.0
 6.710 1280.0 -90  42  54  -3.125   0.0   0.0
 6.710 1282.5 -90  42  54   3.125   0.0   0.0
 6.735   80.0  90  45  54  -9.375 330.0  30.0
 6.735   82.5  90  45  54  -9.375  30.0  30.0
 6.735  590.0 -90  45  54   3.125   0.0   0.0
 6.735  592.5 -90  45  54   3.125   0.0   0.0
 6.735  595.0 -90  45  54  -3.125   0.0   0.0
 6.735  602.5 -90  45  57  -3.125   0.0   0.0
 6.735  605.0 -90  45  60  -3.125   0.0   0.0
 6.735  607.5 -90  45  57  -3.125   0.0   0.0
 6.735  610.0 -90  45  60  -3.125   0.0   0.0
 6.735  612.5 -90  45  66  -3.125   0.0   0.0
 6.735  615.0 -90  45  63  -3.125   0.0   0.0
 6.735  617.5 -90  45  60  -3.125   0.0   0.0
 6.735  620.0 -90  45  69  -3.125   0.0   0.0
 6.735  622.5 -90  45  66  -3.125   0.0   0.0
 6.735  625.0 -90  45  57  -3.125   0.0   0.0
 6.735  627.5 -90  45  66  -3.125   0.0   0.0
 6.735  630.0 -90  45  63  -3.125   0.0   0.0
 6.735  632.5 -90  45  57  -3.125   0.0   0.0
 6.735  635.0 -90  45  66  -3.125   0.0   0.0
 6.735  637.5 -90  45  57  -3.125   0.0   0.0
 6.735  640.0 -90  45  63  -3.125   0.0   0.0
 6.735  642.5 -90  45  60  -3.125   0.0   0.0
 6.735  645.0 -90  45  57  -3.125   0.0   0.0
 6.735  650.0 -90  45  60  -3.125   0.0   0.0
 6.735  652.5 -90  45  63  -3.125   0.0   0.0
 6.735  655.0 -90  45  60  -3.125   0.0   0.0
 6.735  657.5 -90  45  63  -3.125   0.0   0.0
 6.735  660.0 -90  45  63  -3.125   0.0   0.0
 6.735  662.5 -90  45  60  -3.125   0.0   0.0
 6.735  665.0 -90  45  57  -3.125   0.0   0.0
 6.735  670.0 -90  45  57  -3.125   0.0   0.0
 6.735  672.5 -90  45  57   3.125   0.0   0.0
 6.735  675.0 -90  45  60  -3.125   0.0   0.0
 6.735  677.5 -90  45  57  -3.125   0.0   0.0
 6.735  690.0 -90  45  54  -3.125   0.0   0.0
 6.735  692.5 -90  45  57   3.125   0.0   0.0
 6.735  695.0 -90  45  54  -3.125   0.0   0.0
 6.735  700.0 -90  45  60  -3.125   0.0   0.0
 6.735  702.5 -90  45  57  -3.125   0.0   0.0
 6.735  705.0 -90  45  57  -3.125   0.0   0.0
 6.735  707.5 -90  45  54  -3.125   0.0   0.0
 6.735  715.0 -90  45  54  -3.125   0.0   0.0
 6.735 1015.0 -90  45  60   9.375 330.0  30.0
 6.735 1017.5 -90  45  54   9.375 330.0  30.0
 6.735 1020.0 -90  45  60   9.375 330.0  30.0
 6.735 1025.0 -90  45  60   9.375 330.0  30.0
 6.735 1030.0 -90  45  60   9.375 330.0  30.0
 6.735 1035.0 -90  45  60   9.375 330.0  30.0
 6.735 1040.0 -90  45  60   9.375 330.0  30.0
 6.735 1045.0 -90  45  60   9.375 330.0  30.0
 6.735 1050.0 -90  45  60   9.375 330.0  30.0
 6.735 1055.0 -90  45  60  -3.125 330.0  30.0
 6.735 1060.0 -90  45  57  -3.125 330.0  30.0
 6.735 1065.0 -90  45  60  -3.125 330.0  30.0
 6.735 1070.0 -90  45  60  -3.125 330.0  30.0
 6.735 1075.0 -90  45  57  -3.125 330.0  30.0
 6.735 1080.0 -90  45  60  -3.125 330.0  30.0
 6.735 1085.0 -90  45  60  -3.125 330.0  30.0
 6.735 1090.0 -90  45  60  -3.125 330.0  30.0
 6.735 1197.5 -90  45  54  -3.125   0.0   0.0
 6.735 1252.5 -90  45  54  -3.125   0.0   0.0
 6.735 1255.0 -90  45  57  -3.125   0.0   0.0
 6.735 1262.5 -90  45  54  -3.125   0.0   0.0
 6.735 1270.0 -90  45  54  -3.125   0.0   0.0
 6.735 1282.5 -90  45  54  -3.125   0.0   0.0
 6.760 1025.0  90  45  54  -3.125 210.0  30.0
 6.760 1040.0  90  45  54   9.375 210.0  30.0
 6.760 1050.0  90  45  54   3.125 210.0  30.0
 6.760 1055.0  90  45  54   9.375 150.0  30.0
 6.760 1075.0  90  45  54  -9.375 210.0  30.0
 6.760 1085.0  90  45  54  -9.375 210.0  30.0
 6.760  625.0 -90  51  60  -3.125   0.0   0.0
 6.760  627.5 -90  51  63  -3.125   0.0   0.0
 6.760  630.0 -90  51  66  -3.125   0.0   0.0
 6.760  632.5 -90  51  66  -3.125   0.0   0.0
 6.760  635.0 -90  51  66  -3.125   0.0   0.0
 6.760  637.5 -90  51  66  -3.125   0.0   0.0
 6.760  640.0 -90  51  69  -3.125   0.0   0.0
 6.760  642.5 -90  51  66  -3.125   0.0   0.0
 6.760  645.0 -90  51  63  -3.125   0.0   0.0
 6.760  647.5 -90  51  60  -3.125   0.0   0.0
 6.760  650.0 -90  51  60  -3.125   0.0   0.0
 6.760  652.5 -90  51  66  -3.125   0.0   0.0
 6.760  655.0 -90  51  63  -3.125   0.0   0.0
 6.760  660.0 -90  51  66  -3.125   0.0   0.0
 6.760  662.5 -90  51  63  -3.125   0.0   0.0
 6.760  665.0 -90  51  63  -3.125   0.0   0.0
 6.760  670.0 -90  51  69  -3.125   0.0   0.0
 6.760  672.5 -90  51  63  -3.125   0.0   0.0
 6.760  675.0 -90  51  66  -3.125   0.0   0.0
 6.760  677.5 -90  51  60  -3.125   0.0   0.0
 6.760  680.0 -90  51  60  -3.125   0.0   0.0
 6.760  682.5 -90  51  60  -3.125   0.0   0.0
 6.760  685.0 -90  51  63  -3.125   0.0   0.0
 6.760  687.5 -90  51  63  -3.125   0.0   0.0
 6.760  690.0 -90  51  60  -3.125   0.0   0.0
 6.760  692.5 -90  51  60  -3.125   0.0   0.0
 6.760  702.5 -90  51  66  -3.125   0.0   0.0
 6.760  705.0 -90  51  66  -3.125   0.0   0.0
 6.760  707.5 -90  51  60  -3.125   0.0   0.0
 6.760  712.5 -90  51  63  -3.125   0.0   0.0
 6.760  715.0 -90  51  66  -3.125   0.0   0.0
 6.760  717.5 -90  51  63  -3.125   0.0   0.0
 6.760  720.0 -90  51  63  -3.125   0.0   0.0
 6.760  722.5 -90  51  63  -3.125   0.0   0.0
 6.760  727.5 -90  51  63  -3.125   0.0   0.0
 6.760  730.0 -90  51  63  -3.125   0.0   0.0
 6.760  732.5 -90  51  63  -3.125   0.0   0.0
 6.760  735.0 -90  51  60  -3.125   0.0   0.0
 6.760  737.5 -90  51  60  -3.125   0.0   0.0
 6.760  747.5 -90  51  60  -3.125   0.0   0.0
 6.760  785.0 -90  51  60  -3.125   0.0   0.0
 6.785 1045.0  90  48  57  -9.375 210.0  30.0
 6.785  630.0 -90  51  60  -3.125   0.0   0.0
 6.785  637.5 -90  51  60   3.125   0.0   0.0
 6.785  642.5 -90  51  60  -3.125   0.0   0.0
 6.785  645.0 -90  51  60   3.125   0.0   0.0
 6.785  647.5 -90  51  60   3.125   0.0   0.0
 6.785  650.0 -90  51  60  -3.125   0.0   0.0
 6.785  652.5 -90  51  63  -3.125   0.0   0.0
 6.785  655.0 -90  51  66  -3.125   0.0   0.0
 6.785  657.5 -90  51  63  -3.125   0.0   0.0
 6.785  660.0 -90  51  63  -3.125   0.0   0.0
 6.785  662.5 -90  51  63   3.125   0.0   0.0
 6.785  665.0 -90  51  66  -3.125   0.0   0.0
 6.785  667.5 -90  51  69  -3.125   0.0   0.0
 6.785  670.0 -90  51  72  -3.125   0.0   0.0
 6.785  672.5 -90  51  72  -3.125   0.0   0.0
 6.785  675.0 -90  51  72  -3.125   0.0   0.0
 6.785  677.5 -90  51  72  -3.125   0.0   0.0
 6.785  680.0 -90  51  66  -3.125   0.0   0.0
 6.785  682.5 -90  51  63   3.125   0.0   0.0
 6.785  685.0 -90  51  66  -3.125   0.0   0.0
 6.785  687.5 -90  51  69  -3.125   0.0   0.0
 6.785  690.0 -90  51  69  -3.125   0.0   0.0
 6.785  692.5 -90  51  69  -3.125   0.0   0.0
 6.785  695.0 -90  51  63  -3.125   0.0   0.0
 6.785  697.5 -90  51  60   3.125   0.0   0.0
 6.785  700.0 -90  51  69  -3.125   0.0   0.0
 6.785  702.5 -90  51  69  -3.125   0.0   0.0
 6.785  705.0 -90  51  60  -3.125   0.0   0.0
 6.785  707.5 -90  51  63   3.125   0.0   0.0
 6.785  710.0 -90  51  66  -3.125   0.0   0.0
 6.785  712.5 -90  51  69   3.125   0.0   0.0
 6.785  715.0 -90  51  60  -3.125   0.0   0.0
 6.785  717.5 -90  51  72  -3.125   0.0   0.0
 6.785  720.0 -90  51  72  -3.125   0.0   0.0
 6.785  722.5 -90  51  63   3.125   0.0   0.0
 6.785  725.0 -90  51  69  -3.125   0.0   0.0
 6.785  727.5 -90  51  72  -3.125   0.0   0.0
 6.785  730.0 -90  51  63  -3.125   0.0   0.0
 6.785  732.5 -90  51  72  -3.125   0.0   0.0
 6.785  735.0 -90  51  66  -3.125   0.0   0.0
 6.785  737.5 -90  51  72  -3.125   0.0   0.0
 6.785  740.0 -90  51  69  -3.125   0.0   0.0
 6.785  742.5 -90  51  66  -3.125   0.0   0.0
 6.785  745.0 -90  51  63  -3.125   0.0   0.0
 6.785  747.5 -90  51  69  -3.125   0.0   0.0
 6.785  752.5 -90  51  66  -3.125   0.0   0.0
 6.785  755.0 -90  51  66  -3.125   0.0   0.0
 6.785  757.5 -90  51  63   3.125   0.0   0.0
 6.785  762.5 -90  51  60  -3.125   0.0   0.0
 6.785  765.0 -90  51  60  -3.125   0.0   0.0
 6.785  772.5 -90  51  63  -3.125   0.0   0.0
 6.785  775.0 -90  51  66  -3.125   0.0   0.0
 6.785  777.5 -90  51  69  -3.125   0.0   0.0
 6.785  780.0 -90  51  66  -3.125   0.0   0.0
 6.785  785.0 -90  51  72  -3.125   0.0   0.0
 6.785  787.5 -90  51  72  -3.125   0.0   0.0
 6.785  792.5 -90  51  69  -3.125   0.0   0.0
 6.785  795.0 -90  51  69  -3.125   0.0   0.0
 6.785  797.5 -90  51  63   3.125   0.0   0.0
 6.785  802.5 -90  51  63  -3.125   0.0   0.0
 6.785  805.0 -90  51  63  -3.125   0.0   0.0
 6.785  807.5 -90  51  60  -3.125   0.0   0.0
 6.785  810.0 -90  51  63  -3.125   0.0   0.0
 6.785  812.5 -90  51  66  -3.125   0.0   0.0
 6.785  815.0 -90  51  66  -3.125   0.0   0.0
 6.785  817.5 -90  51  69  -3.125   0.0   0.0
 6.785  820.0 -90  51  69  -3.125   0.0   0.0
 6.785  822.5 -90  51  69  -3.125   0.0   0.0
 6.785  825.0 -90  51  63   3.125   0.0   0.0
 6.785  827.5 -90  51  60  -3.125   0.0   0.0
 6.785  830.0 -90  51  60  -3.125   0.0   0.0
 6.785  832.5 -90  51  63  -3.125   0.0   0.0
 6.785  835.0 -90  51  63  -3.125   0.0   0.0
 6.785  837.5 -90  51  60   3.125   0.0   0.0
 6.785  850.0 -90  51  63  -3.125   0.0   0.0
 6.785  860.0 -90  51  60  -3.125   0.0   0.0
 6.785  862.5 -90  51  60  -3.125   0.0   0.0
 6.810  667.5 -90  48  57  -3.125   0.0   0.0
 6.810  672.5 -90  48  63  -3.125   0.0   0.0
 6.810  675.0 -90  48  57  -3.125   0.0   0.0
 6.810  677.5 -90  48  60  -3.125   0.0   0.0
 6.810  680.0 -90  48  63  -3.125   0.0   0.0
 6.810  687.5 -90  48  57  -3.125   0.0   0.0
 6.810  690.0 -90  48  63  -3.125   0.0   0.0
 6.810  692.5 -90  48  66  -3.125   0.0   0.0
 6.810  697.5 -90  48  60  -3.125   0.0   0.0
 6.810  700.0 -90  48  63  -3.125   0.0   0.0
 6.810  702.5 -90  48  66  -3.125   0.0   0.0
 6.810  705.0 -90  48  63  -3.125   0.0   0.0
 6.810  707.5 -90  48  60  -3.125   0.0   0.0
 6.810  710.0 -90  48  63  -3.125   0.0   0.0
 6.810  712.5 -90  48  66  -3.125   0.0   0.0
 6.810  715.0 -90  48  66  -3.125   0.0   0.0
 6.810  717.5 -90  48  69  -3.125   0.0   0.0
 6.810  720.0 -90  48  69  -3.125   0.0   0.0
 6.810  722.5 -90  48  69  -3.125   0.0   0.0
 6.810  725.0 -90  48  66  -3.125   0.0   0.0
 6.810  727.5 -90  48  69  -3.125   0.0   0.0
 6.810  730.0 -90  48  72  -3.125   0.0   0.0
 6.810  732.5 -90  48  72  -3.125   0.0   0.0
 6.810  735.0 -90  48  72  -3.125   0.0   0.0
 6.810  737.5 -90  48  72  -3.125   0.0   0.0
 6.810  740.0 -90  48  72  -3.125   0.0   0.0
 6.810  742.5 -90  48  72  -3.125   0.0   0.0
 6.810  745.0 -90  48  66  -3.125   0.0   0.0
 6.810  747.5 -90  48  69  -3.125   0.0   0.0
 6.810  750.0 -90  48  69  -3.125   0.0   0.0
 6.810  752.5 -90  48  60  -3.125   0.0   0.0
 6.810  755.0 -90  48  66  -3.125   0.0   0.0
 6.810  757.5 -90  48  57   3.125   0.0   0.0
 6.810  760.0 -90  48  60  -3.125   0.0   0.0
 6.810  762.5 -90  48  57  -3.125   0.0   0.0
 6.810  767.5 -90  48  63  -3.125   0.0   0.0
 6.810  770.0 -90  48  60   3.125   0.0   0.0
 6.810  772.5 -90  48  63  -3.125   0.0   0.0
 6.810  775.0 -90  48  63  -3.125   0.0   0.0
 6.810  777.5 -90  48  69  -3.125   0.0   0.0
 6.810  780.0 -90  48  66  -3.125   0.0   0.0
 6.810  782.5 -90  48  66  -3.125   0.0   0.0
 6.810  785.0 -90  48  69  -3.125   0.0   0.0
 6.810  787.5 -90  48  69  -3.125   0.0   0.0
 6.810  790.0 -90  48  69  -3.125   0.0   0.0
 6.810  792.5 -90  48  69  -3.125   0.0   0.0
 6.810  795.0 -90  48  72  -3.125   0.0   0.0
 6.810  797.5 -90  48  69  -3.125   0.0   0.0
 6.810  800.0 -90  48  63  -3.125   0.0   0.0
 6.810  802.5 -90  48  63  -3.125   0.0   0.0
 6.810  805.0 -90  48  60   3.125   0.0   0.0
 6.810  807.5 -90  48  57  -3.125   0.0   0.0
 6.810  810.0 -90  48  57  -3.125   0.0   0.0
 6.810  815.0 -90  48  63  -3.125   0.0   0.0
 6.810  817.5 -90  48  63  -3.125   0.0   0.0
 6.810  820.0 -90  48  57  -3.125   0.0   0.0
 6.810  822.5 -90  48  66  -3.125   0.0   0.0
 6.810  825.0 -90  48  63  -3.125   0.0   0.0
 6.810  827.5 -90  48  60  -3.125   0.0   0.0
 6.810  830.0 -90  48  60  -3.125   0.0   0.0
 6.810  832.5 -90  48  57  -3.125   0.0   0.0
 6.810  837.5 -90  48  60  -3.125   0.0   0.0
 6.810  840.0 -90  48  57  -3.125   0.0   0.0
 6.810  850.0 -90  48  57   3.125   0.0   0.0
 6.810  860.0 -90  48  57  -3.125   0.0   0.0
 6.810  862.5 -90  48  57  -3.125   0.0   0.0
 6.810  885.0 -90  48  57  -3.125   0.0   0.0
 6.835  695.0 -90  45  54  -3.125   0.0   0.0
 6.835  722.5 -90  45  54   3.125   0.0   0.0
 6.835  725.0 -90  45  57   3.125   0.0   0.0
 6.835  727.5 -90  45  60  -3.125   0.0   0.0
 6.835  730.0 -90  45  57  -3.125   0.0   0.0
 6.835  735.0 -90  45  54   3.125   0.0   0.0
 6.835  737.5 -90  45  57  -3.125   0.0   0.0
 6.835  742.5 -90  45  63  -3.125   0.0   0.0
 6.835  747.5 -90  45  54  -3.125   0.0   0.0
 6.835  750.0 -90  45  63  -3.125   0.0   0.0
 6.835  752.5 -90  45  60  -3.125   0.0   0.0
 6.835  755.0 -90  45  60  -3.125   0.0   0.0
 6.835  757.5 -90  45  60  -3.125   0.0   0.0
 6.835  760.0 -90  45  54   3.125   0.0   0.0
 6.835  767.5 -90  45  57  -3.125   0.0   0.0
 6.835  770.0 -90  45  60  -3.125   0.0   0.0
 6.835  772.5 -90  45  54  -3.125   0.0   0.0
 6.835  775.0 -90  45  60  -3.125   0.0   0.0
 6.835  777.5 -90  45  57  -3.125   0.0   0.0
 6.835  780.0 -90  45  57  -3.125   0.0   0.0
 6.835  782.5 -90  45  60  -3.125   0.0   0.0
 6.835  785.0 -90  45  60  -3.125   0.0   0.0
 6.835  787.5 -90  45  54  -3.125   0.0   0.0
 6.835  790.0 -90  45  63  -3.125   0.0   0.0
 6.835  792.5 -90  45  54  -3.125   0.0   0.0
 6.835  795.0 -90  45  63  -3.125   0.0   0.0
 6.835  797.5 -90  45  54  -3.125   0.0   0.0
 6.835  800.0 -90  45  57  -3.125   0.0   0.0
 6.835  802.5 -90  45  54  -3.125   0.0   0.0
 6.835  805.0 -90  45  54  -3.125   0.0   0.0
 6.835  817.5 -90  45  54  -3.125   0.0   0.0
 6.835  820.0 -90  45  54  -3.125   0.0   0.0
 6.835  845.0 -90  45  54  -3.125   0.0   0.0
 6.860  727.5 -90  39  48  -3.125   0.0   0.0
 6.860  740.0 -90  39  48   3.125   0.0   0.0
 6.860  742.5 -90  39  51  -3.125   0.0   0.0
 6.860  745.0 -90  39  48  -3.125   0.0   0.0
 6.860  750.0 -90  39  48  -3.125   0.0   0.0
 6.860  752.5 -90  39  48   3.125   0.0   0.0
 6.860  755.0 -90  39  48  -3.125   0.0   0.0
 6.860  757.5 -90  39  51  -3.125   0.0   0.0
 6.860  765.0 -90  39  48  -3.125   0.0   0.0
 6.860  767.5 -90  39  48   3.125   0.0   0.0
 6.860  770.0 -90  39  51  -3.125   0.0   0.0
 6.860  777.5 -90  39  48  -3.125   0.0   0.0
 6.860  785.0 -90  39  51  -3.125   0.0   0.0
 6.860  787.5 -90  39  51  -3.125   0.0   0.0
 6.860  790.0 -90  39  51  -3.125   0.0   0.0
 6.860  792.5 -90  39  51  -3.125   0.0   0.0
 6.860  795.0 -90  39  48  -3.125   0.0   0.0
 6.860  797.5 -90  39  48  -3.125   0.0   0.0
 6.860  802.5 -90  39  48   3.125   0.0   0.0
 6.860  817.5 -90  39  48  -3.125   0.0   0.0
 6.860  820.0 -90  39  48  -3.125   0.0   0.0
 6.860  830.0 -90  39  48  -3.125   0.0   0.0
 6.860  835.0 -90  39  48  -3.125   0.0   0.0
 6.860  842.5 -90  39  48  -3.125   0.0   0.0
 6.860  845.0 -90  39  48  -3.125   0.0   0.0
 6.860  852.5 -90  39  48  -3.125   0.0   0.0
 6.860  857.5 -90  39  48  -3.125   0.0   0.0
 6.860  877.5 -90  39  48  -3.125   0.0   0.0
 6.860  880.0 -90  39  48  -3.125   0.0   0.0
 6.860  890.0 -90  39  48  -3.125   0.0   0.0
 6.860  897.5 -90  39  48  -3.125   0.0   0.0
 6.860  900.0 -90  39  48   3.125   0.0   0.0
 6.860  902.5 -90  39  48  -3.125   0.0   0.0
 6.860  905.0 -90  39  48  -3.125   0.0   0.0
 6.860  910.0 -90  39  51  -3.125   0.0   0.0
 6.860  912.5 -90  39  48  -3.125   0.0   0.0
 6.860  915.0 -90  39  48  -3.125   0.0   0.0
 6.860  927.5 -90  39  48  -3.125   0.0   0.0
 6.860  967.5 -90  39  48  -3.125   0.0   0.0
 6.860  970.0 -90  39  48  -3.125   0.0   0.0
 6.860  972.5 -90  39  48  -3.125   0.0   0.0
 6.860  975.0 -90  39  51  -3.125   0.0   0.0
 6.860  977.5 -90  39  48  -3.125   0.0   0.0
 6.860 1015.0 -90  39  51  -9.375 210.0  30.0
 6.860 1020.0 -90  39  51  -9.375 210.0  30.0
 6.860 1025.0 -90  39  51   9.375 210.0  30.0
 6.860 1030.0 -90  39  51  -9.375 150.0  30.0
 6.860 1032.5 -90  39  48  -3.125 210.0  30.0
 6.860 1035.0 -90  39  51  -9.375 210.0  30.0
 6.860 1040.0 -90  39  51  -9.375 210.0  30.0
 6.860 1045.0 -90  39  51   9.375 210.0  30.0
 6.860 1050.0 -90  39  51  -9.375 210.0  30.0
 6.860 1055.0 -90  39  51  -3.125 210.0  30.0
 6.860 1060.0 -90  39  48  -3.125 210.0  30.0
 6.860 1065.0 -90  39  51   3.125 210.0  30.0
 6.860 1070.0 -90  39  51   3.125 210.0  30.0
 6.860 1075.0 -90  39  51  -3.125 210.0  30.0
 6.860 1080.0 -90  39  51   3.125 210.0  30.0
 6.860 1085.0 -90  39  51   3.125 210.0  30.0
 6.860 1090.0 -90  39  51   3.125 210.0  30.0
 6.885 1015.0  90  39  48   3.125  90.0  30.0
 6.885 1020.0  90  39  48  -3.125  90.0  30.0
 6.885 1025.0  90  39  48  -3.125  90.0  30.0
 6.885 1030.0  90  39  48  -3.125  90.0  30.0
 6.885 1035.0  90  39  48   9.375  90.0  30.0
 6.885 1045.0  90  39  48  -9.375  90.0  30.0
 6.885 1050.0  90  39  48  -9.375  90.0  30.0
 6.885 1055.0  90  39  48   3.125  90.0  30.0
 6.885 1060.0  90  39  48   9.375  90.0  30.0
 6.885 1065.0  90  39  48  -3.125  90.0  30.0
 6.885 1070.0  90  39  48  -3.125  90.0  30.0
 6.885 1075.0  90  39  48   3.125  90.0  30.0
 6.885 1080.0  90  39  48   9.375  90.0  30.0
 6.885 1085.0  90  39  48   9.375  90.0  30.0
 6.885 1090.0  90  39  48   3.125  90.0  30.0
 6.885  722.5 -90  39  48  -3.125   0.0   0.0
 6.885 1015.0 -90  39  48  -9.375 150.0  30.0
 6.885 1020.0 -90  39  48   9.375 150.0  30.0
 6.885 1035.0 -90  39  48   9.375 150.0  30.0
 6.885 1045.0 -90  39  48   3.125 150.0  30.0
 6.885 1050.0 -90  39  48   9.375 150.0  30.0
 6.885 1060.0 -90  39  48  -3.125 150.0  30.0
 6.885 1070.0 -90  39  48   3.125 150.0  30.0
 6.885 1080.0 -90  39  48   3.125 150.0  30.0
 6.885 1085.0 -90  39  48   9.375 150.0  30.0
 6.910 1015.0  90  39  51  -9.375  90.0  30.0
 6.910 1020.0  90  39  48  -9.375  90.0  30.0
 6.910 1025.0  90  39  51  -9.375  90.0  30.0
 6.910 1030.0  90  39  51  -9.375  90.0  30.0
 6.910 1035.0  90  39  51  -9.375  90.0  30.0
 6.910 1040.0  90  39  51  -9.375  90.0  30.0
 6.910 1045.0  90  39  51  -9.375  90.0  30.0
 6.910 1050.0  90  39  51  -9.375  90.0  30.0
 6.910 1055.0  90  39  51   3.125  90.0  30.0
 6.910 1060.0  90  39  51   3.125  90.0  30.0
 6.910 1065.0  90  39  51   3.125  90.0  30.0
 6.910 1070.0  90  39  51   3.125  90.0  30.0
 6.910 1075.0  90  39  51   3.125  90.0  30.0
 6.910 1080.0  90  39  48   3.125  90.0  30.0
 6.910 1085.0  90  39  51   3.125  90.0  30.0
 6.910 1090.0  90  39  51   3.125  90.0  30.0
 6.960 1142.5 -90  48  57  -9.375 270.0  30.0
 6.960 1210.0 -90  48  57   9.375  90.0  30.0
 6.960 1212.5 -90  48  57   9.375 210.0  30.0
 6.960 1215.0 -90  48  57   9.375   0.0   0.0
 6.960 1222.5 -90  48  57   9.375 150.0  30.0
 6.960 1225.0 -90  48  57   9.375 210.0  30.0
 6.960 1247.5 -90  48  57   9.375 210.0  30.0
 6.960 1275.0 -90  48  57   9.375 150.0  30.0
 6.985  127.5  90  51  60   3.125 150.0  30.0
 6.985 1195.0  90  51  60  -3.125 150.0  30.0
 6.985 1215.0  90  51  60   3.125 150.0  30.0
 6.985 1217.5  90  51  60   3.125 150.0  30.0
 6.985 1220.0  90  51  60   3.125 150.0  30.0
 6.985 1225.0  90  51  60   3.125 150.0  30.0
 6.985 1227.5  90  51  60   3.125 150.0  30.0
 6.985 1230.0  90  51  60   9.375 150.0  30.0
 6.985 1240.0  90  51  60  -3.125 150.0  30.0
 6.985 1242.5  90  51  63  -3.125 150.0  30.0
 6.985 1245.0  90  51  60  -3.125 150.0  30.0
 6.985 1247.5  90  51  63  -3.125 150.0  30.0
 6.985 1250.0  90  51  63  -3.125 150.0  30.0
 6.985 1252.5  90  51  60  -9.375 150.0  30.0
 6.985 1255.0  90  51  60  -9.375 270.0  30.0
 6.985 1280.0  90  51  60   3.125 150.0  30.0
 6.985 1282.5  90  51  60  -3.125 150.0  30.0
 6.985   85.0 -90  51  60  -3.125 270.0  30.0
 6.985   87.5 -90  51  60  -3.125 270.0  30.0
 7.010  452.5 -90  48  57  -3.125 150.0  30.0
 7.010  455.0 -90  48  57  -3.125 150.0  30.0
 7.010  665.0 -90  48  57   3.125 150.0  30.0
 7.010  672.5 -90  48  57   3.125 150.0  30.0
 7.485  690.0  90  63  72   3.125 150.0  30.0
 7.485  750.0  90  63  72   3.125 150.0  30.0
 7.485  757.5  90  63  72   3.125 150.0  30.0
 7.485  772.5  90  63  72   9.375 150.0  30.0
 7.485  775.0  90  63  72   9.375 150.0  30.0
 7.485  827.5  90  63  72  -3.125 150.0  30.0
 7.485  835.0  90  63  72  -3.125 150.0  30.0
 7.485  867.5  90  63  72   9.375 150.0  30.0
 7.485  870.0  90  63  72   9.375 150.0  30.0
 7.485  872.5  90  63  72   9.375 150.0  30.0
 7.485  880.0  90  63  72   9.375 150.0  30.0
 7.485  882.5  90  63  72   9.375 150.0  30.0
 7.485  947.5  90  63  72   9.375 150.0  30.0
 7.485  950.0  90  63  72   9.375 150.0  30.0
 7.485  957.5  90  63  72   9.375 150.0  30.0
 7.485  967.5  90  63  72   9.375 150.0  30.0
 7.485   80.0 -90  57  66  -9.375 150.0  30.0
 7.485   82.5 -90  57  66  -3.125 150.0  30.0
 7.485   87.5 -90  57  66   9.375 150.0  30.0
 7.485   90.0 -90  57  66   9.375 150.0  30.0
 7.485  120.0 -90  57  66   3.125   0.0   0.0
 7.485  130.0 -90  57  66  -3.125 150.0  30.0
 7.485  142.5 -90  57  66  -9.375 150.0  30.0
 7.485  145.0 -90  57  66  -9.375 150.0  30.0
 7.485  150.0 -90  57  66  -3.125 150.0  30.0
 7.485  152.5 -90  57  66   9.375 150.0  30.0
 7.485  160.0 -90  57  69   9.375 150.0  30.0
 7.485  162.5 -90  57  66   3.125 150.0  30.0
 7.485  180.0 -90  57  66  -9.375 150.0  30.0
 7.485  200.0 -90  57  66  -9.375 210.0  30.0
 7.485  207.5 -90  57  66   9.375 150.0  30.0
 7.485  210.0 -90  57  66   9.375 150.0  30.0
 7.485  217.5 -90  57  66   3.125 150.0  30.0
 7.485  220.0 -90  57  66  -3.125 150.0  30.0
 7.485 1150.0 -90  57  66  -9.375 150.0  30.0
 7.485 1160.0 -90  57  66  -9.375 150.0  30.0
 7.485 1170.0 -90  57  66  -9.375 150.0  30.0
 7.485 1180.0 -90  57  66  -9.375 150.0  30.0
 7.485 1187.5 -90  57  66  -3.125 150.0  30.0
 7.485 1190.0 -90  57  66  -3.125 150.0  30.0
 7.485 1195.0 -90  57  66  -9.375 150.0  30.0
 7.485 1197.5 -90  57  66  -3.125 150.0  30.0
 7.485 1200.0 -90  57  66  -3.125 150.0  30.0
 7.485 1207.5 -90  57  66  -9.375 150.0  30.0
 7.485 1237.5 -90  57  66  -3.125 150.0  30.0
 7.485 1240.0 -90  57  66  -3.125 150.0  30.0
 7.485 1242.5 -90  57  66  -3.125 150.0  30.0
 7.485 1245.0 -90  57  66  -3.125 150.0  30.0
 7.485 1247.5 -90  57  66  -3.125 150.0  30.0
 7.485 1250.0 -90  57  66  -3.125 150.0  30.0
 7.485 1252.5 -90  57  69  -3.125 150.0  30.0
 7.485 1255.0 -90  57  69  -3.125 150.0  30.0
 7.485 1257.5 -90  57  66  -3.125 150.0  30.0
 7.485 1260.0 -90  57  66   3.125 150.0  30.0
 7.485 1262.5 -90  57  66   3.125 150.0  30.0
 7.485 1265.0 -90  57  69  -3.125 150.0  30.0
 7.485 1267.5 -90  57  69   3.125 150.0  30.0
 7.485 1270.0 -90  57  69   3.125 150.0  30.0
 7.485 1272.5 -90  57  69   9.375 150.0  30.0
 7.485 1275.0 -90  57  66   3.125 150.0  30.0
 7.485 1277.5 -90  57  69   3.125 150.0  30.0
 7.485 1280.0 -90  57  72   3.125 150.0  30.0
 7.485 1282.5 -90  57  69   3.125 150.0  30.0
 7.535   80.0  90  66  75   9.375 150.0  30.0
 7.560  590.0  90  57  66   3.125 150.0  30.0
 7.560  595.0  90  57  66   3.125 150.0  30.0
 7.960 1172.5  90  42  51  -9.375  30.0  30.0
 8.085 1025.0 -90  42  51  -9.375 150.0  30.0
 8.085 1027.5 -90  42  51   3.125 270.0  30.0
 8.085 1030.0 -90  42  51   9.375 150.0  30.0
 8.085 1035.0 -90  42  51   3.125 150.0  30.0
 8.085 1050.0 -90  42  51  -3.125 150.0  30.0
 8.085 1055.0 -90  42  51  -3.125 150.0  30.0
 8.085 1060.0 -90  42  51   3.125 150.0  30.0
 8.085 1062.5 -90  42  51   3.125 330.0  30.0
 8.085 1065.0 -90  42  51   3.125 330.0  30.0
 8.085 1080.0 -90  42  51   9.375 150.0  30.0
 8.110 1017.5 -90  45  54   3.125  90.0  30.0
 8.110 1020.0 -90  45  54   3.125  90.0  30.0
 8.110 1022.5 -90  45  54   3.125  90.0  30.0
 8.110 1027.5 -90  45  54   9.375  90.0  30.0
 8.110 1030.0 -90  45  54   3.125  90.0  30.0
 8.110 1032.5 -90  45  54   9.375   0.0   0.0
 8.110 1037.5 -90  45  54   9.375  90.0  30.0
 8.110 1040.0 -90  45  54   3.125  90.0  30.0
 8.110 1042.5 -90  45  54   9.375  90.0  30.0
 8.110 1045.0 -90  45  54   3.125  90.0  30.0
 8.110 1047.5 -90  45  54   3.125  90.0  30.0
 8.110 1050.0 -90  45  54   3.125  90.0  30.0
 8.110 1057.5 -90  45  54  -3.125  90.0  30.0
 8.110 1062.5 -90  45  54  -3.125  90.0  30.0
 8.110 1065.0 -90  45  54  -3.125  90.0  30.0
 8.110 1067.5 -90  45  54  -9.375  90.0  30.0
 8.110 1072.5 -90  45  54   3.125 210.0  30.0
 8.110 1075.0 -90  45  54  -9.375  90.0  30.0
 8.110 1077.5 -90  45  54  -3.125  90.0  30.0
 8.110 1082.5 -90  45  54  -9.375  90.0  30.0
 8.110 1087.5 -90  45  54   9.375  90.0  30.0
 8.110 1092.5 -90  45  54  -3.125  90.0  30.0
 8.535   80.0 -90  45  54  -9.375 330.0  30.0
 8.535 1282.5 -90  45  54  -9.375 330.0  30.0
 8.760 1025.0 -90  39  48   9.375  90.0  30.0
 8.760 1035.0 -90  39  48  -9.375  90.0  30.0
 8.760 1050.0 -90  39  48   9.375  90.0  30.0
 8.760 1060.0 -90  39  48  -9.375  90.0  30.0
 8.760 1075.0 -90  39  48   3.125 210.0  30.0
 8.760 1085.0 -90  39  48   3.125  90.0  30.0
 8.760 1087.5 -90  39  48  -9.375 270.0  30.0
 8.785 1012.5  90  39  48   9.375 270.0  30.0
 8.785 1017.5  90  39  51   9.375 330.0  30.0
 8.785 1020.0  90  39  51  -3.125 330.0  30.0
 8.785 1022.5  90  39  51  -3.125  90.0  30.0
 8.785 1025.0  90  39  51  -3.125 330.0  30.0
 8.785 1027.5  90  39  51  -3.125 210.0  30.0
 8.785 1030.0  90  39  48  -3.125 270.0  30.0
 8.785 1032.5  90  39  51  -3.125   0.0   0.0
 8.785 1035.0  90  39  51  -3.125 330.0  30.0
 8.785 1037.5  90  39  51  -9.375 330.0  30.0
 8.785 1040.0  90  39  51  -3.125 330.0  30.0
 8.785 1042.5  90  39  51   9.375 330.0  30.0
 8.785 1045.0  90  39  48  -3.125  30.0  30.0
 8.785 1047.5  90  39  48  -3.125   0.0   0.0
 8.785 1050.0  90  39  51  -3.125 330.0  30.0
 8.785 1052.5  90  39  48  -9.375  30.0  30.0
 8.785 1055.0  90  39  48  -9.375 270.0  30.0
 8.785 1057.5  90  39  51   9.375 210.0  30.0
 8.785 1060.0  90  39  48   9.375 330.0  30.0
 8.785 1062.5  90  39  48  -3.125 330.0  30.0
 8.785 1065.0  90  39  51   9.375 330.0  30.0
 8.785 1067.5  90  39  51  -3.125 330.0  30.0
 8.785 1070.0  90  39  48   9.375 330.0  30.0
 8.785 1072.5  90  39  51  -3.125 330.0  30.0
 8.785 1075.0  90  39  51   9.375 330.0  30.0
 8.785 1077.5  90  39  51   9.375  90.0  30.0
 8.785 1080.0  90  39  51   9.375  30.0  30.0
 8.785 1082.5  90  39  51   9.375  90.0  30.0
 8.785 1085.0  90  39  51   9.375 330.0  30.0
 8.785 1087.5  90  39  48  -3.125 330.0  30.0
 8.785 1090.0  90  39  48   9.375 270.0  30.0
 8.785 1092.5  90  39  48   3.125 150.0  30.0
 8.785 1095.0  90  39  48   9.375 270.0  30.0
 8.835 1017.5 -90  39  48  -9.375 270.0  30.0
 8.835 1020.0 -90  39  48  -3.125 270.0  30.0
 8.835 1022.5 -90  39  51   9.375 210.0  30.0
 8.835 1027.5 -90  39  51  -9.375 210.0  30.0
 8.835 1032.5 -90  39  48  -9.375  90.0  30.0
 8.835 1040.0 -90  39  48  -3.125 210.0  30.0
 8.835 1042.5 -90  39  48  -9.375 150.0  30.0
 8.835 1045.0 -90  39  48  -9.375 210.0  30.0
 8.835 1047.5 -90  39  48  -3.125 210.0  30.0
 8.835 1052.5 -90  39  51   3.125 210.0  30.0
 8.835 1057.5 -90  39  48  -9.375 210.0  30.0
 8.835 1070.0 -90  39  48  -3.125 210.0  30.0
 8.835 1077.5 -90  39  51   9.375 210.0  30.0
 8.835 1080.0 -90  39  48  -9.375  90.0  30.0
 8.835 1082.5 -90  39  51   3.125 210.0  30.0
 8.835 1090.0 -90  39  48   3.125 210.0  30.0
 8.835 1092.5 -90  39  48   3.125 210.0  30.0
 8.860 1015.0 -90  39  48  -3.125  90.0  30.0
 8.860 1017.5 -90  39  48   3.125  90.0  30.0
 8.860 1020.0 -90  39  51  -3.125  90.0  30.0
 8.860 1025.0 -90  39  51  -3.125 210.0  30.0
 8.860 1027.5 -90  39  48   9.375 270.0  30.0
 8.860 1030.0 -90  39  51  -3.125 210.0  30.0
 8.860 1032.5 -90  39  48  -9.375 210.0  30.0
 8.860 1035.0 -90  39  51  -3.125 210.0  30.0
 8.860 1037.5 -90  39  48   9.375  90.0  30.0
 8.860 1040.0 -90  39  51  -3.125  90.0  30.0
 8.860 1042.5 -90  39  51   9.375  90.0  30.0
 8.860 1045.0 -90  39  51  -3.125  90.0  30.0
 8.860 1047.5 -90  39  48   3.125 270.0  30.0
 8.860 1050.0 -90  39  51  -3.125 210.0  30.0
 8.860 1055.0 -90  39  48  -3.125  90.0  30.0
 8.860 1057.5 -90  39  48  -3.125 270.0  30.0
 8.860 1060.0 -90  39  51   9.375 210.0  30.0
 8.860 1062.5 -90  39  51  -3.125  90.0  30.0
 8.860 1065.0 -90  39  51   9.375  90.0  30.0
 8.860 1067.5 -90  39  51  -3.125  90.0  30.0
 8.860 1070.0 -90  39  51   9.375  90.0  30.0
 8.860 1072.5 -90  39  48  -3.125  90.0  30.0
 8.860 1075.0 -90  39  51   9.375  90.0  30.0
 8.860 1077.5 -90  39  48  -9.375 270.0  30.0
 8.860 1080.0 -90  39  51   9.375 210.0  30.0
 8.860 1082.5 -90  39  48  -9.375 270.0  30.0
 8.860 1085.0 -90  39  51   9.375 210.0  30.0
 8.860 1087.5 -90  39  48  -3.125  90.0  30.0
 8.860 1090.0 -90  39  51   9.375  90.0  30.0
 8.860 1095.0 -90  39  48   9.375  90.0  30.0
 8.885 1020.0  90  39  48  -9.375  30.0  30.0
 8.885 1040.0  90  39  48  -3.125  30.0  30.0
 8.885 1045.0  90  39  48   3.125  30.0  30.0
 8.885 1017.5 -90  39  48  -9.375  90.0  30.0
 8.885 1020.0 -90  39  48   3.125 210.0  30.0
 8.885 1025.0 -90  39  48  -9.375  90.0  30.0
 8.885 1030.0 -90  39  48  -3.125  90.0  30.0
 8.885 1035.0 -90  39  48   3.125  90.0  30.0
 8.885 1037.5 -90  39  48   3.125  30.0  30.0
 8.885 1042.5 -90  39  48   9.375 210.0  30.0
 8.885 1050.0 -90  39  48  -3.125  90.0  30.0
 8.885 1052.5 -90  39  48   9.375   0.0   0.0
 8.885 1060.0 -90  39  48   3.125  90.0  30.0
 8.885 1062.5 -90  39  48   9.375  30.0  30.0
 8.885 1067.5 -90  39  48   3.125 270.0  30.0
 8.885 1070.0 -90  39  48  -9.375 210.0  30.0
 8.885 1072.5 -90  39  48  -9.375 330.0  30.0
 8.885 1075.0 -90  39  48  -9.375 210.0  30.0
 8.885 1080.0 -90  39  48   3.125  90.0  30.0
 8.885 1085.0 -90  39  48   3.125  90.0  30.0
 8.885 1087.5 -90  39  48  -3.125  30.0  30.0
 8.910 1020.0  90  39  48  -9.375  90.0  30.0
 8.910 1025.0  90  39  48  -3.125 330.0  30.0
 8.910 1030.0  90  39  48  -9.375 330.0  30.0
 8.910 1035.0  90  39  48  -3.125 150.0  30.0
 8.910 1040.0  90  39  48   9.375 150.0  30.0
 8.910 1045.0  90  39  48   9.375 210.0  30.0
 8.910 1050.0  90  39  48  -3.125 330.0  30.0
 8.910 1055.0  90  39  48  -3.125 330.0  30.0
 8.910 1060.0  90  39  48   9.375 330.0  30.0
 8.910 1065.0  90  39  48   3.125 210.0  30.0
 8.910 1070.0  90  39  48  -3.125  90.0  30.0
 8.910 1075.0  90  39  48   3.125  90.0  30.0
 8.910 1080.0  90  39  48   9.375 150.0  30.0
 8.910 1085.0  90  39  48   3.125 330.0  30.0
 8.910 1090.0  90  39  48  -3.125 210.0  30.0
 8.960 1037.5 -90  39  48   9.375  90.0  30.0
 8.960 1042.5 -90  39  48   3.125 210.0  30.0
 8.960 1087.5 -90  39  48  -9.375 210.0  30.0
 8.985 1012.5 -90  39  48   9.375  90.0  30.0
 8.985 1015.0 -90  39  48   3.125  90.0  30.0
 8.985 1017.5 -90  39  51  -9.375 210.0  30.0
 8.985 1020.0 -90  39  51  -3.125 210.0  30.0
 8.985 1022.5 -90  39  54   9.375  90.0  30.0
 8.985 1025.0 -90  39  54  -3.125  90.0  30.0
 8.985 1027.5 -90  39  54   9.375  90.0  30.0
 8.985 1030.0 -90  39  54  -3.125  90.0  30.0
 8.985 1032.5 -90  39  54   3.125  90.0  30.0
 8.985 1035.0 -90  39  51  -3.125  90.0  30.0
 8.985 1037.5 -90  39  51  -9.375 210.0  30.0
 8.985 1040.0 -90  39  51  -3.125 210.0  30.0
 8.985 1042.5 -90  39  48  -9.375 210.0  30.0
 8.985 1045.0 -90  39  51  -3.125 210.0  30.0
 8.985 1047.5 -90  39  54   9.375  90.0  30.0
 8.985 1050.0 -90  39  51  -3.125  90.0  30.0
 8.985 1052.5 -90  39  54  -3.125 210.0  30.0
 8.985 1055.0 -90  39  51  -9.375  90.0  30.0
 8.985 1057.5 -90  39  54  -9.375  90.0  30.0
 8.985 1060.0 -90  39  51   9.375  90.0  30.0
 8.985 1062.5 -90  39  51   3.125 210.0  30.0
 8.985 1065.0 -90  39  51   9.375 210.0  30.0
 8.985 1067.5 -90  39  51   3.125 210.0  30.0
 8.985 1070.0 -90  39  51   9.375 210.0  30.0
 8.985 1072.5 -90  39  51   3.125 210.0  30.0
 8.985 1075.0 -90  39  51   9.375 210.0  30.0
 8.985 1077.5 -90  39  54  -3.125  90.0  30.0
 8.985 1080.0 -90  39  54   9.375  90.0  30.0
 8.985 1082.5 -90  39  54  -3.125  90.0  30.0
 8.985 1085.0 -90  39  51   9.375  90.0  30.0
 8.985 1087.5 -90  39  51   3.125 210.0  30.0
 8.985 1090.0 -90  39  51   9.375 210.0  30.0
 8.985 1092.5 -90  39  51   3.125  30.0  30.0
 8.985 1095.0 -90  39  48   9.375 210.0  30.0
 9.010 1025.0  90  39  48  -9.375 270.0  30.0
 9.010 1030.0  90  39  48   9.375 330.0  30.0
 9.010 1035.0  90  39  48  -3.125 270.0  30.0
 9.010 1050.0  90  39  48  -3.125 270.0  30.0
 9.010 1055.0  90  39  48  -9.375 330.0  30.0
 9.010 1060.0  90  39  48   9.375 330.0  30.0
 9.010 1065.0  90  39  48  -9.375 210.0  30.0
 9.010 1072.5  90  39  48   9.375 270.0  30.0
 9.010 1080.0  90  39  48   9.375 270.0  30.0
 9.010 1085.0  90  39  48  -9.375 270.0  30.0
 9.010 1017.5 -90  39  48  -3.125  90.0  30.0
 9.010 1020.0 -90  39  48   9.375  90.0  30.0
 9.010 1022.5 -90  39  48  -9.375 270.0  30.0
 9.010 1027.5 -90  39  48  -9.375  90.0  30.0
 9.010 1032.5 -90  39  48   3.125  90.0  30.0
 9.010 1040.0 -90  39  48   9.375  90.0  30.0
 9.010 1042.5 -90  39  48  -3.125  90.0  30.0
 9.010 1045.0 -90  39  48  -3.125  90.0  30.0
 9.010 1047.5 -90  39  48   9.375 330.0  30.0
 9.010 1052.5 -90  39  48   3.125  90.0  30.0
 9.010 1055.0 -90  39  48   3.125  90.0  30.0
 9.010 1062.5 -90  39  48  -3.125  90.0  30.0
 9.010 1065.0 -90  39  48  -3.125  90.0  30.0
 9.010 1067.5 -90  39  48  -9.375  90.0  30.0
 9.010 1072.5 -90  39  48   3.125  90.0  30.0
 9.010 1077.5 -90  39  48   3.125 210.0  30.0
 9.010 1082.5 -90  39  48  -3.125  90.0  30.0
 9.010 1087.5 -90  39  48  -9.375  90.0  30.0
 9.010 1090.0 -90  39  48   3.125  90.0  30.0
 9.010 1095.0 -90  39  48  -3.125 270.0  30.0
 9.035 1012.5  90  39  48  -9.375   0.0   0.0
 9.035 1017.5  90  39  51  -9.375 270.0  30.0
 9.035 1020.0  90  39  51  -3.125  30.0  30.0
 9.035 1022.5  90  39  48   9.375  90.0  30.0
 9.035 1025.0  90  39  51   3.125  90.0  30.0
 9.035 1027.5  90  39  51   9.375 330.0  30.0
 9.035 1030.0  90  39  51   3.125 210.0  30.0
 9.035 1032.5  90  39  51   9.375 210.0  30.0
 9.035 1035.0  90  39  51   3.125 270.0  30.0
 9.035 1037.5  90  39  51  -9.375 270.0  30.0
 9.035 1040.0  90  39  51  -3.125 270.0  30.0
 9.035 1042.5  90  39  51  -9.375   0.0   0.0
 9.035 1045.0  90  39  51  -3.125 270.0  30.0
 9.035 1047.5  90  39  51   9.375   0.0   0.0
 9.035 1050.0  90  39  48   3.125   0.0   0.0
 9.035 1052.5  90  39  48  -3.125 270.0  30.0
 9.035 1055.0  90  39  51   3.125  90.0  30.0
 9.035 1057.5  90  39  48  -3.125 270.0  30.0
 9.035 1060.0  90  39  51  -9.375 270.0  30.0
 9.035 1062.5  90  39  51   3.125 330.0  30.0
 9.035 1065.0  90  39  48   9.375 270.0  30.0
 9.035 1067.5  90  39  51   3.125  90.0  30.0
 9.035 1070.0  90  39  51   9.375  90.0  30.0
 9.035 1072.5  90  39  51   3.125 330.0  30.0
 9.035 1075.0  90  39  51   9.375  90.0  30.0
 9.035 1077.5  90  39  48  -3.125   0.0   0.0
 9.035 1080.0  90  39  51  -9.375 270.0  30.0
 9.035 1082.5  90  39  48  -3.125  90.0  30.0
 9.035 1085.0  90  39  51  -9.375 270.0  30.0
 9.035 1087.5  90  39  51   3.125  90.0  30.0
 9.035 1090.0  90  39  51   9.375   0.0   0.0
 9.035 1092.5  90  39  48  -9.375 150.0  30.0
 9.035 1095.0  90  39  51  -9.375 330.0  30.0
 9.060  432.5  90  39  48   9.375 270.0  30.0
 9.060  457.5  90  39  48  -3.125 270.0  30.0
 9.060  497.5  90  39  48   3.125   0.0   0.0
 9.060  695.0  90  39  48  -9.375   0.0   0.0
 9.060 1020.0  90  39  48  -9.375 330.0  30.0
 9.060 1022.5  90  39  48  -9.375 210.0  30.0
 9.060 1027.5  90  39  48  -9.375   0.0   0.0
 9.060 1035.0  90  39  48   9.375 330.0  30.0
 9.060 1040.0  90  39  48  -3.125 270.0  30.0
 9.060 1045.0  90  39  48   3.125 270.0  30.0
 9.060 1050.0  90  39  48  -9.375   0.0   0.0
 9.060 1055.0  90  39  48  -3.125 330.0  30.0
 9.060 1057.5  90  39  48  -9.375  30.0  30.0
 9.060 1060.0  90  39  48  -9.375 330.0  30.0
 9.060 1065.0  90  39  48   9.375 270.0  30.0
 9.060 1070.0  90  39  48  -9.375  30.0  30.0
 9.060 1075.0  90  39  48  -9.375 150.0  30.0
 9.060 1090.0  90  39  48   3.125 330.0  30.0
 9.060 1095.0  90  39  48  -9.375 270.0  30.0
 9.085 1015.0 -90  39  48   3.125  90.0  30.0
 9.085 1017.5 -90  39  48  -3.125  90.0  30.0
 9.085 1020.0 -90  39  51  -9.375 330.0  30.0
 9.085 1022.5 -90  39  51  -9.375  90.0  30.0
 9.085 1025.0 -90  39  54  -9.375   0.0   0.0
 9.085 1027.5 -90  39  51  -9.375 150.0  30.0
 9.085 1030.0 -90  39  54  -9.375   0.0   0.0
 9.085 1032.5 -90  39  51  -9.375  90.0  30.0
 9.085 1035.0 -90  39  54  -9.375   0.0   0.0
 9.085 1037.5 -90  39  48   3.125  90.0  30.0
 9.085 1040.0 -90  39  51  -9.375 330.0  30.0
 9.085 1042.5 -90  39  51   3.125  90.0  30.0
 9.085 1045.0 -90  39  48   9.375 330.0  30.0
 9.085 1047.5 -90  39  51   9.375  90.0  30.0
 9.085 1050.0 -90  39  54   9.375   0.0   0.0
 9.085 1052.5 -90  39  51   9.375   0.0   0.0
 9.085 1055.0 -90  39  51  -3.125   0.0   0.0
 9.085 1057.5 -90  39  51  -3.125  90.0  30.0
 9.085 1060.0 -90  39  54   3.125   0.0   0.0
 9.085 1062.5 -90  39  51  -3.125  90.0  30.0
 9.085 1065.0 -90  39  51  -9.375  30.0  30.0
 9.085 1067.5 -90  39  48  -9.375  90.0  30.0
 9.085 1070.0 -90  39  48   9.375 150.0  30.0
 9.085 1072.5 -90  39  48  -3.125  90.0  30.0
 9.085 1075.0 -90  39  51  -9.375 330.0  30.0
 9.085 1077.5 -90  39  51   9.375 150.0  30.0
 9.085 1080.0 -90  39  54  -9.375   0.0   0.0
 9.085 1082.5 -90  39  51   9.375 150.0  30.0
 9.085 1085.0 -90  39  54   9.375   0.0   0.0
 9.085 1087.5 -90  39  48  -9.375  90.0  30.0
 9.085 1090.0 -90  39  51   9.375 150.0  30.0
 9.085 1092.5 -90  39  48  -9.375 150.0  30.0
 9.085 1095.0 -90  39  51   3.125  90.0  30.0
 9.110 1012.5 -90  42  54   9.375  90.0  30.0
 9.110 1015.0 -90  42  51   3.125  90.0  30.0
 9.110 1017.5 -90  42  57   9.375  90.0  30.0
 9.110 1020.0 -90  42  57  -3.125  90.0  30.0
 9.110 1022.5 -90  42  51   3.125   0.0   0.0
 9.110 1025.0 -90  42  54  -3.125 210.0  30.0
 9.110 1027.5 -90  42  51   3.125  90.0  30.0
 9.110 1030.0 -90  42  54   3.125  90.0  30.0
 9.110 1032.5 -90  42  51   3.125  90.0  30.0
 9.110 1035.0 -90  42  54   3.125 210.0  30.0
 9.110 1037.5 -90  42  57   9.375  90.0  30.0
 9.110 1040.0 -90  42  57  -3.125  90.0  30.0
 9.110 1042.5 -90  42  57   9.375  90.0  30.0
 9.110 1045.0 -90  42  57  -3.125  90.0  30.0
 9.110 1050.0 -90  42  54   3.125 330.0  30.0
 9.110 1052.5 -90  42  51  -9.375  90.0  30.0
 9.110 1055.0 -90  42  51  -3.125   0.0   0.0
 9.110 1057.5 -90  42  51  -9.375  90.0  30.0
 9.110 1060.0 -90  42  54   9.375 210.0  30.0
 9.110 1062.5 -90  42  57  -3.125  90.0  30.0
 9.110 1065.0 -90  42  57   9.375  90.0  30.0
 9.110 1067.5 -90  42  57  -3.125  90.0  30.0
 9.110 1070.0 -90  42  57   9.375  90.0  30.0
 9.110 1072.5 -90  42  57  -3.125  90.0  30.0
 9.110 1075.0 -90  42  57   9.375  90.0  30.0
 9.110 1077.5 -90  42  51   9.375 210.0  30.0
 9.110 1080.0 -90  42  54   9.375 210.0  30.0
 9.110 1082.5 -90  42  51  -9.375  90.0  30.0
 9.110 1085.0 -90  42  54   9.375 210.0  30.0
 9.110 1087.5 -90  42  57  -3.125  90.0  30.0
 9.110 1090.0 -90  42  54   9.375  90.0  30.0
 9.110 1092.5 -90  42  51  -9.375 150.0  30.0
 9.110 1095.0 -90  42  54   9.375  90.0  30.0
 9.135 1017.5  90  39  48   9.375 330.0  30.0
 9.135 1022.5  90  39  48   9.375 330.0  30.0
 9.135 1027.5  90  39  51  -9.375 330.0  30.0
 9.135 1030.0  90  39  48   9.375 150.0  30.0
 9.135 1032.5  90  39  51  -3.125 270.0  30.0
 9.135 1037.5  90  39  51  -3.125 330.0  30.0
 9.135 1040.0  90  39  48   9.375 330.0  30.0
 9.135 1042.5  90  39  51  -9.375   0.0   0.0
 9.135 1045.0  90  39  48   9.375  30.0  30.0
 9.135 1047.5  90  39  51   9.375 270.0  30.0
 9.135 1052.5  90  39  48  -9.375 270.0  30.0
 9.135 1057.5  90  39  48   3.125 330.0  30.0
 9.135 1060.0  90  39  48  -9.375  90.0  30.0
 9.135 1062.5  90  39  51  -3.125  30.0  30.0
 9.135 1067.5  90  39  48   3.125 330.0  30.0
 9.135 1070.0  90  39  48  -9.375 330.0  30.0
 9.135 1072.5  90  39  48  -3.125 330.0  30.0
 9.135 1077.5  90  39  48  -3.125 330.0  30.0
 9.135 1080.0  90  39  48   9.375 210.0  30.0
 9.135 1082.5  90  39  48   3.125 330.0  30.0
 9.135 1087.5  90  39  51  -3.125  30.0  30.0
 9.135 1090.0  90  39  48  -9.375 330.0  30.0
 9.135 1092.5  90  39  48  -3.125 330.0  30.0
 9.135 1095.0  90  39  48  -9.375 210.0  30.0
 9.135 1012.5 -90  39  48  -3.125  90.0  30.0
 9.135 1015.0 -90  39  48   3.125  90.0  30.0
 9.135 1020.0 -90  39  48  -9.375  90.0  30.0
 9.135 1022.5 -90  39  54   3.125  90.0  30.0
 9.135 1025.0 -90  39  54  -3.125  90.0  30.0
 9.135 1027.5 -90  39  51   3.125  90.0  30.0
 9.135 1030.0 -90  39  54  -3.125  90.0  30.0
 9.135 1032.5 -90  39  51   9.375  90.0  30.0
 9.135 1035.0 -90  39  54  -3.125  90.0  30.0
 9.135 1040.0 -90  39  48  -3.125  90.0  30.0
 9.135 1045.0 -90  39  51  -3.125  90.0  30.0
 9.135 1047.5 -90  39  54   9.375  90.0  30.0
 9.135 1050.0 -90  39  54   9.375  90.0  30.0
 9.135 1055.0 -90  39  48  -3.125  90.0  30.0
 9.135 1057.5 -90  39  51  -3.125  90.0  30.0
 9.135 1060.0 -90  39  54   3.125  90.0  30.0
 9.135 1065.0 -90  39  48  -3.125  90.0  30.0
 9.135 1070.0 -90  39  48   3.125  90.0  30.0
 9.135 1075.0 -90  39  48   9.375  90.0  30.0
 9.135 1077.5 -90  39  54   3.125  90.0  30.0
 9.135 1080.0 -90  39  54  -9.375  90.0  30.0
 9.135 1082.5 -90  39  51   3.125  90.0  30.0
 9.135 1085.0 -90  39  54  -9.375  90.0  30.0
 9.135 1090.0 -90  39  51  -3.125  90.0  30.0
 9.135 1095.0 -90  39  48  -9.375  90.0  30.0
 9.160 1017.5  90  39  48  -9.375 210.0  30.0
 9.160 1020.0  90  39  48   3.125 330.0  30.0
 9.160 1022.5  90  39  48  -9.375 150.0  30.0
 9.160 1025.0  90  39  48  -3.125 210.0  30.0
 9.160 1027.5  90  39  51  -9.375 330.0  30.0
 9.160 1030.0  90  39  48  -3.125 210.0  30.0
 9.160 1032.5  90  39  51  -9.375 330.0  30.0
 9.160 1035.0  90  39  48  -3.125 150.0  30.0
 9.160 1037.5  90  39  48  -9.375  90.0  30.0
 9.160 1040.0  90  39  51  -3.125   0.0   0.0
 9.160 1045.0  90  39  51  -3.125  90.0  30.0
 9.160 1047.5  90  39  48  -9.375   0.0   0.0
 9.160 1050.0  90  39  48   3.125 270.0  30.0
 9.160 1055.0  90  39  48  -3.125 150.0  30.0
 9.160 1057.5  90  39  51   3.125 150.0  30.0
 9.160 1060.0  90  39  48  -9.375  90.0  30.0
 9.160 1062.5  90  39  48   3.125 210.0  30.0
 9.160 1065.0  90  39  48  -9.375   0.0   0.0
 9.160 1067.5  90  39  48   3.125  90.0  30.0
 9.160 1070.0  90  39  51  -9.375  90.0  30.0
 9.160 1072.5  90  39  48   3.125 270.0  30.0
 9.160 1075.0  90  39  48  -9.375 270.0  30.0
 9.160 1077.5  90  39  48   3.125 210.0  30.0
 9.160 1080.0  90  39  51   9.375 150.0  30.0
 9.160 1082.5  90  39  48   3.125 330.0  30.0
 9.160 1085.0  90  39  48   9.375 270.0  30.0
 9.160 1087.5  90  39  48   3.125  90.0  30.0
 9.160 1090.0  90  39  51  -9.375 330.0  30.0
 9.160 1092.5  90  39  48   3.125 150.0  30.0
 9.160 1095.0  90  39  48   9.375 210.0  30.0
 9.185 1060.0  90  39  48  -9.375   0.0   0.0
 9.210 1015.0 -90  39  48  -9.375   0.0   0.0
 9.210 1017.5 -90  39  48  -3.125 150.0  30.0
 9.210 1020.0 -90  39  51   3.125 150.0  30.0
 9.210 1022.5 -90  39  51   9.375 150.0  30.0
 9.210 1025.0 -90  39  48   3.125  90.0  30.0
 9.210 1027.5 -90  39  51   3.125 150.0  30.0
 9.210 1030.0 -90  39  48   9.375  90.0  30.0
 9.210 1032.5 -90  39  51   3.125 150.0  30.0
 9.210 1035.0 -90  39  48   9.375   0.0   0.0
 9.210 1037.5 -90  39  48  -3.125 150.0  30.0
 9.210 1040.0 -90  39  54   3.125 150.0  30.0
 9.210 1042.5 -90  39  48  -9.375 150.0  30.0
 9.210 1045.0 -90  39  51   3.125 150.0  30.0
 9.210 1047.5 -90  39  51  -3.125 150.0  30.0
 9.210 1052.5 -90  39  51   9.375 150.0  30.0
 9.210 1055.0 -90  39  48   3.125  90.0  30.0
 9.210 1057.5 -90  39  51  -3.125 150.0  30.0
 9.210 1062.5 -90  39  48  -3.125 150.0  30.0
 9.210 1065.0 -90  39  51   9.375 150.0  30.0
 9.210 1067.5 -90  39  48   9.375 150.0  30.0
 9.210 1070.0 -90  39  51   3.125 150.0  30.0
 9.210 1072.5 -90  39  48  -9.375 150.0  30.0
 9.210 1075.0 -90  39  51  -3.125 150.0  30.0
 9.210 1077.5 -90  39  51  -3.125 150.0  30.0
 9.210 1080.0 -90  39  48   3.125  90.0  30.0
 9.210 1082.5 -90  39  51  -9.375 150.0  30.0
 9.210 1085.0 -90  39  48   3.125  90.0  30.0
 9.210 1087.5 -90  39  48   3.125 150.0  30.0
 9.210 1090.0 -90  39  51   9.375 150.0  30.0
 9.210 1092.5 -90  39  51   9.375 150.0  30.0
 9.235 1012.5 -90  39  54   9.375 150.0  30.0
 9.235 1015.0 -90  39  57   9.375 270.0  30.0
 9.235 1017.5 -90  39  60   3.125   0.0   0.0
 9.235 1020.0 -90  39  57  -9.375 270.0  30.0
 9.235 1022.5 -90  39  57   9.375 150.0  30.0
 9.235 1025.0 -90  39  63   3.125 270.0  30.0
 9.235 1027.5 -90  39  60   9.375 150.0  30.0
 9.235 1030.0 -90  39  63   3.125 270.0  30.0
 9.235 1032.5 -90  39  57   9.375 150.0  30.0
 9.235 1035.0 -90  39  63   3.125 270.0  30.0
 9.235 1037.5 -90  39  57   3.125 150.0  30.0
 9.235 1040.0 -90  39  60  -9.375 270.0  30.0
 9.235 1042.5 -90  39  60   3.125   0.0   0.0
 9.235 1045.0 -90  39  60  -9.375 270.0  30.0
 9.235 1047.5 -90  39  60   9.375 150.0  30.0
 9.235 1050.0 -90  39  63   3.125 150.0  30.0
 9.235 1052.5 -90  39  60   3.125 150.0  30.0
 9.235 1055.0 -90  39  63  -3.125 270.0  30.0
 9.235 1057.5 -90  39  57  -3.125 150.0  30.0
 9.235 1060.0 -90  39  63  -9.375 270.0  30.0
 9.235 1062.5 -90  39  57  -3.125  90.0  30.0
 9.235 1065.0 -90  39  60   3.125 270.0  30.0
 9.235 1067.5 -90  39  60  -9.375   0.0   0.0
 9.235 1070.0 -90  39  57   3.125 270.0  30.0
 9.235 1072.5 -90  39  60  -9.375   0.0   0.0
 9.235 1075.0 -90  39  60   3.125 270.0  30.0
 9.235 1077.5 -90  39  57  -3.125 150.0  30.0
 9.235 1080.0 -90  39  63  -9.375 270.0  30.0
 9.235 1082.5 -90  39  60  -3.125 150.0  30.0
 9.235 1085.0 -90  39  63  -9.375 150.0  30.0
 9.235 1087.5 -90  39  57  -9.375   0.0   0.0
 9.235 1090.0 -90  39  60   3.125 270.0  30.0
 9.235 1092.5 -90  39  57  -9.375  90.0  30.0
 9.235 1095.0 -90  39  57   9.375 150.0  30.0
 9.260 1012.5  90  36  45   9.375 210.0  30.0
 9.260 1015.0  90  36  48  -3.125 210.0  30.0
 9.260 1017.5  90  36  48   3.125 270.0  30.0
 9.260 1020.0  90  36  51  -3.125 150.0  30.0
 9.260 1022.5  90  36  51   9.375 270.0  30.0
 9.260 1025.0  90  36  48  -3.125 210.0  30.0
 9.260 1027.5  90  36  48  -9.375 330.0  30.0
 9.260 1030.0  90  36  45  -9.375 210.0  30.0
 9.260 1032.5  90  36  51  -9.375 330.0  30.0
 9.260 1035.0  90  36  48  -3.125 210.0  30.0
 9.260 1037.5  90  36  51  -3.125 270.0  30.0
 9.260 1040.0  90  36  54   3.125 150.0  30.0
 9.260 1042.5  90  36  48   9.375 270.0  30.0
 9.260 1045.0  90  36  51   3.125 150.0  30.0
 9.260 1047.5  90  36  51  -3.125 270.0  30.0
 9.260 1050.0  90  36  48   9.375 210.0  30.0
 9.260 1052.5  90  36  51   3.125 270.0  30.0
 9.260 1055.0  90  36  48   9.375 210.0  30.0
 9.260 1057.5  90  36  48   9.375 270.0  30.0
 9.260 1060.0  90  36  45  -3.125 210.0  30.0
 9.260 1062.5  90  36  48  -9.375 150.0  30.0
 9.260 1065.0  90  36  51  -9.375 150.0  30.0
 9.260 1067.5  90  36  48  -3.125 270.0  30.0
 9.260 1070.0  90  36  51   3.125 150.0  30.0
 9.260 1072.5  90  36  48  -9.375 150.0  30.0
 9.260 1075.0  90  36  51   9.375 150.0  30.0
 9.260 1077.5  90  36  51  -9.375 270.0  30.0
 9.260 1080.0  90  36  48   3.125  90.0  30.0
 9.260 1082.5  90  36  51  -3.125 330.0  30.0
 9.260 1085.0  90  36  45   9.375 210.0  30.0
 9.260 1087.5  90  36  51   3.125 150.0  30.0
 9.260 1090.0  90  36  51  -9.375 150.0  30.0
 9.260 1092.5  90  36  48   3.125 270.0  30.0
 9.260 1095.0  90  36  45  -3.125   0.0   0.0
 9.260 1012.5 -90  39  51   9.375   0.0   0.0
 9.260 1015.0 -90  39  48  -3.125  90.0  30.0
 9.260 1017.5 -90  39  54   9.375  90.0  30.0
 9.260 1020.0 -90  39  54  -3.125 270.0  30.0
 9.260 1022.5 -90  39  51  -9.375 270.0  30.0
 9.260 1025.0 -90  39  54  -3.125 150.0  30.0
 9.260 1027.5 -90  39  54   3.125 270.0  30.0
 9.260 1030.0 -90  39  54  -3.125 330.0  30.0
 9.260 1032.5 -90  39  54  -3.125   0.0   0.0
 9.260 1035.0 -90  39  54   3.125 150.0  30.0
 9.260 1037.5 -90  39  51  -3.125  90.0  30.0
 9.260 1040.0 -90  39  54   3.125 270.0  30.0
 9.260 1042.5 -90  39  54   3.125  90.0  30.0
 9.260 1045.0 -90  39  54   9.375 270.0  30.0
 9.260 1047.5 -90  39  54   3.125 270.0  30.0
 9.260 1050.0 -90  39  54   9.375  90.0  30.0
 9.260 1052.5 -90  39  54   9.375  90.0  30.0
 9.260 1055.0 -90  39  54   9.375 150.0  30.0
 9.260 1057.5 -90  39  54  -3.125 150.0  30.0
 9.260 1060.0 -90  39  54  -9.375  90.0  30.0
 9.260 1062.5 -90  39  51   3.125  90.0  30.0
 9.260 1065.0 -90  39  54   3.125 150.0  30.0
 9.260 1067.5 -90  39  51   3.125  90.0  30.0
 9.260 1070.0 -90  39  54  -9.375 270.0  30.0
 9.260 1072.5 -90  39  54  -3.125  90.0  30.0
 9.260 1075.0 -90  39  54  -9.375 150.0  30.0
 9.260 1077.5 -90  39  54  -9.375 270.0  30.0
 9.260 1080.0 -90  39  54  -9.375 150.0  30.0
 9.260 1082.5 -90  39  54  -9.375 270.0  30.0
 9.260 1085.0 -90  39  54   9.375  90.0  30.0
 9.260 1087.5 -90  39  51   9.375  90.0  30.0
 9.260 1090.0 -90  39  54  -9.375 270.0  30.0
 9.260 1092.5 -90  39  48   3.125  90.0  30.0
 9.260 1095.0 -90  39  54   9.375 150.0  30.0
 9.285 1012.5  90  39  54   9.375 210.0  30.0
 9.285 1015.0  90  39  54  -9.375  30.0  30.0
 9.285 1017.5  90  39  54  -9.375 330.0  30.0
 9.285 1020.0  90  39  57  -3.125 330.0  30.0
 9.285 1022.5  90  39  60   9.375 330.0  30.0
 9.285 1025.0  90  39  57   3.125  30.0  30.0
 9.285 1027.5  90  39  60   9.375  90.0  30.0
 9.285 1030.0  90  39  57   3.125  30.0  30.0
 9.285 1032.5  90  39  60   9.375 210.0  30.0
 9.285 1035.0  90  39  57   3.125  30.0  30.0
 9.285 1037.5  90  39  54  -3.125 330.0  30.0
 9.285 1040.0  90  39  57  -3.125 330.0  30.0
 9.285 1042.5  90  39  54  -9.375 330.0  30.0
 9.285 1045.0  90  39  57  -3.125 330.0  30.0
 9.285 1047.5  90  39  60   9.375 270.0  30.0
 9.285 1050.0  90  39  57   3.125  30.0  30.0
 9.285 1052.5  90  39  60  -3.125 330.0  30.0
 9.285 1055.0  90  39  60  -3.125 330.0  30.0
 9.285 1057.5  90  39  60  -3.125  90.0  30.0
 9.285 1060.0  90  39  57  -9.375  30.0  30.0
 9.285 1062.5  90  39  54   3.125 330.0  30.0
 9.285 1065.0  90  39  57   9.375 330.0  30.0
 9.285 1067.5  90  39  54   3.125 330.0  30.0
 9.285 1070.0  90  39  60   3.125 330.0  30.0
 9.285 1072.5  90  39  54   3.125 330.0  30.0
 9.285 1075.0  90  39  60   3.125 330.0  30.0
 9.285 1077.5  90  39  60  -3.125  90.0  30.0
 9.285 1080.0  90  39  57  -9.375  30.0  30.0
 9.285 1082.5  90  39  60  -3.125 330.0  30.0
 9.285 1085.0  90  39  57  -9.375  30.0  30.0
 9.285 1087.5  90  39  54   3.125 330.0  30.0
 9.285 1090.0  90  39  57   9.375 330.0  30.0
 9.285 1092.5  90  39  54  -3.125 270.0  30.0
 9.285 1095.0  90  39  57   9.375 330.0  30.0
 9.310  260.0  90  42  51  -3.125 150.0  30.0
 9.310 1012.5  90  42  51   3.125 210.0  30.0
 9.310 1015.0  90  42  51   3.125  30.0  30.0
 9.310 1017.5  90  42  54   9.375 270.0  30.0
 9.310 1020.0  90  42  54  -9.375  30.0  30.0
 9.310 1022.5  90  42  54  -3.125 210.0  30.0
 9.310 1027.5  90  42  54  -9.375 210.0  30.0
 9.310 1030.0  90  42  51  -3.125 270.0  30.0
 9.310 1032.5  90  42  54   9.375 330.0  30.0
 9.310 1035.0  90  42  51   3.125 150.0  30.0
 9.310 1037.5  90  42  54  -3.125  90.0  30.0
 9.310 1040.0  90  42  54   9.375  30.0  30.0
 9.310 1042.5  90  42  54   9.375  90.0  30.0
 9.310 1045.0  90  42  54  -9.375 270.0  30.0
 9.310 1047.5  90  42  54  -9.375 210.0  30.0
 9.310 1050.0  90  42  51   3.125 210.0  30.0
 9.310 1052.5  90  42  54   9.375  90.0  30.0
 9.310 1055.0  90  42  54  -3.125  30.0  30.0
 9.310 1057.5  90  42  54   3.125 210.0  30.0
 9.310 1060.0  90  42  51   9.375 270.0  30.0
 9.310 1062.5  90  42  54   3.125  90.0  30.0
 9.310 1065.0  90  42  54  -9.375  30.0  30.0
 9.310 1067.5  90  42  54  -9.375  90.0  30.0
 9.310 1070.0  90  42  54  -3.125  30.0  30.0
 9.310 1072.5  90  42  54  -3.125 270.0  30.0
 9.310 1075.0  90  42  54  -3.125 270.0  30.0
 9.310 1077.5  90  42  54   9.375 210.0  30.0
 9.310 1080.0  90  42  51  -9.375 210.0  30.0
 9.310 1082.5  90  42  54   9.375 210.0  30.0
 9.310 1087.5  90  42  54  -9.375  30.0  30.0
 9.310 1090.0  90  42  54  -3.125  30.0  30.0
 9.310 1092.5  90  42  51   9.375 270.0  30.0
 9.310 1095.0  90  42  51  -9.375  30.0  30.0
 9.335  285.0  90  48  57   3.125 150.0  30.0
 9.335 1012.5 -90  45  60   3.125 150.0  30.0
 9.335 1015.0 -90  45  60  -3.125 150.0  30.0
 9.335 1017.5 -90  45  69  -3.125 150.0  30.0
 9.335 1020.0 -90  45  63  -3.125 150.0  30.0
 9.335 1022.5 -90  45  60   9.375 150.0  30.0
 9.335 1025.0 -90  45  66  -9.375 150.0  30.0
 9.335 1027.5 -90  45  57   9.375 150.0  30.0
 9.335 1030.0 -90  45  66  -9.375 150.0  30.0
 9.335 1032.5 -90  45  57  -9.375 150.0  30.0
 9.335 1035.0 -90  45  66  -3.125 150.0  30.0
 9.335 1037.5 -90  45  69  -9.375 150.0  30.0
 9.335 1040.0 -90  45  63  -9.375 150.0  30.0
 9.335 1042.5 -90  45  69   9.375 150.0  30.0
 9.335 1045.0 -90  45  63   9.375 150.0  30.0
 9.335 1047.5 -90  45  60  -3.125 150.0  30.0
 9.335 1050.0 -90  45  66   3.125 150.0  30.0
 9.335 1052.5 -90  45  60  -3.125 150.0  30.0
 9.335 1055.0 -90  45  66   3.125 150.0  30.0
 9.335 1057.5 -90  45  57   3.125 150.0  30.0
 9.335 1060.0 -90  45  66   9.375 150.0  30.0
 9.335 1062.5 -90  45  69   3.125 150.0  30.0
 9.335 1065.0 -90  45  63   3.125 150.0  30.0
 9.335 1067.5 -90  45  69  -3.125 150.0  30.0
 9.335 1070.0 -90  45  63  -3.125 150.0  30.0
 9.335 1072.5 -90  45  69   9.375 150.0  30.0
 9.335 1075.0 -90  45  63   9.375 150.0  30.0
 9.335 1077.5 -90  45  57  -3.125 150.0  30.0
 9.335 1080.0 -90  45  66   3.125 150.0  30.0
 9.335 1082.5 -90  45  57   3.125 150.0  30.0
 9.335 1085.0 -90  45  63   9.375 150.0  30.0
 9.335 1087.5 -90  45  69   9.375 150.0  30.0
 9.335 1090.0 -90  45  63   9.375 150.0  30.0
 9.335 1092.5 -90  45  63  -3.125 150.0  30.0
 9.335 1095.0 -90  45  63   3.125 150.0  30.0
 9.360 1012.5 -90  54  66   9.375 150.0  30.0
 9.360 1015.0 -90  54  69   9.375 150.0  30.0
 9.360 1017.5 -90  54  66   3.125 150.0  30.0
 9.360 1020.0 -90  54  69  -9.375   0.0   0.0
 9.360 1022.5 -90  54  72   9.375 150.0  30.0
 9.360 1025.0 -90  54  69   3.125 150.0  30.0
 9.360 1027.5 -90  54  72   9.375 150.0  30.0
 9.360 1030.0 -90  54  66   3.125 150.0  30.0
 9.360 1032.5 -90  54  72   9.375 150.0  30.0
 9.360 1035.0 -90  54  66   9.375   0.0   0.0
 9.360 1037.5 -90  54  69  -3.125 150.0  30.0
 9.360 1040.0 -90  54  69  -9.375 150.0  30.0
 9.360 1042.5 -90  54  69   9.375 150.0  30.0
 9.360 1045.0 -90  54  72  -9.375 150.0  30.0
 9.360 1047.5 -90  54  69   9.375 150.0  30.0
 9.360 1050.0 -90  54  69   9.375 150.0  30.0
 9.360 1052.5 -90  54  66   3.125 270.0  30.0
 9.360 1055.0 -90  54  66   3.125 150.0  30.0
 9.360 1057.5 -90  54  72  -3.125 150.0  30.0
 9.360 1060.0 -90  54  69  -3.125 150.0  30.0
 9.360 1062.5 -90  54  69   9.375  30.0  30.0
 9.360 1065.0 -90  54  69   3.125   0.0   0.0
 9.360 1067.5 -90  54  69  -9.375 150.0  30.0
 9.360 1070.0 -90  54  72   9.375 150.0  30.0
 9.360 1072.5 -90  54  66  -9.375 150.0  30.0
 9.360 1075.0 -90  54  69   3.125   0.0   0.0
 9.360 1077.5 -90  54  72  -3.125 150.0  30.0
 9.360 1080.0 -90  54  72  -9.375 150.0  30.0
 9.360 1082.5 -90  54  72  -3.125 150.0  30.0
 9.360 1085.0 -90  54  72  -9.375 150.0  30.0
 9.360 1087.5 -90  54  69  -9.375 150.0  30.0
 9.360 1090.0 -90  54  72   9.375 150.0  30.0
 9.360 1092.5 -90  54  69  -9.375 150.0  30.0
 9.360 1095.0 -90  54  63  -9.375 270.0  30.0
 9.360 1097.5 -90  54  66   9.375 150.0  30.0
 9.360 1100.0 -90  54  66  -9.375 150.0  30.0
 9.360 1102.5 -90  54  66  -9.375 150.0  30.0
 9.360 1105.0 -90  54  66  -9.375 150.0  30.0
 9.360 1107.5 -90  54  66  -9.375 150.0  30.0
 9.360 1110.0 -90  54  66  -9.375 150.0  30.0
 9.360 1112.5 -90  54  66  -9.375 150.0  30.0
 9.360 1115.0 -90  54  66  -9.375 150.0  30.0
 9.360 1117.5 -90  54  66  -9.375 150.0  30.0
 9.360 1120.0 -90  54  66  -9.375 150.0  30.0
 9.360 1122.5 -90  54  66   9.375 150.0  30.0
 9.360 1125.0 -90  54  66   9.375 150.0  30.0
 9.360 1127.5 -90  54  66  -9.375 150.0  30.0
 9.360 1130.0 -90  54  66  -9.375 150.0  30.0
 9.360 1132.5 -90  54  66  -9.375 150.0  30.0
 9.360 1135.0 -90  54  66  -9.375 150.0  30.0
 9.360 1137.5 -90  54  66  -9.375 150.0  30.0
 9.360 1140.0 -90  54  66  -9.375 150.0  30.0
 9.360 1142.5 -90  54  66  -9.375 150.0  30.0
 9.360 1145.0 -90  54  63  -9.375 150.0  30.0
 9.360 1147.5 -90  54  63  -9.375 150.0  30.0
 9.360 1150.0 -90  54  63  -9.375 150.0  30.0
 9.360 1152.5 -90  54  63  -9.375 150.0  30.0
 9.360 1155.0 -90  54  63  -9.375 150.0  30.0
 9.360 1157.5 -90  54  63  -9.375 150.0  30.0
 9.360 1160.0 -90  54  63  -9.375 150.0  30.0
 9.360 1162.5 -90  54  63  -9.375 150.0  30.0
 9.360 1192.5 -90  54  63   9.375 150.0  30.0
 9.360 1195.0 -90  54  63   9.375 150.0  30.0
 9.360 1197.5 -90  54  63   9.375 150.0  30.0
 9.360 1200.0 -90  54  63   9.375 150.0  30.0
 9.360 1202.5 -90  54  63   9.375 150.0  30.0
 9.360 1205.0 -90  54  63   9.375 150.0  30.0
 9.360 1207.5 -90  54  63   9.375 150.0  30.0
 9.360 1210.0 -90  54  63   9.375 150.0  30.0
 9.360 1212.5 -90  54  63   9.375 150.0  30.0
 9.360 1215.0 -90  54  63   9.375 150.0  30.0
 9.360 1217.5 -90  54  63   9.375 150.0  30.0
 9.360 1220.0 -90  54  63   9.375 150.0  30.0
 9.360 1222.5 -90  54  63   9.375 150.0  30.0
 9.360 1225.0 -90  54  63   9.375 150.0  30.0
 9.360 1227.5 -90  54  63   9.375 150.0  30.0
 9.360 1230.0 -90  54  63   9.375 150.0  30.0
 9.360 1232.5 -90  54  63   9.375 150.0  30.0
 9.360 1235.0 -90  54  63   9.375 150.0  30.0
 9.360 1237.5 -90  54  63   9.375 150.0  30.0
 9.360 1240.0 -90  54  63   9.375 150.0  30.0
 9.360 1242.5 -90  54  63   9.375 150.0  30.0
 9.360 1245.0 -90  54  63   9.375 150.0  30.0
 9.360 1247.5 -90  54  63   9.375 150.0  30.0
 9.360 1250.0 -90  54  63   9.375 150.0  30.0
 9.360 1252.5 -90  54  63   9.375 150.0  30.0
 9.360 1255.0 -90  54  63   9.375 150.0  30.0
 9.360 1257.5 -90  54  63   9.375 150.0  30.0
 9.360 1260.0 -90  54  63   9.375 150.0  30.0
 9.360 1262.5 -90  54  63   9.375 150.0  30.0
 9.360 1265.0 -90  54  63   9.375 150.0  30.0
 9.360 1267.5 -90  54  66   9.375 150.0  30.0
 9.360 1270.0 -90  54  66   9.375 150.0  30.0
 9.360 1272.5 -90  54  66   9.375 150.0  30.0
 9.360 1275.0 -90  54  66   9.375 150.0  30.0
 9.360 1277.5 -90  54  66   9.375 150.0  30.0
 9.360 1280.0 -90  54  66   9.375 150.0  30.0
 9.360 1282.5 -90  54  66   9.375 150.0  30.0
 9.410  525.0 -90  78  87   9.375 150.0  30.0
 9.410  530.0 -90  78  87  -9.375 150.0  30.0
 9.410  532.5 -90  78  87  -3.125 150.0  30.0
 9.410  535.0 -90  78  87  -3.125 150.0  30.0
 9.410  537.5 -90  78  87   3.125 150.0  30.0
 9.410  540.0 -90  78  87   3.125 150.0  30.0
 9.410  542.5 -90  78  87   9.375 150.0  30.0
 9.410  545.0 -90  78  87   9.375 150.0  30.0
 9.410  547.5 -90  78  87  -9.375 150.0  30.0
 9.410  550.0 -90  78  87  -3.125 150.0  30.0
 9.410  552.5 -90  78  87  -3.125 150.0  30.0
 9.410  555.0 -90  78  87   3.125 150.0  30.0
 9.410  557.5 -90  78  87   3.125 150.0  30.0
 9.410  560.0 -90  78  87   9.375 150.0  30.0
 9.410  562.5 -90  78  87   9.375 150.0  30.0
 9.410  565.0 -90  78  87  -9.375 150.0  30.0
 9.410  567.5 -90  78  87  -3.125 150.0  30.0
 9.410  570.0 -90  78  87  -3.125 150.0  30.0
 9.410  572.5 -90  78  87   3.125 150.0  30.0
 9.410  575.0 -90  78  87   3.125 150.0  30.0
 9.410  577.5 -90  78  87   9.375 150.0  30.0
 9.410  580.0 -90  78  87   9.375 150.0  30.0
 9.410  582.5 -90  78  87  -9.375 150.0  30.0
 9.410  585.0 -90  78  87  -3.125 150.0  30.0
 9.410  587.5 -90  78  87  -3.125 150.0  30.0
 9.410  590.0 -90  78  87   3.125 150.0  30.0
 9.410  592.5 -90  78  87   3.125 150.0  30.0
 9.410  595.0 -90  78  87   9.375 150.0  30.0
 9.410  597.5 -90  78  87   9.375 150.0  30.0
 9.410  600.0 -90  78  87  -9.375 150.0  30.0
 9.410  602.5 -90  78  87  -3.125 150.0  30.0
 9.410  605.0 -90  78  87  -3.125 150.0  30.0
 9.410  607.5 -90  78  87   3.125 150.0  30.0
 9.410  612.5 -90  78  87   9.375 150.0  30.0
 9.460 1090.0 -90  57  66  -9.375 150.0  30.0
 9.485 1012.5 -90  48  63   9.375 150.0  30.0
 9.485 1015.0 -90  48  66   9.375 150.0  30.0
 9.485 1017.5 -90  48  66   3.125 150.0  30.0
 9.485 1020.0 -90  48  66  -3.125 330.0  30.0
 9.485 1022.5 -90  48  66  -3.125 330.0  30.0
 9.485 1025.0 -90  48  66  -9.375 150.0  30.0
 9.485 1027.5 -90  48  66  -3.125 330.0  30.0
 9.485 1030.0 -90  48  66   3.125   0.0   0.0
 9.485 1032.5 -90  48  66  -3.125 330.0  30.0
 9.485 1035.0 -90  48  66  -9.375 150.0  30.0
 9.485 1037.5 -90  48  66   3.125 150.0  30.0
 9.485 1040.0 -90  48  66  -3.125 330.0  30.0
 9.485 1042.5 -90  48  69   3.125 150.0  30.0
 9.485 1045.0 -90  48  66  -3.125 330.0  30.0
 9.485 1047.5 -90  48  66  -3.125 150.0  30.0
 9.485 1050.0 -90  48  66  -9.375 210.0  30.0
 9.485 1052.5 -90  48  63  -3.125  30.0  30.0
 9.485 1055.0 -90  48  72  -3.125 150.0  30.0
 9.485 1057.5 -90  48  66   9.375 330.0  30.0
 9.485 1060.0 -90  48  66   3.125 150.0  30.0
 9.485 1062.5 -90  48  66  -9.375 150.0  30.0
 9.485 1065.0 -90  48  66   9.375 330.0  30.0
 9.485 1067.5 -90  48  66  -9.375 150.0  30.0
 9.485 1070.0 -90  48  66   3.125 150.0  30.0
 9.485 1072.5 -90  48  66  -9.375 150.0  30.0
 9.485 1075.0 -90  48  66   9.375 330.0  30.0
 9.485 1077.5 -90  48  66   9.375 330.0  30.0
 9.485 1080.0 -90  48  66   9.375 150.0  30.0
 9.485 1082.5 -90  48  66   3.125 150.0  30.0
 9.485 1085.0 -90  48  66   3.125 150.0  30.0
 9.485 1087.5 -90  48  66  -9.375 150.0  30.0
 9.485 1090.0 -90  48  66   9.375   0.0   0.0
 9.485 1092.5 -90  48  63   9.375 330.0  30.0
 9.485 1095.0 -90  48  66   9.375 150.0  30.0
 9.510 1017.5  90  48  60   9.375 150.0  30.0
 9.510 1020.0  90  48  60  -3.125 150.0  30.0
 9.510 1022.5  90  48  60  -3.125 150.0  30.0
 9.510 1027.5  90  48  60   3.125 150.0  30.0
 9.510 1032.5  90  48  60   9.375 150.0  30.0
 9.510 1037.5  90  48  60  -9.375 150.0  30.0
 9.510 1040.0  90  48  60  -9.375 150.0  30.0
 9.510 1042.5  90  48  60   9.375 150.0  30.0
 9.510 1045.0  90  48  60  -9.375 150.0  30.0
 9.510 1047.5  90  48  60   3.125 150.0  30.0
 9.510 1052.5  90  48  60  -9.375 150.0  30.0
 9.510 1057.5  90  48  60  -3.125 150.0  30.0
 9.510 1062.5  90  48  60   3.125 150.0  30.0
 9.510 1065.0  90  48  60   3.125 150.0  30.0
 9.510 1067.5  90  48  60  -3.125 150.0  30.0
 9.510 1070.0  90  48  57  -9.375 150.0  30.0
 9.510 1072.5  90  48  60  -3.125 210.0  30.0
 9.510 1075.0  90  48  57   3.125 150.0  30.0
 9.510 1077.5  90  48  60   3.125 150.0  30.0
 9.510 1082.5  90  48  63  -9.375 150.0  30.0
 9.510 1087.5  90  48  57  -3.125 150.0  30.0
 9.510 1090.0  90  48  57  -9.375 150.0  30.0
 9.510 1092.5  90  48  57  -9.375 150.0  30.0
 9.510 1015.0 -90  51  60   9.375 150.0  30.0
 9.510 1017.5 -90  51  63  -3.125 150.0  30.0
 9.510 1020.0 -90  51  60  -3.125 330.0  30.0
 9.510 1022.5 -90  51  66  -3.125 150.0  30.0
 9.510 1025.0 -90  51  66  -3.125 150.0  30.0
 9.510 1027.5 -90  51  66   9.375 150.0  30.0
 9.510 1030.0 -90  51  69   9.375 330.0  30.0
 9.510 1032.5 -90  51  66  -3.125 150.0  30.0
 9.510 1035.0 -90  51  69  -3.125 150.0  30.0
 9.510 1037.5 -90  51  63   9.375 150.0  30.0
 9.510 1040.0 -90  51  60   9.375 330.0  30.0
 9.510 1042.5 -90  51  63   9.375 150.0  30.0
 9.510 1045.0 -90  51  60   9.375 330.0  30.0
 9.510 1047.5 -90  51  66   9.375 150.0  30.0
 9.510 1050.0 -90  51  66   9.375 330.0  30.0
 9.510 1052.5 -90  51  66  -3.125 150.0  30.0
 9.510 1055.0 -90  51  63  -9.375 330.0  30.0
 9.510 1057.5 -90  51  66   9.375 150.0  30.0
 9.510 1060.0 -90  51  69  -9.375 330.0  30.0
 9.510 1062.5 -90  51  63   3.125 150.0  30.0
 9.510 1065.0 -90  51  60   3.125 330.0  30.0
 9.510 1067.5 -90  51  63   3.125 150.0  30.0
 9.510 1070.0 -90  51  60  -3.125 330.0  30.0
 9.510 1072.5 -90  51  63  -3.125 150.0  30.0
 9.510 1075.0 -90  51  60  -3.125 330.0  30.0
 9.510 1077.5 -90  51  63  -3.125 150.0  30.0
 9.510 1080.0 -90  51  66  -3.125 330.0  30.0
 9.510 1082.5 -90  51  66   9.375 150.0  30.0
 9.510 1085.0 -90  51  69   9.375 150.0  30.0
 9.510 1087.5 -90  51  63  -3.125 150.0  30.0
 9.510 1090.0 -90  51  60  -3.125 330.0  30.0
 9.510 1092.5 -90  51  63  -3.125 150.0  30.0
 9.510 1095.0 -90  51  63  -3.125 330.0  30.0
 9.535 1012.5  90  45  60  -9.375 330.0  30.0
 9.535 1015.0  90  45  75   9.375 330.0  30.0
 9.535 1017.5  90  45  72  -9.375 330.0  30.0
 9.535 1020.0  90  45  75   9.375 330.0  30.0
 9.535 1022.5  90  45  75  -9.375 330.0  30.0
 9.535 1025.0  90  45  75  -9.375 330.0  30.0
 9.535 1027.5  90  45  75  -9.375 330.0  30.0
 9.535 1030.0  90  45  75  -9.375 330.0  30.0
 9.535 1032.5  90  45  75  -9.375 330.0  30.0
 9.535 1035.0  90  45  75  -9.375 330.0  30.0
 9.535 1037.5  90  45  72  -9.375 330.0  30.0
 9.535 1040.0  90  45  75   9.375 330.0  30.0
 9.535 1042.5  90  45  72  -9.375 330.0  30.0
 9.535 1045.0  90  45  75   9.375 330.0  30.0
 9.535 1047.5  90  45  75  -9.375 330.0  30.0
 9.535 1050.0  90  45  75  -9.375 330.0  30.0
 9.535 1052.5  90  45  75  -9.375 330.0  30.0
 9.535 1055.0  90  45  72  -3.125 330.0  30.0
 9.535 1057.5  90  45  75   3.125 330.0  30.0
 9.535 1060.0  90  45  75   3.125 330.0  30.0
 9.535 1062.5  90  45  72   3.125 330.0  30.0
 9.535 1065.0  90  45  75  -3.125 330.0  30.0
 9.535 1067.5  90  45  72   3.125 330.0  30.0
 9.535 1070.0  90  45  75  -3.125 330.0  30.0
 9.535 1072.5  90  45  72   3.125 330.0  30.0
 9.535 1075.0  90  45  75  -3.125 330.0  30.0
 9.535 1077.5  90  45  75   3.125 330.0  30.0
 9.535 1080.0  90  45  75   3.125 330.0  30.0
 9.535 1082.5  90  45  75   3.125 330.0  30.0
 9.535 1085.0  90  45  75   3.125 330.0  30.0
 9.535 1087.5  90  45  72   3.125 330.0  30.0
 9.535 1090.0  90  45  75  -3.125 330.0  30.0
 9.535 1092.5  90  45  75   3.125 330.0  30.0
 9.535 1095.0  90  45  69  -9.375 150.0  30.0
 9.560 1012.5  90  39  57   9.375 150.0  30.0
 9.560 1015.0  90  39  69  -3.125 330.0  30.0
 9.560 1017.5  90  39  69   9.375 330.0  30.0
 9.560 1020.0  90  39  69   3.125 210.0  30.0
 9.560 1022.5  90  39  69  -3.125 330.0  30.0
 9.560 1025.0  90  39  72  -9.375 330.0  30.0
 9.560 1027.5  90  39  69   3.125 330.0  30.0
 9.560 1030.0  90  39  72  -3.125 330.0  30.0
 9.560 1032.5  90  39  69  -9.375 330.0  30.0
 9.560 1035.0  90  39  72  -3.125 330.0  30.0
 9.560 1037.5  90  39  69  -9.375 330.0  30.0
 9.560 1040.0  90  39  69   3.125 210.0  30.0
 9.560 1042.5  90  39  69  -9.375 330.0  30.0
 9.560 1045.0  90  39  69  -3.125 210.0  30.0
 9.560 1047.5  90  39  69  -3.125 330.0  30.0
 9.560 1050.0  90  39  72   9.375 330.0  30.0
 9.560 1052.5  90  39  69   3.125 330.0  30.0
 9.560 1055.0  90  39  69  -3.125 210.0  30.0
 9.560 1057.5  90  39  69  -3.125 330.0  30.0
 9.560 1060.0  90  39  72   3.125 330.0  30.0
 9.560 1062.5  90  39  69  -9.375 330.0  30.0
 9.560 1065.0  90  39  69   9.375 210.0  30.0
 9.560 1067.5  90  39  69  -9.375 330.0  30.0
 9.560 1070.0  90  39  69  -3.125 210.0  30.0
 9.560 1072.5  90  39  69   9.375 330.0  30.0
 9.560 1075.0  90  39  69  -9.375 210.0  30.0
 9.560 1077.5  90  39  69  -9.375 330.0  30.0
 9.560 1080.0  90  39  72   3.125 330.0  30.0
 9.560 1082.5  90  39  69   3.125 330.0  30.0
 9.560 1085.0  90  39  72   3.125 330.0  30.0
 9.560 1087.5  90  39  69   9.375 330.0  30.0
 9.560 1090.0  90  39  69   9.375 210.0  30.0
 9.560 1092.5  90  39  69  -3.125 330.0  30.0
 9.560 1095.0  90  39  66  -3.125 150.0  30.0
 9.560 1097.5  90  39  51   9.375  30.0  30.0
 9.585 1012.5 -90  39  57   3.125  30.0  30.0
 9.585 1015.0 -90  39  66   3.125 150.0  30.0
 9.585 1017.5 -90  39  72   3.125  30.0  30.0
 9.585 1020.0 -90  39  69  -9.375 150.0  30.0
 9.585 1022.5 -90  39  72   3.125  30.0  30.0
 9.585 1025.0 -90  39  72   3.125 150.0  30.0
 9.585 1027.5 -90  39  72  -3.125  30.0  30.0
 9.585 1030.0 -90  39  72  -9.375 150.0  30.0
 9.585 1032.5 -90  39  72  -9.375  30.0  30.0
 9.585 1035.0 -90  39  72  -3.125 150.0  30.0
 9.585 1037.5 -90  39  69   3.125  30.0  30.0
 9.585 1040.0 -90  39  69  -9.375 150.0  30.0
 9.585 1042.5 -90  39  72   9.375  30.0  30.0
 9.585 1045.0 -90  39  69   3.125 150.0  30.0
 9.585 1047.5 -90  39  72  -3.125  30.0  30.0
 9.585 1050.0 -90  39  72   9.375 150.0  30.0
 9.585 1052.5 -90  39  72  -3.125  30.0  30.0
 9.585 1055.0 -90  39  72   9.375 150.0  30.0
 9.585 1057.5 -90  39  72   3.125  30.0  30.0
 9.585 1060.0 -90  39  72  -3.125 150.0  30.0
 9.585 1062.5 -90  39  69  -9.375  30.0  30.0
 9.585 1065.0 -90  39  69   3.125 150.0  30.0
 9.585 1067.5 -90  39  72  -3.125  30.0  30.0
 9.585 1070.0 -90  39  69  -9.375 150.0  30.0
 9.585 1072.5 -90  39  72   3.125  30.0  30.0
 9.585 1075.0 -90  39  69   3.125 150.0  30.0
 9.585 1077.5 -90  39  72   9.375  30.0  30.0
 9.585 1080.0 -90  39  72  -9.375 150.0  30.0
 9.585 1082.5 -90  39  72   9.375  30.0  30.0
 9.585 1085.0 -90  39  72  -9.375 150.0  30.0
 9.585 1087.5 -90  39  69  -3.125  30.0  30.0
 9.585 1090.0 -90  39  69   9.375 150.0  30.0
 9.585 1092.5 -90  39  72   3.125  30.0  30.0
 9.585 1095.0 -90  39  69   9.375  30.0  30.0
 9.585 1097.5 -90  39  54   9.375  30.0  30.0
 9.610 1012.5 -90  39  60   9.375   0.0   0.0
 9.610 1015.0 -90  39  75   9.375 150.0  30.0
 9.610 1017.5 -90  39  75   9.375  30.0  30.0
 9.610 1020.0 -90  39  78  -9.375  30.0  30.0
 9.610 1022.5 -90  39  72   3.125  30.0  30.0
 9.610 1025.0 -90  39  75   9.375 150.0  30.0
 9.610 1027.5 -90  39  72   3.125  30.0  30.0
 9.610 1030.0 -90  39  75   9.375 150.0  30.0
 9.610 1032.5 -90  39  72   3.125  30.0  30.0
 9.610 1035.0 -90  39  75   9.375 150.0  30.0
 9.610 1037.5 -90  39  75   9.375  30.0  30.0
 9.610 1040.0 -90  39  78  -9.375  30.0  30.0
 9.610 1042.5 -90  39  75   9.375  30.0  30.0
 9.610 1045.0 -90  39  78  -9.375  30.0  30.0
 9.610 1047.5 -90  39  72   9.375  30.0  30.0
 9.610 1050.0 -90  39  75   9.375 150.0  30.0
 9.610 1052.5 -90  39  75   3.125  30.0  30.0
 9.610 1055.0 -90  39  78  -3.125  30.0  30.0
 9.610 1057.5 -90  39  72  -3.125  30.0  30.0
 9.610 1060.0 -90  39  75  -3.125 150.0  30.0
 9.610 1062.5 -90  39  75  -3.125  30.0  30.0
 9.610 1065.0 -90  39  78   3.125  30.0  30.0
 9.610 1067.5 -90  39  75  -3.125  30.0  30.0
 9.610 1070.0 -90  39  78   3.125  30.0  30.0
 9.610 1072.5 -90  39  75  -3.125  30.0  30.0
 9.610 1075.0 -90  39  78   3.125  30.0  30.0
 9.610 1077.5 -90  39  72  -9.375  30.0  30.0
 9.610 1080.0 -90  39  75  -3.125 150.0  30.0
 9.610 1082.5 -90  39  72  -9.375  30.0  30.0
 9.610 1085.0 -90  39  75  -3.125 150.0  30.0
 9.610 1087.5 -90  39  75  -3.125  30.0  30.0
 9.610 1090.0 -90  39  78   3.125  30.0  30.0
 9.610 1092.5 -90  39  72  -3.125  30.0  30.0
 9.610 1095.0 -90  39  72   9.375  30.0  30.0
 9.610 1097.5 -90  39  60   9.375  30.0  30.0
 9.635 1012.5  90  39  51  -3.125   0.0   0.0
 9.635 1015.0  90  39  69   3.125  30.0  30.0
 9.635 1017.5  90  39  63  -3.125  30.0  30.0
 9.635 1020.0  90  39  69  -3.125  30.0  30.0
 9.635 1022.5  90  39  60   3.125   0.0   0.0
 9.635 1025.0  90  39  75  -9.375  30.0  30.0
 9.635 1027.5  90  39  66  -9.375  30.0  30.0
 9.635 1030.0  90  39  75   9.375  30.0  30.0
 9.635 1032.5  90  39  66   9.375  30.0  30.0
 9.635 1035.0  90  39  75   3.125  30.0  30.0
 9.635 1037.5  90  39  66   3.125  30.0  30.0
 9.635 1040.0  90  39  69  -9.375  30.0  30.0
 9.635 1042.5  90  39  63   9.375  30.0  30.0
 9.635 1045.0  90  39  69  -3.125  30.0  30.0
 9.635 1047.5  90  39  60   9.375   0.0   0.0
 9.635 1050.0  90  39  75   9.375  30.0  30.0
 9.635 1052.5  90  39  66   9.375  30.0  30.0
 9.635 1055.0  90  39  75   3.125  30.0  30.0
 9.635 1057.5  90  39  66  -3.125  30.0  30.0
 9.635 1060.0  90  39  75   3.125  30.0  30.0
 9.635 1062.5  90  39  66   9.375  30.0  30.0
 9.635 1065.0  90  39  69  -9.375  30.0  30.0
 9.635 1067.5  90  39  63   9.375  30.0  30.0
 9.635 1070.0  90  39  69   9.375  30.0  30.0
 9.635 1072.5  90  39  63  -9.375  30.0  30.0
 9.635 1075.0  90  39  69   9.375  30.0  30.0
 9.635 1077.5  90  39  60  -9.375   0.0   0.0
 9.635 1080.0  90  39  75  -3.125  30.0  30.0
 9.635 1082.5  90  39  66  -3.125  30.0  30.0
 9.635 1085.0  90  39  75  -9.375  30.0  30.0
 9.635 1087.5  90  39  66   9.375  30.0  30.0
 9.635 1090.0  90  39  69   9.375  30.0  30.0
 9.635 1092.5  90  39  60   3.125   0.0   0.0
 9.635 1095.0  90  39  69  -9.375  30.0  30.0
 9.635 1097.5  90  39  57  -3.125  30.0  30.0
 9.635 1015.0 -90  42  66   3.125 150.0  30.0
 9.635 1017.5 -90  42  69   9.375  30.0  30.0
 9.635 1020.0 -90  42  69   9.375  30.0  30.0
 9.635 1022.5 -90  42  69  -3.125  30.0  30.0
 9.635 1025.0 -90  42  69  -3.125  30.0  30.0
 9.635 1027.5 -90  42  69  -9.375 150.0  30.0
 9.635 1030.0 -90  42  69  -9.375  30.0  30.0
 9.635 1032.5 -90  42  69   3.125 150.0  30.0
 9.635 1035.0 -90  42  69  -9.375  30.0  30.0
 9.635 1037.5 -90  42  66   3.125 330.0  30.0
 9.635 1040.0 -90  42  69   9.375  30.0  30.0
 9.635 1042.5 -90  42  69   3.125  30.0  30.0
 9.635 1045.0 -90  42  69   9.375  30.0  30.0
 9.635 1047.5 -90  42  69  -3.125  30.0  30.0
 9.635 1050.0 -90  42  69  -9.375  30.0  30.0
 9.635 1052.5 -90  42  66   9.375 150.0  30.0
 9.635 1055.0 -90  42  69  -9.375  30.0  30.0
 9.635 1057.5 -90  42  69   3.125  30.0  30.0
 9.635 1060.0 -90  42  69   3.125  30.0  30.0
 9.635 1062.5 -90  42  66   3.125 150.0  30.0
 9.635 1065.0 -90  42  69  -3.125  30.0  30.0
 9.635 1067.5 -90  42  69   3.125  30.0  30.0
 9.635 1070.0 -90  42  69   9.375  30.0  30.0
 9.635 1072.5 -90  42  69  -9.375  30.0  30.0
 9.635 1075.0 -90  42  69  -3.125  30.0  30.0
 9.635 1077.5 -90  42  69   9.375  30.0  30.0
 9.635 1080.0 -90  42  69  -3.125  30.0  30.0
 9.635 1082.5 -90  42  66   9.375 150.0  30.0
 9.635 1085.0 -90  42  69  -3.125  30.0  30.0
 9.635 1087.5 -90  42  66  -9.375 150.0  30.0
 9.635 1090.0 -90  42  69  -9.375  30.0  30.0
 9.635 1092.5 -90  42  69  -9.375  30.0  30.0
 9.635 1095.0 -90  42  66  -9.375  30.0  30.0
 9.635 1097.5 -90  42  57   9.375  30.0  30.0
 9.660 1015.0  90  45  66   9.375 150.0  30.0
 9.660 1017.5  90  45  69  -9.375  30.0  30.0
 9.660 1020.0  90  45  72  -3.125  30.0  30.0
 9.660 1022.5  90  45  69  -3.125  30.0  30.0
 9.660 1025.0  90  45  75   3.125  30.0  30.0
 9.660 1027.5  90  45  69  -3.125  30.0  30.0
 9.660 1030.0  90  45  75   3.125  30.0  30.0
 9.660 1032.5  90  45  69  -3.125  30.0  30.0
 9.660 1035.0  90  45  75   3.125  30.0  30.0
 9.660 1037.5  90  45  72  -3.125  30.0  30.0
 9.660 1040.0  90  45  72  -3.125  30.0  30.0
 9.660 1042.5  90  45  66  -3.125  30.0  30.0
 9.660 1045.0  90  45  72  -3.125  30.0  30.0
 9.660 1047.5  90  45  66  -3.125  30.0  30.0
 9.660 1050.0  90  45  75   3.125  30.0  30.0
 9.660 1052.5  90  45  69  -3.125  30.0  30.0
 9.660 1055.0  90  45  75   3.125  30.0  30.0
 9.660 1057.5  90  45  66  -9.375  30.0  30.0
 9.660 1060.0  90  45  75  -9.375  30.0  30.0
 9.660 1062.5  90  45  72   9.375  30.0  30.0
 9.660 1065.0  90  45  72   9.375  30.0  30.0
 9.660 1067.5  90  45  66  -3.125  30.0  30.0
 9.660 1070.0  90  45  72   9.375  30.0  30.0
 9.660 1072.5  90  45  66  -3.125  30.0  30.0
 9.660 1075.0  90  45  72  -9.375  30.0  30.0
 9.660 1077.5  90  45  66   9.375  30.0  30.0
 9.660 1080.0  90  45  75  -9.375  30.0  30.0
 9.660 1082.5  90  45  69   9.375  30.0  30.0
 9.660 1085.0  90  45  75  -9.375  30.0  30.0
 9.660 1087.5  90  45  72   9.375  30.0  30.0
 9.660 1090.0  90  45  72   9.375  30.0  30.0
 9.660 1092.5  90  45  66   9.375  30.0  30.0
 9.660 1095.0  90  45  72  -9.375  30.0  30.0
 9.660 1097.5  90  45  60   9.375  30.0  30.0
 9.685 1237.5 -90  51  60  -9.375 270.0  30.0
 9.685 1240.0 -90  51  60  -9.375 330.0  30.0
 9.685 1257.5 -90  51  60  -9.375 330.0  30.0
 9.760 1040.0 -90  63  72   3.125   0.0   0.0
 9.760 1065.0 -90  63  72  -9.375   0.0   0.0
 9.760 1070.0 -90  63  72  -9.375 270.0  30.0
 9.785 1015.0  90  42  54   9.375 150.0  30.0
 9.785 1017.5  90  42  54  -3.125 210.0  30.0
 9.785 1020.0  90  42  57  -3.125 210.0  30.0
 9.785 1022.5  90  42  57  -3.125 210.0  30.0
 9.785 1025.0  90  42  57  -9.375 270.0  30.0
 9.785 1027.5  90  42  57  -3.125   0.0   0.0
 9.785 1030.0  90  42  57   3.125 210.0  30.0
 9.785 1032.5  90  42  57  -3.125 150.0  30.0
 9.785 1035.0  90  42  57   3.125 210.0  30.0
 9.785 1037.5  90  42  57  -3.125   0.0   0.0
 9.785 1040.0  90  42  57  -3.125 210.0  30.0
 9.785 1042.5  90  42  54  -3.125 210.0  30.0
 9.785 1045.0  90  42  57  -9.375 150.0  30.0
 9.785 1047.5  90  42  57  -3.125 210.0  30.0
 9.785 1050.0  90  42  57   3.125 210.0  30.0
 9.785 1052.5  90  42  54   3.125 150.0  30.0
 9.785 1055.0  90  42  60   3.125 330.0  30.0
 9.785 1057.5  90  42  57   9.375   0.0   0.0
 9.785 1060.0  90  42  57  -9.375 210.0  30.0
 9.785 1062.5  90  42  54   9.375   0.0   0.0
 9.785 1065.0  90  42  57   9.375 210.0  30.0
 9.785 1067.5  90  42  57  -9.375   0.0   0.0
 9.785 1070.0  90  42  57   9.375 210.0  30.0
 9.785 1072.5  90  42  57  -9.375   0.0   0.0
 9.785 1075.0  90  42  57   9.375 210.0  30.0
 9.785 1077.5  90  42  57   9.375 210.0  30.0
 9.785 1080.0  90  42  57  -9.375 210.0  30.0
 9.785 1082.5  90  42  57   9.375   0.0   0.0
 9.785 1085.0  90  42  54  -9.375 210.0  30.0
 9.785 1087.5  90  42  57   9.375   0.0   0.0
 9.785 1090.0  90  42  57   9.375 210.0  30.0
 9.785 1092.5  90  42  57   9.375 210.0  30.0
 9.785 1095.0  90  42  57  -9.375 330.0  30.0
 9.810 1017.5  90  39  48   9.375 150.0  30.0
 9.810 1020.0  90  39  54   3.125 210.0  30.0
 9.810 1022.5  90  39  51  -3.125 150.0  30.0
 9.810 1025.0  90  39  51   3.125   0.0   0.0
 9.810 1027.5  90  39  51  -3.125   0.0   0.0
 9.810 1030.0  90  39  51   9.375   0.0   0.0
 9.810 1032.5  90  39  51  -3.125   0.0   0.0
 9.810 1035.0  90  39  54   9.375   0.0   0.0
 9.810 1037.5  90  39  48   9.375 210.0  30.0
 9.810 1040.0  90  39  51  -9.375 210.0  30.0
 9.810 1042.5  90  39  48  -9.375 150.0  30.0
 9.810 1045.0  90  39  51   9.375 210.0  30.0
 9.810 1047.5  90  39  51  -9.375 150.0  30.0
 9.810 1050.0  90  39  54   9.375   0.0   0.0
 9.810 1052.5  90  39  48  -3.125 150.0  30.0
 9.810 1055.0  90  39  51   3.125   0.0   0.0
 9.810 1057.5  90  39  51  -9.375 150.0  30.0
 9.810 1060.0  90  39  51  -3.125   0.0   0.0
 9.810 1062.5  90  39  48  -3.125 210.0  30.0
 9.810 1065.0  90  39  51  -9.375  90.0  30.0
 9.810 1067.5  90  39  48  -9.375 150.0  30.0
 9.810 1070.0  90  39  51  -3.125   0.0   0.0
 9.810 1072.5  90  39  48  -3.125 150.0  30.0
 9.810 1075.0  90  39  51  -3.125  90.0  30.0
 9.810 1077.5  90  39  51   9.375 150.0  30.0
 9.810 1080.0  90  39  51  -9.375   0.0   0.0
 9.810 1082.5  90  39  51   3.125 330.0  30.0
 9.810 1085.0  90  39  51  -9.375   0.0   0.0
 9.810 1087.5  90  39  48   3.125 150.0  30.0
 9.810 1090.0  90  39  51   9.375   0.0   0.0
 9.810 1092.5  90  39  48  -9.375 150.0  30.0
 9.810 1095.0  90  39  51  -3.125   0.0   0.0
 9.835 1015.0 -90  42  60   9.375 270.0  30.0
 9.835 1017.5 -90  42  60   3.125   0.0   0.0
 9.835 1020.0 -90  42  57   3.125 270.0  30.0
 9.835 1022.5 -90  42  60  -3.125   0.0   0.0
 9.835 1025.0 -90  42  60   9.375  90.0  30.0
 9.835 1027.5 -90  42  57   3.125   0.0   0.0
 9.835 1030.0 -90  42  60  -9.375  90.0  30.0
 9.835 1032.5 -90  42  57   9.375   0.0   0.0
 9.835 1035.0 -90  42  60  -3.125  90.0  30.0
 9.835 1037.5 -90  42  60  -9.375   0.0   0.0
 9.835 1040.0 -90  42  57   9.375   0.0   0.0
 9.835 1042.5 -90  42  60   3.125   0.0   0.0
 9.835 1045.0 -90  42  57  -3.125   0.0   0.0
 9.835 1047.5 -90  42  60  -3.125   0.0   0.0
 9.835 1050.0 -90  42  60   9.375  90.0  30.0
 9.835 1052.5 -90  42  57   3.125   0.0   0.0
 9.835 1055.0 -90  42  60  -9.375  90.0  30.0
 9.835 1057.5 -90  42  57   3.125   0.0   0.0
 9.835 1060.0 -90  42  60  -3.125  90.0  30.0
 9.835 1062.5 -90  42  60  -9.375   0.0   0.0
 9.835 1065.0 -90  42  57   9.375   0.0   0.0
 9.835 1067.5 -90  42  60   9.375   0.0   0.0
 9.835 1070.0 -90  42  57   3.125   0.0   0.0
 9.835 1072.5 -90  42  60  -3.125   0.0   0.0
 9.835 1075.0 -90  42  57  -3.125   0.0   0.0
 9.835 1077.5 -90  42  60  -3.125   0.0   0.0
 9.835 1080.0 -90  42  60   3.125  90.0  30.0
 9.835 1082.5 -90  42  57  -3.125   0.0   0.0
 9.835 1085.0 -90  42  60   9.375  90.0  30.0
 9.835 1087.5 -90  42  60  -3.125   0.0   0.0
 9.835 1090.0 -90  42  57  -3.125   0.0   0.0
 9.835 1092.5 -90  42  60  -9.375   0.0   0.0
 9.835 1095.0 -90  42  54   9.375   0.0   0.0
 9.860 1012.5 -90  42  51  -9.375   0.0   0.0
 9.860 1015.0 -90  42  63   9.375  90.0  30.0
 9.860 1017.5 -90  42  63  -3.125  90.0  30.0
 9.860 1020.0 -90  42  63   3.125  90.0  30.0
 9.860 1022.5 -90  42  60   3.125  90.0  30.0
 9.860 1025.0 -90  42  66   3.125   0.0   0.0
 9.860 1027.5 -90  42  60   3.125  90.0  30.0
 9.860 1030.0 -90  42  66   9.375  90.0  30.0
 9.860 1032.5 -90  42  60   3.125  90.0  30.0
 9.860 1035.0 -90  42  66   9.375  90.0  30.0
 9.860 1037.5 -90  42  63  -3.125  90.0  30.0
 9.860 1040.0 -90  42  63   3.125  90.0  30.0
 9.860 1042.5 -90  42  60  -9.375   0.0   0.0
 9.860 1045.0 -90  42  63  -9.375 150.0  30.0
 9.860 1047.5 -90  42  63  -3.125  90.0  30.0
 9.860 1050.0 -90  42  66   9.375  90.0  30.0
 9.860 1052.5 -90  42  60  -3.125  90.0  30.0
 9.860 1055.0 -90  42  69  -3.125  90.0  30.0
 9.860 1057.5 -90  42  60   3.125   0.0   0.0
 9.860 1060.0 -90  42  66  -9.375   0.0   0.0
 9.860 1062.5 -90  42  60   9.375  90.0  30.0
 9.860 1065.0 -90  42  63   3.125 150.0  30.0
 9.860 1067.5 -90  42  63   3.125   0.0   0.0
 9.860 1070.0 -90  42  63   3.125 150.0  30.0
 9.860 1072.5 -90  42  63   9.375  90.0  30.0
 9.860 1075.0 -90  42  63   3.125 150.0  30.0
 9.860 1077.5 -90  42  63  -9.375  90.0  30.0
 9.860 1080.0 -90  42  66  -9.375   0.0   0.0
 9.860 1082.5 -90  42  60   9.375  90.0  30.0
 9.860 1085.0 -90  42  66  -9.375   0.0   0.0
 9.860 1087.5 -90  42  60   3.125  90.0  30.0
 9.860 1090.0 -90  42  63   3.125 150.0  30.0
 9.860 1092.5 -90  42  63   9.375  90.0  30.0
 9.860 1095.0 -90  42  63   9.375  90.0  30.0
 9.885 1015.0  90  39  51   3.125 270.0  30.0
 9.885 1017.5  90  39  54  -3.125 210.0  30.0
 9.885 1020.0  90  39  51   3.125 270.0  30.0
 9.885 1022.5  90  39  54   9.375 210.0  30.0
 9.885 1025.0  90  39  57   9.375 270.0  30.0
 9.885 1027.5  90  39  54   3.125 210.0  30.0
 9.885 1030.0  90  39  57   9.375 210.0  30.0
 9.885 1032.5  90  39  54  -3.125 210.0  30.0
 9.885 1035.0  90  39  57   3.125  90.0  30.0
 9.885 1037.5  90  39  54  -9.375 210.0  30.0
 9.885 1040.0  90  39  51  -9.375 270.0  30.0
 9.885 1042.5  90  39  54  -9.375 210.0  30.0
 9.885 1045.0  90  39  51   9.375 210.0  30.0
 9.885 1047.5  90  39  54  -3.125 210.0  30.0
 9.885 1050.0  90  39  57   3.125 210.0  30.0
 9.885 1052.5  90  39  54  -3.125 210.0  30.0
 9.885 1055.0  90  39  57  -9.375  90.0  30.0
 9.885 1057.5  90  39  54   3.125 210.0  30.0
 9.885 1060.0  90  39  57   9.375 210.0  30.0
 9.885 1062.5  90  39  54   3.125 210.0  30.0
 9.885 1065.0  90  39  51  -3.125 270.0  30.0
 9.885 1067.5  90  39  54  -3.125 210.0  30.0
 9.885 1070.0  90  39  51   9.375 270.0  30.0
 9.885 1072.5  90  39  54   3.125 210.0  30.0
 9.885 1075.0  90  39  51  -3.125 270.0  30.0
 9.885 1077.5  90  39  57  -3.125 210.0  30.0
 9.885 1080.0  90  39  57  -3.125 210.0  30.0
 9.885 1082.5  90  39  57  -3.125 210.0  30.0
 9.885 1085.0  90  39  57  -3.125  90.0  30.0
 9.885 1087.5  90  39  57   3.125 210.0  30.0
 9.885 1090.0  90  39  51   3.125 210.0  30.0
 9.885 1092.5  90  39  54  -3.125 210.0  30.0
 9.885 1095.0  90  39  51  -9.375 150.0  30.0
 9.885 1015.0 -90  39  48  -9.375   0.0   0.0
 9.885 1017.5 -90  39  54  -3.125 330.0  30.0
 9.885 1020.0 -90  39  60   9.375  90.0  30.0
 9.885 1022.5 -90  39  54  -3.125 330.0  30.0
 9.885 1025.0 -90  39  57   3.125  90.0  30.0
 9.885 1027.5 -90  39  54   3.125 330.0  30.0
 9.885 1030.0 -90  39  57   3.125  90.0  30.0
 9.885 1032.5 -90  39  57   9.375 330.0  30.0
 9.885 1035.0 -90  39  57  -3.125  90.0  30.0
 9.885 1037.5 -90  39  54   3.125 330.0  30.0
 9.885 1040.0 -90  39  60   3.125  90.0  30.0
 9.885 1042.5 -90  39  51   9.375  90.0  30.0
 9.885 1045.0 -90  39  60  -3.125  90.0  30.0
 9.885 1047.5 -90  39  54   3.125 330.0  30.0
 9.885 1050.0 -90  39  57  -9.375  90.0  30.0
 9.885 1052.5 -90  39  54   9.375 270.0  30.0
 9.885 1055.0 -90  39  60  -3.125  90.0  30.0
 9.885 1057.5 -90  39  54   9.375 330.0  30.0
 9.885 1060.0 -90  39  60   9.375  90.0  30.0
 9.885 1062.5 -90  39  54  -3.125 270.0  30.0
 9.885 1065.0 -90  39  60   3.125  90.0  30.0
 9.885 1067.5 -90  39  51  -3.125  90.0  30.0
 9.885 1070.0 -90  39  60  -3.125  90.0  30.0
 9.885 1072.5 -90  39  54   9.375  90.0  30.0
 9.885 1075.0 -90  39  60   3.125  90.0  30.0
 9.885 1077.5 -90  39  54  -9.375 330.0  30.0
 9.885 1080.0 -90  39  57   3.125  90.0  30.0
 9.885 1082.5 -90  39  54  -9.375 330.0  30.0
 9.885 1085.0 -90  39  57  -3.125  90.0  30.0
 9.885 1087.5 -90  39  54  -9.375 330.0  30.0
 9.885 1090.0 -90  39  60   9.375  90.0  30.0
 9.885 1092.5 -90  39  54   3.125 330.0  30.0
 9.885 1095.0 -90  39  57  -3.125  90.0  30.0
 9.910 1015.0  90  36  48   9.375 210.0  30.0
 9.910 1017.5  90  36  51   3.125  90.0  30.0
 9.910 1020.0  90  36  51   3.125  90.0  30.0
 9.910 1022.5  90  36  51   3.125  90.0  30.0
 9.910 1025.0  90  36  51  -3.125  90.0  30.0
 9.910 1027.5  90  36  45   3.125  90.0  30.0
 9.910 1030.0  90  36  51  -3.125  90.0  30.0
 9.910 1032.5  90  36  45   9.375  90.0  30.0
 9.910 1035.0  90  36  51  -3.125  90.0  30.0
 9.910 1037.5  90  36  48   9.375  90.0  30.0
 9.910 1040.0  90  36  51   3.125  90.0  30.0
 9.910 1042.5  90  36  51   3.125 270.0  30.0
 9.910 1045.0  90  36  51   3.125  90.0  30.0
 9.910 1047.5  90  36  51   3.125 270.0  30.0
 9.910 1050.0  90  36  51  -3.125  90.0  30.0
 9.910 1052.5  90  36  48   9.375  90.0  30.0
 9.910 1055.0  90  36  54  -3.125 270.0  30.0
 9.910 1057.5  90  36  48  -9.375  90.0  30.0
 9.910 1060.0  90  36  51   9.375  90.0  30.0
 9.910 1062.5  90  36  48  -9.375 270.0  30.0
 9.910 1065.0  90  36  51  -9.375  90.0  30.0
 9.910 1067.5  90  36  51  -9.375 270.0  30.0
 9.910 1070.0  90  36  51  -9.375  90.0  30.0
 9.910 1072.5  90  36  51  -9.375  90.0  30.0
 9.910 1075.0  90  36  51  -9.375  90.0  30.0
 9.910 1077.5  90  36  51  -9.375  90.0  30.0
 9.910 1080.0  90  36  51   9.375  90.0  30.0
 9.910 1082.5  90  36  45  -9.375 270.0  30.0
 9.910 1085.0  90  36  51   9.375  90.0  30.0
 9.910 1087.5  90  36  45  -9.375  90.0  30.0
 9.910 1090.0  90  36  54  -9.375  90.0  30.0
 9.910 1092.5  90  36  51  -9.375  90.0  30.0
 9.910 1095.0  90  36  51   9.375 270.0  30.0
 9.935  135.0 -90  39  48  -3.125  30.0  30.0
 9.935  137.5 -90  39  48  -3.125  30.0  30.0
 9.935  185.0 -90  39  48  -9.375 150.0  30.0
 9.935  187.5 -90  39  48  -3.125 150.0  30.0
 9.935  190.0 -90  39  48  -3.125 150.0  30.0
 9.935  192.5 -90  39  48  -3.125 150.0  30.0
 9.935  305.0 -90  39  48   3.125  30.0  30.0
 9.960 1022.5 -90  42  51  -3.125 270.0  30.0
 9.960 1037.5 -90  42  51  -9.375 270.0  30.0
 9.960 1050.0 -90  42  51   3.125  90.0  30.0
 9.960 1055.0 -90  42  51   9.375  90.0  30.0
 9.960 1082.5 -90  42  51   9.375  90.0  30.0

