2024.06.28 (180) 00:00:05.000
Station name: Poker Flat
URSI code: PF765
Ionosonde model: DPS-4D
  Freq  Range Pol MPA Amp Doppler    Az    Zn  PGH
 1.025   80.0  90  60  69  -0.781 999.0 999.0   81
 1.025 1182.5  90  60  69  -5.469 999.0 999.0 1197
 1.025 1195.0  90  60  69  -3.906 999.0 999.0 1196
 1.025 1197.5  90  60  69  -3.906 999.0 999.0 1184
 1.025 1212.5  90  60  72  -2.344 999.0 999.0 1207
 1.025  530.0 -90  57  66   3.906 999.0 999.0  527
 1.025  550.0 -90  57  66   3.906 999.0 999.0  565
 1.025  575.0 -90  57  66   0.781 999.0 999.0  576
 1.025  832.5 -90  57  66  -0.781 999.0 999.0  844
 1.025  842.5 -90  57  66  -2.344 999.0 999.0  843
 1.050  975.0  90  33  42   0.781 999.0 999.0  975
 1.050  990.0  90  33  42   2.344  90.0  30.0  986
 1.050  995.0  90  33  42   5.469  90.0  30.0 1006
 1.050 1000.0  90  33  42   0.781  90.0  30.0 1004
 1.050 1010.0  90  33  42  -3.906 999.0 999.0 1016
 1.050 1015.0  90  33  42  -3.906 999.0 999.0 1001
 1.050 1025.0  90  33  42   3.906 999.0 999.0 1029
 1.050 1030.0  90  33  42  -2.344 999.0 999.0 1044
 1.050  107.5 -90  30  39   0.781  90.0  30.0  106
 1.050  117.5 -90  30  39   3.906  90.0  30.0  129
 1.050  125.0 -90  30  39  -3.906 999.0 999.0  115
 1.050  127.5 -90  30  39   3.906  90.0  30.0  130
 1.050  135.0 -90  30  39  -5.469  90.0  30.0  120
 1.050  150.0 -90  30  39  -0.781  90.0  30.0  145
 1.050  175.0 -90  30  39   2.344  30.0  30.0  170
 1.050  235.0 -90  30  39  -0.781  90.0  30.0  224
 1.050  245.0 -90  30  39  -0.781  90.0  30.0  246
 1.050  250.0 -90  30  39   5.469  90.0  30.0  240
 1.050  270.0 -90  30  39  -5.469  90.0  30.0  276
 1.050  547.5 -90  30  39  -5.469  90.0  30.0  557
 1.050  557.5 -90  30  39   2.344  90.0  30.0  572
 1.050  582.5 -90  30  39   2.344  90.0  30.0  584
 1.050  612.5 -90  30  39  -5.469  90.0  30.0  603
 1.200  390.0  90  36  45   2.344 999.0 999.0  377
 1.200  707.5 -90  33  42   0.781  30.0  30.0  701
 1.200  720.0 -90  33  42  -3.906  30.0  30.0  718
 1.200  730.0 -90  33  42   2.344  30.0  30.0  741
 1.200  750.0 -90  33  42   3.906  30.0  30.0  738
 1.200  752.5 -90  33  42   3.906  30.0  30.0  751
 1.200  762.5 -90  33  42  -3.906  30.0  30.0  771
 1.200  802.5 -90  33  42  -2.344  30.0  30.0  799
 1.300  187.5  90  39  48   3.906  90.0  30.0  190
 1.300  192.5  90  39  48   0.781  90.0  30.0  189
 1.300  202.5  90  39  48  -5.469 999.0 999.0  199
 1.300  227.5  90  39  48   2.344  90.0  30.0  226
 1.300  457.5  90  39  51   5.469 999.0 999.0  452
 1.300  462.5  90  39  51   3.906 999.0 999.0  476
 1.300  467.5  90  39  48  -5.469  90.0  30.0  466
 1.300  470.0  90  39  48  -3.906 999.0 999.0  483
 1.300  482.5  90  39  48   0.781 999.0 999.0  483
 1.300  487.5  90  39  51  -0.781 999.0 999.0  486
 1.300  492.5  90  39  51   0.781 999.0 999.0  480
 1.300  495.0  90  39  48   3.906 999.0 999.0  484
 1.300  507.5  90  39  48   5.469 999.0 999.0  517
 1.300  512.5  90  39  48   0.781 999.0 999.0  509
 1.300  517.5  90  39  51   2.344  90.0  30.0  513
 1.300  520.0  90  39  48  -5.469 999.0 999.0  514
 1.300  550.0  90  39  48   5.469 999.0 999.0  539
 1.300  555.0  90  39  48  -3.906  90.0  30.0  554
 1.300  560.0  90  39  48   5.469 999.0 999.0  568
 1.300  565.0  90  39  48   0.781 999.0 999.0  557
 1.300  570.0  90  39  48   3.906 999.0 999.0  581
 1.300  575.0  90  39  51   5.469 999.0 999.0  581
 1.300  580.0  90  39  48  -0.781 999.0 999.0  568
 1.300  585.0  90  39  48  -5.469  90.0  30.0  571
 1.300  590.0  90  39  48  -5.469  90.0  30.0  589
 1.300  595.0  90  39  51   5.469 999.0 999.0  594
 1.300  600.0  90  39  51   5.469  90.0  30.0  597
 1.300  605.0  90  39  48   5.469  90.0  30.0  610
 1.300  610.0  90  39  48   0.781  90.0  30.0  612
 1.300  615.0  90  39  48   0.781 999.0 999.0  626
 1.300  620.0  90  39  51   0.781 999.0 999.0  634
 1.300  625.0  90  39  48   0.781 999.0 999.0  621
 1.300  682.5  90  39  51   0.781 999.0 999.0  674
 1.300  687.5  90  39  54  -2.344  90.0  30.0  702
 1.300  692.5  90  39  51   5.469 999.0 999.0  704
 1.300  697.5  90  39  51   0.781  90.0  30.0  688
 1.300  702.5  90  39  51   3.906 999.0 999.0  691
 1.300  707.5  90  39  51   2.344 999.0 999.0  698
 1.300  712.5  90  39  51  -3.906  90.0  30.0  702
 1.300  717.5  90  39  51  -0.781 999.0 999.0  720
 1.300  722.5  90  39  51   2.344 999.0 999.0  722
 1.300  727.5  90  39  51  -2.344 999.0 999.0  725
 1.300  732.5  90  39  51   5.469  90.0  30.0  733
 1.300  737.5  90  39  54   5.469 999.0 999.0  737
 1.300  742.5  90  39  57  -2.344 999.0 999.0  729
 1.300  747.5  90  39  57   0.781  90.0  30.0  734
 1.300  752.5  90  39  57  -0.781  90.0  30.0  764
 1.300  757.5  90  39  57  -5.469 999.0 999.0  763
 1.300  762.5  90  39  54  -2.344 999.0 999.0  750
 1.300  767.5  90  39  54  -2.344 999.0 999.0  762
 1.300  772.5  90  39  54   0.781 999.0 999.0  779
 1.300  777.5  90  39  54  -2.344  90.0  30.0  781
 1.300  782.5  90  39  54   5.469  90.0  30.0  793
 1.300  787.5  90  39  54  -5.469  90.0  30.0  778
 1.300  792.5  90  39  54  -2.344 999.0 999.0  799
 1.300  797.5  90  39  54  -3.906 999.0 999.0  794
 1.300  802.5  90  39  54  -0.781 999.0 999.0  796
 1.300  807.5  90  39  54  -3.906 999.0 999.0  804
 1.300  812.5  90  39  51  -3.906 999.0 999.0  826
 1.300  817.5  90  39  48   5.469 999.0 999.0  810
 1.300  822.5  90  39  51   2.344 999.0 999.0  819
 1.300  827.5  90  39  48   2.344  90.0  30.0  819
 1.300  832.5  90  39  48  -5.469  90.0  30.0  832
 1.300  905.0  90  39  48   2.344 999.0 999.0  898
 1.300  910.0  90  39  54   2.344 999.0 999.0  920
 1.300  915.0  90  39  51   2.344  90.0  30.0  921
 1.300  920.0  90  39  51  -3.906 999.0 999.0  905
 1.300  922.5  90  39  51   2.344 999.0 999.0  934
 1.300  925.0  90  39  51   5.469 999.0 999.0  915
 1.300  930.0  90  39  51   0.781  90.0  30.0  921
 1.300  932.5  90  39  51   3.906  90.0  30.0  941
 1.300  935.0  90  39  51   2.344 999.0 999.0  929
 1.300  940.0  90  39  54  -5.469 999.0 999.0  928
 1.300  942.5  90  39  51   0.781 999.0 999.0  956
 1.300  945.0  90  39  51   0.781 999.0 999.0  951
 1.300  947.5  90  39  48   3.906  90.0  30.0  955
 1.300  950.0  90  39  51   5.469 999.0 999.0  959
 1.300  955.0  90  39  51  -2.344 999.0 999.0  956
 1.300  960.0  90  39  51  -5.469 999.0 999.0  950
 1.300  965.0  90  39  54  -0.781  90.0  30.0  955
 1.300  970.0  90  39  54  -3.906 999.0 999.0  972
 1.300  972.5  90  39  48   3.906  90.0  30.0  985
 1.300  975.0  90  39  51  -0.781 999.0 999.0  981
 1.300  977.5  90  39  48   0.781 999.0 999.0  984
 1.300  980.0  90  39  51   5.469  90.0  30.0  970
 1.300  985.0  90  39  51   2.344 999.0 999.0  993
 1.300  170.0 -90  36  48  -2.344 999.0 999.0  169
 1.300  172.5 -90  36  45  -3.906  90.0  30.0  160
 1.300  175.0 -90  36  48  -2.344  90.0  30.0  171
 1.300  177.5 -90  36  48   0.781  90.0  30.0  183
 1.300  180.0 -90  36  48   2.344  90.0  30.0  168
 1.300  182.5 -90  36  48  -2.344  90.0  30.0  189
 1.300  185.0 -90  36  51  -0.781  90.0  30.0  193
 1.300  187.5 -90  36  48  -2.344  90.0  30.0  187
 1.300  190.0 -90  36  48  -0.781  90.0  30.0  199
 1.300  192.5 -90  36  48   3.906  90.0  30.0  186
 1.300  195.0 -90  36  51   0.781  90.0  30.0  205
 1.300  197.5 -90  36  45  -5.469  90.0  30.0  208
 1.300  200.0 -90  36  48   5.469  90.0  30.0  210
 1.300  202.5 -90  36  48   0.781  90.0  30.0  217
 1.300  205.0 -90  36  48  -5.469  90.0  30.0  213
 1.300  207.5 -90  36  51   5.469  90.0  30.0  221
 1.300  210.0 -90  36  48   0.781  90.0  30.0  216
 1.300  212.5 -90  36  48   2.344  90.0  30.0  226
 1.300  215.0 -90  36  51  -5.469  90.0  30.0  228
 1.300  217.5 -90  36  48  -2.344 999.0 999.0  223
 1.300  220.0 -90  36  51  -2.344  90.0  30.0  212
 1.300  222.5 -90  36  48  -3.906  90.0  30.0  227
 1.300  225.0 -90  36  51   5.469  90.0  30.0  213
 1.300  227.5 -90  36  48   3.906  90.0  30.0  224
 1.300  230.0 -90  36  51  -0.781  90.0  30.0  234
 1.300  232.5 -90  36  48   2.344  90.0  30.0  228
 1.300  235.0 -90  36  48   5.469  90.0  30.0  234
 1.300  237.5 -90  36  48   5.469  90.0  30.0  240
 1.300  240.0 -90  36  51  -0.781  90.0  30.0  227
 1.300  242.5 -90  36  48   3.906  90.0  30.0  229
 1.300  245.0 -90  36  51   5.469  90.0  30.0  247
 1.300  247.5 -90  36  48   3.906  90.0  30.0  257
 1.300  250.0 -90  36  45   0.781  90.0  30.0  259
 1.300  252.5 -90  36  45  -0.781  90.0  30.0  265
 1.300  255.0 -90  36  45  -5.469  90.0  30.0  254
 1.300  390.0 -90  36  48   2.344 999.0 999.0  377
 1.300  395.0 -90  36  48  -2.344  90.0  30.0  401
 1.300  400.0 -90  36  48   0.781  90.0  30.0  391
 1.300  405.0 -90  36  48  -3.906  90.0  30.0  391
 1.300  410.0 -90  36  45   5.469  90.0  30.0  411
 1.300  415.0 -90  36  48  -5.469  90.0  30.0  429
 1.300  420.0 -90  36  48  -2.344  90.0  30.0  435
 1.300  425.0 -90  36  48  -3.906  90.0  30.0  427
 1.300  430.0 -90  36  48   2.344  90.0  30.0  434
 1.300  435.0 -90  36  48   5.469  90.0  30.0  431
 1.300  440.0 -90  36  45  -5.469  90.0  30.0  427
 1.300  445.0 -90  36  45   0.781 999.0 999.0  433
 1.300  450.0 -90  36  48   3.906  90.0  30.0  448
 1.300  455.0 -90  36  48   3.906  90.0  30.0  443
 1.300  460.0 -90  36  45  -3.906  90.0  30.0  470
 1.300  465.0 -90  36  48  -5.469  90.0  30.0  455
 1.300  475.0 -90  36  51   2.344  90.0  30.0  470
 1.300  480.0 -90  36  51  -0.781  90.0  30.0  480
 1.300  485.0 -90  36  48  -0.781  90.0  30.0  489
 1.300  490.0 -90  36  54   5.469  90.0  30.0  491
 1.300  495.0 -90  36  54  -2.344  90.0  30.0  497
 1.300  500.0 -90  36  51   0.781  90.0  30.0  501
 1.300  505.0 -90  36  51  -3.906  90.0  30.0  512
 1.300  510.0 -90  36  48   2.344  90.0  30.0  499
 1.300  515.0 -90  36  51  -3.906  90.0  30.0  512
 1.300  520.0 -90  36  54  -2.344  90.0  30.0  508
 1.300  525.0 -90  36  51  -5.469  90.0  30.0  526
 1.300  530.0 -90  36  51   2.344  90.0  30.0  518
 1.300  535.0 -90  36  54   2.344 999.0 999.0  533
 1.300  540.0 -90  36  51  -2.344  90.0  30.0  546
 1.300  545.0 -90  36  54   0.781  90.0  30.0  537
 1.300  550.0 -90  36  48  -5.469  90.0  30.0  558
 1.300  560.0 -90  36  48   2.344 999.0 999.0  551
 1.300  570.0 -90  36  45  -0.781  90.0  30.0  559
 1.300  600.0 -90  36  45  -0.781  90.0  30.0  586
 1.300  667.5 -90  36  48   3.906 999.0 999.0  663
 1.300  672.5 -90  36  51   2.344  90.0  30.0  683
 1.300  677.5 -90  36  54  -3.906 999.0 999.0  686
 1.300  682.5 -90  36  54   2.344  90.0  30.0  691
 1.300  685.0 -90  36  45   5.469  90.0  30.0  695
 1.300  687.5 -90  36  51   2.344  90.0  30.0  698
 1.300  690.0 -90  36  45   5.469 999.0 999.0  682
 1.300  692.5 -90  36  54   2.344  90.0  30.0  691
 1.300  695.0 -90  36  48   2.344  90.0  30.0  682
 1.300  697.5 -90  36  48   5.469  90.0  30.0  696
 1.300  700.0 -90  36  48   3.906  90.0  30.0  704
 1.300  702.5 -90  36  54  -3.906  90.0  30.0  717
 1.300  707.5 -90  36  54   3.906  90.0  30.0  712
 1.300  710.0 -90  36  45  -2.344  90.0  30.0  709
 1.300  712.5 -90  36  57   3.906  90.0  30.0  705
 1.300  715.0 -90  36  45   3.906  90.0  30.0  724
 1.300  717.5 -90  36  57  -2.344  90.0  30.0  705
 1.300  720.0 -90  36  45  -0.781  90.0  30.0  733
 1.300  722.5 -90  36  51   0.781  90.0  30.0  717
 1.300  725.0 -90  36  45  -3.906  90.0  30.0  715
 1.300  727.5 -90  36  45  -2.344  90.0  30.0  731
 1.300  730.0 -90  36  45  -3.906  90.0  30.0  721
 1.300  732.5 -90  36  54   3.906  90.0  30.0  734
 1.300  737.5 -90  36  54  -5.469  90.0  30.0  750
 1.300  740.0 -90  36  45   0.781  90.0  30.0  745
 1.300  742.5 -90  36  54  -0.781  90.0  30.0  752
 1.300  745.0 -90  36  45  -0.781  90.0  30.0  742
 1.300  747.5 -90  36  45   3.906  90.0  30.0  741
 1.300  750.0 -90  36  45   3.906  90.0  30.0  746
 1.300  752.5 -90  36  48   0.781  90.0  30.0  748
 1.300  755.0 -90  36  45   5.469  90.0  30.0  751
 1.300  757.5 -90  36  45   2.344  90.0  30.0  754
 1.300  767.5 -90  36  45  -5.469  90.0  30.0  769
 1.300  772.5 -90  36  45   5.469  90.0  30.0  765
 1.300  777.5 -90  36  45   5.469  90.0  30.0  772
 1.300  782.5 -90  36  48  -0.781  90.0  30.0  793
 1.300  810.0 -90  36  45   0.781  90.0  30.0  801
 1.300  812.5 -90  36  51   3.906  90.0  30.0  798
 1.300  815.0 -90  36  45   0.781  90.0  30.0  815
 1.300  817.5 -90  36  48   2.344  90.0  30.0  821
 1.300  820.0 -90  36  45   2.344  90.0  30.0  821
 1.300  822.5 -90  36  48  -5.469  90.0  30.0  813
 1.300  825.0 -90  36  45  -3.906 999.0 999.0  810
 1.300  827.5 -90  36  48  -3.906  90.0  30.0  816
 1.300  830.0 -90  36  48  -0.781  90.0  30.0  828
 1.300  832.5 -90  36  48  -0.781  90.0  30.0  846
 1.300  835.0 -90  36  48  -2.344  90.0  30.0  833
 1.300  837.5 -90  36  51  -5.469  90.0  30.0  836
 1.300  840.0 -90  36  45  -3.906  90.0  30.0  848
 1.300  842.5 -90  36  48  -5.469  90.0  30.0  846
 1.300  845.0 -90  36  48  -3.906  90.0  30.0  843
 1.300  847.5 -90  36  51   3.906  90.0  30.0  846
 1.300  850.0 -90  36  45   2.344  90.0  30.0  856
 1.300  852.5 -90  36  48   3.906  90.0  30.0  841
 1.300  855.0 -90  36  48   3.906  90.0  30.0  863
 1.300  857.5 -90  36  51  -0.781  90.0  30.0  848
 1.300  860.0 -90  36  48  -5.469  90.0  30.0  861
 1.300  862.5 -90  36  48   5.469  90.0  30.0  857
 1.300  865.0 -90  36  45   0.781  90.0  30.0  855
 1.300  867.5 -90  36  51  -5.469  90.0  30.0  861
 1.300  870.0 -90  36  45   0.781  90.0  30.0  865
 1.300  872.5 -90  36  48  -2.344  90.0  30.0  884
 1.300  875.0 -90  36  48   2.344  90.0  30.0  865
 1.300  877.5 -90  36  48  -2.344  90.0  30.0  866
 1.300  880.0 -90  36  48  -2.344  90.0  30.0  895
 1.300  882.5 -90  36  51   0.781  90.0  30.0  870
 1.300  885.0 -90  36  54   2.344  90.0  30.0  887
 1.300  887.5 -90  36  48   0.781  90.0  30.0  883
 1.300  890.0 -90  36  51  -0.781  90.0  30.0  879
 1.300  895.0 -90  36  54   2.344  90.0  30.0  887
 1.300  900.0 -90  36  51  -5.469  90.0  30.0  908
 1.300  905.0 -90  36  54   0.781  90.0  30.0  914
 1.300  910.0 -90  36  51  -0.781  90.0  30.0  921
 1.300  915.0 -90  36  54  -0.781  90.0  30.0  912
 1.300  920.0 -90  36  51   2.344  90.0  30.0  923
 1.300  925.0 -90  36  51   5.469  90.0  30.0  917
 1.300  930.0 -90  36  54  -0.781  90.0  30.0  938
 1.300  935.0 -90  36  54  -3.906  90.0  30.0  940
 1.300  940.0 -90  36  51  -0.781  90.0  30.0  932
 1.300  945.0 -90  36  54   2.344  90.0  30.0  946
 1.300  950.0 -90  36  54  -2.344  90.0  30.0  943
 1.300  955.0 -90  36  54  -5.469  90.0  30.0  964
 1.300  960.0 -90  36  54  -0.781  90.0  30.0  964
 1.300  980.0 -90  36  45   5.469  90.0  30.0  980
 1.300  985.0 -90  36  54  -2.344  90.0  30.0  989
 1.300  990.0 -90  36  51   3.906  90.0  30.0 1002
 1.300  995.0 -90  36  51   0.781  90.0  30.0 1007
 1.300 1000.0 -90  36  51  -0.781  90.0  30.0  989
 1.300 1005.0 -90  36  54   5.469  90.0  30.0  996
 1.300 1010.0 -90  36  54  -2.344  90.0  30.0 1015
 1.300 1012.5 -90  36  45   5.469  90.0  30.0 1007
 1.300 1015.0 -90  36  54  -0.781  90.0  30.0 1026
 1.300 1017.5 -90  36  45  -3.906  90.0  30.0 1022
 1.300 1020.0 -90  36  54   5.469  90.0  30.0 1007
 1.300 1025.0 -90  36  54  -0.781  90.0  30.0 1034
 1.300 1030.0 -90  36  51  -0.781  90.0  30.0 1024
 1.300 1035.0 -90  36  54  -2.344  90.0  30.0 1046
 1.300 1040.0 -90  36  54   3.906  90.0  30.0 1032
 1.300 1045.0 -90  36  54   2.344  90.0  30.0 1031
 1.300 1050.0 -90  36  51  -3.906  90.0  30.0 1052
 1.300 1055.0 -90  36  54  -2.344  90.0  30.0 1057
 1.300 1060.0 -90  36  51   3.906  90.0  30.0 1060
 1.325   90.0  90  39  48   0.781 270.0  30.0  104
 1.325  347.5 -90  42  51  -3.906 330.0  30.0  359
 1.325  407.5 -90  42  51  -5.469 330.0  30.0  395
 1.325  762.5 -90  42  54   2.344 330.0  30.0  775
 1.325  772.5 -90  42  51   0.781 999.0 999.0  765
 1.325  782.5 -90  42  51   2.344 330.0  30.0  797
 1.325  812.5 -90  42  51  -3.906 330.0  30.0  810
 1.325  827.5 -90  42  51  -3.906 330.0  30.0  837
 1.350   92.5  90  33  42  -0.781 999.0 999.0   98
 1.350  805.0 -90  30  39   2.344 999.0 999.0  794
 1.375   92.5  90  36  45   0.781 999.0 999.0   96
 1.425  492.5  90  39  51   0.781 330.0  30.0  486
 1.425  495.0  90  39  48   0.781 270.0  30.0  488
 1.425  497.5  90  39  48   2.344 330.0  30.0  485
 1.425  512.5  90  39  48  -0.781 330.0  30.0  507
 1.425  515.0  90  39  48   2.344 270.0  30.0  504
 1.425  517.5  90  39  48   2.344 330.0  30.0  511
 1.425  520.0  90  39  51   2.344 330.0  30.0  523
 1.425  522.5  90  39  51   3.906 330.0  30.0  526
 1.425  525.0  90  39  54  -3.906 330.0  30.0  511
 1.425  527.5  90  39  51  -2.344 270.0  30.0  527
 1.425  530.0  90  39  51   2.344 330.0  30.0  523
 1.425  532.5  90  39  51  -5.469 330.0  30.0  537
 1.425  535.0  90  39  48   3.906 270.0  30.0  524
 1.425  537.5  90  39  51   3.906 330.0  30.0  532
 1.425  540.0  90  39  57   3.906 330.0  30.0  530
 1.425  542.5  90  39  54   2.344 330.0  30.0  556
 1.425  545.0  90  39  54   5.469 330.0  30.0  538
 1.425  547.5  90  39  51   0.781 330.0  30.0  556
 1.425  550.0  90  39  54   2.344 330.0  30.0  563
 1.425  552.5  90  39  57   3.906 330.0  30.0  560
 1.425  557.5  90  39  57  -0.781 330.0  30.0  548
 1.425  560.0  90  39  51   2.344 270.0  30.0  562
 1.425  562.5  90  39  57   0.781 330.0  30.0  568
 1.425  565.0  90  39  57   2.344 330.0  30.0  573
 1.425  567.5  90  39  57  -2.344 330.0  30.0  569
 1.425  570.0  90  39  54  -3.906 330.0  30.0  578
 1.425  572.5  90  39  54   5.469 270.0  30.0  577
 1.425  575.0  90  39  54  -0.781 330.0  30.0  564
 1.425  577.5  90  39  51   3.906 330.0  30.0  583
 1.425  582.5  90  39  57   2.344 330.0  30.0  586
 1.425  585.0  90  39  48  -2.344 330.0  30.0  591
 1.425  587.5  90  39  48  -2.344 270.0  30.0  582
 1.425  590.0  90  39  51  -2.344 330.0  30.0  591
 1.425  592.5  90  39  54  -0.781 330.0  30.0  591
 1.425  595.0  90  39  57  -0.781 330.0  30.0  586
 1.425  597.5  90  39  57   0.781 270.0  30.0  585
 1.425  600.0  90  39  54  -0.781 330.0  30.0  603
 1.425  602.5  90  39  54  -0.781 330.0  30.0  596
 1.425  607.5  90  39  51  -5.469 330.0  30.0  615
 1.425  610.0  90  39  54  -0.781 330.0  30.0  607
 1.425  612.5  90  39  51  -5.469 330.0  30.0  625
 1.425  615.0  90  39  51  -0.781 330.0  30.0  613
 1.425  617.5  90  39  60   3.906 330.0  30.0  622
 1.425  620.0  90  39  57  -2.344 330.0  30.0  610
 1.425  622.5  90  39  48   2.344 330.0  30.0  628
 1.425  625.0  90  39  51   2.344 330.0  30.0  616
 1.425  627.5  90  39  57  -0.781 330.0  30.0  635
 1.425  630.0  90  39  57  -3.906 330.0  30.0  618
 1.425  632.5  90  39  51  -3.906 330.0  30.0  644
 1.425  635.0  90  39  51   2.344 330.0  30.0  643
 1.425  637.5  90  39  51   5.469 270.0  30.0  630
 1.425  640.0  90  39  57   3.906 330.0  30.0  628
 1.425  642.5  90  39  54  -0.781 330.0  30.0  656
 1.425  645.0  90  39  51  -3.906 330.0  30.0  643
 1.425  650.0  90  39  51  -2.344 330.0  30.0  646
 1.425  652.5  90  39  54  -5.469 330.0  30.0  651
 1.425  657.5  90  39  51  -3.906 330.0  30.0  662
 1.425  660.0  90  39  48  -2.344 330.0  30.0  661
 1.425  662.5  90  39  51   3.906 330.0  30.0  670
 1.425  665.0  90  39  51   5.469 330.0  30.0  661
 1.425  667.5  90  39  54   2.344 330.0  30.0  663
 1.425  672.5  90  39  51  -2.344 330.0  30.0  683
 1.425  675.0  90  39  48   2.344 330.0  30.0  688
 1.425  677.5  90  39  54  -0.781 330.0  30.0  671
 1.425  680.0  90  39  48   3.906 330.0  30.0  671
 1.425  687.5  90  39  54   5.469 330.0  30.0  698
 1.425  690.0  90  39  54   3.906 330.0  30.0  693
 1.425  697.5  90  39  51   5.469 330.0  30.0  706
 1.425  702.5  90  39  54   5.469 330.0  30.0  705
 1.425  707.5  90  39  48  -3.906 270.0  30.0  695
 1.425  710.0  90  39  48  -3.906 270.0  30.0  700
 1.425  717.5  90  39  48   0.781 270.0  30.0  715
 1.425  720.0  90  39  48   3.906 330.0  30.0  725
 1.425  722.5  90  39  48   0.781 330.0  30.0  718
 1.425  730.0  90  39  48  -5.469 330.0  30.0  744
 1.425  735.0  90  39  48  -5.469 270.0  30.0  743
 1.425  740.0  90  39  48  -3.906 330.0  30.0  745
 1.425  745.0  90  39  48   5.469 270.0  30.0  744
 1.425  757.5  90  39  48  -0.781 330.0  30.0  762
 1.425  770.0  90  39  48  -5.469 330.0  30.0  769
 1.425  780.0  90  39  48   3.906 330.0  30.0  788
 1.425  790.0  90  39  51  -5.469 330.0  30.0  784
 1.425  800.0  90  39  48  -5.469 330.0  30.0  800
 1.425  802.5  90  39  48   2.344 270.0  30.0  809
 1.425  807.5  90  39  48  -2.344 330.0  30.0  793
 1.425  827.5  90  39  48  -0.781 330.0  30.0  819
 1.425  845.0  90  39  48   5.469 270.0  30.0  840
 1.425  850.0  90  39  51   5.469 270.0  30.0  855
 1.425  875.0  90  39  48   0.781 270.0  30.0  877
 1.425 1055.0 -90  39  48  -2.344 330.0  30.0 1061
 1.425 1110.0 -90  39  48   3.906 330.0  30.0 1125
 1.425 1145.0 -90  39  48   5.469 330.0  30.0 1133
 1.425 1147.5 -90  39  48  -0.781 330.0  30.0 1150
 1.425 1150.0 -90  39  48  -0.781 330.0  30.0 1162
 1.425 1152.5 -90  39  48   5.469 330.0  30.0 1148
 1.425 1155.0 -90  39  51   5.469 330.0  30.0 1169
 1.425 1160.0 -90  39  51  -5.469 330.0  30.0 1161
 1.425 1167.5 -90  39  48   5.469 330.0  30.0 1157
 1.425 1182.5 -90  39  51   5.469 330.0  30.0 1176
 1.425 1187.5 -90  39  48   3.906 330.0  30.0 1197
 1.425 1190.0 -90  39  48  -5.469 330.0  30.0 1191
 1.425 1197.5 -90  39  48  -2.344 330.0  30.0 1208
 1.425 1200.0 -90  39  54  -2.344 330.0  30.0 1198
 1.425 1205.0 -90  39  48  -2.344 330.0  30.0 1207
 1.425 1207.5 -90  39  48   2.344 330.0  30.0 1213
 1.425 1210.0 -90  39  48   0.781 330.0  30.0 1199
 1.425 1212.5 -90  39  51   5.469 330.0  30.0 1199
 1.425 1217.5 -90  39  48   0.781 330.0  30.0 1226
 1.425 1227.5 -90  39  48   2.344 330.0  30.0 1215
 1.425 1230.0 -90  39  51   2.344 330.0  30.0 1232
 1.425 1235.0 -90  39  48  -0.781 330.0  30.0 1245
 1.425 1237.5 -90  39  51   5.469 330.0  30.0 1239
 1.425 1240.0 -90  39  48  -0.781 330.0  30.0 1251
 1.425 1245.0 -90  39  51  -5.469 330.0  30.0 1250
 1.425 1252.5 -90  39  48  -2.344 330.0  30.0 1249
 1.425 1257.5 -90  39  48   5.469 330.0  30.0 1256
 1.425 1262.5 -90  39  48  -0.781 330.0  30.0 1266
 1.425 1277.5 -90  39  51   2.344 330.0  30.0 1270
 1.425 1282.5 -90  39  51   2.344 330.0  30.0 1292
 1.525   92.5  90  33  42  -0.781  90.0  30.0   94
 1.525  650.0 -90  30  39   2.344 999.0 999.0  655
 1.525  655.0 -90  30  39  -0.781  30.0  30.0  645
 1.525  667.5 -90  30  39  -0.781 999.0 999.0  660
 1.525  672.5 -90  30  39  -5.469  30.0  30.0  680
 1.525  680.0 -90  30  39  -5.469  90.0  30.0  690
 1.550   80.0  90  45  54   5.469  90.0  30.0   75
 1.550   87.5  90  45  57  -3.906 999.0 999.0   77
 1.550   90.0  90  45  54  -2.344  90.0  30.0   98
 1.550   92.5  90  45  54   3.906  90.0  30.0   94
 1.550   97.5  90  45  60  -0.781 999.0 999.0   90
 1.550  100.0  90  45  54   0.781 999.0 999.0  103
 1.550  110.0  90  45  54   3.906 999.0 999.0  108
 1.550  370.0  90  45  54  -5.469 999.0 999.0  363
 1.550  375.0  90  45  54   2.344 999.0 999.0  379
 1.550  380.0  90  45  57   0.781 999.0 999.0  366
 1.550  385.0  90  45  54   2.344 999.0 999.0  396
 1.550  390.0  90  45  54  -2.344  90.0  30.0  397
 1.550  400.0  90  45  54  -0.781  90.0  30.0  412
 1.550  405.0  90  45  54   0.781 999.0 999.0  401
 1.550  410.0  90  45  54   2.344 999.0 999.0  416
 1.550  430.0  90  45  57   0.781 999.0 999.0  427
 1.550  432.5  90  45  54  -2.344 999.0 999.0  436
 1.550  435.0  90  45  54   0.781 999.0 999.0  432
 1.550  445.0  90  45  57   0.781 999.0 999.0  458
 1.550  455.0  90  45  54   2.344  90.0  30.0  461
 1.550  460.0  90  45  57  -5.469 999.0 999.0  448
 1.550  480.0  90  45  54  -5.469  90.0  30.0  494
 1.550  487.5  90  45  54   5.469 999.0 999.0  500
 1.550  505.0  90  45  54   2.344 999.0 999.0  494
 1.550  512.5  90  45  54   5.469 999.0 999.0  513
 1.550  515.0  90  45  54  -5.469 999.0 999.0  509
 1.550  967.5  90  45  54   2.344 999.0 999.0  966
 1.550  972.5  90  45  54   0.781 999.0 999.0  986
 1.550  982.5  90  45  54  -3.906  90.0  30.0  975
 1.550  987.5  90  45  54   3.906 999.0 999.0  980
 1.550  992.5  90  45  54  -5.469 999.0 999.0 1006
 1.550  995.0  90  45  54   0.781 999.0 999.0 1002
 1.550  997.5  90  45  54   0.781 999.0 999.0 1004
 1.550 1000.0  90  45  54   0.781 999.0 999.0 1000
 1.550 1002.5  90  45  54  -0.781 999.0 999.0  992
 1.550 1007.5  90  45  54   2.344  90.0  30.0 1019
 1.550 1012.5  90  45  60   5.469 999.0 999.0 1009
 1.550 1015.0  90  45  60   0.781 999.0 999.0 1001
 1.550 1017.5  90  45  54   2.344 999.0 999.0 1006
 1.550 1020.0  90  45  54   2.344 999.0 999.0 1007
 1.550 1025.0  90  45  54  -3.906 999.0 999.0 1013
 1.550 1027.5  90  45  60  -3.906 999.0 999.0 1039
 1.550 1030.0  90  45  63   3.906 999.0 999.0 1030
 1.550 1032.5  90  45  54  -2.344 999.0 999.0 1025
 1.550 1035.0  90  45  57  -0.781  90.0  30.0 1028
 1.550 1037.5  90  45  57   0.781 999.0 999.0 1041
 1.550 1042.5  90  45  60  -0.781 999.0 999.0 1053
 1.550 1045.0  90  45  57  -2.344 999.0 999.0 1048
 1.550 1047.5  90  45  57   0.781 999.0 999.0 1037
 1.550 1052.5  90  45  57  -0.781  90.0  30.0 1040
 1.550 1057.5  90  45  57   2.344 999.0 999.0 1071
 1.550 1060.0  90  45  54  -2.344 999.0 999.0 1071
 1.550 1062.5  90  45  54   2.344 999.0 999.0 1056
 1.550 1065.0  90  45  54   5.469  90.0  30.0 1069
 1.550 1067.5  90  45  63  -3.906 999.0 999.0 1076
 1.550 1070.0  90  45  57  -3.906 999.0 999.0 1082
 1.550 1072.5  90  45  60  -5.469 999.0 999.0 1075
 1.550 1075.0  90  45  57   3.906 999.0 999.0 1076
 1.550 1077.5  90  45  54   3.906 999.0 999.0 1071
 1.550 1080.0  90  45  54  -0.781  90.0  30.0 1066
 1.550 1082.5  90  45  57   5.469 999.0 999.0 1071
 1.550 1085.0  90  45  60  -2.344 999.0 999.0 1093
 1.550 1087.5  90  45  54  -0.781 999.0 999.0 1075
 1.550 1092.5  90  45  54  -2.344 999.0 999.0 1085
 1.550 1095.0  90  45  54   0.781 999.0 999.0 1094
 1.550 1100.0  90  45  57   0.781 999.0 999.0 1104
 1.550 1227.5  90  45  54   5.469 999.0 999.0 1229
 1.550 1232.5  90  45  54   5.469  90.0  30.0 1231
 1.550 1245.0  90  45  54   0.781 999.0 999.0 1235
 1.550 1260.0  90  45  54  -0.781 999.0 999.0 1247
 1.550 1262.5  90  45  54  -2.344  90.0  30.0 1266
 1.550 1267.5  90  45  54  -2.344 999.0 999.0 1278
 1.550 1282.5  90  45  54  -5.469  90.0  30.0 1274
 1.550  265.0 -90  42  51   3.906 999.0 999.0  274
 1.550  267.5 -90  42  51  -0.781 999.0 999.0  254
 1.550  270.0 -90  42  51   3.906 999.0 999.0  273
 1.550  290.0 -90  42  51  -5.469  90.0  30.0  276
 1.550  292.5 -90  42  51  -0.781 999.0 999.0  289
 1.550  317.5 -90  42  54  -5.469 999.0 999.0  328
 1.550  785.0 -90  42  54   2.344  90.0  30.0  784
 1.550  790.0 -90  42  51  -0.781  90.0  30.0  794
 1.550  795.0 -90  42  51   2.344  90.0  30.0  794
 1.550  810.0 -90  42  51  -5.469  30.0  30.0  816
 1.550  820.0 -90  42  51   5.469  30.0  30.0  806
 1.550  840.0 -90  42  54   0.781  30.0  30.0  836
 1.550  845.0 -90  42  54   0.781  30.0  30.0  850
 1.550  847.5 -90  42  51   2.344  30.0  30.0  838
 1.550  857.5 -90  42  51  -0.781 999.0 999.0  848
 1.550  865.0 -90  42  54  -2.344  30.0  30.0  850
 1.550  877.5 -90  42  51   5.469  30.0  30.0  865
 1.550  882.5 -90  42  51  -5.469  90.0  30.0  886
 1.550  885.0 -90  42  51   0.781  90.0  30.0  888
 1.550  887.5 -90  42  51  -2.344  30.0  30.0  893
 1.550  902.5 -90  42  51  -5.469  90.0  30.0  898
 1.550  905.0 -90  42  51   5.469  30.0  30.0  920
 1.550  910.0 -90  42  54  -2.344  30.0  30.0  919
 1.550  915.0 -90  42  54   2.344  90.0  30.0  920
 1.550  917.5 -90  42  51   2.344  30.0  30.0  922
 1.550  935.0 -90  42  51   2.344  90.0  30.0  923
 1.575   90.0  90  30  42   0.781 150.0  30.0   93
 1.575  692.5  90  30  39  -2.344  90.0  30.0  693
 1.575   95.0 -90  30  39  -3.906 150.0  30.0   93
 1.575  675.0 -90  30  39   3.906 150.0  30.0  660
 1.575  685.0 -90  30  42  -2.344 150.0  30.0  697
 1.600  257.5  90  48  57   3.906 999.0 999.0  256
 1.600  180.0 -90  48  57  -5.469 999.0 999.0  191
 1.600  190.0 -90  48  57  -2.344 999.0 999.0  191
 1.600  245.0 -90  48  57   3.906 999.0 999.0  251
 1.600  390.0 -90  48  57  -0.781 999.0 999.0  390
 1.600  407.5 -90  48  57   5.469  90.0  30.0  395
 1.600  410.0 -90  48  57   2.344 999.0 999.0  403
 1.600  440.0 -90  48  57  -0.781 999.0 999.0  426
 1.600  450.0 -90  48  57   5.469 999.0 999.0  449
 1.600  455.0 -90  48  57  -3.906 999.0 999.0  455
 1.600  457.5 -90  48  57  -3.906  90.0  30.0  463
 1.600  470.0 -90  48  60   3.906 999.0 999.0  475
 1.600  477.5 -90  48  57  -0.781  90.0  30.0  466
 1.600  492.5 -90  48  57   5.469 999.0 999.0  493
 1.600  497.5 -90  48  57   2.344 999.0 999.0  489
 1.600  505.0 -90  48  57   0.781 999.0 999.0  515
 1.600  520.0 -90  48  57   5.469 999.0 999.0  514
 1.600  525.0 -90  48  57   3.906 999.0 999.0  520
 1.600  535.0 -90  48  57   2.344 999.0 999.0  537
 1.600  570.0 -90  48  57  -5.469 999.0 999.0  563
 1.600  850.0 -90  48  57  -5.469 999.0 999.0  856
 1.600  890.0 -90  48  57  -3.906  90.0  30.0  884
 1.600  990.0 -90  48  57   2.344 999.0 999.0  990
 1.625   90.0  90  33  42  -0.781   0.0   0.0   95
 1.625   92.5  90  33  51  -0.781   0.0   0.0   96
 1.625  735.0  90  33  42  -5.469   0.0   0.0  726
 1.625  617.5 -90  33  42   5.469 270.0  30.0  631
 1.625 1255.0 -90  33  42   2.344 330.0  30.0 1244
 1.625 1267.5 -90  33  42  -2.344 270.0  30.0 1254
 1.650   92.5  90  39  48  -0.781 270.0  30.0   96
 1.650  580.0 -90  36  45  -2.344  30.0  30.0  569
 1.675   92.5  90  36  45   0.781   0.0   0.0   96
 1.700   90.0  90  36  45   0.781   0.0   0.0   92
 1.700   92.5  90  36  45   0.781  30.0  30.0   95
 1.700   95.0  90  36  45   0.781 999.0 999.0   96
 1.725   90.0  90  36  45  -0.781 150.0  30.0   97
 1.725   92.5  90  36  45   0.781   0.0   0.0   98
 1.725   95.0  90  36  45  -0.781   0.0   0.0   96
 1.750  737.5  90  57  66  -3.906 270.0  30.0  741
 1.750  750.0  90  57  66   0.781 270.0  30.0  757
 1.750  757.5  90  57  66  -3.906 270.0  30.0  760
 1.750  797.5  90  57  66   2.344 270.0  30.0  803
 1.750  272.5 -90  54  63  -0.781 270.0  30.0  269
 1.750  275.0 -90  54  63  -0.781 270.0  30.0  276
 1.750  280.0 -90  54  66   5.469 270.0  30.0  293
 1.750  302.5 -90  54  63  -5.469 270.0  30.0  317
 1.750  327.5 -90  54  66   3.906 270.0  30.0  323
 1.750  337.5 -90  54  63  -5.469 270.0  30.0  343
 1.750  955.0 -90  54  63   0.781 270.0  30.0  952
 1.750  960.0 -90  54  63  -5.469 270.0  30.0  963
 1.775   92.5  90  36  48  -0.781   0.0   0.0   97
 1.800   92.5  90  36  48   0.781   0.0   0.0   99
 1.800   95.0  90  36  48   0.781   0.0   0.0   99
 1.825   92.5  90  36  51  -0.781   0.0   0.0   97
 1.825   95.0  90  36  45  -0.781   0.0   0.0   96
 1.850   90.0  90  33  45  -0.781 999.0 999.0   95
 1.850   92.5  90  33  54   0.781   0.0   0.0   97
 1.850   95.0  90  33  45   0.781  30.0  30.0   96
 1.875   92.5  90  36  54   0.781   0.0   0.0   97
 1.875   95.0  90  36  45  -0.781 150.0  30.0   97
 1.900   92.5  90  39  54   0.781   0.0   0.0   97
 1.925   80.0  90  39  48  -0.781 330.0  30.0   66
 1.925   92.5  90  39  57   0.781   0.0   0.0   96
 1.925   95.0  90  39  48   0.781 210.0  30.0   94
 1.925  100.0  90  39  48   0.781 270.0  30.0   97
 1.925  257.5  90  39  48  -3.906 330.0  30.0  268
 1.925  680.0  90  39  48  -5.469 330.0  30.0  676
 1.925  685.0  90  39  51  -0.781 330.0  30.0  691
 1.925  690.0  90  39  48  -0.781 330.0  30.0  695
 1.925  705.0  90  39  48  -5.469 270.0  30.0  693
 1.925  710.0  90  39  48  -2.344 270.0  30.0  709
 1.925  715.0  90  39  48  -2.344 270.0  30.0  727
 1.925  735.0  90  39  48  -2.344 330.0  30.0  726
 1.925  740.0  90  39  51  -3.906 330.0  30.0  748
 1.950   92.5  90  36  57  -0.781   0.0   0.0   97
 1.950   95.0  90  36  45  -0.781   0.0   0.0  101
 1.950  962.5  90  36  45  -0.781 999.0 999.0  975
 1.950 1035.0  90  36  45  -5.469   0.0   0.0 1046
 1.950 1112.5  90  36  45   0.781   0.0   0.0 1098
 1.975   92.5  90  45  57   0.781   0.0   0.0   96
 1.975  405.0  90  45  54   3.906 270.0  30.0  418
 1.975  417.5  90  45  54  -3.906 270.0  30.0  430
 1.975  647.5  90  45  54   3.906 270.0  30.0  655
 1.975  717.5  90  45  54   5.469 270.0  30.0  732
 1.975  760.0  90  45  54   3.906 270.0  30.0  751
 1.975  775.0  90  45  54   5.469 270.0  30.0  760
 1.975  970.0  90  45  54  -5.469 270.0  30.0  965
 1.975 1000.0  90  45  54  -5.469 270.0  30.0 1003
 1.975 1217.5  90  45  54  -3.906 270.0  30.0 1219
 1.975  817.5 -90  42  51   0.781 270.0  30.0  819
 1.975  827.5 -90  42  51   2.344 270.0  30.0  830
 1.975  845.0 -90  42  51   5.469 270.0  30.0  833
 1.975  880.0 -90  42  51   0.781 270.0  30.0  894
 1.975 1182.5 -90  42  51  -3.906 270.0  30.0 1197
 2.000   92.5  90  39  57   0.781   0.0   0.0   97
 2.000   95.0  90  39  57   0.781   0.0   0.0   98
 2.000  555.0  90  39  48  -2.344 270.0  30.0  565
 2.000  572.5  90  39  48  -0.781 270.0  30.0  580
 2.000  650.0  90  39  48   5.469 270.0  30.0  664
 2.025   92.5  90  36  57  -0.781   0.0   0.0   97
 2.025   95.0  90  36  57   0.781   0.0   0.0   98
 2.050   92.5  90  48  60   0.781 999.0 999.0   97
 2.050  635.0  90  48  57  -2.344 270.0  30.0  635
 2.075  867.5 -90  57  66  -0.781  90.0  30.0  869
 2.075  887.5 -90  57  66   0.781  90.0  30.0  881
 2.075  892.5 -90  57  66  -0.781  90.0  30.0  879
 2.100   92.5  90  36  54  -0.781 999.0 999.0   98
 2.100   95.0  90  36  57  -0.781 999.0 999.0   98
 2.125   92.5  90  33  54  -0.781 999.0 999.0   98
 2.125   95.0  90  33  57  -0.781 999.0 999.0   97
 2.125   97.5  90  33  45  -0.781 999.0 999.0   98
 2.125   80.0 -90  33  45   0.781  30.0  30.0   91
 2.150   92.5  90  33  54  -0.781   0.0   0.0   99
 2.150   95.0  90  33  60  -0.781   0.0   0.0   99
 2.150   97.5  90  33  45   0.781 999.0 999.0   99
 2.175   92.5  90  36  54   0.781 999.0 999.0   98
 2.175   95.0  90  36  60  -0.781 999.0 999.0   99
 2.175  607.5 -90  39  48   5.469  90.0  30.0  612
 2.175  637.5 -90  39  48   5.469  90.0  30.0  646
 2.175  647.5 -90  39  48  -5.469  90.0  30.0  656
 2.175  652.5 -90  39  48  -5.469  90.0  30.0  661
 2.175  890.0 -90  39  48  -3.906  90.0  30.0  889
 2.175  895.0 -90  39  48   5.469  90.0  30.0  899
 2.175  900.0 -90  39  48  -5.469  90.0  30.0  888
 2.175  925.0 -90  39  48   0.781  90.0  30.0  918
 2.175  940.0 -90  39  48   5.469  90.0  30.0  931
 2.175  950.0 -90  39  48  -0.781  90.0  30.0  939
 2.175  960.0 -90  39  48   5.469 999.0 999.0  968
 2.175 1200.0 -90  39  48  -2.344  90.0  30.0 1201
 2.175 1205.0 -90  39  48  -3.906  90.0  30.0 1204
 2.175 1210.0 -90  39  48  -2.344  90.0  30.0 1204
 2.175 1225.0 -90  39  48  -2.344  90.0  30.0 1227
 2.175 1230.0 -90  39  48  -2.344  90.0  30.0 1238
 2.175 1235.0 -90  39  48   3.906  90.0  30.0 1237
 2.175 1260.0 -90  39  51   2.344  90.0  30.0 1263
 2.200   92.5  90  42  57   0.781 999.0 999.0   98
 2.200   95.0  90  42  60  -0.781 999.0 999.0   98
 2.200  275.0  90  42  51  -5.469  90.0  30.0  282
 2.200  285.0  90  42  51  -2.344  90.0  30.0  277
 2.200  300.0  90  42  51   2.344  90.0  30.0  300
 2.200  422.5  90  42  51  -0.781  90.0  30.0  424
 2.200  462.5  90  42  51  -5.469  90.0  30.0  456
 2.200  467.5  90  42  51   5.469  90.0  30.0  466
 2.200  540.0  90  42  51   5.469  90.0  30.0  545
 2.200  585.0  90  42  51  -0.781  90.0  30.0  599
 2.200  592.5  90  42  51   3.906  90.0  30.0  604
 2.200  607.5  90  42  51   5.469  90.0  30.0  606
 2.200  612.5  90  42  51  -0.781  90.0  30.0  618
 2.200  627.5  90  42  51   5.469  90.0  30.0  637
 2.200  632.5  90  42  51   3.906  90.0  30.0  628
 2.200  642.5  90  42  51   0.781  90.0  30.0  629
 2.200  932.5  90  42  51  -3.906  90.0  30.0  941
 2.200  937.5  90  42  54   2.344  90.0  30.0  924
 2.200  947.5  90  42  51  -0.781  90.0  30.0  939
 2.200  962.5  90  42  51  -2.344  90.0  30.0  963
 2.200  977.5  90  42  51   2.344 999.0 999.0  971
 2.200 1102.5  90  42  51  -3.906  90.0  30.0 1117
 2.200 1107.5  90  42  51  -2.344  90.0  30.0 1119
 2.200 1112.5  90  42  51  -3.906  90.0  30.0 1125
 2.200 1117.5  90  42  51   3.906  90.0  30.0 1118
 2.200 1122.5  90  42  51   3.906 999.0 999.0 1137
 2.200 1127.5  90  42  51  -2.344  90.0  30.0 1135
 2.200 1137.5  90  42  51   2.344  90.0  30.0 1138
 2.200 1152.5  90  42  51   2.344  90.0  30.0 1146
 2.200 1157.5  90  42  51   2.344 999.0 999.0 1148
 2.200 1167.5  90  42  51   3.906  90.0  30.0 1164
 2.200 1177.5  90  42  51   0.781  90.0  30.0 1191
 2.200  105.0 -90  45  54   0.781 999.0 999.0   96
 2.200 1255.0 -90  45  54  -3.906 999.0 999.0 1250
 2.200 1265.0 -90  45  54  -5.469  90.0  30.0 1273
 2.200 1270.0 -90  45  54  -3.906 999.0 999.0 1269
 2.200 1275.0 -90  45  54   2.344 999.0 999.0 1285
 2.225   92.5  90  36  57   0.781   0.0   0.0   99
 2.225   95.0  90  36  63   0.781   0.0   0.0   99
 2.225   97.5  90  36  45  -0.781   0.0   0.0  100
 2.250   92.5  90  39  57  -0.781   0.0   0.0   98
 2.250   95.0  90  39  60   0.781   0.0   0.0   99
 2.250  200.0  90  39  48   3.906 270.0  30.0  195
 2.250  225.0  90  39  48  -2.344 210.0  30.0  228
 2.250  235.0  90  39  51   5.469 270.0  30.0  246
 2.250  245.0  90  39  48  -3.906 210.0  30.0  242
 2.250  252.5  90  39  48  -5.469 270.0  30.0  267
 2.250  255.0  90  39  48   0.781 270.0  30.0  240
 2.250  270.0  90  39  48   0.781 270.0  30.0  260
 2.250 1192.5  90  39  48   5.469 270.0  30.0 1187
 2.250 1282.5 -90  36  45   2.344 270.0  30.0 1271
 2.275   92.5  90  33  54   0.781 999.0 999.0   97
 2.275   95.0  90  33  60   0.781   0.0   0.0   97
 2.275   97.5  90  33  45  -0.781 999.0 999.0  100
 2.300   92.5  90  33  54   0.781   0.0   0.0   98
 2.300   95.0  90  33  60  -0.781   0.0   0.0   99
 2.300   97.5  90  33  45   0.781 999.0 999.0  100
 2.325   92.5  90  42  54   0.781   0.0   0.0   97
 2.325   95.0  90  42  63   0.781   0.0   0.0   97
 2.325  730.0  90  42  51   0.781 210.0  30.0  731
 2.350  245.0  90  57  66  -5.469 270.0  30.0  257
 2.350 1197.5  90  57  66   2.344 270.0  30.0 1204
 2.375   92.5  90  39  54  -0.781   0.0   0.0   99
 2.375   95.0  90  39  63  -0.781   0.0   0.0   99
 2.375   97.5  90  39  48  -0.781   0.0   0.0  101
 2.375  315.0 -90  36  45   5.469 270.0  30.0  314
 2.375  565.0 -90  36  45   3.906 270.0  30.0  556
 2.375  570.0 -90  36  45  -5.469 270.0  30.0  560
 2.375  615.0 -90  36  45  -2.344 270.0  30.0  614
 2.400   80.0  90  33  45   0.781 999.0 999.0   84
 2.400   92.5  90  33  51  -0.781 999.0 999.0   99
 2.400   95.0  90  33  63  -0.781 999.0 999.0   99
 2.400   97.5  90  33  48   0.781 999.0 999.0  100
 2.400   80.0 -90  30  39  -3.906  30.0  30.0   93
 2.425   92.5  90  33  48  -0.781   0.0   0.0  100
 2.425   95.0  90  33  63  -0.781   0.0   0.0   99
 2.425   97.5  90  33  48  -0.781   0.0   0.0   99
 2.425  582.5  90  33  42   0.781  30.0  30.0  575
 2.425  645.0  90  33  42   2.344  30.0  30.0  649
 2.425  655.0  90  33  42  -2.344  30.0  30.0  655
 2.425   80.0 -90  33  42   3.906  30.0  30.0   79
 2.450   92.5  90  36  48  -0.781 999.0 999.0   98
 2.450   95.0  90  36  63  -0.781   0.0   0.0  100
 2.450   97.5  90  36  54   0.781   0.0   0.0  100
 2.450  100.0  90  36  45  -0.781   0.0   0.0  104
 2.450  205.0  90  36  48  -0.781  90.0  30.0  191
 2.450  210.0  90  36  48   0.781  90.0  30.0  223
 2.450  215.0  90  36  45  -3.906  90.0  30.0  217
 2.450  220.0  90  36  45   2.344 999.0 999.0  235
 2.450  225.0  90  36  48   2.344 999.0 999.0  238
 2.450  230.0  90  36  48   2.344 999.0 999.0  219
 2.450  235.0  90  36  45  -2.344 999.0 999.0  229
 2.450  240.0  90  36  51  -5.469  90.0  30.0  241
 2.450  245.0  90  36  45  -3.906 999.0 999.0  253
 2.450  250.0  90  36  48  -0.781 999.0 999.0  243
 2.450  252.5  90  36  45   3.906  90.0  30.0  259
 2.450  255.0  90  36  48   3.906 999.0 999.0  248
 2.450  257.5  90  36  48  -0.781 999.0 999.0  260
 2.450  260.0  90  36  48   3.906 999.0 999.0  260
 2.450  265.0  90  36  48   3.906 999.0 999.0  265
 2.450  267.5  90  36  45   5.469 999.0 999.0  276
 2.450  270.0  90  36  45  -5.469  90.0  30.0  280
 2.450  272.5  90  36  45  -3.906  90.0  30.0  263
 2.450  275.0  90  36  48   3.906 999.0 999.0  263
 2.450  280.0  90  36  48  -2.344 999.0 999.0  277
 2.450  292.5  90  36  45   0.781  90.0  30.0  292
 2.450  307.5  90  36  45  -2.344  90.0  30.0  313
 2.450  327.5  90  36  45   2.344  90.0  30.0  331
 2.450  377.5  90  36  45  -3.906  90.0  30.0  383
 2.450  382.5  90  36  45  -3.906 999.0 999.0  369
 2.450  387.5  90  36  45   2.344  90.0  30.0  401
 2.450  392.5  90  36  45  -5.469 999.0 999.0  402
 2.450  397.5  90  36  45   2.344  90.0  30.0  388
 2.450  402.5  90  36  45  -0.781  90.0  30.0  403
 2.450  405.0  90  36  45   0.781 999.0 999.0  404
 2.450  407.5  90  36  48  -0.781 999.0 999.0  416
 2.450  412.5  90  36  45  -3.906  90.0  30.0  419
 2.450  422.5  90  36  45  -5.469  90.0  30.0  433
 2.450  427.5  90  36  45   5.469 999.0 999.0  416
 2.450  432.5  90  36  48   0.781  90.0  30.0  431
 2.450  437.5  90  36  45  -2.344 999.0 999.0  446
 2.450  440.0  90  36  45  -5.469 999.0 999.0  449
 2.450  442.5  90  36  45  -0.781 999.0 999.0  431
 2.450  447.5  90  36  45   3.906  90.0  30.0  447
 2.450  452.5  90  36  45  -3.906  90.0  30.0  447
 2.450  455.0  90  36  45  -5.469 999.0 999.0  454
 2.450  465.0  90  36  45   2.344  90.0  30.0  451
 2.450  470.0  90  36  45  -2.344 999.0 999.0  468
 2.450  475.0  90  36  45   3.906  90.0  30.0  487
 2.450  480.0  90  36  45  -0.781  90.0  30.0  471
 2.450  485.0  90  36  45  -0.781  90.0  30.0  492
 2.450  490.0  90  36  45  -3.906 999.0 999.0  480
 2.450  495.0  90  36  45  -2.344 999.0 999.0  485
 2.450  500.0  90  36  45  -2.344  90.0  30.0  505
 2.450  505.0  90  36  45   3.906 999.0 999.0  517
 2.450  510.0  90  36  45  -2.344 999.0 999.0  521
 2.450  525.0  90  36  45  -5.469 999.0 999.0  523
 2.450  535.0  90  36  45  -2.344  90.0  30.0  535
 2.450  540.0  90  36  45  -2.344  90.0  30.0  532
 2.450  560.0  90  36  48  -5.469  90.0  30.0  556
 2.450  565.0  90  36  45   5.469 999.0 999.0  578
 2.450  575.0  90  36  45   2.344  90.0  30.0  574
 2.450  580.0  90  36  48   5.469  90.0  30.0  595
 2.450  582.5  90  36  45  -2.344 999.0 999.0  573
 2.450  585.0  90  36  48  -3.906 999.0 999.0  599
 2.450  587.5  90  36  45   2.344  90.0  30.0  580
 2.450  592.5  90  36  45  -0.781  90.0  30.0  590
 2.450  597.5  90  36  45  -2.344  90.0  30.0  608
 2.450  602.5  90  36  45  -0.781 999.0 999.0  604
 2.450  605.0  90  36  48   2.344  90.0  30.0  605
 2.450  610.0  90  36  48   3.906 999.0 999.0  609
 2.450  612.5  90  36  45   0.781  90.0  30.0  611
 2.450  617.5  90  36  45  -2.344 999.0 999.0  619
 2.450  620.0  90  36  45   3.906 999.0 999.0  617
 2.450  627.5  90  36  45   5.469 999.0 999.0  639
 2.450  630.0  90  36  48   5.469  90.0  30.0  637
 2.450  632.5  90  36  45  -3.906  90.0  30.0  646
 2.450  635.0  90  36  48   5.469  90.0  30.0  649
 2.450  637.5  90  36  45   3.906 999.0 999.0  639
 2.450  642.5  90  36  45  -3.906  90.0  30.0  641
 2.450  647.5  90  36  48   0.781 999.0 999.0  648
 2.450  652.5  90  36  48  -5.469  90.0  30.0  667
 2.450  730.0  90  36  45  -3.906  90.0  30.0  736
 2.450  740.0  90  36  45  -5.469 999.0 999.0  737
 2.450  757.5  90  36  45  -5.469  90.0  30.0  757
 2.450  822.5  90  36  45  -5.469 999.0 999.0  826
 2.450  827.5  90  36  45   5.469  90.0  30.0  815
 2.450  837.5  90  36  45   3.906  90.0  30.0  837
 2.450  842.5  90  36  45   2.344 999.0 999.0  853
 2.450  847.5  90  36  45   0.781 999.0 999.0  844
 2.450  850.0  90  36  45  -3.906 999.0 999.0  837
 2.450  852.5  90  36  45  -0.781 999.0 999.0  857
 2.450  855.0  90  36  48   5.469 999.0 999.0  850
 2.450  857.5  90  36  45   0.781  90.0  30.0  863
 2.450  860.0  90  36  45  -0.781 999.0 999.0  852
 2.450  867.5  90  36  45  -2.344 999.0 999.0  882
 2.450  870.0  90  36  45   2.344 999.0 999.0  865
 2.450  875.0  90  36  45   2.344  90.0  30.0  878
 2.450  877.5  90  36  45   3.906  90.0  30.0  867
 2.450  880.0  90  36  45   3.906  90.0  30.0  869
 2.450  882.5  90  36  45  -3.906 999.0 999.0  876
 2.450  885.0  90  36  45  -0.781 999.0 999.0  882
 2.450  890.0  90  36  48  -2.344  90.0  30.0  894
 2.450  892.5  90  36  45  -0.781  90.0  30.0  892
 2.450  895.0  90  36  45  -3.906  90.0  30.0  894
 2.450  897.5  90  36  48   5.469 999.0 999.0  903
 2.450  900.0  90  36  45  -3.906  90.0  30.0  896
 2.450  905.0  90  36  45   2.344  90.0  30.0  911
 2.450  910.0  90  36  48   2.344 999.0 999.0  925
 2.450  915.0  90  36  48   5.469 999.0 999.0  929
 2.450  920.0  90  36  45   0.781  90.0  30.0  913
 2.450  925.0  90  36  48  -5.469 999.0 999.0  934
 2.450 1247.5  90  36  45  -0.781  90.0  30.0 1258
 2.450 1257.5  90  36  45  -5.469  90.0  30.0 1263
 2.450 1272.5  90  36  45   5.469  90.0  30.0 1266
 2.450   80.0 -90  33  42  -0.781 999.0 999.0   82
 2.450  215.0 -90  33  42   0.781 999.0 999.0  208
 2.450  220.0 -90  33  42   5.469  90.0  30.0  219
 2.450  225.0 -90  33  42  -0.781 999.0 999.0  220
 2.450  232.5 -90  33  42   3.906  90.0  30.0  243
 2.450  237.5 -90  33  42   3.906 999.0 999.0  246
 2.450  240.0 -90  33  42   0.781 999.0 999.0  238
 2.450  242.5 -90  33  42   5.469 999.0 999.0  232
 2.450  245.0 -90  33  42   5.469 999.0 999.0  233
 2.450  247.5 -90  33  42   2.344 999.0 999.0  261
 2.450  250.0 -90  33  45   2.344 999.0 999.0  258
 2.450  252.5 -90  33  42  -5.469  90.0  30.0  248
 2.450  255.0 -90  33  42   3.906 999.0 999.0  254
 2.450  257.5 -90  33  45  -2.344 999.0 999.0  260
 2.450  260.0 -90  33  42   0.781 999.0 999.0  273
 2.450  262.5 -90  33  42  -2.344 999.0 999.0  261
 2.450  267.5 -90  33  42  -3.906 999.0 999.0  275
 2.450  270.0 -90  33  45  -0.781 999.0 999.0  256
 2.450  272.5 -90  33  42  -3.906 999.0 999.0  260
 2.450  275.0 -90  33  42  -3.906 999.0 999.0  261
 2.450  277.5 -90  33  42   3.906 999.0 999.0  291
 2.450  282.5 -90  33  42   5.469 999.0 999.0  275
 2.450  285.0 -90  33  42  -2.344 999.0 999.0  270
 2.450  287.5 -90  33  42  -2.344 999.0 999.0  275
 2.450  290.0 -90  33  42  -5.469 999.0 999.0  301
 2.450  292.5 -90  33  42   0.781 999.0 999.0  279
 2.450  297.5 -90  33  42   5.469 999.0 999.0  292
 2.450  302.5 -90  33  42  -5.469 999.0 999.0  294
 2.450  307.5 -90  33  42  -3.906 999.0 999.0  313
 2.450  445.0 -90  33  42  -2.344 999.0 999.0  444
 2.450  460.0 -90  33  42   0.781 999.0 999.0  456
 2.450  470.0 -90  33  42  -3.906 999.0 999.0  473
 2.450  745.0 -90  33  45  -2.344  90.0  30.0  730
 2.450  750.0 -90  33  42  -0.781 999.0 999.0  749
 2.450  755.0 -90  33  42  -5.469  90.0  30.0  751
 2.450  760.0 -90  33  42   5.469 999.0 999.0  768
 2.450  765.0 -90  33  42  -3.906  90.0  30.0  760
 2.450  775.0 -90  33  45  -3.906  90.0  30.0  781
 2.450  780.0 -90  33  42   3.906  90.0  30.0  793
 2.450  782.5 -90  33  42   5.469  90.0  30.0  772
 2.450  785.0 -90  33  42  -5.469 999.0 999.0  772
 2.450  787.5 -90  33  42  -3.906 999.0 999.0  775
 2.450  790.0 -90  33  42   2.344 999.0 999.0  790
 2.450  792.5 -90  33  42   2.344 999.0 999.0  785
 2.450  795.0 -90  33  42  -3.906 999.0 999.0  785
 2.450  797.5 -90  33  42   5.469 999.0 999.0  811
 2.450  800.0 -90  33  42  -2.344 999.0 999.0  790
 2.450  802.5 -90  33  42  -0.781 999.0 999.0  795
 2.450  805.0 -90  33  42   3.906 999.0 999.0  803
 2.450  810.0 -90  33  42  -2.344 999.0 999.0  807
 2.450  815.0 -90  33  42  -3.906 999.0 999.0  814
 2.450  817.5 -90  33  42  -5.469 999.0 999.0  812
 2.450  820.0 -90  33  42   0.781 999.0 999.0  813
 2.450  842.5 -90  33  42  -5.469  90.0  30.0  836
 2.450  847.5 -90  33  42   5.469 999.0 999.0  841
 2.450  925.0 -90  33  42  -2.344  90.0  30.0  912
 2.450  935.0 -90  33  45  -5.469 999.0 999.0  943
 2.450  940.0 -90  33  45  -2.344 999.0 999.0  950
 2.450  950.0 -90  33  45   2.344 999.0 999.0  960
 2.450  960.0 -90  33  45  -0.781 999.0 999.0  946
 2.450  965.0 -90  33  45   5.469 999.0 999.0  956
 2.450  972.5 -90  33  42  -5.469 999.0 999.0  965
 2.450  975.0 -90  33  45   0.781 999.0 999.0  977
 2.450  980.0 -90  33  45   0.781 999.0 999.0  981
 2.450  990.0 -90  33  42  -0.781 999.0 999.0  992
 2.450 1080.0 -90  33  42   3.906  90.0  30.0 1093
 2.450 1085.0 -90  33  42  -3.906 999.0 999.0 1098
 2.450 1090.0 -90  33  42  -2.344  90.0  30.0 1077
 2.450 1095.0 -90  33  42  -2.344  90.0  30.0 1109
 2.450 1100.0 -90  33  42   2.344 999.0 999.0 1087
 2.450 1105.0 -90  33  42  -3.906  90.0  30.0 1106
 2.450 1110.0 -90  33  42   2.344 999.0 999.0 1112
 2.450 1115.0 -90  33  42  -2.344 999.0 999.0 1106
 2.450 1125.0 -90  33  42   2.344 999.0 999.0 1130
 2.450 1130.0 -90  33  42  -0.781 999.0 999.0 1127
 2.450 1135.0 -90  33  42   3.906 999.0 999.0 1139
 2.450 1140.0 -90  33  42   3.906  90.0  30.0 1148
 2.450 1145.0 -90  33  42  -3.906 999.0 999.0 1148
 2.450 1150.0 -90  33  42   5.469 999.0 999.0 1140
 2.475   92.5  90  33  42   0.781 999.0 999.0   99
 2.475   95.0  90  33  60  -0.781 999.0 999.0  100
 2.475   97.5  90  33  57  -0.781   0.0   0.0  101
 2.525   95.0  90  36  51  -0.781   0.0   0.0  100
 2.525   97.5  90  36  60  -0.781   0.0   0.0  101
 2.525  100.0  90  36  48  -0.781   0.0   0.0  102
 2.550   95.0  90  39  54  -0.781   0.0   0.0   99
 2.550   97.5  90  39  60  -0.781   0.0   0.0  101
 2.550  155.0  90  39  48  -5.469  90.0  30.0  163
 2.550  160.0  90  39  48  -3.906 999.0 999.0  160
 2.550  197.5  90  39  48   3.906 999.0 999.0  199
 2.550  217.5  90  39  48  -2.344 999.0 999.0  215
 2.550  222.5  90  39  48  -3.906  90.0  30.0  208
 2.550  500.0  90  39  48  -0.781  90.0  30.0  489
 2.550  510.0  90  39  48   0.781  90.0  30.0  497
 2.550  512.5  90  39  48  -3.906  90.0  30.0  512
 2.550  515.0  90  39  48   0.781 999.0 999.0  511
 2.550  520.0  90  39  48  -0.781 999.0 999.0  528
 2.550  525.0  90  39  48   0.781 999.0 999.0  530
 2.550  535.0  90  39  48  -0.781  90.0  30.0  521
 2.550  540.0  90  39  48   2.344  90.0  30.0  527
 2.550  545.0  90  39  48  -0.781 999.0 999.0  544
 2.550  555.0  90  39  48  -3.906  90.0  30.0  563
 2.550  570.0  90  39  48  -5.469 999.0 999.0  560
 2.550  675.0  90  39  48  -3.906 999.0 999.0  665
 2.550  812.5  90  39  48   3.906 999.0 999.0  808
 2.550  817.5  90  39  48   5.469  90.0  30.0  832
 2.550  822.5  90  39  48  -3.906 999.0 999.0  822
 2.550  827.5  90  39  48  -0.781  90.0  30.0  832
 2.550  832.5  90  39  48   5.469  90.0  30.0  821
 2.550  837.5  90  39  48  -5.469 999.0 999.0  829
 2.550  847.5  90  39  48   3.906 999.0 999.0  861
 2.550  857.5  90  39  48   5.469  90.0  30.0  872
 2.550  867.5  90  39  48   3.906 999.0 999.0  854
 2.550  877.5  90  39  48   3.906  90.0  30.0  873
 2.550  882.5  90  39  48   0.781 999.0 999.0  889
 2.550  887.5  90  39  48   3.906 999.0 999.0  885
 2.550 1197.5  90  39  48  -5.469 999.0 999.0 1205
 2.550 1202.5  90  39  48   5.469 999.0 999.0 1190
 2.550   80.0 -90  33  42   2.344  30.0  30.0   81
 2.550   90.0 -90  33  42   3.906  30.0  30.0   80
 2.550   92.5 -90  33  42  -2.344 999.0 999.0   96
 2.550  102.5 -90  33  42  -5.469 999.0 999.0  106
 2.550  132.5 -90  33  42   0.781 999.0 999.0  140
 2.550  137.5 -90  33  42   5.469 999.0 999.0  147
 2.550  142.5 -90  33  45  -3.906  90.0  30.0  153
 2.550  152.5 -90  33  45   0.781 999.0 999.0  140
 2.550  157.5 -90  33  42   0.781 999.0 999.0  159
 2.550  162.5 -90  33  45  -3.906 999.0 999.0  151
 2.550  167.5 -90  33  42  -2.344 999.0 999.0  163
 2.550  177.5 -90  33  42   2.344 999.0 999.0  167
 2.550  182.5 -90  33  42   2.344 999.0 999.0  168
 2.550  192.5 -90  33  45   3.906 999.0 999.0  196
 2.550  195.0 -90  33  45   3.906 999.0 999.0  185
 2.550  197.5 -90  33  42  -5.469 999.0 999.0  195
 2.550  200.0 -90  33  45  -5.469 999.0 999.0  185
 2.550  202.5 -90  33  42  -0.781  90.0  30.0  201
 2.550  205.0 -90  33  42   2.344 999.0 999.0  217
 2.550  210.0 -90  33  45   2.344 999.0 999.0  218
 2.550  215.0 -90  33  42  -2.344  90.0  30.0  210
 2.550  220.0 -90  33  42  -0.781 999.0 999.0  210
 2.550  230.0 -90  33  42   3.906 999.0 999.0  240
 2.550  235.0 -90  33  42  -5.469 999.0 999.0  237
 2.550  240.0 -90  33  45   0.781 999.0 999.0  254
 2.550  245.0 -90  33  45   2.344 999.0 999.0  255
 2.550  250.0 -90  33  48  -5.469 999.0 999.0  264
 2.550  255.0 -90  33  45  -2.344 999.0 999.0  245
 2.550  260.0 -90  33  45  -2.344 999.0 999.0  250
 2.550  265.0 -90  33  45   2.344 999.0 999.0  267
 2.550  270.0 -90  33  45   3.906  30.0  30.0  272
 2.550  275.0 -90  33  45   3.906  90.0  30.0  266
 2.550  280.0 -90  33  42  -5.469 999.0 999.0  293
 2.550  285.0 -90  33  42  -2.344 999.0 999.0  278
 2.550  290.0 -90  33  45   3.906 999.0 999.0  292
 2.550  295.0 -90  33  42  -5.469 999.0 999.0  285
 2.550  300.0 -90  33  42  -0.781 999.0 999.0  309
 2.550  305.0 -90  33  42   0.781 999.0 999.0  304
 2.550  310.0 -90  33  42  -2.344 999.0 999.0  324
 2.550  315.0 -90  33  42  -0.781 999.0 999.0  300
 2.550  320.0 -90  33  45  -3.906 999.0 999.0  310
 2.550  412.5 -90  33  42   3.906 999.0 999.0  411
 2.550  437.5 -90  33  42   2.344 999.0 999.0  450
 2.550  582.5 -90  33  42  -3.906 999.0 999.0  593
 2.550  587.5 -90  33  42  -2.344  90.0  30.0  573
 2.550  610.0 -90  33  42   5.469  90.0  30.0  618
 2.550  612.5 -90  33  42  -5.469  90.0  30.0  625
 2.550  615.0 -90  33  42   2.344 999.0 999.0  611
 2.550  617.5 -90  33  42   3.906  90.0  30.0  610
 2.550  627.5 -90  33  42  -3.906 999.0 999.0  624
 2.550  632.5 -90  33  42   0.781  90.0  30.0  646
 2.550  635.0 -90  33  42   5.469 999.0 999.0  626
 2.550  640.0 -90  33  42   5.469 999.0 999.0  642
 2.550  645.0 -90  33  45   3.906 999.0 999.0  648
 2.550  650.0 -90  33  42  -5.469 999.0 999.0  649
 2.550  655.0 -90  33  42  -0.781 999.0 999.0  651
 2.550  670.0 -90  33  42  -0.781 999.0 999.0  672
 2.550 1162.5 -90  33  42  -3.906  90.0  30.0 1161
 2.575   95.0  90  39  54  -0.781   0.0   0.0  100
 2.575   97.5  90  39  57  -0.781   0.0   0.0  100
 2.575  127.5  90  39  51   5.469  30.0  30.0  123
 2.575  132.5  90  39  48  -3.906  30.0  30.0  132
 2.575  142.5  90  39  51  -3.906  30.0  30.0  144
 2.575  147.5  90  39  48   2.344  30.0  30.0  154
 2.575  152.5  90  39  48   5.469  30.0  30.0  144
 2.575  160.0  90  39  48   2.344  30.0  30.0  147
 2.575  162.5  90  39  48  -0.781  30.0  30.0  155
 2.575  167.5  90  39  48   5.469  30.0  30.0  153
 2.575  172.5  90  39  48  -3.906  30.0  30.0  173
 2.575  182.5  90  39  48  -5.469 999.0 999.0  195
 2.575  192.5  90  39  48   5.469 999.0 999.0  184
 2.575  205.0  90  39  48  -5.469 999.0 999.0  201
 2.575  362.5  90  39  48  -5.469  30.0  30.0  351
 2.575  367.5  90  39  48  -2.344  30.0  30.0  372
 2.575  382.5  90  39  48   0.781  30.0  30.0  377
 2.575  570.0  90  39  48  -3.906  30.0  30.0  577
 2.575  575.0  90  39  51  -3.906  30.0  30.0  577
 2.575  580.0  90  39  48   2.344  90.0  30.0  581
 2.575  585.0  90  39  48  -3.906  30.0  30.0  576
 2.575  590.0  90  39  48  -2.344  30.0  30.0  587
 2.575  595.0  90  39  48   2.344  30.0  30.0  599
 2.575  600.0  90  39  48   2.344  30.0  30.0  600
 2.575  677.5  90  39  48  -3.906  30.0  30.0  672
 2.575  715.0  90  39  48   2.344 999.0 999.0  721
 2.575  727.5  90  39  48  -5.469  30.0  30.0  731
 2.575  790.0  90  39  48   3.906  30.0  30.0  788
 2.575  940.0  90  39  48   0.781  90.0  30.0  936
 2.575  945.0  90  39  48  -0.781 999.0 999.0  936
 2.575  950.0  90  39  48  -3.906  90.0  30.0  944
 2.575  955.0  90  39  48  -3.906  30.0  30.0  951
 2.575  960.0  90  39  48  -0.781  30.0  30.0  962
 2.575  965.0  90  39  48  -0.781 999.0 999.0  974
 2.575  970.0  90  39  48   2.344  30.0  30.0  967
 2.575  975.0  90  39  48  -0.781 999.0 999.0  970
 2.575  980.0  90  39  48  -3.906  30.0  30.0  991
 2.575  985.0  90  39  48  -2.344  30.0  30.0  987
 2.575  990.0  90  39  48  -5.469  90.0  30.0 1001
 2.575  995.0  90  39  48  -3.906 999.0 999.0  992
 2.575 1005.0  90  39  48  -3.906  30.0  30.0  992
 2.575 1010.0  90  39  51   5.469  30.0  30.0 1000
 2.575 1015.0  90  39  48  -0.781 999.0 999.0 1015
 2.575 1210.0  90  39  48  -2.344  30.0  30.0 1223
 2.575 1217.5  90  39  48   0.781 999.0 999.0 1215
 2.575 1222.5  90  39  48  -5.469  30.0  30.0 1209
 2.575 1230.0  90  39  48   5.469  90.0  30.0 1221
 2.575 1235.0  90  39  51   0.781  30.0  30.0 1231
 2.575 1245.0  90  39  51  -0.781  30.0  30.0 1248
 2.575 1255.0  90  39  51   3.906  30.0  30.0 1245
 2.575 1260.0  90  39  51  -2.344 999.0 999.0 1249
 2.575 1265.0  90  39  51   3.906  30.0  30.0 1268
 2.575 1267.5  90  39  51  -2.344  30.0  30.0 1253
 2.575 1272.5  90  39  51   5.469  30.0  30.0 1271
 2.575 1277.5  90  39  54  -5.469  30.0  30.0 1277
 2.575 1280.0  90  39  51  -0.781 999.0 999.0 1273
 2.575 1282.5  90  39  51  -3.906  30.0  30.0 1285
 2.575  145.0 -90  36  45  -2.344  30.0  30.0  159
 2.575  160.0 -90  36  45  -0.781  30.0  30.0  150
 2.575  170.0 -90  36  45   0.781  30.0  30.0  172
 2.575  175.0 -90  36  45   2.344  90.0  30.0  185
 2.575  190.0 -90  36  45  -0.781  30.0  30.0  196
 2.575  195.0 -90  36  45  -0.781  30.0  30.0  199
 2.575  205.0 -90  36  45  -3.906  30.0  30.0  200
 2.575  210.0 -90  36  45  -5.469  30.0  30.0  206
 2.575  335.0 -90  36  45   3.906  30.0  30.0  326
 2.575  375.0 -90  36  45  -5.469  30.0  30.0  369
 2.575  715.0 -90  36  45   2.344 999.0 999.0  710
 2.575  730.0 -90  36  45  -2.344  30.0  30.0  736
 2.575  740.0 -90  36  45   5.469  30.0  30.0  738
 2.575  745.0 -90  36  45   5.469  30.0  30.0  735
 2.575  922.5 -90  36  45  -5.469  30.0  30.0  912
 2.575  935.0 -90  36  45   3.906  30.0  30.0  932
 2.575  942.5 -90  36  48   2.344  30.0  30.0  933
 2.575  945.0 -90  36  51   5.469  30.0  30.0  949
 2.575  955.0 -90  36  45  -5.469  30.0  30.0  963
 2.575  960.0 -90  36  48   5.469  30.0  30.0  954
 2.575  962.5 -90  36  45   3.906  30.0  30.0  955
 2.575  967.5 -90  36  45   0.781  30.0  30.0  959
 2.575  970.0 -90  36  54   3.906  30.0  30.0  961
 2.575  975.0 -90  36  45  -0.781  30.0  30.0  976
 2.575  977.5 -90  36  48  -5.469  30.0  30.0  988
 2.575  987.5 -90  36  45   5.469  30.0  30.0  975
 2.575  990.0 -90  36  45  -0.781  90.0  30.0  978
 2.575  992.5 -90  36  45   3.906  30.0  30.0 1003
 2.575  995.0 -90  36  48   5.469  30.0  30.0  997
 2.575  997.5 -90  36  45  -3.906  30.0  30.0  995
 2.575 1000.0 -90  36  51  -3.906  30.0  30.0  990
 2.575 1002.5 -90  36  48  -0.781  30.0  30.0 1004
 2.575 1005.0 -90  36  45  -2.344  30.0  30.0  990
 2.575 1015.0 -90  36  45   3.906 999.0 999.0 1011
 2.575 1020.0 -90  36  45  -0.781 999.0 999.0 1029
 2.575 1032.5 -90  36  45   3.906  30.0  30.0 1045
 2.575 1052.5 -90  36  45  -3.906  30.0  30.0 1043
 2.575 1057.5 -90  36  45  -5.469 999.0 999.0 1065
 2.575 1067.5 -90  36  45   0.781  30.0  30.0 1067
 2.575 1077.5 -90  36  45   2.344  30.0  30.0 1080
 2.575 1082.5 -90  36  48   2.344 999.0 999.0 1091
 2.575 1087.5 -90  36  48  -3.906  30.0  30.0 1075
 2.575 1102.5 -90  36  45  -5.469  30.0  30.0 1103
 2.575 1107.5 -90  36  45  -3.906  30.0  30.0 1108
 2.575 1152.5 -90  36  48  -0.781  30.0  30.0 1151
 2.575 1155.0 -90  36  45   2.344  30.0  30.0 1151
 2.575 1157.5 -90  36  45  -5.469  30.0  30.0 1145
 2.575 1160.0 -90  36  48   0.781  30.0  30.0 1155
 2.575 1162.5 -90  36  51  -5.469  30.0  30.0 1162
 2.575 1165.0 -90  36  51  -0.781  30.0  30.0 1172
 2.575 1167.5 -90  36  51   3.906 999.0 999.0 1166
 2.575 1170.0 -90  36  51   0.781 999.0 999.0 1161
 2.575 1172.5 -90  36  51  -3.906  30.0  30.0 1166
 2.575 1175.0 -90  36  48   3.906  30.0  30.0 1185
 2.575 1177.5 -90  36  54   2.344  30.0  30.0 1171
 2.575 1182.5 -90  36  51   2.344  30.0  30.0 1195
 2.575 1185.0 -90  36  48   0.781  30.0  30.0 1188
 2.575 1187.5 -90  36  51  -3.906  30.0  30.0 1196
 2.575 1190.0 -90  36  51  -2.344  30.0  30.0 1189
 2.575 1192.5 -90  36  54   2.344  30.0  30.0 1178
 2.575 1195.0 -90  36  48  -5.469  30.0  30.0 1209
 2.575 1197.5 -90  36  51  -3.906  30.0  30.0 1184
 2.575 1200.0 -90  36  51  -2.344  30.0  30.0 1210
 2.575 1202.5 -90  36  54  -5.469  30.0  30.0 1194
 2.575 1207.5 -90  36  48   2.344  30.0  30.0 1203
 2.575 1212.5 -90  36  48  -0.781  30.0  30.0 1210
 2.575 1215.0 -90  36  48  -3.906  30.0  30.0 1201
 2.575 1217.5 -90  36  51  -2.344  30.0  30.0 1219
 2.575 1220.0 -90  36  51   3.906  30.0  30.0 1210
 2.575 1222.5 -90  36  51   3.906  30.0  30.0 1209
 2.575 1225.0 -90  36  48  -0.781  30.0  30.0 1215
 2.575 1227.5 -90  36  54   0.781  30.0  30.0 1240
 2.575 1230.0 -90  36  45  -5.469  30.0  30.0 1222
 2.575 1232.5 -90  36  48  -3.906  30.0  30.0 1218
 2.575 1235.0 -90  36  51   5.469  30.0  30.0 1221
 2.575 1237.5 -90  36  51  -2.344  30.0  30.0 1247
 2.575 1240.0 -90  36  45  -3.906 999.0 999.0 1241
 2.575 1260.0 -90  36  45  -2.344  30.0  30.0 1267
 2.600   95.0  90  33  42   0.781   0.0   0.0  101
 2.600   97.5  90  33  51  -0.781   0.0   0.0  101
 2.600  100.0  90  33  42   0.781   0.0   0.0  104
 2.600  102.5  90  33  45   0.781 999.0 999.0  108
 2.600  105.0  90  33  45   0.781   0.0   0.0  109
 2.600   80.0 -90  33  42   0.781  30.0  30.0   73
 2.625  205.0  90  42  51  -5.469  90.0  30.0  209
 2.625  207.5  90  42  57   2.344  90.0  30.0  216
 2.625  227.5  90  42  54   2.344  90.0  30.0  217
 2.625  230.0  90  42  51  -0.781  30.0  30.0  243
 2.625  232.5  90  42  57  -2.344  90.0  30.0  230
 2.625  240.0  90  42  51  -0.781  90.0  30.0  236
 2.625  242.5  90  42  57  -3.906  90.0  30.0  229
 2.625  245.0  90  42  51   2.344 999.0 999.0  233
 2.625  252.5  90  42  54  -5.469  90.0  30.0  259
 2.625  257.5  90  42  54   5.469  90.0  30.0  257
 2.625  260.0  90  42  51  -3.906  30.0  30.0  268
 2.625  262.5  90  42  57  -3.906  90.0  30.0  274
 2.625  275.0  90  42  51   2.344  30.0  30.0  272
 2.625  277.5  90  42  57   0.781  90.0  30.0  277
 2.625  280.0  90  42  51   0.781 999.0 999.0  291
 2.625  282.5  90  42  51   0.781  90.0  30.0  289
 2.625  285.0  90  42  51  -5.469 999.0 999.0  274
 2.625  312.5  90  42  51   3.906 999.0 999.0  318
 2.625  782.5  90  42  51   0.781 999.0 999.0  768
 2.625  785.0  90  42  54   0.781 210.0  30.0  780
 2.625  790.0  90  42  51   3.906 210.0  30.0  783
 2.625  792.5  90  42  54  -2.344 210.0  30.0  790
 2.625  795.0  90  42  51  -0.781 210.0  30.0  807
 2.625  797.5  90  42  57  -3.906 210.0  30.0  799
 2.625  800.0  90  42  54  -2.344 210.0  30.0  801
 2.625  802.5  90  42  54  -3.906 999.0 999.0  809
 2.625  805.0  90  42  57  -5.469 210.0  30.0  813
 2.625  810.0  90  42  54   5.469 210.0  30.0  811
 2.625  815.0  90  42  54   5.469 999.0 999.0  827
 2.625  817.5  90  42  54  -3.906 999.0 999.0  803
 2.625  820.0  90  42  54   5.469 999.0 999.0  825
 2.625  825.0  90  42  51  -0.781 999.0 999.0  825
 2.625  827.5  90  42  57  -5.469 999.0 999.0  813
 2.625  830.0  90  42  51   5.469 999.0 999.0  840
 2.625  832.5  90  42  51  -3.906 210.0  30.0  820
 2.625  835.0  90  42  51  -3.906 999.0 999.0  830
 2.625  840.0  90  42  51  -3.906 999.0 999.0  830
 2.625  845.0  90  42  51  -5.469 999.0 999.0  834
 2.625  850.0  90  42  54   2.344 210.0  30.0  836
 2.625  852.5  90  42  54  -5.469 270.0  30.0  849
 2.625  855.0  90  42  54  -3.906 270.0  30.0  850
 2.625  862.5  90  42  54   2.344 270.0  30.0  859
 2.625  870.0  90  42  51   2.344 210.0  30.0  872
 2.625  875.0  90  42  51   2.344 999.0 999.0  863
 2.625  885.0  90  42  51   3.906 999.0 999.0  874
 2.625  887.5  90  42  51   2.344 210.0  30.0  879
 2.625  900.0  90  42  57  -0.781 210.0  30.0  892
 2.625  902.5  90  42  51  -0.781 999.0 999.0  912
 2.625  905.0  90  42  51  -0.781 999.0 999.0  916
 2.625  915.0  90  42  54  -2.344 999.0 999.0  903
 2.625  960.0  90  42  51   5.469  30.0  30.0  972
 2.625 1087.5  90  42  51   2.344  90.0  30.0 1084
 2.625 1092.5  90  42  51  -2.344  90.0  30.0 1101
 2.625 1097.5  90  42  51   2.344  90.0  30.0 1090
 2.625 1102.5  90  42  51  -3.906  90.0  30.0 1090
 2.625 1107.5  90  42  51   0.781  90.0  30.0 1093
 2.625 1110.0  90  42  54   0.781 999.0 999.0 1124
 2.625 1112.5  90  42  51  -0.781  90.0  30.0 1110
 2.625 1115.0  90  42  54   5.469 999.0 999.0 1118
 2.625 1117.5  90  42  51   5.469  90.0  30.0 1109
 2.625 1120.0  90  42  54  -3.906 999.0 999.0 1109
 2.625 1122.5  90  42  51  -2.344  90.0  30.0 1111
 2.625 1125.0  90  42  54  -2.344 999.0 999.0 1115
 2.625 1127.5  90  42  54  -5.469  90.0  30.0 1126
 2.625 1130.0  90  42  54  -3.906 210.0  30.0 1123
 2.625 1132.5  90  42  51   0.781  90.0  30.0 1125
 2.625 1135.0  90  42  54  -2.344 999.0 999.0 1146
 2.625 1137.5  90  42  51   3.906  90.0  30.0 1127
 2.625 1140.0  90  42  54   3.906 999.0 999.0 1130
 2.625 1142.5  90  42  51  -5.469  90.0  30.0 1154
 2.625 1145.0  90  42  54  -0.781 999.0 999.0 1160
 2.625 1147.5  90  42  51  -5.469  90.0  30.0 1140
 2.625 1150.0  90  42  51   2.344 999.0 999.0 1146
 2.625 1152.5  90  42  51  -3.906  90.0  30.0 1155
 2.625 1155.0  90  42  57   3.906 210.0  30.0 1153
 2.625 1157.5  90  42  51   2.344  90.0  30.0 1157
 2.625 1160.0  90  42  54  -2.344 999.0 999.0 1160
 2.625 1162.5  90  42  51   2.344  90.0  30.0 1156
 2.625 1165.0  90  42  57   0.781 999.0 999.0 1164
 2.625 1170.0  90  42  54  -0.781 270.0  30.0 1159
 2.625 1175.0  90  42  57   0.781 999.0 999.0 1162
 2.625 1180.0  90  42  51  -3.906 999.0 999.0 1185
 2.625 1185.0  90  42  57  -5.469 999.0 999.0 1183
 2.625 1190.0  90  42  54  -3.906 999.0 999.0 1185
 2.625 1195.0  90  42  51   2.344 999.0 999.0 1201
 2.625 1200.0  90  42  54   2.344 999.0 999.0 1215
 2.625 1205.0  90  42  51  -2.344 999.0 999.0 1205
 2.625 1210.0  90  42  54  -3.906 999.0 999.0 1201
 2.625 1215.0  90  42  54  -5.469 210.0  30.0 1223
 2.625 1220.0  90  42  51  -2.344 999.0 999.0 1229
 2.625 1227.5  90  42  51  -5.469  90.0  30.0 1239
 2.625 1232.5  90  42  51  -5.469  90.0  30.0 1246
 2.625 1237.5  90  42  51  -5.469  90.0  30.0 1251
 2.625 1250.0  90  42  51  -2.344 999.0 999.0 1263
 2.625 1252.5  90  42  51   2.344  90.0  30.0 1265
 2.625 1257.5  90  42  51   0.781  90.0  30.0 1266
 2.625 1260.0  90  42  51   3.906 210.0  30.0 1252
 2.625 1262.5  90  42  54  -2.344  90.0  30.0 1267
 2.625 1267.5  90  42  51   2.344  90.0  30.0 1278
 2.625 1270.0  90  42  51  -0.781 999.0 999.0 1279
 2.625 1272.5  90  42  51  -0.781  90.0  30.0 1264
 2.625 1277.5  90  42  54   0.781  90.0  30.0 1266
 2.625 1280.0  90  42  51  -5.469 999.0 999.0 1279
 2.625 1282.5  90  42  51   0.781  90.0  30.0 1282
 2.625   80.0 -90  42  51   3.906 999.0 999.0   91
 2.625  255.0 -90  42  51   3.906 999.0 999.0  247
 2.625  257.5 -90  42  51   2.344 999.0 999.0  262
 2.625  265.0 -90  42  54  -5.469 999.0 999.0  274
 2.625  270.0 -90  42  51   3.906 999.0 999.0  280
 2.625  272.5 -90  42  51   3.906 999.0 999.0  268
 2.625  275.0 -90  42  57   2.344 999.0 999.0  269
 2.625  277.5 -90  42  51  -2.344 999.0 999.0  270
 2.625  282.5 -90  42  51  -3.906 999.0 999.0  269
 2.625  287.5 -90  42  54  -5.469 999.0 999.0  302
 2.625  290.0 -90  42  54   0.781 999.0 999.0  304
 2.625  295.0 -90  42  54   2.344 999.0 999.0  306
 2.625  297.5 -90  42  57  -0.781 999.0 999.0  301
 2.625  300.0 -90  42  60   3.906 999.0 999.0  299
 2.625  302.5 -90  42  57   3.906 999.0 999.0  295
 2.625  305.0 -90  42  57   5.469 999.0 999.0  312
 2.625  307.5 -90  42  60  -3.906 999.0 999.0  299
 2.625  310.0 -90  42  51   2.344 999.0 999.0  300
 2.625  312.5 -90  42  60  -0.781 999.0 999.0  303
 2.625  315.0 -90  42  51  -0.781 999.0 999.0  303
 2.625  317.5 -90  42  54   0.781 999.0 999.0  306
 2.625  320.0 -90  42  54  -5.469 999.0 999.0  329
 2.625  322.5 -90  42  57   5.469 999.0 999.0  328
 2.625  325.0 -90  42  57  -2.344 999.0 999.0  333
 2.625  327.5 -90  42  60  -0.781 999.0 999.0  323
 2.625  330.0 -90  42  60   0.781 999.0 999.0  336
 2.625  332.5 -90  42  57   0.781 999.0 999.0  324
 2.625  335.0 -90  42  57   2.344 999.0 999.0  336
 2.625  337.5 -90  42  57   3.906 999.0 999.0  329
 2.625  342.5 -90  42  51   0.781 999.0 999.0  346
 2.625  345.0 -90  42  51   2.344 999.0 999.0  345
 2.625  347.5 -90  42  54  -0.781 999.0 999.0  343
 2.625  350.0 -90  42  54   3.906 999.0 999.0  338
 2.625  352.5 -90  42  54  -5.469 999.0 999.0  341
 2.625  355.0 -90  42  51  -3.906 999.0 999.0  349
 2.625  357.5 -90  42  54  -3.906 999.0 999.0  347
 2.625  370.0 -90  42  51   2.344 999.0 999.0  361
 2.625  670.0 -90  42  54   5.469 999.0 999.0  659
 2.625  675.0 -90  42  57   3.906 999.0 999.0  670
 2.625  677.5 -90  42  57   3.906 999.0 999.0  672
 2.625  680.0 -90  42  51  -3.906 999.0 999.0  693
 2.625  682.5 -90  42  51   2.344 999.0 999.0  678
 2.625  685.0 -90  42  54  -0.781 999.0 999.0  682
 2.625  687.5 -90  42  60   3.906 999.0 999.0  699
 2.625  692.5 -90  42  51   0.781 999.0 999.0  702
 2.625  695.0 -90  42  60  -0.781 999.0 999.0  683
 2.625  697.5 -90  42  51  -5.469 999.0 999.0  684
 2.625  700.0 -90  42  54   0.781 999.0 999.0  708
 2.625  702.5 -90  42  57   2.344 999.0 999.0  702
 2.625  707.5 -90  42  51   2.344 999.0 999.0  699
 2.625  710.0 -90  42  54   3.906 999.0 999.0  708
 2.625  712.5 -90  42  57   3.906 999.0 999.0  702
 2.625  715.0 -90  42  51   5.469 999.0 999.0  709
 2.625  717.5 -90  42  51  -3.906 999.0 999.0  708
 2.625  720.0 -90  42  60   0.781 999.0 999.0  720
 2.625  725.0 -90  42  54   0.781 999.0 999.0  714
 2.625  727.5 -90  42  54  -0.781 999.0 999.0  716
 2.625  730.0 -90  42  60  -5.469 999.0 999.0  739
 2.625  732.5 -90  42  60  -2.344 999.0 999.0  724
 2.625  737.5 -90  42  57   2.344 999.0 999.0  742
 2.625  740.0 -90  42  54   5.469 999.0 999.0  727
 2.625  742.5 -90  42  54   2.344 999.0 999.0  735
 2.625  745.0 -90  42  57  -5.469 999.0 999.0  743
 2.625  747.5 -90  42  57  -2.344 999.0 999.0  742
 2.625  757.5 -90  42  51  -0.781 999.0 999.0  762
 2.625  787.5 -90  42  51  -0.781 999.0 999.0  800
 2.625  795.0 -90  42  51  -5.469 999.0 999.0  795
 2.625  807.5 -90  42  51  -3.906 270.0  30.0  794
 2.625  810.0 -90  42  51  -0.781 999.0 999.0  820
 2.625  812.5 -90  42  57   2.344 999.0 999.0  819
 2.625  815.0 -90  42  51   2.344 999.0 999.0  824
 2.625  817.5 -90  42  54  -0.781 999.0 999.0  819
 2.625  820.0 -90  42  57  -5.469 999.0 999.0  814
 2.625  822.5 -90  42  51  -0.781 999.0 999.0  833
 2.625  825.0 -90  42  54   5.469 999.0 999.0  833
 2.625  827.5 -90  42  51   2.344 999.0 999.0  842
 2.625  830.0 -90  42  63   3.906 999.0 999.0  825
 2.625  832.5 -90  42  57   3.906 999.0 999.0  829
 2.625  837.5 -90  42  54   5.469 999.0 999.0  838
 2.625  840.0 -90  42  60  -5.469 999.0 999.0  844
 2.625  845.0 -90  42  63  -0.781 999.0 999.0  839
 2.625  847.5 -90  42  57   5.469 999.0 999.0  862
 2.625  850.0 -90  42  57   0.781 999.0 999.0  848
 2.625  852.5 -90  42  51   2.344 999.0 999.0  848
 2.625  855.0 -90  42  63   3.906 999.0 999.0  847
 2.625  857.5 -90  42  60   5.469 999.0 999.0  853
 2.625  860.0 -90  42  51  -2.344 999.0 999.0  859
 2.625  862.5 -90  42  60  -2.344 999.0 999.0  858
 2.625  865.0 -90  42  57   5.469 999.0 999.0  875
 2.625  867.5 -90  42  60   3.906 999.0 999.0  862
 2.625  870.0 -90  42  57   2.344 999.0 999.0  862
 2.625  872.5 -90  42  60   5.469 999.0 999.0  868
 2.625  875.0 -90  42  63  -3.906 270.0  30.0  867
 2.625  877.5 -90  42  63   3.906 999.0 999.0  869
 2.625  880.0 -90  42  57  -2.344 270.0  30.0  868
 2.625  882.5 -90  42  54  -3.906 999.0 999.0  870
 2.625  885.0 -90  42  60   0.781 999.0 999.0  883
 2.625  887.5 -90  42  57   5.469 999.0 999.0  883
 2.625  890.0 -90  42  60   0.781 999.0 999.0  902
 2.625  892.5 -90  42  63  -3.906 999.0 999.0  905
 2.625  895.0 -90  42  57  -5.469 999.0 999.0  902
 2.625  897.5 -90  42  51  -0.781 999.0 999.0  910
 2.625  900.0 -90  42  57  -5.469 999.0 999.0  909
 2.625  902.5 -90  42  57   3.906 999.0 999.0  914
 2.625  905.0 -90  42  63  -5.469 999.0 999.0  896
 2.625  907.5 -90  42  60  -3.906 999.0 999.0  894
 2.625  910.0 -90  42  54   0.781 999.0 999.0  904
 2.625  912.5 -90  42  51  -2.344 999.0 999.0  899
 2.625  915.0 -90  42  63   3.906 999.0 999.0  902
 2.625  917.5 -90  42  57   0.781 999.0 999.0  923
 2.625  920.0 -90  42  57   5.469 999.0 999.0  908
 2.625  922.5 -90  42  57   0.781 999.0 999.0  914
 2.625  925.0 -90  42  57   2.344 999.0 999.0  912
 2.625  927.5 -90  42  57   5.469 999.0 999.0  938
 2.625  930.0 -90  42  60   5.469 999.0 999.0  935
 2.625  932.5 -90  42  63  -2.344 999.0 999.0  935
 2.625  935.0 -90  42  63   0.781 999.0 999.0  950
 2.625  937.5 -90  42  60  -5.469 999.0 999.0  941
 2.625  940.0 -90  42  54   0.781 999.0 999.0  949
 2.625  942.5 -90  42  66   5.469 999.0 999.0  955
 2.625  945.0 -90  42  63  -2.344 999.0 999.0  945
 2.625  947.5 -90  42  54   5.469 270.0  30.0  953
 2.625  955.0 -90  42  57   2.344 999.0 999.0  959
 2.625  957.5 -90  42  54  -3.906 999.0 999.0  972
 2.625  960.0 -90  42  57  -5.469 999.0 999.0  971
 2.625  965.0 -90  42  57  -0.781 999.0 999.0  975
 2.625  967.5 -90  42  54  -5.469 999.0 999.0  973
 2.625  972.5 -90  42  51   5.469 999.0 999.0  960
 2.625  975.0 -90  42  51   0.781 999.0 999.0  972
 2.625  977.5 -90  42  54   5.469 999.0 999.0  970
 2.625  985.0 -90  42  54  -5.469 999.0 999.0  992
 2.625  987.5 -90  42  51  -5.469 999.0 999.0  985
 2.625  992.5 -90  42  51   0.781 999.0 999.0  982
 2.625  995.0 -90  42  54  -5.469 999.0 999.0  987
 2.625  997.5 -90  42  51  -5.469 999.0 999.0 1001
 2.625 1002.5 -90  42  51   0.781 999.0 999.0 1015
 2.625 1007.5 -90  42  51   0.781 999.0 999.0 1007
 2.625 1022.5 -90  42  51  -5.469 999.0 999.0 1025
 2.625 1155.0 -90  42  51   5.469 999.0 999.0 1152
 2.625 1170.0 -90  42  51  -3.906 999.0 999.0 1167
 2.625 1172.5 -90  42  51  -5.469 999.0 999.0 1179
 2.625 1182.5 -90  42  51   2.344 999.0 999.0 1175
 2.625 1195.0 -90  42  51  -2.344 999.0 999.0 1186
 2.625 1197.5 -90  42  51  -3.906 999.0 999.0 1211
 2.625 1202.5 -90  42  51  -0.781 999.0 999.0 1192
 2.625 1205.0 -90  42  51  -3.906 999.0 999.0 1196
 2.625 1212.5 -90  42  51   2.344 999.0 999.0 1227
 2.625 1230.0 -90  42  51  -0.781 999.0 999.0 1236
 2.625 1237.5 -90  42  51  -2.344 999.0 999.0 1238
 2.625 1240.0 -90  42  51  -0.781 999.0 999.0 1236
 2.650   80.0  90  30  42   0.781 999.0 999.0   76
 2.650   97.5  90  30  42  -0.781   0.0   0.0  104
 2.650  100.0  90  30  48   0.781   0.0   0.0  104
 2.650  102.5  90  30  48  -0.781   0.0   0.0  105
 2.650  105.0  90  30  39   0.781   0.0   0.0  110
 2.650  862.5 -90  33  42  -2.344 999.0 999.0  868
 2.650  887.5 -90  33  42   2.344  30.0  30.0  880
 2.650  912.5 -90  33  42   2.344  30.0  30.0  921
 2.650  932.5 -90  33  42  -2.344 999.0 999.0  922
 2.700   97.5  90  42  54   0.781 999.0 999.0  103
 2.700  100.0  90  42  63  -0.781 999.0 999.0  104
 2.700  105.0  90  42  51  -0.781   0.0   0.0  110
 2.700  812.5  90  42  51   5.469 330.0  30.0  811
 2.700  595.0 -90  42  51  -2.344 999.0 999.0  608
 2.700  660.0 -90  42  51   0.781 999.0 999.0  646
 2.700  670.0 -90  42  51   3.906  90.0  30.0  659
 2.700 1157.5 -90  42  51  -2.344 330.0  30.0 1171
 2.700 1172.5 -90  42  51  -2.344 330.0  30.0 1167
 2.725   80.0  90  51  60  -0.781 270.0  30.0   69
 2.725  100.0  90  51  63   0.781   0.0   0.0  103
 2.725  105.0  90  51  60  -0.781 270.0  30.0  106
 2.725  125.0  90  51  60   0.781 270.0  30.0  117
 2.725  250.0  90  51  60  -2.344 270.0  30.0  250
 2.725  310.0  90  51  60  -3.906 270.0  30.0  308
 2.725 1170.0  90  51  60   3.906 270.0  30.0 1185
 2.725 1175.0  90  51  60  -5.469 270.0  30.0 1183
 2.725 1180.0  90  51  60  -2.344 270.0  30.0 1176
 2.725 1202.5  90  51  60  -2.344 270.0  30.0 1201
 2.725 1212.5  90  51  63  -0.781 270.0  30.0 1200
 2.725 1227.5  90  51  60   3.906 270.0  30.0 1240
 2.725 1230.0  90  51  63   2.344 270.0  30.0 1235
 2.725 1245.0  90  51  60   5.469 270.0  30.0 1231
 2.725  170.0 -90  45  54  -3.906 999.0 999.0  171
 2.725  180.0 -90  45  54   2.344 999.0 999.0  171
 2.725  200.0 -90  45  54  -3.906 999.0 999.0  212
 2.725  205.0 -90  45  54  -2.344 999.0 999.0  206
 2.725  345.0 -90  45  54  -0.781 999.0 999.0  347
 2.725  355.0 -90  45  54  -5.469 999.0 999.0  357
 2.725  512.5 -90  45  54  -3.906 999.0 999.0  518
 2.725  600.0 -90  45  54  -2.344 999.0 999.0  606
 2.725  605.0 -90  45  54  -0.781 999.0 999.0  592
 2.725  610.0 -90  45  54  -0.781 999.0 999.0  612
 2.725  620.0 -90  45  54   0.781 270.0  30.0  621
 2.725  625.0 -90  45  54   2.344 999.0 999.0  616
 2.725  790.0 -90  45  57   3.906 999.0 999.0  784
 2.725  810.0 -90  45  54  -2.344 999.0 999.0  798
 2.725  845.0 -90  45  54  -5.469 999.0 999.0  857
 2.725 1040.0 -90  45  54   3.906 999.0 999.0 1033
 2.725 1060.0 -90  45  54   3.906 999.0 999.0 1054
 2.725 1090.0 -90  45  54  -3.906 999.0 999.0 1102
 2.725 1250.0 -90  45  54  -5.469 999.0 999.0 1237
 2.725 1270.0 -90  45  54   2.344 999.0 999.0 1272
 2.725 1275.0 -90  45  54   3.906 999.0 999.0 1271
 2.750   97.5  90  33  57   0.781   0.0   0.0  103
 2.750  100.0  90  33  63   0.781 999.0 999.0  104
 2.750  102.5  90  33  51  -0.781   0.0   0.0  106
 2.750  105.0  90  33  51   0.781   0.0   0.0  110
 2.750  107.5  90  33  45   0.781   0.0   0.0  110
 2.750   80.0 -90  33  45   0.781 330.0  30.0   92
 2.775   97.5  90  33  54  -0.781 999.0 999.0  104
 2.775  100.0  90  33  63  -0.781 999.0 999.0  104
 2.775  102.5  90  33  51  -0.781   0.0   0.0  105
 2.775  107.5  90  33  42   0.781   0.0   0.0  111
 2.800   80.0  90  33  42   0.781 999.0 999.0   85
 2.800   97.5  90  33  51  -0.781   0.0   0.0  103
 2.800  100.0  90  33  60   0.781   0.0   0.0  104
 2.800  102.5  90  33  45  -0.781 999.0 999.0  103
 2.800  105.0  90  33  48   0.781 999.0 999.0  109
 2.800   80.0 -90  33  42  -0.781 999.0 999.0   92
 2.850  210.0  90  54  63  -5.469   0.0   0.0  201
 2.850  225.0  90  54  63  -2.344   0.0   0.0  234
 2.850  325.0  90  54  63  -0.781 999.0 999.0  322
 2.850  345.0  90  54  63   0.781 999.0 999.0  349
 2.850  355.0  90  54  63   3.906 999.0 999.0  350
 2.850  420.0  90  54  63  -0.781   0.0   0.0  429
 2.850  745.0  90  54  63   0.781  90.0  30.0  749
 2.850  800.0  90  54  63  -3.906  90.0  30.0  788
 2.850 1275.0  90  54  63   3.906   0.0   0.0 1277
 2.850  292.5 -90  48  57   3.906   0.0   0.0  278
 2.850  297.5 -90  48  57   5.469   0.0   0.0  290
 2.850  302.5 -90  48  57  -0.781   0.0   0.0  304
 2.850  307.5 -90  48  57   5.469   0.0   0.0  293
 2.850  357.5 -90  48  57  -0.781   0.0   0.0  364
 2.850  432.5 -90  48  60   3.906 999.0 999.0  444
 2.850  442.5 -90  48  57   2.344 999.0 999.0  438
 2.850  457.5 -90  48  60  -5.469 999.0 999.0  456
 2.850  467.5 -90  48  57   2.344 999.0 999.0  477
 2.850  475.0 -90  48  57  -0.781   0.0   0.0  469
 2.850  482.5 -90  48  57  -0.781   0.0   0.0  497
 2.850  487.5 -90  48  60   2.344 999.0 999.0  497
 2.850  502.5 -90  48  57   0.781   0.0   0.0  517
 2.850  525.0 -90  48  57  -0.781 999.0 999.0  537
 2.875  100.0  90  33  45   0.781   0.0   0.0  103
 2.875  102.5  90  33  45   0.781 210.0  30.0  106
 2.875  105.0  90  33  45   0.781   0.0   0.0  109
 2.900  100.0  90  30  45  -0.781   0.0   0.0  103
 2.900  102.5  90  30  45   0.781 999.0 999.0  106
 2.925  100.0  90  36  51   0.781   0.0   0.0  105
 2.925  102.5  90  36  48   0.781   0.0   0.0  105
 2.925  647.5  90  36  51   2.344  90.0  30.0  635
 2.925  652.5  90  36  51   5.469  90.0  30.0  657
 2.925  657.5  90  36  51   3.906  90.0  30.0  654
 2.925  662.5  90  36  51  -5.469  90.0  30.0  660
 2.925  667.5  90  36  51  -0.781  90.0  30.0  657
 2.925  672.5  90  36  48   2.344  90.0  30.0  667
 2.925  677.5  90  36  51  -5.469  90.0  30.0  667
 2.925  682.5  90  36  51  -3.906  90.0  30.0  681
 2.925  687.5  90  36  51  -3.906  90.0  30.0  695
 2.925  692.5  90  36  51   0.781 999.0 999.0  684
 2.925  697.5  90  36  51   0.781  90.0  30.0  689
 2.925  700.0  90  36  45   5.469  90.0  30.0  696
 2.925  702.5  90  36  48   2.344  90.0  30.0  702
 2.925  705.0  90  36  45  -0.781  90.0  30.0  690
 2.925  707.5  90  36  51  -5.469  90.0  30.0  718
 2.925  712.5  90  36  51  -3.906  90.0  30.0  708
 2.925  715.0  90  36  45  -0.781  90.0  30.0  715
 2.925  717.5  90  36  51  -3.906  90.0  30.0  717
 2.925  720.0  90  36  45  -2.344  90.0  30.0  730
 2.925  722.5  90  36  51   5.469  90.0  30.0  737
 2.925  735.0  90  36  45  -5.469  90.0  30.0  730
 2.925  740.0  90  36  45  -3.906  90.0  30.0  753
 2.925  745.0  90  36  45   3.906 999.0 999.0  759
 2.925  750.0  90  36  45  -3.906  90.0  30.0  743
 2.925  760.0  90  36  45  -2.344 999.0 999.0  762
 2.925  765.0  90  36  45  -3.906  90.0  30.0  761
 2.925  770.0  90  36  45   5.469  90.0  30.0  776
 2.925  867.5  90  36  51   3.906  90.0  30.0  865
 2.925  870.0  90  36  51  -2.344  90.0  30.0  858
 2.925  872.5  90  36  48   5.469  90.0  30.0  881
 2.925  875.0  90  36  54   5.469  90.0  30.0  880
 2.925  877.5  90  36  48   5.469  90.0  30.0  878
 2.925  880.0  90  36  54   3.906  90.0  30.0  889
 2.925  882.5  90  36  48  -5.469  90.0  30.0  897
 2.925  885.0  90  36  54  -2.344  90.0  30.0  890
 2.925  887.5  90  36  51   0.781  90.0  30.0  888
 2.925  890.0  90  36  51   3.906  90.0  30.0  895
 2.925  892.5  90  36  51   0.781  90.0  30.0  899
 2.925  895.0  90  36  51   5.469  90.0  30.0  890
 2.925  897.5  90  36  48   2.344  90.0  30.0  906
 2.925  900.0  90  36  54  -0.781  90.0  30.0  890
 2.925  902.5  90  36  51   2.344  90.0  30.0  902
 2.925  905.0  90  36  51  -3.906  90.0  30.0  902
 2.925  907.5  90  36  48  -5.469 999.0 999.0  921
 2.925  910.0  90  36  51  -0.781  90.0  30.0  918
 2.925  912.5  90  36  51   2.344  90.0  30.0  924
 2.925  915.0  90  36  51   3.906  90.0  30.0  922
 2.925  917.5  90  36  51  -2.344  90.0  30.0  926
 2.925  920.0  90  36  51   0.781  90.0  30.0  921
 2.925  922.5  90  36  51  -0.781  90.0  30.0  916
 2.925  925.0  90  36  51   2.344  90.0  30.0  931
 2.925  927.5  90  36  48   5.469  90.0  30.0  929
 2.925  930.0  90  36  51  -2.344  90.0  30.0  918
 2.925  932.5  90  36  48  -2.344  90.0  30.0  925
 2.925  935.0  90  36  51  -5.469  90.0  30.0  935
 2.925  937.5  90  36  51   5.469  90.0  30.0  929
 2.925  940.0  90  36  51   0.781  90.0  30.0  935
 2.925  942.5  90  36  51   5.469  90.0  30.0  950
 2.925  945.0  90  36  51  -2.344  90.0  30.0  950
 2.925  427.5 -90  42  51  -5.469 999.0 999.0  413
 2.925  477.5 -90  42  51  -2.344 999.0 999.0  490
 2.925  837.5 -90  42  51   5.469  90.0  30.0  837
 2.925  920.0 -90  42  51  -2.344  90.0  30.0  930
 2.925  945.0 -90  42  51  -5.469 999.0 999.0  940
 2.925  950.0 -90  42  51   2.344 999.0 999.0  943
 2.925  962.5 -90  42  51  -2.344 999.0 999.0  971
 2.925  967.5 -90  42  51  -5.469 999.0 999.0  977
 2.925  972.5 -90  42  51  -3.906 999.0 999.0  984
 2.925  975.0 -90  42  54   2.344  90.0  30.0  975
 2.925  977.5 -90  42  51   5.469 999.0 999.0  980
 2.925  982.5 -90  42  51  -0.781  90.0  30.0  974
 2.925  985.0 -90  42  54   5.469  90.0  30.0  983
 2.925  987.5 -90  42  51   2.344 999.0 999.0 1002
 2.925  992.5 -90  42  54   0.781 999.0 999.0  987
 2.925  997.5 -90  42  54   3.906 999.0 999.0  993
 2.925 1002.5 -90  42  51   0.781 999.0 999.0  991
 2.925 1007.5 -90  42  51  -0.781 999.0 999.0 1021
 2.925 1010.0 -90  42  54  -3.906  90.0  30.0 1011
 2.925 1012.5 -90  42  57  -0.781 999.0 999.0 1013
 2.925 1017.5 -90  42  60  -3.906 999.0 999.0 1010
 2.925 1020.0 -90  42  51   3.906 999.0 999.0 1012
 2.925 1022.5 -90  42  57   2.344 999.0 999.0 1025
 2.925 1027.5 -90  42  57  -2.344 999.0 999.0 1027
 2.925 1030.0 -90  42  51  -0.781  90.0  30.0 1017
 2.925 1037.5 -90  42  54   3.906  90.0  30.0 1040
 2.925 1042.5 -90  42  51  -5.469  90.0  30.0 1057
 2.925 1045.0 -90  42  51   2.344  90.0  30.0 1036
 2.925 1047.5 -90  42  54   3.906  90.0  30.0 1049
 2.925 1050.0 -90  42  51  -3.906  90.0  30.0 1057
 2.925 1052.5 -90  42  54   3.906  90.0  30.0 1047
 2.925 1055.0 -90  42  51  -5.469  90.0  30.0 1042
 2.925 1057.5 -90  42  54   0.781  90.0  30.0 1058
 2.925 1062.5 -90  42  54   2.344  90.0  30.0 1077
 2.925 1067.5 -90  42  54   2.344  90.0  30.0 1058
 2.925 1072.5 -90  42  54  -5.469 999.0 999.0 1070
 2.925 1075.0 -90  42  51   5.469  90.0  30.0 1070
 2.925 1077.5 -90  42  51  -0.781  90.0  30.0 1081
 2.925 1080.0 -90  42  51   2.344  90.0  30.0 1074
 2.925 1082.5 -90  42  54  -0.781 999.0 999.0 1072
 2.925 1087.5 -90  42  54  -5.469 999.0 999.0 1095
 2.925 1205.0 -90  42  51  -3.906 999.0 999.0 1198
 2.925 1210.0 -90  42  51   3.906  90.0  30.0 1212
 2.925 1215.0 -90  42  51  -3.906 999.0 999.0 1222
 2.925 1230.0 -90  42  51  -0.781  90.0  30.0 1217
 2.925 1235.0 -90  42  51   5.469 999.0 999.0 1230
 2.925 1255.0 -90  42  51  -0.781 999.0 999.0 1266
 2.950  100.0  90  33  54  -0.781   0.0   0.0  105
 2.950  102.5  90  33  51   0.781   0.0   0.0  105
 2.975  150.0  90  57  66  -0.781 999.0 999.0  162
 2.975  192.5  90  57  66   2.344 270.0  30.0  181
 2.975  197.5  90  57  66  -3.906 270.0  30.0  198
 2.975  207.5  90  57  66   2.344 999.0 999.0  209
 2.975  210.0  90  57  66  -2.344 270.0  30.0  209
 2.975  247.5  90  57  66  -0.781 270.0  30.0  233
 2.975  262.5  90  57  66  -3.906 270.0  30.0  274
 2.975  317.5  90  57  66  -5.469 270.0  30.0  327
 2.975  525.0 -90  60  69   5.469 270.0  30.0  510
 3.000  100.0  90  36  48   0.781 999.0 999.0  105
 3.000 1105.0 -90  39  48  -5.469 999.0 999.0 1111
 3.000 1120.0 -90  39  48  -2.344 999.0 999.0 1135
 3.000 1125.0 -90  39  48   0.781 999.0 999.0 1120
 3.000 1130.0 -90  39  48   3.906 330.0  30.0 1127
 3.000 1150.0 -90  39  48   0.781 999.0 999.0 1141
 3.000 1160.0 -90  39  48  -0.781 999.0 999.0 1171
 3.000 1170.0 -90  39  48   5.469 999.0 999.0 1170
 3.000 1175.0 -90  39  48  -0.781  90.0  30.0 1175
 3.025  100.0  90  36  48   0.781   0.0   0.0  106
 3.025  102.5  90  36  51  -0.781 999.0 999.0  107
 3.025  105.0  90  36  48   0.781 999.0 999.0  108
 3.050  105.0  90  42  54   0.781   0.0   0.0  111
 3.075  102.5  90  36  45   0.781   0.0   0.0  106
 3.075  105.0  90  36  51  -0.781   0.0   0.0  111
 3.075  107.5  90  36  51  -0.781 999.0 999.0  111
 3.100  105.0  90  36  48  -0.781 999.0 999.0  109
 3.100  107.5  90  36  45  -0.781 999.0 999.0  111
 3.100 1205.0  90  36  45   5.469 999.0 999.0 1198
 3.100 1277.5  90  36  45   0.781 999.0 999.0 1284
 3.150  107.5  90  39  48  -0.781   0.0   0.0  112
 3.175  105.0  90  39  48   0.781 999.0 999.0  109
 3.175  107.5  90  39  48   0.781 999.0 999.0  113
 3.175  110.0  90  39  48   0.781 999.0 999.0  114
 3.175  117.5  90  39  48   0.781   0.0   0.0  123
 3.175  757.5 -90  42  51  -0.781 999.0 999.0  751
 3.175  772.5 -90  42  51   5.469 999.0 999.0  769
 3.175  795.0 -90  42  51  -2.344 999.0 999.0  799
 3.175  802.5 -90  42  51   0.781 999.0 999.0  811
 3.175  815.0 -90  42  51  -5.469 999.0 999.0  809
 3.175  820.0 -90  42  51  -2.344 330.0  30.0  809
 3.175  827.5 -90  42  51  -2.344 999.0 999.0  814
 3.175  835.0 -90  42  54  -0.781  90.0  30.0  828
 3.175  852.5 -90  42  51   3.906 999.0 999.0  842
 3.175  855.0 -90  42  54   5.469  90.0  30.0  849
 3.200  112.5  90  39  48  -0.781   0.0   0.0  117
 3.225  102.5  90  39  48   0.781 999.0 999.0  107
 3.225  105.0  90  39  51  -0.781 999.0 999.0  109
 3.225  110.0  90  39  51   0.781 999.0 999.0  114
 3.225  112.5  90  39  51   0.781   0.0   0.0  116
 3.250  102.5  90  42  54  -0.781   0.0   0.0  107
 3.250  107.5  90  42  54  -0.781   0.0   0.0  112
 3.250  112.5  90  42  51  -0.781   0.0   0.0  117
 3.250   80.0 -90  39  54   5.469 270.0  30.0   92
 3.250   85.0 -90  39  48  -0.781 270.0  30.0   96
 3.250   87.5 -90  39  57  -3.906 270.0  30.0   82
 3.250   90.0 -90  39  54  -2.344 270.0  30.0   89
 3.250   92.5 -90  39  60   0.781 270.0  30.0  100
 3.250   95.0 -90  39  54  -3.906 270.0  30.0  104
 3.250   97.5 -90  39  60  -0.781 270.0  30.0   96
 3.250  100.0 -90  39  60   5.469 270.0  30.0  110
 3.250  102.5 -90  39  54  -3.906 270.0  30.0   91
 3.250  105.0 -90  39  48   5.469 270.0  30.0  114
 3.250  110.0 -90  39  51  -0.781 270.0  30.0  102
 3.250  112.5 -90  39  60   5.469 270.0  30.0   99
 3.250  115.0 -90  39  57   2.344 270.0  30.0  103
 3.250  117.5 -90  39  60   2.344 270.0  30.0  106
 3.250  120.0 -90  39  57   2.344 270.0  30.0  109
 3.250  122.5 -90  39  60   5.469 270.0  30.0  131
 3.250  125.0 -90  39  60   0.781 270.0  30.0  121
 3.250  127.5 -90  39  54   2.344 270.0  30.0  117
 3.250  130.0 -90  39  51  -0.781 270.0  30.0  144
 3.250  135.0 -90  39  54  -0.781 270.0  30.0  135
 3.250  137.5 -90  39  51   5.469 270.0  30.0  146
 3.250  142.5 -90  39  54   5.469 270.0  30.0  140
 3.250  145.0 -90  39  57  -3.906 270.0  30.0  130
 3.250  147.5 -90  39  57   2.344 270.0  30.0  154
 3.250  150.0 -90  39  54  -2.344 270.0  30.0  140
 3.250  152.5 -90  39  51   5.469 270.0  30.0  149
 3.250  157.5 -90  39  54   2.344 270.0  30.0  169
 3.250  162.5 -90  39  48   3.906 999.0 999.0  154
 3.250  170.0 -90  39  51   0.781 270.0  30.0  170
 3.250  172.5 -90  39  51   5.469 270.0  30.0  185
 3.275  102.5  90  39  51  -0.781   0.0   0.0  108
 3.275  105.0  90  39  51  -0.781   0.0   0.0  110
 3.275  107.5  90  39  51   0.781   0.0   0.0  112
 3.275  110.0  90  39  48   0.781 999.0 999.0  115
 3.275  115.0  90  39  48   0.781   0.0   0.0  120
 3.300  102.5  90  39  51  -0.781   0.0   0.0  109
 3.300  105.0  90  39  48  -0.781   0.0   0.0  109
 3.300  107.5  90  39  51  -0.781  30.0  30.0  111
 3.300  110.0  90  39  48  -0.781  30.0  30.0  114
 3.300  115.0  90  39  51   0.781   0.0   0.0  120
 3.300  795.0 -90  39  48  -2.344  30.0  30.0  796
 3.300  810.0 -90  39  48  -2.344  30.0  30.0  817
 3.300 1170.0 -90  39  48   0.781  30.0  30.0 1182
 3.300 1227.5 -90  39  48   0.781  30.0  30.0 1238
 3.300 1232.5 -90  39  48  -2.344 999.0 999.0 1224
 3.325  100.0  90  42  57  -0.781   0.0   0.0  105
 3.325  102.5  90  42  66   0.781   0.0   0.0  107
 3.325  105.0  90  42  63   0.781   0.0   0.0  108
 3.325  107.5  90  42  57   0.781   0.0   0.0  112
 3.325  110.0  90  42  54   0.781 999.0 999.0  113
 3.325  115.0  90  42  51   0.781 150.0  30.0  121
 3.350  100.0  90  39  54   0.781   0.0   0.0  105
 3.350  102.5  90  39  60  -0.781   0.0   0.0  108
 3.350  105.0  90  39  66  -0.781   0.0   0.0  109
 3.350  107.5  90  39  54   0.781   0.0   0.0  114
 3.350  110.0  90  39  57   0.781   0.0   0.0  113
 3.350  115.0  90  39  48   0.781   0.0   0.0  119
 3.350  117.5  90  39  48   0.781 999.0 999.0  123
 3.350  120.0  90  39  48   0.781   0.0   0.0  123
 3.375  102.5  90  42  54   0.781   0.0   0.0  107
 3.375  105.0  90  42  60   0.781   0.0   0.0  109
 3.375  107.5  90  42  51  -0.781  30.0  30.0  111
 3.375  112.5  90  42  51  -0.781   0.0   0.0  118
 3.375  380.0  90  42  51  -3.906  90.0  30.0  390
 3.375  385.0  90  42  51  -3.906  30.0  30.0  395
 3.375  400.0  90  42  51   3.906  90.0  30.0  391
 3.375  405.0  90  42  51  -0.781  90.0  30.0  399
 3.375  415.0  90  42  51   0.781 999.0 999.0  424
 3.375  420.0  90  42  51   0.781 999.0 999.0  412
 3.375  425.0  90  42  51   3.906  90.0  30.0  423
 3.375  430.0  90  42  51  -0.781  90.0  30.0  420
 3.375  445.0  90  42  51   5.469  90.0  30.0  442
 3.375  462.5  90  42  51  -3.906 999.0 999.0  461
 3.375  472.5  90  42  51   5.469 999.0 999.0  472
 3.375 1025.0  90  42  51  -3.906  90.0  30.0 1028
 3.375  847.5 -90  45  54  -5.469  90.0  30.0  857
 3.375  917.5 -90  45  54  -2.344  90.0  30.0  924
 3.375  920.0 -90  45  54   5.469  90.0  30.0  917
 3.375  922.5 -90  45  54   2.344  30.0  30.0  926
 3.375  960.0 -90  45  54  -5.469  90.0  30.0  966
 3.400  100.0  90  39  51   0.781   0.0   0.0  105
 3.400  102.5  90  39  57  -0.781  90.0  30.0  106
 3.400  105.0  90  39  54  -0.781  30.0  30.0  109
 3.400  107.5  90  39  54   0.781   0.0   0.0  111
 3.400  110.0  90  39  54  -0.781   0.0   0.0  114
 3.400  112.5  90  39  57  -0.781   0.0   0.0  116
 3.400  115.0  90  39  48  -0.781 270.0  30.0  117
 3.400  120.0  90  39  48  -0.781 999.0 999.0  125
 3.425  100.0  90  39  51   0.781   0.0   0.0  103
 3.425  102.5  90  39  60  -0.781   0.0   0.0  107
 3.425  105.0  90  39  63   0.781   0.0   0.0  110
 3.425  107.5  90  39  63   0.781   0.0   0.0  111
 3.425  110.0  90  39  54   0.781 150.0  30.0  112
 3.425  112.5  90  39  57  -0.781   0.0   0.0  117
 3.425  115.0  90  39  54  -0.781   0.0   0.0  119
 3.425  117.5  90  39  48  -0.781   0.0   0.0  120
 3.450  100.0  90  45  66   0.781   0.0   0.0  105
 3.450  102.5  90  45  66  -0.781   0.0   0.0  106
 3.450  105.0  90  45  66   0.781   0.0   0.0  109
 3.450  107.5  90  45  63  -0.781   0.0   0.0  111
 3.450  110.0  90  45  57  -0.781   0.0   0.0  114
 3.450  115.0  90  45  54  -0.781   0.0   0.0  119
 3.450  717.5  90  45  54   2.344  90.0  30.0  707
 3.500   97.5  90  36  45  -0.781   0.0   0.0  102
 3.500  100.0  90  36  54   0.781   0.0   0.0  104
 3.500  102.5  90  36  48   0.781 270.0  30.0  108
 3.500  105.0  90  36  60  -0.781 999.0 999.0  110
 3.500  107.5  90  36  60  -0.781   0.0   0.0  111
 3.500  110.0  90  36  60   0.781   0.0   0.0  114
 3.500  112.5  90  36  57  -0.781 999.0 999.0  116
 3.500  115.0  90  36  54   0.781 270.0  30.0  119
 3.500  117.5  90  36  45  -0.781 150.0  30.0  119
 3.500  120.0  90  36  48  -0.781 999.0 999.0  124
 3.525   97.5  90  39  48   0.781   0.0   0.0  104
 3.525  100.0  90  39  54  -0.781   0.0   0.0  103
 3.525  102.5  90  39  57   0.781   0.0   0.0  107
 3.525  105.0  90  39  63  -0.781   0.0   0.0  110
 3.525  107.5  90  39  57  -0.781  90.0  30.0  110
 3.525  110.0  90  39  57  -0.781   0.0   0.0  114
 3.525  112.5  90  39  57  -0.781   0.0   0.0  116
 3.525  115.0  90  39  54   0.781   0.0   0.0  118
 3.525  117.5  90  39  48   0.781 330.0  30.0  114
 3.525  120.0  90  39  51   0.781   0.0   0.0  125
 3.550   97.5  90  36  48   0.781   0.0   0.0  103
 3.550  100.0  90  36  63   0.781   0.0   0.0  104
 3.550  102.5  90  36  57   0.781 270.0  30.0  106
 3.550  105.0  90  36  63   0.781   0.0   0.0  108
 3.550  107.5  90  36  63  -0.781   0.0   0.0  111
 3.550  110.0  90  36  60  -0.781   0.0   0.0  115
 3.550  112.5  90  36  60   0.781   0.0   0.0  115
 3.550  115.0  90  36  54  -0.781   0.0   0.0  118
 3.550  117.5  90  36  45  -0.781 150.0  30.0  123
 3.550  122.5  90  36  45   0.781 999.0 999.0  127
 3.550  212.5  90  36  45   0.781   0.0   0.0  214
 3.575   97.5  90  36  45  -0.781 999.0 999.0  105
 3.575  100.0  90  36  63   0.781   0.0   0.0  105
 3.575  102.5  90  36  66   0.781   0.0   0.0  107
 3.575  105.0  90  36  60   0.781   0.0   0.0  108
 3.575  107.5  90  36  57  -0.781 330.0  30.0  111
 3.575  110.0  90  36  51   0.781 210.0  30.0  112
 3.575  112.5  90  36  60  -0.781   0.0   0.0  117
 3.575  115.0  90  36  54  -0.781 330.0  30.0  117
 3.575  117.5  90  36  45   0.781 330.0  30.0  122
 3.575  120.0  90  36  48   0.781 210.0  30.0  124
 3.575  125.0  90  36  45  -0.781 210.0  30.0  128
 3.575  210.0  90  36  48   0.781   0.0   0.0  214
 3.575  212.5  90  36  48   0.781 210.0  30.0  213
 3.600   97.5  90  36  51   0.781   0.0   0.0  103
 3.600  100.0  90  36  63   0.781   0.0   0.0  104
 3.600  102.5  90  36  48   0.781 150.0  30.0   98
 3.600  105.0  90  36  57   0.781   0.0   0.0  108
 3.600  107.5  90  36  54   0.781 150.0  30.0  111
 3.600  110.0  90  36  60   0.781 150.0  30.0  114
 3.600  112.5  90  36  54  -0.781   0.0   0.0  118
 3.600  115.0  90  36  54   0.781   0.0   0.0  118
 3.600  120.0  90  36  45   0.781 999.0 999.0  124
 3.600  205.0  90  36  45   0.781 210.0  30.0  211
 3.625   97.5  90  36  48   0.781   0.0   0.0  103
 3.625  100.0  90  36  60   0.781   0.0   0.0  104
 3.625  102.5  90  36  63   0.781   0.0   0.0  106
 3.625  105.0  90  36  54   0.781   0.0   0.0  108
 3.625  107.5  90  36  57   0.781 150.0  30.0  112
 3.625  110.0  90  36  54   0.781 150.0  30.0  113
 3.625  112.5  90  36  57   0.781   0.0   0.0  117
 3.625  115.0  90  36  48  -0.781 330.0  30.0  115
 3.625  117.5  90  36  48   0.781 150.0  30.0  121
 3.625  122.5  90  36  48   0.781 210.0  30.0  126
 3.625  202.5  90  36  45   0.781   0.0   0.0  206
 3.650   97.5  90  33  45   0.781   0.0   0.0  103
 3.650  100.0  90  33  45  -0.781 150.0  30.0  102
 3.650  102.5  90  33  60   0.781   0.0   0.0  106
 3.650  105.0  90  33  51   0.781   0.0   0.0  110
 3.650  107.5  90  33  57   0.781   0.0   0.0  111
 3.650  110.0  90  33  54   0.781   0.0   0.0  113
 3.650  112.5  90  33  54   0.781 150.0  30.0  117
 3.650  115.0  90  33  48  -0.781   0.0   0.0  121
 3.650  117.5  90  33  54   0.781   0.0   0.0  121
 3.650  120.0  90  33  42   0.781 150.0  30.0  125
 3.650  200.0  90  33  42   0.781   0.0   0.0  205
 3.650  210.0  90  33  42   0.781 999.0 999.0  214
 3.650  212.5  90  33  42   0.781 210.0  30.0  216
 3.700   97.5  90  36  45   0.781   0.0   0.0  104
 3.700  100.0  90  36  57   0.781   0.0   0.0  104
 3.700  102.5  90  36  54   0.781 330.0  30.0  104
 3.700  105.0  90  36  60   0.781   0.0   0.0  109
 3.700  107.5  90  36  54   0.781 150.0  30.0  111
 3.700  110.0  90  36  54   0.781 210.0  30.0  112
 3.700  112.5  90  36  51   0.781 150.0  30.0  117
 3.700  115.0  90  36  57   0.781 150.0  30.0  119
 3.700  117.5  90  36  45   0.781 999.0 999.0  120
 3.700  200.0  90  36  45   0.781   0.0   0.0  204
 3.700  202.5  90  36  51   0.781   0.0   0.0  205
 3.700  205.0  90  36  48   0.781 999.0 999.0  206
 3.725  100.0  90  36  57   0.781   0.0   0.0  104
 3.725  102.5  90  36  54   0.781 999.0 999.0  106
 3.725  105.0  90  36  54   0.781   0.0   0.0  111
 3.725  107.5  90  36  60   0.781   0.0   0.0  111
 3.725  110.0  90  36  51   0.781 330.0  30.0  113
 3.725  112.5  90  36  51   0.781   0.0   0.0  115
 3.725  115.0  90  36  45   0.781 150.0  30.0  118
 3.725  117.5  90  36  48   0.781 270.0  30.0  124
 3.725  205.0  90  36  48   0.781   0.0   0.0  210
 3.725  207.5  90  36  51   0.781   0.0   0.0  211
 3.725  210.0  90  36  45   0.781   0.0   0.0  213
 3.750  102.5  90  36  51   0.781 999.0 999.0  107
 3.750  105.0  90  36  54   0.781   0.0   0.0  109
 3.750  107.5  90  36  48   0.781 150.0  30.0  110
 3.750  110.0  90  36  51   0.781 999.0 999.0  113
 3.750  112.5  90  36  48   0.781 150.0  30.0  116
 3.750  115.0  90  36  48   0.781 150.0  30.0  118
 3.750  117.5  90  36  48  -0.781 999.0 999.0  121
 3.750  120.0  90  36  45   0.781 150.0  30.0  124
 3.750  122.5  90  36  45  -0.781   0.0   0.0  125
 3.750  202.5  90  36  48  -0.781 999.0 999.0  208
 3.750  205.0  90  36  51   0.781   0.0   0.0  209
 3.750  207.5  90  36  48   0.781   0.0   0.0  212
 3.750  210.0  90  36  48  -0.781 999.0 999.0  215
 3.750  217.5  90  36  45   0.781 999.0 999.0  220
 3.775  105.0  90  36  51   0.781 270.0  30.0  108
 3.775  107.5  90  36  48   0.781   0.0   0.0  111
 3.775  110.0  90  36  45   0.781 150.0  30.0  111
 3.775  112.5  90  36  45   0.781 210.0  30.0  117
 3.775  115.0  90  36  48   0.781 270.0  30.0  118
 3.775  117.5  90  36  45   0.781 330.0  30.0  118
 3.775  122.5  90  36  45   0.781 150.0  30.0  124
 3.775  202.5  90  36  45   0.781   0.0   0.0  209
 3.775  205.0  90  36  51   0.781   0.0   0.0  207
 3.775  207.5  90  36  45   2.344   0.0   0.0  209
 3.775  210.0  90  36  45  -0.781 999.0 999.0  215
 3.775  212.5  90  36  51  -0.781   0.0   0.0  217
 3.775  215.0  90  36  51  -0.781   0.0   0.0  219
 3.800  105.0  90  39  51   0.781 150.0  30.0  109
 3.800  107.5  90  39  48   0.781 999.0 999.0  108
 3.800  112.5  90  39  54   0.781 210.0  30.0  117
 3.800  115.0  90  39  57   0.781 210.0  30.0  118
 3.800  117.5  90  39  48  -0.781 150.0  30.0  120
 3.800  205.0  90  39  51   0.781   0.0   0.0  209
 3.800  207.5  90  39  57   0.781   0.0   0.0  211
 3.800  210.0  90  39  48   0.781   0.0   0.0  212
 3.800  212.5  90  39  48   0.781 150.0  30.0  216
 3.800  217.5  90  39  48   0.781 999.0 999.0  222
 3.825  110.0  90  39  48   0.781 999.0 999.0  115
 3.825  112.5  90  39  57   0.781   0.0   0.0  117
 3.825  115.0  90  39  51   0.781 270.0  30.0  118
 3.825  120.0  90  39  48   0.781 210.0  30.0  124
 3.825  210.0  90  39  48   0.781   0.0   0.0  213
 3.825  217.5  90  39  48   0.781   0.0   0.0  223
 3.825  222.5  90  39  48   0.781   0.0   0.0  228
 3.850  107.5  90  39  48  -0.781   0.0   0.0  116
 3.850  110.0  90  39  54   0.781   0.0   0.0  114
 3.850  115.0  90  39  48   0.781 270.0  30.0  120
 3.850  117.5  90  39  48   0.781 270.0  30.0  121
 3.850  122.5  90  39  48  -0.781 210.0  30.0  128
 3.850  207.5  90  39  48   0.781   0.0   0.0  213
 3.850  210.0  90  39  48   0.781 150.0  30.0  216
 3.850  212.5  90  39  54   0.781   0.0   0.0  216
 3.850  215.0  90  39  48   0.781   0.0   0.0  221
 3.850  217.5  90  39  48  -0.781 999.0 999.0  224
 3.850  220.0  90  39  54  -0.781   0.0   0.0  224
 3.850  222.5  90  39  51   0.781   0.0   0.0  227
 3.875  105.0  90  42  51   0.781 210.0  30.0  112
 3.875  107.5  90  42  51   0.781 210.0  30.0  112
 3.875  110.0  90  42  54   0.781 150.0  30.0  114
 3.875  112.5  90  42  57   0.781 150.0  30.0  118
 3.875  115.0  90  42  54   0.781 150.0  30.0  118
 3.875  117.5  90  42  51   0.781 330.0  30.0  119
 3.875  120.0  90  42  51   0.781 210.0  30.0  124
 3.875  165.0  90  42  51  -5.469 270.0  30.0  157
 3.875  210.0  90  42  51  -0.781   0.0   0.0  216
 3.875  212.5  90  42  51   0.781 270.0  30.0  218
 3.875  215.0  90  42  51   2.344   0.0   0.0  215
 3.875  217.5  90  42  57   0.781   0.0   0.0  223
 3.875  222.5  90  42  57   0.781 270.0  30.0  226
 3.875  227.5  90  42  51   0.781 270.0  30.0  231
 3.875  257.5  90  42  51  -5.469 270.0  30.0  250
 3.875  280.0  90  42  51   5.469 270.0  30.0  283
 3.875  440.0  90  42  51   0.781 270.0  30.0  446
 3.875  445.0  90  42  51   5.469 270.0  30.0  449
 3.875 1042.5  90  42  51   2.344 270.0  30.0 1031
 3.875 1055.0  90  42  51  -2.344 270.0  30.0 1064
 3.875 1057.5  90  42  51   2.344 999.0 999.0 1053
 3.875 1060.0  90  42  51  -2.344 999.0 999.0 1062
 3.875 1065.0  90  42  54  -2.344 270.0  30.0 1072
 3.875 1080.0  90  42  51   2.344 270.0  30.0 1090
 3.875 1085.0  90  42  51   3.906 270.0  30.0 1089
 3.875 1090.0  90  42  51   2.344 270.0  30.0 1093
 3.875 1095.0  90  42  51  -0.781 999.0 999.0 1096
 3.875 1097.5  90  42  51   5.469 270.0  30.0 1102
 3.875 1102.5  90  42  51  -3.906 999.0 999.0 1103
 3.875 1107.5  90  42  51  -3.906 999.0 999.0 1100
 3.875 1110.0  90  42  54   0.781 270.0  30.0 1104
 3.875 1112.5  90  42  51  -2.344 270.0  30.0 1102
 3.875 1115.0  90  42  54   2.344 270.0  30.0 1112
 3.875 1120.0  90  42  51  -2.344 999.0 999.0 1110
 3.875 1122.5  90  42  51  -5.469 270.0  30.0 1134
 3.875 1125.0  90  42  51  -0.781 270.0  30.0 1133
 3.875 1145.0  90  42  51   2.344 270.0  30.0 1145
 3.875 1150.0  90  42  51  -5.469 999.0 999.0 1161
 3.875 1165.0  90  42  51   3.906 999.0 999.0 1161
 3.875 1217.5  90  42  51   5.469 999.0 999.0 1209
 3.875 1222.5  90  42  51  -3.906 270.0  30.0 1215
 3.875 1237.5  90  42  51   2.344 999.0 999.0 1230
 3.875 1242.5  90  42  51  -0.781 999.0 999.0 1256
 3.875 1247.5  90  42  51   5.469 999.0 999.0 1242
 3.875 1252.5  90  42  54  -2.344 999.0 999.0 1247
 3.875 1257.5  90  42  51   2.344 270.0  30.0 1255
 3.875 1262.5  90  42  51   5.469 150.0  30.0 1273
 3.875 1267.5  90  42  51  -5.469 999.0 999.0 1260
 3.875 1277.5  90  42  51   5.469 999.0 999.0 1277
 3.875  290.0 -90  42  51  -3.906 999.0 999.0  298
 3.875  305.0 -90  42  51   5.469 999.0 999.0  317
 3.875  310.0 -90  42  54  -5.469 999.0 999.0  299
 3.875  320.0 -90  42  51   2.344 999.0 999.0  326
 3.875  325.0 -90  42  51  -0.781 999.0 999.0  317
 3.875  345.0 -90  42  51  -2.344 999.0 999.0  336
 3.875  347.5 -90  42  51   2.344 150.0  30.0  358
 3.875  355.0 -90  42  51   3.906 999.0 999.0  358
 3.875  520.0 -90  42  51  -5.469 999.0 999.0  532
 3.875  525.0 -90  42  51  -2.344 999.0 999.0  515
 3.875  530.0 -90  42  51  -5.469 999.0 999.0  542
 3.875  540.0 -90  42  51   5.469 999.0 999.0  552
 3.875  545.0 -90  42  51   3.906 999.0 999.0  535
 3.875  555.0 -90  42  54   5.469 999.0 999.0  544
 3.875  962.5 -90  42  51   2.344 999.0 999.0  977
 3.875  977.5 -90  42  51   0.781 999.0 999.0  977
 3.875  987.5 -90  42  51   0.781 999.0 999.0 1002
 3.875 1002.5 -90  42  54  -0.781 999.0 999.0 1003
 3.875 1007.5 -90  42  51  -0.781 999.0 999.0  993
 3.875 1017.5 -90  42  51  -2.344 999.0 999.0 1028
 3.875 1172.5 -90  42  51  -0.781 999.0 999.0 1159
 3.900  110.0  90  36  48   0.781 330.0  30.0  114
 3.900  112.5  90  36  51   0.781 270.0  30.0  116
 3.900  115.0  90  36  48   0.781 999.0 999.0  120
 3.900  117.5  90  36  45   0.781 150.0  30.0  119
 3.900  120.0  90  36  51   0.781 210.0  30.0  124
 3.900  122.5  90  36  51   0.781 210.0  30.0  126
 3.900  125.0  90  36  48   0.781 210.0  30.0  129
 3.900  212.5  90  36  51   0.781   0.0   0.0  217
 3.900  215.0  90  36  57   0.781   0.0   0.0  219
 3.900  217.5  90  36  45  -0.781 999.0 999.0  219
 3.900  220.0  90  36  57   0.781   0.0   0.0  225
 3.900  222.5  90  36  57   0.781   0.0   0.0  225
 3.900  225.0  90  36  45   0.781 999.0 999.0  228
 3.925  112.5  90  39  54   0.781 270.0  30.0  116
 3.925  212.5  90  39  48   0.781 999.0 999.0  219
 3.925  215.0  90  39  54  -0.781   0.0   0.0  219
 3.925  217.5  90  39  54   0.781   0.0   0.0  222
 3.925  220.0  90  39  60   0.781   0.0   0.0  224
 3.925  222.5  90  39  57   0.781   0.0   0.0  226
 3.950  110.0  90  45  54   0.781 330.0  30.0  109
 3.950  217.5  90  45  57  -0.781 999.0 999.0  222
 3.950  222.5  90  45  57   0.781   0.0   0.0  227
 3.975  107.5  90  39  48   0.781 330.0  30.0  107
 3.975  110.0  90  39  51   0.781 330.0  30.0  109
 3.975  112.5  90  39  54   0.781   0.0   0.0  116
 3.975  115.0  90  39  51   0.781 270.0  30.0  119
 3.975  117.5  90  39  51   0.781 270.0  30.0  122
 3.975  120.0  90  39  51   0.781 210.0  30.0  124
 3.975  217.5  90  39  54  -0.781   0.0   0.0  224
 3.975  220.0  90  39  60  -0.781 999.0 999.0  225
 3.975  222.5  90  39  63  -0.781   0.0   0.0  227
 3.975  225.0  90  39  54  -0.781   0.0   0.0  229
 3.975  230.0  90  39  48   0.781   0.0   0.0  236
 3.975  232.5  90  39  48   0.781   0.0   0.0  236
 4.000  220.0  90  48  57  -0.781 999.0 999.0  225
 4.000  225.0  90  48  60  -0.781   0.0   0.0  229
 4.000  220.0 -90  45  54  -5.469 999.0 999.0  207
 4.025  115.0  90  42  51   0.781 210.0  30.0  119
 4.025  117.5  90  42  51   0.781 330.0  30.0  114
 4.025  137.5  90  42  51   5.469  90.0  30.0  151
 4.025  182.5  90  42  51   2.344  90.0  30.0  178
 4.025  220.0  90  42  54  -0.781   0.0   0.0  225
 4.025  222.5  90  42  57   0.781   0.0   0.0  227
 4.025  225.0  90  42  63   0.781   0.0   0.0  229
 4.025  227.5  90  42  54   0.781   0.0   0.0  229
 4.025 1257.5  90  42  51  -3.906  90.0  30.0 1264
 4.025 1262.5  90  42  51   0.781  90.0  30.0 1248
 4.025  662.5 -90  45  54  -2.344  90.0  30.0  667
 4.025  955.0 -90  45  54  -0.781  90.0  30.0  966
 4.025  970.0 -90  45  54   3.906  90.0  30.0  984
 4.050  115.0  90  39  51   0.781 210.0  30.0  119
 4.050  117.5  90  39  48   0.781 210.0  30.0  120
 4.050  220.0  90  39  48   0.781 999.0 999.0  225
 4.050  222.5  90  39  54  -0.781 999.0 999.0  227
 4.050  225.0  90  39  54   2.344   0.0   0.0  227
 4.050  227.5  90  39  60  -0.781   0.0   0.0  231
 4.075  110.0  90  39  48   0.781 150.0  30.0  112
 4.075  222.5  90  39  54  -0.781   0.0   0.0  227
 4.075  225.0  90  39  60  -0.781 999.0 999.0  230
 4.075  227.5  90  39  63  -0.781 999.0 999.0  232
 4.075  230.0  90  39  54  -0.781 999.0 999.0  234
 4.075  232.5  90  39  51  -0.781 150.0  30.0  238
 4.100  225.0  90  42  54   0.781   0.0   0.0  230
 4.100  227.5  90  42  54   0.781 270.0  30.0  230
 4.100  230.0  90  42  57   0.781   0.0   0.0  235
 4.100  232.5  90  42  60   0.781 150.0  30.0  235
 4.125  115.0  90  39  54   0.781 210.0  30.0  119
 4.125  117.5  90  39  51   0.781 210.0  30.0  120
 4.125  120.0  90  39  51   0.781 210.0  30.0  123
 4.125  122.5  90  39  48   0.781 210.0  30.0  127
 4.125  225.0  90  39  51  -0.781   0.0   0.0  230
 4.125  227.5  90  39  51   0.781 270.0  30.0  231
 4.125  230.0  90  39  51  -0.781 270.0  30.0  233
 4.125  232.5  90  39  54   0.781   0.0   0.0  234
 4.125  235.0  90  39  54   0.781   0.0   0.0  238
 4.150  110.0  90  39  48   0.781 210.0  30.0  114
 4.150  112.5  90  39  48   0.781 210.0  30.0  116
 4.150  115.0  90  39  48   0.781 330.0  30.0  119
 4.150  122.5  90  39  48   0.781 210.0  30.0  126
 4.150  227.5  90  39  48  -0.781   0.0   0.0  233
 4.150  230.0  90  39  51   0.781 330.0  30.0  233
 4.150  232.5  90  39  54   0.781 999.0 999.0  237
 4.150  235.0  90  39  60   0.781   0.0   0.0  238
 4.150  237.5  90  39  51  -0.781  90.0  30.0  240
 4.175  115.0  90  39  48   0.781 150.0  30.0  119
 4.175  117.5  90  39  48   0.781 210.0  30.0  121
 4.175  120.0  90  39  48   0.781 210.0  30.0  124
 4.175  230.0  90  39  51  -0.781   0.0   0.0  235
 4.175  232.5  90  39  54  -0.781   0.0   0.0  236
 4.175  235.0  90  39  54   0.781   0.0   0.0  239
 4.175  237.5  90  39  57   0.781   0.0   0.0  240
 4.200  120.0  90  42  51   0.781 210.0  30.0  124
 4.200  232.5  90  42  57  -0.781   0.0   0.0  238
 4.200  235.0  90  42  60   0.781   0.0   0.0  238
 4.200  237.5  90  42  57  -0.781   0.0   0.0  243
 4.200  240.0  90  42  57   0.781   0.0   0.0  242
 4.225  232.5  90  39  54   0.781   0.0   0.0  238
 4.225  235.0  90  39  63  -0.781   0.0   0.0  239
 4.225  237.5  90  39  60   0.781   0.0   0.0  241
 4.225  240.0  90  39  57   0.781   0.0   0.0  243
 4.225  242.5  90  39  54   0.781 150.0  30.0  245
 4.250  112.5  90  39  48   0.781 210.0  30.0  117
 4.250  120.0  90  39  48   0.781 210.0  30.0  123
 4.250  232.5  90  39  48   0.781 999.0 999.0  237
 4.250  235.0  90  39  54  -0.781   0.0   0.0  239
 4.250  237.5  90  39  54  -0.781   0.0   0.0  244
 4.250  240.0  90  39  54   2.344   0.0   0.0  243
 4.250  242.5  90  39  60  -0.781 150.0  30.0  247
 4.250  245.0  90  39  57   0.781   0.0   0.0  248
 4.250  247.5  90  39  48   0.781 150.0  30.0  248
 4.250  695.0  90  39  48  -2.344 330.0  30.0  701
 4.250  705.0  90  39  48   5.469 330.0  30.0  710
 4.250  720.0  90  39  48  -5.469 150.0  30.0  710
 4.250  725.0  90  39  48   0.781 150.0  30.0  720
 4.250  730.0  90  39  48  -2.344 150.0  30.0  731
 4.250  735.0  90  39  48   2.344 330.0  30.0  734
 4.250  740.0  90  39  48  -0.781 330.0  30.0  726
 4.250  745.0  90  39  48  -0.781 270.0  30.0  739
 4.250  760.0  90  39  48   5.469 330.0  30.0  772
 4.250  850.0  90  39  48  -2.344 330.0  30.0  855
 4.250  855.0  90  39  48  -2.344 330.0  30.0  846
 4.250  860.0  90  39  48   3.906 270.0  30.0  868
 4.250  865.0  90  39  48  -5.469 330.0  30.0  879
 4.250  875.0  90  39  48  -3.906 330.0  30.0  873
 4.250  880.0  90  39  48  -5.469 270.0  30.0  867
 4.250  890.0  90  39  48   2.344 330.0  30.0  890
 4.250  900.0  90  39  48   2.344 270.0  30.0  908
 4.250  905.0  90  39  48  -3.906 270.0  30.0  902
 4.250  910.0  90  39  48  -3.906 150.0  30.0  907
 4.250  915.0  90  39  48   5.469 270.0  30.0  929
 4.250  952.5  90  39  51  -5.469 150.0  30.0  940
 4.250  957.5  90  39  48   0.781 150.0  30.0  960
 4.250  967.5  90  39  48   3.906 330.0  30.0  974
 4.250  972.5  90  39  48   3.906 330.0  30.0  979
 4.250  977.5  90  39  48   3.906 270.0  30.0  975
 4.250  982.5  90  39  48  -2.344 330.0  30.0  986
 4.250  987.5  90  39  48  -0.781 330.0  30.0  978
 4.250  992.5  90  39  48   2.344 330.0  30.0 1002
 4.250  997.5  90  39  48   2.344 330.0  30.0 1008
 4.250 1002.5  90  39  48   5.469 330.0  30.0 1007
 4.250 1007.5  90  39  48  -0.781 330.0  30.0 1016
 4.250 1012.5  90  39  48   3.906 330.0  30.0 1024
 4.250 1017.5  90  39  48  -2.344 330.0  30.0 1007
 4.250 1022.5  90  39  48  -2.344 330.0  30.0 1030
 4.250 1027.5  90  39  48   5.469 150.0  30.0 1034
 4.250  287.5 -90  42  51  -3.906 330.0  30.0  290
 4.250  422.5 -90  42  51  -2.344 270.0  30.0  408
 4.250  432.5 -90  42  51  -5.469 330.0  30.0  440
 4.250  442.5 -90  42  51   2.344 330.0  30.0  434
 4.250  457.5 -90  42  51   0.781 270.0  30.0  446
 4.250  462.5 -90  42  51   5.469 330.0  30.0  471
 4.250  467.5 -90  42  51   5.469 270.0  30.0  477
 4.250  487.5 -90  42  51   3.906 330.0  30.0  502
 4.250  492.5 -90  42  51  -3.906 330.0  30.0  478
 4.250  742.5 -90  42  51  -5.469 270.0  30.0  751
 4.250  767.5 -90  42  51   3.906 270.0  30.0  755
 4.250  787.5 -90  42  51  -0.781 270.0  30.0  781
 4.250  930.0 -90  42  54  -5.469 270.0  30.0  918
 4.250  935.0 -90  42  54   0.781 330.0  30.0  946
 4.250  940.0 -90  42  54   0.781 330.0  30.0  948
 4.250  955.0 -90  42  54   3.906 270.0  30.0  949
 4.250  960.0 -90  42  54   3.906 270.0  30.0  948
 4.250  965.0 -90  42  57  -0.781 270.0  30.0  960
 4.250  980.0 -90  42  51   2.344 270.0  30.0  990
 4.250  985.0 -90  42  54   0.781 270.0  30.0  989
 4.250  990.0 -90  42  54   3.906 270.0  30.0  989
 4.250 1000.0 -90  42  51  -5.469 270.0  30.0  994
 4.250 1185.0 -90  42  51   0.781 330.0  30.0 1187
 4.275  110.0  90  36  45   0.781 210.0  30.0  116
 4.275  112.5  90  36  45   0.781 210.0  30.0  118
 4.275  115.0  90  36  51   0.781 210.0  30.0  118
 4.275  117.5  90  36  48   0.781 210.0  30.0  120
 4.275  120.0  90  36  48   0.781 210.0  30.0  124
 4.275  122.5  90  36  45   0.781 210.0  30.0  125
 4.275  235.0  90  36  45  -0.781   0.0   0.0  239
 4.275  237.5  90  36  57  -0.781   0.0   0.0  243
 4.275  240.0  90  36  60  -0.781   0.0   0.0  244
 4.275  242.5  90  36  54  -0.781   0.0   0.0  247
 4.275  245.0  90  36  54  -0.781   0.0   0.0  248
 4.275  247.5  90  36  48   2.344   0.0   0.0  248
 4.300  117.5  90  36  48   0.781 330.0  30.0  121
 4.300  120.0  90  36  51   0.781 210.0  30.0  123
 4.300  122.5  90  36  45   0.781 330.0  30.0  126
 4.300  240.0  90  36  57  -0.781 999.0 999.0  245
 4.300  242.5  90  36  57   0.781   0.0   0.0  246
 4.300  245.0  90  36  63   0.781   0.0   0.0  249
 4.300  247.5  90  36  60   0.781 150.0  30.0  250
 4.300  250.0  90  36  51  -2.344   0.0   0.0  254
 4.300  107.5 -90  39  48  -0.781   0.0   0.0  111
 4.325  115.0  90  39  48   0.781 210.0  30.0  118
 4.325  245.0  90  39  54   0.781   0.0   0.0  249
 4.325  247.5  90  39  60   0.781   0.0   0.0  251
 4.325  250.0  90  39  60  -0.781   0.0   0.0  253
 4.325  252.5  90  39  54   0.781   0.0   0.0  256
 4.325  255.0  90  39  48   0.781   0.0   0.0  255
 4.325  105.0 -90  39  48   0.781   0.0   0.0  111
 4.350   80.0  90  36  45  -2.344  30.0  30.0   75
 4.350  115.0  90  36  45   0.781 210.0  30.0  120
 4.350  117.5  90  36  45   0.781 210.0  30.0  120
 4.350  120.0  90  36  48   0.781 210.0  30.0  123
 4.350  240.0  90  36  45  -0.781   0.0   0.0  245
 4.350  242.5  90  36  51  -0.781   0.0   0.0  249
 4.350  245.0  90  36  54  -0.781   0.0   0.0  251
 4.350  247.5  90  36  54  -0.781   0.0   0.0  251
 4.350  250.0  90  36  57  -0.781   0.0   0.0  255
 4.350  252.5  90  36  54  -0.781   0.0   0.0  257
 4.350  255.0  90  36  54  -0.781   0.0   0.0  258
 4.350  257.5  90  36  45   0.781 150.0  30.0  261
 4.350   80.0 -90  36  51  -2.344 330.0  30.0   71
 4.350   82.5 -90  36  48  -2.344 999.0 999.0   77
 4.350   85.0 -90  36  45  -2.344 330.0  30.0   75
 4.350  107.5 -90  36  48   0.781 999.0 999.0  111
 4.375  245.0  90  39  54  -0.781 999.0 999.0  251
 4.375  247.5  90  39  60  -0.781   0.0   0.0  252
 4.375  250.0  90  39  60  -0.781   0.0   0.0  254
 4.375  252.5  90  39  60   0.781   0.0   0.0  257
 4.375  255.0  90  39  57   0.781   0.0   0.0  258
 4.375  257.5  90  39  51   2.344 150.0  30.0  259
 4.400   80.0  90  39  48   2.344 999.0 999.0   74
 4.400  247.5  90  39  51  -0.781   0.0   0.0  253
 4.400  252.5  90  39  57  -0.781   0.0   0.0  257
 4.400  255.0  90  39  57  -0.781   0.0   0.0  258
 4.400  257.5  90  39  57   0.781   0.0   0.0  262
 4.400  260.0  90  39  57   0.781   0.0   0.0  264
 4.400  262.5  90  39  57   0.781   0.0   0.0  266
 4.400  265.0  90  39  51  -0.781   0.0   0.0  268
 4.425  255.0  90  39  57  -0.781   0.0   0.0  261
 4.425  257.5  90  39  63   0.781   0.0   0.0  262
 4.425  260.0  90  39  69   0.781   0.0   0.0  264
 4.425  262.5  90  39  63  -0.781   0.0   0.0  266
 4.425  265.0  90  39  51   0.781 150.0  30.0  264
 4.425  270.0  90  39  48   0.781 210.0  30.0  276
 4.450  255.0  90  39  51  -0.781   0.0   0.0  260
 4.450  257.5  90  39  54   0.781   0.0   0.0  260
 4.450  260.0  90  39  57  -0.781   0.0   0.0  265
 4.450  262.5  90  39  51   0.781 150.0  30.0  268
 4.450  265.0  90  39  54  -0.781   0.0   0.0  268
 4.450  267.5  90  39  51   0.781   0.0   0.0  272
 4.450  270.0  90  39  48   0.781   0.0   0.0  273
 4.450  105.0 -90  39  48   0.781   0.0   0.0  111
 4.475  260.0  90  45  54  -0.781 999.0 999.0  264
 4.475  265.0  90  45  54   0.781 999.0 999.0  270
 4.475  267.5  90  45  54  -0.781   0.0   0.0  270
 4.475  277.5  90  45  54   3.906 150.0  30.0  285
 4.475 1065.0  90  45  54   5.469  90.0  30.0 1071
 4.475 1095.0  90  45  54   5.469 150.0  30.0 1083
 4.475  755.0 -90  42  51   2.344  90.0  30.0  762
 4.500  262.5  90  36  45  -0.781   0.0   0.0  264
 4.500  265.0  90  36  51  -0.781 999.0 999.0  270
 4.500  267.5  90  36  60   0.781   0.0   0.0  271
 4.500  270.0  90  36  51   0.781  90.0  30.0  274
 4.500  272.5  90  36  54   0.781   0.0   0.0  277
 4.500  275.0  90  36  48  -0.781 150.0  30.0  279
 4.500  277.5  90  36  51   0.781   0.0   0.0  281
 4.500  725.0  90  36  45   0.781 210.0  30.0  725
 4.500  995.0  90  36  45   2.344 210.0  30.0  982
 4.500 1000.0  90  36  45  -2.344 999.0 999.0 1006
 4.500 1005.0  90  36  45  -0.781 210.0  30.0 1012
 4.500 1010.0  90  36  45   5.469 210.0  30.0  997
 4.500 1030.0  90  36  45  -3.906 999.0 999.0 1039
 4.500 1035.0  90  36  45  -5.469 210.0  30.0 1036
 4.500 1045.0  90  36  45  -2.344 210.0  30.0 1053
 4.500 1055.0  90  36  45   0.781 999.0 999.0 1046
 4.500 1060.0  90  36  45  -5.469 210.0  30.0 1062
 4.525  122.5  90  33  42   0.781 210.0  30.0  125
 4.525  267.5  90  33  51   0.781   0.0   0.0  272
 4.525  270.0  90  33  57   0.781   0.0   0.0  275
 4.525  272.5  90  33  57  -0.781   0.0   0.0  276
 4.525  275.0  90  33  54   0.781   0.0   0.0  279
 4.525  277.5  90  33  54   0.781   0.0   0.0  281
 4.525  280.0  90  33  51   0.781   0.0   0.0  285
 4.525  282.5  90  33  48   0.781   0.0   0.0  286
 4.525  285.0  90  33  42   0.781 210.0  30.0  287
 4.550  240.0  90  48  57   2.344 150.0  30.0  232
 4.550  277.5  90  48  60   0.781   0.0   0.0  282
 4.550  362.5  90  48  57  -0.781 150.0  30.0  368
 4.550 1282.5  90  48  57  -5.469 150.0  30.0 1268
 4.575  275.0  90  39  51  -0.781   0.0   0.0  281
 4.575  277.5  90  39  57  -0.781   0.0   0.0  282
 4.575  280.0  90  39  51  -0.781   0.0   0.0  284
 4.575  282.5  90  39  54  -0.781   0.0   0.0  287
 4.575  285.0  90  39  51  -0.781 150.0  30.0  290
 4.575  287.5  90  39  51   0.781 150.0  30.0  290
 4.575  290.0  90  39  51   0.781   0.0   0.0  295
 4.575  292.5  90  39  48   0.781 270.0  30.0  291
 4.600  275.0  90  36  45  -0.781   0.0   0.0  279
 4.600  280.0  90  36  54   0.781   0.0   0.0  285
 4.600  282.5  90  36  51   0.781   0.0   0.0  286
 4.600  285.0  90  36  51  -0.781   0.0   0.0  290
 4.600  287.5  90  36  45  -0.781  90.0  30.0  289
 4.600  290.0  90  36  51   0.781 150.0  30.0  295
 4.600  292.5  90  36  57   0.781   0.0   0.0  296
 4.600  295.0  90  36  45  -0.781   0.0   0.0  295
 4.600  297.5  90  36  45   0.781   0.0   0.0  301
 4.600  300.0  90  36  45   0.781   0.0   0.0  304
 4.600  697.5 -90  36  45  -0.781 270.0  30.0  710
 4.625  292.5  90  51  60   0.781   0.0   0.0  296
 4.625  102.5 -90  42  51  -0.781 270.0  30.0   98
 4.625  105.0 -90  42  51  -2.344 270.0  30.0  113
 4.625  112.5 -90  42  51  -5.469 270.0  30.0  108
 4.625  175.0 -90  42  51  -2.344 999.0 999.0  168
 4.625  177.5 -90  42  54   3.906 270.0  30.0  173
 4.625  180.0 -90  42  51  -0.781 270.0  30.0  176
 4.625  182.5 -90  42  51   2.344 270.0  30.0  168
 4.625  187.5 -90  42  51  -0.781 270.0  30.0  202
 4.625  197.5 -90  42  54  -3.906 270.0  30.0  199
 4.625  205.0 -90  42  51  -5.469 270.0  30.0  207
 4.625  207.5 -90  42  51  -3.906 270.0  30.0  216
 4.625  210.0 -90  42  51  -2.344 270.0  30.0  217
 4.625  212.5 -90  42  51   3.906 270.0  30.0  215
 4.625  215.0 -90  42  51   3.906 270.0  30.0  216
 4.625  217.5 -90  42  51  -3.906 270.0  30.0  230
 4.625  222.5 -90  42  51   5.469 270.0  30.0  208
 4.625  227.5 -90  42  51  -2.344 270.0  30.0  221
 4.625  232.5 -90  42  51   0.781 270.0  30.0  237
 4.625  237.5 -90  42  54   5.469 270.0  30.0  240
 4.625  562.5 -90  42  51  -2.344 999.0 999.0  559
 4.625  842.5 -90  42  51   3.906 270.0  30.0  841
 4.625  847.5 -90  42  54  -3.906 270.0  30.0  857
 4.625  852.5 -90  42  51  -2.344 270.0  30.0  847
 4.625  855.0 -90  42  51  -3.906 270.0  30.0  850
 4.625  860.0 -90  42  54   3.906 270.0  30.0  853
 4.625  867.5 -90  42  54  -2.344 270.0  30.0  869
 4.625  870.0 -90  42  51  -3.906 270.0  30.0  865
 4.625  872.5 -90  42  51  -5.469 270.0  30.0  876
 4.625  877.5 -90  42  54   3.906 270.0  30.0  888
 4.625  882.5 -90  42  57   2.344 270.0  30.0  897
 4.625  887.5 -90  42  51   5.469 270.0  30.0  885
 4.625  890.0 -90  42  54  -0.781 270.0  30.0  893
 4.625  892.5 -90  42  51  -3.906 270.0  30.0  900
 4.625  897.5 -90  42  51   3.906 330.0  30.0  884
 4.625  900.0 -90  42  54   5.469 270.0  30.0  888
 4.625  902.5 -90  42  51  -3.906 270.0  30.0  913
 4.625  907.5 -90  42  54   0.781 270.0  30.0  919
 4.625  912.5 -90  42  51   0.781 270.0  30.0  920
 4.625  932.5 -90  42  51  -3.906 270.0  30.0  937
 4.625 1132.5 -90  42  51  -0.781 270.0  30.0 1144
 4.650  290.0  90  36  48   0.781 999.0 999.0  294
 4.650  292.5  90  36  45  -0.781   0.0   0.0  299
 4.650  297.5  90  36  51  -0.781   0.0   0.0  303
 4.650  300.0  90  36  48   0.781   0.0   0.0  304
 4.650  302.5  90  36  48   0.781   0.0   0.0  305
 4.650  307.5  90  36  45   0.781   0.0   0.0  313
 4.650  310.0  90  36  48   0.781 150.0  30.0  313
 4.650  312.5  90  36  48   0.781   0.0   0.0  316
 4.675  292.5  90  36  45   0.781   0.0   0.0  295
 4.675  295.0  90  36  45  -0.781   0.0   0.0  300
 4.675  297.5  90  36  45  -0.781   0.0   0.0  301
 4.675  300.0  90  36  48   0.781   0.0   0.0  304
 4.675  302.5  90  36  51   0.781   0.0   0.0  306
 4.675  305.0  90  36  51  -0.781   0.0   0.0  308
 4.675  307.5  90  36  54  -0.781   0.0   0.0  313
 4.675  310.0  90  36  51  -0.781   0.0   0.0  313
 4.675  312.5  90  36  51   0.781   0.0   0.0  317
 4.675  315.0  90  36  48  -0.781   0.0   0.0  316
 4.675  317.5  90  36  51   0.781   0.0   0.0  321
 4.675  320.0  90  36  45  -0.781   0.0   0.0  324
 4.700  295.0  90  33  42  -0.781   0.0   0.0  302
 4.700  300.0  90  33  42   0.781 999.0 999.0  306
 4.700  302.5  90  33  45   0.781   0.0   0.0  307
 4.700  305.0  90  33  48   0.781   0.0   0.0  309
 4.700  307.5  90  33  45   0.781   0.0   0.0  310
 4.700  310.0  90  33  45  -0.781   0.0   0.0  316
 4.700  312.5  90  33  48  -0.781   0.0   0.0  317
 4.700  317.5  90  33  51   0.781   0.0   0.0  321
 4.700  320.0  90  33  45   0.781   0.0   0.0  325
 4.700  322.5  90  33  48   0.781   0.0   0.0  326
 4.700  325.0  90  33  45  -0.781 150.0  30.0  329
 4.700  327.5  90  33  51   0.781   0.0   0.0  331
 4.700  330.0  90  33  48   0.781   0.0   0.0  334
 4.700  332.5  90  33  45   0.781   0.0   0.0  335
 4.700  335.0  90  33  42  -0.781   0.0   0.0  339
 4.725  312.5  90  39  48   0.781   0.0   0.0  315
 4.725  315.0  90  39  51   0.781   0.0   0.0  319
 4.725  317.5  90  39  48   0.781   0.0   0.0  321
 4.725  320.0  90  39  48  -0.781   0.0   0.0  325
 4.725  322.5  90  39  54  -0.781   0.0   0.0  327
 4.725  325.0  90  39  51  -0.781   0.0   0.0  331
 4.725  327.5  90  39  51  -0.781 999.0 999.0  331
 4.725  335.0  90  39  48  -0.781 999.0 999.0  339
 4.725  345.0  90  39  48   0.781 150.0  30.0  350
 4.750  312.5  90  36  48  -0.781   0.0   0.0  316
 4.750  315.0  90  36  48   0.781   0.0   0.0  320
 4.750  317.5  90  36  48   0.781 999.0 999.0  322
 4.750  320.0  90  36  51   0.781   0.0   0.0  326
 4.750  322.5  90  36  48   0.781 999.0 999.0  326
 4.750  325.0  90  36  48  -0.781   0.0   0.0  328
 4.750  327.5  90  36  51  -0.781   0.0   0.0  332
 4.750  330.0  90  36  51   0.781   0.0   0.0  335
 4.750  332.5  90  36  54   0.781   0.0   0.0  337
 4.750  335.0  90  36  51  -0.781   0.0   0.0  339
 4.750  337.5  90  36  51   0.781   0.0   0.0  341
 4.750  340.0  90  36  45  -0.781   0.0   0.0  344
 4.750  342.5  90  36  45  -0.781 150.0  30.0  348
 4.750  347.5  90  36  51  -0.781   0.0   0.0  352
 4.750  350.0  90  36  51   0.781   0.0   0.0  354
 4.750  352.5  90  36  48   0.781 150.0  30.0  355
 4.750  415.0  90  36  45  -2.344  90.0  30.0  410
 4.750  990.0  90  36  45   3.906  90.0  30.0 1002
 4.750 1005.0  90  36  45  -0.781 150.0  30.0 1009
 4.750 1015.0  90  36  45   2.344  90.0  30.0 1003
 4.750 1192.5  90  36  45  -5.469  90.0  30.0 1199
 4.775  317.5  90  39  48  -0.781 999.0 999.0  322
 4.775  322.5  90  39  48  -0.781   0.0   0.0  327
 4.775  330.0  90  39  51   0.781   0.0   0.0  334
 4.775  337.5  90  39  51   0.781   0.0   0.0  342
 4.775  340.0  90  39  51   0.781   0.0   0.0  344
 4.775  342.5  90  39  54   0.781   0.0   0.0  347
 4.775  345.0  90  39  48   0.781   0.0   0.0  349
 4.775  347.5  90  39  48  -0.781   0.0   0.0  354
 4.775  350.0  90  39  54  -0.781   0.0   0.0  354
 4.775  352.5  90  39  51   0.781   0.0   0.0  356
 4.775  355.0  90  39  48  -0.781 999.0 999.0  360
 4.775  362.5  90  39  48  -0.781   0.0   0.0  367
 4.775  837.5  90  39  48  -2.344 150.0  30.0  832
 4.775  857.5  90  39  48  -5.469 150.0  30.0  864
 4.775  977.5  90  39  48  -3.906 150.0  30.0  980
 4.775 1117.5  90  39  48   2.344 150.0  30.0 1129
 4.775 1125.0  90  39  48   3.906 150.0  30.0 1114
 4.800  337.5  90  36  48   0.781   0.0   0.0  343
 4.800  340.0  90  36  45   0.781   0.0   0.0  343
 4.800  342.5  90  36  48   0.781   0.0   0.0  347
 4.800  345.0  90  36  51   0.781   0.0   0.0  349
 4.800  347.5  90  36  48  -0.781   0.0   0.0  352
 4.800  350.0  90  36  54  -0.781   0.0   0.0  354
 4.800  352.5  90  36  45   0.781   0.0   0.0  356
 4.800  355.0  90  36  45   0.781   0.0   0.0  360
 4.800  357.5  90  36  51   0.781   0.0   0.0  361
 4.800  362.5  90  36  48  -0.781   0.0   0.0  367
 4.800  365.0  90  36  51  -0.781   0.0   0.0  370
 4.800  367.5  90  36  45  -0.781   0.0   0.0  372
 4.800  372.5  90  36  48  -0.781   0.0   0.0  379
 4.800  382.5  90  36  45  -0.781 999.0 999.0  387
 4.800  385.0  90  36  45  -0.781   0.0   0.0  388
 4.800 1280.0 -90  36  45  -3.906 210.0  30.0 1279
 4.825  340.0  90  36  45  -0.781   0.0   0.0  346
 4.825  342.5  90  36  48  -0.781   0.0   0.0  346
 4.825  347.5  90  36  45  -0.781   0.0   0.0  352
 4.825  350.0  90  36  48  -0.781 999.0 999.0  355
 4.825  352.5  90  36  45  -0.781   0.0   0.0  358
 4.825  357.5  90  36  48  -0.781   0.0   0.0  364
 4.825  360.0  90  36  45  -0.781   0.0   0.0  364
 4.825  362.5  90  36  51   0.781 999.0 999.0  367
 4.825  365.0  90  36  51   0.781   0.0   0.0  369
 4.825  370.0  90  36  45   0.781   0.0   0.0  375
 4.825  375.0  90  36  51  -0.781   0.0   0.0  380
 4.825  377.5  90  36  48   0.781   0.0   0.0  381
 4.825  380.0  90  36  51  -0.781   0.0   0.0  385
 4.825  382.5  90  36  48  -0.781   0.0   0.0  385
 4.825  385.0  90  36  45   0.781 999.0 999.0  391
 4.825  387.5  90  36  48   0.781   0.0   0.0  391
 4.825  390.0  90  36  45  -0.781   0.0   0.0  394
 4.825  395.0  90  36  51  -0.781   0.0   0.0  399
 4.825  397.5  90  36  45  -0.781   0.0   0.0  401
 4.825  400.0  90  36  48   0.781   0.0   0.0  403
 4.825  405.0  90  36  48  -0.781   0.0   0.0  410
 4.825  407.5  90  36  45   0.781   0.0   0.0  413
 4.825  410.0  90  36  45   0.781 150.0  30.0  411
 4.825  412.5  90  36  45   0.781 150.0  30.0  417
 4.850  360.0  90  39  48  -0.781   0.0   0.0  364
 4.850  362.5  90  39  54   0.781   0.0   0.0  367
 4.850  365.0  90  39  51   0.781 999.0 999.0  369
 4.850  367.5  90  39  48  -0.781   0.0   0.0  371
 4.850  370.0  90  39  51   0.781 999.0 999.0  373
 4.850  372.5  90  39  48  -0.781   0.0   0.0  379
 4.850  375.0  90  39  48  -0.781   0.0   0.0  378
 4.850  390.0  90  39  48  -0.781   0.0   0.0  395
 4.850  392.5  90  39  51  -0.781   0.0   0.0  397
 4.850  400.0  90  39  51   0.781   0.0   0.0  405
 4.850  415.0  90  39  48  -0.781   0.0   0.0  420
 4.850  417.5  90  39  51  -0.781   0.0   0.0  422
 4.850  420.0  90  39  48  -0.781   0.0   0.0  424
 4.875  397.5  90  39  51   0.781   0.0   0.0  401
 4.875  400.0  90  39  51  -0.781   0.0   0.0  405
 4.875  405.0  90  39  54  -0.781 999.0 999.0  409
 4.875  407.5  90  39  48   0.781   0.0   0.0  411
 4.875  417.5  90  39  48  -0.781   0.0   0.0  421
 4.875  420.0  90  39  48  -0.781   0.0   0.0  424
 4.875  432.5  90  39  48  -0.781   0.0   0.0  437
 4.875  437.5  90  39  48  -0.781   0.0   0.0  442
 4.875  440.0  90  39  48  -0.781   0.0   0.0  446
 4.875  442.5  90  39  51  -0.781   0.0   0.0  447
 4.875  445.0  90  39  51  -0.781   0.0   0.0  450
 4.900  412.5  90  39  48  -0.781 999.0 999.0  417
 4.900  437.5  90  39  48  -0.781 999.0 999.0  444
 4.900  467.5  90  39  48  -0.781   0.0   0.0  474
 5.025  250.0 -90  36  45  -0.781 999.0 999.0  254
 5.125  625.0  90  39  48   0.781   0.0   0.0  629
 5.125  627.5  90  39  48  -0.781   0.0   0.0  631
 5.150  582.5  90  39  48  -0.781   0.0   0.0  588
 5.150  585.0  90  39  48   0.781   0.0   0.0  589
 5.200  542.5  90  39  48   0.781   0.0   0.0  547
 5.200  555.0  90  39  48   0.781   0.0   0.0  559
 5.200  562.5  90  39  48   0.781   0.0   0.0  566
 5.200  570.0  90  39  48   0.781   0.0   0.0  572
 5.200  575.0  90  39  48   0.781   0.0   0.0  578
 5.225  527.5  90  39  48  -0.781   0.0   0.0  532
 5.225  530.0  90  39  48  -0.781   0.0   0.0  536
 5.225  532.5  90  39  51   0.781   0.0   0.0  538
 5.225  535.0  90  39  54   0.781   0.0   0.0  539
 5.225  537.5  90  39  54  -0.781   0.0   0.0  541
 5.225  542.5  90  39  48   0.781 210.0  30.0  547
 5.225  545.0  90  39  48   0.781   0.0   0.0  550
 5.225  547.5  90  39  48   0.781   0.0   0.0  550
 5.225  582.5  90  39  48  -0.781   0.0   0.0  585
 5.225  612.5  90  39  48  -0.781   0.0   0.0  618
 5.275  512.5  90  39  51   0.781   0.0   0.0  516
 5.275  515.0  90  39  48   0.781 150.0  30.0  519
 5.275  517.5  90  39  54   0.781   0.0   0.0  521
 5.275  520.0  90  39  48  -0.781   0.0   0.0  527
 5.275  522.5  90  39  48  -0.781   0.0   0.0  526
 5.275  535.0  90  39  48   0.781   0.0   0.0  539
 5.275  585.0  90  39  48  -0.781   0.0   0.0  590
 5.275  267.5 -90  39  48   0.781   0.0   0.0  273
 5.300  507.5  90  39  48   0.781   0.0   0.0  511
 5.300  510.0  90  39  48   0.781   0.0   0.0  514
 5.300  515.0  90  39  48  -0.781   0.0   0.0  518
 5.300  520.0  90  39  48   0.781   0.0   0.0  523
 5.300  570.0  90  39  48  -0.781   0.0   0.0  574
 5.300  572.5  90  39  48  -0.781   0.0   0.0  578
 5.300  267.5 -90  39  48  -0.781   0.0   0.0  273
 5.325  505.0  90  39  51   0.781   0.0   0.0  508
 5.325  507.5  90  39  48   0.781  90.0  30.0  508
 5.325  512.5  90  39  48  -0.781 150.0  30.0  513
 5.325  517.5  90  39  48   0.781 150.0  30.0  523
 5.325  527.5  90  39  48   0.781   0.0   0.0  531
 5.350  507.5  90  42  51   0.781   0.0   0.0  512
 5.375  492.5  90  39  48   0.781   0.0   0.0  496
 5.375  505.0  90  39  48  -0.781   0.0   0.0  510
 5.400  497.5  90  39  51   2.344   0.0   0.0  502
 5.400  500.0  90  39  48   0.781 150.0  30.0  502
 5.400  502.5  90  39  48  -0.781   0.0   0.0  508
 5.400  505.0  90  39  48   0.781   0.0   0.0  508
 5.400  507.5  90  39  51  -0.781   0.0   0.0  511
 5.400  525.0  90  39  48  -0.781   0.0   0.0  531
 5.400  940.0  90  39  48  -5.469 210.0  30.0  945
 5.425  495.0  90  42  51   0.781   0.0   0.0  498
 5.425  497.5  90  42  51   0.781   0.0   0.0  501
 5.425  502.5  90  42  51   0.781   0.0   0.0  506
 5.425  510.0  90  42  51  -0.781   0.0   0.0  514
 5.450  500.0  90  42  51   0.781   0.0   0.0  505
 5.475  490.0  90  42  54   0.781   0.0   0.0  495
 5.475  492.5  90  42  54   0.781   0.0   0.0  496
 5.475  495.0  90  42  54   0.781   0.0   0.0  498
 5.475  515.0  90  42  51  -0.781   0.0   0.0  521
 5.525  472.5  90  45  54  -0.781  30.0  30.0  467
 5.525  492.5  90  45  54   0.781   0.0   0.0  497
 5.525 1105.0 -90  48  57  -2.344 270.0  30.0 1115
 5.550  492.5  90  42  57   0.781   0.0   0.0  497
 5.550  495.0  90  42  54   0.781   0.0   0.0  499
 5.550  500.0  90  42  51  -0.781   0.0   0.0  505
 5.550  512.5  90  42  51  -0.781   0.0   0.0  518
 5.575  490.0  90  42  51   0.781   0.0   0.0  494
 5.575  495.0  90  42  51  -0.781   0.0   0.0  501
 5.575  497.5  90  42  54   0.781   0.0   0.0  501
 5.600  492.5  90  39  48   0.781   0.0   0.0  495
 5.600  495.0  90  39  48  -0.781   0.0   0.0  499
 5.600  497.5  90  39  48  -0.781   0.0   0.0  500
 5.600  502.5  90  39  48  -0.781 999.0 999.0  510
 5.600  505.0  90  39  48  -0.781   0.0   0.0  509
 5.600  507.5  90  39  48  -0.781 999.0 999.0  511
 5.600  512.5  90  39  51  -0.781   0.0   0.0  516
 5.600  515.0  90  39  48  -0.781   0.0   0.0  519
 5.625  492.5  90  39  51   0.781   0.0   0.0  497
 5.625  495.0  90  39  54  -0.781   0.0   0.0  501
 5.625  497.5  90  39  63   0.781   0.0   0.0  501
 5.625  500.0  90  39  48  -0.781   0.0   0.0  503
 5.625  505.0  90  39  51  -0.781   0.0   0.0  509
 5.625  507.5  90  39  54  -0.781   0.0   0.0  513
 5.625  510.0  90  39  48  -0.781   0.0   0.0  514
 5.625  515.0  90  39  48  -0.781   0.0   0.0  521
 5.650  492.5  90  39  51   0.781   0.0   0.0  497
 5.650  495.0  90  39  57   0.781   0.0   0.0  499
 5.650  497.5  90  39  57   0.781   0.0   0.0  502
 5.650  500.0  90  39  60   0.781   0.0   0.0  504
 5.650  502.5  90  39  54   0.781   0.0   0.0  504
 5.650  507.5  90  39  51  -0.781   0.0   0.0  511
 5.650  510.0  90  39  51  -0.781 999.0 999.0  514
 5.650  515.0  90  39  48  -0.781   0.0   0.0  519
 5.650 1002.5  90  39  48   0.781 210.0  30.0 1010
 5.650 1025.0  90  39  48   3.906 210.0  30.0 1020
 5.650 1035.0  90  39  48   0.781 210.0  30.0 1028
 5.650 1045.0  90  39  48  -5.469 210.0  30.0 1040
 5.650 1055.0  90  39  48   0.781 210.0  30.0 1060
 5.650 1080.0  90  39  48  -2.344  90.0  30.0 1078
 5.650 1107.5  90  39  48  -2.344 210.0  30.0 1108
 5.650 1132.5  90  39  48   2.344 210.0  30.0 1147
 5.650 1137.5  90  39  51  -3.906 210.0  30.0 1135
 5.650 1147.5  90  39  48  -2.344 210.0  30.0 1135
 5.650 1152.5  90  39  48  -5.469 210.0  30.0 1154
 5.650 1172.5  90  39  48   2.344 210.0  30.0 1185
 5.650 1177.5  90  39  48   2.344 210.0  30.0 1192
 5.675  497.5  90  36  48  -0.781   0.0   0.0  504
 5.675  500.0  90  36  51   0.781   0.0   0.0  504
 5.675  502.5  90  36  51   0.781   0.0   0.0  504
 5.675  505.0  90  36  51  -0.781   0.0   0.0  509
 5.675  507.5  90  36  45   0.781   0.0   0.0  509
 5.675  510.0  90  36  48  -0.781   0.0   0.0  515
 5.675  512.5  90  36  54  -0.781   0.0   0.0  517
 5.700  495.0  90  36  48   0.781   0.0   0.0  500
 5.700  497.5  90  36  51  -0.781   0.0   0.0  501
 5.700  500.0  90  36  54   0.781   0.0   0.0  505
 5.700  502.5  90  36  48  -0.781   0.0   0.0  507
 5.700  505.0  90  36  57  -0.781   0.0   0.0  510
 5.700  507.5  90  36  60   0.781   0.0   0.0  511
 5.700  510.0  90  36  51  -0.781   0.0   0.0  513
 5.700  512.5  90  36  57  -0.781   0.0   0.0  517
 5.700  515.0  90  36  48  -0.781 999.0 999.0  518
 5.700  517.5  90  36  45  -0.781   0.0   0.0  520
 5.725  497.5  90  36  48   0.781   0.0   0.0  502
 5.725  502.5  90  36  48  -0.781   0.0   0.0  507
 5.725  505.0  90  36  48   0.781 210.0  30.0  508
 5.725  507.5  90  36  51   0.781   0.0   0.0  511
 5.725  510.0  90  36  45   0.781   0.0   0.0  513
 5.725  512.5  90  36  48  -0.781   0.0   0.0  517
 5.725  515.0  90  36  48  -0.781   0.0   0.0  520
 5.725  517.5  90  36  45  -0.781   0.0   0.0  521
 5.750  502.5  90  36  51  -0.781   0.0   0.0  508
 5.750  507.5  90  36  54  -0.781 270.0  30.0  512
 5.750  510.0  90  36  54   0.781 999.0 999.0  513
 5.750  512.5  90  36  54  -0.781 999.0 999.0  517
 5.750  515.0  90  36  48  -0.781   0.0   0.0  523
 5.750  517.5  90  36  54  -0.781 999.0 999.0  521
 5.775  502.5  90  36  45   0.781 330.0  30.0  509
 5.775  505.0  90  36  48   0.781   0.0   0.0  509
 5.775  507.5  90  36  54   0.781   0.0   0.0  511
 5.775  510.0  90  36  54   0.781   0.0   0.0  514
 5.775  512.5  90  36  57   0.781   0.0   0.0  516
 5.775  515.0  90  36  51  -0.781   0.0   0.0  519
 5.775  517.5  90  36  45  -0.781   0.0   0.0  525
 5.800  505.0  90  36  48  -0.781   0.0   0.0  510
 5.800  507.5  90  36  51  -0.781   0.0   0.0  512
 5.800  510.0  90  36  45  -0.781 150.0  30.0  519
 5.800  512.5  90  36  54  -0.781 999.0 999.0  517
 5.800  515.0  90  36  51   0.781   0.0   0.0  518
 5.800  517.5  90  36  45  -0.781  90.0  30.0  523
 5.800  520.0  90  36  51  -0.781   0.0   0.0  525
 5.800  522.5  90  36  48  -0.781   0.0   0.0  525
 5.825  507.5  90  36  45   0.781   0.0   0.0  513
 5.825  512.5  90  36  48  -0.781 999.0 999.0  517
 5.825  517.5  90  36  48   0.781   0.0   0.0  521
 5.825  525.0  90  36  45  -0.781   0.0   0.0  530
 5.825  620.0 -90  36  45   0.781   0.0   0.0  624
 5.850  510.0  90  36  45  -0.781   0.0   0.0  517
 5.850  512.5  90  36  48  -0.781   0.0   0.0  516
 5.850  517.5  90  36  51   0.781   0.0   0.0  523
 5.850  520.0  90  36  51   0.781   0.0   0.0  523
 5.850  522.5  90  36  45   0.781 150.0  30.0  525
 5.850  525.0  90  36  48  -0.781   0.0   0.0  529
 5.850  527.5  90  36  48  -0.781   0.0   0.0  533
 5.850  530.0  90  36  45   0.781 150.0  30.0  533
 5.850  532.5  90  36  45   0.781   0.0   0.0  536
 5.875  517.5  90  36  51   0.781   0.0   0.0  522
 5.875  520.0  90  36  57  -0.781   0.0   0.0  524
 5.875  522.5  90  36  48  -0.781   0.0   0.0  526
 5.875  525.0  90  36  48  -0.781   0.0   0.0  529
 5.875  527.5  90  36  54  -0.781   0.0   0.0  532
 5.875  530.0  90  36  57  -0.781   0.0   0.0  535
 5.875  532.5  90  36  48  -0.781   0.0   0.0  537
 5.875  535.0  90  36  45   0.781   0.0   0.0  536
 5.900  522.5  90  36  51  -0.781   0.0   0.0  528
 5.900  525.0  90  36  57  -0.781   0.0   0.0  529
 5.900  527.5  90  36  51  -0.781   0.0   0.0  531
 5.900  530.0  90  36  54  -0.781   0.0   0.0  535
 5.900  532.5  90  36  51  -0.781   0.0   0.0  536
 5.900  535.0  90  36  48  -0.781   0.0   0.0  541
 5.900  537.5  90  36  48  -0.781   0.0   0.0  541
 5.900  540.0  90  36  48   0.781   0.0   0.0  543
 5.925  527.5  90  39  51  -0.781 999.0 999.0  533
 5.925  532.5  90  39  57  -0.781 999.0 999.0  537
 5.925  545.0  90  39  48   0.781   0.0   0.0  549
 5.925  597.5 -90  39  48  -0.781   0.0   0.0  603
 5.950  527.5  90  36  48  -0.781 999.0 999.0  533
 5.950  530.0  90  36  54  -0.781   0.0   0.0  535
 5.950  532.5  90  36  57  -0.781   0.0   0.0  537
 5.950  535.0  90  36  54  -0.781   0.0   0.0  540
 5.950  537.5  90  36  51  -0.781   0.0   0.0  542
 5.950  540.0  90  36  48  -0.781   0.0   0.0  542
 5.950  590.0 -90  36  45  -0.781   0.0   0.0  595
 5.975  150.0  90  42  51  -5.469 270.0  30.0  160
 5.975  190.0  90  42  51   2.344 270.0  30.0  179
 5.975  195.0  90  42  54   0.781 270.0  30.0  209
 5.975  200.0  90  42  54   5.469  30.0  30.0  196
 5.975  202.5  90  42  51  -3.906 270.0  30.0  205
 5.975  210.0  90  42  51   0.781 270.0  30.0  199
 5.975  215.0  90  42  51  -2.344  30.0  30.0  222
 5.975  220.0  90  42  54   2.344 270.0  30.0  224
 5.975  225.0  90  42  51  -0.781 270.0  30.0  236
 5.975  252.5  90  42  51   2.344 270.0  30.0  245
 5.975  260.0  90  42  51   2.344  30.0  30.0  264
 5.975  270.0  90  42  51   0.781 270.0  30.0  266
 5.975  302.5  90  42  51  -0.781 270.0  30.0  293
 5.975  307.5  90  42  57  -2.344 270.0  30.0  310
 5.975  310.0  90  42  54   3.906  30.0  30.0  304
 5.975  312.5  90  42  54   5.469 270.0  30.0  304
 5.975  317.5  90  42  51   2.344 270.0  30.0  313
 5.975  325.0  90  42  51  -2.344 270.0  30.0  325
 5.975  337.5  90  42  54   5.469 270.0  30.0  329
 5.975  340.0  90  42  51  -3.906 270.0  30.0  348
 5.975  345.0  90  42  51   3.906 270.0  30.0  336
 5.975  355.0  90  42  51  -5.469 270.0  30.0  348
 5.975  360.0  90  42  51  -2.344  30.0  30.0  367
 5.975  365.0  90  42  51  -0.781 270.0  30.0  374
 5.975  372.5  90  42  51   5.469 270.0  30.0  370
 5.975  375.0  90  42  54   3.906 270.0  30.0  383
 5.975  377.5  90  42  51  -0.781  30.0  30.0  391
 5.975  382.5  90  42  51   3.906 270.0  30.0  369
 5.975  392.5  90  42  54  -3.906 270.0  30.0  386
 5.975  395.0  90  42  54   2.344 270.0  30.0  396
 5.975  397.5  90  42  51   2.344 270.0  30.0  393
 5.975  400.0  90  42  54   0.781 270.0  30.0  395
 5.975  420.0  90  42  54   3.906 270.0  30.0  414
 5.975  432.5  90  42  51  -3.906 270.0  30.0  440
 5.975  435.0  90  42  51   3.906 270.0  30.0  444
 5.975  440.0  90  42  51  -5.469  90.0  30.0  434
 5.975  445.0  90  42  54  -2.344 270.0  30.0  458
 5.975  457.5  90  42  51   0.781 270.0  30.0  461
 5.975  470.0  90  42  51   3.906 270.0  30.0  484
 5.975  487.5  90  42  51  -3.906 270.0  30.0  497
 5.975  492.5  90  42  51  -0.781 270.0  30.0  482
 5.975  500.0  90  42  51  -5.469 270.0  30.0  493
 5.975  502.5  90  42  54  -2.344  30.0  30.0  497
 5.975  517.5  90  42  51   0.781 270.0  30.0  524
 5.975  540.0  90  42  54  -0.781 270.0  30.0  545
 5.975  545.0  90  42  54  -0.781   0.0   0.0  550
 5.975  582.5  90  42  54   0.781 270.0  30.0  574
 5.975  587.5  90  42  51   3.906 270.0  30.0  594
 5.975  590.0  90  42  51   5.469 270.0  30.0  599
 5.975  592.5  90  42  51   3.906 270.0  30.0  601
 5.975  607.5  90  42  54  -0.781 270.0  30.0  620
 5.975  615.0  90  42  51  -3.906 270.0  30.0  611
 5.975  617.5  90  42  51  -0.781  30.0  30.0  611
 5.975  637.5  90  42  51   0.781 270.0  30.0  639
 5.975  642.5  90  42  54   3.906 270.0  30.0  654
 5.975  645.0  90  42  54   3.906  30.0  30.0  634
 5.975  650.0  90  42  51   0.781 270.0  30.0  649
 5.975  665.0  90  42  51   5.469 270.0  30.0  678
 5.975  670.0  90  42  51  -5.469  30.0  30.0  658
 5.975  725.0  90  42  51  -2.344  30.0  30.0  715
 5.975  730.0  90  42  51  -0.781 270.0  30.0  718
 5.975 1165.0  90  42  51   3.906 270.0  30.0 1162
 6.000  535.0  90  36  51  -0.781   0.0   0.0  540
 6.000  537.5  90  36  45  -0.781   0.0   0.0  542
 6.000  540.0  90  36  51   0.781   0.0   0.0  543
 6.000  542.5  90  36  51  -0.781   0.0   0.0  548
 6.000  545.0  90  36  51  -0.781   0.0   0.0  548
 6.000  550.0  90  36  48   0.781   0.0   0.0  555
 6.000  552.5  90  36  54  -0.781   0.0   0.0  556
 6.000  555.0  90  36  45  -0.781   0.0   0.0  557
 6.000  557.5  90  36  51  -0.781   0.0   0.0  562
 6.000  560.0  90  36  51   0.781   0.0   0.0  562
 6.000  565.0  90  36  45   0.781   0.0   0.0  570
 6.000  570.0 -90  36  45   0.781 330.0  30.0  576
 6.000  572.5 -90  36  48   0.781   0.0   0.0  578
 6.000  575.0 -90  36  48   0.781   0.0   0.0  577
 6.000  580.0 -90  36  45  -0.781   0.0   0.0  585
 6.000  582.5 -90  36  45  -0.781   0.0   0.0  585
 6.025  542.5  90  36  54  -0.781   0.0   0.0  548
 6.025  545.0  90  36  54  -0.781   0.0   0.0  548
 6.025  547.5  90  36  48  -0.781 210.0  30.0  552
 6.025  550.0  90  36  48  -0.781 999.0 999.0  558
 6.025  552.5  90  36  54   0.781   0.0   0.0  557
 6.025  555.0  90  36  51  -0.781 999.0 999.0  559
 6.025  557.5  90  36  51  -0.781   0.0   0.0  563
 6.025  560.0  90  36  51  -0.781   0.0   0.0  565
 6.025  562.5  90  36  48  -0.781   0.0   0.0  567
 6.025  567.5  90  36  48   0.781   0.0   0.0  570
 6.025  570.0  90  36  45  -0.781   0.0   0.0  574
 6.025  577.5  90  36  45   0.781   0.0   0.0  584
 6.025  700.0  90  36  45   5.469 330.0  30.0  686
 6.025  570.0 -90  36  45   0.781 999.0 999.0  575
 6.025  572.5 -90  36  51   0.781   0.0   0.0  576
 6.025  575.0 -90  36  45   0.781   0.0   0.0  579
 6.050  540.0  90  36  45  -0.781   0.0   0.0  545
 6.050  542.5  90  36  48  -0.781   0.0   0.0  547
 6.050  545.0  90  36  51  -0.781   0.0   0.0  551
 6.050  547.5  90  36  48  -0.781   0.0   0.0  554
 6.050  550.0  90  36  48  -0.781   0.0   0.0  555
 6.050  552.5  90  36  51  -0.781   0.0   0.0  557
 6.050  555.0  90  36  45   0.781  30.0  30.0  557
 6.050  557.5  90  36  51  -0.781   0.0   0.0  561
 6.050  560.0  90  36  51  -0.781   0.0   0.0  566
 6.050  562.5  90  36  54  -0.781   0.0   0.0  567
 6.050  565.0  90  36  48  -0.781   0.0   0.0  570
 6.050  567.5  90  36  48   0.781   0.0   0.0  573
 6.050  570.0  90  36  51   0.781   0.0   0.0  574
 6.050  577.5  90  36  45   0.781   0.0   0.0  579
 6.050  580.0  90  36  45   0.781   0.0   0.0  584
 6.050  582.5  90  36  45   0.781 150.0  30.0  586
 6.050  567.5 -90  36  48  -0.781   0.0   0.0  572
 6.050  570.0 -90  36  48   0.781   0.0   0.0  575
 6.075  510.0  90  36  45  -3.906  90.0  30.0  506
 6.075  542.5  90  36  45   2.344 210.0  30.0  543
 6.075  555.0  90  36  51  -0.781   0.0   0.0  561
 6.075  557.5  90  36  51  -0.781   0.0   0.0  563
 6.075  562.5  90  36  48  -0.781   0.0   0.0  568
 6.075  565.0  90  36  54  -0.781   0.0   0.0  570
 6.075  567.5  90  36  48  -0.781   0.0   0.0  568
 6.075  570.0  90  36  57  -0.781   0.0   0.0  575
 6.075  572.5  90  36  54  -0.781   0.0   0.0  576
 6.075  577.5  90  36  51  -0.781   0.0   0.0  582
 6.075  580.0  90  36  48   0.781   0.0   0.0  584
 6.075  695.0  90  36  45   2.344  90.0  30.0  708
 6.075  740.0  90  36  45  -2.344  90.0  30.0  744
 6.075  750.0  90  36  45  -2.344 210.0  30.0  750
 6.075  755.0  90  36  45   0.781 210.0  30.0  752
 6.075  765.0  90  36  45  -3.906 210.0  30.0  751
 6.075  790.0  90  36  45  -5.469 210.0  30.0  782
 6.075  800.0  90  36  45   5.469 210.0  30.0  799
 6.075  815.0  90  36  45  -5.469  90.0  30.0  811
 6.075 1210.0  90  36  45  -2.344  90.0  30.0 1216
 6.075 1212.5  90  36  45  -5.469  90.0  30.0 1201
 6.075 1245.0  90  36  45  -2.344 210.0  30.0 1242
 6.075  142.5 -90  39  48   2.344 210.0  30.0  131
 6.075  145.0 -90  39  48  -3.906  90.0  30.0  146
 6.075  170.0 -90  39  48   3.906  90.0  30.0  159
 6.075  185.0 -90  39  48   2.344  90.0  30.0  192
 6.075  190.0 -90  39  48   0.781  90.0  30.0  191
 6.075  562.5 -90  39  48   0.781   0.0   0.0  565
 6.075  567.5 -90  39  48   0.781   0.0   0.0  571
 6.125  552.5  90  36  45  -0.781   0.0   0.0  559
 6.125  570.0  90  36  45  -0.781   0.0   0.0  577
 6.125  572.5  90  36  48   0.781   0.0   0.0  576
 6.125  575.0  90  36  45   0.781   0.0   0.0  578
 6.125  582.5  90  36  45  -0.781   0.0   0.0  586
 6.125  585.0  90  36  48  -0.781   0.0   0.0  589
 6.125  590.0  90  36  51  -0.781   0.0   0.0  594
 6.125  592.5  90  36  48  -0.781   0.0   0.0  596
 6.125  595.0  90  36  45   0.781   0.0   0.0  599
 6.125  597.5  90  36  45   0.781   0.0   0.0  602
 6.125  600.0  90  36  45  -0.781   0.0   0.0  606
 6.125  602.5  90  36  48   0.781   0.0   0.0  606
 6.125  607.5  90  36  48   0.781   0.0   0.0  612
 6.125 1067.5  90  36  45   2.344  30.0  30.0 1054
 6.125  552.5 -90  36  51   0.781   0.0   0.0  559
 6.125  555.0 -90  36  54   0.781   0.0   0.0  559
 6.125  557.5 -90  36  54   0.781   0.0   0.0  562
 6.125  560.0 -90  36  48  -0.781   0.0   0.0  565
 6.125  565.0 -90  36  45   0.781 150.0  30.0  569
 6.150  572.5  90  36  45  -0.781   0.0   0.0  578
 6.150  582.5  90  36  48  -0.781   0.0   0.0  587
 6.150  587.5  90  36  51  -0.781   0.0   0.0  592
 6.150  590.0  90  36  48  -0.781   0.0   0.0  592
 6.150  592.5  90  36  48  -0.781   0.0   0.0  597
 6.150  595.0  90  36  54  -0.781   0.0   0.0  600
 6.150  597.5  90  36  51  -0.781   0.0   0.0  600
 6.150  600.0  90  36  48  -0.781 270.0  30.0  606
 6.150  602.5  90  36  48  -0.781   0.0   0.0  606
 6.150  605.0  90  36  45  -0.781 150.0  30.0  608
 6.150  607.5  90  36  48  -0.781 150.0  30.0  613
 6.150  547.5 -90  36  45  -0.781  30.0  30.0  552
 6.150  550.0 -90  36  45   0.781 270.0  30.0  552
 6.150  552.5 -90  36  48  -0.781   0.0   0.0  559
 6.150  555.0 -90  36  48  -0.781   0.0   0.0  560
 6.150  557.5 -90  36  45   0.781   0.0   0.0  561
 6.175  572.5  90  36  45  -0.781   0.0   0.0  577
 6.175  580.0  90  36  45  -0.781   0.0   0.0  584
 6.175  582.5  90  36  45  -0.781   0.0   0.0  586
 6.175  587.5  90  36  48  -0.781   0.0   0.0  593
 6.175  590.0  90  36  45  -0.781   0.0   0.0  595
 6.175  600.0  90  36  45  -0.781  90.0  30.0  608
 6.175  602.5  90  36  51  -0.781 999.0 999.0  606
 6.175  605.0  90  36  48  -0.781   0.0   0.0  610
 6.175  607.5  90  36  51  -0.781   0.0   0.0  611
 6.175  610.0  90  36  51  -0.781   0.0   0.0  615
 6.175  612.5  90  36  48  -0.781   0.0   0.0  615
 6.175  615.0  90  36  45  -0.781   0.0   0.0  621
 6.175  617.5  90  36  45   0.781 270.0  30.0  622
 6.175  620.0  90  36  48   0.781   0.0   0.0  624
 6.175  622.5  90  36  45  -0.781   0.0   0.0  625
 6.175  625.0  90  36  48   0.781   0.0   0.0  628
 6.175  635.0  90  36  45   0.781   0.0   0.0  639
 6.175  550.0 -90  39  48   0.781   0.0   0.0  555
 6.175 1125.0 -90  39  51  -0.781  30.0  30.0 1127
 6.175 1145.0 -90  39  48  -3.906  30.0  30.0 1156
 6.175 1150.0 -90  39  48  -0.781 270.0  30.0 1154
 6.175 1162.5 -90  39  51   0.781  30.0  30.0 1154
 6.175 1177.5 -90  39  51   3.906  30.0  30.0 1178
 6.175 1230.0 -90  39  48   0.781  30.0  30.0 1219
 6.200  587.5  90  36  45  -0.781   0.0   0.0  593
 6.200  602.5  90  36  45  -0.781   0.0   0.0  608
 6.200  605.0  90  36  48  -0.781   0.0   0.0  610
 6.200  607.5  90  36  48  -0.781   0.0   0.0  611
 6.200  617.5  90  36  48  -0.781   0.0   0.0  623
 6.200  620.0  90  36  51  -0.781   0.0   0.0  624
 6.200  625.0  90  36  48  -0.781 210.0  30.0  630
 6.200  627.5  90  36  48  -0.781   0.0   0.0  632
 6.200  630.0  90  36  51  -0.781   0.0   0.0  633
 6.200  632.5  90  36  51   0.781   0.0   0.0  635
 6.200  635.0  90  36  45   0.781   0.0   0.0  639
 6.200  637.5  90  36  51   0.781   0.0   0.0  643
 6.200  640.0  90  36  48   0.781   0.0   0.0  644
 6.200  642.5  90  36  51  -0.781   0.0   0.0  646
 6.200  645.0  90  36  45  -0.781   0.0   0.0  648
 6.200  545.0 -90  36  45  -0.781 999.0 999.0  549
 6.200  547.5 -90  36  48  -0.781   0.0   0.0  552
 6.200  550.0 -90  36  48  -0.781   0.0   0.0  555
 6.225  607.5  90  36  45  -0.781   0.0   0.0  614
 6.225  617.5  90  36  45  -0.781   0.0   0.0  624
 6.225  620.0  90  36  45  -0.781   0.0   0.0  625
 6.225  632.5  90  36  45   0.781   0.0   0.0  637
 6.225  635.0  90  36  45   0.781   0.0   0.0  637
 6.225  637.5  90  36  45   0.781   0.0   0.0  643
 6.225  645.0  90  36  48  -0.781   0.0   0.0  649
 6.225  650.0  90  36  45  -0.781   0.0   0.0  655
 6.225  652.5  90  36  45  -0.781   0.0   0.0  656
 6.225  667.5  90  36  45   0.781   0.0   0.0  671
 6.225  680.0  90  36  45   0.781   0.0   0.0  685
 6.225  547.5 -90  36  51  -0.781   0.0   0.0  553
 6.225  550.0 -90  36  54  -0.781   0.0   0.0  555
 6.225  552.5 -90  36  48  -0.781   0.0   0.0  557
 6.250  632.5  90  36  45  -0.781  30.0  30.0  637
 6.250  642.5  90  36  48  -0.781 270.0  30.0  648
 6.250  645.0  90  36  48  -0.781  30.0  30.0  650
 6.250  647.5  90  36  48   0.781   0.0   0.0  652
 6.250  650.0  90  36  48  -0.781   0.0   0.0  654
 6.250  652.5  90  36  51  -0.781 150.0  30.0  657
 6.250  655.0  90  36  45  -0.781   0.0   0.0  660
 6.250  662.5  90  36  45   0.781   0.0   0.0  666
 6.250  547.5 -90  36  45  -0.781 270.0  30.0  553
 6.250  550.0 -90  36  48  -0.781   0.0   0.0  557
 6.250  552.5 -90  36  45   0.781   0.0   0.0  557
 6.275  582.5  90  45  54   5.469  30.0  30.0  572
 6.275  157.5 -90  45  54   0.781 270.0  30.0  166
 6.300  662.5  90  36  45  -0.781 330.0  30.0  668
 6.300  665.0  90  36  45  -0.781 210.0  30.0  671
 6.300  682.5  90  36  45   0.781  30.0  30.0  686
 6.300  687.5  90  36  45   0.781   0.0   0.0  692
 6.300  690.0  90  36  48  -0.781   0.0   0.0  694
 6.300  692.5  90  36  45   0.781 330.0  30.0  696
 6.300  697.5  90  36  45  -0.781   0.0   0.0  701
 6.300  705.0  90  36  45  -0.781   0.0   0.0  710
 6.300  710.0  90  36  45  -0.781   0.0   0.0  717
 6.300  727.5  90  36  45  -0.781   0.0   0.0  732
 6.300  542.5 -90  36  48  -0.781  30.0  30.0  547
 6.300  547.5 -90  36  48  -0.781   0.0   0.0  551
 6.325  717.5  90  36  45  -0.781 210.0  30.0  722
 6.325  740.0  90  36  45  -0.781 270.0  30.0  745
 6.325  742.5  90  36  45   0.781  30.0  30.0  748
 6.325  540.0 -90  36  45  -0.781 150.0  30.0  544
 6.325  545.0 -90  36  51  -0.781   0.0   0.0  551
 6.325  547.5 -90  36  48   0.781   0.0   0.0  549
 6.350  717.5  90  36  45  -0.781   0.0   0.0  721
 6.350  547.5 -90  36  45   0.781   0.0   0.0  551
 6.375   80.0  90  36  45  -5.469  90.0  30.0   88
 6.375   85.0  90  36  45   2.344 210.0  30.0   83
 6.375   90.0  90  36  45  -3.906 210.0  30.0   93
 6.375   95.0  90  36  48   2.344 210.0  30.0  101
 6.375   97.5  90  36  45  -5.469 210.0  30.0  102
 6.375  100.0  90  36  45   0.781  90.0  30.0   98
 6.375  102.5  90  36  45  -0.781 210.0  30.0   96
 6.375  105.0  90  36  45   0.781 270.0  30.0  105
 6.375  110.0  90  36  45  -3.906  90.0  30.0   97
 6.375  115.0  90  36  45  -3.906 210.0  30.0  100
 6.375  120.0  90  36  48   2.344 210.0  30.0  110
 6.375  125.0  90  36  45  -5.469 270.0  30.0  133
 6.375  130.0  90  36  45   2.344 210.0  30.0  144
 6.375  845.0  90  36  45  -0.781   0.0   0.0  848
 6.375  542.5 -90  39  48  -0.781   0.0   0.0  547
 6.375  545.0 -90  39  48   0.781   0.0   0.0  547
 6.400  537.5 -90  36  45  -0.781   0.0   0.0  542
 6.400  540.0 -90  36  45  -0.781 270.0  30.0  544
 6.400  547.5 -90  36  45  -0.781   0.0   0.0  551
 6.400  550.0 -90  36  45  -0.781   0.0   0.0  554
 6.425  537.5 -90  36  51  -0.781 330.0  30.0  543
 6.425  540.0 -90  36  45   0.781   0.0   0.0  544
 6.425  542.5 -90  36  48  -0.781   0.0   0.0  547
 6.425  545.0 -90  36  48   0.781   0.0   0.0  548
 6.425  547.5 -90  36  51   0.781   0.0   0.0  551
 6.425  550.0 -90  36  51   0.781   0.0   0.0  553
 6.450  537.5 -90  36  45  -0.781 330.0  30.0  543
 6.450  545.0 -90  36  48  -0.781   0.0   0.0  550
 6.450  547.5 -90  36  45   2.344   0.0   0.0  552
 6.450  550.0 -90  36  48   0.781   0.0   0.0  553
 6.475  537.5 -90  36  48  -0.781   0.0   0.0  543
 6.475  540.0 -90  36  51  -0.781   0.0   0.0  544
 6.475  542.5 -90  36  51  -0.781   0.0   0.0  546
 6.475  545.0 -90  36  45  -0.781   0.0   0.0  549
 6.475  550.0 -90  36  51  -0.781   0.0   0.0  556
 6.475  552.5 -90  36  48  -0.781   0.0   0.0  557
 6.475  555.0 -90  36  45   0.781   0.0   0.0  557
 6.500  540.0 -90  39  48  -0.781  30.0  30.0  544
 6.500  545.0 -90  39  48   0.781   0.0   0.0  548
 6.500  550.0 -90  39  48   0.781   0.0   0.0  553
 6.525  545.0 -90  39  48   0.781   0.0   0.0  549
 6.525  547.5 -90  39  48   0.781   0.0   0.0  551
 6.525  550.0 -90  39  51   0.781   0.0   0.0  554
 6.525  552.5 -90  39  48   0.781   0.0   0.0  555
 6.550  545.0 -90  39  54  -0.781   0.0   0.0  550
 6.550  547.5 -90  39  51  -0.781   0.0   0.0  552
 6.550  550.0 -90  39  48  -0.781   0.0   0.0  554
 6.550  552.5 -90  39  48  -0.781   0.0   0.0  556
 6.550  555.0 -90  39  48   0.781   0.0   0.0  558
 6.550  557.5 -90  39  48   0.781   0.0   0.0  560
 6.575  545.0 -90  42  51   0.781  30.0  30.0  547
 6.575  550.0 -90  42  51  -0.781   0.0   0.0  553
 6.600  550.0 -90  39  51   0.781   0.0   0.0  554
 6.600  552.5 -90  39  48  -0.781   0.0   0.0  556
 6.600  555.0 -90  39  48   0.781   0.0   0.0  558
 6.600  557.5 -90  39  48  -0.781 210.0  30.0  562
 6.600  560.0 -90  39  48  -0.781   0.0   0.0  564
 6.625  550.0 -90  39  48  -0.781   0.0   0.0  555
 6.625  555.0 -90  39  48   0.781 210.0  30.0  555
 6.650  552.5 -90  39  51  -0.781   0.0   0.0  557
 6.650  562.5 -90  39  51   0.781   0.0   0.0  567
 6.650  565.0 -90  39  51   0.781   0.0   0.0  568
 6.650  567.5 -90  39  48   0.781   0.0   0.0  571
 6.675  555.0 -90  39  51  -0.781   0.0   0.0  560
 6.675  557.5 -90  39  48  -0.781  30.0  30.0  562
 6.675  560.0 -90  39  48  -0.781   0.0   0.0  565
 6.675  567.5 -90  39  51   0.781   0.0   0.0  571
 6.700  555.0 -90  36  51  -0.781   0.0   0.0  560
 6.700  557.5 -90  36  48   0.781   0.0   0.0  561
 6.700  560.0 -90  36  45  -0.781   0.0   0.0  565
 6.700  562.5 -90  36  45  -0.781   0.0   0.0  568
 6.700  565.0 -90  36  45   0.781   0.0   0.0  568
 6.700  567.5 -90  36  51   0.781   0.0   0.0  571
 6.700  570.0 -90  36  51   0.781   0.0   0.0  573
 6.700  572.5 -90  36  45   0.781   0.0   0.0  575
 6.700  575.0 -90  36  45   0.781 270.0  30.0  579
 6.725  567.5 -90  42  51   0.781   0.0   0.0  571
 6.725  570.0 -90  42  54   0.781   0.0   0.0  573
 6.725  572.5 -90  42  54   0.781   0.0   0.0  576
 6.725  575.0 -90  42  57   0.781   0.0   0.0  579
 6.725  577.5 -90  42  51   0.781   0.0   0.0  580
 6.750  562.5 -90  36  51  -0.781   0.0   0.0  568
 6.750  565.0 -90  36  48   0.781   0.0   0.0  568
 6.750  567.5 -90  36  45  -0.781  30.0  30.0  571
 6.750  570.0 -90  36  45  -0.781 150.0  30.0  574
 6.750  572.5 -90  36  54   0.781   0.0   0.0  577
 6.750  575.0 -90  36  54   0.781   0.0   0.0  578
 6.750  580.0 -90  36  48   0.781   0.0   0.0  584
 6.750  582.5 -90  36  48   0.781 210.0  30.0  586
 6.775  565.0 -90  36  45  -0.781   0.0   0.0  570
 6.775  567.5 -90  36  48  -0.781   0.0   0.0  572
 6.775  570.0 -90  36  45  -0.781   0.0   0.0  575
 6.775  572.5 -90  36  51  -0.781   0.0   0.0  577
 6.775  575.0 -90  36  54  -0.781   0.0   0.0  580
 6.775  577.5 -90  36  54  -0.781   0.0   0.0  581
 6.775  580.0 -90  36  48  -0.781   0.0   0.0  584
 6.775  582.5 -90  36  51   0.781   0.0   0.0  586
 6.775  585.0 -90  36  45   2.344   0.0   0.0  586
 6.775  587.5 -90  36  48  -0.781   0.0   0.0  592
 6.775  590.0 -90  36  45  -0.781 150.0  30.0  594
 6.800  570.0 -90  36  45   0.781   0.0   0.0  574
 6.800  575.0 -90  36  48  -0.781   0.0   0.0  580
 6.800  577.5 -90  36  45  -0.781  90.0  30.0  581
 6.800  580.0 -90  36  54  -0.781   0.0   0.0  585
 6.800  582.5 -90  36  48  -0.781   0.0   0.0  586
 6.800  585.0 -90  36  51  -0.781   0.0   0.0  590
 6.800  590.0 -90  36  51   0.781   0.0   0.0  593
 6.800  592.5 -90  36  48   0.781   0.0   0.0  595
 6.800  595.0 -90  36  48   2.344   0.0   0.0  596
 6.800  597.5 -90  36  45   2.344   0.0   0.0  600
 6.825  292.5  90  42  51   5.469  90.0  30.0  283
 6.825  590.0 -90  45  54   0.781   0.0   0.0  594
 6.825 1092.5 -90  45  54   2.344  90.0  30.0 1105
 6.850  577.5 -90  36  48  -0.781   0.0   0.0  582
 6.850  580.0 -90  36  48  -0.781   0.0   0.0  585
 6.850  582.5 -90  36  48  -0.781   0.0   0.0  585
 6.850  585.0 -90  36  45   0.781   0.0   0.0  588
 6.850  590.0 -90  36  51  -0.781   0.0   0.0  595
 6.850  592.5 -90  36  48   0.781   0.0   0.0  595
 6.850  597.5 -90  36  45  -0.781   0.0   0.0  603
 6.850  600.0 -90  36  45   0.781   0.0   0.0  602
 6.850  602.5 -90  36  45   0.781   0.0   0.0  608
 6.850  605.0 -90  36  48  -0.781   0.0   0.0  609
 6.875  582.5 -90  36  45  -0.781   0.0   0.0  588
 6.875  585.0 -90  36  45  -0.781   0.0   0.0  590
 6.875  587.5 -90  36  51  -0.781   0.0   0.0  593
 6.875  590.0 -90  36  51  -0.781   0.0   0.0  594
 6.875  592.5 -90  36  51   0.781   0.0   0.0  597
 6.875  595.0 -90  36  54  -0.781   0.0   0.0  599
 6.875  597.5 -90  36  45  -0.781   0.0   0.0  605
 6.875  600.0 -90  36  51  -0.781   0.0   0.0  605
 6.875  602.5 -90  36  54  -0.781   0.0   0.0  607
 6.875  605.0 -90  36  48   0.781   0.0   0.0  610
 6.875  607.5 -90  36  45   0.781   0.0   0.0  610
 6.875  612.5 -90  36  48   0.781   0.0   0.0  617
 6.875  615.0 -90  36  51   0.781   0.0   0.0  617
 6.875  617.5 -90  36  48   2.344   0.0   0.0  618
 6.900  592.5 -90  36  45  -0.781   0.0   0.0  597
 6.900  595.0 -90  36  45  -0.781   0.0   0.0  601
 6.900  597.5 -90  36  51  -0.781   0.0   0.0  602
 6.900  600.0 -90  36  48  -0.781  90.0  30.0  605
 6.900  602.5 -90  36  51  -0.781   0.0   0.0  608
 6.900  605.0 -90  36  57  -0.781   0.0   0.0  609
 6.900  607.5 -90  36  51  -0.781   0.0   0.0  611
 6.900  610.0 -90  36  57  -0.781   0.0   0.0  615
 6.900  612.5 -90  36  57  -0.781   0.0   0.0  617
 6.900  615.0 -90  36  51  -0.781   0.0   0.0  619
 6.900  617.5 -90  36  51   0.781   0.0   0.0  621
 6.900  620.0 -90  36  51  -0.781   0.0   0.0  624
 6.900  622.5 -90  36  45   0.781 150.0  30.0  627
 6.900  625.0 -90  36  51   0.781   0.0   0.0  628
 6.900  627.5 -90  36  48   0.781   0.0   0.0  630
 6.925  602.5 -90  36  48  -0.781   0.0   0.0  607
 6.925  605.0 -90  36  45   0.781   0.0   0.0  608
 6.925  610.0 -90  36  48   0.781   0.0   0.0  615
 6.925  612.5 -90  36  51   0.781   0.0   0.0  616
 6.925  615.0 -90  36  51  -0.781   0.0   0.0  620
 6.925  617.5 -90  36  51  -0.781   0.0   0.0  621
 6.925  620.0 -90  36  48   0.781   0.0   0.0  623
 6.925  625.0 -90  36  45  -0.781   0.0   0.0  630
 6.925  627.5 -90  36  51  -0.781   0.0   0.0  631
 6.925  632.5 -90  36  48   0.781 150.0  30.0  636
 6.925  635.0 -90  36  45   2.344   0.0   0.0  636
 6.925  637.5 -90  36  48   0.781   0.0   0.0  640
 6.950  605.0 -90  36  45   0.781   0.0   0.0  610
 6.950  607.5 -90  36  51  -0.781   0.0   0.0  613
 6.950  610.0 -90  36  51  -0.781 150.0  30.0  614
 6.950  617.5 -90  36  45   0.781   0.0   0.0  622
 6.950  620.0 -90  36  51   0.781   0.0   0.0  624
 6.950  622.5 -90  36  48   0.781  30.0  30.0  625
 6.950  625.0 -90  36  51   0.781   0.0   0.0  629
 6.950  627.5 -90  36  57  -0.781   0.0   0.0  632
 6.950  630.0 -90  36  57  -0.781   0.0   0.0  634
 6.950  632.5 -90  36  51  -0.781   0.0   0.0  637
 6.950  635.0 -90  36  54  -0.781   0.0   0.0  640
 6.950  637.5 -90  36  48   0.781   0.0   0.0  640
 6.950  640.0 -90  36  48   0.781   0.0   0.0  643
 6.950  642.5 -90  36  45   2.344   0.0   0.0  644
 6.950  645.0 -90  36  45   2.344   0.0   0.0  648
 6.950  655.0 -90  36  45   0.781   0.0   0.0  658
 6.975  107.5 -90  36  45  -0.781  30.0  30.0  100
 6.975  112.5 -90  36  45   3.906  30.0  30.0  101
 6.975  117.5 -90  36  48  -2.344  30.0  30.0  110
 6.975  120.0 -90  36  45  -0.781  30.0  30.0  109
 6.975  122.5 -90  36  45  -2.344  30.0  30.0  111
 6.975  125.0 -90  36  45   5.469  30.0  30.0  114
 6.975  127.5 -90  36  48   5.469  30.0  30.0  124
 6.975  130.0 -90  36  45   3.906  30.0  30.0  116
 6.975  135.0 -90  36  45   5.469  30.0  30.0  138
 6.975  137.5 -90  36  48  -2.344  30.0  30.0  138
 6.975  142.5 -90  36  45   3.906  30.0  30.0  134
 6.975  147.5 -90  36  48   3.906  30.0  30.0  159
 6.975  152.5 -90  36  48   3.906  30.0  30.0  145
 6.975  155.0 -90  36  48   2.344  30.0  30.0  163
 6.975  157.5 -90  36  48   5.469  30.0  30.0  160
 6.975  160.0 -90  36  45   5.469  30.0  30.0  161
 6.975  162.5 -90  36  45   5.469  30.0  30.0  174
 6.975  165.0 -90  36  48  -5.469  30.0  30.0  179
 6.975  167.5 -90  36  45   3.906  30.0  30.0  159
 6.975  170.0 -90  36  48  -5.469  30.0  30.0  161
 6.975  175.0 -90  36  45   0.781  30.0  30.0  175
 6.975  180.0 -90  36  48  -3.906  30.0  30.0  175
 6.975  182.5 -90  36  48   2.344  30.0  30.0  195
 6.975  185.0 -90  36  51   2.344  30.0  30.0  174
 6.975  187.5 -90  36  51   5.469  30.0  30.0  181
 6.975  190.0 -90  36  51   2.344  30.0  30.0  191
 6.975  192.5 -90  36  45   3.906  30.0  30.0  181
 6.975  195.0 -90  36  48  -0.781  30.0  30.0  185
 6.975  197.5 -90  36  45   0.781  30.0  30.0  202
 6.975  202.5 -90  36  45  -2.344  30.0  30.0  195
 6.975  205.0 -90  36  51  -0.781  30.0  30.0  211
 6.975  210.0 -90  36  45  -0.781  30.0  30.0  207
 6.975  212.5 -90  36  45   0.781  30.0  30.0  210
 6.975  215.0 -90  36  45   0.781  30.0  30.0  217
 6.975  220.0 -90  36  48   0.781  30.0  30.0  234
 6.975  225.0 -90  36  48  -0.781  30.0  30.0  225
 6.975  230.0 -90  36  45  -3.906  30.0  30.0  223
 6.975  250.0 -90  36  48   3.906  30.0  30.0  243
 6.975  255.0 -90  36  45   0.781  30.0  30.0  256
 6.975  260.0 -90  36  45  -3.906  30.0  30.0  252
 6.975  357.5 -90  36  45   2.344  30.0  30.0  363
 6.975  527.5 -90  36  45  -2.344  30.0  30.0  530
 6.975  545.0 -90  36  45  -2.344  30.0  30.0  544
 6.975  547.5 -90  36  45  -0.781  30.0  30.0  545
 6.975  552.5 -90  36  48  -3.906  30.0  30.0  557
 6.975  557.5 -90  36  45  -0.781  30.0  30.0  549
 6.975  562.5 -90  36  45  -2.344  30.0  30.0  565
 6.975  572.5 -90  36  45   2.344  30.0  30.0  573
 6.975  577.5 -90  36  45   5.469  30.0  30.0  590
 6.975  582.5 -90  36  45   2.344  30.0  30.0  577
 6.975  612.5 -90  36  45   0.781  30.0  30.0  620
 6.975  615.0 -90  36  48   0.781   0.0   0.0  620
 6.975  617.5 -90  36  51  -0.781   0.0   0.0  622
 6.975  620.0 -90  36  51  -0.781   0.0   0.0  626
 6.975  622.5 -90  36  51  -0.781   0.0   0.0  626
 6.975  625.0 -90  36  45  -0.781  30.0  30.0  630
 6.975  627.5 -90  36  54  -0.781   0.0   0.0  632
 6.975  630.0 -90  36  51  -0.781   0.0   0.0  635
 6.975  632.5 -90  36  54  -0.781   0.0   0.0  638
 6.975  635.0 -90  36  54  -0.781   0.0   0.0  639
 6.975  637.5 -90  36  48   0.781 210.0  30.0  641
 6.975  640.0 -90  36  48   0.781 210.0  30.0  643
 6.975  642.5 -90  36  51   0.781   0.0   0.0  647
 6.975  645.0 -90  36  54  -0.781   0.0   0.0  649
 6.975  647.5 -90  36  57   0.781   0.0   0.0  652
 6.975  650.0 -90  36  48  -0.781   0.0   0.0  654
 6.975  652.5 -90  36  45   0.781   0.0   0.0  656
 6.975  655.0 -90  36  48   0.781 150.0  30.0  658
 6.975  657.5 -90  36  45   0.781   0.0   0.0  661
 6.975  660.0 -90  36  45   2.344   0.0   0.0  661
 6.975  662.5 -90  36  45   0.781 150.0  30.0  666
 6.975  670.0 -90  36  45   0.781   0.0   0.0  675
 6.975  702.5 -90  36  45   3.906  30.0  30.0  716
 6.975  710.0 -90  36  45   5.469  30.0  30.0  698
 6.975  712.5 -90  36  45  -0.781  30.0  30.0  708
 6.975  717.5 -90  36  45  -2.344  30.0  30.0  721
 6.975  727.5 -90  36  45   0.781  30.0  30.0  738
 6.975  732.5 -90  36  45  -3.906  30.0  30.0  722
 6.975  735.0 -90  36  48  -0.781  30.0  30.0  741
 6.975  740.0 -90  36  45  -2.344  30.0  30.0  734
 6.975  745.0 -90  36  45   3.906  30.0  30.0  740
 6.975  750.0 -90  36  45  -5.469  30.0  30.0  757
 6.975  757.5 -90  36  45   5.469  30.0  30.0  766
 6.975  760.0 -90  36  45  -5.469  30.0  30.0  746
 6.975  765.0 -90  36  45   2.344  30.0  30.0  752
 6.975  772.5 -90  36  45  -5.469  30.0  30.0  786
 6.975  780.0 -90  36  45   2.344  30.0  30.0  783
 6.975  785.0 -90  36  45  -2.344  30.0  30.0  788
 6.975  787.5 -90  36  45   0.781  30.0  30.0  780
 7.000  620.0 -90  33  42  -0.781   0.0   0.0  625
 7.000  625.0 -90  33  42  -0.781   0.0   0.0  631
 7.000  627.5 -90  33  51  -0.781   0.0   0.0  632
 7.000  630.0 -90  33  51  -0.781   0.0   0.0  634
 7.000  632.5 -90  33  42  -0.781   0.0   0.0  636
 7.000  635.0 -90  33  45  -0.781   0.0   0.0  641
 7.000  640.0 -90  33  48  -0.781   0.0   0.0  643
 7.000  642.5 -90  33  45  -0.781 210.0  30.0  646
 7.000  645.0 -90  33  54  -0.781   0.0   0.0  650
 7.000  647.5 -90  33  57  -0.781   0.0   0.0  651
 7.000  650.0 -90  33  54  -0.781   0.0   0.0  654
 7.000  652.5 -90  33  51   0.781   0.0   0.0  656
 7.000  655.0 -90  33  48  -0.781 150.0  30.0  659
 7.000  657.5 -90  33  48  -0.781   0.0   0.0  662
 7.000  660.0 -90  33  45  -0.781 150.0  30.0  656
 7.000  662.5 -90  33  45   0.781   0.0   0.0  666
 7.000  665.0 -90  33  45   0.781   0.0   0.0  668
 7.000  667.5 -90  33  45   0.781   0.0   0.0  671
 7.000  672.5 -90  33  48   0.781   0.0   0.0  677
 7.000  675.0 -90  33  45   0.781   0.0   0.0  677
 7.000  680.0 -90  33  42   0.781   0.0   0.0  683
 7.000  690.0 -90  33  42   0.781   0.0   0.0  692
 7.025  630.0 -90  36  45  -0.781   0.0   0.0  633
 7.025  635.0 -90  36  45  -0.781   0.0   0.0  641
 7.025  637.5 -90  36  45  -0.781   0.0   0.0  643
 7.025  640.0 -90  36  48  -0.781   0.0   0.0  643
 7.025  642.5 -90  36  48  -0.781   0.0   0.0  649
 7.025  645.0 -90  36  48   0.781   0.0   0.0  648
 7.025  647.5 -90  36  48   0.781   0.0   0.0  651
 7.025  650.0 -90  36  48   0.781   0.0   0.0  654
 7.025  652.5 -90  36  45  -0.781   0.0   0.0  659
 7.025  655.0 -90  36  51  -0.781   0.0   0.0  659
 7.025  657.5 -90  36  48  -0.781 150.0  30.0  662
 7.025  660.0 -90  36  48  -0.781 150.0  30.0  665
 7.025  662.5 -90  36  48  -0.781   0.0   0.0  666
 7.025  665.0 -90  36  45   2.344 150.0  30.0  668
 7.025  667.5 -90  36  51   0.781   0.0   0.0  671
 7.025  670.0 -90  36  54   0.781   0.0   0.0  674
 7.025  672.5 -90  36  54  -0.781   0.0   0.0  676
 7.025  677.5 -90  36  51   0.781   0.0   0.0  679
 7.025  680.0 -90  36  45  -0.781 330.0  30.0  686
 7.025  682.5 -90  36  48  -0.781   0.0   0.0  687
 7.025  685.0 -90  36  45   0.781 150.0  30.0  689
 7.025  687.5 -90  36  48   0.781   0.0   0.0  691
 7.025  692.5 -90  36  48   0.781   0.0   0.0  696
 7.025  697.5 -90  36  45   0.781   0.0   0.0  702
 7.025  702.5 -90  36  45   2.344   0.0   0.0  704
 7.025  705.0 -90  36  45   2.344 150.0  30.0  706
 7.025  707.5 -90  36  45   2.344   0.0   0.0  709
 7.025  720.0 -90  36  45   0.781   0.0   0.0  723
 7.025  722.5 -90  36  45   0.781   0.0   0.0  724
 7.050  655.0 -90  36  48  -0.781   0.0   0.0  661
 7.050  657.5 -90  36  51  -0.781   0.0   0.0  661
 7.050  662.5 -90  36  48   0.781   0.0   0.0  667
 7.050  670.0 -90  36  48  -0.781 150.0  30.0  675
 7.050  672.5 -90  36  45   0.781   0.0   0.0  677
 7.050  675.0 -90  36  48   0.781   0.0   0.0  679
 7.050  677.5 -90  36  45   0.781 150.0  30.0  682
 7.050  680.0 -90  36  54   0.781   0.0   0.0  684
 7.050  682.5 -90  36  54   0.781   0.0   0.0  686
 7.050  685.0 -90  36  54   0.781   0.0   0.0  689
 7.050  687.5 -90  36  51   0.781   0.0   0.0  691
 7.050  690.0 -90  36  45  -0.781   0.0   0.0  696
 7.050  692.5 -90  36  51  -0.781   0.0   0.0  696
 7.050  695.0 -90  36  51   0.781   0.0   0.0  699
 7.050  697.5 -90  36  51   0.781   0.0   0.0  701
 7.050  700.0 -90  36  45   0.781 150.0  30.0  704
 7.050  707.5 -90  36  45  -0.781   0.0   0.0  712
 7.050  710.0 -90  36  45   0.781   0.0   0.0  713
 7.050  730.0 -90  36  45   2.344   0.0   0.0  732
 7.050  757.5 -90  36  45   0.781   0.0   0.0  761
 7.075  662.5 -90  36  48  -0.781   0.0   0.0  667
 7.075  670.0 -90  36  45  -0.781   0.0   0.0  673
 7.075  672.5 -90  36  45  -0.781 150.0  30.0  677
 7.075  677.5 -90  36  45  -0.781   0.0   0.0  681
 7.075  680.0 -90  36  48  -0.781  30.0  30.0  686
 7.075  682.5 -90  36  48   0.781   0.0   0.0  686
 7.075  685.0 -90  36  48   0.781   0.0   0.0  689
 7.075  687.5 -90  36  51   0.781   0.0   0.0  691
 7.075  690.0 -90  36  48   0.781   0.0   0.0  694
 7.075  692.5 -90  36  54   0.781   0.0   0.0  696
 7.075  695.0 -90  36  51   0.781   0.0   0.0  698
 7.075  697.5 -90  36  51   0.781   0.0   0.0  702
 7.075  700.0 -90  36  51  -0.781   0.0   0.0  705
 7.075  702.5 -90  36  48   0.781   0.0   0.0  706
 7.075  705.0 -90  36  45   0.781   0.0   0.0  709
 7.075  707.5 -90  36  45   0.781   0.0   0.0  712
 7.075  710.0 -90  36  48  -0.781   0.0   0.0  714
 7.075  715.0 -90  36  45   0.781   0.0   0.0  718
 7.075  717.5 -90  36  51   0.781   0.0   0.0  722
 7.075  720.0 -90  36  54   0.781   0.0   0.0  723
 7.075  722.5 -90  36  48   0.781   0.0   0.0  725
 7.075  725.0 -90  36  51   0.781   0.0   0.0  729
 7.075  727.5 -90  36  51  -0.781   0.0   0.0  732
 7.075  730.0 -90  36  45  -0.781   0.0   0.0  735
 7.075  732.5 -90  36  45   0.781   0.0   0.0  737
 7.075  735.0 -90  36  45  -0.781   0.0   0.0  738
 7.075  737.5 -90  36  48   0.781   0.0   0.0  741
 7.075  740.0 -90  36  45   0.781   0.0   0.0  743
 7.075  747.5 -90  36  45  -0.781   0.0   0.0  752
 7.075  767.5 -90  36  45   0.781   0.0   0.0  772
 7.075  770.0 -90  36  48   0.781   0.0   0.0  773
 7.075  772.5 -90  36  45   0.781   0.0   0.0  776
 7.100  687.5 -90  36  45  -0.781   0.0   0.0  692
 7.100  690.0 -90  36  45  -0.781   0.0   0.0  694
 7.100  697.5 -90  36  45  -0.781   0.0   0.0  702
 7.100  702.5 -90  36  45   0.781 150.0  30.0  706
 7.100  707.5 -90  36  45   0.781   0.0   0.0  712
 7.100  717.5 -90  36  48  -0.781   0.0   0.0  722
 7.100  720.0 -90  36  48   0.781   0.0   0.0  723
 7.100  722.5 -90  36  48   0.781   0.0   0.0  727
 7.100  725.0 -90  36  51   0.781   0.0   0.0  729
 7.100  727.5 -90  36  48   0.781   0.0   0.0  731
 7.100  732.5 -90  36  48   0.781   0.0   0.0  737
 7.100  735.0 -90  36  48   0.781   0.0   0.0  739
 7.100  737.5 -90  36  45  -0.781  30.0  30.0  742
 7.100  742.5 -90  36  45   0.781   0.0   0.0  747
 7.100  745.0 -90  36  45   0.781   0.0   0.0  748
 7.100  750.0 -90  36  45   0.781 210.0  30.0  752
 7.100  755.0 -90  36  45   0.781   0.0   0.0  758
 7.100  760.0 -90  36  45   0.781   0.0   0.0  765
 7.100  772.5 -90  36  45  -0.781   0.0   0.0  777
 7.100  775.0 -90  36  45  -0.781   0.0   0.0  779
 7.125  717.5 -90  36  45  -0.781  30.0  30.0  722
 7.125  720.0 -90  36  45  -0.781   0.0   0.0  724
 7.125  732.5 -90  36  45   0.781   0.0   0.0  739
 7.125  735.0 -90  36  48  -0.781   0.0   0.0  739
 7.125  737.5 -90  36  45  -0.781   0.0   0.0  742
 7.125  740.0 -90  36  45  -0.781 150.0  30.0  745
 7.125  742.5 -90  36  48   0.781   0.0   0.0  746
 7.125  752.5 -90  36  45   0.781   0.0   0.0  758
 7.125  755.0 -90  36  45   0.781   0.0   0.0  759
 7.125  765.0 -90  36  48   0.781   0.0   0.0  769
 7.125  767.5 -90  36  48   0.781   0.0   0.0  770
 7.125  772.5 -90  36  45  -0.781   0.0   0.0  777
 7.125  775.0 -90  36  45   0.781   0.0   0.0  778
 7.125  780.0 -90  36  48  -0.781  30.0  30.0  784
 7.125  785.0 -90  36  45   0.781   0.0   0.0  789
 7.150  805.0 -90  36  45  -0.781   0.0   0.0  809
 7.150  815.0 -90  36  48   0.781   0.0   0.0  820
 7.150  817.5 -90  36  45   0.781  30.0  30.0  821
 7.150  825.0 -90  36  45   0.781   0.0   0.0  828
 7.150  845.0 -90  36  45   0.781   0.0   0.0  849
 7.150  882.5 -90  36  45  -0.781 150.0  30.0  888
 7.150  885.0 -90  36  45   0.781   0.0   0.0  890
 7.150  887.5 -90  36  45   0.781   0.0   0.0  891
 7.150  890.0 -90  36  45   0.781   0.0   0.0  893
 7.150  897.5 -90  36  45   0.781   0.0   0.0  902
 7.375  190.0  90  45  54  -3.906  30.0  30.0  199
 7.375  722.5 -90  48  57   3.906  30.0  30.0  710
 7.375  737.5 -90  48  57   3.906  30.0  30.0  736
 7.375  772.5 -90  48  57  -5.469  30.0  30.0  780
 7.375  972.5 -90  48  57   0.781  30.0  30.0  974
 7.375 1175.0 -90  48  57  -3.906 270.0  30.0 1187
 7.375 1185.0 -90  48  57  -3.906 270.0  30.0 1182
 7.375 1220.0 -90  48  57  -3.906 270.0  30.0 1228
 7.375 1237.5 -90  48  57  -2.344 270.0  30.0 1226
 7.375 1252.5 -90  48  57   5.469  30.0  30.0 1259
 7.375 1257.5 -90  48  60   2.344 270.0  30.0 1263
 7.375 1272.5 -90  48  57   5.469  30.0  30.0 1271
 7.425  160.0  90  45  54   0.781  30.0  30.0  165
 7.425  190.0  90  45  54   5.469 270.0  30.0  190
 7.425 1247.5 -90  39  48  -2.344  30.0  30.0 1249
 7.425 1262.5 -90  39  48  -5.469  30.0  30.0 1265
 7.425 1267.5 -90  39  48  -0.781  30.0  30.0 1266
 7.425 1277.5 -90  39  48   2.344  30.0  30.0 1275
 7.475 1090.0  90  36  45  -0.781  90.0  30.0 1098
 7.475 1105.0  90  36  45   0.781 210.0  30.0 1112
 7.475 1135.0  90  36  45   5.469 210.0  30.0 1136
 7.475  612.5 -90  36  45   5.469 270.0  30.0  598
 7.825  750.0  90  42  51  -0.781  90.0  30.0  764
 8.350 1280.0 -90  36  45  -2.344 270.0  30.0 1272
 8.500   80.0 -90  33  42   0.781   0.0   0.0   92
 8.600 1080.0 -90  36  45   2.344 210.0  30.0 1074
 8.600 1087.5 -90  36  45   5.469  30.0  30.0 1080
 8.600 1102.5 -90  36  45  -5.469 270.0  30.0 1092
 8.875  220.0  90  39  48  -3.906  30.0  30.0  232
 9.125 1062.5 -90  39  48  -0.781 270.0  30.0 1052
 9.150  602.5  90  45  57  -0.781 270.0  30.0  602
 9.150  605.0  90  45  54  -3.906 270.0  30.0  619
 9.150  617.5  90  45  54  -3.906 270.0  30.0  612
 9.150 1277.5  90  45  54  -3.906  30.0  30.0 1280
 9.175 1125.0 -90  39  48  -3.906 270.0  30.0 1111
 9.550  702.5  90  39  48  -3.906 270.0  30.0  710
 9.825  112.5 -90  42  51   3.906 270.0  30.0  112
 9.975 1242.5 -90  42  51  -3.906 270.0  30.0 1251
 9.975 1282.5 -90  42  51  -3.906 270.0  30.0 1273
