2023.03.28 (087) 00:00:00.000
Station name: Millstone Hill
URSI code: MHJ45
Ionosonde model: DPS-4D
  Freq  Range Pol MPA Amp Doppler    Az    Zn  PGH
 2.025  212.5  90   6  27   1.563   0.0   0.0
 2.025  215.0  90   6  36   1.563   0.0   0.0
 2.025  217.5  90   6  15  -1.563   0.0   0.0
 2.025  430.0  90   6  15  10.938 150.0  30.0
 2.025  435.0  90   6  15   1.563 270.0  30.0
 2.025  437.5  90   6  24   1.563   0.0   0.0
 2.025  440.0  90   6  33  -1.563   0.0   0.0
 2.025  442.5  90   6  21  -1.563  90.0  30.0
 2.025  445.0  90   6  24   1.563   0.0   0.0
 2.025  447.5  90   6  18  -1.563   0.0   0.0
 2.025  450.0  90   6  15  -1.563   0.0   0.0
 2.025  452.5  90   6  18   1.563  90.0  30.0
 2.025  455.0  90   6  21   1.563  90.0  30.0
 2.025  645.0  90   6  15   1.563 150.0  30.0
 2.025  647.5  90   6  15   1.563 210.0  30.0
 2.025  657.5  90   6  24  -1.563   0.0   0.0
 2.025  660.0  90   6  15   1.563   0.0   0.0
 2.025  665.0  90   6  15  -1.563  30.0  30.0
 2.025  667.5  90   6  18  -1.563   0.0   0.0
 2.025  875.0  90   6  15   1.563   0.0   0.0
 2.025  882.5  90   6  15  -1.563   0.0   0.0
 2.025  927.5  90   6  15  -1.563 150.0  30.0
 2.025 1152.5  90   6  15 -10.938 150.0  30.0
 2.025  215.0 -90   6  15   1.563  30.0  30.0
 2.050  212.5  90   6  24   1.563   0.0   0.0
 2.050  215.0  90   6  36   1.563   0.0   0.0
 2.050  217.5  90   6  18   1.563   0.0   0.0
 2.050  220.0  90   6  18  -1.563   0.0   0.0
 2.050  435.0  90   6  15   1.563   0.0   0.0
 2.050  437.5  90   6  30  -1.563   0.0   0.0
 2.050  440.0  90   6  39  -1.563   0.0   0.0
 2.050  442.5  90   6  33  -1.563   0.0   0.0
 2.050  445.0  90   6  27  -1.563   0.0   0.0
 2.050  447.5  90   6  27   1.563   0.0   0.0
 2.050  450.0  90   6  18   1.563   0.0   0.0
 2.050  452.5  90   6  15   1.563  90.0  30.0
 2.050  647.5  90   6  18   1.563   0.0   0.0
 2.050  650.0  90   6  15   1.563   0.0   0.0
 2.050  655.0  90   6  15  -1.563   0.0   0.0
 2.050  657.5  90   6  27  -1.563   0.0   0.0
 2.050  660.0  90   6  18   1.563   0.0   0.0
 2.050  662.5  90   6  18  -1.563  90.0  30.0
 2.050  667.5  90   6  15  -1.563   0.0   0.0
 2.050  875.0  90   6  15   1.563   0.0   0.0
 2.050  877.5  90   6  18  -1.563   0.0   0.0
 2.050  882.5  90   6  15  -1.563   0.0   0.0
 2.050  215.0 -90   6  15  -1.563  30.0  30.0
 2.050  440.0 -90   6  18   1.563  30.0  30.0
 2.075  212.5  90   6  24   1.563   0.0   0.0
 2.075  215.0  90   6  36   1.563   0.0   0.0
 2.075  217.5  90   6  24   1.563   0.0   0.0
 2.075  222.5  90   6  15  -1.563   0.0   0.0
 2.075  432.5  90   6  18   1.563   0.0   0.0
 2.075  435.0  90   6  21  -1.563   0.0   0.0
 2.075  437.5  90   6  24   1.563   0.0   0.0
 2.075  440.0  90   6  33  -1.563   0.0   0.0
 2.075  442.5  90   6  27  -1.563   0.0   0.0
 2.075  445.0  90   6  15  -1.563 330.0  30.0
 2.075  447.5  90   6  21  -1.563  30.0  30.0
 2.075  452.5  90   6  18  -1.563  90.0  30.0
 2.075  655.0  90   6  15  -1.563   0.0   0.0
 2.075  657.5  90   6  21   1.563   0.0   0.0
 2.075  660.0  90   6  15  -1.563   0.0   0.0
 2.075  662.5  90   6  21  -1.563   0.0   0.0
 2.075  665.0  90   6  15  -1.563   0.0   0.0
 2.075  215.0 -90   6  15  -1.563  30.0  30.0
 2.100  212.5  90   6  21   1.563   0.0   0.0
 2.100  215.0  90   6  36   1.563   0.0   0.0
 2.100  217.5  90   6  27   1.563   0.0   0.0
 2.100  222.5  90   6  15   1.563   0.0   0.0
 2.100  432.5  90   6  18  -1.563 210.0  30.0
 2.100  435.0  90   6  15   1.563   0.0   0.0
 2.100  437.5  90   6  21   1.563   0.0   0.0
 2.100  440.0  90   6  21   1.563   0.0   0.0
 2.100  442.5  90   6  33  -1.563   0.0   0.0
 2.100  445.0  90   6  30  -1.563   0.0   0.0
 2.100  447.5  90   6  21  -1.563  90.0  30.0
 2.100  450.0  90   6  15  -1.563  30.0  30.0
 2.100  657.5  90   6  15   1.563   0.0   0.0
 2.100  660.0  90   6  21   1.563   0.0   0.0
 2.100  662.5  90   6  15  -1.563   0.0   0.0
 2.100  215.0 -90   6  18   1.563  30.0  30.0
 2.125  212.5  90   6  18   1.563   0.0   0.0
 2.125  215.0  90   6  36   1.563   0.0   0.0
 2.125  217.5  90   6  30   1.563   0.0   0.0
 2.125  432.5  90   6  21   1.563   0.0   0.0
 2.125  435.0  90   6  18   1.563   0.0   0.0
 2.125  437.5  90   6  21   1.563   0.0   0.0
 2.125  440.0  90   6  30  -1.563   0.0   0.0
 2.125  442.5  90   6  30   1.563   0.0   0.0
 2.125  445.0  90   6  30  -1.563   0.0   0.0
 2.125  447.5  90   6  21  -1.563  90.0  30.0
 2.125  450.0  90   6  18  -1.563  90.0  30.0
 2.125  650.0  90   6  15   1.563   0.0   0.0
 2.125  657.5  90   6  18   1.563   0.0   0.0
 2.125  660.0  90   6  18  -1.563   0.0   0.0
 2.125  662.5  90   6  15  -1.563  30.0  30.0
 2.125  665.0  90   6  15  -1.563   0.0   0.0
 2.125  885.0  90   6  15  -1.563   0.0   0.0
 2.125  215.0 -90   6  18   1.563  30.0  30.0
 2.150  215.0  90   6  36   1.563   0.0   0.0
 2.150  217.5  90   6  30   1.563   0.0   0.0
 2.150  220.0  90   6  15   1.563   0.0   0.0
 2.150  222.5  90   6  15  -1.563  30.0  30.0
 2.150  432.5  90   6  21   1.563   0.0   0.0
 2.150  435.0  90   6  15  -1.563 270.0  30.0
 2.150  440.0  90   6  30  -1.563   0.0   0.0
 2.150  442.5  90   6  33  -1.563   0.0   0.0
 2.150  445.0  90   6  33  -1.563   0.0   0.0
 2.150  447.5  90   6  24  -1.563   0.0   0.0
 2.150  450.0  90   6  15  -1.563  90.0  30.0
 2.150  455.0  90   6  15  -1.563   0.0   0.0
 2.150  660.0  90   6  21  -1.563   0.0   0.0
 2.150  665.0  90   6  18  -1.563   0.0   0.0
 2.150  887.5  90   6  15  -1.563   0.0   0.0
 2.150  215.0 -90   6  18   1.563  30.0  30.0
 2.150  442.5 -90   6  15   1.563  30.0  30.0
 2.150  445.0 -90   6  15  -1.563  30.0  30.0
 2.175  215.0  90   6  36   1.563   0.0   0.0
 2.175  217.5  90   6  30   1.563   0.0   0.0
 2.175  432.5  90   6  21   1.563   0.0   0.0
 2.175  435.0  90   6  15  -1.563   0.0   0.0
 2.175  440.0  90   6  21   1.563   0.0   0.0
 2.175  442.5  90   6  36  -1.563   0.0   0.0
 2.175  445.0  90   6  36  -1.563   0.0   0.0
 2.175  447.5  90   6  24  -1.563  90.0  30.0
 2.175  450.0  90   6  24  -1.563  90.0  30.0
 2.175  460.0  90   6  15  -1.563  90.0  30.0
 2.175  462.5  90   6  15  -1.563   0.0   0.0
 2.175  662.5  90   6  24  -1.563   0.0   0.0
 2.175  665.0  90   6  21   1.563   0.0   0.0
 2.175  882.5  90   6  15  -1.563   0.0   0.0
 2.175  887.5  90   6  15  -1.563  30.0  30.0
 2.175  215.0 -90   6  18   1.563  30.0  30.0
 2.175  217.5 -90   6  15   1.563  30.0  30.0
 2.175  240.0 -90   6  15  -1.563   0.0   0.0
 2.175  442.5 -90   6  15  -1.563  30.0  30.0
 2.175  445.0 -90   6  18  -1.563  30.0  30.0
 2.200  215.0  90   6  36   1.563   0.0   0.0
 2.200  217.5  90   6  33   1.563   0.0   0.0
 2.200  432.5  90   6  21  -1.563   0.0   0.0
 2.200  435.0  90   6  21   1.563   0.0   0.0
 2.200  440.0  90   6  24  -1.563   0.0   0.0
 2.200  442.5  90   6  33  -1.563   0.0   0.0
 2.200  445.0  90   6  27  -1.563   0.0   0.0
 2.200  447.5  90   6  27  -1.563   0.0   0.0
 2.200  450.0  90   6  21  -1.563   0.0   0.0
 2.200  452.5  90   6  21  -1.563  90.0  30.0
 2.200  652.5  90   6  15  -1.563   0.0   0.0
 2.200  660.0  90   6  18  -1.563   0.0   0.0
 2.200  662.5  90   6  27  -1.563   0.0   0.0
 2.200  665.0  90   6  24  -1.563   0.0   0.0
 2.200  675.0  90   6  15  -1.563   0.0   0.0
 2.200  882.5  90   6  18   1.563   0.0   0.0
 2.200  215.0 -90   6  18   1.563  30.0  30.0
 2.200  217.5 -90   6  15   1.563 330.0  30.0
 2.200  237.5 -90   6  18   1.563   0.0   0.0
 2.200  240.0 -90   6  15   1.563   0.0   0.0
 2.200  442.5 -90   6  15   1.563 150.0  30.0
 2.225  215.0  90   6  33   1.563   0.0   0.0
 2.225  217.5  90   6  33   1.563   0.0   0.0
 2.225  432.5  90   6  18  -1.563   0.0   0.0
 2.225  435.0  90   6  21  -1.563   0.0   0.0
 2.225  440.0  90   6  24  -1.563   0.0   0.0
 2.225  442.5  90   6  27  -1.563   0.0   0.0
 2.225  445.0  90   6  30  -1.563   0.0   0.0
 2.225  447.5  90   6  27  -1.563   0.0   0.0
 2.225  450.0  90   6  21   1.563   0.0   0.0
 2.225  452.5  90   6  24   1.563  90.0  30.0
 2.225  662.5  90   6  21  -1.563   0.0   0.0
 2.225  665.0  90   6  18  -1.563   0.0   0.0
 2.225  667.5  90   6  18  -1.563   0.0   0.0
 2.225  670.0  90   6  15  -1.563   0.0   0.0
 2.225  882.5  90   6  18  -1.563   0.0   0.0
 2.225  890.0  90   6  15  -1.563  30.0  30.0
 2.225  215.0 -90   6  15   1.563  30.0  30.0
 2.225  217.5 -90   6  15  -1.563 330.0  30.0
 2.225  237.5 -90   6  18  -1.563 210.0  30.0
 2.250  215.0  90   6  33   1.563   0.0   0.0
 2.250  217.5  90   6  33   1.563   0.0   0.0
 2.250  432.5  90   6  15   1.563 210.0  30.0
 2.250  435.0  90   6  21   1.563 210.0  30.0
 2.250  437.5  90   6  15   1.563   0.0   0.0
 2.250  440.0  90   6  18  -1.563   0.0   0.0
 2.250  442.5  90   6  30  -1.563   0.0   0.0
 2.250  445.0  90   6  30  -1.563   0.0   0.0
 2.250  447.5  90   6  15  -1.563   0.0   0.0
 2.250  450.0  90   6  27  -1.563  90.0  30.0
 2.250  452.5  90   6  21  -1.563  90.0  30.0
 2.250  662.5  90   6  18   1.563   0.0   0.0
 2.250  665.0  90   6  21  -1.563   0.0   0.0
 2.250  667.5  90   6  15  -1.563   0.0   0.0
 2.250  670.0  90   6  15  -1.563   0.0   0.0
 2.250  672.5  90   6  18  -1.563   0.0   0.0
 2.250  882.5  90   6  15  -1.563 210.0  30.0
 2.250  890.0  90   6  15  -1.563   0.0   0.0
 2.250  215.0 -90   6  15   1.563  30.0  30.0
 2.250  217.5 -90   6  15   1.563  30.0  30.0
 2.250  235.0 -90   6  21   1.563   0.0   0.0
 2.250  237.5 -90   6  15  -1.563   0.0   0.0
 2.250  442.5 -90   6  15   1.563  90.0  30.0
 2.250  445.0 -90   6  15   1.563  30.0  30.0
 2.250  450.0 -90   6  15  -1.563  90.0  30.0
 2.275  215.0  90   6  30   1.563   0.0   0.0
 2.275  217.5  90   6  33   1.563   0.0   0.0
 2.275  435.0  90   6  24   1.563   0.0   0.0
 2.275  440.0  90   6  18   1.563   0.0   0.0
 2.275  442.5  90   6  21   1.563   0.0   0.0
 2.275  445.0  90   6  21  -1.563   0.0   0.0
 2.275  447.5  90   6  27  -1.563   0.0   0.0
 2.275  450.0  90   6  24  -1.563  90.0  30.0
 2.275  455.0  90   6  15  -1.563  90.0  30.0
 2.275  662.5  90   6  15  -1.563   0.0   0.0
 2.275  665.0  90   6  15  -1.563   0.0   0.0
 2.275  670.0  90   6  15  -1.563   0.0   0.0
 2.275  217.5 -90   6  15  -1.563  30.0  30.0
 2.275  235.0 -90   6  21   1.563   0.0   0.0
 2.300  215.0  90   6  30   1.563   0.0   0.0
 2.300  217.5  90   6  36   1.563   0.0   0.0
 2.300  220.0  90   6  15  -1.563   0.0   0.0
 2.300  435.0  90   6  24   1.563   0.0   0.0
 2.300  437.5  90   6  21  -1.563 210.0  30.0
 2.300  440.0  90   6  15  -1.563 150.0  30.0
 2.300  442.5  90   6  21  -1.563   0.0   0.0
 2.300  445.0  90   6  30  -1.563   0.0   0.0
 2.300  447.5  90   6  33  -1.563   0.0   0.0
 2.300  450.0  90   6  24  -1.563   0.0   0.0
 2.300  452.5  90   6  24  -1.563  90.0  30.0
 2.300  455.0  90   6  15   1.563  90.0  30.0
 2.300  665.0  90   6  15  -1.563   0.0   0.0
 2.300  667.5  90   6  18   1.563   0.0   0.0
 2.300  670.0  90   6  15   1.563   0.0   0.0
 2.300  892.5  90   6  15  -1.563  30.0  30.0
 2.300  217.5 -90   6  18   1.563 330.0  30.0
 2.300  232.5 -90   6  21  -1.563   0.0   0.0
 2.300  235.0 -90   6  21   1.563   0.0   0.0
 2.300  447.5 -90   6  15  -1.563  30.0  30.0
 2.325  215.0  90  18  30   1.563   0.0   0.0
 2.325  217.5  90  18  36   1.563   0.0   0.0
 2.325  347.5  90  18  27   7.813 150.0  30.0
 2.325  352.5  90  18  27  -4.688 150.0  30.0
 2.325  377.5  90  18  27   7.813 150.0  30.0
 2.325  382.5  90  18  27   1.563 150.0  30.0
 2.325  397.5  90  18  27  -7.813 150.0  30.0
 2.325  435.0  90  18  30   1.563 210.0  30.0
 2.325  437.5  90  18  30   1.563 150.0  30.0
 2.325  445.0  90  18  27   1.563 330.0  30.0
 2.325  447.5  90  18  33  -1.563   0.0   0.0
 2.325  452.5  90  18  27   1.563  90.0  30.0
 2.325  465.0  90  18  27  10.938 150.0  30.0
 2.325  667.5  90  18  27  -1.563   0.0   0.0
 2.325  217.5 -90   9  18   1.563 330.0  30.0
 2.325  232.5 -90   9  24  -1.563   0.0   0.0
 2.325  235.0 -90   9  21  -1.563   0.0   0.0
 2.325  447.5 -90   9  18   1.563  90.0  30.0
 2.325  452.5 -90   9  18  -1.563  90.0  30.0
 2.325 1277.5 -90   9  18   1.563 150.0  30.0
 2.350  215.0  90   9  27   1.563   0.0   0.0
 2.350  217.5  90   9  36   1.563   0.0   0.0
 2.350  220.0  90   9  18   1.563   0.0   0.0
 2.350  435.0  90   9  24   1.563   0.0   0.0
 2.350  437.5  90   9  21  -1.563   0.0   0.0
 2.350  445.0  90   9  30   1.563   0.0   0.0
 2.350  447.5  90   9  27  -1.563   0.0   0.0
 2.350  450.0  90   9  27  -1.563  90.0  30.0
 2.350  452.5  90   9  27   1.563   0.0   0.0
 2.350  455.0  90   9  18   1.563   0.0   0.0
 2.350  665.0  90   9  24  -1.563   0.0   0.0
 2.350  667.5  90   9  21   1.563   0.0   0.0
 2.350  670.0  90   9  18  -1.563   0.0   0.0
 2.350  217.5 -90   6  15   1.563 330.0  30.0
 2.350  230.0 -90   6  15  -1.563   0.0   0.0
 2.350  232.5 -90   6  24   1.563   0.0   0.0
 2.350  260.0 -90   6  15  10.938 210.0  30.0
 2.350  265.0 -90   6  15  -4.688 210.0  30.0
 2.350  270.0 -90   6  15  -7.813 150.0  30.0
 2.350  275.0 -90   6  15 -10.938 210.0  30.0
 2.350  280.0 -90   6  15  -4.688 210.0  30.0
 2.350  305.0 -90   6  15  10.938 210.0  30.0
 2.350  452.5 -90   6  18  -1.563  30.0  30.0
 2.375  112.5  90   6  15  -7.813 210.0  30.0
 2.375  162.5  90   6  15  -4.688 210.0  30.0
 2.375  215.0  90   6  24   1.563   0.0   0.0
 2.375  217.5  90   6  36   1.563   0.0   0.0
 2.375  220.0  90   6  21  -1.563   0.0   0.0
 2.375  435.0  90   6  18  -1.563   0.0   0.0
 2.375  437.5  90   6  21   1.563 210.0  30.0
 2.375  442.5  90   6  21   1.563   0.0   0.0
 2.375  445.0  90   6  33   1.563   0.0   0.0
 2.375  447.5  90   6  30  -1.563   0.0   0.0
 2.375  450.0  90   6  27  -1.563   0.0   0.0
 2.375  452.5  90   6  27  -1.563   0.0   0.0
 2.375  455.0  90   6  18  -1.563  90.0  30.0
 2.375  645.0  90   6  15  -1.563 150.0  30.0
 2.375  655.0  90   6  18  -1.563 150.0  30.0
 2.375  665.0  90   6  18   1.563   0.0   0.0
 2.375  667.5  90   6  18  -1.563   0.0   0.0
 2.375  687.5  90   6  15   4.688 210.0  30.0
 2.375  702.5  90   6  15   7.813 150.0  30.0
 2.375  705.0  90   6  15   4.688 150.0  30.0
 2.375  897.5  90   6  15  -1.563 150.0  30.0
 2.375  217.5 -90   6  15   1.563 330.0  30.0
 2.375  230.0 -90   6  21   1.563   0.0   0.0
 2.375  232.5 -90   6  21   1.563   0.0   0.0
 2.375  445.0 -90   6  15  -1.563  90.0  30.0
 2.375  447.5 -90   6  18  -1.563  30.0  30.0
 2.375  450.0 -90   6  18  -1.563  30.0  30.0
 2.375  452.5 -90   6  15   1.563  90.0  30.0
 2.400  215.0  90   6  24   1.563   0.0   0.0
 2.400  217.5  90   6  36   1.563   0.0   0.0
 2.400  220.0  90   6  24   1.563   0.0   0.0
 2.400  435.0  90   6  18  -1.563   0.0   0.0
 2.400  437.5  90   6  27  -1.563   0.0   0.0
 2.400  440.0  90   6  18  -1.563   0.0   0.0
 2.400  442.5  90   6  24   1.563   0.0   0.0
 2.400  445.0  90   6  30   1.563   0.0   0.0
 2.400  447.5  90   6  33  -1.563   0.0   0.0
 2.400  450.0  90   6  24  -1.563   0.0   0.0
 2.400  452.5  90   6  24  -1.563  90.0  30.0
 2.400  655.0  90   6  15  -1.563   0.0   0.0
 2.400  672.5  90   6  15  -1.563   0.0   0.0
 2.400  897.5  90   6  15  -1.563   0.0   0.0
 2.400  217.5 -90   6  15   1.563  30.0  30.0
 2.400  230.0 -90   6  24  -1.563   0.0   0.0
 2.400  232.5 -90   6  18   1.563   0.0   0.0
 2.400  447.5 -90   6  21  -1.563  30.0  30.0
 2.400  452.5 -90   6  15  -1.563   0.0   0.0
 2.425  215.0  90   6  21   1.563   0.0   0.0
 2.425  217.5  90   6  36   1.563   0.0   0.0
 2.425  220.0  90   6  24   1.563   0.0   0.0
 2.425  435.0  90   6  15   1.563 210.0  30.0
 2.425  437.5  90   6  27   1.563   0.0   0.0
 2.425  440.0  90   6  15  -1.563 210.0  30.0
 2.425  442.5  90   6  21   1.563   0.0   0.0
 2.425  445.0  90   6  24   1.563   0.0   0.0
 2.425  447.5  90   6  24  -1.563   0.0   0.0
 2.425  450.0  90   6  30  -1.563   0.0   0.0
 2.425  452.5  90   6  21  -1.563   0.0   0.0
 2.425  670.0  90   6  18  -1.563   0.0   0.0
 2.425  672.5  90   6  18  -1.563   0.0   0.0
 2.425  217.5 -90   6  15  -1.563  30.0  30.0
 2.425  230.0 -90   6  24   1.563   0.0   0.0
 2.425  232.5 -90   6  15   1.563   0.0   0.0
 2.425  450.0 -90   6  18  -1.563  90.0  30.0
 2.450  215.0  90   6  18  -1.563 270.0  30.0
 2.450  217.5  90   6  36   1.563   0.0   0.0
 2.450  220.0  90   6  27   1.563   0.0   0.0
 2.450  330.0  90   6  15  -7.813 150.0  30.0
 2.450  407.5  90   6  15  -1.563 150.0  30.0
 2.450  437.5  90   6  27   1.563   0.0   0.0
 2.450  440.0  90   6  18  -1.563   0.0   0.0
 2.450  442.5  90   6  15  -1.563   0.0   0.0
 2.450  445.0  90   6  27  -1.563   0.0   0.0
 2.450  447.5  90   6  30  -1.563   0.0   0.0
 2.450  450.0  90   6  36  -1.563   0.0   0.0
 2.450  452.5  90   6  24  -1.563   0.0   0.0
 2.450  455.0  90   6  15  -1.563   0.0   0.0
 2.450  457.5  90   6  15  -1.563 150.0  30.0
 2.450  657.5  90   6  15  -1.563   0.0   0.0
 2.450  667.5  90   6  15  -1.563   0.0   0.0
 2.450  670.0  90   6  24  -1.563   0.0   0.0
 2.450  672.5  90   6  15  -1.563   0.0   0.0
 2.450  675.0  90   6  18  -1.563   0.0   0.0
 2.450  712.5  90   6  15  -1.563 150.0  30.0
 2.450  732.5  90   6  15  -4.688 150.0  30.0
 2.450  742.5  90   6  15  10.938 150.0  30.0
 2.450  747.5  90   6  15   7.813 210.0  30.0
 2.450 1152.5  90   6  15 -10.938 150.0  30.0
 2.450 1162.5  90   6  15  10.938 150.0  30.0
 2.450  217.5 -90   6  15  -1.563 330.0  30.0
 2.450  227.5 -90   6  15   1.563   0.0   0.0
 2.450  230.0 -90   6  24  -1.563   0.0   0.0
 2.450  450.0 -90   6  18  -1.563  90.0  30.0
 2.550  217.5  90   6  33   1.563   0.0   0.0
 2.550  220.0  90   6  33   1.563   0.0   0.0
 2.550  437.5  90   6  18   1.563   0.0   0.0
 2.550  440.0  90   6  24   1.563   0.0   0.0
 2.550  447.5  90   6  18   1.563   0.0   0.0
 2.550  450.0  90   6  21  -1.563   0.0   0.0
 2.550  452.5  90   6  27  -1.563   0.0   0.0
 2.550  455.0  90   6  18  -1.563   0.0   0.0
 2.550  457.5  90   6  18  -1.563   0.0   0.0
 2.550  460.0  90   6  18  -1.563   0.0   0.0
 2.550  462.5  90   6  15  -1.563  90.0  30.0
 2.550  670.0  90   6  21   1.563   0.0   0.0
 2.550  672.5  90   6  21  -1.563   0.0   0.0
 2.550  682.5  90   6  15  -1.563  90.0  30.0
 2.550  892.5  90   6  15  -1.563   0.0   0.0
 2.550  217.5 -90   6  15   1.563 330.0  30.0
 2.550  220.0 -90   6  15   1.563  30.0  30.0
 2.550  227.5 -90   6  27   1.563   0.0   0.0
 2.550  230.0 -90   6  18  -1.563   0.0   0.0
 2.550  465.0 -90   6  15   1.563   0.0   0.0
 2.550  467.5 -90   6  18  -1.563   0.0   0.0
 2.575  217.5  90   6  33   1.563   0.0   0.0
 2.575  220.0  90   6  33   1.563   0.0   0.0
 2.575  440.0  90   6  21  -1.563   0.0   0.0
 2.575  445.0  90   6  18   1.563   0.0   0.0
 2.575  447.5  90   6  24   1.563   0.0   0.0
 2.575  450.0  90   6  18  -1.563   0.0   0.0
 2.575  452.5  90   6  18  -1.563   0.0   0.0
 2.575  457.5  90   6  15  -1.563  90.0  30.0
 2.575  672.5  90   6  15  -1.563  30.0  30.0
 2.575  675.0  90   6  21  -1.563   0.0   0.0
 2.575  682.5  90   6  15  -1.563  90.0  30.0
 2.575  220.0 -90   6  15   1.563 330.0  30.0
 2.575  225.0 -90   6  15   1.563   0.0   0.0
 2.575  227.5 -90   6  27   1.563   0.0   0.0
 2.575  230.0 -90   6  15  -1.563   0.0   0.0
 2.600  217.5  90   6  30   1.563   0.0   0.0
 2.600  220.0  90   6  33   1.563   0.0   0.0
 2.600  440.0  90   6  18  -1.563   0.0   0.0
 2.600  447.5  90   6  21   1.563   0.0   0.0
 2.600  450.0  90   6  30  -1.563   0.0   0.0
 2.600  452.5  90   6  36  -1.563   0.0   0.0
 2.600  455.0  90   6  24  -1.563   0.0   0.0
 2.600  457.5  90   6  18  -1.563  90.0  30.0
 2.600  460.0  90   6  18  -1.563  90.0  30.0
 2.600  462.5  90   6  18  -1.563  90.0  30.0
 2.600  567.5  90   6  15  -1.563  90.0  30.0
 2.600  670.0  90   6  15   1.563   0.0   0.0
 2.600  672.5  90   6  24   1.563   0.0   0.0
 2.600  675.0  90   6  24  -1.563   0.0   0.0
 2.600  677.5  90   6  18  -1.563  90.0  30.0
 2.600  680.0  90   6  15  -1.563  90.0  30.0
 2.600  682.5  90   6  18  -1.563  90.0  30.0
 2.600  687.5  90   6  15  -1.563  90.0  30.0
 2.600  905.0  90   6  15  -1.563   0.0   0.0
 2.600  907.5  90   6  15  -1.563   0.0   0.0
 2.600  220.0 -90   6  18   1.563 330.0  30.0
 2.600  225.0 -90   6  18   1.563   0.0   0.0
 2.600  227.5 -90   6  27   1.563   0.0   0.0
 2.600  230.0 -90   6  15  -1.563   0.0   0.0
 2.600  452.5 -90   6  15  -1.563  30.0  30.0
 2.600  455.0 -90   6  15   1.563  30.0  30.0
 2.600  465.0 -90   6  15  -1.563   0.0   0.0
 2.600  467.5 -90   6  21  -1.563   0.0   0.0
 2.600  470.0 -90   6  15  -1.563   0.0   0.0
 2.625  217.5  90   6  27   1.563   0.0   0.0
 2.625  220.0  90   6  33   1.563   0.0   0.0
 2.625  440.0  90   6  21   1.563   0.0   0.0
 2.625  442.5  90   6  15   1.563   0.0   0.0
 2.625  447.5  90   6  21  -1.563   0.0   0.0
 2.625  450.0  90   6  30  -1.563   0.0   0.0
 2.625  452.5  90   6  42  -1.563   0.0   0.0
 2.625  455.0  90   6  33  -1.563   0.0   0.0
 2.625  457.5  90   6  30  -1.563  90.0  30.0
 2.625  460.0  90   6  27  -1.563  90.0  30.0
 2.625  462.5  90   6  21  -1.563  90.0  30.0
 2.625  465.0  90   6  15  -1.563  90.0  30.0
 2.625  480.0  90   6  15  -1.563 150.0  30.0
 2.625  567.5  90   6  18  10.938  90.0  30.0
 2.625  670.0  90   6  15  -1.563   0.0   0.0
 2.625  672.5  90   6  24   1.563   0.0   0.0
 2.625  675.0  90   6  21   1.563   0.0   0.0
 2.625  677.5  90   6  21  -1.563   0.0   0.0
 2.625  680.0  90   6  18  -1.563 150.0  30.0
 2.625  682.5  90   6  21  -1.563  90.0  30.0
 2.625  220.0 -90   6  18   1.563 330.0  30.0
 2.625  225.0 -90   6  21   1.563   0.0   0.0
 2.625  227.5 -90   6  27   1.563   0.0   0.0
 2.625  452.5 -90   6  18  -1.563 330.0  30.0
 2.625  455.0 -90   6  18   1.563   0.0   0.0
 2.625  457.5 -90   6  18  -1.563  90.0  30.0
 2.625  460.0 -90   6  15  -1.563  90.0  30.0
 2.625  467.5 -90   6  21  -1.563   0.0   0.0
 2.650  217.5  90   6  27   1.563   0.0   0.0
 2.650  220.0  90   6  30   1.563   0.0   0.0
 2.650  440.0  90   6  18   1.563   0.0   0.0
 2.650  447.5  90   6  24   1.563   0.0   0.0
 2.650  450.0  90   6  30  -1.563   0.0   0.0
 2.650  452.5  90   6  42  -1.563   0.0   0.0
 2.650  455.0  90   6  30  -1.563   0.0   0.0
 2.650  457.5  90   6  36  -1.563   0.0   0.0
 2.650  460.0  90   6  33  -1.563   0.0   0.0
 2.650  462.5  90   6  24  -1.563  90.0  30.0
 2.650  465.0  90   6  18  -1.563  90.0  30.0
 2.650  470.0  90   6  15   1.563  90.0  30.0
 2.650  472.5  90   6  18  -1.563  90.0  30.0
 2.650  567.5  90   6  15  -1.563  90.0  30.0
 2.650  672.5  90   6  18  -1.563   0.0   0.0
 2.650  675.0  90   6  27  -1.563   0.0   0.0
 2.650  677.5  90   6  24  -1.563   0.0   0.0
 2.650  682.5  90   6  18  -1.563  90.0  30.0
 2.650  220.0 -90   6  18   1.563 330.0  30.0
 2.650  225.0 -90   6  24   1.563   0.0   0.0
 2.650  227.5 -90   6  27  -1.563   0.0   0.0
 2.650  452.5 -90   6  21  -1.563  30.0  30.0
 2.650  457.5 -90   6  21  -1.563  90.0  30.0
 2.650  460.0 -90   6  21  -1.563  90.0  30.0
 2.650  465.0 -90   6  21  -1.563   0.0   0.0
 2.650  467.5 -90   6  18  -1.563   0.0   0.0
 2.675  217.5  90   6  27   1.563   0.0   0.0
 2.675  220.0  90   6  36   1.563   0.0   0.0
 2.675  222.5  90   6  21  -1.563   0.0   0.0
 2.675  440.0  90   6  18   1.563   0.0   0.0
 2.675  442.5  90   6  21   1.563   0.0   0.0
 2.675  447.5  90   6  21   1.563   0.0   0.0
 2.675  450.0  90   6  30   1.563   0.0   0.0
 2.675  452.5  90   6  45  -1.563   0.0   0.0
 2.675  455.0  90   6  42  -1.563   0.0   0.0
 2.675  457.5  90   6  24  -1.563   0.0   0.0
 2.675  460.0  90   6  36  -1.563   0.0   0.0
 2.675  462.5  90   6  21  -1.563   0.0   0.0
 2.675  465.0  90   6  18   1.563 150.0  30.0
 2.675  467.5  90   6  15  -1.563  90.0  30.0
 2.675  472.5  90   6  21  -1.563  90.0  30.0
 2.675  490.0  90   6  15  -1.563   0.0   0.0
 2.675  567.5  90   6  15  -1.563  90.0  30.0
 2.675  662.5  90   6  15   1.563   0.0   0.0
 2.675  672.5  90   6  15  -1.563   0.0   0.0
 2.675  677.5  90   6  24  -1.563   0.0   0.0
 2.675  680.0  90   6  15  -1.563  90.0  30.0
 2.675  682.5  90   6  24  -1.563  90.0  30.0
 2.675  685.0  90   6  21  -1.563  90.0  30.0
 2.675  687.5  90   6  18  -1.563  90.0  30.0
 2.675  897.5  90   6  15   1.563   0.0   0.0
 2.675  900.0  90   6  15   1.563   0.0   0.0
 2.675  220.0 -90   6  18   1.563 330.0  30.0
 2.675  225.0 -90   6  24  -1.563   0.0   0.0
 2.675  227.5 -90   6  30  -1.563   0.0   0.0
 2.675  452.5 -90   6  24  -1.563 330.0  30.0
 2.675  455.0 -90   6  21  -1.563  90.0  30.0
 2.675  460.0 -90   6  21  -1.563  90.0  30.0
 2.675  465.0 -90   6  18  -1.563   0.0   0.0
 2.675  467.5 -90   6  21  -1.563   0.0   0.0
 2.700  217.5  90   6  24   1.563   0.0   0.0
 2.700  220.0  90   6  36   1.563   0.0   0.0
 2.700  222.5  90   6  24   1.563   0.0   0.0
 2.700  440.0  90   6  18   1.563 150.0  30.0
 2.700  442.5  90   6  24   1.563   0.0   0.0
 2.700  445.0  90   6  15  -1.563 210.0  30.0
 2.700  447.5  90   6  15  -1.563   0.0   0.0
 2.700  450.0  90   6  36   1.563   0.0   0.0
 2.700  452.5  90   6  42  -1.563   0.0   0.0
 2.700  455.0  90   6  42  -1.563   0.0   0.0
 2.700  457.5  90   6  33  -1.563  90.0  30.0
 2.700  460.0  90   6  30  -1.563   0.0   0.0
 2.700  462.5  90   6  24  -1.563  90.0  30.0
 2.700  465.0  90   6  18  -1.563  90.0  30.0
 2.700  470.0  90   6  15  -1.563  90.0  30.0
 2.700  472.5  90   6  18  -1.563  90.0  30.0
 2.700  475.0  90   6  18   1.563  90.0  30.0
 2.700  482.5  90   6  15  -1.563   0.0   0.0
 2.700  565.0  90   6  15   1.563  90.0  30.0
 2.700  567.5  90   6  15   1.563  90.0  30.0
 2.700  662.5  90   6  18  -1.563   0.0   0.0
 2.700  675.0  90   6  21  -1.563   0.0   0.0
 2.700  677.5  90   6  24  -1.563   0.0   0.0
 2.700  680.0  90   6  18  -1.563   0.0   0.0
 2.700  682.5  90   6  24  -1.563  90.0  30.0
 2.700  685.0  90   6  21  -1.563  90.0  30.0
 2.700  687.5  90   6  18  -1.563  90.0  30.0
 2.700  690.0  90   6  15  -1.563  90.0  30.0
 2.700  897.5  90   6  15   1.563   0.0   0.0
 2.700  900.0  90   6  15  -1.563   0.0   0.0
 2.700  220.0 -90   6  15   1.563 330.0  30.0
 2.700  225.0 -90   6  27   1.563   0.0   0.0
 2.700  227.5 -90   6  30   1.563   0.0   0.0
 2.700  455.0 -90   6  15  -1.563  30.0  30.0
 2.700  457.5 -90   6  15   1.563   0.0   0.0
 2.700  462.5 -90   6  21  -1.563   0.0   0.0
 2.700  465.0 -90   6  24  -1.563   0.0   0.0
 2.700  467.5 -90   6  24  -1.563   0.0   0.0
 2.700  470.0 -90   6  15  -1.563  90.0  30.0
 2.725  217.5  90   6  21  -1.563   0.0   0.0
 2.725  220.0  90   6  36   1.563   0.0   0.0
 2.725  222.5  90   6  27   1.563   0.0   0.0
 2.725  440.0  90   6  15   1.563 210.0  30.0
 2.725  442.5  90   6  21   1.563   0.0   0.0
 2.725  450.0  90   6  33   1.563   0.0   0.0
 2.725  452.5  90   6  45  -1.563   0.0   0.0
 2.725  455.0  90   6  45  -1.563   0.0   0.0
 2.725  457.5  90   6  27  -1.563  90.0  30.0
 2.725  460.0  90   6  24  -1.563  90.0  30.0
 2.725  462.5  90   6  21  -1.563   0.0   0.0
 2.725  465.0  90   6  15  -1.563  30.0  30.0
 2.725  467.5  90   6  21  -1.563  90.0  30.0
 2.725  470.0  90   6  18  -1.563  90.0  30.0
 2.725  472.5  90   6  15  -1.563  90.0  30.0
 2.725  475.0  90   6  18  -1.563  90.0  30.0
 2.725  512.5  90   6  15  -1.563  30.0  30.0
 2.725  662.5  90   6  18   1.563   0.0   0.0
 2.725  665.0  90   6  18   1.563 150.0  30.0
 2.725  675.0  90   6  15   1.563   0.0   0.0
 2.725  677.5  90   6  24  -1.563   0.0   0.0
 2.725  680.0  90   6  15  10.938  90.0  30.0
 2.725  682.5  90   6  18  10.938  90.0  30.0
 2.725  685.0  90   6  18  -1.563  90.0  30.0
 2.725  690.0  90   6  21  -1.563  90.0  30.0
 2.725  225.0 -90   6  27   1.563   0.0   0.0
 2.725  227.5 -90   6  27   1.563   0.0   0.0
 2.725  452.5 -90   6  15  -1.563  30.0  30.0
 2.725  455.0 -90   6  21  -1.563 330.0  30.0
 2.725  457.5 -90   6  15  -1.563  90.0  30.0
 2.725  460.0 -90   6  18   1.563   0.0   0.0
 2.725  462.5 -90   6  21   1.563   0.0   0.0
 2.725  465.0 -90   6  21  -1.563   0.0   0.0
 2.725  467.5 -90   6  24  -1.563   0.0   0.0
 2.750  217.5  90   6  21   1.563   0.0   0.0
 2.750  220.0  90   6  36   1.563   0.0   0.0
 2.750  222.5  90   6  30   1.563   0.0   0.0
 2.750  442.5  90   6  24   1.563   0.0   0.0
 2.750  445.0  90   6  21   1.563   0.0   0.0
 2.750  447.5  90   6  18   1.563  90.0  30.0
 2.750  450.0  90   6  18   1.563   0.0   0.0
 2.750  452.5  90   6  45  -1.563   0.0   0.0
 2.750  455.0  90   6  48  -1.563   0.0   0.0
 2.750  457.5  90   6  33  -1.563   0.0   0.0
 2.750  460.0  90   6  36  -1.563   0.0   0.0
 2.750  462.5  90   6  33  -1.563  90.0  30.0
 2.750  465.0  90   6  27  -1.563   0.0   0.0
 2.750  662.5  90   6  15  -1.563  90.0  30.0
 2.750  665.0  90   6  18  -1.563   0.0   0.0
 2.750  675.0  90   6  15   1.563  90.0  30.0
 2.750  677.5  90   6  24  -1.563   0.0   0.0
 2.750  680.0  90   6  24  -1.563  90.0  30.0
 2.750  682.5  90   6  24  -1.563  90.0  30.0
 2.750  690.0  90   6  18  -1.563  90.0  30.0
 2.750  692.5  90   6  18  -1.563   0.0   0.0
 2.750  902.5  90   6  18   1.563 150.0  30.0
 2.750  910.0  90   6  15  -1.563   0.0   0.0
 2.750  225.0 -90   6  27   1.563   0.0   0.0
 2.750  227.5 -90   6  24   1.563   0.0   0.0
 2.750  452.5 -90   6  15  -1.563   0.0   0.0
 2.750  455.0 -90   6  21  -1.563 330.0  30.0
 2.750  460.0 -90   6  18  -1.563  90.0  30.0
 2.750  462.5 -90   6  18  -1.563   0.0   0.0
 2.750  465.0 -90   6  24  -1.563   0.0   0.0
 2.750  467.5 -90   6  24  -1.563  30.0  30.0
 2.750  470.0 -90   6  15  -1.563  90.0  30.0
 2.775  217.5  90   6  18   1.563   0.0   0.0
 2.775  220.0  90   6  36   1.563   0.0   0.0
 2.775  222.5  90   6  30   1.563   0.0   0.0
 2.775  225.0  90   6  15   1.563   0.0   0.0
 2.775  442.5  90   6  24  -1.563   0.0   0.0
 2.775  445.0  90   6  15   1.563   0.0   0.0
 2.775  450.0  90   6  27  -1.563   0.0   0.0
 2.775  452.5  90   6  27  -1.563   0.0   0.0
 2.775  455.0  90   6  45  -1.563   0.0   0.0
 2.775  457.5  90   6  33  -1.563   0.0   0.0
 2.775  460.0  90   6  30  -1.563   0.0   0.0
 2.775  462.5  90   6  21   1.563  90.0  30.0
 2.775  465.0  90   6  24  -1.563  90.0  30.0
 2.775  472.5  90   6  18   1.563  90.0  30.0
 2.775  495.0  90   6  15   1.563  90.0  30.0
 2.775  662.5  90   6  15  -1.563  90.0  30.0
 2.775  665.0  90   6  18  -1.563 150.0  30.0
 2.775  675.0  90   6  15  10.938  90.0  30.0
 2.775  677.5  90   6  15   1.563 270.0  30.0
 2.775  680.0  90   6  21  10.938  90.0  30.0
 2.775  682.5  90   6  24  -1.563  90.0  30.0
 2.775  685.0  90   6  15  10.938  90.0  30.0
 2.775  687.5  90   6  15  -1.563  90.0  30.0
 2.775  692.5  90   6  15   1.563  90.0  30.0
 2.775  697.5  90   6  15  -1.563  90.0  30.0
 2.775  705.0  90   6  15  10.938  90.0  30.0
 2.775  707.5  90   6  15  -1.563  90.0  30.0
 2.775  910.0  90   6  15  -1.563 210.0  30.0
 2.775  225.0 -90   6  27   1.563   0.0   0.0
 2.775  227.5 -90   6  21  -1.563   0.0   0.0
 2.775  452.5 -90   6  15  -1.563   0.0   0.0
 2.775  455.0 -90   6  18  -1.563 330.0  30.0
 2.775  460.0 -90   6  15   1.563   0.0   0.0
 2.775  462.5 -90   6  18  -1.563   0.0   0.0
 2.775  465.0 -90   6  27  -1.563   0.0   0.0
 2.775  467.5 -90   6  21  -1.563   0.0   0.0
 2.800  220.0  90   6  36   1.563   0.0   0.0
 2.800  222.5  90   6  30   1.563   0.0   0.0
 2.800  442.5  90   6  21   1.563   0.0   0.0
 2.800  445.0  90   6  21   1.563   0.0   0.0
 2.800  447.5  90   6  15   1.563   0.0   0.0
 2.800  452.5  90   6  33  -1.563   0.0   0.0
 2.800  455.0  90   6  42  -1.563   0.0   0.0
 2.800  457.5  90   6  39  -1.563   0.0   0.0
 2.800  460.0  90   6  15  -1.563   0.0   0.0
 2.800  462.5  90   6  24  -1.563   0.0   0.0
 2.800  465.0  90   6  18  -1.563  30.0  30.0
 2.800  467.5  90   6  15   1.563  90.0  30.0
 2.800  472.5  90   6  21  -1.563  90.0  30.0
 2.800  477.5  90   6  15  -1.563  90.0  30.0
 2.800  655.0  90   6  15  10.938  90.0  30.0
 2.800  665.0  90   6  18  -1.563  90.0  30.0
 2.800  667.5  90   6  15   1.563  90.0  30.0
 2.800  675.0  90   6  18  -1.563  90.0  30.0
 2.800  677.5  90   6  18  10.938  90.0  30.0
 2.800  680.0  90   6  27  -1.563  90.0  30.0
 2.800  682.5  90   6  24  -1.563  90.0  30.0
 2.800  685.0  90   6  21  -1.563  90.0  30.0
 2.800  687.5  90   6  15  10.938  90.0  30.0
 2.800  902.5  90   6  15  -1.563   0.0   0.0
 2.800  912.5  90   6  15  -1.563   0.0   0.0
 2.800  225.0 -90   6  30   1.563   0.0   0.0
 2.800  227.5 -90   6  24   1.563   0.0   0.0
 2.800  452.5 -90   6  15   1.563   0.0   0.0
 2.800  455.0 -90   6  15  -1.563  90.0  30.0
 2.800  457.5 -90   6  15  -1.563  30.0  30.0
 2.800  460.0 -90   6  21   1.563   0.0   0.0
 2.800  462.5 -90   6  30  -1.563   0.0   0.0
 2.800  465.0 -90   6  30  -1.563   0.0   0.0
 2.800  467.5 -90   6  24  -1.563   0.0   0.0
 2.800  470.0 -90   6  18  -1.563   0.0   0.0
 2.825  220.0  90   6  33   1.563   0.0   0.0
 2.825  222.5  90   6  30   1.563   0.0   0.0
 2.825  442.5  90   6  18   1.563   0.0   0.0
 2.825  445.0  90   6  18   1.563 210.0  30.0
 2.825  450.0  90   6  15  -1.563   0.0   0.0
 2.825  452.5  90   6  18   1.563   0.0   0.0
 2.825  455.0  90   6  33  -1.563   0.0   0.0
 2.825  457.5  90   6  36  -1.563   0.0   0.0
 2.825  460.0  90   6  30  -1.563  90.0  30.0
 2.825  462.5  90   6  18  -1.563  90.0  30.0
 2.825  465.0  90   6  18  -1.563  90.0  30.0
 2.825  467.5  90   6  15  -1.563  90.0  30.0
 2.825  470.0  90   6  15  -1.563  90.0  30.0
 2.825  472.5  90   6  24  -1.563  90.0  30.0
 2.825  502.5  90   6  15  -1.563  90.0  30.0
 2.825  505.0  90   6  15  -1.563 150.0  30.0
 2.825  665.0  90   6  15  -1.563  90.0  30.0
 2.825  675.0  90   6  15  10.938  90.0  30.0
 2.825  680.0  90   6  30  -1.563  90.0  30.0
 2.825  682.5  90   6  21  -1.563  90.0  30.0
 2.825  685.0  90   6  18  -1.563  90.0  30.0
 2.825  687.5  90   6  18  -1.563   0.0   0.0
 2.825  690.0  90   6  15  -1.563   0.0   0.0
 2.825  915.0  90   6  15  -1.563  30.0  30.0
 2.825  225.0 -90   6  27   1.563   0.0   0.0
 2.825  227.5 -90   6  21   1.563   0.0   0.0
 2.825  452.5 -90   6  15  -1.563   0.0   0.0
 2.825  460.0 -90   6  18  -1.563   0.0   0.0
 2.825  462.5 -90   6  21  -1.563   0.0   0.0
 2.825  465.0 -90   6  27  -1.563   0.0   0.0
 2.825  467.5 -90   6  21  -1.563   0.0   0.0
 2.850  220.0  90   6  36   1.563   0.0   0.0
 2.850  222.5  90   6  33   1.563   0.0   0.0
 2.850  230.0  90   6  15  -1.563   0.0   0.0
 2.850  442.5  90   6  18   1.563   0.0   0.0
 2.850  445.0  90   6  21   1.563   0.0   0.0
 2.850  450.0  90   6  18  -1.563   0.0   0.0
 2.850  452.5  90   6  30   1.563   0.0   0.0
 2.850  455.0  90   6  30  -1.563   0.0   0.0
 2.850  457.5  90   6  33  -1.563  90.0  30.0
 2.850  460.0  90   6  36  -1.563   0.0   0.0
 2.850  462.5  90   6  27  -1.563   0.0   0.0
 2.850  465.0  90   6  27  -1.563  90.0  30.0
 2.850  467.5  90   6  27  -1.563  90.0  30.0
 2.850  472.5  90   6  21  -1.563  90.0  30.0
 2.850  475.0  90   6  15   1.563   0.0   0.0
 2.850  495.0  90   6  15  -1.563  90.0  30.0
 2.850  655.0  90   6  15  -1.563  90.0  30.0
 2.850  667.5  90   6  18   1.563   0.0   0.0
 2.850  675.0  90   6  15  10.938  90.0  30.0
 2.850  677.5  90   6  21   1.563   0.0   0.0
 2.850  680.0  90   6  24  10.938  90.0  30.0
 2.850  682.5  90   6  27  -1.563  90.0  30.0
 2.850  685.0  90   6  24  -1.563   0.0   0.0
 2.850  687.5  90   6  15  -1.563 270.0  30.0
 2.850  690.0  90   6  21  -1.563  90.0  30.0
 2.850  697.5  90   6  15  -1.563   0.0   0.0
 2.850  905.0  90   6  18  -1.563   0.0   0.0
 2.850  225.0 -90   6  27   1.563   0.0   0.0
 2.850  227.5 -90   6  21   1.563   0.0   0.0
 2.850  460.0 -90   6  15   1.563  90.0  30.0
 2.850  462.5 -90   6  21  -1.563   0.0   0.0
 2.850  465.0 -90   6  24  -1.563   0.0   0.0
 2.850  467.5 -90   6  21  -1.563  90.0  30.0
 2.850  470.0 -90   6  18  -1.563   0.0   0.0
 2.850  472.5 -90   6  15  -1.563  90.0  30.0
 2.875  220.0  90   6  33   1.563   0.0   0.0
 2.875  222.5  90   6  33   1.563   0.0   0.0
 2.875  442.5  90   6  15   1.563   0.0   0.0
 2.875  445.0  90   6  24   1.563   0.0   0.0
 2.875  447.5  90   6  15   1.563   0.0   0.0
 2.875  452.5  90   6  30   1.563   0.0   0.0
 2.875  455.0  90   6  24   1.563   0.0   0.0
 2.875  457.5  90   6  27  -1.563   0.0   0.0
 2.875  460.0  90   6  36  -1.563   0.0   0.0
 2.875  462.5  90   6  36  -1.563   0.0   0.0
 2.875  465.0  90   6  30  -1.563  90.0  30.0
 2.875  467.5  90   6  24  -1.563  90.0  30.0
 2.875  475.0  90   6  18  -1.563  90.0  30.0
 2.875  667.5  90   6  18   1.563   0.0   0.0
 2.875  677.5  90   6  21   1.563  90.0  30.0
 2.875  680.0  90   6  27  -1.563  90.0  30.0
 2.875  682.5  90   6  21   1.563 150.0  30.0
 2.875  685.0  90   6  27  -1.563   0.0   0.0
 2.875  687.5  90   6  18  -1.563  90.0  30.0
 2.875  690.0  90   6  15  -1.563  90.0  30.0
 2.875  692.5  90   6  15  -1.563   0.0   0.0
 2.875  695.0  90   6  15  -1.563  90.0  30.0
 2.875  697.5  90   6  15  -1.563  90.0  30.0
 2.875  905.0  90   6  15   1.563   0.0   0.0
 2.875  225.0 -90   6  30   1.563   0.0   0.0
 2.875  227.5 -90   6  21   1.563   0.0   0.0
 2.875  460.0 -90   6  15  -1.563 330.0  30.0
 2.875  462.5 -90   6  24  -1.563   0.0   0.0
 2.875  465.0 -90   6  15  -1.563  30.0  30.0
 2.875  467.5 -90   6  21  -1.563   0.0   0.0
 2.875  470.0 -90   6  15  -1.563   0.0   0.0
 2.900  220.0  90   6  33   1.563   0.0   0.0
 2.900  222.5  90   6  36   1.563   0.0   0.0
 2.900  225.0  90   6  15   1.563 270.0  30.0
 2.900  227.5  90   6  15   1.563   0.0   0.0
 2.900  230.0  90   6  15   1.563   0.0   0.0
 2.900  445.0  90   6  27   1.563   0.0   0.0
 2.900  447.5  90   6  21   1.563   0.0   0.0
 2.900  452.5  90   6  27  -1.563   0.0   0.0
 2.900  455.0  90   6  24  -1.563   0.0   0.0
 2.900  457.5  90   6  33  -1.563   0.0   0.0
 2.900  460.0  90   6  33  -1.563  90.0  30.0
 2.900  462.5  90   6  39  -1.563  90.0  30.0
 2.900  465.0  90   6  24  -1.563  90.0  30.0
 2.900  467.5  90   6  21  -1.563   0.0   0.0
 2.900  470.0  90   6  15  -1.563   0.0   0.0
 2.900  475.0  90   6  18  -1.563  90.0  30.0
 2.900  477.5  90   6  15  -1.563  90.0  30.0
 2.900  680.0  90   6  18  -1.563  90.0  30.0
 2.900  682.5  90   6  27  -1.563   0.0   0.0
 2.900  685.0  90   6  18  -1.563   0.0   0.0
 2.900  687.5  90   6  21  -1.563   0.0   0.0
 2.900  690.0  90   6  15  -1.563  30.0  30.0
 2.900  915.0  90   6  15  -1.563  90.0  30.0
 2.900  222.5 -90   6  15   1.563   0.0   0.0
 2.900  225.0 -90   6  30   1.563   0.0   0.0
 2.900  227.5 -90   6  18   1.563   0.0   0.0
 2.900  460.0 -90   6  15  -1.563   0.0   0.0
 2.900  462.5 -90   6  15   1.563 330.0  30.0
 2.900  465.0 -90   6  30  -1.563   0.0   0.0
 2.900  467.5 -90   6  18  -1.563  30.0  30.0
 2.925  220.0  90   6  30   1.563   0.0   0.0
 2.925  222.5  90   6  36   1.563   0.0   0.0
 2.925  445.0  90   6  27   1.563   0.0   0.0
 2.925  447.5  90   6  15   1.563   0.0   0.0
 2.925  450.0  90   6  21   1.563   0.0   0.0
 2.925  452.5  90   6  24  -1.563   0.0   0.0
 2.925  455.0  90   6  36  -1.563   0.0   0.0
 2.925  457.5  90   6  39  -1.563   0.0   0.0
 2.925  460.0  90   6  27  -1.563   0.0   0.0
 2.925  462.5  90   6  36  -1.563  90.0  30.0
 2.925  465.0  90   6  33  -1.563  90.0  30.0
 2.925  467.5  90   6  27  -1.563  90.0  30.0
 2.925  470.0  90   6  15  -1.563  90.0  30.0
 2.925  472.5  90   6  15  -1.563  90.0  30.0
 2.925  682.5  90   6  21  -1.563   0.0   0.0
 2.925  685.0  90   6  24  -1.563   0.0   0.0
 2.925  687.5  90   6  15  -1.563  30.0  30.0
 2.925  912.5  90   6  15  -1.563   0.0   0.0
 2.925  222.5 -90   6  15   1.563 210.0  30.0
 2.925  225.0 -90   6  30   1.563   0.0   0.0
 2.925  227.5 -90   6  15   1.563   0.0   0.0
 2.925  460.0 -90   6  15  -1.563 330.0  30.0
 2.925  462.5 -90   6  27  -1.563   0.0   0.0
 2.925  465.0 -90   6  33  -1.563   0.0   0.0
 2.925  467.5 -90   6  21  -1.563  90.0  30.0
 2.925  470.0 -90   6  21  -1.563   0.0   0.0
 2.925  472.5 -90   6  15  -1.563  90.0  30.0
 2.950  220.0  90   6  30   1.563   0.0   0.0
 2.950  222.5  90   6  33   1.563   0.0   0.0
 2.950  445.0  90   6  24   1.563   0.0   0.0
 2.950  447.5  90   6  24  -1.563   0.0   0.0
 2.950  450.0  90   6  15   1.563   0.0   0.0
 2.950  452.5  90   6  24   1.563   0.0   0.0
 2.950  455.0  90   6  30  -1.563   0.0   0.0
 2.950  457.5  90   6  33  -1.563   0.0   0.0
 2.950  460.0  90   6  30   1.563   0.0   0.0
 2.950  462.5  90   6  15  -1.563 330.0  30.0
 2.950  465.0  90   6  21  -1.563  90.0  30.0
 2.950  467.5  90   6  24  -1.563  90.0  30.0
 2.950  470.0  90   6  21  -1.563  90.0  30.0
 2.950  472.5  90   6  15  -1.563   0.0   0.0
 2.950  475.0  90   6  15  -1.563  90.0  30.0
 2.950  680.0  90   6  18  -1.563  90.0  30.0
 2.950  682.5  90   6  21   1.563   0.0   0.0
 2.950  685.0  90   6  18  -1.563   0.0   0.0
 2.950  687.5  90   6  15  -1.563   0.0   0.0
 2.950  690.0  90   6  18  -1.563   0.0   0.0
 2.950  695.0  90   6  15  -1.563  90.0  30.0
 2.950  222.5 -90   6  15   1.563   0.0   0.0
 2.950  225.0 -90   6  30   1.563   0.0   0.0
 2.950  227.5 -90   6  18  -1.563   0.0   0.0
 2.950  457.5 -90   6  15  -1.563  30.0  30.0
 2.950  460.0 -90   6  21  -1.563   0.0   0.0
 2.950  462.5 -90   6  27  -1.563   0.0   0.0
 2.950  465.0 -90   6  30  -1.563   0.0   0.0
 2.950  467.5 -90   6  24  -1.563   0.0   0.0
 2.950  472.5 -90   6  15  -1.563  90.0  30.0
 2.975  220.0  90   6  27   1.563   0.0   0.0
 2.975  222.5  90   6  36   1.563   0.0   0.0
 2.975  225.0  90   6  15   1.563   0.0   0.0
 2.975  227.5  90   6  15  -1.563   0.0   0.0
 2.975  445.0  90   6  24   1.563   0.0   0.0
 2.975  447.5  90   6  24   1.563   0.0   0.0
 2.975  455.0  90   6  30  -1.563   0.0   0.0
 2.975  457.5  90   6  39  -1.563   0.0   0.0
 2.975  460.0  90   6  36  -1.563   0.0   0.0
 2.975  462.5  90   6  24  -1.563  30.0  30.0
 2.975  467.5  90   6  27  -1.563  90.0  30.0
 2.975  470.0  90   6  27  -1.563  90.0  30.0
 2.975  475.0  90   6  18  -1.563   0.0   0.0
 2.975  680.0  90   6  18  10.938  90.0  30.0
 2.975  682.5  90   6  18  -1.563  90.0  30.0
 2.975  685.0  90   6  21  -1.563   0.0   0.0
 2.975  687.5  90   6  24  -1.563   0.0   0.0
 2.975  695.0  90   6  15   1.563  90.0  30.0
 2.975  700.0  90   6  15  -1.563  90.0  30.0
 2.975  920.0  90   6  15  -1.563   0.0   0.0
 2.975  222.5 -90   6  18   1.563   0.0   0.0
 2.975  225.0 -90   6  30   1.563   0.0   0.0
 2.975  227.5 -90   6  21   1.563   0.0   0.0
 2.975  460.0 -90   6  24   1.563   0.0   0.0
 2.975  462.5 -90   6  30  -1.563   0.0   0.0
 2.975  465.0 -90   6  27  -1.563   0.0   0.0
 2.975  470.0 -90   6  21  -1.563  90.0  30.0
 2.975  472.5 -90   6  15  -1.563 150.0  30.0
 2.975  475.0 -90   6  18  -1.563  90.0  30.0
 3.000  220.0  90   6  24   1.563   0.0   0.0
 3.000  222.5  90   6  36   1.563   0.0   0.0
 3.000  225.0  90   6  18   1.563   0.0   0.0
 3.000  445.0  90   6  21  -1.563   0.0   0.0
 3.000  447.5  90   6  27   1.563   0.0   0.0
 3.000  450.0  90   6  18   1.563 150.0  30.0
 3.000  455.0  90   6  24   1.563   0.0   0.0
 3.000  457.5  90   6  33  -1.563   0.0   0.0
 3.000  460.0  90   6  30  -1.563   0.0   0.0
 3.000  462.5  90   6  21  -1.563  90.0  30.0
 3.000  465.0  90   6  24  -1.563  90.0  30.0
 3.000  467.5  90   6  27  -1.563  90.0  30.0
 3.000  470.0  90   6  21  -1.563  90.0  30.0
 3.000  472.5  90   6  18  -1.563  90.0  30.0
 3.000  670.0  90   6  15   1.563   0.0   0.0
 3.000  672.5  90   6  18   1.563   0.0   0.0
 3.000  682.5  90   6  18  -1.563   0.0   0.0
 3.000  685.0  90   6  21  -1.563   0.0   0.0
 3.000  687.5  90   6  21  -1.563   0.0   0.0
 3.000  692.5  90   6  15  -1.563  90.0  30.0
 3.000  697.5  90   6  15  -1.563  90.0  30.0
 3.000  222.5 -90   6  15   1.563   0.0   0.0
 3.000  225.0 -90   6  30   1.563   0.0   0.0
 3.000  227.5 -90   6  18   1.563   0.0   0.0
 3.000  460.0 -90   6  21   1.563   0.0   0.0
 3.000  462.5 -90   6  27  -1.563   0.0   0.0
 3.000  465.0 -90   6  27  -1.563   0.0   0.0
 3.000  467.5 -90   6  15  -1.563   0.0   0.0
 3.000  470.0 -90   6  18  -1.563  90.0  30.0
 3.000  475.0 -90   6  18  -1.563  90.0  30.0
 3.025  220.0  90   6  24  -1.563   0.0   0.0
 3.025  222.5  90   6  36   1.563   0.0   0.0
 3.025  225.0  90   6  24   1.563   0.0   0.0
 3.025  445.0  90   6  18   1.563   0.0   0.0
 3.025  447.5  90   6  27   1.563   0.0   0.0
 3.025  450.0  90   6  18   1.563 210.0  30.0
 3.025  452.5  90   6  15   1.563   0.0   0.0
 3.025  455.0  90   6  24   1.563   0.0   0.0
 3.025  457.5  90   6  30  -1.563   0.0   0.0
 3.025  460.0  90   6  42  -1.563   0.0   0.0
 3.025  462.5  90   6  39  -1.563   0.0   0.0
 3.025  465.0  90   6  39  -1.563   0.0   0.0
 3.025  467.5  90   6  24  -1.563   0.0   0.0
 3.025  470.0  90   6  24  -1.563  90.0  30.0
 3.025  472.5  90   6  21  -1.563  90.0  30.0
 3.025  477.5  90   6  18  -1.563  90.0  30.0
 3.025  670.0  90   6  18  -1.563   0.0   0.0
 3.025  672.5  90   6  21  -1.563   0.0   0.0
 3.025  675.0  90   6  15   1.563   0.0   0.0
 3.025  680.0  90   6  18  10.938  90.0  30.0
 3.025  682.5  90   6  15  -1.563  90.0  30.0
 3.025  685.0  90   6  21  -1.563   0.0   0.0
 3.025  687.5  90   6  24  -1.563   0.0   0.0
 3.025  692.5  90   6  21  -1.563   0.0   0.0
 3.025  695.0  90   6  15  -1.563   0.0   0.0
 3.025  697.5  90   6  15  -1.563  90.0  30.0
 3.025  222.5 -90   6  18  -1.563   0.0   0.0
 3.025  225.0 -90   6  30   1.563   0.0   0.0
 3.025  227.5 -90   6  18   1.563   0.0   0.0
 3.025  460.0 -90   6  24  -1.563   0.0   0.0
 3.025  462.5 -90   6  30  -1.563   0.0   0.0
 3.025  465.0 -90   6  36  -1.563   0.0   0.0
 3.025  467.5 -90   6  24  -1.563   0.0   0.0
 3.025  470.0 -90   6  15  -1.563  90.0  30.0
 3.050  107.5  90   9  18   7.813 150.0  30.0
 3.050  220.0  90   9  21   1.563   0.0   0.0
 3.050  222.5  90   9  36   1.563   0.0   0.0
 3.050  225.0  90   9  27   1.563   0.0   0.0
 3.050  447.5  90   9  21   1.563   0.0   0.0
 3.050  455.0  90   9  18   1.563   0.0   0.0
 3.050  457.5  90   9  33  -1.563   0.0   0.0
 3.050  460.0  90   9  42  -1.563   0.0   0.0
 3.050  462.5  90   9  30  -1.563  30.0  30.0
 3.050  465.0  90   9  36  -1.563   0.0   0.0
 3.050  467.5  90   9  24  -1.563   0.0   0.0
 3.050  470.0  90   9  24  -1.563  90.0  30.0
 3.050  672.5  90   9  18   1.563   0.0   0.0
 3.050  680.0  90   9  24  -1.563  90.0  30.0
 3.050  682.5  90   9  18  10.938  90.0  30.0
 3.050  685.0  90   9  24   1.563 150.0  30.0
 3.050  687.5  90   9  18  -1.563  90.0  30.0
 3.050  690.0  90   9  18   1.563   0.0   0.0
 3.050  692.5  90   9  21  -1.563  90.0  30.0
 3.050  222.5 -90   6  15   1.563   0.0   0.0
 3.050  225.0 -90   6  30   1.563   0.0   0.0
 3.050  460.0 -90   6  21  -1.563   0.0   0.0
 3.050  462.5 -90   6  33  -1.563   0.0   0.0
 3.050  465.0 -90   6  36  -1.563   0.0   0.0
 3.050  467.5 -90   6  18  -1.563   0.0   0.0
 3.075  220.0  90   6  18  -1.563   0.0   0.0
 3.075  222.5  90   6  36   1.563   0.0   0.0
 3.075  225.0  90   6  30   1.563   0.0   0.0
 3.075  447.5  90   6  24   1.563   0.0   0.0
 3.075  450.0  90   6  24   1.563   0.0   0.0
 3.075  457.5  90   6  30  -1.563   0.0   0.0
 3.075  460.0  90   6  42  -1.563   0.0   0.0
 3.075  462.5  90   6  42  -1.563   0.0   0.0
 3.075  465.0  90   6  24  -1.563   0.0   0.0
 3.075  467.5  90   6  24  -1.563   0.0   0.0
 3.075  470.0  90   6  24  -1.563  90.0  30.0
 3.075  475.0  90   6  18  -1.563  90.0  30.0
 3.075  477.5  90   6  15   1.563  90.0  30.0
 3.075  480.0  90   6  15  -1.563   0.0   0.0
 3.075  562.5  90   6  15  10.938  90.0  30.0
 3.075  672.5  90   6  18  -1.563   0.0   0.0
 3.075  675.0  90   6  15  -1.563  90.0  30.0
 3.075  680.0  90   6  21  10.938  90.0  30.0
 3.075  682.5  90   6  15   1.563   0.0   0.0
 3.075  685.0  90   6  15   1.563 210.0  30.0
 3.075  687.5  90   6  24  -1.563   0.0   0.0
 3.075  690.0  90   6  24  -1.563   0.0   0.0
 3.075  692.5  90   6  21  -1.563   0.0   0.0
 3.075  697.5  90   6  15   1.563 150.0  30.0
 3.075  700.0  90   6  15  -1.563  90.0  30.0
 3.075  702.5  90   6  15  -1.563   0.0   0.0
 3.075  917.5  90   6  15  -1.563   0.0   0.0
 3.075 1155.0  90   6  15  -1.563 150.0  30.0
 3.075  222.5 -90   6  18   1.563   0.0   0.0
 3.075  225.0 -90   6  30   1.563   0.0   0.0
 3.075  227.5 -90   6  18   1.563   0.0   0.0
 3.075  460.0 -90   6  24   1.563   0.0   0.0
 3.075  462.5 -90   6  33  -1.563   0.0   0.0
 3.075  465.0 -90   6  36  -1.563   0.0   0.0
 3.075  467.5 -90   6  21  -1.563   0.0   0.0
 3.075  470.0 -90   6  18  -1.563  90.0  30.0
 3.075  472.5 -90   6  18  -1.563 150.0  30.0
 3.075  475.0 -90   6  18  -1.563  90.0  30.0
 3.075  700.0 -90   6  15  -1.563 210.0  30.0
 3.075  702.5 -90   6  15   1.563   0.0   0.0
 3.100  222.5  90   6  36   1.563   0.0   0.0
 3.100  225.0  90   6  30   1.563   0.0   0.0
 3.100  227.5  90   6  15  -1.563   0.0   0.0
 3.100  447.5  90   6  24   1.563   0.0   0.0
 3.100  450.0  90   6  24   1.563   0.0   0.0
 3.100  455.0  90   6  18   1.563   0.0   0.0
 3.100  457.5  90   6  27   1.563   0.0   0.0
 3.100  460.0  90   6  42  -1.563   0.0   0.0
 3.100  462.5  90   6  42  -1.563   0.0   0.0
 3.100  465.0  90   6  36  -1.563   0.0   0.0
 3.100  467.5  90   6  30  -1.563   0.0   0.0
 3.100  470.0  90   6  21  -1.563  90.0  30.0
 3.100  562.5  90   6  18  -1.563  90.0  30.0
 3.100  672.5  90   6  15   1.563   0.0   0.0
 3.100  675.0  90   6  15  -1.563  90.0  30.0
 3.100  677.5  90   6  18  -1.563  90.0  30.0
 3.100  682.5  90   6  21  -1.563  90.0  30.0
 3.100  687.5  90   6  21  -1.563  90.0  30.0
 3.100  690.0  90   6  18  -1.563   0.0   0.0
 3.100  692.5  90   6  15   1.563 270.0  30.0
 3.100  695.0  90   6  15  -1.563   0.0   0.0
 3.100  697.5  90   6  15  -1.563   0.0   0.0
 3.100  707.5  90   6  15  -1.563  90.0  30.0
 3.100  222.5 -90   6  18   1.563   0.0   0.0
 3.100  225.0 -90   6  33   1.563   0.0   0.0
 3.100  227.5 -90   6  21  -1.563   0.0   0.0
 3.100  460.0 -90   6  21   1.563   0.0   0.0
 3.100  462.5 -90   6  27  -1.563   0.0   0.0
 3.100  465.0 -90   6  33  -1.563   0.0   0.0
 3.100  467.5 -90   6  27  -1.563   0.0   0.0
 3.100  470.0 -90   6  21  -1.563  90.0  30.0
 3.100  472.5 -90   6  15  -1.563 150.0  30.0
 3.125  222.5  90   6  36   1.563   0.0   0.0
 3.125  225.0  90   6  33   1.563   0.0   0.0
 3.125  447.5  90   6  21  -1.563   0.0   0.0
 3.125  450.0  90   6  18   1.563   0.0   0.0
 3.125  452.5  90   6  18   1.563   0.0   0.0
 3.125  455.0  90   6  18  -1.563   0.0   0.0
 3.125  457.5  90   6  27   1.563   0.0   0.0
 3.125  460.0  90   6  30  -1.563   0.0   0.0
 3.125  462.5  90   6  36  -1.563   0.0   0.0
 3.125  465.0  90   6  33  -1.563  90.0  30.0
 3.125  467.5  90   6  33  -1.563  90.0  30.0
 3.125  472.5  90   6  15   1.563 150.0  30.0
 3.125  562.5  90   6  15  -1.563  90.0  30.0
 3.125  655.0  90   6  15  10.938  90.0  30.0
 3.125  657.5  90   6  15  10.938  90.0  30.0
 3.125  672.5  90   6  18  -1.563  90.0  30.0
 3.125  675.0  90   6  21  -1.563  90.0  30.0
 3.125  677.5  90   6  21  10.938  90.0  30.0
 3.125  680.0  90   6  27  -1.563  90.0  30.0
 3.125  682.5  90   6  21  -1.563  90.0  30.0
 3.125  685.0  90   6  18   1.563  90.0  30.0
 3.125  687.5  90   6  15  10.938  90.0  30.0
 3.125  690.0  90   6  18   1.563   0.0   0.0
 3.125  692.5  90   6  21  -1.563   0.0   0.0
 3.125  695.0  90   6  18  -1.563  90.0  30.0
 3.125  697.5  90   6  18  -1.563   0.0   0.0
 3.125  705.0  90   6  18  -1.563  90.0  30.0
 3.125  707.5  90   6  15  -1.563  90.0  30.0
 3.125  222.5 -90   6  18   1.563   0.0   0.0
 3.125  225.0 -90   6  33   1.563   0.0   0.0
 3.125  227.5 -90   6  24   1.563   0.0   0.0
 3.125  452.5 -90   6  15   1.563 150.0  30.0
 3.125  462.5 -90   6  21  -1.563   0.0   0.0
 3.125  465.0 -90   6  30  -1.563   0.0   0.0
 3.125  467.5 -90   6  27  -1.563   0.0   0.0
 3.125  470.0 -90   6  21  -1.563   0.0   0.0
 3.125  472.5 -90   6  18  -1.563   0.0   0.0
 3.150  212.5  90   6  15   1.563   0.0   0.0
 3.150  222.5  90   6  36   1.563   0.0   0.0
 3.150  225.0  90   6  33   1.563   0.0   0.0
 3.150  230.0  90   6  15   1.563   0.0   0.0
 3.150  232.5  90   6  15   1.563   0.0   0.0
 3.150  235.0  90   6  15   1.563   0.0   0.0
 3.150  437.5  90   6  15   1.563   0.0   0.0
 3.150  440.0  90   6  15   1.563   0.0   0.0
 3.150  442.5  90   6  18   1.563   0.0   0.0
 3.150  445.0  90   6  18   1.563   0.0   0.0
 3.150  447.5  90   6  15   1.563   0.0   0.0
 3.150  450.0  90   6  24   1.563   0.0   0.0
 3.150  452.5  90   6  21   1.563   0.0   0.0
 3.150  455.0  90   6  21   1.563   0.0   0.0
 3.150  457.5  90   6  18  -1.563   0.0   0.0
 3.150  460.0  90   6  33  -1.563   0.0   0.0
 3.150  462.5  90   6  36  -1.563   0.0   0.0
 3.150  465.0  90   6  27  -1.563  90.0  30.0
 3.150  467.5  90   6  30  -1.563  90.0  30.0
 3.150  470.0  90   6  24  -1.563  90.0  30.0
 3.150  475.0  90   6  15  -1.563   0.0   0.0
 3.150  477.5  90   6  15  -1.563  90.0  30.0
 3.150  480.0  90   6  15  -1.563   0.0   0.0
 3.150  482.5  90   6  15  -1.563   0.0   0.0
 3.150  485.0  90   6  15  -1.563  90.0  30.0
 3.150  487.5  90   6  18  -1.563   0.0   0.0
 3.150  490.0  90   6  15  -1.563   0.0   0.0
 3.150  492.5  90   6  15  -1.563  90.0  30.0
 3.150  562.5  90   6  15  -1.563  90.0  30.0
 3.150  655.0  90   6  15  10.938  90.0  30.0
 3.150  657.5  90   6  15  10.938  90.0  30.0
 3.150  660.0  90   6  15  10.938  90.0  30.0
 3.150  662.5  90   6  18  10.938  90.0  30.0
 3.150  665.0  90   6  15  10.938  90.0  30.0
 3.150  667.5  90   6  15  -1.563  90.0  30.0
 3.150  670.0  90   6  15   1.563  90.0  30.0
 3.150  672.5  90   6  18   1.563  90.0  30.0
 3.150  675.0  90   6  21  -1.563  90.0  30.0
 3.150  677.5  90   6  21  -1.563  90.0  30.0
 3.150  680.0  90   6  27  -1.563  90.0  30.0
 3.150  682.5  90   6  24  10.938  90.0  30.0
 3.150  685.0  90   6  21  -1.563  90.0  30.0
 3.150  690.0  90   6  24  -1.563   0.0   0.0
 3.150  692.5  90   6  18  -1.563   0.0   0.0
 3.150  695.0  90   6  18  10.938  90.0  30.0
 3.150  697.5  90   6  15  10.938  90.0  30.0
 3.150  705.0  90   6  15  -1.563  90.0  30.0
 3.150  707.5  90   6  15  -1.563  90.0  30.0
 3.150  715.0  90   6  15  -1.563  90.0  30.0
 3.150  222.5 -90   6  18  -1.563   0.0   0.0
 3.150  225.0 -90   6  36   1.563   0.0   0.0
 3.150  227.5 -90   6  24   1.563   0.0   0.0
 3.150  230.0 -90   6  15   1.563   0.0   0.0
 3.150  452.5 -90   6  18   1.563   0.0   0.0
 3.150  460.0 -90   6  18  -1.563   0.0   0.0
 3.150  462.5 -90   6  24  -1.563   0.0   0.0
 3.150  465.0 -90   6  30  -1.563   0.0   0.0
 3.150  467.5 -90   6  27  -1.563   0.0   0.0
 3.150  470.0 -90   6  18  -1.563   0.0   0.0
 3.150  475.0 -90   6  15  -1.563   0.0   0.0
 3.150  695.0 -90   6  15   1.563   0.0   0.0
 3.175  222.5  90   6  36   1.563   0.0   0.0
 3.175  225.0  90   6  36   1.563   0.0   0.0
 3.175  447.5  90   6  15   1.563   0.0   0.0
 3.175  450.0  90   6  21  -1.563   0.0   0.0
 3.175  457.5  90   6  21  -1.563   0.0   0.0
 3.175  460.0  90   6  36  -1.563   0.0   0.0
 3.175  462.5  90   6  39  -1.563   0.0   0.0
 3.175  465.0  90   6  33  -1.563   0.0   0.0
 3.175  467.5  90   6  24  -1.563  90.0  30.0
 3.175  470.0  90   6  15  -1.563   0.0   0.0
 3.175  472.5  90   6  21  -1.563  90.0  30.0
 3.175  475.0  90   6  18   1.563   0.0   0.0
 3.175  560.0  90   6  15  -1.563  90.0  30.0
 3.175  562.5  90   6  15  -1.563  90.0  30.0
 3.175  677.5  90   6  21  10.938  90.0  30.0
 3.175  680.0  90   6  21  -1.563  90.0  30.0
 3.175  682.5  90   6  24  -1.563  90.0  30.0
 3.175  685.0  90   6  15  10.938  90.0  30.0
 3.175  687.5  90   6  18  -1.563  90.0  30.0
 3.175  690.0  90   6  15  -1.563  30.0  30.0
 3.175  697.5  90   6  21  -1.563  90.0  30.0
 3.175  700.0  90   6  18  -1.563  90.0  30.0
 3.175  702.5  90   6  15  -1.563  90.0  30.0
 3.175  222.5 -90   6  21  -1.563   0.0   0.0
 3.175  225.0 -90   6  36   1.563   0.0   0.0
 3.175  227.5 -90   6  27   1.563   0.0   0.0
 3.175  452.5 -90   6  21   1.563   0.0   0.0
 3.175  455.0 -90   6  18  -1.563   0.0   0.0
 3.175  460.0 -90   6  21   1.563   0.0   0.0
 3.175  462.5 -90   6  27  -1.563   0.0   0.0
 3.175  465.0 -90   6  36  -1.563   0.0   0.0
 3.175  467.5 -90   6  27  -1.563   0.0   0.0
 3.175  470.0 -90   6  18  -1.563   0.0   0.0
 3.175  475.0 -90   6  15  -1.563  90.0  30.0
 3.175  692.5 -90   6  15  -1.563   0.0   0.0
 3.200  222.5  90   6  33   1.563   0.0   0.0
 3.200  225.0  90   6  36   1.563   0.0   0.0
 3.200  317.5  90   6  15   1.563   0.0   0.0
 3.200  450.0  90   6  24  -1.563   0.0   0.0
 3.200  455.0  90   6  15   1.563   0.0   0.0
 3.200  457.5  90   6  15  -1.563   0.0   0.0
 3.200  460.0  90   6  27  -1.563   0.0   0.0
 3.200  462.5  90   6  39  -1.563   0.0   0.0
 3.200  465.0  90   6  27  -1.563  90.0  30.0
 3.200  467.5  90   6  24  -1.563   0.0   0.0
 3.200  470.0  90   6  27  -1.563  90.0  30.0
 3.200  472.5  90   6  21  -1.563   0.0   0.0
 3.200  475.0  90   6  18  -1.563  90.0  30.0
 3.200  477.5  90   6  21  -1.563  90.0  30.0
 3.200  560.0  90   6  15  -1.563  90.0  30.0
 3.200  675.0  90   6  15  10.938  90.0  30.0
 3.200  677.5  90   6  18  -1.563  90.0  30.0
 3.200  680.0  90   6  21  -1.563  90.0  30.0
 3.200  682.5  90   6  21  10.938  90.0  30.0
 3.200  685.0  90   6  15 -10.938  90.0  30.0
 3.200  690.0  90   6  15  -1.563  90.0  30.0
 3.200  695.0  90   6  15  -1.563  90.0  30.0
 3.200  697.5  90   6  15  -1.563  30.0  30.0
 3.200  700.0  90   6  18  -1.563   0.0   0.0
 3.200  702.5  90   6  15  -1.563  90.0  30.0
 3.200  222.5 -90   6  18  -1.563   0.0   0.0
 3.200  225.0 -90   6  33   1.563   0.0   0.0
 3.200  227.5 -90   6  24   1.563   0.0   0.0
 3.200  452.5 -90   6  21   1.563   0.0   0.0
 3.200  460.0 -90   6  21   1.563   0.0   0.0
 3.200  462.5 -90   6  27  -1.563   0.0   0.0
 3.200  465.0 -90   6  33  -1.563   0.0   0.0
 3.200  467.5 -90   6  30  -1.563   0.0   0.0
 3.200  470.0 -90   6  15  -1.563   0.0   0.0
 3.200  472.5 -90   6  18  -1.563  90.0  30.0
 3.200  475.0 -90   6  15  -1.563  30.0  30.0
 3.225  222.5  90   6  33   1.563   0.0   0.0
 3.225  225.0  90   6  36   1.563   0.0   0.0
 3.225  227.5  90   6  15   1.563   0.0   0.0
 3.225  450.0  90   6  24   1.563   0.0   0.0
 3.225  452.5  90   6  21   1.563   0.0   0.0
 3.225  457.5  90   6  18   1.563   0.0   0.0
 3.225  460.0  90   6  27   1.563   0.0   0.0
 3.225  462.5  90   6  36  -1.563   0.0   0.0
 3.225  465.0  90   6  27  -1.563   0.0   0.0
 3.225  467.5  90   6  33  -1.563   0.0   0.0
 3.225  470.0  90   6  30  -1.563  90.0  30.0
 3.225  472.5  90   6  15  -1.563  90.0  30.0
 3.225  475.0  90   6  18  -1.563  90.0  30.0
 3.225  477.5  90   6  15  -1.563 150.0  30.0
 3.225  487.5  90   6  15  -1.563  90.0  30.0
 3.225  560.0  90   6  15  -1.563  90.0  30.0
 3.225  675.0  90   6  15  -1.563   0.0   0.0
 3.225  677.5  90   6  15  10.938  90.0  30.0
 3.225  682.5  90   6  15  -1.563  90.0  30.0
 3.225  690.0  90   6  18   1.563   0.0   0.0
 3.225  697.5  90   6  15  -1.563   0.0   0.0
 3.225  700.0  90   6  21  -1.563  90.0  30.0
 3.225  702.5  90   6  15  -1.563   0.0   0.0
 3.225  222.5 -90   6  18  -1.563   0.0   0.0
 3.225  225.0 -90   6  36   1.563   0.0   0.0
 3.225  227.5 -90   6  27   1.563   0.0   0.0
 3.225  452.5 -90   6  18   1.563   0.0   0.0
 3.225  460.0 -90   6  18   1.563   0.0   0.0
 3.225  462.5 -90   6  24  -1.563   0.0   0.0
 3.225  465.0 -90   6  30  -1.563   0.0   0.0
 3.225  467.5 -90   6  21  -1.563   0.0   0.0
 3.225  470.0 -90   6  18  -1.563   0.0   0.0
 3.225  472.5 -90   6  15  -1.563   0.0   0.0
 3.250  220.0  90   6  15   1.563   0.0   0.0
 3.250  222.5  90   6  30   1.563   0.0   0.0
 3.250  225.0  90   6  36   1.563   0.0   0.0
 3.250  227.5  90   6  15   1.563 210.0  30.0
 3.250  322.5  90   6  15  -1.563 150.0  30.0
 3.250  450.0  90   6  21  -1.563   0.0   0.0
 3.250  452.5  90   6  24   1.563   0.0   0.0
 3.250  455.0  90   6  18   1.563   0.0   0.0
 3.250  457.5  90   6  21   1.563   0.0   0.0
 3.250  460.0  90   6  24   1.563   0.0   0.0
 3.250  462.5  90   6  39  -1.563   0.0   0.0
 3.250  465.0  90   6  39  -1.563   0.0   0.0
 3.250  467.5  90   6  30  -1.563   0.0   0.0
 3.250  470.0  90   6  27  -1.563   0.0   0.0
 3.250  480.0  90   6  15  -1.563  90.0  30.0
 3.250  560.0  90   6  15  -1.563  90.0  30.0
 3.250  677.5  90   6  18   1.563  90.0  30.0
 3.250  680.0  90   6  18  -1.563  90.0  30.0
 3.250  700.0  90   6  18  -1.563  90.0  30.0
 3.250  705.0  90   6  15   1.563   0.0   0.0
 3.250  222.5 -90   6  18   1.563   0.0   0.0
 3.250  225.0 -90   6  36   1.563   0.0   0.0
 3.250  227.5 -90   6  27   1.563   0.0   0.0
 3.250  452.5 -90   6  15   1.563   0.0   0.0
 3.250  460.0 -90   6  15  -1.563   0.0   0.0
 3.250  462.5 -90   6  24   1.563   0.0   0.0
 3.250  465.0 -90   6  27  -1.563   0.0   0.0
 3.250  467.5 -90   6  33  -1.563   0.0   0.0
 3.250  470.0 -90   6  24  -1.563   0.0   0.0
 3.250  472.5 -90   6  21  -1.563   0.0   0.0
 3.250  477.5 -90   6  15  -1.563 150.0  30.0
 3.275  222.5  90   6  30   1.563   0.0   0.0
 3.275  225.0  90   6  39   1.563   0.0   0.0
 3.275  227.5  90   6  18   1.563   0.0   0.0
 3.275  275.0  90   6  15   1.563 150.0  30.0
 3.275  450.0  90   6  18  -1.563   0.0   0.0
 3.275  452.5  90   6  15  -1.563   0.0   0.0
 3.275  455.0  90   6  21   1.563   0.0   0.0
 3.275  457.5  90   6  21   1.563   0.0   0.0
 3.275  460.0  90   6  18   1.563   0.0   0.0
 3.275  462.5  90   6  39  -1.563   0.0   0.0
 3.275  465.0  90   6  42  -1.563   0.0   0.0
 3.275  467.5  90   6  33  -1.563   0.0   0.0
 3.275  470.0  90   6  27  -1.563  90.0  30.0
 3.275  472.5  90   6  27  -1.563  90.0  30.0
 3.275  475.0  90   6  18  -1.563  90.0  30.0
 3.275  675.0  90   6  15  10.938  90.0  30.0
 3.275  677.5  90   6  18  10.938  90.0  30.0
 3.275  680.0  90   6  21  -1.563  90.0  30.0
 3.275  682.5  90   6  18  -1.563  90.0  30.0
 3.275  685.0  90   6  18  -1.563  90.0  30.0
 3.275  687.5  90   6  15   1.563  90.0  30.0
 3.275  690.0  90   6  18  -1.563   0.0   0.0
 3.275  692.5  90   6  21  -1.563   0.0   0.0
 3.275  695.0  90   6  18   1.563   0.0   0.0
 3.275  697.5  90   6  21  -1.563  90.0  30.0
 3.275  705.0  90   6  15   1.563   0.0   0.0
 3.275  222.5 -90   6  15   1.563   0.0   0.0
 3.275  225.0 -90   6  36   1.563   0.0   0.0
 3.275  227.5 -90   6  27   1.563   0.0   0.0
 3.275  452.5 -90   6  15   1.563   0.0   0.0
 3.275  460.0 -90   6  15   1.563   0.0   0.0
 3.275  462.5 -90   6  18   1.563   0.0   0.0
 3.275  465.0 -90   6  33  -1.563   0.0   0.0
 3.275  467.5 -90   6  33  -1.563   0.0   0.0
 3.275  470.0 -90   6  18   1.563   0.0   0.0
 3.275  472.5 -90   6  21  -1.563   0.0   0.0
 3.275  475.0 -90   6  15  -1.563  90.0  30.0
 3.300  222.5  90   6  27   1.563   0.0   0.0
 3.300  225.0  90   6  39   1.563   0.0   0.0
 3.300  227.5  90   6  21  -1.563   0.0   0.0
 3.300  450.0  90   6  15  -1.563   0.0   0.0
 3.300  452.5  90   6  24  -1.563   0.0   0.0
 3.300  460.0  90   6  24  -1.563   0.0   0.0
 3.300  462.5  90   6  30  -1.563   0.0   0.0
 3.300  465.0  90   6  27  -1.563  90.0  30.0
 3.300  467.5  90   6  36  -1.563   0.0   0.0
 3.300  470.0  90   6  27  -1.563  90.0  30.0
 3.300  472.5  90   6  21  -1.563  90.0  30.0
 3.300  475.0  90   6  15  -1.563  90.0  30.0
 3.300  477.5  90   6  15  -1.563  90.0  30.0
 3.300  675.0  90   6  15  10.938  90.0  30.0
 3.300  677.5  90   6  18  -1.563  90.0  30.0
 3.300  680.0  90   6  27  -1.563  90.0  30.0
 3.300  682.5  90   6  15  10.938  90.0  30.0
 3.300  685.0  90   6  15  10.938  90.0  30.0
 3.300  690.0  90   6  18   1.563   0.0   0.0
 3.300  692.5  90   6  24   1.563   0.0   0.0
 3.300  695.0  90   6  15  -1.563  90.0  30.0
 3.300  700.0  90   6  18  -1.563   0.0   0.0
 3.300  222.5 -90   6  15  -1.563   0.0   0.0
 3.300  225.0 -90   6  36   1.563   0.0   0.0
 3.300  227.5 -90   6  30   1.563   0.0   0.0
 3.300  452.5 -90   6  15   1.563   0.0   0.0
 3.300  457.5 -90   6  15   1.563   0.0   0.0
 3.300  462.5 -90   6  24  -1.563   0.0   0.0
 3.300  465.0 -90   6  33  -1.563   0.0   0.0
 3.300  467.5 -90   6  27  -1.563   0.0   0.0
 3.300  470.0 -90   6  24   1.563   0.0   0.0
 3.300  472.5 -90   6  18  -1.563  90.0  30.0
 3.325  222.5  90  30  48  -1.563   0.0   0.0
 3.325  225.0  90  30  63   1.563   0.0   0.0
 3.325  227.5  90  30  48   1.563   0.0   0.0
 3.325  230.0  90  30  39  -1.563   0.0   0.0
 3.325  452.5  90  30  51   1.563   0.0   0.0
 3.325  455.0  90  30  45   1.563   0.0   0.0
 3.325  460.0  90  30  42   1.563   0.0   0.0
 3.325  462.5  90  30  57   1.563   0.0   0.0
 3.325  465.0  90  30  57  -1.563   0.0   0.0
 3.325  467.5  90  30  54  -1.563   0.0   0.0
 3.325  470.0  90  30  48   1.563   0.0   0.0
 3.325  472.5  90  30  39   1.563  90.0  30.0
 3.325  475.0  90  30  45  -1.563  90.0  30.0
 3.325  477.5  90  30  39  -1.563  30.0  30.0
 3.325  480.0  90  30  42  -1.563  90.0  30.0
 3.325  677.5  90  30  45  -1.563  90.0  30.0
 3.325  680.0  90  30  48  -1.563  90.0  30.0
 3.325  682.5  90  30  39  10.938  90.0  30.0
 3.325  692.5  90  30  48  -1.563   0.0   0.0
 3.325  697.5  90  30  39  -1.563   0.0   0.0
 3.325  700.0  90  30  45  -1.563  90.0  30.0
 3.325  702.5  90  30  39  -1.563  90.0  30.0
 3.325  920.0  90  30  42  -1.563   0.0   0.0
 3.325  922.5  90  30  39   1.563   0.0   0.0
 3.325  222.5 -90  27  39  -1.563   0.0   0.0
 3.325  225.0 -90  27  60   1.563   0.0   0.0
 3.325  227.5 -90  27  54   1.563   0.0   0.0
 3.325  230.0 -90  27  39   1.563   0.0   0.0
 3.325  452.5 -90  27  39  -1.563 210.0  30.0
 3.325  457.5 -90  27  39   1.563   0.0   0.0
 3.325  462.5 -90  27  48   1.563   0.0   0.0
 3.325  465.0 -90  27  57  -1.563   0.0   0.0
 3.325  467.5 -90  27  57  -1.563   0.0   0.0
 3.325  470.0 -90  27  51  -1.563   0.0   0.0
 3.325  472.5 -90  27  48  -1.563   0.0   0.0
 3.325  475.0 -90  27  39  -1.563  90.0  30.0
 3.325  477.5 -90  27  36  -1.563  90.0  30.0
 3.325  680.0 -90  27  36  -1.563  90.0  30.0
 3.325  697.5 -90  27  36   1.563   0.0   0.0
 3.325  700.0 -90  27  36  -1.563   0.0   0.0
 3.350  215.0  90  30  39   1.563   0.0   0.0
 3.350  217.5  90  30  39   1.563   0.0   0.0
 3.350  222.5  90  30  45   1.563   0.0   0.0
 3.350  225.0  90  30  63   1.563   0.0   0.0
 3.350  227.5  90  30  51   1.563   0.0   0.0
 3.350  232.5  90  30  39  -1.563   0.0   0.0
 3.350  235.0  90  30  39   1.563   0.0   0.0
 3.350  452.5  90  30  51   1.563   0.0   0.0
 3.350  455.0  90  30  48  -1.563   0.0   0.0
 3.350  462.5  90  30  57   1.563   0.0   0.0
 3.350  465.0  90  30  51   1.563   0.0   0.0
 3.350  467.5  90  30  48  -1.563  90.0  30.0
 3.350  470.0  90  30  51  -1.563  90.0  30.0
 3.350  472.5  90  30  51  -1.563  90.0  30.0
 3.350  475.0  90  30  45  -1.563  90.0  30.0
 3.350  482.5  90  30  39  -1.563  90.0  30.0
 3.350  675.0  90  30  39  10.938  90.0  30.0
 3.350  677.5  90  30  45  10.938  90.0  30.0
 3.350  680.0  90  30  42  10.938  90.0  30.0
 3.350  682.5  90  30  45  -1.563  90.0  30.0
 3.350  685.0  90  30  39   1.563   0.0   0.0
 3.350  690.0  90  30  39   1.563   0.0   0.0
 3.350  692.5  90  30  42  -1.563   0.0   0.0
 3.350  697.5  90  30  42  -1.563  90.0  30.0
 3.350  700.0  90  30  51  -1.563  90.0  30.0
 3.350  702.5  90  30  48  -1.563  90.0  30.0
 3.350  710.0  90  30  39  -1.563   0.0   0.0
 3.350  712.5  90  30  39  -1.563 150.0  30.0
 3.350  927.5  90  30  39  -1.563   0.0   0.0
 3.350  222.5 -90  27  39   1.563   0.0   0.0
 3.350  225.0 -90  27  60   1.563   0.0   0.0
 3.350  227.5 -90  27  54   1.563   0.0   0.0
 3.350  452.5 -90  27  42  -1.563   0.0   0.0
 3.350  455.0 -90  27  42   1.563   0.0   0.0
 3.350  460.0 -90  27  39  -1.563   0.0   0.0
 3.350  462.5 -90  27  51  -1.563   0.0   0.0
 3.350  465.0 -90  27  54  -1.563   0.0   0.0
 3.350  467.5 -90  27  60  -1.563   0.0   0.0
 3.350  470.0 -90  27  57  -1.563   0.0   0.0
 3.350  472.5 -90  27  48  -1.563   0.0   0.0
 3.350  482.5 -90  27  36   1.563  90.0  30.0
 3.350  692.5 -90  27  36  -1.563   0.0   0.0
 3.350  697.5 -90  27  42  -1.563  90.0  30.0
 3.375  225.0  90   6  39   1.563   0.0   0.0
 3.375  227.5  90   6  30   1.563   0.0   0.0
 3.375  452.5  90   6  27   1.563   0.0   0.0
 3.375  455.0  90   6  24   1.563   0.0   0.0
 3.375  460.0  90   6  15  -1.563   0.0   0.0
 3.375  462.5  90   6  33   1.563   0.0   0.0
 3.375  465.0  90   6  36  -1.563   0.0   0.0
 3.375  467.5  90   6  36  -1.563   0.0   0.0
 3.375  470.0  90   6  27  -1.563   0.0   0.0
 3.375  472.5  90   6  27  -1.563   0.0   0.0
 3.375  475.0  90   6  18  -1.563  90.0  30.0
 3.375  560.0  90   6  15  -1.563  90.0  30.0
 3.375  655.0  90   6  15  -1.563  90.0  30.0
 3.375  672.5  90   6  15  10.938  90.0  30.0
 3.375  675.0  90   6  18  -1.563  90.0  30.0
 3.375  677.5  90   6  24  -1.563  90.0  30.0
 3.375  680.0  90   6  27  -1.563  90.0  30.0
 3.375  682.5  90   6  21  -1.563  90.0  30.0
 3.375  685.0  90   6  21  -1.563  90.0  30.0
 3.375  690.0  90   6  15   1.563   0.0   0.0
 3.375  692.5  90   6  18   1.563   0.0   0.0
 3.375  695.0  90   6  15   1.563   0.0   0.0
 3.375  697.5  90   6  21  -1.563   0.0   0.0
 3.375  700.0  90   6  18  -1.563   0.0   0.0
 3.375  702.5  90   6  18  -1.563  30.0  30.0
 3.375  707.5  90   6  15  -1.563   0.0   0.0
 3.375  712.5  90   6  15  -1.563   0.0   0.0
 3.375  715.0  90   6  15   1.563   0.0   0.0
 3.375  925.0  90   6  18  -1.563   0.0   0.0
 3.375  930.0  90   6  15  -1.563   0.0   0.0
 3.375  942.5  90   6  15  -1.563   0.0   0.0
 3.375  945.0  90   6  15  -1.563   0.0   0.0
 3.375 1155.0  90   6  15   1.563   0.0   0.0
 3.375  225.0 -90   6  36   1.563   0.0   0.0
 3.375  227.5 -90   6  30   1.563   0.0   0.0
 3.375  452.5 -90   6  18   1.563   0.0   0.0
 3.375  455.0 -90   6  18   1.563   0.0   0.0
 3.375  462.5 -90   6  24  -1.563   0.0   0.0
 3.375  465.0 -90   6  30  -1.563   0.0   0.0
 3.375  467.5 -90   6  24  -1.563   0.0   0.0
 3.375  470.0 -90   6  27  -1.563   0.0   0.0
 3.375  472.5 -90   6  15  -1.563   0.0   0.0
 3.375  697.5 -90   6  15  -1.563   0.0   0.0
 3.400  225.0  90   6  39   1.563   0.0   0.0
 3.400  227.5  90   6  33   1.563   0.0   0.0
 3.400  452.5  90   6  24   1.563   0.0   0.0
 3.400  455.0  90   6  30   1.563   0.0   0.0
 3.400  457.5  90   6  18   1.563   0.0   0.0
 3.400  460.0  90   6  18   1.563   0.0   0.0
 3.400  462.5  90   6  30   1.563   0.0   0.0
 3.400  465.0  90   6  33  -1.563   0.0   0.0
 3.400  467.5  90   6  42  -1.563   0.0   0.0
 3.400  470.0  90   6  33  -1.563   0.0   0.0
 3.400  472.5  90   6  21  -1.563   0.0   0.0
 3.400  475.0  90   6  15  -1.563  90.0  30.0
 3.400  477.5  90   6  21  -1.563  90.0  30.0
 3.400  480.0  90   6  18  -1.563  90.0  30.0
 3.400  560.0  90   6  15  -1.563  90.0  30.0
 3.400  672.5  90   6  18  -1.563  90.0  30.0
 3.400  675.0  90   6  18  -1.563  90.0  30.0
 3.400  677.5  90   6  27  -1.563  90.0  30.0
 3.400  680.0  90   6  24  -1.563  90.0  30.0
 3.400  682.5  90   6  18  10.938  90.0  30.0
 3.400  685.0  90   6  18  -1.563  90.0  30.0
 3.400  695.0  90   6  24  -1.563   0.0   0.0
 3.400  697.5  90   6  21   1.563   0.0   0.0
 3.400  700.0  90   6  21  -1.563   0.0   0.0
 3.400  702.5  90   6  21  -1.563   0.0   0.0
 3.400  705.0  90   6  15  -1.563  30.0  30.0
 3.400  710.0  90   6  15  -1.563   0.0   0.0
 3.400  927.5  90   6  15  -1.563   0.0   0.0
 3.400  225.0 -90   6  36   1.563   0.0   0.0
 3.400  227.5 -90   6  30   1.563   0.0   0.0
 3.400  452.5 -90   6  18   1.563   0.0   0.0
 3.400  455.0 -90   6  21   1.563   0.0   0.0
 3.400  460.0 -90   6  15   1.563   0.0   0.0
 3.400  462.5 -90   6  27   1.563   0.0   0.0
 3.400  465.0 -90   6  18  -1.563   0.0   0.0
 3.400  467.5 -90   6  21  -1.563 330.0  30.0
 3.400  470.0 -90   6  30  -1.563   0.0   0.0
 3.400  472.5 -90   6  24  -1.563   0.0   0.0
 3.400  695.0 -90   6  15  -1.563   0.0   0.0
 3.400  697.5 -90   6  18  -1.563   0.0   0.0
 3.400  700.0 -90   6  15  -1.563   0.0   0.0
 3.425  225.0  90   6  36   1.563   0.0   0.0
 3.425  227.5  90   6  33   1.563   0.0   0.0
 3.425  452.5  90   6  21   1.563   0.0   0.0
 3.425  455.0  90   6  24   1.563   0.0   0.0
 3.425  460.0  90   6  15   1.563   0.0   0.0
 3.425  462.5  90   6  27   1.563   0.0   0.0
 3.425  465.0  90   6  27  -1.563   0.0   0.0
 3.425  467.5  90   6  33  -1.563   0.0   0.0
 3.425  470.0  90   6  30  -1.563   0.0   0.0
 3.425  472.5  90   6  18  -1.563   0.0   0.0
 3.425  475.0  90   6  24  -1.563  90.0  30.0
 3.425  477.5  90   6  21  -1.563  90.0  30.0
 3.425  480.0  90   6  21  -1.563  90.0  30.0
 3.425  482.5  90   6  15  -1.563  90.0  30.0
 3.425  672.5  90   6  18  -1.563  90.0  30.0
 3.425  675.0  90   6  18  10.938  90.0  30.0
 3.425  677.5  90   6  24  10.938  90.0  30.0
 3.425  680.0  90   6  27  -1.563  90.0  30.0
 3.425  682.5  90   6  18  -1.563  90.0  30.0
 3.425  685.0  90   6  21  -1.563  90.0  30.0
 3.425  687.5  90   6  15  -1.563  90.0  30.0
 3.425  695.0  90   6  15   1.563   0.0   0.0
 3.425  697.5  90   6  24  -1.563   0.0   0.0
 3.425  700.0  90   6  21  -1.563   0.0   0.0
 3.425  702.5  90   6  18  -1.563  90.0  30.0
 3.425  705.0  90   6  15  -1.563  90.0  30.0
 3.425  707.5  90   6  15  -1.563  90.0  30.0
 3.425  225.0 -90   6  36   1.563   0.0   0.0
 3.425  227.5 -90   6  33   1.563   0.0   0.0
 3.425  452.5 -90   6  15   1.563   0.0   0.0
 3.425  455.0 -90   6  21   1.563   0.0   0.0
 3.425  460.0 -90   6  15   1.563   0.0   0.0
 3.425  462.5 -90   6  21  -1.563   0.0   0.0
 3.425  465.0 -90   6  24   1.563   0.0   0.0
 3.425  467.5 -90   6  21  -1.563   0.0   0.0
 3.425  470.0 -90   6  27  -1.563   0.0   0.0
 3.425  472.5 -90   6  24  -1.563   0.0   0.0
 3.425  475.0 -90   6  18  -1.563   0.0   0.0
 3.450  225.0  90  12  36   1.563   0.0   0.0
 3.450  227.5  90  12  36   1.563   0.0   0.0
 3.450  455.0  90  12  24   1.563   0.0   0.0
 3.450  465.0  90  12  30   1.563   0.0   0.0
 3.450  467.5  90  12  30  -1.563   0.0   0.0
 3.450  470.0  90  12  24  -1.563   0.0   0.0
 3.450  472.5  90  12  24  -1.563  30.0  30.0
 3.450  475.0  90  12  30  -1.563  90.0  30.0
 3.450  477.5  90  12  27  -1.563  90.0  30.0
 3.450  480.0  90  12  24  -1.563  90.0  30.0
 3.450  672.5  90  12  21  -1.563  90.0  30.0
 3.450  675.0  90  12  21  -1.563  90.0  30.0
 3.450  677.5  90  12  27  -1.563  90.0  30.0
 3.450  680.0  90  12  30  -1.563  90.0  30.0
 3.450  682.5  90  12  27  -1.563  90.0  30.0
 3.450  685.0  90  12  24  -1.563  90.0  30.0
 3.450  695.0  90  12  21   1.563  90.0  30.0
 3.450  697.5  90  12  24   1.563   0.0   0.0
 3.450  700.0  90  12  21   1.563   0.0   0.0
 3.450  702.5  90  12  21  -1.563  90.0  30.0
 3.450 1125.0  90  12  24  -4.688 150.0  30.0
 3.450 1135.0  90  12  21   1.563 150.0  30.0
 3.450  222.5 -90   6  15  -4.688 150.0  30.0
 3.450  225.0 -90   6  36   1.563   0.0   0.0
 3.450  227.5 -90   6  33   1.563   0.0   0.0
 3.450  327.5 -90   6  15  -1.563 150.0  30.0
 3.450  397.5 -90   6  15  -1.563 150.0  30.0
 3.450  452.5 -90   6  18   1.563   0.0   0.0
 3.450  455.0 -90   6  18   1.563   0.0   0.0
 3.450  462.5 -90   6  18  -1.563   0.0   0.0
 3.450  465.0 -90   6  21   1.563   0.0   0.0
 3.450  467.5 -90   6  24  -1.563   0.0   0.0
 3.450  470.0 -90   6  15  -1.563 150.0  30.0
 3.450  472.5 -90   6  24  -1.563  90.0  30.0
 3.450  522.5 -90   6  15   7.813 150.0  30.0
 3.450  525.0 -90   6  15   1.563 150.0  30.0
 3.450  702.5 -90   6  15  -1.563  90.0  30.0
 3.450  705.0 -90   6  15  -1.563  90.0  30.0
 3.475  225.0  90  30  60   1.563   0.0   0.0
 3.475  227.5  90  30  60   1.563   0.0   0.0
 3.475  455.0  90  30  48   1.563   0.0   0.0
 3.475  462.5  90  30  45   1.563   0.0   0.0
 3.475  465.0  90  30  54   1.563   0.0   0.0
 3.475  467.5  90  30  51  -1.563   0.0   0.0
 3.475  470.0  90  30  57  -1.563   0.0   0.0
 3.475  472.5  90  30  48  -1.563   0.0   0.0
 3.475  475.0  90  30  48  -1.563   0.0   0.0
 3.475  477.5  90  30  48  -1.563   0.0   0.0
 3.475  480.0  90  30  42  -1.563  90.0  30.0
 3.475  485.0  90  30  42  -1.563  90.0  30.0
 3.475  652.5  90  30  39  10.938  90.0  30.0
 3.475  655.0  90  30  39  10.938  90.0  30.0
 3.475  657.5  90  30  39  -1.563  90.0  30.0
 3.475  660.0  90  30  39  -1.563  90.0  30.0
 3.475  662.5  90  30  39  -1.563  90.0  30.0
 3.475  665.0  90  30  39  -1.563  90.0  30.0
 3.475  667.5  90  30  39   1.563  30.0  30.0
 3.475  672.5  90  30  42  -1.563  90.0  30.0
 3.475  675.0  90  30  45  10.938  90.0  30.0
 3.475  677.5  90  30  54  -1.563  90.0  30.0
 3.475  680.0  90  30  54  -1.563  90.0  30.0
 3.475  682.5  90  30  48  10.938  90.0  30.0
 3.475  685.0  90  30  45  10.938  90.0  30.0
 3.475  690.0  90  30  39   1.563  90.0  30.0
 3.475  700.0  90  30  48  -1.563  90.0  30.0
 3.475  702.5  90  30  51  -1.563  90.0  30.0
 3.475  705.0  90  30  51  -1.563  90.0  30.0
 3.475  712.5  90  30  39  -1.563   0.0   0.0
 3.475 1155.0  90  30  39  -1.563  90.0  30.0
 3.475  220.0 -90  27  36   1.563   0.0   0.0
 3.475  222.5 -90  27  39  -1.563   0.0   0.0
 3.475  225.0 -90  27  57   1.563   0.0   0.0
 3.475  227.5 -90  27  57   1.563   0.0   0.0
 3.475  230.0 -90  27  39   1.563   0.0   0.0
 3.475  232.5 -90  27  36   1.563   0.0   0.0
 3.475  452.5 -90  27  39  -1.563   0.0   0.0
 3.475  455.0 -90  27  45   1.563   0.0   0.0
 3.475  457.5 -90  27  39  -1.563   0.0   0.0
 3.475  462.5 -90  27  45   1.563   0.0   0.0
 3.475  465.0 -90  27  54  -1.563   0.0   0.0
 3.475  467.5 -90  27  60  -1.563   0.0   0.0
 3.475  470.0 -90  27  54  -1.563   0.0   0.0
 3.475  472.5 -90  27  51  -1.563   0.0   0.0
 3.475  475.0 -90  27  36  -1.563   0.0   0.0
 3.475  485.0 -90  27  36  -1.563  90.0  30.0
 3.475  682.5 -90  27  36  -1.563   0.0   0.0
 3.475  695.0 -90  27  42  -1.563  90.0  30.0
 3.475  697.5 -90  27  36   1.563   0.0   0.0
 3.475  707.5 -90  27  39  -1.563   0.0   0.0
 3.475  710.0 -90  27  36  -1.563   0.0   0.0
 3.475  712.5 -90  27  36  -1.563   0.0   0.0
 3.500  222.5  90  30  39   1.563   0.0   0.0
 3.500  225.0  90  30  57   1.563   0.0   0.0
 3.500  227.5  90  30  60   1.563   0.0   0.0
 3.500  242.5  90  30  39   1.563   0.0   0.0
 3.500  455.0  90  30  48   1.563   0.0   0.0
 3.500  457.5  90  30  42   1.563   0.0   0.0
 3.500  465.0  90  30  54  -1.563   0.0   0.0
 3.500  467.5  90  30  51  -1.563   0.0   0.0
 3.500  470.0  90  30  60  -1.563   0.0   0.0
 3.500  472.5  90  30  60  -1.563   0.0   0.0
 3.500  475.0  90  30  54  -1.563   0.0   0.0
 3.500  477.5  90  30  48  -1.563  90.0  30.0
 3.500  480.0  90  30  42  -1.563  90.0  30.0
 3.500  485.0  90  30  42  -1.563  90.0  30.0
 3.500  652.5  90  30  39  -1.563  90.0  30.0
 3.500  655.0  90  30  39 -10.938  90.0  30.0
 3.500  665.0  90  30  39  10.938  90.0  30.0
 3.500  672.5  90  30  45  -1.563  90.0  30.0
 3.500  675.0  90  30  45  -1.563  90.0  30.0
 3.500  677.5  90  30  51  10.938  90.0  30.0
 3.500  680.0  90  30  51  -1.563  90.0  30.0
 3.500  682.5  90  30  48  -1.563  90.0  30.0
 3.500  685.0  90  30  45  10.938  90.0  30.0
 3.500  687.5  90  30  39  -1.563  90.0  30.0
 3.500  690.0  90  30  39  10.938  90.0  30.0
 3.500  692.5  90  30  39  -1.563  90.0  30.0
 3.500  695.0  90  30  42  -1.563  90.0  30.0
 3.500  697.5  90  30  42   1.563  90.0  30.0
 3.500  702.5  90  30  48  -1.563   0.0   0.0
 3.500  705.0  90  30  48  -1.563   0.0   0.0
 3.500  712.5  90  30  42  -1.563  90.0  30.0
 3.500  715.0  90  30  45  -1.563  90.0  30.0
 3.500  720.0  90  30  42  -1.563   0.0   0.0
 3.500  722.5  90  30  39  -1.563   0.0   0.0
 3.500  907.5  90  30  39 -10.938  90.0  30.0
 3.500  925.0  90  30  39  -1.563  90.0  30.0
 3.500  955.0  90  30  39  -1.563   0.0   0.0
 3.500 1155.0  90  30  39  10.938  90.0  30.0
 3.500  225.0 -90  27  57   1.563   0.0   0.0
 3.500  227.5 -90  27  57   1.563   0.0   0.0
 3.500  232.5 -90  27  36   1.563   0.0   0.0
 3.500  455.0 -90  27  45   1.563   0.0   0.0
 3.500  457.5 -90  27  39  -1.563   0.0   0.0
 3.500  462.5 -90  27  45   1.563   0.0   0.0
 3.500  465.0 -90  27  45   1.563   0.0   0.0
 3.500  467.5 -90  27  60  -1.563   0.0   0.0
 3.500  470.0 -90  27  54  -1.563   0.0   0.0
 3.500  472.5 -90  27  51  -1.563   0.0   0.0
 3.500  475.0 -90  27  42  -1.563   0.0   0.0
 3.500  477.5 -90  27  42  -1.563  90.0  30.0
 3.500  480.0 -90  27  36  -1.563  90.0  30.0
 3.500  485.0 -90  27  36  -1.563  90.0  30.0
 3.500  682.5 -90  27  36  -1.563   0.0   0.0
 3.500  695.0 -90  27  36  -1.563   0.0   0.0
 3.500  697.5 -90  27  45  -1.563  90.0  30.0
 3.500  700.0 -90  27  42  -1.563  90.0  30.0
 3.500  702.5 -90  27  39  -1.563  90.0  30.0
 3.525  225.0  90   6  33   1.563   0.0   0.0
 3.525  227.5  90   6  36   1.563   0.0   0.0
 3.525  455.0  90   6  21   1.563   0.0   0.0
 3.525  457.5  90   6  21   1.563   0.0   0.0
 3.525  465.0  90   6  27   1.563   0.0   0.0
 3.525  467.5  90   6  24  -1.563  30.0  30.0
 3.525  470.0  90   6  36  -1.563   0.0   0.0
 3.525  472.5  90   6  27  -1.563   0.0   0.0
 3.525  475.0  90   6  27  -1.563   0.0   0.0
 3.525  477.5  90   6  24  -1.563  90.0  30.0
 3.525  480.0  90   6  15  -1.563  90.0  30.0
 3.525  482.5  90   6  18  -1.563  90.0  30.0
 3.525  655.0  90   6  18  -1.563  90.0  30.0
 3.525  657.5  90   6  18  -1.563  90.0  30.0
 3.525  660.0  90   6  18  -1.563  90.0  30.0
 3.525  662.5  90   6  15  -1.563  90.0  30.0
 3.525  665.0  90   6  15  -1.563  90.0  30.0
 3.525  672.5  90   6  18  -1.563  90.0  30.0
 3.525  675.0  90   6  21  -1.563  90.0  30.0
 3.525  677.5  90   6  27  10.938  90.0  30.0
 3.525  680.0  90   6  30  -1.563  90.0  30.0
 3.525  682.5  90   6  21  -1.563  90.0  30.0
 3.525  685.0  90   6  24  -1.563  90.0  30.0
 3.525  687.5  90   6  15   1.563 270.0  30.0
 3.525  690.0  90   6  15  -1.563  90.0  30.0
 3.525  695.0  90   6  18   1.563  90.0  30.0
 3.525  697.5  90   6  18   1.563  90.0  30.0
 3.525  700.0  90   6  15  10.938  90.0  30.0
 3.525  702.5  90   6  21  -1.563   0.0   0.0
 3.525  705.0  90   6  24  -1.563  90.0  30.0
 3.525  707.5  90   6  18  -1.563   0.0   0.0
 3.525  712.5  90   6  18  -1.563  90.0  30.0
 3.525  715.0  90   6  18  -1.563  90.0  30.0
 3.525  927.5  90   6  15  -1.563   0.0   0.0
 3.525  930.0  90   6  15  -1.563   0.0   0.0
 3.525  935.0  90   6  15  -1.563   0.0   0.0
 3.525  225.0 -90   6  33   1.563   0.0   0.0
 3.525  227.5 -90   6  33   1.563   0.0   0.0
 3.525  455.0 -90   6  21   1.563   0.0   0.0
 3.525  457.5 -90   6  15   1.563   0.0   0.0
 3.525  462.5 -90   6  18   1.563   0.0   0.0
 3.525  465.0 -90   6  27  -1.563   0.0   0.0
 3.525  467.5 -90   6  33  -1.563   0.0   0.0
 3.525  470.0 -90   6  36  -1.563   0.0   0.0
 3.525  472.5 -90   6  21  -1.563   0.0   0.0
 3.525  475.0 -90   6  24  -1.563  90.0  30.0
 3.525  477.5 -90   6  21  -1.563  90.0  30.0
 3.525  697.5 -90   6  21  -1.563  90.0  30.0
 3.525  700.0 -90   6  15  -1.563  90.0  30.0
 3.525  702.5 -90   6  18  -1.563  90.0  30.0
 3.550  225.0  90   9  30   1.563   0.0   0.0
 3.550  227.5  90   9  39   1.563   0.0   0.0
 3.550  230.0  90   9  21   1.563   0.0   0.0
 3.550  455.0  90   9  21   1.563   0.0   0.0
 3.550  457.5  90   9  24   1.563   0.0   0.0
 3.550  465.0  90   9  30   1.563   0.0   0.0
 3.550  467.5  90   9  33   1.563   0.0   0.0
 3.550  470.0  90   9  33  -1.563 330.0  30.0
 3.550  472.5  90   9  30  -1.563   0.0   0.0
 3.550  475.0  90   9  18  -1.563  30.0  30.0
 3.550  477.5  90   9  21  -1.563  90.0  30.0
 3.550  480.0  90   9  18  -1.563  90.0  30.0
 3.550  482.5  90   9  21  -1.563  90.0  30.0
 3.550  652.5  90   9  18  -1.563  90.0  30.0
 3.550  672.5  90   9  21  10.938  90.0  30.0
 3.550  675.0  90   9  18  10.938  90.0  30.0
 3.550  677.5  90   9  30  -1.563  90.0  30.0
 3.550  680.0  90   9  30  -1.563  90.0  30.0
 3.550  682.5  90   9  24  -1.563  90.0  30.0
 3.550  685.0  90   9  24   1.563  90.0  30.0
 3.550  692.5  90   9  18  -1.563  90.0  30.0
 3.550  697.5  90   9  18   1.563  90.0  30.0
 3.550  700.0  90   9  27  -1.563   0.0   0.0
 3.550  702.5  90   9  21  -1.563  90.0  30.0
 3.550  705.0  90   9  18   1.563   0.0   0.0
 3.550  710.0  90   9  21  -1.563   0.0   0.0
 3.550  712.5  90   9  21  -1.563  30.0  30.0
 3.550  225.0 -90   6  33   1.563   0.0   0.0
 3.550  227.5 -90   6  36   1.563   0.0   0.0
 3.550  230.0 -90   6  15   1.563   0.0   0.0
 3.550  455.0 -90   6  18   1.563   0.0   0.0
 3.550  465.0 -90   6  27  -1.563   0.0   0.0
 3.550  467.5 -90   6  30  -1.563   0.0   0.0
 3.550  470.0 -90   6  33  -1.563   0.0   0.0
 3.550  472.5 -90   6  24  -1.563  90.0  30.0
 3.550  475.0 -90   6  24  -1.563   0.0   0.0
 3.550  477.5 -90   6  15  -1.563   0.0   0.0
 3.550  695.0 -90   6  15  -1.563   0.0   0.0
 3.550  697.5 -90   6  24  -1.563  90.0  30.0
 3.550  700.0 -90   6  15  -1.563  90.0  30.0
 3.550  702.5 -90   6  15  10.938  90.0  30.0
 3.550  705.0 -90   6  15  -1.563   0.0   0.0
 3.575  225.0  90  33  54   1.563   0.0   0.0
 3.575  227.5  90  33  63   1.563   0.0   0.0
 3.575  230.0  90  33  45   1.563   0.0   0.0
 3.575  457.5  90  33  51   1.563   0.0   0.0
 3.575  460.0  90  33  42  -1.563   0.0   0.0
 3.575  465.0  90  33  51   1.563   0.0   0.0
 3.575  467.5  90  33  51  -1.563   0.0   0.0
 3.575  470.0  90  33  51  -1.563   0.0   0.0
 3.575  472.5  90  33  54  -1.563  90.0  30.0
 3.575  475.0  90  33  51  -1.563   0.0   0.0
 3.575  480.0  90  33  48  -1.563   0.0   0.0
 3.575  482.5  90  33  45  -1.563  90.0  30.0
 3.575  485.0  90  33  42  -1.563  90.0  30.0
 3.575  652.5  90  33  42  -1.563  90.0  30.0
 3.575  655.0  90  33  42  -1.563  90.0  30.0
 3.575  660.0  90  33  42  -1.563  90.0  30.0
 3.575  665.0  90  33  42  -1.563  90.0  30.0
 3.575  672.5  90  33  45  10.938  90.0  30.0
 3.575  675.0  90  33  48  10.938  90.0  30.0
 3.575  677.5  90  33  51  -1.563  90.0  30.0
 3.575  680.0  90  33  57  -1.563  90.0  30.0
 3.575  682.5  90  33  45  10.938  90.0  30.0
 3.575  685.0  90  33  48  -1.563  90.0  30.0
 3.575  690.0  90  33  42  -1.563  90.0  30.0
 3.575  695.0  90  33  42  10.938  90.0  30.0
 3.575  697.5  90  33  45  -1.563   0.0   0.0
 3.575  702.5  90  33  45  -1.563  90.0  30.0
 3.575  705.0  90  33  48  -1.563  90.0  30.0
 3.575  707.5  90  33  42   1.563  90.0  30.0
 3.575  217.5 -90  30  39   1.563 150.0  30.0
 3.575  225.0 -90  30  57   1.563   0.0   0.0
 3.575  227.5 -90  30  60   1.563   0.0   0.0
 3.575  235.0 -90  30  39   1.563   0.0   0.0
 3.575  455.0 -90  30  42  -1.563   0.0   0.0
 3.575  457.5 -90  30  39  -1.563  90.0  30.0
 3.575  460.0 -90  30  39  -1.563 150.0  30.0
 3.575  465.0 -90  30  51  -1.563   0.0   0.0
 3.575  467.5 -90  30  60  -1.563   0.0   0.0
 3.575  470.0 -90  30  57  -1.563   0.0   0.0
 3.575  472.5 -90  30  51  -1.563   0.0   0.0
 3.575  475.0 -90  30  45  -1.563   0.0   0.0
 3.575  477.5 -90  30  39  -1.563   0.0   0.0
 3.575  482.5 -90  30  39  -1.563 150.0  30.0
 3.575  485.0 -90  30  39  -1.563  90.0  30.0
 3.575  692.5 -90  30  39  -1.563  90.0  30.0
 3.575  695.0 -90  30  42  -1.563  90.0  30.0
 3.575  697.5 -90  30  45  -1.563  90.0  30.0
 3.575  702.5 -90  30  42  -1.563  90.0  30.0
 3.600   85.0  90  36  45   4.688 150.0  30.0
 3.600  225.0  90  36  51  -1.563   0.0   0.0
 3.600  227.5  90  36  63   1.563   0.0   0.0
 3.600  230.0  90  36  45   1.563   0.0   0.0
 3.600  457.5  90  36  51   1.563   0.0   0.0
 3.600  460.0  90  36  45   1.563   0.0   0.0
 3.600  467.5  90  36  57   1.563   0.0   0.0
 3.600  470.0  90  36  60  -1.563   0.0   0.0
 3.600  472.5  90  36  60  -1.563   0.0   0.0
 3.600  475.0  90  36  48   1.563  90.0  30.0
 3.600  477.5  90  36  45  -1.563  90.0  30.0
 3.600  482.5  90  36  48  -1.563  90.0  30.0
 3.600  675.0  90  36  45  -1.563  90.0  30.0
 3.600  677.5  90  36  51  -1.563  90.0  30.0
 3.600  680.0  90  36  54  -1.563  90.0  30.0
 3.600  682.5  90  36  45  10.938  90.0  30.0
 3.600  685.0  90  36  45  -1.563  90.0  30.0
 3.600  712.5  90  36  45  -1.563  90.0  30.0
 3.600 1262.5  90  36  45   1.563 150.0  30.0
 3.600 1267.5  90  36  45  10.938  90.0  30.0
 3.600  225.0 -90  30  57   1.563   0.0   0.0
 3.600  227.5 -90  30  60   1.563   0.0   0.0
 3.600  455.0 -90  30  42  -1.563 150.0  30.0
 3.600  457.5 -90  30  39   1.563 210.0  30.0
 3.600  467.5 -90  30  60  -1.563   0.0   0.0
 3.600  470.0 -90  30  57  -1.563   0.0   0.0
 3.600  472.5 -90  30  54  -1.563   0.0   0.0
 3.600  475.0 -90  30  48  -1.563   0.0   0.0
 3.600  477.5 -90  30  42  -1.563   0.0   0.0
 3.600  485.0 -90  30  39  -1.563   0.0   0.0
 3.600  697.5 -90  30  39  10.938  90.0  30.0
 3.600  700.0 -90  30  39  -1.563 150.0  30.0
 3.600  702.5 -90  30  42  -1.563  90.0  30.0
 3.600  705.0 -90  30  39  -1.563 150.0  30.0
 3.625  225.0  90  21  36   1.563   0.0   0.0
 3.625  227.5  90  21  51   1.563   0.0   0.0
 3.625  230.0  90  21  39   1.563   0.0   0.0
 3.625  457.5  90  21  36   1.563   0.0   0.0
 3.625  460.0  90  21  36   1.563   0.0   0.0
 3.625  467.5  90  21  45   1.563   0.0   0.0
 3.625  470.0  90  21  42  -1.563   0.0   0.0
 3.625  472.5  90  21  51  -1.563   0.0   0.0
 3.625  475.0  90  21  45  -1.563   0.0   0.0
 3.625  477.5  90  21  42  -1.563   0.0   0.0
 3.625  480.0  90  21  36  -1.563  90.0  30.0
 3.625  482.5  90  21  36  -1.563  90.0  30.0
 3.625  485.0  90  21  33  -1.563  90.0  30.0
 3.625  487.5  90  21  30  -1.563  90.0  30.0
 3.625  655.0  90  21  30   1.563  90.0  30.0
 3.625  672.5  90  21  30  10.938  90.0  30.0
 3.625  675.0  90  21  33  10.938  90.0  30.0
 3.625  677.5  90  21  39  10.938  90.0  30.0
 3.625  680.0  90  21  42  -1.563  90.0  30.0
 3.625  682.5  90  21  36  10.938  90.0  30.0
 3.625  685.0  90  21  33  10.938  90.0  30.0
 3.625  687.5  90  21  30  10.938  90.0  30.0
 3.625  695.0  90  21  30  -1.563  90.0  30.0
 3.625  700.0  90  21  33   1.563  90.0  30.0
 3.625  702.5  90  21  30  10.938  90.0  30.0
 3.625  705.0  90  21  33  10.938  90.0  30.0
 3.625  707.5  90  21  30  -1.563  30.0  30.0
 3.625  225.0 -90  18  42   1.563   0.0   0.0
 3.625  227.5 -90  18  48   1.563   0.0   0.0
 3.625  230.0 -90  18  30   1.563   0.0   0.0
 3.625  465.0 -90  18  27  -1.563   0.0   0.0
 3.625  467.5 -90  18  42  -1.563   0.0   0.0
 3.625  470.0 -90  18  45  -1.563   0.0   0.0
 3.625  472.5 -90  18  39  -1.563   0.0   0.0
 3.625  477.5 -90  18  30   1.563   0.0   0.0
 3.625  697.5 -90  18  27  -1.563  90.0  30.0
 3.650  225.0  90  21  33   1.563   0.0   0.0
 3.650  227.5  90  21  48   1.563   0.0   0.0
 3.650  230.0  90  21  39   1.563   0.0   0.0
 3.650  457.5  90  21  30   1.563 210.0  30.0
 3.650  462.5  90  21  30   1.563   0.0   0.0
 3.650  465.0  90  21  33   1.563   0.0   0.0
 3.650  467.5  90  21  33  -1.563   0.0   0.0
 3.650  470.0  90  21  33  -1.563   0.0   0.0
 3.650  472.5  90  21  48  -1.563   0.0   0.0
 3.650  475.0  90  21  48  -1.563   0.0   0.0
 3.650  477.5  90  21  36  -1.563   0.0   0.0
 3.650  480.0  90  21  33  -1.563   0.0   0.0
 3.650  482.5  90  21  36  -1.563  90.0  30.0
 3.650  485.0  90  21  30  -1.563  90.0  30.0
 3.650  675.0  90  21  30  -1.563  90.0  30.0
 3.650  677.5  90  21  36  10.938  90.0  30.0
 3.650  680.0  90  21  39  -1.563  90.0  30.0
 3.650  682.5  90  21  36  -1.563  90.0  30.0
 3.650  685.0  90  21  33  -1.563  90.0  30.0
 3.650  705.0  90  21  33  -1.563   0.0   0.0
 3.650  220.0 -90  18  27   1.563   0.0   0.0
 3.650  225.0 -90  18  42   1.563   0.0   0.0
 3.650  227.5 -90  18  48   1.563   0.0   0.0
 3.650  230.0 -90  18  27  -1.563   0.0   0.0
 3.650  457.5 -90  18  27   1.563 150.0  30.0
 3.650  462.5 -90  18  27   1.563   0.0   0.0
 3.650  467.5 -90  18  36  -1.563   0.0   0.0
 3.650  470.0 -90  18  48  -1.563   0.0   0.0
 3.650  472.5 -90  18  36  -1.563   0.0   0.0
 3.650  475.0 -90  18  30  -1.563   0.0   0.0
 3.650  695.0 -90  18  30  -1.563  90.0  30.0
 3.650  700.0 -90  18  27  -1.563   0.0   0.0
 3.650  702.5 -90  18  27  -1.563   0.0   0.0
 3.650  705.0 -90  18  27  -1.563   0.0   0.0
 3.675  225.0  90   9  18   1.563   0.0   0.0
 3.675  227.5  90   9  36   1.563   0.0   0.0
 3.675  230.0  90   9  33   1.563   0.0   0.0
 3.675  457.5  90   9  18   1.563   0.0   0.0
 3.675  465.0  90   9  18   1.563   0.0   0.0
 3.675  467.5  90   9  21  -1.563   0.0   0.0
 3.675  470.0  90   9  30  -1.563   0.0   0.0
 3.675  472.5  90   9  30  -1.563   0.0   0.0
 3.675  475.0  90   9  30  -1.563   0.0   0.0
 3.675  480.0  90   9  18  -1.563   0.0   0.0
 3.675  482.5  90   9  21  -1.563  90.0  30.0
 3.675  485.0  90   9  18  -1.563  90.0  30.0
 3.675  487.5  90   9  18  -1.563  90.0  30.0
 3.675  490.0  90   9  21  -1.563  90.0  30.0
 3.675  675.0  90   9  18  -1.563  90.0  30.0
 3.675  677.5  90   9  24  -1.563  90.0  30.0
 3.675  680.0  90   9  27  -1.563  90.0  30.0
 3.675  682.5  90   9  18  10.938  90.0  30.0
 3.675  685.0  90   9  21  -1.563  90.0  30.0
 3.675  705.0  90   9  18  -1.563  90.0  30.0
 3.675  712.5  90   9  18  -1.563  90.0  30.0
 3.675  225.0 -90   6  30  -1.563   0.0   0.0
 3.675  227.5 -90   6  36   1.563   0.0   0.0
 3.675  230.0 -90   6  18  -1.563   0.0   0.0
 3.675  457.5 -90   6  18   1.563 210.0  30.0
 3.675  460.0 -90   6  15   1.563   0.0   0.0
 3.675  462.5 -90   6  15  -1.563 150.0  30.0
 3.675  467.5 -90   6  27  -1.563   0.0   0.0
 3.675  470.0 -90   6  33  -1.563   0.0   0.0
 3.675  472.5 -90   6  18   1.563   0.0   0.0
 3.675  475.0 -90   6  15  -1.563  30.0  30.0
 3.675  477.5 -90   6  15  -1.563  90.0  30.0
 3.675  695.0 -90   6  15  -1.563  90.0  30.0
 3.700  227.5  90   9  36   1.563   0.0   0.0
 3.700  230.0  90   9  33   1.563   0.0   0.0
 3.700  457.5  90   9  18  -1.563   0.0   0.0
 3.700  465.0  90   9  18  -1.563   0.0   0.0
 3.700  467.5  90   9  21  -1.563   0.0   0.0
 3.700  470.0  90   9  36  -1.563   0.0   0.0
 3.700  472.5  90   9  39  -1.563   0.0   0.0
 3.700  475.0  90   9  24  -1.563  90.0  30.0
 3.700  477.5  90   9  21   1.563  90.0  30.0
 3.700  480.0  90   9  18  -1.563  90.0  30.0
 3.700  490.0  90   9  18  -1.563   0.0   0.0
 3.700  492.5  90   9  18  -1.563   0.0   0.0
 3.700  665.0  90   9  18  -1.563  90.0  30.0
 3.700  675.0  90   9  18   1.563  90.0  30.0
 3.700  677.5  90   9  18 -10.938  90.0  30.0
 3.700  680.0  90   9  27  -1.563  90.0  30.0
 3.700  682.5  90   9  18  10.938  90.0  30.0
 3.700  685.0  90   9  21  -1.563  90.0  30.0
 3.700  695.0  90   9  18  -1.563  90.0  30.0
 3.700  702.5  90   9  18  -1.563  90.0  30.0
 3.700  705.0  90   9  18  -1.563  90.0  30.0
 3.700  707.5  90   9  21  -1.563   0.0   0.0
 3.700  710.0  90   9  18   1.563   0.0   0.0
 3.700  225.0 -90   6  27  -1.563   0.0   0.0
 3.700  227.5 -90   6  36   1.563   0.0   0.0
 3.700  230.0 -90   6  18   1.563   0.0   0.0
 3.700  467.5 -90   6  27  -1.563   0.0   0.0
 3.700  472.5 -90   6  21  -1.563 330.0  30.0
 3.700  475.0 -90   6  18  -1.563  90.0  30.0
 3.700  485.0 -90   6  15  -1.563  90.0  30.0
 3.700  695.0 -90   6  15  -1.563  90.0  30.0
 3.700  697.5 -90   6  15   1.563  90.0  30.0
 3.700  705.0 -90   6  15  -1.563   0.0   0.0
 3.725  227.5  90   9  36   1.563   0.0   0.0
 3.725  230.0  90   9  33   1.563   0.0   0.0
 3.725  460.0  90   9  18  -1.563   0.0   0.0
 3.725  462.5  90   9  21  -1.563   0.0   0.0
 3.725  465.0  90   9  21  -1.563   0.0   0.0
 3.725  470.0  90   9  33   1.563   0.0   0.0
 3.725  472.5  90   9  39  -1.563   0.0   0.0
 3.725  475.0  90   9  33  -1.563   0.0   0.0
 3.725  477.5  90   9  30  -1.563   0.0   0.0
 3.725  480.0  90   9  27  -1.563   0.0   0.0
 3.725  482.5  90   9  18  -1.563   0.0   0.0
 3.725  485.0  90   9  18  -1.563  90.0  30.0
 3.725  487.5  90   9  21  -1.563  90.0  30.0
 3.725  492.5  90   9  18  -1.563   0.0   0.0
 3.725  677.5  90   9  21  -1.563  90.0  30.0
 3.725  680.0  90   9  21  -1.563  90.0  30.0
 3.725  682.5  90   9  21  -1.563  90.0  30.0
 3.725  707.5  90   9  21  -1.563   0.0   0.0
 3.725  225.0 -90   6  27   1.563   0.0   0.0
 3.725  227.5 -90   6  36   1.563   0.0   0.0
 3.725  230.0 -90   6  24   1.563   0.0   0.0
 3.725  465.0 -90   6  18   1.563   0.0   0.0
 3.725  467.5 -90   6  21  -1.563   0.0   0.0
 3.725  470.0 -90   6  30  -1.563   0.0   0.0
 3.725  472.5 -90   6  30  -1.563   0.0   0.0
 3.725  475.0 -90   6  27  -1.563  90.0  30.0
 3.725  477.5 -90   6  18  -1.563   0.0   0.0
 3.725  480.0 -90   6  15  -1.563  90.0  30.0
 3.725  695.0 -90   6  18  -1.563  90.0  30.0
 3.750  230.0  90  30  39   1.563 150.0  30.0
 3.750  195.0 -90  30  39  -7.813 150.0  30.0
 3.750  227.5 -90  30  39  -1.563   0.0   0.0
 3.750  752.5 -90  30  39  -4.688 150.0  30.0
 3.750 1195.0 -90  30  39  -1.563 150.0  30.0
 3.775  227.5  90  12  33   1.563   0.0   0.0
 3.775  230.0  90  12  36   1.563   0.0   0.0
 3.775  462.5  90  12  21  -1.563   0.0   0.0
 3.775  470.0  90  12  27  -1.563   0.0   0.0
 3.775  472.5  90  12  24  -1.563   0.0   0.0
 3.775  475.0  90  12  27  -1.563   0.0   0.0
 3.775  477.5  90  12  30  -1.563  90.0  30.0
 3.775  480.0  90  12  24  -1.563   0.0   0.0
 3.775  482.5  90  12  21  -1.563  90.0  30.0
 3.775  485.0  90  12  27  -1.563  90.0  30.0
 3.775  487.5  90  12  21  -1.563  90.0  30.0
 3.775  680.0  90  12  21  -1.563  90.0  30.0
 3.775  225.0 -90   9  21   1.563   0.0   0.0
 3.775  227.5 -90   9  36   1.563   0.0   0.0
 3.775  230.0 -90   9  24   1.563   0.0   0.0
 3.775  457.5 -90   9  21   1.563 150.0  30.0
 3.775  460.0 -90   9  18  -1.563 150.0  30.0
 3.775  467.5 -90   9  24   1.563   0.0   0.0
 3.775  470.0 -90   9  21  -1.563   0.0   0.0
 3.775  472.5 -90   9  21  -1.563   0.0   0.0
 3.775  477.5 -90   9  27  -1.563   0.0   0.0
 3.775  480.0 -90   9  21  -1.563   0.0   0.0
 3.775  595.0 -90   9  18  -7.813 150.0  30.0
 3.775  602.5 -90   9  18  10.938 150.0  30.0
 3.775  627.5 -90   9  18  -7.813 150.0  30.0
 3.775  632.5 -90   9  21  -4.688 150.0  30.0
 3.800  227.5  90   9  33   1.563   0.0   0.0
 3.800  230.0  90   9  36   1.563   0.0   0.0
 3.800  232.5  90   9  18   1.563   0.0   0.0
 3.800  467.5  90   9  18   1.563   0.0   0.0
 3.800  470.0  90   9  24   1.563   0.0   0.0
 3.800  472.5  90   9  30   1.563   0.0   0.0
 3.800  475.0  90   9  27  -1.563   0.0   0.0
 3.800  477.5  90   9  24  -1.563   0.0   0.0
 3.800  482.5  90   9  21  -1.563  30.0  30.0
 3.800  485.0  90   9  24  -1.563   0.0   0.0
 3.800  680.0  90   9  21  -1.563  90.0  30.0
 3.800  707.5  90   9  18  -1.563   0.0   0.0
 3.800  712.5  90   9  18  -1.563   0.0   0.0
 3.800  720.0  90   9  18  -1.563   0.0   0.0
 3.800  225.0 -90   6  21   1.563   0.0   0.0
 3.800  227.5 -90   6  36   1.563   0.0   0.0
 3.800  230.0 -90   6  24   1.563   0.0   0.0
 3.800  457.5 -90   6  15  -1.563 150.0  30.0
 3.800  462.5 -90   6  15  -1.563   0.0   0.0
 3.800  465.0 -90   6  15  -1.563   0.0   0.0
 3.800  467.5 -90   6  21   1.563   0.0   0.0
 3.800  470.0 -90   6  27  -1.563   0.0   0.0
 3.800  472.5 -90   6  33  -1.563   0.0   0.0
 3.800  475.0 -90   6  24  -1.563   0.0   0.0
 3.800  477.5 -90   6  24  -1.563   0.0   0.0
 3.800  485.0 -90   6  15  -1.563  90.0  30.0
 3.800  687.5 -90   6  15  -1.563 210.0  30.0
 3.800  695.0 -90   6  15  10.938  90.0  30.0
 3.800  705.0 -90   6  18  -1.563   0.0   0.0
 3.800  707.5 -90   6  15  -1.563   0.0   0.0
 3.800  710.0 -90   6  15  -1.563   0.0   0.0
 3.825  227.5  90   9  30   1.563   0.0   0.0
 3.825  230.0  90   9  36   1.563   0.0   0.0
 3.825  232.5  90   9  21   1.563   0.0   0.0
 3.825  462.5  90   9  18   1.563   0.0   0.0
 3.825  467.5  90   9  18   1.563   0.0   0.0
 3.825  470.0  90   9  21   1.563   0.0   0.0
 3.825  472.5  90   9  21  -1.563   0.0   0.0
 3.825  475.0  90   9  33  -1.563   0.0   0.0
 3.825  477.5  90   9  36  -1.563   0.0   0.0
 3.825  480.0  90   9  30  -1.563  90.0  30.0
 3.825  482.5  90   9  21  -1.563  90.0  30.0
 3.825  485.0  90   9  18   1.563   0.0   0.0
 3.825  680.0  90   9  21  -1.563  90.0  30.0
 3.825  707.5  90   9  18   1.563   0.0   0.0
 3.825  712.5  90   9  18   1.563   0.0   0.0
 3.825  715.0  90   9  18  -1.563   0.0   0.0
 3.825  225.0 -90   6  21   1.563   0.0   0.0
 3.825  227.5 -90   6  36   1.563   0.0   0.0
 3.825  230.0 -90   6  27   1.563   0.0   0.0
 3.825  457.5 -90   6  18   1.563 210.0  30.0
 3.825  460.0 -90   6  21   1.563   0.0   0.0
 3.825  467.5 -90   6  21  -1.563   0.0   0.0
 3.825  470.0 -90   6  30  -1.563   0.0   0.0
 3.825  472.5 -90   6  24  -1.563   0.0   0.0
 3.825  475.0 -90   6  21  -1.563 150.0  30.0
 3.825  477.5 -90   6  24  -1.563   0.0   0.0
 3.825  480.0 -90   6  15  -1.563   0.0   0.0
 3.825  482.5 -90   6  15  -1.563  90.0  30.0
 3.825  687.5 -90   6  15   1.563   0.0   0.0
 3.825 1275.0 -90   6  15   1.563 150.0  30.0
 3.850  227.5  90  12  27   1.563   0.0   0.0
 3.850  230.0  90  12  36   1.563   0.0   0.0
 3.850  232.5  90  12  21   1.563   0.0   0.0
 3.850  472.5  90  12  27   1.563   0.0   0.0
 3.850  475.0  90  12  33  -1.563   0.0   0.0
 3.850  477.5  90  12  36  -1.563   0.0   0.0
 3.850  480.0  90  12  33  -1.563   0.0   0.0
 3.850  482.5  90  12  24  -1.563   0.0   0.0
 3.850  485.0  90  12  21  -1.563  90.0  30.0
 3.850  487.5  90  12  21   1.563  90.0  30.0
 3.850  680.0  90  12  21   1.563  90.0  30.0
 3.850  707.5  90  12  21  -1.563   0.0   0.0
 3.850  710.0  90  12  21  -1.563   0.0   0.0
 3.850  712.5  90  12  21  -1.563   0.0   0.0
 3.850  225.0 -90   9  18  -1.563   0.0   0.0
 3.850  227.5 -90   9  36   1.563   0.0   0.0
 3.850  230.0 -90   9  30   1.563   0.0   0.0
 3.850  457.5 -90   9  18   1.563   0.0   0.0
 3.850  460.0 -90   9  21   1.563   0.0   0.0
 3.850  467.5 -90   9  21  -1.563   0.0   0.0
 3.850  470.0 -90   9  30  -1.563   0.0   0.0
 3.850  472.5 -90   9  21  -1.563   0.0   0.0
 3.850  475.0 -90   9  21  -1.563   0.0   0.0
 3.850  477.5 -90   9  24  -1.563  90.0  30.0
 3.875  227.5  90  39  48   1.563   0.0   0.0
 3.875  230.0  90  39  60   1.563   0.0   0.0
 3.875  462.5  90  39  48   1.563   0.0   0.0
 3.875  472.5  90  39  51   1.563   0.0   0.0
 3.875  475.0  90  39  57  -1.563   0.0   0.0
 3.875  477.5  90  39  54  -1.563   0.0   0.0
 3.875  482.5  90  39  48  -1.563  90.0  30.0
 3.875  680.0  90  39  51   1.563  90.0  30.0
 3.875  715.0  90  39  48   1.563   0.0   0.0
 3.875   80.0 -90  33  42  -4.688 150.0  30.0
 3.875  192.5 -90  33  42   1.563 150.0  30.0
 3.875  205.0 -90  33  42   4.688 150.0  30.0
 3.875  227.5 -90  33  60   1.563   0.0   0.0
 3.875  230.0 -90  33  54   1.563   0.0   0.0
 3.875  467.5 -90  33  42   1.563   0.0   0.0
 3.875  472.5 -90  33  54  -1.563   0.0   0.0
 3.875  475.0 -90  33  51  -1.563   0.0   0.0
 3.875  477.5 -90  33  45  -1.563   0.0   0.0
 3.875  480.0 -90  33  45  -1.563   0.0   0.0
 3.875  482.5 -90  33  45  -1.563  90.0  30.0
 3.900  227.5  90  36  48  -1.563   0.0   0.0
 3.900  230.0  90  36  60   1.563   0.0   0.0
 3.900  232.5  90  36  51  -1.563   0.0   0.0
 3.900  462.5  90  36  51   1.563   0.0   0.0
 3.900  467.5  90  36  45  -1.563   0.0   0.0
 3.900  470.0  90  36  45  -1.563   0.0   0.0
 3.900  472.5  90  36  51  -1.563   0.0   0.0
 3.900  475.0  90  36  54   1.563   0.0   0.0
 3.900  477.5  90  36  54  -1.563   0.0   0.0
 3.900  480.0  90  36  54  -1.563   0.0   0.0
 3.900  482.5  90  36  54  -1.563   0.0   0.0
 3.900  485.0  90  36  45  -1.563  90.0  30.0
 3.900  487.5  90  36  48   1.563  90.0  30.0
 3.900  675.0  90  36  45  10.938  90.0  30.0
 3.900  680.0  90  36  51  10.938  90.0  30.0
 3.900  685.0  90  36  45  10.938  90.0  30.0
 3.900  715.0  90  36  45  -1.563   0.0   0.0
 3.900  717.5  90  36  45   1.563  90.0  30.0
 3.900  227.5 -90  36  60   1.563   0.0   0.0
 3.900  230.0 -90  36  54   1.563   0.0   0.0
 3.900  470.0 -90  36  45   1.563   0.0   0.0
 3.900  472.5 -90  36  54  -1.563   0.0   0.0
 3.900  475.0 -90  36  54  -1.563   0.0   0.0
 3.900  480.0 -90  36  48  -1.563   0.0   0.0
 3.900  482.5 -90  36  45  -1.563  90.0  30.0
 3.900  707.5 -90  36  45  -1.563   0.0   0.0
 3.925  227.5  90   9  18   1.563   0.0   0.0
 3.925  230.0  90   9  36   1.563   0.0   0.0
 3.925  232.5  90   9  27   1.563   0.0   0.0
 3.925  462.5  90   9  18  -1.563   0.0   0.0
 3.925  465.0  90   9  21   1.563   0.0   0.0
 3.925  475.0  90   9  30  -1.563   0.0   0.0
 3.925  477.5  90   9  33  -1.563   0.0   0.0
 3.925  480.0  90   9  30  -1.563   0.0   0.0
 3.925  482.5  90   9  30  -1.563   0.0   0.0
 3.925  485.0  90   9  21  -1.563  90.0  30.0
 3.925  487.5  90   9  24  -1.563  90.0  30.0
 3.925  680.0  90   9  24  10.938  90.0  30.0
 3.925  685.0  90   9  18  -1.563  90.0  30.0
 3.925  717.5  90   9  21  -1.563   0.0   0.0
 3.925  225.0 -90   6  15   1.563 150.0  30.0
 3.925  227.5 -90   6  36   1.563   0.0   0.0
 3.925  230.0 -90   6  33   1.563   0.0   0.0
 3.925  467.5 -90   6  15   1.563   0.0   0.0
 3.925  470.0 -90   6  24  -1.563   0.0   0.0
 3.925  472.5 -90   6  24  -1.563   0.0   0.0
 3.925  475.0 -90   6  27  -1.563   0.0   0.0
 3.925  477.5 -90   6  15  -1.563   0.0   0.0
 3.925  480.0 -90   6  18  -1.563   0.0   0.0
 3.925  482.5 -90   6  18  -1.563   0.0   0.0
 3.925  485.0 -90   6  15  -1.563   0.0   0.0
 3.925  497.5 -90   6  15   1.563  90.0  30.0
 3.925  692.5 -90   6  15  -1.563  90.0  30.0
 3.925  705.0 -90   6  15  -1.563   0.0   0.0
 3.925  707.5 -90   6  15  -1.563   0.0   0.0
 3.950  230.0  90   9  36   1.563   0.0   0.0
 3.950  232.5  90   9  30   1.563   0.0   0.0
 3.950  242.5  90   9  18   1.563   0.0   0.0
 3.950  462.5  90   9  21  -1.563   0.0   0.0
 3.950  465.0  90   9  24   1.563   0.0   0.0
 3.950  472.5  90   9  18  -1.563   0.0   0.0
 3.950  475.0  90   9  27  -1.563   0.0   0.0
 3.950  477.5  90   9  36  -1.563   0.0   0.0
 3.950  480.0  90   9  30   1.563   0.0   0.0
 3.950  482.5  90   9  27  -1.563  90.0  30.0
 3.950  485.0  90   9  24  -1.563  90.0  30.0
 3.950  487.5  90   9  27  -1.563  90.0  30.0
 3.950  490.0  90   9  21  -1.563  90.0  30.0
 3.950  675.0  90   9  21  -1.563  90.0  30.0
 3.950  677.5  90   9  18  10.938  90.0  30.0
 3.950  680.0  90   9  27  -1.563  90.0  30.0
 3.950  682.5  90   9  18  -1.563  90.0  30.0
 3.950  685.0  90   9  24  -1.563  90.0  30.0
 3.950  717.5  90   9  18  -1.563   0.0   0.0
 3.950  720.0  90   9  21  -1.563   0.0   0.0
 3.950  227.5 -90   9  36   1.563   0.0   0.0
 3.950  230.0 -90   9  33   1.563   0.0   0.0
 3.950  470.0 -90   9  27   1.563   0.0   0.0
 3.950  472.5 -90   9  27  -1.563   0.0   0.0
 3.950  475.0 -90   9  30  -1.563   0.0   0.0
 3.950  477.5 -90   9  27  -1.563  90.0  30.0
 3.950  480.0 -90   9  21  -1.563   0.0   0.0
 3.950  482.5 -90   9  18   1.563  90.0  30.0
 3.950  712.5 -90   9  18  -1.563   0.0   0.0
 3.975  230.0  90   9  36   1.563   0.0   0.0
 3.975  232.5  90   9  33   1.563   0.0   0.0
 3.975  465.0  90   9  18   1.563   0.0   0.0
 3.975  475.0  90   9  18   1.563   0.0   0.0
 3.975  477.5  90   9  33  -1.563   0.0   0.0
 3.975  480.0  90   9  36  -1.563   0.0   0.0
 3.975  482.5  90   9  24  -1.563   0.0   0.0
 3.975  487.5  90   9  21  -1.563  90.0  30.0
 3.975  675.0  90   9  18 -10.938  90.0  30.0
 3.975  677.5  90   9  18  -1.563  90.0  30.0
 3.975  680.0  90   9  27  -1.563  90.0  30.0
 3.975  682.5  90   9  21  10.938  90.0  30.0
 3.975  685.0  90   9  21  -1.563  90.0  30.0
 3.975  715.0  90   9  18  -1.563   0.0   0.0
 3.975  720.0  90   9  21  -1.563   0.0   0.0
 3.975  722.5  90   9  21  -1.563   0.0   0.0
 3.975  227.5 -90   6  33   1.563   0.0   0.0
 3.975  230.0 -90   6  33   1.563   0.0   0.0
 3.975  460.0 -90   6  18   1.563   0.0   0.0
 3.975  467.5 -90   6  15  -1.563 150.0  30.0
 3.975  470.0 -90   6  21   1.563   0.0   0.0
 3.975  472.5 -90   6  24  -1.563   0.0   0.0
 3.975  475.0 -90   6  30  -1.563   0.0   0.0
 3.975  477.5 -90   6  33  -1.563   0.0   0.0
 3.975  480.0 -90   6  27  -1.563  90.0  30.0
 3.975  482.5 -90   6  15  -1.563  90.0  30.0
 3.975  485.0 -90   6  15  -1.563  90.0  30.0
 3.975  487.5 -90   6  15   1.563  90.0  30.0
 3.975  690.0 -90   6  15  -1.563  90.0  30.0
 3.975  710.0 -90   6  18  -1.563   0.0   0.0
 3.975  712.5 -90   6  21  -1.563   0.0   0.0
 4.000  230.0  90   9  36   1.563   0.0   0.0
 4.000  232.5  90   9  33   1.563   0.0   0.0
 4.000  465.0  90   9  18   1.563   0.0   0.0
 4.000  475.0  90   9  27  -1.563   0.0   0.0
 4.000  477.5  90   9  30  -1.563   0.0   0.0
 4.000  480.0  90   9  27  -1.563   0.0   0.0
 4.000  482.5  90   9  24  -1.563  90.0  30.0
 4.000  485.0  90   9  24  -1.563  90.0  30.0
 4.000  487.5  90   9  27  -1.563  90.0  30.0
 4.000  675.0  90   9  18  10.938  90.0  30.0
 4.000  680.0  90   9  24  10.938  90.0  30.0
 4.000  685.0  90   9  18  10.938  90.0  30.0
 4.000  717.5  90   9  21  -1.563   0.0   0.0
 4.000  720.0  90   9  21  -1.563   0.0   0.0
 4.000  722.5  90   9  21  -1.563  30.0  30.0
 4.000  227.5 -90   6  33   1.563   0.0   0.0
 4.000  230.0 -90   6  36   1.563   0.0   0.0
 4.000  460.0 -90   6  15   1.563   0.0   0.0
 4.000  462.5 -90   6  15   1.563   0.0   0.0
 4.000  470.0 -90   6  18   1.563   0.0   0.0
 4.000  472.5 -90   6  21  -1.563   0.0   0.0
 4.000  475.0 -90   6  24  -1.563   0.0   0.0
 4.000  477.5 -90   6  33  -1.563   0.0   0.0
 4.000  480.0 -90   6  24  -1.563 150.0  30.0
 4.000  482.5 -90   6  24  -1.563  90.0  30.0
 4.000  485.0 -90   6  15  -1.563  90.0  30.0
 4.000  490.0 -90   6  15  -1.563  90.0  30.0
 4.000  690.0 -90   6  18  10.938  90.0  30.0
 4.000  692.5 -90   6  18  -1.563  90.0  30.0
 4.000  707.5 -90   6  18  -1.563   0.0   0.0
 4.000  712.5 -90   6  15  -1.563   0.0   0.0
 4.025  230.0  90   9  33   1.563   0.0   0.0
 4.025  232.5  90   9  36   1.563   0.0   0.0
 4.025  465.0  90   9  18   1.563   0.0   0.0
 4.025  475.0  90   9  27   1.563   0.0   0.0
 4.025  477.5  90   9  33   1.563   0.0   0.0
 4.025  480.0  90   9  36  -1.563   0.0   0.0
 4.025  482.5  90   9  33  -1.563  90.0  30.0
 4.025  485.0  90   9  30  -1.563  90.0  30.0
 4.025  487.5  90   9  30  -1.563   0.0   0.0
 4.025  497.5  90   9  18  -1.563  90.0  30.0
 4.025  502.5  90   9  18   1.563   0.0   0.0
 4.025  505.0  90   9  18   1.563   0.0   0.0
 4.025  680.0  90   9  24  -1.563  90.0  30.0
 4.025  685.0  90   9  21  -1.563  90.0  30.0
 4.025  950.0  90   9  18  -1.563   0.0   0.0
 4.025  227.5 -90   6  33   1.563   0.0   0.0
 4.025  230.0 -90   6  36   1.563   0.0   0.0
 4.025  460.0 -90   6  15  -1.563   0.0   0.0
 4.025  462.5 -90   6  15   1.563   0.0   0.0
 4.025  470.0 -90   6  24   1.563   0.0   0.0
 4.025  472.5 -90   6  27  -1.563   0.0   0.0
 4.025  475.0 -90   6  33  -1.563   0.0   0.0
 4.025  477.5 -90   6  27  -1.563   0.0   0.0
 4.025  480.0 -90   6  27  -1.563  90.0  30.0
 4.025  482.5 -90   6  27  -1.563  90.0  30.0
 4.025  485.0 -90   6  15  -1.563  90.0  30.0
 4.025  502.5 -90   6  15  -1.563   0.0   0.0
 4.025  687.5 -90   6  15  -1.563  90.0  30.0
 4.025  690.0 -90   6  18  -1.563  90.0  30.0
 4.025  692.5 -90   6  15  -1.563  90.0  30.0
 4.025  695.0 -90   6  18  -1.563  90.0  30.0
 4.025  707.5 -90   6  15  -1.563   0.0   0.0
 4.025  710.0 -90   6  15  -1.563  90.0  30.0
 4.025  712.5 -90   6  18  -1.563   0.0   0.0
 4.050  230.0  90   6  33   1.563   0.0   0.0
 4.050  232.5  90   6  36   1.563   0.0   0.0
 4.050  457.5  90   6  15   1.563   0.0   0.0
 4.050  465.0  90   6  15  -1.563   0.0   0.0
 4.050  467.5  90   6  21   1.563   0.0   0.0
 4.050  472.5  90   6  15  -1.563   0.0   0.0
 4.050  475.0  90   6  24   1.563   0.0   0.0
 4.050  477.5  90   6  30   1.563   0.0   0.0
 4.050  480.0  90   6  21  -1.563  30.0  30.0
 4.050  482.5  90   6  33  -1.563   0.0   0.0
 4.050  485.0  90   6  33  -1.563   0.0   0.0
 4.050  487.5  90   6  21  -1.563   0.0   0.0
 4.050  495.0  90   6  15  -1.563  30.0  30.0
 4.050  507.5  90   6  15  -1.563   0.0   0.0
 4.050  555.0  90   6  15   1.563   0.0   0.0
 4.050  655.0  90   6  15  -1.563 150.0  30.0
 4.050  665.0  90   6  15  10.938  90.0  30.0
 4.050  675.0  90   6  15  -1.563  90.0  30.0
 4.050  677.5  90   6  15  -1.563  90.0  30.0
 4.050  680.0  90   6  24  -1.563  90.0  30.0
 4.050  682.5  90   6  18  -1.563  90.0  30.0
 4.050  685.0  90   6  21  10.938  90.0  30.0
 4.050  727.5  90   6  21  -1.563   0.0   0.0
 4.050  227.5 -90   6  33   1.563   0.0   0.0
 4.050  230.0 -90   6  36   1.563   0.0   0.0
 4.050  232.5 -90   6  18   1.563   0.0   0.0
 4.050  470.0 -90   6  21   1.563   0.0   0.0
 4.050  472.5 -90   6  30  -1.563   0.0   0.0
 4.050  475.0 -90   6  36  -1.563   0.0   0.0
 4.050  477.5 -90   6  27  -1.563   0.0   0.0
 4.050  480.0 -90   6  21  -1.563   0.0   0.0
 4.050  482.5 -90   6  24  -1.563   0.0   0.0
 4.050  485.0 -90   6  15  -1.563 150.0  30.0
 4.050  487.5 -90   6  18  -1.563   0.0   0.0
 4.050  690.0 -90   6  18  10.938  90.0  30.0
 4.050  710.0 -90   6  15   1.563   0.0   0.0
 4.075  230.0  90   6  30   1.563   0.0   0.0
 4.075  232.5  90   6  36   1.563   0.0   0.0
 4.075  467.5  90   6  18   1.563   0.0   0.0
 4.075  475.0  90   6  15   1.563  30.0  30.0
 4.075  477.5  90   6  27   1.563   0.0   0.0
 4.075  480.0  90   6  24  -1.563 330.0  30.0
 4.075  482.5  90   6  30  -1.563   0.0   0.0
 4.075  485.0  90   6  18   1.563  90.0  30.0
 4.075  487.5  90   6  15  -1.563  90.0  30.0
 4.075  495.0  90   6  15  -1.563  90.0  30.0
 4.075  557.5  90   6  15  -1.563  90.0  30.0
 4.075  675.0  90   6  15  -1.563  90.0  30.0
 4.075  680.0  90   6  24  -1.563  90.0  30.0
 4.075  682.5  90   6  15  10.938  90.0  30.0
 4.075  685.0  90   6  21  10.938  90.0  30.0
 4.075  722.5  90   6  15  -1.563  90.0  30.0
 4.075  725.0  90   6  18  -1.563   0.0   0.0
 4.075  227.5 -90   6  30   1.563   0.0   0.0
 4.075  230.0 -90   6  39   1.563   0.0   0.0
 4.075  232.5 -90   6  21   1.563   0.0   0.0
 4.075  472.5 -90   6  27   1.563   0.0   0.0
 4.075  475.0 -90   6  30  -1.563   0.0   0.0
 4.075  477.5 -90   6  30  -1.563   0.0   0.0
 4.075  480.0 -90   6  27  -1.563   0.0   0.0
 4.075  482.5 -90   6  27  -1.563   0.0   0.0
 4.075  487.5 -90   6  18  -1.563  90.0  30.0
 4.075  690.0 -90   6  18  -1.563  90.0  30.0
 4.075  705.0 -90   6  15  -1.563  30.0  30.0
 4.100  230.0  90   6  30   1.563   0.0   0.0
 4.100  232.5  90   6  36   1.563   0.0   0.0
 4.100  235.0  90   6  15   1.563 210.0  30.0
 4.100  472.5  90   6  15   1.563 150.0  30.0
 4.100  475.0  90   6  15   1.563   0.0   0.0
 4.100  477.5  90   6  27   1.563   0.0   0.0
 4.100  480.0  90   6  30  -1.563   0.0   0.0
 4.100  482.5  90   6  33  -1.563   0.0   0.0
 4.100  485.0  90   6  18  -1.563  90.0  30.0
 4.100  487.5  90   6  18  -1.563   0.0   0.0
 4.100  490.0  90   6  21  -1.563  90.0  30.0
 4.100  557.5  90   6  15  -1.563  90.0  30.0
 4.100  675.0  90   6  18  -1.563  90.0  30.0
 4.100  677.5  90   6  15  -1.563  90.0  30.0
 4.100  680.0  90   6  24  10.938  90.0  30.0
 4.100  682.5  90   6  21  -1.563  90.0  30.0
 4.100  685.0  90   6  18  10.938  90.0  30.0
 4.100  687.5  90   6  15  10.938  90.0  30.0
 4.100  690.0  90   6  15  -1.563  90.0  30.0
 4.100  710.0  90   6  15   1.563   0.0   0.0
 4.100  715.0  90   6  15   1.563   0.0   0.0
 4.100  722.5  90   6  15  -1.563   0.0   0.0
 4.100  725.0  90   6  18  -1.563   0.0   0.0
 4.100  727.5  90   6  15  -1.563  30.0  30.0
 4.100  730.0  90   6  18  -1.563  90.0  30.0
 4.100  227.5 -90   6  30   1.563   0.0   0.0
 4.100  230.0 -90   6  39   1.563   0.0   0.0
 4.100  232.5 -90   6  21   1.563   0.0   0.0
 4.100  470.0 -90   6  18  -1.563   0.0   0.0
 4.100  472.5 -90   6  24   1.563   0.0   0.0
 4.100  475.0 -90   6  27  -1.563   0.0   0.0
 4.100  477.5 -90   6  21  -1.563  90.0  30.0
 4.100  480.0 -90   6  30  -1.563  90.0  30.0
 4.100  482.5 -90   6  24  -1.563   0.0   0.0
 4.100  485.0 -90   6  18  -1.563  90.0  30.0
 4.100  487.5 -90   6  15  -1.563 150.0  30.0
 4.100  687.5 -90   6  15  -1.563  90.0  30.0
 4.100  690.0 -90   6  21  -1.563  90.0  30.0
 4.125  230.0  90   9  27   1.563   0.0   0.0
 4.125  232.5  90   9  36   1.563   0.0   0.0
 4.125  235.0  90   9  21   1.563   0.0   0.0
 4.125  475.0  90   9  18   1.563   0.0   0.0
 4.125  480.0  90   9  33  -1.563   0.0   0.0
 4.125  482.5  90   9  33  -1.563   0.0   0.0
 4.125  485.0  90   9  21  -1.563  30.0  30.0
 4.125  487.5  90   9  27  -1.563  90.0  30.0
 4.125  680.0  90   9  21  -1.563  90.0  30.0
 4.125  725.0  90   9  18  -1.563   0.0   0.0
 4.125  727.5  90   9  18  -1.563  30.0  30.0
 4.125  227.5 -90   6  27   1.563   0.0   0.0
 4.125  230.0 -90   6  39   1.563   0.0   0.0
 4.125  232.5 -90   6  21   1.563   0.0   0.0
 4.125  470.0 -90   6  21   1.563   0.0   0.0
 4.125  472.5 -90   6  18   1.563   0.0   0.0
 4.125  475.0 -90   6  27  -1.563   0.0   0.0
 4.125  477.5 -90   6  24  -1.563   0.0   0.0
 4.125  480.0 -90   6  27  -1.563   0.0   0.0
 4.125  482.5 -90   6  21  -1.563  90.0  30.0
 4.125  485.0 -90   6  21  -1.563  90.0  30.0
 4.125  487.5 -90   6  15  -1.563  90.0  30.0
 4.125  687.5 -90   6  18  -1.563  90.0  30.0
 4.125  690.0 -90   6  21  -1.563  90.0  30.0
 4.125  692.5 -90   6  15  -1.563  90.0  30.0
 4.125  707.5 -90   6  15   1.563   0.0   0.0
 4.125  710.0 -90   6  18   1.563   0.0   0.0
 4.125  717.5 -90   6  15  -1.563   0.0   0.0
 4.150  230.0  90   6  24   1.563   0.0   0.0
 4.150  232.5  90   6  36   1.563   0.0   0.0
 4.150  235.0  90   6  24  -1.563   0.0   0.0
 4.150  285.0  90   6  18  10.938 150.0  30.0
 4.150  290.0  90   6  15  10.938 150.0  30.0
 4.150  300.0  90   6  15  10.938 150.0  30.0
 4.150  315.0  90   6  15  10.938 150.0  30.0
 4.150  322.5  90   6  15  10.938 150.0  30.0
 4.150  325.0  90   6  15  10.938 150.0  30.0
 4.150  327.5  90   6  15  10.938 150.0  30.0
 4.150  332.5  90   6  15  10.938 150.0  30.0
 4.150  347.5  90   6  15  10.938 150.0  30.0
 4.150  357.5  90   6  15  10.938 150.0  30.0
 4.150  447.5  90   6  18  10.938 150.0  30.0
 4.150  450.0  90   6  15  10.938 150.0  30.0
 4.150  452.5  90   6  15  10.938 150.0  30.0
 4.150  455.0  90   6  18  10.938 150.0  30.0
 4.150  457.5  90   6  18  10.938 150.0  30.0
 4.150  460.0  90   6  18  10.938 150.0  30.0
 4.150  462.5  90   6  18  10.938 150.0  30.0
 4.150  465.0  90   6  18  10.938 150.0  30.0
 4.150  467.5  90   6  18  10.938 150.0  30.0
 4.150  470.0  90   6  18   1.563   0.0   0.0
 4.150  472.5  90   6  18   1.563   0.0   0.0
 4.150  477.5  90   6  18  10.938 150.0  30.0
 4.150  480.0  90   6  30  -1.563   0.0   0.0
 4.150  482.5  90   6  33  -1.563   0.0   0.0
 4.150  485.0  90   6  21  10.938 150.0  30.0
 4.150  487.5  90   6  30  -1.563   0.0   0.0
 4.150  490.0  90   6  21  10.938 150.0  30.0
 4.150  492.5  90   6  21  -1.563   0.0   0.0
 4.150  495.0  90   6  15   1.563   0.0   0.0
 4.150  497.5  90   6  18  10.938 150.0  30.0
 4.150  502.5  90   6  21  10.938 150.0  30.0
 4.150  505.0  90   6  15  10.938 210.0  30.0
 4.150  507.5  90   6  18  10.938 150.0  30.0
 4.150  510.0  90   6  21  10.938 150.0  30.0
 4.150  512.5  90   6  21  10.938 150.0  30.0
 4.150  515.0  90   6  21  10.938 150.0  30.0
 4.150  517.5  90   6  21  10.938 150.0  30.0
 4.150  522.5  90   6  21  10.938 150.0  30.0
 4.150  650.0  90   6  15  10.938 150.0  30.0
 4.150  652.5  90   6  18  10.938 150.0  30.0
 4.150  657.5  90   6  18   7.813 150.0  30.0
 4.150  660.0  90   6  18  10.938 150.0  30.0
 4.150  662.5  90   6  18  10.938 150.0  30.0
 4.150  665.0  90   6  15  10.938 150.0  30.0
 4.150  667.5  90   6  15   7.813 150.0  30.0
 4.150  670.0  90   6  18  10.938 150.0  30.0
 4.150  672.5  90   6  15  10.938 150.0  30.0
 4.150  675.0  90   6  15  -1.563  90.0  30.0
 4.150  677.5  90   6  15  10.938 150.0  30.0
 4.150  680.0  90   6  24  -1.563  90.0  30.0
 4.150  682.5  90   6  21  10.938  90.0  30.0
 4.150  685.0  90   6  18  10.938 210.0  30.0
 4.150  687.5  90   6  18  10.938  90.0  30.0
 4.150  690.0  90   6  21  10.938 150.0  30.0
 4.150  692.5  90   6  21  10.938 150.0  30.0
 4.150  695.0  90   6  18  10.938 150.0  30.0
 4.150  697.5  90   6  21  10.938 150.0  30.0
 4.150  702.5  90   6  21  10.938 150.0  30.0
 4.150  705.0  90   6  15   1.563   0.0   0.0
 4.150  707.5  90   6  18  10.938   0.0   0.0
 4.150  712.5  90   6  21  10.938 150.0  30.0
 4.150  715.0  90   6  18  10.938 150.0  30.0
 4.150  717.5  90   6  21  10.938 150.0  30.0
 4.150  720.0  90   6  18  10.938 150.0  30.0
 4.150  722.5  90   6  21  10.938 150.0  30.0
 4.150  725.0  90   6  15  -1.563  90.0  30.0
 4.150  727.5  90   6  18  10.938 150.0  30.0
 4.150  730.0  90   6  18  -1.563   0.0   0.0
 4.150  865.0  90   6  18  10.938   0.0   0.0
 4.150  867.5  90   6  15  10.938   0.0   0.0
 4.150  875.0  90   6  18  10.938 150.0  30.0
 4.150  877.5  90   6  15  10.938 150.0  30.0
 4.150  880.0  90   6  18  10.938 150.0  30.0
 4.150  885.0  90   6  18  10.938 150.0  30.0
 4.150  887.5  90   6  15  10.938 150.0  30.0
 4.150  900.0  90   6  21  10.938 150.0  30.0
 4.150  902.5  90   6  18  10.938 150.0  30.0
 4.150  905.0  90   6  15  10.938 150.0  30.0
 4.150  907.5  90   6  15  10.938 150.0  30.0
 4.150  927.5  90   6  15  10.938   0.0   0.0
 4.150  932.5  90   6  18  10.938 150.0  30.0
 4.150  942.5  90   6  15  10.938 150.0  30.0
 4.150  945.0  90   6  15  10.938   0.0   0.0
 4.150  227.5 -90   6  27   1.563   0.0   0.0
 4.150  230.0 -90   6  39   1.563   0.0   0.0
 4.150  232.5 -90   6  24   1.563   0.0   0.0
 4.150  292.5 -90   6  15  10.938 150.0  30.0
 4.150  297.5 -90   6  15  10.938 150.0  30.0
 4.150  307.5 -90   6  15  10.938 150.0  30.0
 4.150  312.5 -90   6  15  10.938 150.0  30.0
 4.150  317.5 -90   6  15  10.938 150.0  30.0
 4.150  320.0 -90   6  15  10.938 150.0  30.0
 4.150  325.0 -90   6  15  10.938 150.0  30.0
 4.150  465.0 -90   6  15  -1.563   0.0   0.0
 4.150  472.5 -90   6  21   1.563   0.0   0.0
 4.150  475.0 -90   6  18   1.563   0.0   0.0
 4.150  477.5 -90   6  33  -1.563   0.0   0.0
 4.150  480.0 -90   6  27  -1.563   0.0   0.0
 4.150  482.5 -90   6  24  -1.563  90.0  30.0
 4.150  485.0 -90   6  18  -1.563   0.0   0.0
 4.150  487.5 -90   6  18  -1.563  90.0  30.0
 4.150  492.5 -90   6  15  10.938 150.0  30.0
 4.150  512.5 -90   6  15  10.938 150.0  30.0
 4.150  515.0 -90   6  15  10.938 150.0  30.0
 4.150  517.5 -90   6  15  10.938 150.0  30.0
 4.150  522.5 -90   6  18  10.938 150.0  30.0
 4.150  665.0 -90   6  15  10.938  90.0  30.0
 4.150  682.5 -90   6  15  10.938  90.0  30.0
 4.150  685.0 -90   6  15  -1.563  90.0  30.0
 4.150  687.5 -90   6  18  -1.563  90.0  30.0
 4.150  690.0 -90   6  24  -1.563  90.0  30.0
 4.150  692.5 -90   6  15  10.938  90.0  30.0
 4.150  695.0 -90   6  18  10.938  90.0  30.0
 4.150  710.0 -90   6  15  -1.563   0.0   0.0
 4.150  717.5 -90   6  15  -1.563   0.0   0.0
 4.175  230.0  90   9  21   1.563   0.0   0.0
 4.175  232.5  90   9  36   1.563   0.0   0.0
 4.175  235.0  90   9  27   1.563   0.0   0.0
 4.175  290.0  90   9  18  10.938 150.0  30.0
 4.175  300.0  90   9  18  10.938 150.0  30.0
 4.175  315.0  90   9  18  10.938 150.0  30.0
 4.175  322.5  90   9  18  10.938 150.0  30.0
 4.175  342.5  90   9  18  10.938 150.0  30.0
 4.175  357.5  90   9  18  10.938 150.0  30.0
 4.175  445.0  90   9  21  10.938 150.0  30.0
 4.175  447.5  90   9  21  10.938 150.0  30.0
 4.175  452.5  90   9  18  10.938 150.0  30.0
 4.175  455.0  90   9  21  10.938 150.0  30.0
 4.175  457.5  90   9  18  10.938 150.0  30.0
 4.175  460.0  90   9  21  10.938 150.0  30.0
 4.175  462.5  90   9  18  10.938 150.0  30.0
 4.175  465.0  90   9  21  10.938 150.0  30.0
 4.175  467.5  90   9  18  10.938 150.0  30.0
 4.175  470.0  90   9  21   1.563   0.0   0.0
 4.175  472.5  90   9  21  10.938 150.0  30.0
 4.175  475.0  90   9  18  -1.563   0.0   0.0
 4.175  477.5  90   9  18  10.938 150.0  30.0
 4.175  480.0  90   9  21   1.563 330.0  30.0
 4.175  482.5  90   9  33  -1.563   0.0   0.0
 4.175  485.0  90   9  30  -1.563   0.0   0.0
 4.175  487.5  90   9  24  -1.563  30.0  30.0
 4.175  490.0  90   9  21  -1.563  30.0  30.0
 4.175  492.5  90   9  21  -1.563  30.0  30.0
 4.175  497.5  90   9  21  10.938 150.0  30.0
 4.175  500.0  90   9  18  10.938 150.0  30.0
 4.175  502.5  90   9  24  10.938 150.0  30.0
 4.175  507.5  90   9  24  10.938 150.0  30.0
 4.175  512.5  90   9  21  10.938 150.0  30.0
 4.175  515.0  90   9  18  10.938 150.0  30.0
 4.175  517.5  90   9  24  10.938 150.0  30.0
 4.175  520.0  90   9  18  10.938 150.0  30.0
 4.175  522.5  90   9  24  10.938 150.0  30.0
 4.175  525.0  90   9  21  10.938 150.0  30.0
 4.175  545.0  90   9  18  10.938 150.0  30.0
 4.175  650.0  90   9  21  10.938 150.0  30.0
 4.175  652.5  90   9  18  10.938 150.0  30.0
 4.175  655.0  90   9  18  10.938 150.0  30.0
 4.175  657.5  90   9  21  10.938 150.0  30.0
 4.175  660.0  90   9  21  10.938 150.0  30.0
 4.175  665.0  90   9  21  10.938 150.0  30.0
 4.175  667.5  90   9  18  10.938 150.0  30.0
 4.175  670.0  90   9  21  10.938 150.0  30.0
 4.175  672.5  90   9  18  10.938 150.0  30.0
 4.175  675.0  90   9  21  10.938 150.0  30.0
 4.175  677.5  90   9  24  10.938 150.0  30.0
 4.175  680.0  90   9  24   1.563  90.0  30.0
 4.175  682.5  90   9  24  -1.563  90.0  30.0
 4.175  685.0  90   9  18  10.938 210.0  30.0
 4.175  687.5  90   9  18   7.813 150.0  30.0
 4.175  692.5  90   9  21  10.938 150.0  30.0
 4.175  697.5  90   9  18  10.938 150.0  30.0
 4.175  702.5  90   9  21  10.938 150.0  30.0
 4.175  705.0  90   9  18  10.938 150.0  30.0
 4.175  707.5  90   9  24  10.938 150.0  30.0
 4.175  710.0  90   9  18  10.938 150.0  30.0
 4.175  712.5  90   9  24  10.938 150.0  30.0
 4.175  715.0  90   9  18  10.938 150.0  30.0
 4.175  717.5  90   9  24  10.938 150.0  30.0
 4.175  722.5  90   9  24  10.938 150.0  30.0
 4.175  725.0  90   9  21  10.938 150.0  30.0
 4.175  727.5  90   9  24  10.938 150.0  30.0
 4.175  730.0  90   9  21  -1.563  90.0  30.0
 4.175  865.0  90   9  18  10.938 150.0  30.0
 4.175  875.0  90   9  21  10.938 150.0  30.0
 4.175  880.0  90   9  18  10.938   0.0   0.0
 4.175  882.5  90   9  18  10.938 150.0  30.0
 4.175  890.0  90   9  18  10.938 150.0  30.0
 4.175  895.0  90   9  18  10.938 150.0  30.0
 4.175  900.0  90   9  18  10.938 150.0  30.0
 4.175  907.5  90   9  21  10.938   0.0   0.0
 4.175  912.5  90   9  18  10.938 150.0  30.0
 4.175  917.5  90   9  21  10.938 150.0  30.0
 4.175  927.5  90   9  18  10.938 150.0  30.0
 4.175  932.5  90   9  18  10.938 150.0  30.0
 4.175  940.0  90   9  18  10.938 150.0  30.0
 4.175  942.5  90   9  21  10.938 150.0  30.0
 4.175  227.5 -90   6  24   1.563   0.0   0.0
 4.175  230.0 -90   6  39   1.563   0.0   0.0
 4.175  232.5 -90   6  27   1.563   0.0   0.0
 4.175  297.5 -90   6  15  10.938 150.0  30.0
 4.175  302.5 -90   6  15  10.938 150.0  30.0
 4.175  315.0 -90   6  15  10.938 150.0  30.0
 4.175  317.5 -90   6  15  10.938 150.0  30.0
 4.175  322.5 -90   6  15  10.938 150.0  30.0
 4.175  327.5 -90   6  15  10.938 150.0  30.0
 4.175  332.5 -90   6  15  10.938 150.0  30.0
 4.175  337.5 -90   6  15  10.938 150.0  30.0
 4.175  342.5 -90   6  15  10.938 150.0  30.0
 4.175  347.5 -90   6  15  10.938 150.0  30.0
 4.175  352.5 -90   6  15  10.938 150.0  30.0
 4.175  357.5 -90   6  15  10.938 150.0  30.0
 4.175  452.5 -90   6  15  10.938 150.0  30.0
 4.175  455.0 -90   6  18  10.938 150.0  30.0
 4.175  457.5 -90   6  15  10.938 150.0  30.0
 4.175  460.0 -90   6  15  10.938 150.0  30.0
 4.175  462.5 -90   6  15   1.563   0.0   0.0
 4.175  472.5 -90   6  18  -1.563   0.0   0.0
 4.175  475.0 -90   6  21  -1.563  90.0  30.0
 4.175  477.5 -90   6  30  -1.563   0.0   0.0
 4.175  480.0 -90   6  30  -1.563   0.0   0.0
 4.175  482.5 -90   6  27  -1.563   0.0   0.0
 4.175  487.5 -90   6  21  -1.563  90.0  30.0
 4.175  490.0 -90   6  18  -1.563  90.0  30.0
 4.175  492.5 -90   6  15  10.938 150.0  30.0
 4.175  497.5 -90   6  15  10.938 150.0  30.0
 4.175  502.5 -90   6  18  10.938 150.0  30.0
 4.175  507.5 -90   6  15  10.938 150.0  30.0
 4.175  512.5 -90   6  15  10.938 150.0  30.0
 4.175  517.5 -90   6  15  10.938 150.0  30.0
 4.175  522.5 -90   6  18  10.938 150.0  30.0
 4.175  672.5 -90   6  15  10.938  90.0  30.0
 4.175  687.5 -90   6  21  -1.563  90.0  30.0
 4.175  690.0 -90   6  21  -1.563  90.0  30.0
 4.175  692.5 -90   6  15  -1.563  90.0  30.0
 4.175  712.5 -90   6  15  -1.563   0.0   0.0
 4.175  717.5 -90   6  15   1.563   0.0   0.0
 4.175  880.0 -90   6  15  10.938 150.0  30.0
 4.200  230.0  90   6  15   1.563   0.0   0.0
 4.200  232.5  90   6  36   1.563   0.0   0.0
 4.200  235.0  90   6  30   1.563   0.0   0.0
 4.200  450.0  90   6  15  10.938 150.0  30.0
 4.200  457.5  90   6  15  10.938 150.0  30.0
 4.200  467.5  90   6  15   1.563   0.0   0.0
 4.200  470.0  90   6  18   1.563   0.0   0.0
 4.200  472.5  90   6  15  -1.563   0.0   0.0
 4.200  475.0  90   6  15  10.938 150.0  30.0
 4.200  477.5  90   6  15  10.938 150.0  30.0
 4.200  480.0  90   6  18   1.563  90.0  30.0
 4.200  482.5  90   6  33  -1.563   0.0   0.0
 4.200  485.0  90   6  33  -1.563   0.0   0.0
 4.200  487.5  90   6  33  -1.563   0.0   0.0
 4.200  490.0  90   6  24  -1.563   0.0   0.0
 4.200  492.5  90   6  21  -1.563  30.0  30.0
 4.200  495.0  90   6  18  -1.563  90.0  30.0
 4.200  497.5  90   6  18  -1.563   0.0   0.0
 4.200  500.0  90   6  15  10.938 150.0  30.0
 4.200  502.5  90   6  15  10.938 150.0  30.0
 4.200  505.0  90   6  15  10.938 150.0  30.0
 4.200  517.5  90   6  15  10.938 150.0  30.0
 4.200  520.0  90   6  15  10.938 150.0  30.0
 4.200  522.5  90   6  15  10.938 150.0  30.0
 4.200  655.0  90   6  18  10.938 150.0  30.0
 4.200  662.5  90   6  15  10.938 150.0  30.0
 4.200  675.0  90   6  18  10.938  90.0  30.0
 4.200  680.0  90   6  21  -1.563  90.0  30.0
 4.200  682.5  90   6  21  -1.563  90.0  30.0
 4.200  687.5  90   6  18  10.938  90.0  30.0
 4.200  700.0  90   6  15  10.938 150.0  30.0
 4.200  702.5  90   6  15  10.938 150.0  30.0
 4.200  705.0  90   6  18  10.938 150.0  30.0
 4.200  710.0  90   6  15  10.938 150.0  30.0
 4.200  720.0  90   6  15   1.563   0.0   0.0
 4.200  722.5  90   6  15  -1.563   0.0   0.0
 4.200  727.5  90   6  15  -1.563  30.0  30.0
 4.200  895.0  90   6  15  10.938   0.0   0.0
 4.200  925.0  90   6  15  10.938 150.0  30.0
 4.200  937.5  90   6  15  10.938  90.0  30.0
 4.200  227.5 -90   6  21   1.563   0.0   0.0
 4.200  230.0 -90   6  39   1.563   0.0   0.0
 4.200  232.5 -90   6  27   1.563   0.0   0.0
 4.200  462.5 -90   6  15   1.563   0.0   0.0
 4.200  465.0 -90   6  15   1.563   0.0   0.0
 4.200  472.5 -90   6  18  -1.563   0.0   0.0
 4.200  475.0 -90   6  21   1.563   0.0   0.0
 4.200  477.5 -90   6  30  -1.563   0.0   0.0
 4.200  480.0 -90   6  30  -1.563   0.0   0.0
 4.200  482.5 -90   6  27  -1.563   0.0   0.0
 4.200  487.5 -90   6  18  -1.563  90.0  30.0
 4.200  490.0 -90   6  15  -1.563  90.0  30.0
 4.200  685.0 -90   6  15  10.938  90.0  30.0
 4.200  687.5 -90   6  21  -1.563  90.0  30.0
 4.200  690.0 -90   6  21  -1.563  90.0  30.0
 4.200  692.5 -90   6  18  10.938  90.0  30.0
 4.200  695.0 -90   6  15  10.938  90.0  30.0
 4.200  710.0 -90   6  15  -1.563   0.0   0.0
 4.200  720.0 -90   6  15  -1.563   0.0   0.0
 4.225  232.5  90  30  60   1.563   0.0   0.0
 4.225  235.0  90  30  54   1.563   0.0   0.0
 4.225  470.0  90  30  42   1.563   0.0   0.0
 4.225  472.5  90  30  42   1.563   0.0   0.0
 4.225  475.0  90  30  39  -1.563   0.0   0.0
 4.225  480.0  90  30  48  -1.563   0.0   0.0
 4.225  482.5  90  30  54  -1.563   0.0   0.0
 4.225  485.0  90  30  45  -1.563  30.0  30.0
 4.225  487.5  90  30  57  -1.563   0.0   0.0
 4.225  490.0  90  30  42  -1.563  90.0  30.0
 4.225  492.5  90  30  45  -1.563  30.0  30.0
 4.225  495.0  90  30  48  -1.563  90.0  30.0
 4.225  500.0  90  30  39  -1.563  90.0  30.0
 4.225  510.0  90  30  39  -1.563  90.0  30.0
 4.225  512.5  90  30  39  -1.563  90.0  30.0
 4.225  680.0  90  30  45  -1.563  90.0  30.0
 4.225  682.5  90  30  45  -1.563  90.0  30.0
 4.225  685.0  90  30  39  -1.563  90.0  30.0
 4.225  687.5  90  30  39   1.563  90.0  30.0
 4.225  705.0  90  30  39   1.563   0.0   0.0
 4.225  720.0  90  30  42  -1.563   0.0   0.0
 4.225  722.5  90  30  39  -1.563   0.0   0.0
 4.225  732.5  90  30  39  -1.563   0.0   0.0
 4.225  227.5 -90  27  39  -1.563 210.0  30.0
 4.225  230.0 -90  27  63   1.563   0.0   0.0
 4.225  232.5 -90  27  54   1.563   0.0   0.0
 4.225  235.0 -90  27  39   1.563   0.0   0.0
 4.225  370.0 -90  27  36   1.563 210.0  30.0
 4.225  462.5 -90  27  36   1.563   0.0   0.0
 4.225  465.0 -90  27  39   1.563   0.0   0.0
 4.225  467.5 -90  27  36   1.563 150.0  30.0
 4.225  472.5 -90  27  42  -1.563   0.0   0.0
 4.225  475.0 -90  27  48  -1.563   0.0   0.0
 4.225  477.5 -90  27  51  -1.563   0.0   0.0
 4.225  480.0 -90  27  60  -1.563   0.0   0.0
 4.225  482.5 -90  27  54  -1.563   0.0   0.0
 4.225  485.0 -90  27  39  -1.563  30.0  30.0
 4.225  487.5 -90  27  42  -1.563  90.0  30.0
 4.225  495.0 -90  27  36  -1.563 150.0  30.0
 4.225  672.5 -90  27  36  -1.563  90.0  30.0
 4.225  682.5 -90  27  36  -1.563  90.0  30.0
 4.225  685.0 -90  27  36  -1.563  90.0  30.0
 4.225  687.5 -90  27  45  10.938  90.0  30.0
 4.225  690.0 -90  27  42  -1.563  90.0  30.0
 4.225  692.5 -90  27  39  10.938  90.0  30.0
 4.225  695.0 -90  27  36  -1.563  90.0  30.0
 4.225  697.5 -90  27  36  -1.563  90.0  30.0
 4.225  710.0 -90  27  36  -1.563   0.0   0.0
 4.225  715.0 -90  27  36  -1.563  30.0  30.0
 4.225  717.5 -90  27  39  -1.563   0.0   0.0
 4.225  722.5 -90  27  39  -1.563  90.0  30.0
 4.250  232.5  90  30  60   1.563   0.0   0.0
 4.250  235.0  90  30  57   1.563   0.0   0.0
 4.250  470.0  90  30  42   1.563   0.0   0.0
 4.250  472.5  90  30  39   1.563   0.0   0.0
 4.250  475.0  90  30  39   1.563   0.0   0.0
 4.250  480.0  90  30  42   1.563   0.0   0.0
 4.250  482.5  90  30  54  -1.563   0.0   0.0
 4.250  485.0  90  30  57  -1.563   0.0   0.0
 4.250  487.5  90  30  57  -1.563   0.0   0.0
 4.250  492.5  90  30  42  -1.563   0.0   0.0
 4.250  497.5  90  30  39  -1.563  90.0  30.0
 4.250  500.0  90  30  42  -1.563  90.0  30.0
 4.250  557.5  90  30  39  -1.563  90.0  30.0
 4.250  680.0  90  30  45  -1.563  90.0  30.0
 4.250  682.5  90  30  45  -1.563  90.0  30.0
 4.250  685.0  90  30  42  10.938  90.0  30.0
 4.250  717.5  90  30  39  -1.563   0.0   0.0
 4.250  722.5  90  30  42  -1.563   0.0   0.0
 4.250  725.0  90  30  39  -1.563   0.0   0.0
 4.250  727.5  90  30  42  -1.563   0.0   0.0
 4.250  735.0  90  30  42  -1.563   0.0   0.0
 4.250  225.0 -90  27  36   1.563   0.0   0.0
 4.250  227.5 -90  27  39   1.563   0.0   0.0
 4.250  230.0 -90  27  63   1.563   0.0   0.0
 4.250  232.5 -90  27  57   1.563   0.0   0.0
 4.250  370.0 -90  27  39   1.563 210.0  30.0
 4.250  462.5 -90  27  39   1.563   0.0   0.0
 4.250  465.0 -90  27  45   1.563   0.0   0.0
 4.250  472.5 -90  27  45  -1.563   0.0   0.0
 4.250  475.0 -90  27  51   1.563   0.0   0.0
 4.250  477.5 -90  27  45  -1.563   0.0   0.0
 4.250  480.0 -90  27  51  -1.563   0.0   0.0
 4.250  482.5 -90  27  60  -1.563   0.0   0.0
 4.250  485.0 -90  27  48  -1.563   0.0   0.0
 4.250  487.5 -90  27  42  -1.563  90.0  30.0
 4.250  490.0 -90  27  39  -1.563  90.0  30.0
 4.250  655.0 -90  27  36  -1.563   0.0   0.0
 4.250  665.0 -90  27  36  10.938  90.0  30.0
 4.250  667.5 -90  27  36  10.938  90.0  30.0
 4.250  670.0 -90  27  36  10.938  90.0  30.0
 4.250  682.5 -90  27  39  -1.563  90.0  30.0
 4.250  685.0 -90  27  39  -1.563  90.0  30.0
 4.250  687.5 -90  27  45  10.938  90.0  30.0
 4.250  690.0 -90  27  45  -1.563  90.0  30.0
 4.250  692.5 -90  27  45  -1.563  90.0  30.0
 4.250  695.0 -90  27  39  10.938  90.0  30.0
 4.250  697.5 -90  27  36  10.938  90.0  30.0
 4.250  710.0 -90  27  39  -1.563  90.0  30.0
 4.250  712.5 -90  27  39  -1.563  90.0  30.0
 4.250  715.0 -90  27  36  -1.563  90.0  30.0
 4.250  720.0 -90  27  39  -1.563   0.0   0.0
 4.250  725.0 -90  27  36  -1.563  90.0  30.0
 4.250  732.5 -90  27  36  -1.563   0.0   0.0
 4.275  232.5  90  21  45   1.563   0.0   0.0
 4.275  235.0  90  21  45   1.563   0.0   0.0
 4.275  470.0  90  21  30   1.563   0.0   0.0
 4.275  480.0  90  21  33   1.563   0.0   0.0
 4.275  482.5  90  21  45   1.563   0.0   0.0
 4.275  485.0  90  21  42  -1.563   0.0   0.0
 4.275  487.5  90  21  42  -1.563   0.0   0.0
 4.275  495.0  90  21  30  -1.563   0.0   0.0
 4.275  497.5  90  21  30  -1.563   0.0   0.0
 4.275  680.0  90  21  33  10.938  90.0  30.0
 4.275  682.5  90  21  30  10.938  90.0  30.0
 4.275  685.0  90  21  30  -1.563  90.0  30.0
 4.275  707.5  90  21  30   1.563   0.0   0.0
 4.275  230.0 -90  18  48   1.563   0.0   0.0
 4.275  232.5 -90  18  45   1.563   0.0   0.0
 4.275  372.5 -90  18  27   1.563 210.0  30.0
 4.275  462.5 -90  18  27   1.563 210.0  30.0
 4.275  465.0 -90  18  36   1.563   0.0   0.0
 4.275  467.5 -90  18  27   1.563 210.0  30.0
 4.275  472.5 -90  18  30  -1.563   0.0   0.0
 4.275  475.0 -90  18  42   1.563   0.0   0.0
 4.275  477.5 -90  18  42  -1.563   0.0   0.0
 4.275  480.0 -90  18  39  -1.563   0.0   0.0
 4.275  482.5 -90  18  42  -1.563   0.0   0.0
 4.275  485.0 -90  18  30  -1.563  90.0  30.0
 4.275  487.5 -90  18  36  -1.563  90.0  30.0
 4.275  682.5 -90  18  27  -1.563  90.0  30.0
 4.275  685.0 -90  18  27  -1.563  90.0  30.0
 4.275  687.5 -90  18  36  -1.563  90.0  30.0
 4.275  690.0 -90  18  33  -1.563  90.0  30.0
 4.275  692.5 -90  18  27  10.938  90.0  30.0
 4.275  695.0 -90  18  27  10.938  90.0  30.0
 4.275  697.5 -90  18  27   1.563 210.0  30.0
 4.275  715.0 -90  18  27  -1.563  90.0  30.0
 4.300  232.5  90  21  45   1.563   0.0   0.0
 4.300  235.0  90  21  48   1.563   0.0   0.0
 4.300  480.0  90  21  30  -1.563   0.0   0.0
 4.300  482.5  90  21  39   1.563   0.0   0.0
 4.300  485.0  90  21  39  -1.563   0.0   0.0
 4.300  487.5  90  21  30   1.563  90.0  30.0
 4.300  490.0  90  21  33  -1.563 330.0  30.0
 4.300  492.5  90  21  36  -1.563  30.0  30.0
 4.300  495.0  90  21  30   1.563  90.0  30.0
 4.300  680.0  90  21  30  10.938  90.0  30.0
 4.300  682.5  90  21  33  -1.563  90.0  30.0
 4.300  685.0  90  21  30  -1.563  90.0  30.0
 4.300  687.5  90  21  30  -1.563  90.0  30.0
 4.300  707.5  90  21  30   1.563   0.0   0.0
 4.300  725.0  90  21  30  -1.563   0.0   0.0
 4.300  732.5  90  21  30  -1.563   0.0   0.0
 4.300  212.5 -90  18  27  -1.563   0.0   0.0
 4.300  230.0 -90  18  48   1.563   0.0   0.0
 4.300  232.5 -90  18  48   1.563   0.0   0.0
 4.300  252.5 -90  18  27   1.563   0.0   0.0
 4.300  375.0 -90  18  27   1.563 210.0  30.0
 4.300  465.0 -90  18  36   1.563   0.0   0.0
 4.300  467.5 -90  18  33   1.563   0.0   0.0
 4.300  470.0 -90  18  30   1.563   0.0   0.0
 4.300  475.0 -90  18  27   1.563 150.0  30.0
 4.300  477.5 -90  18  33  -1.563  30.0  30.0
 4.300  480.0 -90  18  27  -1.563  30.0  30.0
 4.300  482.5 -90  18  42  -1.563   0.0   0.0
 4.300  485.0 -90  18  27  -1.563  90.0  30.0
 4.300  487.5 -90  18  30  -1.563  90.0  30.0
 4.300  490.0 -90  18  30  -1.563   0.0   0.0
 4.300  492.5 -90  18  27   1.563   0.0   0.0
 4.300  682.5 -90  18  27  10.938  90.0  30.0
 4.300  687.5 -90  18  33  -1.563  90.0  30.0
 4.300  690.0 -90  18  30  -1.563  90.0  30.0
 4.300  692.5 -90  18  27  10.938  90.0  30.0
 4.300  695.0 -90  18  27  -1.563  90.0  30.0
 4.300  720.0 -90  18  30  -1.563   0.0   0.0
 4.325  232.5  90  21  42   1.563   0.0   0.0
 4.325  235.0  90  21  48   1.563   0.0   0.0
 4.325  472.5  90  21  30   1.563   0.0   0.0
 4.325  480.0  90  21  30   1.563  90.0  30.0
 4.325  482.5  90  21  39  -1.563   0.0   0.0
 4.325  485.0  90  21  42  -1.563   0.0   0.0
 4.325  487.5  90  21  33  -1.563   0.0   0.0
 4.325  490.0  90  21  39  -1.563  90.0  30.0
 4.325  492.5  90  21  33  -1.563   0.0   0.0
 4.325  505.0  90  21  30  -1.563   0.0   0.0
 4.325  680.0  90  21  30  -1.563  90.0  30.0
 4.325  682.5  90  21  36  -1.563  90.0  30.0
 4.325  730.0  90  21  30  -1.563   0.0   0.0
 4.325  230.0 -90  18  48   1.563   0.0   0.0
 4.325  232.5 -90  18  48   1.563   0.0   0.0
 4.325  465.0 -90  18  30   1.563   0.0   0.0
 4.325  467.5 -90  18  27   1.563 210.0  30.0
 4.325  472.5 -90  18  27   1.563   0.0   0.0
 4.325  475.0 -90  18  30   1.563   0.0   0.0
 4.325  477.5 -90  18  36   1.563   0.0   0.0
 4.325  480.0 -90  18  42  -1.563   0.0   0.0
 4.325  482.5 -90  18  36  -1.563   0.0   0.0
 4.325  485.0 -90  18  36  -1.563   0.0   0.0
 4.325  487.5 -90  18  27  -1.563  90.0  30.0
 4.325  492.5 -90  18  27  -1.563 150.0  30.0
 4.325  687.5 -90  18  33  -1.563  90.0  30.0
 4.325  690.0 -90  18  30  -1.563  90.0  30.0
 4.325  692.5 -90  18  27  10.938  90.0  30.0
 4.325  702.5 -90  18  27   1.563   0.0   0.0
 4.325  720.0 -90  18  27  -1.563   0.0   0.0
 4.350  207.5  90  18  27  -1.563 270.0  30.0
 4.350  210.0  90  18  27  -1.563 270.0  30.0
 4.350  212.5  90  18  27  -1.563 330.0  30.0
 4.350  215.0  90  18  27  -1.563 270.0  30.0
 4.350  232.5  90  18  42   1.563   0.0   0.0
 4.350  235.0  90  18  48   1.563   0.0   0.0
 4.350  237.5  90  18  30   1.563   0.0   0.0
 4.350  472.5  90  18  27  -1.563   0.0   0.0
 4.350  477.5  90  18  27   1.563 270.0  30.0
 4.350  480.0  90  18  30   1.563   0.0   0.0
 4.350  482.5  90  18  39  -1.563   0.0   0.0
 4.350  485.0  90  18  42  -1.563   0.0   0.0
 4.350  487.5  90  18  33  -1.563   0.0   0.0
 4.350  490.0  90  18  36  -1.563  30.0  30.0
 4.350  492.5  90  18  33   1.563  90.0  30.0
 4.350  495.0  90  18  30  -1.563  90.0  30.0
 4.350  497.5  90  18  27  -1.563   0.0   0.0
 4.350  500.0  90  18  27  -1.563   0.0   0.0
 4.350  680.0  90  18  27 -10.938  90.0  30.0
 4.350  682.5  90  18  33  -1.563  90.0  30.0
 4.350  685.0  90  18  27  -1.563  90.0  30.0
 4.350  687.5  90  18  30  -1.563  90.0  30.0
 4.350  727.5  90  18  27  -1.563   0.0   0.0
 4.350  230.0 -90  18  45   1.563   0.0   0.0
 4.350  232.5 -90  18  48   1.563   0.0   0.0
 4.350  235.0 -90  18  27   1.563   0.0   0.0
 4.350  237.5 -90  18  27   1.563   0.0   0.0
 4.350  465.0 -90  18  33   1.563   0.0   0.0
 4.350  467.5 -90  18  30  -1.563   0.0   0.0
 4.350  472.5 -90  18  27   1.563 150.0  30.0
 4.350  475.0 -90  18  33   1.563   0.0   0.0
 4.350  477.5 -90  18  39  -1.563   0.0   0.0
 4.350  480.0 -90  18  45  -1.563   0.0   0.0
 4.350  482.5 -90  18  39  -1.563   0.0   0.0
 4.350  485.0 -90  18  27  -1.563  90.0  30.0
 4.350  487.5 -90  18  33  -1.563   0.0   0.0
 4.350  490.0 -90  18  27  -1.563  90.0  30.0
 4.350  492.5 -90  18  27  -1.563  90.0  30.0
 4.350  685.0 -90  18  27  10.938  90.0  30.0
 4.350  687.5 -90  18  33  10.938  90.0  30.0
 4.350  690.0 -90  18  30  10.938  90.0  30.0
 4.350  692.5 -90  18  30  -1.563  90.0  30.0
 4.350  715.0 -90  18  27   1.563   0.0   0.0
 4.375  232.5  90   9  27   1.563   0.0   0.0
 4.375  235.0  90   9  39   1.563   0.0   0.0
 4.375  237.5  90   9  21   1.563   0.0   0.0
 4.375  472.5  90   9  21   1.563   0.0   0.0
 4.375  482.5  90   9  21   1.563   0.0   0.0
 4.375  485.0  90   9  33  -1.563   0.0   0.0
 4.375  487.5  90   9  30  -1.563   0.0   0.0
 4.375  490.0  90   9  21  -1.563  90.0  30.0
 4.375  492.5  90   9  24  -1.563  30.0  30.0
 4.375  495.0  90   9  21  -1.563  90.0  30.0
 4.375  497.5  90   9  18  -1.563  90.0  30.0
 4.375  500.0  90   9  18  -1.563   0.0   0.0
 4.375  682.5  90   9  21  10.938  90.0  30.0
 4.375  230.0 -90   6  33   1.563   0.0   0.0
 4.375  232.5 -90   6  36   1.563   0.0   0.0
 4.375  380.0 -90   6  18   1.563 210.0  30.0
 4.375  465.0 -90   6  21   1.563   0.0   0.0
 4.375  475.0 -90   6  18  -1.563   0.0   0.0
 4.375  477.5 -90   6  27  -1.563   0.0   0.0
 4.375  480.0 -90   6  24  -1.563   0.0   0.0
 4.375  482.5 -90   6  27  -1.563   0.0   0.0
 4.375  485.0 -90   6  21  -1.563   0.0   0.0
 4.375  487.5 -90   6  15  -1.563   0.0   0.0
 4.375  492.5 -90   6  15  -1.563 150.0  30.0
 4.375  682.5 -90   6  15  10.938  90.0  30.0
 4.375  687.5 -90   6  24  -1.563  90.0  30.0
 4.375  690.0 -90   6  18  10.938  90.0  30.0
 4.375  692.5 -90   6  18  10.938  90.0  30.0
 4.375  700.0 -90   6  18  -1.563   0.0   0.0
 4.375  715.0 -90   6  15  -1.563  90.0  30.0
 4.400  232.5  90   6  24  -1.563   0.0   0.0
 4.400  235.0  90   6  39   1.563   0.0   0.0
 4.400  237.5  90   6  24   1.563   0.0   0.0
 4.400  472.5  90   6  21   1.563   0.0   0.0
 4.400  475.0  90   6  21   1.563   0.0   0.0
 4.400  477.5  90   6  15   1.563   0.0   0.0
 4.400  482.5  90   6  24   1.563   0.0   0.0
 4.400  485.0  90   6  33  -1.563   0.0   0.0
 4.400  487.5  90   6  36  -1.563   0.0   0.0
 4.400  490.0  90   6  21  -1.563   0.0   0.0
 4.400  492.5  90   6  27  -1.563   0.0   0.0
 4.400  495.0  90   6  18  -1.563  30.0  30.0
 4.400  497.5  90   6  18  -1.563  90.0  30.0
 4.400  502.5  90   6  15  -1.563  90.0  30.0
 4.400  682.5  90   6  21  -1.563  90.0  30.0
 4.400  685.0  90   6  18  10.938  90.0  30.0
 4.400  687.5  90   6  15  10.938  90.0  30.0
 4.400  725.0  90   6  15   1.563   0.0   0.0
 4.400  737.5  90   6  15  -1.563   0.0   0.0
 4.400  230.0 -90   6  30   1.563   0.0   0.0
 4.400  232.5 -90   6  36   1.563   0.0   0.0
 4.400  382.5 -90   6  15   1.563 210.0  30.0
 4.400  465.0 -90   6  21   1.563   0.0   0.0
 4.400  467.5 -90   6  21   1.563 210.0  30.0
 4.400  475.0 -90   6  21   1.563   0.0   0.0
 4.400  477.5 -90   6  24   1.563   0.0   0.0
 4.400  480.0 -90   6  27  -1.563   0.0   0.0
 4.400  482.5 -90   6  33  -1.563   0.0   0.0
 4.400  485.0 -90   6  24  -1.563   0.0   0.0
 4.400  682.5 -90   6  15  -1.563  90.0  30.0
 4.400  687.5 -90   6  21  -1.563  90.0  30.0
 4.400  690.0 -90   6  18  -1.563  90.0  30.0
 4.400  692.5 -90   6  18  10.938  90.0  30.0
 4.400  700.0 -90   6  15   1.563   0.0   0.0
 4.425  232.5  90  30  45   1.563   0.0   0.0
 4.425  235.0  90  30  63   1.563   0.0   0.0
 4.425  237.5  90  30  54   1.563   0.0   0.0
 4.425  472.5  90  30  42  -1.563   0.0   0.0
 4.425  477.5  90  30  39   1.563   0.0   0.0
 4.425  482.5  90  30  42   1.563   0.0   0.0
 4.425  485.0  90  30  45  -1.563   0.0   0.0
 4.425  487.5  90  30  51  -1.563   0.0   0.0
 4.425  490.0  90  30  54  -1.563   0.0   0.0
 4.425  492.5  90  30  51  -1.563   0.0   0.0
 4.425  495.0  90  30  42  -1.563   0.0   0.0
 4.425  497.5  90  30  48  -1.563  90.0  30.0
 4.425  682.5  90  30  42  10.938  90.0  30.0
 4.425  687.5  90  30  42  -1.563  90.0  30.0
 4.425  712.5  90  30  42   1.563   0.0   0.0
 4.425  725.0  90  30  42   1.563   0.0   0.0
 4.425  732.5  90  30  42  -1.563   0.0   0.0
 4.425  735.0  90  30  39  -1.563   0.0   0.0
 4.425  230.0 -90  30  54   1.563   0.0   0.0
 4.425  232.5 -90  30  60   1.563   0.0   0.0
 4.425  235.0 -90  30  42   1.563   0.0   0.0
 4.425  465.0 -90  30  45   1.563   0.0   0.0
 4.425  467.5 -90  30  48   1.563   0.0   0.0
 4.425  475.0 -90  30  42   1.563   0.0   0.0
 4.425  477.5 -90  30  51   1.563   0.0   0.0
 4.425  480.0 -90  30  51  -1.563   0.0   0.0
 4.425  482.5 -90  30  54  -1.563   0.0   0.0
 4.425  485.0 -90  30  48  -1.563   0.0   0.0
 4.425  487.5 -90  30  45  -1.563   0.0   0.0
 4.425  492.5 -90  30  42  -1.563  30.0  30.0
 4.425  687.5 -90  30  42  -1.563  90.0  30.0
 4.425  690.0 -90  30  39 -10.938  90.0  30.0
 4.425  700.0 -90  30  39   1.563   0.0   0.0
 4.425  702.5 -90  30  42   1.563 210.0  30.0
 4.450  232.5  90  36  45  -1.563   0.0   0.0
 4.450  235.0  90  36  63   1.563   0.0   0.0
 4.450  237.5  90  36  57   1.563   0.0   0.0
 4.450  475.0  90  36  48   1.563   0.0   0.0
 4.450  477.5  90  36  45   1.563   0.0   0.0
 4.450  482.5  90  36  45   1.563   0.0   0.0
 4.450  485.0  90  36  51   1.563   0.0   0.0
 4.450  487.5  90  36  57  -1.563   0.0   0.0
 4.450  490.0  90  36  60  -1.563   0.0   0.0
 4.450  492.5  90  36  48  -1.563  90.0  30.0
 4.450  497.5  90  36  48  -1.563  90.0  30.0
 4.450  715.0  90  36  45  -1.563   0.0   0.0
 4.450 1187.5  90  36  45  -1.563 150.0  30.0
 4.450 1280.0  90  36  45   7.813 150.0  30.0
 4.450  230.0 -90  36  54   1.563   0.0   0.0
 4.450  232.5 -90  36  63   1.563   0.0   0.0
 4.450  235.0 -90  36  45   1.563   0.0   0.0
 4.450  467.5 -90  36  51   1.563   0.0   0.0
 4.450  477.5 -90  36  51  -1.563   0.0   0.0
 4.450  480.0 -90  36  57  -1.563   0.0   0.0
 4.450  482.5 -90  36  54  -1.563   0.0   0.0
 4.450  485.0 -90  36  57  -1.563   0.0   0.0
 4.450  487.5 -90  36  51  -1.563   0.0   0.0
 4.450  490.0 -90  36  45  -1.563  90.0  30.0
 4.450  730.0 -90  36  45  -1.563   0.0   0.0
 4.475  235.0  90  15  39   1.563   0.0   0.0
 4.475  237.5  90  15  36   1.563   0.0   0.0
 4.475  485.0  90  15  27  -1.563   0.0   0.0
 4.475  487.5  90  15  30  -1.563   0.0   0.0
 4.475  490.0  90  15  39  -1.563   0.0   0.0
 4.475  492.5  90  15  24  -1.563  90.0  30.0
 4.475  495.0  90  15  33  -1.563   0.0   0.0
 4.475  682.5  90  15  24  -1.563  90.0  30.0
 4.475 1087.5  90  15  24  -4.688 150.0  30.0
 4.475 1200.0  90  15  24  -4.688 150.0  30.0
 4.475  230.0 -90  12  30   1.563   0.0   0.0
 4.475  232.5 -90  12  39   1.563   0.0   0.0
 4.475  235.0 -90  12  27   1.563   0.0   0.0
 4.475  467.5 -90  12  27   1.563   0.0   0.0
 4.475  475.0 -90  12  21   1.563   0.0   0.0
 4.475  477.5 -90  12  21  -1.563   0.0   0.0
 4.475  480.0 -90  12  33  -1.563   0.0   0.0
 4.475  482.5 -90  12  36  -1.563   0.0   0.0
 4.475  485.0 -90  12  33  -1.563   0.0   0.0
 4.475  487.5 -90  12  30  -1.563   0.0   0.0
 4.475  490.0 -90  12  30  -1.563   0.0   0.0
 4.475  717.5 -90  12  21  -1.563 150.0  30.0
 4.500  235.0  90  15  39   1.563   0.0   0.0
 4.500  237.5  90  15  36   1.563   0.0   0.0
 4.500  487.5  90  15  30  -1.563   0.0   0.0
 4.500  490.0  90  15  36  -1.563   0.0   0.0
 4.500  492.5  90  15  33  -1.563   0.0   0.0
 4.500  495.0  90  15  30  -1.563   0.0   0.0
 4.500  497.5  90  15  30  -1.563  30.0  30.0
 4.500  500.0  90  15  24  -1.563   0.0   0.0
 4.500  230.0 -90  12  27   1.563   0.0   0.0
 4.500  232.5 -90  12  39   1.563   0.0   0.0
 4.500  235.0 -90  12  27   1.563   0.0   0.0
 4.500  467.5 -90  12  24  -1.563   0.0   0.0
 4.500  470.0 -90  12  21   1.563   0.0   0.0
 4.500  477.5 -90  12  24   1.563   0.0   0.0
 4.500  480.0 -90  12  30  -1.563   0.0   0.0
 4.500  482.5 -90  12  39  -1.563   0.0   0.0
 4.500  485.0 -90  12  30  -1.563   0.0   0.0
 4.500  487.5 -90  12  27  -1.563  90.0  30.0
 4.500  490.0 -90  12  24  -1.563   0.0   0.0
 4.500  492.5 -90  12  24  -1.563   0.0   0.0
 4.525  235.0  90   9  36   1.563   0.0   0.0
 4.525  237.5  90   9  39   1.563   0.0   0.0
 4.525  475.0  90   9  21   1.563   0.0   0.0
 4.525  477.5  90   9  18  -1.563   0.0   0.0
 4.525  487.5  90   9  24  -1.563   0.0   0.0
 4.525  490.0  90   9  24  -1.563  90.0  30.0
 4.525  492.5  90   9  21  -1.563  90.0  30.0
 4.525  495.0  90   9  18  -1.563   0.0   0.0
 4.525  497.5  90   9  21  -1.563  30.0  30.0
 4.525  500.0  90   9  24  -1.563  90.0  30.0
 4.525  735.0  90   9  18  -1.563   0.0   0.0
 4.525  737.5  90   9  18  -1.563  30.0  30.0
 4.525  227.5 -90   6  15   1.563   0.0   0.0
 4.525  230.0 -90   6  21   1.563   0.0   0.0
 4.525  232.5 -90   6  39   1.563   0.0   0.0
 4.525  235.0 -90   6  30   1.563   0.0   0.0
 4.525  467.5 -90   6  24   1.563 210.0  30.0
 4.525  470.0 -90   6  18   1.563 150.0  30.0
 4.525  477.5 -90   6  18  -1.563   0.0   0.0
 4.525  480.0 -90   6  33  -1.563   0.0   0.0
 4.525  482.5 -90   6  39  -1.563   0.0   0.0
 4.525  485.0 -90   6  30  -1.563   0.0   0.0
 4.525  487.5 -90   6  24  -1.563   0.0   0.0
 4.525  490.0 -90   6  21  -1.563   0.0   0.0
 4.525  492.5 -90   6  15  -1.563  90.0  30.0
 4.525  687.5 -90   6  18  -1.563  90.0  30.0
 4.525  690.0 -90   6  18  -1.563  90.0  30.0
 4.525  692.5 -90   6  15  10.938  90.0  30.0
 4.525  705.0 -90   6  15  -1.563   0.0   0.0
 4.525  725.0 -90   6  18  -1.563   0.0   0.0
 4.525  727.5 -90   6  18  -1.563   0.0   0.0
 4.525  732.5 -90   6  15  -1.563   0.0   0.0
 4.550  232.5  90   6  15  -1.563 150.0  30.0
 4.550  235.0  90   6  36   1.563   0.0   0.0
 4.550  237.5  90   6  39   1.563   0.0   0.0
 4.550  240.0  90   6  15   1.563   0.0   0.0
 4.550  475.0  90   6  18   1.563   0.0   0.0
 4.550  477.5  90   6  24   1.563   0.0   0.0
 4.550  480.0  90   6  18  -1.563   0.0   0.0
 4.550  485.0  90   6  15   1.563   0.0   0.0
 4.550  487.5  90   6  27  -1.563   0.0   0.0
 4.550  490.0  90   6  30  -1.563   0.0   0.0
 4.550  492.5  90   6  24  -1.563   0.0   0.0
 4.550  495.0  90   6  27  -1.563   0.0   0.0
 4.550  497.5  90   6  15  -1.563  90.0  30.0
 4.550  500.0  90   6  21  -1.563  90.0  30.0
 4.550  502.5  90   6  15  -1.563  90.0  30.0
 4.550  505.0  90   6  15  -1.563  30.0  30.0
 4.550  682.5  90   6  18  10.938  90.0  30.0
 4.550  687.5  90   6  18  -1.563  90.0  30.0
 4.550  715.0  90   6  15  -1.563   0.0   0.0
 4.550  717.5  90   6  15  -1.563 210.0  30.0
 4.550  230.0 -90   6  21   1.563   0.0   0.0
 4.550  232.5 -90   6  39   1.563   0.0   0.0
 4.550  235.0 -90   6  30   1.563   0.0   0.0
 4.550  467.5 -90   6  18   1.563   0.0   0.0
 4.550  470.0 -90   6  18  -1.563   0.0   0.0
 4.550  472.5 -90   6  18   1.563 210.0  30.0
 4.550  477.5 -90   6  15   1.563   0.0   0.0
 4.550  480.0 -90   6  24  -1.563   0.0   0.0
 4.550  482.5 -90   6  33  -1.563   0.0   0.0
 4.550  485.0 -90   6  27  -1.563   0.0   0.0
 4.550  487.5 -90   6  27  -1.563   0.0   0.0
 4.550  490.0 -90   6  27  -1.563   0.0   0.0
 4.550  492.5 -90   6  21  -1.563  90.0  30.0
 4.550  687.5 -90   6  18  10.938  90.0  30.0
 4.550  705.0 -90   6  15   1.563   0.0   0.0
 4.550  725.0 -90   6  15  -1.563   0.0   0.0
 4.550  727.5 -90   6  18  -1.563   0.0   0.0
 4.550  730.0 -90   6  15  -1.563   0.0   0.0
 4.575  205.0  90   6  15   1.563 270.0  30.0
 4.575  215.0  90   6  15   1.563 270.0  30.0
 4.575  220.0  90   6  18   1.563 270.0  30.0
 4.575  225.0  90   6  15   1.563   0.0   0.0
 4.575  232.5  90   6  15   1.563 210.0  30.0
 4.575  235.0  90   6  33   1.563   0.0   0.0
 4.575  237.5  90   6  39   1.563   0.0   0.0
 4.575  240.0  90   6  18   1.563   0.0   0.0
 4.575  242.5  90   6  15   1.563   0.0   0.0
 4.575  255.0  90   6  15   1.563 270.0  30.0
 4.575  475.0  90   6  15   1.563   0.0   0.0
 4.575  477.5  90   6  21   1.563   0.0   0.0
 4.575  480.0  90   6  15  -1.563   0.0   0.0
 4.575  482.5  90   6  15   1.563   0.0   0.0
 4.575  485.0  90   6  21   1.563   0.0   0.0
 4.575  487.5  90   6  18  -1.563   0.0   0.0
 4.575  490.0  90   6  27  -1.563   0.0   0.0
 4.575  492.5  90   6  30  -1.563   0.0   0.0
 4.575  495.0  90   6  30  -1.563   0.0   0.0
 4.575  497.5  90   6  27  -1.563   0.0   0.0
 4.575  505.0  90   6  18  -1.563   0.0   0.0
 4.575  507.5  90   6  15  -1.563  30.0  30.0
 4.575  682.5  90   6  21  -1.563  90.0  30.0
 4.575  685.0  90   6  15  -1.563  90.0  30.0
 4.575  687.5  90   6  15  -1.563  90.0  30.0
 4.575  717.5  90   6  15   1.563   0.0   0.0
 4.575  747.5  90   6  15  -1.563  90.0  30.0
 4.575  227.5 -90   6  15   1.563   0.0   0.0
 4.575  230.0 -90   6  18   1.563 210.0  30.0
 4.575  232.5 -90   6  39   1.563   0.0   0.0
 4.575  235.0 -90   6  33   1.563   0.0   0.0
 4.575  395.0 -90   6  15   1.563 210.0  30.0
 4.575  467.5 -90   6  15  -1.563 210.0  30.0
 4.575  470.0 -90   6  18   1.563   0.0   0.0
 4.575  472.5 -90   6  15  -1.563   0.0   0.0
 4.575  475.0 -90   6  18  -1.563 150.0  30.0
 4.575  477.5 -90   6  18   1.563   0.0   0.0
 4.575  480.0 -90   6  33   1.563   0.0   0.0
 4.575  482.5 -90   6  24   1.563   0.0   0.0
 4.575  485.0 -90   6  30  -1.563   0.0   0.0
 4.575  487.5 -90   6  27  -1.563   0.0   0.0
 4.575  490.0 -90   6  27  -1.563   0.0   0.0
 4.575  495.0 -90   6  21  -1.563  90.0  30.0
 4.575  497.5 -90   6  18  -1.563  90.0  30.0
 4.575  687.5 -90   6  15  10.938  90.0  30.0
 4.575  725.0 -90   6  18  -1.563   0.0   0.0
 4.600  220.0  90   6  15  -1.563   0.0   0.0
 4.600  222.5  90   6  15  -1.563 270.0  30.0
 4.600  225.0  90   6  15   1.563   0.0   0.0
 4.600  230.0  90   6  15   1.563 270.0  30.0
 4.600  232.5  90   6  15  -1.563   0.0   0.0
 4.600  235.0  90   6  33   1.563   0.0   0.0
 4.600  237.5  90   6  39   1.563   0.0   0.0
 4.600  240.0  90   6  21   1.563   0.0   0.0
 4.600  242.5  90   6  15   1.563   0.0   0.0
 4.600  247.5  90   6  15  -1.563   0.0   0.0
 4.600  255.0  90   6  15  -1.563   0.0   0.0
 4.600  477.5  90   6  27   1.563   0.0   0.0
 4.600  480.0  90   6  18  -1.563   0.0   0.0
 4.600  482.5  90   6  18   1.563   0.0   0.0
 4.600  485.0  90   6  18   1.563   0.0   0.0
 4.600  487.5  90   6  24   1.563   0.0   0.0
 4.600  490.0  90   6  24   1.563   0.0   0.0
 4.600  492.5  90   6  21  -1.563 330.0  30.0
 4.600  495.0  90   6  24  -1.563   0.0   0.0
 4.600  497.5  90   6  27  -1.563  90.0  30.0
 4.600  500.0  90   6  21  -1.563  90.0  30.0
 4.600  502.5  90   6  21  -1.563   0.0   0.0
 4.600  510.0  90   6  15  -1.563  90.0  30.0
 4.600  682.5  90   6  18  -1.563  90.0  30.0
 4.600  687.5  90   6  15  10.938  90.0  30.0
 4.600  717.5  90   6  15   1.563   0.0   0.0
 4.600  727.5  90   6  15   1.563   0.0   0.0
 4.600  730.0  90   6  15  -1.563   0.0   0.0
 4.600  732.5  90   6  18   1.563   0.0   0.0
 4.600  740.0  90   6  15  -1.563   0.0   0.0
 4.600  745.0  90   6  15  -1.563   0.0   0.0
 4.600  232.5 -90   6  39   1.563   0.0   0.0
 4.600  235.0 -90   6  36   1.563   0.0   0.0
 4.600  237.5 -90   6  15   1.563   0.0   0.0
 4.600  397.5 -90   6  18   1.563 210.0  30.0
 4.600  470.0 -90   6  18   1.563 210.0  30.0
 4.600  475.0 -90   6  15   1.563 150.0  30.0
 4.600  477.5 -90   6  18   1.563   0.0   0.0
 4.600  480.0 -90   6  30   1.563   0.0   0.0
 4.600  482.5 -90   6  30  -1.563   0.0   0.0
 4.600  485.0 -90   6  24  -1.563  90.0  30.0
 4.600  487.5 -90   6  27  -1.563   0.0   0.0
 4.600  490.0 -90   6  24  -1.563   0.0   0.0
 4.600  492.5 -90   6  24  -1.563  90.0  30.0
 4.600  495.0 -90   6  15   1.563  90.0  30.0
 4.600  687.5 -90   6  18  -1.563  90.0  30.0
 4.600  692.5 -90   6  15   1.563  90.0  30.0
 4.600  707.5 -90   6  15   1.563   0.0   0.0
 4.600  715.0 -90   6  15   1.563   0.0   0.0
 4.600  717.5 -90   6  15   1.563   0.0   0.0
 4.600  730.0 -90   6  18  -1.563   0.0   0.0
 4.600  735.0 -90   6  15  -1.563   0.0   0.0
 4.625  235.0  90   9  30   1.563   0.0   0.0
 4.625  237.5  90   9  39   1.563   0.0   0.0
 4.625  240.0  90   9  27   1.563   0.0   0.0
 4.625  477.5  90   9  27   1.563   0.0   0.0
 4.625  480.0  90   9  27  -1.563   0.0   0.0
 4.625  482.5  90   9  18   1.563 150.0  30.0
 4.625  487.5  90   9  21   1.563   0.0   0.0
 4.625  490.0  90   9  27  -1.563   0.0   0.0
 4.625  492.5  90   9  27  -1.563   0.0   0.0
 4.625  495.0  90   9  27  -1.563   0.0   0.0
 4.625  497.5  90   9  24  -1.563   0.0   0.0
 4.625  500.0  90   9  21  -1.563  90.0  30.0
 4.625  502.5  90   9  21  -1.563   0.0   0.0
 4.625  505.0  90   9  18  -1.563  90.0  30.0
 4.625  507.5  90   9  18   1.563  90.0  30.0
 4.625  682.5  90   9  18  10.938  90.0  30.0
 4.625  732.5  90   9  18  -1.563   0.0   0.0
 4.625  740.0  90   9  18  -1.563   0.0   0.0
 4.625  232.5 -90   9  39   1.563   0.0   0.0
 4.625  235.0 -90   9  36   1.563   0.0   0.0
 4.625  470.0 -90   9  21   1.563   0.0   0.0
 4.625  472.5 -90   9  18   1.563   0.0   0.0
 4.625  477.5 -90   9  18   1.563   0.0   0.0
 4.625  480.0 -90   9  24   1.563   0.0   0.0
 4.625  482.5 -90   9  30  -1.563   0.0   0.0
 4.625  485.0 -90   9  27  -1.563   0.0   0.0
 4.625  487.5 -90   9  27  -1.563   0.0   0.0
 4.625  490.0 -90   9  24  -1.563   0.0   0.0
 4.625  492.5 -90   9  18  -1.563   0.0   0.0
 4.625  495.0 -90   9  18   1.563   0.0   0.0
 4.625  687.5 -90   9  18  -1.563  90.0  30.0
 4.625  690.0 -90   9  18  -1.563  90.0  30.0
 4.650  215.0  90   6  15  -1.563   0.0   0.0
 4.650  232.5  90   6  18   1.563   0.0   0.0
 4.650  235.0  90   6  21   1.563   0.0   0.0
 4.650  237.5  90   6  39   1.563   0.0   0.0
 4.650  240.0  90   6  27   1.563   0.0   0.0
 4.650  242.5  90   6  18  -1.563   0.0   0.0
 4.650  245.0  90   6  15  -1.563   0.0   0.0
 4.650  260.0  90   6  15   1.563 270.0  30.0
 4.650  477.5  90   6  24   1.563   0.0   0.0
 4.650  480.0  90   6  24   1.563   0.0   0.0
 4.650  482.5  90   6  18  -1.563   0.0   0.0
 4.650  485.0  90   6  15   1.563   0.0   0.0
 4.650  487.5  90   6  18   1.563   0.0   0.0
 4.650  492.5  90   6  15   1.563  90.0  30.0
 4.650  495.0  90   6  30  -1.563   0.0   0.0
 4.650  497.5  90   6  24  -1.563  30.0  30.0
 4.650  500.0  90   6  21  -1.563  30.0  30.0
 4.650  502.5  90   6  21  -1.563  90.0  30.0
 4.650  505.0  90   6  21  -1.563  90.0  30.0
 4.650  682.5  90   6  18  10.938  90.0  30.0
 4.650  685.0  90   6  15  10.938  90.0  30.0
 4.650  687.5  90   6  15  -1.563  90.0  30.0
 4.650  232.5 -90   6  36   1.563   0.0   0.0
 4.650  235.0 -90   6  36   1.563   0.0   0.0
 4.650  240.0 -90   6  15  -1.563   0.0   0.0
 4.650  350.0 -90   6  15   1.563   0.0   0.0
 4.650  400.0 -90   6  18   1.563   0.0   0.0
 4.650  402.5 -90   6  15   1.563   0.0   0.0
 4.650  470.0 -90   6  21   1.563   0.0   0.0
 4.650  472.5 -90   6  15   1.563 210.0  30.0
 4.650  477.5 -90   6  18   1.563   0.0   0.0
 4.650  480.0 -90   6  24   1.563   0.0   0.0
 4.650  482.5 -90   6  33  -1.563   0.0   0.0
 4.650  485.0 -90   6  36  -1.563   0.0   0.0
 4.650  487.5 -90   6  27  -1.563   0.0   0.0
 4.650  490.0 -90   6  24  -1.563   0.0   0.0
 4.650  492.5 -90   6  18  -1.563 150.0  30.0
 4.650  495.0 -90   6  18  -1.563  90.0  30.0
 4.650  497.5 -90   6  18  -1.563  90.0  30.0
 4.650  502.5 -90   6  15  -1.563  90.0  30.0
 4.650  505.0 -90   6  15  -1.563  90.0  30.0
 4.650  687.5 -90   6  18  10.938  90.0  30.0
 4.650  690.0 -90   6  15  10.938  90.0  30.0
 4.650  692.5 -90   6  15  -1.563  90.0  30.0
 4.650  730.0 -90   6  15  -1.563  90.0  30.0
 4.650  732.5 -90   6  15  -1.563   0.0   0.0
 4.675  235.0  90   6  24   1.563   0.0   0.0
 4.675  237.5  90   6  39   1.563   0.0   0.0
 4.675  240.0  90   6  30   1.563   0.0   0.0
 4.675  477.5  90   6  21   1.563   0.0   0.0
 4.675  480.0  90   6  24   1.563   0.0   0.0
 4.675  482.5  90   6  18   1.563   0.0   0.0
 4.675  492.5  90   6  24  -1.563   0.0   0.0
 4.675  495.0  90   6  30  -1.563   0.0   0.0
 4.675  497.5  90   6  15  -1.563 150.0  30.0
 4.675  500.0  90   6  27  -1.563   0.0   0.0
 4.675  502.5  90   6  21  -1.563  90.0  30.0
 4.675  505.0  90   6  18  -1.563   0.0   0.0
 4.675  507.5  90   6  15  -1.563   0.0   0.0
 4.675  682.5  90   6  15  -1.563  90.0  30.0
 4.675  687.5  90   6  15  -1.563  90.0  30.0
 4.675  745.0  90   6  15  -1.563   0.0   0.0
 4.675  232.5 -90   6  36   1.563   0.0   0.0
 4.675  235.0 -90   6  36   1.563   0.0   0.0
 4.675  237.5 -90   6  15   1.563 210.0  30.0
 4.675  402.5 -90   6  15   1.563 210.0  30.0
 4.675  470.0 -90   6  18   1.563   0.0   0.0
 4.675  472.5 -90   6  18   1.563 210.0  30.0
 4.675  475.0 -90   6  15   1.563 210.0  30.0
 4.675  477.5 -90   6  18   1.563   0.0   0.0
 4.675  480.0 -90   6  24   1.563   0.0   0.0
 4.675  482.5 -90   6  15  -1.563   0.0   0.0
 4.675  485.0 -90   6  24  -1.563   0.0   0.0
 4.675  487.5 -90   6  27  -1.563   0.0   0.0
 4.675  490.0 -90   6  21  -1.563  90.0  30.0
 4.675  492.5 -90   6  21  -1.563   0.0   0.0
 4.675  495.0 -90   6  18  -1.563 150.0  30.0
 4.675  687.5 -90   6  18  -1.563  90.0  30.0
 4.675  732.5 -90   6  15  -1.563   0.0   0.0
 4.675  735.0 -90   6  15  -1.563   0.0   0.0
 4.700  235.0  90   6  18   1.563   0.0   0.0
 4.700  237.5  90   6  39   1.563   0.0   0.0
 4.700  240.0  90   6  33   1.563   0.0   0.0
 4.700  242.5  90   6  15   1.563   0.0   0.0
 4.700  477.5  90   6  18   1.563   0.0   0.0
 4.700  480.0  90   6  27   1.563   0.0   0.0
 4.700  482.5  90   6  18   1.563   0.0   0.0
 4.700  490.0  90   6  18   1.563   0.0   0.0
 4.700  492.5  90   6  30   1.563   0.0   0.0
 4.700  495.0  90   6  33  -1.563   0.0   0.0
 4.700  497.5  90   6  27  -1.563  30.0  30.0
 4.700  500.0  90   6  33  -1.563   0.0   0.0
 4.700  502.5  90   6  30  -1.563  90.0  30.0
 4.700  505.0  90   6  24  -1.563   0.0   0.0
 4.700  515.0  90   6  15  -1.563  90.0  30.0
 4.700  682.5  90   6  15  -1.563  90.0  30.0
 4.700  685.0  90   6  15  -1.563  90.0  30.0
 4.700  735.0  90   6  15  -1.563   0.0   0.0
 4.700  740.0  90   6  15  -1.563   0.0   0.0
 4.700  747.5  90   6  18  -1.563  30.0  30.0
 4.700  750.0  90   6  15  -1.563   0.0   0.0
 4.700  755.0  90   6  15  -1.563   0.0   0.0
 4.700  232.5 -90   6  33   1.563   0.0   0.0
 4.700  235.0 -90   6  39   1.563   0.0   0.0
 4.700  470.0 -90   6  15   1.563   0.0   0.0
 4.700  472.5 -90   6  21   1.563   0.0   0.0
 4.700  475.0 -90   6  15   1.563   0.0   0.0
 4.700  477.5 -90   6  18   1.563   0.0   0.0
 4.700  482.5 -90   6  27   1.563   0.0   0.0
 4.700  485.0 -90   6  27  -1.563   0.0   0.0
 4.700  487.5 -90   6  18  -1.563   0.0   0.0
 4.700  490.0 -90   6  21   1.563   0.0   0.0
 4.700  492.5 -90   6  24  -1.563   0.0   0.0
 4.700  495.0 -90   6  21  -1.563  90.0  30.0
 4.700  497.5 -90   6  18  -1.563   0.0   0.0
 4.700  687.5 -90   6  18  -1.563  90.0  30.0
 4.700  692.5 -90   6  18  10.938  90.0  30.0
 4.700  695.0 -90   6  15  10.938  90.0  30.0
 4.700  730.0 -90   6  15  -1.563   0.0   0.0
 4.725  227.5  90  27  36  -1.563   0.0   0.0
 4.725  232.5  90  27  36  -1.563   0.0   0.0
 4.725  235.0  90  27  39   1.563   0.0   0.0
 4.725  237.5  90  27  60   1.563   0.0   0.0
 4.725  240.0  90  27  57   1.563   0.0   0.0
 4.725  242.5  90  27  36   1.563   0.0   0.0
 4.725  247.5  90  27  36   1.563   0.0   0.0
 4.725  480.0  90  27  45  -1.563   0.0   0.0
 4.725  490.0  90  27  42   1.563   0.0   0.0
 4.725  492.5  90  27  48  -1.563   0.0   0.0
 4.725  495.0  90  27  48  -1.563   0.0   0.0
 4.725  497.5  90  27  51  -1.563   0.0   0.0
 4.725  500.0  90  27  54  -1.563   0.0   0.0
 4.725  502.5  90  27  45  -1.563  90.0  30.0
 4.725  507.5  90  27  42  -1.563   0.0   0.0
 4.725  510.0  90  27  36  -1.563   0.0   0.0
 4.725  512.5  90  27  39  -1.563  90.0  30.0
 4.725  515.0  90  27  36  -1.563   0.0   0.0
 4.725  522.5  90  27  36   1.563   0.0   0.0
 4.725  682.5  90  27  36 -10.938  90.0  30.0
 4.725  685.0  90  27  36  -1.563  90.0  30.0
 4.725  687.5  90  27  36  -1.563  90.0  30.0
 4.725  690.0  90  27  36  10.938  90.0  30.0
 4.725  722.5  90  27  39   1.563   0.0   0.0
 4.725  725.0  90  27  36   1.563 150.0  30.0
 4.725  735.0  90  27  36  -1.563   0.0   0.0
 4.725  747.5  90  27  39  -1.563   0.0   0.0
 4.725  225.0 -90  27  36   1.563   0.0   0.0
 4.725  227.5 -90  27  39   1.563   0.0   0.0
 4.725  230.0 -90  27  39   1.563   0.0   0.0
 4.725  232.5 -90  27  57   1.563   0.0   0.0
 4.725  235.0 -90  27  63   1.563   0.0   0.0
 4.725  237.5 -90  27  39   1.563   0.0   0.0
 4.725  240.0 -90  27  36  -1.563 150.0  30.0
 4.725  470.0 -90  27  39  -1.563   0.0   0.0
 4.725  472.5 -90  27  48   1.563   0.0   0.0
 4.725  475.0 -90  27  39   1.563   0.0   0.0
 4.725  480.0 -90  27  42  -1.563   0.0   0.0
 4.725  482.5 -90  27  54   1.563   0.0   0.0
 4.725  485.0 -90  27  45   1.563   0.0   0.0
 4.725  487.5 -90  27  51  -1.563   0.0   0.0
 4.725  490.0 -90  27  51  -1.563   0.0   0.0
 4.725  492.5 -90  27  42  -1.563   0.0   0.0
 4.725  495.0 -90  27  45  -1.563   0.0   0.0
 4.725  497.5 -90  27  42  -1.563  90.0  30.0
 4.725  500.0 -90  27  39  -1.563  90.0  30.0
 4.725  505.0 -90  27  36   1.563  90.0  30.0
 4.725  560.0 -90  27  36  -1.563  90.0  30.0
 4.725  687.5 -90  27  42  -1.563  90.0  30.0
 4.725  690.0 -90  27  39   1.563  90.0  30.0
 4.725  692.5 -90  27  39  10.938  90.0  30.0
 4.725  710.0 -90  27  36   1.563   0.0   0.0
 4.725  725.0 -90  27  36   1.563   0.0   0.0
 4.725  727.5 -90  27  36  -1.563 150.0  30.0
 4.725  730.0 -90  27  36  -1.563 150.0  30.0
 4.750  235.0  90  30  39   1.563 210.0  30.0
 4.750  237.5  90  30  60   1.563   0.0   0.0
 4.750  240.0  90  30  60   1.563   0.0   0.0
 4.750  480.0  90  30  42  -1.563   0.0   0.0
 4.750  485.0  90  30  42  -1.563   0.0   0.0
 4.750  487.5  90  30  39   1.563  90.0  30.0
 4.750  490.0  90  30  42   1.563   0.0   0.0
 4.750  492.5  90  30  48  -1.563   0.0   0.0
 4.750  495.0  90  30  54  -1.563   0.0   0.0
 4.750  497.5  90  30  51  -1.563   0.0   0.0
 4.750  500.0  90  30  54  -1.563  30.0  30.0
 4.750  502.5  90  30  42  -1.563  30.0  30.0
 4.750  505.0  90  30  45  -1.563  90.0  30.0
 4.750  507.5  90  30  45  -1.563  90.0  30.0
 4.750  557.5  90  30  39  -1.563  90.0  30.0
 4.750  682.5  90  30  39  -1.563  90.0  30.0
 4.750  685.0  90  30  42  -1.563  90.0  30.0
 4.750  735.0  90  30  39   1.563   0.0   0.0
 4.750  742.5  90  30  42  -1.563   0.0   0.0
 4.750  745.0  90  30  42  -1.563   0.0   0.0
 4.750  755.0  90  30  39  -1.563   0.0   0.0
 4.750  232.5 -90  30  57   1.563   0.0   0.0
 4.750  235.0 -90  30  66   1.563   0.0   0.0
 4.750  237.5 -90  30  45   1.563   0.0   0.0
 4.750  240.0 -90  30  39   1.563   0.0   0.0
 4.750  470.0 -90  30  39   1.563   0.0   0.0
 4.750  472.5 -90  30  51  -1.563   0.0   0.0
 4.750  475.0 -90  30  45   1.563   0.0   0.0
 4.750  477.5 -90  30  42   1.563   0.0   0.0
 4.750  480.0 -90  30  42   1.563   0.0   0.0
 4.750  482.5 -90  30  48   1.563   0.0   0.0
 4.750  485.0 -90  30  51   1.563   0.0   0.0
 4.750  487.5 -90  30  54  -1.563   0.0   0.0
 4.750  490.0 -90  30  48  -1.563   0.0   0.0
 4.750  492.5 -90  30  45  -1.563   0.0   0.0
 4.750  497.5 -90  30  39  -1.563  90.0  30.0
 4.750  560.0 -90  30  39  -1.563  90.0  30.0
 4.750  687.5 -90  30  42  -1.563  90.0  30.0
 4.750  730.0 -90  30  39  -1.563  90.0  30.0
 4.775  235.0  90  21  30   1.563 330.0  30.0
 4.775  237.5  90  21  48   1.563   0.0   0.0
 4.775  240.0  90  21  48   1.563   0.0   0.0
 4.775  480.0  90  21  30  -1.563   0.0   0.0
 4.775  482.5  90  21  33   1.563   0.0   0.0
 4.775  487.5  90  21  30   1.563   0.0   0.0
 4.775  492.5  90  21  30  -1.563   0.0   0.0
 4.775  495.0  90  21  45  -1.563   0.0   0.0
 4.775  497.5  90  21  45  -1.563   0.0   0.0
 4.775  500.0  90  21  33  -1.563 330.0  30.0
 4.775  502.5  90  21  33  -1.563  30.0  30.0
 4.775  505.0  90  21  33  -1.563  30.0  30.0
 4.775  507.5  90  21  30  -1.563  90.0  30.0
 4.775  510.0  90  21  30  -1.563   0.0   0.0
 4.775  740.0  90  21  30  -1.563   0.0   0.0
 4.775  742.5  90  21  33   1.563   0.0   0.0
 4.775  232.5 -90  18  42   1.563   0.0   0.0
 4.775  235.0 -90  18  54   1.563   0.0   0.0
 4.775  237.5 -90  18  39   1.563   0.0   0.0
 4.775  472.5 -90  18  36   1.563   0.0   0.0
 4.775  475.0 -90  18  33   1.563   0.0   0.0
 4.775  477.5 -90  18  27   1.563 150.0  30.0
 4.775  480.0 -90  18  30   1.563   0.0   0.0
 4.775  482.5 -90  18  36   1.563   0.0   0.0
 4.775  485.0 -90  18  42  -1.563   0.0   0.0
 4.775  487.5 -90  18  45  -1.563   0.0   0.0
 4.775  490.0 -90  18  30   1.563 150.0  30.0
 4.775  492.5 -90  18  39  -1.563   0.0   0.0
 4.775  495.0 -90  18  39  -1.563   0.0   0.0
 4.775  497.5 -90  18  33  -1.563   0.0   0.0
 4.775  502.5 -90  18  27  -1.563  90.0  30.0
 4.775  687.5 -90  18  30  -1.563  90.0  30.0
 4.775  710.0 -90  18  27   1.563 210.0  30.0
 4.775  722.5 -90  18  30  -1.563   0.0   0.0
 4.775  725.0 -90  18  27   1.563   0.0   0.0
 4.775  730.0 -90  18  30  -1.563   0.0   0.0
 4.775  732.5 -90  18  30  -1.563   0.0   0.0
 4.775  735.0 -90  18  33  -1.563   0.0   0.0
 4.775  737.5 -90  18  27  -1.563   0.0   0.0
 4.800  235.0  90  18  27   1.563 270.0  30.0
 4.800  237.5  90  18  45   1.563   0.0   0.0
 4.800  240.0  90  18  51   1.563   0.0   0.0
 4.800  242.5  90  18  27   1.563   0.0   0.0
 4.800  480.0  90  18  30  -1.563   0.0   0.0
 4.800  482.5  90  18  36   1.563   0.0   0.0
 4.800  487.5  90  18  27   1.563   0.0   0.0
 4.800  492.5  90  18  30   1.563   0.0   0.0
 4.800  495.0  90  18  39  -1.563   0.0   0.0
 4.800  497.5  90  18  36  -1.563   0.0   0.0
 4.800  500.0  90  18  42  -1.563   0.0   0.0
 4.800  502.5  90  18  33  -1.563   0.0   0.0
 4.800  505.0  90  18  33  -1.563  90.0  30.0
 4.800  507.5  90  18  30  -1.563  90.0  30.0
 4.800  510.0  90  18  30  -1.563   0.0   0.0
 4.800  512.5  90  18  30  -1.563  90.0  30.0
 4.800  685.0  90  18  27  -1.563  90.0  30.0
 4.800  690.0  90  18  27  -1.563  90.0  30.0
 4.800  737.5  90  18  27   1.563   0.0   0.0
 4.800  740.0  90  18  27  -1.563   0.0   0.0
 4.800  750.0  90  18  30  -1.563 150.0  30.0
 4.800  232.5 -90  18  39   1.563   0.0   0.0
 4.800  235.0 -90  18  54   1.563   0.0   0.0
 4.800  237.5 -90  18  42   1.563   0.0   0.0
 4.800  472.5 -90  18  33   1.563   0.0   0.0
 4.800  475.0 -90  18  27   1.563   0.0   0.0
 4.800  480.0 -90  18  27   1.563 210.0  30.0
 4.800  482.5 -90  18  33   1.563   0.0   0.0
 4.800  485.0 -90  18  33  -1.563   0.0   0.0
 4.800  487.5 -90  18  42  -1.563   0.0   0.0
 4.800  490.0 -90  18  36  -1.563   0.0   0.0
 4.800  492.5 -90  18  42  -1.563   0.0   0.0
 4.800  495.0 -90  18  33  -1.563   0.0   0.0
 4.800  497.5 -90  18  36  -1.563   0.0   0.0
 4.800  687.5 -90  18  30  -1.563  90.0  30.0
 4.800  690.0 -90  18  30  -1.563  90.0  30.0
 4.800  692.5 -90  18  27  10.938  90.0  30.0
 4.800  722.5 -90  18  30  -1.563   0.0   0.0
 4.800  727.5 -90  18  27   1.563   0.0   0.0
 4.800  735.0 -90  18  27  -1.563   0.0   0.0
 4.800  737.5 -90  18  27  -1.563   0.0   0.0
 4.825  237.5  90  24  45   1.563   0.0   0.0
 4.825  240.0  90  24  51   1.563   0.0   0.0
 4.825  242.5  90  24  33  -1.563   0.0   0.0
 4.825  482.5  90  24  36   1.563   0.0   0.0
 4.825  495.0  90  24  36   1.563   0.0   0.0
 4.825  497.5  90  24  33  -1.563   0.0   0.0
 4.825  500.0  90  24  39  -1.563   0.0   0.0
 4.825  507.5  90  24  33  -1.563  90.0  30.0
 4.825  232.5 -90  21  39   1.563   0.0   0.0
 4.825  235.0 -90  21  54   1.563   0.0   0.0
 4.825  237.5 -90  21  45   1.563   0.0   0.0
 4.825  472.5 -90  21  30   1.563 210.0  30.0
 4.825  475.0 -90  21  33  -1.563 150.0  30.0
 4.825  477.5 -90  21  30  -1.563 150.0  30.0
 4.825  480.0 -90  21  33   1.563   0.0   0.0
 4.825  482.5 -90  21  33  -1.563   0.0   0.0
 4.825  485.0 -90  21  33  -1.563   0.0   0.0
 4.825  490.0 -90  21  42  -1.563   0.0   0.0
 4.825  492.5 -90  21  45  -1.563   0.0   0.0
 4.825  495.0 -90  21  30  -1.563   0.0   0.0
 4.825  500.0 -90  21  30  -1.563   0.0   0.0
 4.825  687.5 -90  21  30   1.563  90.0  30.0
 4.825  712.5 -90  21  30   1.563 210.0  30.0
 4.850  237.5  90  30  39   1.563   0.0   0.0
 4.850  240.0  90  30  51   1.563   0.0   0.0
 4.850  500.0  90  30  39  -1.563   0.0   0.0
 4.850  232.5 -90  24  33  -1.563   0.0   0.0
 4.850  235.0 -90  24  51   1.563   0.0   0.0
 4.850  237.5 -90  24  45   1.563   0.0   0.0
 4.850  475.0 -90  24  33  -1.563   0.0   0.0
 4.850  480.0 -90  24  33   1.563   0.0   0.0
 4.850  485.0 -90  24  33   1.563   0.0   0.0
 4.850  487.5 -90  24  33  -1.563   0.0   0.0
 4.850  490.0 -90  24  42  -1.563   0.0   0.0
 4.850  492.5 -90  24  36  -1.563   0.0   0.0
 4.850  497.5 -90  24  33  -1.563   0.0   0.0
 4.850  500.0 -90  24  33  -1.563   0.0   0.0
 4.875  237.5  90  24  36   1.563   0.0   0.0
 4.875  240.0  90  24  51   1.563   0.0   0.0
 4.875  242.5  90  24  39   1.563   0.0   0.0
 4.875  452.5  90  24  33   7.813 150.0  30.0
 4.875  460.0  90  24  33   7.813 150.0  30.0
 4.875  482.5  90  24  33  -1.563 150.0  30.0
 4.875  500.0  90  24  33  -1.563   0.0   0.0
 4.875  510.0  90  24  36  -1.563  90.0  30.0
 4.875  232.5 -90  24  33   1.563   0.0   0.0
 4.875  235.0 -90  24  51   1.563   0.0   0.0
 4.875  237.5 -90  24  48   1.563   0.0   0.0
 4.875  475.0 -90  24  33   1.563 150.0  30.0
 4.875  480.0 -90  24  33  -1.563   0.0   0.0
 4.875  485.0 -90  24  33   1.563   0.0   0.0
 4.875  487.5 -90  24  42  -1.563   0.0   0.0
 4.875  490.0 -90  24  39  -1.563   0.0   0.0
 4.875  492.5 -90  24  39  -1.563   0.0   0.0
 4.875  687.5 -90  24  33  -1.563  90.0  30.0
 4.900  237.5  90  24  33  -1.563   0.0   0.0
 4.900  240.0  90  24  51   1.563   0.0   0.0
 4.900  242.5  90  24  42   1.563   0.0   0.0
 4.900  490.0  90  24  33   1.563 150.0  30.0
 4.900  495.0  90  24  36   1.563   0.0   0.0
 4.900  497.5  90  24  42  -1.563   0.0   0.0
 4.900  500.0  90  24  36  -1.563   0.0   0.0
 4.900  502.5  90  24  39  -1.563  30.0  30.0
 4.900  505.0  90  24  33   1.563   0.0   0.0
 4.900  507.5  90  24  39  -1.563  90.0  30.0
 4.900  752.5  90  24  33  -1.563  30.0  30.0
 4.900  235.0 -90  21  51   1.563   0.0   0.0
 4.900  237.5 -90  21  48   1.563   0.0   0.0
 4.900  240.0 -90  21  30   1.563 150.0  30.0
 4.900  480.0 -90  21  30  -1.563   0.0   0.0
 4.900  482.5 -90  21  33   1.563 150.0  30.0
 4.900  485.0 -90  21  30  -1.563   0.0   0.0
 4.900  487.5 -90  21  42  -1.563   0.0   0.0
 4.900  490.0 -90  21  36   1.563 150.0  30.0
 4.900  492.5 -90  21  36  -1.563   0.0   0.0
 4.900  495.0 -90  21  39  -1.563   0.0   0.0
 4.900  497.5 -90  21  36  -1.563  90.0  30.0
 4.900  500.0 -90  21  30  -1.563  90.0  30.0
 4.900  502.5 -90  21  30  -1.563   0.0   0.0
 4.900  687.5 -90  21  30  -1.563  90.0  30.0
 4.925  235.0  90  18  30   1.563   0.0   0.0
 4.925  237.5  90  18  33   1.563   0.0   0.0
 4.925  240.0  90  18  51   1.563   0.0   0.0
 4.925  242.5  90  18  45   1.563   0.0   0.0
 4.925  482.5  90  18  27  -1.563   0.0   0.0
 4.925  485.0  90  18  36   1.563   0.0   0.0
 4.925  487.5  90  18  27  -1.563   0.0   0.0
 4.925  490.0  90  18  27   1.563   0.0   0.0
 4.925  492.5  90  18  33  -1.563   0.0   0.0
 4.925  495.0  90  18  36   1.563   0.0   0.0
 4.925  497.5  90  18  39  -1.563   0.0   0.0
 4.925  500.0  90  18  36  -1.563   0.0   0.0
 4.925  502.5  90  18  42  -1.563   0.0   0.0
 4.925  505.0  90  18  42  -1.563   0.0   0.0
 4.925  507.5  90  18  27  -1.563  90.0  30.0
 4.925  510.0  90  18  33  -1.563   0.0   0.0
 4.925  515.0  90  18  30  -1.563  90.0  30.0
 4.925  532.5  90  18  27  -1.563   0.0   0.0
 4.925  685.0  90  18  27  -1.563  90.0  30.0
 4.925  730.0  90  18  27  -1.563   0.0   0.0
 4.925  740.0  90  18  27   1.563   0.0   0.0
 4.925  742.5  90  18  30   1.563   0.0   0.0
 4.925  750.0  90  18  27  -1.563   0.0   0.0
 4.925  755.0  90  18  27  -1.563   0.0   0.0
 4.925  232.5 -90  18  27   1.563   0.0   0.0
 4.925  235.0 -90  18  51   1.563   0.0   0.0
 4.925  237.5 -90  18  51   1.563   0.0   0.0
 4.925  252.5 -90  18  27  -1.563   0.0   0.0
 4.925  475.0 -90  18  27   1.563   0.0   0.0
 4.925  485.0 -90  18  33   1.563   0.0   0.0
 4.925  487.5 -90  18  48  -1.563   0.0   0.0
 4.925  490.0 -90  18  45  -1.563   0.0   0.0
 4.925  492.5 -90  18  30  -1.563 330.0  30.0
 4.925  495.0 -90  18  36  -1.563   0.0   0.0
 4.925  497.5 -90  18  33  -1.563   0.0   0.0
 4.925  510.0 -90  18  27  -1.563  90.0  30.0
 4.925  687.5 -90  18  30  -1.563  90.0  30.0
 4.925  690.0 -90  18  30  -1.563  90.0  30.0
 4.925  715.0 -90  18  27  -1.563   0.0   0.0
 4.925  727.5 -90  18  30   1.563   0.0   0.0
 4.925  732.5 -90  18  30   1.563   0.0   0.0
 4.925  737.5 -90  18  27  -1.563 210.0  30.0
 4.950  235.0  90  18  27   1.563   0.0   0.0
 4.950  237.5  90  18  30   1.563   0.0   0.0
 4.950  240.0  90  18  48   1.563   0.0   0.0
 4.950  242.5  90  18  45   1.563   0.0   0.0
 4.950  485.0  90  18  36   1.563   0.0   0.0
 4.950  487.5  90  18  33   1.563   0.0   0.0
 4.950  492.5  90  18  30  -1.563   0.0   0.0
 4.950  495.0  90  18  33   1.563   0.0   0.0
 4.950  497.5  90  18  39   1.563   0.0   0.0
 4.950  500.0  90  18  36  -1.563   0.0   0.0
 4.950  502.5  90  18  36  -1.563   0.0   0.0
 4.950  505.0  90  18  36  -1.563   0.0   0.0
 4.950  507.5  90  18  42  -1.563   0.0   0.0
 4.950  510.0  90  18  36  -1.563  90.0  30.0
 4.950  512.5  90  18  36  -1.563  90.0  30.0
 4.950  515.0  90  18  33  -1.563  90.0  30.0
 4.950  685.0  90  18  27  10.938  90.0  30.0
 4.950  690.0  90  18  27  -1.563  90.0  30.0
 4.950  730.0  90  18  27   1.563   0.0   0.0
 4.950  745.0  90  18  27  -1.563   0.0   0.0
 4.950  747.5  90  18  27  -1.563   0.0   0.0
 4.950  752.5  90  18  27  -1.563  30.0  30.0
 4.950  755.0  90  18  30  -1.563   0.0   0.0
 4.950  235.0 -90  15  48   1.563   0.0   0.0
 4.950  237.5 -90  15  51   1.563   0.0   0.0
 4.950  240.0 -90  15  27   1.563   0.0   0.0
 4.950  250.0 -90  15  24  -1.563   0.0   0.0
 4.950  252.5 -90  15  24   1.563   0.0   0.0
 4.950  472.5 -90  15  24  -1.563   0.0   0.0
 4.950  475.0 -90  15  30   1.563   0.0   0.0
 4.950  482.5 -90  15  30   1.563   0.0   0.0
 4.950  485.0 -90  15  33   1.563   0.0   0.0
 4.950  487.5 -90  15  45  -1.563   0.0   0.0
 4.950  490.0 -90  15  39  -1.563   0.0   0.0
 4.950  492.5 -90  15  42  -1.563   0.0   0.0
 4.950  495.0 -90  15  30  -1.563  90.0  30.0
 4.950  497.5 -90  15  39  -1.563   0.0   0.0
 4.950  500.0 -90  15  24  -1.563 330.0  30.0
 4.950  502.5 -90  15  30  -1.563  90.0  30.0
 4.950  505.0 -90  15  27  -1.563   0.0   0.0
 4.950  510.0 -90  15  24  -1.563  90.0  30.0
 4.950  512.5 -90  15  24   1.563  90.0  30.0
 4.950  687.5 -90  15  27  10.938  90.0  30.0
 4.950  690.0 -90  15  27  -1.563  90.0  30.0
 4.950  695.0 -90  15  24  10.938  90.0  30.0
 4.950  712.5 -90  15  24   1.563  90.0  30.0
 4.950  715.0 -90  15  27   1.563   0.0   0.0
 4.950  725.0 -90  15  24  -1.563   0.0   0.0
 4.950  727.5 -90  15  27  -1.563   0.0   0.0
 4.950  730.0 -90  15  30   1.563   0.0   0.0
 4.950  732.5 -90  15  24   1.563 150.0  30.0
 4.950  742.5 -90  15  27  -1.563   0.0   0.0
 4.950  985.0 -90  15  24   1.563   0.0   0.0
 4.950  987.5 -90  15  24   1.563 150.0  30.0
 5.050  240.0  90  12  27   1.563   0.0   0.0
 5.050  242.5  90  12  30   1.563   0.0   0.0
 5.050  487.5  90  12  21   1.563   0.0   0.0
 5.050  490.0  90  12  21   1.563   0.0   0.0
 5.050  500.0  90  12  21  -1.563   0.0   0.0
 5.050  505.0  90  12  21  -1.563   0.0   0.0
 5.050  507.5  90  12  24  -1.563   0.0   0.0
 5.050  510.0  90  12  21  -1.563  90.0  30.0
 5.050  512.5  90  12  24  -1.563  90.0  30.0
 5.050  752.5  90  12  21   1.563   0.0   0.0
 5.050  232.5 -90   9  18   1.563   0.0   0.0
 5.050  235.0 -90   9  30   1.563   0.0   0.0
 5.050  237.5 -90   9  42   1.563   0.0   0.0
 5.050  240.0 -90   9  24   1.563   0.0   0.0
 5.050  242.5 -90   9  18   1.563 150.0  30.0
 5.050  477.5 -90   9  30   1.563   0.0   0.0
 5.050  480.0 -90   9  24   1.563   0.0   0.0
 5.050  485.0 -90   9  24   1.563   0.0   0.0
 5.050  487.5 -90   9  24   1.563   0.0   0.0
 5.050  490.0 -90   9  30   1.563   0.0   0.0
 5.050  495.0 -90   9  24  -1.563   0.0   0.0
 5.050  497.5 -90   9  21  -1.563   0.0   0.0
 5.050  500.0 -90   9  24  -1.563   0.0   0.0
 5.050  502.5 -90   9  21  -1.563   0.0   0.0
 5.050  505.0 -90   9  24  -1.563   0.0   0.0
 5.050  690.0 -90   9  18   1.563  90.0  30.0
 5.050  737.5 -90   9  18  -1.563   0.0   0.0
 5.075  237.5  90  30  39   1.563 270.0  30.0
 5.075  240.0  90  30  48   1.563   0.0   0.0
 5.075  242.5  90  30  57   1.563   0.0   0.0
 5.075  245.0  90  30  45   1.563   0.0   0.0
 5.075  487.5  90  30  45   1.563   0.0   0.0
 5.075  490.0  90  30  48   1.563   0.0   0.0
 5.075  500.0  90  30  42  -1.563   0.0   0.0
 5.075  502.5  90  30  45  -1.563   0.0   0.0
 5.075  505.0  90  30  45   1.563  90.0  30.0
 5.075  507.5  90  30  48  -1.563   0.0   0.0
 5.075  510.0  90  30  48  -1.563  90.0  30.0
 5.075  512.5  90  30  45  -1.563  30.0  30.0
 5.075  515.0  90  30  39  -1.563   0.0   0.0
 5.075  525.0  90  30  39  -1.563  90.0  30.0
 5.075  687.5  90  30  39  -1.563  90.0  30.0
 5.075  692.5  90  30  39  -1.563  90.0  30.0
 5.075  735.0  90  30  39   1.563   0.0   0.0
 5.075  752.5  90  30  42  -1.563   0.0   0.0
 5.075  235.0 -90  30  51   1.563   0.0   0.0
 5.075  237.5 -90  30  66   1.563   0.0   0.0
 5.075  240.0 -90  30  54   1.563   0.0   0.0
 5.075  477.5 -90  30  54   1.563   0.0   0.0
 5.075  480.0 -90  30  48   1.563   0.0   0.0
 5.075  482.5 -90  30  39   1.563   0.0   0.0
 5.075  485.0 -90  30  42   1.563   0.0   0.0
 5.075  487.5 -90  30  39   1.563   0.0   0.0
 5.075  490.0 -90  30  51  -1.563   0.0   0.0
 5.075  492.5 -90  30  54  -1.563   0.0   0.0
 5.075  495.0 -90  30  54  -1.563   0.0   0.0
 5.075  497.5 -90  30  42  -1.563  90.0  30.0
 5.075  500.0 -90  30  48  -1.563   0.0   0.0
 5.075  502.5 -90  30  39  -1.563  90.0  30.0
 5.075  505.0 -90  30  45  -1.563   0.0   0.0
 5.075  507.5 -90  30  39   1.563   0.0   0.0
 5.075  517.5 -90  30  39  -1.563  90.0  30.0
 5.075  687.5 -90  30  39   1.563  90.0  30.0
 5.075  690.0 -90  30  42  -1.563  90.0  30.0
 5.075  720.0 -90  30  39   1.563   0.0   0.0
 5.075  730.0 -90  30  39  -1.563   0.0   0.0
 5.075  737.5 -90  30  39   1.563   0.0   0.0
 5.100  237.5  90  27  39   1.563 270.0  30.0
 5.100  240.0  90  27  45   1.563   0.0   0.0
 5.100  242.5  90  27  60   1.563   0.0   0.0
 5.100  245.0  90  27  48   1.563   0.0   0.0
 5.100  487.5  90  27  42   1.563   0.0   0.0
 5.100  490.0  90  27  45   1.563   0.0   0.0
 5.100  495.0  90  27  36  -1.563 150.0  30.0
 5.100  500.0  90  27  39   1.563   0.0   0.0
 5.100  502.5  90  27  39   1.563   0.0   0.0
 5.100  505.0  90  27  45  -1.563   0.0   0.0
 5.100  507.5  90  27  54  -1.563   0.0   0.0
 5.100  510.0  90  27  51  -1.563   0.0   0.0
 5.100  512.5  90  27  51  -1.563   0.0   0.0
 5.100  515.0  90  27  45  -1.563  90.0  30.0
 5.100  522.5  90  27  39  -1.563  90.0  30.0
 5.100  685.0  90  27  36  -1.563  90.0  30.0
 5.100  687.5  90  27  39  -1.563  90.0  30.0
 5.100  735.0  90  27  39   1.563   0.0   0.0
 5.100  737.5  90  27  39   1.563   0.0   0.0
 5.100  740.0  90  27  36   1.563 210.0  30.0
 5.100  747.5  90  27  39   1.563   0.0   0.0
 5.100  750.0  90  27  36  -1.563   0.0   0.0
 5.100  752.5  90  27  36   1.563   0.0   0.0
 5.100  755.0  90  27  36   1.563 150.0  30.0
 5.100  762.5  90  27  36  -1.563   0.0   0.0
 5.100  767.5  90  27  36  -1.563   0.0   0.0
 5.100  775.0  90  27  36  -1.563  90.0  30.0
 5.100  777.5  90  27  36  -1.563   0.0   0.0
 5.100  200.0 -90  27  36   1.563 150.0  30.0
 5.100  235.0 -90  27  48   1.563   0.0   0.0
 5.100  237.5 -90  27  66   1.563   0.0   0.0
 5.100  240.0 -90  27  54   1.563   0.0   0.0
 5.100  477.5 -90  27  48   1.563   0.0   0.0
 5.100  480.0 -90  27  51   1.563   0.0   0.0
 5.100  482.5 -90  27  36   1.563   0.0   0.0
 5.100  485.0 -90  27  39   1.563   0.0   0.0
 5.100  487.5 -90  27  36   1.563   0.0   0.0
 5.100  490.0 -90  27  42  -1.563   0.0   0.0
 5.100  492.5 -90  27  36   1.563 330.0  30.0
 5.100  495.0 -90  27  51  -1.563   0.0   0.0
 5.100  497.5 -90  27  45  -1.563   0.0   0.0
 5.100  500.0 -90  27  45  -1.563  90.0  30.0
 5.100  502.5 -90  27  36  -1.563  90.0  30.0
 5.100  505.0 -90  27  42  -1.563  30.0  30.0
 5.100  510.0 -90  27  39  -1.563   0.0   0.0
 5.100  685.0 -90  27  36 -10.938  90.0  30.0
 5.100  687.5 -90  27  39  -1.563  90.0  30.0
 5.100  690.0 -90  27  42  -1.563  90.0  30.0
 5.100  692.5 -90  27  39  10.938  90.0  30.0
 5.100  695.0 -90  27  39  10.938  90.0  30.0
 5.100  720.0 -90  27  39   1.563   0.0   0.0
 5.100  735.0 -90  27  36   1.563 150.0  30.0
 5.100  742.5 -90  27  39   1.563   0.0   0.0
 5.125  237.5  90   6  15  -1.563 270.0  30.0
 5.125  240.0  90   6  21   1.563   0.0   0.0
 5.125  242.5  90   6  36   1.563   0.0   0.0
 5.125  245.0  90   6  27   1.563   0.0   0.0
 5.125  487.5  90   6  15   1.563   0.0   0.0
 5.125  490.0  90   6  21   1.563   0.0   0.0
 5.125  492.5  90   6  18   1.563   0.0   0.0
 5.125  495.0  90   6  15   1.563   0.0   0.0
 5.125  500.0  90   6  15   1.563   0.0   0.0
 5.125  502.5  90   6  18   1.563   0.0   0.0
 5.125  505.0  90   6  21  -1.563   0.0   0.0
 5.125  507.5  90   6  27  -1.563   0.0   0.0
 5.125  510.0  90   6  27  -1.563   0.0   0.0
 5.125  512.5  90   6  24  -1.563   0.0   0.0
 5.125  515.0  90   6  15  -1.563  90.0  30.0
 5.125  517.5  90   6  15  -1.563  90.0  30.0
 5.125  747.5  90   6  15  -1.563   0.0   0.0
 5.125  750.0  90   6  18  -1.563   0.0   0.0
 5.125  752.5  90   6  15  -1.563   0.0   0.0
 5.125  755.0  90   6  15  -1.563   0.0   0.0
 5.125  757.5  90   6  15  -1.563   0.0   0.0
 5.125  765.0  90   6  15  -1.563   0.0   0.0
 5.125  235.0 -90   6  21   1.563   0.0   0.0
 5.125  237.5 -90   6  39   1.563   0.0   0.0
 5.125  240.0 -90   6  33   1.563   0.0   0.0
 5.125  477.5 -90   6  24   1.563   0.0   0.0
 5.125  480.0 -90   6  27   1.563   0.0   0.0
 5.125  485.0 -90   6  18   1.563   0.0   0.0
 5.125  487.5 -90   6  15   1.563 150.0  30.0
 5.125  490.0 -90   6  24   1.563   0.0   0.0
 5.125  492.5 -90   6  24  -1.563   0.0   0.0
 5.125  495.0 -90   6  15  -1.563  90.0  30.0
 5.125  497.5 -90   6  24  -1.563   0.0   0.0
 5.125  500.0 -90   6  27  -1.563   0.0   0.0
 5.125  502.5 -90   6  21  -1.563   0.0   0.0
 5.125  505.0 -90   6  15  -1.563  30.0  30.0
 5.125  507.5 -90   6  15  -1.563  90.0  30.0
 5.125  510.0 -90   6  15  -1.563   0.0   0.0
 5.125  742.5 -90   6  15  -1.563   0.0   0.0
 5.125  745.0 -90   6  18  -1.563   0.0   0.0
 5.150  240.0  90   6  18   1.563   0.0   0.0
 5.150  242.5  90   6  36   1.563   0.0   0.0
 5.150  245.0  90   6  30   1.563   0.0   0.0
 5.150  490.0  90   6  15   1.563   0.0   0.0
 5.150  492.5  90   6  21   1.563   0.0   0.0
 5.150  495.0  90   6  18   1.563   0.0   0.0
 5.150  497.5  90   6  18   1.563   0.0   0.0
 5.150  500.0  90   6  18   1.563   0.0   0.0
 5.150  502.5  90   6  18   1.563  30.0  30.0
 5.150  507.5  90   6  24  -1.563   0.0   0.0
 5.150  510.0  90   6  27  -1.563   0.0   0.0
 5.150  512.5  90   6  27  -1.563   0.0   0.0
 5.150  515.0  90   6  18  -1.563  30.0  30.0
 5.150  517.5  90   6  18  -1.563  30.0  30.0
 5.150  527.5  90   6  15  -1.563   0.0   0.0
 5.150  687.5  90   6  15   1.563  90.0  30.0
 5.150  757.5  90   6  15  -1.563  90.0  30.0
 5.150  760.0  90   6  15  -1.563   0.0   0.0
 5.150  765.0  90   6  15  -1.563  30.0  30.0
 5.150  235.0 -90   6  18   1.563   0.0   0.0
 5.150  237.5 -90   6  39   1.563   0.0   0.0
 5.150  240.0 -90   6  36   1.563   0.0   0.0
 5.150  477.5 -90   6  18   1.563   0.0   0.0
 5.150  480.0 -90   6  27   1.563   0.0   0.0
 5.150  485.0 -90   6  15   1.563   0.0   0.0
 5.150  487.5 -90   6  15   1.563   0.0   0.0
 5.150  490.0 -90   6  21   1.563   0.0   0.0
 5.150  492.5 -90   6  30  -1.563   0.0   0.0
 5.150  495.0 -90   6  27  -1.563   0.0   0.0
 5.150  497.5 -90   6  24  -1.563   0.0   0.0
 5.150  500.0 -90   6  27  -1.563   0.0   0.0
 5.150  502.5 -90   6  18  -1.563   0.0   0.0
 5.150  507.5 -90   6  18  -1.563  90.0  30.0
 5.150  690.0 -90   6  15  -1.563  90.0  30.0
 5.150  747.5 -90   6  15  -1.563   0.0   0.0
 5.175  235.0  90   6  15   1.563 330.0  30.0
 5.175  237.5  90   6  18   1.563 330.0  30.0
 5.175  240.0  90   6  15   1.563 330.0  30.0
 5.175  242.5  90   6  36   1.563   0.0   0.0
 5.175  245.0  90   6  33   1.563   0.0   0.0
 5.175  247.5  90   6  15   1.563 330.0  30.0
 5.175  267.5  90   6  15   1.563 270.0  30.0
 5.175  277.5  90   6  15   1.563 270.0  30.0
 5.175  490.0  90   6  24   1.563   0.0   0.0
 5.175  492.5  90   6  24   1.563   0.0   0.0
 5.175  497.5  90   6  15   1.563   0.0   0.0
 5.175  505.0  90   6  24  -1.563   0.0   0.0
 5.175  507.5  90   6  27  -1.563   0.0   0.0
 5.175  510.0  90   6  27  -1.563   0.0   0.0
 5.175  512.5  90   6  30  -1.563   0.0   0.0
 5.175  515.0  90   6  27  -1.563   0.0   0.0
 5.175  517.5  90   6  15  -1.563   0.0   0.0
 5.175  525.0  90   6  15  -1.563  30.0  30.0
 5.175  687.5  90   6  15  -1.563  90.0  30.0
 5.175  215.0 -90   6  15   1.563   0.0   0.0
 5.175  230.0 -90   6  15  -1.563   0.0   0.0
 5.175  237.5 -90   6  39   1.563   0.0   0.0
 5.175  240.0 -90   6  36   1.563   0.0   0.0
 5.175  247.5 -90   6  15   1.563   0.0   0.0
 5.175  250.0 -90   6  15   1.563   0.0   0.0
 5.175  480.0 -90   6  18   1.563   0.0   0.0
 5.175  482.5 -90   6  15   1.563 210.0  30.0
 5.175  487.5 -90   6  21   1.563   0.0   0.0
 5.175  490.0 -90   6  21   1.563   0.0   0.0
 5.175  492.5 -90   6  27   1.563   0.0   0.0
 5.175  495.0 -90   6  18  -1.563   0.0   0.0
 5.175  497.5 -90   6  27  -1.563   0.0   0.0
 5.175  500.0 -90   6  21  -1.563   0.0   0.0
 5.175  502.5 -90   6  24  -1.563   0.0   0.0
 5.175  507.5 -90   6  15  -1.563   0.0   0.0
 5.175  722.5 -90   6  15   1.563   0.0   0.0
 5.200  242.5  90   6  33   1.563   0.0   0.0
 5.200  245.0  90   6  36   1.563   0.0   0.0
 5.200  490.0  90   6  21   1.563   0.0   0.0
 5.200  492.5  90   6  27   1.563   0.0   0.0
 5.200  495.0  90   6  15   1.563 150.0  30.0
 5.200  497.5  90   6  18   1.563   0.0   0.0
 5.200  505.0  90   6  27   1.563   0.0   0.0
 5.200  507.5  90   6  21  -1.563   0.0   0.0
 5.200  510.0  90   6  21  -1.563   0.0   0.0
 5.200  512.5  90   6  24  -1.563   0.0   0.0
 5.200  515.0  90   6  18  -1.563   0.0   0.0
 5.200  517.5  90   6  15  -1.563  90.0  30.0
 5.200  687.5  90   6  15  -1.563  90.0  30.0
 5.200  757.5  90   6  18  -1.563   0.0   0.0
 5.200  760.0  90   6  15   1.563   0.0   0.0
 5.200  762.5  90   6  15  -1.563  30.0  30.0
 5.200  235.0 -90   6  15   1.563   0.0   0.0
 5.200  237.5 -90   6  39   1.563   0.0   0.0
 5.200  240.0 -90   6  39   1.563   0.0   0.0
 5.200  242.5 -90   6  15   1.563   0.0   0.0
 5.200  480.0 -90   6  24   1.563   0.0   0.0
 5.200  482.5 -90   6  18   1.563   0.0   0.0
 5.200  490.0 -90   6  15   1.563 330.0  30.0
 5.200  492.5 -90   6  24  -1.563   0.0   0.0
 5.200  495.0 -90   6  33  -1.563   0.0   0.0
 5.200  497.5 -90   6  33  -1.563   0.0   0.0
 5.200  500.0 -90   6  30  -1.563   0.0   0.0
 5.200  502.5 -90   6  27  -1.563   0.0   0.0
 5.200  510.0 -90   6  15  -1.563  30.0  30.0
 5.200  512.5 -90   6  15  -1.563   0.0   0.0
 5.200  515.0 -90   6  15  -1.563  90.0  30.0
 5.200  690.0 -90   6  18  -1.563  90.0  30.0
 5.200  692.5 -90   6  15  10.938  90.0  30.0
 5.200  722.5 -90   6  15  -1.563 210.0  30.0
 5.200  735.0 -90   6  15  -1.563 150.0  30.0
 5.200  745.0 -90   6  15  -1.563   0.0   0.0
 5.225  242.5  90   9  30   1.563   0.0   0.0
 5.225  245.0  90   9  36   1.563   0.0   0.0
 5.225  490.0  90   9  18   1.563   0.0   0.0
 5.225  492.5  90   9  24   1.563   0.0   0.0
 5.225  495.0  90   9  18   1.563 150.0  30.0
 5.225  502.5  90   9  18  -1.563   0.0   0.0
 5.225  505.0  90   9  21  -1.563   0.0   0.0
 5.225  507.5  90   9  27  -1.563   0.0   0.0
 5.225  510.0  90   9  27  -1.563   0.0   0.0
 5.225  512.5  90   9  24  -1.563   0.0   0.0
 5.225  515.0  90   9  18  -1.563  90.0  30.0
 5.225  687.5  90   9  18   1.563  90.0  30.0
 5.225  765.0  90   9  21  -1.563   0.0   0.0
 5.225   85.0 -90   6  15  -1.563 150.0  30.0
 5.225  215.0 -90   6  15   1.563   0.0   0.0
 5.225  225.0 -90   6  15   1.563   0.0   0.0
 5.225  227.5 -90   6  15   1.563   0.0   0.0
 5.225  237.5 -90   6  36   1.563   0.0   0.0
 5.225  240.0 -90   6  39   1.563   0.0   0.0
 5.225  250.0 -90   6  15   1.563   0.0   0.0
 5.225  252.5 -90   6  15   1.563 150.0  30.0
 5.225  255.0 -90   6  15  -1.563 270.0  30.0
 5.225  265.0 -90   6  15   1.563   0.0   0.0
 5.225  480.0 -90   6  24   1.563   0.0   0.0
 5.225  482.5 -90   6  24   1.563   0.0   0.0
 5.225  485.0 -90   6  15   1.563   0.0   0.0
 5.225  492.5 -90   6  24   1.563   0.0   0.0
 5.225  495.0 -90   6  24   1.563   0.0   0.0
 5.225  497.5 -90   6  27  -1.563   0.0   0.0
 5.225  500.0 -90   6  24  -1.563   0.0   0.0
 5.225  502.5 -90   6  21  -1.563   0.0   0.0
 5.225  507.5 -90   6  15  -1.563   0.0   0.0
 5.225  510.0 -90   6  18  -1.563  90.0  30.0
 5.225  512.5 -90   6  15  -1.563  90.0  30.0
 5.225  515.0 -90   6  15  -1.563  90.0  30.0
 5.225  690.0 -90   6  18  -1.563  90.0  30.0
 5.225  745.0 -90   6  15  -1.563   0.0   0.0
 5.225  752.5 -90   6  15  -1.563  90.0  30.0
 5.250  242.5  90   9  30   1.563   0.0   0.0
 5.250  245.0  90   9  36   1.563   0.0   0.0
 5.250  492.5  90   9  24   1.563   0.0   0.0
 5.250  495.0  90   9  24   1.563   0.0   0.0
 5.250  505.0  90   9  24   1.563   0.0   0.0
 5.250  507.5  90   9  21   1.563   0.0   0.0
 5.250  510.0  90   9  24  -1.563   0.0   0.0
 5.250  512.5  90   9  24  -1.563  30.0  30.0
 5.250  515.0  90   9  24  -1.563  30.0  30.0
 5.250  517.5  90   9  21  -1.563  90.0  30.0
 5.250  522.5  90   9  18  -1.563  90.0  30.0
 5.250  525.0  90   9  21  -1.563  90.0  30.0
 5.250  765.0  90   9  18  -1.563   0.0   0.0
 5.250  237.5 -90   6  36   1.563   0.0   0.0
 5.250  240.0 -90   6  39   1.563   0.0   0.0
 5.250  242.5 -90   6  18   1.563   0.0   0.0
 5.250  480.0 -90   6  21   1.563   0.0   0.0
 5.250  482.5 -90   6  27   1.563   0.0   0.0
 5.250  487.5 -90   6  18   1.563   0.0   0.0
 5.250  492.5 -90   6  24   1.563   0.0   0.0
 5.250  495.0 -90   6  30  -1.563   0.0   0.0
 5.250  497.5 -90   6  18  -1.563   0.0   0.0
 5.250  500.0 -90   6  30  -1.563   0.0   0.0
 5.250  502.5 -90   6  27  -1.563   0.0   0.0
 5.250  505.0 -90   6  21  -1.563   0.0   0.0
 5.250  507.5 -90   6  24  -1.563   0.0   0.0
 5.250  510.0 -90   6  18  -1.563  30.0  30.0
 5.250  690.0 -90   6  15  -1.563  90.0  30.0
 5.250  725.0 -90   6  18   1.563 150.0  30.0
 5.250  752.5 -90   6  15  -1.563   0.0   0.0
 5.250  755.0 -90   6  15  -1.563   0.0   0.0
 5.275  240.0  90  30  39   1.563  30.0  30.0
 5.275  242.5  90  30  51   1.563   0.0   0.0
 5.275  245.0  90  30  63   1.563   0.0   0.0
 5.275  247.5  90  30  45   1.563   0.0   0.0
 5.275  492.5  90  30  42   1.563   0.0   0.0
 5.275  495.0  90  30  42  -1.563 150.0  30.0
 5.275  497.5  90  30  42   1.563   0.0   0.0
 5.275  502.5  90  30  42   1.563   0.0   0.0
 5.275  505.0  90  30  45  -1.563   0.0   0.0
 5.275  507.5  90  30  54  -1.563   0.0   0.0
 5.275  510.0  90  30  45  -1.563   0.0   0.0
 5.275  512.5  90  30  48  -1.563   0.0   0.0
 5.275  517.5  90  30  48  -1.563   0.0   0.0
 5.275  520.0  90  30  45  -1.563  30.0  30.0
 5.275  525.0  90  30  39  -1.563  90.0  30.0
 5.275  687.5  90  30  39  -1.563  90.0  30.0
 5.275  237.5 -90  30  57   1.563   0.0   0.0
 5.275  240.0 -90  30  63   1.563   0.0   0.0
 5.275  242.5 -90  30  42   1.563   0.0   0.0
 5.275  480.0 -90  30  42   1.563   0.0   0.0
 5.275  482.5 -90  30  48   1.563   0.0   0.0
 5.275  487.5 -90  30  45   1.563   0.0   0.0
 5.275  490.0 -90  30  45   1.563   0.0   0.0
 5.275  492.5 -90  30  39   1.563 150.0  30.0
 5.275  495.0 -90  30  48  -1.563   0.0   0.0
 5.275  500.0 -90  30  48  -1.563   0.0   0.0
 5.275  502.5 -90  30  39  -1.563   0.0   0.0
 5.275  505.0 -90  30  45  -1.563   0.0   0.0
 5.275  507.5 -90  30  45  -1.563  90.0  30.0
 5.275  690.0 -90  30  39  -1.563  90.0  30.0
 5.275  725.0 -90  30  39   1.563   0.0   0.0
 5.275  747.5 -90  30  39  -1.563   0.0   0.0
 5.300  240.0  90  30  39   1.563 330.0  30.0
 5.300  242.5  90  30  51   1.563   0.0   0.0
 5.300  245.0  90  30  63   1.563   0.0   0.0
 5.300  247.5  90  30  51   1.563   0.0   0.0
 5.300  492.5  90  30  42   1.563   0.0   0.0
 5.300  495.0  90  30  42   1.563   0.0   0.0
 5.300  502.5  90  30  39  -1.563 150.0  30.0
 5.300  505.0  90  30  45  -1.563   0.0   0.0
 5.300  507.5  90  30  48  -1.563   0.0   0.0
 5.300  510.0  90  30  48  -1.563   0.0   0.0
 5.300  512.5  90  30  48  -1.563   0.0   0.0
 5.300  515.0  90  30  39   1.563 330.0  30.0
 5.300  517.5  90  30  45  -1.563   0.0   0.0
 5.300  520.0  90  30  39  -1.563  90.0  30.0
 5.300  522.5  90  30  39  -1.563  90.0  30.0
 5.300  742.5  90  30  39   1.563   0.0   0.0
 5.300  745.0  90  30  42   1.563   0.0   0.0
 5.300  217.5 -90  27  36  -1.563 210.0  30.0
 5.300  237.5 -90  27  57   1.563   0.0   0.0
 5.300  240.0 -90  27  66   1.563   0.0   0.0
 5.300  242.5 -90  27  48   1.563   0.0   0.0
 5.300  245.0 -90  27  36   1.563 210.0  30.0
 5.300  482.5 -90  27  45   1.563   0.0   0.0
 5.300  487.5 -90  27  45   1.563   0.0   0.0
 5.300  490.0 -90  27  42   1.563   0.0   0.0
 5.300  492.5 -90  27  45   1.563   0.0   0.0
 5.300  495.0 -90  27  39   1.563   0.0   0.0
 5.300  497.5 -90  27  42   1.563   0.0   0.0
 5.300  500.0 -90  27  48  -1.563   0.0   0.0
 5.300  502.5 -90  27  39  -1.563  90.0  30.0
 5.300  505.0 -90  27  42  -1.563   0.0   0.0
 5.300  507.5 -90  27  45  -1.563   0.0   0.0
 5.300  512.5 -90  27  39  -1.563   0.0   0.0
 5.300  690.0 -90  27  36  -1.563  90.0  30.0
 5.300  725.0 -90  27  36   1.563 210.0  30.0
 5.300  732.5 -90  27  36   1.563   0.0   0.0
 5.300  735.0 -90  27  36   1.563   0.0   0.0
 5.300  747.5 -90  27  36   1.563 210.0  30.0
 5.300  750.0 -90  27  36  -1.563   0.0   0.0
 5.300  755.0 -90  27  36  -1.563   0.0   0.0
 5.325  240.0  90  15  24   1.563  90.0  30.0
 5.325  242.5  90  15  36   1.563   0.0   0.0
 5.325  245.0  90  15  51   1.563   0.0   0.0
 5.325  247.5  90  15  45   1.563   0.0   0.0
 5.325  492.5  90  15  27   1.563   0.0   0.0
 5.325  495.0  90  15  33   1.563   0.0   0.0
 5.325  500.0  90  15  24   1.563   0.0   0.0
 5.325  507.5  90  15  27  -1.563   0.0   0.0
 5.325  510.0  90  15  36  -1.563   0.0   0.0
 5.325  512.5  90  15  30  -1.563  90.0  30.0
 5.325  515.0  90  15  30  -1.563   0.0   0.0
 5.325  517.5  90  15  33  -1.563   0.0   0.0
 5.325  520.0  90  15  33  -1.563  90.0  30.0
 5.325  525.0  90  15  24  -1.563  90.0  30.0
 5.325  690.0  90  15  24  -1.563  90.0  30.0
 5.325  692.5  90  15  24  -1.563  90.0  30.0
 5.325  742.5  90  15  27   1.563   0.0   0.0
 5.325  745.0  90  15  27   1.563   0.0   0.0
 5.325  755.0  90  15  24  -1.563   0.0   0.0
 5.325  757.5  90  15  24  -1.563   0.0   0.0
 5.325  770.0  90  15  24  -1.563  30.0  30.0
 5.325  772.5  90  15  24  -1.563  90.0  30.0
 5.325  785.0  90  15  24  -1.563   0.0   0.0
 5.325  237.5 -90  15  42   1.563   0.0   0.0
 5.325  240.0 -90  15  54   1.563   0.0   0.0
 5.325  242.5 -90  15  39   1.563   0.0   0.0
 5.325  482.5 -90  15  27   1.563 210.0  30.0
 5.325  487.5 -90  15  27   1.563   0.0   0.0
 5.325  492.5 -90  15  30   1.563   0.0   0.0
 5.325  495.0 -90  15  30   1.563   0.0   0.0
 5.325  497.5 -90  15  24  -1.563  90.0  30.0
 5.325  500.0 -90  15  42  -1.563   0.0   0.0
 5.325  502.5 -90  15  42  -1.563   0.0   0.0
 5.325  505.0 -90  15  33  -1.563   0.0   0.0
 5.325  507.5 -90  15  27  -1.563  30.0  30.0
 5.325  512.5 -90  15  27  -1.563  90.0  30.0
 5.325  727.5 -90  15  24   1.563   0.0   0.0
 5.325  765.0 -90  15  24  -1.563   0.0   0.0
 5.350  237.5  90  15  24   1.563   0.0   0.0
 5.350  240.0  90  15  27   1.563 270.0  30.0
 5.350  242.5  90  15  27  -1.563   0.0   0.0
 5.350  245.0  90  15  51   1.563   0.0   0.0
 5.350  247.5  90  15  45   1.563   0.0   0.0
 5.350  495.0  90  15  33   1.563   0.0   0.0
 5.350  497.5  90  15  30   1.563   0.0   0.0
 5.350  500.0  90  15  33   1.563   0.0   0.0
 5.350  502.5  90  15  27   1.563   0.0   0.0
 5.350  510.0  90  15  33  -1.563   0.0   0.0
 5.350  512.5  90  15  27   1.563   0.0   0.0
 5.350  515.0  90  15  27  -1.563   0.0   0.0
 5.350  517.5  90  15  27  -1.563 330.0  30.0
 5.350  520.0  90  15  33  -1.563  90.0  30.0
 5.350  522.5  90  15  24  -1.563   0.0   0.0
 5.350  527.5  90  15  24  -1.563  90.0  30.0
 5.350  557.5  90  15  24  -1.563  90.0  30.0
 5.350  690.0  90  15  24  10.938  90.0  30.0
 5.350  770.0  90  15  27  -1.563   0.0   0.0
 5.350  772.5  90  15  24  -1.563   0.0   0.0
 5.350 1242.5  90  15  24  -1.563   0.0   0.0
 5.350  232.5 -90  18  27   1.563   0.0   0.0
 5.350  237.5 -90  18  36   1.563   0.0   0.0
 5.350  240.0 -90  18  54   1.563   0.0   0.0
 5.350  242.5 -90  18  42   1.563   0.0   0.0
 5.350  247.5 -90  18  27   1.563   0.0   0.0
 5.350  487.5 -90  18  33   1.563   0.0   0.0
 5.350  490.0 -90  18  27   1.563   0.0   0.0
 5.350  492.5 -90  18  27   1.563   0.0   0.0
 5.350  497.5 -90  18  36  -1.563   0.0   0.0
 5.350  500.0 -90  18  36  -1.563   0.0   0.0
 5.350  502.5 -90  18  36  -1.563   0.0   0.0
 5.350  745.0 -90  18  27   1.563 210.0  30.0
 5.375  240.0  90  15  27  -1.563 270.0  30.0
 5.375  242.5  90  15  27   1.563   0.0   0.0
 5.375  245.0  90  15  51   1.563   0.0   0.0
 5.375  247.5  90  15  48   1.563   0.0   0.0
 5.375  495.0  90  15  33   1.563   0.0   0.0
 5.375  497.5  90  15  27   1.563   0.0   0.0
 5.375  500.0  90  15  30   1.563   0.0   0.0
 5.375  502.5  90  15  24  -1.563   0.0   0.0
 5.375  505.0  90  15  30   1.563   0.0   0.0
 5.375  507.5  90  15  33   1.563   0.0   0.0
 5.375  512.5  90  15  39  -1.563   0.0   0.0
 5.375  515.0  90  15  42  -1.563   0.0   0.0
 5.375  517.5  90  15  36  -1.563   0.0   0.0
 5.375  520.0  90  15  33  -1.563  90.0  30.0
 5.375  522.5  90  15  33  -1.563  30.0  30.0
 5.375  525.0  90  15  30  -1.563   0.0   0.0
 5.375  527.5  90  15  24  -1.563   0.0   0.0
 5.375  557.5  90  15  27   1.563  90.0  30.0
 5.375  687.5  90  15  24   1.563  90.0  30.0
 5.375  745.0  90  15  27   1.563   0.0   0.0
 5.375  747.5  90  15  27   1.563   0.0   0.0
 5.375  750.0  90  15  24   1.563   0.0   0.0
 5.375  762.5  90  15  30  -1.563   0.0   0.0
 5.375  765.0  90  15  27  -1.563   0.0   0.0
 5.375  767.5  90  15  24  -1.563   0.0   0.0
 5.375 1245.0  90  15  24  -1.563   0.0   0.0
 5.375  237.5 -90  18  36   1.563   0.0   0.0
 5.375  240.0 -90  18  54   1.563   0.0   0.0
 5.375  242.5 -90  18  45   1.563   0.0   0.0
 5.375  485.0 -90  18  27   1.563   0.0   0.0
 5.375  487.5 -90  18  36   1.563   0.0   0.0
 5.375  490.0 -90  18  33   1.563   0.0   0.0
 5.375  492.5 -90  18  27   1.563   0.0   0.0
 5.375  495.0 -90  18  33   1.563   0.0   0.0
 5.375  500.0 -90  18  39  -1.563   0.0   0.0
 5.375  502.5 -90  18  42  -1.563   0.0   0.0
 5.375  505.0 -90  18  36  -1.563   0.0   0.0
 5.375  507.5 -90  18  30  -1.563  90.0  30.0
 5.375  510.0 -90  18  30  -1.563   0.0   0.0
 5.375  512.5 -90  18  30  -1.563  90.0  30.0
 5.375  527.5 -90  18  27  -1.563  90.0  30.0
 5.375  742.5 -90  18  27   1.563   0.0   0.0
 5.375  747.5 -90  18  27  -1.563   0.0   0.0
 5.375  750.0 -90  18  27  -1.563   0.0   0.0
 5.375  752.5 -90  18  27  -1.563   0.0   0.0
 5.400  240.0  90  15  27   1.563  90.0  30.0
 5.400  242.5  90  15  24   1.563 150.0  30.0
 5.400  245.0  90  15  48   1.563   0.0   0.0
 5.400  247.5  90  15  48   1.563   0.0   0.0
 5.400  495.0  90  15  30   1.563   0.0   0.0
 5.400  497.5  90  15  30   1.563   0.0   0.0
 5.400  500.0  90  15  30   1.563   0.0   0.0
 5.400  502.5  90  15  27   1.563   0.0   0.0
 5.400  505.0  90  15  27   1.563   0.0   0.0
 5.400  507.5  90  15  30   1.563   0.0   0.0
 5.400  510.0  90  15  33   1.563   0.0   0.0
 5.400  512.5  90  15  39  -1.563   0.0   0.0
 5.400  515.0  90  15  33  -1.563  90.0  30.0
 5.400  517.5  90  15  39  -1.563   0.0   0.0
 5.400  520.0  90  15  36  -1.563   0.0   0.0
 5.400  522.5  90  15  30  -1.563   0.0   0.0
 5.400  525.0  90  15  27  -1.563   0.0   0.0
 5.400  527.5  90  15  27  -1.563  30.0  30.0
 5.400  532.5  90  15  24  -1.563  90.0  30.0
 5.400  542.5  90  15  24  -1.563  90.0  30.0
 5.400  557.5  90  15  24   1.563  90.0  30.0
 5.400  747.5  90  15  30   1.563   0.0   0.0
 5.400  760.0  90  15  24  -1.563   0.0   0.0
 5.400  762.5  90  15  24  -1.563   0.0   0.0
 5.400  765.0  90  15  24   1.563   0.0   0.0
 5.400  772.5  90  15  24  -1.563  30.0  30.0
 5.400  782.5  90  15  24  -1.563  90.0  30.0
 5.400  785.0  90  15  24  -1.563   0.0   0.0
 5.400  787.5  90  15  24  -1.563 150.0  30.0
 5.400  237.5 -90  18  33   1.563   0.0   0.0
 5.400  240.0 -90  18  54   1.563   0.0   0.0
 5.400  242.5 -90  18  48   1.563   0.0   0.0
 5.400  485.0 -90  18  36   1.563   0.0   0.0
 5.400  487.5 -90  18  33   1.563   0.0   0.0
 5.400  492.5 -90  18  27   1.563   0.0   0.0
 5.400  495.0 -90  18  33   1.563   0.0   0.0
 5.400  497.5 -90  18  36   1.563   0.0   0.0
 5.400  500.0 -90  18  42  -1.563   0.0   0.0
 5.400  502.5 -90  18  36  -1.563   0.0   0.0
 5.400  505.0 -90  18  39  -1.563   0.0   0.0
 5.400  507.5 -90  18  33  -1.563   0.0   0.0
 5.400  510.0 -90  18  33  -1.563   0.0   0.0
 5.400  512.5 -90  18  30  -1.563   0.0   0.0
 5.400  515.0 -90  18  27  -1.563  90.0  30.0
 5.400  730.0 -90  18  30   1.563 210.0  30.0
 5.400  742.5 -90  18  27  -1.563   0.0   0.0
 5.400  745.0 -90  18  27  -1.563   0.0   0.0
 5.425  240.0  90  18  27   1.563 270.0  30.0
 5.425  245.0  90  18  42   1.563   0.0   0.0
 5.425  247.5  90  18  42   1.563   0.0   0.0
 5.425  495.0  90  18  27   1.563   0.0   0.0
 5.425  497.5  90  18  33   1.563   0.0   0.0
 5.425  500.0  90  18  27   1.563   0.0   0.0
 5.425  502.5  90  18  27   1.563   0.0   0.0
 5.425  510.0  90  18  36   1.563   0.0   0.0
 5.425  512.5  90  18  27   1.563   0.0   0.0
 5.425  515.0  90  18  27  -1.563   0.0   0.0
 5.425  517.5  90  18  36  -1.563   0.0   0.0
 5.425  520.0  90  18  30  -1.563   0.0   0.0
 5.425  522.5  90  18  27  -1.563   0.0   0.0
 5.425  525.0  90  18  27  -1.563   0.0   0.0
 5.425  527.5  90  18  30  -1.563  90.0  30.0
 5.425  557.5  90  18  27  -1.563  90.0  30.0
 5.425  747.5  90  18  27   1.563 150.0  30.0
 5.425  762.5  90  18  27  -1.563   0.0   0.0
 5.425 1247.5  90  18  27  -1.563   0.0   0.0
 5.425  235.0 -90  18  27   1.563   0.0   0.0
 5.425  237.5 -90  18  30   1.563   0.0   0.0
 5.425  240.0 -90  18  51   1.563   0.0   0.0
 5.425  242.5 -90  18  48   1.563   0.0   0.0
 5.425  247.5 -90  18  27   1.563   0.0   0.0
 5.425  485.0 -90  18  39   1.563   0.0   0.0
 5.425  487.5 -90  18  36  -1.563   0.0   0.0
 5.425  495.0 -90  18  30  -1.563   0.0   0.0
 5.425  497.5 -90  18  39   1.563   0.0   0.0
 5.425  500.0 -90  18  30  -1.563   0.0   0.0
 5.425  502.5 -90  18  39  -1.563   0.0   0.0
 5.425  505.0 -90  18  36  -1.563   0.0   0.0
 5.425  507.5 -90  18  36  -1.563   0.0   0.0
 5.425  530.0 -90  18  27  -1.563 150.0  30.0
 5.425  747.5 -90  18  27  -1.563   0.0   0.0
 5.450  240.0  90  18  27   1.563  90.0  30.0
 5.450  245.0  90  18  33   1.563   0.0   0.0
 5.450  247.5  90  18  33  -1.563   0.0   0.0
 5.450  497.5  90  18  33   1.563   0.0   0.0
 5.450  500.0  90  18  27   1.563   0.0   0.0
 5.450  507.5  90  18  27  -1.563   0.0   0.0
 5.450  510.0  90  18  33   1.563   0.0   0.0
 5.450  512.5  90  18  33  -1.563   0.0   0.0
 5.450  515.0  90  18  33  -1.563   0.0   0.0
 5.450  517.5  90  18  30  -1.563   0.0   0.0
 5.450  520.0  90  18  33  -1.563  90.0  30.0
 5.450  522.5  90  18  33  -1.563  90.0  30.0
 5.450  525.0  90  18  27  -1.563  90.0  30.0
 5.450  527.5  90  18  30  -1.563  90.0  30.0
 5.450  535.0  90  18  27  -1.563  90.0  30.0
 5.450  557.5  90  18  27  -1.563  90.0  30.0
 5.450  770.0  90  18  27  -1.563   0.0   0.0
 5.450 1250.0  90  18  30   1.563 210.0  30.0
 5.450  227.5 -90  15  24  -1.563   0.0   0.0
 5.450  232.5 -90  15  24  -1.563   0.0   0.0
 5.450  235.0 -90  15  24  -1.563   0.0   0.0
 5.450  240.0 -90  15  51   1.563   0.0   0.0
 5.450  242.5 -90  15  51   1.563   0.0   0.0
 5.450  255.0 -90  15  24  -1.563   0.0   0.0
 5.450  485.0 -90  15  36   1.563   0.0   0.0
 5.450  487.5 -90  15  36   1.563   0.0   0.0
 5.450  492.5 -90  15  24   1.563   0.0   0.0
 5.450  495.0 -90  15  27   1.563   0.0   0.0
 5.450  497.5 -90  15  36   1.563   0.0   0.0
 5.450  500.0 -90  15  36   1.563   0.0   0.0
 5.450  505.0 -90  15  24  -1.563   0.0   0.0
 5.450  507.5 -90  15  24  -1.563   0.0   0.0
 5.450  510.0 -90  15  27   1.563  90.0  30.0
 5.450  512.5 -90  15  30  -1.563   0.0   0.0
 5.450  515.0 -90  15  24  -1.563   0.0   0.0
 5.450  560.0 -90  15  24  -1.563  90.0  30.0
 5.450  690.0 -90  15  24  -1.563  90.0  30.0
 5.450  692.5 -90  15  24  -1.563  90.0  30.0
 5.450  730.0 -90  15  24   1.563   0.0   0.0
 5.450  732.5 -90  15  24   1.563   0.0   0.0
 5.450  737.5 -90  15  24   1.563   0.0   0.0
 5.450  740.0 -90  15  24   1.563   0.0   0.0
 5.450  742.5 -90  15  24  -1.563   0.0   0.0
 5.450  747.5 -90  15  27  -1.563   0.0   0.0
 5.450  752.5 -90  15  24  -1.563   0.0   0.0
 5.475  245.0  90   6  15   1.563   0.0   0.0
 5.475  247.5  90   6  15   1.563   0.0   0.0
 5.475  497.5  90   6  18   1.563   0.0   0.0
 5.475  512.5  90   6  18  -1.563  30.0  30.0
 5.475  515.0  90   6  27  -1.563   0.0   0.0
 5.475  517.5  90   6  15  -1.563   0.0   0.0
 5.475  520.0  90   6  15  -1.563  90.0  30.0
 5.475  522.5  90   6  21  -1.563   0.0   0.0
 5.475  525.0  90   6  15  -1.563  90.0  30.0
 5.475  527.5  90   6  15  -1.563  30.0  30.0
 5.475 1250.0  90   6  15  -1.563 210.0  30.0
 5.475 1252.5  90   6  15  -1.563   0.0   0.0
 5.475  240.0 -90   6  36   1.563   0.0   0.0
 5.475  242.5 -90   6  39   1.563   0.0   0.0
 5.475  485.0 -90   6  15   1.563   0.0   0.0
 5.475  487.5 -90   6  18   1.563   0.0   0.0
 5.475  490.0 -90   6  21   1.563   0.0   0.0
 5.475  492.5 -90   6  15   1.563   0.0   0.0
 5.475  497.5 -90   6  21   1.563   0.0   0.0
 5.475  500.0 -90   6  15   1.563   0.0   0.0
 5.475  502.5 -90   6  18  -1.563   0.0   0.0
 5.475  505.0 -90   6  21  -1.563   0.0   0.0
 5.475  507.5 -90   6  21  -1.563   0.0   0.0
 5.475  510.0 -90   6  15  -1.563  90.0  30.0
 5.475  512.5 -90   6  15  -1.563   0.0   0.0
 5.475  517.5 -90   6  15  -1.563   0.0   0.0
 5.475  732.5 -90   6  15   1.563 210.0  30.0
 5.475  747.5 -90   6  18  -1.563   0.0   0.0
 5.475  750.0 -90   6  15  -1.563   0.0   0.0
 5.500  242.5  90   6  15   1.563  30.0  30.0
 5.500  247.5  90   6  21   1.563   0.0   0.0
 5.500  500.0  90   6  18   1.563   0.0   0.0
 5.500  502.5  90   6  18   1.563   0.0   0.0
 5.500  505.0  90   6  18   1.563   0.0   0.0
 5.500  510.0  90   6  18   1.563   0.0   0.0
 5.500  512.5  90   6  24  -1.563   0.0   0.0
 5.500  515.0  90   6  24  -1.563   0.0   0.0
 5.500  517.5  90   6  24  -1.563   0.0   0.0
 5.500  520.0  90   6  24  -1.563   0.0   0.0
 5.500  522.5  90   6  15  -1.563  30.0  30.0
 5.500  525.0  90   6  15  -1.563  90.0  30.0
 5.500  527.5  90   6  18  -1.563   0.0   0.0
 5.500  537.5  90   6  15  -1.563 150.0  30.0
 5.500  772.5  90   6  15  -1.563   0.0   0.0
 5.500 1252.5  90   6  18   1.563   0.0   0.0
 5.500 1255.0  90   6  15  -1.563   0.0   0.0
 5.500  240.0 -90   6  36   1.563   0.0   0.0
 5.500  242.5 -90   6  39   1.563   0.0   0.0
 5.500  245.0 -90   6  15   1.563   0.0   0.0
 5.500  487.5 -90   6  21   1.563   0.0   0.0
 5.500  490.0 -90   6  21   1.563   0.0   0.0
 5.500  497.5 -90   6  18   1.563   0.0   0.0
 5.500  500.0 -90   6  24  -1.563   0.0   0.0
 5.500  502.5 -90   6  21  -1.563   0.0   0.0
 5.500  505.0 -90   6  18  -1.563   0.0   0.0
 5.500  507.5 -90   6  24  -1.563   0.0   0.0
 5.500  510.0 -90   6  15  -1.563  90.0  30.0
 5.500  512.5 -90   6  18  -1.563   0.0   0.0
 5.500  515.0 -90   6  15  -1.563   0.0   0.0
 5.500  517.5 -90   6  15  -1.563  30.0  30.0
 5.500  745.0 -90   6  15   1.563   0.0   0.0
 5.525  242.5  90  24  36   1.563  90.0  30.0
 5.525  247.5  90  24  42   1.563   0.0   0.0
 5.525  250.0  90  24  42   1.563   0.0   0.0
 5.525  497.5  90  24  33   1.563 150.0  30.0
 5.525  500.0  90  24  45   1.563   0.0   0.0
 5.525  502.5  90  24  36  -1.563   0.0   0.0
 5.525  505.0  90  24  33   1.563 210.0  30.0
 5.525  507.5  90  24  33   1.563 150.0  30.0
 5.525  510.0  90  24  39   1.563   0.0   0.0
 5.525  512.5  90  24  36   1.563   0.0   0.0
 5.525  515.0  90  24  42  -1.563   0.0   0.0
 5.525  517.5  90  24  48  -1.563   0.0   0.0
 5.525  520.0  90  24  45  -1.563  90.0  30.0
 5.525  522.5  90  24  45  -1.563  30.0  30.0
 5.525  525.0  90  24  39  -1.563  30.0  30.0
 5.525  527.5  90  24  42  -1.563  90.0  30.0
 5.525  530.0  90  24  39  -1.563  90.0  30.0
 5.525  532.5  90  24  39  -1.563  30.0  30.0
 5.525  535.0  90  24  36  -1.563  90.0  30.0
 5.525  537.5  90  24  36  -1.563 150.0  30.0
 5.525  542.5  90  24  33  -1.563  90.0  30.0
 5.525  547.5  90  24  36  -1.563  90.0  30.0
 5.525  550.0  90  24  33  -1.563  90.0  30.0
 5.525  557.5  90  24  36  -1.563  90.0  30.0
 5.525  690.0  90  24  33  -1.563  90.0  30.0
 5.525  750.0  90  24  33  -1.563   0.0   0.0
 5.525  752.5  90  24  39   1.563   0.0   0.0
 5.525  755.0  90  24  33   1.563   0.0   0.0
 5.525  762.5  90  24  33  -1.563 270.0  30.0
 5.525  765.0  90  24  33   1.563   0.0   0.0
 5.525  770.0  90  24  33  -1.563   0.0   0.0
 5.525  772.5  90  24  33  -1.563   0.0   0.0
 5.525  790.0  90  24  33  -1.563   0.0   0.0
 5.525 1252.5  90  24  36  -1.563   0.0   0.0
 5.525 1255.0  90  24  42  -1.563   0.0   0.0
 5.525  240.0 -90  27  57   1.563   0.0   0.0
 5.525  242.5 -90  27  63   1.563   0.0   0.0
 5.525  245.0 -90  27  45   1.563   0.0   0.0
 5.525  485.0 -90  27  36   1.563   0.0   0.0
 5.525  487.5 -90  27  48   1.563   0.0   0.0
 5.525  490.0 -90  27  36   1.563   0.0   0.0
 5.525  495.0 -90  27  36   1.563   0.0   0.0
 5.525  500.0 -90  27  42  -1.563   0.0   0.0
 5.525  502.5 -90  27  45  -1.563   0.0   0.0
 5.525  505.0 -90  27  48  -1.563   0.0   0.0
 5.525  507.5 -90  27  51  -1.563   0.0   0.0
 5.525  510.0 -90  27  42  -1.563 150.0  30.0
 5.525  515.0 -90  27  39  -1.563  90.0  30.0
 5.525  517.5 -90  27  36  -1.563  90.0  30.0
 5.525  520.0 -90  27  36  -1.563  90.0  30.0
 5.525  747.5 -90  27  36   1.563   0.0   0.0
 5.525  750.0 -90  27  36   1.563   0.0   0.0
 5.525  752.5 -90  27  39   1.563   0.0   0.0
 5.525  757.5 -90  27  36  -1.563  30.0  30.0
 5.525  767.5 -90  27  36  -1.563   0.0   0.0
 5.550  242.5  90  27  39   1.563  90.0  30.0
 5.550  247.5  90  27  48   1.563   0.0   0.0
 5.550  250.0  90  27  48   1.563   0.0   0.0
 5.550  500.0  90  27  45   1.563   0.0   0.0
 5.550  502.5  90  27  42   1.563   0.0   0.0
 5.550  505.0  90  27  42   1.563   0.0   0.0
 5.550  510.0  90  27  36  -1.563   0.0   0.0
 5.550  512.5  90  27  36   1.563   0.0   0.0
 5.550  515.0  90  27  45  -1.563  90.0  30.0
 5.550  517.5  90  27  48  -1.563   0.0   0.0
 5.550  520.0  90  27  39  -1.563   0.0   0.0
 5.550  522.5  90  27  42  -1.563   0.0   0.0
 5.550  525.0  90  27  36  -1.563  30.0  30.0
 5.550  527.5  90  27  39  -1.563  30.0  30.0
 5.550  530.0  90  27  42  -1.563   0.0   0.0
 5.550  532.5  90  27  45  -1.563   0.0   0.0
 5.550  535.0  90  27  36  -1.563  90.0  30.0
 5.550  537.5  90  27  39  -1.563  90.0  30.0
 5.550  557.5  90  27  36  10.938  90.0  30.0
 5.550  690.0  90  27  36  -1.563  90.0  30.0
 5.550  752.5  90  27  42   1.563   0.0   0.0
 5.550  760.0  90  27  36  -1.563   0.0   0.0
 5.550  765.0  90  27  39   1.563   0.0   0.0
 5.550  767.5  90  27  39   1.563   0.0   0.0
 5.550 1255.0  90  27  39  -1.563   0.0   0.0
 5.550 1257.5  90  27  42  -1.563   0.0   0.0
 5.550  240.0 -90  30  57   1.563   0.0   0.0
 5.550  242.5 -90  30  66   1.563   0.0   0.0
 5.550  245.0 -90  30  48   1.563   0.0   0.0
 5.550  487.5 -90  30  51   1.563   0.0   0.0
 5.550  490.0 -90  30  42  -1.563   0.0   0.0
 5.550  492.5 -90  30  39   1.563   0.0   0.0
 5.550  495.0 -90  30  39   1.563   0.0   0.0
 5.550  497.5 -90  30  42   1.563   0.0   0.0
 5.550  500.0 -90  30  51  -1.563   0.0   0.0
 5.550  502.5 -90  30  54  -1.563   0.0   0.0
 5.550  505.0 -90  30  45   1.563   0.0   0.0
 5.550  507.5 -90  30  51  -1.563   0.0   0.0
 5.550  510.0 -90  30  48  -1.563   0.0   0.0
 5.550  512.5 -90  30  39  -1.563  90.0  30.0
 5.550  515.0 -90  30  42  -1.563  90.0  30.0
 5.550  520.0 -90  30  39   1.563   0.0   0.0
 5.550  735.0 -90  30  39   1.563   0.0   0.0
 5.550  745.0 -90  30  39   1.563   0.0   0.0
 5.550  747.5 -90  30  39   1.563   0.0   0.0
 5.575  242.5  90  15  27   1.563  90.0  30.0
 5.575  247.5  90  15  39   1.563   0.0   0.0
 5.575  250.0  90  15  39   1.563   0.0   0.0
 5.575  500.0  90  15  30   1.563   0.0   0.0
 5.575  502.5  90  15  24   1.563   0.0   0.0
 5.575  505.0  90  15  27  -1.563   0.0   0.0
 5.575  507.5  90  15  27  -1.563   0.0   0.0
 5.575  510.0  90  15  30   1.563   0.0   0.0
 5.575  512.5  90  15  30   1.563   0.0   0.0
 5.575  515.0  90  15  30   1.563  90.0  30.0
 5.575  517.5  90  15  39  -1.563   0.0   0.0
 5.575  520.0  90  15  36  -1.563   0.0   0.0
 5.575  522.5  90  15  24  -1.563  30.0  30.0
 5.575  525.0  90  15  33  -1.563  30.0  30.0
 5.575  530.0  90  15  30  -1.563   0.0   0.0
 5.575  532.5  90  15  33  -1.563   0.0   0.0
 5.575  540.0  90  15  27  -1.563  90.0  30.0
 5.575  557.5  90  15  24  -1.563 270.0  30.0
 5.575  752.5  90  15  24   1.563   0.0   0.0
 5.575  755.0  90  15  30   1.563   0.0   0.0
 5.575  760.0  90  15  24   1.563   0.0   0.0
 5.575  762.5  90  15  24   1.563   0.0   0.0
 5.575  765.0  90  15  24   1.563   0.0   0.0
 5.575  767.5  90  15  24   1.563   0.0   0.0
 5.575  775.0  90  15  24  -1.563   0.0   0.0
 5.575  782.5  90  15  27  -1.563  90.0  30.0
 5.575 1255.0  90  15  24   1.563   0.0   0.0
 5.575 1257.5  90  15  30  -1.563   0.0   0.0
 5.575 1260.0  90  15  27  -1.563   0.0   0.0
 5.575  237.5 -90  15  24   1.563   0.0   0.0
 5.575  240.0 -90  15  39   1.563   0.0   0.0
 5.575  242.5 -90  15  54   1.563   0.0   0.0
 5.575  245.0 -90  15  39   1.563   0.0   0.0
 5.575  247.5 -90  15  24   1.563   0.0   0.0
 5.575  487.5 -90  15  39   1.563   0.0   0.0
 5.575  490.0 -90  15  36   1.563   0.0   0.0
 5.575  492.5 -90  15  27   1.563   0.0   0.0
 5.575  495.0 -90  15  27   1.563   0.0   0.0
 5.575  497.5 -90  15  27   1.563   0.0   0.0
 5.575  500.0 -90  15  39  -1.563   0.0   0.0
 5.575  502.5 -90  15  39  -1.563   0.0   0.0
 5.575  505.0 -90  15  36  -1.563   0.0   0.0
 5.575  507.5 -90  15  39  -1.563   0.0   0.0
 5.575  510.0 -90  15  33  -1.563   0.0   0.0
 5.575  512.5 -90  15  33  -1.563   0.0   0.0
 5.575  515.0 -90  15  27  -1.563   0.0   0.0
 5.575  517.5 -90  15  24  -1.563 330.0  30.0
 5.575  522.5 -90  15  27  -1.563 150.0  30.0
 5.575  525.0 -90  15  27  -1.563   0.0   0.0
 5.575  527.5 -90  15  24  -1.563   0.0   0.0
 5.575  530.0 -90  15  24  -1.563 150.0  30.0
 5.575  560.0 -90  15  24   1.563 270.0  30.0
 5.575  735.0 -90  15  27  -1.563   0.0   0.0
 5.575  740.0 -90  15  24   1.563   0.0   0.0
 5.575  745.0 -90  15  27   1.563   0.0   0.0
 5.575  755.0 -90  15  24  -1.563   0.0   0.0
 5.575  757.5 -90  15  24  -1.563  30.0  30.0
 5.575  760.0 -90  15  27  -1.563   0.0   0.0
 5.575  762.5 -90  15  27  -1.563   0.0   0.0
 5.575  765.0 -90  15  27  -1.563   0.0   0.0
 5.575  767.5 -90  15  24  -1.563   0.0   0.0
 5.600  242.5  90  15  24   1.563  90.0  30.0
 5.600  247.5  90  15  39   1.563   0.0   0.0
 5.600  250.0  90  15  42   1.563   0.0   0.0
 5.600  500.0  90  15  33   1.563   0.0   0.0
 5.600  502.5  90  15  39   1.563   0.0   0.0
 5.600  505.0  90  15  33   1.563   0.0   0.0
 5.600  507.5  90  15  30   1.563   0.0   0.0
 5.600  510.0  90  15  27   1.563   0.0   0.0
 5.600  512.5  90  15  30   1.563   0.0   0.0
 5.600  517.5  90  15  33  -1.563   0.0   0.0
 5.600  520.0  90  15  36  -1.563   0.0   0.0
 5.600  522.5  90  15  33  -1.563   0.0   0.0
 5.600  525.0  90  15  30  -1.563   0.0   0.0
 5.600  527.5  90  15  24  -1.563  30.0  30.0
 5.600  530.0  90  15  33  -1.563  90.0  30.0
 5.600  532.5  90  15  27  -1.563  90.0  30.0
 5.600  535.0  90  15  30  -1.563  90.0  30.0
 5.600  547.5  90  15  24  -1.563  90.0  30.0
 5.600  550.0  90  15  24   1.563  90.0  30.0
 5.600  557.5  90  15  24   1.563   0.0   0.0
 5.600  690.0  90  15  24  -1.563  90.0  30.0
 5.600  755.0  90  15  27   1.563   0.0   0.0
 5.600  772.5  90  15  24  -1.563   0.0   0.0
 5.600  777.5  90  15  24  -1.563   0.0   0.0
 5.600  782.5  90  15  24  -1.563   0.0   0.0
 5.600 1260.0  90  15  30   1.563   0.0   0.0
 5.600  240.0 -90  15  36   1.563   0.0   0.0
 5.600  242.5 -90  15  51   1.563   0.0   0.0
 5.600  245.0 -90  15  42   1.563   0.0   0.0
 5.600  487.5 -90  15  33   1.563   0.0   0.0
 5.600  490.0 -90  15  36   1.563   0.0   0.0
 5.600  492.5 -90  15  30   1.563   0.0   0.0
 5.600  495.0 -90  15  27   1.563   0.0   0.0
 5.600  497.5 -90  15  33   1.563   0.0   0.0
 5.600  500.0 -90  15  39   1.563   0.0   0.0
 5.600  502.5 -90  15  39   1.563   0.0   0.0
 5.600  505.0 -90  15  39  -1.563   0.0   0.0
 5.600  507.5 -90  15  33  -1.563   0.0   0.0
 5.600  510.0 -90  15  36  -1.563   0.0   0.0
 5.600  512.5 -90  15  33  -1.563   0.0   0.0
 5.600  515.0 -90  15  24  -1.563   0.0   0.0
 5.600  520.0 -90  15  27  -1.563  90.0  30.0
 5.600  557.5 -90  15  24  -1.563  90.0  30.0
 5.600  735.0 -90  15  27   1.563   0.0   0.0
 5.600  737.5 -90  15  30   1.563   0.0   0.0
 5.600  742.5 -90  15  24  -1.563   0.0   0.0
 5.600  747.5 -90  15  27  -1.563   0.0   0.0
 5.600  750.0 -90  15  24   1.563   0.0   0.0
 5.600  755.0 -90  15  24  -1.563   0.0   0.0
 5.625  242.5  90  39  48   1.563 330.0  30.0
 5.625  247.5  90  39  60  -1.563   0.0   0.0
 5.625  250.0  90  39  63   1.563   0.0   0.0
 5.625  500.0  90  39  51   1.563   0.0   0.0
 5.625  502.5  90  39  66   1.563   0.0   0.0
 5.625  505.0  90  39  60   1.563   0.0   0.0
 5.625  507.5  90  39  51   1.563   0.0   0.0
 5.625  510.0  90  39  51   1.563   0.0   0.0
 5.625  512.5  90  39  57   1.563   0.0   0.0
 5.625  515.0  90  39  57   1.563   0.0   0.0
 5.625  517.5  90  39  48  -1.563 330.0  30.0
 5.625  520.0  90  39  54  -1.563  30.0  30.0
 5.625  522.5  90  39  51  -1.563   0.0   0.0
 5.625  525.0  90  39  57  -1.563  90.0  30.0
 5.625  527.5  90  39  54  -1.563  90.0  30.0
 5.625  530.0  90  39  51  -1.563  90.0  30.0
 5.625  535.0  90  39  51  -1.563  90.0  30.0
 5.625  545.0  90  39  48  -1.563  90.0  30.0
 5.625  557.5  90  39  48  -1.563 270.0  30.0
 5.625  690.0  90  39  48  10.938  90.0  30.0
 5.625  772.5  90  39  51  -1.563   0.0   0.0
 5.625  775.0  90  39  48   1.563   0.0   0.0
 5.625  782.5  90  39  48  -1.563  90.0  30.0
 5.625  785.0  90  39  48  -1.563  90.0  30.0
 5.625  790.0  90  39  48  -1.563  30.0  30.0
 5.625 1020.0  90  39  48   1.563 270.0  30.0
 5.625 1260.0  90  39  48  -1.563   0.0   0.0
 5.625 1262.5  90  39  51  -1.563   0.0   0.0
 5.625  237.5 -90  39  48   1.563   0.0   0.0
 5.625  240.0 -90  39  54  -1.563   0.0   0.0
 5.625  242.5 -90  39  75   1.563   0.0   0.0
 5.625  245.0 -90  39  69   1.563   0.0   0.0
 5.625  247.5 -90  39  48  -1.563   0.0   0.0
 5.625  250.0 -90  39  48  -1.563   0.0   0.0
 5.625  487.5 -90  39  51   1.563   0.0   0.0
 5.625  490.0 -90  39  63   1.563   0.0   0.0
 5.625  492.5 -90  39  54   1.563   0.0   0.0
 5.625  497.5 -90  39  54   1.563   0.0   0.0
 5.625  500.0 -90  39  60   1.563   0.0   0.0
 5.625  502.5 -90  39  63  -1.563   0.0   0.0
 5.625  505.0 -90  39  66  -1.563   0.0   0.0
 5.625  507.5 -90  39  63  -1.563   0.0   0.0
 5.625  510.0 -90  39  57  -1.563   0.0   0.0
 5.625  512.5 -90  39  51  -1.563   0.0   0.0
 5.625  515.0 -90  39  51  -1.563   0.0   0.0
 5.625  517.5 -90  39  54  -1.563   0.0   0.0
 5.625  520.0 -90  39  48  -1.563  90.0  30.0
 5.625  525.0 -90  39  51  -1.563   0.0   0.0
 5.625  527.5 -90  39  48  -1.563  90.0  30.0
 5.625  530.0 -90  39  48  -1.563   0.0   0.0
 5.625  735.0 -90  39  48   1.563   0.0   0.0
 5.625  737.5 -90  39  57   1.563   0.0   0.0
 5.625  740.0 -90  39  51   1.563   0.0   0.0
 5.625  747.5 -90  39  48   1.563   0.0   0.0
 5.625  750.0 -90  39  48  -1.563   0.0   0.0
 5.625  752.5 -90  39  48  -1.563   0.0   0.0
 5.625  770.0 -90  39  48  -1.563   0.0   0.0
 5.650  242.5  90  39  48   1.563  30.0  30.0
 5.650  247.5  90  39  57   1.563   0.0   0.0
 5.650  250.0  90  39  63   1.563   0.0   0.0
 5.650  252.5  90  39  48   1.563   0.0   0.0
 5.650  502.5  90  39  60   1.563   0.0   0.0
 5.650  505.0  90  39  60   1.563   0.0   0.0
 5.650  507.5  90  39  48   1.563   0.0   0.0
 5.650  510.0  90  39  51   1.563   0.0   0.0
 5.650  512.5  90  39  48   1.563   0.0   0.0
 5.650  515.0  90  39  54   1.563   0.0   0.0
 5.650  517.5  90  39  51  -1.563  90.0  30.0
 5.650  520.0  90  39  54  -1.563   0.0   0.0
 5.650  522.5  90  39  60  -1.563   0.0   0.0
 5.650  527.5  90  39  54  -1.563   0.0   0.0
 5.650  530.0  90  39  51  -1.563   0.0   0.0
 5.650  532.5  90  39  48  -1.563   0.0   0.0
 5.650  537.5  90  39  48  -1.563   0.0   0.0
 5.650  540.0  90  39  48  -1.563  90.0  30.0
 5.650  552.5  90  39  48  -1.563  90.0  30.0
 5.650  772.5  90  39  48  -1.563   0.0   0.0
 5.650 1262.5  90  39  51  -1.563   0.0   0.0
 5.650 1265.0  90  39  48  -1.563   0.0   0.0
 5.650  240.0 -90  39  51   1.563   0.0   0.0
 5.650  242.5 -90  39  75   1.563   0.0   0.0
 5.650  245.0 -90  39  69   1.563   0.0   0.0
 5.650  490.0 -90  39  63   1.563   0.0   0.0
 5.650  492.5 -90  39  57   1.563   0.0   0.0
 5.650  495.0 -90  39  54   1.563   0.0   0.0
 5.650  497.5 -90  39  54   1.563   0.0   0.0
 5.650  500.0 -90  39  54   1.563   0.0   0.0
 5.650  502.5 -90  39  57   1.563   0.0   0.0
 5.650  505.0 -90  39  54   1.563   0.0   0.0
 5.650  507.5 -90  39  60  -1.563   0.0   0.0
 5.650  510.0 -90  39  63  -1.563   0.0   0.0
 5.650  512.5 -90  39  51  -1.563   0.0   0.0
 5.650  515.0 -90  39  57  -1.563   0.0   0.0
 5.650  517.5 -90  39  54  -1.563   0.0   0.0
 5.650  525.0 -90  39  51  -1.563  30.0  30.0
 5.650  737.5 -90  39  54   1.563   0.0   0.0
 5.650  740.0 -90  39  48  -1.563   0.0   0.0
 5.650  745.0 -90  39  48  -1.563   0.0   0.0
 5.675  242.5  90  12  21  -1.563  90.0  30.0
 5.675  245.0  90  12  21   1.563 330.0  30.0
 5.675  247.5  90  12  33   1.563   0.0   0.0
 5.675  250.0  90  12  45   1.563   0.0   0.0
 5.675  252.5  90  12  33   1.563   0.0   0.0
 5.675  502.5  90  12  21   1.563   0.0   0.0
 5.675  505.0  90  12  33   1.563   0.0   0.0
 5.675  507.5  90  12  24  -1.563  90.0  30.0
 5.675  510.0  90  12  21   1.563   0.0   0.0
 5.675  512.5  90  12  24   1.563   0.0   0.0
 5.675  515.0  90  12  27   1.563   0.0   0.0
 5.675  517.5  90  12  27   1.563   0.0   0.0
 5.675  520.0  90  12  27  -1.563   0.0   0.0
 5.675  522.5  90  12  36  -1.563   0.0   0.0
 5.675  525.0  90  12  27  -1.563  30.0  30.0
 5.675  527.5  90  12  30  -1.563  90.0  30.0
 5.675  530.0  90  12  30  -1.563   0.0   0.0
 5.675  532.5  90  12  27  -1.563   0.0   0.0
 5.675  537.5  90  12  27  -1.563   0.0   0.0
 5.675  540.0  90  12  24  -1.563   0.0   0.0
 5.675  557.5  90  12  21  -1.563 270.0  30.0
 5.675  757.5  90  12  21   1.563   0.0   0.0
 5.675  762.5  90  12  24   1.563   0.0   0.0
 5.675  765.0  90  12  21   1.563   0.0   0.0
 5.675  767.5  90  12  24  -1.563   0.0   0.0
 5.675  772.5  90  12  21  -1.563   0.0   0.0
 5.675  775.0  90  12  27  -1.563   0.0   0.0
 5.675  777.5  90  12  24  -1.563   0.0   0.0
 5.675 1047.5  90  12  21  -1.563  90.0  30.0
 5.675 1265.0  90  12  27  -1.563   0.0   0.0
 5.675 1267.5  90  12  21   1.563 210.0  30.0
 5.675  242.5 -90  15  48   1.563   0.0   0.0
 5.675  245.0 -90  15  48   1.563   0.0   0.0
 5.675  247.5 -90  15  24   1.563   0.0   0.0
 5.675  490.0 -90  15  36   1.563   0.0   0.0
 5.675  492.5 -90  15  36   1.563   0.0   0.0
 5.675  495.0 -90  15  27   1.563   0.0   0.0
 5.675  497.5 -90  15  27   1.563   0.0   0.0
 5.675  500.0 -90  15  30   1.563   0.0   0.0
 5.675  502.5 -90  15  27   1.563   0.0   0.0
 5.675  505.0 -90  15  36  -1.563   0.0   0.0
 5.675  507.5 -90  15  42  -1.563   0.0   0.0
 5.675  510.0 -90  15  39  -1.563   0.0   0.0
 5.675  512.5 -90  15  30  -1.563  90.0  30.0
 5.675  520.0 -90  15  24  -1.563   0.0   0.0
 5.675  522.5 -90  15  24  -1.563   0.0   0.0
 5.675  755.0 -90  15  24   1.563   0.0   0.0
 5.675  757.5 -90  15  24   1.563   0.0   0.0
 5.675  760.0 -90  15  24   1.563   0.0   0.0
 5.675  767.5 -90  15  24  -1.563   0.0   0.0
 5.675  770.0 -90  15  27  -1.563   0.0   0.0
 5.675  772.5 -90  15  24  -1.563   0.0   0.0
 5.700  247.5  90  15  30   1.563   0.0   0.0
 5.700  250.0  90  15  48   1.563   0.0   0.0
 5.700  252.5  90  15  36   1.563   0.0   0.0
 5.700  505.0  90  15  30   1.563   0.0   0.0
 5.700  507.5  90  15  30   1.563   0.0   0.0
 5.700  510.0  90  15  27  -1.563   0.0   0.0
 5.700  512.5  90  15  30   1.563   0.0   0.0
 5.700  515.0  90  15  24  -1.563   0.0   0.0
 5.700  517.5  90  15  30   1.563   0.0   0.0
 5.700  520.0  90  15  30  -1.563   0.0   0.0
 5.700  522.5  90  15  39  -1.563   0.0   0.0
 5.700  525.0  90  15  33  -1.563   0.0   0.0
 5.700  527.5  90  15  33  -1.563  90.0  30.0
 5.700  530.0  90  15  33  -1.563   0.0   0.0
 5.700  532.5  90  15  30  -1.563   0.0   0.0
 5.700  537.5  90  15  30  -1.563  90.0  30.0
 5.700  545.0  90  15  24  -1.563   0.0   0.0
 5.700  557.5  90  15  24  -1.563 270.0  30.0
 5.700  760.0  90  15  30  -1.563   0.0   0.0
 5.700  762.5  90  15  24  -1.563   0.0   0.0
 5.700  777.5  90  15  27  -1.563   0.0   0.0
 5.700 1265.0  90  15  27   1.563   0.0   0.0
 5.700 1267.5  90  15  33  -1.563   0.0   0.0
 5.700 1270.0  90  15  24  -1.563   0.0   0.0
 5.700  242.5 -90  15  48   1.563   0.0   0.0
 5.700  245.0 -90  15  51   1.563   0.0   0.0
 5.700  490.0 -90  15  33   1.563   0.0   0.0
 5.700  492.5 -90  15  36   1.563   0.0   0.0
 5.700  495.0 -90  15  24  -1.563 150.0  30.0
 5.700  500.0 -90  15  30   1.563   0.0   0.0
 5.700  502.5 -90  15  24   1.563   0.0   0.0
 5.700  505.0 -90  15  30  -1.563   0.0   0.0
 5.700  507.5 -90  15  33  -1.563   0.0   0.0
 5.700  510.0 -90  15  33  -1.563   0.0   0.0
 5.700  512.5 -90  15  30   1.563 150.0  30.0
 5.700  520.0 -90  15  24  -1.563  90.0  30.0
 5.700  522.5 -90  15  27  -1.563  90.0  30.0
 5.700  525.0 -90  15  24  -1.563  90.0  30.0
 5.700  527.5 -90  15  27  -1.563   0.0   0.0
 5.700  530.0 -90  15  24   1.563  90.0  30.0
 5.700  557.5 -90  15  24  -1.563  90.0  30.0
 5.700  750.0 -90  15  24  -1.563   0.0   0.0
 5.700  752.5 -90  15  27   1.563   0.0   0.0
 5.700  755.0 -90  15  24  -1.563   0.0   0.0
 5.700  757.5 -90  15  24  -1.563   0.0   0.0
 5.700  760.0 -90  15  24  -1.563   0.0   0.0
 5.700  762.5 -90  15  27  -1.563   0.0   0.0
 5.725  250.0  90  15  36   1.563   0.0   0.0
 5.725  252.5  90  15  27   1.563   0.0   0.0
 5.725  517.5  90  15  24  -1.563   0.0   0.0
 5.725  522.5  90  15  24  -1.563   0.0   0.0
 5.725 1255.0  90  15  24   1.563 150.0  30.0
 5.725 1265.0  90  15  27 -10.938 150.0  30.0
 5.725  242.5 -90   6  36   1.563   0.0   0.0
 5.725  245.0 -90   6  39   1.563   0.0   0.0
 5.725  247.5 -90   6  15   1.563   0.0   0.0
 5.725  490.0 -90   6  18  -1.563   0.0   0.0
 5.725  492.5 -90   6  21   1.563   0.0   0.0
 5.725  495.0 -90   6  21   1.563   0.0   0.0
 5.725  497.5 -90   6  15   1.563   0.0   0.0
 5.725  500.0 -90   6  15   1.563   0.0   0.0
 5.725  502.5 -90   6  18  -1.563   0.0   0.0
 5.725  505.0 -90   6  27  -1.563   0.0   0.0
 5.725  507.5 -90   6  24  -1.563   0.0   0.0
 5.725  510.0 -90   6  21  -1.563   0.0   0.0
 5.725  512.5 -90   6  21   1.563   0.0   0.0
 5.725  515.0 -90   6  21  -1.563  90.0  30.0
 5.725  517.5 -90   6  18  -1.563   0.0   0.0
 5.725  520.0 -90   6  15  -1.563   0.0   0.0
 5.725  522.5 -90   6  15  -1.563   0.0   0.0
 5.725  527.5 -90   6  15  -1.563   0.0   0.0
 5.725  762.5 -90   6  15  -1.563   0.0   0.0
 5.725  765.0 -90   6  18  -1.563   0.0   0.0
 5.725  767.5 -90   6  18  -1.563   0.0   0.0
 5.725  770.0 -90   6  15  -1.563   0.0   0.0
 5.750  247.5  90   6  15   1.563   0.0   0.0
 5.750  250.0  90   6  33   1.563   0.0   0.0
 5.750  252.5  90   6  30   1.563   0.0   0.0
 5.750  505.0  90   6  21   1.563   0.0   0.0
 5.750  507.5  90   6  21  -1.563   0.0   0.0
 5.750  510.0  90   6  24   1.563   0.0   0.0
 5.750  515.0  90   6  18   1.563   0.0   0.0
 5.750  520.0  90   6  18  -1.563   0.0   0.0
 5.750  522.5  90   6  24  -1.563   0.0   0.0
 5.750  525.0  90   6  18  -1.563 330.0  30.0
 5.750  527.5  90   6  15  -1.563  90.0  30.0
 5.750  530.0  90   6  18  -1.563   0.0   0.0
 5.750  532.5  90   6  15  -1.563  90.0  30.0
 5.750  537.5  90   6  18  -1.563  90.0  30.0
 5.750  540.0  90   6  18  -1.563  30.0  30.0
 5.750  762.5  90   6  15   1.563   0.0   0.0
 5.750  775.0  90   6  15  -1.563   0.0   0.0
 5.750 1270.0  90   6  18   1.563   0.0   0.0
 5.750 1272.5  90   6  15   1.563   0.0   0.0
 5.750  242.5 -90   6  33   1.563   0.0   0.0
 5.750  245.0 -90   6  39   1.563   0.0   0.0
 5.750  247.5 -90   6  18   1.563   0.0   0.0
 5.750  252.5 -90   6  15  -1.563   0.0   0.0
 5.750  260.0 -90   6  15   1.563   0.0   0.0
 5.750  492.5 -90   6  27   1.563   0.0   0.0
 5.750  495.0 -90   6  24   1.563   0.0   0.0
 5.750  497.5 -90   6  18   1.563   0.0   0.0
 5.750  500.0 -90   6  15   1.563   0.0   0.0
 5.750  502.5 -90   6  21   1.563   0.0   0.0
 5.750  505.0 -90   6  30   1.563   0.0   0.0
 5.750  507.5 -90   6  24  -1.563   0.0   0.0
 5.750  510.0 -90   6  15  -1.563  90.0  30.0
 5.750  512.5 -90   6  24  -1.563   0.0   0.0
 5.750  515.0 -90   6  27  -1.563   0.0   0.0
 5.750  517.5 -90   6  18  -1.563   0.0   0.0
 5.750  522.5 -90   6  18  -1.563   0.0   0.0
 5.750  527.5 -90   6  15  -1.563   0.0   0.0
 5.750  757.5 -90   6  15  -1.563   0.0   0.0
 5.750  762.5 -90   6  15  -1.563   0.0   0.0
 5.775  250.0  90  33  57   1.563   0.0   0.0
 5.775  252.5  90  33  54   1.563   0.0   0.0
 5.775  507.5  90  33  42  -1.563 150.0  30.0
 5.775  510.0  90  33  48   1.563   0.0   0.0
 5.775  520.0  90  33  42   1.563   0.0   0.0
 5.775  522.5  90  33  48  -1.563   0.0   0.0
 5.775  525.0  90  33  48  -1.563   0.0   0.0
 5.775  527.5  90  33  48  -1.563   0.0   0.0
 5.775  530.0  90  33  42  -1.563  30.0  30.0
 5.775  532.5  90  33  42  -1.563  90.0  30.0
 5.775  535.0  90  33  42  -1.563  30.0  30.0
 5.775  540.0  90  33  42  -1.563  30.0  30.0
 5.775 1272.5  90  33  45  -1.563   0.0   0.0
 5.775 1275.0  90  33  42  -1.563   0.0   0.0
 5.775  242.5 -90  30  57   1.563   0.0   0.0
 5.775  245.0 -90  30  66   1.563   0.0   0.0
 5.775  247.5 -90  30  48   1.563   0.0   0.0
 5.775  492.5 -90  30  48   1.563   0.0   0.0
 5.775  495.0 -90  30  42   1.563   0.0   0.0
 5.775  497.5 -90  30  42   1.563   0.0   0.0
 5.775  500.0 -90  30  45   1.563   0.0   0.0
 5.775  502.5 -90  30  39  -1.563   0.0   0.0
 5.775  505.0 -90  30  42  -1.563   0.0   0.0
 5.775  507.5 -90  30  48  -1.563   0.0   0.0
 5.775  510.0 -90  30  45  -1.563   0.0   0.0
 5.775  512.5 -90  30  39  -1.563   0.0   0.0
 5.775  515.0 -90  30  45  -1.563   0.0   0.0
 5.775  517.5 -90  30  48  -1.563   0.0   0.0
 5.775  520.0 -90  30  48  -1.563   0.0   0.0
 5.775  522.5 -90  30  42  -1.563   0.0   0.0
 5.775  525.0 -90  30  39  -1.563   0.0   0.0
 5.775  757.5 -90  30  39  -1.563   0.0   0.0
 5.800  250.0  90  36  51   1.563   0.0   0.0
 5.800  252.5  90  36  54   1.563   0.0   0.0
 5.800  507.5  90  36  48   1.563   0.0   0.0
 5.800  510.0  90  36  48  -1.563   0.0   0.0
 5.800  532.5  90  36  45  -1.563  30.0  30.0
 5.800  535.0  90  36  45  -1.563  30.0  30.0
 5.800 1275.0  90  36  45  -1.563   0.0   0.0
 5.800  242.5 -90  33  51   1.563   0.0   0.0
 5.800  245.0 -90  33  63   1.563   0.0   0.0
 5.800  247.5 -90  33  48   1.563   0.0   0.0
 5.800  492.5 -90  33  45   1.563   0.0   0.0
 5.800  495.0 -90  33  45  -1.563   0.0   0.0
 5.800  497.5 -90  33  45   1.563 150.0  30.0
 5.800  500.0 -90  33  45   1.563   0.0   0.0
 5.800  502.5 -90  33  45   1.563   0.0   0.0
 5.800  505.0 -90  33  42  -1.563 330.0  30.0
 5.800  507.5 -90  33  51  -1.563   0.0   0.0
 5.800  512.5 -90  33  51  -1.563   0.0   0.0
 5.800  515.0 -90  33  51  -1.563   0.0   0.0
 5.800  517.5 -90  33  45  -1.563   0.0   0.0
 5.800  520.0 -90  33  48  -1.563   0.0   0.0
 5.800 1277.5 -90  33  42  -1.563 150.0  30.0
 5.825  250.0  90  21  36   1.563   0.0   0.0
 5.825  252.5  90  21  42   1.563   0.0   0.0
 5.825  507.5  90  21  33   1.563   0.0   0.0
 5.825  510.0  90  21  30  -1.563   0.0   0.0
 5.825  517.5  90  21  30   1.563   0.0   0.0
 5.825  522.5  90  21  30   1.563   0.0   0.0
 5.825  527.5  90  21  33  -1.563  90.0  30.0
 5.825  530.0  90  21  33  -1.563  90.0  30.0
 5.825  532.5  90  21  33  -1.563  30.0  30.0
 5.825  537.5  90  21  30  -1.563  30.0  30.0
 5.825 1275.0  90  21  33  -1.563   0.0   0.0
 5.825 1277.5  90  21  33  -1.563   0.0   0.0
 5.825  242.5 -90  21  39   1.563   0.0   0.0
 5.825  245.0 -90  21  54   1.563   0.0   0.0
 5.825  247.5 -90  21  42   1.563   0.0   0.0
 5.825  497.5 -90  21  33   1.563   0.0   0.0
 5.825  502.5 -90  21  30   1.563   0.0   0.0
 5.825  507.5 -90  21  36  -1.563   0.0   0.0
 5.825  510.0 -90  21  39  -1.563   0.0   0.0
 5.825  512.5 -90  21  36  -1.563   0.0   0.0
 5.825  515.0 -90  21  30  -1.563   0.0   0.0
 5.825  520.0 -90  21  33  -1.563   0.0   0.0
 5.825  522.5 -90  21  36  -1.563   0.0   0.0
 5.850  250.0  90  18  30   1.563   0.0   0.0
 5.850  252.5  90  18  36   1.563   0.0   0.0
 5.850  507.5  90  18  27   1.563   0.0   0.0
 5.850  510.0  90  18  27   1.563   0.0   0.0
 5.850  512.5  90  18  27   1.563   0.0   0.0
 5.850  515.0  90  18  27   1.563   0.0   0.0
 5.850  517.5  90  18  27   1.563   0.0   0.0
 5.850  522.5  90  18  30   1.563   0.0   0.0
 5.850  525.0  90  18  33  -1.563   0.0   0.0
 5.850  527.5  90  18  36  -1.563   0.0   0.0
 5.850  532.5  90  18  36  -1.563  30.0  30.0
 5.850  535.0  90  18  33  -1.563   0.0   0.0
 5.850  537.5  90  18  27  -1.563   0.0   0.0
 5.850  540.0  90  18  33  -1.563   0.0   0.0
 5.850  542.5  90  18  30  -1.563  30.0  30.0
 5.850  545.0  90  18  27  -1.563  90.0  30.0
 5.850 1277.5  90  18  33   1.563   0.0   0.0
 5.850 1280.0  90  18  30   1.563   0.0   0.0
 5.850  242.5 -90  24  33   1.563   0.0   0.0
 5.850  245.0 -90  24  54   1.563   0.0   0.0
 5.850  247.5 -90  24  45   1.563   0.0   0.0
 5.850  495.0 -90  24  36   1.563   0.0   0.0
 5.850  497.5 -90  24  36   1.563   0.0   0.0
 5.850  507.5 -90  24  36   1.563   0.0   0.0
 5.850  517.5 -90  24  33  -1.563   0.0   0.0
 5.850  520.0 -90  24  33  -1.563   0.0   0.0
 5.875  252.5  90  21  42   1.563   0.0   0.0
 5.875  255.0  90  21  33   1.563   0.0   0.0
 5.875  510.0  90  21  33   1.563   0.0   0.0
 5.875  515.0  90  21  33   1.563   0.0   0.0
 5.875  517.5  90  21  30   1.563   0.0   0.0
 5.875  522.5  90  21  30   1.563 150.0  30.0
 5.875  525.0  90  21  33  -1.563   0.0   0.0
 5.875  527.5  90  21  33  -1.563   0.0   0.0
 5.875  530.0  90  21  30  -1.563   0.0   0.0
 5.875  532.5  90  21  39  -1.563   0.0   0.0
 5.875  535.0  90  21  39  -1.563   0.0   0.0
 5.875  537.5  90  21  36  -1.563   0.0   0.0
 5.875  540.0  90  21  33  -1.563  90.0  30.0
 5.875  542.5  90  21  30  -1.563  30.0  30.0
 5.875 1280.0  90  21  36  -1.563   0.0   0.0
 5.875  245.0 -90  21  54   1.563   0.0   0.0
 5.875  247.5 -90  21  51   1.563   0.0   0.0
 5.875  495.0 -90  21  36   1.563   0.0   0.0
 5.875  497.5 -90  21  33   1.563   0.0   0.0
 5.875  507.5 -90  21  36   1.563   0.0   0.0
 5.875  510.0 -90  21  36  -1.563   0.0   0.0
 5.875  515.0 -90  21  33  -1.563   0.0   0.0
 5.875  517.5 -90  21  39  -1.563   0.0   0.0
 5.875  520.0 -90  21  36  -1.563   0.0   0.0
 5.875  522.5 -90  21  36  -1.563   0.0   0.0
 5.875  525.0 -90  21  30  -1.563   0.0   0.0
 5.900  245.0  90  18  27  -1.563 330.0  30.0
 5.900  247.5  90  18  27  -1.563  30.0  30.0
 5.900  252.5  90  18  45   1.563   0.0   0.0
 5.900  255.0  90  18  39   1.563   0.0   0.0
 5.900  510.0  90  18  33   1.563   0.0   0.0
 5.900  512.5  90  18  30  -1.563   0.0   0.0
 5.900  522.5  90  18  27   1.563 150.0  30.0
 5.900  525.0  90  18  33  -1.563   0.0   0.0
 5.900  527.5  90  18  33  -1.563   0.0   0.0
 5.900  530.0  90  18  33  -1.563   0.0   0.0
 5.900  532.5  90  18  30  -1.563   0.0   0.0
 5.900  535.0  90  18  30  -1.563   0.0   0.0
 5.900  537.5  90  18  27  -1.563  90.0  30.0
 5.900  542.5  90  18  30  -1.563 330.0  30.0
 5.900  545.0  90  18  27  -1.563 150.0  30.0
 5.900  770.0  90  18  27  -1.563   0.0   0.0
 5.900 1280.0  90  18  30   1.563   0.0   0.0
 5.900 1282.5  90  18  36  -1.563   0.0   0.0
 5.900  245.0 -90  21  54   1.563   0.0   0.0
 5.900  247.5 -90  21  51   1.563   0.0   0.0
 5.900  497.5 -90  21  36   1.563   0.0   0.0
 5.900  500.0 -90  21  30   1.563   0.0   0.0
 5.900  505.0 -90  21  30   1.563   0.0   0.0
 5.900  507.5 -90  21  30   1.563   0.0   0.0
 5.900  512.5 -90  21  30   1.563  90.0  30.0
 5.900  515.0 -90  21  30  -1.563 150.0  30.0
 5.900  517.5 -90  21  36  -1.563   0.0   0.0
 5.900  520.0 -90  21  33  -1.563   0.0   0.0
 5.900  522.5 -90  21  33  -1.563  90.0  30.0
 5.900  525.0 -90  21  33  -1.563   0.0   0.0
 5.900  747.5 -90  21  30  -1.563   0.0   0.0
 5.925  247.5  90  21  30   1.563  30.0  30.0
 5.925  252.5  90  21  42   1.563   0.0   0.0
 5.925  255.0  90  21  42   1.563   0.0   0.0
 5.925  510.0  90  21  30   1.563   0.0   0.0
 5.925  522.5  90  21  33   1.563   0.0   0.0
 5.925  525.0  90  21  36  -1.563   0.0   0.0
 5.925  527.5  90  21  30  -1.563   0.0   0.0
 5.925  535.0  90  21  39  -1.563   0.0   0.0
 5.925  537.5  90  21  33  -1.563   0.0   0.0
 5.925  540.0  90  21  30  -1.563  90.0  30.0
 5.925  542.5  90  21  30  -1.563   0.0   0.0
 5.925  790.0  90  21  30  -1.563   0.0   0.0
 5.925 1282.5  90  21  30  -1.563 210.0  30.0
 5.925  245.0 -90  27  51   1.563   0.0   0.0
 5.925  247.5 -90  27  54   1.563   0.0   0.0
 5.925  497.5 -90  27  39   1.563   0.0   0.0
 5.925  517.5 -90  27  36  -1.563   0.0   0.0
 5.925  520.0 -90  27  42  -1.563   0.0   0.0
 5.950  245.0  90  18  27   1.563  30.0  30.0
 5.950  247.5  90  18  30   1.563  30.0  30.0
 5.950  252.5  90  18  42   1.563   0.0   0.0
 5.950  255.0  90  18  45   1.563   0.0   0.0
 5.950  517.5  90  18  33   1.563   0.0   0.0
 5.950  522.5  90  18  27   1.563   0.0   0.0
 5.950  525.0  90  18  30  -1.563   0.0   0.0
 5.950  527.5  90  18  33  -1.563   0.0   0.0
 5.950  530.0  90  18  27   1.563   0.0   0.0
 5.950  532.5  90  18  33  -1.563  90.0  30.0
 5.950  535.0  90  18  36  -1.563   0.0   0.0
 5.950  537.5  90  18  27  -1.563  30.0  30.0
 5.950  542.5  90  18  33  -1.563  30.0  30.0
 5.950  547.5  90  18  27  -1.563  90.0  30.0
 5.950  550.0  90  18  27  -1.563  90.0  30.0
 5.950  790.0  90  18  27  -1.563   0.0   0.0
 5.950  792.5  90  18  27   1.563   0.0   0.0
 5.950  187.5 -90  18  27  -1.563   0.0   0.0
 5.950  215.0 -90  18  27  -1.563   0.0   0.0
 5.950  217.5 -90  18  27  -1.563   0.0   0.0
 5.950  245.0 -90  18  48   1.563   0.0   0.0
 5.950  247.5 -90  18  54   1.563   0.0   0.0
 5.950  250.0 -90  18  27   1.563   0.0   0.0
 5.950  277.5 -90  18  27   1.563   0.0   0.0
 5.950  307.5 -90  18  27   1.563   0.0   0.0
 5.950  497.5 -90  18  39   1.563   0.0   0.0
 5.950  500.0 -90  18  33   1.563   0.0   0.0
 5.950  507.5 -90  18  30   1.563   0.0   0.0
 5.950  512.5 -90  18  33   1.563   0.0   0.0
 5.950  515.0 -90  18  36  -1.563   0.0   0.0
 5.950  517.5 -90  18  36  -1.563   0.0   0.0
 5.950  520.0 -90  18  39  -1.563   0.0   0.0
 5.950  522.5 -90  18  27  -1.563   0.0   0.0
 5.975  247.5  90  24  33   1.563 270.0  30.0
 5.975  252.5  90  24  39   1.563   0.0   0.0
 5.975  255.0  90  24  45   1.563   0.0   0.0
 5.975  515.0  90  24  33   1.563   0.0   0.0
 5.975  517.5  90  24  33   1.563   0.0   0.0
 5.975  520.0  90  24  33   1.563   0.0   0.0
 5.975  522.5  90  24  33   1.563   0.0   0.0
 5.975  542.5  90  24  33  -1.563   0.0   0.0
 5.975  245.0 -90  27  48   1.563   0.0   0.0
 5.975  247.5 -90  27  54   1.563   0.0   0.0
 5.975  250.0 -90  27  39   1.563   0.0   0.0
 5.975  497.5 -90  27  42   1.563   0.0   0.0
 5.975  500.0 -90  27  36   1.563   0.0   0.0
 5.975  510.0 -90  27  39   1.563   0.0   0.0
 5.975  512.5 -90  27  36   1.563   0.0   0.0
 5.975  520.0 -90  27  36  -1.563   0.0   0.0
 5.975  522.5 -90  27  42  -1.563   0.0   0.0
 5.975  525.0 -90  27  36  -1.563   0.0   0.0
 6.000  255.0  90  30  45   1.563   0.0   0.0
 6.000  245.0 -90  30  45   1.563   0.0   0.0
 6.000  247.5 -90  30  54   1.563   0.0   0.0
 6.000  250.0 -90  30  39   1.563   0.0   0.0
 6.000  497.5 -90  30  42   1.563   0.0   0.0
 6.000  500.0 -90  30  42   1.563   0.0   0.0
 6.000  510.0 -90  30  39   1.563   0.0   0.0
 6.025  255.0  90  33  42  -1.563   0.0   0.0
 6.025  245.0 -90  33  42   1.563   0.0   0.0
 6.025  247.5 -90  33  54   1.563   0.0   0.0
 6.025  500.0 -90  33  42   1.563   0.0   0.0
 6.025 1152.5 -90  33  42  10.938 270.0  30.0
 6.025 1155.0 -90  33  42  10.938 270.0  30.0
 6.025 1157.5 -90  33  42  10.938 270.0  30.0
 6.025 1160.0 -90  33  42  10.938 270.0  30.0
 6.025 1162.5 -90  33  42  10.938 270.0  30.0
 6.050  255.0  90  33  42   1.563   0.0   0.0
 6.050  257.5  90  33  42   1.563   0.0   0.0
 6.050  247.5 -90  33  51   1.563   0.0   0.0
 6.050  250.0 -90  33  42   1.563   0.0   0.0
 6.050  500.0 -90  33  42   1.563   0.0   0.0
 6.075  255.0  90  24  42   1.563   0.0   0.0
 6.075  257.5  90  24  39   1.563   0.0   0.0
 6.075  515.0  90  24  39   1.563   0.0   0.0
 6.075  517.5  90  24  42   1.563   0.0   0.0
 6.075  520.0  90  24  33   1.563   0.0   0.0
 6.075  532.5  90  24  39  -1.563   0.0   0.0
 6.075  537.5  90  24  39  -1.563   0.0   0.0
 6.075  542.5  90  24  33  -1.563  90.0  30.0
 6.075  550.0  90  24  33  -1.563  90.0  30.0
 6.075  807.5  90  24  33  -1.563   0.0   0.0
 6.075  247.5 -90  24  48   1.563   0.0   0.0
 6.075  250.0 -90  24  39   1.563   0.0   0.0
 6.075  500.0 -90  24  39   1.563   0.0   0.0
 6.075  505.0 -90  24  33   1.563 150.0  30.0
 6.075  510.0 -90  24  36   1.563   0.0   0.0
 6.075  512.5 -90  24  39  -1.563   0.0   0.0
 6.075  515.0 -90  24  39  -1.563   0.0   0.0
 6.075  517.5 -90  24  33  -1.563   0.0   0.0
 6.075  520.0 -90  24  33  -1.563   0.0   0.0
 6.075  522.5 -90  24  36  -1.563   0.0   0.0
 6.075  525.0 -90  24  33  -1.563  90.0  30.0
 6.075  527.5 -90  24  33  -1.563   0.0   0.0
 6.075  530.0 -90  24  33  -1.563   0.0   0.0
 6.100   80.0  90  18  27 -10.938  90.0  30.0
 6.100   82.5  90  18  27 -10.938  90.0  30.0
 6.100   85.0  90  18  27 -10.938  90.0  30.0
 6.100   87.5  90  18  27 -10.938 270.0  30.0
 6.100   97.5  90  18  27 -10.938 270.0  30.0
 6.100  112.5  90  18  27 -10.938  90.0  30.0
 6.100  247.5  90  18  27   1.563  30.0  30.0
 6.100  255.0  90  18  39   1.563   0.0   0.0
 6.100  257.5  90  18  42   1.563   0.0   0.0
 6.100  515.0  90  18  39   1.563   0.0   0.0
 6.100  517.5  90  18  39   1.563   0.0   0.0
 6.100  520.0  90  18  30   1.563   0.0   0.0
 6.100  522.5  90  18  27   1.563   0.0   0.0
 6.100  525.0  90  18  27   1.563   0.0   0.0
 6.100  527.5  90  18  30  -1.563   0.0   0.0
 6.100  530.0  90  18  33   1.563   0.0   0.0
 6.100  532.5  90  18  39  -1.563   0.0   0.0
 6.100  535.0  90  18  36  -1.563   0.0   0.0
 6.100  537.5  90  18  33  -1.563   0.0   0.0
 6.100  540.0  90  18  27  -1.563  30.0  30.0
 6.100  542.5  90  18  33  -1.563   0.0   0.0
 6.100  545.0  90  18  33  -1.563  90.0  30.0
 6.100  550.0  90  18  27  -1.563  30.0  30.0
 6.100  552.5  90  18  27  -1.563  30.0  30.0
 6.100  557.5  90  18  27  -1.563  90.0  30.0
 6.100  560.0  90  18  27  -1.563  30.0  30.0
 6.100  782.5  90  18  27   1.563   0.0   0.0
 6.100  790.0  90  18  27  -1.563   0.0   0.0
 6.100  802.5  90  18  27  -1.563   0.0   0.0
 6.100  805.0  90  18  27  -1.563   0.0   0.0
 6.100 1280.0  90  18  27   4.688 270.0  30.0
 6.100  245.0 -90  15  27   1.563   0.0   0.0
 6.100  247.5 -90  15  48   1.563   0.0   0.0
 6.100  250.0 -90  15  45   1.563   0.0   0.0
 6.100  500.0 -90  15  30   1.563   0.0   0.0
 6.100  502.5 -90  15  30   1.563   0.0   0.0
 6.100  505.0 -90  15  30  -1.563 210.0  30.0
 6.100  507.5 -90  15  24   1.563   0.0   0.0
 6.100  510.0 -90  15  36   1.563   0.0   0.0
 6.100  512.5 -90  15  42   1.563   0.0   0.0
 6.100  515.0 -90  15  27   1.563  90.0  30.0
 6.100  517.5 -90  15  30  -1.563   0.0   0.0
 6.100  520.0 -90  15  30  -1.563   0.0   0.0
 6.100  522.5 -90  15  30  -1.563   0.0   0.0
 6.100  525.0 -90  15  36  -1.563   0.0   0.0
 6.100  527.5 -90  15  27  -1.563   0.0   0.0
 6.100  530.0 -90  15  27  -1.563   0.0   0.0
 6.100  537.5 -90  15  24  -1.563  30.0  30.0
 6.100  752.5 -90  15  24   1.563   0.0   0.0
 6.100  755.0 -90  15  27   1.563   0.0   0.0
 6.100  757.5 -90  15  27   1.563   0.0   0.0
 6.100  760.0 -90  15  24   1.563   0.0   0.0
 6.100  762.5 -90  15  24   1.563   0.0   0.0
 6.100  765.0 -90  15  24   1.563   0.0   0.0
 6.100  775.0 -90  15  24  -1.563   0.0   0.0
 6.100  777.5 -90  15  24  -1.563   0.0   0.0
 6.100  785.0 -90  15  24  -1.563   0.0   0.0
 6.125  247.5  90   6  15   1.563  30.0  30.0
 6.125  250.0  90   6  15   1.563  90.0  30.0
 6.125  255.0  90   6  27   1.563   0.0   0.0
 6.125  257.5  90   6  30   1.563   0.0   0.0
 6.125  260.0  90   6  15   1.563   0.0   0.0
 6.125  515.0  90   6  21   1.563   0.0   0.0
 6.125  517.5  90   6  27   1.563   0.0   0.0
 6.125  520.0  90   6  18   1.563   0.0   0.0
 6.125  522.5  90   6  18   1.563   0.0   0.0
 6.125  527.5  90   6  21   1.563   0.0   0.0
 6.125  530.0  90   6  15  -1.563   0.0   0.0
 6.125  532.5  90   6  15  -1.563   0.0   0.0
 6.125  535.0  90   6  18  -1.563   0.0   0.0
 6.125  537.5  90   6  21  -1.563   0.0   0.0
 6.125  540.0  90   6  18  -1.563   0.0   0.0
 6.125  542.5  90   6  18  -1.563   0.0   0.0
 6.125  545.0  90   6  24  -1.563   0.0   0.0
 6.125  547.5  90   6  18  -1.563  30.0  30.0
 6.125  550.0  90   6  15  -1.563   0.0   0.0
 6.125  552.5  90   6  15  -1.563  90.0  30.0
 6.125  557.5  90   6  15  -1.563  90.0  30.0
 6.125  777.5  90   6  15   1.563   0.0   0.0
 6.125  790.0  90   6  15  -1.563   0.0   0.0
 6.125  792.5  90   6  15   1.563   0.0   0.0
 6.125  247.5 -90   6  36   1.563   0.0   0.0
 6.125  250.0 -90   6  36   1.563   0.0   0.0
 6.125  500.0 -90   6  15   1.563   0.0   0.0
 6.125  502.5 -90   6  15   1.563   0.0   0.0
 6.125  505.0 -90   6  21   1.563   0.0   0.0
 6.125  510.0 -90   6  27   1.563   0.0   0.0
 6.125  512.5 -90   6  30   1.563   0.0   0.0
 6.125  515.0 -90   6  27   1.563   0.0   0.0
 6.125  517.5 -90   6  21   1.563   0.0   0.0
 6.125  520.0 -90   6  18  -1.563   0.0   0.0
 6.125  522.5 -90   6  21  -1.563   0.0   0.0
 6.125  525.0 -90   6  15  -1.563  90.0  30.0
 6.125  527.5 -90   6  15  -1.563  30.0  30.0
 6.125  530.0 -90   6  21  -1.563   0.0   0.0
 6.125  532.5 -90   6  15  -1.563  90.0  30.0
 6.125  535.0 -90   6  15  -1.563   0.0   0.0
 6.125  540.0 -90   6  15  -1.563  90.0  30.0
 6.125  755.0 -90   6  18  -1.563   0.0   0.0
 6.125  757.5 -90   6  18   1.563   0.0   0.0
 6.125  760.0 -90   6  15   1.563   0.0   0.0
 6.125  762.5 -90   6  15   1.563 150.0  30.0
 6.125  772.5 -90   6  15  -1.563   0.0   0.0
 6.125  775.0 -90   6  18  -1.563   0.0   0.0
 6.125  782.5 -90   6  18  -1.563   0.0   0.0
 6.125  785.0 -90   6  18  -1.563   0.0   0.0
 6.125  787.5 -90   6  15  -1.563   0.0   0.0
 6.150  255.0  90   9  21   1.563   0.0   0.0
 6.150  257.5  90   9  21  -1.563   0.0   0.0
 6.150  517.5  90   9  24   1.563   0.0   0.0
 6.150  520.0  90   9  21   1.563   0.0   0.0
 6.150  525.0  90   9  18   1.563   0.0   0.0
 6.150  527.5  90   9  21  -1.563   0.0   0.0
 6.150  530.0  90   9  21  -1.563   0.0   0.0
 6.150  532.5  90   9  21  -1.563   0.0   0.0
 6.150  535.0  90   9  24  -1.563   0.0   0.0
 6.150  537.5  90   9  24  -1.563   0.0   0.0
 6.150  540.0  90   9  21  -1.563   0.0   0.0
 6.150  542.5  90   9  18  -1.563   0.0   0.0
 6.150  545.0  90   9  27  -1.563   0.0   0.0
 6.150  547.5  90   9  27  -1.563   0.0   0.0
 6.150  555.0  90   9  18  -1.563  90.0  30.0
 6.150  557.5  90   9  18  -1.563  90.0  30.0
 6.150  780.0  90   9  18   1.563   0.0   0.0
 6.150  247.5 -90   9  33   1.563   0.0   0.0
 6.150  250.0 -90   9  36   1.563   0.0   0.0
 6.150  500.0 -90   9  18   1.563   0.0   0.0
 6.150  502.5 -90   9  21   1.563   0.0   0.0
 6.150  505.0 -90   9  21   1.563   0.0   0.0
 6.150  512.5 -90   9  24   1.563   0.0   0.0
 6.150  515.0 -90   9  27   1.563   0.0   0.0
 6.150  517.5 -90   9  21  -1.563   0.0   0.0
 6.150  522.5 -90   9  27  -1.563   0.0   0.0
 6.150  525.0 -90   9  21  -1.563   0.0   0.0
 6.150  527.5 -90   9  18  -1.563   0.0   0.0
 6.150  530.0 -90   9  21  -1.563   0.0   0.0
 6.150  532.5 -90   9  18  -1.563   0.0   0.0
 6.150  757.5 -90   9  18   1.563   0.0   0.0
 6.175  250.0  90   6  15   1.563  30.0  30.0
 6.175  255.0  90   6  21   1.563   0.0   0.0
 6.175  257.5  90   6  24   1.563   0.0   0.0
 6.175  260.0  90   6  15   1.563   0.0   0.0
 6.175  517.5  90   6  15  -1.563   0.0   0.0
 6.175  520.0  90   6  24   1.563   0.0   0.0
 6.175  522.5  90   6  21   1.563   0.0   0.0
 6.175  525.0  90   6  18   1.563   0.0   0.0
 6.175  527.5  90   6  18   1.563  90.0  30.0
 6.175  530.0  90   6  24   1.563   0.0   0.0
 6.175  532.5  90   6  15  -1.563   0.0   0.0
 6.175  535.0  90   6  21  -1.563   0.0   0.0
 6.175  540.0  90   6  18  -1.563   0.0   0.0
 6.175  542.5  90   6  21  -1.563   0.0   0.0
 6.175  545.0  90   6  18  -1.563   0.0   0.0
 6.175  547.5  90   6  24  -1.563  90.0  30.0
 6.175  550.0  90   6  18  -1.563  30.0  30.0
 6.175  552.5  90   6  15  -1.563   0.0   0.0
 6.175  557.5  90   6  15  -1.563  90.0  30.0
 6.175  560.0  90   6  15  -1.563  90.0  30.0
 6.175  780.0  90   6  18   1.563   0.0   0.0
 6.175  782.5  90   6  18  -1.563   0.0   0.0
 6.175  792.5  90   6  15   1.563   0.0   0.0
 6.175  817.5  90   6  15  -1.563   0.0   0.0
 6.175  247.5 -90   6  33   1.563   0.0   0.0
 6.175  250.0 -90   6  39   1.563   0.0   0.0
 6.175  252.5 -90   6  21   1.563   0.0   0.0
 6.175  500.0 -90   6  18   1.563   0.0   0.0
 6.175  502.5 -90   6  27   1.563   0.0   0.0
 6.175  505.0 -90   6  15  -1.563 210.0  30.0
 6.175  507.5 -90   6  15  -1.563   0.0   0.0
 6.175  510.0 -90   6  21   1.563   0.0   0.0
 6.175  512.5 -90   6  27   1.563   0.0   0.0
 6.175  515.0 -90   6  24   1.563   0.0   0.0
 6.175  517.5 -90   6  30  -1.563   0.0   0.0
 6.175  522.5 -90   6  27  -1.563   0.0   0.0
 6.175  525.0 -90   6  18  -1.563   0.0   0.0
 6.175  527.5 -90   6  24  -1.563   0.0   0.0
 6.175  530.0 -90   6  24  -1.563   0.0   0.0
 6.175  540.0 -90   6  15  -1.563  90.0  30.0
 6.175  755.0 -90   6  18   1.563   0.0   0.0
 6.175  757.5 -90   6  18   1.563   0.0   0.0
 6.200  250.0  90   6  18   1.563 150.0  30.0
 6.200  255.0  90   6  15   1.563   0.0   0.0
 6.200  257.5  90   6  24   1.563   0.0   0.0
 6.200  260.0  90   6  18   1.563   0.0   0.0
 6.200  517.5  90   6  21   1.563   0.0   0.0
 6.200  520.0  90   6  30   1.563   0.0   0.0
 6.200  522.5  90   6  24   1.563   0.0   0.0
 6.200  525.0  90   6  18  -1.563   0.0   0.0
 6.200  527.5  90   6  24   1.563   0.0   0.0
 6.200  530.0  90   6  24   1.563   0.0   0.0
 6.200  532.5  90   6  24   1.563   0.0   0.0
 6.200  535.0  90   6  21  -1.563   0.0   0.0
 6.200  537.5  90   6  21  -1.563   0.0   0.0
 6.200  540.0  90   6  24  -1.563   0.0   0.0
 6.200  542.5  90   6  24  -1.563   0.0   0.0
 6.200  545.0  90   6  18  -1.563   0.0   0.0
 6.200  547.5  90   6  18  -1.563  90.0  30.0
 6.200  552.5  90   6  18  -1.563   0.0   0.0
 6.200  557.5  90   6  15  -1.563  90.0  30.0
 6.200  782.5  90   6  18   1.563   0.0   0.0
 6.200  785.0  90   6  15   1.563   0.0   0.0
 6.200  787.5  90   6  15   1.563   0.0   0.0
 6.200  800.0  90   6  15  -1.563   0.0   0.0
 6.200  802.5  90   6  15  -1.563   0.0   0.0
 6.200  817.5  90   6  15  -1.563   0.0   0.0
 6.200  247.5 -90   6  30   1.563   0.0   0.0
 6.200  250.0 -90   6  39   1.563   0.0   0.0
 6.200  252.5 -90   6  24   1.563   0.0   0.0
 6.200  502.5 -90   6  30   1.563   0.0   0.0
 6.200  505.0 -90   6  24   1.563   0.0   0.0
 6.200  512.5 -90   6  21   1.563   0.0   0.0
 6.200  515.0 -90   6  24  -1.563   0.0   0.0
 6.200  517.5 -90   6  30  -1.563   0.0   0.0
 6.200  520.0 -90   6  30  -1.563   0.0   0.0
 6.200  522.5 -90   6  24  -1.563   0.0   0.0
 6.200  525.0 -90   6  18  -1.563 330.0  30.0
 6.200  527.5 -90   6  24  -1.563  90.0  30.0
 6.200  530.0 -90   6  21  -1.563   0.0   0.0
 6.200  532.5 -90   6  15  -1.563  30.0  30.0
 6.200  535.0 -90   6  15  -1.563   0.0   0.0
 6.200  755.0 -90   6  15   1.563   0.0   0.0
 6.200  757.5 -90   6  21   1.563   0.0   0.0
 6.200  767.5 -90   6  15  -1.563   0.0   0.0
 6.200  780.0 -90   6  15  -1.563   0.0   0.0
 6.200  785.0 -90   6  15  -1.563  30.0  30.0
 6.200  787.5 -90   6  15  -1.563   0.0   0.0
 6.225  250.0  90   6  18   1.563  90.0  30.0
 6.225  520.0  90   6  30   1.563   0.0   0.0
 6.225  522.5  90   6  27   1.563   0.0   0.0
 6.225  525.0  90   6  21   1.563   0.0   0.0
 6.225  527.5  90   6  21   1.563   0.0   0.0
 6.225  530.0  90   6  21   1.563   0.0   0.0
 6.225  532.5  90   6  24   1.563   0.0   0.0
 6.225  535.0  90   6  21  -1.563   0.0   0.0
 6.225  537.5  90   6  21  -1.563  90.0  30.0
 6.225  540.0  90   6  18  -1.563 330.0  30.0
 6.225  542.5  90   6  21  -1.563   0.0   0.0
 6.225  545.0  90   6  15   1.563  90.0  30.0
 6.225  550.0  90   6  18  -1.563  90.0  30.0
 6.225  552.5  90   6  21  -1.563  90.0  30.0
 6.225  555.0  90   6  18  -1.563  90.0  30.0
 6.225  565.0  90   6  15  -1.563  90.0  30.0
 6.225  792.5  90   6  15  -1.563   0.0   0.0
 6.225  797.5  90   6  15  -1.563   0.0   0.0
 6.225  245.0 -90   6  15  -1.563   0.0   0.0
 6.225  247.5 -90   6  30   1.563   0.0   0.0
 6.225  250.0 -90   6  39   1.563   0.0   0.0
 6.225  252.5 -90   6  27   1.563   0.0   0.0
 6.225  255.0 -90   6  15  -1.563   0.0   0.0
 6.225  257.5 -90   6  15   1.563   0.0   0.0
 6.225  502.5 -90   6  27   1.563   0.0   0.0
 6.225  505.0 -90   6  27   1.563   0.0   0.0
 6.225  507.5 -90   6  15   1.563   0.0   0.0
 6.225  512.5 -90   6  21   1.563   0.0   0.0
 6.225  515.0 -90   6  24   1.563   0.0   0.0
 6.225  517.5 -90   6  27   1.563   0.0   0.0
 6.225  522.5 -90   6  21  -1.563   0.0   0.0
 6.225  525.0 -90   6  27  -1.563   0.0   0.0
 6.225  527.5 -90   6  21  -1.563   0.0   0.0
 6.225  530.0 -90   6  18  -1.563   0.0   0.0
 6.225  542.5 -90   6  15  -1.563  90.0  30.0
 6.225  757.5 -90   6  18   1.563   0.0   0.0
 6.225  760.0 -90   6  18   1.563   0.0   0.0
 6.225  767.5 -90   6  15   1.563   0.0   0.0
 6.225  787.5 -90   6  15  -1.563   0.0   0.0
 6.250  250.0  90   6  18   1.563 150.0  30.0
 6.250  257.5  90   6  21   1.563   0.0   0.0
 6.250  260.0  90   6  18   1.563   0.0   0.0
 6.250  520.0  90   6  27   1.563   0.0   0.0
 6.250  522.5  90   6  30   1.563   0.0   0.0
 6.250  525.0  90   6  18   1.563   0.0   0.0
 6.250  527.5  90   6  21   1.563   0.0   0.0
 6.250  530.0  90   6  15   1.563   0.0   0.0
 6.250  532.5  90   6  21   1.563   0.0   0.0
 6.250  535.0  90   6  21   1.563   0.0   0.0
 6.250  537.5  90   6  24   1.563   0.0   0.0
 6.250  540.0  90   6  18  -1.563   0.0   0.0
 6.250  542.5  90   6  18  -1.563 330.0  30.0
 6.250  547.5  90   6  21  -1.563  90.0  30.0
 6.250  550.0  90   6  24  -1.563  90.0  30.0
 6.250  555.0  90   6  21  -1.563  90.0  30.0
 6.250  557.5  90   6  15  -1.563  30.0  30.0
 6.250  805.0  90   6  15  -1.563   0.0   0.0
 6.250 1082.5  90   6  15  -1.563   0.0   0.0
 6.250  247.5 -90   6  24   1.563   0.0   0.0
 6.250  250.0 -90   6  39   1.563   0.0   0.0
 6.250  252.5 -90   6  33   1.563   0.0   0.0
 6.250  502.5 -90   6  24   1.563   0.0   0.0
 6.250  505.0 -90   6  27   1.563   0.0   0.0
 6.250  512.5 -90   6  21   1.563   0.0   0.0
 6.250  515.0 -90   6  27   1.563   0.0   0.0
 6.250  517.5 -90   6  21   1.563   0.0   0.0
 6.250  520.0 -90   6  24  -1.563   0.0   0.0
 6.250  522.5 -90   6  27  -1.563   0.0   0.0
 6.250  525.0 -90   6  18  -1.563  90.0  30.0
 6.250  530.0 -90   6  15  -1.563  90.0  30.0
 6.250  532.5 -90   6  15  -1.563  90.0  30.0
 6.250  760.0 -90   6  15   1.563   0.0   0.0
 6.250  762.5 -90   6  15   1.563   0.0   0.0
 6.250  785.0 -90   6  15  -1.563   0.0   0.0
 6.250  790.0 -90   6  15  -1.563   0.0   0.0
 6.275  250.0  90   6  18   1.563  90.0  30.0
 6.275  257.5  90   6  21   1.563   0.0   0.0
 6.275  260.0  90   6  21   1.563   0.0   0.0
 6.275  520.0  90   6  24   1.563   0.0   0.0
 6.275  522.5  90   6  33   1.563   0.0   0.0
 6.275  525.0  90   6  21   1.563   0.0   0.0
 6.275  530.0  90   6  18   1.563 150.0  30.0
 6.275  535.0  90   6  15  -1.563   0.0   0.0
 6.275  537.5  90   6  24  -1.563   0.0   0.0
 6.275  540.0  90   6  21  -1.563 330.0  30.0
 6.275  545.0  90   6  21  -1.563   0.0   0.0
 6.275  547.5  90   6  15  -1.563   0.0   0.0
 6.275  550.0  90   6  24  -1.563  30.0  30.0
 6.275  552.5  90   6  21  -1.563  30.0  30.0
 6.275  555.0  90   6  15  -1.563  30.0  30.0
 6.275  557.5  90   6  21  -1.563  90.0  30.0
 6.275  562.5  90   6  15  -1.563  90.0  30.0
 6.275  787.5  90   6  18   1.563   0.0   0.0
 6.275  790.0  90   6  15   1.563   0.0   0.0
 6.275  805.0  90   6  15  -1.563   0.0   0.0
 6.275  807.5  90   6  15  -1.563   0.0   0.0
 6.275  812.5  90   6  15  -1.563   0.0   0.0
 6.275  247.5 -90   6  18   1.563   0.0   0.0
 6.275  250.0 -90   6  39   1.563   0.0   0.0
 6.275  252.5 -90   6  33   1.563   0.0   0.0
 6.275  502.5 -90   6  15   1.563   0.0   0.0
 6.275  505.0 -90   6  27   1.563   0.0   0.0
 6.275  507.5 -90   6  21   1.563   0.0   0.0
 6.275  510.0 -90   6  18  -1.563   0.0   0.0
 6.275  512.5 -90   6  15   1.563   0.0   0.0
 6.275  517.5 -90   6  24   1.563   0.0   0.0
 6.275  520.0 -90   6  24  -1.563   0.0   0.0
 6.275  522.5 -90   6  27  -1.563   0.0   0.0
 6.275  525.0 -90   6  24  -1.563   0.0   0.0
 6.275  527.5 -90   6  24  -1.563   0.0   0.0
 6.275  530.0 -90   6  15   1.563   0.0   0.0
 6.275  532.5 -90   6  15  -1.563 150.0  30.0
 6.275  537.5 -90   6  18  -1.563   0.0   0.0
 6.275  540.0 -90   6  15  -1.563  30.0  30.0
 6.275  760.0 -90   6  18  -1.563   0.0   0.0
 6.275  762.5 -90   6  18   1.563   0.0   0.0
 6.275  790.0 -90   6  15  -1.563   0.0   0.0
 6.300  250.0  90   6  18   1.563 330.0  30.0
 6.300  257.5  90   6  21   1.563   0.0   0.0
 6.300  260.0  90   6  21   1.563   0.0   0.0
 6.300  520.0  90   6  15   1.563   0.0   0.0
 6.300  522.5  90   6  30   1.563   0.0   0.0
 6.300  525.0  90   6  21   1.563   0.0   0.0
 6.300  530.0  90   6  15  -1.563   0.0   0.0
 6.300  532.5  90   6  18   1.563   0.0   0.0
 6.300  535.0  90   6  15   1.563   0.0   0.0
 6.300  537.5  90   6  15  -1.563   0.0   0.0
 6.300  540.0  90   6  15  -1.563 330.0  30.0
 6.300  542.5  90   6  21  -1.563  90.0  30.0
 6.300  545.0  90   6  18  -1.563   0.0   0.0
 6.300  547.5  90   6  18  -1.563   0.0   0.0
 6.300  550.0  90   6  18  -1.563  30.0  30.0
 6.300  552.5  90   6  18  -1.563  30.0  30.0
 6.300  555.0  90   6  18  -1.563  90.0  30.0
 6.300  560.0  90   6  18  -1.563  90.0  30.0
 6.300  795.0  90   6  15   1.563   0.0   0.0
 6.300  797.5  90   6  18  -1.563   0.0   0.0
 6.300  807.5  90   6  15  -1.563   0.0   0.0
 6.300  247.5 -90   6  18   1.563   0.0   0.0
 6.300  250.0 -90   6  39   1.563   0.0   0.0
 6.300  252.5 -90   6  33   1.563   0.0   0.0
 6.300  505.0 -90   6  27   1.563   0.0   0.0
 6.300  507.5 -90   6  27   1.563   0.0   0.0
 6.300  515.0 -90   6  21   1.563   0.0   0.0
 6.300  520.0 -90   6  21   1.563   0.0   0.0
 6.300  522.5 -90   6  21  -1.563   0.0   0.0
 6.300  525.0 -90   6  24  -1.563   0.0   0.0
 6.300  527.5 -90   6  27  -1.563   0.0   0.0
 6.300  530.0 -90   6  21  -1.563   0.0   0.0
 6.300  532.5 -90   6  18  -1.563  90.0  30.0
 6.300  537.5 -90   6  21  -1.563   0.0   0.0
 6.300  540.0 -90   6  18  -1.563   0.0   0.0
 6.300  560.0 -90   6  15  -1.563  90.0  30.0
 6.300  760.0 -90   6  18   1.563   0.0   0.0
 6.300  762.5 -90   6  18  -1.563   0.0   0.0
 6.300  770.0 -90   6  15   1.563   0.0   0.0
 6.300  780.0 -90   6  15  -1.563   0.0   0.0
 6.300  782.5 -90   6  15  -1.563   0.0   0.0
 6.300  797.5 -90   6  15  -1.563   0.0   0.0
 6.325  250.0  90   6  18   1.563  30.0  30.0
 6.325  252.5  90   6  15   1.563 330.0  30.0
 6.325  257.5  90   6  18   1.563   0.0   0.0
 6.325  260.0  90   6  27   1.563   0.0   0.0
 6.325  262.5  90   6  15  -1.563   0.0   0.0
 6.325  522.5  90   6  24   1.563   0.0   0.0
 6.325  525.0  90   6  27   1.563   0.0   0.0
 6.325  530.0  90   6  15   1.563   0.0   0.0
 6.325  532.5  90   6  21   1.563   0.0   0.0
 6.325  535.0  90   6  24   1.563   0.0   0.0
 6.325  537.5  90   6  15   1.563   0.0   0.0
 6.325  540.0  90   6  15  -1.563   0.0   0.0
 6.325  542.5  90   6  21  -1.563   0.0   0.0
 6.325  547.5  90   6  21  -1.563   0.0   0.0
 6.325  550.0  90   6  24  -1.563   0.0   0.0
 6.325  557.5  90   6  21  -1.563   0.0   0.0
 6.325  562.5  90   6  15  -1.563  90.0  30.0
 6.325  797.5  90   6  15   1.563   0.0   0.0
 6.325  800.0  90   6  15   1.563   0.0   0.0
 6.325  802.5  90   6  15  -1.563   0.0   0.0
 6.325  805.0  90   6  15  -1.563   0.0   0.0
 6.325  807.5  90   6  15  -1.563   0.0   0.0
 6.325  810.0  90   6  18  -1.563   0.0   0.0
 6.325  812.5  90   6  15  -1.563   0.0   0.0
 6.325  815.0  90   6  15  -1.563   0.0   0.0
 6.325  247.5 -90   6  18   1.563   0.0   0.0
 6.325  250.0 -90   6  39   1.563   0.0   0.0
 6.325  252.5 -90   6  36   1.563   0.0   0.0
 6.325  505.0 -90   6  21   1.563   0.0   0.0
 6.325  507.5 -90   6  27   1.563   0.0   0.0
 6.325  510.0 -90   6  18   1.563   0.0   0.0
 6.325  512.5 -90   6  15   1.563   0.0   0.0
 6.325  517.5 -90   6  21   1.563   0.0   0.0
 6.325  520.0 -90   6  15  -1.563   0.0   0.0
 6.325  522.5 -90   6  18  -1.563   0.0   0.0
 6.325  525.0 -90   6  15  -1.563   0.0   0.0
 6.325  527.5 -90   6  24  -1.563   0.0   0.0
 6.325  537.5 -90   6  21  -1.563   0.0   0.0
 6.325  797.5 -90   6  15  -1.563  90.0  30.0
 6.350  252.5  90   6  18  -1.563   0.0   0.0
 6.350  260.0  90   6  30   1.563   0.0   0.0
 6.350  262.5  90   6  21   1.563   0.0   0.0
 6.350  525.0  90   6  27   1.563   0.0   0.0
 6.350  527.5  90   6  24   1.563   0.0   0.0
 6.350  532.5  90   6  21   1.563   0.0   0.0
 6.350  535.0  90   6  15   1.563   0.0   0.0
 6.350  537.5  90   6  15   1.563  30.0  30.0
 6.350  540.0  90   6  18  -1.563  90.0  30.0
 6.350  542.5  90   6  21  -1.563   0.0   0.0
 6.350  545.0  90   6  18  -1.563 330.0  30.0
 6.350  547.5  90   6  18  -1.563   0.0   0.0
 6.350  550.0  90   6  18  -1.563   0.0   0.0
 6.350  552.5  90   6  21  -1.563   0.0   0.0
 6.350  555.0  90   6  18  -1.563   0.0   0.0
 6.350  557.5  90   6  21  -1.563  90.0  30.0
 6.350  560.0  90   6  15  -1.563  90.0  30.0
 6.350  790.0  90   6  15  -1.563   0.0   0.0
 6.350  792.5  90   6  15   1.563   0.0   0.0
 6.350  810.0  90   6  15  -1.563   0.0   0.0
 6.350  815.0  90   6  18  -1.563   0.0   0.0
 6.350  820.0  90   6  15  -1.563   0.0   0.0
 6.350  250.0 -90   6  33   1.563   0.0   0.0
 6.350  252.5 -90   6  39   1.563   0.0   0.0
 6.350  267.5 -90   6  15  -1.563   0.0   0.0
 6.350  505.0 -90   6  15   1.563   0.0   0.0
 6.350  507.5 -90   6  21   1.563   0.0   0.0
 6.350  510.0 -90   6  18   1.563   0.0   0.0
 6.350  512.5 -90   6  18   1.563 150.0  30.0
 6.350  515.0 -90   6  21   1.563   0.0   0.0
 6.350  517.5 -90   6  21   1.563   0.0   0.0
 6.350  520.0 -90   6  18   1.563   0.0   0.0
 6.350  525.0 -90   6  18  -1.563   0.0   0.0
 6.350  527.5 -90   6  24  -1.563   0.0   0.0
 6.350  530.0 -90   6  15  -1.563   0.0   0.0
 6.350  532.5 -90   6  15  -1.563   0.0   0.0
 6.350  537.5 -90   6  15  -1.563   0.0   0.0
 6.375  250.0  90   6  15  -1.563 330.0  30.0
 6.375  252.5  90   6  18   1.563  30.0  30.0
 6.375  260.0  90   6  27   1.563   0.0   0.0
 6.375  262.5  90   6  27  -1.563   0.0   0.0
 6.375  522.5  90   6  15   1.563   0.0   0.0
 6.375  525.0  90   6  27   1.563   0.0   0.0
 6.375  527.5  90   6  21   1.563   0.0   0.0
 6.375  530.0  90   6  18   1.563   0.0   0.0
 6.375  535.0  90   6  18  -1.563   0.0   0.0
 6.375  537.5  90   6  18   1.563   0.0   0.0
 6.375  542.5  90   6  18  -1.563   0.0   0.0
 6.375  545.0  90   6  24  -1.563   0.0   0.0
 6.375  547.5  90   6  21  -1.563   0.0   0.0
 6.375  550.0  90   6  24  -1.563   0.0   0.0
 6.375  552.5  90   6  24  -1.563   0.0   0.0
 6.375  555.0  90   6  18  -1.563  30.0  30.0
 6.375  557.5  90   6  18  -1.563  90.0  30.0
 6.375  572.5  90   6  15  -1.563  90.0  30.0
 6.375  790.0  90   6  15   1.563   0.0   0.0
 6.375  792.5  90   6  15   1.563   0.0   0.0
 6.375  825.0  90   6  15  -1.563   0.0   0.0
 6.375  250.0 -90   6  33   1.563   0.0   0.0
 6.375  252.5 -90   6  39   1.563   0.0   0.0
 6.375  255.0 -90   6  24   1.563   0.0   0.0
 6.375  507.5 -90   6  21   1.563   0.0   0.0
 6.375  510.0 -90   6  21  -1.563 150.0  30.0
 6.375  515.0 -90   6  18   1.563   0.0   0.0
 6.375  517.5 -90   6  18   1.563   0.0   0.0
 6.375  520.0 -90   6  18   1.563   0.0   0.0
 6.375  522.5 -90   6  24  -1.563   0.0   0.0
 6.375  525.0 -90   6  27  -1.563   0.0   0.0
 6.375  537.5 -90   6  15  -1.563   0.0   0.0
 6.375  765.0 -90   6  15   1.563   0.0   0.0
 6.375  770.0 -90   6  15   1.563   0.0   0.0
 6.400  252.5  90   9  18   1.563  30.0  30.0
 6.400  260.0  90   9  24  -1.563   0.0   0.0
 6.400  262.5  90   9  24   1.563   0.0   0.0
 6.400  525.0  90   9  21   1.563   0.0   0.0
 6.400  527.5  90   9  24   1.563   0.0   0.0
 6.400  530.0  90   9  21   1.563   0.0   0.0
 6.400  532.5  90   9  18   1.563   0.0   0.0
 6.400  535.0  90   9  21   1.563   0.0   0.0
 6.400  540.0  90   9  21   1.563   0.0   0.0
 6.400  542.5  90   9  21  -1.563   0.0   0.0
 6.400  545.0  90   9  21  -1.563   0.0   0.0
 6.400  550.0  90   9  21  -1.563  90.0  30.0
 6.400  555.0  90   9  18  -1.563  30.0  30.0
 6.400  245.0 -90   6  15  -1.563   0.0   0.0
 6.400  250.0 -90   6  30   1.563   0.0   0.0
 6.400  252.5 -90   6  42   1.563   0.0   0.0
 6.400  255.0 -90   6  27   1.563   0.0   0.0
 6.400  260.0 -90   6  15  -1.563   0.0   0.0
 6.400  262.5 -90   6  15   1.563 210.0  30.0
 6.400  265.0 -90   6  15  -1.563   0.0   0.0
 6.400  267.5 -90   6  15  -1.563   0.0   0.0
 6.400  507.5 -90   6  21   1.563   0.0   0.0
 6.400  510.0 -90   6  21  -1.563   0.0   0.0
 6.400  520.0 -90   6  15  -1.563   0.0   0.0
 6.400  522.5 -90   6  24  -1.563   0.0   0.0
 6.400  525.0 -90   6  18  -1.563   0.0   0.0
 6.400  527.5 -90   6  21  -1.563   0.0   0.0
 6.400  530.0 -90   6  21  -1.563   0.0   0.0
 6.400  532.5 -90   6  15   1.563   0.0   0.0
 6.400  535.0 -90   6  18  -1.563   0.0   0.0
 6.400  537.5 -90   6  21  -1.563   0.0   0.0
 6.400  540.0 -90   6  15  -1.563   0.0   0.0
 6.400  542.5 -90   6  15  -1.563   0.0   0.0
 6.400  545.0 -90   6  15  -1.563  90.0  30.0
 6.400  765.0 -90   6  18   1.563   0.0   0.0
 6.400  777.5 -90   6  15   1.563   0.0   0.0
 6.400  785.0 -90   6  15  -1.563   0.0   0.0
 6.400  787.5 -90   6  15  -1.563   0.0   0.0
 6.400  790.0 -90   6  15  -1.563   0.0   0.0
 6.400  792.5 -90   6  15  -1.563   0.0   0.0
 6.425  260.0  90  12  27   1.563   0.0   0.0
 6.425  262.5  90  12  30   1.563   0.0   0.0
 6.425  527.5  90  12  27   1.563   0.0   0.0
 6.425  532.5  90  12  21   1.563   0.0   0.0
 6.425  535.0  90  12  24   1.563   0.0   0.0
 6.425  537.5  90  12  27   1.563   0.0   0.0
 6.425  540.0  90  12  24   1.563   0.0   0.0
 6.425  550.0  90  12  21  -1.563   0.0   0.0
 6.425  552.5  90  12  21  -1.563  30.0  30.0
 6.425  555.0  90  12  24  -1.563   0.0   0.0
 6.425  557.5  90  12  24  -1.563   0.0   0.0
 6.425  560.0  90  12  21  -1.563   0.0   0.0
 6.425  250.0 -90   9  27   1.563   0.0   0.0
 6.425  252.5 -90   9  42   1.563   0.0   0.0
 6.425  255.0 -90   9  33   1.563   0.0   0.0
 6.425  507.5 -90   9  21   1.563   0.0   0.0
 6.425  510.0 -90   9  27   1.563   0.0   0.0
 6.425  517.5 -90   9  18   1.563   0.0   0.0
 6.425  520.0 -90   9  18   1.563   0.0   0.0
 6.425  522.5 -90   9  27  -1.563   0.0   0.0
 6.425  525.0 -90   9  24  -1.563   0.0   0.0
 6.425  527.5 -90   9  27  -1.563   0.0   0.0
 6.425  530.0 -90   9  18  -1.563   0.0   0.0
 6.425  532.5 -90   9  24  -1.563   0.0   0.0
 6.425  535.0 -90   9  27  -1.563   0.0   0.0
 6.425  537.5 -90   9  18  -1.563   0.0   0.0
 6.425  545.0 -90   9  18  -1.563   0.0   0.0
 6.425  767.5 -90   9  18  -1.563   0.0   0.0
 6.425 1280.0 -90   9  18  -1.563 210.0  30.0
 6.450  260.0  90  12  24   1.563   0.0   0.0
 6.450  262.5  90  12  30   1.563   0.0   0.0
 6.450  265.0  90  12  21   1.563   0.0   0.0
 6.450  527.5  90  12  27   1.563   0.0   0.0
 6.450  530.0  90  12  27   1.563   0.0   0.0
 6.450  537.5  90  12  21   1.563 270.0  30.0
 6.450  540.0  90  12  21   1.563   0.0   0.0
 6.450  542.5  90  12  21  -1.563   0.0   0.0
 6.450  550.0  90  12  21  -1.563  90.0  30.0
 6.450  552.5  90  12  21  -1.563  30.0  30.0
 6.450  557.5  90  12  21  -1.563   0.0   0.0
 6.450  250.0 -90   9  24   1.563   0.0   0.0
 6.450  252.5 -90   9  39   1.563   0.0   0.0
 6.450  255.0 -90   9  33   1.563   0.0   0.0
 6.450  507.5 -90   9  18   1.563   0.0   0.0
 6.450  510.0 -90   9  27   1.563   0.0   0.0
 6.450  512.5 -90   9  18  -1.563   0.0   0.0
 6.450  517.5 -90   9  24   1.563   0.0   0.0
 6.450  522.5 -90   9  24  -1.563   0.0   0.0
 6.450  525.0 -90   9  30  -1.563   0.0   0.0
 6.450  527.5 -90   9  24  -1.563   0.0   0.0
 6.450  532.5 -90   9  18   1.563 150.0  30.0
 6.450  535.0 -90   9  18  -1.563  90.0  30.0
 6.450  537.5 -90   9  24  -1.563   0.0   0.0
 6.450  540.0 -90   9  18  -1.563   0.0   0.0
 6.450  542.5 -90   9  18  -1.563  90.0  30.0
 6.450  790.0 -90   9  18  -1.563   0.0   0.0
 6.450 1280.0 -90   9  18  -1.563 150.0  30.0
 6.475  262.5  90  15  27   1.563   0.0   0.0
 6.475  527.5  90  15  27   1.563   0.0   0.0
 6.475  530.0  90  15  33   1.563   0.0   0.0
 6.475  532.5  90  15  24   1.563   0.0   0.0
 6.475  552.5  90  15  24  -1.563  90.0  30.0
 6.475  252.5 -90  12  36   1.563   0.0   0.0
 6.475  255.0 -90  12  33   1.563   0.0   0.0
 6.475  510.0 -90  12  27   1.563   0.0   0.0
 6.475  512.5 -90  12  27   1.563   0.0   0.0
 6.475  517.5 -90  12  21   1.563   0.0   0.0
 6.475  525.0 -90  12  21   1.563   0.0   0.0
 6.475  527.5 -90  12  21  -1.563   0.0   0.0
 6.475  530.0 -90  12  24  -1.563   0.0   0.0
 6.475  532.5 -90  12  21  -1.563   0.0   0.0
 6.500  262.5  90  12  24  -1.563   0.0   0.0
 6.500  265.0  90  12  27  -1.563   0.0   0.0
 6.500  530.0  90  12  27   1.563   0.0   0.0
 6.500  552.5  90  12  24  -1.563   0.0   0.0
 6.500  555.0  90  12  21  -1.563  30.0  30.0
 6.500  560.0  90  12  21  -1.563  90.0  30.0
 6.500  252.5 -90  12  33   1.563   0.0   0.0
 6.500  255.0 -90  12  33   1.563   0.0   0.0
 6.500  510.0 -90  12  24   1.563   0.0   0.0
 6.500  512.5 -90  12  30   1.563   0.0   0.0
 6.500  515.0 -90  12  21   1.563   0.0   0.0
 6.500  527.5 -90  12  21  -1.563   0.0   0.0
 6.500  530.0 -90  12  24  -1.563   0.0   0.0
 6.500  537.5 -90  12  24  -1.563   0.0   0.0
 6.525  262.5  90   9  24   1.563   0.0   0.0
 6.525  265.0  90   9  30   1.563   0.0   0.0
 6.525  267.5  90   9  18   1.563   0.0   0.0
 6.525  530.0  90   9  21   1.563   0.0   0.0
 6.525  532.5  90   9  21  -1.563   0.0   0.0
 6.525  535.0  90   9  21  -1.563   0.0   0.0
 6.525  540.0  90   9  18   1.563 150.0  30.0
 6.525  545.0  90   9  24  -1.563   0.0   0.0
 6.525  550.0  90   9  21  -1.563   0.0   0.0
 6.525  552.5  90   9  18  -1.563 150.0  30.0
 6.525  565.0  90   9  18  -1.563  90.0  30.0
 6.525  252.5 -90   6  27   1.563   0.0   0.0
 6.525  255.0 -90   6  30   1.563   0.0   0.0
 6.525  257.5 -90   6  18   1.563   0.0   0.0
 6.525  510.0 -90   6  18   1.563   0.0   0.0
 6.525  512.5 -90   6  24  -1.563   0.0   0.0
 6.525  515.0 -90   6  24   1.563   0.0   0.0
 6.525  525.0 -90   6  15   1.563  30.0  30.0
 6.525  527.5 -90   6  21  -1.563   0.0   0.0
 6.525  530.0 -90   6  15  -1.563 150.0  30.0
 6.525  532.5 -90   6  24  -1.563   0.0   0.0
 6.525  535.0 -90   6  15  -1.563  90.0  30.0
 6.525  537.5 -90   6  18  -1.563   0.0   0.0
 6.525  540.0 -90   6  21  -1.563   0.0   0.0
 6.525  542.5 -90   6  15  -1.563   0.0   0.0
 6.525  547.5 -90   6  15  -1.563  30.0  30.0
 6.525  795.0 -90   6  15  -1.563   0.0   0.0
 6.550  262.5  90   6  24   1.563   0.0   0.0
 6.550  265.0  90   6  21  -1.563   0.0   0.0
 6.550  532.5  90   6  30   1.563   0.0   0.0
 6.550  535.0  90   6  27   1.563   0.0   0.0
 6.550  537.5  90   6  18   1.563   0.0   0.0
 6.550  545.0  90   6  24   1.563   0.0   0.0
 6.550  547.5  90   6  24  -1.563   0.0   0.0
 6.550  550.0  90   6  18  -1.563   0.0   0.0
 6.550  552.5  90   6  18  -1.563   0.0   0.0
 6.550  557.5  90   6  24  -1.563  90.0  30.0
 6.550  560.0  90   6  15  -1.563  30.0  30.0
 6.550  562.5  90   6  18  -1.563  30.0  30.0
 6.550  565.0  90   6  15  -1.563  30.0  30.0
 6.550  577.5  90   6  15  -1.563  90.0  30.0
 6.550  800.0  90   6  15   1.563   0.0   0.0
 6.550  820.0  90   6  15  -1.563   0.0   0.0
 6.550  822.5  90   6  15  -1.563   0.0   0.0
 6.550  252.5 -90   6  21   1.563   0.0   0.0
 6.550  255.0 -90   6  27   1.563   0.0   0.0
 6.550  257.5 -90   6  18   1.563   0.0   0.0
 6.550  515.0 -90   6  27   1.563   0.0   0.0
 6.550  517.5 -90   6  15   1.563   0.0   0.0
 6.550  520.0 -90   6  15   1.563   0.0   0.0
 6.550  522.5 -90   6  15  -1.563   0.0   0.0
 6.550  525.0 -90   6  21   1.563   0.0   0.0
 6.550  527.5 -90   6  21  -1.563   0.0   0.0
 6.550  530.0 -90   6  24  -1.563   0.0   0.0
 6.550  532.5 -90   6  27  -1.563   0.0   0.0
 6.550  535.0 -90   6  18  -1.563   0.0   0.0
 6.550  537.5 -90   6  15  -1.563   0.0   0.0
 6.550  540.0 -90   6  15  -1.563 330.0  30.0
 6.550  777.5 -90   6  15  -1.563   0.0   0.0
 6.550  797.5 -90   6  15  -1.563   0.0   0.0
 6.575  262.5  90   6  15   1.563   0.0   0.0
 6.575  530.0  90   6  15   1.563   0.0   0.0
 6.575  532.5  90   6  30   1.563   0.0   0.0
 6.575  535.0  90   6  27   1.563   0.0   0.0
 6.575  537.5  90   6  18   1.563   0.0   0.0
 6.575  542.5  90   6  15  -1.563 150.0  30.0
 6.575  545.0  90   6  15  -1.563 270.0  30.0
 6.575  547.5  90   6  21  -1.563   0.0   0.0
 6.575  550.0  90   6  21  -1.563   0.0   0.0
 6.575  552.5  90   6  15  -1.563   0.0   0.0
 6.575  555.0  90   6  21  -1.563   0.0   0.0
 6.575  557.5  90   6  27  -1.563   0.0   0.0
 6.575  560.0  90   6  27  -1.563  90.0  30.0
 6.575  562.5  90   6  21  -1.563  90.0  30.0
 6.575  565.0  90   6  21  -1.563   0.0   0.0
 6.575  567.5  90   6  18  -1.563   0.0   0.0
 6.575  822.5  90   6  15   1.563   0.0   0.0
 6.575  832.5  90   6  15  -1.563  90.0  30.0
 6.575  252.5 -90   6  27   1.563   0.0   0.0
 6.575  255.0 -90   6  36   1.563   0.0   0.0
 6.575  257.5 -90   6  24   1.563   0.0   0.0
 6.575  515.0 -90   6  21   1.563   0.0   0.0
 6.575  517.5 -90   6  18   1.563   0.0   0.0
 6.575  520.0 -90   6  15   1.563   0.0   0.0
 6.575  522.5 -90   6  15   1.563   0.0   0.0
 6.575  525.0 -90   6  21   1.563   0.0   0.0
 6.575  527.5 -90   6  15  -1.563   0.0   0.0
 6.575  530.0 -90   6  18   1.563   0.0   0.0
 6.575  532.5 -90   6  18  -1.563   0.0   0.0
 6.575  535.0 -90   6  21  -1.563   0.0   0.0
 6.575  537.5 -90   6  21  -1.563   0.0   0.0
 6.575  540.0 -90   6  18  -1.563   0.0   0.0
 6.575  542.5 -90   6  15  -1.563   0.0   0.0
 6.575  772.5 -90   6  15  -1.563   0.0   0.0
 6.575  775.0 -90   6  18   1.563   0.0   0.0
 6.600  255.0  90   6  15   1.563  30.0  30.0
 6.600  267.5  90   6  18   1.563   0.0   0.0
 6.600  532.5  90   6  18  -1.563   0.0   0.0
 6.600  535.0  90   6  27   1.563   0.0   0.0
 6.600  537.5  90   6  24   1.563   0.0   0.0
 6.600  540.0  90   6  18   1.563   0.0   0.0
 6.600  542.5  90   6  21   1.563   0.0   0.0
 6.600  545.0  90   6  15   1.563   0.0   0.0
 6.600  547.5  90   6  18  -1.563   0.0   0.0
 6.600  550.0  90   6  24  -1.563   0.0   0.0
 6.600  552.5  90   6  24  -1.563   0.0   0.0
 6.600  555.0  90   6  21  -1.563  30.0  30.0
 6.600  557.5  90   6  21  -1.563  30.0  30.0
 6.600  560.0  90   6  18  -1.563  30.0  30.0
 6.600  562.5  90   6  18  -1.563  30.0  30.0
 6.600  567.5  90   6  18  -1.563  90.0  30.0
 6.600  815.0  90   6  15  -1.563   0.0   0.0
 6.600  820.0  90   6  15  -1.563   0.0   0.0
 6.600  822.5  90   6  15  -1.563   0.0   0.0
 6.600  252.5 -90   6  27   1.563   0.0   0.0
 6.600  255.0 -90   6  39   1.563   0.0   0.0
 6.600  257.5 -90   6  30   1.563   0.0   0.0
 6.600  512.5 -90   6  18   1.563   0.0   0.0
 6.600  517.5 -90   6  15   1.563   0.0   0.0
 6.600  525.0 -90   6  18   1.563   0.0   0.0
 6.600  532.5 -90   6  15  -1.563   0.0   0.0
 6.600  535.0 -90   6  18  -1.563   0.0   0.0
 6.600  537.5 -90   6  15  -1.563   0.0   0.0
 6.600  540.0 -90   6  18  -1.563   0.0   0.0
 6.600  545.0 -90   6  18  -1.563   0.0   0.0
 6.600  547.5 -90   6  15  -1.563 150.0  30.0
 6.600  772.5 -90   6  15   1.563   0.0   0.0
 6.600  775.0 -90   6  18   1.563   0.0   0.0
 6.600  787.5 -90   6  15   1.563   0.0   0.0
 6.625  255.0  90   6  15   1.563 330.0  30.0
 6.625  267.5  90   6  18   1.563   0.0   0.0
 6.625  535.0  90   6  27   1.563   0.0   0.0
 6.625  537.5  90   6  27   1.563   0.0   0.0
 6.625  540.0  90   6  15   1.563   0.0   0.0
 6.625  542.5  90   6  18   1.563   0.0   0.0
 6.625  545.0  90   6  18   1.563   0.0   0.0
 6.625  552.5  90   6  15  -1.563  90.0  30.0
 6.625  557.5  90   6  15  -1.563   0.0   0.0
 6.625  560.0  90   6  24  -1.563   0.0   0.0
 6.625  562.5  90   6  21  -1.563   0.0   0.0
 6.625  567.5  90   6  18  -1.563  90.0  30.0
 6.625  830.0  90   6  15  -1.563   0.0   0.0
 6.625  252.5 -90   6  24   1.563   0.0   0.0
 6.625  255.0 -90   6  39   1.563   0.0   0.0
 6.625  257.5 -90   6  30   1.563   0.0   0.0
 6.625  515.0 -90   6  21  -1.563   0.0   0.0
 6.625  517.5 -90   6  15   1.563   0.0   0.0
 6.625  520.0 -90   6  15  -1.563   0.0   0.0
 6.625  522.5 -90   6  21   1.563   0.0   0.0
 6.625  527.5 -90   6  18   1.563   0.0   0.0
 6.625  530.0 -90   6  21  -1.563   0.0   0.0
 6.625  532.5 -90   6  18  -1.563   0.0   0.0
 6.625  535.0 -90   6  15  -1.563   0.0   0.0
 6.625  537.5 -90   6  15  -1.563   0.0   0.0
 6.625  540.0 -90   6  21  -1.563   0.0   0.0
 6.625  542.5 -90   6  15  -1.563   0.0   0.0
 6.625  545.0 -90   6  18  -1.563   0.0   0.0
 6.625  547.5 -90   6  18  -1.563  90.0  30.0
 6.625  550.0 -90   6  18  -1.563  90.0  30.0
 6.625  555.0 -90   6  15  -1.563  90.0  30.0
 6.625  775.0 -90   6  15   1.563   0.0   0.0
 6.650  255.0  90   6  15   1.563  30.0  30.0
 6.650  262.5  90   6  15   1.563   0.0   0.0
 6.650  265.0  90   6  24   1.563   0.0   0.0
 6.650  267.5  90   6  27   1.563   0.0   0.0
 6.650  535.0  90   6  18   1.563   0.0   0.0
 6.650  537.5  90   6  21   1.563   0.0   0.0
 6.650  540.0  90   6  21   1.563   0.0   0.0
 6.650  547.5  90   6  18   1.563   0.0   0.0
 6.650  550.0  90   6  21   1.563   0.0   0.0
 6.650  552.5  90   6  21  -1.563   0.0   0.0
 6.650  555.0  90   6  15  -1.563  90.0  30.0
 6.650  557.5  90   6  24  -1.563   0.0   0.0
 6.650  560.0  90   6  21  -1.563   0.0   0.0
 6.650  565.0  90   6  18  -1.563   0.0   0.0
 6.650  567.5  90   6  18  -1.563  90.0  30.0
 6.650  570.0  90   6  18  -1.563  90.0  30.0
 6.650  252.5 -90   6  24   1.563   0.0   0.0
 6.650  255.0 -90   6  36   1.563   0.0   0.0
 6.650  257.5 -90   6  27   1.563   0.0   0.0
 6.650  515.0 -90   6  27   1.563   0.0   0.0
 6.650  517.5 -90   6  21   1.563   0.0   0.0
 6.650  520.0 -90   6  15  -1.563   0.0   0.0
 6.650  522.5 -90   6  15   1.563   0.0   0.0
 6.650  525.0 -90   6  15   1.563 330.0  30.0
 6.650  527.5 -90   6  15   1.563   0.0   0.0
 6.650  530.0 -90   6  18  -1.563   0.0   0.0
 6.650  532.5 -90   6  18  -1.563   0.0   0.0
 6.650  535.0 -90   6  24  -1.563   0.0   0.0
 6.650  537.5 -90   6  21  -1.563   0.0   0.0
 6.650  540.0 -90   6  15  -1.563   0.0   0.0
 6.650  545.0 -90   6  18  -1.563   0.0   0.0
 6.650  550.0 -90   6  21  -1.563   0.0   0.0
 6.650  775.0 -90   6  18   1.563   0.0   0.0
 6.650  777.5 -90   6  18   1.563   0.0   0.0
 6.650  810.0 -90   6  15  -1.563  90.0  30.0
 6.675  265.0  90   6  27   1.563   0.0   0.0
 6.675  267.5  90   6  30   1.563   0.0   0.0
 6.675  540.0  90   6  24   1.563   0.0   0.0
 6.675  542.5  90   6  15  -1.563   0.0   0.0
 6.675  545.0  90   6  15  -1.563   0.0   0.0
 6.675  547.5  90   6  15   1.563   0.0   0.0
 6.675  550.0  90   6  21   1.563   0.0   0.0
 6.675  552.5  90   6  21  -1.563   0.0   0.0
 6.675  555.0  90   6  24  -1.563   0.0   0.0
 6.675  557.5  90   6  27  -1.563   0.0   0.0
 6.675  560.0  90   6  15  -1.563 150.0  30.0
 6.675  562.5  90   6  21  -1.563  30.0  30.0
 6.675  565.0  90   6  21  -1.563  90.0  30.0
 6.675  567.5  90   6  15  -1.563  90.0  30.0
 6.675  812.5  90   6  15  -1.563   0.0   0.0
 6.675  820.0  90   6  15   1.563   0.0   0.0
 6.675  252.5 -90   6  18   1.563   0.0   0.0
 6.675  255.0 -90   6  30   1.563   0.0   0.0
 6.675  515.0 -90   6  21   1.563   0.0   0.0
 6.675  517.5 -90   6  18   1.563   0.0   0.0
 6.675  520.0 -90   6  15   1.563   0.0   0.0
 6.675  522.5 -90   6  15   1.563   0.0   0.0
 6.675  527.5 -90   6  21   1.563   0.0   0.0
 6.675  530.0 -90   6  15  -1.563   0.0   0.0
 6.675  532.5 -90   6  15   1.563   0.0   0.0
 6.675  535.0 -90   6  27  -1.563   0.0   0.0
 6.675  537.5 -90   6  24  -1.563   0.0   0.0
 6.675  540.0 -90   6  21  -1.563   0.0   0.0
 6.675  542.5 -90   6  24  -1.563   0.0   0.0
 6.675  547.5 -90   6  21  -1.563   0.0   0.0
 6.675  550.0 -90   6  15  -1.563  30.0  30.0
 6.675  552.5 -90   6  15  -1.563   0.0   0.0
 6.675  785.0 -90   6  15  -1.563   0.0   0.0
 6.675  787.5 -90   6  15   1.563   0.0   0.0
 6.675  805.0 -90   6  15  -1.563   0.0   0.0
 6.700  265.0  90   6  24   1.563   0.0   0.0
 6.700  267.5  90   6  30   1.563   0.0   0.0
 6.700  270.0  90   6  18   1.563   0.0   0.0
 6.700  537.5  90   6  21   1.563   0.0   0.0
 6.700  540.0  90   6  21   1.563   0.0   0.0
 6.700  542.5  90   6  21  -1.563   0.0   0.0
 6.700  547.5  90   6  18   1.563   0.0   0.0
 6.700  550.0  90   6  18   1.563   0.0   0.0
 6.700  552.5  90   6  15   1.563   0.0   0.0
 6.700  555.0  90   6  18  -1.563   0.0   0.0
 6.700  557.5  90   6  15  -1.563  30.0  30.0
 6.700  560.0  90   6  24  -1.563  90.0  30.0
 6.700  562.5  90   6  24  -1.563   0.0   0.0
 6.700  565.0  90   6  18  -1.563  30.0  30.0
 6.700  567.5  90   6  15  -1.563 330.0  30.0
 6.700  570.0  90   6  15  -1.563  90.0  30.0
 6.700  810.0  90   6  15   1.563   0.0   0.0
 6.700  817.5  90   6  15  -1.563   0.0   0.0
 6.700  827.5  90   6  15  -1.563  90.0  30.0
 6.700  830.0  90   6  15  -1.563   0.0   0.0
 6.700  255.0 -90   6  30   1.563   0.0   0.0
 6.700  257.5 -90   6  27   1.563   0.0   0.0
 6.700  517.5 -90   6  21   1.563   0.0   0.0
 6.700  520.0 -90   6  21   1.563   0.0   0.0
 6.700  522.5 -90   6  15   1.563   0.0   0.0
 6.700  525.0 -90   6  21   1.563   0.0   0.0
 6.700  527.5 -90   6  21   1.563   0.0   0.0
 6.700  530.0 -90   6  18  -1.563   0.0   0.0
 6.700  532.5 -90   6  21  -1.563   0.0   0.0
 6.700  535.0 -90   6  24  -1.563   0.0   0.0
 6.700  542.5 -90   6  18  -1.563   0.0   0.0
 6.700  545.0 -90   6  15  -1.563   0.0   0.0
 6.700  547.5 -90   6  21  -1.563   0.0   0.0
 6.700  550.0 -90   6  18  -1.563   0.0   0.0
 6.700  552.5 -90   6  15  -1.563   0.0   0.0
 6.700  780.0 -90   6  15   1.563   0.0   0.0
 6.700  790.0 -90   6  15  -1.563   0.0   0.0
 6.725  267.5  90   9  24   1.563   0.0   0.0
 6.725  537.5  90   9  21  -1.563   0.0   0.0
 6.725  540.0  90   9  24   1.563   0.0   0.0
 6.725  542.5  90   9  24   1.563   0.0   0.0
 6.725  545.0  90   9  18   1.563   0.0   0.0
 6.725  547.5  90   9  21   1.563   0.0   0.0
 6.725  550.0  90   9  21   1.563   0.0   0.0
 6.725  552.5  90   9  21   1.563  90.0  30.0
 6.725  555.0  90   9  18  -1.563 330.0  30.0
 6.725  560.0  90   9  21  -1.563   0.0   0.0
 6.725  562.5  90   9  18  -1.563   0.0   0.0
 6.725  565.0  90   9  21  -1.563   0.0   0.0
 6.725  567.5  90   9  18  -1.563   0.0   0.0
 6.725  255.0 -90   9  30   1.563   0.0   0.0
 6.725  257.5 -90   9  33   1.563   0.0   0.0
 6.725  517.5 -90   9  24   1.563   0.0   0.0
 6.725  520.0 -90   9  24   1.563   0.0   0.0
 6.725  522.5 -90   9  24   1.563   0.0   0.0
 6.725  527.5 -90   9  18   1.563   0.0   0.0
 6.725  535.0 -90   9  24  -1.563   0.0   0.0
 6.725  537.5 -90   9  21  -1.563  90.0  30.0
 6.725  540.0 -90   9  18  -1.563   0.0   0.0
 6.725  542.5 -90   9  21  -1.563  90.0  30.0
 6.725  545.0 -90   9  24  -1.563   0.0   0.0
 6.725  555.0 -90   9  18  -1.563   0.0   0.0
 6.725  780.0 -90   9  18  -1.563   0.0   0.0
 6.750  265.0  90   6  15   1.563   0.0   0.0
 6.750  267.5  90   6  21   1.563   0.0   0.0
 6.750  270.0  90   6  18  -1.563   0.0   0.0
 6.750  537.5  90   6  18  -1.563   0.0   0.0
 6.750  540.0  90   6  30   1.563   0.0   0.0
 6.750  542.5  90   6  24   1.563   0.0   0.0
 6.750  545.0  90   6  15   1.563   0.0   0.0
 6.750  547.5  90   6  24   1.563   0.0   0.0
 6.750  552.5  90   6  18  -1.563   0.0   0.0
 6.750  555.0  90   6  15  -1.563  90.0  30.0
 6.750  557.5  90   6  18  -1.563   0.0   0.0
 6.750  560.0  90   6  24  -1.563  30.0  30.0
 6.750  562.5  90   6  27  -1.563   0.0   0.0
 6.750  565.0  90   6  24  -1.563   0.0   0.0
 6.750  567.5  90   6  18  -1.563  90.0  30.0
 6.750  570.0  90   6  18  -1.563  90.0  30.0
 6.750  580.0  90   6  15  -1.563  90.0  30.0
 6.750  825.0  90   6  15   1.563   0.0   0.0
 6.750  835.0  90   6  18  -1.563   0.0   0.0
 6.750  837.5  90   6  15  -1.563   0.0   0.0
 6.750  255.0 -90   6  27   1.563   0.0   0.0
 6.750  257.5 -90   6  30   1.563   0.0   0.0
 6.750  260.0 -90   6  15   1.563   0.0   0.0
 6.750  517.5 -90   6  27   1.563   0.0   0.0
 6.750  520.0 -90   6  27   1.563   0.0   0.0
 6.750  522.5 -90   6  27   1.563   0.0   0.0
 6.750  525.0 -90   6  18   1.563   0.0   0.0
 6.750  527.5 -90   6  18   1.563 150.0  30.0
 6.750  530.0 -90   6  15  -1.563   0.0   0.0
 6.750  532.5 -90   6  24   1.563   0.0   0.0
 6.750  535.0 -90   6  18  -1.563   0.0   0.0
 6.750  540.0 -90   6  21  -1.563   0.0   0.0
 6.750  542.5 -90   6  27  -1.563   0.0   0.0
 6.750  545.0 -90   6  24  -1.563   0.0   0.0
 6.750  547.5 -90   6  15  -1.563 150.0  30.0
 6.750  557.5 -90   6  15  -1.563  90.0  30.0
 6.750  780.0 -90   6  15   1.563   0.0   0.0
 6.750  787.5 -90   6  15   1.563   0.0   0.0
 6.750  802.5 -90   6  15  -1.563   0.0   0.0
 6.775  267.5  90   6  24   1.563   0.0   0.0
 6.775  270.0  90   6  24   1.563   0.0   0.0
 6.775  540.0  90   6  24  -1.563   0.0   0.0
 6.775  542.5  90   6  30  -1.563   0.0   0.0
 6.775  545.0  90   6  21   1.563   0.0   0.0
 6.775  547.5  90   6  18   1.563   0.0   0.0
 6.775  550.0  90   6  18   1.563   0.0   0.0
 6.775  552.5  90   6  15  -1.563   0.0   0.0
 6.775  555.0  90   6  15  -1.563   0.0   0.0
 6.775  557.5  90   6  15  -1.563 210.0  30.0
 6.775  560.0  90   6  15  -1.563 270.0  30.0
 6.775  562.5  90   6  24  -1.563   0.0   0.0
 6.775  565.0  90   6  24  -1.563  30.0  30.0
 6.775  567.5  90   6  18  -1.563  30.0  30.0
 6.775  570.0  90   6  15  -1.563  30.0  30.0
 6.775  575.0  90   6  15  -1.563  90.0  30.0
 6.775  815.0  90   6  15  -1.563   0.0   0.0
 6.775  257.5 -90   6  27   1.563   0.0   0.0
 6.775  260.0 -90   6  21   1.563   0.0   0.0
 6.775  517.5 -90   6  18   1.563   0.0   0.0
 6.775  520.0 -90   6  27   1.563   0.0   0.0
 6.775  522.5 -90   6  27   1.563   0.0   0.0
 6.775  525.0 -90   6  21   1.563   0.0   0.0
 6.775  527.5 -90   6  15   1.563   0.0   0.0
 6.775  530.0 -90   6  18   1.563 150.0  30.0
 6.775  532.5 -90   6  18   1.563   0.0   0.0
 6.775  535.0 -90   6  18   1.563   0.0   0.0
 6.775  537.5 -90   6  21  -1.563   0.0   0.0
 6.775  540.0 -90   6  15  -1.563   0.0   0.0
 6.775  542.5 -90   6  27  -1.563   0.0   0.0
 6.775  550.0 -90   6  15  -1.563   0.0   0.0
 6.775  552.5 -90   6  15  -1.563  90.0  30.0
 6.775  780.0 -90   6  15   1.563   0.0   0.0
 6.775  782.5 -90   6  21   1.563   0.0   0.0
 6.775  787.5 -90   6  15   1.563   0.0   0.0
 6.800  267.5  90   6  27   1.563   0.0   0.0
 6.800  270.0  90   6  27   1.563   0.0   0.0
 6.800  542.5  90   6  30   1.563   0.0   0.0
 6.800  545.0  90   6  27   1.563   0.0   0.0
 6.800  547.5  90   6  15  -1.563   0.0   0.0
 6.800  550.0  90   6  18   1.563   0.0   0.0
 6.800  552.5  90   6  15  -1.563   0.0   0.0
 6.800  555.0  90   6  18  -1.563   0.0   0.0
 6.800  557.5  90   6  15  -1.563  30.0  30.0
 6.800  560.0  90   6  21  -1.563   0.0   0.0
 6.800  567.5  90   6  21  -1.563  30.0  30.0
 6.800  570.0  90   6  18  -1.563   0.0   0.0
 6.800  257.5 -90   6  27   1.563   0.0   0.0
 6.800  260.0 -90   6  27   1.563   0.0   0.0
 6.800  520.0 -90   6  24   1.563   0.0   0.0
 6.800  522.5 -90   6  15  -1.563 210.0  30.0
 6.800  525.0 -90   6  15   1.563   0.0   0.0
 6.800  527.5 -90   6  18   1.563   0.0   0.0
 6.800  530.0 -90   6  15   1.563   0.0   0.0
 6.800  535.0 -90   6  15  -1.563   0.0   0.0
 6.800  537.5 -90   6  18  -1.563   0.0   0.0
 6.800  540.0 -90   6  21  -1.563   0.0   0.0
 6.800  542.5 -90   6  24  -1.563   0.0   0.0
 6.800  545.0 -90   6  15  -1.563   0.0   0.0
 6.800  547.5 -90   6  24  -1.563   0.0   0.0
 6.800  550.0 -90   6  21  -1.563   0.0   0.0
 6.800  552.5 -90   6  18  -1.563  30.0  30.0
 6.800  782.5 -90   6  15  -1.563   0.0   0.0
 6.800  785.0 -90   6  15  -1.563   0.0   0.0
 6.800  792.5 -90   6  15  -1.563   0.0   0.0
 6.825  267.5  90   6  24   1.563   0.0   0.0
 6.825  270.0  90   6  30   1.563   0.0   0.0
 6.825  272.5  90   6  15  -1.563   0.0   0.0
 6.825  540.0  90   6  18   1.563   0.0   0.0
 6.825  542.5  90   6  27   1.563   0.0   0.0
 6.825  545.0  90   6  24  -1.563   0.0   0.0
 6.825  555.0  90   6  21  -1.563 150.0  30.0
 6.825  557.5  90   6  18  -1.563 330.0  30.0
 6.825  560.0  90   6  18  -1.563   0.0   0.0
 6.825  562.5  90   6  15  -1.563  90.0  30.0
 6.825  565.0  90   6  21  -1.563   0.0   0.0
 6.825  567.5  90   6  21  -1.563  30.0  30.0
 6.825  570.0  90   6  15  -1.563  30.0  30.0
 6.825  572.5  90   6  15  -1.563  30.0  30.0
 6.825  575.0  90   6  18  -1.563  90.0  30.0
 6.825  582.5  90   6  15  -1.563  90.0  30.0
 6.825  257.5 -90   6  33   1.563   0.0   0.0
 6.825  260.0 -90   6  30   1.563   0.0   0.0
 6.825  520.0 -90   6  27   1.563   0.0   0.0
 6.825  522.5 -90   6  30   1.563   0.0   0.0
 6.825  525.0 -90   6  21   1.563   0.0   0.0
 6.825  527.5 -90   6  18  -1.563   0.0   0.0
 6.825  530.0 -90   6  18   1.563   0.0   0.0
 6.825  532.5 -90   6  15   1.563   0.0   0.0
 6.825  535.0 -90   6  18  -1.563   0.0   0.0
 6.825  537.5 -90   6  24   1.563   0.0   0.0
 6.825  540.0 -90   6  21  -1.563   0.0   0.0
 6.825  542.5 -90   6  18  -1.563 330.0  30.0
 6.825  545.0 -90   6  18  -1.563  90.0  30.0
 6.825  547.5 -90   6  18  -1.563   0.0   0.0
 6.825  552.5 -90   6  18  -1.563  90.0  30.0
 6.825  555.0 -90   6  18  -1.563   0.0   0.0
 6.825  560.0 -90   6  18  -1.563  90.0  30.0
 6.825  782.5 -90   6  15   1.563   0.0   0.0
 6.825  785.0 -90   6  21   1.563   0.0   0.0
 6.825  807.5 -90   6  15  -1.563   0.0   0.0
 6.825  810.0 -90   6  15  -1.563   0.0   0.0
 6.850  267.5  90   6  24   1.563   0.0   0.0
 6.850  270.0  90   6  36   1.563   0.0   0.0
 6.850  272.5  90   6  24   1.563   0.0   0.0
 6.850  542.5  90   6  21   1.563   0.0   0.0
 6.850  545.0  90   6  21   1.563   0.0   0.0
 6.850  547.5  90   6  21  -1.563   0.0   0.0
 6.850  550.0  90   6  15  -1.563   0.0   0.0
 6.850  552.5  90   6  15  -1.563   0.0   0.0
 6.850  555.0  90   6  18  -1.563   0.0   0.0
 6.850  557.5  90   6  15  -1.563  30.0  30.0
 6.850  560.0  90   6  15  -1.563 150.0  30.0
 6.850  562.5  90   6  21  -1.563   0.0   0.0
 6.850  565.0  90   6  18  -1.563  90.0  30.0
 6.850  567.5  90   6  21  -1.563  30.0  30.0
 6.850  575.0  90   6  18  -1.563  90.0  30.0
 6.850  257.5 -90   6  30   1.563   0.0   0.0
 6.850  260.0 -90   6  27   1.563   0.0   0.0
 6.850  520.0 -90   6  24   1.563   0.0   0.0
 6.850  522.5 -90   6  27   1.563   0.0   0.0
 6.850  525.0 -90   6  15   1.563   0.0   0.0
 6.850  527.5 -90   6  18   1.563   0.0   0.0
 6.850  530.0 -90   6  15   1.563   0.0   0.0
 6.850  535.0 -90   6  18   1.563   0.0   0.0
 6.850  537.5 -90   6  24  -1.563   0.0   0.0
 6.850  542.5 -90   6  18  -1.563   0.0   0.0
 6.850  545.0 -90   6  18  -1.563  90.0  30.0
 6.850  547.5 -90   6  15  -1.563  90.0  30.0
 6.850  550.0 -90   6  18  -1.563  90.0  30.0
 6.850  552.5 -90   6  21  -1.563   0.0   0.0
 6.850  555.0 -90   6  18  -1.563  90.0  30.0
 6.850  797.5 -90   6  18   1.563   0.0   0.0
 6.875  260.0  90  27  36   1.563 330.0  30.0
 6.875  267.5  90  27  45  -1.563   0.0   0.0
 6.875  270.0  90  27  60   1.563   0.0   0.0
 6.875  272.5  90  27  54   1.563   0.0   0.0
 6.875  275.0  90  27  36  -1.563   0.0   0.0
 6.875  542.5  90  27  39   1.563   0.0   0.0
 6.875  545.0  90  27  39   1.563   0.0   0.0
 6.875  547.5  90  27  48  -1.563   0.0   0.0
 6.875  550.0  90  27  45   1.563   0.0   0.0
 6.875  552.5  90  27  39   1.563   0.0   0.0
 6.875  555.0  90  27  36  -1.563  30.0  30.0
 6.875  557.5  90  27  42  -1.563 150.0  30.0
 6.875  560.0  90  27  45  -1.563   0.0   0.0
 6.875  562.5  90  27  42  -1.563  30.0  30.0
 6.875  565.0  90  27  45  -1.563   0.0   0.0
 6.875  567.5  90  27  45  -1.563   0.0   0.0
 6.875  570.0  90  27  36  -1.563 150.0  30.0
 6.875  572.5  90  27  39  -1.563   0.0   0.0
 6.875  575.0  90  27  36  -1.563  30.0  30.0
 6.875  577.5  90  27  39  -1.563   0.0   0.0
 6.875  587.5  90  27  36  -1.563  90.0  30.0
 6.875  832.5  90  27  36  -1.563   0.0   0.0
 6.875  837.5  90  27  39  -1.563   0.0   0.0
 6.875  840.0  90  27  39  -1.563 150.0  30.0
 6.875  842.5  90  27  36  -1.563  90.0  30.0
 6.875  852.5  90  27  36  -1.563  90.0  30.0
 6.875  255.0 -90  24  33   1.563   0.0   0.0
 6.875  257.5 -90  24  48   1.563   0.0   0.0
 6.875  260.0 -90  24  51   1.563   0.0   0.0
 6.875  262.5 -90  24  36   1.563   0.0   0.0
 6.875  270.0 -90  24  36   1.563  30.0  30.0
 6.875  522.5 -90  24  48   1.563   0.0   0.0
 6.875  525.0 -90  24  45   1.563   0.0   0.0
 6.875  527.5 -90  24  42   1.563   0.0   0.0
 6.875  530.0 -90  24  42   1.563   0.0   0.0
 6.875  532.5 -90  24  39  -1.563   0.0   0.0
 6.875  537.5 -90  24  42  -1.563   0.0   0.0
 6.875  540.0 -90  24  36  -1.563   0.0   0.0
 6.875  542.5 -90  24  48  -1.563   0.0   0.0
 6.875  545.0 -90  24  42  -1.563   0.0   0.0
 6.875  547.5 -90  24  39  -1.563  90.0  30.0
 6.875  550.0 -90  24  39  -1.563  90.0  30.0
 6.875  552.5 -90  24  36   1.563 150.0  30.0
 6.875  555.0 -90  24  33  -1.563   0.0   0.0
 6.875  557.5 -90  24  39  -1.563   0.0   0.0
 6.875  560.0 -90  24  39  -1.563  90.0  30.0
 6.875  562.5 -90  24  36  -1.563   0.0   0.0
 6.875  567.5 -90  24  33  -1.563  90.0  30.0
 6.875  572.5 -90  24  33  -1.563  90.0  30.0
 6.875  575.0 -90  24  36  -1.563  90.0  30.0
 6.875  785.0 -90  24  36   1.563   0.0   0.0
 6.875  787.5 -90  24  42   1.563   0.0   0.0
 6.875  792.5 -90  24  33   1.563   0.0   0.0
 6.875  795.0 -90  24  33  -1.563   0.0   0.0
 6.875  797.5 -90  24  36   1.563   0.0   0.0
 6.875  810.0 -90  24  33  -1.563  90.0  30.0
 6.875  812.5 -90  24  33  -1.563   0.0   0.0
 6.900  260.0  90  27  39   1.563 330.0  30.0
 6.900  267.5  90  27  36  -1.563   0.0   0.0
 6.900  270.0  90  27  60   1.563   0.0   0.0
 6.900  272.5  90  27  60   1.563   0.0   0.0
 6.900  545.0  90  27  45   1.563   0.0   0.0
 6.900  550.0  90  27  39  -1.563   0.0   0.0
 6.900  552.5  90  27  36  -1.563   0.0   0.0
 6.900  555.0  90  27  39   1.563   0.0   0.0
 6.900  557.5  90  27  42  -1.563   0.0   0.0
 6.900  560.0  90  27  42   1.563   0.0   0.0
 6.900  562.5  90  27  42  -1.563   0.0   0.0
 6.900  565.0  90  27  48  -1.563   0.0   0.0
 6.900  567.5  90  27  39  -1.563  90.0  30.0
 6.900  570.0  90  27  39  -1.563   0.0   0.0
 6.900  572.5  90  27  42  -1.563  30.0  30.0
 6.900  575.0  90  27  39  -1.563  90.0  30.0
 6.900  577.5  90  27  36  -1.563  90.0  30.0
 6.900  587.5  90  27  36  -1.563  90.0  30.0
 6.900  257.5 -90  24  48   1.563   0.0   0.0
 6.900  260.0 -90  24  54   1.563   0.0   0.0
 6.900  262.5 -90  24  42   1.563   0.0   0.0
 6.900  270.0 -90  24  36  -1.563  30.0  30.0
 6.900  272.5 -90  24  36   1.563  30.0  30.0
 6.900  522.5 -90  24  48   1.563   0.0   0.0
 6.900  525.0 -90  24  51   1.563   0.0   0.0
 6.900  527.5 -90  24  42   1.563   0.0   0.0
 6.900  530.0 -90  24  33   1.563   0.0   0.0
 6.900  532.5 -90  24  39   1.563   0.0   0.0
 6.900  535.0 -90  24  39   1.563   0.0   0.0
 6.900  537.5 -90  24  42   1.563   0.0   0.0
 6.900  540.0 -90  24  36   1.563 150.0  30.0
 6.900  542.5 -90  24  42  -1.563   0.0   0.0
 6.900  545.0 -90  24  39  -1.563   0.0   0.0
 6.900  547.5 -90  24  42  -1.563   0.0   0.0
 6.900  550.0 -90  24  42  -1.563  90.0  30.0
 6.900  552.5 -90  24  39  -1.563   0.0   0.0
 6.900  555.0 -90  24  39  -1.563   0.0   0.0
 6.900  557.5 -90  24  36  -1.563   0.0   0.0
 6.900  560.0 -90  24  42  -1.563   0.0   0.0
 6.900  562.5 -90  24  36  -1.563  30.0  30.0
 6.900  565.0 -90  24  33  -1.563  90.0  30.0
 6.900  567.5 -90  24  36  -1.563  90.0  30.0
 6.900  570.0 -90  24  33  -1.563  90.0  30.0
 6.900  572.5 -90  24  33  -1.563  90.0  30.0
 6.900  787.5 -90  24  39  -1.563   0.0   0.0
 6.900  795.0 -90  24  33  -1.563 210.0  30.0
 6.900  797.5 -90  24  33  -1.563   0.0   0.0
 6.900  807.5 -90  24  33  -1.563   0.0   0.0
 6.900  815.0 -90  24  33  -1.563   0.0   0.0
 6.900  817.5 -90  24  33  -1.563   0.0   0.0
 6.900  820.0 -90  24  36  -1.563   0.0   0.0
 6.900 1057.5 -90  24  33  -1.563   0.0   0.0
 6.900 1060.0 -90  24  33   1.563   0.0   0.0
 6.925  260.0  90  15  27  -1.563 330.0  30.0
 6.925  262.5  90  15  24   1.563   0.0   0.0
 6.925  265.0  90  15  24  -1.563   0.0   0.0
 6.925  267.5  90  15  30  -1.563   0.0   0.0
 6.925  270.0  90  15  48   1.563   0.0   0.0
 6.925  272.5  90  15  51   1.563   0.0   0.0
 6.925  275.0  90  15  27  -1.563   0.0   0.0
 6.925  277.5  90  15  27   1.563   0.0   0.0
 6.925  280.0  90  15  24   1.563   0.0   0.0
 6.925  525.0  90  15  24   1.563  30.0  30.0
 6.925  545.0  90  15  30   1.563   0.0   0.0
 6.925  547.5  90  15  33   1.563   0.0   0.0
 6.925  550.0  90  15  27  -1.563   0.0   0.0
 6.925  552.5  90  15  27   1.563   0.0   0.0
 6.925  555.0  90  15  27  -1.563   0.0   0.0
 6.925  557.5  90  15  27   1.563   0.0   0.0
 6.925  560.0  90  15  27   1.563  90.0  30.0
 6.925  562.5  90  15  36  -1.563   0.0   0.0
 6.925  565.0  90  15  39  -1.563   0.0   0.0
 6.925  567.5  90  15  33  -1.563   0.0   0.0
 6.925  570.0  90  15  33  -1.563   0.0   0.0
 6.925  572.5  90  15  24  -1.563  30.0  30.0
 6.925  575.0  90  15  24  -1.563   0.0   0.0
 6.925  580.0  90  15  24  -1.563   0.0   0.0
 6.925  582.5  90  15  24  -1.563   0.0   0.0
 6.925  585.0  90  15  24  -1.563  90.0  30.0
 6.925  827.5  90  15  24  -1.563   0.0   0.0
 6.925  832.5  90  15  24  -1.563   0.0   0.0
 6.925  842.5  90  15  24  -1.563  90.0  30.0
 6.925  860.0  90  15  24  -1.563   0.0   0.0
 6.925  255.0 -90  12  21  -1.563   0.0   0.0
 6.925  257.5 -90  12  33   1.563   0.0   0.0
 6.925  260.0 -90  12  45   1.563   0.0   0.0
 6.925  262.5 -90  12  33   1.563   0.0   0.0
 6.925  270.0 -90  12  24   1.563 330.0  30.0
 6.925  272.5 -90  12  27   1.563  30.0  30.0
 6.925  522.5 -90  12  39   1.563   0.0   0.0
 6.925  525.0 -90  12  42   1.563   0.0   0.0
 6.925  527.5 -90  12  30   1.563   0.0   0.0
 6.925  530.0 -90  12  21  -1.563   0.0   0.0
 6.925  532.5 -90  12  30   1.563   0.0   0.0
 6.925  535.0 -90  12  24   1.563   0.0   0.0
 6.925  537.5 -90  12  27   1.563 150.0  30.0
 6.925  540.0 -90  12  24  -1.563   0.0   0.0
 6.925  542.5 -90  12  33  -1.563   0.0   0.0
 6.925  545.0 -90  12  24  -1.563   0.0   0.0
 6.925  547.5 -90  12  24  -1.563  30.0  30.0
 6.925  550.0 -90  12  27  -1.563   0.0   0.0
 6.925  552.5 -90  12  30  -1.563   0.0   0.0
 6.925  555.0 -90  12  27  -1.563   0.0   0.0
 6.925  557.5 -90  12  27  -1.563   0.0   0.0
 6.925  560.0 -90  12  27  -1.563 270.0  30.0
 6.925  562.5 -90  12  21  -1.563  30.0  30.0
 6.925  565.0 -90  12  21  10.938 270.0  30.0
 6.925  570.0 -90  12  24  -1.563  90.0  30.0
 6.925  572.5 -90  12  21  -1.563  90.0  30.0
 6.925  790.0 -90  12  27  -1.563   0.0   0.0
 6.925  797.5 -90  12  21   1.563 150.0  30.0
 6.925  805.0 -90  12  24  -1.563   0.0   0.0
 6.925  810.0 -90  12  21  -1.563   0.0   0.0
 6.950  260.0  90  15  24  -1.563  30.0  30.0
 6.950  267.5  90  15  27   1.563   0.0   0.0
 6.950  270.0  90  15  42   1.563   0.0   0.0
 6.950  272.5  90  15  51   1.563   0.0   0.0
 6.950  275.0  90  15  30   1.563   0.0   0.0
 6.950  545.0  90  15  27  -1.563   0.0   0.0
 6.950  547.5  90  15  39   1.563   0.0   0.0
 6.950  550.0  90  15  39   1.563   0.0   0.0
 6.950  552.5  90  15  33   1.563   0.0   0.0
 6.950  555.0  90  15  24  -1.563 210.0  30.0
 6.950  557.5  90  15  27   1.563   0.0   0.0
 6.950  560.0  90  15  27  -1.563  90.0  30.0
 6.950  565.0  90  15  33  -1.563   0.0   0.0
 6.950  567.5  90  15  33  -1.563   0.0   0.0
 6.950  570.0  90  15  33  -1.563  90.0  30.0
 6.950  572.5  90  15  33  -1.563   0.0   0.0
 6.950  575.0  90  15  30  -1.563 330.0  30.0
 6.950  577.5  90  15  27  -1.563  90.0  30.0
 6.950  585.0  90  15  24  -1.563  90.0  30.0
 6.950  590.0  90  15  24  -1.563  90.0  30.0
 6.950  832.5  90  15  24   1.563   0.0   0.0
 6.950  842.5  90  15  24  -1.563   0.0   0.0
 6.950  260.0 -90  15  42   1.563   0.0   0.0
 6.950  262.5 -90  15  39   1.563   0.0   0.0
 6.950  270.0 -90  15  24   1.563 210.0  30.0
 6.950  272.5 -90  15  30   1.563  30.0  30.0
 6.950  522.5 -90  15  27   1.563   0.0   0.0
 6.950  525.0 -90  15  42   1.563   0.0   0.0
 6.950  527.5 -90  15  33   1.563   0.0   0.0
 6.950  530.0 -90  15  30   1.563   0.0   0.0
 6.950  532.5 -90  15  33   1.563   0.0   0.0
 6.950  535.0 -90  15  30   1.563   0.0   0.0
 6.950  540.0 -90  15  30  -1.563   0.0   0.0
 6.950  542.5 -90  15  24   1.563   0.0   0.0
 6.950  545.0 -90  15  27  -1.563   0.0   0.0
 6.950  547.5 -90  15  27  -1.563   0.0   0.0
 6.950  550.0 -90  15  33  -1.563   0.0   0.0
 6.950  552.5 -90  15  36  -1.563   0.0   0.0
 6.950  555.0 -90  15  24  -1.563 330.0  30.0
 6.950  557.5 -90  15  24  -1.563 150.0  30.0
 6.950  560.0 -90  15  30  -1.563   0.0   0.0
 6.950  792.5 -90  15  27   1.563   0.0   0.0
 6.950  805.0 -90  15  24  -1.563 150.0  30.0
 6.950  822.5 -90  15  24  -1.563   0.0   0.0
 6.975  260.0  90  15  24  -1.563 330.0  30.0
 6.975  262.5  90  15  24  -1.563  30.0  30.0
 6.975  270.0  90  15  39   1.563   0.0   0.0
 6.975  272.5  90  15  51   1.563   0.0   0.0
 6.975  275.0  90  15  42   1.563   0.0   0.0
 6.975  277.5  90  15  27  -1.563   0.0   0.0
 6.975  527.5  90  15  24   1.563  90.0  30.0
 6.975  547.5  90  15  36  -1.563   0.0   0.0
 6.975  550.0  90  15  39   1.563   0.0   0.0
 6.975  552.5  90  15  33  -1.563   0.0   0.0
 6.975  557.5  90  15  24  -1.563 270.0  30.0
 6.975  560.0  90  15  30  -1.563 270.0  30.0
 6.975  562.5  90  15  27  -1.563   0.0   0.0
 6.975  567.5  90  15  30  -1.563   0.0   0.0
 6.975  570.0  90  15  36  -1.563   0.0   0.0
 6.975  572.5  90  15  30  -1.563 330.0  30.0
 6.975  575.0  90  15  27  -1.563  90.0  30.0
 6.975  577.5  90  15  27  -1.563  90.0  30.0
 6.975  580.0  90  15  24  -1.563  90.0  30.0
 6.975  830.0  90  15  24   1.563   0.0   0.0
 6.975  842.5  90  15  24   1.563  90.0  30.0
 6.975  845.0  90  15  24   1.563   0.0   0.0
 6.975  260.0 -90  15  42   1.563   0.0   0.0
 6.975  262.5 -90  15  42   1.563   0.0   0.0
 6.975  272.5 -90  15  30   1.563  30.0  30.0
 6.975  275.0 -90  15  24   1.563 150.0  30.0
 6.975  525.0 -90  15  42   1.563   0.0   0.0
 6.975  527.5 -90  15  45   1.563   0.0   0.0
 6.975  530.0 -90  15  36   1.563   0.0   0.0
 6.975  535.0 -90  15  33   1.563   0.0   0.0
 6.975  537.5 -90  15  24   1.563 270.0  30.0
 6.975  545.0 -90  15  27  -1.563 330.0  30.0
 6.975  550.0 -90  15  30  -1.563  90.0  30.0
 6.975  552.5 -90  15  33  -1.563   0.0   0.0
 6.975  557.5 -90  15  24  -1.563   0.0   0.0
 6.975  560.0 -90  15  27  -1.563   0.0   0.0
 6.975  562.5 -90  15  24  -1.563   0.0   0.0
 6.975  565.0 -90  15  24  -1.563  90.0  30.0
 6.975  792.5 -90  15  27  -1.563   0.0   0.0
 6.975  797.5 -90  15  27  -1.563   0.0   0.0
 6.975  800.0 -90  15  24  -1.563   0.0   0.0
 7.000  260.0  90  15  24   1.563   0.0   0.0
 7.000  262.5  90  15  24  -1.563   0.0   0.0
 7.000  270.0  90  15  30   1.563   0.0   0.0
 7.000  272.5  90  15  51   1.563   0.0   0.0
 7.000  275.0  90  15  48   1.563   0.0   0.0
 7.000  277.5  90  15  27  -1.563   0.0   0.0
 7.000  547.5  90  15  24  -1.563   0.0   0.0
 7.000  552.5  90  15  27  -1.563   0.0   0.0
 7.000  555.0  90  15  27  -1.563   0.0   0.0
 7.000  557.5  90  15  24   1.563  90.0  30.0
 7.000  560.0  90  15  30   1.563  90.0  30.0
 7.000  562.5  90  15  30  -1.563   0.0   0.0
 7.000  565.0  90  15  33   1.563   0.0   0.0
 7.000  567.5  90  15  30  -1.563   0.0   0.0
 7.000  570.0  90  15  27  -1.563   0.0   0.0
 7.000  572.5  90  15  27  -1.563   0.0   0.0
 7.000  575.0  90  15  30  -1.563  90.0  30.0
 7.000  577.5  90  15  30  -1.563   0.0   0.0
 7.000  582.5  90  15  24  -1.563  90.0  30.0
 7.000  827.5  90  15  24  -1.563   0.0   0.0
 7.000  830.0  90  15  27   1.563   0.0   0.0
 7.000  832.5  90  15  27   1.563   0.0   0.0
 7.000  260.0 -90  15  42   1.563   0.0   0.0
 7.000  262.5 -90  15  45   1.563   0.0   0.0
 7.000  265.0 -90  15  24  -1.563   0.0   0.0
 7.000  272.5 -90  15  30   1.563 330.0  30.0
 7.000  275.0 -90  15  27   1.563 210.0  30.0
 7.000  525.0 -90  15  36   1.563   0.0   0.0
 7.000  527.5 -90  15  42   1.563   0.0   0.0
 7.000  535.0 -90  15  33   1.563   0.0   0.0
 7.000  537.5 -90  15  27   1.563   0.0   0.0
 7.000  550.0 -90  15  24  -1.563   0.0   0.0
 7.000  555.0 -90  15  30  -1.563  90.0  30.0
 7.000  557.5 -90  15  30  -1.563  90.0  30.0
 7.000  560.0 -90  15  30  -1.563  90.0  30.0
 7.000  565.0 -90  15  24  -1.563   0.0   0.0
 7.000  800.0 -90  15  24   1.563   0.0   0.0
 7.000  802.5 -90  15  24  -1.563   0.0   0.0
 7.025  272.5  90   9  42   1.563   0.0   0.0
 7.025  275.0  90   9  42   1.563   0.0   0.0
 7.025  277.5  90   9  18  -1.563   0.0   0.0
 7.025  550.0  90   9  21   1.563   0.0   0.0
 7.025  552.5  90   9  18   1.563   0.0   0.0
 7.025  560.0  90   9  18  -1.563  90.0  30.0
 7.025  565.0  90   9  21  -1.563   0.0   0.0
 7.025  567.5  90   9  21  -1.563   0.0   0.0
 7.025  572.5  90   9  18   1.563   0.0   0.0
 7.025  575.0  90   9  24  -1.563   0.0   0.0
 7.025  577.5  90   9  24  -1.563   0.0   0.0
 7.025  260.0 -90   6  33   1.563   0.0   0.0
 7.025  262.5 -90   6  30   1.563   0.0   0.0
 7.025  265.0 -90   6  18   1.563   0.0   0.0
 7.025  272.5 -90   6  18   1.563 210.0  30.0
 7.025  275.0 -90   6  21  -1.563 210.0  30.0
 7.025  525.0 -90   6  18  -1.563   0.0   0.0
 7.025  527.5 -90   6  33   1.563   0.0   0.0
 7.025  530.0 -90   6  21  -1.563   0.0   0.0
 7.025  535.0 -90   6  21   1.563   0.0   0.0
 7.025  537.5 -90   6  15   1.563 150.0  30.0
 7.025  540.0 -90   6  18  -1.563   0.0   0.0
 7.025  545.0 -90   6  18  -1.563 150.0  30.0
 7.025  547.5 -90   6  15  -1.563 330.0  30.0
 7.025  552.5 -90   6  21  -1.563  90.0  30.0
 7.025  555.0 -90   6  18  -1.563 330.0  30.0
 7.025  557.5 -90   6  21  -1.563   0.0   0.0
 7.025  560.0 -90   6  15  -1.563  90.0  30.0
 7.025  562.5 -90   6  15  -1.563  30.0  30.0
 7.025  565.0 -90   6  15  -1.563  90.0  30.0
 7.050  272.5  90   9  39   1.563   0.0   0.0
 7.050  275.0  90   9  42   1.563   0.0   0.0
 7.050  277.5  90   9  24   1.563   0.0   0.0
 7.050  550.0  90   9  18   1.563   0.0   0.0
 7.050  552.5  90   9  21   1.563   0.0   0.0
 7.050  555.0  90   9  18   1.563   0.0   0.0
 7.050  557.5  90   9  18   1.563   0.0   0.0
 7.050  560.0  90   9  18  -1.563  90.0  30.0
 7.050  565.0  90   9  21  -1.563   0.0   0.0
 7.050  567.5  90   9  21  -1.563   0.0   0.0
 7.050  570.0  90   9  18  -1.563 330.0  30.0
 7.050  575.0  90   9  24  -1.563   0.0   0.0
 7.050  577.5  90   9  21  -1.563   0.0   0.0
 7.050  580.0  90   9  24  -1.563   0.0   0.0
 7.050  582.5  90   9  24  -1.563   0.0   0.0
 7.050  585.0  90   9  21  -1.563   0.0   0.0
 7.050  260.0 -90   6  30   1.563   0.0   0.0
 7.050  262.5 -90   6  30   1.563   0.0   0.0
 7.050  265.0 -90   6  18  -1.563   0.0   0.0
 7.050  272.5 -90   6  18  -1.563  30.0  30.0
 7.050  275.0 -90   6  21   1.563 330.0  30.0
 7.050  525.0 -90   6  15   1.563   0.0   0.0
 7.050  527.5 -90   6  30   1.563   0.0   0.0
 7.050  530.0 -90   6  33   1.563   0.0   0.0
 7.050  532.5 -90   6  24   1.563   0.0   0.0
 7.050  535.0 -90   6  21   1.563   0.0   0.0
 7.050  537.5 -90   6  21   1.563   0.0   0.0
 7.050  540.0 -90   6  18  -1.563   0.0   0.0
 7.050  542.5 -90   6  15  -1.563   0.0   0.0
 7.050  545.0 -90   6  18   1.563   0.0   0.0
 7.050  550.0 -90   6  18  -1.563  90.0  30.0
 7.050  552.5 -90   6  24  -1.563   0.0   0.0
 7.050  555.0 -90   6  15  -1.563  30.0  30.0
 7.050  557.5 -90   6  15  -1.563   0.0   0.0
 7.050  560.0 -90   6  15  -1.563   0.0   0.0
 7.050  795.0 -90   6  15   1.563   0.0   0.0
 7.050  812.5 -90   6  15  -1.563   0.0   0.0
 7.075  272.5  90  12  33  -1.563   0.0   0.0
 7.075  275.0  90  12  42   1.563   0.0   0.0
 7.075  277.5  90  12  21   1.563   0.0   0.0
 7.075  552.5  90  12  21  -1.563   0.0   0.0
 7.075  555.0  90  12  21  -1.563   0.0   0.0
 7.075  557.5  90  12  24   1.563   0.0   0.0
 7.075  562.5  90  12  21   1.563   0.0   0.0
 7.075  565.0  90  12  24  -1.563   0.0   0.0
 7.075  567.5  90  12  24  -1.563   0.0   0.0
 7.075  570.0  90  12  24  -1.563   0.0   0.0
 7.075  572.5  90  12  21  -1.563   0.0   0.0
 7.075  577.5  90  12  24  -1.563   0.0   0.0
 7.075  585.0  90  12  21  -1.563  30.0  30.0
 7.075  260.0 -90  12  27   1.563   0.0   0.0
 7.075  262.5 -90  12  36   1.563   0.0   0.0
 7.075  265.0 -90  12  24   1.563   0.0   0.0
 7.075  527.5 -90  12  24   1.563   0.0   0.0
 7.075  530.0 -90  12  30   1.563   0.0   0.0
 7.075  542.5 -90  12  21  -1.563   0.0   0.0
 7.075  552.5 -90  12  21  -1.563   0.0   0.0
 7.075  797.5 -90  12  21   1.563   0.0   0.0
 7.100  272.5  90  18  27   1.563   0.0   0.0
 7.100  275.0  90  18  42   1.563   0.0   0.0
 7.100  277.5  90  18  36   1.563   0.0   0.0
 7.100  557.5  90  18  27  -1.563   0.0   0.0
 7.100  260.0 -90  15  27  -1.563   0.0   0.0
 7.100  262.5 -90  15  39   1.563   0.0   0.0
 7.100  265.0 -90  15  30   1.563   0.0   0.0
 7.100  527.5 -90  15  24   1.563   0.0   0.0
 7.100  530.0 -90  15  33   1.563   0.0   0.0
 7.125  275.0  90  15  42   1.563   0.0   0.0
 7.125  277.5  90  15  42  -1.563   0.0   0.0
 7.125  557.5  90  15  27  -1.563   0.0   0.0
 7.125  560.0  90  15  24   1.563   0.0   0.0
 7.125  262.5 -90  15  39   1.563   0.0   0.0
 7.125  265.0 -90  15  33  -1.563   0.0   0.0
 7.125  275.0 -90  15  24  -1.563 150.0  30.0
 7.125  530.0 -90  15  30   1.563   0.0   0.0
 7.125  532.5 -90  15  33  -1.563   0.0   0.0
 7.125  547.5 -90  15  24  -1.563   0.0   0.0
 7.125  560.0 -90  15  24  -1.563  90.0  30.0
 7.150  262.5  90  12  21   1.563  30.0  30.0
 7.150  275.0  90  12  39   1.563   0.0   0.0
 7.150  277.5  90  12  42   1.563   0.0   0.0
 7.150  280.0  90  12  21   1.563   0.0   0.0
 7.150  555.0  90  12  21  -1.563   0.0   0.0
 7.150  557.5  90  12  24   1.563   0.0   0.0
 7.150  560.0  90  12  24  -1.563   0.0   0.0
 7.150  570.0  90  12  21  -1.563   0.0   0.0
 7.150  572.5  90  12  21   1.563   0.0   0.0
 7.150  580.0  90  12  21  -1.563   0.0   0.0
 7.150  587.5  90  12  21  -1.563  30.0  30.0
 7.150  262.5 -90  12  39   1.563   0.0   0.0
 7.150  265.0 -90  12  33   1.563   0.0   0.0
 7.150  277.5 -90  12  21  -1.563  30.0  30.0
 7.150  530.0 -90  12  21  -1.563   0.0   0.0
 7.150  532.5 -90  12  33   1.563   0.0   0.0
 7.150  535.0 -90  12  24   1.563   0.0   0.0
 7.150  540.0 -90  12  24   1.563   0.0   0.0
 7.150  560.0 -90  12  21  -1.563  90.0  30.0
 7.175  265.0  90  12  21  -1.563   0.0   0.0
 7.175  275.0  90  12  33  -1.563   0.0   0.0
 7.175  277.5  90  12  42   1.563   0.0   0.0
 7.175  280.0  90  12  30   1.563   0.0   0.0
 7.175  557.5  90  12  21  -1.563   0.0   0.0
 7.175  560.0  90  12  27  -1.563   0.0   0.0
 7.175  562.5  90  12  24   1.563   0.0   0.0
 7.175  565.0  90  12  21   1.563   0.0   0.0
 7.175  572.5  90  12  21  -1.563   0.0   0.0
 7.175  580.0  90  12  21  -1.563   0.0   0.0
 7.175  585.0  90  12  21  -1.563 330.0  30.0
 7.175  587.5  90  12  21  -1.563   0.0   0.0
 7.175  262.5 -90  15  39   1.563   0.0   0.0
 7.175  265.0 -90  15  42   1.563   0.0   0.0
 7.175  267.5 -90  15  27   1.563   0.0   0.0
 7.175  532.5 -90  15  36   1.563   0.0   0.0
 7.175  535.0 -90  15  30   1.563   0.0   0.0
 7.175  540.0 -90  15  24   1.563   0.0   0.0
 7.175  555.0 -90  15  27  -1.563   0.0   0.0
 7.200  275.0  90  12  27  -1.563   0.0   0.0
 7.200  277.5  90  12  42   1.563   0.0   0.0
 7.200  280.0  90  12  36   1.563   0.0   0.0
 7.200  560.0  90  12  27   1.563   0.0   0.0
 7.200  565.0  90  12  21  -1.563   0.0   0.0
 7.200  572.5  90  12  21  -1.563   0.0   0.0
 7.200  582.5  90  12  27  -1.563   0.0   0.0
 7.200  585.0  90  12  21  -1.563   0.0   0.0
 7.200  592.5  90  12  21  -1.563  90.0  30.0
 7.200  262.5 -90  12  36   1.563   0.0   0.0
 7.200  265.0 -90  12  42   1.563   0.0   0.0
 7.200  267.5 -90  12  30   1.563   0.0   0.0
 7.200  277.5 -90  12  21   1.563  30.0  30.0
 7.200  532.5 -90  12  33   1.563   0.0   0.0
 7.200  535.0 -90  12  30   1.563   0.0   0.0
 7.200  537.5 -90  12  24   1.563   0.0   0.0
 7.200  540.0 -90  12  24   1.563   0.0   0.0
 7.200  555.0 -90  12  24  -1.563   0.0   0.0
 7.200  560.0 -90  12  21  -1.563   0.0   0.0
 7.225  277.5  90  12  39   1.563   0.0   0.0
 7.225  280.0  90  12  36   1.563   0.0   0.0
 7.225  560.0  90  12  21   1.563   0.0   0.0
 7.225  565.0  90  12  21  -1.563   0.0   0.0
 7.225  580.0  90  12  21  -1.563   0.0   0.0
 7.225  582.5  90  12  27  -1.563   0.0   0.0
 7.225  585.0  90  12  21  -1.563  90.0  30.0
 7.225  592.5  90  12  21  -1.563  90.0  30.0
 7.225  595.0  90  12  21  -1.563  90.0  30.0
 7.225  262.5 -90   9  30   1.563   0.0   0.0
 7.225  265.0 -90   9  36   1.563   0.0   0.0
 7.225  267.5 -90   9  27  -1.563   0.0   0.0
 7.225  280.0 -90   9  18   1.563   0.0   0.0
 7.225  532.5 -90   9  24   1.563   0.0   0.0
 7.225  535.0 -90   9  24   1.563   0.0   0.0
 7.225  537.5 -90   9  18   1.563   0.0   0.0
 7.225  542.5 -90   9  21  -1.563   0.0   0.0
 7.225  552.5 -90   9  18  -1.563   0.0   0.0
 7.225  555.0 -90   9  18  -1.563   0.0   0.0
 7.225  560.0 -90   9  21  -1.563   0.0   0.0
 7.225  562.5 -90   9  18  -1.563  90.0  30.0
 7.225  565.0 -90   9  21  -1.563  90.0  30.0
 7.225  822.5 -90   9  18  -1.563 150.0  30.0
 7.250  277.5  90  15  36   1.563   0.0   0.0
 7.250  280.0  90  15  39   1.563   0.0   0.0
 7.250  282.5  90  15  24  -1.563   0.0   0.0
 7.250  562.5  90  15  24   1.563   0.0   0.0
 7.250  565.0  90  15  24  -1.563   0.0   0.0
 7.250  580.0  90  15  24  -1.563   0.0   0.0
 7.250  587.5  90  15  27  -1.563   0.0   0.0
 7.250  590.0  90  15  27  -1.563  90.0  30.0
 7.250  262.5 -90  12  27   1.563   0.0   0.0
 7.250  265.0 -90  12  30   1.563   0.0   0.0
 7.250  267.5 -90  12  27  -1.563   0.0   0.0
 7.250  535.0 -90  12  27   1.563   0.0   0.0
 7.250  537.5 -90  12  27   1.563   0.0   0.0
 7.250  555.0 -90  12  21  -1.563   0.0   0.0
 7.250  557.5 -90  12  21  -1.563   0.0   0.0
 7.250  560.0 -90  12  21  -1.563   0.0   0.0
 7.250  567.5 -90  12  21  -1.563  90.0  30.0
 7.275  277.5  90   9  33   1.563   0.0   0.0
 7.275  280.0  90   9  42   1.563   0.0   0.0
 7.275  282.5  90   9  30   1.563   0.0   0.0
 7.275  285.0  90   9  18   1.563   0.0   0.0
 7.275  562.5  90   9  24   1.563   0.0   0.0
 7.275  565.0  90   9  24   1.563   0.0   0.0
 7.275  572.5  90   9  21  -1.563   0.0   0.0
 7.275  575.0  90   9  18  -1.563  90.0  30.0
 7.275  577.5  90   9  18  -1.563   0.0   0.0
 7.275  580.0  90   9  21  -1.563   0.0   0.0
 7.275  582.5  90   9  24  -1.563  30.0  30.0
 7.275  585.0  90   9  24  -1.563   0.0   0.0
 7.275  587.5  90   9  21  -1.563  90.0  30.0
 7.275  590.0  90   9  27  -1.563   0.0   0.0
 7.275  592.5  90   9  27  -1.563   0.0   0.0
 7.275  595.0  90   9  18  -1.563  90.0  30.0
 7.275  862.5  90   9  18  -1.563   0.0   0.0
 7.275  872.5  90   9  18  -1.563   0.0   0.0
 7.275  262.5 -90   9  24   1.563   0.0   0.0
 7.275  265.0 -90   9  39   1.563   0.0   0.0
 7.275  267.5 -90   9  36   1.563   0.0   0.0
 7.275  535.0 -90   9  30   1.563   0.0   0.0
 7.275  537.5 -90   9  30   1.563   0.0   0.0
 7.275  540.0 -90   9  18   1.563   0.0   0.0
 7.275  547.5 -90   9  18  -1.563   0.0   0.0
 7.275  552.5 -90   9  18   1.563   0.0   0.0
 7.275  555.0 -90   9  21  -1.563   0.0   0.0
 7.275  557.5 -90   9  21  -1.563   0.0   0.0
 7.275  560.0 -90   9  18 -10.938 270.0  30.0
 7.275  562.5 -90   9  18  -1.563 150.0  30.0
 7.275  565.0 -90   9  18  -1.563   0.0   0.0
 7.275  567.5 -90   9  18  -1.563   0.0   0.0
 7.275  810.0 -90   9  18  -1.563   0.0   0.0
 7.300  277.5  90  12  21   1.563   0.0   0.0
 7.300  280.0  90  12  39   1.563   0.0   0.0
 7.300  282.5  90  12  33   1.563   0.0   0.0
 7.300  562.5  90  12  21   1.563   0.0   0.0
 7.300  565.0  90  12  27   1.563   0.0   0.0
 7.300  575.0  90  12  21   1.563   0.0   0.0
 7.300  580.0  90  12  21  -1.563   0.0   0.0
 7.300  587.5  90  12  21  -1.563   0.0   0.0
 7.300  592.5  90  12  21  -1.563  30.0  30.0
 7.300  862.5  90  12  21  -1.563   0.0   0.0
 7.300  262.5 -90  12  21   1.563   0.0   0.0
 7.300  265.0 -90  12  36   1.563   0.0   0.0
 7.300  267.5 -90  12  39   1.563   0.0   0.0
 7.300  270.0 -90  12  21  -1.563   0.0   0.0
 7.300  535.0 -90  12  21   1.563   0.0   0.0
 7.300  537.5 -90  12  27   1.563   0.0   0.0
 7.300  540.0 -90  12  24   1.563   0.0   0.0
 7.300  545.0 -90  12  21  -1.563   0.0   0.0
 7.325  280.0  90  18  39   1.563   0.0   0.0
 7.325  282.5  90  18  36   1.563   0.0   0.0
 7.325  265.0 -90  18  30  -1.563   0.0   0.0
 7.325  267.5 -90  18  36   1.563   0.0   0.0
 7.325  540.0 -90  18  27   1.563   0.0   0.0
 7.350  280.0  90  18  36   1.563   0.0   0.0
 7.350  282.5  90  18  42   1.563   0.0   0.0
 7.350  285.0  90  18  27  -1.563   0.0   0.0
 7.350  267.5 -90  18  39   1.563   0.0   0.0
 7.350  270.0 -90  18  30   1.563   0.0   0.0
 7.350  540.0 -90  18  30   1.563   0.0   0.0
 7.375  280.0  90  12  33   1.563   0.0   0.0
 7.375  282.5  90  12  42   1.563   0.0   0.0
 7.375  285.0  90  12  33   1.563   0.0   0.0
 7.375  560.0  90  12  21  -1.563 210.0  30.0
 7.375  567.5  90  12  21   1.563   0.0   0.0
 7.375  570.0  90  12  27  -1.563   0.0   0.0
 7.375  572.5  90  12  27  -1.563   0.0   0.0
 7.375  575.0  90  12  21  -1.563   0.0   0.0
 7.375  580.0  90  12  21  -1.563   0.0   0.0
 7.375  590.0  90  12  21  -1.563   0.0   0.0
 7.375  592.5  90  12  21  -1.563  90.0  30.0
 7.375  595.0  90  12  21  -1.563  90.0  30.0
 7.375  265.0 -90  12  27   1.563   0.0   0.0
 7.375  267.5 -90  12  42   1.563   0.0   0.0
 7.375  270.0 -90  12  33   1.563   0.0   0.0
 7.375  540.0 -90  12  24  -1.563   0.0   0.0
 7.375  542.5 -90  12  24   1.563   0.0   0.0
 7.375  545.0 -90  12  24   1.563   0.0   0.0
 7.375  552.5 -90  12  21   1.563   0.0   0.0
 7.375  555.0 -90  12  21  -1.563   0.0   0.0
 7.375  560.0 -90  12  21  -1.563   0.0   0.0
 7.400  267.5  90   6  15  -1.563   0.0   0.0
 7.400  270.0  90   6  15  -1.563 330.0  30.0
 7.400  280.0  90   6  21  -1.563   0.0   0.0
 7.400  282.5  90   6  42   1.563   0.0   0.0
 7.400  285.0  90   6  39   1.563   0.0   0.0
 7.400  560.0  90   6  21  -1.563 270.0  30.0
 7.400  567.5  90   6  15  -1.563   0.0   0.0
 7.400  570.0  90   6  21   1.563   0.0   0.0
 7.400  572.5  90   6  27  -1.563   0.0   0.0
 7.400  575.0  90   6  24   1.563   0.0   0.0
 7.400  580.0  90   6  18  -1.563   0.0   0.0
 7.400  582.5  90   6  21  -1.563   0.0   0.0
 7.400  585.0  90   6  21  -1.563   0.0   0.0
 7.400  587.5  90   6  24  -1.563   0.0   0.0
 7.400  590.0  90   6  24  -1.563   0.0   0.0
 7.400  592.5  90   6  15  -1.563  90.0  30.0
 7.400  595.0  90   6  18  -1.563   0.0   0.0
 7.400  597.5  90   6  18  -1.563   0.0   0.0
 7.400  600.0  90   6  15  -1.563  90.0  30.0
 7.400  602.5  90   6  18  -1.563  30.0  30.0
 7.400  870.0  90   6  18  -1.563   0.0   0.0
 7.400  885.0  90   6  15  -1.563   0.0   0.0
 7.400  240.0 -90   6  15   1.563   0.0   0.0
 7.400  262.5 -90   6  15   1.563   0.0   0.0
 7.400  265.0 -90   6  24   1.563   0.0   0.0
 7.400  267.5 -90   6  42   1.563   0.0   0.0
 7.400  270.0 -90   6  36   1.563   0.0   0.0
 7.400  282.5 -90   6  15   1.563   0.0   0.0
 7.400  542.5 -90   6  27   1.563   0.0   0.0
 7.400  545.0 -90   6  18   1.563   0.0   0.0
 7.400  547.5 -90   6  21   1.563   0.0   0.0
 7.400  550.0 -90   6  18   1.563   0.0   0.0
 7.400  552.5 -90   6  15  -1.563   0.0   0.0
 7.400  557.5 -90   6  18  -1.563   0.0   0.0
 7.400  560.0 -90   6  15  -1.563  90.0  30.0
 7.400  562.5 -90   6  15  -1.563   0.0   0.0
 7.400  565.0 -90   6  18  -1.563   0.0   0.0
 7.400  567.5 -90   6  15  -1.563 270.0  30.0
 7.400  570.0 -90   6  18  -1.563 150.0  30.0
 7.400  572.5 -90   6  18  -1.563  90.0  30.0
 7.400  575.0 -90   6  18  -1.563 150.0  30.0
 7.400  577.5 -90   6  18  -1.563   0.0   0.0
 7.400  580.0 -90   6  15  -1.563  90.0  30.0
 7.400  582.5 -90   6  15  -1.563  90.0  30.0
 7.425  277.5  90   9  18  -1.563   0.0   0.0
 7.425  280.0  90   9  18  -1.563   0.0   0.0
 7.425  282.5  90   9  39   1.563   0.0   0.0
 7.425  285.0  90   9  42   1.563   0.0   0.0
 7.425  290.0  90   9  18   1.563   0.0   0.0
 7.425  560.0  90   9  18  -1.563 270.0  30.0
 7.425  572.5  90   9  27  -1.563   0.0   0.0
 7.425  575.0  90   9  21   1.563   0.0   0.0
 7.425  577.5  90   9  18   1.563   0.0   0.0
 7.425  580.0  90   9  21  -1.563   0.0   0.0
 7.425  585.0  90   9  24  -1.563   0.0   0.0
 7.425  590.0  90   9  21  -1.563 330.0  30.0
 7.425  592.5  90   9  18  -1.563   0.0   0.0
 7.425  595.0  90   9  21  -1.563   0.0   0.0
 7.425  600.0  90   9  21  -1.563  30.0  30.0
 7.425  602.5  90   9  18  -1.563  30.0  30.0
 7.425  867.5  90   9  18  -1.563   0.0   0.0
 7.425  870.0  90   9  18   1.563   0.0   0.0
 7.425  265.0 -90   9  21   1.563   0.0   0.0
 7.425  267.5 -90   9  39   1.563   0.0   0.0
 7.425  270.0 -90   9  39   1.563   0.0   0.0
 7.425  272.5 -90   9  18  -1.563   0.0   0.0
 7.425  540.0 -90   9  21   1.563   0.0   0.0
 7.425  542.5 -90   9  30   1.563   0.0   0.0
 7.425  545.0 -90   9  27   1.563   0.0   0.0
 7.425  547.5 -90   9  24   1.563   0.0   0.0
 7.425  550.0 -90   9  21   1.563   0.0   0.0
 7.425  552.5 -90   9  21   1.563   0.0   0.0
 7.425  555.0 -90   9  24  -1.563   0.0   0.0
 7.425  557.5 -90   9  24  -1.563   0.0   0.0
 7.425  560.0 -90   9  21  -1.563   0.0   0.0
 7.425  562.5 -90   9  18  -1.563   0.0   0.0
 7.425  565.0 -90   9  21  -1.563   0.0   0.0
 7.425  567.5 -90   9  24  -1.563   0.0   0.0
 7.425  570.0 -90   9  18  -1.563   0.0   0.0
 7.425  577.5 -90   9  18  -1.563  90.0  30.0
 7.450  282.5  90  12  33  -1.563   0.0   0.0
 7.450  285.0  90  12  42   1.563   0.0   0.0
 7.450  287.5  90  12  27  -1.563   0.0   0.0
 7.450  290.0  90  12  21   1.563   0.0   0.0
 7.450  560.0  90  12  21  -1.563 270.0  30.0
 7.450  572.5  90  12  24  -1.563   0.0   0.0
 7.450  575.0  90  12  24  -1.563   0.0   0.0
 7.450  577.5  90  12  21  -1.563   0.0   0.0
 7.450  580.0  90  12  27  -1.563   0.0   0.0
 7.450  582.5  90  12  21   1.563   0.0   0.0
 7.450  585.0  90  12  21  -1.563 150.0  30.0
 7.450  587.5  90  12  24  -1.563   0.0   0.0
 7.450  592.5  90  12  21  -1.563   0.0   0.0
 7.450  595.0  90  12  21  -1.563   0.0   0.0
 7.450  600.0  90  12  21  -1.563  30.0  30.0
 7.450  267.5 -90  12  36   1.563   0.0   0.0
 7.450  270.0 -90  12  39   1.563   0.0   0.0
 7.450  540.0 -90  12  24   1.563   0.0   0.0
 7.450  542.5 -90  12  30   1.563   0.0   0.0
 7.450  545.0 -90  12  27   1.563   0.0   0.0
 7.450  547.5 -90  12  21  -1.563   0.0   0.0
 7.450  555.0 -90  12  21  -1.563   0.0   0.0
 7.450  560.0 -90  12  24  -1.563   0.0   0.0
 7.475  282.5  90  18  30  -1.563   0.0   0.0
 7.475  285.0  90  18  42   1.563   0.0   0.0
 7.475  287.5  90  18  33   1.563   0.0   0.0
 7.475  580.0  90  18  27  -1.563   0.0   0.0
 7.475  267.5 -90  15  33   1.563   0.0   0.0
 7.475  270.0 -90  15  39   1.563   0.0   0.0
 7.475  272.5 -90  15  27   1.563   0.0   0.0
 7.475  542.5 -90  15  24   1.563 270.0  30.0
 7.475  570.0 -90  15  24  -1.563  90.0  30.0
 7.500  285.0  90  18  39  -1.563   0.0   0.0
 7.500  287.5  90  18  39   1.563   0.0   0.0
 7.500  267.5 -90  18  27  -1.563   0.0   0.0
 7.500  270.0 -90  18  33  -1.563   0.0   0.0
 7.500  272.5 -90  18  30  -1.563   0.0   0.0
 7.525  285.0  90  15  33   1.563   0.0   0.0
 7.525  287.5  90  15  39   1.563   0.0   0.0
 7.525  577.5  90  15  24  -1.563   0.0   0.0
 7.525  270.0 -90  15  30   1.563   0.0   0.0
 7.525  272.5 -90  15  33   1.563   0.0   0.0
 7.525  545.0 -90  15  27   1.563   0.0   0.0
 7.525  547.5 -90  15  30   1.563   0.0   0.0
 7.525  550.0 -90  15  24  -1.563   0.0   0.0
 7.525  552.5 -90  15  24   1.563   0.0   0.0
 7.550  285.0  90  12  24   1.563   0.0   0.0
 7.550  287.5  90  12  36  -1.563   0.0   0.0
 7.550  290.0  90  12  27  -1.563   0.0   0.0
 7.550  577.5  90  12  21   1.563   0.0   0.0
 7.550  585.0  90  12  21  -1.563   0.0   0.0
 7.550  590.0  90  12  21  -1.563   0.0   0.0
 7.550  270.0 -90  12  36   1.563   0.0   0.0
 7.550  272.5 -90  12  36   1.563   0.0   0.0
 7.550  545.0 -90  12  21   1.563   0.0   0.0
 7.550  547.5 -90  12  27   1.563   0.0   0.0
 7.550  550.0 -90  12  21   1.563   0.0   0.0
 7.550  552.5 -90  12  21   1.563   0.0   0.0
 7.550  560.0 -90  12  21  -1.563   0.0   0.0
 7.550  565.0 -90  12  21  -1.563 150.0  30.0
 7.550  567.5 -90  12  21  -1.563   0.0   0.0
 7.550  570.0 -90  12  21  -1.563   0.0   0.0
 7.550  572.5 -90  12  21  -1.563   0.0   0.0
 7.575  287.5  90   9  36  -1.563   0.0   0.0
 7.575  290.0  90   9  36  -1.563   0.0   0.0
 7.575  292.5  90   9  21  -1.563   0.0   0.0
 7.575  560.0  90   9  18  -1.563 270.0  30.0
 7.575  580.0  90   9  18  -1.563   0.0   0.0
 7.575  585.0  90   9  18  -1.563 210.0  30.0
 7.575  590.0  90   9  18  -1.563   0.0   0.0
 7.575  592.5  90   9  18  -1.563   0.0   0.0
 7.575  597.5  90   9  18  -1.563   0.0   0.0
 7.575  602.5  90   9  24  -1.563  90.0  30.0
 7.575  610.0  90   9  18  -1.563   0.0   0.0
 7.575  890.0  90   9  18   1.563   0.0   0.0
 7.575  270.0 -90  12  36   1.563   0.0   0.0
 7.575  272.5 -90  12  39   1.563   0.0   0.0
 7.575  275.0 -90  12  27  -1.563   0.0   0.0
 7.575  547.5 -90  12  33   1.563   0.0   0.0
 7.575  550.0 -90  12  30  -1.563   0.0   0.0
 7.575  552.5 -90  12  21   1.563   0.0   0.0
 7.575  562.5 -90  12  21   1.563   0.0   0.0
 7.575  565.0 -90  12  21  -1.563   0.0   0.0
 7.575  567.5 -90  12  24  -1.563   0.0   0.0
 7.575  572.5 -90  12  21  -1.563   0.0   0.0
 7.600  270.0  90   6  15  -1.563   0.0   0.0
 7.600  272.5  90   6  15   1.563  30.0  30.0
 7.600  287.5  90   6  36  -1.563   0.0   0.0
 7.600  290.0  90   6  39  -1.563   0.0   0.0
 7.600  292.5  90   6  24   1.563   0.0   0.0
 7.600  295.0  90   6  21  -1.563   0.0   0.0
 7.600  560.0  90   6  18  -1.563 270.0  30.0
 7.600  580.0  90   6  15  -1.563   0.0   0.0
 7.600  582.5  90   6  18  -1.563   0.0   0.0
 7.600  585.0  90   6  27  -1.563   0.0   0.0
 7.600  587.5  90   6  21  -1.563   0.0   0.0
 7.600  590.0  90   6  15  -1.563 150.0  30.0
 7.600  592.5  90   6  18  -1.563   0.0   0.0
 7.600  600.0  90   6  18  -1.563   0.0   0.0
 7.600  602.5  90   6  21  -1.563   0.0   0.0
 7.600  610.0  90   6  18  -1.563   0.0   0.0
 7.600  622.5  90   6  15  -1.563  90.0  30.0
 7.600  875.0  90   6  15  -1.563   0.0   0.0
 7.600  885.0  90   6  15  -1.563   0.0   0.0
 7.600  890.0  90   6  18  -1.563   0.0   0.0
 7.600  255.0 -90   6  15   1.563   0.0   0.0
 7.600  270.0 -90   6  30   1.563   0.0   0.0
 7.600  272.5 -90   6  42   1.563   0.0   0.0
 7.600  275.0 -90   6  30   1.563   0.0   0.0
 7.600  282.5 -90   6  15  -1.563   0.0   0.0
 7.600  290.0 -90   6  15  -1.563  30.0  30.0
 7.600  547.5 -90   6  24   1.563   0.0   0.0
 7.600  550.0 -90   6  27  -1.563   0.0   0.0
 7.600  552.5 -90   6  27   1.563   0.0   0.0
 7.600  555.0 -90   6  15  -1.563   0.0   0.0
 7.600  557.5 -90   6  18   1.563   0.0   0.0
 7.600  560.0 -90   6  21  -1.563   0.0   0.0
 7.600  562.5 -90   6  18  -1.563   0.0   0.0
 7.600  565.0 -90   6  21  -1.563   0.0   0.0
 7.600  567.5 -90   6  18  -1.563  90.0  30.0
 7.600  570.0 -90   6  15  -1.563 210.0  30.0
 7.600  575.0 -90   6  15  -1.563  90.0  30.0
 7.600  577.5 -90   6  18  -1.563  90.0  30.0
 7.600  580.0 -90   6  18  -1.563   0.0   0.0
 7.600  582.5 -90   6  15  -1.563  90.0  30.0
 7.600  587.5 -90   6  15  -1.563  90.0  30.0
 7.600  590.0 -90   6  15  -1.563  30.0  30.0
 7.600  830.0 -90   6  15   1.563   0.0   0.0
 7.600  832.5 -90   6  15   1.563   0.0   0.0
 7.625  272.5  90   6  15  -1.563 330.0  30.0
 7.625  285.0  90   6  18  -1.563   0.0   0.0
 7.625  287.5  90   6  27   1.563   0.0   0.0
 7.625  290.0  90   6  39  -1.563   0.0   0.0
 7.625  292.5  90   6  27  -1.563   0.0   0.0
 7.625  295.0  90   6  21  -1.563   0.0   0.0
 7.625  560.0  90   6  18  -1.563 270.0  30.0
 7.625  585.0  90   6  24  -1.563   0.0   0.0
 7.625  587.5  90   6  27  -1.563   0.0   0.0
 7.625  590.0  90   6  24  -1.563   0.0   0.0
 7.625  592.5  90   6  21  -1.563   0.0   0.0
 7.625  595.0  90   6  15   1.563   0.0   0.0
 7.625  602.5  90   6  21  -1.563   0.0   0.0
 7.625  605.0  90   6  15  -1.563  90.0  30.0
 7.625  607.5  90   6  18  -1.563  90.0  30.0
 7.625  612.5  90   6  18  -1.563  90.0  30.0
 7.625  887.5  90   6  15  -1.563 150.0  30.0
 7.625  270.0 -90   6  18   1.563   0.0   0.0
 7.625  272.5 -90   6  39   1.563   0.0   0.0
 7.625  275.0 -90   6  33   1.563   0.0   0.0
 7.625  290.0 -90   6  15  -1.563 330.0  30.0
 7.625  547.5 -90   6  18   1.563   0.0   0.0
 7.625  550.0 -90   6  21  -1.563   0.0   0.0
 7.625  552.5 -90   6  24  -1.563   0.0   0.0
 7.625  555.0 -90   6  15   1.563   0.0   0.0
 7.625  557.5 -90   6  18  -1.563   0.0   0.0
 7.625  560.0 -90   6  21  -1.563   0.0   0.0
 7.625  562.5 -90   6  15  -1.563   0.0   0.0
 7.625  565.0 -90   6  18  -1.563  90.0  30.0
 7.625  567.5 -90   6  21  -1.563   0.0   0.0
 7.625  572.5 -90   6  18  -1.563   0.0   0.0
 7.625  577.5 -90   6  18  -1.563  90.0  30.0
 7.625  585.0 -90   6  15  -1.563  90.0  30.0
 7.625  587.5 -90   6  15  -1.563  90.0  30.0
 7.625  837.5 -90   6  15  -1.563   0.0   0.0
 7.650  272.5  90   6  15  -1.563 330.0  30.0
 7.650  287.5  90   6  18  -1.563   0.0   0.0
 7.650  290.0  90   6  36  -1.563   0.0   0.0
 7.650  292.5  90   6  36  -1.563   0.0   0.0
 7.650  295.0  90   6  15  -1.563   0.0   0.0
 7.650  297.5  90   6  15  -1.563   0.0   0.0
 7.650  300.0  90   6  15   1.563   0.0   0.0
 7.650  560.0  90   6  18  -1.563 270.0  30.0
 7.650  582.5  90   6  15   1.563   0.0   0.0
 7.650  585.0  90   6  21   1.563   0.0   0.0
 7.650  587.5  90   6  24  -1.563   0.0   0.0
 7.650  590.0  90   6  24  -1.563   0.0   0.0
 7.650  595.0  90   6  21  -1.563   0.0   0.0
 7.650  597.5  90   6  21  -1.563   0.0   0.0
 7.650  602.5  90   6  18  -1.563   0.0   0.0
 7.650  605.0  90   6  18  -1.563   0.0   0.0
 7.650  610.0  90   6  15  -1.563  90.0  30.0
 7.650  612.5  90   6  15  -1.563   0.0   0.0
 7.650  615.0  90   6  18  -1.563  90.0  30.0
 7.650  885.0  90   6  15  -1.563   0.0   0.0
 7.650  890.0  90   6  15  -1.563   0.0   0.0
 7.650  895.0  90   6  15  -1.563   0.0   0.0
 7.650  270.0 -90   6  15  -1.563   0.0   0.0
 7.650  272.5 -90   6  39   1.563   0.0   0.0
 7.650  275.0 -90   6  36   1.563   0.0   0.0
 7.650  277.5 -90   6  18  -1.563   0.0   0.0
 7.650  550.0 -90   6  15   1.563   0.0   0.0
 7.650  552.5 -90   6  24  -1.563   0.0   0.0
 7.650  555.0 -90   6  21  -1.563 210.0  30.0
 7.650  560.0 -90   6  18  -1.563  90.0  30.0
 7.650  567.5 -90   6  18  -1.563   0.0   0.0
 7.650  570.0 -90   6  18  -1.563   0.0   0.0
 7.650  575.0 -90   6  15  -1.563   0.0   0.0
 7.650  580.0 -90   6  15  -1.563  90.0  30.0
 7.650  832.5 -90   6  18  -1.563   0.0   0.0
 7.650  835.0 -90   6  15  -1.563   0.0   0.0
 7.650  837.5 -90   6  18  -1.563   0.0   0.0
 7.650  857.5 -90   6  15  -1.563   0.0   0.0
 7.675  275.0  90   6  15  -1.563 210.0  30.0
 7.675  290.0  90   6  36  -1.563   0.0   0.0
 7.675  292.5  90   6  39  -1.563   0.0   0.0
 7.675  297.5  90   6  18  -1.563   0.0   0.0
 7.675  300.0  90   6  15  -1.563   0.0   0.0
 7.675  560.0  90   6  18  -1.563 270.0  30.0
 7.675  585.0  90   6  15   1.563   0.0   0.0
 7.675  587.5  90   6  21  -1.563   0.0   0.0
 7.675  590.0  90   6  21  -1.563   0.0   0.0
 7.675  592.5  90   6  21  -1.563   0.0   0.0
 7.675  595.0  90   6  18  -1.563 150.0  30.0
 7.675  597.5  90   6  21  -1.563   0.0   0.0
 7.675  600.0  90   6  18  -1.563   0.0   0.0
 7.675  602.5  90   6  24  -1.563   0.0   0.0
 7.675  605.0  90   6  21  -1.563   0.0   0.0
 7.675  607.5  90   6  15  -1.563   0.0   0.0
 7.675  612.5  90   6  15  -1.563  30.0  30.0
 7.675  615.0  90   6  15  -1.563  90.0  30.0
 7.675  617.5  90   6  18  -1.563  90.0  30.0
 7.675  895.0  90   6  15  -1.563  90.0  30.0
 7.675  270.0 -90   6  15   1.563   0.0   0.0
 7.675  272.5 -90   6  36   1.563   0.0   0.0
 7.675  275.0 -90   6  39   1.563   0.0   0.0
 7.675  277.5 -90   6  15   1.563   0.0   0.0
 7.675  550.0 -90   6  21   1.563   0.0   0.0
 7.675  552.5 -90   6  24   1.563   0.0   0.0
 7.675  555.0 -90   6  15  -1.563   0.0   0.0
 7.675  557.5 -90   6  21   1.563   0.0   0.0
 7.675  560.0 -90   6  18  -1.563 270.0  30.0
 7.675  565.0 -90   6  15  -1.563   0.0   0.0
 7.675  567.5 -90   6  18  -1.563   0.0   0.0
 7.675  570.0 -90   6  15  -1.563   0.0   0.0
 7.675  572.5 -90   6  18  -1.563   0.0   0.0
 7.675  575.0 -90   6  21  -1.563  90.0  30.0
 7.675  577.5 -90   6  24  -1.563   0.0   0.0
 7.675  580.0 -90   6  21  -1.563  90.0  30.0
 7.675  582.5 -90   6  15  -1.563   0.0   0.0
 7.675  832.5 -90   6  15  -1.563   0.0   0.0
 7.675  835.0 -90   6  15  -1.563   0.0   0.0
 7.675  840.0 -90   6  18  -1.563   0.0   0.0
 7.675  845.0 -90   6  18  -1.563   0.0   0.0
 7.675  852.5 -90   6  15  -1.563   0.0   0.0
 7.700  275.0  90   6  15   1.563  90.0  30.0
 7.700  290.0  90   6  30  -1.563   0.0   0.0
 7.700  292.5  90   6  42  -1.563   0.0   0.0
 7.700  295.0  90   6  30  -1.563   0.0   0.0
 7.700  297.5  90   6  21  -1.563   0.0   0.0
 7.700  300.0  90   6  21  -1.563   0.0   0.0
 7.700  560.0  90   6  21  -1.563 270.0  30.0
 7.700  587.5  90   6  18  -1.563   0.0   0.0
 7.700  590.0  90   6  18  -1.563   0.0   0.0
 7.700  592.5  90   6  18  -1.563   0.0   0.0
 7.700  595.0  90   6  21  -1.563   0.0   0.0
 7.700  597.5  90   6  15  -1.563 150.0  30.0
 7.700  600.0  90   6  15   1.563 150.0  30.0
 7.700  602.5  90   6  24  -1.563   0.0   0.0
 7.700  605.0  90   6  18  -1.563   0.0   0.0
 7.700  607.5  90   6  18  -1.563  30.0  30.0
 7.700  610.0  90   6  18  -1.563   0.0   0.0
 7.700  612.5  90   6  18  -1.563  30.0  30.0
 7.700  617.5  90   6  15  -1.563  90.0  30.0
 7.700  620.0  90   6  18  -1.563  90.0  30.0
 7.700  892.5  90   6  15   1.563   0.0   0.0
 7.700  897.5  90   6  15  -1.563   0.0   0.0
 7.700  272.5 -90   6  33   1.563   0.0   0.0
 7.700  275.0 -90   6  42   1.563   0.0   0.0
 7.700  277.5 -90   6  24   1.563   0.0   0.0
 7.700  292.5 -90   6  15  -1.563 330.0  30.0
 7.700  550.0 -90   6  18   1.563   0.0   0.0
 7.700  552.5 -90   6  30   1.563   0.0   0.0
 7.700  555.0 -90   6  30  -1.563   0.0   0.0
 7.700  557.5 -90   6  24  -1.563   0.0   0.0
 7.700  560.0 -90   6  21  -1.563   0.0   0.0
 7.700  562.5 -90   6  21  -1.563   0.0   0.0
 7.700  565.0 -90   6  15  -1.563   0.0   0.0
 7.700  570.0 -90   6  15  -1.563   0.0   0.0
 7.700  572.5 -90   6  18  -1.563   0.0   0.0
 7.700  577.5 -90   6  24  -1.563   0.0   0.0
 7.700  580.0 -90   6  21  -1.563   0.0   0.0
 7.700  582.5 -90   6  15  -1.563  30.0  30.0
 7.700  587.5 -90   6  15  -1.563  90.0  30.0
 7.700  832.5 -90   6  21   1.563   0.0   0.0
 7.700  835.0 -90   6  18   1.563   0.0   0.0
 7.700  840.0 -90   6  15  -1.563 150.0  30.0
 7.700  842.5 -90   6  15  -1.563 150.0  30.0
 7.700  857.5 -90   6  15  -1.563   0.0   0.0
 7.725  275.0  90   6  15   1.563  30.0  30.0
 7.725  290.0  90   6  21  -1.563   0.0   0.0
 7.725  292.5  90   6  42  -1.563   0.0   0.0
 7.725  295.0  90   6  39  -1.563   0.0   0.0
 7.725  297.5  90   6  18  -1.563   0.0   0.0
 7.725  300.0  90   6  15  -1.563   0.0   0.0
 7.725  302.5  90   6  15   1.563   0.0   0.0
 7.725  560.0  90   6  21  -1.563 270.0  30.0
 7.725  590.0  90   6  21  -1.563   0.0   0.0
 7.725  592.5  90   6  18  -1.563   0.0   0.0
 7.725  595.0  90   6  21  -1.563   0.0   0.0
 7.725  602.5  90   6  15  -1.563   0.0   0.0
 7.725  605.0  90   6  21  -1.563   0.0   0.0
 7.725  607.5  90   6  15  -1.563   0.0   0.0
 7.725  610.0  90   6  18  -1.563  90.0  30.0
 7.725  617.5  90   6  15  -1.563   0.0   0.0
 7.725  620.0  90   6  18  -1.563  90.0  30.0
 7.725  892.5  90   6  18  -1.563   0.0   0.0
 7.725  900.0  90   6  15  -1.563   0.0   0.0
 7.725  272.5 -90   6  30   1.563   0.0   0.0
 7.725  275.0 -90   6  39   1.563   0.0   0.0
 7.725  277.5 -90   6  27   1.563   0.0   0.0
 7.725  292.5 -90   6  15  -1.563  30.0  30.0
 7.725  295.0 -90   6  15  -1.563  30.0  30.0
 7.725  552.5 -90   6  30   1.563   0.0   0.0
 7.725  555.0 -90   6  27   1.563   0.0   0.0
 7.725  557.5 -90   6  27  -1.563   0.0   0.0
 7.725  560.0 -90   6  21  -1.563   0.0   0.0
 7.725  562.5 -90   6  18  -1.563   0.0   0.0
 7.725  565.0 -90   6  18  -1.563  90.0  30.0
 7.725  567.5 -90   6  18   1.563   0.0   0.0
 7.725  572.5 -90   6  15  -1.563 330.0  30.0
 7.725  575.0 -90   6  15  -1.563  90.0  30.0
 7.725  577.5 -90   6  24  -1.563   0.0   0.0
 7.725  582.5 -90   6  15  -1.563   0.0   0.0
 7.725  587.5 -90   6  15  -1.563  30.0  30.0
 7.725  835.0 -90   6  15  -1.563   0.0   0.0
 7.725  860.0 -90   6  15  -1.563   0.0   0.0
 7.750  290.0  90   6  15  -1.563   0.0   0.0
 7.750  292.5  90   6  39  -1.563   0.0   0.0
 7.750  295.0  90   6  42  -1.563   0.0   0.0
 7.750  297.5  90   6  24  -1.563   0.0   0.0
 7.750  560.0  90   6  18  -1.563 270.0  30.0
 7.750  562.5  90   6  15  -1.563 270.0  30.0
 7.750  590.0  90   6  18   1.563   0.0   0.0
 7.750  592.5  90   6  18  -1.563   0.0   0.0
 7.750  595.0  90   6  15  -1.563   0.0   0.0
 7.750  597.5  90   6  24  -1.563   0.0   0.0
 7.750  600.0  90   6  21  -1.563   0.0   0.0
 7.750  602.5  90   6  18  -1.563   0.0   0.0
 7.750  607.5  90   6  18  -1.563   0.0   0.0
 7.750  610.0  90   6  21  -1.563   0.0   0.0
 7.750  612.5  90   6  18  -1.563   0.0   0.0
 7.750  617.5  90   6  15  -1.563 330.0  30.0
 7.750  620.0  90   6  15  -1.563  90.0  30.0
 7.750  892.5  90   6  15  -1.563   0.0   0.0
 7.750  272.5 -90   6  24   1.563   0.0   0.0
 7.750  275.0 -90   6  36   1.563   0.0   0.0
 7.750  277.5 -90   6  21   1.563   0.0   0.0
 7.750  292.5 -90   6  15  -1.563 270.0  30.0
 7.750  295.0 -90   6  18  -1.563  30.0  30.0
 7.750  552.5 -90   6  18  -1.563   0.0   0.0
 7.750  555.0 -90   6  24   1.563   0.0   0.0
 7.750  557.5 -90   6  18   1.563   0.0   0.0
 7.750  560.0 -90   6  21  -1.563  90.0  30.0
 7.750  562.5 -90   6  15   1.563  90.0  30.0
 7.750  565.0 -90   6  15  -1.563 330.0  30.0
 7.750  567.5 -90   6  21  -1.563   0.0   0.0
 7.750  572.5 -90   6  18  -1.563   0.0   0.0
 7.750  577.5 -90   6  24  -1.563   0.0   0.0
 7.750  587.5 -90   6  18  -1.563   0.0   0.0
 7.750  590.0 -90   6  15  -1.563  30.0  30.0
 7.750  842.5 -90   6  15  -1.563 150.0  30.0
 7.750  847.5 -90   6  15  -1.563   0.0   0.0
 7.750  860.0 -90   6  15  -1.563   0.0   0.0
 7.775  265.0  90   6  15  -1.563   0.0   0.0
 7.775  267.5  90   6  15  -1.563   0.0   0.0
 7.775  275.0  90   6  15  -1.563   0.0   0.0
 7.775  277.5  90   6  18   1.563   0.0   0.0
 7.775  280.0  90   6  18  -1.563   0.0   0.0
 7.775  282.5  90   6  18  -1.563   0.0   0.0
 7.775  285.0  90   6  15  -1.563   0.0   0.0
 7.775  287.5  90   6  15  -1.563   0.0   0.0
 7.775  290.0  90   6  18   1.563   0.0   0.0
 7.775  292.5  90   6  33  -1.563   0.0   0.0
 7.775  295.0  90   6  45  -1.563   0.0   0.0
 7.775  297.5  90   6  33  -1.563   0.0   0.0
 7.775  300.0  90   6  15  -1.563   0.0   0.0
 7.775  302.5  90   6  15  -1.563   0.0   0.0
 7.775  305.0  90   6  15  -1.563   0.0   0.0
 7.775  307.5  90   6  15  -1.563   0.0   0.0
 7.775  310.0  90   6  18  -1.563   0.0   0.0
 7.775  312.5  90   6  18  -1.563   0.0   0.0
 7.775  315.0  90   6  15  -1.563   0.0   0.0
 7.775  560.0  90   6  18  -1.563 270.0  30.0
 7.775  562.5  90   6  15  -1.563 270.0  30.0
 7.775  590.0  90   6  15  -1.563   0.0   0.0
 7.775  592.5  90   6  21   1.563   0.0   0.0
 7.775  595.0  90   6  27  -1.563   0.0   0.0
 7.775  597.5  90   6  15  -1.563   0.0   0.0
 7.775  600.0  90   6  24  -1.563   0.0   0.0
 7.775  602.5  90   6  15  -1.563   0.0   0.0
 7.775  605.0  90   6  18  -1.563   0.0   0.0
 7.775  607.5  90   6  15  -1.563   0.0   0.0
 7.775  610.0  90   6  21  -1.563   0.0   0.0
 7.775  612.5  90   6  18  -1.563   0.0   0.0
 7.775  615.0  90   6  15  -1.563   0.0   0.0
 7.775  622.5  90   6  15  -1.563  30.0  30.0
 7.775  897.5  90   6  15  -1.563   0.0   0.0
 7.775  900.0  90   6  15  -1.563   0.0   0.0
 7.775  912.5  90   6  15  -1.563   0.0   0.0
 7.775  272.5 -90   6  18   1.563   0.0   0.0
 7.775  275.0 -90   6  33   1.563   0.0   0.0
 7.775  277.5 -90   6  36   1.563   0.0   0.0
 7.775  280.0 -90   6  21  -1.563   0.0   0.0
 7.775  292.5 -90   6  15  -1.563   0.0   0.0
 7.775  295.0 -90   6  18  -1.563  30.0  30.0
 7.775  552.5 -90   6  15  -1.563   0.0   0.0
 7.775  555.0 -90   6  27   1.563   0.0   0.0
 7.775  557.5 -90   6  30  -1.563   0.0   0.0
 7.775  560.0 -90   6  21  -1.563  90.0  30.0
 7.775  562.5 -90   6  18  -1.563   0.0   0.0
 7.775  565.0 -90   6  15  -1.563   0.0   0.0
 7.775  567.5 -90   6  15   1.563   0.0   0.0
 7.775  572.5 -90   6  24  -1.563   0.0   0.0
 7.775  575.0 -90   6  21  -1.563   0.0   0.0
 7.775  577.5 -90   6  15  -1.563  30.0  30.0
 7.775  580.0 -90   6  15  -1.563  90.0  30.0
 7.775  585.0 -90   6  15  -1.563   0.0   0.0
 7.775  587.5 -90   6  15  -1.563  90.0  30.0
 7.775  590.0 -90   6  18  -1.563  90.0  30.0
 7.775  837.5 -90   6  15   1.563   0.0   0.0
 7.775  847.5 -90   6  18  -1.563   0.0   0.0
 7.775  850.0 -90   6  15   1.563   0.0   0.0
 7.800  277.5  90   6  18  -1.563   0.0   0.0
 7.800  292.5  90   6  21  -1.563   0.0   0.0
 7.800  295.0  90   6  42  -1.563   0.0   0.0
 7.800  297.5  90   6  42  -1.563   0.0   0.0
 7.800  300.0  90   6  24  -1.563   0.0   0.0
 7.800  302.5  90   6  15   1.563   0.0   0.0
 7.800  560.0  90   6  18  -1.563 270.0  30.0
 7.800  592.5  90   6  18  -1.563   0.0   0.0
 7.800  595.0  90   6  24  -1.563   0.0   0.0
 7.800  597.5  90   6  24  -1.563   0.0   0.0
 7.800  600.0  90   6  21  -1.563   0.0   0.0
 7.800  602.5  90   6  15  -1.563   0.0   0.0
 7.800  605.0  90   6  15   1.563   0.0   0.0
 7.800  607.5  90   6  21  -1.563  30.0  30.0
 7.800  610.0  90   6  21  -1.563   0.0   0.0
 7.800  615.0  90   6  18  -1.563   0.0   0.0
 7.800  620.0  90   6  15  -1.563   0.0   0.0
 7.800  275.0 -90   6  36   1.563   0.0   0.0
 7.800  277.5 -90   6  42   1.563   0.0   0.0
 7.800  280.0 -90   6  30   1.563   0.0   0.0
 7.800  295.0 -90   6  15  -1.563  30.0  30.0
 7.800  297.5 -90   6  15   1.563  30.0  30.0
 7.800  555.0 -90   6  21  -1.563   0.0   0.0
 7.800  557.5 -90   6  30  -1.563   0.0   0.0
 7.800  560.0 -90   6  21  -1.563   0.0   0.0
 7.800  562.5 -90   6  24   1.563   0.0   0.0
 7.800  565.0 -90   6  18  -1.563   0.0   0.0
 7.800  567.5 -90   6  15   1.563   0.0   0.0
 7.800  570.0 -90   6  18   1.563   0.0   0.0
 7.800  572.5 -90   6  24  -1.563   0.0   0.0
 7.800  575.0 -90   6  15  -1.563  90.0  30.0
 7.800  577.5 -90   6  21  -1.563   0.0   0.0
 7.800  585.0 -90   6  18  -1.563   0.0   0.0
 7.800  590.0 -90   6  15  -1.563  30.0  30.0
 7.800  597.5 -90   6  15  -1.563  90.0  30.0
 7.800  840.0 -90   6  15  -1.563   0.0   0.0
 7.800  850.0 -90   6  18  -1.563   0.0   0.0
 7.825  277.5  90   6  18   1.563 210.0  30.0
 7.825  295.0  90   6  36  -1.563   0.0   0.0
 7.825  297.5  90   6  42  -1.563   0.0   0.0
 7.825  300.0  90   6  24   1.563   0.0   0.0
 7.825  302.5  90   6  18  -1.563   0.0   0.0
 7.825  560.0  90   6  18  -1.563 270.0  30.0
 7.825  597.5  90   6  21   1.563   0.0   0.0
 7.825  600.0  90   6  18  -1.563   0.0   0.0
 7.825  602.5  90   6  21  -1.563   0.0   0.0
 7.825  605.0  90   6  18  -1.563   0.0   0.0
 7.825  607.5  90   6  18  -1.563   0.0   0.0
 7.825  610.0  90   6  18  -1.563   0.0   0.0
 7.825  612.5  90   6  18  -1.563   0.0   0.0
 7.825  615.0  90   6  21  -1.563  30.0  30.0
 7.825  617.5  90   6  18  -1.563  30.0  30.0
 7.825  620.0  90   6  18  -1.563  30.0  30.0
 7.825  622.5  90   6  15  -1.563  90.0  30.0
 7.825  275.0 -90   6  33   1.563   0.0   0.0
 7.825  277.5 -90   6  45   1.563   0.0   0.0
 7.825  280.0 -90   6  36   1.563   0.0   0.0
 7.825  282.5 -90   6  15  -1.563   0.0   0.0
 7.825  297.5 -90   6  18  -1.563  30.0  30.0
 7.825  557.5 -90   6  24  -1.563   0.0   0.0
 7.825  560.0 -90   6  21  -1.563   0.0   0.0
 7.825  562.5 -90   6  21  -1.563   0.0   0.0
 7.825  570.0 -90   6  18  -1.563   0.0   0.0
 7.825  572.5 -90   6  18  -1.563   0.0   0.0
 7.825  575.0 -90   6  24  -1.563   0.0   0.0
 7.825  577.5 -90   6  24  -1.563   0.0   0.0
 7.825  580.0 -90   6  18  -1.563   0.0   0.0
 7.825  587.5 -90   6  18  -1.563   0.0   0.0
 7.825  590.0 -90   6  21  -1.563  30.0  30.0
 7.825  595.0 -90   6  15  -1.563  90.0  30.0
 7.850  295.0  90  15  30  -1.563   0.0   0.0
 7.850  297.5  90  15  42  -1.563   0.0   0.0
 7.850  300.0  90  15  33  -1.563   0.0   0.0
 7.850  817.5  90  15  24 -10.938 150.0  30.0
 7.850  825.0  90  15  27  -1.563 150.0  30.0
 7.850  827.5  90  15  27   1.563 150.0  30.0
 7.850  832.5  90  15  27  10.938 150.0  30.0
 7.850  835.0  90  15  30  10.938 150.0  30.0
 7.850  840.0  90  15  27   4.688 150.0  30.0
 7.850  842.5  90  15  30  -7.813 150.0  30.0
 7.850  845.0  90  15  24  10.938 150.0  30.0
 7.850  847.5  90  15  24   7.813 150.0  30.0
 7.850  850.0  90  15  30 -10.938 150.0  30.0
 7.850  852.5  90  15  30  -7.813 150.0  30.0
 7.850  857.5  90  15  27   7.813 150.0  30.0
 7.850  860.0  90  15  30  -1.563 150.0  30.0
 7.850  867.5  90  15  27   4.688 150.0  30.0
 7.850  882.5  90  15  27   1.563 150.0  30.0
 7.850  885.0  90  15  24 -10.938 150.0  30.0
 7.850  890.0  90  15  30   1.563 150.0  30.0
 7.850  892.5  90  15  30  -1.563 150.0  30.0
 7.850  897.5  90  15  30  -1.563 150.0  30.0
 7.850  900.0  90  15  30  -1.563 150.0  30.0
 7.850  902.5  90  15  27   4.688 150.0  30.0
 7.850  905.0  90  15  27  -1.563 150.0  30.0
 7.850  907.5  90  15  33  -1.563 150.0  30.0
 7.850  910.0  90  15  30  -1.563 150.0  30.0
 7.850  915.0  90  15  30   1.563 150.0  30.0
 7.850  917.5  90  15  30  -7.813 150.0  30.0
 7.850  920.0  90  15  24  -1.563 150.0  30.0
 7.850  922.5  90  15  24   4.688 150.0  30.0
 7.850  925.0  90  15  30   1.563 150.0  30.0
 7.850  927.5  90  15  27  -1.563 150.0  30.0
 7.850  932.5  90  15  27  -1.563 150.0  30.0
 7.850  935.0  90  15  24  10.938 150.0  30.0
 7.850  942.5  90  15  24   1.563 150.0  30.0
 7.850  945.0  90  15  24  10.938 150.0  30.0
 7.850 1042.5  90  15  24   4.688 150.0  30.0
 7.850 1050.0  90  15  24  -4.688 150.0  30.0
 7.850 1052.5  90  15  27   4.688 150.0  30.0
 7.850 1055.0  90  15  30  -1.563 150.0  30.0
 7.850 1057.5  90  15  24  10.938 150.0  30.0
 7.850 1060.0  90  15  27  -7.813 150.0  30.0
 7.850 1062.5  90  15  27  -4.688 150.0  30.0
 7.850 1065.0  90  15  30  -4.688 150.0  30.0
 7.850 1067.5  90  15  27 -10.938 150.0  30.0
 7.850 1070.0  90  15  27  10.938 150.0  30.0
 7.850 1072.5  90  15  27   1.563 150.0  30.0
 7.850 1075.0  90  15  30   7.813 150.0  30.0
 7.850 1077.5  90  15  27   1.563 150.0  30.0
 7.850 1080.0  90  15  30  10.938 150.0  30.0
 7.850 1082.5  90  15  30   1.563 150.0  30.0
 7.850 1085.0  90  15  27  -4.688 150.0  30.0
 7.850 1087.5  90  15  30   1.563 150.0  30.0
 7.850 1090.0  90  15  30 -10.938 150.0  30.0
 7.850 1092.5  90  15  27 -10.938 150.0  30.0
 7.850 1095.0  90  15  30  -4.688 150.0  30.0
 7.850 1097.5  90  15  30   7.813 150.0  30.0
 7.850 1100.0  90  15  30  -7.813 150.0  30.0
 7.850 1102.5  90  15  24   4.688 150.0  30.0
 7.850 1105.0  90  15  24  -7.813 150.0  30.0
 7.850 1107.5  90  15  30   1.563 150.0  30.0
 7.850 1110.0  90  15  30 -10.938 150.0  30.0
 7.850 1117.5  90  15  27  -1.563 150.0  30.0
 7.850 1120.0  90  15  27   7.813 150.0  30.0
 7.850 1127.5  90  15  24  -4.688 150.0  30.0
 7.850 1130.0  90  15  24   1.563 150.0  30.0
 7.850  275.0 -90  12  27   1.563   0.0   0.0
 7.850  277.5 -90  12  45   1.563   0.0   0.0
 7.850  280.0 -90  12  42   1.563   0.0   0.0
 7.850  435.0 -90  12  21  -1.563 150.0  30.0
 7.850  437.5 -90  12  21 -10.938 150.0  30.0
 7.850  440.0 -90  12  24   7.813 150.0  30.0
 7.850  442.5 -90  12  24 -10.938 150.0  30.0
 7.850  445.0 -90  12  24   7.813 150.0  30.0
 7.850  447.5 -90  12  24   1.563 150.0  30.0
 7.850  450.0 -90  12  21   7.813 150.0  30.0
 7.850  460.0 -90  12  21   7.813 150.0  30.0
 7.850  462.5 -90  12  24  -1.563 150.0  30.0
 7.850  465.0 -90  12  24   4.688 150.0  30.0
 7.850  467.5 -90  12  27   7.813 150.0  30.0
 7.850  470.0 -90  12  27   4.688 150.0  30.0
 7.850  472.5 -90  12  27  -7.813 150.0  30.0
 7.850  475.0 -90  12  27  -1.563 150.0  30.0
 7.850  477.5 -90  12  24  -7.813 150.0  30.0
 7.850  480.0 -90  12  24  -4.688 150.0  30.0
 7.850  482.5 -90  12  24  -7.813 150.0  30.0
 7.850  485.0 -90  12  21  -4.688 150.0  30.0
 7.850  487.5 -90  12  21   7.813 150.0  30.0
 7.850  490.0 -90  12  21   4.688 150.0  30.0
 7.850  505.0 -90  12  21 -10.938 150.0  30.0
 7.850  507.5 -90  12  21   7.813 150.0  30.0
 7.850  510.0 -90  12  24  -7.813 150.0  30.0
 7.850  512.5 -90  12  24  10.938 150.0  30.0
 7.850  515.0 -90  12  24   1.563 150.0  30.0
 7.850  517.5 -90  12  24  -1.563 150.0  30.0
 7.850  520.0 -90  12  24  10.938 150.0  30.0
 7.850  522.5 -90  12  27  -4.688 150.0  30.0
 7.850  525.0 -90  12  24  -7.813 150.0  30.0
 7.850  527.5 -90  12  24   1.563 150.0  30.0
 7.850  530.0 -90  12  24 -10.938 150.0  30.0
 7.850  532.5 -90  12  21  -4.688 150.0  30.0
 7.850  557.5 -90  12  21  -1.563   0.0   0.0
 7.850  560.0 -90  12  30  -1.563   0.0   0.0
 7.850  562.5 -90  12  27  -1.563   0.0   0.0
 7.850  572.5 -90  12  21  -1.563   0.0   0.0
 7.850  580.0 -90  12  21   1.563   0.0   0.0
 7.875  277.5  90   6  15   1.563 210.0  30.0
 7.875  280.0  90   6  15  -1.563 210.0  30.0
 7.875  295.0  90   6  21  -1.563   0.0   0.0
 7.875  297.5  90   6  36  -1.563   0.0   0.0
 7.875  300.0  90   6  36  -1.563   0.0   0.0
 7.875  302.5  90   6  21  -1.563   0.0   0.0
 7.875  560.0  90   6  18  -1.563 270.0  30.0
 7.875  562.5  90   6  15  -1.563 270.0  30.0
 7.875  597.5  90   6  15  -1.563   0.0   0.0
 7.875  600.0  90   6  15  -1.563   0.0   0.0
 7.875  602.5  90   6  24  -1.563   0.0   0.0
 7.875  607.5  90   6  18  -1.563   0.0   0.0
 7.875  612.5  90   6  15  -1.563   0.0   0.0
 7.875  617.5  90   6  18  -1.563   0.0   0.0
 7.875  622.5  90   6  18  -1.563  90.0  30.0
 7.875  627.5  90   6  15  -1.563  30.0  30.0
 7.875  272.5 -90   6  18   1.563   0.0   0.0
 7.875  275.0 -90   6  24  -1.563   0.0   0.0
 7.875  277.5 -90   6  45   1.563   0.0   0.0
 7.875  280.0 -90   6  42   1.563   0.0   0.0
 7.875  282.5 -90   6  18  -1.563   0.0   0.0
 7.875  557.5 -90   6  15   1.563   0.0   0.0
 7.875  560.0 -90   6  27  -1.563   0.0   0.0
 7.875  562.5 -90   6  27  -1.563   0.0   0.0
 7.875  565.0 -90   6  18   1.563   0.0   0.0
 7.875  567.5 -90   6  18   1.563   0.0   0.0
 7.875  570.0 -90   6  15   1.563 150.0  30.0
 7.875  572.5 -90   6  15   1.563   0.0   0.0
 7.875  575.0 -90   6  21  -1.563   0.0   0.0
 7.875  577.5 -90   6  24  -1.563   0.0   0.0
 7.875  582.5 -90   6  15  -1.563  90.0  30.0
 7.875  587.5 -90   6  15  -1.563   0.0   0.0
 7.875  590.0 -90   6  18  -1.563   0.0   0.0
 7.875  592.5 -90   6  15  -1.563  90.0  30.0
 7.875  847.5 -90   6  18   1.563   0.0   0.0
 7.900  277.5  90   6  15   1.563   0.0   0.0
 7.900  280.0  90   6  15   1.563   0.0   0.0
 7.900  297.5  90   6  30  -1.563   0.0   0.0
 7.900  300.0  90   6  39  -1.563   0.0   0.0
 7.900  302.5  90   6  27  -1.563   0.0   0.0
 7.900  305.0  90   6  15  -1.563   0.0   0.0
 7.900  560.0  90   6  18  -1.563 270.0  30.0
 7.900  562.5  90   6  15  -1.563 270.0  30.0
 7.900  602.5  90   6  24  -1.563   0.0   0.0
 7.900  605.0  90   6  21  -1.563   0.0   0.0
 7.900  607.5  90   6  15  -1.563 210.0  30.0
 7.900  610.0  90   6  18  -1.563   0.0   0.0
 7.900  612.5  90   6  18  -1.563   0.0   0.0
 7.900  615.0  90   6  15  -1.563   0.0   0.0
 7.900  617.5  90   6  15  -1.563   0.0   0.0
 7.900  620.0  90   6  15  -1.563   0.0   0.0
 7.900  625.0  90   6  15  -1.563   0.0   0.0
 7.900  912.5  90   6  15  -1.563   0.0   0.0
 7.900  915.0  90   6  15  -1.563   0.0   0.0
 7.900 1222.5  90   6  15  -1.563   0.0   0.0
 7.900  275.0 -90   6  15  -1.563   0.0   0.0
 7.900  277.5 -90   6  42   1.563   0.0   0.0
 7.900  280.0 -90   6  45   1.563   0.0   0.0
 7.900  282.5 -90   6  30  -1.563   0.0   0.0
 7.900  285.0 -90   6  15  -1.563   0.0   0.0
 7.900  560.0 -90   6  21   1.563   0.0   0.0
 7.900  562.5 -90   6  27   1.563   0.0   0.0
 7.900  565.0 -90   6  21  -1.563   0.0   0.0
 7.900  567.5 -90   6  18  -1.563   0.0   0.0
 7.900  570.0 -90   6  18  -1.563   0.0   0.0
 7.900  572.5 -90   6  18  -1.563   0.0   0.0
 7.900  575.0 -90   6  18  -1.563 150.0  30.0
 7.900  577.5 -90   6  24  -1.563   0.0   0.0
 7.900  580.0 -90   6  18  -1.563   0.0   0.0
 7.900  590.0 -90   6  15  -1.563  30.0  30.0
 7.900  592.5 -90   6  15  -1.563  90.0  30.0
 7.900  595.0 -90   6  15  -1.563  90.0  30.0
 7.925  280.0  90   6  15  -1.563   0.0   0.0
 7.925  300.0  90   6  36  -1.563   0.0   0.0
 7.925  302.5  90   6  33  -1.563   0.0   0.0
 7.925  305.0  90   6  21  -1.563   0.0   0.0
 7.925  560.0  90   6  18  -1.563 270.0  30.0
 7.925  562.5  90   6  18  -1.563 270.0  30.0
 7.925  600.0  90   6  15  -1.563   0.0   0.0
 7.925  605.0  90   6  18  -1.563   0.0   0.0
 7.925  610.0  90   6  21  -1.563   0.0   0.0
 7.925  615.0  90   6  18  -1.563   0.0   0.0
 7.925  620.0  90   6  18  -1.563   0.0   0.0
 7.925  622.5  90   6  15  -1.563  30.0  30.0
 7.925  625.0  90   6  18  -1.563   0.0   0.0
 7.925  627.5  90   6  15  -1.563 270.0  30.0
 7.925  920.0  90   6  15  -1.563   0.0   0.0
 7.925  275.0 -90   6  15   1.563   0.0   0.0
 7.925  277.5 -90   6  36   1.563   0.0   0.0
 7.925  280.0 -90   6  45   1.563   0.0   0.0
 7.925  282.5 -90   6  24  -1.563   0.0   0.0
 7.925  560.0 -90   6  15   1.563   0.0   0.0
 7.925  562.5 -90   6  30   1.563   0.0   0.0
 7.925  565.0 -90   6  24  -1.563   0.0   0.0
 7.925  567.5 -90   6  24  -1.563   0.0   0.0
 7.925  570.0 -90   6  24  -1.563   0.0   0.0
 7.925  575.0 -90   6  18   1.563   0.0   0.0
 7.925  577.5 -90   6  21   1.563   0.0   0.0
 7.925  580.0 -90   6  18  -1.563   0.0   0.0
 7.925  585.0 -90   6  18  -1.563   0.0   0.0
 7.925  587.5 -90   6  15  -1.563   0.0   0.0
 7.925  600.0 -90   6  15  -1.563  30.0  30.0
 7.925  855.0 -90   6  15  -1.563   0.0   0.0
 7.950  280.0  90   6  15   1.563 330.0  30.0
 7.950  300.0  90   6  33  -1.563   0.0   0.0
 7.950  302.5  90   6  39  -1.563   0.0   0.0
 7.950  305.0  90   6  24  -1.563   0.0   0.0
 7.950  310.0  90   6  15  -1.563   0.0   0.0
 7.950  312.5  90   6  15  -1.563   0.0   0.0
 7.950  560.0  90   6  18  -1.563 270.0  30.0
 7.950  562.5  90   6  15  -1.563 270.0  30.0
 7.950  602.5  90   6  15  -1.563   0.0   0.0
 7.950  605.0  90   6  18   1.563   0.0   0.0
 7.950  610.0  90   6  21  -1.563   0.0   0.0
 7.950  615.0  90   6  15  -1.563   0.0   0.0
 7.950  617.5  90   6  18  -1.563   0.0   0.0
 7.950  620.0  90   6  18  -1.563   0.0   0.0
 7.950  920.0  90   6  15  -1.563   0.0   0.0
 7.950  277.5 -90   6  30   1.563   0.0   0.0
 7.950  280.0 -90   6  42   1.563   0.0   0.0
 7.950  282.5 -90   6  36   1.563   0.0   0.0
 7.950  285.0 -90   6  15   1.563   0.0   0.0
 7.950  560.0 -90   6  15  -1.563  90.0  30.0
 7.950  562.5 -90   6  24   1.563   0.0   0.0
 7.950  565.0 -90   6  21  -1.563   0.0   0.0
 7.950  567.5 -90   6  15  -1.563   0.0   0.0
 7.950  570.0 -90   6  24  -1.563   0.0   0.0
 7.950  572.5 -90   6  21  -1.563   0.0   0.0
 7.950  575.0 -90   6  15  -1.563   0.0   0.0
 7.950  577.5 -90   6  21  -1.563   0.0   0.0
 7.950  580.0 -90   6  21  -1.563   0.0   0.0
 7.950  585.0 -90   6  18  -1.563   0.0   0.0
 7.950  587.5 -90   6  21  -1.563   0.0   0.0
 7.950  590.0 -90   6  15  -1.563   0.0   0.0
 7.950  592.5 -90   6  15  -1.563  30.0  30.0
 7.950  595.0 -90   6  15  -1.563  30.0  30.0
 7.950  852.5 -90   6  15   1.563   0.0   0.0
 7.950  855.0 -90   6  15  -1.563   0.0   0.0
 7.975  300.0  90   6  24  -1.563   0.0   0.0
 7.975  302.5  90   6  39  -1.563   0.0   0.0
 7.975  305.0  90   6  33  -1.563   0.0   0.0
 7.975  310.0  90   6  15  -1.563   0.0   0.0
 7.975  312.5  90   6  18  -1.563   0.0   0.0
 7.975  560.0  90   6  18  -1.563 270.0  30.0
 7.975  562.5  90   6  15  -1.563 270.0  30.0
 7.975  607.5  90   6  15  -1.563   0.0   0.0
 7.975  610.0  90   6  21  -1.563   0.0   0.0
 7.975  612.5  90   6  15  -1.563   0.0   0.0
 7.975  627.5  90   6  15  -1.563  30.0  30.0
 7.975  920.0  90   6  15  -1.563   0.0   0.0
 7.975  275.0 -90   6  15   1.563   0.0   0.0
 7.975  277.5 -90   6  18   1.563   0.0   0.0
 7.975  280.0 -90   6  39   1.563   0.0   0.0
 7.975  282.5 -90   6  39   1.563   0.0   0.0
 7.975  285.0 -90   6  18   1.563   0.0   0.0
 7.975  560.0 -90   6  15  10.938 210.0  30.0
 7.975  562.5 -90   6  21  -1.563   0.0   0.0
 7.975  565.0 -90   6  27   1.563   0.0   0.0
 7.975  567.5 -90   6  30  -1.563   0.0   0.0
 7.975  570.0 -90   6  24  -1.563   0.0   0.0
 7.975  572.5 -90   6  21  -1.563   0.0   0.0
 7.975  575.0 -90   6  15  -1.563   0.0   0.0
 7.975  580.0 -90   6  18  -1.563   0.0   0.0
 7.975  585.0 -90   6  15  -1.563   0.0   0.0
 7.975  587.5 -90   6  21  -1.563   0.0   0.0
 7.975  590.0 -90   6  15  -1.563 330.0  30.0
 7.975  592.5 -90   6  15  -1.563  90.0  30.0
 7.975  597.5 -90   6  15  -1.563   0.0   0.0
 7.975  632.5 -90   6  15 -10.938 150.0  30.0
 7.975  640.0 -90   6  15  10.938 150.0  30.0
 7.975  642.5 -90   6  15  -7.813 150.0  30.0
 7.975  650.0 -90   6  15  -1.563 150.0  30.0
 7.975  652.5 -90   6  15 -10.938 150.0  30.0
 7.975  655.0 -90   6  15  -4.688 150.0  30.0
 7.975  660.0 -90   6  15   4.688 150.0  30.0
 7.975  662.5 -90   6  18  10.938 150.0  30.0
 7.975  665.0 -90   6  15   4.688 150.0  30.0
 7.975  672.5 -90   6  15   1.563 150.0  30.0
 7.975  675.0 -90   6  15  -1.563 150.0  30.0
 7.975  682.5 -90   6  15 -10.938 150.0  30.0
 7.975  685.0 -90   6  15  -1.563 150.0  30.0
 7.975  692.5 -90   6  15   7.813 150.0  30.0
 7.975  695.0 -90   6  15  -1.563 150.0  30.0
 7.975  702.5 -90   6  15   7.813 150.0  30.0
 7.975  727.5 -90   6  15 -10.938 150.0  30.0
 7.975  735.0 -90   6  15   7.813 150.0  30.0
 7.975  737.5 -90   6  15  -1.563 150.0  30.0
 7.975  745.0 -90   6  15  -1.563 150.0  30.0
 7.975  747.5 -90   6  15  -4.688 150.0  30.0
 7.975  780.0 -90   6  15   7.813 150.0  30.0
 7.975  785.0 -90   6  15  -4.688 150.0  30.0
 7.975  787.5 -90   6  15  -1.563 150.0  30.0
 7.975  790.0 -90   6  18   1.563 150.0  30.0
 7.975  792.5 -90   6  15  -1.563 150.0  30.0
 7.975  795.0 -90   6  18  10.938 150.0  30.0
 7.975  797.5 -90   6  18 -10.938 150.0  30.0
 7.975  800.0 -90   6  18   7.813 150.0  30.0
 7.975  802.5 -90   6  15   1.563 150.0  30.0
 7.975  805.0 -90   6  15  -7.813 150.0  30.0
 7.975  807.5 -90   6  15  -1.563 150.0  30.0
 7.975  852.5 -90   6  15  -1.563   0.0   0.0
 7.975  857.5 -90   6  15   1.563   0.0   0.0
 7.975  927.5 -90   6  15  -4.688 150.0  30.0
 8.000  300.0  90   6  15   1.563   0.0   0.0
 8.000  302.5  90   6  36  -1.563   0.0   0.0
 8.000  305.0  90   6  36  -1.563   0.0   0.0
 8.000  307.5  90   6  18  -1.563   0.0   0.0
 8.000  560.0  90   6  15  -1.563 270.0  30.0
 8.000  562.5  90   6  15  -1.563   0.0   0.0
 8.000  607.5  90   6  15  -1.563   0.0   0.0
 8.000  610.0  90   6  21  -1.563   0.0   0.0
 8.000  612.5  90   6  18  -1.563   0.0   0.0
 8.000  615.0  90   6  15  -1.563   0.0   0.0
 8.000  617.5  90   6  18  -1.563   0.0   0.0
 8.000  620.0  90   6  21  -1.563   0.0   0.0
 8.000  622.5  90   6  21  -1.563   0.0   0.0
 8.000  625.0  90   6  18  -1.563   0.0   0.0
 8.000  925.0  90   6  15  -1.563   0.0   0.0
 8.000  280.0 -90   6  33   1.563   0.0   0.0
 8.000  282.5 -90   6  36   1.563   0.0   0.0
 8.000  285.0 -90   6  21  -1.563   0.0   0.0
 8.000  287.5 -90   6  15  -1.563   0.0   0.0
 8.000  560.0 -90   6  15  -1.563 270.0  30.0
 8.000  562.5 -90   6  15  -1.563   0.0   0.0
 8.000  565.0 -90   6  18  -1.563   0.0   0.0
 8.000  567.5 -90   6  30  -1.563   0.0   0.0
 8.000  570.0 -90   6  24   1.563   0.0   0.0
 8.000  572.5 -90   6  15  -1.563   0.0   0.0
 8.000  575.0 -90   6  15  -1.563   0.0   0.0
 8.000  580.0 -90   6  15  -1.563   0.0   0.0
 8.000  582.5 -90   6  18  -1.563   0.0   0.0
 8.000  587.5 -90   6  21  -1.563   0.0   0.0
 8.000  590.0 -90   6  21  -1.563   0.0   0.0
 8.000  592.5 -90   6  15  -1.563  30.0  30.0
 8.025  302.5  90   6  27  -1.563   0.0   0.0
 8.025  305.0  90   6  39  -1.563   0.0   0.0
 8.025  307.5  90   6  33  -1.563   0.0   0.0
 8.025  310.0  90   6  18  -1.563   0.0   0.0
 8.025  312.5  90   6  15  -1.563   0.0   0.0
 8.025  560.0  90   6  15  10.938   0.0   0.0
 8.025  562.5  90   6  15  10.938 270.0  30.0
 8.025  612.5  90   6  18  -1.563   0.0   0.0
 8.025  617.5  90   6  21  -1.563   0.0   0.0
 8.025  620.0  90   6  18  -1.563   0.0   0.0
 8.025  622.5  90   6  21  -1.563   0.0   0.0
 8.025  625.0  90   6  21  -1.563   0.0   0.0
 8.025  635.0  90   6  15  -1.563  30.0  30.0
 8.025  277.5 -90   6  15   1.563   0.0   0.0
 8.025  280.0 -90   6  21   1.563   0.0   0.0
 8.025  282.5 -90   6  30   1.563   0.0   0.0
 8.025  285.0 -90   6  24  -1.563   0.0   0.0
 8.025  287.5 -90   6  15  -1.563   0.0   0.0
 8.025  305.0 -90   6  15   1.563  30.0  30.0
 8.025  562.5 -90   6  15  -1.563 270.0  30.0
 8.025  565.0 -90   6  15   1.563   0.0   0.0
 8.025  567.5 -90   6  27   1.563   0.0   0.0
 8.025  570.0 -90   6  15  -1.563   0.0   0.0
 8.025  572.5 -90   6  21  -1.563   0.0   0.0
 8.025  575.0 -90   6  18  -1.563   0.0   0.0
 8.025  580.0 -90   6  18   1.563   0.0   0.0
 8.025  585.0 -90   6  18  -1.563   0.0   0.0
 8.025  587.5 -90   6  18  -1.563 270.0  30.0
 8.025  590.0 -90   6  18  -1.563   0.0   0.0
 8.025  592.5 -90   6  18  -1.563   0.0   0.0
 8.025  862.5 -90   6  15  -1.563   0.0   0.0
 8.025  865.0 -90   6  15  -1.563   0.0   0.0
 8.050  302.5  90   6  18  -1.563   0.0   0.0
 8.050  305.0  90   6  39  -1.563   0.0   0.0
 8.050  307.5  90   6  36  -1.563   0.0   0.0
 8.050  310.0  90   6  21  -1.563   0.0   0.0
 8.050  560.0  90   6  15  -1.563 270.0  30.0
 8.050  562.5  90   6  15  -1.563 270.0  30.0
 8.050  612.5  90   6  18   1.563   0.0   0.0
 8.050  615.0  90   6  15  -1.563   0.0   0.0
 8.050  617.5  90   6  21  -1.563   0.0   0.0
 8.050  620.0  90   6  18  -1.563   0.0   0.0
 8.050  627.5  90   6  15  -1.563   0.0   0.0
 8.050  632.5  90   6  15  -1.563   0.0   0.0
 8.050  635.0  90   6  18  -1.563  90.0  30.0
 8.050  280.0 -90   6  18   1.563   0.0   0.0
 8.050  282.5 -90   6  18   1.563   0.0   0.0
 8.050  567.5 -90   6  18  -1.563   0.0   0.0
 8.050  570.0 -90   6  27   1.563   0.0   0.0
 8.050  572.5 -90   6  27  -1.563   0.0   0.0
 8.050  575.0 -90   6  18   1.563   0.0   0.0
 8.050  577.5 -90   6  15  -1.563   0.0   0.0
 8.050  580.0 -90   6  15   1.563   0.0   0.0
 8.050  587.5 -90   6  18  -1.563   0.0   0.0
 8.050  590.0 -90   6  18  -1.563   0.0   0.0
 8.050  595.0 -90   6  18  -1.563   0.0   0.0
 8.050  880.0 -90   6  15  -1.563   0.0   0.0
 8.075  305.0  90   6  33  -1.563   0.0   0.0
 8.075  307.5  90   6  39  -1.563   0.0   0.0
 8.075  310.0  90   6  30  -1.563   0.0   0.0
 8.075  312.5  90   6  18  -1.563   0.0   0.0
 8.075  315.0  90   6  18   1.563   0.0   0.0
 8.075  560.0  90   6  15  -1.563 270.0  30.0
 8.075  562.5  90   6  15  -1.563 270.0  30.0
 8.075  617.5  90   6  15  -1.563 150.0  30.0
 8.075  620.0  90   6  15  -1.563 210.0  30.0
 8.075  627.5  90   6  18  -1.563   0.0   0.0
 8.075  630.0  90   6  15  -1.563   0.0   0.0
 8.075  635.0  90   6  18  -1.563   0.0   0.0
 8.075  282.5 -90   6  27   1.563   0.0   0.0
 8.075  285.0 -90   6  27  -1.563   0.0   0.0
 8.075  287.5 -90   6  18  -1.563   0.0   0.0
 8.075  307.5 -90   6  18   1.563   0.0   0.0
 8.075  570.0 -90   6  18   1.563   0.0   0.0
 8.075  572.5 -90   6  27  -1.563   0.0   0.0
 8.075  575.0 -90   6  24   1.563   0.0   0.0
 8.075  577.5 -90   6  15   1.563   0.0   0.0
 8.075  580.0 -90   6  21  -1.563   0.0   0.0
 8.075  582.5 -90   6  18  -1.563   0.0   0.0
 8.075  585.0 -90   6  18  -1.563   0.0   0.0
 8.075  587.5 -90   6  15  -1.563  30.0  30.0
 8.075  597.5 -90   6  18  -1.563   0.0   0.0
 8.075  872.5 -90   6  15  -1.563   0.0   0.0
 8.100  305.0  90   6  21  -1.563   0.0   0.0
 8.100  307.5  90   6  39  -1.563   0.0   0.0
 8.100  310.0  90   6  33  -1.563   0.0   0.0
 8.100  312.5  90   6  21  -1.563   0.0   0.0
 8.100  315.0  90   6  15  -1.563   0.0   0.0
 8.100  560.0  90   6  15  -1.563 270.0  30.0
 8.100  562.5  90   6  15  -1.563 270.0  30.0
 8.100  617.5  90   6  18  -1.563 150.0  30.0
 8.100  620.0  90   6  21  -1.563 150.0  30.0
 8.100  622.5  90   6  18  -1.563  90.0  30.0
 8.100  625.0  90   6  15  -1.563   0.0   0.0
 8.100  627.5  90   6  15  -1.563   0.0   0.0
 8.100  635.0  90   6  15  -1.563   0.0   0.0
 8.100  637.5  90   6  15  -1.563   0.0   0.0
 8.100  640.0  90   6  15  -1.563  90.0  30.0
 8.100  935.0  90   6  15  -1.563   0.0   0.0
 8.100  280.0 -90   6  15   1.563   0.0   0.0
 8.100  282.5 -90   6  24   1.563   0.0   0.0
 8.100  285.0 -90   6  33  -1.563   0.0   0.0
 8.100  287.5 -90   6  24  -1.563   0.0   0.0
 8.100  290.0 -90   6  15  -1.563   0.0   0.0
 8.100  307.5 -90   6  15  -1.563   0.0   0.0
 8.100  570.0 -90   6  18   1.563   0.0   0.0
 8.100  572.5 -90   6  24   1.563   0.0   0.0
 8.100  575.0 -90   6  18  -1.563   0.0   0.0
 8.100  577.5 -90   6  24  -1.563   0.0   0.0
 8.100  580.0 -90   6  18  -1.563   0.0   0.0
 8.100  587.5 -90   6  18  -1.563  30.0  30.0
 8.100  592.5 -90   6  18  -1.563   0.0   0.0
 8.100  595.0 -90   6  15  -1.563   0.0   0.0
 8.100  600.0 -90   6  15  -1.563   0.0   0.0
 8.125  305.0  90  27  36  -1.563   0.0   0.0
 8.125  307.5  90  27  54  -1.563   0.0   0.0
 8.125  310.0  90  27  63  -1.563   0.0   0.0
 8.125  312.5  90  27  51  -1.563   0.0   0.0
 8.125  560.0  90  27  39  -1.563 270.0  30.0
 8.125  562.5  90  27  39  -1.563 270.0  30.0
 8.125  617.5  90  27  36  -1.563   0.0   0.0
 8.125  620.0  90  27  39  -1.563 150.0  30.0
 8.125  622.5  90  27  42  -1.563 150.0  30.0
 8.125  625.0  90  27  36  -1.563 150.0  30.0
 8.125  627.5  90  27  39  -1.563   0.0   0.0
 8.125  630.0  90  27  42  -1.563   0.0   0.0
 8.125  632.5  90  27  42  -1.563   0.0   0.0
 8.125  635.0  90  27  45  -1.563   0.0   0.0
 8.125  637.5  90  27  45  -1.563   0.0   0.0
 8.125  642.5  90  27  39  -1.563  30.0  30.0
 8.125  935.0  90  27  39  -1.563   0.0   0.0
 8.125  940.0  90  27  36  -1.563   0.0   0.0
 8.125  282.5 -90  27  42  -1.563   0.0   0.0
 8.125  285.0 -90  27  57   1.563   0.0   0.0
 8.125  287.5 -90  27  51  -1.563   0.0   0.0
 8.125  290.0 -90  27  39  -1.563   0.0   0.0
 8.125  307.5 -90  27  36  -1.563  90.0  30.0
 8.125  310.0 -90  27  39   1.563 330.0  30.0
 8.125  560.0 -90  27  36  10.938 270.0  30.0
 8.125  572.5 -90  27  42   1.563   0.0   0.0
 8.125  575.0 -90  27  45   1.563   0.0   0.0
 8.125  577.5 -90  27  39   1.563   0.0   0.0
 8.125  582.5 -90  27  39   1.563   0.0   0.0
 8.125  585.0 -90  27  42  -1.563   0.0   0.0
 8.125  587.5 -90  27  42  -1.563   0.0   0.0
 8.125  590.0 -90  27  42  -1.563   0.0   0.0
 8.125  595.0 -90  27  36  -1.563   0.0   0.0
 8.125  597.5 -90  27  36  -1.563   0.0   0.0
 8.125  600.0 -90  27  36  -1.563  90.0  30.0
 8.125  605.0 -90  27  36  -1.563   0.0   0.0
 8.125  607.5 -90  27  36  -1.563   0.0   0.0
 8.125  610.0 -90  27  36  -1.563   0.0   0.0
 8.125  867.5 -90  27  36  -1.563   0.0   0.0
 8.125  870.0 -90  27  36   1.563   0.0   0.0
 8.125  875.0 -90  27  36   1.563   0.0   0.0
 8.150  287.5  90  27  36  -1.563   0.0   0.0
 8.150  292.5  90  27  36  -1.563   0.0   0.0
 8.150  300.0  90  27  36  -1.563   0.0   0.0
 8.150  307.5  90  27  45  -1.563   0.0   0.0
 8.150  310.0  90  27  60  -1.563   0.0   0.0
 8.150  312.5  90  27  57  -1.563   0.0   0.0
 8.150  315.0  90  27  39   1.563   0.0   0.0
 8.150  322.5  90  27  36  -1.563   0.0   0.0
 8.150  560.0  90  27  39  -1.563 270.0  30.0
 8.150  562.5  90  27  39  -1.563 270.0  30.0
 8.150  617.5  90  27  36   1.563   0.0   0.0
 8.150  620.0  90  27  39   1.563   0.0   0.0
 8.150  627.5  90  27  39  -1.563   0.0   0.0
 8.150  630.0  90  27  39  -1.563 210.0  30.0
 8.150  632.5  90  27  42  -1.563  30.0  30.0
 8.150  635.0  90  27  42  -1.563   0.0   0.0
 8.150  637.5  90  27  45  -1.563   0.0   0.0
 8.150  640.0  90  27  39  -1.563  30.0  30.0
 8.150  642.5  90  27  45  -1.563   0.0   0.0
 8.150  645.0  90  27  45  -1.563  30.0  30.0
 8.150  647.5  90  27  36  -1.563  30.0  30.0
 8.150  940.0  90  27  36  -1.563  90.0  30.0
 8.150  282.5 -90  27  42   1.563   0.0   0.0
 8.150  285.0 -90  27  60  -1.563   0.0   0.0
 8.150  287.5 -90  27  57  -1.563   0.0   0.0
 8.150  290.0 -90  27  42   1.563   0.0   0.0
 8.150  295.0 -90  27  36   1.563   0.0   0.0
 8.150  310.0 -90  27  36  -1.563  30.0  30.0
 8.150  312.5 -90  27  36  -1.563 330.0  30.0
 8.150  562.5 -90  27  36  -1.563 210.0  30.0
 8.150  572.5 -90  27  39  -1.563   0.0   0.0
 8.150  575.0 -90  27  48  -1.563   0.0   0.0
 8.150  577.5 -90  27  51   1.563   0.0   0.0
 8.150  580.0 -90  27  51  -1.563   0.0   0.0
 8.150  582.5 -90  27  45  -1.563   0.0   0.0
 8.150  585.0 -90  27  39   1.563   0.0   0.0
 8.150  587.5 -90  27  39  -1.563 150.0  30.0
 8.150  592.5 -90  27  36  -1.563   0.0   0.0
 8.150  595.0 -90  27  42  -1.563   0.0   0.0
 8.150  597.5 -90  27  39  -1.563 330.0  30.0
 8.150  600.0 -90  27  39  -1.563 330.0  30.0
 8.150  602.5 -90  27  36  -1.563   0.0   0.0
 8.150  605.0 -90  27  36  -1.563  30.0  30.0
 8.150  607.5 -90  27  36  -1.563  30.0  30.0
 8.150  610.0 -90  27  36  -1.563  30.0  30.0
 8.150  617.5 -90  27  36  -1.563  90.0  30.0
 8.175  277.5  90   6  15  -1.563   0.0   0.0
 8.175  280.0  90   6  15  -1.563   0.0   0.0
 8.175  285.0  90   6  15   1.563   0.0   0.0
 8.175  287.5  90   6  15  -1.563   0.0   0.0
 8.175  292.5  90   6  15  -1.563   0.0   0.0
 8.175  307.5  90   6  15  -1.563   0.0   0.0
 8.175  310.0  90   6  33  -1.563   0.0   0.0
 8.175  312.5  90   6  39  -1.563   0.0   0.0
 8.175  315.0  90   6  27  -1.563   0.0   0.0
 8.175  317.5  90   6  18   1.563   0.0   0.0
 8.175  320.0  90   6  15  -1.563   0.0   0.0
 8.175  327.5  90   6  15   1.563   0.0   0.0
 8.175  560.0  90   6  15  10.938   0.0   0.0
 8.175  562.5  90   6  15  -1.563   0.0   0.0
 8.175  622.5  90   6  15  -1.563 150.0  30.0
 8.175  625.0  90   6  18   1.563   0.0   0.0
 8.175  627.5  90   6  18   1.563   0.0   0.0
 8.175  632.5  90   6  18  -1.563   0.0   0.0
 8.175  635.0  90   6  15  -1.563 150.0  30.0
 8.175  637.5  90   6  18  -1.563   0.0   0.0
 8.175  640.0  90   6  15  -1.563   0.0   0.0
 8.175  642.5  90   6  18  -1.563  90.0  30.0
 8.175  645.0  90   6  18  -1.563   0.0   0.0
 8.175  647.5  90   6  15  -1.563  90.0  30.0
 8.175 1012.5  90   6  15  -1.563 210.0  30.0
 8.175 1017.5  90   6  15  -4.688 210.0  30.0
 8.175 1060.0  90   6  15  -1.563 150.0  30.0
 8.175 1067.5  90   6  15  10.938 150.0  30.0
 8.175  282.5 -90   6  18  -1.563   0.0   0.0
 8.175  285.0 -90   6  33   1.563   0.0   0.0
 8.175  287.5 -90   6  36   1.563   0.0   0.0
 8.175  292.5 -90   6  15  -1.563   0.0   0.0
 8.175  312.5 -90   6  15  -1.563 330.0  30.0
 8.175  562.5 -90   6  15  -1.563 270.0  30.0
 8.175  575.0 -90   6  24   1.563   0.0   0.0
 8.175  577.5 -90   6  24   1.563   0.0   0.0
 8.175  580.0 -90   6  27  -1.563   0.0   0.0
 8.175  582.5 -90   6  24  -1.563   0.0   0.0
 8.175  585.0 -90   6  18  -1.563   0.0   0.0
 8.175  592.5 -90   6  21  -1.563   0.0   0.0
 8.175  595.0 -90   6  18  -1.563   0.0   0.0
 8.175  597.5 -90   6  15  -1.563 330.0  30.0
 8.175  600.0 -90   6  15  -1.563   0.0   0.0
 8.175  617.5 -90   6  18  -1.563  90.0  30.0
 8.175  870.0 -90   6  15  -1.563   0.0   0.0
 8.175  872.5 -90   6  15  -1.563   0.0   0.0
 8.200  310.0  90   6  24  -1.563   0.0   0.0
 8.200  312.5  90   6  39  -1.563   0.0   0.0
 8.200  315.0  90   6  36  -1.563   0.0   0.0
 8.200  317.5  90   6  18  -1.563   0.0   0.0
 8.200  562.5  90   6  15  -1.563   0.0   0.0
 8.200  622.5  90   6  18   1.563   0.0   0.0
 8.200  625.0  90   6  18   1.563   0.0   0.0
 8.200  627.5  90   6  15  -1.563   0.0   0.0
 8.200  630.0  90   6  18  -1.563   0.0   0.0
 8.200  632.5  90   6  21  -1.563   0.0   0.0
 8.200  635.0  90   6  15  -1.563   0.0   0.0
 8.200  637.5  90   6  18  -1.563   0.0   0.0
 8.200  640.0  90   6  15  -1.563   0.0   0.0
 8.200  642.5  90   6  15  -1.563 270.0  30.0
 8.200  645.0  90   6  15  -1.563   0.0   0.0
 8.200  647.5  90   6  15  -1.563   0.0   0.0
 8.200  285.0 -90   6  27   1.563   0.0   0.0
 8.200  287.5 -90   6  36   1.563   0.0   0.0
 8.200  290.0 -90   6  27  -1.563   0.0   0.0
 8.200  292.5 -90   6  18  -1.563   0.0   0.0
 8.200  312.5 -90   6  15  -1.563  30.0  30.0
 8.200  577.5 -90   6  15  -1.563   0.0   0.0
 8.200  580.0 -90   6  21   1.563   0.0   0.0
 8.200  582.5 -90   6  18  -1.563   0.0   0.0
 8.200  587.5 -90   6  15  -1.563   0.0   0.0
 8.200  590.0 -90   6  18   1.563   0.0   0.0
 8.200  592.5 -90   6  15  -1.563   0.0   0.0
 8.200  600.0 -90   6  18  -1.563   0.0   0.0
 8.200  602.5 -90   6  15  -1.563  90.0  30.0
 8.200  612.5 -90   6  15  -1.563  90.0  30.0
 8.225  287.5  90  27  39  -1.563 210.0  30.0
 8.225  290.0  90  27  36   1.563   0.0   0.0
 8.225  310.0  90  27  36  -1.563   0.0   0.0
 8.225  312.5  90  27  57  -1.563   0.0   0.0
 8.225  315.0  90  27  63  -1.563   0.0   0.0
 8.225  317.5  90  27  48  -1.563   0.0   0.0
 8.225  320.0  90  27  36  -1.563   0.0   0.0
 8.225  322.5  90  27  36  -1.563   0.0   0.0
 8.225  325.0  90  27  42  -1.563   0.0   0.0
 8.225  327.5  90  27  36  -1.563   0.0   0.0
 8.225  560.0  90  27  39  -1.563   0.0   0.0
 8.225  562.5  90  27  39  -1.563 270.0  30.0
 8.225  632.5  90  27  39  -1.563   0.0   0.0
 8.225  635.0  90  27  45  -1.563   0.0   0.0
 8.225  637.5  90  27  45  -1.563   0.0   0.0
 8.225  640.0  90  27  39  -1.563  30.0  30.0
 8.225  645.0  90  27  39  -1.563   0.0   0.0
 8.225  647.5  90  27  39  -1.563   0.0   0.0
 8.225  950.0  90  27  36  -1.563  90.0  30.0
 8.225  280.0 -90  27  36   1.563   0.0   0.0
 8.225  285.0 -90  27  42   1.563   0.0   0.0
 8.225  287.5 -90  27  63  -1.563   0.0   0.0
 8.225  290.0 -90  27  60  -1.563   0.0   0.0
 8.225  292.5 -90  27  36   1.563   0.0   0.0
 8.225  295.0 -90  27  39  -1.563   0.0   0.0
 8.225  312.5 -90  27  36  -1.563  30.0  30.0
 8.225  315.0 -90  27  42  -1.563  30.0  30.0
 8.225  562.5 -90  27  36  -1.563 270.0  30.0
 8.225  577.5 -90  27  42   1.563   0.0   0.0
 8.225  580.0 -90  27  36   1.563   0.0   0.0
 8.225  582.5 -90  27  45  -1.563   0.0   0.0
 8.225  585.0 -90  27  42  -1.563   0.0   0.0
 8.225  587.5 -90  27  45  -1.563   0.0   0.0
 8.225  590.0 -90  27  45  -1.563   0.0   0.0
 8.225  592.5 -90  27  39  -1.563   0.0   0.0
 8.225  595.0 -90  27  39  -1.563   0.0   0.0
 8.225  597.5 -90  27  36  -1.563   0.0   0.0
 8.225  600.0 -90  27  45  -1.563   0.0   0.0
 8.225  602.5 -90  27  39  -1.563   0.0   0.0
 8.225  605.0 -90  27  39  -1.563   0.0   0.0
 8.225  607.5 -90  27  36  -1.563   0.0   0.0
 8.225  610.0 -90  27  36  -1.563  90.0  30.0
 8.225  612.5 -90  27  36  -1.563  90.0  30.0
 8.225  875.0 -90  27  36  -1.563   0.0   0.0
 8.225  877.5 -90  27  36   1.563   0.0   0.0
 8.225  880.0 -90  27  39  -1.563   0.0   0.0
 8.225  882.5 -90  27  36  -1.563   0.0   0.0
 8.225  885.0 -90  27  36  -1.563   0.0   0.0
 8.250  287.5  90  27  36  -1.563 210.0  30.0
 8.250  290.0  90  27  39   1.563 330.0  30.0
 8.250  312.5  90  27  45  -1.563   0.0   0.0
 8.250  315.0  90  27  60  -1.563   0.0   0.0
 8.250  317.5  90  27  57  -1.563   0.0   0.0
 8.250  320.0  90  27  42  -1.563   0.0   0.0
 8.250  322.5  90  27  36  -1.563   0.0   0.0
 8.250  325.0  90  27  36  -1.563   0.0   0.0
 8.250  560.0  90  27  36  10.938   0.0   0.0
 8.250  562.5  90  27  39  -1.563  90.0  30.0
 8.250  627.5  90  27  39   1.563   0.0   0.0
 8.250  630.0  90  27  39   1.563 330.0  30.0
 8.250  632.5  90  27  45  -1.563   0.0   0.0
 8.250  635.0  90  27  45  -1.563   0.0   0.0
 8.250  637.5  90  27  45  -1.563   0.0   0.0
 8.250  640.0  90  27  36  -1.563  30.0  30.0
 8.250  642.5  90  27  36  -1.563   0.0   0.0
 8.250  645.0  90  27  45  -1.563   0.0   0.0
 8.250  650.0  90  27  36  -1.563 210.0  30.0
 8.250  652.5  90  27  36  -1.563  30.0  30.0
 8.250  280.0 -90  27  36   1.563   0.0   0.0
 8.250  282.5 -90  27  36   1.563   0.0   0.0
 8.250  287.5 -90  27  60  -1.563   0.0   0.0
 8.250  290.0 -90  27  60  -1.563   0.0   0.0
 8.250  292.5 -90  27  45  -1.563   0.0   0.0
 8.250  295.0 -90  27  42  -1.563   0.0   0.0
 8.250  315.0 -90  27  39   1.563  30.0  30.0
 8.250  317.5 -90  27  39  -1.563  30.0  30.0
 8.250  562.5 -90  27  36  -1.563  90.0  30.0
 8.250  577.5 -90  27  39  -1.563   0.0   0.0
 8.250  580.0 -90  27  45  -1.563   0.0   0.0
 8.250  582.5 -90  27  51  -1.563   0.0   0.0
 8.250  585.0 -90  27  48  -1.563   0.0   0.0
 8.250  587.5 -90  27  39  -1.563   0.0   0.0
 8.250  590.0 -90  27  36  -1.563 150.0  30.0
 8.250  592.5 -90  27  45  -1.563   0.0   0.0
 8.250  595.0 -90  27  45  -1.563   0.0   0.0
 8.250  600.0 -90  27  42  -1.563   0.0   0.0
 8.250  602.5 -90  27  39  -1.563   0.0   0.0
 8.250  605.0 -90  27  39  -1.563  30.0  30.0
 8.250  607.5 -90  27  39  -1.563   0.0   0.0
 8.250  610.0 -90  27  36  -1.563   0.0   0.0
 8.250  612.5 -90  27  36  -1.563  30.0  30.0
 8.250  615.0 -90  27  36  -1.563  30.0  30.0
 8.250  640.0 -90  27  36  -1.563   0.0   0.0
 8.250  717.5 -90  27  36  -1.563  90.0  30.0
 8.250  875.0 -90  27  36   1.563   0.0   0.0
 8.250  885.0 -90  27  39  -1.563   0.0   0.0
 8.250  887.5 -90  27  36  -1.563 210.0  30.0
 8.250  890.0 -90  27  36  -1.563   0.0   0.0
 8.275  290.0  90  15  30  -1.563   0.0   0.0
 8.275  312.5  90  15  24  -1.563   0.0   0.0
 8.275  315.0  90  15  42  -1.563   0.0   0.0
 8.275  317.5  90  15  51  -1.563   0.0   0.0
 8.275  320.0  90  15  36  -1.563   0.0   0.0
 8.275  322.5  90  15  33  -1.563   0.0   0.0
 8.275  327.5  90  15  24  -1.563   0.0   0.0
 8.275  330.0  90  15  24  -1.563   0.0   0.0
 8.275  560.0  90  15  24  -1.563 270.0  30.0
 8.275  562.5  90  15  27  -1.563   0.0   0.0
 8.275  582.5  90  15  24  -1.563   0.0   0.0
 8.275  585.0  90  15  24   1.563  90.0  30.0
 8.275  627.5  90  15  24  -1.563 330.0  30.0
 8.275  630.0  90  15  27   1.563   0.0   0.0
 8.275  632.5  90  15  27   1.563   0.0   0.0
 8.275  635.0  90  15  30  -1.563   0.0   0.0
 8.275  637.5  90  15  33  -1.563   0.0   0.0
 8.275  640.0  90  15  30  -1.563  30.0  30.0
 8.275  642.5  90  15  24  -1.563 270.0  30.0
 8.275  645.0  90  15  30  -1.563   0.0   0.0
 8.275  647.5  90  15  24  -1.563   0.0   0.0
 8.275  650.0  90  15  27  -1.563   0.0   0.0
 8.275  652.5  90  15  27  -1.563  90.0  30.0
 8.275  655.0  90  15  24  -1.563  90.0  30.0
 8.275  960.0  90  15  24  -1.563 270.0  30.0
 8.275  280.0 -90  15  24   1.563   0.0   0.0
 8.275  282.5 -90  15  24   1.563   0.0   0.0
 8.275  285.0 -90  15  27   1.563   0.0   0.0
 8.275  287.5 -90  15  45  -1.563   0.0   0.0
 8.275  290.0 -90  15  54  -1.563   0.0   0.0
 8.275  292.5 -90  15  39  -1.563   0.0   0.0
 8.275  295.0 -90  15  27   1.563   0.0   0.0
 8.275  315.0 -90  15  24  -1.563  30.0  30.0
 8.275  317.5 -90  15  30  -1.563  90.0  30.0
 8.275  562.5 -90  15  24  -1.563 270.0  30.0
 8.275  580.0 -90  15  27  -1.563   0.0   0.0
 8.275  582.5 -90  15  45  -1.563   0.0   0.0
 8.275  585.0 -90  15  39  -1.563   0.0   0.0
 8.275  587.5 -90  15  24  -1.563  90.0  30.0
 8.275  590.0 -90  15  27  -1.563 330.0  30.0
 8.275  592.5 -90  15  27  -1.563   0.0   0.0
 8.275  595.0 -90  15  27  -1.563   0.0   0.0
 8.275  597.5 -90  15  27  -1.563   0.0   0.0
 8.275  605.0 -90  15  30  -1.563  30.0  30.0
 8.275  607.5 -90  15  27  -1.563  30.0  30.0
 8.275  612.5 -90  15  24  -1.563   0.0   0.0
 8.275  620.0 -90  15  24  -1.563  90.0  30.0
 8.275  635.0 -90  15  24  -1.563   0.0   0.0
 8.275  637.5 -90  15  24  -1.563   0.0   0.0
 8.275  875.0 -90  15  24  -1.563   0.0   0.0
 8.275  877.5 -90  15  27  -1.563   0.0   0.0
 8.275  887.5 -90  15  24  -1.563   0.0   0.0
 8.275 1060.0 -90  15  24 -10.938   0.0   0.0
 8.300  290.0  90  15  33   1.563 210.0  30.0
 8.300  292.5  90  15  24  -1.563 210.0  30.0
 8.300  315.0  90  15  27   1.563   0.0   0.0
 8.300  317.5  90  15  48  -1.563   0.0   0.0
 8.300  320.0  90  15  48  -1.563   0.0   0.0
 8.300  322.5  90  15  30   1.563   0.0   0.0
 8.300  330.0  90  15  24  -1.563   0.0   0.0
 8.300  560.0  90  15  24  -1.563   0.0   0.0
 8.300  562.5  90  15  27  -1.563 270.0  30.0
 8.300  635.0  90  15  27  -1.563 150.0  30.0
 8.300  637.5  90  15  30  -1.563   0.0   0.0
 8.300  640.0  90  15  27  -1.563  30.0  30.0
 8.300  642.5  90  15  27  -1.563 150.0  30.0
 8.300  645.0  90  15  24  -1.563  30.0  30.0
 8.300  647.5  90  15  27  -1.563   0.0   0.0
 8.300  655.0  90  15  27  -1.563  30.0  30.0
 8.300  957.5  90  15  24  -1.563   0.0   0.0
 8.300  960.0  90  15  24  -1.563   0.0   0.0
 8.300  287.5 -90  15  39  -1.563   0.0   0.0
 8.300  290.0 -90  15  54  -1.563   0.0   0.0
 8.300  292.5 -90  15  48  -1.563   0.0   0.0
 8.300  295.0 -90  15  30  -1.563   0.0   0.0
 8.300  297.5 -90  15  24  -1.563   0.0   0.0
 8.300  317.5 -90  15  27  -1.563  30.0  30.0
 8.300  320.0 -90  15  30  -1.563  30.0  30.0
 8.300  562.5 -90  15  24  -1.563 270.0  30.0
 8.300  580.0 -90  15  24   1.563   0.0   0.0
 8.300  582.5 -90  15  39  -1.563   0.0   0.0
 8.300  585.0 -90  15  42  -1.563   0.0   0.0
 8.300  587.5 -90  15  30  -1.563   0.0   0.0
 8.300  590.0 -90  15  30  -1.563   0.0   0.0
 8.300  592.5 -90  15  27  -1.563   0.0   0.0
 8.300  595.0 -90  15  24  -1.563   0.0   0.0
 8.300  597.5 -90  15  24  -1.563 150.0  30.0
 8.300  600.0 -90  15  27  -1.563   0.0   0.0
 8.300  605.0 -90  15  30  -1.563   0.0   0.0
 8.300  610.0 -90  15  27  -1.563 330.0  30.0
 8.300  612.5 -90  15  27  -1.563   0.0   0.0
 8.300  615.0 -90  15  27  -1.563  90.0  30.0
 8.300  620.0 -90  15  27  -1.563   0.0   0.0
 8.300  885.0 -90  15  24  -1.563   0.0   0.0
 8.325  290.0  90  15  30  -1.563   0.0   0.0
 8.325  292.5  90  15  30  -1.563   0.0   0.0
 8.325  315.0  90  15  27  -1.563   0.0   0.0
 8.325  317.5  90  15  39  -1.563   0.0   0.0
 8.325  320.0  90  15  48  -1.563   0.0   0.0
 8.325  322.5  90  15  39  -1.563   0.0   0.0
 8.325  325.0  90  15  24   1.563   0.0   0.0
 8.325  562.5  90  15  24  10.938   0.0   0.0
 8.325  637.5  90  15  24   1.563  90.0  30.0
 8.325  640.0  90  15  27  -1.563   0.0   0.0
 8.325  642.5  90  15  27  -1.563 150.0  30.0
 8.325  647.5  90  15  27  -1.563   0.0   0.0
 8.325  650.0  90  15  24  -1.563  30.0  30.0
 8.325  652.5  90  15  27  -1.563  30.0  30.0
 8.325  655.0  90  15  27  -1.563  30.0  30.0
 8.325  662.5  90  15  24  -1.563   0.0   0.0
 8.325  962.5  90  15  24  -1.563   0.0   0.0
 8.325  287.5 -90  15  36   1.563   0.0   0.0
 8.325  290.0 -90  15  54  -1.563   0.0   0.0
 8.325  292.5 -90  15  51  -1.563   0.0   0.0
 8.325  295.0 -90  15  30  -1.563   0.0   0.0
 8.325  297.5 -90  15  24  -1.563   0.0   0.0
 8.325  320.0 -90  15  30  -1.563  30.0  30.0
 8.325  562.5 -90  15  24  -1.563 270.0  30.0
 8.325  582.5 -90  15  27  -1.563   0.0   0.0
 8.325  585.0 -90  15  24  -1.563   0.0   0.0
 8.325  587.5 -90  15  33  -1.563   0.0   0.0
 8.325  590.0 -90  15  39  -1.563   0.0   0.0
 8.325  592.5 -90  15  30  -1.563   0.0   0.0
 8.325  595.0 -90  15  27  -1.563 150.0  30.0
 8.325  597.5 -90  15  27  -1.563   0.0   0.0
 8.325  600.0 -90  15  27  -1.563   0.0   0.0
 8.325  602.5 -90  15  30  -1.563   0.0   0.0
 8.325  610.0 -90  15  27  -1.563  90.0  30.0
 8.325  615.0 -90  15  24  -1.563  90.0  30.0
 8.325  620.0 -90  15  24  -1.563  30.0  30.0
 8.325  622.5 -90  15  24  -1.563  90.0  30.0
 8.325  625.0 -90  15  24  -1.563  30.0  30.0
 8.325  890.0 -90  15  24  -1.563   0.0   0.0
 8.325  892.5 -90  15  27  -1.563   0.0   0.0
 8.325  895.0 -90  15  24  -1.563   0.0   0.0
 8.350  290.0  90  12  24   1.563 210.0  30.0
 8.350  292.5  90  12  30  -1.563  90.0  30.0
 8.350  312.5  90  12  21   1.563   0.0   0.0
 8.350  317.5  90  12  27  -1.563   0.0   0.0
 8.350  320.0  90  12  45  -1.563   0.0   0.0
 8.350  322.5  90  12  48  -1.563   0.0   0.0
 8.350  325.0  90  12  33  -1.563   0.0   0.0
 8.350  330.0  90  12  21  -1.563   0.0   0.0
 8.350  332.5  90  12  21  -1.563   0.0   0.0
 8.350  560.0  90  12  24  10.938   0.0   0.0
 8.350  562.5  90  12  27  -1.563 270.0  30.0
 8.350  567.5  90  12  21  -1.563   0.0   0.0
 8.350  590.0  90  12  21   1.563 210.0  30.0
 8.350  635.0  90  12  24   1.563   0.0   0.0
 8.350  637.5  90  12  27  -1.563   0.0   0.0
 8.350  640.0  90  12  30   1.563   0.0   0.0
 8.350  642.5  90  12  27  -1.563 150.0  30.0
 8.350  645.0  90  12  24  -1.563 150.0  30.0
 8.350  647.5  90  12  27  -1.563 270.0  30.0
 8.350  650.0  90  12  24  -1.563 270.0  30.0
 8.350  652.5  90  12  21  -1.563   0.0   0.0
 8.350  657.5  90  12  24  -1.563   0.0   0.0
 8.350  660.0  90  12  21  -1.563  30.0  30.0
 8.350  662.5  90  12  27  -1.563   0.0   0.0
 8.350  665.0  90  12  21  -1.563   0.0   0.0
 8.350  667.5  90  12  21  -1.563   0.0   0.0
 8.350  962.5  90  12  21  -1.563   0.0   0.0
 8.350  990.0  90  12  21  -1.563   0.0   0.0
 8.350  262.5 -90  15  24   1.563   0.0   0.0
 8.350  287.5 -90  15  30  -1.563   0.0   0.0
 8.350  290.0 -90  15  45  -1.563   0.0   0.0
 8.350  292.5 -90  15  54  -1.563   0.0   0.0
 8.350  295.0 -90  15  33   1.563   0.0   0.0
 8.350  297.5 -90  15  30  -1.563   0.0   0.0
 8.350  320.0 -90  15  27  -1.563  30.0  30.0
 8.350  322.5 -90  15  30  -1.563  30.0  30.0
 8.350  325.0 -90  15  24  -1.563   0.0   0.0
 8.350  557.5 -90  15  24   1.563   0.0   0.0
 8.350  560.0 -90  15  24   1.563   0.0   0.0
 8.350  562.5 -90  15  24  -1.563 270.0  30.0
 8.350  585.0 -90  15  27   1.563   0.0   0.0
 8.350  587.5 -90  15  36  -1.563   0.0   0.0
 8.350  590.0 -90  15  42  -1.563   0.0   0.0
 8.350  592.5 -90  15  24  -1.563   0.0   0.0
 8.350  595.0 -90  15  27   1.563   0.0   0.0
 8.350  600.0 -90  15  27  -1.563   0.0   0.0
 8.350  602.5 -90  15  27  -1.563   0.0   0.0
 8.350  605.0 -90  15  27   1.563   0.0   0.0
 8.350  610.0 -90  15  27  -1.563   0.0   0.0
 8.350  612.5 -90  15  27  -1.563   0.0   0.0
 8.350  617.5 -90  15  27  -1.563  90.0  30.0
 8.350  622.5 -90  15  24  -1.563   0.0   0.0
 8.350  625.0 -90  15  24  -1.563  90.0  30.0
 8.375  292.5  90  15  30   1.563   0.0   0.0
 8.375  295.0  90  15  24   1.563   0.0   0.0
 8.375  320.0  90  15  36  -1.563   0.0   0.0
 8.375  322.5  90  15  48  -1.563   0.0   0.0
 8.375  325.0  90  15  42  -1.563   0.0   0.0
 8.375  337.5  90  15  24  -1.563   0.0   0.0
 8.375  562.5  90  15  27  -1.563 270.0  30.0
 8.375  637.5  90  15  30   1.563   0.0   0.0
 8.375  640.0  90  15  24  -1.563 150.0  30.0
 8.375  642.5  90  15  30  -1.563   0.0   0.0
 8.375  647.5  90  15  30  -1.563   0.0   0.0
 8.375  650.0  90  15  27  -1.563   0.0   0.0
 8.375  652.5  90  15  27  -1.563   0.0   0.0
 8.375  655.0  90  15  30  -1.563   0.0   0.0
 8.375  657.5  90  15  24  -1.563   0.0   0.0
 8.375  660.0  90  15  30  -1.563  30.0  30.0
 8.375  662.5  90  15  27  -1.563  30.0  30.0
 8.375  287.5 -90  15  24  -1.563   0.0   0.0
 8.375  290.0 -90  15  39   1.563   0.0   0.0
 8.375  292.5 -90  15  54  -1.563   0.0   0.0
 8.375  295.0 -90  15  45  -1.563   0.0   0.0
 8.375  297.5 -90  15  27  -1.563   0.0   0.0
 8.375  300.0 -90  15  24  -1.563   0.0   0.0
 8.375  320.0 -90  15  24  -1.563   0.0   0.0
 8.375  322.5 -90  15  30  -1.563  30.0  30.0
 8.375  325.0 -90  15  24  -1.563 150.0  30.0
 8.375  560.0 -90  15  24  -1.563   0.0   0.0
 8.375  562.5 -90  15  27  -1.563   0.0   0.0
 8.375  587.5 -90  15  30   1.563   0.0   0.0
 8.375  590.0 -90  15  39  -1.563   0.0   0.0
 8.375  592.5 -90  15  36  -1.563   0.0   0.0
 8.375  595.0 -90  15  36  -1.563   0.0   0.0
 8.375  600.0 -90  15  24  -1.563  30.0  30.0
 8.375  602.5 -90  15  30  -1.563   0.0   0.0
 8.375  605.0 -90  15  33  -1.563   0.0   0.0
 8.375  615.0 -90  15  24  -1.563   0.0   0.0
 8.375  617.5 -90  15  24  -1.563  90.0  30.0
 8.375  622.5 -90  15  27  -1.563   0.0   0.0
 8.375  625.0 -90  15  24  -1.563  90.0  30.0
 8.375  885.0 -90  15  24   1.563   0.0   0.0
 8.375  892.5 -90  15  24  -1.563   0.0   0.0
 8.375  897.5 -90  15  24  -1.563   0.0   0.0
 8.375  900.0 -90  15  24  -1.563   0.0   0.0
 8.400  292.5  90  15  30  -1.563   0.0   0.0
 8.400  295.0  90  15  27  -1.563 330.0  30.0
 8.400  320.0  90  15  24  -1.563   0.0   0.0
 8.400  322.5  90  15  42  -1.563   0.0   0.0
 8.400  325.0  90  15  48  -1.563   0.0   0.0
 8.400  327.5  90  15  36  -1.563   0.0   0.0
 8.400  562.5  90  15  27  -1.563 270.0  30.0
 8.400  637.5  90  15  24  -1.563   0.0   0.0
 8.400  640.0  90  15  27  -1.563   0.0   0.0
 8.400  642.5  90  15  27  -1.563   0.0   0.0
 8.400  645.0  90  15  24  -1.563   0.0   0.0
 8.400  650.0  90  15  27  -1.563   0.0   0.0
 8.400  655.0  90  15  24  -1.563  30.0  30.0
 8.400  657.5  90  15  27  -1.563 270.0  30.0
 8.400  660.0  90  15  27  -1.563   0.0   0.0
 8.400  662.5  90  15  27  -1.563  30.0  30.0
 8.400  260.0 -90  15  24   1.563   0.0   0.0
 8.400  287.5 -90  15  24  -1.563   0.0   0.0
 8.400  290.0 -90  15  27  -1.563   0.0   0.0
 8.400  292.5 -90  15  51  -1.563   0.0   0.0
 8.400  295.0 -90  15  51  -1.563   0.0   0.0
 8.400  297.5 -90  15  30  -1.563   0.0   0.0
 8.400  325.0 -90  15  27  -1.563  30.0  30.0
 8.400  327.5 -90  15  27  -1.563   0.0   0.0
 8.400  562.5 -90  15  24  10.938 270.0  30.0
 8.400  590.0 -90  15  36  -1.563   0.0   0.0
 8.400  592.5 -90  15  30  -1.563   0.0   0.0
 8.400  595.0 -90  15  33  -1.563   0.0   0.0
 8.400  597.5 -90  15  24  -1.563  90.0  30.0
 8.400  602.5 -90  15  27  -1.563   0.0   0.0
 8.400  605.0 -90  15  30  -1.563   0.0   0.0
 8.400  607.5 -90  15  27  -1.563   0.0   0.0
 8.400  617.5 -90  15  24  -1.563  30.0  30.0
 8.400  620.0 -90  15  27  -1.563  30.0  30.0
 8.400  622.5 -90  15  24  -1.563  30.0  30.0
 8.425  292.5  90  15  27  -1.563   0.0   0.0
 8.425  295.0  90  15  33  -1.563   0.0   0.0
 8.425  322.5  90  15  33  -1.563   0.0   0.0
 8.425  325.0  90  15  45  -1.563   0.0   0.0
 8.425  327.5  90  15  48  -1.563   0.0   0.0
 8.425  330.0  90  15  33  -1.563   0.0   0.0
 8.425  562.5  90  15  27  -1.563   0.0   0.0
 8.425  640.0  90  15  24  -1.563   0.0   0.0
 8.425  642.5  90  15  24  -1.563 150.0  30.0
 8.425  645.0  90  15  30  -1.563   0.0   0.0
 8.425  647.5  90  15  24  -1.563 210.0  30.0
 8.425  650.0  90  15  24   1.563   0.0   0.0
 8.425  655.0  90  15  27  -1.563   0.0   0.0
 8.425  657.5  90  15  24  -1.563 270.0  30.0
 8.425  665.0  90  15  24  -1.563   0.0   0.0
 8.425  265.0 -90  15  24  -1.563   0.0   0.0
 8.425  272.5 -90  15  24   1.563   0.0   0.0
 8.425  277.5 -90  15  24  -1.563   0.0   0.0
 8.425  280.0 -90  15  27  -1.563   0.0   0.0
 8.425  285.0 -90  15  24  -1.563   0.0   0.0
 8.425  287.5 -90  15  27   1.563   0.0   0.0
 8.425  290.0 -90  15  27   1.563   0.0   0.0
 8.425  292.5 -90  15  48  -1.563   0.0   0.0
 8.425  295.0 -90  15  54  -1.563   0.0   0.0
 8.425  297.5 -90  15  36  -1.563   0.0   0.0
 8.425  307.5 -90  15  24  -1.563   0.0   0.0
 8.425  315.0 -90  15  24  -1.563   0.0   0.0
 8.425  325.0 -90  15  27  -1.563 150.0  30.0
 8.425  327.5 -90  15  27  -1.563  30.0  30.0
 8.425  562.5 -90  15  27  -1.563 270.0  30.0
 8.425  587.5 -90  15  27   1.563   0.0   0.0
 8.425  590.0 -90  15  24   1.563   0.0   0.0
 8.425  592.5 -90  15  36  -1.563   0.0   0.0
 8.425  595.0 -90  15  27  -1.563 270.0  30.0
 8.425  597.5 -90  15  30  -1.563   0.0   0.0
 8.425  600.0 -90  15  30  -1.563   0.0   0.0
 8.425  605.0 -90  15  30  -1.563   0.0   0.0
 8.425  607.5 -90  15  27  -1.563   0.0   0.0
 8.425  610.0 -90  15  27  -1.563   0.0   0.0
 8.425  612.5 -90  15  30  -1.563   0.0   0.0
 8.425  615.0 -90  15  30  -1.563   0.0   0.0
 8.425  617.5 -90  15  24  -1.563   0.0   0.0
 8.425  620.0 -90  15  24  -1.563  30.0  30.0
 8.425  625.0 -90  15  24  -1.563   0.0   0.0
 8.450  295.0  90  18  30  -1.563 330.0  30.0
 8.450  325.0  90  18  39  -1.563   0.0   0.0
 8.450  327.5  90  18  48  -1.563   0.0   0.0
 8.450  330.0  90  18  42  -1.563   0.0   0.0
 8.450  332.5  90  18  27  -1.563   0.0   0.0
 8.450  562.5  90  18  27  -1.563   0.0   0.0
 8.450  645.0  90  18  30  -1.563 150.0  30.0
 8.450  647.5  90  18  27  -1.563 330.0  30.0
 8.450  655.0  90  18  30  -1.563   0.0   0.0
 8.450  660.0  90  18  27  -1.563   0.0   0.0
 8.450  662.5  90  18  30  -1.563   0.0   0.0
 8.450  665.0  90  18  27  -1.563  30.0  30.0
 8.450  282.5 -90  18  27   1.563   0.0   0.0
 8.450  290.0 -90  18  27  -1.563   0.0   0.0
 8.450  292.5 -90  18  42  -1.563   0.0   0.0
 8.450  295.0 -90  18  54  -1.563   0.0   0.0
 8.450  297.5 -90  18  42   1.563   0.0   0.0
 8.450  307.5 -90  18  27  -1.563   0.0   0.0
 8.450  327.5 -90  18  30  -1.563   0.0   0.0
 8.450  562.5 -90  18  27  -1.563 270.0  30.0
 8.450  590.0 -90  18  33   1.563   0.0   0.0
 8.450  592.5 -90  18  27   1.563   0.0   0.0
 8.450  595.0 -90  18  36  -1.563   0.0   0.0
 8.450  600.0 -90  18  27  -1.563   0.0   0.0
 8.450  602.5 -90  18  30  -1.563   0.0   0.0
 8.450  605.0 -90  18  27  -1.563   0.0   0.0
 8.450  615.0 -90  18  30  -1.563   0.0   0.0
 8.475  327.5  90  21  42  -1.563   0.0   0.0
 8.475  330.0  90  21  48  -1.563   0.0   0.0
 8.475  332.5  90  21  36  -1.563   0.0   0.0
 8.475  652.5  90  21  30  -1.563   0.0   0.0
 8.475  660.0  90  21  33  -1.563   0.0   0.0
 8.475  662.5  90  21  33  -1.563   0.0   0.0
 8.475  292.5 -90  21  36   1.563   0.0   0.0
 8.475  295.0 -90  21  51  -1.563   0.0   0.0
 8.475  297.5 -90  21  48  -1.563   0.0   0.0
 8.475  300.0 -90  21  30  -1.563   0.0   0.0
 8.475  330.0 -90  21  30  -1.563  90.0  30.0
 8.475  562.5 -90  21  30  10.938 270.0  30.0
 8.475  590.0 -90  21  30   1.563   0.0   0.0
 8.475  592.5 -90  21  30   1.563   0.0   0.0
 8.475  595.0 -90  21  33  -1.563   0.0   0.0
 8.475  597.5 -90  21  33  -1.563   0.0   0.0
 8.475  602.5 -90  21  33  -1.563   0.0   0.0
 8.500  297.5  90  21  30  -1.563   0.0   0.0
 8.500  327.5  90  21  30  -1.563   0.0   0.0
 8.500  330.0  90  21  45  -1.563   0.0   0.0
 8.500  332.5  90  21  45  -1.563   0.0   0.0
 8.500  335.0  90  21  30  -1.563   0.0   0.0
 8.500  562.5  90  21  30  -1.563   0.0   0.0
 8.500  657.5  90  21  30  -1.563   0.0   0.0
 8.500  667.5  90  21  33  -1.563   0.0   0.0
 8.500  670.0  90  21  30  -1.563   0.0   0.0
 8.500  265.0 -90  18  27  -1.563   0.0   0.0
 8.500  275.0 -90  18  27  -1.563   0.0   0.0
 8.500  285.0 -90  18  27  -1.563   0.0   0.0
 8.500  287.5 -90  18  27  -1.563   0.0   0.0
 8.500  295.0 -90  18  45  -1.563   0.0   0.0
 8.500  297.5 -90  18  51  -1.563   0.0   0.0
 8.500  300.0 -90  18  33  -1.563   0.0   0.0
 8.500  302.5 -90  18  30  -1.563   0.0   0.0
 8.500  307.5 -90  18  30  -1.563   0.0   0.0
 8.500  320.0 -90  18  27  -1.563   0.0   0.0
 8.500  330.0 -90  18  30  -1.563   0.0   0.0
 8.500  332.5 -90  18  30  -1.563 330.0  30.0
 8.500  562.5 -90  18  27  -1.563 270.0  30.0
 8.500  597.5 -90  18  30   1.563   0.0   0.0
 8.500  600.0 -90  18  33  -1.563   0.0   0.0
 8.500  602.5 -90  18  30  -1.563   0.0   0.0
 8.500  607.5 -90  18  27  -1.563   0.0   0.0
 8.500  612.5 -90  18  30  -1.563   0.0   0.0
 8.500  615.0 -90  18  27  -1.563   0.0   0.0
 8.500  617.5 -90  18  27  -1.563   0.0   0.0
 8.500  622.5 -90  18  27  -1.563  30.0  30.0
 8.525  330.0  90  21  33  -1.563   0.0   0.0
 8.525  332.5  90  21  45  -1.563   0.0   0.0
 8.525  335.0  90  21  42  -1.563   0.0   0.0
 8.525  665.0  90  21  30  -1.563  30.0  30.0
 8.525  667.5  90  21  33  -1.563   0.0   0.0
 8.525  295.0 -90  18  39  -1.563   0.0   0.0
 8.525  297.5 -90  18  48  -1.563   0.0   0.0
 8.525  300.0 -90  18  42  -1.563   0.0   0.0
 8.525  302.5 -90  18  30  -1.563   0.0   0.0
 8.525  332.5 -90  18  27  -1.563 150.0  30.0
 8.525  562.5 -90  18  27  -1.563  90.0  30.0
 8.525  597.5 -90  18  33   1.563   0.0   0.0
 8.525  600.0 -90  18  30  -1.563   0.0   0.0
 8.525  605.0 -90  18  30   1.563   0.0   0.0
 8.525  607.5 -90  18  30  -1.563   0.0   0.0
 8.525  612.5 -90  18  27  -1.563   0.0   0.0
 8.525  615.0 -90  18  30  -1.563   0.0   0.0
 8.525  617.5 -90  18  30  -1.563   0.0   0.0
 8.525  622.5 -90  18  27  -1.563   0.0   0.0
 8.550  332.5  90  21  39  -1.563   0.0   0.0
 8.550  335.0  90  21  45  -1.563   0.0   0.0
 8.550  337.5  90  21  36  -1.563   0.0   0.0
 8.550  295.0 -90  21  30   1.563   0.0   0.0
 8.550  297.5 -90  21  42  -1.563   0.0   0.0
 8.550  300.0 -90  21  45  -1.563   0.0   0.0
 8.550  597.5 -90  21  33   1.563   0.0   0.0
 8.550  600.0 -90  21  33  -1.563   0.0   0.0
 8.550  602.5 -90  21  30  -1.563   0.0   0.0
 8.550  605.0 -90  21  30  -1.563   0.0   0.0
 8.550  607.5 -90  21  30  -1.563   0.0   0.0
 8.550  630.0 -90  21  30  -1.563   0.0   0.0
 8.575  335.0  90  21  42  -1.563   0.0   0.0
 8.575  337.5  90  21  45  -1.563   0.0   0.0
 8.575  340.0  90  21  36  -1.563   0.0   0.0
 8.575  665.0  90  21  30  -1.563   0.0   0.0
 8.575  672.5  90  21  30  -1.563   0.0   0.0
 8.575  675.0  90  21  30  -1.563  90.0  30.0
 8.575  702.5  90  21  30   7.813 210.0  30.0
 8.575  290.0 -90  18  27  -1.563   0.0   0.0
 8.575  297.5 -90  18  42  -1.563   0.0   0.0
 8.575  300.0 -90  18  48  -1.563   0.0   0.0
 8.575  302.5 -90  18  36  -1.563   0.0   0.0
 8.575  305.0 -90  18  30  -1.563   0.0   0.0
 8.575  337.5 -90  18  27  -1.563  30.0  30.0
 8.575  562.5 -90  18  27  -1.563  90.0  30.0
 8.575  597.5 -90  18  27  -1.563   0.0   0.0
 8.575  600.0 -90  18  27   1.563   0.0   0.0
 8.575  602.5 -90  18  27  -1.563   0.0   0.0
 8.575  605.0 -90  18  30  -1.563   0.0   0.0
 8.575  607.5 -90  18  30  -1.563   0.0   0.0
 8.575  610.0 -90  18  30  -1.563   0.0   0.0
 8.575  615.0 -90  18  27  -1.563   0.0   0.0
 8.575  627.5 -90  18  30  -1.563   0.0   0.0
 8.575  632.5 -90  18  30  -1.563  30.0  30.0
 8.600  300.0  90  18  27   1.563   0.0   0.0
 8.600  335.0  90  18  30  -1.563   0.0   0.0
 8.600  337.5  90  18  42  -1.563   0.0   0.0
 8.600  340.0  90  18  42  -1.563   0.0   0.0
 8.600  342.5  90  18  27  -1.563   0.0   0.0
 8.600  562.5  90  18  30  -1.563   0.0   0.0
 8.600  665.0  90  18  27  -1.563   0.0   0.0
 8.600  675.0  90  18  27  -1.563  90.0  30.0
 8.600  680.0  90  18  27  -1.563   0.0   0.0
 8.600  682.5  90  18  27  -1.563   0.0   0.0
 8.600  297.5 -90  18  39  -1.563   0.0   0.0
 8.600  300.0 -90  18  51  -1.563   0.0   0.0
 8.600  302.5 -90  18  42  -1.563   0.0   0.0
 8.600  305.0 -90  18  33  -1.563   0.0   0.0
 8.600  307.5 -90  18  27  -1.563   0.0   0.0
 8.600  562.5 -90  18  27  10.938   0.0   0.0
 8.600  600.0 -90  18  27  -1.563   0.0   0.0
 8.600  602.5 -90  18  27   1.563   0.0   0.0
 8.600  605.0 -90  18  30  -1.563   0.0   0.0
 8.600  607.5 -90  18  36  -1.563   0.0   0.0
 8.600  610.0 -90  18  27  -1.563   0.0   0.0
 8.600  612.5 -90  18  30  -1.563 150.0  30.0
 8.600  615.0 -90  18  27  -1.563   0.0   0.0
 8.600  617.5 -90  18  27  -1.563   0.0   0.0
 8.600  625.0 -90  18  27  -1.563   0.0   0.0
 8.600  627.5 -90  18  30  -1.563   0.0   0.0
 8.600  630.0 -90  18  27  -1.563  90.0  30.0
 8.600  632.5 -90  18  27  -1.563  30.0  30.0
 8.600  635.0 -90  18  27  -1.563  30.0  30.0
 8.600  920.0 -90  18  27  -1.563   0.0   0.0
 8.625  337.5  90  24  33  -1.563   0.0   0.0
 8.625  340.0  90  24  45  -1.563   0.0   0.0
 8.625  342.5  90  24  42  -1.563   0.0   0.0
 8.625  680.0  90  24  33  -1.563   0.0   0.0
 8.625  300.0 -90  24  45  -1.563   0.0   0.0
 8.625  302.5 -90  24  48  -1.563   0.0   0.0
 8.625  305.0 -90  24  33  -1.563   0.0   0.0
 8.625  307.5 -90  24  33  -1.563   0.0   0.0
 8.625  607.5 -90  24  33  -1.563   0.0   0.0
 8.625  610.0 -90  24  33  -1.563   0.0   0.0
 8.650  340.0  90  21  33  -1.563   0.0   0.0
 8.650  342.5  90  21  45  -1.563   0.0   0.0
 8.650  345.0  90  21  39  -1.563   0.0   0.0
 8.650  347.5  90  21  30  -1.563   0.0   0.0
 8.650  675.0  90  21  30  -1.563  90.0  30.0
 8.650  682.5  90  21  30  -1.563  30.0  30.0
 8.650  685.0  90  21  30  -1.563   0.0   0.0
 8.650  300.0 -90  21  36  -1.563   0.0   0.0
 8.650  302.5 -90  21  48  -1.563   0.0   0.0
 8.650  305.0 -90  21  42  -1.563   0.0   0.0
 8.650  610.0 -90  21  30  -1.563   0.0   0.0
 8.650  612.5 -90  21  36  -1.563   0.0   0.0
 8.650  615.0 -90  21  33  -1.563   0.0   0.0
 8.650  617.5 -90  21  30  -1.563   0.0   0.0
 8.650  620.0 -90  21  30   1.563 150.0  30.0
 8.650  622.5 -90  21  30  -1.563   0.0   0.0
 8.650  627.5 -90  21  30  -1.563   0.0   0.0
 8.650  637.5 -90  21  30  -1.563  90.0  30.0
 8.675  302.5  90  15  24   1.563 210.0  30.0
 8.675  305.0  90  15  24   1.563   0.0   0.0
 8.675  342.5  90  15  36  -1.563   0.0   0.0
 8.675  345.0  90  15  45  -1.563   0.0   0.0
 8.675  347.5  90  15  39  -1.563   0.0   0.0
 8.675  562.5  90  15  27  -1.563   0.0   0.0
 8.675  665.0  90  15  24   1.563   0.0   0.0
 8.675  670.0  90  15  27  -1.563   0.0   0.0
 8.675  672.5  90  15  27   1.563   0.0   0.0
 8.675  675.0  90  15  24  -1.563  30.0  30.0
 8.675  680.0  90  15  24   1.563   0.0   0.0
 8.675  682.5  90  15  30  -1.563   0.0   0.0
 8.675  687.5  90  15  27  -1.563  30.0  30.0
 8.675  692.5  90  15  24  -1.563   0.0   0.0
 8.675  695.0  90  15  24  -1.563   0.0   0.0
 8.675  702.5  90  15  24  -1.563   0.0   0.0
 8.675  300.0 -90  15  33  -1.563   0.0   0.0
 8.675  302.5 -90  15  48  -1.563   0.0   0.0
 8.675  305.0 -90  15  48  -1.563   0.0   0.0
 8.675  307.5 -90  15  27   1.563   0.0   0.0
 8.675  310.0 -90  15  27  -1.563   0.0   0.0
 8.675  345.0 -90  15  24  -1.563   0.0   0.0
 8.675  562.5 -90  15  27  -1.563   0.0   0.0
 8.675  607.5 -90  15  24   1.563   0.0   0.0
 8.675  610.0 -90  15  27   1.563   0.0   0.0
 8.675  612.5 -90  15  33  -1.563   0.0   0.0
 8.675  615.0 -90  15  30  -1.563   0.0   0.0
 8.675  617.5 -90  15  24  -1.563 210.0  30.0
 8.675  620.0 -90  15  27  -1.563 150.0  30.0
 8.675  625.0 -90  15  27  -1.563   0.0   0.0
 8.675  627.5 -90  15  27  -1.563   0.0   0.0
 8.675  640.0 -90  15  24  -1.563  90.0  30.0
 8.675  642.5 -90  15  24  -1.563  90.0  30.0
 8.675 1060.0 -90  15  24   1.563   0.0   0.0
 8.700  340.0  90  12  21   1.563   0.0   0.0
 8.700  342.5  90  12  21  -1.563   0.0   0.0
 8.700  345.0  90  12  39  -1.563   0.0   0.0
 8.700  347.5  90  12  45  -1.563   0.0   0.0
 8.700  350.0  90  12  36  -1.563   0.0   0.0
 8.700  352.5  90  12  21   1.563   0.0   0.0
 8.700  562.5  90  12  27  -1.563   0.0   0.0
 8.700  667.5  90  12  24  -1.563 150.0  30.0
 8.700  670.0  90  12  27  -1.563   0.0   0.0
 8.700  672.5  90  12  24  -1.563 270.0  30.0
 8.700  675.0  90  12  24  -1.563 270.0  30.0
 8.700  677.5  90  12  27  -1.563   0.0   0.0
 8.700  680.0  90  12  24  -1.563  90.0  30.0
 8.700  682.5  90  12  27  -1.563  90.0  30.0
 8.700  685.0  90  12  24  -1.563  30.0  30.0
 8.700  690.0  90  12  21  -1.563 210.0  30.0
 8.700  692.5  90  12  21  -1.563   0.0   0.0
 8.700  697.5  90  12  21  -1.563 150.0  30.0
 8.700  702.5  90  12  21  -1.563   0.0   0.0
 8.700  705.0  90  12  21  -1.563   0.0   0.0
 8.700  710.0  90  12  21  -1.563   0.0   0.0
 8.700  300.0 -90  15  27  -1.563   0.0   0.0
 8.700  302.5 -90  15  45  -1.563   0.0   0.0
 8.700  305.0 -90  15  51  -1.563   0.0   0.0
 8.700  307.5 -90  15  27  -1.563   0.0   0.0
 8.700  310.0 -90  15  27   1.563   0.0   0.0
 8.700  562.5 -90  15  24  10.938  90.0  30.0
 8.700  610.0 -90  15  33  -1.563   0.0   0.0
 8.700  612.5 -90  15  30   1.563   0.0   0.0
 8.700  615.0 -90  15  27  -1.563   0.0   0.0
 8.700  617.5 -90  15  27  -1.563 210.0  30.0
 8.700  620.0 -90  15  27  -1.563   0.0   0.0
 8.700  622.5 -90  15  27  -1.563   0.0   0.0
 8.700  625.0 -90  15  30  -1.563   0.0   0.0
 8.700  627.5 -90  15  24  -1.563  90.0  30.0
 8.700  640.0 -90  15  27  -1.563  90.0  30.0
 8.725  345.0  90  12  24  -1.563   0.0   0.0
 8.725  347.5  90  12  39  -1.563   0.0   0.0
 8.725  350.0  90  12  45  -1.563   0.0   0.0
 8.725  352.5  90  12  36  -1.563   0.0   0.0
 8.725  355.0  90  12  24  -1.563   0.0   0.0
 8.725  562.5  90  12  27  -1.563   0.0   0.0
 8.725  670.0  90  12  24  -1.563   0.0   0.0
 8.725  672.5  90  12  30  -1.563   0.0   0.0
 8.725  675.0  90  12  30  -1.563   0.0   0.0
 8.725  677.5  90  12  24  -1.563   0.0   0.0
 8.725  680.0  90  12  24  -1.563  30.0  30.0
 8.725  682.5  90  12  27  -1.563   0.0   0.0
 8.725  685.0  90  12  21  -1.563  30.0  30.0
 8.725  687.5  90  12  24  -1.563  90.0  30.0
 8.725  690.0  90  12  24  -1.563 210.0  30.0
 8.725  692.5  90  12  21  -1.563  30.0  30.0
 8.725  702.5  90  12  21  -1.563   0.0   0.0
 8.725  725.0  90  12  21  -1.563   0.0   0.0
 8.725  730.0  90  12  21  -1.563   0.0   0.0
 8.725  297.5 -90  12  21   1.563   0.0   0.0
 8.725  302.5 -90  12  33  -1.563   0.0   0.0
 8.725  305.0 -90  12  51  -1.563   0.0   0.0
 8.725  307.5 -90  12  45  -1.563   0.0   0.0
 8.725  310.0 -90  12  33  -1.563   0.0   0.0
 8.725  312.5 -90  12  24  -1.563   0.0   0.0
 8.725  347.5 -90  12  21  -1.563  30.0  30.0
 8.725  350.0 -90  12  24  -1.563 330.0  30.0
 8.725  352.5 -90  12  21   1.563   0.0   0.0
 8.725  562.5 -90  12  27  -1.563  90.0  30.0
 8.725  607.5 -90  12  24  -1.563   0.0   0.0
 8.725  610.0 -90  12  27   1.563   0.0   0.0
 8.725  612.5 -90  12  24   1.563   0.0   0.0
 8.725  615.0 -90  12  27  -1.563   0.0   0.0
 8.725  617.5 -90  12  21  -1.563  90.0  30.0
 8.725  620.0 -90  12  30  -1.563   0.0   0.0
 8.725  622.5 -90  12  21  -1.563 150.0  30.0
 8.725  625.0 -90  12  27  -1.563   0.0   0.0
 8.725  627.5 -90  12  27  -1.563   0.0   0.0
 8.725  630.0 -90  12  27  -1.563   0.0   0.0
 8.725  637.5 -90  12  21  -1.563  90.0  30.0
 8.725  640.0 -90  12  24  -1.563  90.0  30.0
 8.725  680.0 -90  12  21   1.563   0.0   0.0
 8.725  682.5 -90  12  21   1.563   0.0   0.0
 8.725  927.5 -90  12  21   1.563   0.0   0.0
 8.725  930.0 -90  12  21  -1.563   0.0   0.0
 8.725  932.5 -90  12  21  -1.563 150.0  30.0
 8.725  935.0 -90  12  21  -1.563   0.0   0.0
 8.725  940.0 -90  12  21  -1.563 210.0  30.0
 8.725 1060.0 -90  12  21  10.938   0.0   0.0
 8.750  307.5  90  12  21   1.563 330.0  30.0
 8.750  347.5  90  12  24  -1.563   0.0   0.0
 8.750  350.0  90  12  39  -1.563   0.0   0.0
 8.750  352.5  90  12  45  -1.563   0.0   0.0
 8.750  355.0  90  12  36  -1.563   0.0   0.0
 8.750  357.5  90  12  24   1.563   0.0   0.0
 8.750  562.5  90  12  27  -1.563   0.0   0.0
 8.750  672.5  90  12  21  -1.563  90.0  30.0
 8.750  680.0  90  12  24  -1.563   0.0   0.0
 8.750  682.5  90  12  24  -1.563   0.0   0.0
 8.750  685.0  90  12  24  -1.563   0.0   0.0
 8.750  687.5  90  12  24  -1.563  90.0  30.0
 8.750  690.0  90  12  24  -1.563  30.0  30.0
 8.750  692.5  90  12  21  -1.563  90.0  30.0
 8.750  697.5  90  12  21  -1.563  30.0  30.0
 8.750  700.0  90  12  21  -1.563   0.0   0.0
 8.750  702.5  90  12  24  -1.563   0.0   0.0
 8.750  705.0  90  12  21  -1.563   0.0   0.0
 8.750  707.5  90  12  21  -1.563   0.0   0.0
 8.750  302.5 -90  12  21   1.563   0.0   0.0
 8.750  305.0 -90  12  48  -1.563   0.0   0.0
 8.750  307.5 -90  12  54  -1.563   0.0   0.0
 8.750  310.0 -90  12  39  -1.563   0.0   0.0
 8.750  312.5 -90  12  27  -1.563   0.0   0.0
 8.750  315.0 -90  12  21  -1.563   0.0   0.0
 8.750  352.5 -90  12  24  -1.563  30.0  30.0
 8.750  562.5 -90  12  27  -1.563  90.0  30.0
 8.750  610.0 -90  12  21   1.563   0.0   0.0
 8.750  612.5 -90  12  24   1.563   0.0   0.0
 8.750  615.0 -90  12  24  -1.563   0.0   0.0
 8.750  617.5 -90  12  30  -1.563   0.0   0.0
 8.750  620.0 -90  12  30  -1.563   0.0   0.0
 8.750  622.5 -90  12  27  -1.563   0.0   0.0
 8.750  625.0 -90  12  24  -1.563   0.0   0.0
 8.750  627.5 -90  12  21  -1.563 150.0  30.0
 8.750  630.0 -90  12  30  -1.563   0.0   0.0
 8.750  632.5 -90  12  21  -1.563 210.0  30.0
 8.750  635.0 -90  12  24  -1.563   0.0   0.0
 8.750  640.0 -90  12  21  -1.563   0.0   0.0
 8.750  642.5 -90  12  21  -1.563  90.0  30.0
 8.750  687.5 -90  12  21  -1.563 210.0  30.0
 8.750  927.5 -90  12  21  -1.563   0.0   0.0
 8.750  930.0 -90  12  24  -1.563   0.0   0.0
 8.750  935.0 -90  12  21  -1.563   0.0   0.0
 8.750 1062.5 -90  12  24   1.563   0.0   0.0
 8.775  350.0  90  15  24  -1.563   0.0   0.0
 8.775  352.5  90  15  39  -1.563   0.0   0.0
 8.775  355.0  90  15  45  -1.563   0.0   0.0
 8.775  357.5  90  15  36  -1.563   0.0   0.0
 8.775  360.0  90  15  27  -1.563   0.0   0.0
 8.775  562.5  90  15  27  -1.563   0.0   0.0
 8.775  682.5  90  15  27  -1.563   0.0   0.0
 8.775  685.0  90  15  24  -1.563 330.0  30.0
 8.775  690.0  90  15  30  -1.563   0.0   0.0
 8.775  695.0  90  15  24  -1.563   0.0   0.0
 8.775  302.5 -90  15  27  -1.563   0.0   0.0
 8.775  305.0 -90  15  42  -1.563   0.0   0.0
 8.775  307.5 -90  15  54  -1.563   0.0   0.0
 8.775  310.0 -90  15  48  -1.563   0.0   0.0
 8.775  312.5 -90  15  24   1.563   0.0   0.0
 8.775  315.0 -90  15  24  -1.563   0.0   0.0
 8.775  562.5 -90  15  27  -1.563  90.0  30.0
 8.775  612.5 -90  15  27  -1.563   0.0   0.0
 8.775  617.5 -90  15  33  -1.563   0.0   0.0
 8.775  620.0 -90  15  30  -1.563   0.0   0.0
 8.775  622.5 -90  15  30  -1.563   0.0   0.0
 8.775  625.0 -90  15  24  -1.563   0.0   0.0
 8.775  627.5 -90  15  27  -1.563 330.0  30.0
 8.775  630.0 -90  15  27  -1.563   0.0   0.0
 8.775  632.5 -90  15  24  -1.563   0.0   0.0
 8.775  635.0 -90  15  27  -1.563   0.0   0.0
 8.775 1062.5 -90  15  24   1.563   0.0   0.0
 8.800  352.5  90  15  27  -1.563   0.0   0.0
 8.800  355.0  90  15  36  -1.563   0.0   0.0
 8.800  357.5  90  15  42  -1.563   0.0   0.0
 8.800  360.0  90  15  39  -1.563   0.0   0.0
 8.800  362.5  90  15  24  -1.563   0.0   0.0
 8.800  562.5  90  15  27  -1.563   0.0   0.0
 8.800  687.5  90  15  27  -1.563   0.0   0.0
 8.800  690.0  90  15  30  -1.563   0.0   0.0
 8.800  692.5  90  15  27  -1.563  30.0  30.0
 8.800  695.0  90  15  27  -1.563  30.0  30.0
 8.800  697.5  90  15  24  -1.563  30.0  30.0
 8.800  717.5  90  15  24  -1.563   0.0   0.0
 8.800  720.0  90  15  24  -1.563   0.0   0.0
 8.800  305.0 -90  15  30  -1.563   0.0   0.0
 8.800  307.5 -90  15  51  -1.563   0.0   0.0
 8.800  310.0 -90  15  51  -1.563   0.0   0.0
 8.800  312.5 -90  15  33  -1.563   0.0   0.0
 8.800  357.5 -90  15  24  -1.563 330.0  30.0
 8.800  562.5 -90  15  27  -1.563  90.0  30.0
 8.800  615.0 -90  15  24  -1.563   0.0   0.0
 8.800  620.0 -90  15  30  -1.563   0.0   0.0
 8.800  622.5 -90  15  33  -1.563   0.0   0.0
 8.800  630.0 -90  15  27  -1.563   0.0   0.0
 8.800  632.5 -90  15  27  -1.563   0.0   0.0
 8.800  635.0 -90  15  24  -1.563   0.0   0.0
 8.800  642.5 -90  15  27  -1.563   0.0   0.0
 8.800  645.0 -90  15  24  -1.563  90.0  30.0
 8.800  647.5 -90  15  24  -1.563  90.0  30.0
 9.050  387.5  90  24  39  -1.563   0.0   0.0
 9.050  390.0  90  24  45  -1.563   0.0   0.0
 9.050  392.5  90  24  48  -1.563   0.0   0.0
 9.050  395.0  90  24  45  -1.563   0.0   0.0
 9.050  397.5  90  24  39  -1.563   0.0   0.0
 9.050  562.5  90  24  39  -1.563   0.0   0.0
 9.050  565.0  90  24  36  -1.563   0.0   0.0
 9.050  717.5  90  24  36  -1.563 270.0  30.0
 9.050  725.0  90  24  39  -1.563   0.0   0.0
 9.050  735.0  90  24  36  -1.563  30.0  30.0
 9.050  317.5 -90  24  33   1.563   0.0   0.0
 9.050  320.0 -90  24  48  -1.563   0.0   0.0
 9.050  322.5 -90  24  51  -1.563   0.0   0.0
 9.050  325.0 -90  24  45  -1.563   0.0   0.0
 9.050  327.5 -90  24  36  -1.563   0.0   0.0
 9.050  562.5 -90  24  33  -1.563   0.0   0.0
 9.050  637.5 -90  24  39  -1.563   0.0   0.0
 9.050  640.0 -90  24  39  -1.563   0.0   0.0
 9.050  642.5 -90  24  33  -1.563   0.0   0.0
 9.050  645.0 -90  24  42  -1.563   0.0   0.0
 9.050  647.5 -90  24  36  -1.563 150.0  30.0
 9.050  650.0 -90  24  39  -1.563   0.0   0.0
 9.050  652.5 -90  24  42  -1.563   0.0   0.0
 9.050  655.0 -90  24  45  -1.563   0.0   0.0
 9.050  657.5 -90  24  36  -1.563   0.0   0.0
 9.050  660.0 -90  24  39  -1.563  90.0  30.0
 9.050  730.0 -90  24  33  -1.563  90.0  30.0
 9.050  967.5 -90  24  33  -1.563 150.0  30.0
 9.050  977.5 -90  24  36  -1.563   0.0   0.0
 9.050  985.0 -90  24  33  -1.563   0.0   0.0
 9.075  392.5  90   9  18  -1.563   0.0   0.0
 9.075  395.0  90   9  24  -1.563   0.0   0.0
 9.075  397.5  90   9  27  -1.563   0.0   0.0
 9.075  400.0  90   9  24  -1.563   0.0   0.0
 9.075  320.0 -90   6  21  -1.563   0.0   0.0
 9.075  322.5 -90   6  27  -1.563   0.0   0.0
 9.075  325.0 -90   6  27  -1.563   0.0   0.0
 9.075  327.5 -90   6  21  -1.563   0.0   0.0
 9.075  640.0 -90   6  15  -1.563   0.0   0.0
 9.075  647.5 -90   6  15  -1.563   0.0   0.0
 9.075  650.0 -90   6  18  -1.563   0.0   0.0
 9.075  652.5 -90   6  24  -1.563   0.0   0.0
 9.075  657.5 -90   6  18  -1.563   0.0   0.0
 9.075  660.0 -90   6  15  -1.563  90.0  30.0
 9.100  397.5  90  12  21  -1.563   0.0   0.0
 9.100  400.0  90  12  24  -1.563   0.0   0.0
 9.100  402.5  90  12  24  -1.563   0.0   0.0
 9.100  322.5 -90   9  21  -1.563   0.0   0.0
 9.100  325.0 -90   9  30  -1.563   0.0   0.0
 9.100  650.0 -90   9  21  -1.563   0.0   0.0
 9.100  655.0 -90   9  21  -1.563   0.0   0.0
 9.125  402.5  90   6  18  -1.563   0.0   0.0
 9.125  405.0  90   6  24  -1.563   0.0   0.0
 9.125  407.5  90   6  24  -1.563   0.0   0.0
 9.125  410.0  90   6  18  -1.563   0.0   0.0
 9.125  562.5  90   6  15  -1.563   0.0   0.0
 9.125  730.0  90   6  15  -1.563 270.0  30.0
 9.125  322.5 -90   6  15  -1.563   0.0   0.0
 9.125  325.0 -90   6  27  -1.563   0.0   0.0
 9.125  327.5 -90   6  30  -1.563   0.0   0.0
 9.125  330.0 -90   6  21  -1.563   0.0   0.0
 9.125  332.5 -90   6  15  -1.563   0.0   0.0
 9.125  650.0 -90   6  18  -1.563   0.0   0.0
 9.125  652.5 -90   6  18  -1.563   0.0   0.0
 9.125  655.0 -90   6  21  -1.563   0.0   0.0
 9.125  657.5 -90   6  15   1.563 330.0  30.0
 9.125  660.0 -90   6  18  -1.563   0.0   0.0
 9.125  670.0 -90   6  18  -1.563  90.0  30.0
 9.150  407.5  90   6  18  -1.563   0.0   0.0
 9.150  410.0  90   6  21  -1.563   0.0   0.0
 9.150  412.5  90   6  21  -1.563   0.0   0.0
 9.150  415.0  90   6  21  -1.563   0.0   0.0
 9.150  417.5  90   6  15  -1.563   0.0   0.0
 9.150  732.5  90   6  15  -1.563 270.0  30.0
 9.150  325.0 -90   6  15  -1.563   0.0   0.0
 9.150  327.5 -90   6  30  -1.563   0.0   0.0
 9.150  330.0 -90   6  27  -1.563   0.0   0.0
 9.150  332.5 -90   6  18  -1.563   0.0   0.0
 9.150  335.0 -90   6  18  -1.563   0.0   0.0
 9.150  337.5 -90   6  15  -1.563   0.0   0.0
 9.150  660.0 -90   6  18  -1.563   0.0   0.0
 9.150  662.5 -90   6  18  -1.563   0.0   0.0
 9.150  665.0 -90   6  15  -1.563   0.0   0.0
 9.150  667.5 -90   6  15  -1.563   0.0   0.0
 9.175  412.5  90   6  15  -1.563   0.0   0.0
 9.175  415.0  90   6  21  -1.563   0.0   0.0
 9.175  417.5  90   6  21  -1.563   0.0   0.0
 9.175  420.0  90   6  21  -1.563   0.0   0.0
 9.175  422.5  90   6  21  -1.563   0.0   0.0
 9.175  425.0  90   6  15  -1.563   0.0   0.0
 9.175  327.5 -90   6  27  -1.563   0.0   0.0
 9.175  330.0 -90   6  33  -1.563   0.0   0.0
 9.175  332.5 -90   6  24  -1.563   0.0   0.0
 9.175  662.5 -90   6  18  -1.563   0.0   0.0
 9.175  665.0 -90   6  18  -1.563   0.0   0.0
 9.200  420.0  90   6  18  -1.563   0.0   0.0
 9.200  422.5  90   6  21  -1.563   0.0   0.0
 9.200  425.0  90   6  21  -1.563   0.0   0.0
 9.200  427.5  90   6  21  -1.563   0.0   0.0
 9.200  430.0  90   6  18  -1.563   0.0   0.0
 9.200  327.5 -90   6  15  -1.563   0.0   0.0
 9.200  330.0 -90   6  27  -1.563   0.0   0.0
 9.200  332.5 -90   6  30  -1.563   0.0   0.0
 9.200  340.0 -90   6  15  -1.563   0.0   0.0
 9.200  672.5 -90   6  18  -1.563  90.0  30.0
 9.225  427.5  90   6  15  -1.563   0.0   0.0
 9.225  430.0  90   6  18  -1.563   0.0   0.0
 9.225  432.5  90   6  21  -1.563   0.0   0.0
 9.225  435.0  90   6  21  -1.563   0.0   0.0
 9.225  437.5  90   6  18  -1.563   0.0   0.0
 9.225  440.0  90   6  15  -1.563   0.0   0.0
 9.225  985.0  90   6  15   1.563 150.0  30.0
 9.225  330.0 -90   6  21  -1.563   0.0   0.0
 9.225  332.5 -90   6  33  -1.563   0.0   0.0
 9.225  335.0 -90   6  30  -1.563   0.0   0.0
 9.225  337.5 -90   6  24  -1.563   0.0   0.0
 9.225  340.0 -90   6  15  -1.563   0.0   0.0
 9.225  342.5 -90   6  15  -1.563   0.0   0.0
 9.225  347.5 -90   6  15  -1.563   0.0   0.0
 9.225  665.0 -90   6  15  -1.563 330.0  30.0
 9.225  670.0 -90   6  15  -1.563   0.0   0.0
 9.225  672.5 -90   6  15  -1.563   0.0   0.0
 9.225  677.5 -90   6  15  -1.563   0.0   0.0
 9.250  437.5  90   9  21  -1.563   0.0   0.0
 9.250  440.0  90   9  21  -1.563   0.0   0.0
 9.250  442.5  90   9  21  -1.563   0.0   0.0
 9.250  445.0  90   9  18  -1.563   0.0   0.0
 9.250  250.0 -90   6  15   1.563 150.0  30.0
 9.250  332.5 -90   6  27  -1.563   0.0   0.0
 9.250  335.0 -90   6  33  -1.563   0.0   0.0
 9.250  337.5 -90   6  24  -1.563   0.0   0.0
 9.250  340.0 -90   6  21  -1.563   0.0   0.0
 9.250  675.0 -90   6  15  -1.563   0.0   0.0
 9.250  677.5 -90   6  15  -1.563   0.0   0.0
 9.250  680.0 -90   6  15  -1.563   0.0   0.0
 9.275  335.0 -90  12  27  -1.563   0.0   0.0
 9.275  337.5 -90  12  30  -1.563   0.0   0.0
 9.275  340.0 -90  12  24  -1.563   0.0   0.0
 9.325   80.0 -90  24  33  -1.563 150.0  30.0
 9.350  342.5 -90  18  33  -1.563   0.0   0.0
 9.350  345.0 -90  18  27  -1.563   0.0   0.0
 9.375  505.0  90   9  18  -1.563   0.0   0.0
 9.375  342.5 -90  12  27  -1.563   0.0   0.0
 9.375  345.0 -90  12  30  -1.563   0.0   0.0
 9.375  347.5 -90  12  27  -1.563   0.0   0.0
 9.375 1215.0 -90  12  21  10.938   0.0   0.0
 9.400  347.5 -90  18  33  -1.563   0.0   0.0
 9.425  537.5  90   6  15  -1.563   0.0   0.0
 9.425  540.0  90   6  15  -1.563   0.0   0.0
 9.425  562.5  90   6  15  -1.563   0.0   0.0
 9.425  565.0  90   6  15  -1.563   0.0   0.0
 9.425  347.5 -90   9  27  -1.563   0.0   0.0
 9.425  350.0 -90   9  36  -1.563   0.0   0.0
 9.425  352.5 -90   9  27  -1.563   0.0   0.0
 9.450  562.5  90   6  15  -1.563   0.0   0.0
 9.450  565.0  90   6  15  -1.563   0.0   0.0
 9.450  347.5 -90   6  15  -1.563   0.0   0.0
 9.450  350.0 -90   6  30  -1.563   0.0   0.0
 9.450  352.5 -90   6  36  -1.563   0.0   0.0
 9.450  355.0 -90   6  30  -1.563   0.0   0.0
 9.450  357.5 -90   6  18  -1.563   0.0   0.0
 9.450  702.5 -90   6  15  -1.563   0.0   0.0
 9.475  565.0  90   6  15  -1.563   0.0   0.0
 9.475  350.0 -90   6  15  -1.563   0.0   0.0
 9.475  352.5 -90   6  30  -1.563   0.0   0.0
 9.475  355.0 -90   6  36  -1.563   0.0   0.0
 9.475  357.5 -90   6  30  -1.563   0.0   0.0
 9.475  360.0 -90   6  18  -1.563   0.0   0.0
 9.475  377.5 -90   6  15  -1.563   0.0   0.0
 9.500  355.0 -90   6  30  -1.563   0.0   0.0
 9.500  357.5 -90   6  33  -1.563   0.0   0.0
 9.500  360.0 -90   6  27  -1.563   0.0   0.0
 9.500  377.5 -90   6  15  -1.563   0.0   0.0
 9.500  692.5 -90   6  15  -1.563   0.0   0.0
 9.500  717.5 -90   6  15  -1.563   0.0   0.0
 9.525  565.0  90   6  15  -1.563   0.0   0.0
 9.525  357.5 -90   6  24  -1.563   0.0   0.0
 9.525  360.0 -90   6  30  -1.563   0.0   0.0
 9.525  362.5 -90   6  27  -1.563   0.0   0.0
 9.525  365.0 -90   6  15  -1.563   0.0   0.0
 9.525  377.5 -90   6  15  -1.563   0.0   0.0
 9.525  380.0 -90   6  18  -1.563   0.0   0.0
 9.525  385.0 -90   6  15  -1.563   0.0   0.0
 9.525  387.5 -90   6  15  -1.563   0.0   0.0
 9.550  565.0  90   6  15  -1.563   0.0   0.0
 9.550  360.0 -90   6  21  -1.563   0.0   0.0
 9.550  362.5 -90   6  30  -1.563   0.0   0.0
 9.550  365.0 -90   6  27  -1.563   0.0   0.0
 9.550  367.5 -90   6  21  -1.563   0.0   0.0
 9.550  390.0 -90   6  15  -1.563   0.0   0.0
 9.550  392.5 -90   6  15  -1.563   0.0   0.0
 9.550  740.0 -90   6  15  -1.563   0.0   0.0
 9.550  742.5 -90   6  15  -1.563   0.0   0.0
 9.575  362.5 -90   6  18  -1.563   0.0   0.0
 9.575  365.0 -90   6  30  -1.563   0.0   0.0
 9.575  367.5 -90   6  30  -1.563   0.0   0.0
 9.575  370.0 -90   6  21  -1.563   0.0   0.0
 9.575  565.0 -90   6  15  -1.563  90.0  30.0
 9.575  735.0 -90   6  15  -1.563  90.0  30.0
 9.575  740.0 -90   6  15  -1.563   0.0   0.0
 9.600  365.0 -90   6  15  -1.563   0.0   0.0
 9.600  367.5 -90   6  27  -1.563   0.0   0.0
 9.600  370.0 -90   6  30  -1.563   0.0   0.0
 9.600  372.5 -90   6  27  -1.563   0.0   0.0
 9.600  375.0 -90   6  18  -1.563   0.0   0.0
 9.600  397.5 -90   6  15  -1.563   0.0   0.0
 9.600  705.0 -90   6  15  -1.563   0.0   0.0
 9.625  370.0 -90   6  24  -1.563   0.0   0.0
 9.625  372.5 -90   6  30  -1.563   0.0   0.0
 9.625  375.0 -90   6  30  -1.563   0.0   0.0
 9.625  377.5 -90   6  21  -1.563   0.0   0.0
 9.650  372.5 -90   6  18  -1.563   0.0   0.0
 9.650  375.0 -90   6  30  -1.563   0.0   0.0
 9.650  377.5 -90   6  30  -1.563   0.0   0.0
 9.650  380.0 -90   6  24  -1.563   0.0   0.0
 9.650  382.5 -90   6  15  -1.563   0.0   0.0
 9.675  375.0 -90   9  18  -1.563   0.0   0.0
 9.675  377.5 -90   9  21  -1.563   0.0   0.0
 9.675  380.0 -90   9  30  -1.563   0.0   0.0
 9.675  382.5 -90   9  27  -1.563   0.0   0.0
 9.675  385.0 -90   9  21  -1.563   0.0   0.0
 9.700   80.0  90  18  27   7.813   0.0   0.0
 9.700   82.5  90  18  27   7.813   0.0   0.0
 9.700   87.5  90  18  27   7.813   0.0   0.0
 9.700  382.5 -90  18  27  -1.563   0.0   0.0
 9.700  385.0 -90  18  27  -1.563   0.0   0.0
 9.700  387.5 -90  18  27  -1.563   0.0   0.0
 9.775 1252.5  90   9  18   4.688   0.0   0.0
 9.775  395.0 -90  12  24  -1.563   0.0   0.0
 9.775  397.5 -90  12  24  -1.563   0.0   0.0
 9.775  400.0 -90  12  24  -1.563   0.0   0.0
 9.775  402.5 -90  12  24  -1.563   0.0   0.0
 9.800  397.5 -90   6  15  -1.563   0.0   0.0
 9.800  400.0 -90   6  18  -1.563   0.0   0.0
 9.800  402.5 -90   6  24  -1.563   0.0   0.0
 9.800  405.0 -90   6  24  -1.563   0.0   0.0
 9.800  407.5 -90   6  24  -1.563   0.0   0.0
 9.800  410.0 -90   6  21  -1.563   0.0   0.0
 9.800  412.5 -90   6  15  -1.563   0.0   0.0
 9.825  565.0  90   6  15  -1.563   0.0   0.0
 9.825  405.0 -90   6  15  -1.563   0.0   0.0
 9.825  407.5 -90   6  24  -1.563   0.0   0.0
 9.825  410.0 -90   6  27  -1.563   0.0   0.0
 9.825  412.5 -90   6  27  -1.563   0.0   0.0
 9.825  415.0 -90   6  24  -1.563   0.0   0.0
 9.825  417.5 -90   6  15  -1.563   0.0   0.0
 9.850  410.0 -90   6  15  -1.563   0.0   0.0
 9.850  412.5 -90   6  21  -1.563   0.0   0.0
 9.850  415.0 -90   6  24  -1.563   0.0   0.0
 9.850  417.5 -90   6  24  -1.563   0.0   0.0
 9.850  420.0 -90   6  24  -1.563   0.0   0.0
 9.850  422.5 -90   6  21  -1.563   0.0   0.0
 9.850  425.0 -90   6  15  -1.563   0.0   0.0
 9.875  417.5 -90   6  18  -1.563   0.0   0.0
 9.875  420.0 -90   6  24  -1.563   0.0   0.0
 9.875  422.5 -90   6  27  -1.563   0.0   0.0
 9.875  425.0 -90   6  27  -1.563   0.0   0.0
 9.875  427.5 -90   6  24  -1.563   0.0   0.0
 9.875  430.0 -90   6  21  -1.563   0.0   0.0
 9.900  565.0  90   6  15  -1.563   0.0   0.0
 9.900  425.0 -90   6  15  -1.563   0.0   0.0
 9.900  427.5 -90   6  21  -1.563   0.0   0.0
 9.900  430.0 -90   6  21  -1.563   0.0   0.0
 9.900  432.5 -90   6  21  -1.563   0.0   0.0
 9.900  435.0 -90   6  21  -1.563   0.0   0.0
 9.900  437.5 -90   6  21  -1.563   0.0   0.0
 9.900  440.0 -90   6  21  -1.563   0.0   0.0
 9.900  442.5 -90   6  15  -1.563   0.0   0.0
 9.925  437.5 -90   9  21  -1.563   0.0   0.0
 9.925  440.0 -90   9  21  -1.563   0.0   0.0
 9.925  442.5 -90   9  27  -1.563   0.0   0.0
 9.925  445.0 -90   9  24  -1.563   0.0   0.0
 9.925  447.5 -90   9  21  -1.563   0.0   0.0
 9.950  447.5 -90  12  21  -1.563   0.0   0.0
 9.950  450.0 -90  12  21  -1.563   0.0   0.0
 9.950  452.5 -90  12  21  -1.563   0.0   0.0
 9.950  455.0 -90  12  21  -1.563   0.0   0.0
10.150  565.0  90  12  24  10.938   0.0   0.0
10.150  755.0  90  12  21  10.938 150.0  30.0
10.150  565.0 -90  12  21  -1.563 330.0  30.0
10.150  745.0 -90  12  21  -1.563  90.0  30.0
10.150  747.5 -90  12  21  10.938  90.0  30.0
10.200  747.5 -90  15  24  -1.563  90.0  30.0
10.375  565.0  90  12  21   1.563   0.0   0.0
10.375  567.5  90  12  24  -1.563   0.0   0.0
10.375  762.5  90  12  21  -1.563 150.0  30.0
10.375  765.0  90  12  24  10.938 150.0  30.0
10.375  767.5  90  12  21  10.938 270.0  30.0
10.375  770.0  90  12  21  -1.563 210.0  30.0
10.375  772.5  90  12  21   1.563 150.0  30.0
10.375  985.0  90  12  24   1.563   0.0   0.0
10.375  985.0 -90  15  24   1.563   0.0   0.0
10.375 1222.5 -90  15  24   1.563   0.0   0.0
10.400  565.0  90  12  21  -1.563   0.0   0.0
10.400  567.5  90  12  24  -1.563   0.0   0.0
10.400  765.0  90  12  21  -1.563 270.0  30.0
10.400  767.5  90  12  24  -1.563 270.0  30.0
10.400  985.0  90  12  21   1.563   0.0   0.0
10.400  752.5 -90  12  21  10.938  90.0  30.0
10.400  985.0 -90  12  21 -10.938   0.0   0.0
10.425  565.0  90  12  21  -1.563   0.0   0.0
10.425  567.5  90  12  24  -1.563   0.0   0.0
10.425  767.5  90  12  21  -1.563 270.0  30.0
10.425  567.5 -90  12  21  -1.563 150.0  30.0
10.450  560.0  90  12  21  10.938 150.0  30.0
10.450  562.5  90  12  21  10.938 150.0  30.0
10.450  565.0  90  12  21  -1.563   0.0   0.0
10.450  567.5  90  12  27  -1.563   0.0   0.0
10.450  570.0  90  12  21  10.938 150.0  30.0
10.450  572.5  90  12  21  -1.563 150.0  30.0
10.450  575.0  90  12  21   1.563 150.0  30.0
10.450  577.5  90  12  21   1.563 150.0  30.0
10.450  580.0  90  12  21 -10.938 150.0  30.0
10.450  597.5  90  12  21   4.688 150.0  30.0
10.450  767.5  90  12  21  10.938 150.0  30.0
10.450 1027.5  90  12  21  -7.813 150.0  30.0
10.450 1030.0  90  12  24 -10.938 270.0  30.0
10.450 1032.5  90  12  21   1.563 270.0  30.0
10.450 1035.0  90  12  21   1.563 270.0  30.0
10.450 1037.5  90  12  21  -7.813 270.0  30.0
10.450 1040.0  90  12  21 -10.938 270.0  30.0
10.450 1042.5  90  12  21   1.563 270.0  30.0
10.450 1045.0  90  12  21   1.563 270.0  30.0
10.450  887.5 -90  15  24   1.563  30.0  30.0
10.450  895.0 -90  15  24   7.813  30.0  30.0
10.475   95.0  90  24  33 -10.938   0.0   0.0
10.475   97.5  90  24  33 -10.938   0.0   0.0
10.475  100.0  90  24  33 -10.938   0.0   0.0
10.475  102.5  90  24  33 -10.938   0.0   0.0
10.475  105.0  90  24  33 -10.938   0.0   0.0
10.475  895.0  90  24  33 -10.938  30.0  30.0
10.475  897.5  90  24  33 -10.938  30.0  30.0
10.475  900.0  90  24  33 -10.938  30.0  30.0
10.475  942.5  90  24  33 -10.938   0.0   0.0
10.475  945.0  90  24  33 -10.938   0.0   0.0
10.475 1035.0  90  24  33 -10.938 270.0  30.0
10.475 1037.5  90  24  33 -10.938   0.0   0.0
10.475 1040.0  90  24  33 -10.938 150.0  30.0
10.475 1042.5  90  24  33 -10.938   0.0   0.0
10.475 1045.0  90  24  33 -10.938   0.0   0.0
10.475 1047.5  90  24  33 -10.938   0.0   0.0
10.475 1077.5  90  24  33 -10.938   0.0   0.0
10.500  387.5  90  36  45 -10.938  30.0  30.0
10.500  390.0  90  36  45 -10.938  30.0  30.0
10.500  392.5  90  36  45 -10.938  30.0  30.0
10.500  395.0  90  36  45 -10.938  30.0  30.0
10.500  397.5  90  36  45 -10.938  30.0  30.0
10.500  400.0  90  36  45 -10.938  30.0  30.0
10.500  402.5  90  36  45 -10.938  30.0  30.0
10.500  405.0  90  36  45 -10.938  30.0  30.0
10.500  407.5  90  36  45 -10.938  30.0  30.0
10.500  410.0  90  36  45 -10.938  30.0  30.0
10.500  412.5  90  36  45 -10.938  30.0  30.0
10.500  415.0  90  36  45 -10.938  30.0  30.0
10.500  425.0  90  36  45 -10.938  30.0  30.0
10.525   80.0  90  33  42 -10.938   0.0   0.0
10.525   82.5  90  33  42 -10.938   0.0   0.0
10.525  105.0  90  33  42 -10.938   0.0   0.0
10.525  107.5  90  33  42 -10.938   0.0   0.0
10.525  110.0  90  33  42 -10.938   0.0   0.0
10.525  112.5  90  33  42 -10.938   0.0   0.0
10.525  115.0  90  33  42 -10.938   0.0   0.0
10.525  117.5  90  33  42 -10.938   0.0   0.0
10.525  127.5  90  33  42 -10.938   0.0   0.0
10.525  130.0  90  33  42 -10.938   0.0   0.0
10.525  132.5  90  33  42 -10.938   0.0   0.0
10.525  135.0  90  33  42 -10.938   0.0   0.0
10.525  137.5  90  33  42 -10.938   0.0   0.0
10.525  157.5  90  33  42 -10.938   0.0   0.0
10.525  160.0  90  33  42 -10.938   0.0   0.0
10.525  162.5  90  33  42 -10.938   0.0   0.0
10.525  165.0  90  33  42 -10.938  30.0  30.0
10.525  167.5  90  33  42 -10.938  30.0  30.0
10.525  170.0  90  33  42 -10.938  30.0  30.0
10.525  185.0  90  33  42 -10.938   0.0   0.0
10.525  187.5  90  33  42 -10.938   0.0   0.0
10.525  190.0  90  33  42 -10.938   0.0   0.0
10.525  192.5  90  33  42 -10.938   0.0   0.0
10.525  195.0  90  33  42 -10.938   0.0   0.0
10.525  197.5  90  33  42 -10.938   0.0   0.0
10.525  250.0  90  33  42 -10.938  30.0  30.0
10.525  252.5  90  33  42 -10.938  30.0  30.0
10.525  255.0  90  33  42 -10.938  30.0  30.0
10.525  897.5  90  33  42  10.938  30.0  30.0
10.525 1217.5 -90  30  39 -10.938   0.0   0.0
10.525 1225.0 -90  30  39 -10.938   0.0   0.0
10.525 1227.5 -90  30  39 -10.938   0.0   0.0
10.525 1235.0 -90  30  39 -10.938   0.0   0.0
10.525 1245.0 -90  30  39 -10.938   0.0   0.0
10.525 1247.5 -90  30  39 -10.938   0.0   0.0
10.525 1255.0 -90  30  42 -10.938   0.0   0.0
10.525 1257.5 -90  30  39 -10.938   0.0   0.0
10.525 1265.0 -90  30  39 -10.938   0.0   0.0
10.525 1267.5 -90  30  39 -10.938   0.0   0.0
10.525 1275.0 -90  30  39 -10.938   0.0   0.0
10.525 1277.5 -90  30  39 -10.938   0.0   0.0
10.550  287.5  90  27  36 -10.938   0.0   0.0
10.550  290.0  90  27  36 -10.938   0.0   0.0
10.550   80.0 -90  27  36 -10.938  30.0  30.0
10.550   82.5 -90  27  36 -10.938  30.0  30.0
10.550   85.0 -90  27  36 -10.938  30.0  30.0
10.550   87.5 -90  27  36 -10.938  30.0  30.0
10.575  567.5  90  12  24  -1.563   0.0   0.0
10.575  572.5  90  12  21  10.938   0.0   0.0
10.575  772.5  90  12  21  -1.563  30.0  30.0
10.575  985.0  90  12  27   1.563   0.0   0.0
10.575 1230.0  90  12  21   1.563   0.0   0.0
10.575  565.0 -90  12  21  10.938 330.0  30.0
10.575  567.5 -90  12  24  -1.563  90.0  30.0
10.575  757.5 -90  12  21  -1.563  90.0  30.0
10.575  760.0 -90  12  21  -1.563  90.0  30.0
10.575  985.0 -90  12  27   1.563   0.0   0.0
10.600  567.5  90  12  27  -1.563   0.0   0.0
10.600  775.0  90  12  21  -1.563 150.0  30.0
10.600  782.5  90  12  21  -1.563   0.0   0.0
10.600  985.0  90  12  24   1.563   0.0   0.0
10.600  567.5 -90  12  24  -1.563  90.0  30.0
10.600  760.0 -90  12  21  -1.563  90.0  30.0
10.600  765.0 -90  12  21  -1.563 330.0  30.0
10.600  985.0 -90  12  27   1.563   0.0   0.0
10.625  567.5  90  12  27  -1.563   0.0   0.0
10.625  775.0  90  12  24  -1.563 150.0  30.0
10.625  777.5  90  12  21  -1.563 150.0  30.0
10.625  782.5  90  12  21  -1.563 330.0  30.0
10.625  985.0  90  12  24   1.563   0.0   0.0
10.625  567.5 -90  12  24  -1.563 330.0  30.0
10.625  760.0 -90  12  24  -1.563  90.0  30.0
10.625  980.0 -90  12  21   1.563   0.0   0.0
10.625  985.0 -90  12  27   1.563   0.0   0.0
10.625  987.5 -90  12  21   1.563   0.0   0.0
10.650  567.5  90  12  27  -1.563   0.0   0.0
10.650  772.5  90  12  21  -1.563 150.0  30.0
10.650  775.0  90  12  21  -1.563 150.0  30.0
10.650  777.5  90  12  24  -1.563 150.0  30.0
10.650  780.0  90  12  21  10.938 270.0  30.0
10.650  985.0  90  12  21   1.563   0.0   0.0
10.650  567.5 -90  12  24  -1.563  90.0  30.0
10.650  760.0 -90  12  21  10.938  90.0  30.0
10.650  762.5 -90  12  21  -1.563  90.0  30.0
10.650  985.0 -90  12  24   1.563   0.0   0.0
10.675  567.5  90  12  27  -1.563   0.0   0.0
10.675  572.5  90  12  21  -1.563   0.0   0.0
10.675  777.5  90  12  27  -1.563 150.0  30.0
10.675  782.5  90  12  21  10.938 150.0  30.0
10.675  855.0  90  12  21  -1.563 330.0  30.0
10.675  985.0  90  12  21   1.563   0.0   0.0
10.675  567.5 -90  12  21  -1.563  90.0  30.0
10.675  762.5 -90  12  24  -1.563  90.0  30.0
10.675  985.0 -90  12  24   1.563   0.0   0.0
10.700  562.5  90  12  21  -1.563   0.0   0.0
10.700  567.5  90  12  27  -1.563   0.0   0.0
10.700  777.5  90  12  21  -1.563 150.0  30.0
10.700  782.5  90  12  21  10.938   0.0   0.0
10.700  985.0  90  12  21 -10.938   0.0   0.0
10.700  567.5 -90  12  21  -1.563 330.0  30.0
10.700  762.5 -90  12  24  -1.563 150.0  30.0
10.700  985.0 -90  12  21   1.563   0.0   0.0
10.725  567.5  90  12  24  -1.563   0.0   0.0
10.725  780.0  90  12  21  10.938   0.0   0.0
10.725  782.5  90  12  21  -1.563 150.0  30.0
10.725  787.5  90  12  21  10.938 150.0  30.0
10.725  567.5 -90  12  21  -1.563   0.0   0.0
10.725  762.5 -90  12  21  -1.563  90.0  30.0
10.725  765.0 -90  12  21  -1.563  90.0  30.0
10.725  985.0 -90  12  21   1.563   0.0   0.0
10.750  567.5  90  12  24  -1.563   0.0   0.0
10.750  780.0  90  12  24  -1.563 150.0  30.0
10.750  782.5  90  12  21  -1.563 150.0  30.0
10.750  567.5 -90  12  21  -1.563   0.0   0.0
10.750  765.0 -90  12  24  -1.563  90.0  30.0
10.775  567.5  90  12  27  -1.563   0.0   0.0
10.775  780.0  90  12  21  10.938 150.0  30.0
10.775  782.5  90  12  27  -1.563 150.0  30.0
10.775  785.0  90  12  27  -1.563 150.0  30.0
10.775  787.5  90  12  24  -1.563 150.0  30.0
10.775  790.0  90  12  21  -1.563 150.0  30.0
10.775  797.5  90  12  21  10.938 150.0  30.0
10.775  567.5 -90  12  21  -1.563   0.0   0.0
10.775  765.0 -90  12  27  -1.563  90.0  30.0
10.775  767.5 -90  12  21  -1.563  30.0  30.0
10.775  770.0 -90  12  21  -1.563  90.0  30.0
10.775  790.0 -90  12  21  -1.563 330.0  30.0
10.800  567.5  90  12  27  -1.563   0.0   0.0
10.800  782.5  90  12  24  -1.563 150.0  30.0
10.800  785.0  90  12  27  -1.563 150.0  30.0
10.800  787.5  90  12  27  10.938 150.0  30.0
10.800  790.0  90  12  21  10.938 150.0  30.0
10.800  792.5  90  12  21  -1.563 150.0  30.0
10.800  567.5 -90  12  21  -1.563   0.0   0.0
10.800  767.5 -90  12  24  -1.563  90.0  30.0
10.800  787.5 -90  12  21  -1.563 330.0  30.0
10.800  985.0 -90  12  21   1.563   0.0   0.0
10.825  567.5  90  12  27  10.938   0.0   0.0
10.825  782.5  90  12  21  -1.563 150.0  30.0
10.825  787.5  90  12  27  -1.563 150.0  30.0
10.825  812.5  90  12  21  -1.563 150.0  30.0
10.825  567.5 -90  12  21  -1.563   0.0   0.0
10.825  767.5 -90  12  24  -1.563 150.0  30.0
10.825  787.5 -90  12  24  -1.563  30.0  30.0
10.825  985.0 -90  12  21 -10.938   0.0   0.0
10.850  567.5  90  12  27  -1.563   0.0   0.0
10.850  572.5  90  12  21  -1.563   0.0   0.0
10.850  782.5  90  12  21  -1.563 150.0  30.0
10.850  787.5  90  12  27  10.938 150.0  30.0
10.850  790.0  90  12  24  10.938 150.0  30.0
10.850  792.5  90  12  21  -1.563 150.0  30.0
10.850  985.0  90  12  21   1.563   0.0   0.0
10.850  567.5 -90  12  24  -1.563   0.0   0.0
10.850  767.5 -90  12  21  -1.563  90.0  30.0
10.850  782.5 -90  12  21  -1.563  30.0  30.0
10.850  787.5 -90  12  24  10.938  90.0  30.0
10.850  985.0 -90  12  24   1.563   0.0   0.0
10.875  567.5  90  12  27  -1.563   0.0   0.0
10.875  570.0  90  12  21  -1.563   0.0   0.0
10.875  572.5  90  12  21  -1.563 150.0  30.0
10.875  785.0  90  12  21  -1.563 150.0  30.0
10.875  787.5  90  12  24  -1.563 150.0  30.0
10.875  790.0  90  12  27  -1.563 150.0  30.0
10.875  792.5  90  12  24  10.938 150.0  30.0
10.875  795.0  90  12  21  -1.563 150.0  30.0
10.875  985.0  90  12  21   1.563   0.0   0.0
10.875  567.5 -90  12  27  -1.563  30.0  30.0
10.875  790.0 -90  12  21  -1.563  30.0  30.0
10.875  985.0 -90  12  24   1.563   0.0   0.0
10.900  567.5  90  12  27  -1.563   0.0   0.0
10.900  570.0  90  12  21  -1.563   0.0   0.0
10.900  790.0  90  12  21  -1.563  30.0  30.0
10.900  792.5  90  12  27  -1.563 150.0  30.0
10.900  795.0  90  12  21  10.938 150.0  30.0
10.900  985.0  90  12  21   1.563   0.0   0.0
10.900  567.5 -90  12  27  -1.563 150.0  30.0
10.900  767.5 -90  12  24  10.938 330.0  30.0
10.900  770.0 -90  12  24  10.938 150.0  30.0
10.900  792.5 -90  12  21  10.938  90.0  30.0
10.900  985.0 -90  12  24   1.563   0.0   0.0
10.925  567.5  90  12  27  -1.563   0.0   0.0
10.925  570.0  90  12  21  -1.563   0.0   0.0
10.925  792.5  90  12  21  10.938 150.0  30.0
10.925  567.5 -90  12  27  -1.563  30.0  30.0
10.925  770.0 -90  12  24  -1.563 150.0  30.0
10.925  985.0 -90  12  21   1.563   0.0   0.0
10.950  567.5  90  12  27  -1.563   0.0   0.0
10.950  570.0  90  12  21  10.938 150.0  30.0
10.950  797.5  90  12  21  -1.563   0.0   0.0
10.950  567.5 -90  12  27  -1.563  30.0  30.0
10.950  985.0 -90  12  21   1.563   0.0   0.0
10.975  562.5  90  36  45  10.938 270.0  30.0
10.975  567.5  90  36  51  10.938 150.0  30.0
10.975  570.0  90  36  45  -1.563  30.0  30.0
10.975  792.5  90  36  45  -1.563 150.0  30.0
10.975  795.0  90  36  45  10.938 150.0  30.0
10.975  797.5  90  36  45  10.938 150.0  30.0
10.975  800.0  90  36  48  10.938 150.0  30.0
10.975  562.5 -90  36  45  -1.563 330.0  30.0
10.975  567.5 -90  36  54  -1.563 150.0  30.0
10.975  570.0 -90  36  45  -1.563 150.0  30.0
10.975  572.5 -90  36  45  10.938 270.0  30.0
10.975  770.0 -90  36  45   1.563 150.0  30.0
10.975  985.0 -90  36  45 -10.938   0.0   0.0
11.000  567.5  90  39  51  -1.563 150.0  30.0
11.000  570.0  90  39  48  -1.563 270.0  30.0
11.000  800.0  90  39  51  10.938 150.0  30.0
11.000  802.5  90  39  48  -1.563 150.0  30.0
11.000  805.0  90  39  48  10.938 150.0  30.0
11.000  567.5 -90  39  51  -1.563  90.0  30.0
11.000  772.5 -90  39  48  -1.563 150.0  30.0
11.000  775.0 -90  39  54  -1.563 150.0  30.0
11.000  780.0 -90  39  48  10.938 150.0  30.0
11.025  567.5  90  15  27  -1.563 150.0  30.0
11.025  570.0  90  15  24  -1.563   0.0   0.0
11.025  797.5  90  15  24  10.938 150.0  30.0
11.025  800.0  90  15  27  10.938 150.0  30.0
11.025  567.5 -90  15  27  -1.563  90.0  30.0
11.025  775.0 -90  15  27  -1.563  90.0  30.0
11.050  102.5  90  18  27  -4.688 330.0  30.0
11.050  120.0  90  18  27   4.688 270.0  30.0
11.050  125.0  90  18  27   4.688 330.0  30.0
11.050  132.5  90  18  27   7.813  90.0  30.0
11.050  135.0  90  18  27  -7.813   0.0   0.0
11.050  137.5  90  18  27   7.813  90.0  30.0
11.050  142.5  90  18  27   4.688 210.0  30.0
11.050  157.5  90  18  27   4.688 330.0  30.0
11.050  162.5  90  18  30  -7.813 210.0  30.0
11.050  165.0  90  18  27   4.688 210.0  30.0
11.050  172.5  90  18  27  10.938 210.0  30.0
11.050  175.0  90  18  27 -10.938  90.0  30.0
11.050  180.0  90  18  27   4.688 210.0  30.0
11.050  182.5  90  18  27 -10.938 210.0  30.0
11.050  185.0  90  18  27 -10.938 210.0  30.0
11.050  187.5  90  18  30  -4.688 270.0  30.0
11.050  192.5  90  18  30  -7.813  90.0  30.0
11.050  195.0  90  18  27  -1.563 270.0  30.0
11.050  197.5  90  18  27   7.813 330.0  30.0
11.050  200.0  90  18  27   4.688 210.0  30.0
11.050  202.5  90  18  27   1.563 330.0  30.0
11.050  205.0  90  18  27   4.688  90.0  30.0
11.050  212.5  90  18  27  10.938 330.0  30.0
11.050  215.0  90  18  27  -7.813 270.0  30.0
11.050  225.0  90  18  30 -10.938 210.0  30.0
11.050  227.5  90  18  27  -1.563  90.0  30.0
11.050  230.0  90  18  30   1.563  90.0  30.0
11.050  235.0  90  18  30   7.813 210.0  30.0
11.050  240.0  90  18  27   1.563 210.0  30.0
11.050  242.5  90  18  27   4.688 270.0  30.0
11.050  247.5  90  18  30   1.563 330.0  30.0
11.050  250.0  90  18  30  -4.688 210.0  30.0
11.050  252.5  90  18  30  -7.813  30.0  30.0
11.050  257.5  90  18  30   7.813 210.0  30.0
11.050  260.0  90  18  27  -4.688  90.0  30.0
11.050  262.5  90  18  30   4.688  90.0  30.0
11.050  267.5  90  18  30   4.688  90.0  30.0
11.050  270.0  90  18  30  -1.563  30.0  30.0
11.050  272.5  90  18  30  -4.688  90.0  30.0
11.050  275.0  90  18  30  -7.813 210.0  30.0
11.050  277.5  90  18  27  10.938 210.0  30.0
11.050  280.0  90  18  27   1.563 210.0  30.0
11.050  282.5  90  18  27  -1.563  90.0  30.0
11.050  285.0  90  18  30   7.813 270.0  30.0
11.050  287.5  90  18  27   4.688 210.0  30.0
11.050  295.0  90  18  27  -1.563 330.0  30.0
11.050  297.5  90  18  30  -7.813 210.0  30.0
11.050  307.5  90  18  30   1.563  30.0  30.0
11.050  310.0  90  18  27  -7.813  90.0  30.0
11.050  312.5  90  18  27  -4.688 210.0  30.0
11.050  315.0  90  18  27  -1.563 270.0  30.0
11.050  317.5  90  18  30  -7.813 270.0  30.0
11.050  320.0  90  18  27  -4.688 210.0  30.0
11.050  322.5  90  18  27  10.938 330.0  30.0
11.050  337.5  90  18  27  -1.563  90.0  30.0
11.050  355.0  90  18  27  -1.563 270.0  30.0
11.050  357.5  90  18  27   7.813 270.0  30.0
11.050  370.0  90  18  27  -1.563  90.0  30.0
11.050  380.0  90  18  27   7.813 270.0  30.0
11.050  387.5  90  18  27  -1.563  90.0  30.0
11.050  392.5  90  18  30   4.688  90.0  30.0
11.050  395.0  90  18  27  -4.688 270.0  30.0
11.050  400.0  90  18  30  -4.688 330.0  30.0
11.050  402.5  90  18  27  -4.688 270.0  30.0
11.050  405.0  90  18  27  -1.563 270.0  30.0
11.050  407.5  90  18  30   1.563  90.0  30.0
11.050  410.0  90  18  30   1.563 270.0  30.0
11.050  417.5  90  18  27   4.688 270.0  30.0
11.050  420.0  90  18  27 -10.938  90.0  30.0
11.050  422.5  90  18  30   1.563  90.0  30.0
11.050  425.0  90  18  30 -10.938  90.0  30.0
11.050  435.0  90  18  27  -7.813  90.0  30.0
11.050  437.5  90  18  27  -1.563 270.0  30.0
11.050  442.5  90  18  27 -10.938  90.0  30.0
11.050  447.5  90  18  27 -10.938  90.0  30.0
11.050  450.0  90  18  27  10.938 270.0  30.0
11.050  460.0  90  18  27   4.688  90.0  30.0
11.050  470.0  90  18  27 -10.938 270.0  30.0
11.050  472.5  90  18  30  -1.563 270.0  30.0
11.050  475.0  90  18  27  -1.563 270.0  30.0
11.050  567.5  90  18  30  -1.563 150.0  30.0
11.075  567.5  90  12  27  -1.563 150.0  30.0
11.075  570.0  90  12  24  -1.563 150.0  30.0
11.075  800.0  90  12  24  10.938 150.0  30.0
11.075  802.5  90  12  21  10.938 150.0  30.0
11.075  805.0  90  12  24  -1.563 150.0  30.0
11.075  807.5  90  12  21  -1.563 150.0  30.0
11.075  810.0  90  12  21  -1.563 150.0  30.0
11.075  820.0  90  12  21  -1.563 150.0  30.0
11.075  567.5 -90  12  24  -1.563  90.0  30.0
11.075  777.5 -90  12  21  -1.563  90.0  30.0
11.075  805.0 -90  12  21  -1.563   0.0   0.0
11.100  567.5  90  12  27  -1.563 150.0  30.0
11.100  570.0  90  12  24  -1.563 150.0  30.0
11.100  802.5  90  12  21  -1.563 150.0  30.0
11.100  805.0  90  12  24  -1.563 150.0  30.0
11.100  807.5  90  12  24  -1.563 150.0  30.0
11.100  810.0  90  12  24  -1.563 150.0  30.0
11.100  812.5  90  12  21  -1.563 150.0  30.0
11.100  567.5 -90  12  21  -1.563   0.0   0.0
11.100  810.0 -90  12  21  -1.563  30.0  30.0
11.125  565.0  90  12  21  -1.563  30.0  30.0
11.125  567.5  90  12  24  -1.563 150.0  30.0
11.125  570.0  90  12  24  -1.563 150.0  30.0
11.125  797.5  90  12  21  -1.563 150.0  30.0
11.125  805.0  90  12  21  10.938 150.0  30.0
11.125  807.5  90  12  24  -1.563  30.0  30.0
11.125  810.0  90  12  27  10.938 150.0  30.0
11.125  812.5  90  12  30  -1.563 150.0  30.0
11.125  815.0  90  12  27  -1.563 150.0  30.0
11.125  817.5  90  12  24  -1.563 150.0  30.0
11.125  820.0  90  12  21  10.938 150.0  30.0
11.125  827.5  90  12  21  10.938 150.0  30.0
11.125  830.0  90  12  21  10.938 150.0  30.0
11.125  567.5 -90  12  21  -1.563   0.0   0.0
11.125  807.5 -90  12  21  -1.563   0.0   0.0
11.125  810.0 -90  12  21  10.938  90.0  30.0
11.125  812.5 -90  12  24  -1.563  30.0  30.0
11.150  567.5  90  12  24  10.938 150.0  30.0
11.150  570.0  90  12  24  10.938 150.0  30.0
11.150  807.5  90  12  21  10.938 150.0  30.0
11.150  810.0  90  12  27  -1.563 150.0  30.0
11.150  812.5  90  12  27  -1.563 150.0  30.0
11.150  815.0  90  12  30  -1.563 150.0  30.0
11.150  817.5  90  12  24  10.938 150.0  30.0
11.150  820.0  90  12  24  10.938 150.0  30.0
11.150  822.5  90  12  21  -1.563 150.0  30.0
11.150  780.0 -90  12  21  10.938 150.0  30.0
11.150  782.5 -90  12  21  10.938  30.0  30.0
11.150  810.0 -90  12  21  -1.563 150.0  30.0
11.150  812.5 -90  12  21  -1.563  90.0  30.0
11.150  815.0 -90  12  24  10.938  90.0  30.0
11.150  817.5 -90  12  21  10.938  90.0  30.0
11.175  567.5  90  12  24  10.938   0.0   0.0
11.175  570.0  90  12  27  -1.563 150.0  30.0
11.175  815.0  90  12  27  10.938 150.0  30.0
11.175  817.5  90  12  24  10.938 150.0  30.0
11.175  820.0  90  12  27  10.938 150.0  30.0
11.175  822.5  90  12  21  -1.563 150.0  30.0
11.175  825.0  90  12  21  -1.563 150.0  30.0
11.175  567.5 -90  12  21  -1.563   0.0   0.0
11.175  782.5 -90  12  21  -1.563 150.0  30.0
11.175  815.0 -90  12  21  10.938  90.0  30.0
11.175  820.0 -90  12  21  -1.563  30.0  30.0
11.175 1070.0 -90  12  21   1.563   0.0   0.0
11.200  567.5  90  12  24  -1.563   0.0   0.0
11.200  570.0  90  12  27  -1.563 150.0  30.0
11.200  817.5  90  12  21  10.938 150.0  30.0
11.200  820.0  90  12  27  -1.563 150.0  30.0
11.200  825.0  90  12  24  -1.563 150.0  30.0
11.200  835.0  90  12  21  -1.563 330.0  30.0
11.200  840.0  90  12  21  -1.563 150.0  30.0
11.200  567.5 -90  12  24  -1.563 150.0  30.0
11.200  570.0 -90  12  21  -1.563  30.0  30.0
11.200  782.5 -90  12  21  10.938  90.0  30.0
11.200  785.0 -90  12  24  -1.563 150.0  30.0
11.200  787.5 -90  12  21  10.938 150.0  30.0
11.200  820.0 -90  12  21  -1.563   0.0   0.0
11.200  985.0 -90  12  21   1.563   0.0   0.0
11.225  567.5  90  36  48  -1.563 270.0  30.0
11.225  570.0  90  36  51  -1.563 270.0  30.0
11.225  820.0  90  36  48  -1.563 150.0  30.0
11.225  822.5  90  36  48  10.938 150.0  30.0
11.225  825.0  90  36  45  -1.563 150.0  30.0
11.225  827.5  90  36  48  -1.563 150.0  30.0
11.225  842.5  90  36  45  -1.563  30.0  30.0
11.225  542.5 -90  36  45  10.938   0.0   0.0
11.225  565.0 -90  36  45   1.563   0.0   0.0
11.225  567.5 -90  36  48  -1.563  30.0  30.0
11.225  570.0 -90  36  48  -1.563  30.0  30.0
11.225  785.0 -90  36  48  10.938  30.0  30.0
11.225  787.5 -90  36  45  -1.563  30.0  30.0
11.225  985.0 -90  36  48   1.563   0.0   0.0
11.225 1070.0 -90  36  45   1.563   0.0   0.0
11.250  565.0  90  36  45  10.938 150.0  30.0
11.250  567.5  90  36  48  10.938 270.0  30.0
11.250  570.0  90  36  54  -1.563 150.0  30.0
11.250  575.0  90  36  45  10.938 270.0  30.0
11.250  822.5  90  36  48  -1.563  30.0  30.0
11.250  825.0  90  36  48  10.938 150.0  30.0
11.250  827.5  90  36  54  -1.563 150.0  30.0
11.250  830.0  90  36  54  -1.563 150.0  30.0
11.250  832.5  90  36  51  -1.563 150.0  30.0
11.250  835.0  90  36  48  10.938 150.0  30.0
11.250  985.0  90  36  45   1.563   0.0   0.0
11.250  565.0 -90  36  45  -1.563 270.0  30.0
11.250  567.5 -90  36  48  10.938 150.0  30.0
11.250  570.0 -90  36  48  -1.563  30.0  30.0
11.250  787.5 -90  36  45  -1.563 150.0  30.0
11.250  825.0 -90  36  45  10.938  30.0  30.0
11.250  827.5 -90  36  48  -1.563  90.0  30.0
11.250  830.0 -90  36  45  -1.563  90.0  30.0
11.250  832.5 -90  36  45  -1.563  30.0  30.0
11.250  835.0 -90  36  45  10.938 150.0  30.0
11.250  985.0 -90  36  48   1.563   0.0   0.0
11.275  565.0  90  24  33  10.938 150.0  30.0
11.275  567.5  90  24  39  -1.563 270.0  30.0
11.275  570.0  90  24  42  -1.563 150.0  30.0
11.275  575.0  90  24  36  -1.563 150.0  30.0
11.275  805.0  90  24  33  10.938 330.0  30.0
11.275  807.5  90  24  33  10.938  90.0  30.0
11.275  810.0  90  24  33  10.938 150.0  30.0
11.275  815.0  90  24  33  -1.563 150.0  30.0
11.275  822.5  90  24  36  -1.563 150.0  30.0
11.275  825.0  90  24  39  -1.563 150.0  30.0
11.275  827.5  90  24  45  -1.563 150.0  30.0
11.275  830.0  90  24  45  10.938 150.0  30.0
11.275  832.5  90  24  45  10.938 150.0  30.0
11.275  835.0  90  24  39  10.938 150.0  30.0
11.275  837.5  90  24  39  -1.563 150.0  30.0
11.275  840.0  90  24  39  -1.563 150.0  30.0
11.275  847.5  90  24  33  -1.563  30.0  30.0
11.275  852.5  90  24  33  10.938 150.0  30.0
11.275  855.0  90  24  36  10.938 150.0  30.0
11.275  860.0  90  24  33  10.938 150.0  30.0
11.275  567.5 -90  24  36  -1.563  30.0  30.0
11.275  570.0 -90  24  39  -1.563 150.0  30.0
11.275  575.0 -90  24  33  -1.563  30.0  30.0
11.275  787.5 -90  24  33  10.938 150.0  30.0
11.275  790.0 -90  24  33  -1.563 150.0  30.0
11.275  825.0 -90  24  33  -1.563 210.0  30.0
11.275  827.5 -90  24  36  -1.563  90.0  30.0
11.275  830.0 -90  24  36  10.938  90.0  30.0
11.275  832.5 -90  24  36  -1.563 210.0  30.0
11.275  835.0 -90  24  33  10.938   0.0   0.0
11.275  837.5 -90  24  33  -1.563 150.0  30.0
11.275  985.0 -90  24  36   1.563   0.0   0.0
11.300  565.0  90  24  33  -1.563 150.0  30.0
11.300  567.5  90  24  39  -1.563 150.0  30.0
11.300  570.0  90  24  42  -1.563 270.0  30.0
11.300  575.0  90  24  33  -1.563 270.0  30.0
11.300  815.0  90  24  33  -1.563 150.0  30.0
11.300  827.5  90  24  33  10.938 150.0  30.0
11.300  830.0  90  24  39  10.938 150.0  30.0
11.300  832.5  90  24  36  -1.563 150.0  30.0
11.300  835.0  90  24  42  -1.563 150.0  30.0
11.300  837.5  90  24  39  10.938 150.0  30.0
11.300  840.0  90  24  36  10.938 150.0  30.0
11.300  842.5  90  24  36  -1.563 150.0  30.0
11.300  567.5 -90  24  39  -1.563 150.0  30.0
11.300  570.0 -90  24  39  -1.563  30.0  30.0
11.300  790.0 -90  24  33  -1.563 150.0  30.0
11.300  835.0 -90  24  36  -1.563  30.0  30.0
11.300  985.0 -90  24  36 -10.938   0.0   0.0
11.325  555.0  90  24  33  -1.563  30.0  30.0
11.325  562.5  90  24  33  10.938 150.0  30.0
11.325  565.0  90  24  36  -1.563  30.0  30.0
11.325  567.5  90  24  39  -1.563 150.0  30.0
11.325  570.0  90  24  45  -1.563 150.0  30.0
11.325  575.0  90  24  36  -1.563 270.0  30.0
11.325  820.0  90  24  33  10.938 150.0  30.0
11.325  832.5  90  24  33  -1.563 150.0  30.0
11.325  835.0  90  24  33  10.938 150.0  30.0
11.325  840.0  90  24  36  -1.563  30.0  30.0
11.325  842.5  90  24  33  -1.563 150.0  30.0
11.325  855.0  90  24  33  10.938 150.0  30.0
11.325  860.0  90  24  33  -1.563 330.0  30.0
11.325  985.0  90  24  33  -1.563 330.0  30.0
11.325  990.0  90  24  33  -1.563  90.0  30.0
11.325  562.5 -90  24  33  10.938 150.0  30.0
11.325  565.0 -90  24  36  -1.563  30.0  30.0
11.325  567.5 -90  24  36  -1.563 150.0  30.0
11.325  570.0 -90  24  42  -1.563 330.0  30.0
11.325  575.0 -90  24  33  -1.563 330.0  30.0
11.325  985.0 -90  24  33   1.563   0.0   0.0
11.350  545.0  90  24  33  10.938 150.0  30.0
11.350  550.0  90  24  33  10.938 150.0  30.0
11.350  555.0  90  24  33  -1.563 150.0  30.0
11.350  565.0  90  24  36  -1.563 270.0  30.0
11.350  567.5  90  24  39  -1.563 270.0  30.0
11.350  570.0  90  24  45  -1.563 270.0  30.0
11.350  572.5  90  24  33  10.938 270.0  30.0
11.350  575.0  90  24  36  -1.563  30.0  30.0
11.350  590.0  90  24  33  -1.563 150.0  30.0
11.350  822.5  90  24  33  10.938 150.0  30.0
11.350  845.0  90  24  36  10.938 150.0  30.0
11.350  847.5  90  24  33  10.938 150.0  30.0
11.350  850.0  90  24  36  -1.563 150.0  30.0
11.350  852.5  90  24  33  -1.563  30.0  30.0
11.350  855.0  90  24  33  -1.563 150.0  30.0
11.350  857.5  90  24  33  -1.563 150.0  30.0
11.350  860.0  90  24  33  10.938 150.0  30.0
11.350  865.0  90  24  33  -1.563 150.0  30.0
11.350  985.0  90  24  33  -1.563  90.0  30.0
11.350  565.0 -90  24  36  -1.563 330.0  30.0
11.350  567.5 -90  24  36  10.938 150.0  30.0
11.350  570.0 -90  24  39  -1.563 330.0  30.0
11.350  575.0 -90  24  33  10.938  30.0  30.0
11.350  790.0 -90  24  33  -1.563 330.0  30.0
11.350  792.5 -90  24  33  -1.563 150.0  30.0
11.350  985.0 -90  24  33   1.563   0.0   0.0
11.350 1072.5 -90  24  33   1.563   0.0   0.0
11.375  545.0  90  12  21  10.938 270.0  30.0
11.375  550.0  90  12  21  10.938 150.0  30.0
11.375  555.0  90  12  21  10.938 270.0  30.0
11.375  565.0  90  12  24  -1.563 150.0  30.0
11.375  567.5  90  12  27  -1.563 270.0  30.0
11.375  570.0  90  12  33  -1.563 270.0  30.0
11.375  575.0  90  12  24  -1.563 150.0  30.0
11.375  595.0  90  12  21  -1.563 150.0  30.0
11.375  830.0  90  12  21  10.938 150.0  30.0
11.375  832.5  90  12  21  10.938 150.0  30.0
11.375  835.0  90  12  21  -1.563 150.0  30.0
11.375  837.5  90  12  21  10.938 150.0  30.0
11.375  847.5  90  12  21  -1.563 150.0  30.0
11.375  850.0  90  12  21  -1.563 150.0  30.0
11.375  852.5  90  12  21  -1.563 150.0  30.0
11.375  855.0  90  12  24  10.938 150.0  30.0
11.375  857.5  90  12  27  10.938 150.0  30.0
11.375  860.0  90  12  24  10.938 150.0  30.0
11.375  862.5  90  12  24  -1.563  30.0  30.0
11.375  865.0  90  12  24  -1.563 150.0  30.0
11.375  870.0  90  12  21  -1.563 150.0  30.0
11.375  877.5  90  12  21  -1.563  30.0  30.0
11.375  880.0  90  12  21  -1.563  30.0  30.0
11.375  885.0  90  12  21  -1.563 150.0  30.0
11.375  985.0  90  12  24   1.563   0.0   0.0
11.375  567.5 -90  12  21  10.938 330.0  30.0
11.375  570.0 -90  12  27  -1.563  90.0  30.0
11.375  575.0 -90  12  21  -1.563 210.0  30.0
11.375  792.5 -90  12  24  10.938 150.0  30.0
11.375  795.0 -90  12  27  10.938 150.0  30.0
11.375  797.5 -90  12  24  -1.563 150.0  30.0
11.375  800.0 -90  12  21  10.938 150.0  30.0
11.375  805.0 -90  12  21  10.938 150.0  30.0
11.375  985.0 -90  12  21 -10.938   0.0   0.0
11.400  545.0  90  12  21   1.563 270.0  30.0
11.400  565.0  90  12  24  10.938 150.0  30.0
11.400  567.5  90  12  24  -1.563 150.0  30.0
11.400  570.0  90  12  33  -1.563 150.0  30.0
11.400  575.0  90  12  24  10.938 270.0  30.0
11.400  585.0  90  12  21  -1.563 270.0  30.0
11.400  595.0  90  12  21  10.938  90.0  30.0
11.400  850.0  90  12  21  -1.563  90.0  30.0
11.400  852.5  90  12  21  -1.563 150.0  30.0
11.400  855.0  90  12  21  10.938  30.0  30.0
11.400  860.0  90  12  21  -1.563 150.0  30.0
11.400  862.5  90  12  27  -1.563  30.0  30.0
11.400  865.0  90  12  24  -1.563 150.0  30.0
11.400  867.5  90  12  27  -1.563 150.0  30.0
11.400  870.0  90  12  24  -1.563 150.0  30.0
11.400  875.0  90  12  21  -1.563 150.0  30.0
11.400  877.5  90  12  24  -1.563 150.0  30.0
11.400  882.5  90  12  21  -1.563 150.0  30.0
11.400  885.0  90  12  24  -1.563 150.0  30.0
11.400  887.5  90  12  21  -1.563 150.0  30.0
11.400  890.0  90  12  21  10.938 150.0  30.0
11.400  895.0  90  12  21  -1.563 150.0  30.0
11.400  912.5  90  12  21  -1.563 150.0  30.0
11.400  917.5  90  12  21  -1.563 150.0  30.0
11.400  922.5  90  12  21  -1.563 150.0  30.0
11.400  927.5  90  12  21  -1.563 150.0  30.0
11.400  940.0  90  12  21  10.938 150.0  30.0
11.400  942.5  90  12  21  10.938 150.0  30.0
11.400  985.0  90  12  24   1.563   0.0   0.0
11.400  567.5 -90  12  21  10.938 150.0  30.0
11.400  570.0 -90  12  27  10.938 330.0  30.0
11.400  795.0 -90  12  24  -1.563 150.0  30.0
11.400  797.5 -90  12  24  -1.563 150.0  30.0
11.400  800.0 -90  12  24  -1.563 150.0  30.0
11.400  862.5 -90  12  21  -1.563 150.0  30.0
11.400  865.0 -90  12  21  -1.563  90.0  30.0
11.400  877.5 -90  12  21  10.938 330.0  30.0
11.400  985.0 -90  12  24   1.563   0.0   0.0
11.425  565.0  90  15  24  -1.563 270.0  30.0
11.425  567.5  90  15  24  -1.563 150.0  30.0
11.425  570.0  90  15  33  -1.563 150.0  30.0
11.425  572.5  90  15  24  10.938 270.0  30.0
11.425  575.0  90  15  24  -1.563  30.0  30.0
11.425  870.0  90  15  24  10.938 150.0  30.0
11.425  880.0  90  15  24  -1.563 150.0  30.0
11.425  882.5  90  15  24  10.938 150.0  30.0
11.425  887.5  90  15  24  -1.563 150.0  30.0
11.425  890.0  90  15  24  10.938 150.0  30.0
11.425  985.0  90  15  27   1.563   0.0   0.0
11.425  570.0 -90  15  24  -1.563 330.0  30.0
11.425  797.5 -90  15  24  10.938 150.0  30.0
11.425  800.0 -90  15  27  -1.563 150.0  30.0
11.425  802.5 -90  15  24  10.938 150.0  30.0
11.425  985.0 -90  15  27   1.563   0.0   0.0
11.425  987.5 -90  15  24   1.563   0.0   0.0
11.450  567.5  90  15  24  -1.563 150.0  30.0
11.450  570.0  90  15  33  -1.563 270.0  30.0
11.450  575.0  90  15  24  10.938  30.0  30.0
11.450  985.0  90  15  30   1.563   0.0   0.0
11.450  987.5  90  15  24   1.563   0.0   0.0
11.450  980.0 -90  15  24   1.563   0.0   0.0
11.450  985.0 -90  15  30   1.563   0.0   0.0
11.450  987.5 -90  15  24   1.563   0.0   0.0
11.450  990.0 -90  15  24 -10.938   0.0   0.0
11.475  565.0  90  15  24  -1.563 150.0  30.0
11.475  570.0  90  15  30  -1.563 150.0  30.0
11.475  575.0  90  15  24  10.938 150.0  30.0
11.475  985.0  90  15  30   1.563   0.0   0.0
11.475  987.5  90  15  24  -1.563   0.0   0.0
11.475  570.0 -90  15  24  -1.563   0.0   0.0
11.475  980.0 -90  15  24   1.563   0.0   0.0
11.475  985.0 -90  15  30   1.563   0.0   0.0
11.475  987.5 -90  15  27   1.563 150.0  30.0
11.475  990.0 -90  15  24 -10.938   0.0   0.0
11.475 1070.0 -90  15  24 -10.938   0.0   0.0
11.475 1072.5 -90  15  24 -10.938   0.0   0.0
11.475 1075.0 -90  15  24   1.563   0.0   0.0
11.500  565.0  90  12  21  10.938  30.0  30.0
11.500  570.0  90  12  30  -1.563 270.0  30.0
11.500  572.5  90  12  21  10.938  30.0  30.0
11.500  575.0  90  12  21  -1.563  30.0  30.0
11.500  980.0  90  12  21 -10.938   0.0   0.0
11.500  985.0  90  12  27   1.563   0.0   0.0
11.500  987.5  90  12  24   1.563   0.0   0.0
11.500 1260.0  90  12  21  -1.563   0.0   0.0
11.500 1262.5  90  12  21  -1.563   0.0   0.0
11.500  570.0 -90  15  27  -1.563  30.0  30.0
11.500  802.5 -90  15  24  10.938 150.0  30.0
11.500  985.0 -90  15  33   1.563   0.0   0.0
11.500  987.5 -90  15  24 -10.938   0.0   0.0
11.500  990.0 -90  15  24 -10.938 150.0  30.0
11.500 1070.0 -90  15  24   1.563   0.0   0.0
11.500 1072.5 -90  15  24   1.563   0.0   0.0
11.525  565.0  90  12  21  10.938 270.0  30.0
11.525  570.0  90  12  30  -1.563 270.0  30.0
11.525  575.0  90  12  24  -1.563 270.0  30.0
11.525  585.0  90  12  21  10.938 270.0  30.0
11.525  980.0  90  12  21  -1.563   0.0   0.0
11.525  985.0  90  12  27   1.563   0.0   0.0
11.525  987.5  90  12  21 -10.938   0.0   0.0
11.525  990.0  90  12  21   1.563   0.0   0.0
11.525 1070.0  90  12  21 -10.938   0.0   0.0
11.525 1252.5  90  12  21 -10.938   0.0   0.0
11.525 1255.0  90  12  21  -1.563  30.0  30.0
11.525  570.0 -90  15  27  -1.563  30.0  30.0
11.525  980.0 -90  15  24 -10.938   0.0   0.0
11.525  985.0 -90  15  30   1.563   0.0   0.0
11.525  987.5 -90  15  27   1.563   0.0   0.0
11.525  990.0 -90  15  24   1.563 150.0  30.0
11.550  565.0  90  12  24  -1.563 210.0  30.0
11.550  570.0  90  12  33  -1.563 270.0  30.0
11.550  572.5  90  12  21  -1.563 330.0  30.0
11.550  575.0  90  12  24  10.938 270.0  30.0
11.550  855.0  90  12  21  -1.563 270.0  30.0
11.550  565.0 -90  15  24  10.938 330.0  30.0
11.550  570.0 -90  15  30  -1.563 270.0  30.0
11.575  545.0  90  12  21  -1.563 330.0  30.0
11.575  565.0  90  12  24  10.938 330.0  30.0
11.575  570.0  90  12  33  -1.563 270.0  30.0
11.575  572.5  90  12  21  -1.563 270.0  30.0
11.575  575.0  90  12  24  -1.563 210.0  30.0
11.575  555.0 -90  12  21  10.938 330.0  30.0
11.575  565.0 -90  12  24  -1.563 210.0  30.0
11.575  570.0 -90  12  30  -1.563 330.0  30.0
11.575  575.0 -90  12  21  10.938 330.0  30.0
11.575  810.0 -90  12  21  -1.563 150.0  30.0
11.575  812.5 -90  12  21  10.938  90.0  30.0
11.575  980.0 -90  12  21   1.563  30.0  30.0
11.600  565.0  90  15  27  -1.563 330.0  30.0
11.600  570.0  90  15  36  -1.563 330.0  30.0
11.600  572.5  90  15  24  -1.563 330.0  30.0
11.600  575.0  90  15  27  10.938 330.0  30.0
11.600  565.0 -90  15  24  -1.563 330.0  30.0
11.600  570.0 -90  15  33  -1.563 330.0  30.0
11.600  575.0 -90  15  24  -1.563 270.0  30.0
11.600  985.0 -90  15  24   1.563   0.0   0.0
11.600 1250.0 -90  15  24   1.563   0.0   0.0
11.625  565.0  90  18  27  -1.563  30.0  30.0
11.625  570.0  90  18  36  -1.563 150.0  30.0
11.625  572.5  90  18  27  -1.563 270.0  30.0
11.625  575.0  90  18  30  10.938 150.0  30.0
11.625 1255.0  90  18  27  -1.563   0.0   0.0
11.625 1257.5  90  18  27   1.563   0.0   0.0
11.625 1260.0  90  18  27 -10.938   0.0   0.0
11.625  570.0 -90  18  33  -1.563 330.0  30.0
11.625  575.0 -90  18  27  -1.563  90.0  30.0
11.625  985.0 -90  18  27   1.563   0.0   0.0
11.625 1250.0 -90  18  27   1.563   0.0   0.0
11.650  545.0  90  18  27  10.938 270.0  30.0
11.650  565.0  90  18  27  -1.563 330.0  30.0
11.650  570.0  90  18  36  -1.563 270.0  30.0
11.650  572.5  90  18  27  10.938 270.0  30.0
11.650  575.0  90  18  27  10.938  30.0  30.0
11.650  985.0  90  18  27   1.563   0.0   0.0
11.650 1077.5  90  18  27 -10.938  90.0  30.0
11.650  570.0 -90  18  33  -1.563 330.0  30.0
11.650  575.0 -90  18  27  10.938 330.0  30.0
11.650  985.0 -90  18  30 -10.938   0.0   0.0
11.650 1245.0 -90  18  27  10.938   0.0   0.0
11.675  545.0  90  18  27  -1.563 270.0  30.0
11.675  565.0  90  18  30  -1.563 150.0  30.0
11.675  570.0  90  18  36  -1.563 270.0  30.0
11.675  572.5  90  18  30  -1.563 150.0  30.0
11.675  575.0  90  18  27  -1.563 150.0  30.0
11.675  820.0  90  18  27  10.938 210.0  30.0
11.675  985.0  90  18  30 -10.938   0.0   0.0
11.675  987.5  90  18  27  -1.563   0.0   0.0
11.675  570.0 -90  18  30  -1.563 330.0  30.0
11.675  820.0 -90  18  27  10.938  90.0  30.0
11.675  822.5 -90  18  27  10.938 150.0  30.0
11.675  980.0 -90  18  27 -10.938 150.0  30.0
11.675  985.0 -90  18  33   1.563   0.0   0.0
11.675  987.5 -90  18  27 -10.938   0.0   0.0
11.675  990.0 -90  18  27  -1.563   0.0   0.0
11.675 1245.0 -90  18  27   1.563   0.0   0.0
11.675 1247.5 -90  18  30   1.563   0.0   0.0
11.675 1252.5 -90  18  27 -10.938   0.0   0.0
11.700  565.0  90  18  30  10.938 270.0  30.0
11.700  570.0  90  18  33  -1.563 270.0  30.0
11.700  572.5  90  18  30  -1.563 270.0  30.0
11.700  575.0  90  18  27  10.938 270.0  30.0
11.700  985.0  90  18  30   1.563   0.0   0.0
11.700  987.5  90  18  30  -1.563   0.0   0.0
11.700  570.0 -90  18  27  -1.563 330.0  30.0
11.700  825.0 -90  18  27  -4.688  90.0  30.0
11.700  985.0 -90  18  33   1.563   0.0   0.0
11.700  987.5 -90  18  27   1.563   0.0   0.0
11.700  990.0 -90  18  27   1.563   0.0   0.0
11.725  570.0  90  21  33  -1.563 150.0  30.0
11.725  572.5  90  21  30  -1.563 330.0  30.0
11.725  985.0  90  21  33 -10.938   0.0   0.0
11.725  985.0 -90  21  33   1.563   0.0   0.0
11.725  987.5 -90  21  30   1.563 150.0  30.0
11.750  985.0  90  24  33   1.563  30.0  30.0
11.750  985.0 -90  24  36   1.563   0.0   0.0
11.775  985.0  90  24  33   1.563   0.0   0.0
11.800  985.0 -90  24  33  -1.563 150.0  30.0
11.825  570.0  90  18  30  10.938 330.0  30.0
11.825  572.5  90  18  30  -1.563 330.0  30.0
11.825  985.0  90  18  27   1.563  90.0  30.0
11.825  987.5  90  18  27   1.563  30.0  30.0
11.825  570.0 -90  18  30  -1.563 330.0  30.0
11.825  572.5 -90  18  27  10.938  90.0  30.0
11.825  575.0 -90  18  27  -1.563 330.0  30.0
11.825  985.0 -90  18  27   1.563   0.0   0.0
11.825 1250.0 -90  18  27   1.563   0.0   0.0
11.850  567.5  90  18  27 -10.938 210.0  30.0
11.850  570.0  90  18  33  -1.563 330.0  30.0
11.850  572.5  90  18  30  -1.563 330.0  30.0
11.850  985.0  90  18  27 -10.938  30.0  30.0
11.850  570.0 -90  18  30  -1.563 330.0  30.0
11.850  985.0 -90  18  27 -10.938  90.0  30.0
11.875 1205.0  90  30  39   4.688 330.0  30.0
11.900   87.5 -90  39  48  10.938 330.0  30.0
11.900   92.5 -90  39  48  10.938 330.0  30.0
11.925   80.0  90  39  48  10.938  90.0  30.0
11.925   82.5  90  39  48  10.938 150.0  30.0
11.925  107.5 -90  39  48  -4.688  90.0  30.0
11.925  110.0 -90  39  48  -4.688  90.0  30.0
11.925  112.5 -90  39  48  -4.688  90.0  30.0
11.925  115.0 -90  39  48  -4.688  90.0  30.0
11.975   97.5  90  36  45   7.813  90.0  30.0
11.975  102.5  90  36  45   7.813  90.0  30.0
12.000  572.5  90  18  30  -1.563 330.0  30.0
12.000  985.0 -90  18  27 -10.938  30.0  30.0
12.025  572.5  90  15  27  -1.563 330.0  30.0
12.025  570.0 -90  15  27  10.938 330.0  30.0
12.025  572.5 -90  15  24  -1.563 330.0  30.0
12.025  985.0 -90  15  27   1.563  30.0  30.0
12.025  987.5 -90  15  24   1.563 210.0  30.0
12.025 1080.0 -90  15  24 -10.938  30.0  30.0
12.025 1265.0 -90  15  24   1.563 270.0  30.0
12.050  572.5  90  15  30  -1.563 330.0  30.0
12.050  570.0 -90  15  27  -1.563 330.0  30.0
12.050  572.5 -90  15  27  -1.563 330.0  30.0
12.050  985.0 -90  15  27   1.563  30.0  30.0
12.050  987.5 -90  15  24   1.563 270.0  30.0
12.075  547.5  90  12  21  -1.563 330.0  30.0
12.075  567.5  90  12  24  -1.563 330.0  30.0
12.075  570.0  90  12  24  -1.563   0.0   0.0
12.075  572.5  90  12  30  -1.563 330.0  30.0
12.075  575.0  90  12  21  -1.563 210.0  30.0
12.075  577.5  90  12  21  10.938 330.0  30.0
12.075  985.0  90  12  24   1.563  30.0  30.0
12.075  987.5  90  12  21   1.563   0.0   0.0
12.075 1075.0  90  12  21 -10.938  30.0  30.0
12.075 1077.5  90  12  21 -10.938  30.0  30.0
12.075  565.0 -90  12  21  10.938 330.0  30.0
12.075  567.5 -90  12  21  -1.563 330.0  30.0
12.075  570.0 -90  12  27  -1.563 330.0  30.0
12.075  572.5 -90  12  30  -1.563 330.0  30.0
12.075  577.5 -90  12  21  10.938 210.0  30.0
12.075  597.5 -90  12  21   1.563 210.0  30.0
12.075  980.0 -90  12  21 -10.938  30.0  30.0
12.075  985.0 -90  12  30   1.563 150.0  30.0
12.075  987.5 -90  12  24   1.563 210.0  30.0
12.075  990.0 -90  12  21 -10.938 150.0  30.0
12.075 1010.0 -90  12  21 -10.938   0.0   0.0
12.075 1257.5 -90  12  21  -1.563  30.0  30.0
12.075 1262.5 -90  12  21  10.938   0.0   0.0
12.075 1267.5 -90  12  21   1.563   0.0   0.0
12.100  567.5  90  15  24  10.938 210.0  30.0
12.100  570.0  90  15  24  10.938 330.0  30.0
12.100  572.5  90  15  33  -1.563 330.0  30.0
12.100  577.5  90  15  24  -1.563 330.0  30.0
12.100  985.0  90  15  27 -10.938   0.0   0.0
12.100  987.5  90  15  24 -10.938  90.0  30.0
12.100  567.5 -90  15  24  10.938 330.0  30.0
12.100  570.0 -90  15  27  -1.563 330.0  30.0
12.100  572.5 -90  15  30  -1.563 330.0  30.0
12.100  577.5 -90  15  24  -1.563  90.0  30.0
12.100  985.0 -90  15  30   1.563  30.0  30.0
12.100  987.5 -90  15  24   1.563 150.0  30.0
12.100 1262.5 -90  15  24  10.938  30.0  30.0
12.100 1267.5 -90  15  24  -1.563 150.0  30.0
12.100 1275.0 -90  15  24  -1.563  30.0  30.0
12.125  547.5  90  12  21  10.938 330.0  30.0
12.125  557.5  90  12  21  10.938 210.0  30.0
12.125  565.0  90  12  21  10.938 330.0  30.0
12.125  567.5  90  12  24  10.938 210.0  30.0
12.125  570.0  90  12  24  10.938 210.0  30.0
12.125  572.5  90  12  33  -1.563 330.0  30.0
12.125  575.0  90  12  21  10.938 210.0  30.0
12.125  577.5  90  12  27  -1.563 330.0  30.0
12.125  582.5  90  12  21  10.938   0.0   0.0
12.125  587.5  90  12  24  -1.563  90.0  30.0
12.125  592.5  90  12  21  10.938 330.0  30.0
12.125  595.0  90  12  21  -1.563   0.0   0.0
12.125  597.5  90  12  21  10.938 330.0  30.0
12.125  985.0  90  12  27   1.563  30.0  30.0
12.125  987.5  90  12  24   1.563  30.0  30.0
12.125  990.0  90  12  21   1.563 270.0  30.0
12.125 1075.0  90  12  21   1.563 270.0  30.0
12.125 1277.5  90  12  21   1.563 270.0  30.0
12.125 1280.0  90  12  21 -10.938  30.0  30.0
12.125 1282.5  90  12  24 -10.938 150.0  30.0
12.125  567.5 -90  12  21  -1.563 330.0  30.0
12.125  570.0 -90  12  24  10.938 330.0  30.0
12.125  572.5 -90  12  30  -1.563 330.0  30.0
12.125  577.5 -90  12  24  -1.563  90.0  30.0
12.125  587.5 -90  12  21  10.938   0.0   0.0
12.125  597.5 -90  12  21  -1.563 330.0  30.0
12.125  980.0 -90  12  24   1.563  30.0  30.0
12.125  985.0 -90  12  30   1.563 150.0  30.0
12.125  987.5 -90  12  24   1.563 150.0  30.0
12.125  990.0 -90  12  24   1.563 210.0  30.0
12.125  992.5 -90  12  21 -10.938   0.0   0.0
12.125 1072.5 -90  12  21   1.563  30.0  30.0
12.125 1075.0 -90  12  21   1.563 150.0  30.0
12.125 1080.0 -90  12  24 -10.938  30.0  30.0
12.125 1262.5 -90  12  21 -10.938  30.0  30.0
12.125 1265.0 -90  12  21   1.563  30.0  30.0
12.125 1267.5 -90  12  21   1.563  30.0  30.0
12.125 1272.5 -90  12  21   1.563 270.0  30.0
12.150  552.5  90  12  21  -1.563 330.0  30.0
12.150  557.5  90  12  21  10.938 330.0  30.0
12.150  567.5  90  12  27  -1.563 330.0  30.0
12.150  570.0  90  12  24  10.938 330.0  30.0
12.150  572.5  90  12  33  -1.563 330.0  30.0
12.150  575.0  90  12  21  10.938 210.0  30.0
12.150  577.5  90  12  27  10.938 330.0  30.0
12.150  580.0  90  12  21  -1.563  90.0  30.0
12.150  587.5  90  12  21  10.938  90.0  30.0
12.150  592.5  90  12  21  10.938 330.0  30.0
12.150  597.5  90  12  21  -1.563 330.0  30.0
12.150  980.0  90  12  21   1.563  30.0  30.0
12.150  985.0  90  12  30   1.563  30.0  30.0
12.150  987.5  90  12  24   1.563  30.0  30.0
12.150  990.0  90  12  21   1.563 270.0  30.0
12.150 1075.0  90  12  21   1.563 270.0  30.0
12.150  567.5 -90  12  21 -10.938   0.0   0.0
12.150  570.0 -90  12  24  -1.563 330.0  30.0
12.150  572.5 -90  12  30  -1.563   0.0   0.0
12.150  575.0 -90  12  21  10.938 330.0  30.0
12.150  577.5 -90  12  21  -1.563   0.0   0.0
12.150  960.0 -90  12  21 -10.938  90.0  30.0
12.150  980.0 -90  12  21 -10.938 150.0  30.0
12.150  985.0 -90  12  30   1.563  30.0  30.0
12.150  987.5 -90  12  24   1.563  30.0  30.0
12.150  990.0 -90  12  21   1.563   0.0   0.0
12.150 1072.5 -90  12  21   1.563   0.0   0.0
12.150 1262.5 -90  12  24 -10.938  30.0  30.0
12.150 1265.0 -90  12  21 -10.938  30.0  30.0
12.150 1267.5 -90  12  21 -10.938 270.0  30.0
12.150 1270.0 -90  12  21   1.563   0.0   0.0
12.150 1272.5 -90  12  21 -10.938  30.0  30.0
12.175  547.5  90  12  21  10.938 330.0  30.0
12.175  552.5  90  12  21  10.938 210.0  30.0
12.175  567.5  90  12  24  -1.563 210.0  30.0
12.175  570.0  90  12  24  -1.563 330.0  30.0
12.175  572.5  90  12  33  -1.563 330.0  30.0
12.175  575.0  90  12  21  10.938 210.0  30.0
12.175  577.5  90  12  24  -1.563 330.0  30.0
12.175  587.5  90  12  21  -1.563 210.0  30.0
12.175  597.5  90  12  21  10.938 330.0  30.0
12.175  980.0  90  12  21 -10.938  30.0  30.0
12.175  985.0  90  12  27 -10.938  30.0  30.0
12.175  987.5  90  12  24   1.563 270.0  30.0
12.175  990.0  90  12  21   1.563 270.0  30.0
12.175  570.0 -90  12  21   1.563 330.0  30.0
12.175  572.5 -90  12  27  -1.563   0.0   0.0
12.175  577.5 -90  12  21  -1.563   0.0   0.0
12.175  970.0 -90  12  21   1.563   0.0   0.0
12.175  980.0 -90  12  21   1.563 150.0  30.0
12.175  985.0 -90  12  30   1.563  30.0  30.0
12.175  987.5 -90  12  24   1.563  30.0  30.0
12.175  990.0 -90  12  21   1.563 150.0  30.0
12.175 1075.0 -90  12  21   1.563 150.0  30.0
12.200  547.5  90  12  21  -1.563 330.0  30.0
12.200  567.5  90  12  24  -1.563 330.0  30.0
12.200  570.0  90  12  21  -1.563 330.0  30.0
12.200  572.5  90  12  33  -1.563 330.0  30.0
12.200  575.0  90  12  21  10.938 330.0  30.0
12.200  577.5  90  12  24  10.938 330.0  30.0
12.200  592.5  90  12  21  -1.563 210.0  30.0
12.200  597.5  90  12  21  -1.563 210.0  30.0
12.200  985.0  90  12  27   1.563  30.0  30.0
12.200  987.5  90  12  24 -10.938 270.0  30.0
12.200  990.0  90  12  21   1.563  30.0  30.0
12.200  570.0 -90  12  21  10.938 330.0  30.0
12.200  572.5 -90  12  21  -1.563   0.0   0.0
12.200  980.0 -90  12  21   1.563  30.0  30.0
12.200  985.0 -90  12  30   1.563  30.0  30.0
12.200  987.5 -90  12  27   1.563  30.0  30.0
12.200  990.0 -90  12  21   1.563 150.0  30.0
12.225  552.5  90  12  21  -1.563 330.0  30.0
12.225  567.5  90  12  24  10.938 330.0  30.0
12.225  570.0  90  12  21  -1.563 330.0  30.0
12.225  572.5  90  12  30  -1.563 330.0  30.0
12.225  575.0  90  12  21  10.938 330.0  30.0
12.225  577.5  90  12  24  10.938 330.0  30.0
12.225  980.0  90  12  21   1.563  30.0  30.0
12.225  985.0  90  12  27   1.563  30.0  30.0
12.225  987.5  90  12  21   1.563  30.0  30.0
12.225  990.0  90  12  21   1.563 210.0  30.0
12.225  572.5 -90  12  24  -1.563 330.0  30.0
12.225  980.0 -90  12  21 -10.938   0.0   0.0
12.225  985.0 -90  12  27   1.563  30.0  30.0
12.225  987.5 -90  12  24   1.563   0.0   0.0
12.225 1267.5 -90  12  21  -1.563 270.0  30.0
12.225 1275.0 -90  12  21 -10.938 270.0  30.0
12.250  567.5  90  12  21  10.938 330.0  30.0
12.250  572.5  90  12  30  -1.563 330.0  30.0
12.250  577.5  90  12  21  -1.563 330.0  30.0
12.250  985.0  90  12  24   1.563  30.0  30.0
12.250  987.5  90  12  21   1.563  30.0  30.0
12.250  570.0 -90  12  21  -1.563 210.0  30.0
12.250  572.5 -90  12  27  -1.563 330.0  30.0
12.250  577.5 -90  12  21  10.938  90.0  30.0
12.250  985.0 -90  12  27 -10.938  30.0  30.0
12.250  987.5 -90  12  24   1.563  30.0  30.0
12.250 1077.5 -90  12  21   1.563  30.0  30.0
12.250 1265.0 -90  12  21   1.563 270.0  30.0
12.250 1270.0 -90  12  21   1.563 270.0  30.0
12.275  567.5  90  12  21  -1.563 330.0  30.0
12.275  572.5  90  12  27  -1.563 330.0  30.0
12.275  575.0  90  12  21  -1.563 330.0  30.0
12.275  577.5  90  12  21  -1.563 330.0  30.0
12.275  985.0  90  12  21  -1.563  30.0  30.0
12.275  567.5 -90  12  21  -1.563 330.0  30.0
12.275  572.5 -90  12  27  -1.563 330.0  30.0
12.275  985.0 -90  12  24   1.563 150.0  30.0
12.275 1075.0 -90  12  21   1.563  30.0  30.0
12.275 1080.0 -90  12  21   1.563  30.0  30.0
12.275 1265.0 -90  12  21   1.563  30.0  30.0
12.275 1267.5 -90  12  24   1.563  30.0  30.0
12.275 1270.0 -90  12  24 -10.938  30.0  30.0
12.300  567.5  90  12  21  -1.563 330.0  30.0
12.300  572.5  90  12  27  -1.563 330.0  30.0
12.300  575.0  90  12  21  10.938 330.0  30.0
12.300  577.5  90  12  21  -1.563 330.0  30.0
12.300  572.5 -90  12  27  -1.563 330.0  30.0
12.300  985.0 -90  12  24   1.563  30.0  30.0
12.300 1075.0 -90  12  21   1.563  30.0  30.0
12.300 1275.0 -90  12  21   1.563  30.0  30.0
12.325  552.5  90  33  42  -1.563 330.0  30.0
12.325  567.5  90  33  42  -1.563 330.0  30.0
12.325  570.0  90  33  42  10.938 330.0  30.0
12.325  572.5  90  33  51  -1.563 330.0  30.0
12.325  577.5  90  33  45  10.938 330.0  30.0
12.325  597.5  90  33  42  10.938 210.0  30.0
12.325  572.5 -90  36  51  -1.563   0.0   0.0
12.325  985.0 -90  36  48   1.563  30.0  30.0
12.325 1075.0 -90  36  45 -10.938  30.0  30.0
12.325 1077.5 -90  36  45   1.563  30.0  30.0
12.325 1080.0 -90  36  45   1.563  30.0  30.0
12.350  547.5  90  33  42  10.938 330.0  30.0
12.350  567.5  90  33  42  -1.563 330.0  30.0
12.350  572.5  90  33  48  -1.563   0.0   0.0
12.350  577.5  90  33  42  -1.563 330.0  30.0
12.350  985.0  90  33  42   1.563 330.0  30.0
12.350 1080.0  90  33  42   1.563  30.0  30.0
12.350  572.5 -90  36  48  -1.563 330.0  30.0
12.350  985.0 -90  36  45   1.563  30.0  30.0
12.350 1075.0 -90  36  48   1.563  30.0  30.0
12.350 1275.0 -90  36  45   1.563  30.0  30.0
12.375  572.5  90  24  39  -1.563 330.0  30.0
12.375  985.0  90  24  36   1.563 270.0  30.0
12.375 1075.0  90  24  33   1.563 270.0  30.0
12.375   82.5 -90  21  30  10.938   0.0   0.0
12.375  572.5 -90  21  36  -1.563 330.0  30.0
12.375  985.0 -90  21  33   1.563 210.0  30.0
12.375  987.5 -90  21  33   1.563  30.0  30.0
12.375 1075.0 -90  21  33   1.563  30.0  30.0
12.375 1077.5 -90  21  30 -10.938  30.0  30.0
12.375 1082.5 -90  21  30   1.563  30.0  30.0
12.375 1272.5 -90  21  30   1.563  30.0  30.0
12.400  572.5  90  21  39  -1.563 330.0  30.0
12.400  575.0  90  21  30  -1.563 210.0  30.0
12.400  577.5  90  21  30  -1.563 330.0  30.0
12.400  985.0  90  21  36   1.563 330.0  30.0
12.400  987.5  90  21  33   1.563  30.0  30.0
12.400 1075.0  90  21  33 -10.938  30.0  30.0
12.400 1077.5  90  21  30 -10.938 150.0  30.0
12.400 1087.5  90  21  30   1.563  30.0  30.0
12.400  572.5 -90  24  33  -1.563 330.0  30.0
12.400  985.0 -90  24  33   1.563  30.0  30.0
12.400  987.5 -90  24  33   1.563  30.0  30.0
12.425  567.5  90  21  30  -1.563 330.0  30.0
12.425  570.0  90  21  30  -1.563 330.0  30.0
12.425  572.5  90  21  39  -1.563 330.0  30.0
12.425  575.0  90  21  39  -1.563 330.0  30.0
12.425  577.5  90  21  30  -1.563 330.0  30.0
12.425  580.0  90  21  30  10.938 330.0  30.0
12.425  985.0  90  21  36   1.563  30.0  30.0
12.425  987.5  90  21  33   1.563  30.0  30.0
12.425  990.0  90  21  30 -10.938 270.0  30.0
12.425 1010.0  90  21  30   1.563  30.0  30.0
12.425 1075.0  90  21  30 -10.938  30.0  30.0
12.425 1077.5  90  21  30 -10.938 270.0  30.0
12.425 1087.5  90  21  30   1.563 210.0  30.0
12.425  535.0 -90  21  30   7.813   0.0   0.0
12.425  567.5 -90  21  30  -1.563 330.0  30.0
12.425  572.5 -90  21  36  -1.563 330.0  30.0
12.425  577.5 -90  21  30  10.938   0.0   0.0
12.425  985.0 -90  21  33   1.563 330.0  30.0
12.425  987.5 -90  21  30   1.563 210.0  30.0
12.425 1075.0 -90  21  30 -10.938 150.0  30.0
12.425 1077.5 -90  21  33   1.563  30.0  30.0
12.450  567.5  90  21  30  -1.563 330.0  30.0
12.450  570.0  90  21  30  -1.563  90.0  30.0
12.450  572.5  90  21  36  -1.563 330.0  30.0
12.450  575.0  90  21  36  -1.563 330.0  30.0
12.450  580.0  90  21  30  -1.563 330.0  30.0
12.450  985.0  90  21  33   1.563 270.0  30.0
12.450  987.5  90  21  33   1.563  30.0  30.0
12.450  567.5 -90  21  30  -1.563 330.0  30.0
12.450  570.0 -90  21  30  10.938 330.0  30.0
12.450  572.5 -90  21  39  -1.563 330.0  30.0
12.450  575.0 -90  21  30  -1.563 330.0  30.0
12.450  577.5 -90  21  30  -1.563  90.0  30.0
12.450  985.0 -90  21  33   1.563 210.0  30.0
12.450  987.5 -90  21  33   1.563  30.0  30.0
12.450 1077.5 -90  21  30   1.563  30.0  30.0
12.450 1277.5 -90  21  30  -1.563  30.0  30.0
12.475  572.5  90  21  39  -1.563 330.0  30.0
12.475  575.0  90  21  36  -1.563 330.0  30.0
12.475  580.0  90  21  30  -1.563 330.0  30.0
12.475  985.0  90  21  33 -10.938  30.0  30.0
12.475  987.5  90  21  30   1.563  30.0  30.0
12.475  567.5 -90  24  33  -1.563 330.0  30.0
12.475  572.5 -90  24  39  -1.563 330.0  30.0
12.475  985.0 -90  24  36 -10.938  30.0  30.0
12.475  987.5 -90  24  33   1.563  30.0  30.0
12.500  567.5  90  21  30  -1.563 330.0  30.0
12.500  570.0  90  21  30  -1.563 330.0  30.0
12.500  572.5  90  21  39  -1.563 330.0  30.0
12.500  575.0  90  21  39  -1.563 330.0  30.0
12.500  577.5  90  21  33  10.938 330.0  30.0
12.500  580.0  90  21  30 -10.938 330.0  30.0
12.500  985.0  90  21  33 -10.938  30.0  30.0
12.500 1082.5  90  21  30   1.563 270.0  30.0
12.500  562.5 -90  21  30  10.938   0.0   0.0
12.500  567.5 -90  21  33  -1.563 330.0  30.0
12.500  572.5 -90  21  39  -1.563 330.0  30.0
12.500  575.0 -90  21  33  10.938 330.0  30.0
12.500  577.5 -90  21  30  -1.563 330.0  30.0
12.500  985.0 -90  21  36   1.563  30.0  30.0
12.500  987.5 -90  21  33 -10.938  30.0  30.0
12.500  990.0 -90  21  30 -10.938   0.0   0.0
12.500 1075.0 -90  21  30   1.563  30.0  30.0
12.500 1080.0 -90  21  33   1.563  30.0  30.0
12.500 1082.5 -90  21  30   1.563  30.0  30.0
12.500 1090.0 -90  21  30  10.938   0.0   0.0
12.525  547.5  90  21  30  10.938   0.0   0.0
12.525  552.5  90  21  30  -1.563   0.0   0.0
12.525  555.0  90  21  30  10.938   0.0   0.0
12.525  562.5  90  21  30  10.938   0.0   0.0
12.525  567.5  90  21  33  10.938 330.0  30.0
12.525  570.0  90  21  33  10.938 330.0  30.0
12.525  572.5  90  21  39  -1.563 330.0  30.0
12.525  575.0  90  21  39  -1.563 330.0  30.0
12.525  577.5  90  21  33  -1.563 330.0  30.0
12.525  580.0  90  21  33  10.938 330.0  30.0
12.525  592.5  90  21  30  10.938   0.0   0.0
12.525  595.0  90  21  30  10.938   0.0   0.0
12.525  850.0  90  21  30  -4.688   0.0   0.0
12.525  902.5  90  21  30  -4.688   0.0   0.0
12.525  985.0  90  21  30   1.563 270.0  30.0
12.525 1075.0  90  21  30   1.563 270.0  30.0
12.525 1080.0  90  21  33   1.563  30.0  30.0
12.525  572.5 -90  24  39  -1.563 330.0  30.0
12.525  575.0 -90  24  33  -1.563   0.0   0.0
12.525  985.0 -90  24  36   1.563  30.0  30.0
12.525  987.5 -90  24  33   1.563  30.0  30.0
12.525 1075.0 -90  24  33   1.563  30.0  30.0
12.550  567.5  90  24  33  10.938 330.0  30.0
12.550  570.0  90  24  33  -1.563 330.0  30.0
12.550  572.5  90  24  42  -1.563 330.0  30.0
12.550  575.0  90  24  42  -1.563 330.0  30.0
12.550  577.5  90  24  36  10.938 330.0  30.0
12.550  580.0  90  24  33  10.938 210.0  30.0
12.550  572.5 -90  24  39  -1.563   0.0   0.0
12.550  575.0 -90  24  33  10.938   0.0   0.0
12.550  577.5 -90  24  33  10.938   0.0   0.0
12.550  985.0 -90  24  36   1.563  30.0  30.0
12.550  987.5 -90  24  33 -10.938  30.0  30.0
12.550 1077.5 -90  24  33   1.563  30.0  30.0
12.550 1280.0 -90  24  33   1.563  30.0  30.0
12.575  567.5  90  24  33  10.938 330.0  30.0
12.575  570.0  90  24  33  10.938 330.0  30.0
12.575  572.5  90  24  39  10.938 330.0  30.0
12.575  575.0  90  24  42  -1.563 330.0  30.0
12.575  577.5  90  24  33  -1.563   0.0   0.0
12.575  580.0  90  24  36  -1.563 330.0  30.0
12.575  985.0  90  24  33   1.563  90.0  30.0
12.575  572.5 -90  24  36  -1.563   0.0   0.0
12.575  985.0 -90  24  36   1.563  30.0  30.0
12.575  987.5 -90  24  33  10.938  30.0  30.0
12.600  570.0  90  24  33  -1.563 210.0  30.0
12.600  572.5  90  24  39  -1.563 330.0  30.0
12.600  575.0  90  24  39  -1.563 330.0  30.0
12.600  580.0  90  24  33  -1.563 330.0  30.0
12.600  572.5 -90  24  36  -1.563 330.0  30.0
12.600  985.0 -90  24  33 -10.938  30.0  30.0
12.600  987.5 -90  24  33   1.563 210.0  30.0
12.625  572.5  90  24  36  -1.563 330.0  30.0
12.625  575.0  90  24  39  -1.563 330.0  30.0
12.625  580.0  90  24  33  10.938 330.0  30.0
12.625  572.5 -90  24  33  -1.563 330.0  30.0
12.625  575.0 -90  24  33  -1.563 330.0  30.0
12.625 1075.0 -90  24  33 -10.938  30.0  30.0
12.625 1077.5 -90  24  33 -10.938  30.0  30.0
12.650  567.5  90  21  30  -1.563 330.0  30.0
12.650  570.0  90  21  33  -1.563 330.0  30.0
12.650  572.5  90  21  33  10.938 330.0  30.0
12.650  575.0  90  21  39  -1.563 330.0  30.0
12.650  580.0  90  21  30  -1.563 330.0  30.0
12.650  985.0  90  21  30   1.563 270.0  30.0
12.650  987.5  90  21  30   1.563 150.0  30.0
12.650 1075.0  90  21  30 -10.938  30.0  30.0
12.650 1080.0  90  21  30   1.563 270.0  30.0
12.650  572.5 -90  21  33  -1.563 330.0  30.0
12.650  575.0 -90  21  33  -1.563 330.0  30.0
12.650  577.5 -90  21  30  -1.563   0.0   0.0
12.650  985.0 -90  21  30 -10.938  30.0  30.0
12.650  987.5 -90  21  30   1.563  30.0  30.0
12.650 1075.0 -90  21  33 -10.938  30.0  30.0
12.650 1077.5 -90  21  33   1.563  30.0  30.0
12.650 1082.5 -90  21  30 -10.938  30.0  30.0
12.675  570.0  90  24  33  10.938 330.0  30.0
12.675  572.5  90  24  33  10.938 330.0  30.0
12.675  575.0  90  24  39  -1.563 330.0  30.0
12.675  985.0  90  24  33   1.563 330.0  30.0
12.675 1077.5  90  24  33   1.563 270.0  30.0
12.675  572.5 -90  24  33  10.938 330.0  30.0
12.675  575.0 -90  24  36  -1.563 330.0  30.0
12.675 1077.5 -90  24  33   1.563  30.0  30.0
12.700  575.0  90  27  39  -1.563 330.0  30.0
12.725  575.0  90  27  42  -1.563 330.0  30.0
12.725  575.0 -90  27  36  -1.563   0.0   0.0
12.750  575.0  90  24  39  10.938 330.0  30.0
12.750  572.5 -90  24  33  -1.563 330.0  30.0
12.750  575.0 -90  24  33  -1.563   0.0   0.0
12.775  572.5  90  21  30  -1.563 210.0  30.0
12.775  575.0  90  21  39  -1.563 330.0  30.0
12.775  577.5  90  21  30  10.938 210.0  30.0
12.775  580.0  90  21  33  10.938 210.0  30.0
12.775  572.5 -90  21  30  -1.563 330.0  30.0
12.775  575.0 -90  21  33  -1.563   0.0   0.0
12.775  880.0 -90  21  30 -10.938   0.0   0.0
12.775  902.5 -90  21  30  10.938   0.0   0.0
12.775  985.0 -90  21  30 -10.938  30.0  30.0
12.800  297.5  90  21  30  -1.563   0.0   0.0
12.800  570.0  90  21  30  -1.563 330.0  30.0
12.800  575.0  90  21  39  -1.563 330.0  30.0
12.800  580.0  90  21  30  -1.563 330.0  30.0
12.800  292.5 -90  21  30 -10.938   0.0   0.0
12.800  575.0 -90  21  30  -1.563 330.0  30.0
12.800  985.0 -90  21  30 -10.938  30.0  30.0
12.800  987.5 -90  21  30   1.563  30.0  30.0
12.800 1077.5 -90  21  30   1.563  30.0  30.0
12.800 1080.0 -90  21  30 -10.938   0.0   0.0
12.800 1082.5 -90  21  30 -10.938   0.0   0.0
12.825  570.0  90  21  33  -1.563   0.0   0.0
12.825  572.5  90  21  30  10.938 330.0  30.0
12.825  575.0  90  21  36  -1.563 330.0  30.0
12.825  580.0  90  21  30  10.938 330.0  30.0
12.825  572.5 -90  21  30  -1.563 330.0  30.0
12.825  575.0 -90  21  30  -1.563 330.0  30.0
12.825  985.0 -90  21  30   1.563  30.0  30.0
12.825 1077.5 -90  21  33 -10.938  30.0  30.0
12.850  575.0  90  27  36  -1.563 330.0  30.0
12.850  575.0 -90  24  33  -1.563 330.0  30.0
12.875  575.0  90  48  60  10.938 330.0  30.0
12.900  575.0  90  48  63  -1.563 330.0  30.0
12.900  985.0  90  48  57   1.563 270.0  30.0
12.900  575.0 -90  48  57  -1.563 330.0  30.0
12.925  575.0  90  27  39  -1.563 330.0  30.0
12.925  575.0 -90  24  36  -1.563   0.0   0.0
12.950  575.0  90  30  39  -1.563   0.0   0.0
12.975  575.0  90  54  63  -1.563 330.0  30.0
13.000   97.5  90  48  57   1.563  90.0  30.0
13.000  100.0  90  48  57   1.563  90.0  30.0
13.000  102.5  90  48  57  -1.563 330.0  30.0
13.000  105.0  90  48  57   1.563  90.0  30.0
13.000  107.5  90  48  57   1.563 330.0  30.0
13.000  110.0  90  48  57   1.563 330.0  30.0
13.000  117.5  90  48  57   7.813 330.0  30.0
13.000  575.0  90  48  60  10.938 330.0  30.0
13.000  577.5  90  48  57  -1.563 330.0  30.0
13.000  985.0  90  48  57   1.563 210.0  30.0
13.000 1080.0  90  48  57  -1.563  30.0  30.0
13.000 1245.0  90  48  57  -4.688  90.0  30.0
13.000 1272.5  90  48  57   4.688 330.0  30.0
13.000 1275.0  90  48  57   4.688 330.0  30.0
13.025  575.0  90  33  45  -1.563 330.0  30.0
13.025  577.5  90  33  45  -1.563 330.0  30.0
13.025  575.0 -90  33  48  -1.563 330.0  30.0
13.050  575.0  90  36  45  -1.563 330.0  30.0
13.050  577.5  90  36  45  -1.563 330.0  30.0
13.050  575.0 -90  36  45  -1.563 330.0  30.0
13.075  575.0  90  36  48  -1.563   0.0   0.0
13.075  577.5  90  36  48  -1.563 330.0  30.0
13.075  575.0 -90  36  45  -1.563 330.0  30.0
13.100  572.5  90  33  42  10.938 330.0  30.0
13.100  575.0  90  33  48  -1.563 330.0  30.0
13.100  577.5  90  33  48  -1.563 330.0  30.0
13.100  582.5  90  33  42  -1.563 330.0  30.0
13.100 1110.0  90  33  42  -4.688   0.0   0.0
13.100  575.0 -90  33  42  -1.563 330.0  30.0
13.100 1077.5 -90  33  42  -4.688   0.0   0.0
13.125  572.5  90  33  42  -1.563 330.0  30.0
13.125  575.0  90  33  48  -1.563 330.0  30.0
13.125  577.5  90  33  48  -1.563 330.0  30.0
13.125  575.0 -90  33  42  -1.563 330.0  30.0
13.125 1097.5 -90  33  42   1.563   0.0   0.0
13.150  572.5  90  33  42   1.563 330.0  30.0
13.150  575.0  90  33  48  -1.563 330.0  30.0
13.150  577.5  90  33  48  -1.563 330.0  30.0
13.175  575.0  90  33  45  10.938 330.0  30.0
13.175  577.5  90  33  48  -1.563 330.0  30.0
13.175  582.5  90  33  42  -1.563 330.0  30.0
13.200  572.5  90  30  42  -1.563 330.0  30.0
13.200  575.0  90  30  42  10.938 330.0  30.0
13.200  577.5  90  30  48  -1.563 330.0  30.0
13.200  582.5  90  30  42  10.938 330.0  30.0
13.200  575.0 -90  30  39  -1.563   0.0   0.0
13.225  552.5  90  30  39  10.938 330.0  30.0
13.225  557.5  90  30  39  10.938   0.0   0.0
13.225  572.5  90  30  42  10.938   0.0   0.0
13.225  575.0  90  30  42  -1.563   0.0   0.0
13.225  577.5  90  30  51  -1.563 330.0  30.0
13.225  580.0  90  30  39  10.938   0.0   0.0
13.225  582.5  90  30  42  -1.563 330.0  30.0
13.225  592.5  90  30  39  -1.563 330.0  30.0
13.225  597.5  90  30  39  10.938   0.0   0.0
13.225  602.5  90  30  39  10.938 330.0  30.0
13.250  552.5  90  30  39  -1.563 330.0  30.0
13.250  562.5  90  30  39  10.938 330.0  30.0
13.250  572.5  90  30  45  10.938 330.0  30.0
13.250  575.0  90  30  45  -1.563 330.0  30.0
13.250  577.5  90  30  51  -1.563 330.0  30.0
13.250  582.5  90  30  42  -1.563 330.0  30.0
13.250  592.5  90  30  39  -1.563   0.0   0.0
13.250  597.5  90  30  39  10.938 330.0  30.0
13.250  602.5  90  30  39  10.938 330.0  30.0
13.250  575.0 -90  30  39  -1.563 330.0  30.0
13.250  707.5 -90  30  39 -10.938   0.0   0.0
13.275  552.5  90  30  39  10.938 330.0  30.0
13.275  557.5  90  30  39  10.938 330.0  30.0
13.275  562.5  90  30  39  10.938   0.0   0.0
13.275  572.5  90  30  42  -1.563 330.0  30.0
13.275  575.0  90  30  42  10.938 330.0  30.0
13.275  577.5  90  30  51  -1.563 330.0  30.0
13.275  580.0  90  30  39  10.938 330.0  30.0
13.275  582.5  90  30  42  -1.563   0.0   0.0
13.275  592.5  90  30  39  10.938 330.0  30.0
13.275  597.5  90  30  39  10.938   0.0   0.0
13.275  602.5  90  30  39  10.938   0.0   0.0
13.275  612.5  90  30  39  -1.563   0.0   0.0
13.300  552.5  90  30  39  10.938 210.0  30.0
13.300  562.5  90  30  39  -1.563   0.0   0.0
13.300  572.5  90  30  42  10.938 330.0  30.0
13.300  575.0  90  30  39  -1.563 330.0  30.0
13.300  577.5  90  30  51  -1.563 330.0  30.0
13.300  582.5  90  30  42  10.938 330.0  30.0
13.300  602.5  90  30  39  -1.563   0.0   0.0
13.325  572.5  90  30  39  10.938 330.0  30.0
13.325  575.0  90  30  39  -1.563 210.0  30.0
13.325  577.5  90  30  48  -1.563 330.0  30.0
13.325  582.5  90  30  39  -1.563 330.0  30.0
13.450  577.5  90  33  48  -1.563 330.0  30.0
13.475  577.5  90  33  48  -1.563 330.0  30.0
13.475  580.0  90  33  42  -1.563 330.0  30.0
13.500  572.5  90  33  42  10.938 330.0  30.0
13.500  577.5  90  33  48  10.938 330.0  30.0
13.500  580.0  90  33  45  -1.563 330.0  30.0
13.500  582.5  90  33  42  10.938   0.0   0.0
13.525  572.5  90  33  42  -1.563   0.0   0.0
13.525  577.5  90  33  48  -1.563 330.0  30.0
13.525  580.0  90  33  48  -1.563 330.0  30.0
13.550  572.5  90  33  42  -1.563 330.0  30.0
13.550  577.5  90  33  48  10.938 330.0  30.0
13.550  580.0  90  33  48  -1.563 330.0  30.0
13.550  582.5  90  33  42  -1.563   0.0   0.0
13.575  557.5  90  33  42  10.938   0.0   0.0
13.575  572.5  90  33  42  -1.563   0.0   0.0
13.575  577.5  90  33  51  -1.563 330.0  30.0
13.575  580.0  90  33  48  -1.563 330.0  30.0
13.575  582.5  90  33  42  10.938 330.0  30.0
13.575  585.0  90  33  42  10.938   0.0   0.0
13.600  577.5  90  33  48  -1.563 330.0  30.0
13.600  580.0  90  33  48  -1.563 330.0  30.0
13.600  582.5  90  33  42  -1.563 330.0  30.0
13.625  575.0  90  30  39  -1.563 330.0  30.0
13.625  577.5  90  30  45  -1.563 330.0  30.0
13.625  580.0  90  30  48  -1.563 330.0  30.0
13.625  582.5  90  30  39  10.938 330.0  30.0
13.625  585.0  90  30  39  10.938 330.0  30.0
13.625  577.5 -90  30  39  10.938 330.0  30.0
13.650  555.0  90  30  39  10.938   0.0   0.0
13.650  560.0  90  30  39  -1.563 330.0  30.0
13.650  572.5  90  30  39  -1.563 330.0  30.0
13.650  575.0  90  30  42  -1.563 330.0  30.0
13.650  577.5  90  30  45  -1.563 330.0  30.0
13.650  580.0  90  30  48  -1.563 330.0  30.0
13.650  585.0  90  30  39  10.938   0.0   0.0
13.650  577.5 -90  30  39  10.938   0.0   0.0
13.675  555.0  90  30  39  10.938   0.0   0.0
13.675  565.0  90  30  39  10.938 330.0  30.0
13.675  572.5  90  30  39  10.938 330.0  30.0
13.675  575.0  90  30  42  -1.563 330.0  30.0
13.675  577.5  90  30  48  -1.563 330.0  30.0
13.675  580.0  90  30  51  -1.563 330.0  30.0
13.675  582.5  90  30  39  -1.563 330.0  30.0
13.675  585.0  90  30  42  -1.563 330.0  30.0
13.675  600.0  90  30  39  10.938 330.0  30.0
13.675  602.5  90  30  39  10.938   0.0   0.0
13.675  605.0  90  30  39  10.938 330.0  30.0
13.700  555.0  90  30  39  -1.563   0.0   0.0
13.700  560.0  90  30  39  10.938 210.0  30.0
13.700  565.0  90  30  39  -1.563 330.0  30.0
13.700  572.5  90  30  39  10.938   0.0   0.0
13.700  575.0  90  30  45  -1.563 330.0  30.0
13.700  577.5  90  30  48  10.938 330.0  30.0
13.700  580.0  90  30  54  -1.563 330.0  30.0
13.700  582.5  90  30  39  10.938 330.0  30.0
13.700  585.0  90  30  45  -1.563 330.0  30.0
13.700  600.0  90  30  39  -1.563   0.0   0.0
13.700  605.0  90  30  39  -1.563   0.0   0.0
13.725  555.0  90  30  39  10.938 330.0  30.0
13.725  560.0  90  30  39  10.938 330.0  30.0
13.725  565.0  90  30  39 -10.938 330.0  30.0
13.725  570.0  90  30  39  10.938 330.0  30.0
13.725  572.5  90  30  39  10.938 330.0  30.0
13.725  575.0  90  30  45  -1.563 330.0  30.0
13.725  577.5  90  30  48  -1.563 330.0  30.0
13.725  580.0  90  30  54  -1.563 330.0  30.0
13.725  582.5  90  30  39  10.938 330.0  30.0
13.725  585.0  90  30  45  -1.563 330.0  30.0
13.725  595.0  90  30  39  -1.563 330.0  30.0
13.725  600.0  90  30  39  10.938 330.0  30.0
13.725  605.0  90  30  42  10.938 330.0  30.0
13.750  555.0  90  30  39  10.938 330.0  30.0
13.750  560.0  90  30  39  -1.563 330.0  30.0
13.750  565.0  90  30  39  10.938 330.0  30.0
13.750  572.5  90  30  39  -1.563 330.0  30.0
13.750  575.0  90  30  45  -1.563 330.0  30.0
13.750  577.5  90  30  45  -1.563 330.0  30.0
13.750  580.0  90  30  54  -1.563 330.0  30.0
13.750  582.5  90  30  39  10.938 330.0  30.0
13.750  585.0  90  30  45  -1.563 330.0  30.0
13.750  595.0  90  30  39  10.938 330.0  30.0
13.750  600.0  90  30  39  10.938 330.0  30.0
13.750  605.0  90  30  39  10.938 330.0  30.0
13.750  577.5 -90  30  39  10.938   0.0   0.0
13.750  580.0 -90  30  39  -1.563   0.0   0.0
13.775  555.0  90  30  42  10.938 330.0  30.0
13.775  560.0  90  30  39  10.938 330.0  30.0
13.775  565.0  90  30  39  10.938 330.0  30.0
13.775  570.0  90  30  39 -10.938   0.0   0.0
13.775  575.0  90  30  45  10.938 330.0  30.0
13.775  577.5  90  30  42  -1.563 330.0  30.0
13.775  580.0  90  30  54  -1.563 330.0  30.0
13.775  582.5  90  30  42  10.938 330.0  30.0
13.775  585.0  90  30  45  -1.563 330.0  30.0
13.775  595.0  90  30  42  -1.563 330.0  30.0
13.775  600.0  90  30  39  -1.563 330.0  30.0
13.775  605.0  90  30  42  10.938 330.0  30.0
13.775  577.5 -90  30  39  -1.563 330.0  30.0
13.775  580.0 -90  30  39  -1.563   0.0   0.0
13.800  555.0  90  30  42  10.938 330.0  30.0
13.800  560.0  90  30  39  -1.563 330.0  30.0
13.800  575.0  90  30  45  -1.563 330.0  30.0
13.800  577.5  90  30  45  10.938 330.0  30.0
13.800  580.0  90  30  54  -1.563 330.0  30.0
13.800  582.5  90  30  39  10.938 330.0  30.0
13.800  585.0  90  30  45  -1.563 330.0  30.0
13.800  595.0  90  30  39  10.938 330.0  30.0
13.800  600.0  90  30  39  10.938 330.0  30.0
13.800  602.5  90  30  39  10.938 330.0  30.0
13.800  605.0  90  30  39  10.938 330.0  30.0
13.800  647.5  90  30  39   4.688   0.0   0.0
13.825  555.0  90  30  39  -1.563 330.0  30.0
13.825  560.0  90  30  39  10.938 330.0  30.0
13.825  565.0  90  30  39  10.938 330.0  30.0
13.825  575.0  90  30  45  -1.563 330.0  30.0
13.825  577.5  90  30  42  -1.563 330.0  30.0
13.825  580.0  90  30  54  -1.563 330.0  30.0
13.825  582.5  90  30  42  10.938 330.0  30.0
13.825  585.0  90  30  45  10.938 330.0  30.0
13.825  595.0  90  30  39  -1.563 330.0  30.0
13.825  600.0  90  30  39  10.938 330.0  30.0
13.825  605.0  90  30  42  10.938 330.0  30.0
13.850  555.0  90  30  42  10.938 330.0  30.0
13.850  560.0  90  30  39  -1.563 330.0  30.0
13.850  565.0  90  30  39  -1.563 330.0  30.0
13.850  575.0  90  30  45  10.938 330.0  30.0
13.850  577.5  90  30  42  -1.563 330.0  30.0
13.850  580.0  90  30  54  -1.563 330.0  30.0
13.850  582.5  90  30  45  10.938 330.0  30.0
13.850  585.0  90  30  45  10.938 330.0  30.0
13.850  600.0  90  30  39  10.938 330.0  30.0
13.850  605.0  90  30  39  10.938 330.0  30.0
13.875  555.0  90  30  39  10.938 330.0  30.0
13.875  560.0  90  30  39  10.938 330.0  30.0
13.875  575.0  90  30  42  -1.563 330.0  30.0
13.875  580.0  90  30  54  -1.563 330.0  30.0
13.875  582.5  90  30  42  10.938 330.0  30.0
13.875  585.0  90  30  42  10.938 330.0  30.0
13.875  595.0  90  30  39  -1.563   0.0   0.0
13.875  600.0  90  30  39  10.938 330.0  30.0
13.875  605.0  90  30  39  -1.563 330.0  30.0
13.900  555.0  90  27  39  10.938 330.0  30.0
13.900  560.0  90  27  39  -1.563 330.0  30.0
13.900  565.0  90  27  39  -1.563 330.0  30.0
13.900  575.0  90  27  42  -1.563 330.0  30.0
13.900  577.5  90  27  39  10.938 330.0  30.0
13.900  580.0  90  27  51  -1.563 330.0  30.0
13.900  582.5  90  27  42  -1.563 330.0  30.0
13.900  585.0  90  27  42  -1.563 330.0  30.0
13.900  595.0  90  27  36  10.938 330.0  30.0
13.900  600.0  90  27  36  -1.563 330.0  30.0
13.900  602.5  90  27  36  10.938   0.0   0.0
13.900  605.0  90  27  39  -1.563 330.0  30.0
13.900  580.0 -90  30  39  10.938   0.0   0.0
13.925  555.0  90  27  39  10.938 330.0  30.0
13.925  557.5  90  27  36  10.938 330.0  30.0
13.925  560.0  90  27  39  10.938 330.0  30.0
13.925  565.0  90  27  36  -1.563 330.0  30.0
13.925  570.0  90  27  36  10.938 330.0  30.0
13.925  575.0  90  27  45  10.938 330.0  30.0
13.925  577.5  90  27  39  10.938 330.0  30.0
13.925  580.0  90  27  51  -1.563 330.0  30.0
13.925  582.5  90  27  45  -1.563 330.0  30.0
13.925  585.0  90  27  45  -1.563 330.0  30.0
13.925  587.5  90  27  39  -1.563 330.0  30.0
13.925  595.0  90  27  36  -1.563 330.0  30.0
13.925  600.0  90  27  39  10.938 330.0  30.0
13.925  602.5  90  27  36  -1.563 330.0  30.0
13.925  605.0  90  27  39  10.938 330.0  30.0
13.925 1242.5  90  27  36 -10.938   0.0   0.0
13.925  580.0 -90  27  39  10.938   0.0   0.0
13.925 1227.5 -90  27  36  10.938   0.0   0.0
13.950  555.0  90  30  39  -1.563 330.0  30.0
13.950  560.0  90  30  39  10.938   0.0   0.0
13.950  565.0  90  30  39  10.938 330.0  30.0
13.950  575.0  90  30  45  10.938 330.0  30.0
13.950  577.5  90  30  39  -1.563 330.0  30.0
13.950  580.0  90  30  51  -1.563 330.0  30.0
13.950  582.5  90  30  45  -1.563 330.0  30.0
13.950  585.0  90  30  42  10.938 330.0  30.0
13.950  587.5  90  30  39  -1.563 330.0  30.0
13.950  605.0  90  30  39  10.938 330.0  30.0
13.975  555.0  90  30  39  10.938 330.0  30.0
13.975  560.0  90  30  39  10.938 330.0  30.0
13.975  575.0  90  30  42  -1.563 330.0  30.0
13.975  580.0  90  30  51  -1.563 330.0  30.0
13.975  582.5  90  30  45  -1.563 330.0  30.0
13.975  585.0  90  30  45  10.938   0.0   0.0
13.975  587.5  90  30  39  -1.563 330.0  30.0
13.975  595.0  90  30  39  10.938   0.0   0.0
13.975  600.0  90  30  39  10.938 330.0  30.0
13.975  605.0  90  30  39  -1.563 330.0  30.0

