2023.03.28 (087) 00:00:00.000
Station name: Eglin AFB
URSI code: EG931
Ionosonde model: DPS-4D
  Freq  Range Pol MPA Amp Doppler    Az    Zn  PGH
 2.225   95.0  90  78  87   4.688  30.0  30.0   91
 2.225  225.0  90  78  87  -1.563  30.0  30.0  231
 2.225  227.5  90  78 105  -1.563   0.0   0.0  232
 2.225  230.0  90  78 102  -1.563   0.0   0.0  233
 2.225  460.0  90  78  87   1.563 150.0  30.0  461
 2.225  462.5  90  78  87   1.563 210.0  30.0  467
 2.225  465.0  90  78  87  -1.563   0.0   0.0  471
 2.225  880.0  90  78  87   1.563  30.0  30.0  892
 2.225 1250.0  90  78  87  -4.688   0.0   0.0 1240
 2.250  225.0  90  78  96  -1.563   0.0   0.0  231
 2.250  227.5  90  78 108  -1.563   0.0   0.0  232
 2.250  230.0  90  78  99  -1.563   0.0   0.0  232
 2.250  460.0  90  78  87   1.563  30.0  30.0  467
 2.250  657.5  90  78  87   1.563  30.0  30.0  661
 2.250 1155.0  90  78  87  -4.688   0.0   0.0 1147
 2.250  450.0 -90  75  84   1.563   0.0   0.0  450
 2.250  457.5 -90  75  84  -1.563 330.0  30.0  453
 2.250  465.0 -90  75  84  -1.563 210.0  30.0  460
 2.250  502.5 -90  75  84  -1.563 330.0  30.0  506
 2.250  520.0 -90  75  84  -4.688 210.0  30.0  530
 2.250  547.5 -90  75  84  -1.563 270.0  30.0  560
 2.250  717.5 -90  75  84  -4.688   0.0   0.0  722
 2.250  730.0 -90  75  84  -1.563 330.0  30.0  734
 2.250  812.5 -90  75  84   1.563 270.0  30.0  802
 2.250 1137.5 -90  75  84  -1.563 270.0  30.0 1152
 2.250 1210.0 -90  75  84  -4.688 330.0  30.0 1215
 2.250 1230.0 -90  75  84  -1.563 330.0  30.0 1239
 2.250 1235.0 -90  75  84  -1.563 270.0  30.0 1230
 2.250 1250.0 -90  75  84   1.563 270.0  30.0 1255
 2.250 1257.5 -90  75  84   1.563 210.0  30.0 1248
 2.250 1260.0 -90  75  84  -1.563 210.0  30.0 1255
 2.250 1267.5 -90  75  84  -1.563 270.0  30.0 1278
 2.250 1277.5 -90  75  84  -4.688 210.0  30.0 1268
 2.275  225.0  90  78 102  -1.563   0.0   0.0  230
 2.275  227.5  90  78 108  -1.563   0.0   0.0  230
 2.275  230.0  90  78  96  -1.563   0.0   0.0  231
 2.275  457.5  90  78  87   1.563  30.0  30.0  462
 2.275  460.0  90  78  87  -1.563   0.0   0.0  462
 2.275  760.0 -90  75  84   4.688 330.0  30.0  759
 2.275 1240.0 -90  75  84   4.688 330.0  30.0 1234
 2.275 1242.5 -90  75  84  -4.688   0.0   0.0 1235
 2.275 1247.5 -90  75  84  -4.688 270.0  30.0 1249
 2.275 1252.5 -90  75  84   1.563 210.0  30.0 1259
 2.275 1255.0 -90  75  84  -4.688 210.0  30.0 1262
 2.275 1270.0 -90  75  84   1.563  30.0  30.0 1285
 2.275 1282.5 -90  75  84  -1.563 330.0  30.0 1292
 2.300  225.0  90  84 105   1.563   0.0   0.0  230
 2.300  227.5  90  84 102   1.563   0.0   0.0  231
 2.300  402.5  90  84  93   4.688 270.0  30.0  398
 2.300  407.5  90  84  93  -4.688 330.0  30.0  418
 2.300  675.0  90  84  93   4.688 270.0  30.0  683
 2.300  695.0  90  84  93   1.563   0.0   0.0  704
 2.300  710.0  90  84  93   1.563 330.0  30.0  710
 2.300 1072.5  90  84  93  -4.688 270.0  30.0 1060
 2.300 1142.5  90  84  93  -1.563 330.0  30.0 1149
 2.300 1197.5  90  84  93   1.563 270.0  30.0 1188
 2.300 1200.0  90  84  93   4.688 270.0  30.0 1193
 2.300 1277.5  90  84  93   1.563 210.0  30.0 1291
 2.350  225.0  90  93 102   1.563  30.0  30.0  228
 2.350  410.0  90  93 102   1.563 270.0  30.0  397
 2.350  412.5  90  93 102  -4.688 270.0  30.0  398
 2.350  417.5  90  93 105   1.563 270.0  30.0  411
 2.375  222.5  90  81 102  -1.563   0.0   0.0  229
 2.375  225.0  90  81 102  -1.563   0.0   0.0  229
 2.375  452.5  90  81  96  -1.563   0.0   0.0  457
 2.375  455.0  90  81  93  -1.563   0.0   0.0  458
 2.375  520.0  90  81  90   1.563 210.0  30.0  522
 2.375  757.5  90  81  90  -1.563   0.0   0.0  753
 2.400  222.5  90  78 105  -1.563   0.0   0.0  228
 2.400  225.0  90  78 102  -1.563  30.0  30.0  228
 2.400  257.5  90  78  87   1.563 270.0  30.0  256
 2.400  282.5  90  78  87  -1.563   0.0   0.0  271
 2.400  427.5  90  78  87   4.688 330.0  30.0  422
 2.400  432.5  90  78  90   4.688 330.0  30.0  421
 2.400  437.5  90  78  90   1.563 210.0  30.0  438
 2.400  442.5  90  78  90  -1.563 330.0  30.0  454
 2.400  445.0  90  78  90  -4.688 270.0  30.0  432
 2.400  450.0  90  78  87   4.688 270.0  30.0  451
 2.400  452.5  90  78  93  -1.563   0.0   0.0  457
 2.400  455.0  90  78  87   1.563   0.0   0.0  455
 2.400  457.5  90  78  90   4.688 330.0  30.0  454
 2.400  462.5  90  78  90  -1.563 270.0  30.0  470
 2.400  467.5  90  78  90  -1.563 330.0  30.0  456
 2.400  470.0  90  78  90   4.688 270.0  30.0  464
 2.400  477.5  90  78  87  -1.563 270.0  30.0  478
 2.400  480.0  90  78  87  -4.688 270.0  30.0  489
 2.400  482.5  90  78  87   1.563 330.0  30.0  470
 2.400  485.0  90  78  87  -1.563 330.0  30.0  499
 2.400  487.5  90  78  93  -4.688 270.0  30.0  502
 2.400  492.5  90  78  90   1.563 270.0  30.0  503
 2.400  495.0  90  78  87   4.688 330.0  30.0  491
 2.400  497.5  90  78  87  -4.688 270.0  30.0  508
 2.400  502.5  90  78  90  -1.563 270.0  30.0  488
 2.400  505.0  90  78  87   1.563 270.0  30.0  501
 2.400  512.5  90  78  90  -1.563   0.0   0.0  501
 2.400  522.5  90  78  90  -4.688 270.0  30.0  520
 2.400  527.5  90  78  90  -1.563 270.0  30.0  519
 2.400  537.5  90  78  87   1.563 330.0  30.0  533
 2.400  540.0  90  78  87   1.563 270.0  30.0  545
 2.400  542.5  90  78  87   4.688 270.0  30.0  544
 2.400  545.0  90  78  90   1.563 270.0  30.0  548
 2.400  547.5  90  78  87   1.563 270.0  30.0  562
 2.400  550.0  90  78  90   4.688 330.0  30.0  540
 2.400  552.5  90  78  87   1.563 270.0  30.0  563
 2.400  555.0  90  78  87   4.688 270.0  30.0  553
 2.400  557.5  90  78  87   4.688 330.0  30.0  553
 2.400  562.5  90  78  90  -4.688 270.0  30.0  551
 2.400  565.0  90  78  87   1.563 270.0  30.0  577
 2.400  567.5  90  78  93   1.563 270.0  30.0  556
 2.400  570.0  90  78  87   1.563 330.0  30.0  579
 2.400  572.5  90  78  87   1.563 270.0  30.0  563
 2.400  575.0  90  78  87  -1.563 270.0  30.0  562
 2.400  577.5  90  78  90   1.563 270.0  30.0  569
 2.400  580.0  90  78  93   4.688 270.0  30.0  568
 2.400  582.5  90  78  90  -4.688 270.0  30.0  588
 2.400  585.0  90  78  87  -1.563 330.0  30.0  573
 2.400  587.5  90  78  87   1.563   0.0   0.0  589
 2.400  590.0  90  78  87   4.688 270.0  30.0  593
 2.400  592.5  90  78  87   1.563 330.0  30.0  601
 2.400  595.0  90  78  87  -1.563 270.0  30.0  594
 2.400  597.5  90  78  93   1.563 270.0  30.0  590
 2.400  600.0  90  78  90  -1.563 270.0  30.0  608
 2.400  605.0  90  78  87   4.688  30.0  30.0  614
 2.400  607.5  90  78  87   1.563 210.0  30.0  604
 2.400  610.0  90  78  87   1.563 210.0  30.0  621
 2.400  622.5  90  78  87   1.563 270.0  30.0  611
 2.400  625.0  90  78  87  -1.563 330.0  30.0  635
 2.400  632.5  90  78  87  -4.688   0.0   0.0  647
 2.400  650.0  90  78  87   1.563 330.0  30.0  655
 2.400  655.0  90  78  87   4.688 330.0  30.0  646
 2.400  680.0  90  78  87  -1.563   0.0   0.0  687
 2.400  685.0  90  78  87  -1.563 330.0  30.0  692
 2.400  785.0  90  78  87   1.563 270.0  30.0  783
 2.400  805.0  90  78  87  -4.688   0.0   0.0  796
 2.400  920.0  90  78  87  -1.563   0.0   0.0  926
 2.400  952.5  90  78  87  -4.688 210.0  30.0  960
 2.400  955.0  90  78  87   4.688 270.0  30.0  968
 2.400  957.5  90  78  87  -4.688 270.0  30.0  963
 2.400  967.5  90  78  87   1.563 210.0  30.0  975
 2.400  975.0  90  78  87  -1.563 270.0  30.0  986
 2.400  977.5  90  78  87  -4.688 210.0  30.0  988
 2.400  980.0  90  78  90  -1.563 270.0  30.0  982
 2.400  982.5  90  78  90  -1.563 270.0  30.0  975
 2.400 1002.5  90  78  87  -1.563 270.0  30.0  999
 2.400 1005.0  90  78  87  -4.688 270.0  30.0  990
 2.400 1007.5  90  78  90  -4.688 270.0  30.0 1001
 2.400 1012.5  90  78  87   4.688   0.0   0.0 1026
 2.400 1015.0  90  78  87  -1.563 270.0  30.0 1026
 2.400 1017.5  90  78  87   4.688 270.0  30.0 1013
 2.400 1225.0  90  78  90  -4.688   0.0   0.0 1237
 2.400 1235.0  90  78  93   1.563 330.0  30.0 1225
 2.400 1237.5  90  78  87   1.563 210.0  30.0 1244
 2.400 1240.0  90  78  87   4.688  30.0  30.0 1245
 2.400 1242.5  90  78  87  -4.688   0.0   0.0 1248
 2.400 1255.0  90  78  87  -1.563 270.0  30.0 1241
 2.400 1260.0  90  78  90   4.688 270.0  30.0 1254
 2.400 1262.5  90  78  90  -1.563 270.0  30.0 1266
 2.400 1265.0  90  78  93   1.563 270.0  30.0 1252
 2.400 1270.0  90  78  87   4.688   0.0   0.0 1264
 2.400 1272.5  90  78  87   1.563 270.0  30.0 1285
 2.400 1275.0  90  78  93  -1.563 270.0  30.0 1284
 2.400 1277.5  90  78  87  -1.563 270.0  30.0 1292
 2.400 1280.0  90  78  87   4.688 210.0  30.0 1275
 2.400 1282.5  90  78  93  -1.563 270.0  30.0 1278
 2.425  222.5  90  78 105  -1.563   0.0   0.0  228
 2.425  225.0  90  78  99  -1.563   0.0   0.0  228
 2.425  670.0 -90  75  84  -1.563 330.0  30.0  664
 2.425  750.0 -90  75  84  -4.688 270.0  30.0  747
 2.450  222.5  90  87 108  -1.563   0.0   0.0  226
 2.450  225.0  90  87  99  -1.563   0.0   0.0  226
 2.450  222.5 -90  81  90  -1.563 210.0  30.0  225
 2.450  405.0 -90  81  93   1.563  30.0  30.0  397
 2.450  910.0 -90  81  90  -4.688 210.0  30.0  903
 2.450  925.0 -90  81  90  -4.688  30.0  30.0  914
 2.475  210.0  90  81  90  -4.688   0.0   0.0  207
 2.475  220.0  90  81  96  -1.563   0.0   0.0  226
 2.475  222.5  90  81 108  -1.563   0.0   0.0  220
 2.475  225.0  90  81  96  -1.563   0.0   0.0  213
 2.475  367.5  90  81  90   4.688 270.0  30.0  371
 2.475  447.5  90  81  90  -1.563 330.0  30.0  462
 2.475  450.0  90  81  93  -1.563   0.0   0.0  436
 2.475  495.0  90  81  90  -4.688 270.0  30.0  495
 2.475  512.5  90  81  90   1.563 270.0  30.0  518
 2.475  517.5  90  81  90  -1.563 270.0  30.0  524
 2.475  520.0  90  81  90   1.563 270.0  30.0  512
 2.475  565.0  90  81  90  -1.563 270.0  30.0  562
 2.475  597.5  90  81  90   4.688 330.0  30.0  588
 2.475  642.5  90  81  90  -1.563 330.0  30.0  653
 2.475 1217.5  90  81  90  -1.563 270.0  30.0 1214
 2.475 1237.5  90  81  90  -4.688 270.0  30.0 1240
 2.475  337.5 -90  81  90   4.688 210.0  30.0  332
 2.475  380.0 -90  81  90  -4.688 210.0  30.0  386
 2.475  385.0 -90  81  90   4.688 210.0  30.0  378
 2.475  410.0 -90  81  90   1.563 210.0  30.0  422
 2.475  440.0 -90  81  90  -4.688  30.0  30.0  448
 2.475  445.0 -90  81  90  -1.563  30.0  30.0  453
 2.475  517.5 -90  81  90  -4.688 150.0  30.0  510
 2.475  550.0 -90  81  90  -1.563 210.0  30.0  539
 2.475  620.0 -90  81  90  -1.563 210.0  30.0  627
 2.525  220.0  90  78 105  -1.563   0.0   0.0  226
 2.525  222.5  90  78 108  -1.563   0.0   0.0  225
 2.525  312.5 -90  75  84  -1.563  30.0  30.0  319
 2.550  220.0  90  78 105  -1.563   0.0   0.0  226
 2.550  222.5  90  78 108  -1.563   0.0   0.0  226
 2.550  302.5 -90  75  84  -1.563  30.0  30.0  307
 2.550  305.0 -90  75  87  -1.563  30.0  30.0  309
 2.550  307.5 -90  75  90  -1.563  30.0  30.0  312
 2.550  310.0 -90  75  87  -1.563  30.0  30.0  316
 2.575  220.0  90  75 108  -1.563   0.0   0.0  225
 2.575  222.5  90  75 108  -1.563   0.0   0.0  224
 2.575  445.0  90  75  90  -1.563   0.0   0.0  449
 2.575  447.5  90  75  90  -1.563   0.0   0.0  450
 2.575  300.0 -90  75  90  -1.563  30.0  30.0  305
 2.575  302.5 -90  75  93  -1.563  30.0  30.0  306
 2.575  305.0 -90  75  87  -1.563  30.0  30.0  309
 2.600  217.5  90  78  87   1.563   0.0   0.0  225
 2.600  220.0  90  78 111  -1.563   0.0   0.0  225
 2.600  222.5  90  78 108  -1.563   0.0   0.0  225
 2.600  445.0  90  78  90   1.563   0.0   0.0  451
 2.600  447.5  90  78  90  -1.563   0.0   0.0  451
 2.600  220.0 -90  75  84  -1.563 210.0  30.0  225
 2.600  295.0 -90  75  87  -1.563  30.0  30.0  300
 2.600  297.5 -90  75  93  -1.563  30.0  30.0  302
 2.600  300.0 -90  75  93  -1.563  30.0  30.0  305
 2.600  302.5 -90  75  87  -1.563  30.0  30.0  306
 2.625  217.5  90  78  90   1.563   0.0   0.0  225
 2.625  220.0  90  78 111  -1.563   0.0   0.0  225
 2.625  222.5  90  78 105  -1.563   0.0   0.0  225
 2.625  445.0  90  78  93  -1.563   0.0   0.0  450
 2.625  447.5  90  78  87   1.563  90.0  30.0  450
 2.625  292.5 -90  78  93  -1.563  30.0  30.0  298
 2.625  295.0 -90  78  96  -1.563  30.0  30.0  300
 2.625  297.5 -90  78  90  -1.563  30.0  30.0  302
 2.650  217.5  90  78  93  -1.563   0.0   0.0  224
 2.650  220.0  90  78 111  -1.563   0.0   0.0  225
 2.650  222.5  90  78 105  -1.563   0.0   0.0  225
 2.650  445.0  90  78  93  -1.563   0.0   0.0  450
 2.650  287.5 -90  78  90  -1.563   0.0   0.0  293
 2.650  290.0 -90  78  96  -1.563  30.0  30.0  295
 2.650  292.5 -90  78  96  -1.563  30.0  30.0  297
 2.650  295.0 -90  78  87  -1.563  30.0  30.0  298
 2.675  217.5  90  81  96  -1.563   0.0   0.0  224
 2.675  220.0  90  81 111  -1.563   0.0   0.0  225
 2.675  222.5  90  81 102  -1.563   0.0   0.0  225
 2.675  445.0  90  81  90  -1.563   0.0   0.0  450
 2.675  285.0 -90  78  90  -1.563  30.0  30.0  290
 2.675  287.5 -90  78  93  -1.563  30.0  30.0  292
 2.675  290.0 -90  78  90  -1.563  30.0  30.0  294
 2.700  217.5  90  81  96  -1.563   0.0   0.0  225
 2.700  220.0  90  81 111  -1.563   0.0   0.0  225
 2.700  222.5  90  81 102  -1.563   0.0   0.0  225
 2.700  280.0 -90  81  90  -1.563 330.0  30.0  286
 2.700  282.5 -90  81  96  -1.563  30.0  30.0  286
 2.700  285.0 -90  81  93  -1.563  30.0  30.0  288
 2.725  217.5  90  78  99  -1.563   0.0   0.0  223
 2.725  220.0  90  78 111  -1.563   0.0   0.0  223
 2.725  222.5  90  78  96  -1.563   0.0   0.0  223
 2.725  445.0  90  78  90  -1.563   0.0   0.0  445
 2.725  220.0 -90  78  87  -1.563 210.0  30.0  223
 2.725  277.5 -90  78  90  -1.563  30.0  30.0  282
 2.725  280.0 -90  78  96  -1.563  30.0  30.0  284
 2.725  282.5 -90  78  93   1.563  30.0  30.0  285
 2.750  217.5  90  75  99  -1.563   0.0   0.0  224
 2.750  220.0  90  75 111  -1.563   0.0   0.0  224
 2.750  222.5  90  75  99  -1.563   0.0   0.0  225
 2.750  442.5  90  75  87  -1.563   0.0   0.0  449
 2.750  445.0  90  75  84  -1.563   0.0   0.0  447
 2.750  220.0 -90  75  84  -1.563 210.0  30.0  224
 2.750  275.0 -90  75  90  -1.563  30.0  30.0  280
 2.750  277.5 -90  75  93  -1.563  30.0  30.0  282
 2.750  280.0 -90  75  90  -1.563  30.0  30.0  284
 2.750  282.5 -90  75  84  -1.563  30.0  30.0  284
 2.775  217.5  90  75  99  -1.563   0.0   0.0  224
 2.775  220.0  90  75 108  -1.563   0.0   0.0  224
 2.775  222.5  90  75  93  -1.563   0.0   0.0  223
 2.775  442.5  90  75  84  -1.563   0.0   0.0  448
 2.775  220.0 -90  75  84  -1.563 210.0  30.0  225
 2.775  272.5 -90  75  90  -1.563   0.0   0.0  277
 2.775  275.0 -90  75  93  -1.563  30.0  30.0  279
 2.800  217.5  90  78  99  -1.563   0.0   0.0  224
 2.800  220.0  90  78 108  -1.563   0.0   0.0  224
 2.800  222.5  90  78  90  -1.563   0.0   0.0  225
 2.800  270.0 -90  75  93  -1.563  30.0  30.0  275
 2.800  272.5 -90  75  96  -1.563  30.0  30.0  277
 2.800  275.0 -90  75  87  -1.563  30.0  30.0  279
 2.825  217.5  90  78  99  -1.563   0.0   0.0  223
 2.825  220.0  90  78 108  -1.563   0.0   0.0  223
 2.825  222.5  90  78  96  -1.563   0.0   0.0  222
 2.825  442.5  90  78  87  -1.563   0.0   0.0  445
 2.825  445.0  90  78  87  -1.563   0.0   0.0  448
 2.825  220.0 -90  75  84  -1.563 270.0  30.0  224
 2.825  265.0 -90  75  84  -1.563   0.0   0.0  272
 2.825  267.5 -90  75  93  -1.563   0.0   0.0  271
 2.825  270.0 -90  75  96  -1.563   0.0   0.0  272
 2.825  272.5 -90  75  90  -1.563  30.0  30.0  274
 2.850  217.5  90  75 102  -1.563   0.0   0.0  224
 2.850  220.0  90  75 108  -1.563   0.0   0.0  224
 2.850  222.5  90  75  96  -1.563   0.0   0.0  224
 2.850  442.5  90  75  90  -1.563   0.0   0.0  447
 2.850 1120.0  90  75  84   1.563  30.0  30.0 1124
 2.850  220.0 -90  75  87  -1.563 210.0  30.0  224
 2.850  265.0 -90  75  90  -1.563   0.0   0.0  270
 2.850  267.5 -90  75  96  -1.563  30.0  30.0  272
 2.850  270.0 -90  75  84  -1.563   0.0   0.0  273
 2.875  217.5  90  81  99  -1.563   0.0   0.0  223
 2.875  220.0  90  81 105  -1.563   0.0   0.0  223
 2.875  222.5  90  81  93   1.563   0.0   0.0  224
 2.875  300.0  90  81  90   1.563  90.0  30.0  308
 2.875  220.0 -90  78  90   1.563 270.0  30.0  224
 2.875  262.5 -90  78  87  -1.563 150.0  30.0  266
 2.875  265.0 -90  78  93  -1.563  30.0  30.0  270
 2.875  267.5 -90  78  90  -1.563  30.0  30.0  270
 2.900  217.5  90  75  96  -1.563   0.0   0.0  223
 2.900  220.0  90  75  99  -1.563   0.0   0.0  223
 2.900  222.5  90  75  87  -1.563   0.0   0.0  224
 2.900  442.5  90  75  87  -1.563   0.0   0.0  448
 2.900  220.0 -90  75  90  -1.563 270.0  30.0  225
 2.900  260.0 -90  75  84  -1.563   0.0   0.0  264
 2.900  262.5 -90  75  90  -1.563  30.0  30.0  267
 2.900  265.0 -90  75  87  -1.563   0.0   0.0  270
 2.925  217.5  90  78  96  -1.563   0.0   0.0  224
 2.925  220.0  90  78  87  -1.563   0.0   0.0  222
 2.925  872.5  90  78  87   4.688 330.0  30.0  862
 2.925  882.5  90  78  87   1.563 330.0  30.0  891
 2.925  895.0  90  78  87  -1.563 330.0  30.0  884
 2.925  897.5  90  78  87   1.563 330.0  30.0  911
 2.925  907.5  90  78  87  -1.563 330.0  30.0  896
 2.925  912.5  90  78  87  -1.563 330.0  30.0  906
 2.925  915.0  90  78  87  -1.563 330.0  30.0  917
 2.925  927.5  90  78  90  -4.688 270.0  30.0  923
 2.925  940.0  90  78  87   4.688 330.0  30.0  935
 2.925  942.5  90  78  87  -1.563 270.0  30.0  935
 2.925  945.0  90  78  87   4.688 270.0  30.0  948
 2.925  957.5  90  78  87   1.563 330.0  30.0  964
 2.925  965.0  90  78  87  -4.688 330.0  30.0  963
 2.925  967.5  90  78  90   4.688 270.0  30.0  972
 2.925  970.0  90  78  90   1.563 330.0  30.0  983
 2.925  972.5  90  78  87   1.563 330.0  30.0  975
 2.925  975.0  90  78  87  -4.688 270.0  30.0  961
 2.925  977.5  90  78  90   4.688 330.0  30.0  988
 2.925  980.0  90  78  90  -4.688 270.0  30.0  987
 2.925  982.5  90  78  90   1.563 270.0  30.0  987
 2.925  985.0  90  78  90  -4.688 270.0  30.0  999
 2.925  987.5  90  78  87  -1.563 330.0  30.0  974
 2.925  990.0  90  78  87  -1.563 330.0  30.0  991
 2.925  992.5  90  78  90  -4.688 330.0  30.0  999
 2.925  995.0  90  78  87   1.563 330.0  30.0 1009
 2.925  997.5  90  78  93   4.688 330.0  30.0  984
 2.925 1000.0  90  78  87  -1.563 270.0  30.0  987
 2.925 1002.5  90  78  93   1.563 330.0  30.0 1013
 2.925 1005.0  90  78  93  -4.688 270.0  30.0 1008
 2.925 1007.5  90  78  93  -4.688 330.0  30.0  999
 2.925 1012.5  90  78  87   4.688 330.0  30.0 1021
 2.925 1015.0  90  78  87  -4.688 270.0  30.0 1017
 2.925 1017.5  90  78  87  -4.688 330.0  30.0 1029
 2.925 1020.0  90  78  87   1.563 270.0  30.0 1010
 2.925 1022.5  90  78  90  -1.563 330.0  30.0 1017
 2.925 1025.0  90  78  90  -1.563 270.0  30.0 1019
 2.925 1027.5  90  78  87   4.688 270.0  30.0 1018
 2.925 1030.0  90  78  87  -4.688 330.0  30.0 1033
 2.925 1035.0  90  78  90   1.563 270.0  30.0 1023
 2.925 1037.5  90  78  90   4.688 270.0  30.0 1024
 2.925 1040.0  90  78  87  -1.563 330.0  30.0 1033
 2.925 1042.5  90  78  87   1.563 330.0  30.0 1034
 2.925 1045.0  90  78  90  -4.688 270.0  30.0 1046
 2.925 1047.5  90  78  90  -4.688 330.0  30.0 1047
 2.925 1050.0  90  78  90  -4.688 330.0  30.0 1055
 2.925 1052.5  90  78  90  -1.563 330.0  30.0 1062
 2.925 1055.0  90  78  90  -4.688 330.0  30.0 1059
 2.925 1227.5  90  78  87  -1.563 330.0  30.0 1226
 2.925  220.0 -90  75  87   1.563 270.0  30.0  224
 2.925  260.0 -90  75  87  -1.563   0.0   0.0  265
 2.925  332.5 -90  75  84   1.563 330.0  30.0  324
 2.950  217.5  90  75  96  -1.563   0.0   0.0  223
 2.950  220.0  90  75  96   1.563   0.0   0.0  223
 2.950  442.5  90  75  87  -1.563   0.0   0.0  447
 2.950  220.0 -90  75  84  -1.563 270.0  30.0  223
 2.950  257.5 -90  75  90  -1.563   0.0   0.0  262
 2.950  260.0 -90  75  84   1.563 210.0  30.0  261
 2.975  217.5  90  75  99  -1.563   0.0   0.0  223
 2.975  220.0  90  75 102  -1.563   0.0   0.0  223
 2.975  442.5  90  75  90   1.563   0.0   0.0  446
 2.975  255.0 -90  75  90  -1.563  30.0  30.0  260
 2.975  257.5 -90  75  93   1.563   0.0   0.0  261
 3.050  217.5  90  78 105  -1.563   0.0   0.0  224
 3.050  220.0  90  78 108  -1.563   0.0   0.0  224
 3.050  442.5  90  78  93  -1.563   0.0   0.0  447
 3.050  445.0  90  78  87  -1.563   0.0   0.0  446
 3.050  250.0 -90  75  93   1.563  30.0  30.0  256
 3.050  252.5 -90  75  99  -1.563   0.0   0.0  257
 3.050  255.0 -90  75  87  -1.563   0.0   0.0  257
 3.075  217.5  90  78 105  -1.563   0.0   0.0  224
 3.075  220.0  90  78 108  -1.563   0.0   0.0  225
 3.075  442.5  90  78  90  -1.563   0.0   0.0  447
 3.075  247.5 -90  75  84   1.563   0.0   0.0  255
 3.075  250.0 -90  75  99  -1.563   0.0   0.0  256
 3.075  252.5 -90  75  96  -1.563   0.0   0.0  257
 3.100  217.5  90  75 105  -1.563   0.0   0.0  224
 3.100  220.0  90  75 108  -1.563   0.0   0.0  224
 3.100  222.5  90  75  87   1.563   0.0   0.0  223
 3.100  892.5  90  75  84  -1.563   0.0   0.0  898
 3.100  247.5 -90  75  93  -1.563   0.0   0.0  253
 3.100  250.0 -90  75  99  -1.563   0.0   0.0  254
 3.100  252.5 -90  75  87  -1.563   0.0   0.0  256
 3.125  217.5  90  81 105  -1.563   0.0   0.0  223
 3.125  220.0  90  81 108  -1.563   0.0   0.0  223
 3.125  315.0  90  81  90   1.563 330.0  30.0  311
 3.125  247.5 -90  78  96  -1.563  30.0  30.0  252
 3.125  250.0 -90  78  93  -1.563   0.0   0.0  253
 3.125 1282.5 -90  78  87  -1.563 330.0  30.0 1280
 3.150  217.5  90  81 105  -1.563   0.0   0.0  224
 3.150  220.0  90  81 108  -1.563   0.0   0.0  224
 3.150  995.0  90  81  90  -1.563  90.0  30.0  987
 3.150 1007.5  90  81  90   1.563  90.0  30.0 1002
 3.150 1017.5  90  81  93  -1.563  90.0  30.0 1017
 3.150 1025.0  90  81  90  -1.563  90.0  30.0 1024
 3.150 1035.0  90  81  90   1.563  90.0  30.0 1032
 3.150 1037.5  90  81  93   4.688  90.0  30.0 1048
 3.150 1042.5  90  81  90   1.563  90.0  30.0 1047
 3.150 1045.0  90  81  90  -4.688  90.0  30.0 1051
 3.150 1057.5  90  81  90  -1.563  90.0  30.0 1057
 3.150 1080.0  90  81  93   1.563  90.0  30.0 1068
 3.150 1095.0  90  81  90  -4.688 150.0  30.0 1087
 3.150 1097.5  90  81  90   1.563  90.0  30.0 1106
 3.150 1112.5  90  81  90  -4.688  90.0  30.0 1106
 3.150 1120.0  90  81  90  -4.688 270.0  30.0 1107
 3.150 1140.0  90  81  90   1.563  90.0  30.0 1148
 3.150  245.0 -90  78  90  -1.563  30.0  30.0  251
 3.150  247.5 -90  78  96  -1.563   0.0   0.0  252
 3.150  322.5 -90  78  87  -1.563 330.0  30.0  333
 3.150  335.0 -90  78  87   1.563 330.0  30.0  330
 3.150  367.5 -90  78  87   1.563 330.0  30.0  356
 3.150  512.5 -90  78  87  -1.563 270.0  30.0  527
 3.150  760.0 -90  78  87   1.563 270.0  30.0  762
 3.175  217.5  90  81 105  -1.563   0.0   0.0  223
 3.175  220.0  90  81 108  -1.563   0.0   0.0  223
 3.175 1187.5  90  81  90  -4.688 150.0  30.0 1199
 3.175 1237.5  90  81  90   4.688  90.0  30.0 1228
 3.175  245.0 -90  78  96  -1.563   0.0   0.0  249
 3.175  247.5 -90  78  90  -1.563   0.0   0.0  249
 3.200  217.5  90  78 105  -1.563   0.0   0.0  223
 3.200  220.0  90  78 108  -1.563   0.0   0.0  224
 3.200  442.5  90  78  90  -1.563   0.0   0.0  447
 3.200  242.5 -90  75  87  -1.563   0.0   0.0  248
 3.200  245.0 -90  75  96  -1.563   0.0   0.0  250
 3.200  247.5 -90  75  87   1.563   0.0   0.0  251
 3.225  217.5  90  78 105  -1.563   0.0   0.0  223
 3.225  220.0  90  78 108  -1.563   0.0   0.0  223
 3.225  442.5  90  78  93  -1.563   0.0   0.0  448
 3.225  242.5 -90  75  93  -1.563   0.0   0.0  247
 3.225  245.0 -90  75  90  -1.563 210.0  30.0  248
 3.225  247.5 -90  75  84   1.563 270.0  30.0  249
 3.250  217.5  90  78 105  -1.563   0.0   0.0  223
 3.250  220.0  90  78 108  -1.563   0.0   0.0  223
 3.250  222.5  90  78  87  -1.563   0.0   0.0  225
 3.250  442.5  90  78  93  -1.563   0.0   0.0  448
 3.250  445.0  90  78  87  -1.563  30.0  30.0  449
 3.250  242.5 -90  78  93  -1.563  30.0  30.0  247
 3.275  217.5  90  66  93  -1.563   0.0   0.0  224
 3.275  220.0  90  66  96  -1.563   0.0   0.0  224
 3.275  222.5  90  66  75   1.563   0.0   0.0  225
 3.275  442.5  90  66  75  -1.563   0.0   0.0  448
 3.275  445.0  90  66  75  -1.563   0.0   0.0  451
 3.275  240.0 -90  63  75  -1.563  30.0  30.0  247
 3.275  242.5 -90  63  81   1.563  30.0  30.0  246
 3.300  217.5  90  66  93  -1.563   0.0   0.0  224
 3.300  220.0  90  66  96  -1.563   0.0   0.0  224
 3.300  222.5  90  66  75  -1.563   0.0   0.0  225
 3.300  240.0 -90  63  81  -1.563   0.0   0.0  245
 3.300  242.5 -90  63  78  -1.563   0.0   0.0  244
 3.325  217.5  90  63  93  -1.563   0.0   0.0  224
 3.325  220.0  90  63  96  -1.563   0.0   0.0  224
 3.325  222.5  90  63  75  -1.563   0.0   0.0  225
 3.325  442.5  90  63  78  -1.563   0.0   0.0  445
 3.325  445.0  90  63  72  -1.563   0.0   0.0  447
 3.325 1075.0  90  63  72  -1.563 330.0  30.0 1068
 3.325  240.0 -90  63  84  -1.563  30.0  30.0  245
 3.325  242.5 -90  63  75  -1.563  30.0  30.0  245
 3.350  200.0  90  72  81   1.563 330.0  30.0  191
 3.350  217.5  90  72  93  -1.563   0.0   0.0  223
 3.350  220.0  90  72  96  -1.563   0.0   0.0  224
 3.350  222.5  90  72  84   1.563 270.0  30.0  227
 3.350  227.5  90  72  81  -1.563 270.0  30.0  231
 3.350  230.0  90  72  81  -4.688 270.0  30.0  224
 3.350  270.0  90  72  81   1.563 270.0  30.0  265
 3.350  347.5  90  72  81   4.688 270.0  30.0  349
 3.350  377.5  90  72  84   1.563 270.0  30.0  375
 3.350  405.0  90  72  81  -1.563 270.0  30.0  390
 3.350  442.5  90  72  81   1.563   0.0   0.0  448
 3.350  772.5  90  72  81   1.563 270.0  30.0  787
 3.350  822.5  90  72  81  -4.688 270.0  30.0  829
 3.350  827.5  90  72  81   1.563 270.0  30.0  826
 3.350 1052.5  90  72  81   1.563 330.0  30.0 1048
 3.350  237.5 -90  69  81   1.563 210.0  30.0  244
 3.350  240.0 -90  69  87  -1.563   0.0   0.0  245
 3.375   85.0  90  66  75  -1.563 330.0  30.0   70
 3.375   90.0  90  66  75   1.563 270.0  30.0   93
 3.375  105.0  90  66  75   1.563 270.0  30.0  107
 3.375  217.5  90  66  93  -1.563   0.0   0.0  224
 3.375  220.0  90  66  99  -1.563   0.0   0.0  224
 3.375  442.5  90  66  78  -1.563   0.0   0.0  447
 3.375  237.5 -90  63  84  -1.563   0.0   0.0  243
 3.375  240.0 -90  63  87  -1.563   0.0   0.0  243
 3.375  482.5 -90  63  72  -1.563   0.0   0.0  488
 3.375 1017.5 -90  63  72  -1.563 270.0  30.0 1007
 3.400  217.5  90  63  93  -1.563   0.0   0.0  224
 3.400  220.0  90  63  99  -1.563   0.0   0.0  224
 3.400  222.5  90  63  81   1.563   0.0   0.0  225
 3.400  442.5  90  63  81  -1.563   0.0   0.0  447
 3.400  445.0  90  63  72  -1.563   0.0   0.0  449
 3.400  932.5  90  63  72   1.563   0.0   0.0  942
 3.400  220.0 -90  63  72  -1.563 270.0  30.0  225
 3.400  237.5 -90  63  90  -1.563   0.0   0.0  243
 3.400  240.0 -90  63  87  -1.563   0.0   0.0  243
 3.425  217.5  90  51  81  -1.563   0.0   0.0  224
 3.425  220.0  90  51  87  -1.563   0.0   0.0  224
 3.425  222.5  90  51  69  -1.563   0.0   0.0  224
 3.425  442.5  90  51  69  -1.563   0.0   0.0  448
 3.425  220.0 -90  51  60  -1.563 210.0  30.0  225
 3.425  235.0 -90  51  66  -1.563  30.0  30.0  241
 3.425  237.5 -90  51  81  -1.563  30.0  30.0  242
 3.425  240.0 -90  51  72  -1.563  30.0  30.0  243
 3.425  480.0 -90  51  63  -1.563  30.0  30.0  486
 3.425  482.5 -90  51  60  -1.563   0.0   0.0  487
 3.450  217.5  90  54  78  -1.563   0.0   0.0  224
 3.450  220.0  90  54  87  -1.563   0.0   0.0  224
 3.450  222.5  90  54  69  -1.563   0.0   0.0  223
 3.450  442.5  90  54  69  -1.563   0.0   0.0  447
 3.450  445.0  90  54  66  -1.563   0.0   0.0  447
 3.450  220.0 -90  51  60   1.563 210.0  30.0  224
 3.450  235.0 -90  51  69  -1.563   0.0   0.0  242
 3.450  237.5 -90  51  81  -1.563  30.0  30.0  242
 3.450  240.0 -90  51  66  -1.563  30.0  30.0  242
 3.450  480.0 -90  51  60  -1.563  30.0  30.0  484
 3.475  217.5  90  69  90  -1.563   0.0   0.0  225
 3.475  220.0  90  69  99  -1.563   0.0   0.0  225
 3.475  222.5  90  69  81   1.563   0.0   0.0  223
 3.475  442.5  90  69  78   1.563 150.0  30.0  455
 3.475  220.0 -90  66  75  -1.563 270.0  30.0  232
 3.475  235.0 -90  66  87  -1.563   0.0   0.0  241
 3.475  237.5 -90  66  93  -1.563   0.0   0.0  241
 3.475  477.5 -90  66  75   1.563   0.0   0.0  480
 3.500  217.5  90  69  90  -1.563   0.0   0.0  224
 3.500  220.0  90  69  99  -1.563   0.0   0.0  224
 3.500  222.5  90  69  84  -1.563   0.0   0.0  225
 3.500  235.0 -90  66  90  -1.563  30.0  30.0  241
 3.500  237.5 -90  66  93  -1.563  30.0  30.0  241
 3.500  477.5 -90  66  75  -1.563   0.0   0.0  482
 3.525  217.5  90  66  90  -1.563   0.0   0.0  223
 3.525  220.0  90  66  99  -1.563   0.0   0.0  223
 3.525  222.5  90  66  84  -1.563   0.0   0.0  223
 3.525  442.5  90  66  78  -1.563   0.0   0.0  447
 3.525  445.0  90  66  78  -1.563   0.0   0.0  447
 3.525  667.5  90  66  75  -1.563   0.0   0.0  673
 3.525  232.5 -90  66  75  -1.563   0.0   0.0  240
 3.525  235.0 -90  66  93  -1.563  30.0  30.0  240
 3.525  237.5 -90  66  87  -1.563  30.0  30.0  240
 3.550  217.5  90  69  87  -1.563   0.0   0.0  224
 3.550  220.0  90  69  99  -1.563   0.0   0.0  224
 3.550  222.5  90  69  84  -1.563   0.0   0.0  224
 3.550  442.5  90  69  78   1.563   0.0   0.0  448
 3.550  445.0  90  69  78  -1.563   0.0   0.0  449
 3.550  232.5 -90  66  75   1.563  30.0  30.0  241
 3.550  235.0 -90  66  93  -1.563  30.0  30.0  240
 3.550  237.5 -90  66  81  -1.563   0.0   0.0  240
 3.550  475.0 -90  66  78   1.563   0.0   0.0  482
 3.575  217.5  90  66  87  -1.563   0.0   0.0  224
 3.575  220.0  90  66  99  -1.563   0.0   0.0  224
 3.575  222.5  90  66  84   1.563   0.0   0.0  224
 3.575  232.5  90  66  75  -4.688 270.0  30.0  239
 3.575  442.5  90  66  78  -1.563   0.0   0.0  449
 3.575  445.0  90  66  81  -1.563   0.0   0.0  449
 3.575  232.5 -90  66  81  -1.563   0.0   0.0  239
 3.575  235.0 -90  66  90  -1.563  30.0  30.0  239
 3.575  237.5 -90  66  75   1.563  30.0  30.0  238
 3.575  472.5 -90  66  75  -1.563 210.0  30.0  479
 3.600  217.5  90  66  87  -1.563   0.0   0.0  224
 3.600  220.0  90  66  96  -1.563 210.0  30.0  224
 3.600  222.5  90  66  84  -1.563 210.0  30.0  225
 3.600  442.5  90  66  75  -1.563   0.0   0.0  448
 3.600  445.0  90  66  78   1.563   0.0   0.0  449
 3.600  232.5 -90  63  87  -1.563   0.0   0.0  238
 3.600  235.0 -90  63  90  -1.563   0.0   0.0  239
 3.600  472.5 -90  63  72   1.563  30.0  30.0  476
 3.625  217.5  90  66  84  -1.563 210.0  30.0  225
 3.625  220.0  90  66  96  -1.563 210.0  30.0  225
 3.625  222.5  90  66  87  -1.563 210.0  30.0  225
 3.625  442.5  90  66  78  -1.563   0.0   0.0  450
 3.625  445.0  90  66  81  -1.563   0.0   0.0  449
 3.625  232.5 -90  63  87  -1.563   0.0   0.0  239
 3.625  235.0 -90  63  87  -1.563   0.0   0.0  239
 3.650  217.5  90  72  81   1.563 210.0  30.0  224
 3.650  220.0  90  72  96  -1.563 210.0  30.0  225
 3.650  222.5  90  72  84  -1.563 210.0  30.0  225
 3.650  445.0  90  72  81  -1.563   0.0   0.0  451
 3.650  232.5 -90  69  87  -1.563   0.0   0.0  238
 3.650  235.0 -90  69  87  -1.563   0.0   0.0  238
 3.675  217.5  90  69  81   1.563 210.0  30.0  224
 3.675  220.0  90  69  96  -1.563 210.0  30.0  224
 3.675  222.5  90  69  87  -1.563 210.0  30.0  225
 3.675  752.5  90  69  78  -1.563 150.0  30.0  744
 3.675  232.5 -90  69  90  -1.563   0.0   0.0  237
 3.675  235.0 -90  69  84  -1.563   0.0   0.0  237
 3.675  535.0 -90  69  78  -1.563 330.0  30.0  532
 3.675  547.5 -90  69  78  -4.688  90.0  30.0  556
 3.675  582.5 -90  69  78  -4.688  90.0  30.0  590
 3.675 1225.0 -90  69  78   1.563 270.0  30.0 1218
 3.700  217.5  90  69  81  -1.563 210.0  30.0  223
 3.700  220.0  90  69  96  -1.563 210.0  30.0  225
 3.700  222.5  90  69  87  -1.563 210.0  30.0  225
 3.700  230.0 -90  66  75  -1.563  30.0  30.0  237
 3.700  232.5 -90  66  90  -1.563   0.0   0.0  237
 3.700  235.0 -90  66  81  -1.563   0.0   0.0  238
 3.700  470.0 -90  66  75  -1.563 210.0  30.0  477
 3.700  967.5 -90  66  75  -4.688 330.0  30.0  954
 3.700  972.5 -90  66  75  -4.688 150.0  30.0  961
 3.700  997.5 -90  66  78  -4.688   0.0   0.0 1009
 3.700 1000.0 -90  66  75  -4.688   0.0   0.0 1002
 3.700 1002.5 -90  66  75   4.688   0.0   0.0  990
 3.700 1010.0 -90  66  78   4.688 150.0  30.0 1002
 3.700 1012.5 -90  66  78   4.688 330.0  30.0 1009
 3.700 1022.5 -90  66  81  -4.688 330.0  30.0 1019
 3.700 1027.5 -90  66  78  -4.688 150.0  30.0 1042
 3.700 1032.5 -90  66  78  -1.563 330.0  30.0 1042
 3.700 1040.0 -90  66  75  -4.688 330.0  30.0 1025
 3.700 1042.5 -90  66  75   1.563  90.0  30.0 1054
 3.700 1045.0 -90  66  78  -4.688 330.0  30.0 1030
 3.700 1052.5 -90  66  78  -4.688 150.0  30.0 1038
 3.700 1055.0 -90  66  75  -4.688   0.0   0.0 1047
 3.700 1060.0 -90  66  75   4.688 150.0  30.0 1074
 3.700 1067.5 -90  66  75  -4.688   0.0   0.0 1076
 3.700 1070.0 -90  66  75  -4.688 270.0  30.0 1065
 3.700 1072.5 -90  66  78  -1.563 150.0  30.0 1062
 3.700 1077.5 -90  66  78  -4.688 150.0  30.0 1089
 3.700 1082.5 -90  66  78   1.563 150.0  30.0 1085
 3.700 1092.5 -90  66  75   1.563 330.0  30.0 1084
 3.700 1110.0 -90  66  75   4.688  90.0  30.0 1107
 3.700 1132.5 -90  66  75  -4.688  90.0  30.0 1136
 3.700 1140.0 -90  66  75  -4.688 330.0  30.0 1145
 3.700 1145.0 -90  66  75  -4.688 270.0  30.0 1147
 3.700 1152.5 -90  66  75   4.688 150.0  30.0 1139
 3.700 1165.0 -90  66  75  -4.688 270.0  30.0 1179
 3.700 1170.0 -90  66  75   1.563 150.0  30.0 1164
 3.700 1172.5 -90  66  75   1.563 270.0  30.0 1187
 3.700 1177.5 -90  66  75  -1.563 150.0  30.0 1169
 3.700 1185.0 -90  66  75  -4.688 330.0  30.0 1196
 3.700 1190.0 -90  66  75  -1.563 270.0  30.0 1178
 3.700 1195.0 -90  66  78   1.563 150.0  30.0 1202
 3.700 1200.0 -90  66  75   1.563 150.0  30.0 1199
 3.700 1217.5 -90  66  75   1.563 270.0  30.0 1208
 3.700 1232.5 -90  66  75  -1.563 330.0  30.0 1220
 3.700 1235.0 -90  66  75   4.688 270.0  30.0 1250
 3.700 1237.5 -90  66  75  -4.688   0.0   0.0 1248
 3.725   92.5  90  69  78   1.563 150.0  30.0  101
 3.725  102.5  90  69  81  -1.563  90.0  30.0  112
 3.725  110.0  90  69  78  -4.688  90.0  30.0  121
 3.725  117.5  90  69  81  -4.688  90.0  30.0  128
 3.725  120.0  90  69  78  -1.563 150.0  30.0  111
 3.725  125.0  90  69  78  -4.688 150.0  30.0  134
 3.725  127.5  90  69  78  -1.563  90.0  30.0  138
 3.725  137.5  90  69  78  -1.563  90.0  30.0  143
 3.725  140.0  90  69  81  -1.563  90.0  30.0  148
 3.725  142.5  90  69  81   4.688 150.0  30.0  131
 3.725  147.5  90  69  78   4.688  90.0  30.0  162
 3.725  150.0  90  69  78   4.688  90.0  30.0  147
 3.725  157.5  90  69  81   1.563 150.0  30.0  151
 3.725  160.0  90  69  81   4.688 150.0  30.0  170
 3.725  165.0  90  69  81  -4.688 150.0  30.0  159
 3.725  182.5  90  69  78   1.563 150.0  30.0  196
 3.725  192.5  90  69  78  -4.688  90.0  30.0  207
 3.725  217.5  90  69  78  -1.563 270.0  30.0  222
 3.725  220.0  90  69  93  -1.563 210.0  30.0  224
 3.725  222.5  90  69  87  -1.563 210.0  30.0  224
 3.725  392.5  90  69  78   1.563 150.0  30.0  390
 3.725  445.0  90  69  81   1.563 210.0  30.0  447
 3.725  557.5  90  69  78  -4.688  90.0  30.0  543
 3.725  230.0 -90  66  78  -1.563   0.0   0.0  236
 3.725  232.5 -90  66  90  -1.563   0.0   0.0  236
 3.725  235.0 -90  66  78  -1.563   0.0   0.0  237
 3.725  652.5 -90  66  75  -1.563 330.0  30.0  642
 3.725  662.5 -90  66  75  -1.563 330.0  30.0  670
 3.725  950.0 -90  66  75  -4.688 270.0  30.0  962
 3.725  975.0 -90  66  75   1.563 330.0  30.0  979
 3.725  985.0 -90  66  75  -1.563 150.0  30.0  976
 3.725  990.0 -90  66  75   4.688 330.0  30.0  988
 3.725 1002.5 -90  66  78   1.563 150.0  30.0 1017
 3.725 1005.0 -90  66  78   4.688  90.0  30.0  997
 3.725 1007.5 -90  66  75  -4.688   0.0   0.0 1012
 3.725 1012.5 -90  66  75   4.688  90.0  30.0 1001
 3.725 1015.0 -90  66  75   4.688 270.0  30.0 1007
 3.725 1017.5 -90  66  75  -1.563 150.0  30.0 1024
 3.725 1020.0 -90  66  81   1.563  90.0  30.0 1010
 3.725 1022.5 -90  66  78  -4.688  90.0  30.0 1015
 3.725 1025.0 -90  66  81  -4.688 150.0  30.0 1036
 3.725 1027.5 -90  66  78   1.563 150.0  30.0 1022
 3.725 1030.0 -90  66  75   1.563  90.0  30.0 1026
 3.725 1032.5 -90  66  78   4.688 150.0  30.0 1028
 3.725 1037.5 -90  66  78   1.563  90.0  30.0 1025
 3.725 1040.0 -90  66  78  -4.688  90.0  30.0 1033
 3.725 1042.5 -90  66  78  -4.688  90.0  30.0 1048
 3.725 1045.0 -90  66  75  -1.563  90.0  30.0 1040
 3.725 1047.5 -90  66  78   1.563  90.0  30.0 1062
 3.725 1050.0 -90  66  78   1.563 270.0  30.0 1061
 3.725 1052.5 -90  66  78   4.688 150.0  30.0 1065
 3.725 1055.0 -90  66  78  -1.563  90.0  30.0 1063
 3.725 1057.5 -90  66  78   4.688   0.0   0.0 1065
 3.725 1060.0 -90  66  75   1.563 330.0  30.0 1070
 3.725 1062.5 -90  66  78  -4.688 330.0  30.0 1068
 3.725 1067.5 -90  66  78   1.563  90.0  30.0 1074
 3.725 1070.0 -90  66  78   4.688 150.0  30.0 1067
 3.725 1072.5 -90  66  84   4.688  90.0  30.0 1069
 3.725 1075.0 -90  66  81  -4.688  90.0  30.0 1065
 3.725 1077.5 -90  66  81  -1.563  90.0  30.0 1067
 3.725 1080.0 -90  66  78  -4.688 150.0  30.0 1095
 3.725 1082.5 -90  66  81   1.563  90.0  30.0 1092
 3.725 1085.0 -90  66  78   4.688  90.0  30.0 1071
 3.725 1087.5 -90  66  75   1.563 150.0  30.0 1083
 3.725 1090.0 -90  66  78  -4.688  90.0  30.0 1083
 3.725 1092.5 -90  66  78   1.563  90.0  30.0 1102
 3.725 1095.0 -90  66  75   4.688  90.0  30.0 1109
 3.725 1097.5 -90  66  78   1.563  90.0  30.0 1101
 3.725 1100.0 -90  66  78   4.688  90.0  30.0 1089
 3.725 1102.5 -90  66  78   1.563  90.0  30.0 1089
 3.725 1105.0 -90  66  75  -1.563  90.0  30.0 1099
 3.725 1107.5 -90  66  75   1.563 150.0  30.0 1103
 3.725 1112.5 -90  66  75   4.688  90.0  30.0 1119
 3.725 1115.0 -90  66  75   1.563  90.0  30.0 1122
 3.725 1185.0 -90  66  75   4.688   0.0   0.0 1199
 3.725 1190.0 -90  66  78   1.563   0.0   0.0 1176
 3.725 1192.5 -90  66  75  -4.688 330.0  30.0 1205
 3.725 1195.0 -90  66  75   4.688 270.0  30.0 1198
 3.725 1202.5 -90  66  75   4.688 270.0  30.0 1199
 3.725 1210.0 -90  66  75  -4.688   0.0   0.0 1199
 3.725 1212.5 -90  66  75   1.563 330.0  30.0 1220
 3.725 1215.0 -90  66  78  -1.563 270.0  30.0 1213
 3.725 1217.5 -90  66  75   1.563   0.0   0.0 1215
 3.725 1227.5 -90  66  75  -1.563 270.0  30.0 1239
 3.725 1230.0 -90  66  75   4.688  90.0  30.0 1229
 3.725 1232.5 -90  66  78  -4.688  90.0  30.0 1240
 3.725 1235.0 -90  66  78  -1.563   0.0   0.0 1247
 3.725 1237.5 -90  66  75   1.563 150.0  30.0 1248
 3.725 1240.0 -90  66  75  -1.563   0.0   0.0 1248
 3.725 1245.0 -90  66  75  -4.688 210.0  30.0 1252
 3.725 1247.5 -90  66  78  -4.688 210.0  30.0 1242
 3.725 1250.0 -90  66  75  -4.688 270.0  30.0 1245
 3.725 1255.0 -90  66  75   1.563  90.0  30.0 1267
 3.725 1262.5 -90  66  75  -1.563 210.0  30.0 1277
 3.725 1265.0 -90  66  75   1.563  90.0  30.0 1258
 3.750  220.0  90  72  93  -1.563 210.0  30.0  225
 3.750  222.5  90  72  87  -1.563 210.0  30.0  225
 3.750  675.0  90  72  81   4.688 270.0  30.0  673
 3.750  232.5 -90  78  90  -1.563   0.0   0.0  237
 3.775  220.0  90  69  90  -1.563 210.0  30.0  226
 3.775  222.5  90  69  84  -1.563 210.0  30.0  226
 3.775  230.0 -90  66  81   1.563  30.0  30.0  238
 3.775  232.5 -90  66  90  -1.563   0.0   0.0  238
 3.800  220.0  90  66  90  -1.563 210.0  30.0  225
 3.800  222.5  90  66  84  -1.563 210.0  30.0  225
 3.800  230.0 -90  66  84  -1.563   0.0   0.0  236
 3.800  232.5 -90  66  87  -1.563   0.0   0.0  236
 3.825  220.0  90  66  90  -1.563 210.0  30.0  225
 3.825  222.5  90  66  84  -1.563 210.0  30.0  225
 3.825  220.0 -90  66  75  -1.563 210.0  30.0  226
 3.825  230.0 -90  66  84  -1.563   0.0   0.0  236
 3.825  232.5 -90  66  84  -1.563  30.0  30.0  236
 3.850  235.0 -90  78  87   1.563 270.0  30.0  239
 3.875  220.0  90  63  90  -1.563 210.0  30.0  225
 3.875  222.5  90  63  84   1.563 210.0  30.0  224
 3.875  445.0  90  63  75  -1.563 210.0  30.0  449
 3.875  447.5  90  63  75   1.563 210.0  30.0  450
 3.875  220.0 -90  63  72   1.563 210.0  30.0  227
 3.875  222.5 -90  63  72  -1.563 210.0  30.0  227
 3.875  230.0 -90  63  87  -1.563   0.0   0.0  235
 3.875  232.5 -90  63  84  -1.563   0.0   0.0  234
 3.875  467.5 -90  63  72  -1.563  90.0  30.0  470
 3.900  220.0  90  66  90  -1.563 210.0  30.0  225
 3.900  222.5  90  66  87  -1.563 210.0  30.0  226
 3.900  445.0  90  66  78  -1.563 210.0  30.0  451
 3.900  222.5 -90  66  75  -1.563 210.0  30.0  226
 3.900  230.0 -90  66  90  -1.563   0.0   0.0  235
 3.900  232.5 -90  66  84  -1.563   0.0   0.0  235
 3.900  465.0 -90  66  75  -1.563   0.0   0.0  471
 3.925  220.0  90  69  90  -1.563 210.0  30.0  225
 3.925  222.5  90  69  87  -1.563 210.0  30.0  226
 3.925  230.0 -90  69  90  -1.563   0.0   0.0  235
 3.925  232.5 -90  69  84  -1.563   0.0   0.0  235
 3.950  220.0  90  72  90  -1.563 210.0  30.0  226
 3.950  222.5  90  72  90  -1.563 210.0  30.0  225
 3.950  230.0 -90  72  90  -1.563   0.0   0.0  235
 3.950  232.5 -90  72  84  -1.563   0.0   0.0  236
 3.975  220.0  90  69  90  -1.563 210.0  30.0  226
 3.975  222.5  90  69  90   1.563 210.0  30.0  226
 3.975  447.5  90  69  78  -1.563  30.0  30.0  452
 3.975  227.5 -90  69  78  -1.563   0.0   0.0  237
 3.975  230.0 -90  69  90  -1.563   0.0   0.0  235
 3.975  232.5 -90  69  81   1.563   0.0   0.0  236
 4.000  220.0  90  66  90  -1.563 210.0  30.0  226
 4.000  222.5  90  66  90   1.563 210.0  30.0  226
 4.000  447.5  90  66  75  -1.563 210.0  30.0  449
 4.000  227.5 -90  66  81  -1.563   0.0   0.0  235
 4.000  230.0 -90  66  93  -1.563   0.0   0.0  235
 4.000  232.5 -90  66  81  -1.563   0.0   0.0  235
 4.025  220.0  90  63  90  -1.563  30.0  30.0  225
 4.025  222.5  90  63  93  -1.563  30.0  30.0  226
 4.025  447.5  90  63  75  -1.563  30.0  30.0  451
 4.025  227.5 -90  63  81  -1.563   0.0   0.0  234
 4.025  230.0 -90  63  93  -1.563   0.0   0.0  234
 4.025  232.5 -90  63  78  -1.563  30.0  30.0  235
 4.025  462.5 -90  63  72  -1.563   0.0   0.0  467
 4.025  670.0 -90  63  72   4.688  90.0  30.0  673
 4.050  127.5  90  66  75   4.688  90.0  30.0  131
 4.050  137.5  90  66  75  -4.688  90.0  30.0  135
 4.050  220.0  90  66  87   1.563  30.0  30.0  226
 4.050  222.5  90  66  93  -1.563  30.0  30.0  226
 4.050  447.5  90  66  78  -1.563  30.0  30.0  453
 4.050  477.5  90  66  78   1.563  90.0  30.0  477
 4.050  502.5  90  66  78   1.563  90.0  30.0  503
 4.050  535.0  90  66  75   4.688  90.0  30.0  520
 4.050  227.5 -90  66  84  -1.563   0.0   0.0  234
 4.050  230.0 -90  66  93  -1.563   0.0   0.0  234
 4.050  232.5 -90  66  75   1.563   0.0   0.0  235
 4.050  462.5 -90  66  75   1.563   0.0   0.0  467
 4.050  465.0 -90  66  75  -1.563   0.0   0.0  470
 4.050  520.0 -90  66  75   1.563  90.0  30.0  515
 4.050  545.0 -90  66  75  -1.563  90.0  30.0  534
 4.075  220.0  90  66  87  -1.563  30.0  30.0  227
 4.075  222.5  90  66  93  -1.563  30.0  30.0  227
 4.075  447.5  90  66  81  -1.563  30.0  30.0  452
 4.075  875.0  90  66  75   4.688  90.0  30.0  863
 4.075  222.5 -90  63  72  -1.563 210.0  30.0  228
 4.075  225.0 -90  63  72  -1.563  90.0  30.0  239
 4.075  227.5 -90  63  84  -1.563   0.0   0.0  234
 4.075  230.0 -90  63  90  -1.563   0.0   0.0  234
 4.075  232.5 -90  63  72  -1.563  90.0  30.0  235
 4.075  462.5 -90  63  78  -1.563   0.0   0.0  468
 4.075  465.0 -90  63  75  -1.563  30.0  30.0  468
 4.075  507.5 -90  63  72  -4.688 150.0  30.0  500
 4.075  512.5 -90  63  72   4.688   0.0   0.0  513
 4.075  515.0 -90  63  72  -4.688 330.0  30.0  524
 4.075  520.0 -90  63  72   4.688 330.0  30.0  511
 4.075  527.5 -90  63  72  -4.688  90.0  30.0  513
 4.075  540.0 -90  63  72   1.563 330.0  30.0  544
 4.075  545.0 -90  63  72   1.563  90.0  30.0  553
 4.075  552.5 -90  63  72   1.563 330.0  30.0  565
 4.075  555.0 -90  63  72   4.688 270.0  30.0  565
 4.075  570.0 -90  63  72  -4.688 330.0  30.0  574
 4.075  577.5 -90  63  72   1.563  90.0  30.0  571
 4.075 1132.5 -90  63  72   1.563 330.0  30.0 1127
 4.075 1187.5 -90  63  72  -1.563  90.0  30.0 1192
 4.100  220.0  90  69  87  -1.563  30.0  30.0  209
 4.100  222.5  90  69  93  -1.563  30.0  30.0  232
 4.100  447.5  90  69  84  -1.563  30.0  30.0  446
 4.100  227.5 -90  69  84  -1.563   0.0   0.0  239
 4.100  230.0 -90  69  90  -1.563   0.0   0.0  233
 4.150  220.0  90  72  84  -1.563  30.0  30.0  227
 4.150  222.5  90  72  96  -1.563  30.0  30.0  227
 4.150  447.5  90  72  84  -1.563  30.0  30.0  453
 4.150 1227.5  90  72  81   1.563 270.0  30.0 1229
 4.150  227.5 -90  69  87  -1.563   0.0   0.0  234
 4.150  230.0 -90  69  93  -1.563   0.0   0.0  234
 4.150 1022.5 -90  69  78   4.688 270.0  30.0 1020
 4.150 1030.0 -90  69  78  -1.563 270.0  30.0 1033
 4.150 1047.5 -90  69  81  -1.563 270.0  30.0 1046
 4.150 1060.0 -90  69  78   4.688 270.0  30.0 1068
 4.150 1070.0 -90  69  78  -1.563 270.0  30.0 1062
 4.150 1072.5 -90  69  81   1.563 270.0  30.0 1068
 4.150 1085.0 -90  69  78   1.563 330.0  30.0 1090
 4.150 1092.5 -90  69  78  -4.688 270.0  30.0 1098
 4.150 1097.5 -90  69  78  -4.688 270.0  30.0 1103
 4.175  220.0  90  54  72  -1.563  30.0  30.0  227
 4.175  222.5  90  54  84  -1.563  30.0  30.0  227
 4.175  225.0  90  54  69  -1.563  30.0  30.0  228
 4.175  447.5  90  54  69  -1.563  30.0  30.0  454
 4.175  450.0  90  54  63  -1.563  30.0  30.0  453
 4.175  222.5 -90  51  60  -1.563 270.0  30.0  226
 4.175  227.5 -90  51  78  -1.563   0.0   0.0  234
 4.175  230.0 -90  51  78  -1.563   0.0   0.0  234
 4.200  220.0  90  51  72  -1.563  30.0  30.0  227
 4.200  222.5  90  51  84  -1.563  30.0  30.0  227
 4.200  225.0  90  51  72  -1.563  30.0  30.0  227
 4.200  447.5  90  51  69  -1.563  30.0  30.0  453
 4.200  450.0  90  51  69  -1.563  30.0  30.0  453
 4.200  227.5 -90  51  78  -1.563   0.0   0.0  233
 4.200  230.0 -90  51  78  -1.563   0.0   0.0  233
 4.225  220.0  90  66  81   1.563  30.0  30.0  227
 4.225  222.5  90  66  96  -1.563  30.0  30.0  226
 4.225  225.0  90  66  84  -1.563  30.0  30.0  226
 4.225  447.5  90  66  81  -1.563  30.0  30.0  453
 4.225  450.0  90  66  84  -1.563  30.0  30.0  453
 4.225  227.5 -90  63  90  -1.563   0.0   0.0  233
 4.225  230.0 -90  63  90  -1.563   0.0   0.0  232
 4.225  462.5 -90  63  72  -1.563  30.0  30.0  465
 4.250  220.0  90  66  81  -1.563  30.0  30.0  227
 4.250  222.5  90  66  96  -1.563  30.0  30.0  227
 4.250  225.0  90  66  87  -1.563  30.0  30.0  227
 4.250  447.5  90  66  81  -1.563  30.0  30.0  454
 4.250  450.0  90  66  81  -1.563  30.0  30.0  454
 4.250  227.5 -90  63  90  -1.563   0.0   0.0  233
 4.250  230.0 -90  63  90  -1.563   0.0   0.0  234
 4.250  460.0 -90  63  72  -1.563   0.0   0.0  466
 4.250  462.5 -90  63  75  -1.563   0.0   0.0  465
 4.275  220.0  90  63  81  -1.563 210.0  30.0  228
 4.275  222.5  90  63  96  -1.563  30.0  30.0  227
 4.275  225.0  90  63  87  -1.563  30.0  30.0  227
 4.275  447.5  90  63  75  -1.563   0.0   0.0  454
 4.275  450.0  90  63  84  -1.563  30.0  30.0  455
 4.275  452.5  90  63  72  -1.563  30.0  30.0  456
 4.275  675.0  90  63  72  -1.563  30.0  30.0  682
 4.275  677.5  90  63  75  -1.563  30.0  30.0  682
 4.275  227.5 -90  63  90  -1.563   0.0   0.0  233
 4.275  230.0 -90  63  90  -1.563   0.0   0.0  233
 4.275  460.0 -90  63  75  -1.563   0.0   0.0  466
 4.275  462.5 -90  63  78  -1.563   0.0   0.0  467
 4.300  220.0  90  66  78  -1.563  30.0  30.0  227
 4.300  222.5  90  66  96  -1.563  30.0  30.0  227
 4.300  225.0  90  66  87  -1.563  30.0  30.0  227
 4.300  450.0  90  66  81  -1.563   0.0   0.0  454
 4.300  227.5 -90  66  90  -1.563   0.0   0.0  233
 4.300  230.0 -90  66  90  -1.563   0.0   0.0  233
 4.300  460.0 -90  66  78  -1.563   0.0   0.0  465
 4.300  462.5 -90  66  78  -1.563   0.0   0.0  466
 4.325  220.0  90  66  75  -1.563  30.0  30.0  228
 4.325  222.5  90  66  96  -1.563   0.0   0.0  228
 4.325  225.0  90  66  90  -1.563   0.0   0.0  228
 4.325  450.0  90  66  81  -1.563   0.0   0.0  455
 4.325  227.5 -90  66  93  -1.563   0.0   0.0  234
 4.325  230.0 -90  66  90  -1.563   0.0   0.0  234
 4.325  460.0 -90  66  78  -1.563   0.0   0.0  467
 4.325  462.5 -90  66  78  -1.563   0.0   0.0  467
 4.350  220.0  90  63  72   1.563   0.0   0.0  228
 4.350  222.5  90  63  96  -1.563   0.0   0.0  228
 4.350  225.0  90  63  90  -1.563   0.0   0.0  228
 4.350  450.0  90  63  81  -1.563  30.0  30.0  455
 4.350  452.5  90  63  75  -1.563   0.0   0.0  455
 4.350  227.5 -90  63  93  -1.563   0.0   0.0  233
 4.350  230.0 -90  63  90  -1.563   0.0   0.0  233
 4.350  460.0 -90  63  78  -1.563   0.0   0.0  466
 4.350  462.5 -90  63  78  -1.563   0.0   0.0  466
 4.375  222.5  90  66  93  -1.563   0.0   0.0  227
 4.375  225.0  90  66  90  -1.563   0.0   0.0  227
 4.375  450.0  90  66  78  -1.563   0.0   0.0  453
 4.375  707.5  90  66  75   1.563 150.0  30.0  701
 4.375  710.0  90  66  75   1.563 270.0  30.0  696
 4.375  227.5 -90  69  93  -1.563   0.0   0.0  232
 4.375  230.0 -90  69  90  -1.563   0.0   0.0  232
 4.375  460.0 -90  69  78  -1.563   0.0   0.0  464
 4.400  222.5  90  63  93  -1.563   0.0   0.0  228
 4.400  225.0  90  63  90  -1.563   0.0   0.0  228
 4.400  450.0  90  63  78  -1.563   0.0   0.0  455
 4.400  452.5  90  63  75  -1.563   0.0   0.0  457
 4.400  677.5  90  63  72  -1.563  30.0  30.0  683
 4.400  680.0  90  63  75  -1.563  30.0  30.0  685
 4.400  225.0 -90  63  72  -1.563   0.0   0.0  226
 4.400  227.5 -90  63  93  -1.563   0.0   0.0  233
 4.400  230.0 -90  63  90  -1.563   0.0   0.0  233
 4.400  460.0 -90  63  78  -1.563   0.0   0.0  466
 4.400  462.5 -90  63  78  -1.563  30.0  30.0  467
 4.425  222.5  90  63  93  -1.563   0.0   0.0  228
 4.425  225.0  90  63  93  -1.563   0.0   0.0  228
 4.425  450.0  90  63  78  -1.563   0.0   0.0  456
 4.425  452.5  90  63  72  -1.563   0.0   0.0  456
 4.425  225.0 -90  63  72  -1.563   0.0   0.0  231
 4.425  227.5 -90  63  93  -1.563   0.0   0.0  233
 4.425  230.0 -90  63  90  -1.563   0.0   0.0  233
 4.425  460.0 -90  63  78  -1.563  30.0  30.0  466
 4.425  462.5 -90  63  75  -1.563  30.0  30.0  466
 4.450  222.5  90  69  93  -1.563   0.0   0.0  228
 4.450  225.0  90  69  93  -1.563   0.0   0.0  228
 4.450  472.5  90  69  81  -1.563 330.0  30.0  474
 4.450  560.0  90  69  78  -1.563 270.0  30.0  552
 4.450  575.0  90  69  78  -4.688 270.0  30.0  587
 4.450  590.0  90  69  78   1.563 330.0  30.0  595
 4.450  600.0  90  69  78   4.688 270.0  30.0  592
 4.450  750.0  90  69  78   4.688 270.0  30.0  744
 4.450  905.0  90  69  78   4.688 270.0  30.0  920
 4.450 1202.5  90  69  78   4.688 330.0  30.0 1191
 4.450 1225.0  90  69  78   4.688 330.0  30.0 1220
 4.450  227.5 -90  72  93  -1.563  30.0  30.0  233
 4.450  230.0 -90  72  90  -1.563   0.0   0.0  232
 4.450  460.0 -90  72  81   1.563   0.0   0.0  465
 4.475  222.5  90  72  93  -1.563   0.0   0.0  228
 4.475  225.0  90  72  93  -1.563   0.0   0.0  228
 4.475  227.5 -90  69  93  -1.563  30.0  30.0  233
 4.475  230.0 -90  69  90  -1.563  30.0  30.0  233
 4.500  222.5  90  66  90  -1.563   0.0   0.0  228
 4.500  225.0  90  66  93  -1.563   0.0   0.0  228
 4.500  452.5  90  66  75   1.563  30.0  30.0  457
 4.500  227.5 -90  66  93  -1.563  30.0  30.0  233
 4.500  230.0 -90  66  87  -1.563   0.0   0.0  233
 4.525  222.5  90  66  90  -1.563   0.0   0.0  228
 4.525  225.0  90  66  93  -1.563   0.0   0.0  228
 4.525  227.5  90  66  78  -1.563   0.0   0.0  230
 4.525  452.5  90  66  75  -1.563  30.0  30.0  455
 4.525  225.0 -90  63  75  -1.563   0.0   0.0  232
 4.525  227.5 -90  63  93  -1.563  30.0  30.0  232
 4.525  230.0 -90  63  90  -1.563  30.0  30.0  232
 4.550  222.5  90  66  90  -1.563   0.0   0.0  229
 4.550  225.0  90  66  96  -1.563   0.0   0.0  229
 4.550  227.5  90  66  78  -1.563  30.0  30.0  231
 4.550  452.5  90  66  78   1.563   0.0   0.0  456
 4.550  225.0 -90  63  72  -1.563   0.0   0.0  230
 4.550  227.5 -90  63  93  -1.563  30.0  30.0  233
 4.550  230.0 -90  63  90  -1.563  30.0  30.0  233
 4.550  462.5 -90  63  75  -1.563  30.0  30.0  466
 4.550 1282.5 -90  63  72  -4.688 210.0  30.0 1285
 4.575  222.5  90  54  78  -1.563   0.0   0.0  229
 4.575  225.0  90  54  84  -1.563   0.0   0.0  229
 4.575  227.5  90  54  69  -1.563   0.0   0.0  229
 4.575  452.5  90  54  66  -1.563   0.0   0.0  457
 4.575  225.0 -90  51  63  -1.563  30.0  30.0  231
 4.575  227.5 -90  51  81  -1.563   0.0   0.0  233
 4.575  230.0 -90  51  78  -1.563   0.0   0.0  233
 4.575  462.5 -90  51  63   1.563  30.0  30.0  467
 4.600  222.5  90  54  75  -1.563   0.0   0.0  229
 4.600  225.0  90  54  84  -1.563   0.0   0.0  229
 4.600  227.5  90  54  66  -1.563   0.0   0.0  230
 4.600  452.5  90  54  66  -1.563   0.0   0.0  459
 4.600  455.0  90  54  63  -1.563   0.0   0.0  458
 4.600  127.5 -90  54  63   4.688 270.0  30.0  116
 4.600  177.5 -90  54  63   4.688 270.0  30.0  184
 4.600  227.5 -90  54  81  -1.563   0.0   0.0  233
 4.600  230.0 -90  54  75  -1.563  30.0  30.0  233
 4.625  222.5  90  66  87  -1.563   0.0   0.0  228
 4.625  225.0  90  66  96  -1.563   0.0   0.0  229
 4.625  227.5  90  66  81  -1.563 210.0  30.0  229
 4.625  452.5  90  66  78  -1.563   0.0   0.0  458
 4.625  682.5  90  66  75  -1.563   0.0   0.0  686
 4.625  122.5 -90  66  75  -4.688 330.0  30.0  114
 4.625  225.0 -90  66  75  -1.563 210.0  30.0  230
 4.625  227.5 -90  66  93  -1.563   0.0   0.0  232
 4.625  230.0 -90  66  90  -1.563  30.0  30.0  232
 4.625  460.0 -90  66  75  -1.563 330.0  30.0  463
 4.625  462.5 -90  66  75  -1.563  30.0  30.0  466
 4.650  222.5  90  63  87  -1.563   0.0   0.0  229
 4.650  225.0  90  63  96  -1.563   0.0   0.0  229
 4.650  227.5  90  63  84  -1.563   0.0   0.0  230
 4.650  452.5  90  63  78  -1.563   0.0   0.0  458
 4.650  455.0  90  63  78  -1.563   0.0   0.0  459
 4.650  457.5  90  63  75  -1.563   0.0   0.0  461
 4.650  682.5  90  63  75  -1.563   0.0   0.0  688
 4.650  225.0 -90  63  72   1.563 270.0  30.0  230
 4.650  227.5 -90  63  96  -1.563  30.0  30.0  233
 4.650  230.0 -90  63  90  -1.563  30.0  30.0  233
 4.650  460.0 -90  63  78  -1.563  30.0  30.0  465
 4.650  462.5 -90  63  75  -1.563  30.0  30.0  466
 4.675  222.5  90  66  84  -1.563   0.0   0.0  230
 4.675  225.0  90  66  96  -1.563   0.0   0.0  230
 4.675  227.5  90  66  87   1.563  30.0  30.0  230
 4.675  452.5  90  66  78   1.563   0.0   0.0  459
 4.675  455.0  90  66  81  -1.563   0.0   0.0  458
 4.675  225.0 -90  63  75  -1.563   0.0   0.0  232
 4.675  227.5 -90  63  96  -1.563   0.0   0.0  233
 4.675  230.0 -90  63  90  -1.563   0.0   0.0  233
 4.675  460.0 -90  63  78  -1.563   0.0   0.0  466
 4.675  462.5 -90  63  72   1.563   0.0   0.0  466
 4.675  692.5 -90  63  72  -1.563  30.0  30.0  699
 4.675 1065.0 -90  63  72  -1.563 210.0  30.0 1053
 4.700  222.5  90  69  81  -1.563   0.0   0.0  230
 4.700  225.0  90  69  96  -1.563   0.0   0.0  230
 4.700  227.5  90  69  87  -1.563   0.0   0.0  229
 4.700  452.5  90  69  78   1.563   0.0   0.0  458
 4.700  455.0  90  69  81  -1.563   0.0   0.0  458
 4.700  225.0 -90  66  75  -1.563 210.0  30.0  230
 4.700  227.5 -90  66  93  -1.563  30.0  30.0  233
 4.700  230.0 -90  66  90  -1.563  30.0  30.0  233
 4.700  460.0 -90  66  78  -1.563   0.0   0.0  467
 4.700  462.5 -90  66  75  -1.563   0.0   0.0  467
 4.725  222.5  90  69  81  -1.563   0.0   0.0  229
 4.725  225.0  90  69  96  -1.563   0.0   0.0  229
 4.725  227.5  90  69  90  -1.563   0.0   0.0  229
 4.725  455.0  90  69  78   1.563  30.0  30.0  458
 4.725  227.5 -90  69  96  -1.563  30.0  30.0  232
 4.725  230.0 -90  69  90  -1.563  30.0  30.0  232
 4.750  220.0  90  69  78   1.563  90.0  30.0  219
 4.750  222.5  90  69  78   1.563  30.0  30.0  233
 4.750  225.0  90  69  96  -1.563   0.0   0.0  230
 4.750  227.5  90  69  90  -1.563   0.0   0.0  229
 4.750  230.0  90  69  78  -1.563   0.0   0.0  235
 4.750  225.0 -90  66  75  -1.563 270.0  30.0  228
 4.750  227.5 -90  66  93  -1.563  30.0  30.0  233
 4.750  230.0 -90  66  90  -1.563  30.0  30.0  233
 4.750  232.5 -90  66  75   1.563   0.0   0.0  237
 4.750 1195.0 -90  66  75  -1.563  90.0  30.0 1191
 4.775  222.5  90  66  78  -1.563   0.0   0.0  233
 4.775  225.0  90  66  96  -1.563   0.0   0.0  231
 4.775  227.5  90  66  93  -1.563   0.0   0.0  231
 4.775  455.0  90  66  81  -1.563   0.0   0.0  461
 4.775  457.5  90  66  78   1.563   0.0   0.0  461
 4.775  225.0 -90  66  75   1.563   0.0   0.0  233
 4.775  227.5 -90  66  96  -1.563   0.0   0.0  233
 4.775  230.0 -90  66  90  -1.563   0.0   0.0  233
 4.800  225.0  90  69  96  -1.563   0.0   0.0  230
 4.800  227.5  90  69  93  -1.563   0.0   0.0  230
 4.800  455.0  90  69  81  -1.563   0.0   0.0  460
 4.800  457.5  90  69  78   1.563  30.0  30.0  459
 4.800  227.5 -90  69  96  -1.563  30.0  30.0  233
 4.800  230.0 -90  69  93  -1.563  30.0  30.0  233
 4.825  222.5  90  69  78   1.563   0.0   0.0  225
 4.825  225.0  90  69  96  -1.563   0.0   0.0  231
 4.825  227.5  90  69  93  -1.563  30.0  30.0  231
 4.825  455.0  90  69  78  -1.563  30.0  30.0  459
 4.825   80.0 -90  72  81  -4.688  30.0  30.0   70
 4.825  115.0 -90  72  81  -1.563 270.0  30.0  129
 4.825  120.0 -90  72  81  -1.563 270.0  30.0  135
 4.825  122.5 -90  72  81  -1.563 270.0  30.0  131
 4.825  125.0 -90  72  81  -1.563  30.0  30.0  134
 4.825  127.5 -90  72  81  -1.563  90.0  30.0  136
 4.825  130.0 -90  72  81  -1.563  90.0  30.0  139
 4.825  172.5 -90  72  81  -1.563  30.0  30.0  187
 4.825  175.0 -90  72  81  -1.563  30.0  30.0  164
 4.825  177.5 -90  72  81  -1.563  30.0  30.0  170
 4.825  227.5 -90  72  93  -1.563   0.0   0.0  233
 4.825  230.0 -90  72  93   1.563  30.0  30.0  232
 4.825  750.0 -90  72  81  -1.563  30.0  30.0  741
 4.825  752.5 -90  72  81  -1.563  30.0  30.0  746
 4.825  890.0 -90  72  81  -1.563  30.0  30.0  889
 4.825 1012.5 -90  72  81   4.688  30.0  30.0 1006
 4.825 1015.0 -90  72  81   4.688  30.0  30.0 1013
 4.825 1017.5 -90  72  81   4.688  30.0  30.0 1016
 4.825 1020.0 -90  72  81   4.688  30.0  30.0 1022
 4.825 1022.5 -90  72  81   4.688  30.0  30.0 1023
 4.825 1190.0 -90  72  81   1.563  30.0  30.0 1184
 4.825 1192.5 -90  72  81   4.688  30.0  30.0 1197
 4.825 1195.0 -90  72  81   4.688  30.0  30.0 1203
 4.825 1197.5 -90  72  81  -4.688  30.0  30.0 1184
 4.825 1200.0 -90  72  81  -4.688  30.0  30.0 1187
 4.825 1202.5 -90  72  81  -4.688  30.0  30.0 1191
 4.825 1205.0 -90  72  81  -4.688  30.0  30.0 1193
 4.825 1220.0 -90  72  81  -1.563  30.0  30.0 1213
 4.825 1222.5 -90  72  81  -1.563  30.0  30.0 1217
 4.825 1225.0 -90  72  84  -1.563  30.0  30.0 1214
 4.825 1227.5 -90  72  84  -1.563  30.0  30.0 1220
 4.825 1230.0 -90  72  87  -1.563  30.0  30.0 1221
 4.825 1232.5 -90  72  87  -1.563  30.0  30.0 1238
 4.825 1235.0 -90  72  84  -1.563  30.0  30.0 1247
 4.825 1237.5 -90  72  84  -1.563  30.0  30.0 1249
 4.825 1240.0 -90  72  84  -1.563  30.0  30.0 1250
 4.825 1242.5 -90  72  81  -1.563  30.0  30.0 1251
 4.825 1245.0 -90  72  81  -1.563  30.0  30.0 1252
 4.850  182.5  90  78  87  -1.563 330.0  30.0  176
 4.850  215.0  90  78  87  -1.563 330.0  30.0  216
 4.850  217.5  90  78  87  -1.563 330.0  30.0  221
 4.850  225.0  90  78  93   1.563   0.0   0.0  230
 4.850  227.5  90  78  93  -1.563   0.0   0.0  231
 4.850 1217.5  90  78  87  -4.688 330.0  30.0 1217
 4.850 1237.5  90  78  87  -1.563 330.0  30.0 1238
 4.850 1240.0  90  78  90  -1.563 330.0  30.0 1241
 4.850 1242.5  90  78  90  -1.563 330.0  30.0 1244
 4.850 1245.0  90  78  90  -1.563 330.0  30.0 1246
 4.850 1247.5  90  78  90  -1.563 330.0  30.0 1249
 4.850 1250.0  90  78  90  -1.563 330.0  30.0 1252
 4.850 1252.5  90  78  90  -1.563 330.0  30.0 1256
 4.850 1255.0  90  78  87  -1.563 330.0  30.0 1258
 4.850 1275.0  90  78  87  -1.563 330.0  30.0 1276
 4.850  227.5 -90  78  93  -1.563  30.0  30.0  233
 4.850  230.0 -90  78  90   1.563  30.0  30.0  234
 4.850  485.0 -90  78  87  -1.563  30.0  30.0  498
 4.850  487.5 -90  78  87  -1.563  30.0  30.0  501
 4.850  490.0 -90  78  87  -1.563  30.0  30.0  504
 4.850  492.5 -90  78  87  -1.563  30.0  30.0  507
 4.875  225.0  90  75  93  -1.563   0.0   0.0  230
 4.875  227.5  90  75  96  -1.563  30.0  30.0  231
 4.875 1230.0  90  75  84   1.563 330.0  30.0 1241
 4.875 1232.5  90  75  84  -1.563 330.0  30.0 1227
 4.875 1237.5  90  75  84   1.563 330.0  30.0 1252
 4.875 1262.5  90  75  84  -4.688 330.0  30.0 1268
 4.875 1267.5  90  75  84  -4.688 330.0  30.0 1275
 4.875 1270.0  90  75  84  -4.688 330.0  30.0 1276
 4.875 1272.5  90  75  84  -4.688 330.0  30.0 1258
 4.875 1275.0  90  75  84  -4.688 330.0  30.0 1283
 4.875 1280.0  90  75  84  -1.563 330.0  30.0 1293
 4.875  135.0 -90  72  81   4.688  90.0  30.0  129
 4.875  227.5 -90  72  93  -1.563  30.0  30.0  233
 4.875  230.0 -90  72  93  -1.563  30.0  30.0  233
 4.900  225.0  90  69  93  -1.563   0.0   0.0  231
 4.900  227.5  90  69  96  -1.563   0.0   0.0  231
 4.900  227.5 -90  66  93  -1.563  30.0  30.0  233
 4.900  230.0 -90  66  93  -1.563  30.0  30.0  233
 4.900  460.0 -90  66  78  -1.563  30.0  30.0  465
 4.900  462.5 -90  66  78  -1.563  30.0  30.0  466
 4.925  225.0  90  66  90  -1.563  30.0  30.0  230
 4.925  227.5  90  66  93  -1.563  30.0  30.0  230
 4.925  230.0  90  66  75  -1.563 210.0  30.0  231
 4.925  457.5  90  66  75  -1.563  30.0  30.0  461
 4.925  227.5 -90  66  93  -1.563  30.0  30.0  232
 4.925  230.0 -90  66  93  -1.563  30.0  30.0  232
 4.925  422.5 -90  66  75  -4.688 330.0  30.0  431
 4.925  445.0 -90  66  75  -4.688 330.0  30.0  434
 4.925  460.0 -90  66  81  -1.563  30.0  30.0  464
 4.925  462.5 -90  66  81  -1.563  30.0  30.0  465
 4.950  225.0  90  63  90  -1.563  30.0  30.0  231
 4.950  227.5  90  63  96  -1.563  30.0  30.0  231
 4.950  230.0  90  63  78  -1.563  30.0  30.0  232
 4.950  457.5  90  63  78  -1.563   0.0   0.0  461
 4.950  460.0  90  63  72   1.563  30.0  30.0  465
 4.950  690.0  90  63  72  -1.563   0.0   0.0  691
 4.950  225.0 -90  63  72   1.563   0.0   0.0  230
 4.950  227.5 -90  63  93  -1.563   0.0   0.0  233
 4.950  230.0 -90  63  93  -1.563  30.0  30.0  233
 4.950  460.0 -90  63  78  -1.563  30.0  30.0  466
 4.950  462.5 -90  63  78  -1.563  30.0  30.0  466
 4.975  225.0  90  57  78  -1.563   0.0   0.0  231
 4.975  227.5  90  57  84  -1.563   0.0   0.0  234
 4.975  230.0  90  57  69  -1.563   0.0   0.0  223
 4.975  457.5  90  57  69  -1.563  30.0  30.0  452
 4.975  225.0 -90  54  63  -1.563 210.0  30.0  227
 4.975  227.5 -90  54  81  -1.563  30.0  30.0  227
 4.975  230.0 -90  54  81  -1.563  30.0  30.0  216
 4.975  460.0 -90  54  66  -1.563  30.0  30.0  458
 4.975  462.5 -90  54  63  -1.563  30.0  30.0  458
 5.025  227.5  90  69  87   1.563  30.0  30.0  231
 5.025  227.5 -90  66  78   1.563   0.0   0.0  233
 5.025  230.0 -90  66  81  -1.563  30.0  30.0  233
 5.050  227.5  90  69  84   1.563  30.0  30.0  232
 5.050  227.5 -90  66  81  -1.563   0.0   0.0  233
 5.050  230.0 -90  66  81  -1.563  30.0  30.0  232
 5.075  225.0  90  63  75   1.563   0.0   0.0  231
 5.075  227.5  90  63  84  -1.563  30.0  30.0  232
 5.075  230.0  90  63  75   1.563  30.0  30.0  232
 5.075  227.5 -90  63  78  -1.563  30.0  30.0  233
 5.075  230.0 -90  63  81  -1.563  30.0  30.0  233
 5.100  225.0  90  57  69   1.563  30.0  30.0  233
 5.100  227.5  90  57  84  -1.563  30.0  30.0  232
 5.100  230.0  90  57  75  -1.563 210.0  30.0  232
 5.100  167.5 -90  57  66   1.563 270.0  30.0  158
 5.100  177.5 -90  57  69   4.688 330.0  30.0  175
 5.100  180.0 -90  57  66  -4.688 330.0  30.0  168
 5.100  187.5 -90  57  69  -1.563 270.0  30.0  190
 5.100  190.0 -90  57  69  -1.563 270.0  30.0  197
 5.100  192.5 -90  57  69  -4.688 330.0  30.0  179
 5.100  195.0 -90  57  69   1.563 330.0  30.0  196
 5.100  197.5 -90  57  66   1.563 270.0  30.0  201
 5.100  202.5 -90  57  66   1.563 270.0  30.0  191
 5.100  205.0 -90  57  69   4.688 330.0  30.0  219
 5.100  207.5 -90  57  66   1.563 330.0  30.0  199
 5.100  212.5 -90  57  66  -1.563 270.0  30.0  223
 5.100  215.0 -90  57  66   4.688 330.0  30.0  220
 5.100  217.5 -90  57  66  -4.688 330.0  30.0  225
 5.100  220.0 -90  57  66  -1.563 270.0  30.0  220
 5.100  222.5 -90  57  66   4.688 270.0  30.0  219
 5.100  225.0 -90  57  66   1.563 270.0  30.0  216
 5.100  227.5 -90  57  78   1.563  30.0  30.0  233
 5.100  230.0 -90  57  81  -1.563  30.0  30.0  233
 5.100  232.5 -90  57  69  -4.688 330.0  30.0  224
 5.100  235.0 -90  57  69  -4.688 270.0  30.0  235
 5.100  237.5 -90  57  72   1.563 330.0  30.0  233
 5.100  250.0 -90  57  69   1.563 270.0  30.0  262
 5.100  252.5 -90  57  66  -1.563 270.0  30.0  239
 5.100  260.0 -90  57  66   1.563 150.0  30.0  266
 5.100  262.5 -90  57  69  -4.688 330.0  30.0  249
 5.100  265.0 -90  57  66  -1.563 210.0  30.0  272
 5.100  267.5 -90  57  66   1.563 330.0  30.0  278
 5.100  270.0 -90  57  66  -1.563 330.0  30.0  268
 5.100  272.5 -90  57  66   4.688 330.0  30.0  280
 5.100  277.5 -90  57  66   1.563 270.0  30.0  281
 5.100  285.0 -90  57  69   4.688 330.0  30.0  278
 5.100  287.5 -90  57  66   1.563 330.0  30.0  283
 5.100  305.0 -90  57  66  -1.563 270.0  30.0  292
 5.100  307.5 -90  57  66   4.688 270.0  30.0  302
 5.100  312.5 -90  57  66  -4.688 330.0  30.0  310
 5.100  340.0 -90  57  66   4.688 330.0  30.0  355
 5.100  342.5 -90  57  66  -4.688 270.0  30.0  352
 5.100  347.5 -90  57  66  -4.688 330.0  30.0  362
 5.100  370.0 -90  57  66  -4.688 330.0  30.0  372
 5.100  382.5 -90  57  66   4.688 150.0  30.0  394
 5.100  395.0 -90  57  66  -1.563 330.0  30.0  396
 5.100  462.5 -90  57  69   1.563   0.0   0.0  466
 5.100  505.0 -90  57  66   4.688 330.0  30.0  494
 5.100  515.0 -90  57  66   1.563 330.0  30.0  503
 5.125  225.0  90  57  66  -1.563 210.0  30.0  232
 5.125  227.5  90  57  84  -1.563  30.0  30.0  232
 5.125  230.0  90  57  78  -1.563  30.0  30.0  233
 5.125  227.5 -90  54  75  -1.563   0.0   0.0  234
 5.125  230.0 -90  54  81  -1.563  30.0  30.0  234
 5.125  460.0 -90  54  66  -1.563  30.0  30.0  465
 5.125  462.5 -90  54  69  -1.563  30.0  30.0  467
 5.125  695.0 -90  54  63  -1.563  30.0  30.0  701
 5.125  697.5 -90  54  63   1.563  30.0  30.0  702
 5.125  900.0 -90  54  63  -4.688 330.0  30.0  897
 5.125 1200.0 -90  54  63  -1.563 330.0  30.0 1201
 5.125 1202.5 -90  54  63   4.688 330.0  30.0 1188
 5.125 1205.0 -90  54  63  -1.563 330.0  30.0 1201
 5.125 1212.5 -90  54  63  -1.563 330.0  30.0 1217
 5.125 1215.0 -90  54  63  -4.688 270.0  30.0 1225
 5.125 1220.0 -90  54  63   4.688 330.0  30.0 1215
 5.125 1225.0 -90  54  66   1.563 330.0  30.0 1223
 5.125 1237.5 -90  54  63   1.563 330.0  30.0 1226
 5.125 1242.5 -90  54  63  -1.563 330.0  30.0 1231
 5.125 1245.0 -90  54  63   1.563 270.0  30.0 1234
 5.125 1252.5 -90  54  63  -4.688 330.0  30.0 1238
 5.125 1255.0 -90  54  63  -1.563 270.0  30.0 1244
 5.125 1260.0 -90  54  66   4.688 270.0  30.0 1270
 5.125 1270.0 -90  54  63  -1.563 270.0  30.0 1272
 5.125 1275.0 -90  54  63  -4.688 330.0  30.0 1260
 5.150  225.0  90  54  63  -1.563  30.0  30.0  232
 5.150  227.5  90  54  84  -1.563  30.0  30.0  233
 5.150  230.0  90  54  78  -1.563   0.0   0.0  233
 5.150  462.5  90  54  63  -1.563   0.0   0.0  468
 5.150  227.5 -90  54  75  -1.563   0.0   0.0  233
 5.150  230.0 -90  54  81  -1.563  30.0  30.0  233
 5.150  462.5 -90  54  69  -1.563  30.0  30.0  467
 5.150  465.0 -90  54  63  -1.563   0.0   0.0  469
 5.150  695.0 -90  54  63  -1.563  30.0  30.0  699
 5.175  227.5  90  54  81  -1.563  30.0  30.0  232
 5.175  230.0  90  54  78   1.563   0.0   0.0  233
 5.175  462.5  90  54  63  -1.563 210.0  30.0  465
 5.175  227.5 -90  54  75  -1.563  30.0  30.0  233
 5.175  230.0 -90  54  81  -1.563  30.0  30.0  233
 5.175  460.0 -90  54  63   1.563  30.0  30.0  467
 5.175  462.5 -90  54  69  -1.563  30.0  30.0  467
 5.200  227.5  90  54  81  -1.563  30.0  30.0  233
 5.200  230.0  90  54  81  -1.563  30.0  30.0  233
 5.200  462.5  90  54  63  -1.563  30.0  30.0  469
 5.200  227.5 -90  54  75  -1.563  30.0  30.0  233
 5.200  230.0 -90  54  81  -1.563  30.0  30.0  234
 5.200  462.5 -90  54  69  -1.563  30.0  30.0  467
 5.200  465.0 -90  54  63   1.563  30.0  30.0  469
 5.225  227.5  90  54  81  -1.563  30.0  30.0  233
 5.225  230.0  90  54  81  -1.563  30.0  30.0  233
 5.225  227.5 -90  54  75  -1.563  30.0  30.0  234
 5.225  230.0 -90  54  81  -1.563  30.0  30.0  234
 5.225  462.5 -90  54  69  -1.563   0.0   0.0  466
 5.225 1060.0 -90  54  63  -1.563  30.0  30.0 1064
 5.250  222.5  90  57  66  -1.563   0.0   0.0  227
 5.250  227.5  90  57  78  -1.563  30.0  30.0  234
 5.250  230.0  90  57  81  -1.563  30.0  30.0  234
 5.250  227.5 -90  57  72  -1.563  30.0  30.0  235
 5.250  230.0 -90  57  81  -1.563  30.0  30.0  234
 5.275  227.5  90  69  90  -1.563  30.0  30.0  233
 5.275  230.0  90  69  93  -1.563  30.0  30.0  233
 5.275  227.5 -90  69  84  -1.563  30.0  30.0  236
 5.275  230.0 -90  69  90  -1.563  30.0  30.0  234
 5.300  227.5  90  66  90   1.563  30.0  30.0  233
 5.300  230.0  90  66  93  -1.563  30.0  30.0  234
 5.300  465.0  90  66  75  -1.563  30.0  30.0  472
 5.300  227.5 -90  66  84   1.563   0.0   0.0  235
 5.300  230.0 -90  66  93  -1.563   0.0   0.0  234
 5.300  232.5 -90  66  75   1.563   0.0   0.0  235
 5.300  462.5 -90  66  78  -1.563  30.0  30.0  468
 5.300  465.0 -90  66  81  -1.563  30.0  30.0  467
 5.325  227.5  90  66  87  -1.563  30.0  30.0  234
 5.325  230.0  90  66  93  -1.563  30.0  30.0  233
 5.325  232.5  90  66  75  -1.563  30.0  30.0  234
 5.325  462.5  90  66  75  -1.563 210.0  30.0  468
 5.325  962.5  90  66  75  -4.688 150.0  30.0  950
 5.325  967.5  90  66  75   4.688 150.0  30.0  955
 5.325 1007.5  90  66  75   4.688  90.0  30.0 1002
 5.325 1012.5  90  66  75  -4.688 150.0  30.0 1023
 5.325 1017.5  90  66  75   1.563 150.0  30.0 1017
 5.325  227.5 -90  66  81  -1.563  30.0  30.0  234
 5.325  230.0 -90  66  93  -1.563   0.0   0.0  234
 5.325  232.5 -90  66  78  -1.563   0.0   0.0  233
 5.325  462.5 -90  66  81  -1.563   0.0   0.0  468
 5.325  465.0 -90  66  81  -1.563  30.0  30.0  468
 5.350  227.5  90  66  84  -1.563  30.0  30.0  234
 5.350  230.0  90  66  93  -1.563  30.0  30.0  234
 5.350  227.5 -90  66  81  -1.563  30.0  30.0  234
 5.350  230.0 -90  66  93  -1.563   0.0   0.0  234
 5.350  232.5 -90  66  78  -1.563  30.0  30.0  234
 5.350  462.5 -90  66  75   1.563   0.0   0.0  469
 5.350  465.0 -90  66  75   1.563  30.0  30.0  469
 5.350 1062.5 -90  66  75  -1.563 330.0  30.0 1058
 5.375  227.5  90  66  84  -1.563  30.0  30.0  234
 5.375  230.0  90  66  93  -1.563  30.0  30.0  234
 5.375  232.5  90  66  75  -1.563  30.0  30.0  235
 5.375  227.5 -90  63  81  -1.563  30.0  30.0  234
 5.375  230.0 -90  63  93  -1.563  30.0  30.0  235
 5.375  232.5 -90  63  78   1.563  30.0  30.0  235
 5.375  462.5 -90  63  75  -1.563   0.0   0.0  469
 5.375  465.0 -90  63  72  -1.563   0.0   0.0  467
 5.375  467.5 -90  63  72  -1.563  30.0  30.0  472
 5.375  697.5 -90  63  72   1.563   0.0   0.0  701
 5.375 1060.0 -90  63  72  -1.563   0.0   0.0 1064
 5.375 1062.5 -90  63  72  -1.563   0.0   0.0 1064
 5.400  227.5  90  63  81  -1.563  30.0  30.0  235
 5.400  230.0  90  63  93  -1.563  30.0  30.0  234
 5.400  232.5  90  63  78  -1.563  30.0  30.0  234
 5.400  465.0  90  63  72  -1.563  30.0  30.0  470
 5.400 1057.5  90  63  72  -1.563 330.0  30.0 1047
 5.400 1060.0  90  63  72   1.563   0.0   0.0 1064
 5.400  227.5 -90  63  81  -1.563  30.0  30.0  235
 5.400  230.0 -90  63  93  -1.563  30.0  30.0  235
 5.400  232.5 -90  63  81  -1.563  30.0  30.0  235
 5.400  462.5 -90  63  75  -1.563   0.0   0.0  468
 5.400  465.0 -90  63  78   1.563  30.0  30.0  469
 5.400  697.5 -90  63  72  -1.563  30.0  30.0  703
 5.400 1060.0 -90  63  72  -1.563 210.0  30.0 1056
 5.425  227.5  90  63  78  -1.563  30.0  30.0  234
 5.425  230.0  90  63  93  -1.563  30.0  30.0  234
 5.425  232.5  90  63  81  -1.563  30.0  30.0  233
 5.425  465.0  90  63  72  -1.563  30.0  30.0  469
 5.425  697.5  90  63  72  -1.563  30.0  30.0  701
 5.425 1172.5  90  63  72  -1.563   0.0   0.0 1161
 5.425 1175.0  90  63  72  -1.563   0.0   0.0 1175
 5.425  227.5 -90  63  78  -1.563  30.0  30.0  234
 5.425  230.0 -90  63  93  -1.563  30.0  30.0  234
 5.425  232.5 -90  63  81   1.563  30.0  30.0  235
 5.425  462.5 -90  63  72  -1.563  30.0  30.0  467
 5.425  465.0 -90  63  78  -1.563  30.0  30.0  468
 5.425  697.5 -90  63  72   1.563   0.0   0.0  701
 5.425 1060.0 -90  63  75  -1.563   0.0   0.0 1060
 5.450  230.0  90  78  93  -1.563  30.0  30.0  235
 5.450  530.0  90  78  87  -1.563 330.0  30.0  531
 5.450  570.0  90  78  87  -4.688 330.0  30.0  563
 5.450  595.0  90  78  87  -1.563 330.0  30.0  606
 5.450  602.5  90  78  87   1.563 330.0  30.0  590
 5.450  607.5  90  78  87  -1.563 330.0  30.0  605
 5.450  612.5  90  78  90  -4.688 330.0  30.0  618
 5.450  627.5  90  78  87  -1.563 330.0  30.0  637
 5.450  630.0  90  78  87   1.563 330.0  30.0  644
 5.450  635.0  90  78  87   1.563 330.0  30.0  647
 5.450  637.5  90  78  87  -1.563 330.0  30.0  631
 5.450  647.5  90  78  87   4.688 330.0  30.0  643
 5.450  230.0 -90  75  93  -1.563  30.0  30.0  235
 5.450  232.5 -90  75  84  -1.563  30.0  30.0  235
 5.475  227.5  90  66  75   1.563  30.0  30.0  234
 5.475  230.0  90  66  93  -1.563  30.0  30.0  236
 5.475  232.5  90  66  87  -1.563  30.0  30.0  236
 5.475  465.0  90  66  75  -1.563 210.0  30.0  471
 5.475  697.5  90  66  75  -1.563  30.0  30.0  703
 5.475  700.0  90  66  78  -1.563  30.0  30.0  705
 5.475  227.5 -90  66  78  -1.563  30.0  30.0  236
 5.475  230.0 -90  66  93  -1.563  30.0  30.0  236
 5.475  232.5 -90  66  87  -1.563  30.0  30.0  236
 5.475  465.0 -90  66  78  -1.563  30.0  30.0  470
 5.500  230.0  90  66  93  -1.563  30.0  30.0  235
 5.500  232.5  90  66  87  -1.563  30.0  30.0  235
 5.500  700.0  90  66  78  -1.563  30.0  30.0  704
 5.500 1060.0  90  66  75  -1.563 330.0  30.0 1075
 5.500  220.0 -90  63  72   1.563 150.0  30.0  212
 5.500  227.5 -90  63  75  -1.563  30.0  30.0  235
 5.500  230.0 -90  63  93  -1.563  30.0  30.0  235
 5.500  232.5 -90  63  87  -1.563  30.0  30.0  235
 5.500  465.0 -90  63  75  -1.563  30.0  30.0  469
 5.500  467.5 -90  63  72  -1.563  30.0  30.0  472
 5.500  700.0 -90  63  75  -1.563  30.0  30.0  703
 5.500 1060.0 -90  63  72   1.563 210.0  30.0 1056
 5.500 1062.5 -90  63  72  -1.563 210.0  30.0 1062
 5.525  227.5  90  63  72  -1.563  30.0  30.0  231
 5.525  230.0  90  63  93  -1.563  30.0  30.0  233
 5.525  232.5  90  63  87  -1.563  30.0  30.0  233
 5.525  465.0  90  63  72   1.563  30.0  30.0  467
 5.525  700.0  90  63  75   1.563   0.0   0.0  703
 5.525 1057.5  90  63  72   1.563 330.0  30.0 1050
 5.525 1060.0  90  63  72   1.563 210.0  30.0 1066
 5.525  227.5 -90  63  72  -1.563   0.0   0.0  232
 5.525  230.0 -90  63  93  -1.563  30.0  30.0  233
 5.525  232.5 -90  63  87  -1.563  30.0  30.0  233
 5.525  700.0 -90  63  75  -1.563  30.0  30.0  703
 5.525 1060.0 -90  63  75  -1.563 330.0  30.0 1051
 5.525 1062.5 -90  63  72  -1.563 210.0  30.0 1061
 5.550  230.0  90  63  90  -1.563  30.0  30.0  235
 5.550  232.5  90  63  90  -1.563  30.0  30.0  235
 5.550  465.0  90  63  75  -1.563  30.0  30.0  469
 5.550  700.0  90  63  75  -1.563  30.0  30.0  705
 5.550  702.5  90  63  72   1.563  30.0  30.0  705
 5.550 1060.0  90  63  75  -1.563 210.0  30.0 1064
 5.550  230.0 -90  63  93  -1.563  30.0  30.0  235
 5.550  232.5 -90  63  90  -1.563  30.0  30.0  235
 5.550  465.0 -90  63  72  -1.563  30.0  30.0  470
 5.550  700.0 -90  63  72  -1.563  30.0  30.0  706
 5.550 1060.0 -90  63  72  -1.563 330.0  30.0 1075
 5.575  230.0  90  66  90  -1.563 210.0  30.0  237
 5.575  232.5  90  66  90  -1.563  30.0  30.0  237
 5.575  465.0  90  66  75  -1.563  30.0  30.0  473
 5.575  467.5  90  66  78   1.563 210.0  30.0  473
 5.575  495.0  90  66  75   1.563 330.0  30.0  496
 5.575  497.5  90  66  75   4.688 330.0  30.0  489
 5.575  527.5  90  66  75  -4.688 330.0  30.0  542
 5.575  537.5  90  66  75  -4.688 330.0  30.0  551
 5.575  565.0  90  66  75  -1.563 330.0  30.0  579
 5.575 1060.0  90  66  75  -1.563 210.0  30.0 1067
 5.575 1150.0  90  66  75  -4.688 330.0  30.0 1148
 5.575 1160.0  90  66  75   4.688 330.0  30.0 1148
 5.575  230.0 -90  66  93  -1.563  30.0  30.0  237
 5.575  232.5 -90  66  90  -1.563  30.0  30.0  237
 5.575 1060.0 -90  66  75  -1.563  30.0  30.0 1054
 5.600  230.0  90  66  87  -1.563  30.0  30.0  236
 5.600  232.5  90  66  90  -1.563  30.0  30.0  236
 5.600  465.0  90  66  75  -1.563  30.0  30.0  472
 5.600  467.5  90  66  81  -1.563  30.0  30.0  472
 5.600 1060.0  90  66  75  -1.563 210.0  30.0 1060
 5.600  230.0 -90  63  93  -1.563   0.0   0.0  236
 5.600  232.5 -90  63  90  -1.563  30.0  30.0  235
 5.600  465.0 -90  63  72  -1.563   0.0   0.0  475
 5.600  467.5 -90  63  72   1.563   0.0   0.0  468
 5.600 1060.0 -90  63  72  -1.563 330.0  30.0 1068
 5.625  230.0  90  66  87  -1.563  30.0  30.0  236
 5.625  232.5  90  66  90  -1.563  30.0  30.0  236
 5.625  465.0  90  66  75   1.563  30.0  30.0  471
 5.625  467.5  90  66  84  -1.563  30.0  30.0  472
 5.625  470.0  90  66  75  -1.563  30.0  30.0  473
 5.625  702.5  90  66  78  -1.563 210.0  30.0  707
 5.625  230.0 -90  66  93  -1.563   0.0   0.0  235
 5.625  232.5 -90  66  93  -1.563   0.0   0.0  235
 5.625  467.5 -90  66  75  -1.563   0.0   0.0  471
 5.650  230.0  90  66  84  -1.563  30.0  30.0  236
 5.650  232.5  90  66  93  -1.563  30.0  30.0  236
 5.650  235.0  90  66  75  -1.563  30.0  30.0  237
 5.650  467.5  90  66  84  -1.563  30.0  30.0  472
 5.650  470.0  90  66  75   1.563  30.0  30.0  471
 5.650  702.5  90  66  78  -1.563   0.0   0.0  709
 5.650  992.5  90  66  75  -1.563 210.0  30.0  994
 5.650  230.0 -90  66  93  -1.563   0.0   0.0  236
 5.650  232.5 -90  66  93  -1.563   0.0   0.0  236
 5.650  465.0 -90  66  75  -1.563   0.0   0.0  470
 5.650  467.5 -90  66  75  -1.563   0.0   0.0  470
 5.725  230.0  90  57  69   1.563  30.0  30.0  236
 5.725  232.5  90  57  81  -1.563  30.0  30.0  236
 5.725  235.0  90  57  69  -1.563  30.0  30.0  237
 5.725  467.5  90  57  66   1.563  30.0  30.0  472
 5.725  470.0  90  57  69  -1.563  30.0  30.0  473
 5.725 1275.0  90  57  66   4.688  90.0  30.0 1260
 5.725  230.0 -90  54  78  -1.563   0.0   0.0  235
 5.725  232.5 -90  54  81  -1.563   0.0   0.0  235
 5.725  845.0 -90  54  63  -1.563 330.0  30.0  845
 5.725  982.5 -90  54  63  -4.688 330.0  30.0  974
 5.725 1007.5 -90  54  63   1.563  30.0  30.0 1001
 5.725 1117.5 -90  54  63  -1.563 330.0  30.0 1127
 5.725 1122.5 -90  54  63   4.688 270.0  30.0 1120
 5.725 1132.5 -90  54  63  -4.688 270.0  30.0 1133
 5.725 1140.0 -90  54  63  -1.563 330.0  30.0 1136
 5.725 1157.5 -90  54  63  -1.563 270.0  30.0 1166
 5.725 1162.5 -90  54  63  -1.563 330.0  30.0 1158
 5.725 1175.0 -90  54  63  -4.688 330.0  30.0 1171
 5.750  230.0  90  54  69  -1.563  30.0  30.0  237
 5.750  232.5  90  54  81  -1.563  30.0  30.0  237
 5.750  235.0  90  54  69  -1.563  30.0  30.0  237
 5.750  467.5  90  54  63   1.563  30.0  30.0  474
 5.750  470.0  90  54  66  -1.563  30.0  30.0  474
 5.750  230.0 -90  54  78  -1.563   0.0   0.0  236
 5.750  232.5 -90  54  84  -1.563   0.0   0.0  236
 5.750  235.0 -90  54  63   1.563   0.0   0.0  236
 5.750  467.5 -90  54  66  -1.563   0.0   0.0  472
 5.775  230.0  90  60  69  -1.563  30.0  30.0  238
 5.775  232.5  90  60  81  -1.563  30.0  30.0  238
 5.775  235.0  90  60  75   1.563  30.0  30.0  239
 5.775  470.0  90  60  69  -1.563 210.0  30.0  475
 5.775  230.0 -90  63  78  -1.563  30.0  30.0  237
 5.775  232.5 -90  63  84  -1.563   0.0   0.0  237
 5.800  215.0  90  63  72  -1.563  90.0  30.0  201
 5.800  217.5  90  63  72  -1.563  90.0  30.0  227
 5.800  220.0  90  63  72  -1.563  90.0  30.0  229
 5.800  222.5  90  63  72  -1.563  90.0  30.0  232
 5.800  232.5  90  63  81  -1.563  30.0  30.0  237
 5.800  235.0  90  63  75  -1.563  30.0  30.0  236
 5.800  940.0  90  63  72   4.688 330.0  30.0  932
 5.800  962.5  90  63  72  -4.688 330.0  30.0  967
 5.800  965.0  90  63  72  -4.688  90.0  30.0  970
 5.800  967.5  90  63  72   4.688 330.0  30.0  972
 5.800  970.0  90  63  72  -4.688  90.0  30.0  974
 5.800  972.5  90  63  72  -4.688  90.0  30.0  973
 5.800  975.0  90  63  72  -4.688 330.0  30.0  981
 5.800  977.5  90  63  72   4.688 330.0  30.0  987
 5.800 1245.0  90  63  72  -4.688 330.0  30.0 1256
 5.800  230.0 -90  66  75  -1.563   0.0   0.0  235
 5.800  232.5 -90  66  84  -1.563   0.0   0.0  236
 5.800 1045.0 -90  66  75   4.688 270.0  30.0 1030
 5.825  232.5  90  66  81  -1.563  30.0  30.0  235
 5.825  235.0  90  66  78   1.563  30.0  30.0  234
 5.825  230.0 -90  66  78  -1.563  30.0  30.0  234
 5.825  232.5 -90  66  84  -1.563   0.0   0.0  235
 5.850  232.5  90  63  81  -1.563   0.0   0.0  238
 5.850  235.0  90  63  81  -1.563  30.0  30.0  237
 5.850  232.5 -90  66  84  -1.563   0.0   0.0  236
 5.875  232.5  90  63  81   1.563  30.0  30.0  239
 5.875  235.0  90  63  81  -1.563   0.0   0.0  240
 5.875  470.0  90  63  72  -1.563  30.0  30.0  478
 5.875  230.0 -90  63  75  -1.563   0.0   0.0  238
 5.875  232.5 -90  63  84  -1.563   0.0   0.0  238
 5.875  235.0 -90  63  72   1.563 210.0  30.0  240
 5.900  232.5  90  57  78  -1.563  30.0  30.0  238
 5.900  235.0  90  57  81  -1.563  30.0  30.0  238
 5.900  470.0  90  57  66   1.563   0.0   0.0  477
 5.900  472.5  90  57  72  -1.563  30.0  30.0  477
 5.900  710.0  90  57  66   1.563   0.0   0.0  715
 5.900  230.0 -90  60  69  -1.563   0.0   0.0  239
 5.900  232.5 -90  60  84  -1.563   0.0   0.0  237
 5.900  235.0 -90  60  72  -1.563  30.0  30.0  238
 5.925  232.5  90  63  78  -1.563  30.0  30.0  238
 5.925  235.0  90  63  81  -1.563  30.0  30.0  239
 5.925  472.5  90  63  72  -1.563   0.0   0.0  476
 5.925  232.5 -90  63  84  -1.563   0.0   0.0  237
 5.925  235.0 -90  63  75   1.563  30.0  30.0  237
 5.950  232.5  90  57  75  -1.563   0.0   0.0  239
 5.950  235.0  90  57  81  -1.563  30.0  30.0  239
 5.950  472.5  90  57  72  -1.563  30.0  30.0  478
 5.950  230.0 -90  57  69  -1.563  30.0  30.0  239
 5.950  232.5 -90  57  84  -1.563   0.0   0.0  237
 5.950  235.0 -90  57  75  -1.563   0.0   0.0  238
 5.950  470.0 -90  57  72  -1.563   0.0   0.0  476
 5.975  232.5  90  63  75  -1.563  30.0  30.0  238
 5.975  235.0  90  63  81  -1.563   0.0   0.0  238
 5.975  232.5 -90  60  84  -1.563   0.0   0.0  238
 5.975  235.0 -90  60  78  -1.563   0.0   0.0  236
 5.975  470.0 -90  60  69   1.563  30.0  30.0  476
 6.000  232.5  90  63  72   1.563  30.0  30.0  239
 6.000  235.0  90  63  84  -1.563  30.0  30.0  239
 6.000  232.5 -90  60  84  -1.563   0.0   0.0  237
 6.000  235.0 -90  60  78  -1.563  30.0  30.0  238
 6.000  470.0 -90  60  69  -1.563  30.0  30.0  476
 6.025  235.0  90  63  81  -1.563  30.0  30.0  239
 6.025  232.5 -90  66  81  -1.563   0.0   0.0  237
 6.025  235.0 -90  66  78  -1.563   0.0   0.0  237
 6.050  235.0  90  63  81  -1.563   0.0   0.0  240
 6.050  237.5  90  63  72   1.563  30.0  30.0  240
 6.050  232.5 -90  63  81  -1.563   0.0   0.0  238
 6.050  235.0 -90  63  81  -1.563   0.0   0.0  238
 6.075  235.0  90  57  81  -1.563 210.0  30.0  241
 6.075  237.5  90  57  75  -1.563 210.0  30.0  241
 6.075  232.5 -90  57  81  -1.563   0.0   0.0  239
 6.075  235.0 -90  57  78  -1.563   0.0   0.0  238
 6.075  470.0 -90  57  66  -1.563 210.0  30.0  478
 6.100  235.0  90  54  78  -1.563  30.0  30.0  240
 6.100  237.5  90  54  75  -1.563  30.0  30.0  239
 6.100  475.0  90  54  63  -1.563  30.0  30.0  479
 6.100  477.5  90  54  63   1.563 210.0  30.0  484
 6.100  990.0  90  54  66  -1.563 210.0  30.0  982
 6.100  232.5 -90  57  78  -1.563   0.0   0.0  238
 6.100  235.0 -90  57  81  -1.563   0.0   0.0  238
 6.100  472.5 -90  57  66  -1.563  30.0  30.0  475
 6.125  235.0  90  54  78  -1.563   0.0   0.0  241
 6.125  237.5  90  54  75   1.563   0.0   0.0  241
 6.125  475.0  90  54  63  -1.563 210.0  30.0  482
 6.125  477.5  90  54  63  -1.563   0.0   0.0  482
 6.125  232.5 -90  54  78  -1.563   0.0   0.0  239
 6.125  235.0 -90  54  81  -1.563   0.0   0.0  239
 6.125  470.0 -90  54  63  -1.563   0.0   0.0  479
 6.125  472.5 -90  54  66  -1.563   0.0   0.0  477
 6.125 1060.0 -90  54  63  -1.563 210.0  30.0 1066
 6.150  235.0  90  54  78  -1.563  30.0  30.0  241
 6.150  237.5  90  54  75   1.563   0.0   0.0  241
 6.150  475.0  90  54  63  -1.563   0.0   0.0  480
 6.150  232.5 -90  54  78  -1.563   0.0   0.0  239
 6.150  235.0 -90  54  81  -1.563   0.0   0.0  238
 6.150  470.0 -90  54  63  -1.563  30.0  30.0  477
 6.150  472.5 -90  54  69  -1.563   0.0   0.0  477
 6.175  235.0  90  54  78  -1.563  30.0  30.0  240
 6.175  237.5  90  54  78  -1.563  30.0  30.0  240
 6.175  475.0  90  54  63  -1.563  30.0  30.0  479
 6.175  477.5  90  54  63  -1.563  30.0  30.0  482
 6.175  232.5 -90  54  75  -1.563  30.0  30.0  239
 6.175  235.0 -90  54  81  -1.563  30.0  30.0  239
 6.175  472.5 -90  54  69   1.563  30.0  30.0  477
 6.250  235.0  90  54  72  -1.563   0.0   0.0  241
 6.250  237.5  90  54  81  -1.563   0.0   0.0  241
 6.250  240.0  90  54  63  -1.563   0.0   0.0  243
 6.250  477.5  90  54  63   1.563  30.0  30.0  481
 6.250 1060.0  90  54  63   1.563 210.0  30.0 1064
 6.250 1065.0  90  54  63  -1.563 210.0  30.0 1065
 6.250  232.5 -90  54  72  -1.563   0.0   0.0  239
 6.250  235.0 -90  54  84  -1.563   0.0   0.0  239
 6.250  237.5 -90  54  69  -1.563  30.0  30.0  240
 6.250  472.5 -90  54  66  -1.563   0.0   0.0  478
 6.250  475.0 -90  54  63   1.563 210.0  30.0  482
 6.275  235.0  90  51  72  -1.563  30.0  30.0  242
 6.275  237.5  90  51  81  -1.563  30.0  30.0  243
 6.275  240.0  90  51  66  -1.563   0.0   0.0  242
 6.275  477.5  90  51  63  -1.563  30.0  30.0  482
 6.275  990.0  90  51  63  -1.563 210.0  30.0  994
 6.275 1062.5  90  51  60  -1.563 210.0  30.0 1059
 6.275 1065.0  90  51  63   1.563 210.0  30.0 1071
 6.275  232.5 -90  51  69   1.563  30.0  30.0  240
 6.275  235.0 -90  51  84  -1.563   0.0   0.0  240
 6.275  237.5 -90  51  69  -1.563   0.0   0.0  241
 6.275  472.5 -90  51  66  -1.563  30.0  30.0  479
 6.275  475.0 -90  51  66  -1.563   0.0   0.0  480
 6.275  990.0 -90  51  60  -1.563 150.0  30.0  992
 6.275 1065.0 -90  51  60   1.563   0.0   0.0 1066
 6.275 1067.5 -90  51  60  -1.563  90.0  30.0 1069
 6.300  235.0  90  54  66  -1.563 210.0  30.0  242
 6.300  237.5  90  54  81  -1.563   0.0   0.0  242
 6.300  240.0  90  54  69  -1.563   0.0   0.0  242
 6.300  477.5  90  54  63  -1.563  30.0  30.0  484
 6.300  480.0  90  54  63  -1.563  30.0  30.0  485
 6.300  990.0  90  54  63  -1.563 210.0  30.0  991
 6.300  232.5 -90  54  69  -1.563   0.0   0.0  240
 6.300  235.0 -90  54  81  -1.563   0.0   0.0  239
 6.300  237.5 -90  54  72  -1.563 210.0  30.0  240
 6.300  472.5 -90  54  66  -1.563  30.0  30.0  478
 6.300  475.0 -90  54  69  -1.563   0.0   0.0  479
 6.325  235.0  90  54  63  -1.563  30.0  30.0  240
 6.325  237.5  90  54  81  -1.563  30.0  30.0  241
 6.325  240.0  90  54  72   1.563 210.0  30.0  241
 6.325  480.0  90  54  66  -1.563  30.0  30.0  483
 6.325  720.0  90  54  63  -1.563 210.0  30.0  722
 6.325  990.0  90  54  63   1.563 210.0  30.0  981
 6.325  232.5 -90  54  66  -1.563  30.0  30.0  238
 6.325  235.0 -90  54  81  -1.563   0.0   0.0  239
 6.325  237.5 -90  54  75  -1.563   0.0   0.0  239
 6.325  472.5 -90  54  66  -1.563   0.0   0.0  477
 6.325  475.0 -90  54  69  -1.563   0.0   0.0  478
 6.350  237.5  90  54  81  -1.563   0.0   0.0  242
 6.350  240.0  90  54  75  -1.563   0.0   0.0  242
 6.350  480.0  90  54  63  -1.563   0.0   0.0  484
 6.350  232.5 -90  54  63   1.563  30.0  30.0  239
 6.350  235.0 -90  54  81  -1.563   0.0   0.0  240
 6.350  237.5 -90  54  75  -1.563   0.0   0.0  240
 6.350  475.0 -90  54  72  -1.563  30.0  30.0  479
 6.375  235.0  90  66  75  -1.563 210.0  30.0  242
 6.375  237.5  90  66  93  -1.563   0.0   0.0  244
 6.375  240.0  90  66  90  -1.563   0.0   0.0  244
 6.375  480.0  90  66  75  -1.563  30.0  30.0  485
 6.375  232.5 -90  66  75   1.563   0.0   0.0  245
 6.375  235.0 -90  66  93  -1.563   0.0   0.0  241
 6.375  237.5 -90  66  90  -1.563 210.0  30.0  241
 6.375  475.0 -90  66  84  -1.563   0.0   0.0  481
 6.375  477.5 -90  66  75  -1.563   0.0   0.0  482
 6.375  715.0 -90  66  75  -1.563 210.0  30.0  721
 6.400  237.5  90  69  93  -1.563   0.0   0.0  243
 6.400  240.0  90  69  90  -1.563   0.0   0.0  243
 6.400  235.0 -90  69  93  -1.563  30.0  30.0  240
 6.400  237.5 -90  69  90  -1.563   0.0   0.0  241
 6.400  475.0 -90  69  81  -1.563  30.0  30.0  480
 6.425  237.5  90  69  90  -1.563  30.0  30.0  243
 6.425  240.0  90  69  90   1.563  30.0  30.0  243
 6.425  235.0 -90  69  93  -1.563  30.0  30.0  241
 6.425  237.5 -90  69  90  -1.563  30.0  30.0  241
 6.425  475.0 -90  69  81  -1.563  30.0  30.0  479
 6.450  237.5  90  66  90  -1.563   0.0   0.0  243
 6.450  240.0  90  66  90   1.563   0.0   0.0  244
 6.450  480.0  90  66  75  -1.563 210.0  30.0  489
 6.450  482.5  90  66  81  -1.563 210.0  30.0  487
 6.450  235.0 -90  66  93  -1.563 210.0  30.0  241
 6.450  237.5 -90  66  93  -1.563 210.0  30.0  240
 6.450  475.0 -90  66  78  -1.563  30.0  30.0  478
 6.450  477.5 -90  66  78  -1.563 210.0  30.0  480
 6.475  237.5  90  69  87  -1.563   0.0   0.0  244
 6.475  240.0  90  69  90  -1.563   0.0   0.0  243
 6.475  482.5  90  69  81  -1.563  30.0  30.0  487
 6.475  485.0  90  69  78  -1.563   0.0   0.0  488
 6.475  235.0 -90  69  90  -1.563  30.0  30.0  240
 6.475  237.5 -90  69  93  -1.563  30.0  30.0  241
 6.475  477.5 -90  69  78  -1.563   0.0   0.0  480
 6.500  237.5  90  69  84  -1.563  30.0  30.0  243
 6.500  240.0  90  69  93  -1.563   0.0   0.0  244
 6.500  482.5  90  69  78   1.563   0.0   0.0  488
 6.500  485.0  90  69  78  -1.563 210.0  30.0  487
 6.500  235.0 -90  69  90  -1.563 210.0  30.0  241
 6.500  237.5 -90  69  93  -1.563 210.0  30.0  241
 6.500  477.5 -90  69  78   1.563  30.0  30.0  481
 6.525  237.5  90  66  84  -1.563 210.0  30.0  244
 6.525  240.0  90  66  93  -1.563 210.0  30.0  244
 6.525  242.5  90  66  78  -1.563 210.0  30.0  245
 6.525  990.0  90  66  75  -1.563 210.0  30.0  980
 6.525 1060.0  90  66  75  -1.563 150.0  30.0 1056
 6.525  235.0 -90  66  90  -1.563 210.0  30.0  241
 6.525  237.5 -90  66  93  -1.563 210.0  30.0  241
 6.525  240.0 -90  66  78  -1.563 210.0  30.0  242
 6.525  477.5 -90  66  81  -1.563  30.0  30.0  481
 6.525  987.5 -90  66  75  -1.563 150.0  30.0  974
 6.525  990.0 -90  66  75   1.563 210.0  30.0  999
 6.525 1060.0 -90  66  75  -1.563  90.0  30.0 1066
 6.550  237.5  90  66  78  -1.563 210.0  30.0  245
 6.550  240.0  90  66  93  -1.563 210.0  30.0  244
 6.550  242.5  90  66  81   1.563 210.0  30.0  244
 6.550  987.5  90  66  75  -1.563 210.0  30.0  994
 6.550  990.0  90  66  78  -1.563 210.0  30.0  988
 6.550  235.0 -90  66  87  -1.563  30.0  30.0  241
 6.550  237.5 -90  66  96  -1.563 210.0  30.0  241
 6.550  240.0 -90  66  75  -1.563   0.0   0.0  242
 6.550  477.5 -90  66  78  -1.563 210.0  30.0  482
 6.550  987.5 -90  66  75  -1.563  90.0  30.0 1002
 6.575  237.5  90  66  75  -1.563   0.0   0.0  245
 6.575  240.0  90  66  93  -1.563 210.0  30.0  245
 6.575  242.5  90  66  81  -1.563 210.0  30.0  245
 6.575  987.5  90  66  75  -1.563 210.0  30.0  988
 6.575  990.0  90  66  78  -1.563 210.0  30.0  991
 6.575  235.0 -90  66  87  -1.563 210.0  30.0  241
 6.575  237.5 -90  66  96  -1.563 210.0  30.0  242
 6.575  240.0 -90  66  78  -1.563 210.0  30.0  242
 6.575  477.5 -90  66  78  -1.563 210.0  30.0  482
 6.575  987.5 -90  66  75   1.563  90.0  30.0  992
 6.575  990.0 -90  66  75  -1.563   0.0   0.0  985
 6.575 1062.5 -90  66  75  -1.563 270.0  30.0 1067
 6.600  240.0  90  66  90  -1.563 210.0  30.0  245
 6.600  242.5  90  66  84  -1.563  30.0  30.0  245
 6.600  485.0  90  66  75   1.563 210.0  30.0  487
 6.600  990.0  90  66  75  -1.563 210.0  30.0  984
 6.600  235.0 -90  66  84  -1.563  30.0  30.0  242
 6.600  237.5 -90  66  96  -1.563 210.0  30.0  242
 6.600  240.0 -90  66  81  -1.563  30.0  30.0  241
 6.600  477.5 -90  66  78  -1.563 210.0  30.0  483
 6.600  987.5 -90  66  78  -1.563  90.0  30.0  991
 6.600  990.0 -90  66  75  -1.563 270.0  30.0  994
 6.625  240.0  90  63  90  -1.563 210.0  30.0  245
 6.625  242.5  90  63  87  -1.563 210.0  30.0  245
 6.625  485.0  90  63  75  -1.563  30.0  30.0  490
 6.625  987.5  90  63  72  -1.563 150.0  30.0  974
 6.625  990.0  90  63  75  -1.563 210.0  30.0  993
 6.625 1060.0  90  63  72  -1.563 210.0  30.0 1072
 6.625 1062.5  90  63  72  -1.563 210.0  30.0 1059
 6.625  235.0 -90  63  81  -1.563 210.0  30.0  242
 6.625  237.5 -90  63  96  -1.563 210.0  30.0  242
 6.625  240.0 -90  63  84  -1.563 210.0  30.0  242
 6.625  477.5 -90  63  78  -1.563  30.0  30.0  483
 6.625  480.0 -90  63  78  -1.563  30.0  30.0  484
 6.625  987.5 -90  63  75  -1.563 210.0  30.0  988
 6.625  990.0 -90  63  75  -1.563 210.0  30.0  990
 6.625 1060.0 -90  63  72  -1.563 150.0  30.0 1075
 6.625 1062.5 -90  63  75  -1.563 150.0  30.0 1073
 6.650  240.0  90  63  90  -1.563  30.0  30.0  245
 6.650  242.5  90  63  87  -1.563 210.0  30.0  245
 6.650  485.0  90  63  72   1.563  30.0  30.0  491
 6.650  487.5  90  63  72  -1.563  30.0  30.0  490
 6.650  987.5  90  63  72  -1.563 210.0  30.0  987
 6.650  990.0  90  63  78  -1.563 210.0  30.0  992
 6.650  235.0 -90  63  81   1.563 210.0  30.0  243
 6.650  237.5 -90  63  96  -1.563 210.0  30.0  242
 6.650  240.0 -90  63  84  -1.563 210.0  30.0  242
 6.650  477.5 -90  63  78  -1.563 210.0  30.0  484
 6.650  480.0 -90  63  81  -1.563 210.0  30.0  484
 6.650  987.5 -90  63  72  -1.563  90.0  30.0  985
 6.650  990.0 -90  63  72  -1.563 210.0  30.0  991
 6.650 1062.5 -90  63  72  -1.563 210.0  30.0 1050
 6.675  240.0  90  63  90  -1.563 210.0  30.0  245
 6.675  242.5  90  63  90  -1.563 210.0  30.0  245
 6.675  487.5  90  63  75  -1.563  30.0  30.0  491
 6.675  730.0  90  63  72   1.563 210.0  30.0  737
 6.675  732.5  90  63  72  -1.563 210.0  30.0  736
 6.675  950.0  90  63  72  -1.563 150.0  30.0  954
 6.675  990.0  90  63  75  -1.563 210.0  30.0  994
 6.675 1062.5  90  63  72  -1.563 210.0  30.0 1070
 6.675  235.0 -90  63  78  -1.563 210.0  30.0  241
 6.675  237.5 -90  63  96  -1.563 210.0  30.0  242
 6.675  240.0 -90  63  87  -1.563 210.0  30.0  242
 6.675  477.5 -90  63  75   1.563  30.0  30.0  486
 6.675  480.0 -90  63  81  -1.563 210.0  30.0  484
 6.675  482.5 -90  63  72  -1.563 210.0  30.0  488
 6.675  987.5 -90  63  72  -1.563  90.0  30.0  985
 6.675  990.0 -90  63  72  -1.563 210.0  30.0  988
 6.700  240.0  90  63  87  -1.563 210.0  30.0  246
 6.700  242.5  90  63  93  -1.563  30.0  30.0  246
 6.700  487.5  90  63  75  -1.563 210.0  30.0  493
 6.700  732.5  90  63  75  -1.563  30.0  30.0  737
 6.700  987.5  90  63  72  -1.563 210.0  30.0  977
 6.700  990.0  90  63  78  -1.563 210.0  30.0  995
 6.700 1060.0  90  63  72  -1.563 210.0  30.0 1066
 6.700 1062.5  90  63  72  -1.563 210.0  30.0 1071
 6.700  235.0 -90  63  75   1.563 210.0  30.0  240
 6.700  237.5 -90  63  96  -1.563 210.0  30.0  243
 6.700  240.0 -90  63  90  -1.563 210.0  30.0  243
 6.700  242.5 -90  63  72  -1.563  30.0  30.0  240
 6.700  477.5 -90  63  72  -1.563  30.0  30.0  486
 6.700  480.0 -90  63  81  -1.563 210.0  30.0  485
 6.700  482.5 -90  63  75   1.563  30.0  30.0  484
 6.700  990.0 -90  63  72  -1.563 270.0  30.0  998
 6.700 1062.5 -90  63  72  -1.563 210.0  30.0 1053
 6.725  240.0  90  66  90  -1.563 210.0  30.0  247
 6.725  242.5  90  66  96  -1.563 210.0  30.0  247
 6.725  245.0  90  66  78   1.563 210.0  30.0  246
 6.725  487.5  90  66  78  -1.563 210.0  30.0  493
 6.725  732.5  90  66  78  -1.563  30.0  30.0  739
 6.725  235.0 -90  66  75  -1.563 210.0  30.0  242
 6.725  237.5 -90  66  99  -1.563 210.0  30.0  243
 6.725  240.0 -90  66  96  -1.563 210.0  30.0  243
 6.725  480.0 -90  66  87  -1.563 210.0  30.0  485
 6.725  482.5 -90  66  78  -1.563  30.0  30.0  485
 6.750  240.0  90  66  90   1.563 210.0  30.0  246
 6.750  242.5  90  66  99  -1.563 210.0  30.0  247
 6.750  245.0  90  66  81  -1.563 210.0  30.0  246
 6.750  487.5  90  66  78   1.563  30.0  30.0  493
 6.750  490.0  90  66  78  -1.563 210.0  30.0  493
 6.750  732.5  90  66  75  -1.563  30.0  30.0  738
 6.750  735.0  90  66  75  -1.563  30.0  30.0  738
 6.750  237.5 -90  66  99  -1.563 210.0  30.0  243
 6.750  240.0 -90  66  99  -1.563 210.0  30.0  243
 6.750  480.0 -90  66  87  -1.563 210.0  30.0  486
 6.750  482.5 -90  66  84  -1.563 210.0  30.0  486
 6.750  725.0 -90  66  75   1.563 210.0  30.0  733
 6.750 1020.0 -90  66  75   1.563 210.0  30.0 1014
 6.775  237.5  90  66  75  -1.563 210.0  30.0  246
 6.775  240.0  90  66  87   1.563 210.0  30.0  246
 6.775  242.5  90  66  99  -1.563  30.0  30.0  246
 6.775  245.0  90  66  84  -1.563  30.0  30.0  246
 6.775  490.0  90  66  81  -1.563  30.0  30.0  494
 6.775  732.5  90  66  75  -1.563 210.0  30.0  737
 6.775  735.0  90  66  81  -1.563  30.0  30.0  739
 6.775  237.5 -90  66  99  -1.563 210.0  30.0  243
 6.775  240.0 -90  66  99  -1.563 210.0  30.0  243
 6.775  480.0 -90  66  84  -1.563 210.0  30.0  486
 6.775  482.5 -90  66  84  -1.563 210.0  30.0  485
 6.800  240.0  90  66  84  -1.563 210.0  30.0  246
 6.800  242.5  90  66  99  -1.563 210.0  30.0  247
 6.800  245.0  90  66  90  -1.563  30.0  30.0  247
 6.800  490.0  90  66  78  -1.563  30.0  30.0  494
 6.800  735.0  90  66  81  -1.563 210.0  30.0  740
 6.800  737.5  90  66  75  -1.563 210.0  30.0  739
 6.800  237.5 -90  66  99  -1.563 210.0  30.0  243
 6.800  240.0 -90  66  99  -1.563 210.0  30.0  243
 6.800  242.5 -90  66  78   1.563  30.0  30.0  245
 6.800  480.0 -90  66  84  -1.563 210.0  30.0  487
 6.800  482.5 -90  66  87  -1.563 210.0  30.0  486
 6.800  485.0 -90  66  75  -1.563 210.0  30.0  489
 6.825  240.0  90  66  78  -1.563   0.0   0.0  247
 6.825  242.5  90  66  99  -1.563 210.0  30.0  248
 6.825  245.0  90  66  93  -1.563 210.0  30.0  248
 6.825  490.0  90  66  75   1.563 210.0  30.0  497
 6.825  735.0  90  66  78   1.563 210.0  30.0  741
 6.825 1062.5  90  66  75  -1.563 210.0  30.0 1069
 6.825  237.5 -90  66  96  -1.563 210.0  30.0  244
 6.825  240.0 -90  66 102  -1.563 210.0  30.0  244
 6.825  242.5 -90  66  75  -1.563 210.0  30.0  242
 6.825  480.0 -90  66  81  -1.563 210.0  30.0  489
 6.825  482.5 -90  66  90  -1.563 210.0  30.0  487
 6.850  240.0  90  66  78  -1.563  30.0  30.0  246
 6.850  242.5  90  66  99  -1.563 210.0  30.0  248
 6.850  245.0  90  66  93  -1.563 210.0  30.0  248
 6.850  490.0  90  66  78  -1.563  30.0  30.0  494
 6.850  492.5  90  66  78   1.563  30.0  30.0  495
 6.850  737.5  90  66  75  -1.563 210.0  30.0  743
 6.850  237.5 -90  66  96  -1.563 210.0  30.0  244
 6.850  240.0 -90  66 102  -1.563 210.0  30.0  244
 6.850  242.5 -90  66  81  -1.563 210.0  30.0  243
 6.850  480.0 -90  66  78  -1.563 210.0  30.0  487
 6.850  482.5 -90  66  87  -1.563 210.0  30.0  487
 6.850  725.0 -90  66  75  -1.563 210.0  30.0  731
 6.850  727.5 -90  66  75   1.563  30.0  30.0  733
 6.850  867.5 -90  66  75  -1.563  30.0  30.0  873
 6.850  987.5 -90  66  75   1.563 150.0  30.0  990
 6.875  240.0  90  66  78  -1.563 210.0  30.0  245
 6.875  242.5  90  66  96  -1.563  30.0  30.0  247
 6.875  245.0  90  66  96  -1.563  30.0  30.0  247
 6.875  490.0  90  66  78  -1.563  30.0  30.0  495
 6.875  492.5  90  66  81  -1.563  30.0  30.0  495
 6.875  715.0  90  66  75   4.688 150.0  30.0  720
 6.875  737.5  90  66  81  -1.563  30.0  30.0  742
 6.875  772.5  90  66  75   1.563 150.0  30.0  766
 6.875  815.0  90  66  75   4.688 150.0  30.0  813
 6.875  237.5 -90  66  93  -1.563  30.0  30.0  243
 6.875  240.0 -90  66 102  -1.563  30.0  30.0  243
 6.875  242.5 -90  66  84   1.563  30.0  30.0  244
 6.875  480.0 -90  66  75  -1.563 210.0  30.0  483
 6.875  482.5 -90  66  90  -1.563  30.0  30.0  487
 6.875  485.0 -90  66  81   1.563  30.0  30.0  488
 6.875  727.5 -90  66  75  -1.563 210.0  30.0  731
 6.875  867.5 -90  66  75  -1.563   0.0   0.0  874
 6.875  987.5 -90  66  75  -1.563 210.0  30.0  990
 6.900  240.0  90  66  75  -1.563   0.0   0.0  244
 6.900  242.5  90  66  96  -1.563 210.0  30.0  248
 6.900  245.0  90  66  96  -1.563 210.0  30.0  248
 6.900  490.0  90  66  75  -1.563  30.0  30.0  497
 6.900  492.5  90  66  78  -1.563  30.0  30.0  497
 6.900  737.5  90  66  78   1.563  30.0  30.0  743
 6.900  740.0  90  66  75  -1.563 210.0  30.0  743
 6.900  987.5  90  66  75  -1.563 210.0  30.0  991
 6.900 1060.0  90  66  75  -1.563 210.0  30.0 1063
 6.900  237.5 -90  66  93  -1.563 210.0  30.0  244
 6.900  240.0 -90  66 102  -1.563 210.0  30.0  244
 6.900  242.5 -90  66  87  -1.563 210.0  30.0  244
 6.900  482.5 -90  66  90  -1.563 210.0  30.0  488
 6.900  485.0 -90  66  87  -1.563 210.0  30.0  489
 6.900  727.5 -90  66  75  -1.563 210.0  30.0  728
 6.900  867.5 -90  66  75  -1.563 270.0  30.0  872
 6.900  987.5 -90  66  78  -1.563 270.0  30.0  989
 6.925  240.0  90  66  75  -1.563   0.0   0.0  246
 6.925  242.5  90  66  96  -1.563 210.0  30.0  248
 6.925  245.0  90  66  99  -1.563 210.0  30.0  248
 6.925  247.5  90  66  75   1.563 210.0  30.0  250
 6.925  492.5  90  66  78  -1.563  30.0  30.0  498
 6.925  737.5  90  66  75  -1.563 210.0  30.0  742
 6.925  740.0  90  66  84  -1.563 210.0  30.0  743
 6.925  742.5  90  66  75  -1.563 210.0  30.0  744
 6.925  987.5  90  66  75  -1.563  30.0  30.0  988
 6.925  237.5 -90  66  90  -1.563 210.0  30.0  244
 6.925  240.0 -90  66 102  -1.563 210.0  30.0  244
 6.925  242.5 -90  66  90  -1.563 210.0  30.0  245
 6.925  482.5 -90  66  90  -1.563 210.0  30.0  488
 6.925  485.0 -90  66  90  -1.563 210.0  30.0  488
 6.925  487.5 -90  66  75   1.563 210.0  30.0  491
 6.925  727.5 -90  66  75  -1.563 210.0  30.0  731
 6.925  867.5 -90  66  75  -1.563 270.0  30.0  874
 6.950  240.0  90  66  75   1.563 150.0  30.0  245
 6.950  242.5  90  66  93  -1.563 210.0  30.0  248
 6.950  245.0  90  66  99  -1.563 210.0  30.0  249
 6.950  247.5  90  66  81  -1.563  30.0  30.0  249
 6.950  492.5  90  66  75  -1.563  30.0  30.0  498
 6.950  740.0  90  66  84  -1.563 210.0  30.0  745
 6.950  742.5  90  66  81  -1.563 210.0  30.0  746
 6.950  867.5  90  66  75  -1.563 150.0  30.0  868
 6.950  987.5  90  66  75  -1.563 210.0  30.0  992
 6.950  990.0  90  66  75  -1.563 210.0  30.0  995
 6.950  237.5 -90  69  87   1.563 210.0  30.0  245
 6.950  240.0 -90  69 102  -1.563 210.0  30.0  245
 6.950  242.5 -90  69  93  -1.563 210.0  30.0  245
 6.950  482.5 -90  69  87  -1.563 210.0  30.0  488
 6.950  485.0 -90  69  90  -1.563 210.0  30.0  488
 6.975  240.0  90  66  75  -1.563  90.0  30.0  245
 6.975  242.5  90  66  90  -1.563 210.0  30.0  250
 6.975  245.0  90  66  99  -1.563 210.0  30.0  250
 6.975  247.5  90  66  84  -1.563 210.0  30.0  250
 6.975  495.0  90  66  75  -1.563 210.0  30.0  498
 6.975  740.0  90  66  81  -1.563 210.0  30.0  747
 6.975  742.5  90  66  81  -1.563 210.0  30.0  746
 6.975  867.5  90  66  75  -1.563 330.0  30.0  869
 6.975  987.5  90  66  78   1.563 210.0  30.0  994
 6.975  990.0  90  66  78  -1.563 210.0  30.0  996
 6.975  237.5 -90  66  84   1.563 210.0  30.0  246
 6.975  240.0 -90  66 102  -1.563 210.0  30.0  246
 6.975  242.5 -90  66  96  -1.563 210.0  30.0  246
 6.975  245.0 -90  66  75  -1.563 210.0  30.0  249
 6.975  482.5 -90  66  84  -1.563 210.0  30.0  490
 6.975  485.0 -90  66  90  -1.563 210.0  30.0  490
 7.000  242.5  90  66  87  -1.563 210.0  30.0  249
 7.000  245.0  90  66  99  -1.563 210.0  30.0  249
 7.000  247.5  90  66  87  -1.563 210.0  30.0  250
 7.000  740.0  90  66  78   1.563 210.0  30.0  747
 7.000  742.5  90  66  84  -1.563 210.0  30.0  747
 7.000  745.0  90  66  75  -1.563 210.0  30.0  749
 7.000  987.5  90  66  78  -1.563 210.0  30.0  989
 7.000  990.0  90  66  75   1.563 210.0  30.0  996
 7.000  237.5 -90  66  81   1.563   0.0   0.0  244
 7.000  240.0 -90  66 102  -1.563 210.0  30.0  245
 7.000  242.5 -90  66  96  -1.563 210.0  30.0  245
 7.000  482.5 -90  66  78   1.563 210.0  30.0  489
 7.000  485.0 -90  66  90  -1.563 210.0  30.0  489
 7.000  987.5 -90  66  75  -1.563 270.0  30.0  987
 7.000 1060.0 -90  66  75   1.563 210.0  30.0 1058
 7.000 1062.5 -90  66  75   1.563   0.0   0.0 1069
 7.025  242.5  90  66  78  -1.563 210.0  30.0  248
 7.025  245.0  90  66  90  -1.563 210.0  30.0  249
 7.025  247.5  90  66  78  -1.563 210.0  30.0  250
 7.025  272.5  90  66  75  -1.563   0.0   0.0  267
 7.025  285.0  90  66  75   1.563 210.0  30.0  296
 7.025  295.0  90  66  78  -4.688 210.0  30.0  291
 7.025  297.5  90  66  75   1.563 150.0  30.0  290
 7.025  312.5  90  66  75  -1.563 210.0  30.0  300
 7.025  327.5  90  66  75   4.688 150.0  30.0  328
 7.025   92.5 -90  60  69  -1.563 210.0  30.0   97
 7.025  237.5 -90  60  69  -1.563 210.0  30.0  243
 7.025  240.0 -90  60  90  -1.563 210.0  30.0  245
 7.025  242.5 -90  60  87  -1.563 210.0  30.0  245
 7.025  485.0 -90  60  81  -1.563 210.0  30.0  490
 7.025  487.5 -90  60  72  -1.563 210.0  30.0  492
 7.025  730.0 -90  60  69  -1.563 210.0  30.0  732
 7.050  242.5  90  60  69  -1.563   0.0   0.0  247
 7.050  245.0  90  60  90  -1.563 210.0  30.0  250
 7.050  247.5  90  60  84   1.563 210.0  30.0  250
 7.050  742.5  90  60  72  -1.563  30.0  30.0  748
 7.050  745.0  90  60  69  -1.563 210.0  30.0  749
 7.050  240.0 -90  63  90  -1.563 210.0  30.0  246
 7.050  242.5 -90  63  87  -1.563 210.0  30.0  246
 7.050  245.0 -90  63  72   1.563  30.0  30.0  249
 7.050  485.0 -90  63  81  -1.563 210.0  30.0  491
 7.050  487.5 -90  63  78  -1.563 210.0  30.0  491
 7.075  240.0  90  63  72  -1.563 210.0  30.0  249
 7.075  245.0  90  63  87   1.563 210.0  30.0  251
 7.075  247.5  90  63  84  -1.563 210.0  30.0  250
 7.075  745.0  90  63  72  -1.563   0.0   0.0  750
 7.075  240.0 -90  66  90  -1.563 210.0  30.0  246
 7.075  242.5 -90  66  90  -1.563 210.0  30.0  245
 7.075  485.0 -90  66  78  -1.563   0.0   0.0  489
 7.075  487.5 -90  66  81  -1.563 210.0  30.0  491
 7.100  245.0  90  66  87  -1.563 210.0  30.0  250
 7.100  247.5  90  66  87  -1.563 210.0  30.0  250
 7.100   82.5 -90  63  72   1.563 210.0  30.0   72
 7.100  240.0 -90  63  87  -1.563 210.0  30.0  247
 7.100  242.5 -90  63  90  -1.563 210.0  30.0  246
 7.100  485.0 -90  63  75  -1.563 210.0  30.0  493
 7.100  487.5 -90  63  78  -1.563 210.0  30.0  493
 7.125  245.0  90  66  87  -1.563 210.0  30.0  251
 7.125  247.5  90  66  87  -1.563 210.0  30.0  251
 7.125  240.0 -90  66  87  -1.563 210.0  30.0  247
 7.125  242.5 -90  66  93  -1.563 210.0  30.0  246
 7.125  245.0 -90  66  75   1.563 210.0  30.0  249
 7.125  487.5 -90  66  75  -1.563 210.0  30.0  493
 7.150  245.0  90  63  84  -1.563 210.0  30.0  251
 7.150  247.5  90  63  90  -1.563 210.0  30.0  251
 7.150  250.0  90  63  72   1.563 210.0  30.0  253
 7.150  240.0 -90  63  84   1.563   0.0   0.0  246
 7.150  242.5 -90  63  93  -1.563   0.0   0.0  246
 7.150  245.0 -90  63  72   1.563   0.0   0.0  244
 7.150  487.5 -90  63  75   1.563   0.0   0.0  492
 7.175  245.0  90  63  84  -1.563   0.0   0.0  251
 7.175  247.5  90  63  90  -1.563 210.0  30.0  250
 7.175  250.0  90  63  75  -1.563 210.0  30.0  252
 7.175  497.5  90  63  72  -1.563   0.0   0.0  502
 7.175  240.0 -90  63  84  -1.563   0.0   0.0  245
 7.175  242.5 -90  63  93  -1.563   0.0   0.0  246
 7.175  245.0 -90  63  78   1.563   0.0   0.0  246
 7.175  487.5 -90  63  78  -1.563   0.0   0.0  492
 7.200  245.0  90  66  81  -1.563 210.0  30.0  252
 7.200  247.5  90  66  93  -1.563 210.0  30.0  252
 7.200  250.0  90  66  78  -1.563 210.0  30.0  254
 7.200  240.0 -90  66  81   1.563 210.0  30.0  247
 7.200  242.5 -90  66  93  -1.563   0.0   0.0  247
 7.200  245.0 -90  66  81   1.563   0.0   0.0  247
 7.200  487.5 -90  66  78  -1.563 210.0  30.0  495
 7.200  490.0 -90  66  78  -1.563 210.0  30.0  493
 7.225  245.0  90  69  78  -1.563 210.0  30.0  253
 7.225  247.5  90  69  93  -1.563 210.0  30.0  252
 7.225  250.0  90  69  84  -1.563 210.0  30.0  254
 7.225  240.0 -90  69  78   1.563 210.0  30.0  249
 7.225  242.5 -90  69  93  -1.563   0.0   0.0  248
 7.225  245.0 -90  69  84   1.563 210.0  30.0  247
 7.225  487.5 -90  69  78  -1.563   0.0   0.0  494
 7.225  490.0 -90  69  81  -1.563 210.0  30.0  494
 7.250  247.5  90  69  90  -1.563 210.0  30.0  253
 7.250  250.0  90  69  84   1.563 210.0  30.0  252
 7.250  240.0 -90  69  78  -1.563   0.0   0.0  246
 7.250  242.5 -90  69  93  -1.563   0.0   0.0  247
 7.250  245.0 -90  69  87   1.563   0.0   0.0  248
 7.250  490.0 -90  69  81  -1.563 210.0  30.0  494
 7.275  245.0  90  63  72   1.563   0.0   0.0  251
 7.275  247.5  90  63  90  -1.563 210.0  30.0  253
 7.275  250.0  90  63  87  -1.563 210.0  30.0  253
 7.275  500.0  90  63  72   1.563   0.0   0.0  505
 7.275  752.5  90  63  72  -1.563 210.0  30.0  758
 7.275  242.5 -90  63  93  -1.563   0.0   0.0  248
 7.275  245.0 -90  63  87  -1.563   0.0   0.0  248
 7.275  247.5 -90  63  72  -1.563  90.0  30.0  252
 7.275  490.0 -90  63  81  -1.563 210.0  30.0  496
 7.275  492.5 -90  63  75   1.563   0.0   0.0  494
 7.275  737.5 -90  63  75  -1.563   0.0   0.0  742
 7.300  247.5  90  63  90   1.563 210.0  30.0  253
 7.300  250.0  90  63  87  -1.563 210.0  30.0  253
 7.300  500.0  90  63  72  -1.563 210.0  30.0  507
 7.300  502.5  90  63  72  -1.563 210.0  30.0  507
 7.300  752.5  90  63  72  -1.563 210.0  30.0  756
 7.300  755.0  90  63  72   1.563 210.0  30.0  758
 7.300  242.5 -90  63  93  -1.563   0.0   0.0  248
 7.300  245.0 -90  63  90  -1.563   0.0   0.0  248
 7.300  490.0 -90  63  81  -1.563   0.0   0.0  495
 7.300  492.5 -90  63  78  -1.563   0.0   0.0  496
 7.300  737.5 -90  63  72  -1.563 210.0  30.0  734
 7.325  247.5  90  72  87  -1.563 210.0  30.0  254
 7.325  250.0  90  72  90   1.563 210.0  30.0  254
 7.325  242.5 -90  69  90  -1.563   0.0   0.0  249
 7.325  245.0 -90  69  90  -1.563   0.0   0.0  248
 7.350  247.5  90  72  84   1.563 210.0  30.0  254
 7.350  250.0  90  72  90  -1.563 210.0  30.0  254
 7.350  242.5 -90  69  90   1.563   0.0   0.0  249
 7.350  245.0 -90  69  90  -1.563   0.0   0.0  248
 7.350  492.5 -90  69  78  -1.563 210.0  30.0  497
 7.375  247.5  90  69  84  -1.563 210.0  30.0  255
 7.375  250.0  90  69  90  -1.563 210.0  30.0  255
 7.375  252.5  90  69  81  -1.563  90.0  30.0  256
 7.375  242.5 -90  66  87  -1.563   0.0   0.0  248
 7.375  245.0 -90  66  93  -1.563   0.0   0.0  249
 7.375  247.5 -90  66  75  -1.563   0.0   0.0  251
 7.375  492.5 -90  66  81   1.563   0.0   0.0  499
 7.400  247.5  90  63  78  -1.563 210.0  30.0  254
 7.400  250.0  90  63  90  -1.563 210.0  30.0  255
 7.400  252.5  90  63  81  -1.563   0.0   0.0  255
 7.400  505.0  90  63  72  -1.563 210.0  30.0  509
 7.400  757.5  90  63  72  -1.563 210.0  30.0  760
 7.400  242.5 -90  63  87  -1.563   0.0   0.0  249
 7.400  245.0 -90  63  93  -1.563   0.0   0.0  249
 7.400  247.5 -90  63  75   1.563   0.0   0.0  251
 7.400  492.5 -90  63  78  -1.563   0.0   0.0  498
 7.400  495.0 -90  63  72  -1.563   0.0   0.0  494
 7.425  245.0  90  63  72   1.563  90.0  30.0  250
 7.425  247.5  90  63  75  -1.563   0.0   0.0  254
 7.425  250.0  90  63  90  -1.563 210.0  30.0  254
 7.425  252.5  90  63  84  -1.563 210.0  30.0  254
 7.425  505.0  90  63  75  -1.563 210.0  30.0  510
 7.425  242.5 -90  63  84  -1.563   0.0   0.0  250
 7.425  245.0 -90  63  93  -1.563   0.0   0.0  249
 7.425  247.5 -90  63  78  -1.563   0.0   0.0  249
 7.425  492.5 -90  63  75  -1.563   0.0   0.0  497
 7.450  245.0  90  63  72   1.563 210.0  30.0  249
 7.450  247.5  90  63  72   1.563 210.0  30.0  251
 7.450  250.0  90  63  90  -1.563   0.0   0.0  255
 7.450  252.5  90  63  84  -1.563   0.0   0.0  255
 7.450  505.0  90  63  72   1.563 210.0  30.0  512
 7.450  242.5 -90  66  81  -1.563   0.0   0.0  249
 7.450  245.0 -90  66  93  -1.563   0.0   0.0  249
 7.450  247.5 -90  66  81   1.563   0.0   0.0  249
 7.450  495.0 -90  66  75  -1.563   0.0   0.0  503
 7.475  250.0  90  66  90  -1.563   0.0   0.0  254
 7.475  252.5  90  66  87  -1.563   0.0   0.0  255
 7.475  242.5 -90  69  78  -1.563 210.0  30.0  250
 7.475  245.0 -90  69  93  -1.563   0.0   0.0  248
 7.475  247.5 -90  69  84  -1.563   0.0   0.0  249
 7.475  495.0 -90  69  78  -1.563   0.0   0.0  494
 7.500  250.0  90  72  87  -1.563   0.0   0.0  255
 7.500  252.5  90  72  90  -1.563   0.0   0.0  257
 7.500  245.0 -90  69  93  -1.563   0.0   0.0  250
 7.500  247.5 -90  69  87  -1.563   0.0   0.0  250
 7.500  495.0 -90  69  78  -1.563   0.0   0.0  500
 7.500 1027.5 -90  69  78   1.563  90.0  30.0 1021
 7.525  250.0  90  72  84  -1.563 210.0  30.0  257
 7.525  252.5  90  72  90  -1.563 210.0  30.0  256
 7.525  245.0 -90  69  93  -1.563   0.0   0.0  251
 7.525  247.5 -90  69  87  -1.563   0.0   0.0  251
 7.550  250.0  90  69  84  -1.563 210.0  30.0  256
 7.550  252.5  90  69  90  -1.563   0.0   0.0  256
 7.550  255.0  90  69  78   1.563   0.0   0.0  258
 7.550  245.0 -90  69  90   1.563   0.0   0.0  250
 7.550  247.5 -90  69  90  -1.563   0.0   0.0  251
 7.575  250.0  90  69  78   1.563   0.0   0.0  257
 7.575  252.5  90  69  90  -1.563   0.0   0.0  257
 7.575  255.0  90  69  78  -1.563 210.0  30.0  258
 7.575  245.0 -90  66  90  -1.563   0.0   0.0  251
 7.575  247.5 -90  66  90  -1.563   0.0   0.0  251
 7.575  260.0 -90  66  75   1.563   0.0   0.0  258
 7.575  497.5 -90  66  75  -1.563   0.0   0.0  503
 7.600  250.0  90  66  78  -1.563 210.0  30.0  257
 7.600  252.5  90  66  90   1.563   0.0   0.0  257
 7.600  255.0  90  66  84  -1.563   0.0   0.0  258
 7.600  765.0  90  66  75   1.563 210.0  30.0  769
 7.600  245.0 -90  72  87  -1.563   0.0   0.0  251
 7.600  247.5 -90  72  90   1.563   0.0   0.0  251
 7.625  252.5  90  69  90  -1.563 210.0  30.0  258
 7.625  255.0  90  69  87  -1.563 210.0  30.0  258
 7.625  245.0 -90  69  87  -1.563   0.0   0.0  252
 7.625  247.5 -90  69  93  -1.563   0.0   0.0  252
 7.650  252.5  90  60  90  -1.563   0.0   0.0  258
 7.650  255.0  90  60  87  -1.563   0.0   0.0  258
 7.650  510.0  90  60  75  -1.563 210.0  30.0  515
 7.650  512.5  90  60  75  -1.563   0.0   0.0  515
 7.650  245.0 -90  63  84  -1.563   0.0   0.0  252
 7.650  247.5 -90  63  93  -1.563   0.0   0.0  251
 7.650  250.0 -90  63  78  -1.563   0.0   0.0  252
 7.650  497.5 -90  63  72   1.563 210.0  30.0  503
 7.650  500.0 -90  63  75   1.563 210.0  30.0  505
 7.675  215.0  90  60  69  -1.563 210.0  30.0  207
 7.675  252.5  90  60  87  -1.563   0.0   0.0  259
 7.675  255.0  90  60  90  -1.563   0.0   0.0  259
 7.675  510.0  90  60  72  -1.563   0.0   0.0  516
 7.675  512.5  90  60  78  -1.563   0.0   0.0  517
 7.675  245.0 -90  60  81   1.563   0.0   0.0  252
 7.675  247.5 -90  60  93  -1.563   0.0   0.0  252
 7.675  250.0 -90  60  81   1.563   0.0   0.0  252
 7.675  497.5 -90  60  69   1.563   0.0   0.0  506
 7.675  500.0 -90  60  69  -1.563   0.0   0.0  505
 7.675  750.0 -90  60  72  -1.563   0.0   0.0  755
 7.700  247.5  90  60  72   1.563 210.0  30.0  252
 7.700  252.5  90  60  87  -1.563   0.0   0.0  259
 7.700  255.0  90  60  93  -1.563   0.0   0.0  258
 7.700  257.5  90  60  69  -1.563   0.0   0.0  257
 7.700  510.0  90  60  69  -1.563   0.0   0.0  520
 7.700  512.5  90  60  75  -1.563   0.0   0.0  517
 7.700  515.0  90  60  69  -1.563   0.0   0.0  518
 7.700  770.0  90  60  72  -1.563   0.0   0.0  775
 7.700  245.0 -90  60  78   1.563   0.0   0.0  252
 7.700  247.5 -90  60  93  -1.563   0.0   0.0  252
 7.700  250.0 -90  60  84  -1.563   0.0   0.0  252
 7.700  255.0 -90  60  72  -1.563  30.0  30.0  259
 7.700  750.0 -90  60  69  -1.563   0.0   0.0  756
 7.725  252.5  90  60  84  -1.563   0.0   0.0  259
 7.725  255.0  90  60  93  -1.563   0.0   0.0  259
 7.725  257.5  90  60  78  -1.563 210.0  30.0  260
 7.725  512.5  90  60  72  -1.563 210.0  30.0  517
 7.725  515.0  90  60  69   1.563 210.0  30.0  521
 7.725  772.5  90  60  69   1.563 210.0  30.0  777
 7.725  245.0 -90  60  72  -1.563   0.0   0.0  253
 7.725  247.5 -90  60  93  -1.563   0.0   0.0  253
 7.725  250.0 -90  60  87  -1.563   0.0   0.0  253
 7.725  255.0 -90  60  72  -1.563  30.0  30.0  259
 7.725  500.0 -90  60  72  -1.563   0.0   0.0  504
 7.725  502.5 -90  60  69  -1.563 210.0  30.0  509
 7.725  752.5 -90  60  69  -1.563   0.0   0.0  757
 7.750  247.5  90  63  72  -1.563 210.0  30.0  253
 7.750  252.5  90  63  78   1.563   0.0   0.0  259
 7.750  255.0  90  63  93  -1.563   0.0   0.0  259
 7.750  257.5  90  63  81  -1.563   0.0   0.0  259
 7.750  512.5  90  63  72  -1.563   0.0   0.0  516
 7.750  515.0  90  63  75  -1.563   0.0   0.0  517
 7.750  987.5  90  63  72  -1.563 210.0  30.0  987
 7.750  247.5 -90  66  93  -1.563   0.0   0.0  253
 7.750  250.0 -90  66  87  -1.563   0.0   0.0  253
 7.750  502.5 -90  66  75   1.563   0.0   0.0  506
 7.775  247.5  90  60  69  -1.563 210.0  30.0  252
 7.775  252.5  90  60  75   1.563   0.0   0.0  260
 7.775  255.0  90  60  93  -1.563   0.0   0.0  260
 7.775  257.5  90  60  87  -1.563   0.0   0.0  260
 7.775  512.5  90  60  69   1.563   0.0   0.0  518
 7.775  515.0  90  60  78  -1.563 210.0  30.0  519
 7.775  517.5  90  60  69  -1.563   0.0   0.0  519
 7.775  987.5  90  60  72  -1.563 210.0  30.0  994
 7.775 1060.0  90  60  69  -1.563  90.0  30.0 1058
 7.775  247.5 -90  66  90  -1.563   0.0   0.0  253
 7.775  250.0 -90  66  90  -1.563   0.0   0.0  253
 7.775  255.0 -90  66  75   1.563 270.0  30.0  259
 7.775  502.5 -90  66  78  -1.563   0.0   0.0  507
 7.800  252.5  90  60  69  -1.563   0.0   0.0  259
 7.800  255.0  90  60  93  -1.563   0.0   0.0  260
 7.800  257.5  90  60  90  -1.563   0.0   0.0  261
 7.800  515.0  90  60  78  -1.563   0.0   0.0  520
 7.800  517.5  90  60  72  -1.563   0.0   0.0  520
 7.800  520.0  90  60  69  -1.563   0.0   0.0  522
 7.800  987.5  90  60  72  -1.563  90.0  30.0 1002
 7.800 1060.0  90  60  69  -1.563  90.0  30.0 1071
 7.800  247.5 -90  66  90  -1.563   0.0   0.0  254
 7.800  250.0 -90  66  90  -1.563   0.0   0.0  253
 7.800  502.5 -90  66  78  -1.563   0.0   0.0  508
 7.825  250.0  90  60  69  -1.563   0.0   0.0  251
 7.825  255.0  90  60  90  -1.563   0.0   0.0  261
 7.825  257.5  90  60  90  -1.563   0.0   0.0  261
 7.825  260.0  90  60  69  -1.563 210.0  30.0  257
 7.825  515.0  90  60  75  -1.563 210.0  30.0  522
 7.825  517.5  90  60  75  -1.563   0.0   0.0  521
 7.825  987.5  90  60  69   1.563 210.0  30.0  983
 7.825 1060.0  90  60  69  -1.563  90.0  30.0 1056
 7.825  247.5 -90  66  87  -1.563   0.0   0.0  254
 7.825  250.0 -90  66  93  -1.563   0.0   0.0  254
 7.825  502.5 -90  66  78  -1.563   0.0   0.0  506
 7.825  755.0 -90  66  75  -1.563   0.0   0.0  758
 7.850  250.0  90  57  66   1.563 210.0  30.0  256
 7.850  255.0  90  57  87  -1.563   0.0   0.0  261
 7.850  257.5  90  57  90  -1.563   0.0   0.0  261
 7.850  260.0  90  57  69   1.563   0.0   0.0  262
 7.850  515.0  90  57  72  -1.563   0.0   0.0  522
 7.850  517.5  90  57  78  -1.563   0.0   0.0  522
 7.850  520.0  90  57  69  -1.563   0.0   0.0  523
 7.850  777.5  90  57  69   1.563   0.0   0.0  782
 7.850 1060.0  90  57  66  -1.563  90.0  30.0 1068
 7.850 1062.5  90  57  66  -1.563  90.0  30.0 1069
 7.850  247.5 -90  60  84  -1.563   0.0   0.0  254
 7.850  250.0 -90  60  93  -1.563   0.0   0.0  254
 7.850  252.5 -90  60  72   1.563   0.0   0.0  255
 7.850  257.5 -90  60  72  -1.563 210.0  30.0  262
 7.850  502.5 -90  60  78  -1.563   0.0   0.0  508
 7.850  505.0 -90  60  72   1.563   0.0   0.0  509
 7.850  755.0 -90  60  69  -1.563   0.0   0.0  762
 7.850 1062.5 -90  60  69  -1.563 150.0  30.0 1050
 7.875  250.0  90  57  66   1.563 210.0  30.0  252
 7.875  255.0  90  57  84  -1.563   0.0   0.0  260
 7.875  257.5  90  57  93  -1.563   0.0   0.0  260
 7.875  260.0  90  57  75  -1.563   0.0   0.0  260
 7.875  515.0  90  57  66   1.563   0.0   0.0  522
 7.875  517.5  90  57  78  -1.563   0.0   0.0  521
 7.875  520.0  90  57  72  -1.563   0.0   0.0  521
 7.875  777.5  90  57  69  -1.563   0.0   0.0  781
 7.875  780.0  90  57  66  -1.563   0.0   0.0  782
 7.875  987.5  90  57  66   1.563  90.0  30.0  981
 7.875 1062.5  90  57  66  -1.563  90.0  30.0 1053
 7.875  247.5 -90  57  81  -1.563   0.0   0.0  253
 7.875  250.0 -90  57  93  -1.563   0.0   0.0  253
 7.875  252.5 -90  57  78  -1.563   0.0   0.0  253
 7.875  257.5 -90  57  69  -1.563  30.0  30.0  260
 7.875  502.5 -90  57  78  -1.563   0.0   0.0  507
 7.875  505.0 -90  57  75  -1.563   0.0   0.0  506
 7.875  757.5 -90  57  66  -1.563   0.0   0.0  759
 7.900  250.0  90  60  69   1.563 210.0  30.0  256
 7.900  255.0  90  60  81   1.563   0.0   0.0  262
 7.900  257.5  90  60  93  -1.563   0.0   0.0  262
 7.900  260.0  90  60  81  -1.563   0.0   0.0  261
 7.900  517.5  90  60  75  -1.563   0.0   0.0  523
 7.900  520.0  90  60  72  -1.563 210.0  30.0  523
 7.900  780.0  90  60  72  -1.563   0.0   0.0  784
 7.900  247.5 -90  60  78  -1.563   0.0   0.0  254
 7.900  250.0 -90  60  93  -1.563   0.0   0.0  254
 7.900  252.5 -90  60  81  -1.563   0.0   0.0  254
 7.900  257.5 -90  60  72  -1.563 210.0  30.0  261
 7.900  502.5 -90  60  75  -1.563   0.0   0.0  509
 7.900  505.0 -90  60  81  -1.563   0.0   0.0  509
 7.900  507.5 -90  60  69   1.563   0.0   0.0  512
 7.900  757.5 -90  60  69  -1.563   0.0   0.0  762
 7.925  255.0  90  60  75  -1.563   0.0   0.0  262
 7.925  257.5  90  60  93  -1.563   0.0   0.0  262
 7.925  260.0  90  60  84  -1.563   0.0   0.0  262
 7.925  517.5  90  60  72  -1.563   0.0   0.0  524
 7.925  520.0  90  60  75  -1.563   0.0   0.0  524
 7.925  780.0  90  60  75  -1.563   0.0   0.0  786
 7.925  782.5  90  60  72  -1.563   0.0   0.0  787
 7.925  247.5 -90  57  75  -1.563   0.0   0.0  254
 7.925  250.0 -90  57  93  -1.563   0.0   0.0  255
 7.925  252.5 -90  57  84  -1.563   0.0   0.0  255
 7.925  257.5 -90  57  69  -1.563  30.0  30.0  262
 7.925  260.0 -90  57  66   1.563 210.0  30.0  261
 7.925  502.5 -90  57  72  -1.563   0.0   0.0  509
 7.925  505.0 -90  57  81  -1.563   0.0   0.0  509
 7.925  507.5 -90  57  72   1.563   0.0   0.0  511
 7.925  757.5 -90  57  66   1.563   0.0   0.0  762
 7.925  760.0 -90  57  66  -1.563   0.0   0.0  764
 7.925 1272.5 -90  57  66   1.563 210.0  30.0 1263
 7.950  255.0  90  57  69   1.563   0.0   0.0  262
 7.950  257.5  90  57  93  -1.563   0.0   0.0  263
 7.950  260.0  90  57  87  -1.563   0.0   0.0  263
 7.950  520.0  90  57  78  -1.563   0.0   0.0  525
 7.950  522.5  90  57  75  -1.563   0.0   0.0  527
 7.950  780.0  90  57  72  -1.563   0.0   0.0  786
 7.950  782.5  90  57  78  -1.563   0.0   0.0  787
 7.950  247.5 -90  57  72  -1.563   0.0   0.0  254
 7.950  250.0 -90  57  93  -1.563   0.0   0.0  255
 7.950  252.5 -90  57  87  -1.563   0.0   0.0  255
 7.950  257.5 -90  57  69  -1.563  30.0  30.0  263
 7.950  470.0 -90  57  66   4.688  90.0  30.0  472
 7.950  502.5 -90  57  69   1.563   0.0   0.0  509
 7.950  505.0 -90  57  81  -1.563   0.0   0.0  510
 7.950  507.5 -90  57  75  -1.563   0.0   0.0  509
 7.950  510.0 -90  57  66   1.563 210.0  30.0  514
 7.950  520.0 -90  57  66  -1.563  90.0  30.0  530
 7.950  530.0 -90  57  66  -4.688   0.0   0.0  532
 7.950  760.0 -90  57  72  -1.563   0.0   0.0  765
 7.950  762.5 -90  57  66  -1.563   0.0   0.0  767
 7.950 1230.0 -90  57  66   4.688 210.0  30.0 1242
 7.950 1247.5 -90  57  66  -4.688 210.0  30.0 1251
 7.975  255.0  90  57  66  -1.563   0.0   0.0  268
 7.975  257.5  90  57  90  -1.563   0.0   0.0  264
 7.975  260.0  90  57  90  -1.563   0.0   0.0  264
 7.975  520.0  90  57  72  -1.563   0.0   0.0  526
 7.975  522.5  90  57  75  -1.563   0.0   0.0  527
 7.975  525.0  90  57  69  -1.563 210.0  30.0  528
 7.975  782.5  90  57  75  -1.563   0.0   0.0  789
 7.975  785.0  90  57  66  -1.563   0.0   0.0  788
 7.975  247.5 -90  57  66   1.563   0.0   0.0  258
 7.975  250.0 -90  57  90  -1.563   0.0   0.0  256
 7.975  252.5 -90  57  90  -1.563   0.0   0.0  256
 7.975  257.5 -90  57  69  -1.563 210.0  30.0  265
 7.975  260.0 -90  57  69  -1.563 330.0  30.0  258
 7.975  505.0 -90  57  78  -1.563   0.0   0.0  511
 7.975  507.5 -90  57  75  -1.563   0.0   0.0  511
 7.975  760.0 -90  57  66  -1.563   0.0   0.0  768
 8.000  252.5  90  57  66  -1.563 210.0  30.0  255
 8.000  257.5  90  57  87  -1.563   0.0   0.0  263
 8.000  260.0  90  57  93  -1.563   0.0   0.0  263
 8.000  262.5  90  57  72   1.563   0.0   0.0  264
 8.000  520.0  90  57  66   1.563 210.0  30.0  526
 8.000  522.5  90  57  69  -1.563  90.0  30.0  529
 8.000  525.0  90  57  75  -1.563   0.0   0.0  529
 8.000  782.5  90  57  72  -1.563   0.0   0.0  788
 8.000  785.0  90  57  78  -1.563   0.0   0.0  789
 8.000  787.5  90  57  66  -1.563   0.0   0.0  792
 8.000  250.0 -90  60  90  -1.563   0.0   0.0  256
 8.000  252.5 -90  60  90  -1.563   0.0   0.0  256
 8.000  260.0 -90  60  72  -1.563  30.0  30.0  265
 8.000  505.0 -90  60  75  -1.563   0.0   0.0  511
 8.000  507.5 -90  60  75  -1.563   0.0   0.0  510
 8.025  250.0  90  54  63  -1.563 210.0  30.0  244
 8.025  252.5  90  54  66  -1.563 210.0  30.0  255
 8.025  257.5  90  54  84  -1.563   0.0   0.0  264
 8.025  260.0  90  54  93  -1.563   0.0   0.0  264
 8.025  262.5  90  54  78  -1.563   0.0   0.0  264
 8.025  522.5  90  54  78  -1.563   0.0   0.0  529
 8.025  525.0  90  54  78  -1.563   0.0   0.0  529
 8.025  785.0  90  54  78  -1.563   0.0   0.0  791
 8.025  787.5  90  54  78  -1.563   0.0   0.0  792
 8.025 1047.5  90  54  63   1.563   0.0   0.0 1050
 8.025 1050.0  90  54  63   1.563   0.0   0.0 1053
 8.025  250.0 -90  57  87  -1.563   0.0   0.0  256
 8.025  252.5 -90  57  93  -1.563   0.0   0.0  256
 8.025  255.0 -90  57  69   1.563   0.0   0.0  256
 8.025  260.0 -90  57  72  -1.563  30.0  30.0  265
 8.025  505.0 -90  57  72  -1.563   0.0   0.0  511
 8.025  507.5 -90  57  81  -1.563   0.0   0.0  512
 8.025  510.0 -90  57  66  -1.563   0.0   0.0  512
 8.025 1017.5 -90  57  66  -1.563   0.0   0.0 1022
 8.050  252.5  90  54  66  -1.563  90.0  30.0  255
 8.050  257.5  90  54  81  -1.563   0.0   0.0  264
 8.050  260.0  90  54  93  -1.563   0.0   0.0  264
 8.050  262.5  90  54  81  -1.563   0.0   0.0  265
 8.050  522.5  90  54  75  -1.563   0.0   0.0  529
 8.050  525.0  90  54  81  -1.563   0.0   0.0  529
 8.050  527.5  90  54  66  -1.563 210.0  30.0  530
 8.050  785.0  90  54  72  -1.563   0.0   0.0  791
 8.050  787.5  90  54  81  -1.563   0.0   0.0  792
 8.050  790.0  90  54  66  -1.563   0.0   0.0  794
 8.050 1050.0  90  54  66  -1.563   0.0   0.0 1056
 8.050 1062.5  90  54  63  -1.563  90.0  30.0 1053
 8.050  250.0 -90  54  84  -1.563   0.0   0.0  256
 8.050  252.5 -90  54  93  -1.563   0.0   0.0  256
 8.050  255.0 -90  54  75  -1.563   0.0   0.0  256
 8.050  260.0 -90  54  72  -1.563  30.0  30.0  264
 8.050  505.0 -90  54  63  -1.563   0.0   0.0  512
 8.050  507.5 -90  54  81  -1.563   0.0   0.0  512
 8.050  510.0 -90  54  75  -1.563   0.0   0.0  513
 8.050  512.5 -90  54  63   1.563   0.0   0.0  517
 8.050 1017.5 -90  54  66  -1.563   0.0   0.0 1022
 8.050 1062.5 -90  54  63   1.563 150.0  30.0 1063
 8.075  252.5  90  54  66  -1.563  90.0  30.0  258
 8.075  257.5  90  54  75  -1.563   0.0   0.0  265
 8.075  260.0  90  54  93  -1.563   0.0   0.0  265
 8.075  262.5  90  54  87  -1.563   0.0   0.0  265
 8.075  522.5  90  54  69  -1.563   0.0   0.0  530
 8.075  525.0  90  54  81  -1.563   0.0   0.0  530
 8.075  527.5  90  54  72  -1.563   0.0   0.0  530
 8.075  785.0  90  54  66  -1.563 210.0  30.0  794
 8.075  787.5  90  54  81  -1.563   0.0   0.0  793
 8.075  790.0  90  54  78  -1.563   0.0   0.0  793
 8.075  792.5  90  54  63  -1.563 210.0  30.0  797
 8.075 1062.5  90  54  66  -1.563  90.0  30.0 1066
 8.075  250.0 -90  54  81  -1.563   0.0   0.0  256
 8.075  252.5 -90  54  93  -1.563   0.0   0.0  257
 8.075  255.0 -90  54  81  -1.563   0.0   0.0  257
 8.075  260.0 -90  54  72  -1.563  90.0  30.0  265
 8.075  262.5 -90  54  66  -1.563 210.0  30.0  265
 8.075  507.5 -90  54  78  -1.563   0.0   0.0  513
 8.075  510.0 -90  54  78  -1.563   0.0   0.0  513
 8.075  512.5 -90  54  63  -1.563   0.0   0.0  516
 8.075  767.5 -90  54  63   1.563   0.0   0.0  770
 8.075 1020.0 -90  54  66  -1.563   0.0   0.0 1025
 8.075 1022.5 -90  54  63   1.563   0.0   0.0 1028
 8.075 1062.5 -90  54  63   1.563  90.0  30.0 1064
 8.100  252.5  90  54  66   1.563 210.0  30.0  258
 8.100  255.0  90  54  63   1.563   0.0   0.0  257
 8.100  257.5  90  54  66  -1.563   0.0   0.0  264
 8.100  260.0  90  54  90  -1.563   0.0   0.0  265
 8.100  262.5  90  54  87  -1.563   0.0   0.0  265
 8.100  265.0  90  54  63  -1.563   0.0   0.0  264
 8.100  522.5  90  54  63   1.563   0.0   0.0  531
 8.100  525.0  90  54  78  -1.563   0.0   0.0  530
 8.100  527.5  90  54  72  -1.563   0.0   0.0  531
 8.100  787.5  90  54  72  -1.563   0.0   0.0  794
 8.100  790.0  90  54  81  -1.563   0.0   0.0  795
 8.100  792.5  90  54  63  -1.563   0.0   0.0  796
 8.100 1052.5  90  54  63   1.563   0.0   0.0 1056
 8.100 1062.5  90  54  63  -1.563  90.0  30.0 1058
 8.100  250.0 -90  54  78  -1.563   0.0   0.0  257
 8.100  252.5 -90  54  93  -1.563   0.0   0.0  257
 8.100  255.0 -90  54  81  -1.563   0.0   0.0  257
 8.100  260.0 -90  54  69   1.563  30.0  30.0  266
 8.100  262.5 -90  54  69  -1.563  30.0  30.0  266
 8.100  507.5 -90  54  72  -1.563   0.0   0.0  514
 8.100  510.0 -90  54  75  -1.563   0.0   0.0  513
 8.100  512.5 -90  54  63   1.563   0.0   0.0  517
 8.100  765.0 -90  54  69  -1.563   0.0   0.0  771
 8.100  767.5 -90  54  66  -1.563   0.0   0.0  770
 8.100 1020.0 -90  54  66  -1.563   0.0   0.0 1026
 8.125  252.5  90  54  63  -1.563 210.0  30.0  257
 8.125  260.0  90  54  90  -1.563   0.0   0.0  266
 8.125  262.5  90  54  90  -1.563   0.0   0.0  266
 8.125  265.0  90  54  66   1.563   0.0   0.0  270
 8.125  525.0  90  54  72  -1.563   0.0   0.0  531
 8.125  527.5  90  54  75  -1.563   0.0   0.0  531
 8.125  790.0  90  54  78  -1.563   0.0   0.0  795
 8.125  792.5  90  54  75  -1.563   0.0   0.0  796
 8.125 1052.5  90  54  63  -1.563 210.0  30.0 1043
 8.125 1055.0  90  54  66  -1.563   0.0   0.0 1061
 8.125 1062.5  90  54  63   1.563 150.0  30.0 1063
 8.125 1072.5  90  54  63   1.563  90.0  30.0 1070
 8.125  250.0 -90  54  72  -1.563   0.0   0.0  257
 8.125  252.5 -90  54  93  -1.563   0.0   0.0  258
 8.125  255.0 -90  54  84  -1.563   0.0   0.0  258
 8.125  260.0 -90  54  69  -1.563  30.0  30.0  267
 8.125  262.5 -90  54  69  -1.563 210.0  30.0  266
 8.125  507.5 -90  54  63  -1.563   0.0   0.0  515
 8.125  510.0 -90  54  75  -1.563   0.0   0.0  515
 8.125  512.5 -90  54  69  -1.563   0.0   0.0  516
 8.125  765.0 -90  54  69  -1.563   0.0   0.0  772
 8.125  767.5 -90  54  69  -1.563   0.0   0.0  771
 8.125  770.0 -90  54  63   1.563   0.0   0.0  774
 8.150  252.5  90  54  63  -1.563 210.0  30.0  259
 8.150  260.0  90  54  87  -1.563   0.0   0.0  266
 8.150  262.5  90  54  90  -1.563   0.0   0.0  266
 8.150  265.0  90  54  72  -1.563   0.0   0.0  267
 8.150  525.0  90  54  66  -1.563   0.0   0.0  532
 8.150  527.5  90  54  78  -1.563   0.0   0.0  532
 8.150  530.0  90  54  66  -1.563   0.0   0.0  534
 8.150  790.0  90  54  69  -1.563   0.0   0.0  796
 8.150  792.5  90  54  78  -1.563   0.0   0.0  797
 8.150  795.0  90  54  63   1.563   0.0   0.0  798
 8.150 1062.5  90  54  66  -1.563  90.0  30.0 1049
 8.150 1065.0  90  54  63  -1.563  90.0  30.0 1051
 8.150  250.0 -90  54  66  -1.563   0.0   0.0  257
 8.150  252.5 -90  54  90  -1.563   0.0   0.0  258
 8.150  255.0 -90  54  87  -1.563   0.0   0.0  258
 8.150  260.0 -90  54  63  -1.563 210.0  30.0  266
 8.150  262.5 -90  54  69  -1.563 210.0  30.0  267
 8.150  510.0 -90  54  72  -1.563   0.0   0.0  515
 8.150  515.0 -90  54  66  -1.563   0.0   0.0  518
 8.150  765.0 -90  54  66  -1.563   0.0   0.0  772
 8.150  767.5 -90  54  75  -1.563   0.0   0.0  772
 8.150  770.0 -90  54  69  -1.563   0.0   0.0  773
 8.175  260.0  90  57  81  -1.563   0.0   0.0  266
 8.175  262.5  90  57  93  -1.563   0.0   0.0  266
 8.175  265.0  90  57  78  -1.563   0.0   0.0  267
 8.175  527.5  90  57  75  -1.563   0.0   0.0  532
 8.175  530.0  90  57  69  -1.563   0.0   0.0  532
 8.175  792.5  90  57  75  -1.563   0.0   0.0  798
 8.175  795.0  90  57  75  -1.563   0.0   0.0  797
 8.175  840.0  90  57  66  -4.688 150.0  30.0  853
 8.175  252.5 -90  54  90  -1.563   0.0   0.0  258
 8.175  255.0 -90  54  90  -1.563   0.0   0.0  258
 8.175  257.5 -90  54  63  -1.563   0.0   0.0  260
 8.175  262.5 -90  54  69  -1.563  30.0  30.0  266
 8.175  510.0 -90  54  69  -1.563   0.0   0.0  516
 8.175  512.5 -90  54  72  -1.563   0.0   0.0  516
 8.175  515.0 -90  54  66  -1.563   0.0   0.0  518
 8.175  767.5 -90  54  75  -1.563   0.0   0.0  772
 8.175  770.0 -90  54  69  -1.563   0.0   0.0  771
 8.200  255.0  90  54  63   1.563 150.0  30.0  259
 8.200  260.0  90  54  78  -1.563   0.0   0.0  267
 8.200  262.5  90  54  93  -1.563   0.0   0.0  267
 8.200  265.0  90  54  84  -1.563   0.0   0.0  267
 8.200  527.5  90  54  72  -1.563   0.0   0.0  534
 8.200  530.0  90  54  78  -1.563   0.0   0.0  534
 8.200  792.5  90  54  66  -1.563   0.0   0.0  801
 8.200  795.0  90  54  75  -1.563   0.0   0.0  800
 8.200  797.5  90  54  69  -1.563   0.0   0.0  801
 8.200  252.5 -90  54  87  -1.563   0.0   0.0  258
 8.200  255.0 -90  54  90  -1.563   0.0   0.0  258
 8.200  257.5 -90  54  66  -1.563   0.0   0.0  259
 8.200  262.5 -90  54  69   1.563  30.0  30.0  267
 8.200  510.0 -90  54  63   1.563   0.0   0.0  517
 8.200  512.5 -90  54  69  -1.563   0.0   0.0  517
 8.200  515.0 -90  54  63   1.563  90.0  30.0  518
 8.200  767.5 -90  54  69  -1.563   0.0   0.0  774
 8.200  770.0 -90  54  75  -1.563   0.0   0.0  774
 8.200 1027.5 -90  54  63  -1.563   0.0   0.0 1032
 8.225  260.0  90  66  81  -1.563   0.0   0.0  268
 8.225  262.5  90  66 102  -1.563   0.0   0.0  268
 8.225  265.0  90  66  96  -1.563   0.0   0.0  268
 8.225  527.5  90  66  75   1.563   0.0   0.0  533
 8.225  530.0  90  66  90  -1.563   0.0   0.0  535
 8.225  532.5  90  66  84  -1.563   0.0   0.0  535
 8.225  795.0  90  66  84  -1.563   0.0   0.0  801
 8.225  797.5  90  66  84  -1.563   0.0   0.0  801
 8.225 1062.5  90  66  75  -1.563   0.0   0.0 1068
 8.225 1240.0  90  66  75   1.563  90.0  30.0 1236
 8.225  252.5 -90  66  96  -1.563   0.0   0.0  259
 8.225  255.0 -90  66 102  -1.563   0.0   0.0  259
 8.225  257.5 -90  66  81  -1.563   0.0   0.0  259
 8.225  262.5 -90  66  75   1.563  30.0  30.0  267
 8.225  265.0 -90  66  75  -1.563 210.0  30.0  268
 8.225  770.0 -90  66  87  -1.563   0.0   0.0  775
 8.225  772.5 -90  66  78  -1.563   0.0   0.0  776
 8.225 1027.5 -90  66  75  -1.563   0.0   0.0 1034
 8.250  260.0  90  66  75  -1.563   0.0   0.0  268
 8.250  262.5  90  66  99  -1.563   0.0   0.0  268
 8.250  265.0  90  66  99  -1.563   0.0   0.0  268
 8.250  530.0  90  66  87  -1.563   0.0   0.0  535
 8.250  532.5  90  66  87  -1.563   0.0   0.0  535
 8.250  795.0  90  66  75  -1.563   0.0   0.0  801
 8.250  797.5  90  66  87  -1.563   0.0   0.0  802
 8.250  800.0  90  66  81  -1.563   0.0   0.0  805
 8.250  252.5 -90  63  93  -1.563   0.0   0.0  259
 8.250  255.0 -90  63 102  -1.563   0.0   0.0  259
 8.250  257.5 -90  63  87  -1.563   0.0   0.0  259
 8.250  262.5 -90  63  75  -1.563  30.0  30.0  268
 8.250  265.0 -90  63  75   1.563  30.0  30.0  269
 8.250  512.5 -90  63  75   1.563   0.0   0.0  516
 8.250  515.0 -90  63  78  -1.563   0.0   0.0  519
 8.250  517.5 -90  63  75  -1.563   0.0   0.0  520
 8.250  770.0 -90  63  84  -1.563   0.0   0.0  776
 8.250  772.5 -90  63  87  -1.563   0.0   0.0  776
 8.250  775.0 -90  63  72  -1.563   0.0   0.0  779
 8.250 1027.5 -90  63  72   1.563   0.0   0.0 1031
 8.250 1030.0 -90  63  75  -1.563   0.0   0.0 1033
 8.275  255.0  90  66  75   1.563 210.0  30.0  259
 8.275  262.5  90  66  99  -1.563   0.0   0.0  269
 8.275  265.0  90  66 102  -1.563   0.0   0.0  269
 8.275  267.5  90  66  81   1.563   0.0   0.0  269
 8.275  530.0  90  66  84  -1.563   0.0   0.0  537
 8.275  532.5  90  66  90  -1.563   0.0   0.0  537
 8.275  535.0  90  66  81  -1.563   0.0   0.0  539
 8.275  797.5  90  66  81   1.563   0.0   0.0  803
 8.275  800.0  90  66  87  -1.563   0.0   0.0  804
 8.275 1062.5  90  66  78   1.563  90.0  30.0 1066
 8.275  252.5 -90  66  90  -1.563   0.0   0.0  259
 8.275  255.0 -90  66 102  -1.563   0.0   0.0  259
 8.275  257.5 -90  66  93  -1.563   0.0   0.0  260
 8.275  262.5 -90  66  75  -1.563  90.0  30.0  269
 8.275  265.0 -90  66  78  -1.563 210.0  30.0  269
 8.275  512.5 -90  66  75  -1.563   0.0   0.0  519
 8.275  515.0 -90  66  81  -1.563   0.0   0.0  519
 8.275  770.0 -90  66  78  -1.563   0.0   0.0  777
 8.275  772.5 -90  66  87  -1.563   0.0   0.0  777
 8.275  775.0 -90  66  78  -1.563   0.0   0.0  779
 8.275 1030.0 -90  66  75  -1.563   0.0   0.0 1036
 8.300  262.5  90  66  93  -1.563   0.0   0.0  269
 8.300  265.0  90  66 102  -1.563   0.0   0.0  269
 8.300  267.5  90  66  87  -1.563   0.0   0.0  269
 8.300  530.0  90  66  75  -1.563   0.0   0.0  536
 8.300  532.5  90  66  90  -1.563   0.0   0.0  538
 8.300  535.0  90  66  84  -1.563   0.0   0.0  538
 8.300  800.0  90  66  87  -1.563   0.0   0.0  805
 8.300  802.5  90  66  81  -1.563   0.0   0.0  806
 8.300 1062.5  90  66  75  -1.563  90.0  30.0 1064
 8.300  252.5 -90  63  84  -1.563   0.0   0.0  260
 8.300  255.0 -90  63 102  -1.563   0.0   0.0  260
 8.300  257.5 -90  63  96  -1.563   0.0   0.0  260
 8.300  262.5 -90  63  72  -1.563  30.0  30.0  270
 8.300  265.0 -90  63  78   1.563  30.0  30.0  269
 8.300  267.5 -90  63  72  -1.563 210.0  30.0  267
 8.300  512.5 -90  63  75  -1.563   0.0   0.0  519
 8.300  515.0 -90  63  84  -1.563   0.0   0.0  519
 8.300  517.5 -90  63  78  -1.563   0.0   0.0  523
 8.300  520.0 -90  63  72   1.563 210.0  30.0  528
 8.300  772.5 -90  63  87  -1.563   0.0   0.0  778
 8.300  775.0 -90  63  84  -1.563   0.0   0.0  778
 8.300  777.5 -90  63  72   1.563   0.0   0.0  781
 8.300 1032.5 -90  63  72   1.563   0.0   0.0 1034
 8.300 1035.0 -90  63  72  -1.563   0.0   0.0 1040
 8.300 1062.5 -90  63  72  -1.563  90.0  30.0 1056
 8.325  255.0  90  54  63  -1.563 210.0  30.0  262
 8.325  262.5  90  54  78   1.563   0.0   0.0  270
 8.325  265.0  90  54  93  -1.563   0.0   0.0  270
 8.325  267.5  90  54  81  -1.563   0.0   0.0  270
 8.325  532.5  90  54  75  -1.563   0.0   0.0  539
 8.325  535.0  90  54  78  -1.563   0.0   0.0  539
 8.325  537.5  90  54  63   1.563   0.0   0.0  541
 8.325  800.0  90  54  66  -1.563   0.0   0.0  806
 8.325  802.5  90  54  75  -1.563   0.0   0.0  807
 8.325  805.0  90  54  69  -1.563   0.0   0.0  808
 8.325  252.5 -90  54  69  -1.563   0.0   0.0  260
 8.325  255.0 -90  54  90  -1.563   0.0   0.0  260
 8.325  257.5 -90  54  87  -1.563   0.0   0.0  260
 8.325  265.0 -90  54  69   1.563  30.0  30.0  269
 8.325  267.5 -90  54  63   1.563  90.0  30.0  270
 8.325  515.0 -90  54  75  -1.563   0.0   0.0  520
 8.325  517.5 -90  54  72  -1.563   0.0   0.0  520
 8.325  772.5 -90  54  69  -1.563   0.0   0.0  778
 8.325  775.0 -90  54  75  -1.563   0.0   0.0  779
 8.325  777.5 -90  54  63  -1.563   0.0   0.0  782
 8.325 1032.5 -90  54  63  -1.563   0.0   0.0 1037
 8.325 1035.0 -90  54  63  -1.563   0.0   0.0 1038
 8.325 1062.5 -90  54  63  -1.563  90.0  30.0 1066
 8.400  265.0  90  54  87  -1.563   0.0   0.0  271
 8.400  267.5  90  54  90  -1.563   0.0   0.0  271
 8.400  270.0  90  54  69  -1.563   0.0   0.0  271
 8.400  535.0  90  54  69  -1.563   0.0   0.0  541
 8.400  537.5  90  54  72  -1.563   0.0   0.0  542
 8.400  540.0  90  54  66  -1.563   0.0   0.0  545
 8.400  805.0  90  54  69  -1.563   0.0   0.0  810
 8.400  807.5  90  54  75  -1.563   0.0   0.0  812
 8.400  810.0  90  54  63   1.563   0.0   0.0  812
 8.400  987.5  90  54  63  -1.563  90.0  30.0 1001
 8.400 1062.5  90  54  72  -1.563  90.0  30.0 1070
 8.400 1065.0  90  54  66  -1.563  90.0  30.0 1054
 8.400  255.0 -90  54  84  -1.563   0.0   0.0  261
 8.400  257.5 -90  54  90  -1.563   0.0   0.0  261
 8.400  260.0 -90  54  75  -1.563   0.0   0.0  261
 8.400  267.5 -90  54  66   1.563 210.0  30.0  272
 8.400  515.0 -90  54  63  -1.563   0.0   0.0  521
 8.400  517.5 -90  54  75  -1.563   0.0   0.0  522
 8.400  777.5 -90  54  75  -1.563   0.0   0.0  782
 8.400  780.0 -90  54  66   1.563   0.0   0.0  782
 8.425  265.0  90  66  93  -1.563   0.0   0.0  271
 8.425  267.5  90  66 102  -1.563   0.0   0.0  271
 8.425  270.0  90  66  87  -1.563   0.0   0.0  271
 8.425  537.5  90  66  84  -1.563   0.0   0.0  542
 8.425  807.5  90  66  84  -1.563   0.0   0.0  812
 8.425  810.0  90  66  81  -1.563   0.0   0.0  814
 8.425  987.5  90  66  75   1.563  90.0  30.0  991
 8.425 1062.5  90  66  81  -1.563  90.0  30.0 1071
 8.425  255.0 -90  66  90  -1.563   0.0   0.0  261
 8.425  257.5 -90  66 102  -1.563   0.0   0.0  261
 8.425  260.0 -90  66  87  -1.563   0.0   0.0  261
 8.425  267.5 -90  66  75  -1.563 270.0  30.0  268
 8.425  517.5 -90  66  84  -1.563   0.0   0.0  523
 8.425  520.0 -90  66  78  -1.563   0.0   0.0  523
 8.425  777.5 -90  66  78  -1.563   0.0   0.0  781
 8.425  780.0 -90  66  81  -1.563   0.0   0.0  782
 8.450  265.0  90  69  87  -1.563   0.0   0.0  272
 8.450  267.5  90  69 102  -1.563   0.0   0.0  272
 8.450  270.0  90  69  90  -1.563   0.0   0.0  273
 8.450  537.5  90  69  78  -1.563   0.0   0.0  542
 8.450  540.0  90  69  84  -1.563   0.0   0.0  544
 8.450  810.0  90  69  84  -1.563   0.0   0.0  815
 8.450 1062.5  90  69  81  -1.563  90.0  30.0 1066
 8.450  255.0 -90  66  87  -1.563   0.0   0.0  262
 8.450  257.5 -90  66 102  -1.563   0.0   0.0  262
 8.450  260.0 -90  66  90  -1.563   0.0   0.0  262
 8.450  267.5 -90  66  75   1.563  30.0  30.0  269
 8.450  517.5 -90  66  81  -1.563   0.0   0.0  523
 8.450  520.0 -90  66  87  -1.563   0.0   0.0  524
 8.450  522.5 -90  66  75  -1.563   0.0   0.0  525
 8.450  780.0 -90  66  84  -1.563   0.0   0.0  785
 8.450  782.5 -90  66  78   1.563   0.0   0.0  786
 8.475  265.0  90  72  81  -1.563   0.0   0.0  271
 8.475  267.5  90  72  99  -1.563   0.0   0.0  273
 8.475  270.0  90  72  96  -1.563   0.0   0.0  273
 8.475  540.0  90  72  84  -1.563   0.0   0.0  546
 8.475  542.5  90  72  81  -1.563   0.0   0.0  546
 8.475  810.0  90  72  81  -1.563   0.0   0.0  818
 8.475  812.5  90  72  84  -1.563   0.0   0.0  815
 8.475 1062.5  90  72  81  -1.563  90.0  30.0 1059
 8.475  255.0 -90  69  84   1.563   0.0   0.0  262
 8.475  257.5 -90  69 102  -1.563   0.0   0.0  262
 8.475  260.0 -90  69  96  -1.563   0.0   0.0  263
 8.475  517.5 -90  69  78   1.563   0.0   0.0  525
 8.475  520.0 -90  69  87  -1.563   0.0   0.0  525
 8.475  522.5 -90  69  78   1.563   0.0   0.0  531
 8.475  780.0 -90  69  81   1.563   0.0   0.0  786
 8.475  782.5 -90  69  81  -1.563   0.0   0.0  786
 8.500  267.5  90  69  99  -1.563   0.0   0.0  273
 8.500  270.0  90  69  99  -1.563   0.0   0.0  273
 8.500  540.0  90  69  81  -1.563   0.0   0.0  546
 8.500  812.5  90  69  84  -1.563   0.0   0.0  817
 8.500  815.0  90  69  81  -1.563   0.0   0.0  818
 8.500 1062.5  90  69  78  -1.563  90.0  30.0 1059
 8.500  255.0 -90  66  75  -1.563   0.0   0.0  261
 8.500  257.5 -90  66  99  -1.563   0.0   0.0  263
 8.500  260.0 -90  66  96  -1.563   0.0   0.0  263
 8.500  520.0 -90  66  87  -1.563   0.0   0.0  525
 8.500  522.5 -90  66  81  -1.563   0.0   0.0  526
 8.500  525.0 -90  66  75   1.563   0.0   0.0  528
 8.500  782.5 -90  66  84  -1.563   0.0   0.0  787
 8.500  785.0 -90  66  75  -1.563   0.0   0.0  789
 8.525  267.5  90  69  96  -1.563   0.0   0.0  274
 8.525  270.0  90  69 102  -1.563   0.0   0.0  274
 8.525  272.5  90  69  84  -1.563   0.0   0.0  275
 8.525  542.5  90  69  78  -1.563   0.0   0.0  548
 8.525  812.5  90  69  81  -1.563   0.0   0.0  818
 8.525  815.0  90  69  84  -1.563   0.0   0.0  819
 8.525 1062.5  90  69  81  -1.563  90.0  30.0 1077
 8.525  257.5 -90  69  99  -1.563   0.0   0.0  263
 8.525  260.0 -90  69  99  -1.563   0.0   0.0  263
 8.525  262.5 -90  69  78  -1.563   0.0   0.0  267
 8.525  270.0 -90  69  78  -1.563  90.0  30.0  277
 8.525  520.0 -90  69  84  -1.563   0.0   0.0  526
 8.525  522.5 -90  69  90  -1.563   0.0   0.0  527
 8.525  525.0 -90  69  78  -1.563   0.0   0.0  529
 8.525  782.5 -90  69  81  -1.563   0.0   0.0  788
 8.525  785.0 -90  69  81  -1.563   0.0   0.0  789
 8.550  267.5  90  72  90   1.563   0.0   0.0  275
 8.550  270.0  90  72 102  -1.563   0.0   0.0  274
 8.550  272.5  90  72  87  -1.563   0.0   0.0  274
 8.550  542.5  90  72  81  -1.563   0.0   0.0  548
 8.550  545.0  90  72  81  -1.563   0.0   0.0  549
 8.550  815.0  90  72  81  -1.563   0.0   0.0  822
 8.550  817.5  90  72  84  -1.563   0.0   0.0  822
 8.550 1062.5  90  72  81  -1.563  90.0  30.0 1063
 8.550  257.5 -90  72  96  -1.563   0.0   0.0  264
 8.550  260.0 -90  72  99  -1.563   0.0   0.0  264
 8.550  522.5 -90  72  87  -1.563   0.0   0.0  527
 8.550  785.0 -90  72  81   1.563   0.0   0.0  790
 8.575  267.5  90  69  84  -1.563   0.0   0.0  273
 8.575  270.0  90  69  99  -1.563   0.0   0.0  274
 8.575  272.5  90  69  93  -1.563   0.0   0.0  275
 8.575  542.5  90  69  78  -1.563   0.0   0.0  550
 8.575  545.0  90  69  87  -1.563   0.0   0.0  549
 8.575  547.5  90  69  78  -1.563   0.0   0.0  552
 8.575  817.5  90  69  84  -1.563   0.0   0.0  822
 8.575 1062.5  90  69  78  -1.563  90.0  30.0 1062
 8.575  257.5 -90  69  93  -1.563   0.0   0.0  264
 8.575  260.0 -90  69 102  -1.563   0.0   0.0  264
 8.575  262.5 -90  69  87  -1.563   0.0   0.0  264
 8.575  522.5 -90  69  87  -1.563   0.0   0.0  527
 8.575  525.0 -90  69  81   1.563   0.0   0.0  527
 8.575  785.0 -90  69  81  -1.563   0.0   0.0  791
 8.575  787.5 -90  69  81  -1.563   0.0   0.0  790
 8.600  267.5  90  66  78   1.563   0.0   0.0  274
 8.600  270.0  90  66  99  -1.563   0.0   0.0  275
 8.600  272.5  90  66  99  -1.563   0.0   0.0  275
 8.600  545.0  90  66  90  -1.563   0.0   0.0  550
 8.600  547.5  90  66  84  -1.563   0.0   0.0  550
 8.600  817.5  90  66  78  -1.563   0.0   0.0  821
 8.600  820.0  90  66  84  -1.563   0.0   0.0  824
 8.600  822.5  90  66  78  -1.563   0.0   0.0  825
 8.600 1062.5  90  66  78  -1.563  90.0  30.0 1055
 8.600  257.5 -90  66  90  -1.563   0.0   0.0  264
 8.600  260.0 -90  66 102  -1.563   0.0   0.0  264
 8.600  262.5 -90  66  90  -1.563   0.0   0.0  264
 8.600  522.5 -90  66  87  -1.563   0.0   0.0  528
 8.600  525.0 -90  66  87  -1.563   0.0   0.0  529
 8.600  787.5 -90  66  81   1.563   0.0   0.0  792
 8.600  790.0 -90  66  75  -1.563   0.0   0.0  791
 8.625  250.0  90  66  75  -1.563  90.0  30.0  255
 8.625  252.5  90  66  75  -1.563   0.0   0.0  257
 8.625  260.0  90  66  75  -1.563   0.0   0.0  264
 8.625  262.5  90  66  78  -1.563   0.0   0.0  266
 8.625  267.5  90  66  78   1.563   0.0   0.0  273
 8.625  270.0  90  66  96  -1.563   0.0   0.0  276
 8.625  272.5  90  66  99  -1.563   0.0   0.0  276
 8.625  275.0  90  66  75  -1.563   0.0   0.0  272
 8.625  277.5  90  66  75   1.563 270.0  30.0  281
 8.625  280.0  90  66  75   1.563   0.0   0.0  286
 8.625  282.5  90  66  78   1.563   0.0   0.0  286
 8.625  285.0  90  66  75   1.563   0.0   0.0  289
 8.625  290.0  90  66  75   1.563   0.0   0.0  293
 8.625  292.5  90  66  78   1.563   0.0   0.0  296
 8.625  295.0  90  66  75   1.563   0.0   0.0  300
 8.625  297.5  90  66  75   1.563   0.0   0.0  299
 8.625  545.0  90  66  84  -1.563   0.0   0.0  551
 8.625  547.5  90  66  87  -1.563   0.0   0.0  551
 8.625  820.0  90  66  81  -1.563   0.0   0.0  825
 8.625  822.5  90  66  84  -1.563   0.0   0.0  827
 8.625 1062.5  90  66  81  -1.563  90.0  30.0 1066
 8.625 1065.0  90  66  81  -1.563  90.0  30.0 1062
 8.625  257.5 -90  69  84   1.563   0.0   0.0  264
 8.625  260.0 -90  69 102  -1.563   0.0   0.0  265
 8.625  262.5 -90  69  96  -1.563   0.0   0.0  265
 8.625  522.5 -90  69  81   1.563   0.0   0.0  529
 8.625  525.0 -90  69  90  -1.563   0.0   0.0  529
 8.625  527.5 -90  69  78  -1.563   0.0   0.0  531
 8.625  787.5 -90  69  81  -1.563   0.0   0.0  793
 8.650  247.5  90  66  75  -1.563 330.0  30.0  243
 8.650  265.0  90  66  75   1.563   0.0   0.0  272
 8.650  270.0  90  66  93  -1.563   0.0   0.0  276
 8.650  272.5  90  66 102  -1.563   0.0   0.0  277
 8.650  275.0  90  66  87  -1.563   0.0   0.0  277
 8.650  280.0  90  66  75  -1.563   0.0   0.0  286
 8.650  287.5  90  66  75  -1.563   0.0   0.0  291
 8.650  545.0  90  66  78  -1.563   0.0   0.0  550
 8.650  547.5  90  66  90  -1.563   0.0   0.0  553
 8.650  550.0  90  66  84  -1.563   0.0   0.0  554
 8.650  822.5  90  66  81  -1.563   0.0   0.0  827
 8.650  987.5  90  66  75  -1.563  90.0  30.0  982
 8.650 1062.5  90  66  81  -1.563  90.0  30.0 1061
 8.650 1065.0  90  66  81  -1.563  90.0  30.0 1065
 8.650  257.5 -90  69  78   1.563   0.0   0.0  266
 8.650  260.0 -90  69  99  -1.563   0.0   0.0  265
 8.650  262.5 -90  69  96  -1.563   0.0   0.0  265
 8.650  525.0 -90  69  87  -1.563   0.0   0.0  530
 8.650  527.5 -90  69  78  -1.563 330.0  30.0  521
 8.650  790.0 -90  69  84  -1.563   0.0   0.0  795
 8.675  270.0  90  66  87  -1.563   0.0   0.0  278
 8.675  272.5  90  66 102  -1.563   0.0   0.0  278
 8.675  275.0  90  66  93  -1.563   0.0   0.0  278
 8.675  547.5  90  66  87  -1.563   0.0   0.0  554
 8.675  550.0  90  66  90  -1.563   0.0   0.0  555
 8.675  552.5  90  66  78  -1.563   0.0   0.0  556
 8.675  822.5  90  66  75  -1.563   0.0   0.0  828
 8.675  825.0  90  66  81  -1.563   0.0   0.0  831
 8.675  827.5  90  66  75   1.563   0.0   0.0  833
 8.675  987.5  90  66  75  -1.563  30.0  30.0  987
 8.675 1062.5  90  66  78  -1.563  90.0  30.0 1068
 8.675  260.0 -90  66  99  -1.563   0.0   0.0  266
 8.675  262.5 -90  66  99  -1.563   0.0   0.0  266
 8.675  265.0 -90  66  75  -1.563   0.0   0.0  266
 8.675  272.5 -90  66  75   1.563  90.0  30.0  277
 8.675  525.0 -90  66  87  -1.563   0.0   0.0  532
 8.675  527.5 -90  66  87  -1.563   0.0   0.0  532
 8.675  530.0 -90  66  75   1.563   0.0   0.0  535
 8.675  790.0 -90  66  81  -1.563   0.0   0.0  796
 8.675  792.5 -90  66  78  -1.563   0.0   0.0  797
 8.700  270.0  90  69  78   1.563   0.0   0.0  257
 8.700  272.5  90  69  99  -1.563   0.0   0.0  278
 8.700  275.0  90  69  96  -1.563   0.0   0.0  278
 8.700  547.5  90  69  78  -1.563   0.0   0.0  552
 8.700  550.0  90  69  90  -1.563   0.0   0.0  556
 8.700  552.5  90  69  81  -1.563   0.0   0.0  556
 8.700  825.0  90  69  81   1.563   0.0   0.0  831
 8.700  827.5  90  69  84  -1.563   0.0   0.0  831
 8.700  260.0 -90  72  96  -1.563   0.0   0.0  266
 8.700  262.5 -90  72  99  -1.563   0.0   0.0  266
 8.700  527.5 -90  72  90  -1.563   0.0   0.0  532
 8.700  792.5 -90  72  81  -1.563   0.0   0.0  797
 8.725  272.5  90  69  96  -1.563   0.0   0.0  278
 8.725  275.0  90  69  99  -1.563   0.0   0.0  278
 8.725  550.0  90  69  87  -1.563   0.0   0.0  555
 8.725  552.5  90  69  90  -1.563   0.0   0.0  556
 8.725  555.0  90  69  78  -1.563   0.0   0.0  559
 8.725  827.5  90  69  78   1.563   0.0   0.0  833
 8.725  260.0 -90  66  90  -1.563   0.0   0.0  266
 8.725  262.5 -90  66  99  -1.563   0.0   0.0  266
 8.725  265.0 -90  66  84   1.563   0.0   0.0  266
 8.725  527.5 -90  66  87  -1.563   0.0   0.0  532
 8.725  530.0 -90  66  84   1.563   0.0   0.0  532
 8.725  792.5 -90  66  81  -1.563   0.0   0.0  798
 8.725  795.0 -90  66  81  -1.563   0.0   0.0  798
 8.725 1062.5 -90  66  75   1.563  90.0  30.0 1055
 8.750  272.5  90  69  93  -1.563   0.0   0.0  279
 8.750  275.0  90  69  99  -1.563   0.0   0.0  279
 8.750  277.5  90  69  84  -1.563   0.0   0.0  280
 8.750  550.0  90  69  78  -1.563   0.0   0.0  557
 8.750  552.5  90  69  90  -1.563   0.0   0.0  558
 8.750  555.0  90  69  81  -1.563   0.0   0.0  558
 8.750  830.0  90  69  78  -1.563   0.0   0.0  835
 8.750  260.0 -90  66  87  -1.563   0.0   0.0  267
 8.750  262.5 -90  66  99  -1.563   0.0   0.0  267
 8.750  265.0 -90  66  90  -1.563   0.0   0.0  267
 8.750  527.5 -90  66  84  -1.563   0.0   0.0  534
 8.750  530.0 -90  66  84  -1.563   0.0   0.0  533
 8.750  795.0 -90  66  81  -1.563   0.0   0.0  799
 8.750 1060.0 -90  66  75   1.563   0.0   0.0 1066
 8.775   80.0  90  66  75   4.688 150.0  30.0   90
 8.775  272.5  90  66  84   1.563   0.0   0.0  279
 8.775  275.0  90  66  99  -1.563   0.0   0.0  280
 8.775  277.5  90  66  90  -1.563   0.0   0.0  280
 8.775  552.5  90  66  84  -1.563   0.0   0.0  558
 8.775  555.0  90  66  84  -1.563   0.0   0.0  559
 8.775  830.0  90  66  75  -1.563   0.0   0.0  834
 8.775  832.5  90  66  78  -1.563   0.0   0.0  838
 8.775  260.0 -90  66  81  -1.563   0.0   0.0  268
 8.775  262.5 -90  66  99  -1.563   0.0   0.0  267
 8.775  265.0 -90  66  93  -1.563   0.0   0.0  267
 8.775  275.0 -90  66  75  -1.563 330.0  30.0  279
 8.775  290.0 -90  66  75   1.563 150.0  30.0  304
 8.775  527.5 -90  66  75   1.563   0.0   0.0  534
 8.775  530.0 -90  66  84  -1.563   0.0   0.0  534
 8.775  532.5 -90  66  75  -1.563   0.0   0.0  539
 8.775  795.0 -90  66  81   1.563   0.0   0.0  802
 8.775  797.5 -90  66  81  -1.563   0.0   0.0  802
 8.800  272.5  90  66  78   1.563   0.0   0.0  280
 8.800  275.0  90  66  99  -1.563   0.0   0.0  280
 8.800  277.5  90  66  93  -1.563   0.0   0.0  280
 8.800  552.5  90  66  75  -1.563   0.0   0.0  561
 8.800  555.0  90  66  84  -1.563   0.0   0.0  559
 8.800  832.5  90  66  78  -1.563   0.0   0.0  839
 8.800  835.0  90  66  78  -1.563   0.0   0.0  841
 8.800  837.5  90  66  75  -1.563   0.0   0.0  840
 8.800  260.0 -90  66  75  -1.563   0.0   0.0  269
 8.800  262.5 -90  66  99  -1.563   0.0   0.0  268
 8.800  265.0 -90  66  96  -1.563   0.0   0.0  268
 8.800  530.0 -90  66  81  -1.563   0.0   0.0  535
 8.800  532.5 -90  66  75  -1.563   0.0   0.0  537
 8.800  797.5 -90  66  78   1.563   0.0   0.0  802
 8.825  272.5  90  63  72  -1.563   0.0   0.0  283
 8.825  275.0  90  63  96  -1.563   0.0   0.0  281
 8.825  277.5  90  63  99  -1.563   0.0   0.0  281
 8.825  280.0  90  63  75  -1.563   0.0   0.0  282
 8.825  555.0  90  63  78  -1.563   0.0   0.0  561
 8.825  557.5  90  63  78  -1.563   0.0   0.0  561
 8.825  560.0  90  63  72  -1.563   0.0   0.0  562
 8.825  835.0  90  63  78  -1.563   0.0   0.0  842
 8.825  837.5  90  63  78  -1.563   0.0   0.0  840
 8.825  840.0  90  63  72  -1.563   0.0   0.0  846
 8.825 1115.0  90  63  72  -1.563 270.0  30.0 1119
 8.825  262.5 -90  66  96  -1.563   0.0   0.0  268
 8.825  265.0 -90  66  99  -1.563   0.0   0.0  269
 8.825  267.5 -90  66  75   1.563   0.0   0.0  270
 8.825  530.0 -90  66  78  -1.563   0.0   0.0  536
 8.825  532.5 -90  66  81  -1.563   0.0   0.0  536
 8.850  275.0  90  66  90  -1.563   0.0   0.0  281
 8.850  277.5  90  66  99  -1.563   0.0   0.0  282
 8.850  280.0  90  66  84   1.563   0.0   0.0  282
 8.850  545.0  90  66  75   4.688 270.0  30.0  552
 8.850  550.0  90  66  75  -4.688 270.0  30.0  564
 8.850  552.5  90  66  75  -4.688 270.0  30.0  557
 8.850  555.0  90  66  75  -1.563 270.0  30.0  565
 8.850  557.5  90  66  81   1.563   0.0   0.0  561
 8.850  560.0  90  66  78   1.563   0.0   0.0  562
 8.850  837.5  90  66  78  -1.563   0.0   0.0  843
 8.850  840.0  90  66  75  -1.563   0.0   0.0  845
 8.850  262.5 -90  63  93  -1.563   0.0   0.0  269
 8.850  265.0 -90  63  99  -1.563   0.0   0.0  269
 8.850  267.5 -90  63  81  -1.563   0.0   0.0  269
 8.850  277.5 -90  63  72  -1.563  90.0  30.0  284
 8.850  530.0 -90  63  72  -1.563   0.0   0.0  537
 8.850  532.5 -90  63  84  -1.563   0.0   0.0  537
 8.850  535.0 -90  63  78  -1.563   0.0   0.0  538
 8.850  800.0 -90  63  72  -1.563   0.0   0.0  804
 8.850  802.5 -90  63  72  -1.563   0.0   0.0  807
 8.875  275.0  90  66  87  -1.563   0.0   0.0  282
 8.875  277.5  90  66  99  -1.563   0.0   0.0  282
 8.875  280.0  90  66  90  -1.563   0.0   0.0  283
 8.875  557.5  90  66  78  -1.563   0.0   0.0  563
 8.875  560.0  90  66  75  -1.563   0.0   0.0  562
 8.875  837.5  90  66  78   1.563   0.0   0.0  843
 8.875  840.0  90  66  81  -1.563   0.0   0.0  845
 8.875  842.5  90  66  78  -1.563   0.0   0.0  847
 8.875  262.5 -90  66  90  -1.563   0.0   0.0  269
 8.875  265.0 -90  66  99  -1.563   0.0   0.0  269
 8.875  267.5 -90  66  87  -1.563   0.0   0.0  270
 8.875  532.5 -90  66  81  -1.563   0.0   0.0  537
 8.875  535.0 -90  66  81  -1.563   0.0   0.0  538
 8.875  800.0 -90  66  75  -1.563   0.0   0.0  804
 8.875  805.0 -90  66  75  -1.563   0.0   0.0  809
 8.900  275.0  90  63  78  -1.563   0.0   0.0  282
 8.900  277.5  90  63  99  -1.563   0.0   0.0  283
 8.900  280.0  90  63  96  -1.563   0.0   0.0  283
 8.900  282.5  90  63  72   1.563   0.0   0.0  276
 8.900  560.0  90  63  78  -1.563   0.0   0.0  565
 8.900  562.5  90  63  78  -1.563   0.0   0.0  566
 8.900  840.0  90  63  75  -1.563   0.0   0.0  847
 8.900  842.5  90  63  81  -1.563   0.0   0.0  847
 8.900  845.0  90  63  72  -1.563   0.0   0.0  846
 8.900  955.0  90  63  72  -1.563   0.0   0.0  958
 8.900  262.5 -90  63  84  -1.563   0.0   0.0  270
 8.900  265.0 -90  63  99  -1.563   0.0   0.0  270
 8.900  267.5 -90  63  90  -1.563   0.0   0.0  270
 8.900  277.5 -90  63  72  -1.563   0.0   0.0  280
 8.900  532.5 -90  63  78  -1.563   0.0   0.0  539
 8.900  535.0 -90  63  81  -1.563   0.0   0.0  539
 8.900  802.5 -90  63  78  -1.563   0.0   0.0  807
 8.900  805.0 -90  63  81   1.563   0.0   0.0  809
 8.900  807.5 -90  63  72   1.563   0.0   0.0  813
 8.925  275.0  90  63  72   1.563   0.0   0.0  279
 8.925  277.5  90  63  96  -1.563   0.0   0.0  283
 8.925  280.0  90  63  99  -1.563   0.0   0.0  283
 8.925  282.5  90  63  75  -1.563   0.0   0.0  284
 8.925  560.0  90  63  78  -1.563   0.0   0.0  564
 8.925  562.5  90  63  84  -1.563   0.0   0.0  566
 8.925  565.0  90  63  72  -1.563  30.0  30.0  569
 8.925  840.0  90  63  72  -1.563   0.0   0.0  845
 8.925  842.5  90  63  81  -1.563   0.0   0.0  848
 8.925  845.0  90  63  84  -1.563   0.0   0.0  848
 8.925  847.5  90  63  72  -1.563   0.0   0.0  851
 8.925  262.5 -90  66  75   1.563   0.0   0.0  269
 8.925  265.0 -90  66  99  -1.563   0.0   0.0  270
 8.925  267.5 -90  66  93  -1.563   0.0   0.0  270
 8.925  535.0 -90  66  81  -1.563   0.0   0.0  539
 8.925  537.5 -90  66  75  -1.563   0.0   0.0  541
 8.925  805.0 -90  66  78  -1.563   0.0   0.0  810
 8.950  277.5  90  66  90  -1.563   0.0   0.0  284
 8.950  280.0  90  66  99  -1.563   0.0   0.0  284
 8.950  282.5  90  66  84  -1.563   0.0   0.0  284
 8.950  562.5  90  66  81  -1.563   0.0   0.0  568
 8.950  565.0  90  66  78  -1.563   0.0   0.0  569
 8.950  845.0  90  66  81  -1.563   0.0   0.0  850
 8.950  847.5  90  66  81  -1.563   0.0   0.0  851
 8.950  265.0 -90  66  96  -1.563   0.0   0.0  271
 8.950  267.5 -90  66  96  -1.563   0.0   0.0  271
 8.950  535.0 -90  66  78  -1.563   0.0   0.0  543
 8.950  537.5 -90  66  78   1.563   0.0   0.0  542
 8.950  805.0 -90  66  75  -1.563   0.0   0.0  811
 8.975  277.5  90  63  84   1.563   0.0   0.0  284
 8.975  280.0  90  63  99  -1.563   0.0   0.0  285
 8.975  282.5  90  63  93  -1.563   0.0   0.0  285
 8.975  562.5  90  63  78  -1.563   0.0   0.0  569
 8.975  565.0  90  63  84  -1.563   0.0   0.0  569
 8.975  567.5  90  63  72   1.563   0.0   0.0  570
 8.975  845.0  90  63  75   1.563   0.0   0.0  851
 8.975  847.5  90  63  84  -1.563   0.0   0.0  852
 8.975  850.0  90  63  75  -1.563   0.0   0.0  853
 8.975  955.0  90  63  72  -1.563  30.0  30.0  961
 8.975 1130.0  90  63  72  -1.563   0.0   0.0 1137
 8.975  265.0 -90  66  93  -1.563   0.0   0.0  271
 8.975  267.5 -90  66  99  -1.563   0.0   0.0  271
 8.975  270.0 -90  66  78   1.563   0.0   0.0  271
 8.975  807.5 -90  66  75  -1.563   0.0   0.0  811
 8.975  810.0 -90  66  75   1.563   0.0   0.0  815
 9.000  277.5  90  66  75  -1.563   0.0   0.0  286
 9.000  280.0  90  66  96  -1.563   0.0   0.0  286
 9.000  282.5  90  66  96  -1.563   0.0   0.0  286
 9.000  565.0  90  66  81  -1.563   0.0   0.0  570
 9.000  567.5  90  66  78   1.563   0.0   0.0  570
 9.000  847.5  90  66  75  -1.563   0.0   0.0  852
 9.000  850.0  90  66  81  -1.563   0.0   0.0  856
 9.000  852.5  90  66  75   1.563   0.0   0.0  856
 9.000  265.0 -90  66  90  -1.563   0.0   0.0  271
 9.000  267.5 -90  66  99  -1.563   0.0   0.0  272
 9.000  270.0 -90  66  84   1.563   0.0   0.0  272
 9.000  537.5 -90  66  78  -1.563   0.0   0.0  541
 9.000  540.0 -90  66  78  -1.563   0.0   0.0  544
 9.025  280.0  90  66  93  -1.563   0.0   0.0  287
 9.025  282.5  90  66  99  -1.563   0.0   0.0  287
 9.025  285.0  90  66  81  -1.563   0.0   0.0  287
 9.025  565.0  90  66  75  -1.563   0.0   0.0  570
 9.025  567.5  90  66  78   1.563   0.0   0.0  573
 9.025  850.0  90  66  75  -1.563   0.0   0.0  857
 9.025  852.5  90  66  78  -1.563   0.0   0.0  857
 9.025  265.0 -90  66  84   1.563   0.0   0.0  272
 9.025  267.5 -90  66  99  -1.563   0.0   0.0  272
 9.025  270.0 -90  66  90  -1.563   0.0   0.0  273
 9.025  537.5 -90  66  75   1.563   0.0   0.0  545
 9.025  540.0 -90  66  84  -1.563   0.0   0.0  545
 9.025  812.5 -90  66  75  -1.563   0.0   0.0  817
 9.050  280.0  90  66  87   1.563   0.0   0.0  287
 9.050  282.5  90  66  99  -1.563   0.0   0.0  287
 9.050  285.0  90  66  87  -1.563   0.0   0.0  287
 9.050  567.5  90  66  75   1.563   0.0   0.0  573
 9.050  852.5  90  66  75  -1.563   0.0   0.0  859
 9.050  987.5  90  66  78  -1.563  30.0  30.0  991
 9.050  265.0 -90  66  78   1.563   0.0   0.0  273
 9.050  267.5 -90  66  96  -1.563   0.0   0.0  273
 9.050  270.0 -90  66  93  -1.563   0.0   0.0  273
 9.050  540.0 -90  66  75  -1.563   0.0   0.0  544
 9.050  545.0 -90  66  75  -1.563 210.0  30.0  549
 9.050  812.5 -90  66  75   1.563   0.0   0.0  817
 9.075  280.0  90  66  78   1.563   0.0   0.0  288
 9.075  282.5  90  66  96  -1.563   0.0   0.0  287
 9.075  285.0  90  66  93  -1.563   0.0   0.0  287
 9.075  570.0  90  66  75  -1.563   0.0   0.0  574
 9.075  855.0  90  66  75  -1.563   0.0   0.0  861
 9.075  857.5  90  66  75  -1.563   0.0   0.0  861
 9.075  987.5  90  66  81  -1.563  30.0  30.0  977
 9.075 1065.0  90  66  75   1.563  90.0  30.0 1057
 9.075 1067.5  90  66  75  -1.563  90.0  30.0 1079
 9.075  267.5 -90  66  96  -1.563   0.0   0.0  273
 9.075  270.0 -90  66  96  -1.563   0.0   0.0  273
 9.075  540.0 -90  66  75  -1.563   0.0   0.0  542
 9.075  542.5 -90  66  75  -1.563   0.0   0.0  548
 9.075  812.5 -90  66  78  -1.563   0.0   0.0  818
 9.100  282.5  90  69  93  -1.563   0.0   0.0  288
 9.100  285.0  90  69  96  -1.563   0.0   0.0  289
 9.100  572.5  90  69  81   1.563   0.0   0.0  577
 9.100  860.0  90  69  78  -1.563   0.0   0.0  864
 9.100 1065.0  90  69  78  -1.563  90.0  30.0 1069
 9.100  267.5 -90  69  93  -1.563   0.0   0.0  274
 9.100  270.0 -90  69  96  -1.563   0.0   0.0  274
 9.100  272.5 -90  69  78   1.563   0.0   0.0  276
 9.100  542.5 -90  69  78  -1.563   0.0   0.0  549
 9.125  282.5  90  54  78  -1.563   0.0   0.0  289
 9.125  285.0  90  54  87  -1.563   0.0   0.0  289
 9.125  287.5  90  54  75  -1.563   0.0   0.0  289
 9.125  572.5  90  54  69  -1.563   0.0   0.0  578
 9.125  575.0  90  54  69   1.563   0.0   0.0  578
 9.125  860.0  90  54  66  -1.563   0.0   0.0  866
 9.125  862.5  90  54  66  -1.563   0.0   0.0  867
 9.125  987.5  90  54  66  -1.563  90.0  30.0  986
 9.125 1067.5  90  54  63   1.563  90.0  30.0 1078
 9.125  267.5 -90  54  78  -1.563   0.0   0.0  274
 9.125  270.0 -90  54  87  -1.563   0.0   0.0  274
 9.125  272.5 -90  54  72  -1.563   0.0   0.0  274
 9.125  542.5 -90  54  69  -1.563   0.0   0.0  548
 9.125  545.0 -90  54  69  -1.563   0.0   0.0  550
 9.125  815.0 -90  54  63  -1.563   0.0   0.0  819
 9.125  817.5 -90  54  66  -1.563   0.0   0.0  820
 9.125  955.0 -90  54  63  -1.563   0.0   0.0  959
 9.150  282.5  90  51  69   1.563   0.0   0.0  290
 9.150  285.0  90  51  87  -1.563   0.0   0.0  290
 9.150  287.5  90  51  78  -1.563   0.0   0.0  290
 9.150  290.0  90  51  60  -1.563   0.0   0.0  294
 9.150  572.5  90  51  60   1.563   0.0   0.0  581
 9.150  575.0  90  51  72  -1.563   0.0   0.0  580
 9.150  577.5  90  51  63   1.563   0.0   0.0  580
 9.150  862.5  90  51  69  -1.563   0.0   0.0  868
 9.150  865.0  90  51  66  -1.563   0.0   0.0  869
 9.150  867.5  90  51  60  -1.563   0.0   0.0  873
 9.150  955.0  90  51  60  -1.563   0.0   0.0  962
 9.150  987.5  90  51  63  -1.563  30.0  30.0  987
 9.150 1065.0  90  51  60  -1.563  90.0  30.0 1068
 9.150 1070.0  90  51  60  -1.563 210.0  30.0 1059
 9.150  267.5 -90  51  72  -1.563   0.0   0.0  275
 9.150  270.0 -90  51  87  -1.563   0.0   0.0  275
 9.150  272.5 -90  51  78  -1.563   0.0   0.0  275
 9.150  542.5 -90  51  66  -1.563   0.0   0.0  548
 9.150  545.0 -90  51  72  -1.563   0.0   0.0  549
 9.150  547.5 -90  51  60   1.563 270.0  30.0  549
 9.150  817.5 -90  51  63  -1.563   0.0   0.0  822
 9.150  822.5 -90  51  60  -1.563   0.0   0.0  825
 9.150  955.0 -90  51  60  -1.563  30.0  30.0  959
 9.150 1200.0 -90  51  60  -1.563  90.0  30.0 1202
 9.150 1202.5 -90  51  60  -1.563  90.0  30.0 1205
 9.175  282.5  90  63  75  -1.563   0.0   0.0  289
 9.175  285.0  90  63  96  -1.563   0.0   0.0  291
 9.175  287.5  90  63  96  -1.563   0.0   0.0  291
 9.175  290.0  90  63  72  -1.563   0.0   0.0  290
 9.175  575.0  90  63  81  -1.563   0.0   0.0  581
 9.175  577.5  90  63  84  -1.563   0.0   0.0  582
 9.175  862.5  90  63  72  -1.563   0.0   0.0  871
 9.175  865.0  90  63  81  -1.563   0.0   0.0  870
 9.175  867.5  90  63  81  -1.563   0.0   0.0  872
 9.175  955.0  90  63  75  -1.563   0.0   0.0  966
 9.175  987.5  90  63  78  -1.563  30.0  30.0  991
 9.175 1065.0  90  63  72  -1.563  30.0  30.0 1059
 9.175  267.5 -90  63  78  -1.563   0.0   0.0  274
 9.175  270.0 -90  63  96  -1.563   0.0   0.0  275
 9.175  272.5 -90  63  93  -1.563   0.0   0.0  276
 9.175  542.5 -90  63  72  -1.563   0.0   0.0  549
 9.175  545.0 -90  63  81  -1.563   0.0   0.0  550
 9.175  547.5 -90  63  72  -1.563   0.0   0.0  552
 9.175  817.5 -90  63  72  -1.563   0.0   0.0  825
 9.175  820.0 -90  63  78  -1.563   0.0   0.0  826
 9.175  822.5 -90  63  75  -1.563   0.0   0.0  825
 9.175  987.5 -90  63  72  -1.563  30.0  30.0  977
 9.175 1200.0 -90  63  72  -1.563  90.0  30.0 1188
 9.175 1202.5 -90  63  75  -1.563  90.0  30.0 1200
 9.200  285.0  90  63  90  -1.563   0.0   0.0  291
 9.200  287.5  90  63  96  -1.563   0.0   0.0  292
 9.200  290.0  90  63  81  -1.563   0.0   0.0  292
 9.200  575.0  90  63  72  -1.563   0.0   0.0  582
 9.200  577.5  90  63  84  -1.563   0.0   0.0  582
 9.200  580.0  90  63  75  -1.563   0.0   0.0  584
 9.200  865.0  90  63  75  -1.563   0.0   0.0  871
 9.200  867.5  90  63  81  -1.563   0.0   0.0  872
 9.200  870.0  90  63  75   1.563   0.0   0.0  873
 9.200  955.0  90  63  72  -1.563  30.0  30.0  961
 9.200  987.5  90  63  81  -1.563  30.0  30.0  983
 9.200  270.0 -90  63  96  -1.563   0.0   0.0  276
 9.200  272.5 -90  63  96  -1.563   0.0   0.0  276
 9.200  545.0 -90  63  78  -1.563   0.0   0.0  550
 9.200  547.5 -90  63  78  -1.563   0.0   0.0  551
 9.200  820.0 -90  63  78  -1.563   0.0   0.0  826
 9.200  822.5 -90  63  78  -1.563   0.0   0.0  826
 9.200  825.0 -90  63  72  -1.563   0.0   0.0  827
 9.200  987.5 -90  63  72  -1.563 330.0  30.0  985
 9.225  285.0  90  66  81  -1.563   0.0   0.0  292
 9.225  287.5  90  66  96  -1.563   0.0   0.0  292
 9.225  290.0  90  66  90  -1.563   0.0   0.0  292
 9.225  577.5  90  66  78  -1.563   0.0   0.0  583
 9.225  580.0  90  66  81  -1.563   0.0   0.0  584
 9.225  870.0  90  66  81  -1.563   0.0   0.0  875
 9.225  872.5  90  66  78  -1.563   0.0   0.0  877
 9.225  987.5  90  66  81  -1.563  30.0  30.0  989
 9.225  270.0 -90  66  90  -1.563   0.0   0.0  276
 9.225  272.5 -90  66  96  -1.563   0.0   0.0  276
 9.225  275.0 -90  66  81  -1.563   0.0   0.0  276
 9.225  545.0 -90  66  75   1.563   0.0   0.0  553
 9.225  547.5 -90  66  81   1.563   0.0   0.0  552
 9.225  550.0 -90  66  75  -1.563   0.0   0.0  552
 9.225  822.5 -90  66  81  -1.563   0.0   0.0  827
 9.225  825.0 -90  66  81  -1.563   0.0   0.0  829
 9.250  287.5  90  75  96  -1.563   0.0   0.0  293
 9.250  290.0  90  75  96   1.563   0.0   0.0  293
 9.250  872.5  90  75  84  -1.563   0.0   0.0  877
 9.250  987.5  90  75  84  -1.563  30.0  30.0  976
 9.250  270.0 -90  75  87   1.563   0.0   0.0  275
 9.250  272.5 -90  75  96  -1.563   0.0   0.0  277
 9.250  275.0 -90  75  84  -1.563   0.0   0.0  277
 9.275  287.5  90  60  78   1.563   0.0   0.0  294
 9.275  290.0  90  60  87  -1.563   0.0   0.0  294
 9.275  292.5  90  60  72  -1.563   0.0   0.0  295
 9.275  582.5  90  60  69   1.563   0.0   0.0  586
 9.275  875.0  90  60  72  -1.563   0.0   0.0  879
 9.275  987.5  90  60  72  -1.563  30.0  30.0  993
 9.275  270.0 -90  57  66  -1.563   0.0   0.0  277
 9.275  272.5 -90  57  84  -1.563   0.0   0.0  277
 9.275  275.0 -90  57  78  -1.563   0.0   0.0  278
 9.275  277.5 -90  57  66   1.563   0.0   0.0  280
 9.275  550.0 -90  57  66  -1.563   0.0   0.0  555
 9.275  825.0 -90  57  66  -1.563   0.0   0.0  829
 9.300  290.0  90  66  84  -1.563   0.0   0.0  295
 9.300  292.5  90  66  78  -1.563   0.0   0.0  295
 9.300  272.5 -90  63  84  -1.563   0.0   0.0  278
 9.300  275.0 -90  63  81  -1.563   0.0   0.0  278
 9.300  827.5 -90  63  72  -1.563   0.0   0.0  833
 9.325  290.0  90  63  81  -1.563   0.0   0.0  296
 9.325  292.5  90  63  84  -1.563   0.0   0.0  296
 9.325  987.5  90  63  72   1.563  30.0  30.0  988
 9.325 1255.0  90  63  72   1.563  30.0  30.0 1259
 9.325 1257.5  90  63  72   1.563  30.0  30.0 1262
 9.325 1260.0  90  63  72   1.563  30.0  30.0 1265
 9.325 1262.5  90  63  72   1.563  30.0  30.0 1269
 9.325  272.5 -90  60  81  -1.563   0.0   0.0  279
 9.325  275.0 -90  60  84  -1.563   0.0   0.0  279
 9.325  830.0 -90  60  69  -1.563 210.0  30.0  835
 9.350  290.0  90  60  75  -1.563   0.0   0.0  296
 9.350  292.5  90  60  84  -1.563   0.0   0.0  297
 9.350  295.0  90  60  72  -1.563   0.0   0.0  297
 9.350  587.5  90  60  69  -1.563   0.0   0.0  592
 9.350  882.5  90  60  69  -1.563   0.0   0.0  886
 9.350  987.5  90  60  69  -1.563  30.0  30.0  992
 9.350  272.5 -90  57  75  -1.563   0.0   0.0  279
 9.350  275.0 -90  57  84  -1.563   0.0   0.0  279
 9.350  277.5 -90  57  72   1.563   0.0   0.0  279
 9.350  555.0 -90  57  69  -1.563   0.0   0.0  560
 9.350  557.5 -90  57  66  -1.563   0.0   0.0  560
 9.350  830.0 -90  57  69  -1.563   0.0   0.0  837
 9.350  832.5 -90  57  66  -1.563   0.0   0.0  836
 9.375  290.0  90  57  69  -1.563   0.0   0.0  295
 9.375  292.5  90  57  84  -1.563   0.0   0.0  297
 9.375  295.0  90  57  78  -1.563   0.0   0.0  298
 9.375  590.0  90  57  66  -1.563   0.0   0.0  594
 9.375  885.0  90  57  66  -1.563   0.0   0.0  888
 9.375  985.0  90  57  66  -1.563  30.0  30.0  970
 9.375  987.5  90  57  72  -1.563  30.0  30.0  991
 9.375  272.5 -90  57  72  -1.563   0.0   0.0  279
 9.375  275.0 -90  57  84  -1.563   0.0   0.0  279
 9.375  277.5 -90  57  75  -1.563   0.0   0.0  280
 9.375  555.0 -90  57  69   1.563   0.0   0.0  558
 9.375  832.5 -90  57  69  -1.563   0.0   0.0  836
 9.400  292.5  90  63  81  -1.563   0.0   0.0  299
 9.400  295.0  90  63  81  -1.563   0.0   0.0  299
 9.400  987.5  90  63  72  -1.563  30.0  30.0  977
 9.400  275.0 -90  60  84  -1.563   0.0   0.0  280
 9.400  277.5 -90  60  81  -1.563   0.0   0.0  280
 9.400  835.0 -90  60  69  -1.563 330.0  30.0  830
 9.425  292.5  90  57  75   1.563   0.0   0.0  299
 9.425  295.0  90  57  84  -1.563   0.0   0.0  300
 9.425  297.5  90  57  72  -1.563   0.0   0.0  299
 9.425  890.0  90  57  69  -1.563   0.0   0.0  897
 9.425  892.5  90  57  66   1.563   0.0   0.0  897
 9.425  987.5  90  57  72  -1.563  30.0  30.0  991
 9.425  275.0 -90  54  81  -1.563   0.0   0.0  281
 9.425  277.5 -90  54  84  -1.563   0.0   0.0  281
 9.425  280.0 -90  54  63  -1.563   0.0   0.0  282
 9.425  522.5 -90  54  63  -4.688 330.0  30.0  519
 9.425  555.0 -90  54  63   1.563   0.0   0.0  562
 9.425  557.5 -90  54  66  -1.563   0.0   0.0  561
 9.425  835.0 -90  54  66  -1.563   0.0   0.0  840
 9.425  837.5 -90  54  66   1.563   0.0   0.0  842
 9.425  987.5 -90  54  63   1.563  30.0  30.0  993
 9.425 1205.0 -90  54  63  -1.563  90.0  30.0 1201
 9.450  292.5  90  54  63   1.563   0.0   0.0  300
 9.450  295.0  90  54  81  -1.563   0.0   0.0  300
 9.450  297.5  90  54  78  -1.563   0.0   0.0  300
 9.450  892.5  90  54  66  -1.563   0.0   0.0  897
 9.450  895.0  90  54  66  -1.563   0.0   0.0  899
 9.450  987.5  90  54  72  -1.563  30.0  30.0  980
 9.450  275.0 -90  54  75  -1.563   0.0   0.0  282
 9.450  277.5 -90  54  84  -1.563   0.0   0.0  281
 9.450  280.0 -90  54  66  -1.563   0.0   0.0  282
 9.450  557.5 -90  54  66  -1.563   0.0   0.0  563
 9.450  837.5 -90  54  66  -1.563   0.0   0.0  843
 9.450  840.0 -90  54  63  -1.563   0.0   0.0  845
 9.450  987.5 -90  54  63  -1.563  30.0  30.0  987
 9.475  295.0  90  54  78  -1.563   0.0   0.0  301
 9.475  297.5  90  54  84  -1.563   0.0   0.0  302
 9.475  300.0  90  54  66  -1.563   0.0   0.0  302
 9.475  597.5  90  54  63  -1.563   0.0   0.0  603
 9.475  895.0  90  54  66  -1.563   0.0   0.0  901
 9.475  897.5  90  54  66  -1.563   0.0   0.0  903
 9.475  987.5  90  54  72  -1.563  30.0  30.0  994
 9.475  275.0 -90  54  69   1.563   0.0   0.0  282
 9.475  277.5 -90  54  84  -1.563   0.0   0.0  283
 9.475  280.0 -90  54  75  -1.563   0.0   0.0  283
 9.475  557.5 -90  54  63  -1.563   0.0   0.0  566
 9.475  560.0 -90  54  69  -1.563   0.0   0.0  565
 9.475  837.5 -90  54  63  -1.563   0.0   0.0  842
 9.475  840.0 -90  54  69  -1.563   0.0   0.0  845
 9.475  842.5 -90  54  63  -1.563   0.0   0.0  845
 9.475  987.5 -90  54  63  -1.563  30.0  30.0  982
 9.500  295.0  90  54  69   1.563   0.0   0.0  303
 9.500  297.5  90  54  81  -1.563   0.0   0.0  302
 9.500  300.0  90  54  75  -1.563   0.0   0.0  303
 9.500  900.0  90  54  66  -1.563   0.0   0.0  905
 9.500  987.5  90  54  69  -1.563  30.0  30.0  991
 9.500  277.5 -90  57  81  -1.563   0.0   0.0  283
 9.500  280.0 -90  57  78  -1.563   0.0   0.0  283
 9.500  560.0 -90  57  69  -1.563   0.0   0.0  566
 9.525  297.5  90  57  78  -1.563   0.0   0.0  303
 9.525  300.0  90  57  81  -1.563   0.0   0.0  303
 9.525  987.5  90  57  66  -1.563  30.0  30.0  995
 9.525 1070.0  90  57  66  -1.563 210.0  30.0 1059
 9.525  277.5 -90  57  78  -1.563   0.0   0.0  283
 9.525  280.0 -90  57  81  -1.563   0.0   0.0  283
 9.525  845.0 -90  57  66  -1.563   0.0   0.0  848
 9.550  297.5  90  60  72   1.563   0.0   0.0  304
 9.550  300.0  90  60  81  -1.563   0.0   0.0  304
 9.550  302.5  90  60  72  -1.563   0.0   0.0  305
 9.550  277.5 -90  60  75  -1.563   0.0   0.0  285
 9.550  280.0 -90  60  81  -1.563   0.0   0.0  284
 9.550  455.0 -90  60  69   4.688 330.0  30.0  447
 9.550  845.0 -90  60  69   1.563   0.0   0.0  849
 9.575  300.0  90  60  81  -1.563   0.0   0.0  305
 9.575  302.5  90  60  75  -1.563   0.0   0.0  305
 9.575  280.0 -90  63  81  -1.563   0.0   0.0  284
 9.575  282.5 -90  63  75  -1.563   0.0   0.0  284
 9.600  300.0  90  57  75  -1.563   0.0   0.0  307
 9.600  302.5  90  57  81  -1.563   0.0   0.0  307
 9.600  305.0  90  57  69  -1.563   0.0   0.0  308
 9.600  987.5  90  57  66  -1.563  30.0  30.0  985
 9.600  280.0 -90  60  81  -1.563   0.0   0.0  286
 9.600  282.5 -90  60  75  -1.563   0.0   0.0  285
 9.600  987.5 -90  60  69  -1.563  30.0  30.0  982
 9.625  300.0  90  57  69  -1.563   0.0   0.0  308
 9.625  302.5  90  57  81  -1.563   0.0   0.0  308
 9.625  305.0  90  57  75  -1.563   0.0   0.0  309
 9.625  987.5  90  57  66  -1.563  30.0  30.0  982
 9.625 1067.5  90  57  66  -1.563  30.0  30.0 1069
 9.625  280.0 -90  60  78  -1.563   0.0   0.0  287
 9.625  282.5 -90  60  81  -1.563   0.0   0.0  287
 9.625  850.0 -90  60  69  -1.563   0.0   0.0  857
 9.625  852.5 -90  60  69  -1.563   0.0   0.0  859
 9.625  987.5 -90  60  69  -1.563  90.0  30.0  992
 9.650  302.5  90  60  75  -1.563   0.0   0.0  309
 9.650  305.0  90  60  78  -1.563   0.0   0.0  309
 9.650  280.0 -90  60  72   1.563   0.0   0.0  287
 9.650  282.5 -90  60  81  -1.563   0.0   0.0  287
 9.675  302.5  90  60  69  -1.563   0.0   0.0  309
 9.675  305.0  90  60  81  -1.563   0.0   0.0  309
 9.675  307.5  90  60  72  -1.563   0.0   0.0  310
 9.675  987.5  90  60  69  -1.563  30.0  30.0  985
 9.675  280.0 -90  60  69  -1.563   0.0   0.0  286
 9.675  282.5 -90  60  81   1.563   0.0   0.0  287
 9.675  285.0 -90  60  75  -1.563   0.0   0.0  287
 9.675  855.0 -90  60  69  -1.563   0.0   0.0  860
 9.700  305.0  90  60  78  -1.563   0.0   0.0  311
 9.700  307.5  90  60  78  -1.563   0.0   0.0  311
 9.700  282.5 -90  63  78  -1.563   0.0   0.0  288
 9.700  285.0 -90  63  78   1.563   0.0   0.0  288
 9.725  305.0  90  60  69  -1.563   0.0   0.0  311
 9.725  307.5  90  60  78  -1.563   0.0   0.0  311
 9.725  310.0  90  60  69  -1.563   0.0   0.0  311
 9.725  282.5 -90  60  75  -1.563   0.0   0.0  289
 9.725  285.0 -90  60  81  -1.563   0.0   0.0  289
 9.750  307.5  90  60  78  -1.563   0.0   0.0  313
 9.750  310.0  90  60  78  -1.563   0.0   0.0  314
 9.750  282.5 -90  60  69  -1.563   0.0   0.0  288
 9.750  285.0 -90  60  81   1.563   0.0   0.0  290
 9.750  287.5 -90  60  72  -1.563   0.0   0.0  290
 9.775  307.5  90  69  81   1.563   0.0   0.0  314
 9.775  310.0  90  69  90  -1.563   0.0   0.0  315
 9.775  312.5  90  69  81  -1.563   0.0   0.0  316
 9.775  622.5  90  69  78  -1.563   0.0   0.0  629
 9.775  625.0  90  69  78  -1.563   0.0   0.0  630
 9.775  987.5  90  69  81  -1.563  30.0  30.0  989
 9.775  282.5 -90  66  75   1.563   0.0   0.0  289
 9.775  285.0 -90  66  90  -1.563   0.0   0.0  291
 9.775  287.5 -90  66  87  -1.563   0.0   0.0  291
 9.775  575.0 -90  66  81  -1.563   0.0   0.0  581
 9.775  577.5 -90  66  78   1.563   0.0   0.0  581
 9.775  865.0 -90  66  75  -1.563   0.0   0.0  869
 9.800  310.0  90  69  87  -1.563   0.0   0.0  316
 9.800  312.5  90  69  87  -1.563   0.0   0.0  316
 9.800  987.5  90  69  78   1.563  30.0  30.0  994
 9.800  285.0 -90  66  87  -1.563   0.0   0.0  291
 9.800  287.5 -90  66  90  -1.563   0.0   0.0  291
 9.800  575.0 -90  66  75  -1.563   0.0   0.0  581
 9.800  577.5 -90  66  81  -1.563   0.0   0.0  582
 9.825  310.0  90  63  78  -1.563   0.0   0.0  316
 9.825  312.5  90  63  90  -1.563   0.0   0.0  317
 9.825  315.0  90  63  81  -1.563   0.0   0.0  318
 9.825  627.5  90  63  75   1.563   0.0   0.0  633
 9.825  630.0  90  63  72  -1.563   0.0   0.0  635
 9.825  987.5  90  63  78  -1.563  30.0  30.0  986
 9.825  285.0 -90  63  81  -1.563   0.0   0.0  291
 9.825  287.5 -90  63  90  -1.563   0.0   0.0  291
 9.825  290.0 -90  63  78  -1.563   0.0   0.0  292
 9.825  577.5 -90  63  78  -1.563   0.0   0.0  583
 9.825  580.0 -90  63  75  -1.563   0.0   0.0  584
 9.825  867.5 -90  63  72   1.563   0.0   0.0  872
 9.825  870.0 -90  63  75  -1.563   0.0   0.0  874
 9.825  960.0 -90  63  72  -1.563   0.0   0.0  967
 9.850  312.5  90  63  87  -1.563   0.0   0.0  318
 9.850  315.0  90  63  87  -1.563   0.0   0.0  319
 9.850  947.5  90  63  72  -1.563   0.0   0.0  955
 9.850  987.5  90  63  78  -1.563  30.0  30.0  990
 9.850  990.0  90  63  72  -1.563  30.0  30.0 1002
 9.850  287.5 -90  63  90  -1.563   0.0   0.0  293
 9.850  290.0 -90  63  84  -1.563   0.0   0.0  292
 9.850  580.0 -90  63  78  -1.563   0.0   0.0  584
 9.850  870.0 -90  63  75  -1.563   0.0   0.0  880
 9.850  872.5 -90  63  75  -1.563   0.0   0.0  879
 9.875  312.5  90  51  63  -1.563   0.0   0.0  320
 9.875  315.0  90  51  78  -1.563   0.0   0.0  320
 9.875  317.5  90  51  69  -1.563   0.0   0.0  321
 9.875  950.0  90  51  60   1.563   0.0   0.0  953
 9.875  987.5  90  51  69  -1.563  30.0  30.0  987
 9.875  287.5 -90  51  75  -1.563   0.0   0.0  294
 9.875  290.0 -90  51  75  -1.563   0.0   0.0  294
 9.875  580.0 -90  51  63  -1.563   0.0   0.0  586
 9.875  582.5 -90  51  63   1.563   0.0   0.0  587
 9.875  872.5 -90  51  63  -1.563   0.0   0.0  878
 9.875  987.5 -90  51  60  -1.563 270.0  30.0  992
 9.900  315.0  90  51  72  -1.563   0.0   0.0  321
 9.900  317.5  90  51  75  -1.563   0.0   0.0  322
 9.900  320.0  90  51  63  -1.563   0.0   0.0  323
 9.900  985.0  90  51  60  -1.563  30.0  30.0  996
 9.900  987.5  90  51  72  -1.563  30.0  30.0  986
 9.900  990.0  90  51  60  -1.563 330.0  30.0  982
 9.900  287.5 -90  54  69   1.563   0.0   0.0  294
 9.900  290.0 -90  54  78  -1.563   0.0   0.0  294
 9.900  292.5 -90  54  66   1.563   0.0   0.0  295
 9.900  340.0 -90  54  63  -1.563   0.0   0.0  341
 9.900  370.0 -90  54  63   4.688   0.0   0.0  384
 9.900  385.0 -90  54  63   4.688   0.0   0.0  377
 9.900  437.5 -90  54  63   4.688   0.0   0.0  423
 9.900  462.5 -90  54  63  -4.688   0.0   0.0  451
 9.900  480.0 -90  54  66  -1.563   0.0   0.0  494
 9.900  485.0 -90  54  63   1.563   0.0   0.0  473
 9.900  492.5 -90  54  63   4.688 210.0  30.0  486
 9.900  512.5 -90  54  63  -4.688  30.0  30.0  524
 9.900  515.0 -90  54  66  -1.563   0.0   0.0  523
 9.900  582.5 -90  54  69  -1.563   0.0   0.0  588
 9.900  585.0 -90  54  63  -1.563 210.0  30.0  588
 9.900  875.0 -90  54  63  -1.563   0.0   0.0  880
 9.900  877.5 -90  54  63  -1.563   0.0   0.0  882
 9.900  987.5 -90  54  63  -1.563 270.0  30.0  988
 9.925  315.0  90  57  66  -1.563   0.0   0.0  322
 9.925  317.5  90  57  75  -1.563   0.0   0.0  322
 9.925  320.0  90  57  72  -1.563   0.0   0.0  323
 9.925  987.5  90  57  75  -1.563  30.0  30.0  987
 9.925  287.5 -90  54  66   1.563   0.0   0.0  294
 9.925  290.0 -90  54  78  -1.563   0.0   0.0  295
 9.925  292.5 -90  54  72  -1.563   0.0   0.0  295
 9.925  582.5 -90  54  63  -1.563   0.0   0.0  590
 9.925  585.0 -90  54  69  -1.563   0.0   0.0  589
 9.925  877.5 -90  54  66  -1.563   0.0   0.0  884
 9.925  880.0 -90  54  66  -1.563   0.0   0.0  884
 9.925  987.5 -90  54  66  -1.563  30.0  30.0  992
 9.950  317.5  90  57  69  -1.563   0.0   0.0  325
 9.950  320.0  90  57  75  -1.563   0.0   0.0  324
 9.950  987.5  90  57  75  -1.563  30.0  30.0  996
 9.950  290.0 -90  57  75  -1.563   0.0   0.0  296
 9.950  292.5 -90  57  75  -1.563   0.0   0.0  296
 9.950  585.0 -90  57  66  -1.563   0.0   0.0  591
 9.950  587.5 -90  57  66  -1.563   0.0   0.0  591
 9.950  880.0 -90  57  66  -1.563   0.0   0.0  885
 9.950  987.5 -90  57  66  -1.563 270.0  30.0  986
 9.975  320.0  90  69  87  -1.563   0.0   0.0  325
 9.975  322.5  90  69  87  -1.563   0.0   0.0  326
 9.975  290.0 -90  69  81  -1.563   0.0   0.0  296
 9.975  292.5 -90  69  90  -1.563   0.0   0.0  297
 9.975  295.0 -90  69  78  -1.563   0.0   0.0  297
 9.975  587.5 -90  69  78  -1.563   0.0   0.0  594
 9.975  882.5 -90  69  78  -1.563   0.0   0.0  888
 9.975  885.0 -90  69  78  -1.563   0.0   0.0  890
10.000  320.0  90  63  78  -1.563   0.0   0.0  325
10.000  322.5  90  63  87  -1.563   0.0   0.0  327
10.000  325.0  90  63  78  -1.563   0.0   0.0  328
10.000  290.0 -90  63  72  -1.563   0.0   0.0  297
10.000  292.5 -90  63  90  -1.563   0.0   0.0  298
10.000  295.0 -90  63  81  -1.563   0.0   0.0  298
10.000  587.5 -90  63  72   1.563   0.0   0.0  593
10.000  590.0 -90  63  75  -1.563   0.0   0.0  594
10.000  885.0 -90  63  75  -1.563   0.0   0.0  891
10.000  887.5 -90  63  75  -1.563   0.0   0.0  892
10.025  322.5  90  63  84  -1.563   0.0   0.0  329
10.025  325.0  90  63  87  -1.563   0.0   0.0  329
10.025  327.5  90  63  75  -1.563   0.0   0.0  330
10.025  292.5 -90  60  87  -1.563   0.0   0.0  298
10.025  295.0 -90  60  87  -1.563   0.0   0.0  299
10.025  590.0 -90  60  72  -1.563   0.0   0.0  598
10.025  592.5 -90  60  72  -1.563   0.0   0.0  597
10.025  887.5 -90  60  75  -1.563   0.0   0.0  892
10.025  890.0 -90  60  72  -1.563   0.0   0.0  894
10.050  322.5  90  60  75  -1.563   0.0   0.0  328
10.050  325.0  90  60  84  -1.563   0.0   0.0  330
10.050  327.5  90  60  84  -1.563   0.0   0.0  331
10.050  330.0  90  60  69  -1.563   0.0   0.0  331
10.050  655.0  90  60  69  -1.563   0.0   0.0  660
10.050  862.5  90  60  72  -1.563   0.0   0.0  869
10.050  960.0  90  60  69  -1.563   0.0   0.0  967
10.050  292.5 -90  60  81  -1.563   0.0   0.0  299
10.050  295.0 -90  60  90  -1.563   0.0   0.0  299
10.050  297.5 -90  60  75   1.563   0.0   0.0  300
10.050  592.5 -90  60  69   1.563   0.0   0.0  597
10.050  890.0 -90  60  75  -1.563   0.0   0.0  895
10.050  892.5 -90  60  72  -1.563   0.0   0.0  896
10.050  960.0 -90  60  69  -1.563   0.0   0.0  968
10.075  325.0  90  48  66  -1.563   0.0   0.0  331
10.075  327.5  90  48  75  -1.563   0.0   0.0  332
10.075  330.0  90  48  66  -1.563   0.0   0.0  333
10.075  657.5  90  48  57  -1.563   0.0   0.0  660
10.075  862.5  90  48  57   1.563  30.0  30.0  867
10.075  962.5  90  48  57  -1.563   0.0   0.0  968
10.075  292.5 -90  48  57  -1.563 270.0  30.0  299
10.075  295.0 -90  48  75  -1.563   0.0   0.0  300
10.075  297.5 -90  48  69  -1.563   0.0   0.0  300
10.075  595.0 -90  48  60  -1.563   0.0   0.0  600
10.075  597.5 -90  48  57   1.563   0.0   0.0  601
10.075  892.5 -90  48  60  -1.563 270.0  30.0  898
10.075  895.0 -90  48  57  -1.563 270.0  30.0  899
10.075  960.0 -90  48  57  -1.563   0.0   0.0  963
10.100  327.5  90  48  69  -1.563   0.0   0.0  333
10.100  330.0  90  48  75  -1.563   0.0   0.0  334
10.100  332.5  90  48  63  -1.563   0.0   0.0  335
10.100  662.5  90  48  57  -1.563   0.0   0.0  668
10.100  665.0  90  48  57  -1.563   0.0   0.0  670
10.100  862.5  90  48  57  -1.563   0.0   0.0  866
10.100  295.0 -90  48  72  -1.563   0.0   0.0  301
10.100  297.5 -90  48  75  -1.563   0.0   0.0  301
10.100  595.0 -90  48  60  -1.563   0.0   0.0  600
10.100  597.5 -90  48  63   1.563   0.0   0.0  602
10.100  895.0 -90  48  57  -1.563   0.0   0.0  901
10.100  897.5 -90  48  60  -1.563   0.0   0.0  902
10.100  960.0 -90  48  57  -1.563  30.0  30.0  966
10.125  327.5  90  60  69   1.563   0.0   0.0  335
10.125  330.0  90  60  84  -1.563   0.0   0.0  336
10.125  332.5  90  60  84  -1.563   0.0   0.0  337
10.125  335.0  90  60  69   1.563   0.0   0.0  338
10.125  665.0  90  60  72  -1.563   0.0   0.0  672
10.125  667.5  90  60  69  -1.563   0.0   0.0  672
10.125  295.0 -90  60  75  -1.563   0.0   0.0  302
10.125  297.5 -90  60  87  -1.563   0.0   0.0  303
10.125  300.0 -90  60  78   1.563   0.0   0.0  303
10.125  597.5 -90  60  72  -1.563   0.0   0.0  602
10.125  600.0 -90  60  69   1.563   0.0   0.0  605
10.125  897.5 -90  60  69   1.563   0.0   0.0  903
10.125  900.0 -90  60  72  -1.563   0.0   0.0  905
10.125  902.5 -90  60  69  -1.563   0.0   0.0  907
10.150  330.0  90  63  75  -1.563   0.0   0.0  336
10.150  332.5  90  63  84  -1.563   0.0   0.0  337
10.150  335.0  90  63  81  -1.563   0.0   0.0  338
10.150  987.5  90  63  78  -1.563  30.0  30.0  991
10.150 1220.0  90  63  72  -1.563  90.0  30.0 1212
10.150  297.5 -90  60  87  -1.563   0.0   0.0  303
10.150  300.0 -90  60  84  -1.563   0.0   0.0  303
10.150  600.0 -90  60  72  -1.563   0.0   0.0  605
10.150  900.0 -90  60  69  -1.563   0.0   0.0  906
10.150  902.5 -90  60  72  -1.563   0.0   0.0  906
10.150 1072.5 -90  60  69   1.563  30.0  30.0 1085
10.175  332.5  90  63  78  -1.563   0.0   0.0  338
10.175  335.0  90  63  87  -1.563   0.0   0.0  339
10.175  337.5  90  63  75  -1.563   0.0   0.0  339
10.175  987.5  90  63  81  -1.563  30.0  30.0  991
10.175 1067.5  90  63  72  -1.563  30.0  30.0 1057
10.175 1070.0  90  63  72  -1.563  30.0  30.0 1058
10.175 1222.5  90  63  72  -1.563  90.0  30.0 1228
10.175  297.5 -90  63  81  -1.563   0.0   0.0  304
10.175  300.0 -90  63  87  -1.563   0.0   0.0  304
10.175  302.5 -90  63  72  -1.563   0.0   0.0  303
10.175  602.5 -90  63  75  -1.563   0.0   0.0  607
10.175  905.0 -90  63  72  -1.563   0.0   0.0  909
10.175  987.5 -90  63  72  -1.563 270.0  30.0  989
10.175 1067.5 -90  63  72  -1.563   0.0   0.0 1059
10.200  335.0  90  66  81  -1.563   0.0   0.0  340
10.200  337.5  90  66  84  -1.563   0.0   0.0  341
10.200  340.0  90  66  78  -1.563   0.0   0.0  343
10.200  987.5  90  66  81  -1.563  30.0  30.0  990
10.200  990.0  90  66  75  -1.563  30.0  30.0  983
10.200  300.0 -90  66  87   1.563   0.0   0.0  305
10.200  302.5 -90  66  81  -1.563   0.0   0.0  305
10.200  605.0 -90  66  75  -1.563   0.0   0.0  610
10.200  987.5 -90  66  75  -1.563  30.0  30.0 1001
10.225   80.0  90  66  78   4.688   0.0   0.0   75
10.225  185.0  90  66  75  -4.688   0.0   0.0  195
10.225  207.5  90  66  75   4.688   0.0   0.0  219
10.225  335.0  90  66  75   1.563   0.0   0.0  343
10.225  337.5  90  66  84   1.563   0.0   0.0  344
10.225  340.0  90  66  81   1.563   0.0   0.0  345
10.225  825.0  90  66  75  -4.688   0.0   0.0  821
10.225  987.5  90  66  84  -1.563  30.0  30.0  992
10.225  990.0  90  66  75  -1.563  30.0  30.0 1003
10.225  300.0 -90  69  81  -1.563   0.0   0.0  305
10.225  302.5 -90  69  84   1.563   0.0   0.0  305
10.225  987.5 -90  69  78   1.563  30.0  30.0  998
10.250  340.0  90  69  84  -1.563   0.0   0.0  345
10.250  342.5  90  69  81  -1.563   0.0   0.0  347
10.250  987.5  90  69  84  -1.563  30.0  30.0  991
10.250  302.5 -90  72  87  -1.563   0.0   0.0  307
10.250  987.5 -90  72  81   1.563  30.0  30.0  993
10.275  340.0  90  66  75  -1.563   0.0   0.0  344
10.275  342.5  90  66  84  -1.563   0.0   0.0  347
10.275  345.0  90  66  81  -1.563   0.0   0.0  349
10.275  987.5  90  66  87  -1.563  30.0  30.0  988
10.275  302.5 -90  69  84  -1.563   0.0   0.0  308
10.275  305.0 -90  69  84   1.563   0.0   0.0  308
10.275  987.5 -90  69  81  -1.563  30.0  30.0  988
10.300  345.0  90  69  84  -1.563   0.0   0.0  351
10.300  347.5  90  69  81  -1.563   0.0   0.0  353
10.300  987.5  90  69  84  -1.563  30.0  30.0  990
10.300  302.5 -90  69  78  -1.563   0.0   0.0  312
10.300  305.0 -90  69  84  -1.563   0.0   0.0  310
10.300  987.5 -90  69  81  -1.563  30.0  30.0  983
10.325  345.0  90  66  75  -1.563   0.0   0.0  352
10.325  347.5  90  66  84  -1.563   0.0   0.0  352
10.325  350.0  90  66  81  -1.563   0.0   0.0  354
10.325  610.0  90  66  75  -1.563   0.0   0.0  598
10.325  987.5  90  66  84  -1.563  30.0  30.0  993
10.325  990.0  90  66  75  -1.563  30.0  30.0  976
10.325 1067.5  90  66  75  -1.563  30.0  30.0 1064
10.325  305.0 -90  66  84  -1.563   0.0   0.0  311
10.325  307.5 -90  66  81  -1.563   0.0   0.0  311
10.325  985.0 -90  66  75  -1.563  30.0  30.0  991
10.325  987.5 -90  66  81  -1.563  30.0  30.0  993
10.350  347.5  90  63  75  -1.563   0.0   0.0  354
10.350  350.0  90  63  84  -1.563   0.0   0.0  355
10.350  352.5  90  63  78  -1.563   0.0   0.0  356
10.350  987.5  90  63  84  -1.563  30.0  30.0  989
10.350  990.0  90  63  72  -1.563  30.0  30.0 1001
10.350 1067.5  90  63  72  -1.563  90.0  30.0 1064
10.350 1070.0  90  63  72  -1.563  30.0  30.0 1066
10.350  305.0 -90  63  78   1.563   0.0   0.0  311
10.350  307.5 -90  63  84  -1.563   0.0   0.0  312
10.350  617.5 -90  63  72   1.563   0.0   0.0  622
10.350  962.5 -90  63  72  -1.563   0.0   0.0  965
10.350  987.5 -90  63  78  -1.563  30.0  30.0  994
10.375  350.0  90  60  75  -1.563   0.0   0.0  356
10.375  352.5  90  60  84  -1.563   0.0   0.0  357
10.375  355.0  90  60  81  -1.563   0.0   0.0  358
10.375  962.5  90  60  69  -1.563   0.0   0.0  968
10.375  985.0  90  60  69  -1.563  30.0  30.0  977
10.375  987.5  90  60  84  -1.563  30.0  30.0  989
10.375  990.0  90  60  69  -1.563  30.0  30.0  997
10.375 1067.5  90  60  72  -1.563 330.0  30.0 1082
10.375  307.5 -90  60  84  -1.563   0.0   0.0  312
10.375  310.0 -90  60  78  -1.563   0.0   0.0  313
10.375  620.0 -90  60  72  -1.563   0.0   0.0  624
10.375  962.5 -90  60  72  -1.563   0.0   0.0  968
10.375  987.5 -90  60  78  -1.563  30.0  30.0  994
10.375 1067.5 -90  60  69  -1.563  30.0  30.0 1061
10.375 1070.0 -90  60  72  -1.563  30.0  30.0 1063
10.400  352.5  90  60  75  -1.563   0.0   0.0  359
10.400  355.0  90  60  84  -1.563   0.0   0.0  360
10.400  357.5  90  60  81  -1.563   0.0   0.0  362
10.400  360.0  90  60  69  -1.563   0.0   0.0  361
10.400  985.0  90  60  72  -1.563  30.0  30.0  977
10.400  987.5  90  60  81  -1.563  30.0  30.0  990
10.400  990.0  90  60  69  -1.563  30.0  30.0 1002
10.400 1067.5  90  60  72  -1.563  30.0  30.0 1079
10.400 1070.0  90  60  72  -1.563 330.0  30.0 1071
10.400 1075.0  90  60  69  -1.563 330.0  30.0 1064
10.400 1077.5  90  60  69  -1.563 330.0  30.0 1080
10.400 1157.5  90  60  69  -4.688 330.0  30.0 1143
10.400 1165.0  90  60  69  -1.563 210.0  30.0 1177
10.400 1202.5  90  60  69   4.688 330.0  30.0 1198
10.400 1275.0  90  60  69   1.563 330.0  30.0 1281
10.400  307.5 -90  63  81  -1.563   0.0   0.0  314
10.400  310.0 -90  63  87  -1.563   0.0   0.0  314
10.400  622.5 -90  63  72  -1.563   0.0   0.0  628
10.400  772.5 -90  63  72  -1.563 210.0  30.0  784
10.400  987.5 -90  63  75  -1.563  30.0  30.0  986
10.400 1047.5 -90  63  72   4.688 210.0  30.0 1044
10.400 1067.5 -90  63  72  -1.563 330.0  30.0 1067
10.400 1167.5 -90  63  72  -1.563 210.0  30.0 1170
10.425  355.0  90  60  72  -1.563   0.0   0.0  363
10.425  357.5  90  60  81  -1.563   0.0   0.0  363
10.425  360.0  90  60  81  -1.563   0.0   0.0  365
10.425  362.5  90  60  69  -1.563   0.0   0.0  366
10.425  862.5  90  60  72  -1.563   0.0   0.0  866
10.425  985.0  90  60  69  -1.563  30.0  30.0  999
10.425  987.5  90  60  78  -1.563  30.0  30.0  990
10.425 1067.5  90  60  75  -1.563  30.0  30.0 1068
10.425 1070.0  90  60  72  -1.563  30.0  30.0 1070
10.425 1075.0  90  60  72  -1.563  30.0  30.0 1079
10.425  307.5 -90  60  72  -1.563   0.0   0.0  313
10.425  310.0 -90  60  84  -1.563   0.0   0.0  316
10.425  312.5 -90  60  78  -1.563   0.0   0.0  316
10.425  622.5 -90  60  69  -1.563   0.0   0.0  628
10.425  625.0 -90  60  72  -1.563   0.0   0.0  630
10.425  987.5 -90  60  72  -1.563  30.0  30.0  990
10.425 1067.5 -90  60  69  -1.563  30.0  30.0 1080
10.425 1222.5 -90  60  69  -1.563  90.0  30.0 1226
10.450  360.0  90  60  78  -1.563   0.0   0.0  366
10.450  362.5  90  60  81  -1.563   0.0   0.0  367
10.450  365.0  90  60  75  -1.563   0.0   0.0  370
10.450  862.5  90  60  72  -1.563   0.0   0.0  870
10.450  987.5  90  60  75  -1.563  30.0  30.0 1000
10.450 1067.5  90  60  75  -1.563  30.0  30.0 1053
10.450 1070.0  90  60  75  -1.563  30.0  30.0 1074
10.450 1132.5  90  60  69   4.688   0.0   0.0 1140
10.450 1135.0  90  60  69  -4.688   0.0   0.0 1144
10.450 1137.5  90  60  69   4.688   0.0   0.0 1149
10.450 1160.0  90  60  69  -1.563   0.0   0.0 1172
10.450 1162.5  90  60  69  -4.688   0.0   0.0 1174
10.450  307.5 -90  60  69  -1.563 270.0  30.0  320
10.450  310.0 -90  60  81  -1.563   0.0   0.0  316
10.450  312.5 -90  60  84  -1.563   0.0   0.0  316
10.450  315.0 -90  60  72  -1.563   0.0   0.0  318
10.450  625.0 -90  60  69  -1.563   0.0   0.0  626
10.450  627.5 -90  60  69  -1.563   0.0   0.0  630
10.450 1200.0 -90  60  69  -1.563   0.0   0.0 1200
10.450 1205.0 -90  60  69   1.563   0.0   0.0 1211
10.450 1207.5 -90  60  69   1.563   0.0   0.0 1216
10.450 1225.0 -90  60  69  -1.563  90.0  30.0 1239
10.450 1267.5 -90  60  69  -1.563   0.0   0.0 1259
10.450 1270.0 -90  60  69   1.563   0.0   0.0 1282
10.450 1272.5 -90  60  69  -4.688   0.0   0.0 1280
10.450 1275.0 -90  60  69   4.688   0.0   0.0 1286
10.450 1277.5 -90  60  72  -4.688   0.0   0.0 1279
10.450 1280.0 -90  60  72  -4.688   0.0   0.0 1294
10.450 1282.5 -90  60  72  -4.688   0.0   0.0 1289
10.475  312.5 -90  69  84  -1.563   0.0   0.0  317
10.475  315.0 -90  69  81   1.563   0.0   0.0  317
10.500 1220.0  90  75  84  -1.563  30.0  30.0 1216
10.500 1222.5  90  75  84  -1.563  30.0  30.0 1219
10.500 1225.0  90  75  84  -1.563  30.0  30.0 1221
10.500 1227.5  90  75  84   1.563  30.0  30.0 1226
10.500  315.0 -90  78  87  -1.563   0.0   0.0  318
10.525  315.0 -90  75  87  -1.563   0.0   0.0  319
10.550  372.5  90  66  78  -1.563   0.0   0.0  379
10.550  375.0  90  66  81  -1.563   0.0   0.0  381
10.550  377.5  90  66  75   1.563   0.0   0.0  381
10.550  497.5  90  66  75  -1.563  90.0  30.0  512
10.550  985.0  90  66  75  -1.563  30.0  30.0  997
10.550  987.5  90  66  84  -1.563  30.0  30.0  990
10.550 1012.5  90  66  75   1.563  30.0  30.0  998
10.550 1272.5  90  66  75  -1.563  30.0  30.0 1259
10.550 1275.0  90  66  75   1.563  30.0  30.0 1266
10.550  315.0 -90  69  81  -1.563   0.0   0.0  321
10.550  317.5 -90  69  87  -1.563   0.0   0.0  322
10.575  375.0  90  60  69  -1.563   0.0   0.0  378
10.575  377.5  90  60  78  -1.563   0.0   0.0  383
10.575  380.0  90  60  78  -1.563   0.0   0.0  384
10.575  382.5  90  60  72  -1.563   0.0   0.0  387
10.575  962.5  90  60  72  -1.563   0.0   0.0  966
10.575  985.0  90  60  75  -1.563  30.0  30.0  998
10.575  987.5  90  60  87  -1.563  30.0  30.0  988
10.575  990.0  90  60  75  -1.563  30.0  30.0  978
10.575 1070.0  90  60  75  -1.563  30.0  30.0 1063
10.575 1072.5  90  60  72  -1.563  30.0  30.0 1061
10.575 1225.0  90  60  69  -1.563  90.0  30.0 1223
10.575 1227.5  90  60  69  -1.563  90.0  30.0 1213
10.575 1230.0  90  60  69  -1.563  90.0  30.0 1237
10.575  315.0 -90  60  69  -1.563   0.0   0.0  321
10.575  317.5 -90  60  84  -1.563   0.0   0.0  323
10.575  320.0 -90  60  81   1.563   0.0   0.0  323
10.575  637.5 -90  60  69  -1.563   0.0   0.0  643
10.575  640.0 -90  60  69  -1.563   0.0   0.0  644
10.575  962.5 -90  60  69  -1.563   0.0   0.0  969
10.575  987.5 -90  60  75  -1.563  30.0  30.0  990
10.575 1225.0 -90  60  69  -1.563 210.0  30.0 1214
10.600  380.0  90  60  75  -1.563   0.0   0.0  384
10.600  382.5  90  60  78  -1.563   0.0   0.0  387
10.600  385.0  90  60  78  -1.563   0.0   0.0  390
10.600  387.5  90  60  69  -1.563   0.0   0.0  392
10.600  962.5  90  60  69  -1.563   0.0   0.0  967
10.600  985.0  90  60  75  -1.563  30.0  30.0  994
10.600  987.5  90  60  87  -1.563  30.0  30.0  990
10.600  990.0  90  60  75  -1.563  30.0  30.0 1003
10.600 1070.0  90  60  75  -1.563  30.0  30.0 1070
10.600 1072.5  90  60  69  -1.563  90.0  30.0 1075
10.600  317.5 -90  60  75   1.563   0.0   0.0  324
10.600  320.0 -90  60  84  -1.563   0.0   0.0  324
10.600  322.5 -90  60  72  -1.563   0.0   0.0  325
10.600  642.5 -90  60  69   1.563   0.0   0.0  649
10.600  987.5 -90  60  75  -1.563  30.0  30.0  976
10.625  382.5  90  60  69  -1.563   0.0   0.0  387
10.625  385.0  90  60  75  -1.563   0.0   0.0  390
10.625  387.5  90  60  78  -1.563   0.0   0.0  392
10.625  390.0  90  60  75  -1.563   0.0   0.0  394
10.625  392.5  90  60  69  -1.563   0.0   0.0  398
10.625  862.5  90  60  69  -4.688   0.0   0.0  867
10.625  985.0  90  60  75  -1.563  30.0  30.0  972
10.625  987.5  90  60  87  -1.563  30.0  30.0  989
10.625  990.0  90  60  75  -1.563  30.0  30.0 1003
10.625 1070.0  90  60  72  -1.563  30.0  30.0 1078
10.625 1150.0  90  60  69  -1.563   0.0   0.0 1156
10.625 1230.0  90  60  69  -1.563  90.0  30.0 1233
10.625  317.5 -90  60  69   1.563   0.0   0.0  328
10.625  320.0 -90  60  81  -1.563   0.0   0.0  325
10.625  322.5 -90  60  81  -1.563   0.0   0.0  326
10.625  325.0 -90  60  69  -1.563 270.0  30.0  329
10.625  987.5 -90  60  75  -1.563  30.0  30.0  989
10.625 1070.0 -90  60  69  -1.563  30.0  30.0 1081
10.650  387.5  90  60  72  -1.563   0.0   0.0  394
10.650  390.0  90  60  75  -1.563   0.0   0.0  395
10.650  392.5  90  60  78  -1.563   0.0   0.0  397
10.650  395.0  90  60  75  -1.563   0.0   0.0  400
10.650  397.5  90  60  69   1.563   0.0   0.0  404
10.650  862.5  90  60  69  -1.563   0.0   0.0  868
10.650  985.0  90  60  75  -1.563  30.0  30.0  971
10.650  987.5  90  60  87  -1.563  30.0  30.0  987
10.650  990.0  90  60  75  -1.563  30.0  30.0 1001
10.650 1152.5  90  60  69  -1.563  30.0  30.0 1158
10.650 1227.5  90  60  69  -1.563  90.0  30.0 1218
10.650  320.0 -90  60  72   1.563   0.0   0.0  327
10.650  322.5 -90  60  84  -1.563   0.0   0.0  327
10.650  325.0 -90  60  78  -1.563   0.0   0.0  328
10.650  987.5 -90  60  75  -1.563  30.0  30.0  988
10.675  395.0  90  63  75  -1.563   0.0   0.0  401
10.675  397.5  90  63  75  -1.563   0.0   0.0  403
10.675  400.0  90  63  75  -1.563   0.0   0.0  404
10.675  985.0  90  63  75  -1.563  30.0  30.0  977
10.675  987.5  90  63  87  -1.563  30.0  30.0  991
10.675  990.0  90  63  75  -1.563  30.0  30.0 1002
10.675  322.5 -90  63  81  -1.563   0.0   0.0  329
10.675  325.0 -90  63  84  -1.563   0.0   0.0  330
10.675  987.5 -90  63  75  -1.563  30.0  30.0  991
10.700  397.5  90  60  69   1.563   0.0   0.0  404
10.700  400.0  90  60  75  -1.563   0.0   0.0  406
10.700  402.5  90  60  75  -1.563   0.0   0.0  408
10.700  405.0  90  60  72  -1.563   0.0   0.0  411
10.700  407.5  90  60  72  -1.563   0.0   0.0  410
10.700  862.5  90  60  72  -1.563   0.0   0.0  867
10.700  985.0  90  60  72  -1.563  30.0  30.0  975
10.700  987.5  90  60  81  -1.563  30.0  30.0  989
10.700  990.0  90  60  69  -1.563  30.0  30.0  997
10.700 1070.0  90  60  69  -1.563  90.0  30.0 1075
10.700 1072.5  90  60  72  -1.563  30.0  30.0 1066
10.700 1152.5  90  60  69  -1.563   0.0   0.0 1158
10.700  325.0 -90  60  81  -1.563   0.0   0.0  330
10.700  327.5 -90  60  81  -1.563   0.0   0.0  331
10.700  987.5 -90  60  72  -1.563  30.0  30.0  988
10.725  405.0  90  60  72  -1.563   0.0   0.0  410
10.725  407.5  90  60  75  -1.563   0.0   0.0  412
10.725  410.0  90  60  75  -1.563   0.0   0.0  414
10.725  412.5  90  60  72  -1.563   0.0   0.0  417
10.725  415.0  90  60  69  -1.563   0.0   0.0  420
10.725  862.5  90  60  72  -1.563   0.0   0.0  867
10.725  962.5  90  60  69  -1.563   0.0   0.0  969
10.725  985.0  90  60  69  -1.563  30.0  30.0  984
10.725  987.5  90  60  78  -1.563  30.0  30.0  989
10.725 1070.0  90  60  78  -1.563  30.0  30.0 1066
10.725 1072.5  90  60  69  -1.563  30.0  30.0 1060
10.725 1075.0  90  60  69  -1.563  30.0  30.0 1079
10.725 1152.5  90  60  69  -1.563   0.0   0.0 1163
10.725  325.0 -90  60  75   1.563   0.0   0.0  332
10.725  327.5 -90  60  84  -1.563   0.0   0.0  332
10.725  330.0 -90  60  75  -1.563   0.0   0.0  333
10.725  987.5 -90  60  69  -1.563  30.0  30.0  993
10.750  410.0  90  60  72  -1.563   0.0   0.0  415
10.750  412.5  90  60  72  -1.563   0.0   0.0  418
10.750  415.0  90  60  75  -1.563   0.0   0.0  420
10.750  417.5  90  60  72  -1.563   0.0   0.0  423
10.750  420.0  90  60  72  -1.563   0.0   0.0  427
10.750  862.5  90  60  69   1.563   0.0   0.0  867
10.750  962.5  90  60  69  -1.563   0.0   0.0  970
10.750  987.5  90  60  72  -1.563  90.0  30.0  996
10.750 1070.0  90  60  75  -1.563  30.0  30.0 1062
10.750 1072.5  90  60  72  -1.563  30.0  30.0 1076
10.750 1075.0  90  60  69   1.563  30.0  30.0 1088
10.750 1155.0  90  60  69  -1.563   0.0   0.0 1157
10.750 1235.0  90  60  69  -1.563  90.0  30.0 1250
10.750  327.5 -90  60  78  -1.563   0.0   0.0  334
10.750  330.0 -90  60  84  -1.563   0.0   0.0  334
10.750  332.5 -90  60  69  -1.563   0.0   0.0  335
10.750 1070.0 -90  60  69  -1.563  30.0  30.0 1074
10.775  420.0  90  63  75  -1.563   0.0   0.0  424
10.775  422.5  90  63  75  -1.563   0.0   0.0  428
10.775  425.0  90  63  72  -1.563   0.0   0.0  430
10.775  427.5  90  63  72   1.563   0.0   0.0  434
10.775  987.5  90  63  75  -1.563  30.0  30.0  985
10.775  330.0 -90  63  84  -1.563   0.0   0.0  335
10.775  332.5 -90  63  81  -1.563   0.0   0.0  336
10.775  335.0 -90  63  72  -1.563   0.0   0.0  338
10.800  425.0  90  60  69   1.563   0.0   0.0  427
10.800  427.5  90  60  72  -1.563   0.0   0.0  434
10.800  430.0  90  60  72  -1.563   0.0   0.0  436
10.800  432.5  90  60  69   1.563   0.0   0.0  439
10.800  435.0  90  60  72  -1.563   0.0   0.0  442
10.800  437.5  90  60  72  -1.563   0.0   0.0  443
10.800  962.5  90  60  69  -1.563   0.0   0.0  950
10.800  965.0  90  60  69  -1.563   0.0   0.0  971
10.800  985.0  90  60  69  -1.563  30.0  30.0  970
10.800  987.5  90  60  81  -1.563  30.0  30.0  988
10.800  990.0  90  60  69  -1.563  30.0  30.0 1005
10.800 1070.0  90  60  75  -1.563  30.0  30.0 1079
10.800 1072.5  90  60  72  -1.563  30.0  30.0 1076
10.800 1080.0  90  60  69   1.563  30.0  30.0 1087
10.800 1082.5  90  60  69  -1.563 330.0  30.0 1097
10.800  330.0 -90  60  72   1.563   0.0   0.0  338
10.800  332.5 -90  60  84  -1.563   0.0   0.0  337
10.800  335.0 -90  60  78  -1.563   0.0   0.0  339
10.800  667.5 -90  60  69  -1.563   0.0   0.0  672
10.800 1002.5 -90  60  69  -1.563   0.0   0.0 1005
10.800 1070.0 -90  60  72  -1.563  30.0  30.0 1072
10.800 1072.5 -90  60  69   1.563   0.0   0.0 1063
10.825  430.0  90  60  69  -1.563   0.0   0.0  440
10.825  435.0  90  60  72  -1.563   0.0   0.0  439
10.825  437.5  90  60  72  -1.563   0.0   0.0  444
10.825  440.0  90  60  72  -1.563   0.0   0.0  445
10.825  442.5  90  60  72  -1.563   0.0   0.0  446
10.825  445.0  90  60  72  -1.563   0.0   0.0  450
10.825  467.5  90  60  69  -1.563   0.0   0.0  455
10.825  985.0  90  60  72  -1.563  30.0  30.0  997
10.825  987.5  90  60  84  -1.563  30.0  30.0  988
10.825  990.0  90  60  72  -1.563  30.0  30.0  978
10.825 1070.0  90  60  78  -1.563  30.0  30.0 1081
10.825 1072.5  90  60  75  -1.563  30.0  30.0 1080
10.825 1157.5  90  60  72  -1.563   0.0   0.0 1161
10.825 1235.0  90  60  69  -1.563  90.0  30.0 1234
10.825  332.5 -90  60  75  -1.563   0.0   0.0  339
10.825  335.0 -90  60  84  -1.563   0.0   0.0  340
10.825  337.5 -90  60  72  -1.563   0.0   0.0  341
10.825  987.5 -90  60  69  -1.563  30.0  30.0  981
10.825 1070.0 -90  60  72  -1.563  30.0  30.0 1079
10.850  442.5  90  60  69   1.563   0.0   0.0  444
10.850  445.0  90  60  69   1.563   0.0   0.0  451
10.850  447.5  90  60  72  -1.563   0.0   0.0  451
10.850  450.0  90  60  69  -1.563   0.0   0.0  457
10.850  452.5  90  60  69  -1.563   0.0   0.0  458
10.850  457.5  90  60  69  -1.563   0.0   0.0  463
10.850  862.5  90  60  69  -1.563   0.0   0.0  868
10.850  985.0  90  60  72  -1.563  30.0  30.0  998
10.850  987.5  90  60  84  -1.563  30.0  30.0  986
10.850  990.0  90  60  72  -1.563  30.0  30.0 1005
10.850 1070.0  90  60  72  -1.563  30.0  30.0 1076
10.850 1075.0  90  60  69  -1.563  30.0  30.0 1071
10.850 1077.5  90  60  69  -1.563  30.0  30.0 1074
10.850 1232.5  90  60  69  -1.563  90.0  30.0 1244
10.850 1235.0  90  60  72  -1.563  90.0  30.0 1237
10.850  335.0 -90  60  78  -1.563   0.0   0.0  341
10.850  337.5 -90  60  81  -1.563   0.0   0.0  342
10.850  987.5 -90  60  72  -1.563  30.0  30.0  993
10.850 1070.0 -90  60  69  -1.563  30.0  30.0 1070
10.875  455.0  90  60  69  -1.563   0.0   0.0  460
10.875  460.0  90  60  69  -1.563   0.0   0.0  464
10.875  462.5  90  60  69  -1.563   0.0   0.0  469
10.875  465.0  90  60  69  -1.563   0.0   0.0  471
10.875  467.5  90  60  69  -1.563   0.0   0.0  472
10.875  862.5  90  60  72  -1.563   0.0   0.0  869
10.875  985.0  90  60  69  -1.563  30.0  30.0  972
10.875  987.5  90  60  84  -1.563  30.0  30.0  987
10.875  990.0  90  60  72  -1.563  30.0  30.0 1002
10.875 1082.5  90  60  69  -1.563  90.0  30.0 1083
10.875 1235.0  90  60  69  -1.563  90.0  30.0 1233
10.875  335.0 -90  60  69   1.563   0.0   0.0  340
10.875  337.5 -90  60  81  -1.563   0.0   0.0  342
10.875  340.0 -90  60  81  -1.563   0.0   0.0  344
10.875  987.5 -90  60  75  -1.563  30.0  30.0  989
10.900  475.0  90  60  69  -1.563   0.0   0.0  481
10.900  480.0  90  60  69  -1.563   0.0   0.0  487
10.900  862.5  90  60  72  -1.563   0.0   0.0  868
10.900  965.0  90  60  69  -1.563   0.0   0.0  971
10.900  985.0  90  60  69  -1.563  30.0  30.0  973
10.900  987.5  90  60  84  -1.563  30.0  30.0  991
10.900  990.0  90  60  72  -1.563  30.0  30.0 1002
10.900 1070.0  90  60  69  -1.563  30.0  30.0 1076
10.900 1072.5  90  60  75  -1.563  30.0  30.0 1074
10.900 1075.0  90  60  75  -1.563  30.0  30.0 1061
10.900 1080.0  90  60  69  -1.563  30.0  30.0 1078
10.900 1082.5  90  60  69  -1.563  30.0  30.0 1093
10.900 1235.0  90  60  69  -1.563  30.0  30.0 1224
10.900 1237.5  90  60  69  -1.563  30.0  30.0 1233
10.900  337.5 -90  60  69  -1.563   0.0   0.0  345
10.900  340.0 -90  60  81  -1.563   0.0   0.0  345
10.900  342.5 -90  60  78   1.563   0.0   0.0  346
10.900  685.0 -90  60  69   1.563   0.0   0.0  691
10.900  987.5 -90  60  75  -1.563  30.0  30.0  990
10.925  862.5  90  63  72  -1.563   0.0   0.0  868
10.925  987.5  90  63  84  -1.563  30.0  30.0  987
10.925  990.0  90  63  72  -1.563  30.0  30.0 1000
10.925 1072.5  90  63  78  -1.563  30.0  30.0 1075
10.925 1075.0  90  63  72   1.563  90.0  30.0 1073
10.925 1077.5  90  63  72  -1.563  30.0  30.0 1073
10.925 1080.0  90  63  72  -1.563  30.0  30.0 1079
10.925  340.0 -90  63  72   1.563   0.0   0.0  345
10.925  342.5 -90  63  81  -1.563   0.0   0.0  347
10.925  345.0 -90  63  78  -1.563   0.0   0.0  349
10.925  987.5 -90  63  72  -1.563  30.0  30.0  990
10.950  862.5  90  63  72  -1.563   0.0   0.0  864
10.950  987.5  90  63  84  -1.563  30.0  30.0  987
10.950  990.0  90  63  72  -1.563  30.0  30.0  992
10.950 1070.0  90  63  75  -1.563  30.0  30.0 1066
10.950 1072.5  90  63  72  -1.563  30.0  30.0 1065
10.950  332.5 -90  60  69   4.688   0.0   0.0  345
10.950  342.5 -90  60  75  -1.563   0.0   0.0  347
10.950  345.0 -90  60  81  -1.563   0.0   0.0  350
10.950  347.5 -90  60  75  -1.563   0.0   0.0  351
10.950  987.5 -90  60  75  -1.563  30.0  30.0  994
10.975  987.5  90  63  81  -1.563  30.0  30.0  990
10.975  990.0  90  63  72  -1.563  30.0  30.0 1000
10.975 1070.0  90  63  78  -1.563  30.0  30.0 1057
10.975 1072.5  90  63  75  -1.563  30.0  30.0 1065
10.975  345.0 -90  63  72   1.563   0.0   0.0  349
10.975  347.5 -90  63  81  -1.563   0.0   0.0  353
10.975  350.0 -90  63  75  -1.563   0.0   0.0  354
10.975  987.5 -90  63  72  -1.563  30.0  30.0  992
11.000  987.5  90  63  78  -1.563  30.0  30.0  987
11.000 1070.0  90  63  75  -1.563  30.0  30.0 1070
11.000 1072.5  90  63  75  -1.563  30.0  30.0 1072
11.000 1165.0  90  63  72  -1.563   0.0   0.0 1168
11.000  347.5 -90  66  75  -1.563   0.0   0.0  355
11.000  350.0 -90  66  81  -1.563   0.0   0.0  355
11.000  352.5 -90  66  78  -1.563   0.0   0.0  356
11.025  987.5  90  63  72  -1.563  30.0  30.0  997
11.025 1072.5  90  63  75  -1.563  30.0  30.0 1078
11.025  197.5 -90  63  72  -1.563 150.0  30.0  191
11.025  350.0 -90  63  75  -1.563   0.0   0.0  355
11.025  352.5 -90  63  81  -1.563   0.0   0.0  356
11.025  355.0 -90  63  75  -1.563   0.0   0.0  358
11.050 1070.0  90  66  75  -1.563  30.0  30.0 1082
11.050  352.5 -90  63  72   1.563   0.0   0.0  358
11.050  355.0 -90  63  81  -1.563   0.0   0.0  360
11.050  357.5 -90  63  75   1.563   0.0   0.0  361
11.075  930.0  90  60  69   1.563   0.0   0.0  935
11.075 1070.0  90  60  75  -1.563  30.0  30.0 1076
11.075 1072.5  90  60  72  -1.563  30.0  30.0 1074
11.075 1075.0  90  60  69  -1.563  30.0  30.0 1077
11.075 1077.5  90  60  69  -1.563  30.0  30.0 1081
11.075  355.0 -90  60  72  -1.563   0.0   0.0  359
11.075  357.5 -90  60  78  -1.563   0.0   0.0  362
11.075  360.0 -90  60  75   1.563   0.0   0.0  362
11.100  987.5  90  60  72  -1.563  30.0  30.0  995
11.100 1070.0  90  60  72  -1.563  90.0  30.0 1064
11.100 1072.5  90  60  78  -1.563  30.0  30.0 1072
11.100 1167.5  90  60  69  -1.563   0.0   0.0 1175
11.100  357.5 -90  60  69   1.563   0.0   0.0  363
11.100  360.0 -90  60  78  -1.563   0.0   0.0  364
11.100  362.5 -90  60  75  -1.563   0.0   0.0  368
11.100  365.0 -90  60  69  -1.563   0.0   0.0  369
11.100 1072.5 -90  60  69  -1.563  30.0  30.0 1058
11.125  987.5  90  60  75  -1.563  30.0  30.0  990
11.125 1072.5  90  60  72  -1.563  30.0  30.0 1071
11.125  362.5 -90  60  72  -1.563   0.0   0.0  369
11.125  365.0 -90  60  78  -1.563   0.0   0.0  370
11.125  367.5 -90  60  69  -1.563   0.0   0.0  370
11.150  987.5  90  60  78  -1.563  30.0  30.0  990
11.150  990.0  90  60  69  -1.563 330.0  30.0  981
11.150 1072.5  90  60  72  -1.563  30.0  30.0 1087
11.150 1240.0  90  60  69  -1.563  90.0  30.0 1240
11.150 1242.5  90  60  69  -1.563  90.0  30.0 1239
11.150  365.0 -90  60  72  -1.563   0.0   0.0  370
11.150  367.5 -90  60  75  -1.563   0.0   0.0  372
11.150  370.0 -90  60  69   1.563   0.0   0.0  375
11.175  862.5  90  60  69  -1.563   0.0   0.0  869
11.175  987.5  90  60  78  -1.563  30.0  30.0  986
11.175  990.0  90  60  69  -1.563  30.0  30.0  995
11.175 1070.0  90  60  72  -1.563  30.0  30.0 1083
11.175 1072.5  90  60  78  -1.563  30.0  30.0 1059
11.175 1075.0  90  60  69  -1.563  30.0  30.0 1062
11.175 1077.5  90  60  72  -1.563  30.0  30.0 1068
11.175 1237.5  90  60  69  -1.563  90.0  30.0 1225
11.175 1240.0  90  60  69  -1.563  30.0  30.0 1240
11.175 1242.5  90  60  69  -1.563  90.0  30.0 1243
11.175 1245.0  90  60  69  -1.563   0.0   0.0 1248
11.175  367.5 -90  60  69  -1.563   0.0   0.0  375
11.175  370.0 -90  60  75  -1.563   0.0   0.0  374
11.175  372.5 -90  60  72  -1.563   0.0   0.0  376
11.175  987.5 -90  60  69  -1.563  30.0  30.0  988
11.175 1105.0 -90  60  69  -4.688   0.0   0.0 1104
11.200  862.5  90  60  69  -1.563   0.0   0.0  868
11.200  987.5  90  60  81  -1.563  30.0  30.0  990
11.200  990.0  90  60  69  -1.563  30.0  30.0  995
11.200 1070.0  90  60  69  -1.563  30.0  30.0 1069
11.200 1072.5  90  60  72  -1.563  30.0  30.0 1074
11.200 1075.0  90  60  69  -1.563  30.0  30.0 1081
11.200 1240.0  90  60  69  -1.563  90.0  30.0 1241
11.200  372.5 -90  60  75  -1.563   0.0   0.0  377
11.200  375.0 -90  60  72   1.563   0.0   0.0  380
11.200  377.5 -90  60  69  -1.563   0.0   0.0  380
11.200  987.5 -90  60  72  -1.563  30.0  30.0  988
11.200 1080.0 -90  60  69  -1.563   0.0   0.0 1084
11.225  862.5  90  60  72  -1.563   0.0   0.0  866
11.225  987.5  90  60  78  -1.563  30.0  30.0  982
11.225  990.0  90  60  69  -1.563  30.0  30.0  991
11.225 1057.5  90  60  69  -4.688   0.0   0.0 1044
11.225 1070.0  90  60  69  -1.563  30.0  30.0 1075
11.225 1072.5  90  60  69  -1.563  30.0  30.0 1077
11.225 1080.0  90  60  69   1.563  30.0  30.0 1069
11.225 1242.5  90  60  69  -1.563   0.0   0.0 1230
11.225 1245.0  90  60  69  -1.563  90.0  30.0 1253
11.225  285.0 -90  60  69  -4.688   0.0   0.0  281
11.225  377.5 -90  60  72  -1.563   0.0   0.0  381
11.225  380.0 -90  60  72   1.563   0.0   0.0  385
11.225  382.5 -90  60  69   1.563   0.0   0.0  387
11.225  987.5 -90  60  72  -1.563  30.0  30.0  979
11.225 1010.0 -90  60  69  -1.563   0.0   0.0 1014
11.225 1157.5 -90  60  69  -1.563   0.0   0.0 1160
11.250  862.5  90  60  72  -1.563   0.0   0.0  868
11.250  987.5  90  60  81  -1.563  30.0  30.0  993
11.250  990.0  90  60  72  -1.563  30.0  30.0  991
11.250 1070.0  90  60  69  -1.563  30.0  30.0 1056
11.250 1072.5  90  60  72  -1.563  30.0  30.0 1065
11.250 1075.0  90  60  69  -1.563  30.0  30.0 1064
11.250 1247.5  90  60  69  -1.563   0.0   0.0 1248
11.250  380.0 -90  63  72  -1.563   0.0   0.0  386
11.250  987.5 -90  63  75  -1.563  30.0  30.0  986
11.275  862.5  90  63  72  -1.563   0.0   0.0  868
11.275  987.5  90  63  78  -1.563  30.0  30.0  987
11.275 1072.5  90  63  72  -1.563  90.0  30.0 1071
11.275 1247.5  90  63  72  -1.563  30.0  30.0 1257
11.275  385.0 -90  63  72  -1.563   0.0   0.0  389
11.275  387.5 -90  63  72  -1.563   0.0   0.0  393
11.275  390.0 -90  63  72  -1.563   0.0   0.0  395
11.275  987.5 -90  63  75  -1.563  30.0  30.0  990
11.300  752.5  90  60  69   1.563   0.0   0.0  752
11.300  987.5  90  60  78  -1.563  30.0  30.0  990
11.300  990.0  90  60  69  -1.563  30.0  30.0 1000
11.300 1177.5  90  60  69  -1.563   0.0   0.0 1186
11.300 1247.5  90  60  72  -1.563  90.0  30.0 1239
11.300 1250.0  90  60  72  -1.563  90.0  30.0 1239
11.300  390.0 -90  60  69  -1.563   0.0   0.0  394
11.300  392.5 -90  60  69  -1.563   0.0   0.0  397
11.300  395.0 -90  60  72  -1.563   0.0   0.0  402
11.300  987.5 -90  60  75  -1.563 330.0  30.0  977
11.325  987.5  90  63  75  -1.563  30.0  30.0  991
11.325  395.0 -90  60  72  -1.563   0.0   0.0  402
11.325  397.5 -90  60  72  -1.563   0.0   0.0  403
11.325  987.5 -90  60  72  -1.563 330.0  30.0 1000
11.350  987.5  90  60  75  -1.563  30.0  30.0  984
11.350 1072.5  90  60  69  -1.563 210.0  30.0 1080
11.350 1247.5  90  60  69  -1.563  30.0  30.0 1252
11.350 1250.0  90  60  69  -1.563  90.0  30.0 1250
11.350 1252.5  90  60  69  -1.563  90.0  30.0 1262
11.350  402.5 -90  60  69  -1.563   0.0   0.0  407
11.350  405.0 -90  60  69  -1.563   0.0   0.0  410
11.350  987.5 -90  60  72  -1.563  30.0  30.0  995
11.375  987.5  90  60  72  -1.563  30.0  30.0  984
11.375  407.5 -90  60  69  -1.563   0.0   0.0  414
11.375  987.5 -90  60  69   1.563  30.0  30.0  990
11.400  987.5  90  60  72  -1.563  30.0  30.0  988
11.400 1072.5  90  60  75  -1.563  30.0  30.0 1071
11.400 1080.0  90  60  69  -1.563  30.0  30.0 1082
11.400 1247.5  90  60  69  -1.563  90.0  30.0 1236
11.400  417.5 -90  60  69  -1.563   0.0   0.0  421
11.400  420.0 -90  60  69  -1.563   0.0   0.0  423
11.425  970.0  90  60  69  -1.563   0.0   0.0  974
11.425  987.5  90  60  75  -1.563  30.0  30.0  988
11.425 1072.5  90  60  75  -1.563  30.0  30.0 1085
11.425 1075.0  90  60  72  -1.563  30.0  30.0 1082
11.425 1080.0  90  60  69  -1.563  30.0  30.0 1076
11.425 1247.5  90  60  69  -1.563   0.0   0.0 1252
11.425  420.0 -90  60  69  -1.563   0.0   0.0  427
11.425  422.5 -90  60  69  -1.563   0.0   0.0  427
11.425  427.5 -90  60  69  -1.563   0.0   0.0  434
11.450  742.5  90  60  69  -1.563 210.0  30.0  756
11.450  745.0  90  60  69  -1.563 210.0  30.0  738
11.450  747.5  90  60  69   4.688 210.0  30.0  741
11.450  750.0  90  60  72   4.688 330.0  30.0  753
11.450  752.5  90  60  69   1.563 210.0  30.0  742
11.450  757.5  90  60  69  -4.688 330.0  30.0  746
11.450  762.5  90  60  69   4.688 210.0  30.0  764
11.450  775.0  90  60  72   1.563 210.0  30.0  776
11.450  777.5  90  60  69  -1.563 330.0  30.0  792
11.450  780.0  90  60  69  -1.563 210.0  30.0  781
11.450  790.0  90  60  69  -1.563 330.0  30.0  796
11.450  792.5  90  60  72   4.688 210.0  30.0  779
11.450  795.0  90  60  69  -4.688 330.0  30.0  808
11.450  805.0  90  60  75  -1.563 210.0  30.0  798
11.450  810.0  90  60  72   4.688 210.0  30.0  799
11.450  812.5  90  60  69  -1.563 330.0  30.0  817
11.450  817.5  90  60  69  -1.563 330.0  30.0  805
11.450  835.0  90  60  69  -1.563 330.0  30.0  839
11.450  987.5  90  60  75  -1.563  30.0  30.0  978
11.450 1075.0  90  60  72  -1.563  30.0  30.0 1066
11.450 1082.5  90  60  69  -1.563  30.0  30.0 1084
11.450 1247.5  90  60  69  -1.563  90.0  30.0 1241
11.450 1250.0  90  60  72  -1.563  90.0  30.0 1247
11.450  430.0 -90  60  69  -1.563   0.0   0.0  436
11.450  967.5 -90  60  72  -1.563   0.0   0.0  975
11.450  987.5 -90  60  69  -1.563 330.0  30.0 1002
11.475  862.5  90  60  69  -1.563   0.0   0.0  869
11.475  987.5  90  60  75  -1.563  30.0  30.0  987
11.475 1072.5  90  60  69  -1.563  30.0  30.0 1074
11.475 1075.0  90  60  69  -1.563  30.0  30.0 1087
11.475 1082.5  90  60  69  -1.563  30.0  30.0 1089
11.475 1247.5  90  60  69  -1.563  90.0  30.0 1246
11.475 1255.0  90  60  69  -1.563  90.0  30.0 1251
11.475 1257.5  90  60  69  -1.563  90.0  30.0 1272
11.475  440.0 -90  60  69  -1.563   0.0   0.0  445
11.475  442.5 -90  60  69  -1.563   0.0   0.0  449
11.475  987.5 -90  60  69  -1.563 330.0  30.0  983
11.500  862.5  90  60  69  -1.563   0.0   0.0  867
11.500  987.5  90  60  75  -1.563  30.0  30.0  998
11.500  990.0  90  60  69  -1.563  30.0  30.0  999
11.500 1072.5  90  60  69  -1.563  30.0  30.0 1072
11.500 1082.5  90  60  69  -1.563  30.0  30.0 1085
11.500  987.5 -90  60  72  -1.563 150.0  30.0  987
11.525  862.5  90  60  69  -1.563   0.0   0.0  868
11.525  987.5  90  60  75  -1.563  30.0  30.0  986
11.525 1247.5  90  60  69  -1.563  90.0  30.0 1262
11.525 1255.0  90  60  69  -1.563  90.0  30.0 1269
11.525  987.5 -90  60  69  -1.563  30.0  30.0  982
11.600  862.5  90  60  72  -1.563   0.0   0.0  869
11.600  987.5  90  60  69  -1.563 270.0  30.0  995
11.600 1072.5  90  60  72  -1.563 210.0  30.0 1078
11.600 1075.0  90  60  72  -1.563 150.0  30.0 1062
11.600 1195.0  90  60  69  -1.563 270.0  30.0 1200
11.600 1255.0  90  60  69  -1.563 330.0  30.0 1241
11.600  987.5 -90  60  69  -1.563 270.0  30.0  999
11.625  862.5  90  60  69  -1.563   0.0   0.0  869
11.625  987.5  90  60  72  -1.563 150.0  30.0  989
11.625 1075.0  90  60  75  -1.563 150.0  30.0 1078
11.625 1195.0  90  60  69  -1.563   0.0   0.0 1201
11.625 1252.5  90  60  69  -1.563 330.0  30.0 1264
11.625 1255.0  90  60  69  -1.563 330.0  30.0 1254
11.625 1257.5  90  60  69  -1.563 330.0  30.0 1252
11.625 1262.5  90  60  69  -1.563 330.0  30.0 1259
11.625  987.5 -90  60  69  -1.563 210.0  30.0  997
11.650  862.5  90  60  69  -1.563   0.0   0.0  872
11.650  987.5  90  60  75  -1.563 150.0  30.0  993
11.650  990.0  90  60  69  -1.563 150.0  30.0  997
11.650 1075.0  90  60  72  -1.563 150.0  30.0 1085
11.650 1252.5  90  60  72  -1.563 210.0  30.0 1243
11.650 1257.5  90  60  69  -1.563 150.0  30.0 1244
11.650 1260.0  90  60  69  -1.563 330.0  30.0 1269
11.650 1262.5  90  60  69  -1.563 330.0  30.0 1261
11.650  967.5 -90  60  69  -1.563   0.0   0.0  973
11.650  970.0 -90  60  69  -1.563   0.0   0.0  975
11.650  987.5 -90  60  69  -1.563 150.0  30.0  996
11.650 1172.5 -90  60  69  -1.563   0.0   0.0 1177
11.675  987.5  90  63  78  -1.563 270.0  30.0  989
11.675 1260.0  90  63  72  -1.563 210.0  30.0 1268
11.675  967.5 -90  60  69  -1.563   0.0   0.0  972
11.675  987.5 -90  60  69  -1.563  30.0  30.0  989
11.675 1172.5 -90  60  69  -1.563   0.0   0.0 1179
11.675 1175.0 -90  60  72  -1.563   0.0   0.0 1183
11.700  987.5  90  63  81  -1.563 270.0  30.0  986
11.700  990.0  90  63  72  -1.563 210.0  30.0  985
11.700 1197.5  90  63  72  -1.563   0.0   0.0 1204
11.700 1260.0  90  63  72  -1.563 330.0  30.0 1253
11.725  987.5  90  63  81  -1.563 270.0  30.0  992
11.725  990.0  90  63  75  -1.563 270.0  30.0 1000
11.725 1260.0  90  63  72  -1.563 330.0  30.0 1273
11.725 1265.0  90  63  72  -1.563 330.0  30.0 1262
11.725  987.5 -90  63  72  -1.563 270.0  30.0  994
11.750  970.0  90  63  72  -1.563   0.0   0.0  975
11.750  987.5  90  63  78  -1.563 150.0  30.0  986
11.750  990.0  90  63  72  -1.563 270.0  30.0  995
11.750 1280.0  90  63  72  -4.688   0.0   0.0 1277
11.775  987.5  90  66  78  -1.563 270.0  30.0  987
11.775  990.0  90  66  75  -1.563 270.0  30.0  991
11.775  987.5 -90  66  75  -1.563 270.0  30.0  990
11.800  970.0  90  63  72  -1.563   0.0   0.0  978
11.800  987.5  90  63  75  -1.563 270.0  30.0  977
11.800 1072.5  90  63  72  -1.563 150.0  30.0 1071
11.800 1257.5  90  63  72  -1.563 150.0  30.0 1244
11.800 1260.0  90  63  72  -1.563 150.0  30.0 1248
11.800 1262.5  90  63  72  -1.563 210.0  30.0 1250
11.800 1265.0  90  63  72  -1.563   0.0   0.0 1274
11.800  987.5 -90  63  75  -1.563 270.0  30.0  982
11.825  987.5  90  63  72  -1.563 270.0  30.0  994
11.825 1265.0  90  63  72  -1.563 330.0  30.0 1261
11.825  987.5 -90  63  75  -1.563 150.0  30.0  990
11.850  987.5  90  63  72  -1.563 270.0  30.0  995
11.850  987.5 -90  63  75  -1.563 270.0  30.0  991
11.875  987.5 -90  54  63  -1.563 270.0  30.0  998
11.875 1027.5 -90  54  63  -4.688  90.0  30.0 1037
11.975 1075.0  90  54  63  -1.563 270.0  30.0 1087
11.975 1280.0  90  54  63   1.563 270.0  30.0 1273
12.000  862.5  90  48  57  -1.563   0.0   0.0  867
12.000  987.5  90  48  57  -1.563 210.0  30.0  992
12.000 1075.0  90  48  57  -1.563 270.0  30.0 1069
12.000  987.5 -90  48  57  -1.563 270.0  30.0  981
12.025  862.5  90  48  57  -1.563   0.0   0.0  866
12.025  972.5  90  48  57  -1.563   0.0   0.0  977
12.025 1272.5  90  48  57  -1.563 270.0  30.0 1271
12.025 1275.0  90  48  57  -1.563 270.0  30.0 1274
12.025 1277.5  90  48  57  -1.563   0.0   0.0 1284
12.025 1280.0  90  48  57  -1.563   0.0   0.0 1280
12.050  972.5  90  48  63  -1.563   0.0   0.0  978
12.050  987.5  90  48  57  -1.563 270.0  30.0  990
12.050 1227.5  90  48  57  -1.563   0.0   0.0 1235
12.050  987.5 -90  48  57   1.563 270.0  30.0  995
12.075  972.5  90  48  60  -1.563   0.0   0.0  979
12.075  987.5  90  48  60  -1.563 270.0  30.0  989
12.075   92.5 -90  48  57   4.688   0.0   0.0   87
12.075  987.5 -90  48  60  -1.563 270.0  30.0  995
12.100  170.0  90  48  57  -1.563   0.0   0.0  164
12.100  972.5  90  48  60  -1.563   0.0   0.0  980
12.100  975.0  90  48  57  -1.563   0.0   0.0  982
12.100  987.5  90  48  63  -1.563 270.0  30.0  983
12.100  990.0  90  48  57  -1.563 270.0  30.0  984
12.100  877.5 -90  48  57   4.688   0.0   0.0  883
12.100  987.5 -90  48  63  -1.563 270.0  30.0  991
12.100  990.0 -90  48  57  -1.563 270.0  30.0  992
12.125  972.5  90  63  72  -1.563   0.0   0.0  981
12.125  987.5  90  63  78  -1.563 270.0  30.0  980
12.125  990.0  90  63  72  -1.563 270.0  30.0  989
12.125  987.5 -90  60  78  -1.563 270.0  30.0  991
12.125  990.0 -90  60  72  -1.563 270.0  30.0  995
12.150  972.5  90  60  69  -1.563   0.0   0.0  979
12.150  975.0  90  60  72  -1.563   0.0   0.0  980
12.150  987.5  90  60  78  -1.563 270.0  30.0  980
12.150  990.0  90  60  72  -1.563 270.0  30.0  979
12.150 1075.0  90  60  72  -1.563 270.0  30.0 1078
12.150 1077.5  90  60  69  -1.563 210.0  30.0 1068
12.150 1235.0  90  60  69  -1.563   0.0   0.0 1241
12.150 1280.0  90  60  69  -1.563 270.0  30.0 1277
12.150  987.5 -90  60  81  -1.563 270.0  30.0  989
12.150  990.0 -90  60  75  -1.563 270.0  30.0  989
12.175  195.0  90  60  69   1.563   0.0   0.0  197
12.175  987.5  90  60  78  -1.563 270.0  30.0  989
12.175  990.0  90  60  72  -1.563 270.0  30.0  990
12.175 1077.5  90  60  72  -1.563 270.0  30.0 1072
12.175 1280.0  90  60  69  -1.563 210.0  30.0 1265
12.175  760.0 -90  60  69   4.688   0.0   0.0  767
12.175  770.0 -90  60  69   4.688   0.0   0.0  768
12.175  987.5 -90  60  81  -1.563 270.0  30.0  992
12.175  990.0 -90  60  75  -1.563 270.0  30.0  989
12.200  987.5  90  63  78  -1.563 270.0  30.0  992
12.200  990.0  90  63  72  -1.563 270.0  30.0  988
12.200  987.5 -90  63  81  -1.563 270.0  30.0  989
12.200  990.0 -90  63  75  -1.563 270.0  30.0  998
12.225  987.5  90  63  75  -1.563 270.0  30.0  988
12.225  990.0  90  63  72  -1.563 270.0  30.0  986
12.225  987.5 -90  60  81  -1.563 270.0  30.0  989
12.225  990.0 -90  60  75  -1.563 270.0  30.0  992
12.225 1062.5 -90  60  69   4.688   0.0   0.0 1050
12.250  287.5  90  60  69  -1.563   0.0   0.0  301
12.250  987.5  90  60  72  -1.563 270.0  30.0  979
12.250  990.0  90  60  69  -1.563 270.0  30.0  983
12.250 1077.5  90  60  69  -1.563 270.0  30.0 1085
12.250  972.5 -90  60  69  -1.563   0.0   0.0  981
12.250  987.5 -90  60  81  -1.563 270.0  30.0  988
12.250  990.0 -90  60  75  -1.563 270.0  30.0  994
12.275  970.0 -90  60  69  -1.563   0.0   0.0  982
12.275  987.5 -90  60  78  -1.563 270.0  30.0  991
12.275  990.0 -90  60  75  -1.563 270.0  30.0  993
12.275 1077.5 -90  60  69  -1.563 270.0  30.0 1078
12.300  975.0  90  60  69  -1.563   0.0   0.0  983
12.300  977.5  90  60  69  -1.563   0.0   0.0  984
12.300  972.5 -90  60  69  -1.563   0.0   0.0  976
12.300  987.5 -90  60  75  -1.563  90.0  30.0  995
12.300  990.0 -90  60  72  -1.563 270.0  30.0  998
12.325  975.0  90  60  69  -1.563   0.0   0.0  981
12.325  977.5  90  60  69   1.563   0.0   0.0  983
12.325  987.5  90  60  69  -1.563 270.0  30.0  997
12.325 1077.5  90  60  69  -1.563 270.0  30.0 1078
12.325  987.5 -90  60  72  -1.563 270.0  30.0  983
12.325  990.0 -90  60  72  -1.563 270.0  30.0  993
12.350  975.0  90  60  69  -1.563   0.0   0.0  983
12.350  987.5  90  60  72  -1.563 270.0  30.0  989
12.350  990.0  90  60  69  -1.563 270.0  30.0  993
12.350 1077.5  90  60  69  -1.563 210.0  30.0 1081
12.350  972.5 -90  60  69  -1.563   0.0   0.0  978
12.350  987.5 -90  60  72  -1.563 270.0  30.0  979
12.350  990.0 -90  60  72  -1.563 270.0  30.0  987
12.350 1077.5 -90  60  69  -1.563 210.0  30.0 1081
12.375  227.5  90  60  69  -4.688   0.0   0.0  222
12.375  987.5  90  60  75  -1.563 270.0  30.0  980
12.375  990.0  90  60  72  -1.563 270.0  30.0  985
12.375  972.5 -90  60  69  -1.563   0.0   0.0  976
12.375  987.5 -90  60  75  -1.563 270.0  30.0  987
12.375  990.0 -90  60  72  -1.563  90.0  30.0 1001
12.400  987.5  90  60  75  -1.563 270.0  30.0  993
12.400  990.0  90  60  72  -1.563 270.0  30.0  988
12.400 1077.5  90  60  69  -1.563 270.0  30.0 1081
12.400  987.5 -90  60  75  -1.563 270.0  30.0  988
12.400  990.0 -90  60  75  -1.563 270.0  30.0  979
12.425  977.5  90  60  72  -1.563   0.0   0.0  984
12.425  987.5  90  60  75  -1.563 270.0  30.0  986
12.425  990.0  90  60  72  -1.563 270.0  30.0  998
12.425 1077.5  90  60  69  -1.563 270.0  30.0 1080
12.425  987.5 -90  60  78  -1.563 270.0  30.0  987
12.425  990.0 -90  60  75  -1.563 270.0  30.0  987
12.450  975.0  90  60  72  -1.563   0.0   0.0  982
12.450  977.5  90  60  69  -1.563   0.0   0.0  981
12.450  987.5  90  60  75  -1.563 270.0  30.0  984
12.450  990.0  90  60  72  -1.563 270.0  30.0  992
12.450  987.5 -90  60  78  -1.563 270.0  30.0  988
12.450  990.0 -90  60  75  -1.563 270.0  30.0  982
12.450 1077.5 -90  60  69  -1.563 270.0  30.0 1064
12.475  975.0  90  60  69  -1.563   0.0   0.0  981
12.475  977.5  90  60  69  -1.563   0.0   0.0  982
12.475  987.5  90  60  72  -1.563  90.0  30.0  996
12.475  990.0  90  60  69  -1.563 270.0  30.0  998
12.475 1077.5  90  60  69  -1.563 270.0  30.0 1083
12.475 1080.0  90  60  69  -1.563 270.0  30.0 1084
12.475  987.5 -90  60  78  -1.563 270.0  30.0  991
12.475  990.0 -90  60  75  -1.563 270.0  30.0  987
12.500  215.0  90  60  69  -1.563   0.0   0.0  212
12.500  227.5  90  60  69  -1.563   0.0   0.0  236
12.500  987.5  90  60  69  -1.563 330.0  30.0  992
12.500  990.0  90  60  69  -1.563 270.0  30.0 1004
12.500 1077.5  90  60  69  -1.563 270.0  30.0 1077
12.500  975.0 -90  60  69   1.563   0.0   0.0  981
12.500  987.5 -90  60  78  -1.563 270.0  30.0  985
12.500  990.0 -90  60  75  -1.563 270.0  30.0  992
12.525  185.0  90  60  69   4.688   0.0   0.0  183
12.525  887.5  90  60  69   4.688   0.0   0.0  878
12.525  990.0  90  60  69  -1.563 270.0  30.0  977
12.525 1070.0  90  60  69   4.688   0.0   0.0 1066
12.525 1077.5  90  60  69  -1.563  90.0  30.0 1076
12.525  177.5 -90  60  69  -4.688   0.0   0.0  176
12.525  280.0 -90  60  69  -4.688   0.0   0.0  279
12.525  282.5 -90  60  69   1.563   0.0   0.0  292
12.525  987.5 -90  60  78  -1.563 270.0  30.0  989
12.525  990.0 -90  60  72  -1.563 270.0  30.0  999
12.525 1002.5 -90  60  69  -4.688   0.0   0.0  997
12.550  987.5  90  60  69  -1.563 270.0  30.0  976
12.550  990.0  90  60  69  -1.563 270.0  30.0  995
12.550 1077.5  90  60  72  -1.563 270.0  30.0 1066
12.550 1080.0  90  60  69  -1.563 270.0  30.0 1084
12.550  217.5 -90  60  69   1.563   0.0   0.0  206
12.550  450.0 -90  60  69  -1.563   0.0   0.0  436
12.550  975.0 -90  60  69  -1.563   0.0   0.0  981
12.550  987.5 -90  60  75  -1.563 270.0  30.0  992
12.550  990.0 -90  60  72  -1.563 270.0  30.0  992
12.550 1067.5 -90  60  69   4.688   0.0   0.0 1054
12.575  987.5  90  72  81  -1.563 270.0  30.0 1000
12.575  990.0  90  72  81  -1.563 270.0  30.0  992
12.575  975.0 -90  72  81  -1.563   0.0   0.0  982
12.575  987.5 -90  72  84  -1.563 270.0  30.0  976
12.575  990.0 -90  72  81  -1.563  90.0  30.0  991
12.600  272.5  90  72  81  -1.563   0.0   0.0  285
12.600  280.0  90  72  81  -4.688   0.0   0.0  266
12.600  282.5  90  72  81  -4.688   0.0   0.0  289
12.600  977.5  90  72  81   1.563   0.0   0.0  991
12.600  980.0  90  72  84  -1.563   0.0   0.0  987
12.600  987.5  90  72  81  -1.563 270.0  30.0  990
12.600  990.0  90  72  81  -1.563 270.0  30.0  992
12.600 1005.0  90  72  81  -4.688   0.0   0.0  997
12.625  990.0  90  75  84  -1.563 270.0  30.0  977
12.625  977.5 -90  72  81  -1.563   0.0   0.0  980
12.650  155.0  90  72  81   4.688   0.0   0.0  169
12.650  167.5  90  72  81  -4.688   0.0   0.0  163
12.650  922.5  90  72  81  -1.563   0.0   0.0  909
12.650  972.5  90  72  81   4.688   0.0   0.0  978
12.650  987.5  90  72  84  -1.563 270.0  30.0  994
12.650  990.0  90  72  81  -1.563 270.0  30.0 1001
12.650 1070.0  90  72  81  -1.563   0.0   0.0 1077
12.650 1077.5  90  72  81  -1.563 270.0  30.0 1069
12.650  532.5 -90  72  81   1.563   0.0   0.0  547
12.650  567.5 -90  72  81  -4.688   0.0   0.0  574
12.650  975.0 -90  72  81  -1.563   0.0   0.0  981
12.650 1077.5 -90  72  81  -1.563 270.0  30.0 1086
12.675  347.5  90  72  81   4.688   0.0   0.0  358
12.675  987.5  90  72  84  -1.563 270.0  30.0  990
12.675  990.0  90  72  84  -1.563 270.0  30.0 1000
12.675 1105.0  90  72  81  -1.563   0.0   0.0 1094
12.675  940.0 -90  72  81   4.688   0.0   0.0  952
12.675  975.0 -90  72  81  -1.563   0.0   0.0  982
12.675 1077.5 -90  72  81  -1.563 270.0  30.0 1081
12.675 1080.0 -90  72  81  -1.563 270.0  30.0 1082
12.700  987.5  90  75  84  -1.563 270.0  30.0  974
12.725  595.0  90  72  81   4.688   0.0   0.0  594
12.725  977.5  90  72  81  -1.563   0.0   0.0  985
12.725  987.5  90  72  84  -1.563 270.0  30.0  976
12.725  990.0  90  72  81  -1.563  90.0  30.0  988
12.725 1220.0  90  72  81   4.688   0.0   0.0 1211
12.725  727.5 -90  72  81   1.563   0.0   0.0  713
12.725  757.5 -90  72  81  -4.688   0.0   0.0  754
12.725  877.5 -90  72  81   4.688   0.0   0.0  869
12.725  975.0 -90  72  81  -1.563   0.0   0.0  978
12.725  987.5 -90  72  81  -1.563 270.0  30.0  985
12.750  987.5  90  72  81  -1.563 270.0  30.0  986
12.750  987.5 -90  72  81   1.563 270.0  30.0  991
12.775  917.5  90  72  81   4.688   0.0   0.0  913
12.775  980.0  90  72  84  -1.563   0.0   0.0  986
12.775  987.5  90  72  81  -1.563 270.0  30.0  992
12.775  990.0  90  72  81  -1.563 270.0  30.0  987
12.800  980.0  90  72  81  -1.563   0.0   0.0  986
12.800  417.5 -90  72  81   4.688   0.0   0.0  417
12.825  245.0  90  72  81  -4.688   0.0   0.0  257
12.825  865.0  90  72  81   4.688   0.0   0.0  876
12.825  980.0  90  72  81  -1.563 270.0  30.0  988
12.825  990.0  90  72  81  -1.563 270.0  30.0  994
12.825  202.5 -90  72  81   4.688   0.0   0.0  196
12.825  987.5 -90  72  81  -1.563 270.0  30.0  990
12.850  170.0  90  72  81   4.688   0.0   0.0  155
12.850  172.5  90  72  81   1.563   0.0   0.0  165
12.850  187.5  90  72  81   1.563   0.0   0.0  184
12.850  190.0  90  72  81   4.688   0.0   0.0  196
12.850  197.5  90  72  84  -4.688   0.0   0.0  205
12.850  200.0  90  72  81  -1.563   0.0   0.0  205
12.850  215.0  90  72  81   4.688   0.0   0.0  204
12.850  232.5  90  72  81   1.563   0.0   0.0  238
12.850  235.0  90  72  84  -1.563   0.0   0.0  243
12.850  980.0  90  72  84  -1.563   0.0   0.0  988
12.850  987.5  90  72  81  -1.563 270.0  30.0  987
12.850  990.0  90  72  81  -1.563  90.0  30.0  979
12.850 1000.0  90  72  81  -4.688   0.0   0.0  993
12.850 1020.0  90  72  81   1.563   0.0   0.0 1006
12.850 1220.0  90  72  81   1.563   0.0   0.0 1217
12.875  227.5  90  72  81   4.688   0.0   0.0  225
12.875  980.0  90  72  84  -1.563   0.0   0.0  985
12.875  987.5  90  72  81  -1.563 210.0  30.0  981
12.875  990.0  90  72  81  -1.563  90.0  30.0  987
12.875 1082.5  90  72  81  -1.563 270.0  30.0 1091
12.875  987.5 -90  75  84  -1.563 270.0  30.0  975
12.900  987.5  90  72  81  -1.563  90.0  30.0  994
12.900  990.0  90  72  81  -1.563  90.0  30.0 1003
12.900  987.5 -90  72  84  -1.563 270.0  30.0  980
12.900  990.0 -90  72  81  -1.563 270.0  30.0 1001
12.925  167.5  90  72  81   4.688   0.0   0.0  161
12.925  232.5  90  72  81  -1.563   0.0   0.0  218
12.925  280.0  90  72  81   4.688   0.0   0.0  288
12.925  987.5  90  72  81  -1.563 270.0  30.0  985
12.925  990.0  90  72  81  -1.563 270.0  30.0  991
12.925 1082.5  90  72  81  -1.563 270.0  30.0 1088
12.925  212.5 -90  72  81  -4.688   0.0   0.0  203
12.925  222.5 -90  72  81   4.688   0.0   0.0  208
12.925  987.5 -90  72  84  -1.563 270.0  30.0  995
12.925  990.0 -90  72  84  -1.563 270.0  30.0  986
12.950  982.5  90  75  84  -1.563   0.0   0.0  989
12.950  152.5 -90  75  84   1.563   0.0   0.0  167
12.950  187.5 -90  75  84   4.688   0.0   0.0  174
12.950  235.0 -90  75  84  -4.688   0.0   0.0  222
12.950  987.5 -90  75  84  -1.563 270.0  30.0  987
12.975  107.5  90  78  87  -4.688 270.0  30.0  101
12.975 1207.5  90  78  87  -4.688   0.0   0.0 1202
