2023.03.28 (087) 00:00:00.000
Station name: EIELSON
URSI code: EI764
Ionosonde model: DPS-4D
  Freq  Range Pol MPA Amp Doppler    Az    Zn  PGH
 2.175 1237.5 -90  45  54  -1.563 999.0 999.0 1240
 2.550  117.5  90  45  54  -1.563   0.0   0.0  122
 2.575  117.5  90  45  54   1.563 999.0 999.0  121
 2.575  120.0  90  45  54  -1.563   0.0   0.0  122
 2.725  120.0  90  45  57  -1.563 999.0 999.0  125
 2.750  120.0  90  45  63  -1.563 999.0 999.0  124
 2.750  122.5  90  45  60   1.563 999.0 999.0  126
 2.775  120.0  90  42  57  -1.563   0.0   0.0  124
 2.775  122.5  90  42  60   1.563 999.0 999.0  124
 2.800  120.0  90  42  51   1.563   0.0   0.0  129
 2.800  122.5  90  42  57  -1.563   0.0   0.0  127
 2.800  125.0  90  42  54  -1.563 999.0 999.0  129
 2.800  127.5  90  42  51   1.563 999.0 999.0  130
 2.825  122.5  90  42  54   1.563 999.0 999.0  128
 2.825  125.0  90  42  54   1.563   0.0   0.0  130
 2.825  127.5  90  42  54  -1.563 999.0 999.0  131
 2.850  122.5  90  42  54   1.563   0.0   0.0  128
 2.850  125.0  90  42  51  -1.563 999.0 999.0  126
 2.850  127.5  90  42  51  -1.563   0.0   0.0  129
 2.850  130.0  90  42  51  -1.563 999.0 999.0  134
 2.875  127.5  90  42  54   1.563 999.0 999.0  130
 2.875  130.0  90  42  51   1.563   0.0   0.0  131
 2.900  127.5  90  42  51  -1.563   0.0   0.0  132
 2.925  130.0  90  42  51   1.563 210.0  30.0  137
 2.925  132.5  90  42  51  -1.563 150.0  30.0  139
 2.950  130.0  90  42  51   1.563   0.0   0.0  133
 2.950  132.5  90  42  51   1.563   0.0   0.0  137
 2.950  135.0  90  42  51   1.563 270.0  30.0  137
 2.950  137.5  90  42  51   1.563 999.0 999.0  142
 2.950  147.5  90  42  51  -1.563   0.0   0.0  152
 2.975  137.5  90  42  54  -1.563 999.0 999.0  140
 2.975  140.0  90  42  54  -1.563   0.0   0.0  145
 2.975  142.5  90  42  57   1.563 999.0 999.0  147
 2.975  145.0  90  42  57  -1.563   0.0   0.0  148
 2.975  147.5  90  42  54  -1.563   0.0   0.0  150
 3.000  137.5  90  42  51  -1.563 999.0 999.0  140
 3.000  142.5  90  42  57  -1.563 999.0 999.0  148
 3.000  145.0  90  42  60  -1.563 999.0 999.0  148
 3.000  147.5  90  42  51  -1.563 999.0 999.0  153
 3.025  137.5  90  42  57   1.563   0.0   0.0  141
 3.025  140.0  90  42  54  -1.563 270.0  30.0  144
 3.025  142.5  90  42  54  -1.563 999.0 999.0  148
 3.025  145.0  90  42  63   1.563   0.0   0.0  149
 3.025  147.5  90  42  60  -1.563   0.0   0.0  151
 3.025  150.0  90  42  54  -1.563   0.0   0.0  156
 3.025  152.5  90  42  51  -1.563   0.0   0.0  157
 3.050  137.5  90  42  51   1.563 270.0  30.0  144
 3.050  140.0  90  42  57  -1.563 999.0 999.0  143
 3.050  142.5  90  42  57  -1.563 999.0 999.0  146
 3.050  147.5  90  42  51   1.563 999.0 999.0  151
 3.050  150.0  90  42  57  -1.563   0.0   0.0  155
 3.050  152.5  90  42  57   1.563   0.0   0.0  156
 3.050  160.0  90  42  51  -1.563 999.0 999.0  164
 3.050  220.0  90  42  51   1.563  90.0  30.0  222
 3.075  145.0  90  42  51   1.563   0.0   0.0  149
 3.075  147.5  90  42  51  -1.563   0.0   0.0  152
 3.075  150.0  90  42  54  -1.563   0.0   0.0  155
 3.075  152.5  90  42  57  -1.563 999.0 999.0  156
 3.075  155.0  90  42  51   1.563 999.0 999.0  160
 3.075  160.0  90  42  54  -1.563   0.0   0.0  165
 3.075  185.0  90  42  51   1.563 999.0 999.0  187
 3.075  240.0  90  42  51  -1.563   0.0   0.0  244
 3.100  150.0  90  45  54   1.563   0.0   0.0  157
 3.100  160.0  90  45  54   1.563   0.0   0.0  166
 3.100  220.0  90  45  54   1.563   0.0   0.0  223
 3.125  235.0  90  51  60  -1.563 999.0 999.0  243
 3.125  242.5  90  51  60  -1.563   0.0   0.0  250
 3.125  247.5  90  51  60  -1.563 999.0 999.0  253
 3.150  755.0  90  54  63  -4.688 999.0 999.0  768
 3.150  757.5  90  54  63  -4.688 999.0 999.0  771
 3.150  760.0  90  54  63  -4.688 150.0  30.0  774
 3.175  215.0  90  54  63  -1.563 999.0 999.0  219
 3.175  217.5  90  54  63  -1.563 330.0  30.0  219
 3.200  217.5  90  51  60   1.563 999.0 999.0  219
 3.200  222.5  90  51  60   1.563 999.0 999.0  226
 3.225  210.0  90  51  60  -1.563 999.0 999.0  213
 3.225  215.0  90  51  63   1.563 999.0 999.0  220
 3.225  217.5  90  51  66   1.563 999.0 999.0  222
 3.225  220.0  90  51  60  -1.563   0.0   0.0  222
 3.225  232.5  90  51  60  -1.563 999.0 999.0  236
 3.250  205.0  90  45  54   1.563 150.0  30.0  210
 3.250  210.0  90  45  57  -1.563 999.0 999.0  215
 3.250  212.5  90  45  57  -1.563 999.0 999.0  218
 3.250  215.0  90  45  63   1.563   0.0   0.0  219
 3.250  217.5  90  45  66   1.563 999.0 999.0  221
 3.250  220.0  90  45  66   1.563 999.0 999.0  223
 3.250  222.5  90  45  57  -1.563   0.0   0.0  225
 3.250  225.0  90  45  63   1.563 999.0 999.0  229
 3.250  227.5  90  45  57   1.563   0.0   0.0  233
 3.250  230.0  90  45  57   1.563   0.0   0.0  232
 3.250  237.5  90  45  57  -1.563 999.0 999.0  244
 3.250  242.5  90  45  54   1.563   0.0   0.0  245
 3.275  205.0  90  42  54  -1.563 150.0  30.0  208
 3.275  207.5  90  42  60   1.563   0.0   0.0  212
 3.275  212.5  90  42  66   1.563 999.0 999.0  217
 3.275  215.0  90  42  57   1.563 999.0 999.0  218
 3.275  217.5  90  42  51  -1.563 999.0 999.0  224
 3.275  220.0  90  42  60  -1.563   0.0   0.0  225
 3.275  225.0  90  42  51   1.563 999.0 999.0  230
 3.275  227.5  90  42  51   1.563   0.0   0.0  233
 3.275  230.0  90  42  51   1.563 999.0 999.0  232
 3.275  232.5  90  42  57  -1.563 999.0 999.0  238
 3.275  235.0  90  42  54  -1.563 999.0 999.0  239
 3.275  240.0  90  42  51  -1.563   0.0   0.0  244
 3.275  242.5  90  42  54  -1.563 999.0 999.0  249
 3.275  245.0  90  42  57   1.563 999.0 999.0  250
 3.275  247.5  90  42  51   1.563   0.0   0.0  254
 3.300  207.5  90  42  51   1.563 999.0 999.0  213
 3.300  210.0  90  42  66   1.563   0.0   0.0  215
 3.300  212.5  90  42  66  -1.563   0.0   0.0  217
 3.300  215.0  90  42  66   1.563 999.0 999.0  218
 3.300  217.5  90  42  57   1.563 999.0 999.0  219
 3.300  220.0  90  42  57   1.563   0.0   0.0  223
 3.300  222.5  90  42  60   1.563   0.0   0.0  226
 3.300  225.0  90  42  54   1.563 999.0 999.0  227
 3.300  230.0  90  42  54   1.563 999.0 999.0  233
 3.300  232.5  90  42  57   1.563 999.0 999.0  236
 3.300  237.5  90  42  51   1.563 999.0 999.0  242
 3.300  240.0  90  42  54  -1.563 999.0 999.0  244
 3.300  242.5  90  42  51   1.563 999.0 999.0  246
 3.300  245.0  90  42  51   1.563   0.0   0.0  247
 3.300  252.5  90  42  51  -1.563 150.0  30.0  255
 3.325  205.0  90  42  54  -1.563 150.0  30.0  210
 3.325  207.5  90  42  57   1.563 999.0 999.0  211
 3.325  210.0  90  42  51   1.563 999.0 999.0  214
 3.325  212.5  90  42  66  -1.563   0.0   0.0  217
 3.325  215.0  90  42  54   1.563   0.0   0.0  216
 3.325  220.0  90  42  51   1.563 150.0  30.0  225
 3.325  222.5  90  42  60   1.563 999.0 999.0  226
 3.325  225.0  90  42  54   1.563 999.0 999.0  230
 3.325  227.5  90  42  57   1.563   0.0   0.0  231
 3.325  230.0  90  42  54   1.563 999.0 999.0  233
 3.325  232.5  90  42  51   1.563 150.0  30.0  235
 3.325  235.0  90  42  51   1.563  90.0  30.0  238
 3.325  240.0  90  42  54  -1.563 150.0  30.0  243
 3.325  242.5  90  42  54   1.563 999.0 999.0  246
 3.325  245.0  90  42  51  -1.563   0.0   0.0  250
 3.325  250.0  90  42  51  -1.563 999.0 999.0  256
 3.350  205.0  90  42  60   1.563   0.0   0.0  210
 3.350  207.5  90  42  63   1.563 999.0 999.0  211
 3.350  210.0  90  42  57  -1.563   0.0   0.0  215
 3.350  212.5  90  42  63   1.563 999.0 999.0  216
 3.350  215.0  90  42  60   1.563 999.0 999.0  219
 3.350  217.5  90  42  51   1.563 999.0 999.0  215
 3.350  220.0  90  42  63   1.563   0.0   0.0  224
 3.350  222.5  90  42  60  -1.563   0.0   0.0  226
 3.350  225.0  90  42  54   1.563 999.0 999.0  227
 3.350  227.5  90  42  54   1.563   0.0   0.0  230
 3.350  230.0  90  42  51  -1.563 999.0 999.0  236
 3.350  245.0  90  42  54   1.563 999.0 999.0  247
 3.350  247.5  90  42  51  -1.563 999.0 999.0  251
 3.350  252.5  90  42  51  -1.563   0.0   0.0  256
 3.350  272.5  90  42  51  -1.563   0.0   0.0  278
 3.375  205.0  90  42  57   1.563 999.0 999.0  210
 3.375  207.5  90  42  54   1.563   0.0   0.0  210
 3.375  210.0  90  42  66  -1.563   0.0   0.0  215
 3.375  212.5  90  42  69   1.563   0.0   0.0  216
 3.375  215.0  90  42  60   1.563   0.0   0.0  216
 3.375  217.5  90  42  57  -1.563   0.0   0.0  223
 3.375  220.0  90  42  60   1.563 999.0 999.0  223
 3.375  222.5  90  42  54   1.563 999.0 999.0  227
 3.375  225.0  90  42  57   1.563 999.0 999.0  228
 3.375  227.5  90  42  63   1.563 999.0 999.0  232
 3.375  230.0  90  42  60   1.563   0.0   0.0  233
 3.375  237.5  90  42  51   1.563 999.0 999.0  242
 3.375  245.0  90  42  51  -1.563   0.0   0.0  249
 3.375  247.5  90  42  51  -1.563   0.0   0.0  252
 3.375  250.0  90  42  51   1.563 999.0 999.0  255
 3.375  252.5  90  42  51   1.563 999.0 999.0  256
 3.375  255.0  90  42  51  -1.563   0.0   0.0  259
 3.400  205.0  90  42  51  -1.563   0.0   0.0  209
 3.400  207.5  90  42  60   1.563 999.0 999.0  213
 3.400  210.0  90  42  66  -1.563 999.0 999.0  214
 3.400  212.5  90  42  54   4.688 999.0 999.0  217
 3.400  215.0  90  42  57   1.563 999.0 999.0  219
 3.400  217.5  90  42  66   1.563   0.0   0.0  220
 3.400  220.0  90  42  54   1.563   0.0   0.0  224
 3.400  222.5  90  42  60   1.563 999.0 999.0  226
 3.400  225.0  90  42  57  -1.563 999.0 999.0  229
 3.400  227.5  90  42  57  -1.563   0.0   0.0  233
 3.400  230.0  90  42  51  -1.563   0.0   0.0  234
 3.400  235.0  90  42  51   1.563   0.0   0.0  237
 3.400  240.0  90  42  51   1.563 999.0 999.0  245
 3.425  207.5  90  42  57  -1.563   0.0   0.0  212
 3.425  210.0  90  42  60   1.563 999.0 999.0  213
 3.425  212.5  90  42  66   1.563 999.0 999.0  216
 3.425  215.0  90  42  66   1.563   0.0   0.0  217
 3.425  217.5  90  42  66   1.563 999.0 999.0  221
 3.425  220.0  90  42  66   1.563 999.0 999.0  221
 3.425  222.5  90  42  57   1.563 999.0 999.0  224
 3.425  225.0  90  42  57   1.563 999.0 999.0  229
 3.425  227.5  90  42  57   1.563   0.0   0.0  229
 3.425  232.5  90  42  51   1.563 999.0 999.0  234
 3.425  235.0  90  42  51   1.563 999.0 999.0  234
 3.425  237.5  90  42  51   1.563 999.0 999.0  240
 3.425  242.5  90  42  51   1.563 999.0 999.0  246
 3.425  245.0  90  42  51  -1.563 999.0 999.0  248
 3.425  250.0  90  42  51  -1.563 999.0 999.0  255
 3.450  207.5  90  42  57  -1.563   0.0   0.0  212
 3.450  212.5  90  42  66   1.563 999.0 999.0  216
 3.450  215.0  90  42  60   1.563 999.0 999.0  215
 3.450  217.5  90  42  63   1.563 999.0 999.0  222
 3.450  220.0  90  42  69   1.563 999.0 999.0  224
 3.450  222.5  90  42  60   1.563 999.0 999.0  225
 3.450  225.0  90  42  57   1.563 999.0 999.0  227
 3.450  227.5  90  42  57   1.563   0.0   0.0  231
 3.450  230.0  90  42  51   1.563 150.0  30.0  234
 3.450  232.5  90  42  57   1.563 999.0 999.0  236
 3.450  237.5  90  42  51   1.563 999.0 999.0  241
 3.450  240.0  90  42  57   1.563 999.0 999.0  244
 3.450  242.5  90  42  54   1.563 999.0 999.0  246
 3.450  245.0  90  42  54   1.563 999.0 999.0  249
 3.450  250.0  90  42  54  -1.563 999.0 999.0  255
 3.475  207.5  90  42  54  -1.563   0.0   0.0  213
 3.475  210.0  90  42  54  -1.563   0.0   0.0  215
 3.475  215.0  90  42  60  -1.563   0.0   0.0  221
 3.475  217.5  90  42  63   1.563   0.0   0.0  222
 3.475  220.0  90  42  63   1.563 999.0 999.0  224
 3.475  222.5  90  42  60   1.563 999.0 999.0  227
 3.475  225.0  90  42  51   1.563   0.0   0.0  227
 3.475  227.5  90  42  57  -1.563   0.0   0.0  233
 3.475  237.5  90  42  54   1.563 999.0 999.0  242
 3.475  240.0  90  42  54  -1.563 999.0 999.0  248
 3.475  242.5  90  42  51  -1.563 999.0 999.0  249
 3.500  207.5  90  42  51  -1.563 999.0 999.0  213
 3.500  210.0  90  42  51   1.563 999.0 999.0  215
 3.500  212.5  90  42  57   1.563   0.0   0.0  217
 3.500  215.0  90  42  54  -1.563 999.0 999.0  220
 3.500  217.5  90  42  57   1.563 999.0 999.0  223
 3.500  220.0  90  42  54   1.563 999.0 999.0  221
 3.500  222.5  90  42  60   1.563 999.0 999.0  224
 3.500  225.0  90  42  51  -1.563   0.0   0.0  232
 3.500  227.5  90  42  51   1.563 999.0 999.0  229
 3.500  232.5  90  42  57   1.563   0.0   0.0  237
 3.500  235.0  90  42  57  -1.563   0.0   0.0  238
 3.500  240.0  90  42  57  -1.563   0.0   0.0  245
 3.500  242.5  90  42  54   1.563   0.0   0.0  245
 3.500  245.0  90  42  51   1.563   0.0   0.0  248
 3.500  247.5  90  42  54   1.563 999.0 999.0  249
 3.500  250.0  90  42  51   1.563  90.0  30.0  254
 3.525  210.0  90  42  51   1.563   0.0   0.0  213
 3.525  212.5  90  42  66   1.563   0.0   0.0  217
 3.525  215.0  90  42  66  -1.563   0.0   0.0  218
 3.525  217.5  90  42  54   4.688 999.0 999.0  219
 3.525  220.0  90  42  63   1.563 999.0 999.0  222
 3.525  222.5  90  42  60   1.563 999.0 999.0  225
 3.525  225.0  90  42  63   1.563   0.0   0.0  228
 3.525  227.5  90  42  51   1.563 270.0  30.0  230
 3.525  230.0  90  42  51   1.563 999.0 999.0  232
 3.525  232.5  90  42  51   1.563 999.0 999.0  234
 3.525  235.0  90  42  54  -1.563   0.0   0.0  238
 3.525  237.5  90  42  51  -1.563   0.0   0.0  242
 3.525  240.0  90  42  51  -1.563   0.0   0.0  243
 3.525  242.5  90  42  54   1.563 999.0 999.0  245
 3.525  245.0  90  42  51  -1.563 999.0 999.0  248
 3.525  250.0  90  42  51   1.563 999.0 999.0  254
 3.550  212.5  90  42  51  -1.563   0.0   0.0  218
 3.550  215.0  90  42  54  -1.563  90.0  30.0  221
 3.550  217.5  90  42  60   1.563 999.0 999.0  220
 3.550  220.0  90  42  60   1.563 999.0 999.0  223
 3.550  222.5  90  42  54  -1.563   0.0   0.0  228
 3.550  225.0  90  42  60   1.563 999.0 999.0  227
 3.550  230.0  90  42  51   1.563 999.0 999.0  231
 3.550  232.5  90  42  51  -1.563 999.0 999.0  239
 3.550  235.0  90  42  54  -1.563   0.0   0.0  241
 3.550  237.5  90  42  51   1.563 270.0  30.0  241
 3.550  242.5  90  42  54  -1.563 999.0 999.0  247
 3.550  245.0  90  42  51   1.563 999.0 999.0  248
 3.550  250.0  90  42  51  -1.563 150.0  30.0  255
 3.575  212.5  90  42  51   1.563   0.0   0.0  218
 3.575  215.0  90  42  60   1.563   0.0   0.0  220
 3.575  217.5  90  42  66   1.563   0.0   0.0  221
 3.575  220.0  90  42  66   1.563 999.0 999.0  223
 3.575  222.5  90  42  63   1.563 999.0 999.0  226
 3.575  225.0  90  42  60  -1.563 999.0 999.0  231
 3.575  227.5  90  42  60  -1.563 999.0 999.0  231
 3.575  230.0  90  42  54  -1.563  90.0  30.0  235
 3.575  232.5  90  42  51  -1.563 999.0 999.0  235
 3.575  235.0  90  42  57  -1.563   0.0   0.0  240
 3.575  237.5  90  42  51  -1.563   0.0   0.0  243
 3.575  242.5  90  42  54   1.563 999.0 999.0  247
 3.575  255.0  90  42  51   1.563  90.0  30.0  259
 3.600  215.0  90  42  54   1.563   0.0   0.0  220
 3.600  217.5  90  42  60  -1.563 999.0 999.0  224
 3.600  220.0  90  42  63   1.563   0.0   0.0  223
 3.600  222.5  90  42  66   1.563 999.0 999.0  226
 3.600  225.0  90  42  66   1.563   0.0   0.0  229
 3.600  227.5  90  42  57  -1.563   0.0   0.0  229
 3.600  230.0  90  42  60   1.563 999.0 999.0  235
 3.600  232.5  90  42  60   1.563 999.0 999.0  236
 3.600  235.0  90  42  57   1.563 999.0 999.0  239
 3.600  242.5  90  42  54   1.563 999.0 999.0  246
 3.600  250.0  90  42  51   1.563   0.0   0.0  254
 3.600  252.5  90  42  51  -1.563   0.0   0.0  256
 3.625  215.0  90  42  54  -1.563   0.0   0.0  221
 3.625  217.5  90  42  66  -1.563   0.0   0.0  222
 3.625  220.0  90  42  63   1.563   0.0   0.0  224
 3.625  222.5  90  42  66   1.563 999.0 999.0  225
 3.625  225.0  90  42  54   1.563 999.0 999.0  225
 3.625  230.0  90  42  57  -1.563 999.0 999.0  234
 3.625  232.5  90  42  60   1.563 999.0 999.0  236
 3.625  235.0  90  42  54  -1.563   0.0   0.0  240
 3.625  240.0  90  42  57   1.563   0.0   0.0  243
 3.625  242.5  90  42  51  -1.563 999.0 999.0  250
 3.625  245.0  90  42  51  -1.563   0.0   0.0  249
 3.625  247.5  90  42  51   1.563   0.0   0.0  251
 3.625  250.0  90  42  51   1.563   0.0   0.0  253
 3.650  222.5  90  45  60   1.563 999.0 999.0  227
 3.650  225.0  90  45  57   1.563 330.0  30.0  226
 3.650  227.5  90  45  57   1.563 999.0 999.0  229
 3.650  230.0  90  45  60   1.563   0.0   0.0  235
 3.650  232.5  90  45  60   1.563   0.0   0.0  235
 3.650  235.0  90  45  57   1.563   0.0   0.0  240
 3.650  237.5  90  45  54   1.563 999.0 999.0  241
 3.650  240.0  90  45  54   1.563 999.0 999.0  245
 3.650  242.5  90  45  57  -1.563 999.0 999.0  246
 3.675  222.5  90  48  57  -1.563 150.0  30.0  227
 3.675  225.0  90  48  63   1.563 999.0 999.0  229
 3.675  227.5  90  48  60   1.563 999.0 999.0  231
 3.675  230.0  90  48  57   1.563 999.0 999.0  233
 3.675  235.0  90  48  57   1.563 999.0 999.0  239
 3.675  237.5  90  48  57   1.563 999.0 999.0  240
 3.700  220.0  90  42  51  -1.563 999.0 999.0  226
 3.700  222.5  90  42  60   1.563 999.0 999.0  227
 3.700  225.0  90  42  54   1.563   0.0   0.0  228
 3.700  230.0  90  42  57   1.563   0.0   0.0  234
 3.700  232.5  90  42  54  -1.563   0.0   0.0  236
 3.700  235.0  90  42  51   1.563 150.0  30.0  238
 3.700  237.5  90  42  57   1.563 999.0 999.0  242
 3.700  247.5  90  42  54   1.563 999.0 999.0  252
 3.700  250.0  90  42  51   1.563 999.0 999.0  254
 3.700  252.5  90  42  54   1.563   0.0   0.0  256
 3.700  255.0  90  42  54  -1.563   0.0   0.0  258
 3.725  225.0  90  42  60   1.563   0.0   0.0  229
 3.725  227.5  90  42  54   1.563 999.0 999.0  231
 3.725  230.0  90  42  57   1.563   0.0   0.0  231
 3.725  232.5  90  42  51   1.563 999.0 999.0  235
 3.725  235.0  90  42  57  -1.563   0.0   0.0  242
 3.725  237.5  90  42  54   1.563   0.0   0.0  239
 3.725  240.0  90  42  51   1.563   0.0   0.0  242
 3.725  242.5  90  42  51   1.563 999.0 999.0  248
 3.725  245.0  90  42  51  -1.563 150.0  30.0  251
 3.725  252.5  90  42  54  -1.563 999.0 999.0  257
 3.725  255.0  90  42  54   1.563 150.0  30.0  259
 3.750  225.0  90  45  60  -1.563 999.0 999.0  230
 3.750  227.5  90  45  57  -1.563   0.0   0.0  232
 3.750  230.0  90  45  60   1.563   0.0   0.0  234
 3.750  235.0  90  45  57   1.563   0.0   0.0  241
 3.750  237.5  90  45  60   1.563 999.0 999.0  241
 3.750  240.0  90  45  57   1.563 999.0 999.0  243
 3.750  245.0  90  45  54   1.563 999.0 999.0  250
 3.750  247.5  90  45  57   1.563 999.0 999.0  252
 3.750  255.0  90  45  54  -1.563 999.0 999.0  259
 3.775  227.5  90  45  57   1.563   0.0   0.0  231
 3.775  230.0  90  45  57  -1.563   0.0   0.0  236
 3.775  232.5  90  45  60  -1.563   0.0   0.0  236
 3.775  237.5  90  45  54   1.563   0.0   0.0  244
 3.775  240.0  90  45  60   1.563 999.0 999.0  243
 3.775  242.5  90  45  57   1.563   0.0   0.0  247
 3.775  245.0  90  45  57  -1.563 999.0 999.0  248
 3.775  247.5  90  45  57   1.563 999.0 999.0  252
 3.775  250.0  90  45  57   1.563 999.0 999.0  253
 3.800  225.0  90  39  54   1.563   0.0   0.0  229
 3.800  230.0  90  39  57   1.563 999.0 999.0  235
 3.800  232.5  90  39  60   1.563 999.0 999.0  236
 3.800  235.0  90  39  57   1.563 999.0 999.0  238
 3.800  237.5  90  39  54  -1.563   0.0   0.0  242
 3.800  240.0  90  39  57   1.563   0.0   0.0  243
 3.800  242.5  90  39  57   1.563 999.0 999.0  246
 3.800  245.0  90  39  48   1.563 999.0 999.0  247
 3.800  247.5  90  39  51  -1.563 999.0 999.0  252
 3.800  250.0  90  39  51   1.563 999.0 999.0  254
 3.800  252.5  90  39  54   1.563   0.0   0.0  255
 3.800  255.0  90  39  48   1.563 999.0 999.0  258
 3.800  260.0  90  39  54   1.563 999.0 999.0  264
 3.825  227.5  90  39  51   1.563   0.0   0.0  231
 3.825  230.0  90  39  54   1.563 999.0 999.0  233
 3.825  232.5  90  39  51  -1.563 999.0 999.0  237
 3.825  235.0  90  39  57   1.563   0.0   0.0  239
 3.825  237.5  90  39  48  -1.563   0.0   0.0  249
 3.825  240.0  90  39  54  -1.563   0.0   0.0  244
 3.825  242.5  90  39  57   1.563   0.0   0.0  246
 3.825  245.0  90  39  54   1.563 999.0 999.0  248
 3.825  247.5  90  39  51   1.563 999.0 999.0  250
 3.825  252.5  90  39  48  -1.563 999.0 999.0  257
 3.825  255.0  90  39  51   1.563 999.0 999.0  259
 3.825  257.5  90  39  51   1.563 999.0 999.0  261
 3.850  225.0  90  39  48   1.563 999.0 999.0  230
 3.850  227.5  90  39  48   1.563   0.0   0.0  231
 3.850  230.0  90  39  48   1.563 999.0 999.0  235
 3.850  232.5  90  39  57   1.563 999.0 999.0  236
 3.850  235.0  90  39  60   1.563 999.0 999.0  239
 3.850  237.5  90  39  60  -1.563 999.0 999.0  241
 3.850  240.0  90  39  48  -1.563   0.0   0.0  241
 3.850  242.5  90  39  51  -1.563 999.0 999.0  249
 3.850  245.0  90  39  57   1.563 999.0 999.0  249
 3.850  247.5  90  39  48   1.563 999.0 999.0  252
 3.850  252.5  90  39  54  -1.563   0.0   0.0  255
 3.850  257.5  90  39  54   1.563 999.0 999.0  262
 3.850  260.0  90  39  57   1.563 999.0 999.0  264
 3.850  262.5  90  39  54  -1.563   0.0   0.0  268
 3.850  265.0  90  39  54  -1.563 999.0 999.0  269
 3.850  267.5  90  39  48  -1.563 999.0 999.0  271
 3.875  227.5  90  39  48  -1.563 999.0 999.0  233
 3.875  232.5  90  39  51  -1.563   0.0   0.0  239
 3.875  235.0  90  39  57   1.563   0.0   0.0  239
 3.875  237.5  90  39  57   1.563   0.0   0.0  241
 3.875  240.0  90  39  60   1.563 999.0 999.0  244
 3.875  242.5  90  39  57  -1.563   0.0   0.0  245
 3.875  245.0  90  39  48  -1.563 999.0 999.0  246
 3.875  247.5  90  39  48  -1.563   0.0   0.0  253
 3.875  250.0  90  39  48   1.563   0.0   0.0  252
 3.875  252.5  90  39  48  -1.563 150.0  30.0  261
 3.875  255.0  90  39  48   1.563 999.0 999.0  256
 3.875  257.5  90  39  54   1.563 999.0 999.0  264
 3.875  260.0  90  39  51   1.563 210.0  30.0  262
 3.875  265.0  90  39  48  -1.563 999.0 999.0  269
 3.875  270.0  90  39  48   1.563   0.0   0.0  274
 3.875  272.5  90  39  48  -1.563 150.0  30.0  274
 3.900  230.0  90  39  48   1.563   0.0   0.0  232
 3.900  232.5  90  39  51   1.563   0.0   0.0  236
 3.900  235.0  90  39  54  -1.563 999.0 999.0  240
 3.900  237.5  90  39  51   1.563 999.0 999.0  239
 3.900  240.0  90  39  60  -1.563   0.0   0.0  246
 3.900  242.5  90  39  60   1.563 999.0 999.0  246
 3.900  245.0  90  39  51   1.563 999.0 999.0  250
 3.900  247.5  90  39  57   1.563 999.0 999.0  252
 3.900  250.0  90  39  57   1.563   0.0   0.0  255
 3.900  252.5  90  39  54  -1.563 999.0 999.0  255
 3.900  255.0  90  39  54   1.563   0.0   0.0  260
 3.900  257.5  90  39  60   1.563 999.0 999.0  261
 3.900  260.0  90  39  54   1.563 999.0 999.0  263
 3.900  262.5  90  39  51   1.563   0.0   0.0  266
 3.900  272.5  90  39  48  -1.563   0.0   0.0  277
 3.900  275.0  90  39  48   1.563 999.0 999.0  277
 3.925  232.5  90  39  48   1.563   0.0   0.0  236
 3.925  235.0  90  39  54   1.563   0.0   0.0  238
 3.925  237.5  90  39  54  -1.563   0.0   0.0  242
 3.925  240.0  90  39  51  -1.563   0.0   0.0  247
 3.925  242.5  90  39  60  -1.563 999.0 999.0  247
 3.925  245.0  90  39  48   1.563 999.0 999.0  245
 3.925  247.5  90  39  48   1.563 330.0  30.0  250
 3.925  250.0  90  39  54  -1.563   0.0   0.0  255
 3.925  252.5  90  39  54   1.563 999.0 999.0  255
 3.925  255.0  90  39  51  -1.563   0.0   0.0  258
 3.925  257.5  90  39  51   1.563 999.0 999.0  263
 3.925  260.0  90  39  51   1.563   0.0   0.0  265
 3.925  262.5  90  39  51   1.563 999.0 999.0  262
 3.925  265.0  90  39  48  -1.563   0.0   0.0  269
 3.925  267.5  90  39  48  -1.563 999.0 999.0  272
 3.925  275.0  90  39  48   1.563   0.0   0.0  277
 3.950  235.0  90  39  51   1.563 999.0 999.0  240
 3.950  237.5  90  39  51   1.563   0.0   0.0  243
 3.950  240.0  90  39  54  -1.563   0.0   0.0  245
 3.950  242.5  90  39  54  -1.563   0.0   0.0  247
 3.950  245.0  90  39  51   1.563 999.0 999.0  247
 3.950  247.5  90  39  51  -1.563 999.0 999.0  253
 3.950  250.0  90  39  54   1.563 999.0 999.0  254
 3.950  252.5  90  39  51  -1.563 999.0 999.0  257
 3.950  255.0  90  39  51   1.563   0.0   0.0  257
 3.950  262.5  90  39  48  -1.563 999.0 999.0  266
 3.950  265.0  90  39  51   1.563   0.0   0.0  269
 3.950  267.5  90  39  51  -1.563 999.0 999.0  273
 3.950  270.0  90  39  51   1.563   0.0   0.0  273
 3.950  272.5  90  39  48   1.563   0.0   0.0  276
 3.975  232.5  90  39  51   1.563   0.0   0.0  237
 3.975  235.0  90  39  54  -1.563 999.0 999.0  240
 3.975  240.0  90  39  54  -1.563   0.0   0.0  244
 3.975  242.5  90  39  54  -1.563 999.0 999.0  248
 3.975  245.0  90  39  54  -1.563   0.0   0.0  250
 3.975  247.5  90  39  48   1.563 999.0 999.0  250
 3.975  250.0  90  39  51  -1.563  90.0  30.0  255
 3.975  252.5  90  39  51   1.563   0.0   0.0  258
 3.975  255.0  90  39  48  -1.563 999.0 999.0  259
 3.975  257.5  90  39  51   1.563   0.0   0.0  259
 3.975  260.0  90  39  48   1.563 150.0  30.0  262
 3.975  265.0  90  39  48   1.563 150.0  30.0  269
 3.975  270.0  90  39  48  -1.563   0.0   0.0  273
 4.000  235.0  90  39  51   1.563 999.0 999.0  239
 4.000  237.5  90  39  54   1.563   0.0   0.0  243
 4.000  240.0  90  39  60   1.563   0.0   0.0  244
 4.000  242.5  90  39  57   1.563   0.0   0.0  247
 4.000  245.0  90  39  57  -1.563   0.0   0.0  249
 4.000  247.5  90  39  48   1.563 999.0 999.0  250
 4.000  250.0  90  39  54  -1.563   0.0   0.0  256
 4.000  252.5  90  39  54  -1.563   0.0   0.0  257
 4.000  255.0  90  39  51   1.563 999.0 999.0  260
 4.000  257.5  90  39  54  -1.563 999.0 999.0  260
 4.000  260.0  90  39  48   1.563 999.0 999.0  263
 4.000  262.5  90  39  51  -1.563   0.0   0.0  267
 4.000  265.0  90  39  54   1.563 999.0 999.0  268
 4.025  235.0  90  36  51   1.563 999.0 999.0  240
 4.025  237.5  90  36  54   1.563 999.0 999.0  242
 4.025  240.0  90  36  57  -1.563 999.0 999.0  244
 4.025  242.5  90  36  54  -1.563 999.0 999.0  247
 4.025  245.0  90  36  48  -1.563 999.0 999.0  248
 4.025  247.5  90  36  51  -1.563   0.0   0.0  252
 4.025  250.0  90  36  54   1.563   0.0   0.0  254
 4.025  252.5  90  36  51   1.563 999.0 999.0  258
 4.025  255.0  90  36  54   1.563 999.0 999.0  259
 4.025  257.5  90  36  45  -1.563 999.0 999.0  264
 4.025  260.0  90  36  45  -1.563 999.0 999.0  264
 4.025  262.5  90  36  54   1.563   0.0   0.0  266
 4.025  265.0  90  36  45   1.563   0.0   0.0  269
 4.025  270.0  90  36  45  -1.563 999.0 999.0  277
 4.025  275.0  90  36  45  -1.563   0.0   0.0  278
 4.050  232.5  90  36  48   1.563   0.0   0.0  238
 4.050  235.0  90  36  51   1.563 999.0 999.0  239
 4.050  237.5  90  36  48  -1.563 999.0 999.0  242
 4.050  240.0  90  36  45  -1.563   0.0   0.0  247
 4.050  242.5  90  36  48   1.563   0.0   0.0  245
 4.050  245.0  90  36  54  -1.563   0.0   0.0  249
 4.050  250.0  90  36  51   1.563 999.0 999.0  254
 4.050  252.5  90  36  48  -1.563   0.0   0.0  257
 4.050  255.0  90  36  54   1.563   0.0   0.0  259
 4.050  257.5  90  36  54   1.563 999.0 999.0  261
 4.050  260.0  90  36  54   1.563   0.0   0.0  264
 4.050  262.5  90  36  51  -1.563   0.0   0.0  267
 4.050  265.0  90  36  45   1.563  90.0  30.0  270
 4.050  267.5  90  36  45   1.563   0.0   0.0  273
 4.050  270.0  90  36  45  -1.563   0.0   0.0  272
 4.050  275.0  90  36  45   1.563 999.0 999.0  280
 4.075  235.0  90  36  45  -1.563 999.0 999.0  238
 4.075  237.5  90  36  45  -1.563 999.0 999.0  241
 4.075  240.0  90  36  45   1.563   0.0   0.0  245
 4.075  242.5  90  36  45  -1.563   0.0   0.0  248
 4.075  245.0  90  36  48  -1.563   0.0   0.0  250
 4.075  247.5  90  36  51  -1.563   0.0   0.0  252
 4.075  252.5  90  36  45   1.563 330.0  30.0  256
 4.075  255.0  90  36  48   1.563  90.0  30.0  258
 4.075  257.5  90  36  48   1.563 999.0 999.0  261
 4.075  260.0  90  36  51  -1.563   0.0   0.0  266
 4.075  262.5  90  36  54   1.563 999.0 999.0  266
 4.075  265.0  90  36  48   1.563 150.0  30.0  268
 4.075  270.0  90  36  45   1.563   0.0   0.0  276
 4.075  272.5  90  36  51  -1.563 999.0 999.0  277
 4.075  277.5  90  36  45  -1.563 150.0  30.0  283
 4.100  237.5  90  36  54   1.563 999.0 999.0  243
 4.100  240.0  90  36  57   1.563 999.0 999.0  243
 4.100  242.5  90  36  60   1.563 999.0 999.0  246
 4.100  247.5  90  36  48   1.563 999.0 999.0  253
 4.100  250.0  90  36  54  -1.563 999.0 999.0  255
 4.100  252.5  90  36  60   1.563   0.0   0.0  257
 4.100  255.0  90  36  57   1.563   0.0   0.0  259
 4.100  257.5  90  36  54  -1.563 999.0 999.0  264
 4.100  260.0  90  36  54   1.563 999.0 999.0  262
 4.100  262.5  90  36  57   1.563   0.0   0.0  266
 4.100  265.0  90  36  51  -1.563 999.0 999.0  270
 4.100  267.5  90  36  54   1.563   0.0   0.0  272
 4.100  272.5  90  36  51  -1.563   0.0   0.0  275
 4.100  277.5  90  36  51   1.563   0.0   0.0  283
 4.125  235.0  90  36  45   1.563   0.0   0.0  237
 4.125  237.5  90  36  48   1.563 999.0 999.0  239
 4.125  240.0  90  36  60   1.563 999.0 999.0  245
 4.125  242.5  90  36  63   1.563 999.0 999.0  246
 4.125  245.0  90  36  48   1.563   0.0   0.0  249
 4.125  247.5  90  36  63   1.563 999.0 999.0  252
 4.125  250.0  90  36  60  -1.563   0.0   0.0  254
 4.125  252.5  90  36  57  -1.563   0.0   0.0  256
 4.125  255.0  90  36  60  -1.563 999.0 999.0  260
 4.125  257.5  90  36  69   1.563 999.0 999.0  262
 4.125  260.0  90  36  66   1.563 999.0 999.0  263
 4.125  262.5  90  36  57   1.563 999.0 999.0  266
 4.125  265.0  90  36  51   1.563 999.0 999.0  269
 4.125  267.5  90  36  57  -1.563   0.0   0.0  272
 4.125  270.0  90  36  51  -1.563   0.0   0.0  274
 4.125  272.5  90  36  48   1.563   0.0   0.0  275
 4.125  277.5  90  36  51  -1.563   0.0   0.0  284
 4.150  235.0  90  36  51   1.563 999.0 999.0  239
 4.150  237.5  90  36  51   1.563 999.0 999.0  241
 4.150  240.0  90  36  57   1.563 999.0 999.0  245
 4.150  242.5  90  36  54   1.563 999.0 999.0  245
 4.150  245.0  90  36  54  -1.563 999.0 999.0  250
 4.150  247.5  90  36  60  -1.563 999.0 999.0  253
 4.150  250.0  90  36  60  -1.563   0.0   0.0  254
 4.150  252.5  90  36  57  -1.563   0.0   0.0  257
 4.150  255.0  90  36  45   1.563  90.0  30.0  255
 4.150  257.5  90  36  63   1.563 999.0 999.0  262
 4.150  260.0  90  36  60   1.563 999.0 999.0  263
 4.150  262.5  90  36  54   1.563 999.0 999.0  268
 4.150  265.0  90  36  51  -1.563 999.0 999.0  269
 4.150  267.5  90  36  54   1.563   0.0   0.0  272
 4.150  270.0  90  36  51   1.563 999.0 999.0  273
 4.150  272.5  90  36  51  -1.563   0.0   0.0  276
 4.150  275.0  90  36  45  -1.563 150.0  30.0  282
 4.150  277.5  90  36  48   1.563   0.0   0.0  283
 4.150  280.0  90  36  48  -1.563   0.0   0.0  285
 4.175  240.0  90  39  57   1.563 999.0 999.0  244
 4.175  245.0  90  39  57   1.563 999.0 999.0  250
 4.175  247.5  90  39  54  -1.563   0.0   0.0  253
 4.175  250.0  90  39  63  -1.563   0.0   0.0  255
 4.175  252.5  90  39  57  -1.563 999.0 999.0  256
 4.175  255.0  90  39  48  -1.563   0.0   0.0  262
 4.175  257.5  90  39  66   1.563 999.0 999.0  262
 4.175  260.0  90  39  63  -1.563   0.0   0.0  264
 4.175  262.5  90  39  51  -1.563 999.0 999.0  266
 4.175  265.0  90  39  57  -1.563 999.0 999.0  270
 4.175  267.5  90  39  57  -1.563 999.0 999.0  272
 4.175  270.0  90  39  48   1.563   0.0   0.0  273
 4.175  272.5  90  39  48   1.563 150.0  30.0  276
 4.200  237.5  90  42  51   1.563   0.0   0.0  241
 4.200  240.0  90  42  60   1.563 999.0 999.0  245
 4.200  242.5  90  42  60   1.563 999.0 999.0  246
 4.200  247.5  90  42  51   1.563   0.0   0.0  257
 4.200  250.0  90  42  54  -1.563 999.0 999.0  253
 4.200  255.0  90  42  57  -1.563   0.0   0.0  261
 4.200  257.5  90  42  60   1.563 999.0 999.0  263
 4.200  260.0  90  42  60  -1.563   0.0   0.0  264
 4.200  262.5  90  42  57  -1.563 999.0 999.0  265
 4.200  265.0  90  42  57   1.563 999.0 999.0  269
 4.200  267.5  90  42  57   1.563 999.0 999.0  271
 4.225  240.0  90  39  48   1.563   0.0   0.0  249
 4.225  242.5  90  39  60   1.563   0.0   0.0  246
 4.225  247.5  90  39  48  -1.563 999.0 999.0  252
 4.225  250.0  90  39  57   1.563   0.0   0.0  256
 4.225  252.5  90  39  60  -1.563   0.0   0.0  256
 4.225  255.0  90  39  63  -1.563   0.0   0.0  260
 4.225  257.5  90  39  57  -1.563 999.0 999.0  261
 4.225  260.0  90  39  57   1.563 999.0 999.0  265
 4.225  262.5  90  39  60   1.563 999.0 999.0  267
 4.225  265.0  90  39  60  -1.563   0.0   0.0  268
 4.225  267.5  90  39  48   1.563 150.0  30.0  273
 4.225  275.0  90  39  51  -1.563   0.0   0.0  280
 4.225  277.5  90  39  51  -1.563   0.0   0.0  282
 4.250  240.0  90  36  51   1.563 999.0 999.0  246
 4.250  242.5  90  36  60   1.563 999.0 999.0  247
 4.250  245.0  90  36  54   1.563 999.0 999.0  247
 4.250  250.0  90  36  57  -1.563   0.0   0.0  255
 4.250  252.5  90  36  63  -1.563   0.0   0.0  257
 4.250  255.0  90  36  54  -1.563 999.0 999.0  263
 4.250  257.5  90  36  57  -1.563   0.0   0.0  260
 4.250  260.0  90  36  60   1.563 999.0 999.0  264
 4.250  262.5  90  36  60   1.563 999.0 999.0  266
 4.250  265.0  90  36  51   1.563  90.0  30.0  263
 4.250  267.5  90  36  51  -1.563 999.0 999.0  276
 4.250  270.0  90  36  48  -1.563   0.0   0.0  273
 4.250  272.5  90  36  48  -1.563   0.0   0.0  281
 4.250  275.0  90  36  45  -1.563   0.0   0.0  278
 4.250  277.5  90  36  48  -1.563   0.0   0.0  281
 4.275  242.5  90  39  57   1.563 999.0 999.0  246
 4.275  245.0  90  39  57   1.563 999.0 999.0  249
 4.275  250.0  90  39  48   1.563 999.0 999.0  260
 4.275  252.5  90  39  54   1.563 270.0  30.0  256
 4.275  255.0  90  39  57   1.563 999.0 999.0  260
 4.275  257.5  90  39  57  -1.563   0.0   0.0  261
 4.275  260.0  90  39  63   1.563   0.0   0.0  265
 4.275  262.5  90  39  60  -1.563 999.0 999.0  266
 4.275  265.0  90  39  57   1.563 999.0 999.0  268
 4.275  267.5  90  39  54  -1.563   0.0   0.0  273
 4.275  270.0  90  39  57  -1.563 999.0 999.0  274
 4.275  272.5  90  39  48   1.563 999.0 999.0  275
 4.275  277.5  90  39  51  -1.563   0.0   0.0  281
 4.300  242.5  90  39  48   1.563 999.0 999.0  245
 4.300  245.0  90  39  57   1.563   0.0   0.0  249
 4.300  250.0  90  39  51   1.563   0.0   0.0  254
 4.300  252.5  90  39  54   1.563   0.0   0.0  257
 4.300  255.0  90  39  57  -1.563 999.0 999.0  260
 4.300  257.5  90  39  60  -1.563   0.0   0.0  262
 4.300  260.0  90  39  57  -1.563 999.0 999.0  267
 4.300  262.5  90  39  60   1.563 999.0 999.0  265
 4.300  265.0  90  39  60   1.563 999.0 999.0  268
 4.300  267.5  90  39  60   1.563 999.0 999.0  271
 4.300  270.0  90  39  51  -1.563 999.0 999.0  278
 4.300  272.5  90  39  51  -1.563 999.0 999.0  276
 4.325  245.0  90  36  54   1.563 999.0 999.0  250
 4.325  247.5  90  36  48   1.563 999.0 999.0  249
 4.325  250.0  90  36  51   1.563 999.0 999.0  255
 4.325  252.5  90  36  54  -1.563   0.0   0.0  257
 4.325  255.0  90  36  60  -1.563   0.0   0.0  259
 4.325  257.5  90  36  54  -1.563 999.0 999.0  260
 4.325  260.0  90  36  60  -1.563   0.0   0.0  264
 4.325  262.5  90  36  54  -1.563 999.0 999.0  267
 4.325  265.0  90  36  51   1.563 999.0 999.0  264
 4.325  267.5  90  36  57  -1.563   0.0   0.0  273
 4.325  270.0  90  36  60  -1.563 999.0 999.0  274
 4.325  272.5  90  36  51  -1.563 999.0 999.0  275
 4.350  245.0  90  36  57   1.563 999.0 999.0  250
 4.350  247.5  90  36  57   1.563 999.0 999.0  250
 4.350  250.0  90  36  45  -1.563   0.0   0.0  256
 4.350  252.5  90  36  51  -1.563 999.0 999.0  260
 4.350  255.0  90  36  54  -1.563 999.0 999.0  259
 4.350  257.5  90  36  51  -1.563 999.0 999.0  263
 4.350  260.0  90  36  51  -1.563 999.0 999.0  261
 4.350  262.5  90  36  54  -1.563 999.0 999.0  268
 4.350  265.0  90  36  63   1.563 150.0  30.0  269
 4.350  267.5  90  36  54   1.563 330.0  30.0  263
 4.350  270.0  90  36  54  -1.563 150.0  30.0  274
 4.350  272.5  90  36  54  -1.563 999.0 999.0  276
 4.350  275.0  90  36  45   1.563 999.0 999.0  280
 4.350  277.5  90  36  51  -1.563   0.0   0.0  283
 4.350  280.0  90  36  45  -1.563   0.0   0.0  287
 4.375  245.0  90  36  51   1.563 999.0 999.0  251
 4.375  247.5  90  36  60   1.563 999.0 999.0  252
 4.375  250.0  90  36  54   1.563   0.0   0.0  253
 4.375  252.5  90  36  51   1.563   0.0   0.0  257
 4.375  255.0  90  36  54   1.563   0.0   0.0  260
 4.375  257.5  90  36  48  -1.563 999.0 999.0  264
 4.375  260.0  90  36  60  -1.563   0.0   0.0  265
 4.375  262.5  90  36  51   1.563 999.0 999.0  268
 4.375  265.0  90  36  57  -1.563 999.0 999.0  270
 4.375  267.5  90  36  63  -1.563 999.0 999.0  272
 4.375  270.0  90  36  54  -1.563   0.0   0.0  275
 4.375  272.5  90  36  48  -1.563   0.0   0.0  276
 4.375  275.0  90  36  54  -1.563 999.0 999.0  280
 4.400  247.5  90  36  57  -1.563 999.0 999.0  252
 4.400  250.0  90  36  54   1.563 999.0 999.0  252
 4.400  252.5  90  36  45  -1.563   0.0   0.0  256
 4.400  257.5  90  36  54  -1.563 999.0 999.0  262
 4.400  260.0  90  36  57  -1.563   0.0   0.0  266
 4.400  262.5  90  36  66  -1.563   0.0   0.0  267
 4.400  265.0  90  36  63  -1.563   0.0   0.0  268
 4.400  267.5  90  36  60   1.563 999.0 999.0  271
 4.400  270.0  90  36  51   1.563 999.0 999.0  273
 4.400  272.5  90  36  57  -1.563 999.0 999.0  277
 4.400  275.0  90  36  60  -1.563 999.0 999.0  279
 4.400  277.5  90  36  48   1.563 999.0 999.0  280
 4.425  247.5  90  36  51   1.563   0.0   0.0  253
 4.425  250.0  90  36  57   1.563 999.0 999.0  254
 4.425  255.0  90  36  45   1.563   0.0   0.0  258
 4.425  257.5  90  36  48   1.563   0.0   0.0  264
 4.425  260.0  90  36  57   1.563 999.0 999.0  265
 4.425  262.5  90  36  63  -1.563   0.0   0.0  267
 4.425  265.0  90  36  57   1.563   0.0   0.0  269
 4.425  267.5  90  36  60   1.563 999.0 999.0  271
 4.425  270.0  90  36  54  -1.563   0.0   0.0  274
 4.425  272.5  90  36  48  -1.563 999.0 999.0  282
 4.425  275.0  90  36  48  -1.563 999.0 999.0  277
 4.425  277.5  90  36  51  -1.563 999.0 999.0  282
 4.450  247.5  90  36  45  -1.563   0.0   0.0  255
 4.450  250.0  90  36  57   1.563 999.0 999.0  254
 4.450  252.5  90  36  48   1.563 999.0 999.0  255
 4.450  255.0  90  36  48   1.563 999.0 999.0  260
 4.450  257.5  90  36  51  -1.563   0.0   0.0  261
 4.450  260.0  90  36  51   1.563 999.0 999.0  264
 4.450  262.5  90  36  57   1.563 999.0 999.0  268
 4.450  265.0  90  36  63   1.563 999.0 999.0  269
 4.450  267.5  90  36  60   1.563 999.0 999.0  270
 4.450  270.0  90  36  60   1.563 999.0 999.0  275
 4.450  272.5  90  36  54   1.563 999.0 999.0  274
 4.450  275.0  90  36  48  -1.563   0.0   0.0  280
 4.450  277.5  90  36  51  -1.563 999.0 999.0  282
 4.475  250.0  90  36  57   1.563   0.0   0.0  255
 4.475  252.5  90  36  54   1.563   0.0   0.0  255
 4.475  255.0  90  36  45  -1.563   0.0   0.0  261
 4.475  257.5  90  36  48  -1.563 999.0 999.0  260
 4.475  262.5  90  36  60  -1.563   0.0   0.0  268
 4.475  265.0  90  36  57   1.563 999.0 999.0  268
 4.475  267.5  90  36  54   1.563 999.0 999.0  269
 4.475  270.0  90  36  57  -1.563 999.0 999.0  274
 4.475  272.5  90  36  45   1.563 999.0 999.0  273
 4.475  275.0  90  36  54  -1.563   0.0   0.0  279
 4.500  250.0  90  36  51   1.563 999.0 999.0  256
 4.500  252.5  90  36  60   1.563 999.0 999.0  256
 4.500  255.0  90  36  48   1.563   0.0   0.0  258
 4.500  257.5  90  36  48  -1.563 999.0 999.0  261
 4.500  260.0  90  36  45  -1.563   0.0   0.0  267
 4.500  262.5  90  36  63   1.563   0.0   0.0  267
 4.500  265.0  90  36  51  -1.563 270.0  30.0  269
 4.500  267.5  90  36  57   1.563 999.0 999.0  269
 4.500  270.0  90  36  54   1.563 150.0  30.0  274
 4.500  272.5  90  36  57  -1.563   0.0   0.0  277
 4.500  275.0  90  36  51   1.563 999.0 999.0  275
 4.500  277.5  90  36  51  -1.563 999.0 999.0  282
 4.525  250.0  90  36  48  -1.563 999.0 999.0  255
 4.525  252.5  90  36  60   1.563 999.0 999.0  257
 4.525  255.0  90  36  54   1.563 999.0 999.0  259
 4.525  257.5  90  36  48   1.563 999.0 999.0  263
 4.525  260.0  90  36  48  -1.563 999.0 999.0  266
 4.525  262.5  90  36  57  -1.563   0.0   0.0  267
 4.525  265.0  90  36  48   1.563 999.0 999.0  271
 4.525  267.5  90  36  60   1.563   0.0   0.0  272
 4.525  270.0  90  36  57   1.563 999.0 999.0  274
 4.525  272.5  90  36  57   1.563 999.0 999.0  277
 4.525  275.0  90  36  51  -1.563   0.0   0.0  278
 4.525  277.5  90  36  51  -1.563   0.0   0.0  283
 4.525  280.0  90  36  48  -1.563   0.0   0.0  284
 4.550  252.5  90  36  51   1.563 999.0 999.0  257
 4.550  255.0  90  36  54   1.563 999.0 999.0  258
 4.550  260.0  90  36  51  -1.563   0.0   0.0  265
 4.550  262.5  90  36  54  -1.563   0.0   0.0  267
 4.550  265.0  90  36  51   1.563 999.0 999.0  270
 4.550  267.5  90  36  60  -1.563   0.0   0.0  272
 4.550  270.0  90  36  57   1.563   0.0   0.0  274
 4.550  272.5  90  36  51   1.563 150.0  30.0  274
 4.550  275.0  90  36  54  -1.563 999.0 999.0  278
 4.575  252.5  90  36  45   1.563 999.0 999.0  258
 4.575  255.0  90  36  48   1.563   0.0   0.0  260
 4.575  257.5  90  36  54  -1.563 999.0 999.0  261
 4.575  260.0  90  36  45  -1.563 999.0 999.0  264
 4.575  262.5  90  36  51  -1.563 999.0 999.0  267
 4.575  265.0  90  36  54   1.563 999.0 999.0  271
 4.575  267.5  90  36  63   1.563   0.0   0.0  271
 4.575  270.0  90  36  60  -1.563   0.0   0.0  274
 4.575  272.5  90  36  60  -1.563   0.0   0.0  277
 4.575  275.0  90  36  57  -1.563 999.0 999.0  278
 4.575  277.5  90  36  48   1.563 999.0 999.0  282
 4.575  280.0  90  36  45   1.563 999.0 999.0  286
 4.575  282.5  90  36  45  -1.563   0.0   0.0  287
 4.600  255.0  90  36  48   1.563 999.0 999.0  260
 4.600  257.5  90  36  51   1.563   0.0   0.0  262
 4.600  260.0  90  36  48  -1.563   0.0   0.0  265
 4.600  262.5  90  36  54  -1.563 999.0 999.0  268
 4.600  265.0  90  36  54   1.563   0.0   0.0  269
 4.600  267.5  90  36  63   1.563   0.0   0.0  272
 4.600  270.0  90  36  60   1.563 999.0 999.0  274
 4.600  272.5  90  36  60   1.563   0.0   0.0  276
 4.600  275.0  90  36  57  -1.563   0.0   0.0  280
 4.600  277.5  90  36  48  -1.563 999.0 999.0  281
 4.600  280.0  90  36  48   1.563 999.0 999.0  284
 4.600  282.5  90  36  48   1.563 330.0  30.0  287
 4.625  255.0  90  36  48   1.563   0.0   0.0  261
 4.625  257.5  90  36  54   1.563   0.0   0.0  261
 4.625  260.0  90  36  45  -1.563 999.0 999.0  264
 4.625  262.5  90  36  54  -1.563   0.0   0.0  266
 4.625  267.5  90  36  57   1.563   0.0   0.0  273
 4.625  270.0  90  36  57   1.563   0.0   0.0  276
 4.625  272.5  90  36  66   1.563   0.0   0.0  276
 4.625  275.0  90  36  60   1.563 999.0 999.0  278
 4.625  277.5  90  36  51   1.563 999.0 999.0  281
 4.625  280.0  90  36  45  -1.563 999.0 999.0  282
 4.650  255.0  90  33  42   1.563 999.0 999.0  262
 4.650  257.5  90  33  54   1.563   0.0   0.0  262
 4.650  260.0  90  33  57   1.563 999.0 999.0  264
 4.650  262.5  90  33  60   1.563   0.0   0.0  266
 4.650  265.0  90  33  51   1.563 999.0 999.0  268
 4.650  267.5  90  33  51   1.563 150.0  30.0  273
 4.650  270.0  90  33  63   1.563   0.0   0.0  275
 4.650  272.5  90  33  57   1.563 999.0 999.0  275
 4.650  275.0  90  33  51   1.563 150.0  30.0  277
 4.650  277.5  90  33  54  -1.563 999.0 999.0  282
 4.650  280.0  90  33  51  -1.563 999.0 999.0  284
 4.650  542.5  90  33  42  -1.563 999.0 999.0  540
 4.675  257.5  90  36  51   1.563   0.0   0.0  263
 4.675  260.0  90  36  57   1.563   0.0   0.0  264
 4.675  262.5  90  36  60   1.563   0.0   0.0  267
 4.675  265.0  90  36  51   1.563 999.0 999.0  268
 4.675  267.5  90  36  51   1.563 999.0 999.0  273
 4.675  270.0  90  36  63   1.563 999.0 999.0  274
 4.675  272.5  90  36  54  -1.563 999.0 999.0  275
 4.675  275.0  90  36  60  -1.563 999.0 999.0  279
 4.675  277.5  90  36  54   1.563 999.0 999.0  281
 4.675  280.0  90  36  54   1.563 999.0 999.0  283
 4.675  282.5  90  36  45   1.563 999.0 999.0  283
 4.700  260.0  90  42  54   1.563 999.0 999.0  265
 4.700  262.5  90  42  60  -1.563 999.0 999.0  267
 4.700  265.0  90  42  54  -1.563 999.0 999.0  270
 4.700  267.5  90  42  51  -1.563 330.0  30.0  270
 4.700  270.0  90  42  66   1.563   0.0   0.0  274
 4.700  272.5  90  42  63  -1.563 999.0 999.0  276
 4.700  275.0  90  42  60   1.563 999.0 999.0  280
 4.700  277.5  90  42  54  -1.563 150.0  30.0  282
 4.700  280.0  90  42  54   1.563 999.0 999.0  283
 4.725  260.0  90  42  51   1.563   0.0   0.0  266
 4.725  262.5  90  42  60  -1.563   0.0   0.0  266
 4.725  265.0  90  42  51  -1.563 999.0 999.0  269
 4.725  267.5  90  42  63   1.563 999.0 999.0  272
 4.725  270.0  90  42  60  -1.563   0.0   0.0  277
 4.725  272.5  90  42  60  -1.563   0.0   0.0  276
 4.725  275.0  90  42  54  -1.563 999.0 999.0  282
 4.725  277.5  90  42  54   1.563  90.0  30.0  280
 4.725  280.0  90  42  54   1.563 330.0  30.0  279
 4.750  262.5  90  42  54  -1.563   0.0   0.0  267
 4.750  265.0  90  42  57   1.563   0.0   0.0  270
 4.750  267.5  90  42  60  -1.563 999.0 999.0  271
 4.750  270.0  90  42  66   1.563   0.0   0.0  275
 4.750  272.5  90  42  69   1.563   0.0   0.0  276
 4.750  275.0  90  42  54   1.563 330.0  30.0  278
 4.750  277.5  90  42  54   1.563 999.0 999.0  282
 4.750  280.0  90  42  51  -1.563 330.0  30.0  284
 4.775  262.5  90  36  54   1.563   0.0   0.0  267
 4.775  265.0  90  36  57  -1.563   0.0   0.0  268
 4.775  267.5  90  36  60  -1.563 999.0 999.0  273
 4.775  270.0  90  36  51   1.563 330.0  30.0  268
 4.775  272.5  90  36  66   1.563   0.0   0.0  276
 4.775  275.0  90  36  54  -1.563   0.0   0.0  280
 4.775  277.5  90  36  60   1.563 999.0 999.0  281
 4.775  280.0  90  36  57   1.563   0.0   0.0  282
 4.775  282.5  90  36  54  -1.563 330.0  30.0  287
 4.775  285.0  90  36  51   1.563 999.0 999.0  287
 4.800  262.5  90  36  48  -1.563   0.0   0.0  266
 4.800  265.0  90  36  54   1.563   0.0   0.0  270
 4.800  267.5  90  36  63  -1.563 999.0 999.0  273
 4.800  270.0  90  36  66   1.563   0.0   0.0  274
 4.800  272.5  90  36  69   1.563   0.0   0.0  276
 4.800  275.0  90  36  66  -1.563   0.0   0.0  278
 4.800  277.5  90  36  57   1.563  90.0  30.0  283
 4.800  280.0  90  36  60   1.563 999.0 999.0  283
 4.800  282.5  90  36  57  -1.563 999.0 999.0  286
 4.800  252.5 -90  36  48  -1.563   0.0   0.0  262
 4.800  255.0 -90  36  45  -1.563   0.0   0.0  260
 4.825  265.0  90  39  48  -1.563   0.0   0.0  268
 4.825  267.5  90  39  60   1.563   0.0   0.0  273
 4.825  270.0  90  39  57   1.563   0.0   0.0  269
 4.825  272.5  90  39  66   1.563   0.0   0.0  276
 4.825  275.0  90  39  51  -1.563 150.0  30.0  271
 4.825  277.5  90  39  66   1.563 999.0 999.0  281
 4.825  280.0  90  39  63   1.563   0.0   0.0  283
 4.825  282.5  90  39  57   1.563 999.0 999.0  285
 4.850  262.5  90  39  51  -1.563   0.0   0.0  270
 4.850  265.0  90  39  57   1.563   0.0   0.0  269
 4.850  267.5  90  39  57   1.563   0.0   0.0  273
 4.850  270.0  90  39  63   1.563 999.0 999.0  274
 4.850  272.5  90  39  63   1.563 999.0 999.0  276
 4.850  275.0  90  39  57  -1.563   0.0   0.0  281
 4.850  277.5  90  39  60  -1.563   0.0   0.0  281
 4.850  280.0  90  39  60   1.563 999.0 999.0  283
 4.850  282.5  90  39  57   1.563  90.0  30.0  286
 4.850  285.0  90  39  51  -1.563 150.0  30.0  289
 4.875  262.5  90  39  51  -1.563   0.0   0.0  269
 4.875  265.0  90  39  66   1.563   0.0   0.0  270
 4.875  267.5  90  39  63   1.563   0.0   0.0  271
 4.875  270.0  90  39  54   1.563 999.0 999.0  274
 4.875  272.5  90  39  60   1.563   0.0   0.0  278
 4.875  275.0  90  39  66   1.563 999.0 999.0  279
 4.875  277.5  90  39  63   1.563 999.0 999.0  282
 4.875  280.0  90  39  51   1.563 150.0  30.0  282
 4.875  282.5  90  39  60  -1.563 999.0 999.0  287
 4.875  285.0  90  39  54   1.563   0.0   0.0  291
 4.875  550.0  90  39  48  -1.563   0.0   0.0  557
 4.875  252.5 -90  36  45   1.563   0.0   0.0  256
 4.875  257.5 -90  36  45  -1.563 999.0 999.0  264
 4.875  260.0 -90  36  45  -1.563   0.0   0.0  266
 4.875  265.0 -90  36  45   1.563 999.0 999.0  268
 4.900  262.5  90  39  48  -1.563   0.0   0.0  269
 4.900  265.0  90  39  66  -1.563   0.0   0.0  270
 4.900  267.5  90  39  63   1.563   0.0   0.0  270
 4.900  270.0  90  39  60  -1.563 999.0 999.0  274
 4.900  272.5  90  39  54  -1.563   0.0   0.0  279
 4.900  275.0  90  39  60  -1.563   0.0   0.0  279
 4.900  277.5  90  39  57  -1.563 999.0 999.0  283
 4.900  280.0  90  39  69  -1.563 999.0 999.0  285
 4.900  282.5  90  39  63  -1.563 999.0 999.0  286
 4.900  285.0  90  39  57  -1.563 330.0  30.0  289
 4.900  287.5  90  39  48  -1.563 999.0 999.0  291
 4.900  255.0 -90  36  48   1.563   0.0   0.0  257
 4.900  257.5 -90  36  45   1.563  90.0  30.0  261
 4.900  267.5 -90  36  45   1.563   0.0   0.0  272
 4.900  275.0 -90  36  45  -1.563 210.0  30.0  283
 4.925  265.0  90  36  66   1.563   0.0   0.0  269
 4.925  267.5  90  36  69   1.563 999.0 999.0  269
 4.925  270.0  90  36  57  -1.563   0.0   0.0  275
 4.925  272.5  90  36  48   1.563 150.0  30.0  267
 4.925  275.0  90  36  63  -1.563   0.0   0.0  278
 4.925  277.5  90  36  60   1.563 999.0 999.0  281
 4.925  280.0  90  36  66   1.563 999.0 999.0  281
 4.925  282.5  90  36  51   1.563 330.0  30.0  285
 4.925  285.0  90  36  48   1.563 999.0 999.0  286
 4.925  287.5  90  36  51  -1.563 999.0 999.0  290
 4.925  262.5 -90  36  45  -1.563   0.0   0.0  264
 4.925  275.0 -90  36  45  -1.563   0.0   0.0  278
 4.950  265.0  90  39  66   1.563   0.0   0.0  271
 4.950  267.5  90  39  72  -1.563   0.0   0.0  271
 4.950  270.0  90  39  60  -1.563   0.0   0.0  275
 4.950  272.5  90  39  69  -1.563   0.0   0.0  277
 4.950  275.0  90  39  69  -1.563   0.0   0.0  279
 4.950  277.5  90  39  63  -1.563   0.0   0.0  281
 4.950  280.0  90  39  66   1.563   0.0   0.0  285
 4.950  282.5  90  39  66   1.563   0.0   0.0  286
 4.950  285.0  90  39  51   1.563 150.0  30.0  288
 4.950  287.5  90  39  51  -1.563   0.0   0.0  292
 4.950  562.5  90  39  51  -1.563 999.0 999.0  566
 4.975  265.0  90  39  60   1.563   0.0   0.0  262
 4.975  267.5  90  39  69   1.563   0.0   0.0  275
 4.975  270.0  90  39  63   1.563   0.0   0.0  285
 4.975  272.5  90  39  69  -1.563   0.0   0.0  270
 4.975  275.0  90  39  63   1.563   0.0   0.0  271
 4.975  277.5  90  39  57  -1.563  90.0  30.0  278
 4.975  280.0  90  39  66   1.563 330.0  30.0  285
 4.975  282.5  90  39  63   1.563   0.0   0.0  268
 4.975  285.0  90  39  54  -1.563   0.0   0.0  275
 4.975  287.5  90  39  48  -1.563 999.0 999.0  302
 4.975  562.5  90  39  48   1.563   0.0   0.0  567
 5.025  267.5  90  39  57  -1.563   0.0   0.0  273
 5.025  270.0  90  39  60  -1.563   0.0   0.0  273
 5.025  272.5  90  39  57  -1.563   0.0   0.0  279
 5.025  275.0  90  39  66   1.563 999.0 999.0  279
 5.025  277.5  90  39  63  -1.563   0.0   0.0  283
 5.025  280.0  90  39  66   1.563 999.0 999.0  285
 5.025  282.5  90  39  63   1.563 330.0  30.0  284
 5.025  285.0  90  39  63   1.563 330.0  30.0  288
 5.025  287.5  90  39  48  -1.563   0.0   0.0  295
 5.025  290.0  90  39  48   1.563 999.0 999.0  292
 5.025  267.5 -90  39  48  -1.563 999.0 999.0  272
 5.050  267.5  90  39  51  -1.563   0.0   0.0  274
 5.050  270.0  90  39  60  -1.563 999.0 999.0  274
 5.050  272.5  90  39  63  -1.563   0.0   0.0  278
 5.050  275.0  90  39  69   1.563   0.0   0.0  279
 5.050  277.5  90  39  63  -1.563   0.0   0.0  281
 5.050  280.0  90  39  63   1.563 999.0 999.0  284
 5.050  282.5  90  39  60   1.563 999.0 999.0  286
 5.050  285.0  90  39  54  -1.563 999.0 999.0  287
 5.050  275.0 -90  39  48  -1.563 999.0 999.0  281
 5.075  267.5  90  39  51  -1.563   0.0   0.0  273
 5.075  270.0  90  39  63   1.563   0.0   0.0  273
 5.075  272.5  90  39  57  -1.563   0.0   0.0  276
 5.075  275.0  90  39  66   1.563   0.0   0.0  277
 5.075  277.5  90  39  66   1.563   0.0   0.0  279
 5.075  280.0  90  39  60  -1.563   0.0   0.0  282
 5.075  282.5  90  39  63   1.563 999.0 999.0  285
 5.075  285.0  90  39  63  -1.563 330.0  30.0  287
 5.075  287.5  90  39  54   1.563  30.0  30.0  289
 5.075  290.0  90  39  48  -1.563  30.0  30.0  290
 5.075  270.0 -90  39  48   1.563   0.0   0.0  271
 5.075  277.5 -90  39  48  -1.563   0.0   0.0  282
 5.075  280.0 -90  39  51  -1.563   0.0   0.0  282
 5.100  267.5  90  39  48   1.563 999.0 999.0  274
 5.100  270.0  90  39  66   1.563 999.0 999.0  275
 5.100  272.5  90  39  63   1.563 999.0 999.0  275
 5.100  275.0  90  39  60   1.563 999.0 999.0  279
 5.100  277.5  90  39  72  -1.563   0.0   0.0  283
 5.100  280.0  90  39  69  -1.563   0.0   0.0  283
 5.100  282.5  90  39  60   1.563  90.0  30.0  285
 5.100  285.0  90  39  60  -1.563 330.0  30.0  289
 5.100  287.5  90  39  57   1.563 999.0 999.0  292
 5.100  290.0  90  39  57   1.563 330.0  30.0  292
 5.100  555.0  90  39  48   1.563   0.0   0.0  559
 5.100  557.5  90  39  48   1.563   0.0   0.0  562
 5.100  267.5 -90  39  48  -1.563 999.0 999.0  272
 5.100  270.0 -90  39  51   1.563   0.0   0.0  273
 5.100  272.5 -90  39  48  -1.563   0.0   0.0  276
 5.100  277.5 -90  39  51  -1.563   0.0   0.0  283
 5.100  280.0 -90  39  54   1.563   0.0   0.0  283
 5.100  282.5 -90  39  54   1.563   0.0   0.0  286
 5.100  285.0 -90  39  48   1.563   0.0   0.0  288
 5.125  270.0  90  39  66   1.563   0.0   0.0  277
 5.125  272.5  90  39  66   1.563   0.0   0.0  277
 5.125  275.0  90  39  63  -1.563   0.0   0.0  283
 5.125  277.5  90  39  69  -1.563 999.0 999.0  282
 5.125  280.0  90  39  69  -1.563 999.0 999.0  286
 5.125  282.5  90  39  69  -1.563  30.0  30.0  287
 5.125  285.0  90  39  63   1.563 999.0 999.0  290
 5.125  287.5  90  39  54  -1.563 999.0 999.0  289
 5.125  290.0  90  39  54  -1.563 999.0 999.0  295
 5.125  265.0 -90  39  48  -1.563   0.0   0.0  272
 5.125  282.5 -90  39  51  -1.563 330.0  30.0  287
 5.150  270.0  90  39  60   1.563   0.0   0.0  276
 5.150  272.5  90  39  69   1.563   0.0   0.0  276
 5.150  275.0  90  39  66  -1.563   0.0   0.0  281
 5.150  277.5  90  39  72  -1.563   0.0   0.0  282
 5.150  280.0  90  39  66   1.563 999.0 999.0  284
 5.150  282.5  90  39  66   1.563 330.0  30.0  286
 5.150  285.0  90  39  69  -1.563 330.0  30.0  289
 5.150  287.5  90  39  60   1.563 330.0  30.0  290
 5.150  290.0  90  39  51  -1.563 150.0  30.0  296
 5.150  557.5  90  39  48  -1.563 999.0 999.0  561
 5.150  265.0 -90  39  51   1.563 999.0 999.0  269
 5.150  267.5 -90  39  48   1.563 999.0 999.0  271
 5.150  280.0 -90  39  57  -1.563 999.0 999.0  285
 5.150  282.5 -90  39  54   1.563 999.0 999.0  286
 5.175  270.0  90  39  54  -1.563   0.0   0.0  277
 5.175  272.5  90  39  66   1.563   0.0   0.0  277
 5.175  275.0  90  39  69  -1.563   0.0   0.0  280
 5.175  277.5  90  39  69  -1.563   0.0   0.0  282
 5.175  280.0  90  39  60   1.563 999.0 999.0  283
 5.175  282.5  90  39  66   1.563   0.0   0.0  286
 5.175  285.0  90  39  66  -1.563 330.0  30.0  290
 5.175  287.5  90  39  63   1.563 150.0  30.0  290
 5.175  290.0  90  39  51  -1.563 999.0 999.0  294
 5.175  572.5  90  39  48   1.563 999.0 999.0  580
 5.175  280.0 -90  39  54  -1.563   0.0   0.0  286
 5.175  282.5 -90  39  54  -1.563 330.0  30.0  286
 5.175  285.0 -90  39  48   1.563   0.0   0.0  286
 5.200  272.5  90  39  63  -1.563   0.0   0.0  277
 5.200  275.0  90  39  54  -1.563   0.0   0.0  277
 5.200  277.5  90  39  63  -1.563   0.0   0.0  284
 5.200  280.0  90  39  60   1.563 330.0  30.0  283
 5.200  282.5  90  39  66   1.563 330.0  30.0  285
 5.200  285.0  90  39  63  -1.563 999.0 999.0  290
 5.200  287.5  90  39  66  -1.563 999.0 999.0  290
 5.200  562.5  90  39  48   1.563   0.0   0.0  567
 5.200  275.0 -90  39  51   1.563   0.0   0.0  279
 5.200  280.0 -90  39  48   1.563 330.0  30.0  285
 5.200  282.5 -90  39  48   1.563 330.0  30.0  285
 5.225  272.5  90  39  60   1.563   0.0   0.0  278
 5.225  275.0  90  39  63   1.563   0.0   0.0  278
 5.225  277.5  90  39  63   1.563   0.0   0.0  282
 5.225  280.0  90  39  69  -1.563   0.0   0.0  284
 5.225  282.5  90  39  69  -1.563   0.0   0.0  286
 5.225  285.0  90  39  63  -1.563 330.0  30.0  291
 5.225  287.5  90  39  66  -1.563 330.0  30.0  292
 5.225  290.0  90  39  57  -1.563  30.0  30.0  293
 5.225  280.0 -90  39  51  -1.563  30.0  30.0  287
 5.225  282.5 -90  39  57  -1.563 330.0  30.0  287
 5.225  285.0 -90  39  48   1.563   0.0   0.0  285
 5.250  272.5  90  39  54   1.563 999.0 999.0  280
 5.250  275.0  90  39  66   1.563   0.0   0.0  280
 5.250  277.5  90  39  69  -1.563   0.0   0.0  282
 5.250  280.0  90  39  63   1.563   0.0   0.0  281
 5.250  282.5  90  39  60   1.563  90.0  30.0  287
 5.250  285.0  90  39  72   1.563 330.0  30.0  289
 5.250  287.5  90  39  66   1.563 999.0 999.0  291
 5.250  290.0  90  39  63  -1.563 999.0 999.0  293
 5.250  292.5  90  39  48   1.563 330.0  30.0  290
 5.250  557.5  90  39  48   1.563   0.0   0.0  563
 5.250  275.0 -90  39  51   1.563 999.0 999.0  279
 5.250  282.5 -90  39  54   1.563 330.0  30.0  287
 5.250  285.0 -90  39  57   1.563   0.0   0.0  288
 5.250  287.5 -90  39  48  -1.563   0.0   0.0  290
 5.275  275.0  90  39  66   1.563   0.0   0.0  280
 5.275  277.5  90  39  69  -1.563 999.0 999.0  280
 5.275  280.0  90  39  69  -1.563 999.0 999.0  284
 5.275  282.5  90  39  63   1.563  90.0  30.0  286
 5.275  285.0  90  39  60  -1.563 150.0  30.0  290
 5.275  287.5  90  39  54   1.563 150.0  30.0  290
 5.275  290.0  90  39  60   1.563  90.0  30.0  293
 5.275  292.5  90  39  54   1.563  30.0  30.0  294
 5.275  282.5 -90  39  60   1.563   0.0   0.0  287
 5.275  285.0 -90  39  63   1.563   0.0   0.0  287
 5.275  287.5 -90  39  54   1.563   0.0   0.0  290
 5.300  275.0  90  42  63   1.563   0.0   0.0  281
 5.300  277.5  90  42  69   1.563   0.0   0.0  282
 5.300  280.0  90  42  69  -1.563   0.0   0.0  285
 5.300  282.5  90  42  72   1.563 999.0 999.0  287
 5.300  285.0  90  42  75  -1.563 330.0  30.0  289
 5.300  287.5  90  42  69  -1.563 330.0  30.0  291
 5.300  290.0  90  42  63  -1.563 330.0  30.0  294
 5.300  292.5  90  42  60  -1.563 330.0  30.0  296
 5.300  280.0 -90  39  48   1.563 270.0  30.0  283
 5.300  282.5 -90  39  60   1.563 330.0  30.0  288
 5.300  285.0 -90  39  69   1.563 330.0  30.0  288
 5.300  287.5 -90  39  60  -1.563   0.0   0.0  291
 5.325  275.0  90  42  54  -1.563   0.0   0.0  281
 5.325  277.5  90  42  69  -1.563   0.0   0.0  283
 5.325  280.0  90  42  69  -1.563   0.0   0.0  285
 5.325  282.5  90  42  72  -1.563   0.0   0.0  286
 5.325  285.0  90  42  66   1.563 330.0  30.0  291
 5.325  287.5  90  42  69   1.563 330.0  30.0  291
 5.325  290.0  90  42  63   1.563 330.0  30.0  295
 5.325  292.5  90  42  54  -1.563 330.0  30.0  298
 5.325  280.0 -90  39  51   1.563 999.0 999.0  284
 5.325  282.5 -90  39  51  -1.563 999.0 999.0  285
 5.325  285.0 -90  39  60   1.563 330.0  30.0  289
 5.350  277.5  90  42  66  -1.563 999.0 999.0  284
 5.350  280.0  90  42  72  -1.563   0.0   0.0  284
 5.350  282.5  90  42  66  -1.563 330.0  30.0  289
 5.350  285.0  90  42  72   1.563 330.0  30.0  289
 5.350  287.5  90  42  60   1.563  90.0  30.0  293
 5.350  290.0  90  42  69   1.563 330.0  30.0  294
 5.350  292.5  90  42  63  -1.563 999.0 999.0  296
 5.350  282.5 -90  42  51  -1.563   0.0   0.0  288
 5.350  285.0 -90  42  60   1.563 999.0 999.0  289
 5.350  287.5 -90  42  57   1.563 330.0  30.0  290
 5.375  277.5  90  39  54   1.563   0.0   0.0  284
 5.375  280.0  90  39  66   1.563   0.0   0.0  285
 5.375  282.5  90  39  72   1.563   0.0   0.0  288
 5.375  285.0  90  39  69   1.563 999.0 999.0  289
 5.375  287.5  90  39  69   1.563 330.0  30.0  292
 5.375  290.0  90  39  60  -1.563 330.0  30.0  295
 5.375  292.5  90  39  63   1.563 330.0  30.0  297
 5.375  295.0  90  39  48   1.563 330.0  30.0  298
 5.375  575.0  90  39  48  -1.563   0.0   0.0  582
 5.375  270.0 -90  39  48   1.563   0.0   0.0  276
 5.375  282.5 -90  39  48   1.563   0.0   0.0  287
 5.375  285.0 -90  39  51   1.563   0.0   0.0  291
 5.375  287.5 -90  39  57   1.563   0.0   0.0  292
 5.375  290.0 -90  39  48  -1.563 270.0  30.0  294
 5.400  277.5  90  39  48   1.563   0.0   0.0  284
 5.400  280.0  90  39  57   1.563  90.0  30.0  284
 5.400  282.5  90  39  66  -1.563   0.0   0.0  287
 5.400  285.0  90  39  66   1.563   0.0   0.0  288
 5.400  287.5  90  39  66   1.563 330.0  30.0  290
 5.400  290.0  90  39  63   1.563 330.0  30.0  294
 5.400  292.5  90  39  57  -1.563 330.0  30.0  294
 5.400  295.0  90  39  48   1.563 330.0  30.0  299
 5.400  575.0  90  39  48  -1.563   0.0   0.0  576
 5.400  270.0 -90  39  48  -1.563 150.0  30.0  275
 5.400  285.0 -90  39  54   1.563   0.0   0.0  291
 5.400  287.5 -90  39  60  -1.563 330.0  30.0  292
 5.400  290.0 -90  39  51   1.563 330.0  30.0  293
 5.425  277.5  90  39  48  -1.563   0.0   0.0  281
 5.425  280.0  90  39  63  -1.563 999.0 999.0  283
 5.425  282.5  90  39  60  -1.563  30.0  30.0  281
 5.425  285.0  90  39  75   1.563 330.0  30.0  287
 5.425  287.5  90  39  75   1.563 330.0  30.0  288
 5.425  290.0  90  39  66  -1.563 330.0  30.0  291
 5.425  292.5  90  39  60   1.563 330.0  30.0  292
 5.425  295.0  90  39  51  -1.563 330.0  30.0  295
 5.425  567.5  90  39  48  -1.563   0.0   0.0  570
 5.425  570.0  90  39  48  -1.563 330.0  30.0  570
 5.425  272.5 -90  39  51  -1.563 999.0 999.0  275
 5.425  282.5 -90  39  48   1.563 270.0  30.0  284
 5.425  285.0 -90  39  48   1.563   0.0   0.0  287
 5.425  287.5 -90  39  60   1.563   0.0   0.0  289
 5.425  290.0 -90  39  51  -1.563 330.0  30.0  289
 5.450  280.0  90  42  66  -1.563   0.0   0.0  286
 5.450  282.5  90  42  72  -1.563 999.0 999.0  287
 5.450  285.0  90  42  72   1.563   0.0   0.0  289
 5.450  287.5  90  42  69   1.563 330.0  30.0  290
 5.450  290.0  90  42  66  -1.563 330.0  30.0  296
 5.450  292.5  90  42  66   1.563 330.0  30.0  296
 5.450  570.0  90  42  51  -1.563   0.0   0.0  574
 5.450  272.5 -90  39  48   1.563  90.0  30.0  280
 5.450  275.0 -90  39  48   1.563 999.0 999.0  278
 5.450  277.5 -90  39  48   1.563   0.0   0.0  282
 5.450  285.0 -90  39  51   1.563 999.0 999.0  291
 5.450  287.5 -90  39  60  -1.563 330.0  30.0  292
 5.450  290.0 -90  39  48  -1.563   0.0   0.0  294
 5.450  292.5 -90  39  48   1.563  90.0  30.0  295
 5.475  280.0  90  39  60  -1.563   0.0   0.0  287
 5.475  282.5  90  39  63   1.563   0.0   0.0  290
 5.475  285.0  90  39  69  -1.563  90.0  30.0  291
 5.475  287.5  90  39  60  -1.563   0.0   0.0  291
 5.475  290.0  90  39  66  -1.563 330.0  30.0  294
 5.475  292.5  90  39  63   1.563 330.0  30.0  297
 5.475  295.0  90  39  51   1.563 330.0  30.0  290
 5.475  287.5 -90  39  60   1.563   0.0   0.0  292
 5.475  290.0 -90  39  57   1.563 330.0  30.0  294
 5.475  292.5 -90  39  51   1.563 330.0  30.0  291
 5.500  280.0  90  39  57  -1.563   0.0   0.0  287
 5.500  282.5  90  39  66  -1.563   0.0   0.0  287
 5.500  285.0  90  39  63   1.563  90.0  30.0  292
 5.500  287.5  90  39  72   1.563   0.0   0.0  291
 5.500  290.0  90  39  69   1.563 330.0  30.0  294
 5.500  292.5  90  39  63   1.563 330.0  30.0  295
 5.500  295.0  90  39  51  -1.563  90.0  30.0  298
 5.500  280.0 -90  39  48  -1.563   0.0   0.0  285
 5.500  282.5 -90  39  48  -1.563   0.0   0.0  287
 5.500  285.0 -90  39  51  -1.563   0.0   0.0  288
 5.500  287.5 -90  39  63  -1.563 330.0  30.0  293
 5.500  290.0 -90  39  66  -1.563 330.0  30.0  294
 5.525  280.0  90  39  57  -1.563   0.0   0.0  288
 5.525  282.5  90  39  69  -1.563   0.0   0.0  288
 5.525  285.0  90  39  66  -1.563  90.0  30.0  291
 5.525  287.5  90  39  66   1.563   0.0   0.0  290
 5.525  290.0  90  39  75   1.563 330.0  30.0  294
 5.525  292.5  90  39  66   1.563 330.0  30.0  297
 5.525  295.0  90  39  54  -1.563 330.0  30.0  298
 5.525  572.5  90  39  51  -1.563 330.0  30.0  578
 5.525  575.0  90  39  48  -1.563   0.0   0.0  581
 5.525  277.5 -90  39  48   1.563   0.0   0.0  284
 5.525  280.0 -90  39  48   1.563 330.0  30.0  284
 5.525  287.5 -90  39  57   1.563   0.0   0.0  293
 5.525  290.0 -90  39  54   1.563   0.0   0.0  292
 5.525  295.0 -90  39  51   1.563 330.0  30.0  300
 5.550  280.0  90  39  54   1.563   0.0   0.0  286
 5.550  282.5  90  39  66  -1.563   0.0   0.0  287
 5.550  285.0  90  39  72  -1.563   0.0   0.0  290
 5.550  287.5  90  39  75  -1.563   0.0   0.0  291
 5.550  290.0  90  39  72   1.563   0.0   0.0  294
 5.550  292.5  90  39  69   1.563 330.0  30.0  297
 5.550  295.0  90  39  66   1.563 330.0  30.0  298
 5.550  297.5  90  39  48   1.563 330.0  30.0  297
 5.550  575.0  90  39  48  -1.563 330.0  30.0  580
 5.550  275.0 -90  39  48  -1.563 999.0 999.0  280
 5.550  277.5 -90  39  51   1.563  90.0  30.0  282
 5.550  287.5 -90  39  60   1.563   0.0   0.0  292
 5.550  290.0 -90  39  60   1.563 330.0  30.0  291
 5.550  292.5 -90  39  60  -1.563   0.0   0.0  297
 5.550  295.0 -90  39  48  -1.563 330.0  30.0  296
 5.550  297.5 -90  39  51   1.563 330.0  30.0  303
 5.575  282.5  90  39  66  -1.563 270.0  30.0  286
 5.575  285.0  90  39  78  -1.563 270.0  30.0  288
 5.575  287.5  90  39  78   1.563 270.0  30.0  289
 5.575  290.0  90  39  66   1.563 270.0  30.0  295
 5.575  292.5  90  39  69   1.563   0.0   0.0  292
 5.575  295.0  90  39  57   1.563   0.0   0.0  298
 5.575  572.5  90  39  48  -1.563 270.0  30.0  574
 5.575  575.0  90  39  51  -1.563 270.0  30.0  576
 5.575  287.5 -90  39  60  -1.563   0.0   0.0  290
 5.575  290.0 -90  39  66   1.563   0.0   0.0  291
 5.575  292.5 -90  39  54   1.563 270.0  30.0  292
 5.575  295.0 -90  39  54   1.563   0.0   0.0  296
 5.575  297.5 -90  39  51  -1.563   0.0   0.0  298
 5.575  300.0 -90  39  51  -1.563  90.0  30.0  302
 5.600  282.5  90  39  63  -1.563 270.0  30.0  290
 5.600  285.0  90  39  72  -1.563   0.0   0.0  289
 5.600  287.5  90  39  78  -1.563   0.0   0.0  293
 5.600  290.0  90  39  75  -1.563 330.0  30.0  293
 5.600  292.5  90  39  69  -1.563 330.0  30.0  297
 5.600  295.0  90  39  66   1.563 330.0  30.0  298
 5.600  297.5  90  39  54   1.563 330.0  30.0  299
 5.600  575.0  90  39  51   1.563   0.0   0.0  580
 5.600  577.5  90  39  51  -1.563   0.0   0.0  580
 5.600  282.5 -90  39  51   1.563  90.0  30.0  287
 5.600  287.5 -90  39  57   1.563   0.0   0.0  293
 5.600  290.0 -90  39  63   1.563   0.0   0.0  293
 5.600  292.5 -90  39  54  -1.563 330.0  30.0  296
 5.600  295.0 -90  39  57  -1.563 330.0  30.0  299
 5.600  297.5 -90  39  54   1.563 330.0  30.0  302
 5.625  282.5  90  39  60  -1.563   0.0   0.0  290
 5.625  285.0  90  39  72  -1.563   0.0   0.0  291
 5.625  287.5  90  39  78  -1.563   0.0   0.0  293
 5.625  290.0  90  39  72  -1.563   0.0   0.0  294
 5.625  292.5  90  39  69  -1.563 330.0  30.0  293
 5.625  295.0  90  39  66  -1.563 330.0  30.0  301
 5.625  297.5  90  39  60   1.563 330.0  30.0  300
 5.625  577.5  90  39  51   1.563   0.0   0.0  583
 5.625  290.0 -90  39  57   1.563 330.0  30.0  294
 5.625  292.5 -90  39  57   1.563   0.0   0.0  297
 5.625  295.0 -90  39  51   1.563 330.0  30.0  298
 5.625  300.0 -90  39  48   1.563 330.0  30.0  304
 5.650  282.5  90  39  51  -1.563   0.0   0.0  289
 5.650  285.0  90  39  72  -1.563   0.0   0.0  290
 5.650  287.5  90  39  75   1.563 330.0  30.0  292
 5.650  290.0  90  39  66  -1.563  90.0  30.0  293
 5.650  292.5  90  39  69  -1.563 330.0  30.0  296
 5.650  295.0  90  39  69   1.563 330.0  30.0  299
 5.650  297.5  90  39  66   1.563 330.0  30.0  300
 5.650  577.5  90  39  54   1.563 999.0 999.0  582
 5.650  580.0  90  39  54   1.563 999.0 999.0  584
 5.650  582.5  90  39  48   1.563   0.0   0.0  587
 5.650  280.0 -90  39  51  -1.563   0.0   0.0  284
 5.650  282.5 -90  39  54   1.563 999.0 999.0  285
 5.650  285.0 -90  39  51   1.563 999.0 999.0  289
 5.650  290.0 -90  39  60   1.563   0.0   0.0  294
 5.650  292.5 -90  39  63  -1.563 330.0  30.0  299
 5.650  295.0 -90  39  60  -1.563 330.0  30.0  298
 5.650  297.5 -90  39  48   1.563 330.0  30.0  299
 5.650  300.0 -90  39  51   1.563 150.0  30.0  304
 5.650  302.5 -90  39  48   1.563 330.0  30.0  297
 5.675  285.0  90  39  69  -1.563 270.0  30.0  290
 5.675  287.5  90  39  69  -1.563 270.0  30.0  291
 5.675  290.0  90  39  75   1.563  30.0  30.0  292
 5.675  292.5  90  39  72  -1.563   0.0   0.0  298
 5.675  295.0  90  39  69  -1.563   0.0   0.0  298
 5.675  297.5  90  39  60  -1.563 330.0  30.0  300
 5.675  300.0  90  39  48   1.563   0.0   0.0  302
 5.675  577.5  90  39  51  -1.563 150.0  30.0  581
 5.675  580.0  90  39  54  -1.563 270.0  30.0  582
 5.675  280.0 -90  39  51  -1.563  30.0  30.0  285
 5.675  282.5 -90  39  48  -1.563  30.0  30.0  283
 5.675  285.0 -90  39  51   1.563 150.0  30.0  289
 5.675  290.0 -90  39  63   1.563   0.0   0.0  294
 5.675  292.5 -90  39  60   1.563   0.0   0.0  295
 5.675  295.0 -90  39  51  -1.563 330.0  30.0  297
 5.675  297.5 -90  39  57   1.563   0.0   0.0  302
 5.675  300.0 -90  39  51  -1.563   0.0   0.0  303
 5.675  302.5 -90  39  48   1.563 330.0  30.0  307
 5.700  285.0  90  39  66  -1.563   0.0   0.0  291
 5.700  287.5  90  39  78  -1.563   0.0   0.0  292
 5.700  290.0  90  39  78  -1.563   0.0   0.0  294
 5.700  292.5  90  39  75   1.563 330.0  30.0  296
 5.700  295.0  90  39  69   1.563 330.0  30.0  297
 5.700  297.5  90  39  57   1.563 330.0  30.0  299
 5.700  300.0  90  39  51   1.563 330.0  30.0  305
 5.700  282.5 -90  39  51   1.563   0.0   0.0  288
 5.700  287.5 -90  39  51  -1.563   0.0   0.0  294
 5.700  290.0 -90  39  63   1.563   0.0   0.0  295
 5.700  292.5 -90  39  60   1.563   0.0   0.0  296
 5.700  295.0 -90  39  57   1.563 150.0  30.0  298
 5.700  297.5 -90  39  57   1.563   0.0   0.0  301
 5.700  300.0 -90  39  57   1.563 330.0  30.0  303
 5.700  302.5 -90  39  48  -1.563 330.0  30.0  304
 5.725  285.0  90  39  60  -1.563   0.0   0.0  293
 5.725  287.5  90  39  75   1.563   0.0   0.0  293
 5.725  290.0  90  39  75   1.563   0.0   0.0  295
 5.725  292.5  90  39  63   1.563  90.0  30.0  300
 5.725  295.0  90  39  72   1.563 330.0  30.0  299
 5.725  297.5  90  39  63   1.563 330.0  30.0  301
 5.725  300.0  90  39  48   1.563 330.0  30.0  299
 5.725  285.0 -90  39  51   1.563 330.0  30.0  289
 5.725  287.5 -90  39  51   1.563 330.0  30.0  293
 5.725  292.5 -90  39  54  -1.563   0.0   0.0  304
 5.725  295.0 -90  39  63  -1.563 330.0  30.0  300
 5.725  297.5 -90  39  54  -1.563  90.0  30.0  304
 5.725  300.0 -90  39  57   1.563 330.0  30.0  303
 5.750  285.0  90  39  48  -1.563 270.0  30.0  293
 5.750  287.5  90  39  66   1.563   0.0   0.0  292
 5.750  290.0  90  39  69  -1.563  90.0  30.0  296
 5.750  292.5  90  39  75  -1.563 330.0  30.0  296
 5.750  295.0  90  39  60   1.563 330.0  30.0  300
 5.750  297.5  90  39  63  -1.563   0.0   0.0  300
 5.750  300.0  90  39  57   1.563 330.0  30.0  303
 5.750  585.0  90  39  48  -1.563  30.0  30.0  591
 5.750  587.5  90  39  48  -1.563  30.0  30.0  593
 5.750  285.0 -90  39  51  -1.563   0.0   0.0  290
 5.750  287.5 -90  39  54  -1.563   0.0   0.0  293
 5.750  290.0 -90  39  54  -1.563   0.0   0.0  296
 5.750  292.5 -90  39  63  -1.563   0.0   0.0  297
 5.750  295.0 -90  39  63  -1.563   0.0   0.0  300
 5.750  297.5 -90  39  60  -1.563 330.0  30.0  303
 5.750  300.0 -90  39  48   1.563 330.0  30.0  303
 5.775  285.0  90  42  51   1.563 210.0  30.0  289
 5.775  287.5  90  42  63   1.563   0.0   0.0  290
 5.775  290.0  90  42  72   1.563 330.0  30.0  294
 5.775  292.5  90  42  72  -1.563   0.0   0.0  293
 5.775  295.0  90  42  72   1.563 330.0  30.0  291
 5.775  297.5  90  42  69   1.563 330.0  30.0  292
 5.775  300.0  90  42  57   1.563 330.0  30.0  290
 5.775  285.0 -90  39  51   1.563 330.0  30.0  289
 5.775  287.5 -90  39  48   1.563   0.0   0.0  291
 5.775  290.0 -90  39  54   1.563   0.0   0.0  292
 5.775  292.5 -90  39  63   1.563   0.0   0.0  297
 5.775  295.0 -90  39  63   1.563 330.0  30.0  296
 5.775  297.5 -90  39  57  -1.563 330.0  30.0  300
 5.775  300.0 -90  39  57   1.563 330.0  30.0  303
 5.775  302.5 -90  39  51   1.563 330.0  30.0  298
 5.800  287.5  90  39  60  -1.563   0.0   0.0  293
 5.800  290.0  90  39  69  -1.563   0.0   0.0  296
 5.800  292.5  90  39  75  -1.563  90.0  30.0  297
 5.800  295.0  90  39  75  -1.563 330.0  30.0  299
 5.800  297.5  90  39  72   1.563 330.0  30.0  301
 5.800  300.0  90  39  57   1.563 330.0  30.0  297
 5.800  287.5 -90  39  48   1.563 270.0  30.0  292
 5.800  290.0 -90  39  51  -1.563  30.0  30.0  295
 5.800  292.5 -90  39  57  -1.563   0.0   0.0  299
 5.800  295.0 -90  39  66  -1.563 330.0  30.0  300
 5.800  297.5 -90  39  57  -1.563   0.0   0.0  302
 5.800  300.0 -90  39  57  -1.563 150.0  30.0  305
 5.800  302.5 -90  39  57  -1.563 330.0  30.0  307
 5.825  290.0  90  39  69  -1.563   0.0   0.0  296
 5.825  292.5  90  39  75   1.563   0.0   0.0  297
 5.825  295.0  90  39  63   1.563 330.0  30.0  304
 5.825  297.5  90  39  72  -1.563 330.0  30.0  302
 5.825  300.0  90  39  66   1.563 330.0  30.0  304
 5.825  302.5  90  39  48   1.563 330.0  30.0  294
 5.825  585.0  90  39  48   1.563 330.0  30.0  590
 5.825  287.5 -90  39  51   1.563 210.0  30.0  292
 5.825  290.0 -90  39  51   1.563 330.0  30.0  294
 5.825  292.5 -90  39  54  -1.563   0.0   0.0  298
 5.825  295.0 -90  39  48  -1.563 270.0  30.0  299
 5.825  297.5 -90  39  57  -1.563   0.0   0.0  304
 5.825  300.0 -90  39  54  -1.563  90.0  30.0  305
 5.825  302.5 -90  39  48   4.688 330.0  30.0  304
 5.850  287.5  90  39  54  -1.563   0.0   0.0  294
 5.850  290.0  90  39  66  -1.563 270.0  30.0  294
 5.850  292.5  90  39  69   1.563  90.0  30.0  297
 5.850  295.0  90  39  69   1.563   0.0   0.0  298
 5.850  297.5  90  39  69   1.563 330.0  30.0  303
 5.850  300.0  90  39  72   1.563 330.0  30.0  303
 5.850  302.5  90  39  60   1.563 330.0  30.0  305
 5.850  582.5  90  39  48   1.563   0.0   0.0  588
 5.850  585.0  90  39  48   1.563   0.0   0.0  587
 5.850  590.0  90  39  48   1.563 330.0  30.0  594
 5.850  285.0 -90  39  51  -1.563   0.0   0.0  290
 5.850  287.5 -90  39  51  -1.563 150.0  30.0  292
 5.850  290.0 -90  39  60  -1.563   0.0   0.0  295
 5.850  292.5 -90  39  60  -1.563   0.0   0.0  298
 5.850  295.0 -90  39  60  -1.563   0.0   0.0  300
 5.850  297.5 -90  39  57   1.563 330.0  30.0  302
 5.850  300.0 -90  39  60  -1.563 330.0  30.0  306
 5.850  302.5 -90  39  57   1.563 330.0  30.0  305
 5.875  287.5  90  39  51   1.563   0.0   0.0  296
 5.875  290.0  90  39  66  -1.563   0.0   0.0  296
 5.875  292.5  90  39  69  -1.563   0.0   0.0  297
 5.875  295.0  90  39  69   1.563 330.0  30.0  301
 5.875  297.5  90  39  72   1.563 330.0  30.0  301
 5.875  300.0  90  39  57  -1.563 330.0  30.0  303
 5.875  302.5  90  39  60   1.563 330.0  30.0  306
 5.875  305.0  90  39  48   1.563 330.0  30.0  310
 5.875  285.0 -90  39  48  -1.563   0.0   0.0  288
 5.875  290.0 -90  39  57  -1.563   0.0   0.0  295
 5.875  292.5 -90  39  57  -1.563 330.0  30.0  297
 5.875  295.0 -90  39  48  -1.563 150.0  30.0  299
 5.875  297.5 -90  39  63   1.563 330.0  30.0  302
 5.875  300.0 -90  39  54   1.563 330.0  30.0  297
 5.875  302.5 -90  39  48  -1.563 330.0  30.0  307
 5.900  287.5  90  39  48   1.563 270.0  30.0  295
 5.900  290.0  90  39  69  -1.563 270.0  30.0  296
 5.900  292.5  90  39  72  -1.563   0.0   0.0  296
 5.900  295.0  90  39  66   1.563  90.0  30.0  299
 5.900  297.5  90  39  69  -1.563  90.0  30.0  302
 5.900  300.0  90  39  66  -1.563 330.0  30.0  304
 5.900  302.5  90  39  60   1.563 330.0  30.0  306
 5.900  590.0  90  39  51  -1.563   0.0   0.0  593
 5.900  592.5  90  39  51  -1.563   0.0   0.0  596
 5.900  595.0  90  39  48  -1.563   0.0   0.0  601
 5.900  597.5  90  39  48   1.563   0.0   0.0  602
 5.900  285.0 -90  39  48   1.563  30.0  30.0  291
 5.900  287.5 -90  39  48  -1.563 150.0  30.0  291
 5.900  290.0 -90  39  54  -1.563   0.0   0.0  295
 5.900  292.5 -90  39  48   1.563  90.0  30.0  296
 5.900  295.0 -90  39  63   1.563   0.0   0.0  299
 5.900  297.5 -90  39  57  -1.563 330.0  30.0  301
 5.900  300.0 -90  39  57  -1.563 330.0  30.0  306
 5.925  290.0  90  39  66  -1.563   0.0   0.0  297
 5.925  292.5  90  39  75   1.563   0.0   0.0  298
 5.925  295.0  90  39  75  -1.563   0.0   0.0  300
 5.925  297.5  90  39  78  -1.563   0.0   0.0  302
 5.925  300.0  90  39  66   1.563 330.0  30.0  304
 5.925  302.5  90  39  66   1.563 330.0  30.0  307
 5.925  305.0  90  39  60   1.563 330.0  30.0  308
 5.925  592.5  90  39  51  -1.563   0.0   0.0  599
 5.925  285.0 -90  39  51  -1.563 150.0  30.0  290
 5.925  290.0 -90  39  48   1.563 330.0  30.0  294
 5.925  292.5 -90  39  54   1.563   0.0   0.0  298
 5.925  295.0 -90  39  63   1.563   0.0   0.0  299
 5.925  297.5 -90  39  63  -1.563   0.0   0.0  303
 5.925  300.0 -90  39  63  -1.563 330.0  30.0  304
 5.925  302.5 -90  39  57   1.563 330.0  30.0  305
 5.925  305.0 -90  39  51   1.563  90.0  30.0  302
 5.950  290.0  90  39  60  -1.563 270.0  30.0  296
 5.950  292.5  90  39  69   1.563   0.0   0.0  297
 5.950  295.0  90  39  72  -1.563   0.0   0.0  301
 5.950  297.5  90  39  78   1.563   0.0   0.0  302
 5.950  300.0  90  39  72  -1.563 330.0  30.0  303
 5.950  302.5  90  39  72  -1.563 330.0  30.0  306
 5.950  305.0  90  39  63   1.563 330.0  30.0  307
 5.950  592.5  90  39  48   1.563   0.0   0.0  598
 5.950  595.0  90  39  48   1.563   0.0   0.0  601
 5.950  285.0 -90  39  51  -1.563   0.0   0.0  292
 5.950  287.5 -90  39  54  -1.563   0.0   0.0  291
 5.950  290.0 -90  39  51  -1.563  90.0  30.0  294
 5.950  292.5 -90  39  54  -1.563   0.0   0.0  299
 5.950  295.0 -90  39  63  -1.563   0.0   0.0  300
 5.950  297.5 -90  39  66  -1.563 330.0  30.0  302
 5.950  300.0 -90  39  66  -1.563 330.0  30.0  304
 5.950  302.5 -90  39  60   1.563 330.0  30.0  307
 5.950  305.0 -90  39  54   1.563 330.0  30.0  308
 5.975  290.0  90  39  54  -1.563 150.0  30.0  294
 5.975  292.5  90  39  66  -1.563  30.0  30.0  294
 5.975  295.0  90  39  69   1.563  30.0  30.0  297
 5.975  297.5  90  39  66   1.563   0.0   0.0  298
 5.975  300.0  90  39  75  -1.563   0.0   0.0  304
 5.975  302.5  90  39  72   1.563   0.0   0.0  304
 5.975  305.0  90  39  48   1.563 330.0  30.0  305
 5.975  597.5  90  39  51  -1.563 150.0  30.0  600
 5.975  600.0  90  39  51  -1.563 150.0  30.0  601
 5.975  285.0 -90  39  48   1.563 270.0  30.0  287
 5.975  287.5 -90  39  54   1.563  30.0  30.0  288
 5.975  292.5 -90  39  60  -1.563  30.0  30.0  295
 5.975  295.0 -90  39  60  -1.563 270.0  30.0  296
 5.975  297.5 -90  39  63  -1.563   0.0   0.0  301
 5.975  300.0 -90  39  63  -1.563   0.0   0.0  302
 5.975  302.5 -90  39  51   1.563   0.0   0.0  306
 5.975  305.0 -90  39  54   1.563 330.0  30.0  306
 6.000  292.5  90  39  60  -1.563 150.0  30.0  297
 6.000  295.0  90  39  63   1.563  90.0  30.0  301
 6.000  297.5  90  39  63  -1.563   0.0   0.0  302
 6.000  300.0  90  39  75  -1.563 330.0  30.0  305
 6.000  302.5  90  39  75   1.563 330.0  30.0  306
 6.000  305.0  90  39  60   1.563  90.0  30.0  307
 6.000  600.0  90  39  48  -1.563 330.0  30.0  604
 6.000  287.5 -90  39  48  -1.563  30.0  30.0  293
 6.000  290.0 -90  39  48   1.563 270.0  30.0  294
 6.000  292.5 -90  39  60  -1.563   0.0   0.0  298
 6.000  295.0 -90  39  57  -1.563   0.0   0.0  297
 6.000  297.5 -90  39  54  -1.563   0.0   0.0  302
 6.000  300.0 -90  39  63   1.563 330.0  30.0  304
 6.000  302.5 -90  39  60  -1.563 330.0  30.0  305
 6.025  292.5  90  39  57  -1.563  30.0  30.0  299
 6.025  295.0  90  39  60   1.563   0.0   0.0  300
 6.025  297.5  90  39  66  -1.563   0.0   0.0  303
 6.025  300.0  90  39  72   1.563   0.0   0.0  304
 6.025  302.5  90  39  69   1.563 330.0  30.0  302
 6.025  305.0  90  39  66   1.563 150.0  30.0  308
 6.025  307.5  90  39  48   1.563 330.0  30.0  302
 6.025  600.0  90  39  51  -1.563   0.0   0.0  605
 6.025  292.5 -90  39  51  -1.563   0.0   0.0  298
 6.025  295.0 -90  39  60  -1.563   0.0   0.0  300
 6.025  297.5 -90  39  57   1.563   0.0   0.0  301
 6.025  300.0 -90  39  66  -1.563 210.0  30.0  306
 6.025  302.5 -90  39  54  -1.563 330.0  30.0  304
 6.025  305.0 -90  39  51  -1.563   0.0   0.0  308
 6.025  307.5 -90  39  48   1.563 330.0  30.0  300
 6.050  292.5  90  39  48   1.563   0.0   0.0  297
 6.050  295.0  90  39  66  -1.563   0.0   0.0  301
 6.050  297.5  90  39  75   1.563   0.0   0.0  302
 6.050  300.0  90  39  72   1.563 210.0  30.0  303
 6.050  302.5  90  39  69  -1.563   0.0   0.0  307
 6.050  305.0  90  39  63   1.563 330.0  30.0  307
 6.050  307.5  90  39  57   1.563  90.0  30.0  310
 6.050  290.0 -90  39  51  -1.563 270.0  30.0  295
 6.050  292.5 -90  39  54  -1.563 150.0  30.0  297
 6.050  295.0 -90  39  54  -1.563 270.0  30.0  298
 6.050  297.5 -90  39  60  -1.563 210.0  30.0  303
 6.050  300.0 -90  39  57   1.563   0.0   0.0  302
 6.050  302.5 -90  39  51  -4.688 330.0  30.0  306
 6.050  305.0 -90  39  54   1.563 330.0  30.0  310
 6.050  307.5 -90  39  51   1.563 330.0  30.0  311
 6.075  295.0  90  39  63   1.563   0.0   0.0  302
 6.075  297.5  90  39  75   1.563   0.0   0.0  303
 6.075  300.0  90  39  75   1.563 330.0  30.0  305
 6.075  302.5  90  39  69  -1.563 330.0  30.0  307
 6.075  305.0  90  39  57   1.563   0.0   0.0  308
 6.075  307.5  90  39  54   1.563  90.0  30.0  311
 6.075  602.5  90  39  48  -1.563 330.0  30.0  611
 6.075  290.0 -90  39  48   1.563   0.0   0.0  297
 6.075  292.5 -90  39  51  -1.563   0.0   0.0  301
 6.075  295.0 -90  39  63  -1.563   0.0   0.0  300
 6.075  297.5 -90  39  63  -1.563   0.0   0.0  303
 6.075  300.0 -90  39  54   1.563   0.0   0.0  303
 6.075  302.5 -90  39  54  -1.563 210.0  30.0  310
 6.075  305.0 -90  39  48   1.563  90.0  30.0  309
 6.100  295.0  90  39  60   1.563   0.0   0.0  302
 6.100  297.5  90  39  69  -1.563   0.0   0.0  301
 6.100  300.0  90  39  72  -1.563   0.0   0.0  305
 6.100  302.5  90  39  75   1.563 210.0  30.0  306
 6.100  305.0  90  39  69   1.563 330.0  30.0  309
 6.100  307.5  90  39  57   1.563   0.0   0.0  309
 6.100  310.0  90  39  51   1.563 330.0  30.0  306
 6.100  292.5 -90  39  54  -1.563   0.0   0.0  299
 6.100  295.0 -90  39  66  -1.563   0.0   0.0  300
 6.100  297.5 -90  39  60  -1.563   0.0   0.0  301
 6.100  300.0 -90  39  57  -1.563 210.0  30.0  304
 6.100  302.5 -90  39  60  -1.563 330.0  30.0  307
 6.100  305.0 -90  39  54  -1.563 330.0  30.0  307
 6.125  295.0  90  39  51   1.563   0.0   0.0  302
 6.125  297.5  90  39  69  -1.563   0.0   0.0  303
 6.125  300.0  90  39  69   1.563   0.0   0.0  304
 6.125  302.5  90  39  66   1.563   0.0   0.0  304
 6.125  305.0  90  39  75   1.563   0.0   0.0  309
 6.125  307.5  90  39  66   1.563 330.0  30.0  309
 6.125  310.0  90  39  51   1.563 150.0  30.0  305
 6.125  600.0  90  39  48   1.563 210.0  30.0  607
 6.125  602.5  90  39  51   1.563   0.0   0.0  606
 6.125  607.5  90  39  48   1.563  90.0  30.0  612
 6.125  292.5 -90  39  51  -1.563  30.0  30.0  298
 6.125  295.0 -90  39  63   1.563   0.0   0.0  300
 6.125  297.5 -90  39  69  -1.563   0.0   0.0  301
 6.125  300.0 -90  39  51   1.563   0.0   0.0  303
 6.125  302.5 -90  39  57   1.563 150.0  30.0  306
 6.125  305.0 -90  39  54   1.563 330.0  30.0  308
 6.150  297.5  90  39  66  -1.563   0.0   0.0  303
 6.150  300.0  90  39  69  -1.563  30.0  30.0  304
 6.150  302.5  90  39  69  -1.563   0.0   0.0  308
 6.150  305.0  90  39  75   1.563 330.0  30.0  310
 6.150  307.5  90  39  75   1.563 330.0  30.0  310
 6.150  310.0  90  39  60   1.563 330.0  30.0  312
 6.150  605.0  90  39  48   1.563  90.0  30.0  610
 6.150  610.0  90  39  48   1.563   0.0   0.0  615
 6.150  292.5 -90  39  54  -1.563  30.0  30.0  297
 6.150  295.0 -90  39  60  -1.563   0.0   0.0  301
 6.150  297.5 -90  39  69  -1.563   0.0   0.0  302
 6.150  300.0 -90  39  69  -1.563   0.0   0.0  305
 6.150  302.5 -90  39  69  -1.563 210.0  30.0  307
 6.150  305.0 -90  39  63  -1.563 330.0  30.0  309
 6.150  307.5 -90  39  54  -1.563   0.0   0.0  312
 6.175  297.5  90  39  63  -1.563 150.0  30.0  301
 6.175  300.0  90  39  69  -1.563   0.0   0.0  303
 6.175  302.5  90  39  63   1.563 210.0  30.0  303
 6.175  305.0  90  39  75   1.563 210.0  30.0  309
 6.175  307.5  90  39  78   1.563  90.0  30.0  310
 6.175  310.0  90  39  66   1.563 330.0  30.0  310
 6.175  312.5  90  39  48   1.563  90.0  30.0  314
 6.175  610.0  90  39  48  -1.563   0.0   0.0  612
 6.175  290.0 -90  39  48  -1.563   0.0   0.0  294
 6.175  292.5 -90  39  54   1.563   0.0   0.0  294
 6.175  295.0 -90  39  60  -1.563   0.0   0.0  299
 6.175  297.5 -90  39  63   1.563   0.0   0.0  298
 6.175  300.0 -90  39  57  -1.563  90.0  30.0  305
 6.175  302.5 -90  39  63  -1.563  90.0  30.0  306
 6.175  305.0 -90  39  54  -1.563 270.0  30.0  308
 6.175  307.5 -90  39  54   1.563 330.0  30.0  311
 6.175  310.0 -90  39  51   1.563 330.0  30.0  302
 6.200  297.5  90  39  57  -1.563 270.0  30.0  303
 6.200  300.0  90  39  63   1.563  90.0  30.0  305
 6.200  302.5  90  39  69   1.563  90.0  30.0  306
 6.200  305.0  90  39  66  -1.563 330.0  30.0  309
 6.200  307.5  90  39  72   1.563 210.0  30.0  312
 6.200  310.0  90  39  63   1.563 330.0  30.0  312
 6.200  312.5  90  39  48   1.563  90.0  30.0  316
 6.200  605.0  90  39  51  -1.563   0.0   0.0  609
 6.200  607.5  90  39  54   1.563   0.0   0.0  611
 6.200  610.0  90  39  48   1.563 150.0  30.0  615
 6.200  615.0  90  39  48  -1.563   0.0   0.0  622
 6.200  292.5 -90  39  54   1.563   0.0   0.0  296
 6.200  295.0 -90  39  60   1.563   0.0   0.0  300
 6.200  297.5 -90  39  63   1.563  90.0  30.0  300
 6.200  300.0 -90  39  63  -1.563 210.0  30.0  306
 6.200  302.5 -90  39  69  -1.563 210.0  30.0  307
 6.200  305.0 -90  39  57  -1.563  90.0  30.0  310
 6.200  307.5 -90  39  57   1.563  90.0  30.0  310
 6.200  310.0 -90  39  51   1.563 330.0  30.0  311
 6.225  297.5  90  39  51   1.563   0.0   0.0  305
 6.225  300.0  90  39  69  -1.563   0.0   0.0  306
 6.225  302.5  90  39  75   1.563  90.0  30.0  308
 6.225  305.0  90  39  69  -1.563 330.0  30.0  310
 6.225  307.5  90  39  72   1.563 330.0  30.0  312
 6.225  310.0  90  39  57  -1.563  90.0  30.0  318
 6.225  312.5  90  39  54  -1.563 330.0  30.0  316
 6.225  605.0  90  39  48   1.563 330.0  30.0  611
 6.225  607.5  90  39  51   1.563 330.0  30.0  606
 6.225  615.0  90  39  48   1.563 150.0  30.0  619
 6.225  292.5 -90  39  57  -1.563   0.0   0.0  299
 6.225  295.0 -90  39  63  -1.563  30.0  30.0  301
 6.225  297.5 -90  39  60  -1.563 330.0  30.0  303
 6.225  300.0 -90  39  60  -1.563   0.0   0.0  308
 6.225  302.5 -90  39  60  -1.563  90.0  30.0  308
 6.225  305.0 -90  39  63  -1.563 210.0  30.0  311
 6.225  307.5 -90  39  60  -1.563 330.0  30.0  312
 6.250  300.0  90  39  66  -1.563   0.0   0.0  306
 6.250  302.5  90  39  75  -1.563   0.0   0.0  307
 6.250  305.0  90  39  72   1.563  90.0  30.0  308
 6.250  307.5  90  39  75  -1.563   0.0   0.0  314
 6.250  310.0  90  39  75  -1.563 330.0  30.0  313
 6.250  312.5  90  39  60   1.563 330.0  30.0  314
 6.250  607.5  90  39  48  -1.563   0.0   0.0  608
 6.250  610.0  90  39  48   1.563   0.0   0.0  615
 6.250  612.5  90  39  48  -1.563   0.0   0.0  616
 6.250  615.0  90  39  48  -1.563 210.0  30.0  620
 6.250  292.5 -90  39  57  -1.563  30.0  30.0  298
 6.250  295.0 -90  39  63  -1.563  30.0  30.0  299
 6.250  297.5 -90  39  60   1.563   0.0   0.0  303
 6.250  300.0 -90  39  66   1.563 210.0  30.0  304
 6.250  302.5 -90  39  63  -1.563 330.0  30.0  307
 6.250  305.0 -90  39  66   1.563  90.0  30.0  309
 6.250  307.5 -90  39  57   1.563 330.0  30.0  308
 6.250  310.0 -90  39  51  -1.563 330.0  30.0  313
 6.275  300.0  90  39  60   1.563   0.0   0.0  306
 6.275  302.5  90  39  60  -1.563 330.0  30.0  311
 6.275  305.0  90  39  69   1.563 330.0  30.0  306
 6.275  307.5  90  39  75  -1.563   0.0   0.0  312
 6.275  310.0  90  39  72  -1.563 330.0  30.0  306
 6.275  312.5  90  39  66   1.563 330.0  30.0  309
 6.275  317.5  90  39  48   1.563 330.0  30.0  311
 6.275  610.0  90  39  51   1.563 330.0  30.0  615
 6.275  612.5  90  39  54   1.563 330.0  30.0  617
 6.275  615.0  90  39  54   1.563   0.0   0.0  619
 6.275  617.5  90  39  51  -1.563  90.0  30.0  622
 6.275  620.0  90  39  48   1.563 150.0  30.0  625
 6.275  292.5 -90  39  48  -1.563   0.0   0.0  299
 6.275  295.0 -90  39  51  -1.563 270.0  30.0  301
 6.275  297.5 -90  39  69   1.563   0.0   0.0  303
 6.275  300.0 -90  39  60   1.563   0.0   0.0  304
 6.275  302.5 -90  39  66  -1.563 210.0  30.0  307
 6.275  305.0 -90  39  60  -1.563 330.0  30.0  310
 6.275  307.5 -90  39  57   1.563 210.0  30.0  311
 6.275  310.0 -90  39  51   1.563 330.0  30.0  306
 6.300  300.0  90  42  54  -1.563 150.0  30.0  307
 6.300  302.5  90  42  69  -1.563   0.0   0.0  308
 6.300  305.0  90  42  75  -1.563   0.0   0.0  309
 6.300  307.5  90  42  72   1.563   0.0   0.0  311
 6.300  310.0  90  42  75   1.563 210.0  30.0  314
 6.300  312.5  90  42  66   1.563 210.0  30.0  315
 6.300  315.0  90  42  51   1.563 330.0  30.0  317
 6.300  612.5  90  42  51   1.563 330.0  30.0  619
 6.300  617.5  90  42  51   1.563   0.0   0.0  622
 6.300  295.0 -90  42  63  -1.563  30.0  30.0  300
 6.300  297.5 -90  42  66  -1.563  30.0  30.0  301
 6.300  300.0 -90  42  63  -1.563   0.0   0.0  304
 6.300  302.5 -90  42  63  -1.563   0.0   0.0  308
 6.300  305.0 -90  42  63  -1.563 210.0  30.0  308
 6.300  307.5 -90  42  60   1.563 330.0  30.0  310
 6.325  302.5  90  42  69  -1.563 270.0  30.0  307
 6.325  305.0  90  42  78  -1.563  30.0  30.0  308
 6.325  307.5  90  42  78   1.563   0.0   0.0  310
 6.325  310.0  90  42  75   1.563   0.0   0.0  312
 6.325  312.5  90  42  69   1.563  90.0  30.0  315
 6.325  315.0  90  42  66   1.563  90.0  30.0  316
 6.325  317.5  90  42  51   1.563  90.0  30.0  321
 6.325  612.5  90  42  51   1.563   0.0   0.0  616
 6.325  615.0  90  42  51   1.563 270.0  30.0  617
 6.325  295.0 -90  42  57  -1.563 150.0  30.0  299
 6.325  297.5 -90  42  54  -1.563  30.0  30.0  298
 6.325  300.0 -90  42  60  -1.563   0.0   0.0  304
 6.325  302.5 -90  42  69  -1.563   0.0   0.0  306
 6.325  305.0 -90  42  72  -1.563   0.0   0.0  308
 6.325  307.5 -90  42  66  -1.563   0.0   0.0  309
 6.325  310.0 -90  42  54   1.563   0.0   0.0  312
 6.350  302.5  90  36  63  -1.563   0.0   0.0  309
 6.350  305.0  90  36  72   1.563   0.0   0.0  310
 6.350  307.5  90  36  69  -1.563   0.0   0.0  309
 6.350  310.0  90  36  75  -1.563 330.0  30.0  314
 6.350  312.5  90  36  72  -1.563 210.0  30.0  318
 6.350  315.0  90  36  69   1.563  90.0  30.0  317
 6.350  317.5  90  36  48   1.563 330.0  30.0  309
 6.350  612.5  90  36  45   1.563 210.0  30.0  617
 6.350  615.0  90  36  51   1.563 330.0  30.0  619
 6.350  620.0  90  36  45   1.563  90.0  30.0  622
 6.350  622.5  90  36  45   1.563   0.0   0.0  625
 6.350  625.0  90  36  51   1.563 210.0  30.0  629
 6.350  627.5  90  36  48   1.563 210.0  30.0  630
 6.350  295.0 -90  36  51  -1.563  30.0  30.0  301
 6.350  297.5 -90  36  51   1.563   0.0   0.0  300
 6.350  300.0 -90  36  66   1.563 330.0  30.0  305
 6.350  302.5 -90  36  66  -1.563   0.0   0.0  307
 6.350  305.0 -90  36  63  -1.563 210.0  30.0  312
 6.350  307.5 -90  36  57  -1.563   0.0   0.0  308
 6.350  310.0 -90  36  54   1.563 210.0  30.0  313
 6.350  312.5 -90  36  45  -1.563  90.0  30.0  319
 6.350  977.5 -90  36  45  -4.688 330.0  30.0  965
 6.375  302.5  90  36  54  -1.563   0.0   0.0  311
 6.375  305.0  90  36  60  -1.563   0.0   0.0  310
 6.375  307.5  90  36  63  -1.563  90.0  30.0  315
 6.375  310.0  90  36  78   1.563  90.0  30.0  315
 6.375  312.5  90  36  78   1.563 330.0  30.0  317
 6.375  315.0  90  36  72   1.563 330.0  30.0  313
 6.375  317.5  90  36  60   1.563 330.0  30.0  314
 6.375  320.0  90  36  45   1.563 330.0  30.0  317
 6.375  615.0  90  36  51  -1.563   0.0   0.0  621
 6.375  617.5  90  36  54  -1.563   0.0   0.0  624
 6.375  620.0  90  36  48   1.563   0.0   0.0  625
 6.375  622.5  90  36  48  -1.563 210.0  30.0  629
 6.375  625.0  90  36  45   1.563 210.0  30.0  629
 6.375  627.5  90  36  48  -1.563  90.0  30.0  634
 6.375  630.0  90  36  48  -1.563 330.0  30.0  637
 6.375  632.5  90  36  48  -1.563   0.0   0.0  639
 6.375  295.0 -90  36  51  -1.563  30.0  30.0  303
 6.375  297.5 -90  36  60  -1.563 150.0  30.0  303
 6.375  300.0 -90  36  63   1.563 330.0  30.0  306
 6.375  302.5 -90  36  66  -1.563  90.0  30.0  308
 6.375  305.0 -90  36  66  -1.563   0.0   0.0  312
 6.375  307.5 -90  36  57   1.563 330.0  30.0  314
 6.375  310.0 -90  36  57   1.563 330.0  30.0  306
 6.375  312.5 -90  36  51   1.563 330.0  30.0  307
 6.400  302.5  90  39  48  -1.563  30.0  30.0  309
 6.400  305.0  90  39  54  -1.563 270.0  30.0  308
 6.400  307.5  90  39  69   1.563   0.0   0.0  313
 6.400  310.0  90  39  81   1.563   0.0   0.0  314
 6.400  312.5  90  39  78   1.563 210.0  30.0  316
 6.400  315.0  90  39  69   1.563 330.0  30.0  313
 6.400  317.5  90  39  63   1.563 330.0  30.0  314
 6.400  615.0  90  39  48   1.563   0.0   0.0  622
 6.400  617.5  90  39  54  -1.563   0.0   0.0  622
 6.400  622.5  90  39  57  -1.563  90.0  30.0  626
 6.400  625.0  90  39  48  -1.563   0.0   0.0  629
 6.400  295.0 -90  39  51  -1.563 270.0  30.0  300
 6.400  297.5 -90  39  60  -1.563  30.0  30.0  303
 6.400  300.0 -90  39  60   1.563  90.0  30.0  306
 6.400  302.5 -90  39  69  -1.563 330.0  30.0  307
 6.400  305.0 -90  39  69  -1.563   0.0   0.0  309
 6.400  307.5 -90  39  63   1.563   0.0   0.0  310
 6.400  310.0 -90  39  57  -1.563  90.0  30.0  308
 6.400  312.5 -90  39  51  -1.563  90.0  30.0  316
 6.425  305.0  90  36  51  -1.563 150.0  30.0  309
 6.425  307.5  90  36  63   1.563   0.0   0.0  310
 6.425  310.0  90  36  63   1.563   0.0   0.0  311
 6.425  312.5  90  36  72  -1.563   0.0   0.0  316
 6.425  315.0  90  36  72  -1.563   0.0   0.0  317
 6.425  317.5  90  36  63   1.563 150.0  30.0  318
 6.425  320.0  90  36  48  -1.563  90.0  30.0  321
 6.425  322.5  90  36  45   1.563   0.0   0.0  326
 6.425  620.0  90  36  51  -1.563  30.0  30.0  623
 6.425  622.5  90  36  57  -1.563   0.0   0.0  626
 6.425  625.0  90  36  54   1.563   0.0   0.0  626
 6.425  627.5  90  36  51  -1.563   0.0   0.0  630
 6.425  630.0  90  36  48   1.563 270.0  30.0  632
 6.425  635.0  90  36  45   1.563 270.0  30.0  636
 6.425  297.5 -90  39  60  -1.563  30.0  30.0  301
 6.425  300.0 -90  39  57  -1.563 270.0  30.0  304
 6.425  302.5 -90  39  66   1.563   0.0   0.0  304
 6.425  305.0 -90  39  66   1.563   0.0   0.0  310
 6.425  307.5 -90  39  72  -1.563   0.0   0.0  311
 6.425  310.0 -90  39  69  -1.563 210.0  30.0  312
 6.425  312.5 -90  39  57   1.563  90.0  30.0  313
 6.450  305.0  90  36  48  -1.563   0.0   0.0  312
 6.450  307.5  90  36  66  -1.563   0.0   0.0  312
 6.450  310.0  90  36  63  -1.563   0.0   0.0  315
 6.450  312.5  90  36  63   1.563 330.0  30.0  315
 6.450  315.0  90  36  66  -1.563  90.0  30.0  321
 6.450  317.5  90  36  66   1.563 210.0  30.0  321
 6.450  320.0  90  36  57   1.563  90.0  30.0  322
 6.450  322.5  90  36  45  -1.563   0.0   0.0  326
 6.450  622.5  90  36  48   1.563 330.0  30.0  629
 6.450  625.0  90  36  54  -1.563 210.0  30.0  629
 6.450  627.5  90  36  45   1.563   0.0   0.0  633
 6.450  630.0  90  36  45  -1.563   0.0   0.0  636
 6.450  632.5  90  36  48  -1.563 330.0  30.0  635
 6.450  637.5  90  36  45  -1.563 270.0  30.0  644
 6.450  297.5 -90  36  51  -1.563 150.0  30.0  302
 6.450  300.0 -90  36  60  -1.563   0.0   0.0  306
 6.450  302.5 -90  36  63   1.563   0.0   0.0  306
 6.450  305.0 -90  36  63   1.563   0.0   0.0  308
 6.450  307.5 -90  36  69  -1.563 210.0  30.0  313
 6.450  310.0 -90  36  72   1.563 210.0  30.0  313
 6.450  312.5 -90  36  63   1.563 210.0  30.0  315
 6.450  315.0 -90  36  48   1.563  90.0  30.0  316
 6.475  305.0  90  36  45   1.563   0.0   0.0  316
 6.475  307.5  90  36  66  -1.563   0.0   0.0  314
 6.475  310.0  90  36  72  -1.563   0.0   0.0  316
 6.475  312.5  90  36  66  -1.563   0.0   0.0  318
 6.475  315.0  90  36  69  -1.563   0.0   0.0  321
 6.475  317.5  90  36  66  -1.563 330.0  30.0  322
 6.475  320.0  90  36  57   1.563 330.0  30.0  324
 6.475  322.5  90  36  48  -1.563 210.0  30.0  328
 6.475  625.0  90  36  54  -1.563  90.0  30.0  631
 6.475  627.5  90  36  51   1.563   0.0   0.0  632
 6.475  630.0  90  36  45  -1.563   0.0   0.0  632
 6.475  632.5  90  36  45  -1.563 330.0  30.0  636
 6.475   97.5 -90  36  45   4.688   0.0   0.0  110
 6.475  297.5 -90  36  48  -1.563   0.0   0.0  304
 6.475  300.0 -90  36  63  -1.563   0.0   0.0  306
 6.475  302.5 -90  36  60  -1.563   0.0   0.0  307
 6.475  305.0 -90  36  66   1.563 210.0  30.0  310
 6.475  307.5 -90  36  63   1.563   0.0   0.0  312
 6.475  310.0 -90  36  57  -1.563  90.0  30.0  314
 6.475  312.5 -90  36  57   1.563  90.0  30.0  315
 6.500  307.5  90  39  60  -1.563  30.0  30.0  313
 6.500  310.0  90  39  60  -1.563 150.0  30.0  310
 6.500  312.5  90  39  69  -1.563   0.0   0.0  317
 6.500  315.0  90  39  72  -1.563 330.0  30.0  319
 6.500  317.5  90  39  63   1.563  90.0  30.0  321
 6.500  320.0  90  39  54   1.563 150.0  30.0  315
 6.500  625.0  90  39  51  -1.563   0.0   0.0  631
 6.500  627.5  90  39  57   1.563   0.0   0.0  631
 6.500  630.0  90  39  54   1.563  90.0  30.0  633
 6.500  632.5  90  39  48  -1.563 330.0  30.0  636
 6.500  637.5  90  39  48   1.563   0.0   0.0  643
 6.500  640.0  90  39  48  -1.563 330.0  30.0  645
 6.500  300.0 -90  39  54  -1.563  30.0  30.0  303
 6.500  302.5 -90  39  60  -1.563   0.0   0.0  308
 6.500  305.0 -90  39  63  -1.563 210.0  30.0  308
 6.500  307.5 -90  39  66  -1.563 330.0  30.0  313
 6.500  310.0 -90  39  66  -1.563  90.0  30.0  315
 6.500  312.5 -90  39  63  -1.563 330.0  30.0  316
 6.500  315.0 -90  39  51   1.563  90.0  30.0  316
 6.525  307.5  90  39  48  -1.563 270.0  30.0  313
 6.525  310.0  90  39  63  -1.563 150.0  30.0  314
 6.525  312.5  90  39  72   1.563   0.0   0.0  315
 6.525  315.0  90  39  63  -1.563   0.0   0.0  317
 6.525  317.5  90  39  69   1.563  90.0  30.0  321
 6.525  320.0  90  39  66   1.563  90.0  30.0  322
 6.525  322.5  90  39  54   1.563   0.0   0.0  323
 6.525  325.0  90  39  48   1.563 210.0  30.0  328
 6.525  625.0  90  39  51  -1.563  30.0  30.0  629
 6.525  627.5  90  39  57  -1.563 150.0  30.0  630
 6.525  300.0 -90  39  60  -1.563 150.0  30.0  304
 6.525  302.5 -90  39  63  -1.563 150.0  30.0  305
 6.525  305.0 -90  39  63   1.563 150.0  30.0  307
 6.525  307.5 -90  39  69  -1.563   0.0   0.0  312
 6.525  310.0 -90  39  69  -1.563 210.0  30.0  314
 6.525  312.5 -90  39  66  -1.563  90.0  30.0  315
 6.525  315.0 -90  39  51  -1.563 330.0  30.0  317
 6.550  310.0  90  36  57   1.563   0.0   0.0  315
 6.550  312.5  90  36  69   1.563   0.0   0.0  317
 6.550  315.0  90  36  72   1.563   0.0   0.0  319
 6.550  317.5  90  36  75   1.563   0.0   0.0  322
 6.550  320.0  90  36  72   1.563 210.0  30.0  323
 6.550  322.5  90  36  66   1.563 210.0  30.0  325
 6.550  325.0  90  36  48  -1.563 330.0  30.0  330
 6.550  327.5  90  36  48   1.563   0.0   0.0  329
 6.550  627.5  90  36  45  -1.563  90.0  30.0  637
 6.550  630.0  90  36  51  -1.563   0.0   0.0  634
 6.550  632.5  90  36  51   1.563   0.0   0.0  636
 6.550  635.0  90  36  45   1.563 330.0  30.0  642
 6.550  637.5  90  36  51  -1.563   0.0   0.0  641
 6.550  640.0  90  36  45  -1.563  90.0  30.0  645
 6.550  642.5  90  36  45  -1.563  90.0  30.0  646
 6.550  300.0 -90  36  57  -1.563 150.0  30.0  305
 6.550  302.5 -90  36  51   1.563   0.0   0.0  304
 6.550  305.0 -90  36  66   1.563   0.0   0.0  310
 6.550  307.5 -90  36  66  -1.563   0.0   0.0  310
 6.550  310.0 -90  36  66  -1.563  90.0  30.0  315
 6.550  312.5 -90  36  60  -1.563 210.0  30.0  315
 6.550  315.0 -90  36  48   1.563 210.0  30.0  312
 6.575  310.0  90  36  45  -1.563 270.0  30.0  317
 6.575  312.5  90  36  60   1.563 330.0  30.0  319
 6.575  315.0  90  36  72   1.563 330.0  30.0  320
 6.575  317.5  90  36  69  -1.563   0.0   0.0  326
 6.575  320.0  90  36  63  -1.563  90.0  30.0  327
 6.575  322.5  90  36  72   1.563 330.0  30.0  327
 6.575  325.0  90  36  57   1.563 210.0  30.0  327
 6.575  327.5  90  36  45   1.563 210.0  30.0  335
 6.575  630.0  90  36  51   1.563   0.0   0.0  636
 6.575  632.5  90  36  51  -1.563 210.0  30.0  637
 6.575  637.5  90  36  48  -1.563   0.0   0.0  643
 6.575  640.0  90  36  45   1.563 210.0  30.0  645
 6.575  300.0 -90  36  60  -1.563 270.0  30.0  307
 6.575  302.5 -90  36  63  -1.563  30.0  30.0  308
 6.575  305.0 -90  36  57   1.563 210.0  30.0  309
 6.575  307.5 -90  36  66   1.563  90.0  30.0  314
 6.575  310.0 -90  36  69   1.563  90.0  30.0  313
 6.575  312.5 -90  36  60  -1.563 210.0  30.0  318
 6.575  315.0 -90  36  51   1.563  90.0  30.0  318
 6.600  312.5  90  39  54   1.563 210.0  30.0  318
 6.600  315.0  90  39  66   1.563 330.0  30.0  321
 6.600  317.5  90  39  75  -1.563 330.0  30.0  322
 6.600  320.0  90  39  72   1.563  90.0  30.0  324
 6.600  322.5  90  39  72   1.563  90.0  30.0  325
 6.600  325.0  90  39  60   1.563  90.0  30.0  326
 6.600  632.5  90  39  51   1.563   0.0   0.0  637
 6.600  635.0  90  39  48  -1.563 330.0  30.0  639
 6.600  640.0  90  39  48   1.563 330.0  30.0  644
 6.600  642.5  90  39  51  -1.563 330.0  30.0  647
 6.600  300.0 -90  39  54  -1.563 270.0  30.0  306
 6.600  302.5 -90  39  63  -1.563  30.0  30.0  307
 6.600  305.0 -90  39  48  -1.563 150.0  30.0  308
 6.600  307.5 -90  39  63   1.563  90.0  30.0  312
 6.600  310.0 -90  39  63   1.563  90.0  30.0  311
 6.600  312.5 -90  39  60   1.563 210.0  30.0  316
 6.600  315.0 -90  39  48   1.563 330.0  30.0  320
 6.600  317.5 -90  39  48   1.563 330.0  30.0  319
 6.625  312.5  90  39  54  -1.563   0.0   0.0  317
 6.625  315.0  90  39  63  -1.563  30.0  30.0  320
 6.625  317.5  90  39  72   1.563 330.0  30.0  321
 6.625  320.0  90  39  69   1.563 330.0  30.0  321
 6.625  322.5  90  39  66   1.563 330.0  30.0  325
 6.625  325.0  90  39  60   1.563 210.0  30.0  321
 6.625  327.5  90  39  54   1.563 210.0  30.0  329
 6.625  632.5  90  39  48   1.563   0.0   0.0  634
 6.625  642.5  90  39  54  -1.563   0.0   0.0  646
 6.625  645.0  90  39  51   1.563 330.0  30.0  648
 6.625  300.0 -90  39  48   1.563   0.0   0.0  305
 6.625  302.5 -90  39  54  -1.563   0.0   0.0  308
 6.625  305.0 -90  39  60   1.563   0.0   0.0  308
 6.625  307.5 -90  39  72   1.563  90.0  30.0  311
 6.625  310.0 -90  39  72   1.563 210.0  30.0  312
 6.625  312.5 -90  39  66  -1.563  90.0  30.0  317
 6.625  315.0 -90  39  60   1.563 330.0  30.0  317
 6.625  317.5 -90  39  48   1.563  90.0  30.0  320
 6.650  312.5  90  36  48  -1.563   0.0   0.0  319
 6.650  315.0  90  36  63  -1.563 150.0  30.0  320
 6.650  317.5  90  36  66  -1.563 330.0  30.0  323
 6.650  320.0  90  36  69   1.563 210.0  30.0  323
 6.650  322.5  90  36  63  -1.563 330.0  30.0  327
 6.650  325.0  90  36  54   1.563 330.0  30.0  312
 6.650  327.5  90  36  51   1.563  90.0  30.0  329
 6.650  330.0  90  36  45  -1.563   0.0   0.0  339
 6.650  635.0  90  36  45   1.563   0.0   0.0  639
 6.650  640.0  90  36  48   1.563   0.0   0.0  643
 6.650  645.0  90  36  48   1.563 330.0  30.0  647
 6.650  680.0  90  36  45   4.688   0.0   0.0  690
 6.650  690.0  90  36  45   4.688   0.0   0.0  693
 6.650  202.5 -90  36  45   4.688   0.0   0.0  196
 6.650  302.5 -90  36  57  -1.563   0.0   0.0  308
 6.650  305.0 -90  36  63   1.563   0.0   0.0  309
 6.650  307.5 -90  36  54   1.563  90.0  30.0  320
 6.650  310.0 -90  36  69   1.563 330.0  30.0  314
 6.650  312.5 -90  36  69  -1.563  90.0  30.0  317
 6.650  315.0 -90  36  60   1.563  90.0  30.0  318
 6.650  317.5 -90  36  48   1.563   0.0   0.0  320
 6.650  810.0 -90  36  45  -1.563 150.0  30.0  825
 6.675  315.0  90  39  57   1.563 270.0  30.0  321
 6.675  317.5  90  39  63   1.563   0.0   0.0  324
 6.675  320.0  90  39  72   1.563   0.0   0.0  324
 6.675  322.5  90  39  72   1.563   0.0   0.0  328
 6.675  325.0  90  39  72   1.563  90.0  30.0  329
 6.675  327.5  90  39  63   1.563 210.0  30.0  331
 6.675  330.0  90  39  48  -1.563   0.0   0.0  333
 6.675  642.5  90  39  51  -1.563 210.0  30.0  647
 6.675   97.5 -90  36  45  -4.688 150.0  30.0  105
 6.675  302.5 -90  36  57  -1.563   0.0   0.0  309
 6.675  305.0 -90  36  66   1.563   0.0   0.0  310
 6.675  307.5 -90  36  57   1.563   0.0   0.0  308
 6.675  310.0 -90  36  57  -1.563 330.0  30.0  317
 6.675  312.5 -90  36  60  -1.563 330.0  30.0  319
 6.675  315.0 -90  36  60  -1.563 210.0  30.0  319
 6.675  317.5 -90  36  48   1.563 330.0  30.0  315
 6.675  687.5 -90  36  45   1.563 270.0  30.0  702
 6.700  315.0  90  36  45   1.563   0.0   0.0  320
 6.700  317.5  90  36  69   1.563   0.0   0.0  323
 6.700  320.0  90  36  75   1.563   0.0   0.0  324
 6.700  322.5  90  36  66  -1.563  90.0  30.0  329
 6.700  325.0  90  36  78   1.563 330.0  30.0  329
 6.700  327.5  90  36  75   1.563 330.0  30.0  330
 6.700  330.0  90  36  57   1.563  90.0  30.0  324
 6.700  335.0  90  36  45   1.563   0.0   0.0  337
 6.700  640.0  90  36  45  -1.563   0.0   0.0  646
 6.700  642.5  90  36  48   1.563 210.0  30.0  647
 6.700  645.0  90  36  45  -1.563  90.0  30.0  641
 6.700  647.5  90  36  45   1.563 150.0  30.0  651
 6.700  650.0  90  36  45   1.563   0.0   0.0  655
 6.700  652.5  90  36  48  -1.563 210.0  30.0  657
 6.700  655.0  90  36  45  -1.563   0.0   0.0  657
 6.700  302.5 -90  36  57  -1.563   0.0   0.0  308
 6.700  305.0 -90  36  66  -1.563 150.0  30.0  310
 6.700  307.5 -90  36  66   1.563 210.0  30.0  311
 6.700  310.0 -90  36  60   1.563  90.0  30.0  313
 6.700  312.5 -90  36  60   1.563 210.0  30.0  307
 6.700  315.0 -90  36  63   1.563 330.0  30.0  319
 6.700  317.5 -90  36  51   1.563  90.0  30.0  319
 6.725  317.5  90  36  60  -1.563   0.0   0.0  323
 6.725  320.0  90  36  72  -1.563   0.0   0.0  323
 6.725  322.5  90  36  69   1.563 210.0  30.0  326
 6.725  325.0  90  36  69  -1.563  90.0  30.0  331
 6.725  327.5  90  36  75  -1.563 210.0  30.0  331
 6.725  330.0  90  36  63   1.563  90.0  30.0  325
 6.725  332.5  90  36  51   1.563 330.0  30.0  326
 6.725  335.0  90  36  51  -1.563   0.0   0.0  339
 6.725  647.5  90  36  45   1.563 210.0  30.0  651
 6.725  652.5  90  36  45   1.563 270.0  30.0  654
 6.725  655.0  90  36  45   1.563 330.0  30.0  658
 6.725  657.5  90  36  45  -1.563 150.0  30.0  662
 6.725  302.5 -90  36  60  -1.563   0.0   0.0  308
 6.725  305.0 -90  36  57  -1.563   0.0   0.0  307
 6.725  307.5 -90  36  66  -1.563   0.0   0.0  310
 6.725  310.0 -90  36  63   1.563 210.0  30.0  314
 6.725  312.5 -90  36  66  -1.563 210.0  30.0  316
 6.725  315.0 -90  36  60  -1.563 330.0  30.0  319
 6.725  317.5 -90  36  51  -1.563 330.0  30.0  320
 6.750  317.5  90  36  48  -1.563   0.0   0.0  324
 6.750  320.0  90  36  60  -1.563 150.0  30.0  324
 6.750  322.5  90  36  66   1.563   0.0   0.0  327
 6.750  325.0  90  36  72  -1.563 330.0  30.0  332
 6.750  327.5  90  36  75  -1.563  90.0  30.0  332
 6.750  330.0  90  36  66  -1.563 330.0  30.0  333
 6.750  332.5  90  36  60   1.563 210.0  30.0  328
 6.750  337.5  90  36  45  -1.563 210.0  30.0  341
 6.750  645.0  90  36  45   1.563   0.0   0.0  650
 6.750  647.5  90  36  51   1.563   0.0   0.0  652
 6.750  650.0  90  36  45  -1.563   0.0   0.0  653
 6.750  652.5  90  36  45   1.563 150.0  30.0  654
 6.750  302.5 -90  36  54  -1.563  30.0  30.0  309
 6.750  305.0 -90  36  66  -1.563  30.0  30.0  310
 6.750  307.5 -90  36  66  -1.563 270.0  30.0  311
 6.750  310.0 -90  36  66  -1.563   0.0   0.0  315
 6.750  312.5 -90  36  69  -1.563 210.0  30.0  317
 6.750  315.0 -90  36  54   1.563 210.0  30.0  317
 6.750  317.5 -90  36  57   1.563  90.0  30.0  320
 6.775  320.0  90  36  60  -1.563 150.0  30.0  327
 6.775  322.5  90  36  72   1.563   0.0   0.0  328
 6.775  325.0  90  36  69   1.563   0.0   0.0  329
 6.775  327.5  90  36  75  -1.563 210.0  30.0  334
 6.775  330.0  90  36  69  -1.563 210.0  30.0  334
 6.775  332.5  90  36  54   1.563 150.0  30.0  327
 6.775  337.5  90  36  45  -1.563 210.0  30.0  343
 6.775  340.0  90  36  45  -1.563  90.0  30.0  345
 6.775  647.5  90  36  45   1.563   0.0   0.0  653
 6.775  652.5  90  36  45  -1.563   0.0   0.0  660
 6.775  657.5  90  36  45   1.563 330.0  30.0  658
 6.775  660.0  90  36  45  -1.563   0.0   0.0  662
 6.775  302.5 -90  36  48   1.563   0.0   0.0  308
 6.775  305.0 -90  36  63  -1.563  30.0  30.0  311
 6.775  307.5 -90  36  63  -1.563   0.0   0.0  311
 6.775  310.0 -90  36  66  -1.563   0.0   0.0  316
 6.775  312.5 -90  36  69  -1.563   0.0   0.0  318
 6.775  315.0 -90  36  66   1.563 210.0  30.0  320
 6.775  317.5 -90  36  60   1.563 330.0  30.0  321
 6.800  320.0  90  36  57  -1.563   0.0   0.0  326
 6.800  322.5  90  36  72   1.563   0.0   0.0  327
 6.800  325.0  90  36  75   1.563   0.0   0.0  329
 6.800  327.5  90  36  78  -1.563 210.0  30.0  332
 6.800  330.0  90  36  72  -1.563  90.0  30.0  333
 6.800  332.5  90  36  66   1.563  90.0  30.0  329
 6.800  335.0  90  36  57   1.563 330.0  30.0  338
 6.800  337.5  90  36  48  -1.563   0.0   0.0  339
 6.800  340.0  90  36  45   1.563   0.0   0.0  342
 6.800  650.0  90  36  48  -1.563   0.0   0.0  654
 6.800  652.5  90  36  54   1.563  30.0  30.0  657
 6.800  655.0  90  36  48   1.563   0.0   0.0  659
 6.800  657.5  90  36  51  -1.563 210.0  30.0  661
 6.800  660.0  90  36  45   1.563   0.0   0.0  664
 6.800  662.5  90  36  45   1.563  90.0  30.0  666
 6.800  305.0 -90  36  60  -1.563 150.0  30.0  311
 6.800  307.5 -90  36  63  -1.563 150.0  30.0  311
 6.800  310.0 -90  36  57   1.563  90.0  30.0  313
 6.800  312.5 -90  36  69  -1.563   0.0   0.0  318
 6.800  315.0 -90  36  69  -1.563 210.0  30.0  319
 6.800  317.5 -90  36  63  -1.563 330.0  30.0  321
 6.800  320.0 -90  36  51   1.563 330.0  30.0  322
 6.825  320.0  90  36  51  -1.563 150.0  30.0  325
 6.825  322.5  90  36  69  -1.563   0.0   0.0  327
 6.825  325.0  90  36  66   1.563   0.0   0.0  326
 6.825  327.5  90  36  63  -1.563 210.0  30.0  330
 6.825  330.0  90  36  72  -1.563 210.0  30.0  334
 6.825  332.5  90  36  63   1.563 330.0  30.0  331
 6.825  335.0  90  36  54   1.563 150.0  30.0  326
 6.825  337.5  90  36  45  -1.563  90.0  30.0  334
 6.825  650.0  90  36  45   1.563  90.0  30.0  655
 6.825  652.5  90  36  51   1.563   0.0   0.0  656
 6.825  655.0  90  36  48   1.563   0.0   0.0  656
 6.825  660.0  90  36  48  -1.563 330.0  30.0  664
 6.825  667.5  90  36  45   1.563   0.0   0.0  670
 6.825  305.0 -90  36  57  -1.563   0.0   0.0  310
 6.825  307.5 -90  36  63  -1.563   0.0   0.0  311
 6.825  310.0 -90  36  60   1.563   0.0   0.0  317
 6.825  312.5 -90  36  72   1.563   0.0   0.0  315
 6.825  315.0 -90  36  72   1.563 330.0  30.0  318
 6.825  317.5 -90  36  63  -1.563  90.0  30.0  319
 6.825  320.0 -90  36  48   1.563  30.0  30.0  323
 6.850  322.5  90  36  60   1.563   0.0   0.0  328
 6.850  325.0  90  36  66   1.563   0.0   0.0  329
 6.850  327.5  90  36  66  -1.563   0.0   0.0  331
 6.850  330.0  90  36  69  -1.563 210.0  30.0  335
 6.850  332.5  90  36  60   1.563  90.0  30.0  337
 6.850  335.0  90  36  60  -1.563   0.0   0.0  338
 6.850  337.5  90  36  45  -1.563  90.0  30.0  339
 6.850  660.0  90  36  45   1.563 150.0  30.0  665
 6.850  667.5  90  36  45  -1.563   0.0   0.0  671
 6.850  305.0 -90  36  48   1.563  30.0  30.0  311
 6.850  307.5 -90  36  60  -1.563 150.0  30.0  313
 6.850  310.0 -90  36  66  -1.563   0.0   0.0  315
 6.850  312.5 -90  36  63  -1.563   0.0   0.0  315
 6.850  315.0 -90  36  69   1.563 210.0  30.0  319
 6.850  317.5 -90  36  63   1.563 330.0  30.0  320
 6.875  315.0  90  36  45  -1.563  30.0  30.0  319
 6.875  322.5  90  36  48  -1.563   0.0   0.0  330
 6.875  325.0  90  36  60  -1.563   0.0   0.0  331
 6.875  327.5  90  36  66  -1.563 210.0  30.0  332
 6.875  330.0  90  36  69  -1.563  90.0  30.0  335
 6.875  332.5  90  36  69   1.563 210.0  30.0  336
 6.875  335.0  90  36  60  -1.563 150.0  30.0  340
 6.875  337.5  90  36  57  -1.563   0.0   0.0  342
 6.875  340.0  90  36  45   1.563 330.0  30.0  341
 6.875  660.0  90  36  45   1.563 270.0  30.0  667
 6.875  662.5  90  36  48   1.563 270.0  30.0  668
 6.875  305.0 -90  36  45   1.563 270.0  30.0  312
 6.875  307.5 -90  36  60  -1.563   0.0   0.0  314
 6.875  310.0 -90  36  63  -1.563   0.0   0.0  316
 6.875  312.5 -90  36  63   1.563   0.0   0.0  317
 6.875  315.0 -90  36  72  -1.563  90.0  30.0  321
 6.875  317.5 -90  36  69   1.563 210.0  30.0  321
 6.875  320.0 -90  36  57   1.563 210.0  30.0  323
 6.875  322.5 -90  36  45   1.563 330.0  30.0  324
 6.900  325.0  90  36  48  -1.563 150.0  30.0  333
 6.900  327.5  90  36  63   1.563 210.0  30.0  333
 6.900  330.0  90  36  57   1.563   0.0   0.0  334
 6.900  332.5  90  36  72   1.563  90.0  30.0  337
 6.900  335.0  90  36  78   1.563  90.0  30.0  339
 6.900  337.5  90  36  72  -1.563 330.0  30.0  340
 6.900  340.0  90  36  57   1.563  90.0  30.0  335
 6.900  342.5  90  36  48   1.563   0.0   0.0  343
 6.900  662.5  90  36  51  -1.563 270.0  30.0  667
 6.900  665.0  90  36  48  -1.563 150.0  30.0  668
 6.900  670.0  90  36  45  -1.563   0.0   0.0  675
 6.900  672.5  90  36  45  -1.563   0.0   0.0  675
 6.900  675.0  90  36  45  -1.563 150.0  30.0  679
 6.900  677.5  90  36  45  -1.563  30.0  30.0  679
 6.900  307.5 -90  36  54  -1.563  30.0  30.0  313
 6.900  310.0 -90  36  60   1.563 210.0  30.0  316
 6.900  312.5 -90  36  60  -1.563   0.0   0.0  315
 6.900  315.0 -90  36  66  -1.563 210.0  30.0  321
 6.900  317.5 -90  36  66   1.563 210.0  30.0  320
 6.900  320.0 -90  36  57   1.563 210.0  30.0  325
 6.900  322.5 -90  36  51   1.563 210.0  30.0  325
 6.925  327.5  90  36  60   1.563 210.0  30.0  333
 6.925  330.0  90  36  69   1.563   0.0   0.0  335
 6.925  332.5  90  36  54   1.563 210.0  30.0  338
 6.925  335.0  90  36  75  -1.563 210.0  30.0  341
 6.925  337.5  90  36  75   1.563 210.0  30.0  341
 6.925  340.0  90  36  63   1.563 330.0  30.0  344
 6.925  342.5  90  36  54   1.563   0.0   0.0  346
 6.925  345.0  90  36  45  -1.563   0.0   0.0  348
 6.925  662.5  90  36  48   1.563  90.0  30.0  668
 6.925  665.0  90  36  54   1.563   0.0   0.0  669
 6.925  667.5  90  36  45  -1.563   0.0   0.0  671
 6.925  670.0  90  36  48  -1.563   0.0   0.0  675
 6.925  672.5  90  36  45   1.563 150.0  30.0  676
 6.925  307.5 -90  36  51  -1.563   0.0   0.0  314
 6.925  310.0 -90  36  60   1.563   0.0   0.0  314
 6.925  312.5 -90  36  63  -1.563 330.0  30.0  318
 6.925  315.0 -90  36  63   1.563 330.0  30.0  320
 6.925  317.5 -90  36  69   1.563 210.0  30.0  316
 6.925  320.0 -90  36  69   1.563 330.0  30.0  324
 6.925  322.5 -90  36  57   1.563 210.0  30.0  326
 6.950  327.5  90  36  48   1.563 210.0  30.0  335
 6.950  330.0  90  36  69   1.563   0.0   0.0  335
 6.950  332.5  90  36  69  -1.563   0.0   0.0  336
 6.950  335.0  90  36  75  -1.563 210.0  30.0  340
 6.950  337.5  90  36  81  -1.563  90.0  30.0  342
 6.950  340.0  90  36  66  -1.563 210.0  30.0  343
 6.950  342.5  90  36  57   1.563 210.0  30.0  337
 6.950  662.5  90  36  48   1.563   0.0   0.0  667
 6.950  665.0  90  36  48   1.563  30.0  30.0  668
 6.950  667.5  90  36  48  -1.563   0.0   0.0  672
 6.950  670.0  90  36  51   1.563 150.0  30.0  673
 6.950  672.5  90  36  48  -1.563 330.0  30.0  674
 6.950  307.5 -90  36  48   1.563 270.0  30.0  314
 6.950  310.0 -90  36  60   1.563  30.0  30.0  315
 6.950  312.5 -90  36  69   1.563   0.0   0.0  317
 6.950  315.0 -90  36  72   1.563  90.0  30.0  319
 6.950  317.5 -90  36  72  -1.563 210.0  30.0  322
 6.950  320.0 -90  36  66  -1.563 210.0  30.0  323
 6.950  322.5 -90  36  54   1.563 210.0  30.0  324
 6.950  325.0 -90  36  45   1.563 330.0  30.0  326
 6.975  330.0  90  36  60   1.563   0.0   0.0  334
 6.975  332.5  90  36  63   1.563   0.0   0.0  334
 6.975  335.0  90  36  69   1.563  90.0  30.0  339
 6.975  337.5  90  36  72   1.563 210.0  30.0  341
 6.975  340.0  90  36  72   1.563 330.0  30.0  342
 6.975  342.5  90  36  60   1.563   0.0   0.0  344
 6.975  345.0  90  36  54   1.563   0.0   0.0  347
 6.975  347.5  90  36  45  -1.563   0.0   0.0  350
 6.975  665.0  90  36  45   1.563 210.0  30.0  668
 6.975  667.5  90  36  48  -1.563   0.0   0.0  671
 6.975  670.0  90  36  51   1.563  30.0  30.0  673
 6.975  672.5  90  36  48   1.563 270.0  30.0  675
 6.975  675.0  90  36  45   1.563   0.0   0.0  674
 6.975  307.5 -90  36  45  -1.563 270.0  30.0  313
 6.975  310.0 -90  36  54  -1.563 150.0  30.0  314
 6.975  312.5 -90  36  69   1.563  30.0  30.0  316
 6.975  315.0 -90  36  66   1.563 150.0  30.0  316
 6.975  317.5 -90  36  63   1.563 150.0  30.0  316
 6.975  320.0 -90  36  63  -1.563   0.0   0.0  322
 6.975  322.5 -90  36  60   1.563 210.0  30.0  324
 7.000  330.0  90  36  54  -1.563  30.0  30.0  335
 7.000  332.5  90  36  63   1.563  90.0  30.0  338
 7.000  335.0  90  36  66   1.563 330.0  30.0  338
 7.000  337.5  90  36  54   1.563 330.0  30.0  348
 7.000  340.0  90  36  66   1.563 210.0  30.0  343
 7.000  342.5  90  36  69   1.563  90.0  30.0  338
 7.000  345.0  90  36  63   1.563  90.0  30.0  347
 7.000  347.5  90  36  48   1.563   0.0   0.0  349
 7.000  667.5  90  36  45   1.563   0.0   0.0  661
 7.000  670.0  90  36  48   1.563   0.0   0.0  674
 7.000  672.5  90  36  45   1.563   0.0   0.0  678
 7.000  310.0 -90  36  63  -1.563 150.0  30.0  315
 7.000  312.5 -90  36  69  -1.563  30.0  30.0  317
 7.000  315.0 -90  36  60   1.563  90.0  30.0  317
 7.000  317.5 -90  36  66   1.563 330.0  30.0  322
 7.000  320.0 -90  36  60  -1.563 330.0  30.0  319
 7.000  322.5 -90  36  54   4.688 210.0  30.0  316
 7.000  325.0 -90  36  45   1.563  90.0  30.0  317
 7.025  330.0  90  39  51  -1.563   0.0   0.0  335
 7.025  332.5  90  39  66   1.563 330.0  30.0  340
 7.025  335.0  90  39  78   1.563 330.0  30.0  341
 7.025  337.5  90  39  75   1.563 210.0  30.0  343
 7.025  340.0  90  39  75   1.563 210.0  30.0  345
 7.025  342.5  90  39  72  -1.563 330.0  30.0  347
 7.025  345.0  90  39  69   1.563 210.0  30.0  344
 7.025  347.5  90  39  57   1.563 330.0  30.0  359
 7.025  350.0  90  39  51   1.563 210.0  30.0  357
 7.025  672.5  90  39  48  -1.563  90.0  30.0  673
 7.025  675.0  90  39  54   1.563  90.0  30.0  681
 7.025  677.5  90  39  54  -1.563  90.0  30.0  681
 7.025  680.0  90  39  48  -1.563  90.0  30.0  688
 7.025  685.0  90  39  48   1.563  90.0  30.0  694
 7.025  310.0 -90  39  63  -1.563   0.0   0.0  319
 7.025  312.5 -90  39  66   1.563   0.0   0.0  319
 7.025  315.0 -90  39  60   1.563 210.0  30.0  323
 7.025  317.5 -90  39  75   1.563 330.0  30.0  323
 7.025  320.0 -90  39  75   1.563 330.0  30.0  325
 7.025  322.5 -90  39  69   1.563 330.0  30.0  325
 7.025  325.0 -90  39  60   1.563 330.0  30.0  328
 7.050  332.5  90  39  63   1.563   0.0   0.0  339
 7.050  335.0  90  39  81   1.563   0.0   0.0  340
 7.050  337.5  90  39  78   1.563   0.0   0.0  340
 7.050  340.0  90  39  75   1.563  90.0  30.0  343
 7.050  342.5  90  39  75   1.563 210.0  30.0  337
 7.050  345.0  90  39  69   1.563  90.0  30.0  339
 7.050  347.5  90  39  66   1.563  90.0  30.0  344
 7.050  350.0  90  39  57   1.563   0.0   0.0  353
 7.050  670.0  90  39  48   1.563   0.0   0.0  672
 7.050  685.0  90  39  51  -1.563 210.0  30.0  689
 7.050  310.0 -90  42  60  -1.563 150.0  30.0  316
 7.050  312.5 -90  42  63  -1.563   0.0   0.0  317
 7.050  315.0 -90  42  66   1.563   0.0   0.0  317
 7.050  317.5 -90  42  72  -1.563   0.0   0.0  323
 7.050  320.0 -90  42  78   1.563 330.0  30.0  324
 7.050  322.5 -90  42  75   1.563 330.0  30.0  325
 7.050  325.0 -90  42  54  -1.563   0.0   0.0  326
 7.075  332.5  90  39  54   1.563   0.0   0.0  340
 7.075  335.0  90  39  75   1.563   0.0   0.0  341
 7.075  337.5  90  39  84   1.563   0.0   0.0  341
 7.075  340.0  90  39  72   1.563 150.0  30.0  341
 7.075  342.5  90  39  75   1.563 210.0  30.0  348
 7.075  345.0  90  39  81   1.563 210.0  30.0  348
 7.075  347.5  90  39  63   1.563   0.0   0.0  339
 7.075  350.0  90  39  51   1.563 330.0  30.0  346
 7.075  352.5  90  39  51   1.563   0.0   0.0  355
 7.075  360.0  90  39  51   1.563   0.0   0.0  365
 7.075  677.5  90  39  51  -1.563  30.0  30.0  682
 7.075  680.0  90  39  54  -1.563  30.0  30.0  684
 7.075  682.5  90  39  57   1.563   0.0   0.0  687
 7.075  685.0  90  39  51  -1.563 210.0  30.0  687
 7.075  687.5  90  39  48   1.563  30.0  30.0  693
 7.075  310.0 -90  42  54  -1.563 270.0  30.0  316
 7.075  312.5 -90  42  63   1.563   0.0   0.0  318
 7.075  315.0 -90  42  69   1.563   0.0   0.0  318
 7.075  317.5 -90  42  72   1.563 270.0  30.0  321
 7.075  320.0 -90  42  75  -1.563 330.0  30.0  325
 7.075  322.5 -90  42  69   1.563  90.0  30.0  325
 7.075  325.0 -90  42  69   1.563 330.0  30.0  328
 7.075  327.5 -90  42  51   1.563  90.0  30.0  323
 7.100  332.5  90  42  51  -1.563   0.0   0.0  336
 7.100  335.0  90  42  66   1.563   0.0   0.0  341
 7.100  337.5  90  42  81   1.563   0.0   0.0  343
 7.100  340.0  90  42  81   1.563   0.0   0.0  343
 7.100  342.5  90  42  72   1.563 330.0  30.0  346
 7.100  345.0  90  42  66  -4.688   0.0   0.0  351
 7.100  347.5  90  42  69   1.563 210.0  30.0  345
 7.100  350.0  90  42  63  -1.563 210.0  30.0  348
 7.100  352.5  90  42  57   1.563 210.0  30.0  354
 7.100  677.5  90  42  51  -1.563   0.0   0.0  681
 7.100  680.0  90  42  51   1.563   0.0   0.0  684
 7.100  682.5  90  42  60   1.563   0.0   0.0  687
 7.100  685.0  90  42  54   1.563 150.0  30.0  688
 7.100  312.5 -90  42  63   1.563   0.0   0.0  318
 7.100  315.0 -90  42  69   1.563   0.0   0.0  319
 7.100  317.5 -90  42  69   1.563   0.0   0.0  321
 7.100  320.0 -90  42  75   1.563   0.0   0.0  317
 7.100  322.5 -90  42  78   1.563 210.0  30.0  326
 7.100  325.0 -90  42  75   1.563  90.0  30.0  328
 7.100  327.5 -90  42  57   1.563 210.0  30.0  325
 7.125  335.0  90  42  57   1.563   0.0   0.0  340
 7.125  337.5  90  42  72   1.563   0.0   0.0  343
 7.125  340.0  90  42  84   1.563   0.0   0.0  344
 7.125  342.5  90  42  81   1.563   0.0   0.0  345
 7.125  345.0  90  42  72   1.563  90.0  30.0  349
 7.125  347.5  90  42  63   1.563  30.0  30.0  350
 7.125  350.0  90  42  75   1.563  90.0  30.0  347
 7.125  352.5  90  42  66   1.563  90.0  30.0  347
 7.125  682.5  90  42  51   1.563   0.0   0.0  686
 7.125  685.0  90  42  54   1.563   0.0   0.0  687
 7.125  687.5  90  42  54   1.563   0.0   0.0  692
 7.125  690.0  90  42  54  -1.563 150.0  30.0  694
 7.125  692.5  90  42  54  -1.563   0.0   0.0  695
 7.125  695.0  90  42  54   1.563   0.0   0.0  697
 7.125  312.5 -90  42  60  -1.563  30.0  30.0  319
 7.125  315.0 -90  42  72   1.563   0.0   0.0  320
 7.125  317.5 -90  42  78   1.563   0.0   0.0  322
 7.125  320.0 -90  42  84  -1.563   0.0   0.0  324
 7.125  322.5 -90  42  81   1.563 330.0  30.0  326
 7.125  325.0 -90  42  69   1.563  90.0  30.0  326
 7.125  327.5 -90  42  63   1.563 210.0  30.0  323
 7.150  335.0  90  39  51   1.563 270.0  30.0  340
 7.150  337.5  90  39  63   1.563   0.0   0.0  342
 7.150  340.0  90  39  78   1.563   0.0   0.0  346
 7.150  342.5  90  39  81   1.563   0.0   0.0  346
 7.150  345.0  90  39  63  -1.563 270.0  30.0  346
 7.150  347.5  90  39  78   1.563   0.0   0.0  352
 7.150  350.0  90  39  81   1.563 330.0  30.0  347
 7.150  352.5  90  39  66   1.563 330.0  30.0  352
 7.150  355.0  90  39  60   1.563  90.0  30.0  350
 7.150  357.5  90  39  48   1.563 150.0  30.0  351
 7.150  682.5  90  39  48  -1.563  30.0  30.0  687
 7.150  685.0  90  39  48  -1.563  90.0  30.0  688
 7.150  687.5  90  39  57   1.563 210.0  30.0  692
 7.150  690.0  90  39  54   1.563 210.0  30.0  694
 7.150  692.5  90  39  57   1.563   0.0   0.0  697
 7.150  312.5 -90  42  57  -1.563  30.0  30.0  318
 7.150  315.0 -90  42  66  -1.563   0.0   0.0  321
 7.150  317.5 -90  42  78   1.563  30.0  30.0  322
 7.150  320.0 -90  42  75   1.563   0.0   0.0  323
 7.150  322.5 -90  42  75   1.563 210.0  30.0  327
 7.150  325.0 -90  42  72   1.563  90.0  30.0  328
 7.175  337.5  90  39  48  -1.563 150.0  30.0  343
 7.175  340.0  90  39  66  -1.563 270.0  30.0  345
 7.175  342.5  90  39  81   1.563 270.0  30.0  346
 7.175  345.0  90  39  78   1.563 150.0  30.0  347
 7.175  347.5  90  39  78  -1.563   0.0   0.0  353
 7.175  350.0  90  39  81  -1.563   0.0   0.0  353
 7.175  352.5  90  39  75  -1.563 210.0  30.0  355
 7.175  355.0  90  39  69   1.563  90.0  30.0  351
 7.175  357.5  90  39  60   1.563 330.0  30.0  358
 7.175  685.0  90  39  48  -1.563   0.0   0.0  689
 7.175  687.5  90  39  48  -1.563  30.0  30.0  692
 7.175  690.0  90  39  60  -1.563   0.0   0.0  694
 7.175  692.5  90  39  60   1.563 150.0  30.0  695
 7.175  695.0  90  39  48   1.563 210.0  30.0  693
 7.175  697.5  90  39  48   1.563   0.0   0.0  700
 7.175  700.0  90  39  51  -1.563   0.0   0.0  700
 7.175  702.5  90  39  48  -1.563   0.0   0.0  710
 7.175  312.5 -90  39  51   1.563 150.0  30.0  318
 7.175  315.0 -90  39  66   1.563  30.0  30.0  320
 7.175  317.5 -90  39  72  -1.563 270.0  30.0  320
 7.175  320.0 -90  39  66  -1.563  90.0  30.0  323
 7.175  322.5 -90  39  69   1.563   0.0   0.0  324
 7.175  325.0 -90  39  72   1.563  90.0  30.0  328
 7.175  327.5 -90  39  66   1.563 210.0  30.0  321
 7.175  330.0 -90  39  48  -1.563  90.0  30.0  333
 7.200  325.0  90  39  48   1.563 150.0  30.0  329
 7.200  340.0  90  39  48  -1.563  30.0  30.0  348
 7.200  342.5  90  39  72   1.563   0.0   0.0  349
 7.200  345.0  90  39  81   1.563   0.0   0.0  349
 7.200  347.5  90  39  78  -1.563  90.0  30.0  351
 7.200  350.0  90  39  72  -1.563   0.0   0.0  358
 7.200  352.5  90  39  78   1.563 330.0  30.0  357
 7.200  355.0  90  39  75   1.563 210.0  30.0  350
 7.200  357.5  90  39  66   1.563 210.0  30.0  354
 7.200  360.0  90  39  48   1.563  90.0  30.0  354
 7.200  362.5  90  39  48   1.563   0.0   0.0  362
 7.200  370.0  90  39  48  -1.563  90.0  30.0  366
 7.200  687.5  90  39  51  -1.563 210.0  30.0  691
 7.200  690.0  90  39  54   1.563  90.0  30.0  695
 7.200  692.5  90  39  57  -1.563  30.0  30.0  698
 7.200  695.0  90  39  54  -1.563 270.0  30.0  698
 7.200  697.5  90  39  48  -1.563 150.0  30.0  702
 7.200  700.0  90  39  54   1.563   0.0   0.0  704
 7.200  702.5  90  39  51   1.563   0.0   0.0  707
 7.200  705.0  90  39  48   1.563   0.0   0.0  708
 7.200  315.0 -90  39  66  -1.563 270.0  30.0  320
 7.200  317.5 -90  39  69  -1.563  30.0  30.0  322
 7.200  320.0 -90  39  69  -1.563  90.0  30.0  324
 7.200  322.5 -90  39  69  -1.563   0.0   0.0  327
 7.200  325.0 -90  39  72   1.563  90.0  30.0  320
 7.200  327.5 -90  39  72   1.563 330.0  30.0  323
 7.200  330.0 -90  39  63   1.563 210.0  30.0  332
 7.200  645.0 -90  39  48  -1.563   0.0   0.0  650
 7.225  337.5  90  42  51   1.563 270.0  30.0  342
 7.225  340.0  90  42  57   1.563 330.0  30.0  344
 7.225  342.5  90  42  60   1.563   0.0   0.0  350
 7.225  345.0  90  42  78   1.563   0.0   0.0  350
 7.225  347.5  90  42  75   1.563   0.0   0.0  350
 7.225  350.0  90  42  75   1.563   0.0   0.0  355
 7.225  352.5  90  42  75   1.563 330.0  30.0  354
 7.225  355.0  90  42  84   1.563 330.0  30.0  351
 7.225  357.5  90  42  75   1.563 330.0  30.0  354
 7.225  360.0  90  42  63   1.563 210.0  30.0  355
 7.225  692.5  90  42  54   1.563   0.0   0.0  697
 7.225  695.0  90  42  54   1.563   0.0   0.0  700
 7.225  700.0  90  42  51  -1.563   0.0   0.0  703
 7.225  705.0  90  42  51  -1.563   0.0   0.0  709
 7.225  315.0 -90  42  54  -1.563 270.0  30.0  323
 7.225  317.5 -90  42  66   1.563   0.0   0.0  323
 7.225  320.0 -90  42  69  -1.563   0.0   0.0  324
 7.225  322.5 -90  42  66  -1.563   0.0   0.0  327
 7.225  325.0 -90  42  78   1.563 210.0  30.0  323
 7.225  327.5 -90  42  75   1.563  90.0  30.0  331
 7.225  330.0 -90  42  69   1.563 330.0  30.0  333
 7.250  327.5  90  39  48  -1.563   0.0   0.0  333
 7.250  340.0  90  39  57   1.563 330.0  30.0  344
 7.250  342.5  90  39  51   1.563 330.0  30.0  345
 7.250  345.0  90  39  69  -1.563   0.0   0.0  351
 7.250  347.5  90  39  78  -1.563   0.0   0.0  352
 7.250  350.0  90  39  78   1.563   0.0   0.0  354
 7.250  352.5  90  39  81   1.563 210.0  30.0  357
 7.250  355.0  90  39  84   1.563  90.0  30.0  359
 7.250  357.5  90  39  78   1.563  90.0  30.0  354
 7.250  360.0  90  39  66  -1.563 210.0  30.0  355
 7.250  362.5  90  39  57   1.563   0.0   0.0  366
 7.250  365.0  90  39  48   1.563   0.0   0.0  366
 7.250  690.0  90  39  48   1.563   0.0   0.0  688
 7.250  697.5  90  39  51   1.563   0.0   0.0  702
 7.250  700.0  90  39  54   1.563 150.0  30.0  692
 7.250  702.5  90  39  51  -1.563 150.0  30.0  706
 7.250  705.0  90  39  51   1.563 270.0  30.0  708
 7.250  707.5  90  39  48  -1.563   0.0   0.0  709
 7.250  710.0  90  39  48   1.563   0.0   0.0  716
 7.250  712.5  90  39  51   1.563  30.0  30.0  716
 7.250  317.5 -90  39  63  -1.563 150.0  30.0  323
 7.250  320.0 -90  39  63   1.563 330.0  30.0  324
 7.250  322.5 -90  39  69  -1.563 330.0  30.0  324
 7.250  325.0 -90  39  78   1.563 330.0  30.0  329
 7.250  327.5 -90  39  75   1.563  90.0  30.0  332
 7.250  330.0 -90  39  66  -1.563 210.0  30.0  332
 7.250  332.5 -90  39  48   1.563 210.0  30.0  331
 7.250  642.5 -90  39  48   1.563 270.0  30.0  648
 7.275  342.5  90  39  48   1.563 330.0  30.0  348
 7.275  345.0  90  39  54  -1.563   0.0   0.0  352
 7.275  347.5  90  39  69   1.563   0.0   0.0  352
 7.275  350.0  90  39  78   1.563 210.0  30.0  354
 7.275  352.5  90  39  72   1.563   0.0   0.0  361
 7.275  355.0  90  39  72   1.563 210.0  30.0  358
 7.275  357.5  90  39  69  -1.563   0.0   0.0  360
 7.275  360.0  90  39  66   1.563 330.0  30.0  356
 7.275  362.5  90  39  63   1.563 330.0  30.0  358
 7.275  365.0  90  39  48   1.563  90.0  30.0  358
 7.275  367.5  90  39  51   1.563   0.0   0.0  371
 7.275  700.0  90  39  51  -1.563   0.0   0.0  704
 7.275  702.5  90  39  54  -1.563 330.0  30.0  707
 7.275  705.0  90  39  57  -1.563   0.0   0.0  709
 7.275  707.5  90  39  51   1.563  90.0  30.0  712
 7.275  710.0  90  39  54  -1.563   0.0   0.0  714
 7.275  712.5  90  39  51  -1.563   0.0   0.0  716
 7.275  720.0  90  39  48   1.563 150.0  30.0  724
 7.275  317.5 -90  39  57  -1.563   0.0   0.0  322
 7.275  320.0 -90  39  63   1.563   0.0   0.0  317
 7.275  322.5 -90  39  72  -1.563   0.0   0.0  329
 7.275  325.0 -90  39  81   1.563  90.0  30.0  329
 7.275  327.5 -90  39  78   1.563 330.0  30.0  330
 7.275  330.0 -90  39  63   1.563  90.0  30.0  323
 7.275  332.5 -90  39  54   1.563 330.0  30.0  326
 7.300  340.0  90  39  48  -1.563   0.0   0.0  345
 7.300  342.5  90  39  51   1.563 330.0  30.0  346
 7.300  345.0  90  39  48   1.563 270.0  30.0  347
 7.300  347.5  90  39  54  -1.563   0.0   0.0  353
 7.300  350.0  90  39  72   1.563 210.0  30.0  356
 7.300  352.5  90  39  78   1.563   0.0   0.0  357
 7.300  355.0  90  39  75   1.563   0.0   0.0  358
 7.300  357.5  90  39  72  -1.563   0.0   0.0  356
 7.300  360.0  90  39  75   1.563  90.0  30.0  356
 7.300  362.5  90  39  69   1.563  90.0  30.0  358
 7.300  365.0  90  39  54  -1.563  90.0  30.0  369
 7.300  367.5  90  39  54   1.563   0.0   0.0  370
 7.300  370.0  90  39  48   1.563 210.0  30.0  367
 7.300  700.0  90  39  48  -1.563   0.0   0.0  705
 7.300  705.0  90  39  51  -1.563   0.0   0.0  711
 7.300  707.5  90  39  54   1.563   0.0   0.0  711
 7.300  710.0  90  39  48   1.563 330.0  30.0  715
 7.300  715.0  90  39  51   1.563   0.0   0.0  719
 7.300  717.5  90  39  48   1.563 150.0  30.0  721
 7.300  317.5 -90  39  57  -1.563 150.0  30.0  324
 7.300  320.0 -90  39  69   1.563 270.0  30.0  325
 7.300  322.5 -90  39  75  -1.563   0.0   0.0  327
 7.300  325.0 -90  39  78  -1.563   0.0   0.0  330
 7.300  327.5 -90  39  75   1.563  90.0  30.0  329
 7.300  330.0 -90  39  69   1.563 210.0  30.0  333
 7.300  332.5 -90  39  51   1.563 330.0  30.0  335
 7.300  335.0 -90  39  51   1.563  90.0  30.0  331
 7.300  650.0 -90  39  48  -1.563 210.0  30.0  649
 7.325  345.0  90  42  54   1.563 330.0  30.0  349
 7.325  347.5  90  42  54   1.563   0.0   0.0  353
 7.325  350.0  90  42  63   1.563   0.0   0.0  357
 7.325  352.5  90  42  75   1.563   0.0   0.0  358
 7.325  355.0  90  42  75  -1.563   0.0   0.0  359
 7.325  357.5  90  42  78   1.563 330.0  30.0  363
 7.325  360.0  90  42  75   1.563 210.0  30.0  361
 7.325  362.5  90  42  75   1.563  90.0  30.0  360
 7.325  365.0  90  42  54   1.563 150.0  30.0  367
 7.325  367.5  90  42  60   1.563   0.0   0.0  367
 7.325  370.0  90  42  57   1.563   0.0   0.0  373
 7.325  710.0  90  42  51  -1.563  90.0  30.0  716
 7.325  712.5  90  42  51   1.563 330.0  30.0  713
 7.325  717.5  90  42  54   1.563   0.0   0.0  723
 7.325  317.5 -90  42  51  -1.563   0.0   0.0  324
 7.325  320.0 -90  42  69  -1.563   0.0   0.0  326
 7.325  322.5 -90  42  72   1.563   0.0   0.0  327
 7.325  325.0 -90  42  72  -1.563 330.0  30.0  333
 7.325  327.5 -90  42  81  -1.563 330.0  30.0  333
 7.325  330.0 -90  42  78   1.563 330.0  30.0  335
 7.325  332.5 -90  42  66   1.563 330.0  30.0  329
 7.350  342.5  90  42  51  -1.563  30.0  30.0  349
 7.350  345.0  90  42  54   1.563 330.0  30.0  349
 7.350  350.0  90  42  51  -1.563  90.0  30.0  354
 7.350  352.5  90  42  63   1.563  90.0  30.0  356
 7.350  355.0  90  42  63  -1.563   0.0   0.0  362
 7.350  357.5  90  42  78   1.563   0.0   0.0  362
 7.350  360.0  90  42  78   1.563   0.0   0.0  364
 7.350  362.5  90  42  81  -1.563   0.0   0.0  359
 7.350  365.0  90  42  66   1.563   0.0   0.0  368
 7.350  367.5  90  42  63   1.563   0.0   0.0  370
 7.350  370.0  90  42  51   1.563  90.0  30.0  365
 7.350  715.0  90  42  51  -1.563 330.0  30.0  719
 7.350  717.5  90  42  51  -1.563   0.0   0.0  723
 7.350  720.0  90  42  51  -1.563   0.0   0.0  725
 7.350  320.0 -90  42  60  -1.563 270.0  30.0  327
 7.350  322.5 -90  42  72   1.563 270.0  30.0  327
 7.350  325.0 -90  42  72  -1.563   0.0   0.0  330
 7.350  327.5 -90  42  81  -1.563 210.0  30.0  332
 7.350  330.0 -90  42  75  -1.563 210.0  30.0  326
 7.350  332.5 -90  42  63  -1.563 210.0  30.0  336
 7.375  347.5  90  42  51   1.563 150.0  30.0  351
 7.375  350.0  90  42  54  -1.563 150.0  30.0  354
 7.375  352.5  90  42  54  -1.563 270.0  30.0  360
 7.375  355.0  90  42  69  -1.563 270.0  30.0  360
 7.375  357.5  90  42  72  -1.563   0.0   0.0  362
 7.375  360.0  90  42  75   1.563 210.0  30.0  363
 7.375  362.5  90  42  72  -1.563  90.0  30.0  362
 7.375  365.0  90  42  72   1.563   0.0   0.0  361
 7.375  367.5  90  42  69   1.563  90.0  30.0  362
 7.375  370.0  90  42  66   1.563 330.0  30.0  366
 7.375  372.5  90  42  51  -1.563  90.0  30.0  373
 7.375  375.0  90  42  51   1.563   0.0   0.0  371
 7.375  377.5  90  42  51  -1.563 150.0  30.0  384
 7.375  320.0 -90  39  51   1.563 270.0  30.0  328
 7.375  322.5 -90  39  69   1.563 270.0  30.0  328
 7.375  325.0 -90  39  72   1.563   0.0   0.0  329
 7.375  327.5 -90  39  75   1.563   0.0   0.0  332
 7.375  330.0 -90  39  72   1.563 330.0  30.0  320
 7.375  332.5 -90  39  66   1.563 210.0  30.0  326
 7.375  335.0 -90  39  57   1.563  90.0  30.0  325
 7.400  330.0  90  39  48   1.563 270.0  30.0  333
 7.400  347.5  90  39  57   1.563 330.0  30.0  352
 7.400  350.0  90  39  51   1.563   0.0   0.0  354
 7.400  352.5  90  39  51  -1.563   0.0   0.0  357
 7.400  355.0  90  39  60  -1.563 270.0  30.0  362
 7.400  357.5  90  39  63  -1.563 150.0  30.0  362
 7.400  360.0  90  39  69   1.563 210.0  30.0  364
 7.400  362.5  90  39  69   1.563   0.0   0.0  366
 7.400  365.0  90  39  75   1.563  90.0  30.0  363
 7.400  367.5  90  39  78   1.563 210.0  30.0  364
 7.400  370.0  90  39  69   1.563   0.0   0.0  373
 7.400  372.5  90  39  66   1.563 330.0  30.0  368
 7.400  375.0  90  39  60   1.563 330.0  30.0  370
 7.400  377.5  90  39  54   1.563   0.0   0.0  372
 7.400  380.0  90  39  48   1.563   0.0   0.0  386
 7.400  730.0  90  39  48  -1.563   0.0   0.0  734
 7.400  732.5  90  39  48  -1.563   0.0   0.0  735
 7.400  320.0 -90  39  51  -1.563 150.0  30.0  326
 7.400  322.5 -90  39  63   1.563  30.0  30.0  328
 7.400  325.0 -90  39  75   1.563   0.0   0.0  329
 7.400  327.5 -90  39  78  -1.563 330.0  30.0  332
 7.400  330.0 -90  39  78  -1.563   0.0   0.0  334
 7.400  332.5 -90  39  69   1.563 330.0  30.0  334
 7.400  335.0 -90  39  60   1.563   0.0   0.0  336
 7.400  337.5 -90  39  48   1.563   0.0   0.0  341
 7.400  652.5 -90  39  48  -1.563  90.0  30.0  660
 7.425  347.5  90  39  54   1.563 270.0  30.0  351
 7.425  350.0  90  39  51  -1.563   0.0   0.0  353
 7.425  355.0  90  39  51   1.563   0.0   0.0  361
 7.425  357.5  90  39  54   1.563  90.0  30.0  364
 7.425  360.0  90  39  66   1.563 330.0  30.0  364
 7.425  362.5  90  39  66   1.563 330.0  30.0  366
 7.425  365.0  90  39  72   1.563 330.0  30.0  359
 7.425  367.5  90  39  75   1.563 330.0  30.0  362
 7.425  370.0  90  39  66  -1.563 330.0  30.0  375
 7.425  372.5  90  39  72   1.563  90.0  30.0  369
 7.425  375.0  90  39  63   1.563  90.0  30.0  368
 7.425  377.5  90  39  57   1.563   0.0   0.0  379
 7.425  715.0  90  39  48   1.563   0.0   0.0  720
 7.425  722.5  90  39  51   1.563 270.0  30.0  728
 7.425  725.0  90  39  57   1.563 330.0  30.0  729
 7.425  727.5  90  39  57   1.563 330.0  30.0  731
 7.425  732.5  90  39  48  -1.563   0.0   0.0  733
 7.425  322.5 -90  39  60  -1.563 270.0  30.0  327
 7.425  325.0 -90  39  72   1.563  30.0  30.0  330
 7.425  327.5 -90  39  69   1.563 330.0  30.0  328
 7.425  330.0 -90  39  72   1.563   0.0   0.0  333
 7.425  332.5 -90  39  75   1.563 330.0  30.0  330
 7.425  335.0 -90  39  60  -1.563 210.0  30.0  328
 7.425  337.5 -90  39  54   1.563 330.0  30.0  339
 7.450  332.5  90  39  51  -1.563  90.0  30.0  337
 7.450  347.5  90  39  48   1.563 150.0  30.0  353
 7.450  350.0  90  39  57   1.563 330.0  30.0  353
 7.450  352.5  90  39  48   1.563   0.0   0.0  354
 7.450  355.0  90  39  51   1.563 270.0  30.0  359
 7.450  360.0  90  39  57   1.563 210.0  30.0  366
 7.450  362.5  90  39  72   1.563  90.0  30.0  367
 7.450  365.0  90  39  72   1.563   0.0   0.0  369
 7.450  367.5  90  39  69  -1.563 330.0  30.0  381
 7.450  370.0  90  39  78   1.563   0.0   0.0  367
 7.450  372.5  90  39  81   1.563 330.0  30.0  369
 7.450  375.0  90  39  75   1.563 330.0  30.0  371
 7.450  377.5  90  39  63   1.563 330.0  30.0  373
 7.450  380.0  90  39  48  -1.563 210.0  30.0  374
 7.450  725.0  90  39  48   1.563 210.0  30.0  730
 7.450  727.5  90  39  54  -1.563 330.0  30.0  732
 7.450  730.0  90  39  51   1.563   0.0   0.0  733
 7.450  732.5  90  39  51  -1.563  90.0  30.0  736
 7.450  735.0  90  39  51   1.563 330.0  30.0  739
 7.450  322.5 -90  39  57  -1.563 270.0  30.0  330
 7.450  325.0 -90  39  69  -1.563 150.0  30.0  330
 7.450  327.5 -90  39  75   1.563 150.0  30.0  332
 7.450  330.0 -90  39  75   1.563   0.0   0.0  334
 7.450  332.5 -90  39  81   1.563  90.0  30.0  336
 7.450  335.0 -90  39  72   1.563 210.0  30.0  331
 7.450  337.5 -90  39  63   1.563  90.0  30.0  333
 7.450  340.0 -90  39  51   1.563  90.0  30.0  341
 7.475  332.5  90  39  48  -1.563 270.0  30.0  335
 7.475  335.0  90  39  48   1.563  90.0  30.0  337
 7.475  350.0  90  39  51   1.563   0.0   0.0  351
 7.475  352.5  90  39  48  -1.563   0.0   0.0  357
 7.475  355.0  90  39  48   1.563   0.0   0.0  358
 7.475  360.0  90  39  48   1.563   0.0   0.0  367
 7.475  362.5  90  39  66   1.563   0.0   0.0  368
 7.475  365.0  90  39  78   1.563   0.0   0.0  370
 7.475  367.5  90  39  84   1.563   0.0   0.0  371
 7.475  370.0  90  39  78   1.563   0.0   0.0  365
 7.475  372.5  90  39  72   1.563 210.0  30.0  370
 7.475  375.0  90  39  66   1.563 330.0  30.0  364
 7.475  377.5  90  39  69   1.563 330.0  30.0  373
 7.475  380.0  90  39  60   1.563  90.0  30.0  374
 7.475  382.5  90  39  48   1.563  90.0  30.0  378
 7.475  725.0  90  39  48  -1.563   0.0   0.0  729
 7.475  730.0  90  39  48  -1.563 330.0  30.0  722
 7.475  732.5  90  39  51   1.563   0.0   0.0  730
 7.475  735.0  90  39  57   1.563   0.0   0.0  738
 7.475  737.5  90  39  54  -1.563   0.0   0.0  740
 7.475  740.0  90  39  51  -1.563   0.0   0.0  744
 7.475  742.5  90  39  48   1.563   0.0   0.0  749
 7.475  745.0  90  39  48   1.563   0.0   0.0  749
 7.475  322.5 -90  39  51  -1.563  30.0  30.0  330
 7.475  325.0 -90  39  66  -1.563 270.0  30.0  330
 7.475  327.5 -90  39  69   1.563   0.0   0.0  334
 7.475  330.0 -90  39  66   1.563   0.0   0.0  331
 7.475  332.5 -90  39  78   1.563   0.0   0.0  327
 7.475  335.0 -90  39  78   1.563 330.0  30.0  330
 7.475  337.5 -90  39  66   1.563 330.0  30.0  334
 7.475  340.0 -90  39  54   1.563 210.0  30.0  336
 7.500  350.0  90  39  54   1.563 330.0  30.0  353
 7.500  352.5  90  39  54   1.563 330.0  30.0  357
 7.500  360.0  90  39  48  -1.563 270.0  30.0  367
 7.500  362.5  90  39  51   1.563 210.0  30.0  369
 7.500  365.0  90  39  75   1.563   0.0   0.0  371
 7.500  367.5  90  39  84   1.563   0.0   0.0  372
 7.500  370.0  90  39  78   1.563   0.0   0.0  372
 7.500  372.5  90  39  72  -1.563   0.0   0.0  378
 7.500  375.0  90  39  78  -1.563 210.0  30.0  379
 7.500  377.5  90  39  66  -1.563 210.0  30.0  382
 7.500  380.0  90  39  72   1.563  90.0  30.0  376
 7.500  382.5  90  39  66   1.563 210.0  30.0  377
 7.500  385.0  90  39  48   1.563  90.0  30.0  378
 7.500  715.0  90  39  48  -1.563 330.0  30.0  719
 7.500  730.0  90  39  48   1.563 150.0  30.0  737
 7.500  732.5  90  39  48   1.563   0.0   0.0  735
 7.500  735.0  90  39  51  -1.563   0.0   0.0  734
 7.500  737.5  90  39  48   1.563 330.0  30.0  737
 7.500  740.0  90  39  48   1.563   0.0   0.0  744
 7.500  742.5  90  39  51   1.563 270.0  30.0  745
 7.500  745.0  90  39  51   1.563   0.0   0.0  746
 7.500  750.0  90  39  48   1.563 270.0  30.0  753
 7.500  325.0 -90  39  66  -1.563  30.0  30.0  331
 7.500  327.5 -90  39  72  -1.563 270.0  30.0  332
 7.500  330.0 -90  39  75  -1.563   0.0   0.0  334
 7.500  332.5 -90  39  78  -1.563   0.0   0.0  337
 7.500  335.0 -90  39  75  -1.563 210.0  30.0  333
 7.500  337.5 -90  39  72   1.563 330.0  30.0  333
 7.500  340.0 -90  39  60   1.563 330.0  30.0  335
 7.500  342.5 -90  39  48   1.563 210.0  30.0  336
 7.500  662.5 -90  39  48   1.563  30.0  30.0  666
 7.500  665.0 -90  39  51   1.563 270.0  30.0  668
 7.525  352.5  90  42  51   1.563 330.0  30.0  358
 7.525  355.0  90  42  54   1.563 330.0  30.0  358
 7.525  357.5  90  42  51  -1.563 270.0  30.0  363
 7.525  365.0  90  42  63   1.563   0.0   0.0  371
 7.525  367.5  90  42  75   1.563   0.0   0.0  373
 7.525  370.0  90  42  78   1.563   0.0   0.0  374
 7.525  372.5  90  42  66   1.563  90.0  30.0  387
 7.525  375.0  90  42  75  -1.563 210.0  30.0  379
 7.525  377.5  90  42  72   1.563 210.0  30.0  381
 7.525  380.0  90  42  72   1.563 330.0  30.0  377
 7.525  382.5  90  42  72   1.563 210.0  30.0  380
 7.525  385.0  90  42  66   1.563 330.0  30.0  387
 7.525  387.5  90  42  51  -1.563   0.0   0.0  392
 7.525  745.0  90  42  51   1.563 330.0  30.0  748
 7.525  325.0 -90  42  57   1.563 270.0  30.0  330
 7.525  327.5 -90  42  69  -1.563   0.0   0.0  333
 7.525  330.0 -90  42  72   1.563   0.0   0.0  334
 7.525  332.5 -90  42  81  -1.563   0.0   0.0  337
 7.525  335.0 -90  42  81   1.563  90.0  30.0  333
 7.525  337.5 -90  42  78   1.563  90.0  30.0  334
 7.525  340.0 -90  42  63   1.563 330.0  30.0  333
 7.525  342.5 -90  42  51   1.563 210.0  30.0  339
 7.550  352.5  90  42  51   1.563 150.0  30.0  358
 7.550  355.0  90  42  60  -1.563 330.0  30.0  359
 7.550  360.0  90  42  51  -1.563   0.0   0.0  365
 7.550  367.5  90  42  54  -1.563   0.0   0.0  372
 7.550  370.0  90  42  72   1.563   0.0   0.0  376
 7.550  372.5  90  42  78  -1.563   0.0   0.0  377
 7.550  375.0  90  42  75   1.563 210.0  30.0  379
 7.550  377.5  90  42  75   1.563  90.0  30.0  381
 7.550  380.0  90  42  72  -1.563   0.0   0.0  384
 7.550  382.5  90  42  69   1.563 330.0  30.0  378
 7.550  385.0  90  42  63   1.563  90.0  30.0  382
 7.550  387.5  90  42  57   1.563   0.0   0.0  389
 7.550  395.0  90  42  51   1.563   0.0   0.0  396
 7.550  745.0  90  42  51   1.563 330.0  30.0  748
 7.550  747.5  90  42  51  -1.563  90.0  30.0  753
 7.550  750.0  90  42  54   1.563 210.0  30.0  753
 7.550  752.5  90  42  51  -1.563   0.0   0.0  756
 7.550  325.0 -90  42  51  -1.563 270.0  30.0  333
 7.550  327.5 -90  42  66  -1.563 270.0  30.0  334
 7.550  330.0 -90  42  75   1.563 150.0  30.0  335
 7.550  332.5 -90  42  72   1.563 150.0  30.0  335
 7.550  335.0 -90  42  75  -1.563  90.0  30.0  333
 7.550  337.5 -90  42  69  -1.563 210.0  30.0  341
 7.550  340.0 -90  42  66  -1.563  90.0  30.0  338
 7.575  352.5  90  42  51  -1.563   0.0   0.0  354
 7.575  355.0  90  42  54  -1.563 270.0  30.0  361
 7.575  357.5  90  42  60  -1.563   0.0   0.0  362
 7.575  360.0  90  42  57   1.563   0.0   0.0  363
 7.575  370.0  90  42  63   1.563 150.0  30.0  376
 7.575  372.5  90  42  75   1.563   0.0   0.0  377
 7.575  375.0  90  42  75   1.563 330.0  30.0  378
 7.575  377.5  90  42  72   1.563   0.0   0.0  382
 7.575  380.0  90  42  72  -1.563   0.0   0.0  384
 7.575  382.5  90  42  78   1.563 330.0  30.0  386
 7.575  385.0  90  42  72   1.563 210.0  30.0  388
 7.575  387.5  90  42  63   1.563 210.0  30.0  381
 7.575  390.0  90  42  57   1.563 330.0  30.0  383
 7.575  392.5  90  42  54   1.563 210.0  30.0  387
 7.575  747.5  90  42  51   1.563  90.0  30.0  754
 7.575  327.5 -90  42  60  -1.563  30.0  30.0  333
 7.575  330.0 -90  42  66  -1.563 150.0  30.0  333
 7.575  332.5 -90  42  75   1.563   0.0   0.0  337
 7.575  335.0 -90  42  72   1.563   0.0   0.0  338
 7.575  337.5 -90  42  75   1.563 210.0  30.0  335
 7.575  340.0 -90  42  66   1.563 330.0  30.0  335
 7.575  342.5 -90  42  63   1.563  90.0  30.0  337
 7.575  667.5 -90  42  51   1.563   0.0   0.0  674
 7.575  670.0 -90  42  51  -1.563   0.0   0.0  675
 7.600  355.0  90  39  48  -1.563   0.0   0.0  362
 7.600  357.5  90  39  57  -1.563 330.0  30.0  363
 7.600  360.0  90  39  57  -1.563   0.0   0.0  363
 7.600  362.5  90  39  51   1.563   0.0   0.0  368
 7.600  365.0  90  39  48  -1.563   0.0   0.0  368
 7.600  370.0  90  39  48  -1.563 210.0  30.0  380
 7.600  372.5  90  39  60   1.563   0.0   0.0  379
 7.600  375.0  90  39  69   1.563  90.0  30.0  379
 7.600  377.5  90  39  72   1.563   0.0   0.0  382
 7.600  380.0  90  39  75   1.563   0.0   0.0  384
 7.600  382.5  90  39  72   1.563 210.0  30.0  378
 7.600  385.0  90  39  78   1.563 330.0  30.0  380
 7.600  387.5  90  39  78   1.563 330.0  30.0  383
 7.600  390.0  90  39  78   1.563 210.0  30.0  386
 7.600  392.5  90  39  69   1.563  90.0  30.0  388
 7.600  395.0  90  39  51  -1.563   0.0   0.0  390
 7.600  727.5  90  39  48   1.563  90.0  30.0  732
 7.600  745.0  90  39  48   1.563   0.0   0.0  748
 7.600  752.5  90  39  48   1.563   0.0   0.0  755
 7.600  755.0  90  39  51   1.563 210.0  30.0  760
 7.600  757.5  90  39  51  -1.563 330.0  30.0  761
 7.600  762.5  90  39  48   1.563 330.0  30.0  763
 7.600  327.5 -90  39  51  -1.563  30.0  30.0  334
 7.600  330.0 -90  39  63  -1.563 150.0  30.0  335
 7.600  332.5 -90  39  69  -1.563   0.0   0.0  337
 7.600  335.0 -90  39  72  -1.563   0.0   0.0  340
 7.600  337.5 -90  39  78   1.563 210.0  30.0  336
 7.600  340.0 -90  39  81   1.563 330.0  30.0  337
 7.600  342.5 -90  39  69   1.563 330.0  30.0  337
 7.600  345.0 -90  39  48   1.563 330.0  30.0  346
 7.625  340.0  90  39  48   1.563  90.0  30.0  339
 7.625  357.5  90  39  54  -1.563   0.0   0.0  363
 7.625  360.0  90  39  54   1.563 270.0  30.0  365
 7.625  362.5  90  39  48   1.563 330.0  30.0  370
 7.625  372.5  90  39  48  -1.563   0.0   0.0  377
 7.625  375.0  90  39  57   1.563   0.0   0.0  382
 7.625  377.5  90  39  57   1.563  30.0  30.0  381
 7.625  380.0  90  39  69  -1.563   0.0   0.0  385
 7.625  382.5  90  39  66   1.563   0.0   0.0  388
 7.625  385.0  90  39  81   1.563   0.0   0.0  390
 7.625  387.5  90  39  75   1.563   0.0   0.0  391
 7.625  390.0  90  39  78   1.563  90.0  30.0  388
 7.625  392.5  90  39  75   1.563 330.0  30.0  388
 7.625  395.0  90  39  57  -1.563 270.0  30.0  399
 7.625  397.5  90  39  54   1.563  90.0  30.0  391
 7.625  400.0  90  39  48   1.563  90.0  30.0  393
 7.625  745.0  90  39  51   1.563   0.0   0.0  751
 7.625  750.0  90  39  48   1.563 330.0  30.0  754
 7.625  752.5  90  39  51  -1.563   0.0   0.0  757
 7.625  755.0  90  39  48  -1.563 210.0  30.0  759
 7.625  760.0  90  39  48   1.563   0.0   0.0  762
 7.625  762.5  90  39  48   1.563  90.0  30.0  757
 7.625  770.0  90  39  48   1.563   0.0   0.0  774
 7.625  330.0 -90  39  51  -1.563 270.0  30.0  338
 7.625  332.5 -90  39  69  -1.563 150.0  30.0  338
 7.625  335.0 -90  39  69  -1.563   0.0   0.0  339
 7.625  337.5 -90  39  69   1.563 330.0  30.0  345
 7.625  340.0 -90  39  81   1.563  90.0  30.0  338
 7.625  342.5 -90  39  75   1.563 210.0  30.0  339
 7.625  345.0 -90  39  60  -1.563  90.0  30.0  340
 7.650  337.5  90  39  48   1.563 330.0  30.0  343
 7.650  357.5  90  39  48   1.563 330.0  30.0  361
 7.650  360.0  90  39  54   1.563 330.0  30.0  365
 7.650  362.5  90  39  54   1.563 330.0  30.0  367
 7.650  365.0  90  39  48   1.563  30.0  30.0  365
 7.650  375.0  90  39  48   1.563   0.0   0.0  382
 7.650  377.5  90  39  63  -1.563   0.0   0.0  383
 7.650  380.0  90  39  69  -1.563   0.0   0.0  385
 7.650  382.5  90  39  69   1.563   0.0   0.0  388
 7.650  385.0  90  39  78   1.563   0.0   0.0  389
 7.650  387.5  90  39  78   1.563   0.0   0.0  391
 7.650  390.0  90  39  69   1.563 210.0  30.0  396
 7.650  392.5  90  39  78   1.563 210.0  30.0  389
 7.650  395.0  90  39  69  -1.563 330.0  30.0  399
 7.650  397.5  90  39  60   1.563 210.0  30.0  391
 7.650  400.0  90  39  60   1.563 210.0  30.0  395
 7.650  402.5  90  39  48   1.563 210.0  30.0  403
 7.650  757.5  90  39  48   1.563  30.0  30.0  762
 7.650  760.0  90  39  48   1.563   0.0   0.0  764
 7.650  765.0  90  39  51   1.563  30.0  30.0  769
 7.650  767.5  90  39  48  -1.563 210.0  30.0  772
 7.650  770.0  90  39  51  -1.563 330.0  30.0  772
 7.650  772.5  90  39  51   1.563   0.0   0.0  776
 7.650  330.0 -90  39  48  -1.563 150.0  30.0  337
 7.650  332.5 -90  39  69  -1.563  30.0  30.0  339
 7.650  335.0 -90  39  78   1.563   0.0   0.0  339
 7.650  337.5 -90  39  75  -1.563   0.0   0.0  341
 7.650  340.0 -90  39  75  -1.563 210.0  30.0  344
 7.650  342.5 -90  39  75   1.563  90.0  30.0  340
 7.650  345.0 -90  39  72   1.563  90.0  30.0  341
 7.650  347.5 -90  39  54   1.563  90.0  30.0  341
 7.675  342.5  90  39  48  -1.563 150.0  30.0  346
 7.675  357.5  90  39  51   1.563  30.0  30.0  362
 7.675  360.0  90  39  48   1.563  30.0  30.0  363
 7.675  362.5  90  39  54  -1.563 330.0  30.0  368
 7.675  365.0  90  39  54  -1.563   0.0   0.0  369
 7.675  367.5  90  39  48   1.563  30.0  30.0  372
 7.675  375.0  90  39  48   1.563   0.0   0.0  378
 7.675  377.5  90  39  48  -1.563   0.0   0.0  385
 7.675  380.0  90  39  60  -1.563 150.0  30.0  386
 7.675  382.5  90  39  69   1.563   0.0   0.0  387
 7.675  385.0  90  39  69   1.563 330.0  30.0  388
 7.675  387.5  90  39  69   1.563   0.0   0.0  390
 7.675  390.0  90  39  75  -1.563   0.0   0.0  395
 7.675  392.5  90  39  78   1.563 330.0  30.0  396
 7.675  395.0  90  39  78   1.563  90.0  30.0  391
 7.675  397.5  90  39  72   1.563 210.0  30.0  392
 7.675  400.0  90  39  60   1.563 210.0  30.0  395
 7.675  402.5  90  39  54   1.563 330.0  30.0  406
 7.675  405.0  90  39  54   1.563 210.0  30.0  401
 7.675  410.0  90  39  48   1.563   0.0   0.0  415
 7.675  765.0  90  39  48   1.563 210.0  30.0  768
 7.675  767.5  90  39  54   1.563 210.0  30.0  772
 7.675  770.0  90  39  51   1.563   0.0   0.0  772
 7.675  772.5  90  39  54  -1.563  30.0  30.0  778
 7.675  775.0  90  39  54  -1.563  90.0  30.0  778
 7.675  777.5  90  39  48   1.563 330.0  30.0  781
 7.675  332.5 -90  39  66  -1.563  30.0  30.0  339
 7.675  335.0 -90  39  78   1.563   0.0   0.0  340
 7.675  337.5 -90  39  75   1.563   0.0   0.0  340
 7.675  340.0 -90  39  66  -1.563   0.0   0.0  343
 7.675  342.5 -90  39  72   1.563 330.0  30.0  347
 7.675  345.0 -90  39  72   1.563 210.0  30.0  349
 7.675  347.5 -90  39  63   1.563 330.0  30.0  342
 7.675  675.0 -90  39  48   1.563   0.0   0.0  679
 7.700  360.0  90  39  51   1.563 330.0  30.0  364
 7.700  362.5  90  39  57   1.563 330.0  30.0  367
 7.700  365.0  90  39  60   1.563 330.0  30.0  369
 7.700  367.5  90  39  57   1.563   0.0   0.0  370
 7.700  372.5  90  39  48   1.563   0.0   0.0  375
 7.700  382.5  90  39  60   1.563 330.0  30.0  388
 7.700  385.0  90  39  69   1.563   0.0   0.0  390
 7.700  387.5  90  39  72   1.563   0.0   0.0  392
 7.700  390.0  90  39  72   1.563   0.0   0.0  393
 7.700  392.5  90  39  72   1.563 210.0  30.0  396
 7.700  395.0  90  39  69  -1.563 150.0  30.0  397
 7.700  397.5  90  39  78   1.563 210.0  30.0  394
 7.700  400.0  90  39  75   1.563 210.0  30.0  395
 7.700  402.5  90  39  69  -1.563   0.0   0.0  396
 7.700  405.0  90  39  57   1.563 210.0  30.0  408
 7.700  407.5  90  39  48   1.563 330.0  30.0  403
 7.700  740.0  90  39  48  -1.563   0.0   0.0  748
 7.700  765.0  90  39  48   1.563   0.0   0.0  770
 7.700  767.5  90  39  48  -1.563  30.0  30.0  776
 7.700  772.5  90  39  51   1.563 330.0  30.0  776
 7.700  775.0  90  39  48   1.563   0.0   0.0  779
 7.700  777.5  90  39  51   1.563   0.0   0.0  781
 7.700  780.0  90  39  51  -1.563   0.0   0.0  784
 7.700  782.5  90  39  51   1.563   0.0   0.0  785
 7.700  332.5 -90  39  60  -1.563 270.0  30.0  338
 7.700  335.0 -90  39  75   1.563 270.0  30.0  340
 7.700  337.5 -90  39  78   1.563   0.0   0.0  341
 7.700  340.0 -90  39  75  -1.563  90.0  30.0  344
 7.700  342.5 -90  39  72   1.563  90.0  30.0  339
 7.700  345.0 -90  39  60   1.563 270.0  30.0  349
 7.700  347.5 -90  39  63   1.563   0.0   0.0  349
 7.700  675.0 -90  39  48  -1.563   0.0   0.0  680
 7.700  677.5 -90  39  48  -1.563   0.0   0.0  682
 7.700  680.0 -90  39  48  -1.563  90.0  30.0  684
 7.725  362.5  90  39  51   1.563  90.0  30.0  368
 7.725  365.0  90  39  51  -1.563 330.0  30.0  369
 7.725  367.5  90  39  54  -1.563  30.0  30.0  372
 7.725  370.0  90  39  54   1.563   0.0   0.0  376
 7.725  372.5  90  39  48   1.563   0.0   0.0  377
 7.725  385.0  90  39  51   1.563   0.0   0.0  395
 7.725  387.5  90  39  66  -1.563   0.0   0.0  393
 7.725  390.0  90  39  69  -1.563   0.0   0.0  395
 7.725  392.5  90  39  72  -1.563   0.0   0.0  397
 7.725  395.0  90  39  81   1.563 210.0  30.0  399
 7.725  397.5  90  39  78  -1.563   0.0   0.0  392
 7.725  400.0  90  39  78   1.563 210.0  30.0  397
 7.725  402.5  90  39  75   1.563   0.0   0.0  397
 7.725  405.0  90  39  72   1.563 210.0  30.0  401
 7.725  407.5  90  39  66   1.563  90.0  30.0  403
 7.725  410.0  90  39  60   1.563  90.0  30.0  405
 7.725  412.5  90  39  48  -1.563 330.0  30.0  406
 7.725  775.0  90  39  48  -1.563  30.0  30.0  777
 7.725  777.5  90  39  48  -1.563  30.0  30.0  782
 7.725  780.0  90  39  51   1.563  90.0  30.0  784
 7.725  782.5  90  39  51   1.563 210.0  30.0  787
 7.725  785.0  90  39  48  -1.563  90.0  30.0  786
 7.725  332.5 -90  39  48  -1.563 150.0  30.0  339
 7.725  335.0 -90  39  63   1.563   0.0   0.0  342
 7.725  337.5 -90  39  72   1.563   0.0   0.0  341
 7.725  340.0 -90  39  75   1.563  90.0  30.0  346
 7.725  342.5 -90  39  75   1.563  90.0  30.0  345
 7.725  345.0 -90  39  69  -1.563 210.0  30.0  349
 7.725  347.5 -90  39  63   1.563 330.0  30.0  350
 7.725  350.0 -90  39  57   1.563   0.0   0.0  353
 7.725  352.5 -90  39  51   1.563 330.0  30.0  347
 7.725  677.5 -90  39  48  -1.563 270.0  30.0  681
 7.725  680.0 -90  39  51   1.563   0.0   0.0  683
 7.725  682.5 -90  39  51   1.563   0.0   0.0  687
 7.750  345.0  90  39  48   1.563 330.0  30.0  348
 7.750  362.5  90  39  48  -1.563  90.0  30.0  367
 7.750  365.0  90  39  48   1.563 150.0  30.0  367
 7.750  367.5  90  39  60   1.563   0.0   0.0  372
 7.750  370.0  90  39  51  -1.563   0.0   0.0  372
 7.750  372.5  90  39  51  -1.563   0.0   0.0  375
 7.750  387.5  90  39  48   1.563   0.0   0.0  393
 7.750  390.0  90  39  66  -1.563   0.0   0.0  396
 7.750  392.5  90  39  75  -1.563   0.0   0.0  398
 7.750  395.0  90  39  78   1.563   0.0   0.0  399
 7.750  397.5  90  39  69  -1.563  90.0  30.0  401
 7.750  400.0  90  39  75   1.563 210.0  30.0  405
 7.750  402.5  90  39  66  -1.563 210.0  30.0  398
 7.750  405.0  90  39  66   1.563  90.0  30.0  398
 7.750  407.5  90  39  63   1.563 210.0  30.0  407
 7.750  410.0  90  39  69   1.563 330.0  30.0  407
 7.750  412.5  90  39  60   1.563 330.0  30.0  409
 7.750  415.0  90  39  48  -1.563  90.0  30.0  417
 7.750  417.5  90  39  48   1.563 330.0  30.0  411
 7.750  777.5  90  39  48  -1.563   0.0   0.0  781
 7.750  780.0  90  39  48  -1.563   0.0   0.0  784
 7.750  785.0  90  39  51  -1.563 210.0  30.0  790
 7.750  787.5  90  39  48   1.563   0.0   0.0  791
 7.750  790.0  90  39  51   1.563   0.0   0.0  793
 7.750  792.5  90  39  51  -1.563  30.0  30.0  797
 7.750  795.0  90  39  51   1.563   0.0   0.0  799
 7.750  335.0 -90  39  48   1.563 330.0  30.0  323
 7.750  337.5 -90  39  72   1.563   0.0   0.0  343
 7.750  340.0 -90  39  78   1.563   0.0   0.0  344
 7.750  342.5 -90  39  75   1.563 210.0  30.0  341
 7.750  345.0 -90  39  81   1.563 210.0  30.0  342
 7.750  347.5 -90  39  75   1.563 210.0  30.0  343
 7.750  350.0 -90  39  63   1.563   0.0   0.0  353
 7.750  352.5 -90  39  57   1.563   0.0   0.0  354
 7.750  680.0 -90  39  48  -1.563   0.0   0.0  684
 7.750  682.5 -90  39  48   1.563   0.0   0.0  685
 7.750  692.5 -90  39  48  -1.563   0.0   0.0  698
 7.775  345.0  90  39  48   1.563  30.0  30.0  349
 7.775  365.0  90  39  48   1.563 330.0  30.0  373
 7.775  367.5  90  39  54   1.563 330.0  30.0  373
 7.775  370.0  90  39  57   1.563 330.0  30.0  376
 7.775  372.5  90  39  51  -1.563 330.0  30.0  377
 7.775  385.0  90  39  48   1.563   0.0   0.0  390
 7.775  390.0  90  39  54  -1.563 150.0  30.0  397
 7.775  392.5  90  39  66   1.563   0.0   0.0  399
 7.775  395.0  90  39  75   1.563   0.0   0.0  400
 7.775  397.5  90  39  78  -1.563   0.0   0.0  402
 7.775  400.0  90  39  78   1.563   0.0   0.0  404
 7.775  402.5  90  39  66   1.563 210.0  30.0  410
 7.775  405.0  90  39  75   1.563  90.0  30.0  402
 7.775  407.5  90  39  75   1.563   0.0   0.0  404
 7.775  410.0  90  39  72  -1.563   0.0   0.0  415
 7.775  412.5  90  39  57   1.563  90.0  30.0  412
 7.775  415.0  90  39  54   1.563 330.0  30.0  415
 7.775  417.5  90  39  60   1.563 330.0  30.0  413
 7.775  420.0  90  39  48   1.563 210.0  30.0  418
 7.775  782.5  90  39  48  -1.563   0.0   0.0  789
 7.775  787.5  90  39  51   1.563   0.0   0.0  794
 7.775  790.0  90  39  48   1.563   0.0   0.0  793
 7.775  795.0  90  39  51   1.563   0.0   0.0  801
 7.775  797.5  90  39  51   1.563   0.0   0.0  801
 7.775  335.0 -90  39  51  -1.563 150.0  30.0  342
 7.775  337.5 -90  39  69  -1.563   0.0   0.0  344
 7.775  340.0 -90  39  75   1.563   0.0   0.0  345
 7.775  342.5 -90  39  75   1.563 210.0  30.0  342
 7.775  345.0 -90  39  78   1.563 330.0  30.0  342
 7.775  347.5 -90  39  72   1.563 150.0  30.0  343
 7.775  350.0 -90  39  57   1.563 210.0  30.0  345
 7.775  352.5 -90  39  60   1.563   0.0   0.0  356
 7.775  355.0 -90  39  48   1.563   0.0   0.0  351
 7.775  682.5 -90  39  48   1.563   0.0   0.0  687
 7.800  365.0  90  39  48  -1.563 270.0  30.0  370
 7.800  367.5  90  39  54   1.563 330.0  30.0  370
 7.800  370.0  90  39  60   1.563   0.0   0.0  375
 7.800  372.5  90  39  60  -1.563   0.0   0.0  376
 7.800  375.0  90  39  51   1.563 330.0  30.0  379
 7.800  380.0  90  39  51   1.563   0.0   0.0  385
 7.800  382.5  90  39  48  -1.563   0.0   0.0  386
 7.800  385.0  90  39  48   1.563   0.0   0.0  391
 7.800  392.5  90  39  48  -1.563  30.0  30.0  398
 7.800  395.0  90  39  63   1.563 150.0  30.0  401
 7.800  397.5  90  39  69   1.563   0.0   0.0  402
 7.800  400.0  90  39  78   1.563   0.0   0.0  405
 7.800  402.5  90  39  78   1.563   0.0   0.0  406
 7.800  405.0  90  39  72   1.563 210.0  30.0  398
 7.800  407.5  90  39  69   1.563 150.0  30.0  395
 7.800  410.0  90  39  75   1.563 210.0  30.0  413
 7.800  412.5  90  39  72   1.563 330.0  30.0  408
 7.800  415.0  90  39  66   1.563   0.0   0.0  409
 7.800  417.5  90  39  57   1.563 150.0  30.0  413
 7.800  420.0  90  39  51   1.563 330.0  30.0  414
 7.800  422.5  90  39  54   1.563   0.0   0.0  426
 7.800  425.0  90  39  51   1.563   0.0   0.0  428
 7.800  797.5  90  39  51   1.563   0.0   0.0  802
 7.800  335.0 -90  39  48   1.563   0.0   0.0  345
 7.800  337.5 -90  39  66  -1.563 150.0  30.0  343
 7.800  340.0 -90  39  72   1.563  90.0  30.0  345
 7.800  342.5 -90  39  75   1.563   0.0   0.0  346
 7.800  345.0 -90  39  72   1.563 150.0  30.0  341
 7.800  347.5 -90  39  75   1.563  90.0  30.0  343
 7.800  350.0 -90  39  72   1.563 330.0  30.0  346
 7.800  352.5 -90  39  60   1.563   0.0   0.0  347
 7.800  355.0 -90  39  57   1.563   0.0   0.0  349
 7.800  685.0 -90  39  51  -1.563   0.0   0.0  689
 7.800  690.0 -90  39  48   1.563 210.0  30.0  693
 7.825  362.5  90  39  48  -1.563 270.0  30.0  372
 7.825  370.0  90  39  51   1.563 330.0  30.0  375
 7.825  372.5  90  39  54  -1.563  30.0  30.0  378
 7.825  375.0  90  39  54  -1.563 150.0  30.0  379
 7.825  380.0  90  39  51  -1.563   0.0   0.0  384
 7.825  382.5  90  39  48   1.563   0.0   0.0  386
 7.825  385.0  90  39  48   1.563   0.0   0.0  389
 7.825  392.5  90  39  48   1.563   0.0   0.0  395
 7.825  397.5  90  39  54   1.563   0.0   0.0  402
 7.825  400.0  90  39  69   1.563   0.0   0.0  405
 7.825  402.5  90  39  75   1.563   0.0   0.0  407
 7.825  405.0  90  39  72  -1.563 270.0  30.0  408
 7.825  407.5  90  39  75   1.563  90.0  30.0  411
 7.825  410.0  90  39  75   1.563   0.0   0.0  413
 7.825  412.5  90  39  69   1.563 330.0  30.0  406
 7.825  415.0  90  39  66   1.563   0.0   0.0  419
 7.825  417.5  90  39  63   1.563  90.0  30.0  420
 7.825  420.0  90  39  66   1.563   0.0   0.0  417
 7.825  422.5  90  39  66   1.563 210.0  30.0  418
 7.825  425.0  90  39  57   1.563   0.0   0.0  420
 7.825  427.5  90  39  48   1.563 330.0  30.0  423
 7.825  430.0  90  39  51   1.563   0.0   0.0  424
 7.825  785.0  90  39  48  -1.563   0.0   0.0  789
 7.825  797.5  90  39  48  -1.563 210.0  30.0  803
 7.825  800.0  90  39  48  -1.563 150.0  30.0  806
 7.825  802.5  90  39  48  -1.563 330.0  30.0  807
 7.825  805.0  90  39  48   1.563  90.0  30.0  801
 7.825  807.5  90  39  48   1.563 210.0  30.0  813
 7.825  812.5  90  39  48   1.563   0.0   0.0  816
 7.825  817.5  90  39  48   1.563   0.0   0.0  819
 7.825  337.5 -90  39  57   1.563 270.0  30.0  343
 7.825  340.0 -90  39  63   1.563   0.0   0.0  346
 7.825  342.5 -90  39  75   1.563   0.0   0.0  346
 7.825  345.0 -90  39  72  -1.563   0.0   0.0  349
 7.825  347.5 -90  39  66   1.563  90.0  30.0  351
 7.825  350.0 -90  39  75   1.563 330.0  30.0  345
 7.825  352.5 -90  39  63   1.563  90.0  30.0  348
 7.825  355.0 -90  39  63   1.563   0.0   0.0  356
 7.825  687.5 -90  39  51  -1.563   0.0   0.0  691
 7.825  690.0 -90  39  51  -1.563   0.0   0.0  694
 7.825  692.5 -90  39  48   1.563   0.0   0.0  694
 7.825  695.0 -90  39  48   1.563   0.0   0.0  700
 7.850  372.5  90  42  57   1.563 330.0  30.0  381
 7.850  375.0  90  42  63   1.563 330.0  30.0  378
 7.850  377.5  90  42  54   1.563   0.0   0.0  379
 7.850  380.0  90  42  54   1.563   0.0   0.0  382
 7.850  387.5  90  42  51   1.563   0.0   0.0  393
 7.850  390.0  90  42  51   1.563   0.0   0.0  394
 7.850  400.0  90  42  57   1.563   0.0   0.0  403
 7.850  402.5  90  42  66  -1.563   0.0   0.0  408
 7.850  405.0  90  42  69   1.563 210.0  30.0  409
 7.850  407.5  90  42  66  -1.563   0.0   0.0  414
 7.850  410.0  90  42  69   1.563 330.0  30.0  415
 7.850  412.5  90  42  69  -1.563   0.0   0.0  415
 7.850  415.0  90  42  75   1.563   0.0   0.0  420
 7.850  417.5  90  42  72  -1.563 210.0  30.0  421
 7.850  420.0  90  42  63   1.563 330.0  30.0  416
 7.850  422.5  90  42  69  -1.563   0.0   0.0  419
 7.850  425.0  90  42  66   1.563   0.0   0.0  422
 7.850  427.5  90  42  60   1.563  90.0  30.0  424
 7.850  430.0  90  42  57   1.563   0.0   0.0  423
 7.850  432.5  90  42  54   1.563 210.0  30.0  428
 7.850  810.0  90  42  51  -1.563 330.0  30.0  814
 7.850  812.5  90  42  54   1.563   0.0   0.0  817
 7.850  815.0  90  42  54   1.563   0.0   0.0  819
 7.850  817.5  90  42  51  -1.563  30.0  30.0  820
 7.850  820.0  90  42  51  -1.563   0.0   0.0  825
 7.850  340.0 -90  42  63   1.563 150.0  30.0  346
 7.850  342.5 -90  42  63   1.563  90.0  30.0  347
 7.850  345.0 -90  42  72  -1.563   0.0   0.0  349
 7.850  347.5 -90  42  69   1.563  90.0  30.0  343
 7.850  350.0 -90  42  78   1.563 210.0  30.0  346
 7.850  352.5 -90  42  69   1.563 330.0  30.0  357
 7.850  355.0 -90  42  63  -1.563   0.0   0.0  357
 7.850  357.5 -90  42  54   1.563 150.0  30.0  353
 7.875  375.0  90  45  60   1.563 150.0  30.0  379
 7.875  377.5  90  45  57   1.563 270.0  30.0  382
 7.875  392.5  90  45  57  -1.563   0.0   0.0  396
 7.875  395.0  90  45  54  -1.563   0.0   0.0  399
 7.875  402.5  90  45  54   1.563   0.0   0.0  409
 7.875  405.0  90  45  54   1.563   0.0   0.0  408
 7.875  407.5  90  45  66  -1.563   0.0   0.0  412
 7.875  410.0  90  45  72   1.563   0.0   0.0  415
 7.875  412.5  90  45  75   1.563   0.0   0.0  417
 7.875  415.0  90  45  78   1.563 210.0  30.0  412
 7.875  417.5  90  45  72   1.563   0.0   0.0  413
 7.875  420.0  90  45  72   1.563  90.0  30.0  416
 7.875  422.5  90  45  60   1.563  30.0  30.0  426
 7.875  425.0  90  45  63   1.563 270.0  30.0  416
 7.875  427.5  90  45  69   1.563 210.0  30.0  425
 7.875  430.0  90  45  75   1.563 210.0  30.0  427
 7.875  432.5  90  45  72   1.563 330.0  30.0  428
 7.875  435.0  90  45  60   1.563 210.0  30.0  429
 7.875  825.0  90  45  54   1.563   0.0   0.0  825
 7.875  830.0  90  45  57   1.563   0.0   0.0  837
 7.875  340.0 -90  45  57  -1.563 270.0  30.0  344
 7.875  342.5 -90  45  66   1.563  30.0  30.0  348
 7.875  345.0 -90  45  66   1.563   0.0   0.0  350
 7.875  347.5 -90  45  69   1.563   0.0   0.0  349
 7.875  350.0 -90  45  78   1.563 330.0  30.0  347
 7.875  352.5 -90  45  81   1.563  90.0  30.0  348
 7.875  355.0 -90  45  72   1.563  90.0  30.0  349
 7.875  357.5 -90  45  63   1.563 330.0  30.0  353
 7.900  380.0  90  45  57   1.563   0.0   0.0  384
 7.900  392.5  90  45  54   1.563   0.0   0.0  397
 7.900  405.0  90  45  54  -1.563   0.0   0.0  412
 7.900  407.5  90  45  60   1.563   0.0   0.0  413
 7.900  410.0  90  45  60   1.563   0.0   0.0  415
 7.900  412.5  90  45  66  -1.563   0.0   0.0  418
 7.900  415.0  90  45  66   1.563 330.0  30.0  419
 7.900  417.5  90  45  72  -1.563   0.0   0.0  422
 7.900  420.0  90  45  75   1.563 330.0  30.0  424
 7.900  422.5  90  45  72   1.563  90.0  30.0  412
 7.900  425.0  90  45  78   1.563 210.0  30.0  421
 7.900  427.5  90  45  75   1.563 210.0  30.0  424
 7.900  430.0  90  45  78   1.563  90.0  30.0  426
 7.900  432.5  90  45  78   1.563  90.0  30.0  429
 7.900  435.0  90  45  66   1.563 330.0  30.0  432
 7.900  437.5  90  45  57   1.563 210.0  30.0  431
 7.900  830.0  90  45  54   1.563 330.0  30.0  834
 7.900  342.5 -90  45  60  -1.563   0.0   0.0  349
 7.900  345.0 -90  45  72   1.563   0.0   0.0  350
 7.900  347.5 -90  45  78   1.563   0.0   0.0  352
 7.900  350.0 -90  45  78  -1.563   0.0   0.0  354
 7.900  352.5 -90  45  75   1.563  90.0  30.0  350
 7.900  355.0 -90  45  72   1.563  90.0  30.0  352
 7.900  357.5 -90  45  69   1.563 210.0  30.0  353
 7.900  360.0 -90  45  57   1.563  90.0  30.0  355
 7.900  695.0 -90  45  54   1.563   0.0   0.0  699
 7.900  697.5 -90  45  54   1.563   0.0   0.0  700
 7.925  377.5  90  39  48  -1.563 150.0  30.0  383
 7.925  380.0  90  39  54   1.563  90.0  30.0  383
 7.925  385.0  90  39  48  -1.563 150.0  30.0  390
 7.925  387.5  90  39  48   1.563   0.0   0.0  390
 7.925  390.0  90  39  48   1.563 150.0  30.0  394
 7.925  392.5  90  39  48   1.563  90.0  30.0  396
 7.925  395.0  90  39  51  -1.563   0.0   0.0  399
 7.925  402.5  90  39  48  -1.563   0.0   0.0  406
 7.925  405.0  90  39  48   1.563   0.0   0.0  409
 7.925  410.0  90  39  48  -1.563  90.0  30.0  416
 7.925  412.5  90  39  60   1.563   0.0   0.0  417
 7.925  415.0  90  39  63  -1.563   0.0   0.0  419
 7.925  417.5  90  39  63   1.563   0.0   0.0  421
 7.925  420.0  90  39  63   1.563   0.0   0.0  425
 7.925  422.5  90  39  69  -1.563  30.0  30.0  427
 7.925  425.0  90  39  78   1.563 210.0  30.0  429
 7.925  427.5  90  39  72   1.563 210.0  30.0  416
 7.925  430.0  90  39  78   1.563 210.0  30.0  425
 7.925  432.5  90  39  69   1.563  90.0  30.0  432
 7.925  435.0  90  39  78   1.563 330.0  30.0  431
 7.925  437.5  90  39  69   1.563 330.0  30.0  431
 7.925  440.0  90  39  66   1.563  90.0  30.0  436
 7.925  442.5  90  39  69   1.563 210.0  30.0  438
 7.925  445.0  90  39  57   1.563 210.0  30.0  440
 7.925  447.5  90  39  48   1.563 150.0  30.0  441
 7.925  840.0  90  39  51   1.563   0.0   0.0  844
 7.925  845.0  90  39  48   1.563   0.0   0.0  846
 7.925  342.5 -90  39  51   1.563   0.0   0.0  348
 7.925  345.0 -90  39  69  -1.563   0.0   0.0  350
 7.925  347.5 -90  39  78   1.563   0.0   0.0  351
 7.925  350.0 -90  39  78   1.563  90.0  30.0  353
 7.925  352.5 -90  39  66  -1.563 270.0  30.0  356
 7.925  355.0 -90  39  75   1.563 210.0  30.0  353
 7.925  357.5 -90  39  72   1.563 210.0  30.0  352
 7.925  360.0 -90  39  51   1.563 270.0  30.0  357
 7.925  362.5 -90  39  48   1.563 330.0  30.0  358
 7.925  425.0 -90  39  48   1.563 270.0  30.0  432
 7.925  427.5 -90  39  48   1.563 270.0  30.0  435
 7.925  697.5 -90  39  51   1.563 270.0  30.0  702
 7.925  702.5 -90  39  51  -1.563  30.0  30.0  707
 7.950  352.5  90  39  48   1.563  90.0  30.0  350
 7.950  380.0  90  39  54   1.563  90.0  30.0  383
 7.950  382.5  90  39  60   1.563   0.0   0.0  388
 7.950  385.0  90  39  66   1.563   0.0   0.0  389
 7.950  387.5  90  39  57   1.563   0.0   0.0  390
 7.950  390.0  90  39  54   1.563   0.0   0.0  394
 7.950  405.0  90  39  51   1.563   0.0   0.0  409
 7.950  407.5  90  39  51   1.563   0.0   0.0  409
 7.950  412.5  90  39  54   1.563 150.0  30.0  417
 7.950  415.0  90  39  51  -1.563   0.0   0.0  411
 7.950  417.5  90  39  54   1.563   0.0   0.0  421
 7.950  420.0  90  39  54   1.563 210.0  30.0  424
 7.950  422.5  90  39  66  -1.563   0.0   0.0  428
 7.950  425.0  90  39  72   1.563 210.0  30.0  430
 7.950  427.5  90  39  78   1.563 330.0  30.0  432
 7.950  430.0  90  39  81   1.563   0.0   0.0  434
 7.950  432.5  90  39  78   1.563  90.0  30.0  426
 7.950  435.0  90  39  75   1.563  90.0  30.0  437
 7.950  437.5  90  39  75   1.563   0.0   0.0  441
 7.950  440.0  90  39  72   1.563   0.0   0.0  436
 7.950  442.5  90  39  63   1.563  90.0  30.0  431
 7.950  445.0  90  39  69   1.563   0.0   0.0  442
 7.950  447.5  90  39  66   1.563 210.0  30.0  442
 7.950  450.0  90  39  51   1.563 330.0  30.0  440
 7.950  452.5  90  39  48   1.563   0.0   0.0  447
 7.950  780.0  90  39  48   1.563 330.0  30.0  784
 7.950  847.5  90  39  48   1.563 330.0  30.0  850
 7.950  850.0  90  39  48   1.563 210.0  30.0  852
 7.950  345.0 -90  39  66   1.563  30.0  30.0  350
 7.950  347.5 -90  39  63   1.563 210.0  30.0  348
 7.950  350.0 -90  39  75   1.563   0.0   0.0  355
 7.950  352.5 -90  39  78  -1.563   0.0   0.0  356
 7.950  355.0 -90  39  75   1.563 210.0  30.0  353
 7.950  357.5 -90  39  75   1.563 330.0  30.0  354
 7.950  360.0 -90  39  66   1.563 330.0  30.0  356
 7.950  362.5 -90  39  48  -1.563   0.0   0.0  365
 7.950  430.0 -90  39  48  -1.563 150.0  30.0  432
 7.950  432.5 -90  39  48  -1.563 270.0  30.0  436
 7.950  700.0 -90  39  51   1.563   0.0   0.0  706
 7.975  355.0  90  39  48   1.563 330.0  30.0  354
 7.975  360.0  90  39  48  -1.563 330.0  30.0  363
 7.975  377.5  90  39  48   1.563   0.0   0.0  381
 7.975  380.0  90  39  48   1.563 330.0  30.0  387
 7.975  382.5  90  39  60   1.563 330.0  30.0  386
 7.975  385.0  90  39  60  -1.563   0.0   0.0  390
 7.975  387.5  90  39  57   1.563   0.0   0.0  390
 7.975  390.0  90  39  54   1.563   0.0   0.0  396
 7.975  392.5  90  39  54   1.563   0.0   0.0  395
 7.975  405.0  90  39  51   1.563   0.0   0.0  409
 7.975  410.0  90  39  51   1.563   0.0   0.0  414
 7.975  412.5  90  39  51   1.563   0.0   0.0  416
 7.975  417.5  90  39  48  -1.563  30.0  30.0  422
 7.975  420.0  90  39  51   1.563  30.0  30.0  423
 7.975  422.5  90  39  57  -1.563 150.0  30.0  429
 7.975  425.0  90  39  63   1.563 210.0  30.0  420
 7.975  427.5  90  39  63  -1.563  90.0  30.0  436
 7.975  430.0  90  39  69   1.563   0.0   0.0  433
 7.975  432.5  90  39  75   1.563   0.0   0.0  438
 7.975  435.0  90  39  75   1.563 210.0  30.0  438
 7.975  437.5  90  39  69   1.563   0.0   0.0  433
 7.975  440.0  90  39  69  -1.563   0.0   0.0  437
 7.975  442.5  90  39  75   1.563 330.0  30.0  447
 7.975  445.0  90  39  75   1.563 210.0  30.0  441
 7.975  447.5  90  39  75   1.563  90.0  30.0  443
 7.975  450.0  90  39  72   1.563 330.0  30.0  445
 7.975  452.5  90  39  69   1.563 330.0  30.0  448
 7.975  455.0  90  39  60   1.563 210.0  30.0  450
 7.975  457.5  90  39  57   1.563   0.0   0.0  453
 7.975  852.5  90  39  51  -1.563   0.0   0.0  856
 7.975  855.0  90  39  48  -1.563 210.0  30.0  856
 7.975  857.5  90  39  48  -1.563   0.0   0.0  860
 7.975  345.0 -90  39  57  -1.563 150.0  30.0  350
 7.975  347.5 -90  39  66  -1.563 150.0  30.0  352
 7.975  350.0 -90  39  60   1.563 210.0  30.0  352
 7.975  352.5 -90  39  72   1.563  90.0  30.0  355
 7.975  355.0 -90  39  81   1.563 210.0  30.0  353
 7.975  357.5 -90  39  78   1.563 210.0  30.0  354
 7.975  360.0 -90  39  66   1.563 210.0  30.0  352
 7.975  362.5 -90  39  66   1.563 210.0  30.0  357
 7.975  702.5 -90  39  48   1.563   0.0   0.0  707
 7.975  705.0 -90  39  51   1.563   0.0   0.0  708
 7.975  707.5 -90  39  48  -1.563 210.0  30.0  701
 8.000  357.5  90  39  51   1.563  90.0  30.0  362
 8.000  382.5  90  39  54   1.563   0.0   0.0  385
 8.000  385.0  90  39  51   1.563 330.0  30.0  386
 8.000  387.5  90  39  51  -1.563   0.0   0.0  390
 8.000  390.0  90  39  48  -4.688   0.0   0.0  395
 8.000  392.5  90  39  54  -1.563   0.0   0.0  396
 8.000  402.5  90  39  48   1.563   0.0   0.0  410
 8.000  405.0  90  39  48   1.563   0.0   0.0  411
 8.000  415.0  90  39  48  -1.563   0.0   0.0  419
 8.000  417.5  90  39  48  -1.563   0.0   0.0  421
 8.000  420.0  90  39  51  -1.563   0.0   0.0  430
 8.000  422.5  90  39  51   1.563  30.0  30.0  429
 8.000  425.0  90  39  54   1.563 330.0  30.0  425
 8.000  427.5  90  39  63   1.563 330.0  30.0  431
 8.000  430.0  90  39  60   1.563  90.0  30.0  438
 8.000  432.5  90  39  72  -1.563   0.0   0.0  437
 8.000  435.0  90  39  75   1.563  90.0  30.0  439
 8.000  437.5  90  39  72   1.563 210.0  30.0  440
 8.000  440.0  90  39  72   1.563 330.0  30.0  445
 8.000  442.5  90  39  72   1.563  90.0  30.0  445
 8.000  445.0  90  39  75   1.563 330.0  30.0  442
 8.000  447.5  90  39  66   1.563   0.0   0.0  446
 8.000  450.0  90  39  66  -1.563   0.0   0.0  455
 8.000  452.5  90  39  69   1.563 330.0  30.0  445
 8.000  455.0  90  39  69   1.563 210.0  30.0  452
 8.000  457.5  90  39  63  -1.563   0.0   0.0  462
 8.000  460.0  90  39  60   1.563  90.0  30.0  453
 8.000  462.5  90  39  60   1.563  90.0  30.0  457
 8.000  465.0  90  39  48   1.563  90.0  30.0  459
 8.000  470.0  90  39  48   1.563 150.0  30.0  468
 8.000  845.0  90  39  48  -1.563  30.0  30.0  850
 8.000  850.0  90  39  51   1.563   0.0   0.0  852
 8.000  865.0  90  39  48   1.563   0.0   0.0  872
 8.000  345.0 -90  39  48  -1.563  30.0  30.0  358
 8.000  347.5 -90  39  57   1.563 150.0  30.0  353
 8.000  350.0 -90  39  66  -1.563   0.0   0.0  355
 8.000  352.5 -90  39  75   1.563 210.0  30.0  357
 8.000  355.0 -90  39  72  -1.563 330.0  30.0  358
 8.000  357.5 -90  39  78   1.563 210.0  30.0  354
 8.000  360.0 -90  39  78   1.563 330.0  30.0  356
 8.000  362.5 -90  39  63   1.563  90.0  30.0  360
 8.000  365.0 -90  39  60   1.563 330.0  30.0  359
 8.000  707.5 -90  39  51   1.563 330.0  30.0  704
 8.000  710.0 -90  39  51   1.563 210.0  30.0  714
 8.000  715.0 -90  39  48   1.563 150.0  30.0  718
 8.000  717.5 -90  39  48   1.563   0.0   0.0  720
 8.025  385.0  90  39  48  -1.563  30.0  30.0  390
 8.025  387.5  90  39  48   1.563 330.0  30.0  392
 8.025  390.0  90  39  63   1.563   0.0   0.0  394
 8.025  392.5  90  39  63   1.563   0.0   0.0  396
 8.025  395.0  90  39  57   1.563   0.0   0.0  398
 8.025  405.0  90  39  51   1.563   0.0   0.0  410
 8.025  407.5  90  39  51   1.563   0.0   0.0  412
 8.025  410.0  90  39  48   1.563   0.0   0.0  412
 8.025  417.5  90  39  51  -1.563   0.0   0.0  423
 8.025  420.0  90  39  51   1.563   0.0   0.0  422
 8.025  425.0  90  39  48  -1.563 150.0  30.0  430
 8.025  427.5  90  39  57  -1.563   0.0   0.0  432
 8.025  430.0  90  39  60   1.563  90.0  30.0  434
 8.025  432.5  90  39  57  -1.563   0.0   0.0  440
 8.025  435.0  90  39  69   1.563 210.0  30.0  439
 8.025  437.5  90  39  72   1.563   0.0   0.0  441
 8.025  440.0  90  39  72   1.563   0.0   0.0  445
 8.025  442.5  90  39  75   1.563   0.0   0.0  447
 8.025  445.0  90  39  75   1.563  90.0  30.0  449
 8.025  447.5  90  39  75   1.563  90.0  30.0  445
 8.025  450.0  90  39  78   1.563   0.0   0.0  447
 8.025  452.5  90  39  75   1.563   0.0   0.0  449
 8.025  455.0  90  39  75   1.563   0.0   0.0  450
 8.025  457.5  90  39  75   1.563  90.0  30.0  454
 8.025  460.0  90  39  75   1.563 330.0  30.0  455
 8.025  462.5  90  39  63   1.563 330.0  30.0  464
 8.025  465.0  90  39  66   1.563  90.0  30.0  461
 8.025  467.5  90  39  54   1.563  90.0  30.0  464
 8.025  470.0  90  39  54   1.563   0.0   0.0  463
 8.025  472.5  90  39  51  -1.563 210.0  30.0  475
 8.025  475.0  90  39  48   1.563   0.0   0.0  469
 8.025  875.0  90  39  48  -1.563   0.0   0.0  880
 8.025  877.5  90  39  48   1.563  90.0  30.0  881
 8.025  880.0  90  39  48  -1.563   0.0   0.0  882
 8.025  882.5  90  39  48   1.563   0.0   0.0  888
 8.025  347.5 -90  39  48   1.563 330.0  30.0  359
 8.025  350.0 -90  39  60   1.563 150.0  30.0  356
 8.025  352.5 -90  39  66   1.563  90.0  30.0  357
 8.025  355.0 -90  39  69  -1.563   0.0   0.0  360
 8.025  357.5 -90  39  69   1.563 210.0  30.0  353
 8.025  360.0 -90  39  75   1.563 210.0  30.0  354
 8.025  362.5 -90  39  66  -1.563 210.0  30.0  367
 8.025  365.0 -90  39  69   1.563  90.0  30.0  361
 8.025  367.5 -90  39  51   1.563  90.0  30.0  363
 8.025  455.0 -90  39  48  -1.563  30.0  30.0  458
 8.025  712.5 -90  39  48   1.563  30.0  30.0  716
 8.025  717.5 -90  39  48  -1.563   0.0   0.0  722
 8.050  360.0  90  39  48   1.563 270.0  30.0  363
 8.050  362.5  90  39  48   1.563  90.0  30.0  369
 8.050  382.5  90  39  48   1.563 270.0  30.0  387
 8.050  390.0  90  39  51   1.563  90.0  30.0  394
 8.050  392.5  90  39  57  -1.563   0.0   0.0  398
 8.050  395.0  90  39  60   1.563  90.0  30.0  398
 8.050  397.5  90  39  60   1.563   0.0   0.0  401
 8.050  400.0  90  39  51   1.563 150.0  30.0  402
 8.050  402.5  90  39  51  -1.563   0.0   0.0  407
 8.050  405.0  90  39  57   1.563   0.0   0.0  409
 8.050  407.5  90  39  54   1.563   0.0   0.0  413
 8.050  410.0  90  39  51   1.563   0.0   0.0  413
 8.050  412.5  90  39  54   1.563   0.0   0.0  416
 8.050  415.0  90  39  51   1.563   0.0   0.0  417
 8.050  417.5  90  39  54   1.563   0.0   0.0  421
 8.050  420.0  90  39  57   1.563   0.0   0.0  424
 8.050  422.5  90  39  54   1.563   0.0   0.0  425
 8.050  425.0  90  39  51   1.563  30.0  30.0  428
 8.050  430.0  90  39  51   1.563   0.0   0.0  434
 8.050  432.5  90  39  51   1.563   0.0   0.0  428
 8.050  435.0  90  39  48  -1.563 270.0  30.0  439
 8.050  437.5  90  39  60  -1.563   0.0   0.0  443
 8.050  440.0  90  39  66   1.563   0.0   0.0  444
 8.050  442.5  90  39  66   1.563  90.0  30.0  448
 8.050  445.0  90  39  69  -1.563   0.0   0.0  449
 8.050  447.5  90  39  66  -1.563 150.0  30.0  452
 8.050  450.0  90  39  72  -1.563   0.0   0.0  454
 8.050  452.5  90  39  63  -1.563   0.0   0.0  449
 8.050  455.0  90  39  69   1.563   0.0   0.0  460
 8.050  457.5  90  39  69   1.563   0.0   0.0  451
 8.050  460.0  90  39  66  -1.563   0.0   0.0  466
 8.050  462.5  90  39  66  -1.563   0.0   0.0  466
 8.050  465.0  90  39  63  -1.563  90.0  30.0  472
 8.050  467.5  90  39  69   1.563 330.0  30.0  464
 8.050  470.0  90  39  66   1.563 330.0  30.0  465
 8.050  472.5  90  39  63   1.563   0.0   0.0  469
 8.050  475.0  90  39  60   1.563 210.0  30.0  469
 8.050  477.5  90  39  51   1.563 210.0  30.0  474
 8.050  480.0  90  39  48  -1.563 330.0  30.0  476
 8.050  485.0  90  39  48   1.563  90.0  30.0  484
 8.050  865.0  90  39  48  -1.563  90.0  30.0  866
 8.050  880.0  90  39  48   1.563   0.0   0.0  885
 8.050  882.5  90  39  51  -1.563   0.0   0.0  887
 8.050  885.0  90  39  48   1.563 210.0  30.0  888
 8.050  350.0 -90  39  57  -1.563   0.0   0.0  356
 8.050  352.5 -90  39  60  -1.563 270.0  30.0  357
 8.050  355.0 -90  39  69   1.563   0.0   0.0  360
 8.050  357.5 -90  39  75   1.563 210.0  30.0  356
 8.050  360.0 -90  39  78   1.563 210.0  30.0  355
 8.050  362.5 -90  39  78   1.563  90.0  30.0  359
 8.050  365.0 -90  39  63   1.563 210.0  30.0  356
 8.050  367.5 -90  39  60  -1.563 210.0  30.0  364
 8.050  370.0 -90  39  48   1.563  90.0  30.0  363
 8.050  715.0 -90  39  48   1.563 330.0  30.0  721
 8.050  717.5 -90  39  48   1.563   0.0   0.0  720
 8.075  385.0  90  39  48   1.563  90.0  30.0  389
 8.075  392.5  90  39  57   1.563   0.0   0.0  397
 8.075  395.0  90  39  54   1.563   0.0   0.0  398
 8.075  397.5  90  39  54   1.563 150.0  30.0  401
 8.075  400.0  90  39  57   1.563 150.0  30.0  402
 8.075  402.5  90  39  60   1.563   0.0   0.0  407
 8.075  405.0  90  39  48   1.563   0.0   0.0  406
 8.075  410.0  90  39  57   1.563   0.0   0.0  414
 8.075  412.5  90  39  54   1.563   0.0   0.0  418
 8.075  415.0  90  39  48  -1.563   0.0   0.0  419
 8.075  417.5  90  39  51   1.563   0.0   0.0  419
 8.075  420.0  90  39  48   1.563   0.0   0.0  425
 8.075  422.5  90  39  54  -1.563   0.0   0.0  428
 8.075  425.0  90  39  51   1.563   0.0   0.0  429
 8.075  427.5  90  39  48   1.563  30.0  30.0  434
 8.075  430.0  90  39  48  -1.563   0.0   0.0  433
 8.075  437.5  90  39  51  -1.563   0.0   0.0  443
 8.075  440.0  90  39  51   1.563   0.0   0.0  441
 8.075  442.5  90  39  54  -1.563  30.0  30.0  446
 8.075  445.0  90  39  54   1.563   0.0   0.0  450
 8.075  447.5  90  39  69  -1.563   0.0   0.0  452
 8.075  450.0  90  39  69  -1.563  30.0  30.0  454
 8.075  452.5  90  39  69   1.563 330.0  30.0  456
 8.075  455.0  90  39  69   1.563   0.0   0.0  459
 8.075  457.5  90  39  69   1.563 330.0  30.0  461
 8.075  460.0  90  39  69  -1.563  90.0  30.0  463
 8.075  462.5  90  39  63  -1.563   0.0   0.0  456
 8.075  465.0  90  39  78   1.563 210.0  30.0  463
 8.075  467.5  90  39  78   1.563   0.0   0.0  463
 8.075  470.0  90  39  69   1.563 210.0  30.0  466
 8.075  472.5  90  39  66  -1.563   0.0   0.0  469
 8.075  475.0  90  39  72   1.563 210.0  30.0  472
 8.075  477.5  90  39  69   1.563 210.0  30.0  474
 8.075  480.0  90  39  60   1.563   0.0   0.0  477
 8.075  485.0  90  39  54   1.563 210.0  30.0  480
 8.075  487.5  90  39  54   1.563   0.0   0.0  483
 8.075  490.0  90  39  54   1.563   0.0   0.0  492
 8.075  860.0  90  39  48  -1.563 150.0  30.0  864
 8.075  350.0 -90  39  60  -1.563 150.0  30.0  355
 8.075  352.5 -90  39  63  -1.563 270.0  30.0  357
 8.075  355.0 -90  39  72   1.563   0.0   0.0  361
 8.075  357.5 -90  39  81  -1.563   0.0   0.0  362
 8.075  360.0 -90  39  78  -1.563   0.0   0.0  364
 8.075  362.5 -90  39  72  -1.563   0.0   0.0  366
 8.075  365.0 -90  39  75   1.563 210.0  30.0  361
 8.075  367.5 -90  39  69   1.563 330.0  30.0  363
 8.075  370.0 -90  39  60   1.563 210.0  30.0  363
 8.075  715.0 -90  39  48  -1.563 150.0  30.0  722
 8.075  717.5 -90  39  51   1.563   0.0   0.0  721
 8.075  722.5 -90  39  48   1.563  90.0  30.0  727
 8.100  387.5  90  39  51   1.563  90.0  30.0  393
 8.100  390.0  90  39  54   1.563  90.0  30.0  393
 8.100  392.5  90  39  57   1.563  90.0  30.0  396
 8.100  395.0  90  39  57   1.563 330.0  30.0  398
 8.100  397.5  90  39  57   1.563  90.0  30.0  401
 8.100  400.0  90  39  54  -1.563   0.0   0.0  403
 8.100  402.5  90  39  54  -1.563   0.0   0.0  405
 8.100  405.0  90  39  51  -1.563 150.0  30.0  409
 8.100  407.5  90  39  51  -1.563   0.0   0.0  412
 8.100  410.0  90  39  54   1.563   0.0   0.0  415
 8.100  412.5  90  39  51   1.563   0.0   0.0  417
 8.100  415.0  90  39  57   1.563   0.0   0.0  419
 8.100  417.5  90  39  54   1.563   0.0   0.0  421
 8.100  422.5  90  39  54  -1.563   0.0   0.0  427
 8.100  425.0  90  39  54  -1.563   0.0   0.0  428
 8.100  427.5  90  39  48  -1.563   0.0   0.0  435
 8.100  430.0  90  39  48  -1.563 270.0  30.0  434
 8.100  432.5  90  39  48   1.563   0.0   0.0  436
 8.100  435.0  90  39  51  -1.563 330.0  30.0  436
 8.100  437.5  90  39  54   1.563   0.0   0.0  442
 8.100  440.0  90  39  48   1.563   0.0   0.0  446
 8.100  442.5  90  39  48   1.563 210.0  30.0  447
 8.100  445.0  90  39  51  -1.563 270.0  30.0  451
 8.100  447.5  90  39  51   1.563 270.0  30.0  451
 8.100  450.0  90  39  63   1.563   0.0   0.0  456
 8.100  452.5  90  39  66   1.563  90.0  30.0  456
 8.100  455.0  90  39  66   1.563 330.0  30.0  461
 8.100  457.5  90  39  69  -1.563   0.0   0.0  462
 8.100  460.0  90  39  66  -1.563   0.0   0.0  464
 8.100  462.5  90  39  69  -1.563   0.0   0.0  467
 8.100  465.0  90  39  78   1.563  90.0  30.0  469
 8.100  467.5  90  39  72   1.563 210.0  30.0  462
 8.100  470.0  90  39  66   1.563  90.0  30.0  469
 8.100  472.5  90  39  72   1.563 330.0  30.0  467
 8.100  475.0  90  39  57  -1.563 150.0  30.0  485
 8.100  477.5  90  39  69  -1.563   0.0   0.0  474
 8.100  480.0  90  39  60   1.563 330.0  30.0  481
 8.100  482.5  90  39  66   1.563  90.0  30.0  477
 8.100  485.0  90  39  66   1.563 210.0  30.0  481
 8.100  487.5  90  39  66   1.563 210.0  30.0  484
 8.100  490.0  90  39  69   1.563  90.0  30.0  486
 8.100  492.5  90  39  63   1.563 330.0  30.0  488
 8.100  495.0  90  39  60   1.563 330.0  30.0  490
 8.100  497.5  90  39  54   1.563  90.0  30.0  492
 8.100  505.0  90  39  48   1.563   0.0   0.0  497
 8.100  927.5  90  39  48   1.563   0.0   0.0  932
 8.100  350.0 -90  39  51  -1.563  30.0  30.0  356
 8.100  352.5 -90  39  54   1.563 150.0  30.0  356
 8.100  355.0 -90  39  69  -1.563 150.0  30.0  361
 8.100  357.5 -90  39  72  -1.563   0.0   0.0  360
 8.100  360.0 -90  39  75   1.563   0.0   0.0  365
 8.100  362.5 -90  39  78   1.563 210.0  30.0  366
 8.100  365.0 -90  39  78   1.563 330.0  30.0  362
 8.100  367.5 -90  39  78   1.563 210.0  30.0  363
 8.100  370.0 -90  39  69   1.563 210.0  30.0  365
 8.100  372.5 -90  39  54   1.563   0.0   0.0  367
 8.100  717.5 -90  39  48   1.563  30.0  30.0  721
 8.100  720.0 -90  39  48  -1.563   0.0   0.0  724
 8.125  365.0  90  39  51   1.563  90.0  30.0  367
 8.125  377.5  90  39  48   1.563   0.0   0.0  368
 8.125  380.0  90  39  48   1.563   0.0   0.0  371
 8.125  392.5  90  39  48   1.563 210.0  30.0  388
 8.125  395.0  90  39  48   1.563 330.0  30.0  398
 8.125  397.5  90  39  51  -1.563 330.0  30.0  406
 8.125  400.0  90  39  51   1.563 270.0  30.0  405
 8.125  402.5  90  39  60   1.563  90.0  30.0  407
 8.125  405.0  90  39  63   1.563   0.0   0.0  409
 8.125  407.5  90  39  57   1.563   0.0   0.0  411
 8.125  410.0  90  39  51  -1.563   0.0   0.0  414
 8.125  412.5  90  39  54   1.563   0.0   0.0  416
 8.125  415.0  90  39  57  -1.563   0.0   0.0  420
 8.125  417.5  90  39  57   1.563   0.0   0.0  421
 8.125  422.5  90  39  51   1.563  90.0  30.0  419
 8.125  425.0  90  39  51   1.563   0.0   0.0  432
 8.125  430.0  90  39  48   1.563   0.0   0.0  429
 8.125  435.0  90  39  57   1.563   0.0   0.0  437
 8.125  437.5  90  39  54   1.563   0.0   0.0  441
 8.125  440.0  90  39  54  -1.563  90.0  30.0  450
 8.125  442.5  90  39  54  -1.563 210.0  30.0  448
 8.125  445.0  90  39  48   1.563 330.0  30.0  437
 8.125  447.5  90  39  51  -1.563   0.0   0.0  442
 8.125  450.0  90  39  51   1.563   0.0   0.0  446
 8.125  452.5  90  39  60   1.563   0.0   0.0  456
 8.125  455.0  90  39  57   1.563  90.0  30.0  451
 8.125  457.5  90  39  60  -1.563   0.0   0.0  462
 8.125  460.0  90  39  54  -1.563  90.0  30.0  470
 8.125  462.5  90  39  66   1.563 210.0  30.0  465
 8.125  465.0  90  39  69   1.563 210.0  30.0  471
 8.125  467.5  90  39  75   1.563   0.0   0.0  471
 8.125  470.0  90  39  69   1.563 150.0  30.0  474
 8.125  472.5  90  39  63   1.563  30.0  30.0  474
 8.125  475.0  90  39  63  -1.563   0.0   0.0  481
 8.125  477.5  90  39  69  -1.563 330.0  30.0  475
 8.125  480.0  90  39  66  -1.563  90.0  30.0  484
 8.125  482.5  90  39  63   1.563 210.0  30.0  478
 8.125  485.0  90  39  60   1.563 210.0  30.0  486
 8.125  487.5  90  39  66   1.563 330.0  30.0  484
 8.125  490.0  90  39  69   1.563  90.0  30.0  486
 8.125  492.5  90  39  66   1.563 210.0  30.0  487
 8.125  495.0  90  39  63  -1.563   0.0   0.0  491
 8.125  497.5  90  39  63   1.563 330.0  30.0  493
 8.125  500.0  90  39  63   1.563 330.0  30.0  496
 8.125  502.5  90  39  51  -1.563 210.0  30.0  498
 8.125  512.5  90  39  48   1.563 330.0  30.0  509
 8.125  515.0  90  39  48   1.563 210.0  30.0  514
 8.125  517.5  90  39  51   1.563 330.0  30.0  516
 8.125  522.5  90  39  48  -1.563 210.0  30.0  508
 8.125  530.0  90  39  48   1.563   0.0   0.0  524
 8.125  540.0  90  39  48   1.563   0.0   0.0  539
 8.125  542.5  90  39  48   1.563   0.0   0.0  531
 8.125  560.0  90  39  48  -1.563 330.0  30.0  548
 8.125  565.0  90  39  48  -1.563   0.0   0.0  550
 8.125  902.5  90  39  48  -1.563   0.0   0.0  909
 8.125  917.5  90  39  48   1.563 210.0  30.0  920
 8.125  920.0  90  39  48  -1.563 210.0  30.0  924
 8.125  962.5  90  39  48   1.563   0.0   0.0  958
 8.125  980.0  90  39  48   1.563   0.0   0.0  980
 8.125  997.5  90  39  48   4.688   0.0   0.0 1003
 8.125 1225.0  90  39  48  -1.563  90.0  30.0 1214
 8.125 1272.5  90  39  48   4.688   0.0   0.0 1263
 8.125  352.5 -90  39  57   1.563  90.0  30.0  357
 8.125  355.0 -90  39  60  -1.563 150.0  30.0  362
 8.125  357.5 -90  39  72  -1.563  30.0  30.0  362
 8.125  360.0 -90  39  69   1.563  30.0  30.0  363
 8.125  362.5 -90  39  75   1.563  90.0  30.0  360
 8.125  365.0 -90  39  75   1.563 210.0  30.0  365
 8.125  367.5 -90  39  78   1.563  90.0  30.0  362
 8.125  370.0 -90  39  72   1.563 330.0  30.0  366
 8.125  372.5 -90  39  63   1.563 210.0  30.0  367
 8.125  725.0 -90  39  48   1.563 330.0  30.0  729
 8.150  397.5  90  39  48  -1.563  30.0  30.0  404
 8.150  400.0  90  39  54   1.563 330.0  30.0  404
 8.150  402.5  90  39  48   1.563  30.0  30.0  408
 8.150  405.0  90  39  51   1.563 270.0  30.0  406
 8.150  407.5  90  39  60  -1.563   0.0   0.0  412
 8.150  410.0  90  39  57   1.563   0.0   0.0  414
 8.150  412.5  90  39  60   1.563  90.0  30.0  416
 8.150  415.0  90  39  60   1.563   0.0   0.0  418
 8.150  417.5  90  39  48   1.563 270.0  30.0  416
 8.150  420.0  90  39  48   1.563   0.0   0.0  423
 8.150  425.0  90  39  48  -1.563   0.0   0.0  429
 8.150  427.5  90  39  51   1.563   0.0   0.0  431
 8.150  430.0  90  39  48   1.563   0.0   0.0  439
 8.150  432.5  90  39  48   1.563   0.0   0.0  435
 8.150  435.0  90  39  48  -1.563   0.0   0.0  436
 8.150  437.5  90  39  51   1.563   0.0   0.0  443
 8.150  440.0  90  39  48   1.563 270.0  30.0  445
 8.150  445.0  90  39  51   1.563   0.0   0.0  446
 8.150  455.0  90  39  54   1.563 330.0  30.0  460
 8.150  457.5  90  39  57   1.563   0.0   0.0  461
 8.150  460.0  90  39  60   1.563   0.0   0.0  464
 8.150  462.5  90  39  60   1.563   0.0   0.0  467
 8.150  465.0  90  39  54  -1.563  30.0  30.0  468
 8.150  467.5  90  39  66   1.563   0.0   0.0  472
 8.150  470.0  90  39  66  -1.563   0.0   0.0  474
 8.150  472.5  90  39  66   1.563   0.0   0.0  476
 8.150  475.0  90  39  63   1.563   0.0   0.0  480
 8.150  477.5  90  39  69   1.563 330.0  30.0  482
 8.150  480.0  90  39  69  -1.563 210.0  30.0  483
 8.150  482.5  90  39  60   1.563 330.0  30.0  474
 8.150  485.0  90  39  60   1.563  90.0  30.0  488
 8.150  487.5  90  39  66   1.563  90.0  30.0  484
 8.150  490.0  90  39  72   1.563 330.0  30.0  485
 8.150  492.5  90  39  75   1.563   0.0   0.0  490
 8.150  495.0  90  39  75   1.563  90.0  30.0  491
 8.150  497.5  90  39  69   1.563   0.0   0.0  501
 8.150  500.0  90  39  63  -1.563   0.0   0.0  504
 8.150  502.5  90  39  57  -1.563   0.0   0.0  505
 8.150  505.0  90  39  69   1.563  90.0  30.0  501
 8.150  507.5  90  39  66   1.563 330.0  30.0  504
 8.150  510.0  90  39  63   1.563 210.0  30.0  504
 8.150  512.5  90  39  57  -1.563 210.0  30.0  507
 8.150  515.0  90  39  48  -1.563 330.0  30.0  511
 8.150  517.5  90  39  48   1.563  90.0  30.0  522
 8.150  520.0  90  39  51  -1.563  90.0  30.0  515
 8.150  925.0  90  39  48   1.563 330.0  30.0  930
 8.150  355.0 -90  39  57  -1.563  30.0  30.0  360
 8.150  357.5 -90  39  69  -1.563 150.0  30.0  362
 8.150  360.0 -90  39  75   1.563   0.0   0.0  365
 8.150  362.5 -90  39  75   1.563  90.0  30.0  366
 8.150  365.0 -90  39  78   1.563   0.0   0.0  363
 8.150  367.5 -90  39  78   1.563 330.0  30.0  365
 8.150  370.0 -90  39  66   1.563 270.0  30.0  366
 8.150  372.5 -90  39  66   1.563  90.0  30.0  368
 8.150  375.0 -90  39  57   1.563 210.0  30.0  368
 8.150  720.0 -90  39  48  -1.563 150.0  30.0  726
 8.150  722.5 -90  39  48   1.563   0.0   0.0  726
 8.150  725.0 -90  39  51  -1.563   0.0   0.0  729
 8.150  727.5 -90  39  48  -1.563   0.0   0.0  732
 8.175  387.5  90  39  48  -1.563  90.0  30.0  391
 8.175  400.0  90  39  48   1.563  90.0  30.0  404
 8.175  402.5  90  39  48   1.563 210.0  30.0  404
 8.175  405.0  90  39  54   1.563 270.0  30.0  410
 8.175  407.5  90  39  54   1.563   0.0   0.0  411
 8.175  410.0  90  39  60   1.563 330.0  30.0  415
 8.175  412.5  90  39  57   1.563   0.0   0.0  416
 8.175  415.0  90  39  54   1.563   0.0   0.0  419
 8.175  417.5  90  39  48   1.563 330.0  30.0  417
 8.175  425.0  90  39  54   1.563   0.0   0.0  427
 8.175  427.5  90  39  54   1.563   0.0   0.0  430
 8.175  430.0  90  39  54   1.563   0.0   0.0  434
 8.175  435.0  90  39  48   1.563   0.0   0.0  442
 8.175  440.0  90  39  51   1.563   0.0   0.0  442
 8.175  442.5  90  39  48   1.563   0.0   0.0  441
 8.175  445.0  90  39  48   1.563 330.0  30.0  445
 8.175  450.0  90  39  51   1.563   0.0   0.0  456
 8.175  452.5  90  39  51   1.563   0.0   0.0  456
 8.175  455.0  90  39  51  -1.563 210.0  30.0  461
 8.175  457.5  90  39  57   1.563   0.0   0.0  461
 8.175  460.0  90  39  48  -1.563  90.0  30.0  464
 8.175  462.5  90  39  48   1.563 150.0  30.0  466
 8.175  465.0  90  39  51   1.563 330.0  30.0  468
 8.175  467.5  90  39  51  -1.563 330.0  30.0  460
 8.175  470.0  90  39  54  -1.563  90.0  30.0  472
 8.175  472.5  90  39  60   1.563   0.0   0.0  477
 8.175  475.0  90  39  63   1.563 210.0  30.0  472
 8.175  477.5  90  39  66   1.563 330.0  30.0  480
 8.175  480.0  90  39  57   1.563  90.0  30.0  477
 8.175  482.5  90  39  60   1.563 330.0  30.0  489
 8.175  485.0  90  39  63   1.563 210.0  30.0  489
 8.175  487.5  90  39  63   1.563  90.0  30.0  491
 8.175  490.0  90  39  66   1.563 270.0  30.0  490
 8.175  492.5  90  39  72   1.563   0.0   0.0  497
 8.175  495.0  90  39  72   1.563 210.0  30.0  491
 8.175  497.5  90  39  69   1.563 210.0  30.0  493
 8.175  500.0  90  39  72   1.563  90.0  30.0  495
 8.175  502.5  90  39  60   1.563 330.0  30.0  501
 8.175  505.0  90  39  63   1.563  90.0  30.0  502
 8.175  507.5  90  39  69   1.563   0.0   0.0  504
 8.175  510.0  90  39  69   1.563   0.0   0.0  505
 8.175  512.5  90  39  66   1.563   0.0   0.0  511
 8.175  515.0  90  39  69   1.563 330.0  30.0  511
 8.175  517.5  90  39  63   1.563  90.0  30.0  514
 8.175  520.0  90  39  63   1.563 330.0  30.0  515
 8.175  522.5  90  39  57   1.563 330.0  30.0  519
 8.175  527.5  90  39  57   1.563 330.0  30.0  525
 8.175  530.0  90  39  51  -1.563   0.0   0.0  527
 8.175  532.5  90  39  48   1.563 210.0  30.0  527
 8.175  535.0  90  39  51   1.563  90.0  30.0  531
 8.175  537.5  90  39  51   1.563 330.0  30.0  534
 8.175  540.0  90  39  51   1.563   0.0   0.0  533
 8.175  552.5  90  39  48   1.563 210.0  30.0  556
 8.175  560.0  90  39  48   1.563   0.0   0.0  563
 8.175  582.5  90  39  48   1.563   0.0   0.0  576
 8.175  920.0  90  39  48  -1.563   0.0   0.0  923
 8.175  942.5  90  39  48   1.563   0.0   0.0  947
 8.175 1040.0  90  39  48  -1.563   0.0   0.0 1037
 8.175 1067.5  90  39  48  -1.563  90.0  30.0 1058
 8.175 1095.0  90  39  48   1.563 210.0  30.0 1080
 8.175 1097.5  90  39  48   1.563 330.0  30.0 1083
 8.175 1105.0  90  39  48  -1.563 210.0  30.0 1098
 8.175 1122.5  90  39  48   1.563  90.0  30.0 1123
 8.175 1125.0  90  39  48  -1.563  90.0  30.0 1124
 8.175 1127.5  90  39  48   1.563   0.0   0.0 1129
 8.175 1130.0  90  39  48   1.563 330.0  30.0 1132
 8.175 1132.5  90  39  48   1.563   0.0   0.0 1133
 8.175 1135.0  90  39  48  -1.563 330.0  30.0 1126
 8.175 1137.5  90  39  48  -1.563 210.0  30.0 1128
 8.175 1145.0  90  39  48  -1.563   0.0   0.0 1137
 8.175 1150.0  90  39  48   1.563 210.0  30.0 1148
 8.175 1152.5  90  39  48   1.563   0.0   0.0 1160
 8.175 1165.0  90  39  48   1.563   0.0   0.0 1150
 8.175 1175.0  90  39  48  -1.563 330.0  30.0 1162
 8.175 1177.5  90  39  48   1.563  90.0  30.0 1164
 8.175 1180.0  90  39  48   1.563   0.0   0.0 1179
 8.175  355.0 -90  39  54   1.563 330.0  30.0  356
 8.175  357.5 -90  39  60  -1.563 270.0  30.0  363
 8.175  360.0 -90  39  66   1.563 210.0  30.0  367
 8.175  362.5 -90  39  72   1.563   0.0   0.0  366
 8.175  365.0 -90  39  78   1.563 210.0  30.0  369
 8.175  367.5 -90  39  75   1.563 210.0  30.0  365
 8.175  370.0 -90  39  78   1.563 210.0  30.0  365
 8.175  372.5 -90  39  60  -1.563 150.0  30.0  376
 8.175  375.0 -90  39  69   1.563 210.0  30.0  371
 8.175  377.5 -90  39  54   1.563 330.0  30.0  372
 8.175  730.0 -90  39  48   1.563  30.0  30.0  734
 8.175  737.5 -90  39  48   1.563   0.0   0.0  742
 8.200  397.5  90  39  48  -1.563 330.0  30.0  404
 8.200  400.0  90  39  48  -1.563 270.0  30.0  406
 8.200  405.0  90  39  48  -1.563  30.0  30.0  409
 8.200  410.0  90  39  51   1.563   0.0   0.0  413
 8.200  412.5  90  39  57   1.563   0.0   0.0  417
 8.200  415.0  90  39  60   1.563   0.0   0.0  418
 8.200  417.5  90  39  51   1.563   0.0   0.0  418
 8.200  420.0  90  39  54   1.563   0.0   0.0  422
 8.200  422.5  90  39  57   1.563   0.0   0.0  426
 8.200  425.0  90  39  57   1.563   0.0   0.0  429
 8.200  427.5  90  39  54   1.563   0.0   0.0  428
 8.200  430.0  90  39  54   1.563   0.0   0.0  438
 8.200  432.5  90  39  57   1.563  30.0  30.0  437
 8.200  435.0  90  39  51   1.563 150.0  30.0  439
 8.200  437.5  90  39  54   1.563   0.0   0.0  441
 8.200  440.0  90  39  54   1.563   0.0   0.0  442
 8.200  447.5  90  39  51   1.563   0.0   0.0  454
 8.200  450.0  90  39  51   1.563 330.0  30.0  453
 8.200  452.5  90  39  51  -1.563   0.0   0.0  457
 8.200  455.0  90  39  54   1.563   0.0   0.0  461
 8.200  457.5  90  39  57   1.563   0.0   0.0  461
 8.200  460.0  90  39  51   1.563 210.0  30.0  466
 8.200  462.5  90  39  57   1.563  90.0  30.0  465
 8.200  465.0  90  39  48   1.563 330.0  30.0  470
 8.200  467.5  90  39  51   1.563   0.0   0.0  472
 8.200  472.5  90  39  51   1.563 210.0  30.0  475
 8.200  475.0  90  39  51  -1.563 330.0  30.0  467
 8.200  477.5  90  39  57   1.563  90.0  30.0  474
 8.200  480.0  90  39  63   1.563  90.0  30.0  485
 8.200  482.5  90  39  60   1.563  90.0  30.0  478
 8.200  485.0  90  39  60   1.563  90.0  30.0  481
 8.200  487.5  90  39  60   1.563  90.0  30.0  487
 8.200  490.0  90  39  66   1.563   0.0   0.0  494
 8.200  492.5  90  39  69  -1.563   0.0   0.0  497
 8.200  495.0  90  39  69   1.563   0.0   0.0  499
 8.200  497.5  90  39  69   1.563 210.0  30.0  493
 8.200  500.0  90  39  72   1.563  90.0  30.0  496
 8.200  502.5  90  39  72   1.563 210.0  30.0  498
 8.200  505.0  90  39  66   1.563  30.0  30.0  508
 8.200  507.5  90  39  63   1.563   0.0   0.0  509
 8.200  510.0  90  39  66  -1.563   0.0   0.0  514
 8.200  512.5  90  39  69   1.563 210.0  30.0  511
 8.200  515.0  90  39  69  -1.563   0.0   0.0  519
 8.200  517.5  90  39  66   1.563 330.0  30.0  511
 8.200  520.0  90  39  69   1.563   0.0   0.0  517
 8.200  522.5  90  39  69   1.563   0.0   0.0  519
 8.200  525.0  90  39  69   1.563  90.0  30.0  521
 8.200  527.5  90  39  66   1.563 330.0  30.0  525
 8.200  530.0  90  39  63   1.563  90.0  30.0  526
 8.200  532.5  90  39  57   1.563  90.0  30.0  527
 8.200  535.0  90  39  57   1.563  90.0  30.0  529
 8.200  537.5  90  39  54   1.563 150.0  30.0  532
 8.200  540.0  90  39  54   1.563 330.0  30.0  535
 8.200  542.5  90  39  48  -1.563  90.0  30.0  539
 8.200  545.0  90  39  48   1.563 210.0  30.0  542
 8.200  547.5  90  39  51   1.563 210.0  30.0  540
 8.200  560.0  90  39  48   1.563  90.0  30.0  556
 8.200  562.5  90  39  48   1.563  90.0  30.0  556
 8.200  355.0 -90  39  51  -1.563 270.0  30.0  361
 8.200  357.5 -90  39  48   1.563 150.0  30.0  362
 8.200  360.0 -90  39  60  -1.563 150.0  30.0  367
 8.200  362.5 -90  39  66  -1.563 150.0  30.0  366
 8.200  365.0 -90  39  72   1.563 210.0  30.0  371
 8.200  367.5 -90  39  75   1.563  90.0  30.0  370
 8.200  370.0 -90  39  75  -1.563 330.0  30.0  375
 8.200  372.5 -90  39  72   1.563 210.0  30.0  367
 8.200  375.0 -90  39  69   1.563 210.0  30.0  369
 8.200  377.5 -90  39  57   1.563 210.0  30.0  371
 8.200  380.0 -90  39  48   1.563  90.0  30.0  374
 8.200  732.5 -90  39  48   1.563   0.0   0.0  736
 8.200  735.0 -90  39  48   1.563   0.0   0.0  740
 8.225  370.0  90  39  48   1.563  90.0  30.0  374
 8.225  372.5  90  39  51   1.563 330.0  30.0  374
 8.225  397.5  90  39  48  -1.563 150.0  30.0  401
 8.225  400.0  90  39  48   1.563  30.0  30.0  405
 8.225  407.5  90  39  48   1.563 270.0  30.0  413
 8.225  410.0  90  39  48   1.563  30.0  30.0  416
 8.225  412.5  90  39  54   1.563 270.0  30.0  416
 8.225  415.0  90  39  51   1.563 150.0  30.0  418
 8.225  417.5  90  39  51   1.563 150.0  30.0  421
 8.225  420.0  90  39  54   1.563   0.0   0.0  422
 8.225  422.5  90  39  60   1.563   0.0   0.0  426
 8.225  425.0  90  39  60   1.563  90.0  30.0  428
 8.225  427.5  90  39  54   1.563   0.0   0.0  430
 8.225  430.0  90  39  48   1.563  30.0  30.0  431
 8.225  432.5  90  39  54  -1.563   0.0   0.0  436
 8.225  435.0  90  39  54   1.563   0.0   0.0  439
 8.225  437.5  90  39  54   1.563   0.0   0.0  444
 8.225  440.0  90  39  57   1.563   0.0   0.0  444
 8.225  442.5  90  39  54  -1.563   0.0   0.0  445
 8.225  445.0  90  39  48   1.563   0.0   0.0  452
 8.225  447.5  90  39  57   1.563   0.0   0.0  451
 8.225  452.5  90  39  57   1.563   0.0   0.0  456
 8.225  455.0  90  39  54   1.563   0.0   0.0  459
 8.225  457.5  90  39  54   1.563   0.0   0.0  460
 8.225  460.0  90  39  48   1.563   0.0   0.0  466
 8.225  462.5  90  39  54   1.563   0.0   0.0  467
 8.225  465.0  90  39  51   1.563   0.0   0.0  469
 8.225  467.5  90  39  48  -1.563  30.0  30.0  471
 8.225  470.0  90  39  51   1.563 210.0  30.0  474
 8.225  472.5  90  39  48  -1.563   0.0   0.0  479
 8.225  475.0  90  39  51  -1.563 210.0  30.0  479
 8.225  477.5  90  39  54   1.563   0.0   0.0  483
 8.225  480.0  90  39  57   1.563   0.0   0.0  485
 8.225  482.5  90  39  57   1.563 210.0  30.0  486
 8.225  485.0  90  39  51   1.563   0.0   0.0  476
 8.225  487.5  90  39  51   1.563 330.0  30.0  492
 8.225  490.0  90  39  51   1.563  90.0  30.0  488
 8.225  492.5  90  39  60   1.563   0.0   0.0  497
 8.225  495.0  90  39  51   1.563  30.0  30.0  501
 8.225  497.5  90  39  54  -1.563  90.0  30.0  505
 8.225  500.0  90  39  63   1.563 210.0  30.0  494
 8.225  502.5  90  39  66   1.563 210.0  30.0  506
 8.225  505.0  90  39  60  -1.563   0.0   0.0  513
 8.225  507.5  90  39  69   1.563   0.0   0.0  512
 8.225  510.0  90  39  69   1.563   0.0   0.0  513
 8.225  512.5  90  39  60   1.563 330.0  30.0  516
 8.225  515.0  90  39  69   1.563 210.0  30.0  512
 8.225  517.5  90  39  72   1.563 210.0  30.0  512
 8.225  520.0  90  39  66   1.563 210.0  30.0  516
 8.225  522.5  90  39  66   1.563 330.0  30.0  516
 8.225  525.0  90  39  54  -1.563  90.0  30.0  529
 8.225  527.5  90  39  69   1.563 330.0  30.0  527
 8.225  530.0  90  39  66   1.563   0.0   0.0  533
 8.225  532.5  90  39  57   1.563   0.0   0.0  527
 8.225  535.0  90  39  57  -1.563  90.0  30.0  532
 8.225  537.5  90  39  66   1.563 210.0  30.0  534
 8.225  540.0  90  39  66   1.563   0.0   0.0  535
 8.225  542.5  90  39  63  -1.563   0.0   0.0  539
 8.225  545.0  90  39  66  -1.563 330.0  30.0  542
 8.225  547.5  90  39  54   1.563 150.0  30.0  545
 8.225  550.0  90  39  60   1.563  90.0  30.0  546
 8.225  552.5  90  39  57   1.563 330.0  30.0  549
 8.225  555.0  90  39  57   1.563  90.0  30.0  550
 8.225  557.5  90  39  51   1.563 210.0  30.0  553
 8.225  560.0  90  39  48  -1.563 330.0  30.0  559
 8.225  562.5  90  39  54   1.563 210.0  30.0  559
 8.225  565.0  90  39  51   1.563  90.0  30.0  559
 8.225  572.5  90  39  48   1.563 210.0  30.0  569
 8.225  357.5 -90  39  57   1.563  90.0  30.0  361
 8.225  360.0 -90  39  54   1.563   0.0   0.0  364
 8.225  362.5 -90  39  63  -1.563 150.0  30.0  368
 8.225  365.0 -90  39  69  -1.563   0.0   0.0  370
 8.225  367.5 -90  39  75   1.563  90.0  30.0  372
 8.225  370.0 -90  39  84   1.563 210.0  30.0  374
 8.225  372.5 -90  39  81   1.563 330.0  30.0  366
 8.225  375.0 -90  39  75   1.563 330.0  30.0  371
 8.225  377.5 -90  39  69   1.563 210.0  30.0  372
 8.225  380.0 -90  39  57   1.563   0.0   0.0  374
 8.250  410.0  90  39  48   1.563 150.0  30.0  415
 8.250  412.5  90  39  51   1.563 150.0  30.0  416
 8.250  415.0  90  39  54  -1.563   0.0   0.0  418
 8.250  417.5  90  39  51   1.563 330.0  30.0  420
 8.250  420.0  90  39  51   1.563 330.0  30.0  420
 8.250  422.5  90  39  57   1.563   0.0   0.0  427
 8.250  425.0  90  39  60   1.563   0.0   0.0  429
 8.250  427.5  90  39  54   1.563   0.0   0.0  431
 8.250  430.0  90  39  57   1.563   0.0   0.0  432
 8.250  432.5  90  39  54  -1.563   0.0   0.0  435
 8.250  440.0  90  39  51   1.563   0.0   0.0  447
 8.250  442.5  90  39  57  -1.563   0.0   0.0  446
 8.250  445.0  90  39  48   1.563   0.0   0.0  449
 8.250  450.0  90  39  57   1.563   0.0   0.0  455
 8.250  452.5  90  39  60   1.563   0.0   0.0  457
 8.250  455.0  90  39  51  -1.563  90.0  30.0  459
 8.250  457.5  90  39  57   1.563   0.0   0.0  459
 8.250  460.0  90  39  51  -1.563 330.0  30.0  463
 8.250  465.0  90  39  51   1.563   0.0   0.0  468
 8.250  467.5  90  39  54  -1.563 270.0  30.0  472
 8.250  470.0  90  39  57   1.563   0.0   0.0  474
 8.250  472.5  90  39  54   1.563   0.0   0.0  476
 8.250  475.0  90  39  51   1.563 210.0  30.0  479
 8.250  477.5  90  39  51  -1.563  90.0  30.0  481
 8.250  480.0  90  39  48  -1.563 210.0  30.0  474
 8.250  482.5  90  39  48  -1.563 150.0  30.0  488
 8.250  485.0  90  39  48   1.563 150.0  30.0  488
 8.250  487.5  90  39  54   1.563   0.0   0.0  491
 8.250  490.0  90  39  48  -1.563 330.0  30.0  493
 8.250  492.5  90  39  54   1.563   0.0   0.0  495
 8.250  495.0  90  39  57   1.563 210.0  30.0  492
 8.250  497.5  90  39  60   1.563  90.0  30.0  494
 8.250  500.0  90  39  60   1.563  90.0  30.0  496
 8.250  502.5  90  39  66   1.563 330.0  30.0  507
 8.250  505.0  90  39  66   1.563   0.0   0.0  508
 8.250  507.5  90  39  60   1.563 210.0  30.0  510
 8.250  510.0  90  39  63  -1.563 150.0  30.0  515
 8.250  512.5  90  39  60   1.563  90.0  30.0  516
 8.250  515.0  90  39  57   1.563 210.0  30.0  509
 8.250  517.5  90  39  66   1.563   0.0   0.0  521
 8.250  520.0  90  39  66   1.563 330.0  30.0  520
 8.250  522.5  90  39  69   1.563   0.0   0.0  526
 8.250  525.0  90  39  60   1.563   0.0   0.0  529
 8.250  527.5  90  39  66   1.563 210.0  30.0  532
 8.250  530.0  90  39  63  -1.563   0.0   0.0  532
 8.250  532.5  90  39  69   1.563 210.0  30.0  528
 8.250  535.0  90  39  66   1.563  90.0  30.0  534
 8.250  537.5  90  39  69   1.563 210.0  30.0  534
 8.250  540.0  90  39  60   1.563  90.0  30.0  540
 8.250  542.5  90  39  75   1.563  90.0  30.0  538
 8.250  545.0  90  39  72   1.563 330.0  30.0  541
 8.250  547.5  90  39  66   1.563   0.0   0.0  543
 8.250  550.0  90  39  63   1.563 270.0  30.0  553
 8.250  552.5  90  39  57  -1.563 330.0  30.0  557
 8.250  555.0  90  39  66   1.563   0.0   0.0  553
 8.250  557.5  90  39  66   1.563   0.0   0.0  552
 8.250  560.0  90  39  60   1.563 330.0  30.0  558
 8.250  562.5  90  39  66   1.563  90.0  30.0  560
 8.250  565.0  90  39  66   1.563  90.0  30.0  561
 8.250  567.5  90  39  63   1.563  90.0  30.0  564
 8.250  570.0  90  39  63   1.563  90.0  30.0  565
 8.250  572.5  90  39  60   1.563   0.0   0.0  568
 8.250  575.0  90  39  54   1.563 210.0  30.0  571
 8.250  577.5  90  39  48   1.563 330.0  30.0  573
 8.250  580.0  90  39  54   1.563 330.0  30.0  577
 8.250  582.5  90  39  51   1.563 210.0  30.0  581
 8.250  585.0  90  39  51   1.563  90.0  30.0  585
 8.250  587.5  90  39  51   1.563   0.0   0.0  590
 8.250  590.0  90  39  51   1.563 330.0  30.0  586
 8.250 1122.5  90  39  48   1.563 330.0  30.0 1127
 8.250 1135.0  90  39  48   1.563 210.0  30.0 1138
 8.250 1145.0  90  39  48   1.563 330.0  30.0 1145
 8.250 1190.0  90  39  48   1.563  90.0  30.0 1196
 8.250  357.5 -90  39  51   1.563 150.0  30.0  362
 8.250  360.0 -90  39  51  -1.563 150.0  30.0  361
 8.250  365.0 -90  39  60   1.563   0.0   0.0  370
 8.250  367.5 -90  39  69   1.563   0.0   0.0  374
 8.250  370.0 -90  39  81   1.563   0.0   0.0  374
 8.250  372.5 -90  39  75   1.563   0.0   0.0  375
 8.250  375.0 -90  39  60   4.688 330.0  30.0  383
 8.250  377.5 -90  39  63   1.563   0.0   0.0  379
 8.250  380.0 -90  39  60  -1.563 210.0  30.0  377
 8.250  382.5 -90  39  48   1.563 330.0  30.0  375
 8.275  410.0  90  39  48  -1.563  30.0  30.0  414
 8.275  412.5  90  39  54  -1.563 150.0  30.0  417
 8.275  415.0  90  39  54   1.563  90.0  30.0  419
 8.275  417.5  90  39  51  -1.563   0.0   0.0  421
 8.275  420.0  90  39  48   1.563  90.0  30.0  424
 8.275  425.0  90  39  51   1.563  90.0  30.0  428
 8.275  427.5  90  39  48   1.563 270.0  30.0  427
 8.275  430.0  90  39  51   1.563   0.0   0.0  434
 8.275  432.5  90  39  48   1.563   0.0   0.0  436
 8.275  435.0  90  39  48  -1.563  30.0  30.0  440
 8.275  437.5  90  39  48   1.563   0.0   0.0  439
 8.275  440.0  90  39  51   1.563   0.0   0.0  444
 8.275  445.0  90  39  48   1.563   0.0   0.0  447
 8.275  447.5  90  39  51   1.563   0.0   0.0  452
 8.275  450.0  90  39  48   1.563   0.0   0.0  451
 8.275  452.5  90  39  57   1.563   0.0   0.0  457
 8.275  455.0  90  39  60   1.563   0.0   0.0  459
 8.275  457.5  90  39  54   1.563   0.0   0.0  460
 8.275  460.0  90  39  48  -1.563   0.0   0.0  463
 8.275  462.5  90  39  51   1.563   0.0   0.0  467
 8.275  465.0  90  39  48   1.563 150.0  30.0  468
 8.275  470.0  90  39  57  -1.563   0.0   0.0  474
 8.275  472.5  90  39  54   1.563   0.0   0.0  476
 8.275  475.0  90  39  54   1.563   0.0   0.0  478
 8.275  477.5  90  39  54   1.563   0.0   0.0  481
 8.275  480.0  90  39  48   1.563   0.0   0.0  486
 8.275  482.5  90  39  48   1.563   0.0   0.0  486
 8.275  487.5  90  39  48   1.563   0.0   0.0  494
 8.275  490.0  90  39  57   1.563 210.0  30.0  493
 8.275  492.5  90  39  48  -1.563 330.0  30.0  505
 8.275  495.0  90  39  51   1.563   0.0   0.0  498
 8.275  497.5  90  39  57   1.563 210.0  30.0  501
 8.275  500.0  90  39  54   1.563 330.0  30.0  503
 8.275  502.5  90  39  57   1.563  90.0  30.0  508
 8.275  505.0  90  39  57   1.563   0.0   0.0  508
 8.275  507.5  90  39  51   1.563 150.0  30.0  512
 8.275  510.0  90  39  54   1.563 270.0  30.0  514
 8.275  512.5  90  39  57   1.563  90.0  30.0  518
 8.275  515.0  90  39  60   1.563  30.0  30.0  519
 8.275  517.5  90  39  54   1.563 270.0  30.0  522
 8.275  520.0  90  39  63   1.563  90.0  30.0  524
 8.275  522.5  90  39  63   1.563   0.0   0.0  525
 8.275  525.0  90  39  60   1.563 330.0  30.0  521
 8.275  527.5  90  39  57   1.563 330.0  30.0  522
 8.275  530.0  90  39  54   1.563   0.0   0.0  534
 8.275  532.5  90  39  66   1.563 330.0  30.0  528
 8.275  535.0  90  39  66   1.563 330.0  30.0  529
 8.275  537.5  90  39  60  -1.563 270.0  30.0  527
 8.275  540.0  90  39  60   1.563  90.0  30.0  539
 8.275  542.5  90  39  69   1.563 330.0  30.0  538
 8.275  545.0  90  39  69   1.563 210.0  30.0  539
 8.275  547.5  90  39  60   1.563 270.0  30.0  544
 8.275  550.0  90  39  66   1.563   0.0   0.0  545
 8.275  552.5  90  39  66   1.563  90.0  30.0  548
 8.275  555.0  90  39  66   1.563   0.0   0.0  560
 8.275  557.5  90  39  69   1.563   0.0   0.0  553
 8.275  560.0  90  39  69   1.563   0.0   0.0  556
 8.275  562.5  90  39  69   1.563 210.0  30.0  559
 8.275  565.0  90  39  72   1.563 210.0  30.0  562
 8.275  567.5  90  39  69   1.563 330.0  30.0  563
 8.275  570.0  90  39  66   1.563  90.0  30.0  568
 8.275  572.5  90  39  72   1.563 210.0  30.0  569
 8.275  575.0  90  39  66   1.563  90.0  30.0  571
 8.275  577.5  90  39  57   1.563 210.0  30.0  572
 8.275  580.0  90  39  54   1.563   0.0   0.0  584
 8.275  582.5  90  39  54   1.563 210.0  30.0  579
 8.275  585.0  90  39  60   1.563  90.0  30.0  581
 8.275  587.5  90  39  54   1.563 330.0  30.0  602
 8.275  590.0  90  39  63   1.563 210.0  30.0  587
 8.275  592.5  90  39  54   1.563 210.0  30.0  587
 8.275  595.0  90  39  51   1.563 330.0  30.0  594
 8.275  597.5  90  39  54   1.563 210.0  30.0  593
 8.275  600.0  90  39  54   1.563 210.0  30.0  594
 8.275  602.5  90  39  48   1.563  90.0  30.0  597
 8.275  605.0  90  39  54   1.563  90.0  30.0  602
 8.275  607.5  90  39  54   1.563  90.0  30.0  603
 8.275  610.0  90  39  51   1.563  90.0  30.0  606
 8.275  360.0 -90  39  51   1.563 330.0  30.0  364
 8.275  365.0 -90  39  54  -1.563 150.0  30.0  371
 8.275  367.5 -90  39  66  -1.563   0.0   0.0  373
 8.275  370.0 -90  39  72   1.563 210.0  30.0  373
 8.275  372.5 -90  39  69   1.563 210.0  30.0  377
 8.275  375.0 -90  39  78   1.563  90.0  30.0  373
 8.275  377.5 -90  39  78   1.563  90.0  30.0  373
 8.275  380.0 -90  39  69   1.563 210.0  30.0  375
 8.275  382.5 -90  39  66   1.563  90.0  30.0  378
 8.275  385.0 -90  39  54   1.563 210.0  30.0  381
 8.275  745.0 -90  39  48   1.563  90.0  30.0  750
 8.275  747.5 -90  39  48  -1.563 210.0  30.0  752
 8.300  377.5  90  39  48   1.563 210.0  30.0  380
 8.300  417.5  90  39  48   1.563 330.0  30.0  421
 8.300  420.0  90  39  48   1.563  90.0  30.0  423
 8.300  425.0  90  39  54   1.563  90.0  30.0  429
 8.300  430.0  90  39  51  -1.563 210.0  30.0  435
 8.300  432.5  90  39  57   1.563   0.0   0.0  437
 8.300  435.0  90  39  48  -1.563  30.0  30.0  438
 8.300  437.5  90  39  57   1.563   0.0   0.0  441
 8.300  440.0  90  39  60   1.563   0.0   0.0  444
 8.300  442.5  90  39  54   1.563   0.0   0.0  446
 8.300  445.0  90  39  54   1.563   0.0   0.0  448
 8.300  447.5  90  39  57   1.563   0.0   0.0  451
 8.300  450.0  90  39  57   1.563   0.0   0.0  453
 8.300  455.0  90  39  57   1.563   0.0   0.0  459
 8.300  457.5  90  39  51   1.563   0.0   0.0  456
 8.300  465.0  90  39  51   1.563 150.0  30.0  467
 8.300  467.5  90  39  51  -1.563 150.0  30.0  473
 8.300  470.0  90  39  51   1.563 330.0  30.0  474
 8.300  475.0  90  39  48   1.563   0.0   0.0  477
 8.300  480.0  90  39  54   1.563   0.0   0.0  485
 8.300  482.5  90  39  48   1.563 270.0  30.0  484
 8.300  485.0  90  39  54   1.563   0.0   0.0  488
 8.300  490.0  90  39  57   1.563   0.0   0.0  494
 8.300  492.5  90  39  57   1.563   0.0   0.0  496
 8.300  495.0  90  39  57   1.563 270.0  30.0  499
 8.300  497.5  90  39  51   1.563 150.0  30.0  499
 8.300  500.0  90  39  51  -1.563   0.0   0.0  505
 8.300  502.5  90  39  51   1.563 270.0  30.0  507
 8.300  507.5  90  39  51   1.563  30.0  30.0  511
 8.300  510.0  90  39  54   1.563 210.0  30.0  515
 8.300  512.5  90  39  51  -1.563   0.0   0.0  516
 8.300  515.0  90  39  48   1.563  90.0  30.0  521
 8.300  520.0  90  39  51   1.563 330.0  30.0  523
 8.300  522.5  90  39  54   1.563 210.0  30.0  523
 8.300  525.0  90  39  57   1.563  90.0  30.0  520
 8.300  530.0  90  39  51   1.563  90.0  30.0  526
 8.300  532.5  90  39  60   1.563 210.0  30.0  528
 8.300  535.0  90  39  60   1.563   0.0   0.0  538
 8.300  537.5  90  39  63   1.563  90.0  30.0  535
 8.300  540.0  90  39  63   1.563 330.0  30.0  535
 8.300  542.5  90  39  60   1.563 210.0  30.0  536
 8.300  545.0  90  39  57   1.563 210.0  30.0  549
 8.300  547.5  90  39  51   1.563  30.0  30.0  552
 8.300  550.0  90  39  57   1.563 210.0  30.0  555
 8.300  552.5  90  39  57   1.563 330.0  30.0  554
 8.300  555.0  90  39  66   1.563   0.0   0.0  560
 8.300  557.5  90  39  63   1.563  90.0  30.0  550
 8.300  560.0  90  39  63   1.563   0.0   0.0  565
 8.300  562.5  90  39  69   1.563 330.0  30.0  558
 8.300  565.0  90  39  60  -1.563  90.0  30.0  570
 8.300  567.5  90  39  63  -1.563   0.0   0.0  572
 8.300  570.0  90  39  60  -1.563   0.0   0.0  575
 8.300  572.5  90  39  66   1.563 270.0  30.0  570
 8.300  575.0  90  39  69   1.563   0.0   0.0  572
 8.300  577.5  90  39  54   1.563 210.0  30.0  580
 8.300  580.0  90  39  60   1.563  90.0  30.0  583
 8.300  582.5  90  39  63   1.563 330.0  30.0  579
 8.300  585.0  90  39  66   1.563  90.0  30.0  580
 8.300  587.5  90  39  60  -1.563   0.0   0.0  593
 8.300  590.0  90  39  63  -1.563   0.0   0.0  586
 8.300  592.5  90  39  63   1.563  90.0  30.0  588
 8.300  595.0  90  39  57   1.563  90.0  30.0  591
 8.300  597.5  90  39  63   1.563 270.0  30.0  593
 8.300  600.0  90  39  60   1.563   0.0   0.0  593
 8.300  602.5  90  39  57   1.563 330.0  30.0  598
 8.300  605.0  90  39  48   1.563 270.0  30.0  605
 8.300  607.5  90  39  54   1.563 210.0  30.0  602
 8.300  610.0  90  39  51   1.563  90.0  30.0  620
 8.300  612.5  90  39  51  -1.563 210.0  30.0  617
 8.300  620.0  90  39  54   1.563 270.0  30.0  618
 8.300  622.5  90  39  57   1.563  90.0  30.0  620
 8.300  625.0  90  39  57   1.563 210.0  30.0  621
 8.300  627.5  90  39  57   1.563 330.0  30.0  623
 8.300  630.0  90  39  57   1.563  90.0  30.0  627
 8.300  632.5  90  39  48   1.563 210.0  30.0  629
 8.300  635.0  90  39  51   1.563 330.0  30.0  629
 8.300  637.5  90  39  51   1.563 210.0  30.0  633
 8.300  642.5  90  39  48   1.563 210.0  30.0  635
 8.300  652.5  90  39  48   1.563  90.0  30.0  646
 8.300  360.0 -90  39  51   1.563 150.0  30.0  364
 8.300  362.5 -90  39  48   1.563 270.0  30.0  365
 8.300  367.5 -90  39  54  -1.563   0.0   0.0  375
 8.300  370.0 -90  39  69  -1.563   0.0   0.0  375
 8.300  372.5 -90  39  75  -1.563   0.0   0.0  377
 8.300  375.0 -90  39  75   1.563   0.0   0.0  379
 8.300  377.5 -90  39  78   1.563 210.0  30.0  373
 8.300  380.0 -90  39  66   1.563 330.0  30.0  372
 8.300  382.5 -90  39  63  -1.563 270.0  30.0  385
 8.300  385.0 -90  39  63   1.563 330.0  30.0  381
 8.300  387.5 -90  39  51   1.563  90.0  30.0  381
 8.300  745.0 -90  39  48   1.563  30.0  30.0  748
 8.300  747.5 -90  39  48  -1.563   0.0   0.0  752
 8.300  752.5 -90  39  48   1.563   0.0   0.0  754
 8.325  422.5  90  39  54   1.563   0.0   0.0  427
 8.325  425.0  90  39  48   1.563   0.0   0.0  428
 8.325  427.5  90  39  54   1.563   0.0   0.0  431
 8.325  430.0  90  39  48   1.563   0.0   0.0  438
 8.325  432.5  90  39  54   1.563   0.0   0.0  435
 8.325  435.0  90  39  51  -1.563   0.0   0.0  440
 8.325  437.5  90  39  54   1.563   0.0   0.0  442
 8.325  440.0  90  39  54   1.563 150.0  30.0  445
 8.325  442.5  90  39  54   1.563   0.0   0.0  445
 8.325  445.0  90  39  51   1.563  30.0  30.0  449
 8.325  447.5  90  39  51  -1.563 150.0  30.0  450
 8.325  450.0  90  39  54   1.563   0.0   0.0  454
 8.325  455.0  90  39  57   1.563   0.0   0.0  459
 8.325  457.5  90  39  51   1.563   0.0   0.0  460
 8.325  460.0  90  39  54   1.563   0.0   0.0  463
 8.325  462.5  90  39  57   1.563   0.0   0.0  466
 8.325  465.0  90  39  48   1.563  90.0  30.0  468
 8.325  470.0  90  39  51   1.563  90.0  30.0  473
 8.325  472.5  90  39  54   1.563   0.0   0.0  477
 8.325  475.0  90  39  54   1.563   0.0   0.0  478
 8.325  477.5  90  39  51   1.563 150.0  30.0  480
 8.325  480.0  90  39  51   1.563   0.0   0.0  487
 8.325  482.5  90  39  57   1.563   0.0   0.0  486
 8.325  485.0  90  39  51   1.563   0.0   0.0  487
 8.325  487.5  90  39  54   1.563   0.0   0.0  491
 8.325  490.0  90  39  54   1.563 150.0  30.0  490
 8.325  492.5  90  39  57   1.563   0.0   0.0  498
 8.325  495.0  90  39  51   1.563   0.0   0.0  498
 8.325  497.5  90  39  48   1.563  30.0  30.0  501
 8.325  502.5  90  39  54   1.563 210.0  30.0  507
 8.325  505.0  90  39  57   1.563   0.0   0.0  508
 8.325  507.5  90  39  57   1.563  30.0  30.0  512
 8.325  510.0  90  39  54   1.563   0.0   0.0  515
 8.325  512.5  90  39  51   1.563 330.0  30.0  515
 8.325  515.0  90  39  48   1.563 210.0  30.0  516
 8.325  517.5  90  39  51   1.563 210.0  30.0  513
 8.325  520.0  90  39  51   1.563 210.0  30.0  531
 8.325  522.5  90  39  48   1.563  90.0  30.0  516
 8.325  525.0  90  39  54   1.563   0.0   0.0  530
 8.325  527.5  90  39  54   1.563 210.0  30.0  531
 8.325  530.0  90  39  54   1.563 330.0  30.0  520
 8.325  532.5  90  39  48   1.563  90.0  30.0  537
 8.325  535.0  90  39  51   1.563   0.0   0.0  537
 8.325  537.5  90  39  48   1.563  90.0  30.0  534
 8.325  540.0  90  39  57  -1.563   0.0   0.0  543
 8.325  542.5  90  39  57   1.563 330.0  30.0  542
 8.325  545.0  90  39  54   1.563 330.0  30.0  537
 8.325  547.5  90  39  54   1.563 330.0  30.0  552
 8.325  550.0  90  39  54   1.563 210.0  30.0  545
 8.325  552.5  90  39  57  -1.563   0.0   0.0  557
 8.325  555.0  90  39  57   1.563  90.0  30.0  557
 8.325  557.5  90  39  60   1.563   0.0   0.0  552
 8.325  560.0  90  39  57   1.563 270.0  30.0  564
 8.325  562.5  90  39  60   1.563 330.0  30.0  568
 8.325  565.0  90  39  63   1.563 330.0  30.0  569
 8.325  567.5  90  39  57   1.563   0.0   0.0  571
 8.325  570.0  90  39  60   1.563   0.0   0.0  572
 8.325  572.5  90  39  57   1.563  30.0  30.0  578
 8.325  575.0  90  39  66   1.563   0.0   0.0  573
 8.325  577.5  90  39  60   1.563  90.0  30.0  572
 8.325  580.0  90  39  60   1.563 330.0  30.0  570
 8.325  582.5  90  39  66   1.563  90.0  30.0  580
 8.325  585.0  90  39  66   1.563  90.0  30.0  581
 8.325  587.5  90  39  66   1.563 210.0  30.0  585
 8.325  590.0  90  39  66   1.563   0.0   0.0  585
 8.325  592.5  90  39  66   1.563   0.0   0.0  587
 8.325  595.0  90  39  69   1.563 210.0  30.0  591
 8.325  597.5  90  39  69   1.563 210.0  30.0  593
 8.325  600.0  90  39  69   1.563  90.0  30.0  595
 8.325  602.5  90  39  63   1.563 330.0  30.0  597
 8.325  605.0  90  39  54   1.563 330.0  30.0  594
 8.325  607.5  90  39  57   1.563 150.0  30.0  605
 8.325  610.0  90  39  51   1.563 330.0  30.0  610
 8.325  612.5  90  39  63   1.563 210.0  30.0  608
 8.325  615.0  90  39  54   1.563   0.0   0.0  609
 8.325  617.5  90  39  54   1.563  90.0  30.0  622
 8.325  620.0  90  39  57   1.563  90.0  30.0  616
 8.325  622.5  90  39  57   1.563 210.0  30.0  615
 8.325  625.0  90  39  60   1.563 210.0  30.0  624
 8.325  627.5  90  39  60   1.563  90.0  30.0  623
 8.325  630.0  90  39  51  -1.563 330.0  30.0  634
 8.325  632.5  90  39  57  -1.563   0.0   0.0  637
 8.325  635.0  90  39  57   1.563 330.0  30.0  632
 8.325  637.5  90  39  57   1.563  90.0  30.0  634
 8.325  640.0  90  39  51   1.563 330.0  30.0  631
 8.325  642.5  90  39  51   1.563 210.0  30.0  647
 8.325  645.0  90  39  57   1.563 330.0  30.0  641
 8.325  647.5  90  39  57   1.563 210.0  30.0  644
 8.325  650.0  90  39  60   1.563  90.0  30.0  645
 8.325  652.5  90  39  54   1.563   0.0   0.0  658
 8.325  655.0  90  39  60   1.563 210.0  30.0  652
 8.325  657.5  90  39  48   1.563 210.0  30.0  646
 8.325  660.0  90  39  54   1.563 210.0  30.0  660
 8.325  662.5  90  39  51   1.563 210.0  30.0  661
 8.325  665.0  90  39  54   1.563 210.0  30.0  659
 8.325  670.0  90  39  48   1.563 210.0  30.0  670
 8.325  672.5  90  39  51   1.563 330.0  30.0  670
 8.325  685.0  90  39  51   1.563 330.0  30.0  677
 8.325  690.0  90  39  48  -1.563 210.0  30.0  685
 8.325  697.5  90  39  48   1.563  90.0  30.0  688
 8.325  705.0  90  39  48   1.563 330.0  30.0  695
 8.325 1177.5  90  39  48  -1.563 270.0  30.0 1184
 8.325 1217.5  90  39  48   1.563   0.0   0.0 1222
 8.325 1222.5  90  39  48   1.563 210.0  30.0 1231
 8.325 1232.5  90  39  48   1.563 270.0  30.0 1237
 8.325 1235.0  90  39  48  -1.563 270.0  30.0 1234
 8.325 1240.0  90  39  48  -1.563   0.0   0.0 1241
 8.325 1242.5  90  39  48  -1.563 330.0  30.0 1238
 8.325 1245.0  90  39  48  -1.563 210.0  30.0 1239
 8.325 1255.0  90  39  48  -1.563   0.0   0.0 1253
 8.325  370.0 -90  39  57  -1.563   0.0   0.0  376
 8.325  372.5 -90  39  66   1.563   0.0   0.0  377
 8.325  375.0 -90  39  75   1.563   0.0   0.0  380
 8.325  377.5 -90  39  75   1.563 210.0  30.0  371
 8.325  380.0 -90  39  72  -1.563 330.0  30.0  380
 8.325  382.5 -90  39  69   1.563  90.0  30.0  378
 8.325  385.0 -90  39  60  -1.563   0.0   0.0  390
 8.325  387.5 -90  39  57   1.563 330.0  30.0  384
 8.350  432.5  90  42  51   1.563  90.0  30.0  434
 8.350  437.5  90  42  54   1.563  90.0  30.0  440
 8.350  440.0  90  42  54   1.563   0.0   0.0  446
 8.350  442.5  90  42  51  -1.563   0.0   0.0  445
 8.350  447.5  90  42  57   1.563   0.0   0.0  451
 8.350  450.0  90  42  57   1.563  90.0  30.0  453
 8.350  452.5  90  42  51   1.563   0.0   0.0  458
 8.350  455.0  90  42  57   1.563   0.0   0.0  459
 8.350  457.5  90  42  51   1.563   0.0   0.0  460
 8.350  465.0  90  42  57   1.563   0.0   0.0  469
 8.350  467.5  90  42  54   1.563   0.0   0.0  472
 8.350  470.0  90  42  54   1.563   0.0   0.0  474
 8.350  480.0  90  42  54   1.563   0.0   0.0  482
 8.350  482.5  90  42  54   1.563   0.0   0.0  486
 8.350  487.5  90  42  54   1.563   0.0   0.0  491
 8.350  490.0  90  42  54   1.563   0.0   0.0  493
 8.350  492.5  90  42  54   1.563   0.0   0.0  495
 8.350  497.5  90  42  51   1.563   0.0   0.0  503
 8.350  500.0  90  42  51   1.563   0.0   0.0  504
 8.350  507.5  90  42  54   1.563   0.0   0.0  513
 8.350  512.5  90  42  57   1.563   0.0   0.0  517
 8.350  517.5  90  42  51   1.563   0.0   0.0  520
 8.350  520.0  90  42  51   1.563   0.0   0.0  523
 8.350  522.5  90  42  54   1.563   0.0   0.0  526
 8.350  525.0  90  42  57   1.563   0.0   0.0  528
 8.350  527.5  90  42  51   1.563 270.0  30.0  529
 8.350  540.0  90  42  51   1.563 330.0  30.0  536
 8.350  542.5  90  42  54   1.563 210.0  30.0  546
 8.350  545.0  90  42  57   1.563   0.0   0.0  547
 8.350  547.5  90  42  51   1.563   0.0   0.0  551
 8.350  550.0  90  42  51  -1.563 210.0  30.0  553
 8.350  555.0  90  42  54   1.563  90.0  30.0  559
 8.350  557.5  90  42  57   1.563   0.0   0.0  561
 8.350  562.5  90  42  51   1.563  90.0  30.0  568
 8.350  565.0  90  42  57   1.563 330.0  30.0  569
 8.350  567.5  90  42  57   1.563 210.0  30.0  571
 8.350  570.0  90  42  57   1.563 330.0  30.0  574
 8.350  572.5  90  42  57  -1.563   0.0   0.0  576
 8.350  575.0  90  42  57  -1.563 210.0  30.0  578
 8.350  577.5  90  42  57   1.563 330.0  30.0  580
 8.350  585.0  90  42  63   1.563   0.0   0.0  590
 8.350  587.5  90  42  57   1.563   0.0   0.0  590
 8.350  590.0  90  42  54   1.563   0.0   0.0  597
 8.350  592.5  90  42  63   1.563 330.0  30.0  588
 8.350  595.0  90  42  63   1.563 210.0  30.0  586
 8.350  597.5  90  42  57   1.563 150.0  30.0  600
 8.350  600.0  90  42  57  -1.563 150.0  30.0  604
 8.350  602.5  90  42  60   1.563  90.0  30.0  597
 8.350  605.0  90  42  63   1.563 210.0  30.0  602
 8.350  607.5  90  42  63  -1.563   0.0   0.0  612
 8.350  610.0  90  42  60  -1.563   0.0   0.0  613
 8.350  612.5  90  42  54   1.563  30.0  30.0  616
 8.350  615.0  90  42  63   1.563 210.0  30.0  611
 8.350  617.5  90  42  63   1.563 210.0  30.0  613
 8.350  620.0  90  42  66   1.563   0.0   0.0  617
 8.350  622.5  90  42  60  -1.563   0.0   0.0  616
 8.350  625.0  90  42  60   1.563 210.0  30.0  629
 8.350  627.5  90  42  66   1.563  90.0  30.0  623
 8.350  630.0  90  42  57   1.563  90.0  30.0  622
 8.350  632.5  90  42  60   1.563   0.0   0.0  637
 8.350  635.0  90  42  63   1.563 210.0  30.0  631
 8.350  637.5  90  42  60   1.563 210.0  30.0  631
 8.350  640.0  90  42  60   1.563  90.0  30.0  637
 8.350  642.5  90  42  60   1.563 210.0  30.0  638
 8.350  645.0  90  42  63   1.563 330.0  30.0  640
 8.350  647.5  90  42  66   1.563  90.0  30.0  643
 8.350  650.0  90  42  63   1.563 210.0  30.0  646
 8.350  652.5  90  42  57   1.563 210.0  30.0  652
 8.350  655.0  90  42  66   1.563 210.0  30.0  651
 8.350  657.5  90  42  57   1.563  90.0  30.0  653
 8.350  660.0  90  42  57   1.563 210.0  30.0  657
 8.350  662.5  90  42  51   1.563 210.0  30.0  657
 8.350  665.0  90  42  60   1.563   0.0   0.0  661
 8.350  667.5  90  42  57   1.563 330.0  30.0  661
 8.350  670.0  90  42  57   1.563  90.0  30.0  667
 8.350  672.5  90  42  60   1.563 210.0  30.0  667
 8.350  675.0  90  42  54   1.563 210.0  30.0  670
 8.350  677.5  90  42  57   1.563  90.0  30.0  673
 8.350  680.0  90  42  54   1.563 330.0  30.0  678
 8.350  682.5  90  42  57   1.563  90.0  30.0  680
 8.350  685.0  90  42  57   1.563 330.0  30.0  681
 8.350  687.5  90  42  57   1.563   0.0   0.0  691
 8.350  695.0  90  42  57   1.563 210.0  30.0  693
 8.350  697.5  90  42  60   1.563  90.0  30.0  693
 8.350  700.0  90  42  60   1.563  90.0  30.0  696
 8.350  702.5  90  42  57   1.563 210.0  30.0  698
 8.350  705.0  90  42  57   1.563 210.0  30.0  702
 8.350  707.5  90  42  51   1.563   0.0   0.0  701
 8.350  710.0  90  42  51   1.563 330.0  30.0  704
 8.350  712.5  90  42  51   1.563  90.0  30.0  709
 8.350  750.0  90  42  51   1.563 270.0  30.0  753
 8.350  362.5 -90  39  54   1.563 330.0  30.0  367
 8.350  365.0 -90  39  54   1.563 330.0  30.0  368
 8.350  372.5 -90  39  51  -1.563 150.0  30.0  378
 8.350  375.0 -90  39  66   1.563   0.0   0.0  381
 8.350  377.5 -90  39  75   1.563   0.0   0.0  381
 8.350  380.0 -90  39  72  -1.563   0.0   0.0  383
 8.350  382.5 -90  39  75   1.563 210.0  30.0  379
 8.350  385.0 -90  39  72   1.563 210.0  30.0  381
 8.350  387.5 -90  39  66   1.563 210.0  30.0  384
 8.350  390.0 -90  39  57   1.563 210.0  30.0  386
 8.350  392.5 -90  39  48   1.563 330.0  30.0  388
 8.350  752.5 -90  39  48   1.563   0.0   0.0  756
 8.350  755.0 -90  39  48  -1.563   0.0   0.0  760
 8.375  435.0  90  42  51  -1.563 270.0  30.0  441
 8.375  455.0  90  42  51   1.563   0.0   0.0  460
 8.375  460.0  90  42  57   1.563   0.0   0.0  463
 8.375  462.5  90  42  54   1.563   0.0   0.0  466
 8.375  465.0  90  42  54  -1.563   0.0   0.0  470
 8.375  470.0  90  42  51   1.563  30.0  30.0  475
 8.375  475.0  90  42  51   1.563   0.0   0.0  479
 8.375  477.5  90  42  57   1.563   0.0   0.0  483
 8.375  480.0  90  42  57   1.563   0.0   0.0  483
 8.375  492.5  90  42  54   1.563   0.0   0.0  496
 8.375  497.5  90  42  51  -1.563  30.0  30.0  503
 8.375  502.5  90  42  51   1.563   0.0   0.0  505
 8.375  507.5  90  42  51   1.563 210.0  30.0  512
 8.375  510.0  90  42  57   1.563   0.0   0.0  513
 8.375  512.5  90  42  63   1.563   0.0   0.0  516
 8.375  515.0  90  42  57   1.563   0.0   0.0  517
 8.375  517.5  90  42  54   1.563  90.0  30.0  522
 8.375  520.0  90  42  57   1.563   0.0   0.0  525
 8.375  525.0  90  42  54   1.563   0.0   0.0  528
 8.375  527.5  90  42  54   1.563   0.0   0.0  533
 8.375  530.0  90  42  54   1.563   0.0   0.0  534
 8.375  532.5  90  42  51   1.563   0.0   0.0  538
 8.375  537.5  90  42  51   1.563   0.0   0.0  540
 8.375  550.0  90  42  51   1.563   0.0   0.0  555
 8.375  552.5  90  42  51   1.563 330.0  30.0  555
 8.375  560.0  90  42  51  -1.563   0.0   0.0  562
 8.375  562.5  90  42  51   1.563 330.0  30.0  565
 8.375  570.0  90  42  51  -1.563 270.0  30.0  573
 8.375  575.0  90  42  51   1.563   0.0   0.0  579
 8.375  577.5  90  42  51   1.563   0.0   0.0  582
 8.375  580.0  90  42  51   1.563   0.0   0.0  585
 8.375  582.5  90  42  51   1.563 270.0  30.0  579
 8.375  585.0  90  42  57   1.563  90.0  30.0  581
 8.375  587.5  90  42  57   1.563 330.0  30.0  582
 8.375  590.0  90  42  63   1.563 330.0  30.0  594
 8.375  592.5  90  42  63   1.563   0.0   0.0  596
 8.375  595.0  90  42  60   1.563   0.0   0.0  598
 8.375  597.5  90  42  51   1.563 150.0  30.0  605
 8.375  600.0  90  42  57  -1.563   0.0   0.0  603
 8.375  602.5  90  42  57   1.563 210.0  30.0  599
 8.375  605.0  90  42  51   1.563 210.0  30.0  599
 8.375  607.5  90  42  60   1.563 330.0  30.0  612
 8.375  610.0  90  42  57   1.563   0.0   0.0  613
 8.375  612.5  90  42  54   1.563  90.0  30.0  611
 8.375  615.0  90  42  51   1.563 150.0  30.0  617
 8.375  617.5  90  42  60  -1.563   0.0   0.0  621
 8.375  620.0  90  42  63   1.563   0.0   0.0  624
 8.375  622.5  90  42  51   1.563   0.0   0.0  625
 8.375  625.0  90  42  54   1.563 330.0  30.0  621
 8.375  627.5  90  42  60   1.563  90.0  30.0  622
 8.375  630.0  90  42  57   1.563 270.0  30.0  633
 8.375  632.5  90  42  57   1.563 210.0  30.0  635
 8.375  635.0  90  42  57   1.563   0.0   0.0  630
 8.375  637.5  90  42  57   1.563 150.0  30.0  629
 8.375  640.0  90  42  51   1.563 270.0  30.0  643
 8.375  642.5  90  42  60   1.563 330.0  30.0  638
 8.375  645.0  90  42  63   1.563 210.0  30.0  641
 8.375  647.5  90  42  51   1.563 210.0  30.0  650
 8.375  650.0  90  42  57   1.563   0.0   0.0  652
 8.375  652.5  90  42  51   1.563   0.0   0.0  653
 8.375  655.0  90  42  51   1.563 330.0  30.0  665
 8.375  657.5  90  42  60   1.563 210.0  30.0  654
 8.375  660.0  90  42  63   1.563  90.0  30.0  655
 8.375  662.5  90  42  57   1.563 270.0  30.0  665
 8.375  665.0  90  42  66   1.563 210.0  30.0  662
 8.375  667.5  90  42  63   1.563  90.0  30.0  662
 8.375  670.0  90  42  60  -1.563   0.0   0.0  665
 8.375  672.5  90  42  60   1.563   0.0   0.0  670
 8.375  675.0  90  42  60   1.563 270.0  30.0  670
 8.375  677.5  90  42  57   1.563 210.0  30.0  675
 8.375  680.0  90  42  66   1.563 210.0  30.0  675
 8.375  682.5  90  42  60   1.563 330.0  30.0  677
 8.375  685.0  90  42  57   1.563 330.0  30.0  679
 8.375  687.5  90  42  60   1.563   0.0   0.0  684
 8.375  690.0  90  42  57   1.563   0.0   0.0  685
 8.375  692.5  90  42  54   1.563 210.0  30.0  686
 8.375  695.0  90  42  54   1.563 210.0  30.0  690
 8.375  697.5  90  42  51  -1.563 150.0  30.0  706
 8.375  700.0  90  42  54  -1.563  90.0  30.0  697
 8.375  702.5  90  42  57   1.563 210.0  30.0  697
 8.375  705.0  90  42  57   1.563 330.0  30.0  700
 8.375  707.5  90  42  54  -1.563  90.0  30.0  704
 8.375  710.0  90  42  51  -1.563  90.0  30.0  702
 8.375  715.0  90  42  54  -1.563   0.0   0.0  719
 8.375  717.5  90  42  60   1.563   0.0   0.0  715
 8.375  720.0  90  42  60   1.563 210.0  30.0  716
 8.375  722.5  90  42  57   1.563  90.0  30.0  719
 8.375  725.0  90  42  54   1.563 330.0  30.0  717
 8.375  727.5  90  42  54   1.563 330.0  30.0  725
 8.375  730.0  90  42  54  -1.563 210.0  30.0  726
 8.375  732.5  90  42  54  -1.563 330.0  30.0  731
 8.375  735.0  90  42  54  -1.563 210.0  30.0  732
 8.375  737.5  90  42  51   1.563   0.0   0.0  731
 8.375  740.0  90  42  54   1.563  90.0  30.0  740
 8.375  742.5  90  42  57   1.563 210.0  30.0  739
 8.375  745.0  90  42  54   1.563  90.0  30.0  741
 8.375  747.5  90  42  54   1.563 210.0  30.0  746
 8.375  750.0  90  42  57   1.563  90.0  30.0  747
 8.375  752.5  90  42  51   1.563  90.0  30.0  749
 8.375  757.5  90  42  51   1.563   0.0   0.0  752
 8.375  767.5  90  42  51   1.563  90.0  30.0  765
 8.375  775.0  90  42  51  -1.563   0.0   0.0  773
 8.375  787.5  90  42  51   1.563 330.0  30.0  783
 8.375  790.0  90  42  54   1.563 330.0  30.0  787
 8.375  792.5  90  42  54   1.563 210.0  30.0  788
 8.375  802.5  90  42  51   1.563   0.0   0.0  798
 8.375  805.0  90  42  51   1.563 330.0  30.0  800
 8.375  815.0  90  42  51   1.563  90.0  30.0  813
 8.375  825.0  90  42  51   1.563  90.0  30.0  820
 8.375  362.5 -90  39  48  -1.563  30.0  30.0  370
 8.375  365.0 -90  39  57   1.563 330.0  30.0  369
 8.375  372.5 -90  39  48   1.563   0.0   0.0  380
 8.375  375.0 -90  39  60  -1.563   0.0   0.0  381
 8.375  377.5 -90  39  69   1.563 330.0  30.0  382
 8.375  380.0 -90  39  66   1.563 330.0  30.0  382
 8.375  382.5 -90  39  78   1.563  90.0  30.0  381
 8.375  385.0 -90  39  75   1.563 210.0  30.0  379
 8.375  387.5 -90  39  72   1.563 330.0  30.0  385
 8.375  390.0 -90  39  66   1.563 270.0  30.0  385
 8.375  392.5 -90  39  51  -1.563 330.0  30.0  396
 8.375  395.0 -90  39  51   1.563  90.0  30.0  399
 8.375  765.0 -90  39  48   1.563   0.0   0.0  769
 8.400   90.0  90  42  51   1.563 330.0  30.0   90
 8.400  440.0  90  42  54  -1.563   0.0   0.0  441
 8.400  450.0  90  42  51   1.563   0.0   0.0  454
 8.400  452.5  90  42  51   1.563  90.0  30.0  457
 8.400  465.0  90  42  51   1.563   0.0   0.0  471
 8.400  467.5  90  42  51   1.563  90.0  30.0  471
 8.400  470.0  90  42  51   1.563   0.0   0.0  474
 8.400  475.0  90  42  54   1.563  90.0  30.0  479
 8.400  480.0  90  42  60   1.563   0.0   0.0  484
 8.400  482.5  90  42  54   1.563   0.0   0.0  488
 8.400  487.5  90  42  51   1.563   0.0   0.0  491
 8.400  492.5  90  42  51   1.563   0.0   0.0  495
 8.400  505.0  90  42  51   1.563  30.0  30.0  509
 8.400  515.0  90  42  60   1.563   0.0   0.0  519
 8.400  517.5  90  42  60   1.563   0.0   0.0  521
 8.400  522.5  90  42  54   1.563   0.0   0.0  527
 8.400  527.5  90  42  51   1.563   0.0   0.0  531
 8.400  530.0  90  42  54   1.563   0.0   0.0  533
 8.400  532.5  90  42  51   1.563   0.0   0.0  534
 8.400  540.0  90  42  51   1.563  30.0  30.0  544
 8.400  542.5  90  42  54   1.563   0.0   0.0  547
 8.400  545.0  90  42  57   1.563   0.0   0.0  549
 8.400  547.5  90  42  57   1.563   0.0   0.0  550
 8.400  550.0  90  42  51   1.563   0.0   0.0  553
 8.400  552.5  90  42  54   1.563 330.0  30.0  558
 8.400  557.5  90  42  51   1.563 150.0  30.0  562
 8.400  560.0  90  42  51   1.563 270.0  30.0  565
 8.400  567.5  90  42  51  -1.563   0.0   0.0  569
 8.400  575.0  90  42  51   1.563 150.0  30.0  580
 8.400  590.0  90  42  54   1.563 330.0  30.0  595
 8.400  592.5  90  42  51   1.563  90.0  30.0  596
 8.400  595.0  90  42  54   1.563   0.0   0.0  601
 8.400  597.5  90  42  54   1.563   0.0   0.0  602
 8.400  605.0  90  42  51   1.563   0.0   0.0  608
 8.400  607.5  90  42  51   1.563   0.0   0.0  609
 8.400  612.5  90  42  51   1.563 270.0  30.0  613
 8.400  615.0  90  42  51   1.563 210.0  30.0  620
 8.400  617.5  90  42  51   1.563 210.0  30.0  620
 8.400  620.0  90  42  54   1.563  90.0  30.0  615
 8.400  622.5  90  42  51   1.563  90.0  30.0  628
 8.400  625.0  90  42  54   1.563   0.0   0.0  620
 8.400  627.5  90  42  54   1.563   0.0   0.0  620
 8.400  630.0  90  42  54   1.563   0.0   0.0  632
 8.400  632.5  90  42  51   1.563 210.0  30.0  628
 8.400  635.0  90  42  51   1.563 330.0  30.0  638
 8.400  637.5  90  42  51  -1.563   0.0   0.0  644
 8.400  640.0  90  42  57   1.563 150.0  30.0  644
 8.400  642.5  90  42  57  -1.563 210.0  30.0  637
 8.400  647.5  90  42  51   1.563  90.0  30.0  650
 8.400  650.0  90  42  51   1.563 330.0  30.0  645
 8.400  652.5  90  42  60   1.563  90.0  30.0  648
 8.400  657.5  90  42  57   1.563 210.0  30.0  654
 8.400  660.0  90  42  51   1.563   0.0   0.0  665
 8.400  662.5  90  42  54   1.563 150.0  30.0  666
 8.400  665.0  90  42  57   1.563 330.0  30.0  664
 8.400  667.5  90  42  54   1.563 210.0  30.0  670
 8.400  670.0  90  42  60   1.563   0.0   0.0  675
 8.400  672.5  90  42  60   1.563   0.0   0.0  676
 8.400  677.5  90  42  54   1.563 150.0  30.0  681
 8.400  680.0  90  42  60   1.563   0.0   0.0  684
 8.400  682.5  90  42  51  -1.563 270.0  30.0  679
 8.400  685.0  90  42  57   1.563  90.0  30.0  678
 8.400  687.5  90  42  51   1.563  90.0  30.0  683
 8.400  690.0  90  42  54   1.563   0.0   0.0  694
 8.400  692.5  90  42  54   1.563 330.0  30.0  696
 8.400  695.0  90  42  51   1.563  90.0  30.0  698
 8.400  697.5  90  42  57   1.563 210.0  30.0  695
 8.400  700.0  90  42  51   1.563   0.0   0.0  704
 8.400  705.0  90  42  57   1.563   0.0   0.0  699
 8.400  707.5  90  42  54   1.563   0.0   0.0  715
 8.400  710.0  90  42  54   1.563  90.0  30.0  715
 8.400  712.5  90  42  57   1.563   0.0   0.0  715
 8.400  715.0  90  42  57   1.563   0.0   0.0  713
 8.400  717.5  90  42  60  -1.563 330.0  30.0  714
 8.400  720.0  90  42  60   1.563  90.0  30.0  714
 8.400  722.5  90  42  54   1.563 210.0  30.0  718
 8.400  725.0  90  42  54   1.563 330.0  30.0  724
 8.400  727.5  90  42  54  -1.563  90.0  30.0  724
 8.400  730.0  90  42  57   1.563   0.0   0.0  725
 8.400  732.5  90  42  51   1.563  90.0  30.0  728
 8.400  735.0  90  42  60   1.563 210.0  30.0  729
 8.400  740.0  90  42  51   1.563 270.0  30.0  735
 8.400  742.5  90  42  54   1.563   0.0   0.0  746
 8.400  745.0  90  42  57  -1.563 270.0  30.0  741
 8.400  747.5  90  42  51  -1.563   0.0   0.0  752
 8.400  752.5  90  42  51   1.563 210.0  30.0  746
 8.400  755.0  90  42  54   1.563 210.0  30.0  750
 8.400  757.5  90  42  57   1.563  90.0  30.0  753
 8.400  762.5  90  42  54   1.563   0.0   0.0  768
 8.400  765.0  90  42  57   1.563 210.0  30.0  761
 8.400  767.5  90  42  51   1.563 330.0  30.0  764
 8.400  770.0  90  42  57   1.563   0.0   0.0  774
 8.400  772.5  90  42  60   1.563 330.0  30.0  767
 8.400  775.0  90  42  57   1.563 330.0  30.0  769
 8.400  777.5  90  42  51   1.563   0.0   0.0  773
 8.400  780.0  90  42  54   1.563 210.0  30.0  775
 8.400  782.5  90  42  57   1.563 330.0  30.0  778
 8.400  785.0  90  42  57   1.563 330.0  30.0  783
 8.400  790.0  90  42  51   1.563 210.0  30.0  783
 8.400  797.5  90  42  54   1.563 210.0  30.0  794
 8.400  800.0  90  42  54   1.563 330.0  30.0  797
 8.400  802.5  90  42  57   1.563 210.0  30.0  796
 8.400  805.0  90  42  51   1.563 270.0  30.0  802
 8.400  812.5  90  42  51  -1.563 210.0  30.0  809
 8.400  817.5  90  42  54   1.563 270.0  30.0  816
 8.400  820.0  90  42  51  -1.563   0.0   0.0  817
 8.400  822.5  90  42  51  -1.563 210.0  30.0  823
 8.400  825.0  90  42  54   1.563 210.0  30.0  822
 8.400  827.5  90  42  51   1.563 330.0  30.0  822
 8.400  832.5  90  42  54   1.563   0.0   0.0  828
 8.400  835.0  90  42  51   1.563 270.0  30.0  832
 8.400  845.0  90  42  51   1.563 330.0  30.0  842
 8.400  850.0  90  42  51   1.563 210.0  30.0  846
 8.400  855.0  90  42  54   1.563  90.0  30.0  851
 8.400  857.5  90  42  54   1.563 330.0  30.0  850
 8.400  860.0  90  42  54   1.563 210.0  30.0  857
 8.400  862.5  90  42  51   1.563 210.0  30.0  861
 8.400  875.0  90  42  51   1.563  30.0  30.0  870
 8.400  880.0  90  42  51  -1.563 330.0  30.0  875
 8.400  902.5  90  42  51   1.563  30.0  30.0  899
 8.400  950.0  90  42  51   1.563   0.0   0.0  951
 8.400  367.5 -90  39  48  -1.563 270.0  30.0  372
 8.400  375.0 -90  39  51  -1.563 210.0  30.0  382
 8.400  377.5 -90  39  63   1.563 210.0  30.0  382
 8.400  380.0 -90  39  66   1.563  90.0  30.0  384
 8.400  382.5 -90  39  63   1.563 210.0  30.0  377
 8.400  385.0 -90  39  75   1.563   0.0   0.0  383
 8.400  387.5 -90  39  72  -1.563   0.0   0.0  383
 8.400  390.0 -90  39  66   1.563 330.0  30.0  389
 8.400  392.5 -90  39  66   1.563 330.0  30.0  388
 8.400  395.0 -90  39  54   1.563 330.0  30.0  387
 8.400  762.5 -90  39  48   1.563   0.0   0.0  767
 8.400  765.0 -90  39  51   1.563   0.0   0.0  769
 8.400  767.5 -90  39  48  -1.563   0.0   0.0  770
 8.425  465.0  90  42  51  -1.563  30.0  30.0  470
 8.425  477.5  90  42  51   1.563   0.0   0.0  483
 8.425  482.5  90  42  51   1.563   0.0   0.0  487
 8.425  485.0  90  42  54   1.563   0.0   0.0  489
 8.425  487.5  90  42  54   1.563   0.0   0.0  493
 8.425  490.0  90  42  54   1.563   0.0   0.0  495
 8.425  492.5  90  42  51   1.563   0.0   0.0  498
 8.425  497.5  90  42  51   1.563   0.0   0.0  504
 8.425  500.0  90  42  54   1.563   0.0   0.0  505
 8.425  507.5  90  42  54  -1.563   0.0   0.0  512
 8.425  510.0  90  42  51   1.563   0.0   0.0  514
 8.425  512.5  90  42  60   1.563   0.0   0.0  516
 8.425  517.5  90  42  57   1.563   0.0   0.0  523
 8.425  527.5  90  42  51   1.563   0.0   0.0  531
 8.425  530.0  90  42  51  -1.563   0.0   0.0  538
 8.425  532.5  90  42  54   1.563  90.0  30.0  535
 8.425  537.5  90  42  51  -1.563   0.0   0.0  543
 8.425  540.0  90  42  54   1.563   0.0   0.0  544
 8.425  542.5  90  42  51  -1.563 150.0  30.0  546
 8.425  545.0  90  42  51   1.563 210.0  30.0  553
 8.425  547.5  90  42  57   1.563   0.0   0.0  552
 8.425  550.0  90  42  54   1.563   0.0   0.0  554
 8.425  552.5  90  42  54   1.563   0.0   0.0  557
 8.425  557.5  90  42  51   1.563  30.0  30.0  562
 8.425  570.0  90  42  51   1.563  30.0  30.0  574
 8.425  572.5  90  42  51  -1.563   0.0   0.0  575
 8.425  575.0  90  42  54  -1.563   0.0   0.0  580
 8.425  577.5  90  42  54   1.563   0.0   0.0  584
 8.425  580.0  90  42  54   1.563   0.0   0.0  584
 8.425  582.5  90  42  51   1.563   0.0   0.0  587
 8.425  585.0  90  42  51   1.563 210.0  30.0  591
 8.425  597.5  90  42  54   1.563   0.0   0.0  602
 8.425  605.0  90  42  51  -1.563  30.0  30.0  609
 8.425  617.5  90  42  57   1.563 210.0  30.0  621
 8.425  625.0  90  42  54   1.563   0.0   0.0  630
 8.425  630.0  90  42  51   1.563   0.0   0.0  636
 8.425  640.0  90  42  54   1.563 270.0  30.0  637
 8.425  647.5  90  42  51   1.563   0.0   0.0  652
 8.425  650.0  90  42  51  -1.563   0.0   0.0  646
 8.425  652.5  90  42  57   1.563   0.0   0.0  658
 8.425  655.0  90  42  57   1.563   0.0   0.0  653
 8.425  657.5  90  42  54   1.563 330.0  30.0  653
 8.425  662.5  90  42  54   1.563   0.0   0.0  659
 8.425  665.0  90  42  51   1.563  30.0  30.0  664
 8.425  670.0  90  42  57   1.563 210.0  30.0  669
 8.425  672.5  90  42  57   1.563 270.0  30.0  669
 8.425  675.0  90  42  54   1.563 330.0  30.0  672
 8.425  677.5  90  42  54   1.563   0.0   0.0  672
 8.425  680.0  90  42  51   1.563 270.0  30.0  677
 8.425  682.5  90  42  51   1.563   0.0   0.0  686
 8.425  687.5  90  42  54   1.563 330.0  30.0  682
 8.425  697.5  90  42  57   1.563 330.0  30.0  695
 8.425  702.5  90  42  57   1.563 270.0  30.0  700
 8.425  710.0  90  42  57   1.563   0.0   0.0  707
 8.425  712.5  90  42  54  -1.563 150.0  30.0  709
 8.425  715.0  90  42  51   1.563 270.0  30.0  708
 8.425  717.5  90  42  51   1.563 210.0  30.0  715
 8.425  720.0  90  42  57   1.563 210.0  30.0  717
 8.425  722.5  90  42  51   1.563 330.0  30.0  718
 8.425  725.0  90  42  54   1.563 330.0  30.0  720
 8.425  727.5  90  42  57   1.563 210.0  30.0  729
 8.425  730.0  90  42  54   1.563  30.0  30.0  727
 8.425  732.5  90  42  57   1.563  90.0  30.0  731
 8.425  735.0  90  42  60   1.563 270.0  30.0  733
 8.425  737.5  90  42  54  -1.563 270.0  30.0  735
 8.425  740.0  90  42  60   1.563   0.0   0.0  735
 8.425  742.5  90  42  54  -1.563   0.0   0.0  739
 8.425  745.0  90  42  57   1.563 150.0  30.0  742
 8.425  750.0  90  42  57   1.563 210.0  30.0  747
 8.425  752.5  90  42  57  -1.563  90.0  30.0  751
 8.425  757.5  90  42  51   1.563   0.0   0.0  752
 8.425  760.0  90  42  51   1.563   0.0   0.0  763
 8.425  765.0  90  42  54   1.563   0.0   0.0  768
 8.425  767.5  90  42  51   1.563   0.0   0.0  767
 8.425  770.0  90  42  54   1.563 330.0  30.0  770
 8.425  772.5  90  42  51  -1.563   0.0   0.0  772
 8.425  780.0  90  42  57   1.563 210.0  30.0  777
 8.425  785.0  90  42  54  -1.563 270.0  30.0  783
 8.425  790.0  90  42  51   1.563  90.0  30.0  786
 8.425  792.5  90  42  57   1.563  90.0  30.0  790
 8.425  795.0  90  42  51   1.563 330.0  30.0  794
 8.425  797.5  90  42  51   1.563 210.0  30.0  796
 8.425  800.0  90  42  57   1.563  90.0  30.0  798
 8.425  805.0  90  42  51   1.563 330.0  30.0  801
 8.425  807.5  90  42  51   1.563 210.0  30.0  802
 8.425  812.5  90  42  51   1.563   0.0   0.0  817
 8.425  815.0  90  42  54   1.563 330.0  30.0  814
 8.425  817.5  90  42  57   1.563  90.0  30.0  814
 8.425  822.5  90  42  57   1.563 330.0  30.0  819
 8.425  825.0  90  42  57   1.563 330.0  30.0  824
 8.425  827.5  90  42  57   1.563  90.0  30.0  823
 8.425  830.0  90  42  54   1.563  90.0  30.0  826
 8.425  840.0  90  42  57   1.563  90.0  30.0  837
 8.425  845.0  90  42  54   1.563  90.0  30.0  842
 8.425  847.5  90  42  51   1.563 330.0  30.0  843
 8.425  852.5  90  42  51  -1.563  90.0  30.0  848
 8.425  855.0  90  42  57   1.563  90.0  30.0  854
 8.425  857.5  90  42  57   1.563 270.0  30.0  855
 8.425  862.5  90  42  57   1.563 210.0  30.0  860
 8.425  865.0  90  42  54   1.563  90.0  30.0  861
 8.425  870.0  90  42  51   1.563  90.0  30.0  868
 8.425  872.5  90  42  51   1.563 210.0  30.0  871
 8.425  875.0  90  42  51   1.563 330.0  30.0  874
 8.425  877.5  90  42  51   1.563 210.0  30.0  874
 8.425  880.0  90  42  51   1.563  90.0  30.0  879
 8.425  887.5  90  42  51  -1.563 330.0  30.0  887
 8.425  890.0  90  42  51   1.563 210.0  30.0  888
 8.425  897.5  90  42  51   1.563  90.0  30.0  897
 8.425  900.0  90  42  54   1.563 210.0  30.0  896
 8.425  902.5  90  42  54   1.563 210.0  30.0  899
 8.425  905.0  90  42  51   1.563  90.0  30.0  899
 8.425  920.0  90  42  54   1.563 210.0  30.0  919
 8.425  922.5  90  42  51   1.563 330.0  30.0  920
 8.425  925.0  90  42  54   1.563 210.0  30.0  922
 8.425  927.5  90  42  51   1.563  90.0  30.0  922
 8.425  935.0  90  42  54   1.563 330.0  30.0  932
 8.425  955.0  90  42  54   1.563 210.0  30.0  951
 8.425  957.5  90  42  51   1.563  90.0  30.0  953
 8.425  965.0  90  42  51   1.563 210.0  30.0  964
 8.425  967.5  90  42  51   1.563  90.0  30.0  964
 8.425  970.0  90  42  51   1.563  90.0  30.0  967
 8.425  972.5  90  42  51   1.563  90.0  30.0  968
 8.425  975.0  90  42  51   1.563  90.0  30.0  971
 8.425  997.5  90  42  54   1.563 210.0  30.0  995
 8.425 1002.5  90  42  54   1.563 330.0  30.0 1002
 8.425 1005.0  90  42  54   1.563 210.0  30.0 1003
 8.425 1017.5  90  42  51   1.563 210.0  30.0 1013
 8.425 1037.5  90  42  51   1.563 210.0  30.0 1035
 8.425  367.5 -90  39  57   1.563  90.0  30.0  373
 8.425  370.0 -90  39  57   1.563  90.0  30.0  374
 8.425  380.0 -90  39  63   1.563   0.0   0.0  386
 8.425  382.5 -90  39  72   1.563 330.0  30.0  387
 8.425  385.0 -90  39  72   1.563  90.0  30.0  386
 8.425  387.5 -90  39  78  -1.563 330.0  30.0  385
 8.425  390.0 -90  39  72  -1.563 330.0  30.0  387
 8.425  392.5 -90  39  66  -1.563 330.0  30.0  390
 8.425  395.0 -90  39  63   1.563 330.0  30.0  392
 8.425  397.5 -90  39  60   1.563 210.0  30.0  394
 8.425  400.0 -90  39  48  -1.563 210.0  30.0  396
 8.425  767.5 -90  39  48   1.563   0.0   0.0  763
 8.425  772.5 -90  39  51   1.563   0.0   0.0  777
 8.425  775.0 -90  39  48  -1.563   0.0   0.0  779
 8.450  460.0  90  42  51   1.563  90.0  30.0  463
 8.450  497.5  90  42  51  -1.563   0.0   0.0  502
 8.450  500.0  90  42  57   1.563   0.0   0.0  503
 8.450  507.5  90  42  54   1.563 270.0  30.0  513
 8.450  510.0  90  42  60   1.563   0.0   0.0  513
 8.450  512.5  90  42  54   1.563   0.0   0.0  515
 8.450  515.0  90  42  51   1.563  90.0  30.0  521
 8.450  517.5  90  42  54   1.563 150.0  30.0  522
 8.450  522.5  90  42  51   1.563   0.0   0.0  528
 8.450  525.0  90  42  54   1.563   0.0   0.0  529
 8.450  530.0  90  42  51   1.563   0.0   0.0  532
 8.450  532.5  90  42  54   1.563   0.0   0.0  535
 8.450  537.5  90  42  51   1.563  30.0  30.0  543
 8.450  550.0  90  42  51  -1.563   0.0   0.0  553
 8.450  552.5  90  42  54   1.563   0.0   0.0  558
 8.450  557.5  90  42  51  -1.563 150.0  30.0  562
 8.450  560.0  90  42  51   1.563  30.0  30.0  563
 8.450  562.5  90  42  54   1.563 270.0  30.0  567
 8.450  565.0  90  42  51  -1.563 270.0  30.0  569
 8.450  570.0  90  42  51   1.563 150.0  30.0  575
 8.450  572.5  90  42  51  -1.563   0.0   0.0  578
 8.450  577.5  90  42  57   1.563  30.0  30.0  581
 8.450  580.0  90  42  51   1.563   0.0   0.0  583
 8.450  585.0  90  42  57   1.563   0.0   0.0  588
 8.450  587.5  90  42  54   1.563   0.0   0.0  591
 8.450  590.0  90  42  54  -1.563 150.0  30.0  595
 8.450  592.5  90  42  51   1.563   0.0   0.0  595
 8.450  595.0  90  42  51   1.563   0.0   0.0  599
 8.450  597.5  90  42  54   1.563   0.0   0.0  601
 8.450  602.5  90  42  51   1.563   0.0   0.0  605
 8.450  605.0  90  42  51   1.563   0.0   0.0  608
 8.450  610.0  90  42  51  -1.563   0.0   0.0  614
 8.450  620.0  90  42  51   1.563 210.0  30.0  624
 8.450  622.5  90  42  54   1.563 210.0  30.0  626
 8.450  625.0  90  42  54   1.563 210.0  30.0  629
 8.450  627.5  90  42  51   1.563   0.0   0.0  633
 8.450  630.0  90  42  57   1.563   0.0   0.0  633
 8.450  637.5  90  42  51  -1.563  90.0  30.0  639
 8.450  642.5  90  42  54   1.563   0.0   0.0  646
 8.450  645.0  90  42  51   1.563 330.0  30.0  647
 8.450  647.5  90  42  51   1.563   0.0   0.0  650
 8.450  655.0  90  42  51   1.563  90.0  30.0  658
 8.450  682.5  90  42  54   1.563 270.0  30.0  686
 8.450  692.5  90  42  57   1.563   0.0   0.0  696
 8.450  700.0  90  42  51   1.563 150.0  30.0  704
 8.450  702.5  90  42  51   1.563  90.0  30.0  699
 8.450  705.0  90  42  54   1.563   0.0   0.0  710
 8.450  707.5  90  42  51  -1.563 210.0  30.0  711
 8.450  710.0  90  42  54   1.563   0.0   0.0  713
 8.450  712.5  90  42  51   1.563 330.0  30.0  715
 8.450  720.0  90  42  54  -1.563   0.0   0.0  725
 8.450  722.5  90  42  51  -1.563   0.0   0.0  726
 8.450  727.5  90  42  51   1.563 150.0  30.0  730
 8.450  730.0  90  42  54   1.563   0.0   0.0  734
 8.450  735.0  90  42  54   1.563  90.0  30.0  739
 8.450  737.5  90  42  54   1.563   0.0   0.0  741
 8.450  740.0  90  42  51   1.563 210.0  30.0  739
 8.450  742.5  90  42  57   1.563 210.0  30.0  746
 8.450  752.5  90  42  51  -1.563 210.0  30.0  756
 8.450  757.5  90  42  51   1.563   0.0   0.0  762
 8.450  760.0  90  42  51  -1.563   0.0   0.0  758
 8.450  775.0  90  42  51   1.563   0.0   0.0  778
 8.450  780.0  90  42  51   1.563 330.0  30.0  786
 8.450  782.5  90  42  54   1.563  90.0  30.0  787
 8.450  785.0  90  42  54   1.563   0.0   0.0  788
 8.450  787.5  90  42  54   1.563  90.0  30.0  792
 8.450  790.0  90  42  51   1.563   0.0   0.0  792
 8.450  797.5  90  42  54   1.563  90.0  30.0  794
 8.450  800.0  90  42  54   1.563  90.0  30.0  795
 8.450  805.0  90  42  51   1.563 210.0  30.0  798
 8.450  810.0  90  42  51   1.563 210.0  30.0  813
 8.450  825.0  90  42  51   1.563 330.0  30.0  821
 8.450  827.5  90  42  51   1.563   0.0   0.0  831
 8.450  832.5  90  42  57   1.563 210.0  30.0  828
 8.450  835.0  90  42  54   1.563 270.0  30.0  832
 8.450  850.0  90  42  51   1.563 330.0  30.0  856
 8.450  852.5  90  42  51   1.563   0.0   0.0  859
 8.450  865.0  90  42  51   1.563 210.0  30.0  869
 8.450  867.5  90  42  51  -1.563   0.0   0.0  870
 8.450  870.0  90  42  51   1.563   0.0   0.0  874
 8.450  872.5  90  42  51   1.563   0.0   0.0  874
 8.450  895.0  90  42  51   1.563   0.0   0.0  892
 8.450  902.5  90  42  54   1.563 210.0  30.0  901
 8.450  905.0  90  42  51   1.563  90.0  30.0  907
 8.450  915.0  90  42  51   1.563 330.0  30.0  914
 8.450  917.5  90  42  54   1.563 330.0  30.0  913
 8.450  925.0  90  42  54  -1.563   0.0   0.0  928
 8.450  927.5  90  42  54   1.563   0.0   0.0  921
 8.450  932.5  90  42  51   1.563   0.0   0.0  937
 8.450  935.0  90  42  51   1.563   0.0   0.0  937
 8.450  937.5  90  42  54   1.563 330.0  30.0  933
 8.450  940.0  90  42  51   1.563  90.0  30.0  937
 8.450  942.5  90  42  51   1.563  90.0  30.0  940
 8.450  945.0  90  42  51   1.563 330.0  30.0  948
 8.450  950.0  90  42  51   1.563 210.0  30.0  949
 8.450  952.5  90  42  51   1.563 330.0  30.0  948
 8.450  955.0  90  42  51   1.563 330.0  30.0  949
 8.450  957.5  90  42  51   1.563 210.0  30.0  953
 8.450  960.0  90  42  51   1.563  90.0  30.0  956
 8.450  965.0  90  42  54   1.563  90.0  30.0  961
 8.450  967.5  90  42  51   1.563 210.0  30.0  961
 8.450  970.0  90  42  51   1.563 210.0  30.0  967
 8.450  975.0  90  42  54   1.563   0.0   0.0  970
 8.450  987.5  90  42  51   1.563   0.0   0.0  985
 8.450  990.0  90  42  51   1.563 330.0  30.0  988
 8.450  992.5  90  42  51  -1.563 210.0  30.0  988
 8.450 1007.5  90  42  51   1.563   0.0   0.0 1002
 8.450 1017.5  90  42  51   1.563 330.0  30.0 1011
 8.450 1027.5  90  42  51  -1.563 270.0  30.0 1021
 8.450 1055.0  90  42  54   1.563 210.0  30.0 1052
 8.450 1057.5  90  42  51   1.563 330.0  30.0 1052
 8.450 1102.5  90  42  51   1.563   0.0   0.0 1108
 8.450 1105.0  90  42  51   1.563 210.0  30.0 1101
 8.450  370.0 -90  39  54  -1.563 150.0  30.0  375
 8.450  372.5 -90  39  51   1.563 330.0  30.0  376
 8.450  380.0 -90  39  54  -1.563   0.0   0.0  387
 8.450  382.5 -90  39  69  -1.563  30.0  30.0  387
 8.450  385.0 -90  39  72  -1.563   0.0   0.0  389
 8.450  387.5 -90  39  69   1.563 210.0  30.0  382
 8.450  390.0 -90  39  72  -1.563  90.0  30.0  387
 8.450  392.5 -90  39  69   1.563 330.0  30.0  388
 8.450  395.0 -90  39  75   1.563 270.0  30.0  391
 8.450  397.5 -90  39  60   1.563   0.0   0.0  392
 8.450  400.0 -90  39  57   1.563  90.0  30.0  397
 8.450  772.5 -90  39  51   1.563 210.0  30.0  777
 8.475  482.5  90  42  51   1.563  90.0  30.0  485
 8.475  505.0  90  42  57   1.563   0.0   0.0  508
 8.475  507.5  90  42  51   1.563   0.0   0.0  511
 8.475  510.0  90  42  51   1.563  30.0  30.0  514
 8.475  525.0  90  42  51   1.563  90.0  30.0  527
 8.475  540.0  90  42  51   1.563   0.0   0.0  542
 8.475  547.5  90  42  54   1.563   0.0   0.0  551
 8.475  550.0  90  42  54   1.563   0.0   0.0  553
 8.475  552.5  90  42  51   1.563   0.0   0.0  555
 8.475  557.5  90  42  51   1.563   0.0   0.0  560
 8.475  567.5  90  42  51  -1.563  30.0  30.0  574
 8.475  575.0  90  42  57  -1.563  30.0  30.0  579
 8.475  577.5  90  42  51  -1.563  30.0  30.0  578
 8.475  582.5  90  42  51   1.563   0.0   0.0  586
 8.475  592.5  90  42  57  -1.563   0.0   0.0  597
 8.475  597.5  90  42  54   1.563   0.0   0.0  601
 8.475  600.0  90  42  51   1.563   0.0   0.0  603
 8.475  610.0  90  42  54   1.563   0.0   0.0  614
 8.475  622.5  90  42  54   1.563   0.0   0.0  626
 8.475  625.0  90  42  51   1.563   0.0   0.0  625
 8.475  630.0  90  42  51  -1.563   0.0   0.0  635
 8.475  642.5  90  42  57   1.563   0.0   0.0  647
 8.475  650.0  90  42  54   1.563   0.0   0.0  655
 8.475  652.5  90  42  51   1.563   0.0   0.0  656
 8.475  670.0  90  42  51   1.563 330.0  30.0  673
 8.475  677.5  90  42  51   1.563   0.0   0.0  678
 8.475  682.5  90  42  54   1.563   0.0   0.0  686
 8.475  685.0  90  42  51  -1.563   0.0   0.0  688
 8.475  707.5  90  42  51   1.563   0.0   0.0  710
 8.475  715.0  90  42  51   1.563  90.0  30.0  719
 8.475  725.0  90  42  51   1.563   0.0   0.0  729
 8.475  730.0  90  42  51   1.563 330.0  30.0  734
 8.475  732.5  90  42  51   1.563 330.0  30.0  735
 8.475  737.5  90  42  54   1.563   0.0   0.0  741
 8.475  765.0  90  42  51   1.563   0.0   0.0  768
 8.475  780.0  90  42  51   1.563   0.0   0.0  786
 8.475  782.5  90  42  54   1.563   0.0   0.0  788
 8.475  785.0  90  42  54   1.563 210.0  30.0  788
 8.475  787.5  90  42  51   1.563   0.0   0.0  790
 8.475  810.0  90  42  51   1.563  90.0  30.0  815
 8.475  815.0  90  42  51   1.563   0.0   0.0  819
 8.475  817.5  90  42  51   1.563   0.0   0.0  821
 8.475  822.5  90  42  51   1.563 210.0  30.0  826
 8.475  825.0  90  42  51   1.563  90.0  30.0  830
 8.475  827.5  90  42  51  -1.563 210.0  30.0  831
 8.475  830.0  90  42  54  -1.563   0.0   0.0  833
 8.475  852.5  90  42  51   1.563 150.0  30.0  857
 8.475  875.0  90  42  51  -1.563   0.0   0.0  878
 8.475  882.5  90  42  51   1.563   0.0   0.0  887
 8.475  885.0  90  42  51  -1.563   0.0   0.0  889
 8.475  887.5  90  42  54   1.563  90.0  30.0  891
 8.475  910.0  90  42  51   1.563 330.0  30.0  906
 8.475  912.5  90  42  51   1.563 210.0  30.0  916
 8.475  922.5  90  42  51   1.563 210.0  30.0  926
 8.475  937.5  90  42  51   1.563   0.0   0.0  941
 8.475  980.0  90  42  51   1.563   0.0   0.0  974
 8.475  370.0 -90  39  51   1.563 330.0  30.0  375
 8.475  372.5 -90  39  51  -1.563 150.0  30.0  377
 8.475  382.5 -90  39  63  -1.563 150.0  30.0  388
 8.475  385.0 -90  39  72   1.563   0.0   0.0  389
 8.475  387.5 -90  39  66   1.563 150.0  30.0  390
 8.475  390.0 -90  39  75  -1.563 330.0  30.0  395
 8.475  392.5 -90  39  75  -1.563 210.0  30.0  391
 8.475  395.0 -90  39  78   1.563   0.0   0.0  390
 8.475  397.5 -90  39  63  -1.563  90.0  30.0  403
 8.475  400.0 -90  39  66   1.563  90.0  30.0  394
 8.475  402.5 -90  39  54   1.563   0.0   0.0  398
 8.500  457.5  90  39  48   1.563 150.0  30.0  460
 8.500  470.0  90  39  48   1.563   0.0   0.0  474
 8.500  485.0  90  39  48   1.563  90.0  30.0  487
 8.500  522.5  90  39  48  -1.563 270.0  30.0  527
 8.500  530.0  90  39  51   1.563   0.0   0.0  534
 8.500  532.5  90  39  54   1.563   0.0   0.0  537
 8.500  535.0  90  39  48  -1.563  30.0  30.0  536
 8.500  537.5  90  39  48   1.563   0.0   0.0  540
 8.500  542.5  90  39  48   1.563 270.0  30.0  547
 8.500  550.0  90  39  48   1.563   0.0   0.0  552
 8.500  557.5  90  39  51   1.563   0.0   0.0  561
 8.500  560.0  90  39  48   1.563   0.0   0.0  564
 8.500  567.5  90  39  51   1.563 150.0  30.0  572
 8.500  585.0  90  39  51   1.563   0.0   0.0  589
 8.500  587.5  90  39  54   1.563   0.0   0.0  590
 8.500  590.0  90  39  51   1.563   0.0   0.0  594
 8.500  592.5  90  39  48   1.563   0.0   0.0  596
 8.500  595.0  90  39  51   1.563   0.0   0.0  596
 8.500  597.5  90  39  51   1.563   0.0   0.0  599
 8.500  600.0  90  39  51   1.563   0.0   0.0  602
 8.500  602.5  90  39  48   1.563   0.0   0.0  603
 8.500  607.5  90  39  51   1.563 270.0  30.0  612
 8.500  610.0  90  39  48   1.563   0.0   0.0  614
 8.500  622.5  90  39  54  -1.563   0.0   0.0  627
 8.500  625.0  90  39  48  -1.563   0.0   0.0  631
 8.500  630.0  90  39  48  -1.563  30.0  30.0  634
 8.500  637.5  90  39  48   1.563   0.0   0.0  638
 8.500  640.0  90  39  48   1.563   0.0   0.0  647
 8.500  642.5  90  39  54   1.563   0.0   0.0  647
 8.500  645.0  90  39  48   1.563  30.0  30.0  651
 8.500  670.0  90  39  51   1.563   0.0   0.0  673
 8.500  675.0  90  39  51   1.563   0.0   0.0  680
 8.500  677.5  90  39  51   1.563   0.0   0.0  680
 8.500  685.0  90  39  48   1.563   0.0   0.0  689
 8.500  692.5  90  39  48   1.563   0.0   0.0  697
 8.500  705.0  90  39  48  -1.563   0.0   0.0  710
 8.500  707.5  90  39  51   1.563   0.0   0.0  709
 8.500  712.5  90  39  48   1.563 210.0  30.0  718
 8.500  715.0  90  39  48   1.563 210.0  30.0  718
 8.500  717.5  90  39  48   1.563   0.0   0.0  720
 8.500  722.5  90  39  48   1.563   0.0   0.0  724
 8.500  730.0  90  39  48   1.563 210.0  30.0  732
 8.500  735.0  90  39  51   1.563  90.0  30.0  739
 8.500  745.0  90  39  48   1.563   0.0   0.0  750
 8.500  747.5  90  39  51   1.563   0.0   0.0  751
 8.500  750.0  90  39  48   1.563 330.0  30.0  754
 8.500  755.0  90  39  48   1.563   0.0   0.0  759
 8.500  767.5  90  39  48   1.563 330.0  30.0  771
 8.500  785.0  90  39  51   1.563 330.0  30.0  788
 8.500  790.0  90  39  51   1.563 330.0  30.0  794
 8.500  792.5  90  39  48   1.563   0.0   0.0  797
 8.500  795.0  90  39  51   1.563   0.0   0.0  799
 8.500  807.5  90  39  48   1.563  90.0  30.0  811
 8.500  812.5  90  39  48   1.563  30.0  30.0  815
 8.500  827.5  90  39  48  -1.563 210.0  30.0  832
 8.500  830.0  90  39  48   1.563 210.0  30.0  833
 8.500  842.5  90  39  48   1.563 150.0  30.0  847
 8.500  865.0  90  39  48  -1.563  90.0  30.0  869
 8.500  872.5  90  39  48  -1.563   0.0   0.0  876
 8.500  875.0  90  39  48   1.563 210.0  30.0  879
 8.500  885.0  90  39  48   1.563   0.0   0.0  887
 8.500  912.5  90  39  48   1.563  90.0  30.0  913
 8.500 1022.5  90  39  48   1.563  90.0  30.0 1027
 8.500  372.5 -90  36  48   1.563 150.0  30.0  376
 8.500  375.0 -90  36  45  -1.563 270.0  30.0  379
 8.500  382.5 -90  36  48  -1.563   0.0   0.0  392
 8.500  385.0 -90  36  60   1.563  30.0  30.0  390
 8.500  387.5 -90  36  60   1.563   0.0   0.0  394
 8.500  390.0 -90  36  69   1.563 210.0  30.0  393
 8.500  392.5 -90  36  72  -1.563 270.0  30.0  390
 8.500  395.0 -90  36  72  -1.563 330.0  30.0  400
 8.500  397.5 -90  36  78   1.563 330.0  30.0  393
 8.500  400.0 -90  36  69   1.563 270.0  30.0  394
 8.500  402.5 -90  36  66   1.563 270.0  30.0  398
 8.500  405.0 -90  36  57   1.563   0.0   0.0  398
 8.500  407.5 -90  36  45   1.563 150.0  30.0  399
 8.500  777.5 -90  36  45   1.563 210.0  30.0  782
 8.500  782.5 -90  36  48  -1.563  30.0  30.0  786
 8.500  785.0 -90  36  45   1.563   0.0   0.0  788
 8.525  482.5  90  39  48   1.563  90.0  30.0  486
 8.525  485.0  90  39  51   1.563  90.0  30.0  489
 8.525  497.5  90  39  48   1.563   0.0   0.0  501
 8.525  515.0  90  39  48   1.563   0.0   0.0  518
 8.525  530.0  90  39  48   1.563   0.0   0.0  536
 8.525  532.5  90  39  48   1.563   0.0   0.0  536
 8.525  537.5  90  39  48   1.563   0.0   0.0  539
 8.525  542.5  90  39  51  -1.563 150.0  30.0  548
 8.525  547.5  90  39  48   1.563   0.0   0.0  552
 8.525  550.0  90  39  48   1.563   0.0   0.0  554
 8.525  570.0  90  39  51   1.563   0.0   0.0  573
 8.525  580.0  90  39  48   1.563   0.0   0.0  586
 8.525  587.5  90  39  48   1.563   0.0   0.0  591
 8.525  612.5  90  39  48  -1.563 150.0  30.0  617
 8.525  617.5  90  39  48  -1.563   0.0   0.0  622
 8.525  620.0  90  39  48   1.563  30.0  30.0  624
 8.525  670.0  90  39  51  -1.563   0.0   0.0  672
 8.525  710.0  90  39  48  -1.563   0.0   0.0  713
 8.525  717.5  90  39  48   1.563   0.0   0.0  723
 8.525  727.5  90  39  48   1.563   0.0   0.0  730
 8.525  730.0  90  39  48   1.563   0.0   0.0  733
 8.525  872.5  90  39  48   1.563   0.0   0.0  876
 8.525  370.0 -90  36  45  -1.563  30.0  30.0  373
 8.525  372.5 -90  36  45  -1.563 150.0  30.0  376
 8.525  375.0 -90  36  51  -1.563 330.0  30.0  380
 8.525  377.5 -90  36  48   1.563 330.0  30.0  378
 8.525  380.0 -90  36  45   1.563   0.0   0.0  387
 8.525  382.5 -90  36  45  -1.563 270.0  30.0  386
 8.525  385.0 -90  36  48   1.563 270.0  30.0  390
 8.525  387.5 -90  36  60   1.563   0.0   0.0  392
 8.525  390.0 -90  36  66   1.563   0.0   0.0  394
 8.525  392.5 -90  36  66   1.563  90.0  30.0  384
 8.525  395.0 -90  36  72   1.563   0.0   0.0  399
 8.525  397.5 -90  36  81   1.563 330.0  30.0  394
 8.525  400.0 -90  36  75   1.563 210.0  30.0  393
 8.525  402.5 -90  36  72   1.563 270.0  30.0  399
 8.525  405.0 -90  36  60   1.563   0.0   0.0  399
 8.525  407.5 -90  36  60   1.563 330.0  30.0  404
 8.525  410.0 -90  36  54   1.563 210.0  30.0  405
 8.525  412.5 -90  36  45   1.563 210.0  30.0  405
 8.525  785.0 -90  36  48   1.563 210.0  30.0  789
 8.525  790.0 -90  36  45  -1.563 270.0  30.0  796
 8.525  792.5 -90  36  45   1.563 150.0  30.0  795
 8.550  470.0  90  39  48  -1.563 150.0  30.0  474
 8.550  500.0  90  39  48   1.563  90.0  30.0  503
 8.550  507.5  90  39  48   1.563   0.0   0.0  510
 8.550  515.0  90  39  48   1.563   0.0   0.0  519
 8.550  535.0  90  39  51   1.563 150.0  30.0  539
 8.550  537.5  90  39  48   1.563   0.0   0.0  541
 8.550  542.5  90  39  48   1.563 270.0  30.0  548
 8.550  545.0  90  39  48   1.563   0.0   0.0  549
 8.550  555.0  90  39  48   1.563   0.0   0.0  558
 8.550  565.0  90  39  48   1.563   0.0   0.0  570
 8.550  572.5  90  39  48   1.563   0.0   0.0  576
 8.550  592.5  90  39  48   1.563   0.0   0.0  595
 8.550  617.5  90  39  51  -1.563   0.0   0.0  621
 8.550  372.5 -90  36  48   1.563 330.0  30.0  382
 8.550  375.0 -90  36  54   1.563  90.0  30.0  380
 8.550  377.5 -90  36  54   1.563 330.0  30.0  381
 8.550  382.5 -90  36  48   1.563   0.0   0.0  388
 8.550  385.0 -90  36  45   1.563 270.0  30.0  389
 8.550  387.5 -90  36  51  -1.563   0.0   0.0  395
 8.550  390.0 -90  36  60   1.563   0.0   0.0  396
 8.550  392.5 -90  36  66   1.563   0.0   0.0  397
 8.550  395.0 -90  36  66   1.563   0.0   0.0  400
 8.550  397.5 -90  36  78   1.563  90.0  30.0  402
 8.550  400.0 -90  36  75   1.563 330.0  30.0  395
 8.550  402.5 -90  36  66   1.563 210.0  30.0  404
 8.550  405.0 -90  36  63  -1.563 210.0  30.0  399
 8.550  407.5 -90  36  60  -1.563 210.0  30.0  407
 8.550  410.0 -90  36  63   1.563 210.0  30.0  406
 8.550  412.5 -90  36  57   1.563 210.0  30.0  407
 8.550  415.0 -90  36  48   1.563  90.0  30.0  408
 8.550  790.0 -90  36  45   1.563  90.0  30.0  794
 8.550  792.5 -90  36  45   1.563   0.0   0.0  797
 8.550  797.5 -90  36  45   1.563   0.0   0.0  799
 8.575  545.0  90  39  48   1.563   0.0   0.0  548
 8.575  580.0  90  39  48   1.563   0.0   0.0  583
 8.575  587.5  90  39  48   1.563   0.0   0.0  592
 8.575  385.0 -90  39  48  -1.563 150.0  30.0  390
 8.575  392.5 -90  39  51  -1.563   0.0   0.0  398
 8.575  395.0 -90  39  63   1.563  90.0  30.0  401
 8.575  397.5 -90  39  78   1.563   0.0   0.0  402
 8.575  400.0 -90  39  81   1.563   0.0   0.0  404
 8.575  402.5 -90  39  75   1.563 270.0  30.0  405
 8.575  405.0 -90  39  69  -1.563 330.0  30.0  409
 8.575  407.5 -90  39  75   1.563 210.0  30.0  404
 8.575  410.0 -90  39  72   1.563 210.0  30.0  406
 8.575  412.5 -90  39  66   1.563 210.0  30.0  409
 8.575  415.0 -90  39  60   1.563  90.0  30.0  411
 8.575  417.5 -90  39  51   1.563 210.0  30.0  411
 8.575  795.0 -90  39  48   1.563   0.0   0.0  800
 8.575  797.5 -90  39  48   1.563   0.0   0.0  801
 8.600  405.0  90  36  45   1.563   0.0   0.0  411
 8.600  407.5  90  36  45  -1.563  30.0  30.0  412
 8.600  485.0  90  36  45   1.563  90.0  30.0  488
 8.600  512.5  90  36  45   1.563   0.0   0.0  516
 8.600  520.0  90  36  48   1.563  90.0  30.0  524
 8.600  522.5  90  36  45  -1.563  30.0  30.0  528
 8.600  527.5  90  36  45  -1.563 270.0  30.0  532
 8.600  535.0  90  36  45   1.563 150.0  30.0  539
 8.600  540.0  90  36  45  -1.563   0.0   0.0  542
 8.600  557.5  90  36  45   1.563 150.0  30.0  563
 8.600  620.0  90  36  45   1.563 150.0  30.0  623
 8.600  625.0  90  36  45   1.563   0.0   0.0  630
 8.600  375.0 -90  36  45  -1.563 330.0  30.0  379
 8.600  377.5 -90  36  45   1.563 330.0  30.0  379
 8.600  380.0 -90  36  51   1.563 150.0  30.0  385
 8.600  382.5 -90  36  48   1.563  90.0  30.0  386
 8.600  387.5 -90  36  48   1.563   0.0   0.0  392
 8.600  395.0 -90  36  51   1.563 210.0  30.0  399
 8.600  397.5 -90  36  63  -1.563 270.0  30.0  404
 8.600  400.0 -90  36  75   1.563   0.0   0.0  404
 8.600  402.5 -90  36  72   1.563   0.0   0.0  405
 8.600  405.0 -90  36  72   1.563  90.0  30.0  409
 8.600  407.5 -90  36  72   1.563  90.0  30.0  402
 8.600  410.0 -90  36  66  -1.563 330.0  30.0  408
 8.600  412.5 -90  36  57   4.688 270.0  30.0  407
 8.600  415.0 -90  36  66   1.563 210.0  30.0  412
 8.600  417.5 -90  36  63   1.563 210.0  30.0  414
 8.600  420.0 -90  36  54   1.563 330.0  30.0  415
 8.600  797.5 -90  36  45   1.563   0.0   0.0  808
 8.600  800.0 -90  36  45   1.563 150.0  30.0  803
 8.625  415.0  90  36  45   1.563 150.0  30.0  419
 8.625  512.5  90  36  45   1.563   0.0   0.0  518
 8.625  515.0  90  36  45  -1.563   0.0   0.0  517
 8.625  535.0  90  36  45   1.563   0.0   0.0  537
 8.625  540.0  90  36  45   1.563   0.0   0.0  544
 8.625  620.0  90  36  45  -1.563 150.0  30.0  627
 8.625  380.0 -90  36  45   1.563 150.0  30.0  381
 8.625  382.5 -90  36  54  -1.563  30.0  30.0  387
 8.625  385.0 -90  36  48   1.563  90.0  30.0  388
 8.625  397.5 -90  36  57   1.563   0.0   0.0  404
 8.625  400.0 -90  36  66   1.563   0.0   0.0  405
 8.625  402.5 -90  36  69   1.563   0.0   0.0  406
 8.625  405.0 -90  36  69  -1.563   0.0   0.0  399
 8.625  407.5 -90  36  72   1.563 210.0  30.0  408
 8.625  410.0 -90  36  75   1.563   0.0   0.0  413
 8.625  412.5 -90  36  63   1.563  90.0  30.0  407
 8.625  415.0 -90  36  66   1.563 210.0  30.0  412
 8.625  417.5 -90  36  60   1.563 210.0  30.0  413
 8.625  420.0 -90  36  51   1.563 150.0  30.0  420
 8.625  422.5 -90  36  51   1.563 210.0  30.0  418
 8.625  812.5 -90  36  45   1.563   0.0   0.0  815
 8.650  542.5  90  36  45   1.563 270.0  30.0  546
 8.650  380.0 -90  36  45   1.563 150.0  30.0  390
 8.650  382.5 -90  36  54   1.563  90.0  30.0  386
 8.650  385.0 -90  36  48   1.563 150.0  30.0  388
 8.650  387.5 -90  36  45   1.563  90.0  30.0  389
 8.650  392.5 -90  36  45  -1.563 150.0  30.0  395
 8.650  400.0 -90  36  54   1.563   0.0   0.0  406
 8.650  402.5 -90  36  60  -1.563 270.0  30.0  407
 8.650  405.0 -90  36  54   1.563  30.0  30.0  409
 8.650  407.5 -90  36  69  -1.563   0.0   0.0  413
 8.650  410.0 -90  36  75   1.563   0.0   0.0  414
 8.650  412.5 -90  36  75   1.563 210.0  30.0  408
 8.650  415.0 -90  36  69   1.563  90.0  30.0  410
 8.650  417.5 -90  36  69   1.563 330.0  30.0  415
 8.650  420.0 -90  36  69   1.563 330.0  30.0  416
 8.650  422.5 -90  36  60   1.563  90.0  30.0  419
 8.650  425.0 -90  36  54   1.563  90.0  30.0  419
 8.650  427.5 -90  36  48   1.563  90.0  30.0  422
 8.650  810.0 -90  36  48   1.563   0.0   0.0  815
 8.650  812.5 -90  36  45   1.563  90.0  30.0  815
 8.650  817.5 -90  36  45   1.563  90.0  30.0  821
 8.675  557.5  90  36  45   1.563 330.0  30.0  559
 8.675  382.5 -90  36  45   1.563  90.0  30.0  385
 8.675  385.0 -90  36  48   1.563 330.0  30.0  389
 8.675  387.5 -90  36  54   1.563  90.0  30.0  390
 8.675  390.0 -90  36  48   1.563 330.0  30.0  393
 8.675  402.5 -90  36  48  -1.563   0.0   0.0  409
 8.675  405.0 -90  36  51  -1.563 330.0  30.0  410
 8.675  407.5 -90  36  57  -1.563 270.0  30.0  411
 8.675  410.0 -90  36  66  -1.563   0.0   0.0  415
 8.675  412.5 -90  36  63  -1.563  30.0  30.0  417
 8.675  415.0 -90  36  72   1.563 210.0  30.0  413
 8.675  417.5 -90  36  78   1.563 330.0  30.0  414
 8.675  420.0 -90  36  75   1.563 210.0  30.0  416
 8.675  422.5 -90  36  60   4.688 270.0  30.0  421
 8.675  425.0 -90  36  54   1.563  30.0  30.0  430
 8.675  427.5 -90  36  66   1.563 330.0  30.0  423
 8.675  430.0 -90  36  57   1.563 330.0  30.0  424
 8.675  432.5 -90  36  48   1.563  90.0  30.0  430
 8.675  807.5 -90  36  45  -1.563   0.0   0.0  812
 8.675  825.0 -90  36  45  -1.563   0.0   0.0  829
 8.700  385.0 -90  36  48   1.563  90.0  30.0  389
 8.700  387.5 -90  36  57   1.563 210.0  30.0  391
 8.700  390.0 -90  36  54   1.563 330.0  30.0  393
 8.700  407.5 -90  36  48   1.563  30.0  30.0  413
 8.700  410.0 -90  36  57   1.563   0.0   0.0  415
 8.700  412.5 -90  36  63   1.563   0.0   0.0  416
 8.700  415.0 -90  36  63   1.563 330.0  30.0  418
 8.700  417.5 -90  36  66   1.563   0.0   0.0  414
 8.700  420.0 -90  36  72   1.563 330.0  30.0  417
 8.700  422.5 -90  36  72  -1.563   0.0   0.0  418
 8.700  425.0 -90  36  66  -1.563 210.0  30.0  424
 8.700  427.5 -90  36  72   1.563  90.0  30.0  424
 8.700  430.0 -90  36  69   1.563  90.0  30.0  425
 8.700  432.5 -90  36  66   1.563 210.0  30.0  428
 8.700  435.0 -90  36  60   1.563  90.0  30.0  430
 8.700  437.5 -90  36  51   1.563  90.0  30.0  432
 8.700  440.0 -90  36  45   1.563  90.0  30.0  438
 8.700  832.5 -90  36  45   1.563 210.0  30.0  828
 8.725  392.5 -90  36  48   1.563  30.0  30.0  398
 8.725  395.0 -90  36  48   1.563 330.0  30.0  398
 8.725  402.5 -90  36  45   1.563  90.0  30.0  406
 8.725  410.0 -90  36  51  -1.563   0.0   0.0  415
 8.725  412.5 -90  36  60  -1.563   0.0   0.0  418
 8.725  415.0 -90  36  63  -1.563 270.0  30.0  420
 8.725  417.5 -90  36  66   1.563   0.0   0.0  421
 8.725  420.0 -90  36  63   1.563 150.0  30.0  424
 8.725  422.5 -90  36  72  -1.563 270.0  30.0  428
 8.725  425.0 -90  36  69  -1.563  90.0  30.0  423
 8.725  427.5 -90  36  66  -1.563   0.0   0.0  434
 8.725  430.0 -90  36  69   1.563 270.0  30.0  429
 8.725  432.5 -90  36  69   1.563  90.0  30.0  429
 8.725  435.0 -90  36  63   1.563 330.0  30.0  430
 8.725  437.5 -90  36  57  -1.563  90.0  30.0  434
 8.725  440.0 -90  36  54   1.563 330.0  30.0  434
 8.725  837.5 -90  36  45   1.563 330.0  30.0  830
 8.725  840.0 -90  36  45   1.563  30.0  30.0  846
 8.725  842.5 -90  36  45   1.563  90.0  30.0  846
 8.750  390.0 -90  36  48  -1.563 150.0  30.0  396
 8.750  392.5 -90  36  57   1.563 330.0  30.0  396
 8.750  395.0 -90  36  57   1.563 210.0  30.0  397
 8.750  405.0 -90  36  45   1.563  90.0  30.0  411
 8.750  407.5 -90  36  45   1.563   0.0   0.0  411
 8.750  412.5 -90  36  45   1.563 150.0  30.0  405
 8.750  415.0 -90  36  60   1.563   0.0   0.0  420
 8.750  417.5 -90  36  63   1.563   0.0   0.0  421
 8.750  420.0 -90  36  66   1.563 210.0  30.0  420
 8.750  422.5 -90  36  72   1.563 330.0  30.0  418
 8.750  425.0 -90  36  72   1.563 330.0  30.0  421
 8.750  427.5 -90  36  75   1.563 270.0  30.0  426
 8.750  430.0 -90  36  63  -1.563 210.0  30.0  424
 8.750  432.5 -90  36  66   1.563 270.0  30.0  430
 8.750  435.0 -90  36  69   1.563 210.0  30.0  430
 8.750  437.5 -90  36  66   1.563 210.0  30.0  434
 8.750  440.0 -90  36  66   1.563 330.0  30.0  436
 8.750  442.5 -90  36  63   1.563 210.0  30.0  438
 8.750  445.0 -90  36  54   1.563  90.0  30.0  440
 8.750  447.5 -90  36  48   1.563  90.0  30.0  442
 8.775  437.5  90  36  45   1.563 330.0  30.0  440
 8.775  392.5 -90  36  48   1.563  90.0  30.0  398
 8.775  395.0 -90  36  60   1.563 330.0  30.0  399
 8.775  397.5 -90  36  57   1.563 330.0  30.0  400
 8.775  400.0 -90  36  45  -1.563 150.0  30.0  402
 8.775  407.5 -90  36  45   1.563   0.0   0.0  412
 8.775  417.5 -90  36  51  -1.563   0.0   0.0  423
 8.775  420.0 -90  36  57   1.563   0.0   0.0  425
 8.775  422.5 -90  36  66   1.563 210.0  30.0  426
 8.775  425.0 -90  36  60   1.563 270.0  30.0  414
 8.775  427.5 -90  36  63  -1.563   0.0   0.0  433
 8.775  430.0 -90  36  63   1.563 270.0  30.0  434
 8.775  432.5 -90  36  63   1.563  90.0  30.0  433
 8.775  435.0 -90  36  66  -1.563   0.0   0.0  439
 8.775  437.5 -90  36  72   1.563 210.0  30.0  434
 8.775  440.0 -90  36  69  -1.563 270.0  30.0  436
 8.775  442.5 -90  36  69   1.563 210.0  30.0  437
 8.775  445.0 -90  36  66   1.563 330.0  30.0  440
 8.775  447.5 -90  36  63   1.563 330.0  30.0  442
 8.775  450.0 -90  36  45  -1.563 330.0  30.0  450
 8.775  452.5 -90  36  51   1.563 330.0  30.0  447
 8.775  852.5 -90  36  45  -1.563 270.0  30.0  856
 8.800  395.0 -90  36  54  -1.563 330.0  30.0  400
 8.800  397.5 -90  36  54   1.563 210.0  30.0  400
 8.800  400.0 -90  36  51   1.563 330.0  30.0  402
 8.800  422.5 -90  36  54   1.563   0.0   0.0  427
 8.800  425.0 -90  36  60  -1.563  30.0  30.0  429
 8.800  427.5 -90  36  63  -1.563  30.0  30.0  433
 8.800  430.0 -90  36  60   1.563 330.0  30.0  426
 8.800  432.5 -90  36  63   1.563 330.0  30.0  434
 8.800  435.0 -90  36  69  -1.563 270.0  30.0  433
 8.800  437.5 -90  36  75   1.563   0.0   0.0  435
 8.800  440.0 -90  36  78   1.563   0.0   0.0  437
 8.800  442.5 -90  36  72   1.563   0.0   0.0  438
 8.800  445.0 -90  36  69  -1.563  30.0  30.0  442
 8.800  447.5 -90  36  60   1.563  90.0  30.0  445
 8.800  450.0 -90  36  66   1.563 270.0  30.0  445
 8.800  452.5 -90  36  57   1.563   0.0   0.0  447
 8.800  455.0 -90  36  45   1.563   0.0   0.0  458
 8.825  445.0  90  36  45   1.563  90.0  30.0  446
 8.825  397.5 -90  36  45   1.563 330.0  30.0  400
 8.825  400.0 -90  36  51   1.563 150.0  30.0  405
 8.825  402.5 -90  36  54   1.563  90.0  30.0  406
 8.825  405.0 -90  36  48   1.563 210.0  30.0  407
 8.825  425.0 -90  36  51  -1.563 150.0  30.0  431
 8.825  427.5 -90  36  57   1.563 270.0  30.0  432
 8.825  430.0 -90  36  57   1.563  30.0  30.0  434
 8.825  432.5 -90  36  63  -1.563   0.0   0.0  439
 8.825  435.0 -90  36  72   1.563   0.0   0.0  439
 8.825  437.5 -90  36  72   1.563  90.0  30.0  433
 8.825  440.0 -90  36  69  -1.563   0.0   0.0  444
 8.825  442.5 -90  36  66   1.563 210.0  30.0  445
 8.825  445.0 -90  36  75   1.563  90.0  30.0  443
 8.825  447.5 -90  36  72   1.563 270.0  30.0  444
 8.825  450.0 -90  36  57   4.688 330.0  30.0  447
 8.825  452.5 -90  36  60  -4.688  90.0  30.0  452
 8.825  455.0 -90  36  60   1.563 210.0  30.0  450
 8.825  457.5 -90  36  63   1.563 210.0  30.0  453
 8.825  460.0 -90  36  48   1.563 210.0  30.0  472
 8.825  462.5 -90  36  51   1.563  90.0  30.0  458
 8.850  402.5 -90  36  48  -1.563 270.0  30.0  407
 8.850  405.0 -90  36  51   1.563  90.0  30.0  409
 8.850  407.5 -90  36  45  -1.563 150.0  30.0  410
 8.850  417.5 -90  36  45  -1.563  90.0  30.0  422
 8.850  420.0 -90  36  45  -1.563 150.0  30.0  424
 8.850  430.0 -90  36  48   1.563 330.0  30.0  425
 8.850  432.5 -90  36  57  -1.563   0.0   0.0  438
 8.850  435.0 -90  36  63  -1.563   0.0   0.0  439
 8.850  437.5 -90  36  63   1.563   0.0   0.0  443
 8.850  440.0 -90  36  72   1.563 210.0  30.0  444
 8.850  442.5 -90  36  63  -1.563  90.0  30.0  447
 8.850  445.0 -90  36  66   1.563   0.0   0.0  440
 8.850  447.5 -90  36  60   1.563 150.0  30.0  446
 8.850  450.0 -90  36  69   1.563 210.0  30.0  446
 8.850  452.5 -90  36  75   1.563 210.0  30.0  449
 8.850  455.0 -90  36  69   1.563  90.0  30.0  451
 8.850  457.5 -90  36  54   4.688 210.0  30.0  453
 8.850  460.0 -90  36  63  -1.563 330.0  30.0  457
 8.850  462.5 -90  36  66   1.563 210.0  30.0  459
 8.850  465.0 -90  36  54   1.563  90.0  30.0  457
 8.850  467.5 -90  36  54   1.563 270.0  30.0  462
 8.850  470.0 -90  36  48   1.563 210.0  30.0  464
 8.850  875.0 -90  36  45  -1.563 150.0  30.0  879
 8.875  402.5 -90  36  45  -1.563 150.0  30.0  408
 8.875  405.0 -90  36  45  -1.563  30.0  30.0  409
 8.875  407.5 -90  36  54   1.563  90.0  30.0  413
 8.875  410.0 -90  36  51   1.563  90.0  30.0  413
 8.875  417.5 -90  36  45   1.563 210.0  30.0  418
 8.875  420.0 -90  36  45   1.563  90.0  30.0  425
 8.875  422.5 -90  36  45   1.563   0.0   0.0  426
 8.875  432.5 -90  36  45   1.563 330.0  30.0  437
 8.875  435.0 -90  36  54  -1.563 330.0  30.0  442
 8.875  437.5 -90  36  60   1.563   0.0   0.0  442
 8.875  440.0 -90  36  60  -1.563 270.0  30.0  444
 8.875  442.5 -90  36  57   1.563 330.0  30.0  451
 8.875  445.0 -90  36  60   1.563 330.0  30.0  441
 8.875  447.5 -90  36  63   1.563  90.0  30.0  446
 8.875  450.0 -90  36  72   1.563 330.0  30.0  446
 8.875  452.5 -90  36  69   1.563 210.0  30.0  451
 8.875  455.0 -90  36  69   1.563   0.0   0.0  451
 8.875  457.5 -90  36  69   1.563 210.0  30.0  456
 8.875  460.0 -90  36  75   1.563  90.0  30.0  456
 8.875  462.5 -90  36  69   1.563 210.0  30.0  457
 8.875  465.0 -90  36  66  -1.563  90.0  30.0  462
 8.875  467.5 -90  36  66   1.563 330.0  30.0  463
 8.875  470.0 -90  36  66   1.563  90.0  30.0  466
 8.875  472.5 -90  36  57   1.563 210.0  30.0  468
 8.875  475.0 -90  36  45   1.563 210.0  30.0  473
 8.875  477.5 -90  36  48   1.563 330.0  30.0  474
 8.875  480.0 -90  36  45   1.563  90.0  30.0  475
 8.900  402.5 -90  36  45  -1.563  30.0  30.0  410
 8.900  405.0 -90  36  48  -1.563  30.0  30.0  411
 8.900  407.5 -90  36  51  -1.563  90.0  30.0  413
 8.900  410.0 -90  36  54   1.563  90.0  30.0  414
 8.900  412.5 -90  36  54   1.563 210.0  30.0  415
 8.900  415.0 -90  36  48   1.563   0.0   0.0  417
 8.900  422.5 -90  36  45   1.563 210.0  30.0  420
 8.900  437.5 -90  36  48   1.563   0.0   0.0  440
 8.900  440.0 -90  36  48   1.563 210.0  30.0  433
 8.900  442.5 -90  36  51   1.563  30.0  30.0  444
 8.900  445.0 -90  36  60   1.563 270.0  30.0  443
 8.900  447.5 -90  36  63   1.563 330.0  30.0  447
 8.900  450.0 -90  36  72   1.563  90.0  30.0  447
 8.900  452.5 -90  36  69  -1.563 330.0  30.0  457
 8.900  455.0 -90  36  72   1.563 330.0  30.0  459
 8.900  457.5 -90  36  72   1.563 210.0  30.0  453
 8.900  460.0 -90  36  69   1.563  90.0  30.0  455
 8.900  462.5 -90  36  63   1.563 210.0  30.0  464
 8.900  465.0 -90  36  57  -1.563  30.0  30.0  458
 8.900  467.5 -90  36  69   1.563 210.0  30.0  465
 8.900  470.0 -90  36  72   1.563  90.0  30.0  466
 8.900  472.5 -90  36  66   1.563 330.0  30.0  468
 8.900  475.0 -90  36  63  -1.563 330.0  30.0  472
 8.900  477.5 -90  36  60   1.563 210.0  30.0  474
 8.900  480.0 -90  36  48  -1.563  90.0  30.0  476
 8.900  482.5 -90  36  51   1.563  30.0  30.0  478
 8.900  485.0 -90  36  51   1.563 270.0  30.0  479
 8.925  407.5 -90  36  45  -1.563  30.0  30.0  414
 8.925  410.0 -90  36  48   1.563  90.0  30.0  415
 8.925  412.5 -90  36  51   1.563 210.0  30.0  416
 8.925  415.0 -90  36  54   1.563 210.0  30.0  419
 8.925  417.5 -90  36  48   1.563 330.0  30.0  419
 8.925  420.0 -90  36  45  -1.563  90.0  30.0  422
 8.925  445.0 -90  36  51   1.563  90.0  30.0  441
 8.925  447.5 -90  36  54   1.563   0.0   0.0  452
 8.925  450.0 -90  36  57   1.563   0.0   0.0  454
 8.925  452.5 -90  36  57   1.563 210.0  30.0  448
 8.925  455.0 -90  36  63  -1.563   0.0   0.0  461
 8.925  457.5 -90  36  72   1.563 270.0  30.0  453
 8.925  460.0 -90  36  63  -1.563 330.0  30.0  464
 8.925  462.5 -90  36  66   1.563 270.0  30.0  458
 8.925  465.0 -90  36  72   1.563 210.0  30.0  459
 8.925  467.5 -90  36  72  -1.563 210.0  30.0  466
 8.925  470.0 -90  36  66  -1.563 330.0  30.0  465
 8.925  472.5 -90  36  69   1.563 270.0  30.0  471
 8.925  475.0 -90  36  69   1.563 270.0  30.0  470
 8.925  477.5 -90  36  63   1.563 330.0  30.0  471
 8.925  480.0 -90  36  66   1.563 270.0  30.0  477
 8.925  482.5 -90  36  60  -1.563 330.0  30.0  478
 8.925  485.0 -90  36  48   1.563  90.0  30.0  486
 8.925  487.5 -90  36  60   1.563   0.0   0.0  483
 8.925  490.0 -90  36  54   1.563   0.0   0.0  483
 8.925  492.5 -90  36  48   1.563 210.0  30.0  487
 8.925  905.0 -90  36  45  -1.563  30.0  30.0  910
 8.950  412.5 -90  36  48  -1.563  90.0  30.0  419
 8.950  415.0 -90  36  54   1.563 210.0  30.0  419
 8.950  417.5 -90  36  51   1.563 330.0  30.0  420
 8.950  420.0 -90  36  51   1.563   0.0   0.0  422
 8.950  450.0 -90  36  45   1.563   0.0   0.0  454
 8.950  452.5 -90  36  51   1.563  90.0  30.0  457
 8.950  455.0 -90  36  48   1.563 210.0  30.0  441
 8.950  457.5 -90  36  57  -1.563   0.0   0.0  463
 8.950  460.0 -90  36  63  -1.563   0.0   0.0  465
 8.950  462.5 -90  36  66   1.563 270.0  30.0  466
 8.950  465.0 -90  36  69   1.563   0.0   0.0  469
 8.950  467.5 -90  36  72   1.563  90.0  30.0  472
 8.950  470.0 -90  36  75   1.563 330.0  30.0  474
 8.950  472.5 -90  36  72   1.563  90.0  30.0  468
 8.950  475.0 -90  36  72   1.563 270.0  30.0  471
 8.950  477.5 -90  36  69  -1.563 330.0  30.0  473
 8.950  480.0 -90  36  66   1.563 270.0  30.0  475
 8.950  482.5 -90  36  54  -4.688  90.0  30.0  480
 8.950  485.0 -90  36  63   1.563 210.0  30.0  485
 8.950  487.5 -90  36  66   1.563 270.0  30.0  484
 8.950  490.0 -90  36  54   1.563 270.0  30.0  495
 8.950  492.5 -90  36  60   1.563 210.0  30.0  489
 8.950  495.0 -90  36  54  -1.563 210.0  30.0  492
 8.950  497.5 -90  36  51  -1.563 330.0  30.0  495
 8.950  500.0 -90  36  54   1.563 210.0  30.0  497
 8.950  502.5 -90  36  48   1.563 330.0  30.0  496
 8.950  505.0 -90  36  48   1.563   0.0   0.0  502
 8.950  507.5 -90  36  48   1.563  30.0  30.0  503
 8.950  510.0 -90  36  45   1.563   0.0   0.0  505
 8.975  412.5 -90  36  45   1.563 270.0  30.0  418
 8.975  417.5 -90  36  45  -1.563 210.0  30.0  425
 8.975  420.0 -90  36  51   1.563   0.0   0.0  423
 8.975  422.5 -90  36  51   1.563 270.0  30.0  424
 8.975  427.5 -90  36  45   1.563  30.0  30.0  432
 8.975  457.5 -90  36  45   1.563 210.0  30.0  456
 8.975  460.0 -90  36  57   1.563 210.0  30.0  456
 8.975  462.5 -90  36  54  -1.563 270.0  30.0  459
 8.975  465.0 -90  36  54  -1.563 210.0  30.0  473
 8.975  467.5 -90  36  63   1.563 270.0  30.0  472
 8.975  470.0 -90  36  60   1.563 150.0  30.0  474
 8.975  472.5 -90  36  69   1.563 330.0  30.0  468
 8.975  475.0 -90  36  66   1.563 270.0  30.0  471
 8.975  477.5 -90  36  69  -1.563 270.0  30.0  473
 8.975  480.0 -90  36  57  -1.563 210.0  30.0  483
 8.975  482.5 -90  36  63   1.563  90.0  30.0  480
 8.975  485.0 -90  36  63   1.563  90.0  30.0  484
 8.975  487.5 -90  36  66   1.563 210.0  30.0  484
 8.975  490.0 -90  36  57   4.688 210.0  30.0  484
 8.975  492.5 -90  36  66   1.563   0.0   0.0  491
 8.975  495.0 -90  36  69   1.563  30.0  30.0  491
 8.975  497.5 -90  36  60  -1.563  90.0  30.0  496
 8.975  500.0 -90  36  66  -1.563 210.0  30.0  497
 8.975  502.5 -90  36  60  -1.563  90.0  30.0  498
 8.975  505.0 -90  36  57   1.563 330.0  30.0  501
 8.975  507.5 -90  36  57   1.563  30.0  30.0  505
 8.975  510.0 -90  36  54   1.563   0.0   0.0  504
 8.975  512.5 -90  36  54   1.563  90.0  30.0  508
 8.975  515.0 -90  36  45   1.563 330.0  30.0  509
 9.000  502.5  90  33  42   1.563   0.0   0.0  506
 9.000  422.5 -90  36  54   1.563   0.0   0.0  428
 9.000  425.0 -90  36  57   1.563 210.0  30.0  429
 9.000  427.5 -90  36  48   1.563  30.0  30.0  431
 9.000  430.0 -90  36  45   1.563  30.0  30.0  436
 9.000  432.5 -90  36  45   1.563   0.0   0.0  431
 9.000  450.0 -90  36  45   1.563 330.0  30.0  457
 9.000  457.5 -90  36  45   1.563  90.0  30.0  460
 9.000  462.5 -90  36  45  -1.563 330.0  30.0  465
 9.000  465.0 -90  36  45  -1.563  90.0  30.0  466
 9.000  467.5 -90  36  45   1.563 210.0  30.0  476
 9.000  470.0 -90  36  54   1.563 210.0  30.0  470
 9.000  472.5 -90  36  63   1.563 330.0  30.0  470
 9.000  475.0 -90  36  63  -1.563 270.0  30.0  478
 9.000  477.5 -90  36  60   1.563 210.0  30.0  472
 9.000  480.0 -90  36  57  -1.563 210.0  30.0  473
 9.000  482.5 -90  36  66   1.563 330.0  30.0  478
 9.000  485.0 -90  36  69   1.563 330.0  30.0  478
 9.000  487.5 -90  36  63   1.563  30.0  30.0  479
 9.000  490.0 -90  36  63  -1.563 270.0  30.0  495
 9.000  492.5 -90  36  66  -1.563 270.0  30.0  488
 9.000  495.0 -90  36  69   1.563 270.0  30.0  491
 9.000  497.5 -90  36  69   1.563 270.0  30.0  493
 9.000  500.0 -90  36  57   1.563 330.0  30.0  501
 9.000  502.5 -90  36  66   1.563 210.0  30.0  497
 9.000  505.0 -90  36  63   1.563 210.0  30.0  501
 9.000  507.5 -90  36  60   1.563 210.0  30.0  504
 9.000  510.0 -90  36  51   4.688  30.0  30.0  501
 9.000  512.5 -90  36  60   1.563 210.0  30.0  510
 9.000  515.0 -90  36  60   1.563 330.0  30.0  512
 9.000  517.5 -90  36  60   1.563 330.0  30.0  513
 9.000  520.0 -90  36  51  -1.563 210.0  30.0  520
 9.000  522.5 -90  36  54  -1.563 210.0  30.0  519
 9.000  525.0 -90  36  48  -1.563   0.0   0.0  523
 9.000  527.5 -90  36  51  -1.563 330.0  30.0  523
 9.000  530.0 -90  36  51   1.563   0.0   0.0  526
 9.000  532.5 -90  36  54   1.563 330.0  30.0  529
 9.000  535.0 -90  36  51   1.563  90.0  30.0  528
 9.000  537.5 -90  36  45   1.563  30.0  30.0  535
 9.000  540.0 -90  36  45   1.563 270.0  30.0  531
 9.025  417.5 -90  33  45  -1.563  30.0  30.0  423
 9.025  422.5 -90  33  42  -1.563  30.0  30.0  427
 9.025  425.0 -90  33  42   1.563 150.0  30.0  429
 9.025  427.5 -90  33  48   1.563  30.0  30.0  432
 9.025  430.0 -90  33  48   1.563 150.0  30.0  434
 9.025  432.5 -90  33  48   1.563   0.0   0.0  434
 9.025  435.0 -90  33  45   1.563  90.0  30.0  438
 9.025  437.5 -90  33  45   1.563   0.0   0.0  442
 9.025  447.5 -90  33  42   1.563   0.0   0.0  453
 9.025  450.0 -90  33  42   1.563  90.0  30.0  451
 9.025  452.5 -90  33  45   1.563 150.0  30.0  457
 9.025  470.0 -90  33  42  -1.563 270.0  30.0  477
 9.025  472.5 -90  33  48   1.563   0.0   0.0  478
 9.025  475.0 -90  33  57   1.563 270.0  30.0  472
 9.025  477.5 -90  33  60  -1.563 210.0  30.0  474
 9.025  480.0 -90  33  60  -1.563 330.0  30.0  485
 9.025  482.5 -90  33  66   1.563  90.0  30.0  487
 9.025  485.0 -90  33  66   1.563 270.0  30.0  488
 9.025  487.5 -90  33  60   1.563 210.0  30.0  480
 9.025  490.0 -90  33  63  -1.563  90.0  30.0  494
 9.025  492.5 -90  33  60  -1.563 210.0  30.0  498
 9.025  495.0 -90  33  69   1.563 270.0  30.0  492
 9.025  497.5 -90  33  72   1.563 210.0  30.0  493
 9.025  500.0 -90  33  69   1.563 330.0  30.0  494
 9.025  502.5 -90  33  69   1.563  90.0  30.0  504
 9.025  505.0 -90  33  66   1.563 270.0  30.0  502
 9.025  507.5 -90  33  63   1.563  90.0  30.0  507
 9.025  510.0 -90  33  66  -1.563 330.0  30.0  506
 9.025  512.5 -90  33  63   1.563 210.0  30.0  509
 9.025  515.0 -90  33  63   1.563 210.0  30.0  512
 9.025  517.5 -90  33  63   1.563 210.0  30.0  514
 9.025  520.0 -90  33  54  -1.563 210.0  30.0  524
 9.025  522.5 -90  33  60   1.563 330.0  30.0  520
 9.025  525.0 -90  33  57   1.563  90.0  30.0  522
 9.025  527.5 -90  33  60   1.563 330.0  30.0  524
 9.025  530.0 -90  33  54   4.688 270.0  30.0  526
 9.025  532.5 -90  33  60   1.563 330.0  30.0  530
 9.025  535.0 -90  33  57   1.563 330.0  30.0  530
 9.025  537.5 -90  33  57   1.563  90.0  30.0  535
 9.025  540.0 -90  33  57  -1.563 330.0  30.0  537
 9.025  542.5 -90  33  42  -4.688 210.0  30.0  540
 9.025  545.0 -90  33  45  -1.563  90.0  30.0  543
 9.025  550.0 -90  33  45   1.563 330.0  30.0  548
 9.025  552.5 -90  33  45   1.563 330.0  30.0  549
 9.025  555.0 -90  33  45   1.563  90.0  30.0  551
 9.025  557.5 -90  33  42   1.563 210.0  30.0  550
 9.050  427.5 -90  33  45  -1.563 150.0  30.0  433
 9.050  430.0 -90  33  48   1.563 330.0  30.0  436
 9.050  432.5 -90  33  45  -1.563 210.0  30.0  436
 9.050  435.0 -90  33  51   1.563  90.0  30.0  439
 9.050  437.5 -90  33  48   1.563   0.0   0.0  439
 9.050  440.0 -90  33  42   1.563   0.0   0.0  443
 9.050  455.0 -90  33  45   1.563  90.0  30.0  458
 9.050  462.5 -90  33  42   1.563 210.0  30.0  466
 9.050  465.0 -90  33  42  -1.563   0.0   0.0  468
 9.050  470.0 -90  33  42  -1.563 210.0  30.0  472
 9.050  472.5 -90  33  42  -1.563   0.0   0.0  480
 9.050  480.0 -90  33  42   1.563 210.0  30.0  479
 9.050  482.5 -90  33  54   1.563 330.0  30.0  478
 9.050  485.0 -90  33  48   1.563  30.0  30.0  488
 9.050  487.5 -90  33  57   1.563 270.0  30.0  483
 9.050  490.0 -90  33  57   1.563 150.0  30.0  494
 9.050  492.5 -90  33  57   1.563  90.0  30.0  484
 9.050  495.0 -90  33  54  -1.563   0.0   0.0  501
 9.050  497.5 -90  33  63   1.563 270.0  30.0  494
 9.050  500.0 -90  33  57   1.563 210.0  30.0  504
 9.050  502.5 -90  33  63   1.563 330.0  30.0  507
 9.050  505.0 -90  33  60  -1.563 210.0  30.0  507
 9.050  507.5 -90  33  66   1.563  30.0  30.0  503
 9.050  510.0 -90  33  57  -1.563 270.0  30.0  514
 9.050  512.5 -90  33  66   1.563 270.0  30.0  518
 9.050  515.0 -90  33  72   1.563 270.0  30.0  510
 9.050  517.5 -90  33  66   1.563 210.0  30.0  514
 9.050  520.0 -90  33  66   1.563  30.0  30.0  517
 9.050  522.5 -90  33  63   1.563 330.0  30.0  521
 9.050  525.0 -90  33  66   1.563   0.0   0.0  522
 9.050  527.5 -90  33  63   1.563  90.0  30.0  524
 9.050  530.0 -90  33  60   1.563  90.0  30.0  527
 9.050  532.5 -90  33  63   1.563 210.0  30.0  529
 9.050  535.0 -90  33  54   1.563   0.0   0.0  529
 9.050  537.5 -90  33  60   1.563  90.0  30.0  536
 9.050  540.0 -90  33  63   1.563  90.0  30.0  538
 9.050  542.5 -90  33  60   1.563 270.0  30.0  538
 9.050  545.0 -90  33  57   1.563  30.0  30.0  539
 9.050  547.5 -90  33  48   4.688  90.0  30.0  544
 9.050  550.0 -90  33  48   4.688   0.0   0.0  544
 9.050  552.5 -90  33  48  -1.563 330.0  30.0  551
 9.050  555.0 -90  33  51   1.563   0.0   0.0  551
 9.050  557.5 -90  33  51   1.563 270.0  30.0  554
 9.050  560.0 -90  33  51   1.563 270.0  30.0  556
 9.050  562.5 -90  33  51   1.563   0.0   0.0  557
 9.050  565.0 -90  33  48   1.563  30.0  30.0  559
 9.050  567.5 -90  33  42  -1.563   0.0   0.0  571
 9.050  570.0 -90  33  42   1.563 210.0  30.0  569
 9.050  575.0 -90  33  45   1.563 210.0  30.0  570
 9.050  577.5 -90  33  48   1.563 330.0  30.0  574
 9.050  580.0 -90  33  45   1.563 270.0  30.0  576
 9.050  582.5 -90  33  45   1.563 270.0  30.0  578
 9.050  585.0 -90  33  42   1.563   0.0   0.0  579
 9.050 1007.5 -90  33  42   1.563   0.0   0.0 1009
 9.075  435.0 -90  36  45   1.563  90.0  30.0  439
 9.075  437.5 -90  36  45   1.563 330.0  30.0  441
 9.075  442.5 -90  36  45  -1.563  90.0  30.0  449
 9.075  447.5 -90  36  45   1.563 270.0  30.0  453
 9.075  450.0 -90  36  48   1.563 210.0  30.0  453
 9.075  472.5 -90  36  45   1.563 210.0  30.0  479
 9.075  482.5 -90  36  45   1.563 210.0  30.0  479
 9.075  485.0 -90  36  48   1.563 210.0  30.0  480
 9.075  492.5 -90  36  45  -1.563 330.0  30.0  500
 9.075  495.0 -90  36  48   1.563  90.0  30.0  491
 9.075  497.5 -90  36  45  -1.563   0.0   0.0  508
 9.075  500.0 -90  36  48   1.563 330.0  30.0  504
 9.075  502.5 -90  36  48   1.563  90.0  30.0  501
 9.075  505.0 -90  36  63   1.563 330.0  30.0  502
 9.075  507.5 -90  36  57   1.563 330.0  30.0  501
 9.075  510.0 -90  36  54   1.563  90.0  30.0  506
 9.075  512.5 -90  36  60   1.563 210.0  30.0  507
 9.075  515.0 -90  36  60  -1.563  30.0  30.0  514
 9.075  517.5 -90  36  60  -1.563 210.0  30.0  515
 9.075  520.0 -90  36  63   1.563 330.0  30.0  515
 9.075  522.5 -90  36  60   1.563   0.0   0.0  518
 9.075  525.0 -90  36  63   1.563 210.0  30.0  526
 9.075  527.5 -90  36  69   1.563  30.0  30.0  524
 9.075  530.0 -90  36  54   1.563  90.0  30.0  535
 9.075  532.5 -90  36  60   1.563  90.0  30.0  529
 9.075  535.0 -90  36  54  -1.563  30.0  30.0  541
 9.075  537.5 -90  36  60   1.563  30.0  30.0  534
 9.075  540.0 -90  36  63  -1.563  90.0  30.0  535
 9.075  542.5 -90  36  60  -1.563  90.0  30.0  541
 9.075  545.0 -90  36  63  -1.563 210.0  30.0  541
 9.075  547.5 -90  36  54  -1.563 270.0  30.0  543
 9.075  550.0 -90  36  60   1.563 330.0  30.0  547
 9.075  552.5 -90  36  63   1.563  90.0  30.0  549
 9.075  555.0 -90  36  57  -1.563  90.0  30.0  550
 9.075  557.5 -90  36  54   1.563  30.0  30.0  559
 9.075  560.0 -90  36  57   1.563 210.0  30.0  558
 9.075  562.5 -90  36  54  -1.563 330.0  30.0  558
 9.075  565.0 -90  36  54   1.563 330.0  30.0  561
 9.075  567.5 -90  36  51   1.563 210.0  30.0  561
 9.075  570.0 -90  36  51   1.563 210.0  30.0  566
 9.075  572.5 -90  36  54   1.563 210.0  30.0  569
 9.075  575.0 -90  36  51   1.563 330.0  30.0  568
 9.075  577.5 -90  36  51   1.563 210.0  30.0  571
 9.075  580.0 -90  36  51   1.563 210.0  30.0  573
 9.075  582.5 -90  36  54   1.563 210.0  30.0  577
 9.075  585.0 -90  36  48  -1.563  90.0  30.0  578
 9.075  587.5 -90  36  51   1.563 270.0  30.0  584
 9.075  590.0 -90  36  54   1.563 330.0  30.0  586
 9.075  592.5 -90  36  48   1.563  30.0  30.0  589
 9.075  595.0 -90  36  51  -1.563 210.0  30.0  594
 9.075  597.5 -90  36  51  -1.563 330.0  30.0  597
 9.075  600.0 -90  36  45  -1.563 330.0  30.0  596
 9.075  605.0 -90  36  51   1.563  90.0  30.0  603
 9.075  607.5 -90  36  51   1.563 330.0  30.0  604
 9.075  610.0 -90  36  51   1.563 210.0  30.0  605
 9.075  615.0 -90  36  48   1.563   0.0   0.0  611
 9.100  432.5 -90  36  45  -1.563 150.0  30.0  438
 9.100  440.0 -90  36  45   1.563 330.0  30.0  445
 9.100  442.5 -90  36  51   1.563 210.0  30.0  446
 9.100  447.5 -90  36  54   1.563 210.0  30.0  452
 9.100  450.0 -90  36  54   1.563 270.0  30.0  453
 9.100  452.5 -90  36  45   1.563 150.0  30.0  456
 9.100  480.0 -90  36  45   1.563 330.0  30.0  484
 9.100  497.5 -90  36  48   1.563 330.0  30.0  490
 9.100  500.0 -90  36  54   1.563 330.0  30.0  497
 9.100  502.5 -90  36  54   1.563 330.0  30.0  498
 9.100  505.0 -90  36  54   1.563 210.0  30.0  511
 9.100  507.5 -90  36  54   1.563 330.0  30.0  511
 9.100  510.0 -90  36  51  -1.563 330.0  30.0  514
 9.100  512.5 -90  36  51   1.563  90.0  30.0  505
 9.100  515.0 -90  36  54   1.563 270.0  30.0  520
 9.100  517.5 -90  36  60   1.563 210.0  30.0  522
 9.100  520.0 -90  36  63   1.563  90.0  30.0  514
 9.100  522.5 -90  36  57   1.563 210.0  30.0  522
 9.100  525.0 -90  36  63   1.563 210.0  30.0  529
 9.100  527.5 -90  36  60   1.563   0.0   0.0  531
 9.100  530.0 -90  36  51  -1.563 330.0  30.0  534
 9.100  532.5 -90  36  54   1.563  90.0  30.0  534
 9.100  535.0 -90  36  63   1.563 270.0  30.0  532
 9.100  537.5 -90  36  66   1.563 270.0  30.0  533
 9.100  540.0 -90  36  51   1.563   0.0   0.0  542
 9.100  542.5 -90  36  66   1.563 210.0  30.0  540
 9.100  545.0 -90  36  66   1.563 270.0  30.0  549
 9.100  547.5 -90  36  63   1.563  90.0  30.0  542
 9.100  550.0 -90  36  54   1.563 150.0  30.0  554
 9.100  552.5 -90  36  63   1.563 270.0  30.0  550
 9.100  555.0 -90  36  69   1.563  90.0  30.0  552
 9.100  557.5 -90  36  66   1.563 210.0  30.0  552
 9.100  560.0 -90  36  63   1.563  90.0  30.0  557
 9.100  562.5 -90  36  63   1.563 330.0  30.0  556
 9.100  565.0 -90  36  60   1.563 210.0  30.0  564
 9.100  567.5 -90  36  63   1.563 210.0  30.0  566
 9.100  570.0 -90  36  63   1.563 210.0  30.0  565
 9.100  572.5 -90  36  57  -1.563 270.0  30.0  563
 9.100  575.0 -90  36  54   1.563  90.0  30.0  575
 9.100  577.5 -90  36  54   1.563 270.0  30.0  574
 9.100  580.0 -90  36  57   1.563 210.0  30.0  576
 9.100  582.5 -90  36  60   1.563  90.0  30.0  578
 9.100  585.0 -90  36  57   1.563 210.0  30.0  579
 9.100  587.5 -90  36  54   1.563 330.0  30.0  583
 9.100  590.0 -90  36  51  -1.563 210.0  30.0  592
 9.100  592.5 -90  36  54   1.563  90.0  30.0  590
 9.100  595.0 -90  36  57   1.563 330.0  30.0  591
 9.100  597.5 -90  36  51   1.563 330.0  30.0  592
 9.100  600.0 -90  36  54   1.563 330.0  30.0  597
 9.100  602.5 -90  36  54   1.563 270.0  30.0  601
 9.100  605.0 -90  36  54   1.563  30.0  30.0  601
 9.100  607.5 -90  36  57   1.563 270.0  30.0  604
 9.100  610.0 -90  36  57  -1.563 210.0  30.0  606
 9.100  612.5 -90  36  54   1.563 330.0  30.0  606
 9.100  617.5 -90  36  57   1.563 330.0  30.0  615
 9.100  620.0 -90  36  48  -1.563 210.0  30.0  616
 9.100  622.5 -90  36  48   1.563 270.0  30.0  617
 9.100  625.0 -90  36  54   1.563 210.0  30.0  623
 9.100  627.5 -90  36  54   1.563  90.0  30.0  624
 9.100  630.0 -90  36  48   1.563 210.0  30.0  626
 9.100  632.5 -90  36  45  -1.563  90.0  30.0  631
 9.100  635.0 -90  36  51   1.563  90.0  30.0  631
 9.100  637.5 -90  36  48   1.563 330.0  30.0  634
 9.100  640.0 -90  36  45   1.563  90.0  30.0  637
 9.100  642.5 -90  36  45   1.563 210.0  30.0  639
 9.100  650.0 -90  36  45  -1.563   0.0   0.0  646
 9.100  652.5 -90  36  48   1.563 270.0  30.0  650
 9.100  665.0 -90  36  45   1.563  30.0  30.0  663
 9.100  667.5 -90  36  45   1.563 270.0  30.0  664
 9.100  685.0 -90  36  45   1.563 210.0  30.0  680
 9.100  687.5 -90  36  45   1.563 330.0  30.0  681
 9.100  692.5 -90  36  45   1.563  30.0  30.0  691
 9.125  462.5  90  33  42   4.688  30.0  30.0  464
 9.125  442.5 -90  36  45  -1.563 150.0  30.0  448
 9.125  445.0 -90  36  48   1.563 150.0  30.0  448
 9.125  447.5 -90  36  54   1.563 210.0  30.0  450
 9.125  450.0 -90  36  51   1.563 210.0  30.0  453
 9.125  452.5 -90  36  45   1.563 330.0  30.0  455
 9.125  455.0 -90  36  48   1.563 150.0  30.0  460
 9.125  465.0 -90  36  45  -1.563 210.0  30.0  468
 9.125  487.5 -90  36  45  -1.563 330.0  30.0  493
 9.125  497.5 -90  36  45   1.563   0.0   0.0  502
 9.125  500.0 -90  36  45   1.563   0.0   0.0  503
 9.125  505.0 -90  36  45  -1.563   0.0   0.0  509
 9.125  510.0 -90  36  48  -1.563 330.0  30.0  506
 9.125  512.5 -90  36  51   1.563 330.0  30.0  509
 9.125  515.0 -90  36  51   1.563 270.0  30.0  521
 9.125  517.5 -90  36  51   1.563 210.0  30.0  515
 9.125  520.0 -90  36  54   1.563 210.0  30.0  516
 9.125  522.5 -90  36  51   1.563 210.0  30.0  516
 9.125  525.0 -90  36  54  -1.563   0.0   0.0  529
 9.125  527.5 -90  36  51  -1.563   0.0   0.0  533
 9.125  530.0 -90  36  51   1.563  90.0  30.0  524
 9.125  532.5 -90  36  51   1.563 210.0  30.0  526
 9.125  535.0 -90  36  54  -1.563   0.0   0.0  540
 9.125  537.5 -90  36  54   1.563 330.0  30.0  537
 9.125  540.0 -90  36  51   1.563 150.0  30.0  543
 9.125  542.5 -90  36  51   1.563 210.0  30.0  540
 9.125  545.0 -90  36  57   1.563   0.0   0.0  549
 9.125  547.5 -90  36  57   1.563   0.0   0.0  551
 9.125  550.0 -90  36  51   1.563   0.0   0.0  551
 9.125  552.5 -90  36  54   1.563   0.0   0.0  556
 9.125  555.0 -90  36  57  -1.563 330.0  30.0  560
 9.125  557.5 -90  36  60   1.563   0.0   0.0  562
 9.125  560.0 -90  36  57   1.563   0.0   0.0  565
 9.125  562.5 -90  36  66   1.563 270.0  30.0  559
 9.125  565.0 -90  36  60   1.563  90.0  30.0  561
 9.125  567.5 -90  36  57  -1.563   0.0   0.0  572
 9.125  570.0 -90  36  63   1.563 210.0  30.0  574
 9.125  572.5 -90  36  60   1.563  90.0  30.0  577
 9.125  575.0 -90  36  57   1.563   0.0   0.0  578
 9.125  577.5 -90  36  60   1.563  90.0  30.0  577
 9.125  580.0 -90  36  63   1.563  90.0  30.0  576
 9.125  582.5 -90  36  57   1.563  90.0  30.0  577
 9.125  585.0 -90  36  60   1.563  30.0  30.0  582
 9.125  587.5 -90  36  57   1.563  30.0  30.0  584
 9.125  590.0 -90  36  60   1.563 210.0  30.0  585
 9.125  592.5 -90  36  60   1.563 210.0  30.0  588
 9.125  595.0 -90  36  60   1.563 210.0  30.0  590
 9.125  597.5 -90  36  57   1.563  90.0  30.0  591
 9.125  600.0 -90  36  51  -1.563 270.0  30.0  599
 9.125  602.5 -90  36  51   1.563 270.0  30.0  602
 9.125  605.0 -90  36  57   1.563 330.0  30.0  602
 9.125  607.5 -90  36  57   1.563   0.0   0.0  604
 9.125  610.0 -90  36  57   1.563   0.0   0.0  607
 9.125  612.5 -90  36  54   1.563 210.0  30.0  605
 9.125  615.0 -90  36  57   1.563  30.0  30.0  612
 9.125  617.5 -90  36  57  -1.563 330.0  30.0  615
 9.125  620.0 -90  36  54  -1.563 330.0  30.0  618
 9.125  622.5 -90  36  57   1.563  30.0  30.0  621
 9.125  625.0 -90  36  57   1.563  90.0  30.0  621
 9.125  627.5 -90  36  51   1.563 330.0  30.0  623
 9.125  630.0 -90  36  57   1.563 210.0  30.0  627
 9.125  632.5 -90  36  54   1.563 330.0  30.0  627
 9.125  635.0 -90  36  54   1.563 330.0  30.0  634
 9.125  637.5 -90  36  51   4.688 210.0  30.0  633
 9.125  640.0 -90  36  57   1.563 210.0  30.0  638
 9.125  642.5 -90  36  54  -1.563 270.0  30.0  641
 9.125  645.0 -90  36  54   1.563 210.0  30.0  645
 9.125  647.5 -90  36  51  -1.563 330.0  30.0  645
 9.125  650.0 -90  36  48   1.563 210.0  30.0  655
 9.125  652.5 -90  36  48   1.563   0.0   0.0  656
 9.125  657.5 -90  36  45  -1.563 210.0  30.0  658
 9.125  660.0 -90  36  54  -1.563 210.0  30.0  657
 9.125  662.5 -90  36  48   1.563 330.0  30.0  656
 9.125  667.5 -90  36  45   1.563 330.0  30.0  659
 9.125  670.0 -90  36  45   1.563 330.0  30.0  666
 9.125  672.5 -90  36  48  -1.563 210.0  30.0  673
 9.125  677.5 -90  36  45  -1.563 330.0  30.0  677
 9.125  680.0 -90  36  48   1.563 210.0  30.0  680
 9.125  682.5 -90  36  48   1.563  90.0  30.0  680
 9.125  690.0 -90  36  48   1.563 210.0  30.0  686
 9.125  697.5 -90  36  48  -1.563  90.0  30.0  693
 9.125  700.0 -90  36  51  -1.563 210.0  30.0  696
 9.125  715.0 -90  36  45  -1.563 270.0  30.0  711
 9.125  717.5 -90  36  45  -1.563 210.0  30.0  712
 9.125  737.5 -90  36  45   1.563  30.0  30.0  739
 9.125  742.5 -90  36  45   1.563   0.0   0.0  740
 9.125  745.0 -90  36  48   1.563 330.0  30.0  740
 9.125  747.5 -90  36  45   1.563 210.0  30.0  744
 9.125 1280.0 -90  36  45  -1.563 330.0  30.0 1288
 9.150  452.5 -90  36  45   1.563 210.0  30.0  457
 9.150  455.0 -90  36  45  -1.563  90.0  30.0  459
 9.150  462.5 -90  36  48   1.563  30.0  30.0  466
 9.150  465.0 -90  36  45   1.563 330.0  30.0  469
 9.150  467.5 -90  36  45   1.563  90.0  30.0  471
 9.150  470.0 -90  36  45   1.563 210.0  30.0  474
 9.150  477.5 -90  36  45   1.563  90.0  30.0  481
 9.150  512.5 -90  36  45   1.563 330.0  30.0  518
 9.150  515.0 -90  36  45   1.563 330.0  30.0  511
 9.150  517.5 -90  36  45   1.563 330.0  30.0  520
 9.150  522.5 -90  36  45   1.563 150.0  30.0  527
 9.150  535.0 -90  36  48   1.563 270.0  30.0  537
 9.150  537.5 -90  36  45  -1.563 270.0  30.0  542
 9.150  540.0 -90  36  48   1.563 270.0  30.0  535
 9.150  542.5 -90  36  48   1.563   0.0   0.0  545
 9.150  545.0 -90  36  45   1.563 270.0  30.0  551
 9.150  547.5 -90  36  48   1.563 330.0  30.0  544
 9.150  550.0 -90  36  51   1.563 210.0  30.0  548
 9.150  552.5 -90  36  48   1.563  90.0  30.0  554
 9.150  555.0 -90  36  45  -1.563  30.0  30.0  560
 9.150  557.5 -90  36  48   1.563   0.0   0.0  567
 9.150  560.0 -90  36  51  -1.563   0.0   0.0  565
 9.150  562.5 -90  36  51  -1.563   0.0   0.0  565
 9.150  565.0 -90  36  51   1.563 330.0  30.0  561
 9.150  567.5 -90  36  57  -1.563   0.0   0.0  572
 9.150  570.0 -90  36  54   1.563  90.0  30.0  573
 9.150  572.5 -90  36  51  -1.563 330.0  30.0  564
 9.150  575.0 -90  36  51  -1.563   0.0   0.0  579
 9.150  577.5 -90  36  57   1.563   0.0   0.0  581
 9.150  580.0 -90  36  54   1.563 210.0  30.0  578
 9.150  582.5 -90  36  48   1.563  90.0  30.0  572
 9.150  585.0 -90  36  48   1.563 210.0  30.0  589
 9.150  587.5 -90  36  48   1.563   0.0   0.0  583
 9.150  590.0 -90  36  57   1.563   0.0   0.0  589
 9.150  592.5 -90  36  60   1.563  30.0  30.0  589
 9.150  595.0 -90  36  54   1.563 150.0  30.0  599
 9.150  597.5 -90  36  54   1.563 210.0  30.0  595
 9.150  600.0 -90  36  54   1.563 330.0  30.0  597
 9.150  602.5 -90  36  45  -1.563 270.0  30.0  607
 9.150  605.0 -90  36  57   1.563 210.0  30.0  601
 9.150  607.5 -90  36  51   1.563 330.0  30.0  603
 9.150  610.0 -90  36  51   1.563 150.0  30.0  614
 9.150  612.5 -90  36  54  -1.563 270.0  30.0  607
 9.150  615.0 -90  36  54   1.563  90.0  30.0  615
 9.150  617.5 -90  36  54  -1.563 330.0  30.0  621
 9.150  620.0 -90  36  54   1.563 210.0  30.0  620
 9.150  622.5 -90  36  60   1.563  30.0  30.0  618
 9.150  625.0 -90  36  57   1.563  90.0  30.0  618
 9.150  627.5 -90  36  51   1.563 330.0  30.0  636
 9.150  630.0 -90  36  57   1.563  90.0  30.0  629
 9.150  632.5 -90  36  54   1.563  30.0  30.0  629
 9.150  635.0 -90  36  60   1.563 210.0  30.0  631
 9.150  637.5 -90  36  54   1.563 210.0  30.0  631
 9.150  640.0 -90  36  51   1.563 210.0  30.0  636
 9.150  642.5 -90  36  54   1.563 210.0  30.0  639
 9.150  645.0 -90  36  48  -1.563 330.0  30.0  649
 9.150  647.5 -90  36  60   1.563 270.0  30.0  644
 9.150  650.0 -90  36  57   1.563 270.0  30.0  645
 9.150  652.5 -90  36  54   1.563   0.0   0.0  646
 9.150  655.0 -90  36  54   1.563 330.0  30.0  648
 9.150  657.5 -90  36  48   1.563  30.0  30.0  660
 9.150  660.0 -90  36  51  -1.563 210.0  30.0  657
 9.150  662.5 -90  36  51  -1.563  30.0  30.0  660
 9.150  665.0 -90  36  51   1.563   0.0   0.0  660
 9.150  670.0 -90  36  48  -1.563   0.0   0.0  675
 9.150  672.5 -90  36  48   1.563   0.0   0.0  677
 9.150  675.0 -90  36  48   1.563   0.0   0.0  678
 9.150  677.5 -90  36  57   1.563 330.0  30.0  676
 9.150  680.0 -90  36  54   1.563  90.0  30.0  676
 9.150  682.5 -90  36  54   1.563 210.0  30.0  677
 9.150  687.5 -90  36  45   1.563  90.0  30.0  691
 9.150  690.0 -90  36  45   1.563 150.0  30.0  694
 9.150  695.0 -90  36  51   1.563 210.0  30.0  690
 9.150  697.5 -90  36  45   1.563  90.0  30.0  693
 9.150  700.0 -90  36  48   1.563 330.0  30.0  695
 9.150  702.5 -90  36  51   1.563  90.0  30.0  698
 9.150  705.0 -90  36  51   1.563 210.0  30.0  698
 9.150  707.5 -90  36  54   1.563 330.0  30.0  704
 9.150  710.0 -90  36  51   1.563  30.0  30.0  705
 9.150  715.0 -90  36  51  -1.563 270.0  30.0  721
 9.150  717.5 -90  36  51  -1.563  90.0  30.0  714
 9.150  720.0 -90  36  48  -1.563  90.0  30.0  719
 9.150  722.5 -90  36  45  -1.563  30.0  30.0  719
 9.150  725.0 -90  36  54  -1.563  30.0  30.0  721
 9.150  727.5 -90  36  51  -1.563 270.0  30.0  722
 9.150  730.0 -90  36  48  -1.563  30.0  30.0  726
 9.150  735.0 -90  36  45  -1.563 210.0  30.0  730
 9.150  737.5 -90  36  48   1.563   0.0   0.0  736
 9.150  740.0 -90  36  45  -1.563 330.0  30.0  735
 9.150  742.5 -90  36  48   1.563  30.0  30.0  740
 9.150  745.0 -90  36  54   1.563  90.0  30.0  741
 9.150  750.0 -90  36  45   1.563  30.0  30.0  745
 9.150  757.5 -90  36  48   1.563 210.0  30.0  752
 9.150  760.0 -90  36  45   1.563  30.0  30.0  755
 9.150  772.5 -90  36  45   1.563 210.0  30.0  769
 9.150  775.0 -90  36  45   1.563 330.0  30.0  769
 9.150  787.5 -90  36  45  -1.563  30.0  30.0  786
 9.150  815.0 -90  36  45  -1.563 270.0  30.0  810
 9.150 1237.5 -90  36  45  -1.563  90.0  30.0 1233
 9.150 1260.0 -90  36  45   4.688  30.0  30.0 1268
 9.150 1277.5 -90  36  45   4.688 330.0  30.0 1276
 9.175  455.0 -90  36  45   1.563 150.0  30.0  460
 9.175  457.5 -90  36  45  -1.563  30.0  30.0  464
 9.175  460.0 -90  36  48   1.563 150.0  30.0  465
 9.175  462.5 -90  36  51   1.563  90.0  30.0  467
 9.175  465.0 -90  36  51   1.563 210.0  30.0  468
 9.175  467.5 -90  36  51   1.563  90.0  30.0  472
 9.175  470.0 -90  36  45   1.563 210.0  30.0  472
 9.175  472.5 -90  36  45   1.563   0.0   0.0  479
 9.175  475.0 -90  36  51   1.563  90.0  30.0  479
 9.175  477.5 -90  36  48   1.563 210.0  30.0  482
 9.175  480.0 -90  36  45   1.563  90.0  30.0  483
 9.175  505.0 -90  36  45   1.563   0.0   0.0  507
 9.175  515.0 -90  36  45   1.563 330.0  30.0  519
 9.175  522.5 -90  36  45   1.563 150.0  30.0  525
 9.175  535.0 -90  36  45   1.563 330.0  30.0  539
 9.175  540.0 -90  36  45   1.563  90.0  30.0  537
 9.175  542.5 -90  36  48   1.563  90.0  30.0  546
 9.175  545.0 -90  36  48   1.563  90.0  30.0  540
 9.175  547.5 -90  36  45   1.563 330.0  30.0  546
 9.175  557.5 -90  36  48   1.563 270.0  30.0  554
 9.175  562.5 -90  36  45   1.563 210.0  30.0  557
 9.175  565.0 -90  36  48   1.563 330.0  30.0  558
 9.175  567.5 -90  36  48   1.563 330.0  30.0  571
 9.175  572.5 -90  36  51   1.563  90.0  30.0  568
 9.175  575.0 -90  36  45   1.563 330.0  30.0  569
 9.175  577.5 -90  36  54   1.563 210.0  30.0  575
 9.175  580.0 -90  36  51   1.563  90.0  30.0  577
 9.175  582.5 -90  36  45   1.563  30.0  30.0  586
 9.175  585.0 -90  36  51   1.563 270.0  30.0  590
 9.175  587.5 -90  36  48   1.563  30.0  30.0  591
 9.175  590.0 -90  36  51  -1.563 270.0  30.0  595
 9.175  592.5 -90  36  45   1.563  90.0  30.0  595
 9.175  600.0 -90  36  48   1.563 330.0  30.0  595
 9.175  602.5 -90  36  54   1.563 210.0  30.0  596
 9.175  605.0 -90  36  45   1.563  90.0  30.0  607
 9.175  607.5 -90  36  57   1.563 210.0  30.0  604
 9.175  610.0 -90  36  54   1.563 270.0  30.0  605
 9.175  612.5 -90  36  54   1.563  30.0  30.0  608
 9.175  615.0 -90  36  51  -1.563 210.0  30.0  619
 9.175  617.5 -90  36  51   1.563   0.0   0.0  622
 9.175  620.0 -90  36  54   1.563  90.0  30.0  619
 9.175  622.5 -90  36  48   1.563   0.0   0.0  624
 9.175  625.0 -90  36  57   1.563 210.0  30.0  623
 9.175  627.5 -90  36  57   1.563  90.0  30.0  624
 9.175  630.0 -90  36  51   1.563 270.0  30.0  625
 9.175  632.5 -90  36  51   1.563  90.0  30.0  631
 9.175  635.0 -90  36  54   1.563 330.0  30.0  628
 9.175  637.5 -90  36  48  -1.563 210.0  30.0  635
 9.175  640.0 -90  36  51   1.563 210.0  30.0  636
 9.175  642.5 -90  36  54   1.563  30.0  30.0  639
 9.175  645.0 -90  36  54   1.563 270.0  30.0  639
 9.175  647.5 -90  36  57   1.563 270.0  30.0  651
 9.175  650.0 -90  36  45   1.563 330.0  30.0  653
 9.175  652.5 -90  36  51   1.563  30.0  30.0  649
 9.175  655.0 -90  36  54   1.563 330.0  30.0  654
 9.175  657.5 -90  36  54   1.563  30.0  30.0  662
 9.175  660.0 -90  36  51   1.563 330.0  30.0  664
 9.175  662.5 -90  36  54   1.563 330.0  30.0  659
 9.175  665.0 -90  36  54   1.563  90.0  30.0  661
 9.175  667.5 -90  36  54   1.563  30.0  30.0  663
 9.175  670.0 -90  36  45  -1.563   0.0   0.0  670
 9.175  677.5 -90  36  51   1.563  90.0  30.0  670
 9.175  680.0 -90  36  54   1.563 330.0  30.0  680
 9.175  682.5 -90  36  57   1.563  30.0  30.0  680
 9.175  685.0 -90  36  54   1.563  30.0  30.0  682
 9.175  687.5 -90  36  51   1.563 330.0  30.0  690
 9.175  690.0 -90  36  51   1.563  90.0  30.0  682
 9.175  692.5 -90  36  48   1.563 330.0  30.0  686
 9.175  695.0 -90  36  45   1.563 210.0  30.0  692
 9.175  697.5 -90  36  48   1.563 270.0  30.0  693
 9.175  700.0 -90  36  51   1.563 210.0  30.0  695
 9.175  702.5 -90  36  45   1.563 330.0  30.0  695
 9.175  705.0 -90  36  45   1.563 210.0  30.0  705
 9.175  707.5 -90  36  48  -1.563  30.0  30.0  704
 9.175  710.0 -90  36  48   1.563   0.0   0.0  715
 9.175  712.5 -90  36  48   1.563   0.0   0.0  716
 9.175  715.0 -90  36  51   1.563 210.0  30.0  714
 9.175  717.5 -90  36  51  -1.563   0.0   0.0  716
 9.175  720.0 -90  36  45   1.563 210.0  30.0  716
 9.175  722.5 -90  36  54   1.563  30.0  30.0  718
 9.175  725.0 -90  36  45  -1.563 330.0  30.0  719
 9.175  727.5 -90  36  48   1.563 270.0  30.0  724
 9.175  730.0 -90  36  45   1.563   0.0   0.0  738
 9.175  732.5 -90  36  45   1.563 270.0  30.0  730
 9.175  735.0 -90  36  45   1.563 330.0  30.0  732
 9.175  742.5 -90  36  51   1.563   0.0   0.0  746
 9.175  745.0 -90  36  48   1.563  90.0  30.0  742
 9.175  747.5 -90  36  48   1.563 210.0  30.0  747
 9.175  755.0 -90  36  45   1.563 210.0  30.0  752
 9.175  757.5 -90  36  45   1.563  90.0  30.0  754
 9.175  760.0 -90  36  45   1.563 330.0  30.0  765
 9.175  762.5 -90  36  45  -1.563  30.0  30.0  761
 9.175  765.0 -90  36  45   1.563 210.0  30.0  765
 9.175  767.5 -90  36  45  -1.563 330.0  30.0  768
 9.175  770.0 -90  36  45   1.563 270.0  30.0  768
 9.175  772.5 -90  36  51   1.563  30.0  30.0  769
 9.175  777.5 -90  36  48  -1.563 270.0  30.0  776
 9.175  785.0 -90  36  48  -1.563  30.0  30.0  781
 9.175  787.5 -90  36  45  -1.563 330.0  30.0  783
 9.175  792.5 -90  36  48   1.563 270.0  30.0  796
 9.175  800.0 -90  36  45   1.563   0.0   0.0  804
 9.175  815.0 -90  36  48   1.563 330.0  30.0  812
 9.175  817.5 -90  36  48  -1.563  30.0  30.0  814
 9.175  820.0 -90  36  48   1.563  30.0  30.0  817
 9.175  822.5 -90  36  45   1.563   0.0   0.0  828
 9.175  825.0 -90  36  45   1.563 210.0  30.0  827
 9.175  830.0 -90  36  45   1.563 330.0  30.0  827
 9.175  832.5 -90  36  45  -1.563 270.0  30.0  831
 9.175  835.0 -90  36  48  -1.563 270.0  30.0  829
 9.175  840.0 -90  36  48   1.563  90.0  30.0  836
 9.175  842.5 -90  36  45   1.563  90.0  30.0  836
 9.175  857.5 -90  36  45   1.563 210.0  30.0  853
 9.175 1282.5 -90  36  45   4.688   0.0   0.0 1269
 9.200  462.5 -90  33  42   1.563 210.0  30.0  469
 9.200  465.0 -90  33  42   1.563   0.0   0.0  469
 9.200  467.5 -90  33  42   1.563   0.0   0.0  470
 9.200  470.0 -90  33  45  -1.563 210.0  30.0  476
 9.200  475.0 -90  33  45   1.563 210.0  30.0  479
 9.200  477.5 -90  33  42   1.563   0.0   0.0  478
 9.200  480.0 -90  33  45   1.563 270.0  30.0  484
 9.200  482.5 -90  33  45   1.563 210.0  30.0  488
 9.200  485.0 -90  33  48   1.563   0.0   0.0  488
 9.200  492.5 -90  33  45   1.563   0.0   0.0  495
 9.200  495.0 -90  33  42   1.563  30.0  30.0  499
 9.200  497.5 -90  33  45   1.563   0.0   0.0  500
 9.200  500.0 -90  33  42   1.563  90.0  30.0  503
 9.200  502.5 -90  33  42   1.563 150.0  30.0  505
 9.200  505.0 -90  33  42   1.563   0.0   0.0  510
 9.200  507.5 -90  33  42  -1.563  90.0  30.0  511
 9.200  510.0 -90  33  45  -1.563  90.0  30.0  514
 9.200  512.5 -90  33  42  -1.563  30.0  30.0  518
 9.200  515.0 -90  33  45   1.563  90.0  30.0  518
 9.200  535.0 -90  33  42   1.563 210.0  30.0  538
 9.200  537.5 -90  33  42  -1.563 210.0  30.0  543
 9.200  540.0 -90  33  42   1.563 150.0  30.0  541
 9.200  547.5 -90  33  42  -1.563   0.0   0.0  550
 9.200  557.5 -90  33  42   1.563 210.0  30.0  561
 9.200  565.0 -90  33  42   1.563  90.0  30.0  559
 9.200  567.5 -90  33  45   1.563 210.0  30.0  562
 9.200  570.0 -90  33  45   1.563 210.0  30.0  566
 9.200  572.5 -90  33  42   1.563 330.0  30.0  568
 9.200  575.0 -90  33  42   1.563  30.0  30.0  576
 9.200  577.5 -90  33  45   1.563 210.0  30.0  580
 9.200  580.0 -90  33  45   1.563   0.0   0.0  581
 9.200  582.5 -90  33  42   1.563   0.0   0.0  582
 9.200  585.0 -90  33  48   1.563 330.0  30.0  590
 9.200  587.5 -90  33  42   1.563 270.0  30.0  591
 9.200  590.0 -90  33  42   1.563 270.0  30.0  583
 9.200  600.0 -90  33  45   1.563   0.0   0.0  597
 9.200  602.5 -90  33  48   1.563 210.0  30.0  599
 9.200  605.0 -90  33  42   1.563  90.0  30.0  598
 9.200  612.5 -90  33  45   1.563 210.0  30.0  617
 9.200  615.0 -90  33  48   1.563 210.0  30.0  610
 9.200  617.5 -90  33  48   1.563 330.0  30.0  614
 9.200  622.5 -90  33  42   1.563 210.0  30.0  626
 9.200  625.0 -90  33  45  -1.563 270.0  30.0  621
 9.200  627.5 -90  33  51   1.563  90.0  30.0  623
 9.200  630.0 -90  33  48   1.563 330.0  30.0  625
 9.200  632.5 -90  33  42  -1.563   0.0   0.0  636
 9.200  637.5 -90  33  45   1.563 210.0  30.0  630
 9.200  640.0 -90  33  48   1.563 330.0  30.0  638
 9.200  642.5 -90  33  45   1.563 330.0  30.0  640
 9.200  645.0 -90  33  42  -1.563   0.0   0.0  650
 9.200  647.5 -90  33  45   1.563 210.0  30.0  650
 9.200  650.0 -90  33  42  -1.563 330.0  30.0  658
 9.200  655.0 -90  33  45   1.563   0.0   0.0  660
 9.200  660.0 -90  33  48   1.563 210.0  30.0  667
 9.200  662.5 -90  33  42   1.563  30.0  30.0  666
 9.200  665.0 -90  33  42  -1.563 270.0  30.0  672
 9.200  667.5 -90  33  45   1.563   0.0   0.0  671
 9.200  670.0 -90  33  42   1.563   0.0   0.0  673
 9.200  675.0 -90  33  48   1.563 210.0  30.0  671
 9.200  677.5 -90  33  48   1.563   0.0   0.0  681
 9.200  680.0 -90  33  45   1.563  30.0  30.0  685
 9.200  682.5 -90  33  42   1.563 270.0  30.0  677
 9.200  687.5 -90  33  45  -1.563  30.0  30.0  685
 9.200  690.0 -90  33  45   1.563 270.0  30.0  693
 9.200  692.5 -90  33  42  -1.563 330.0  30.0  697
 9.200  695.0 -90  33  45  -1.563   0.0   0.0  700
 9.200  697.5 -90  33  45   1.563   0.0   0.0  701
 9.200  700.0 -90  33  42   1.563 330.0  30.0  698
 9.200  702.5 -90  33  42   1.563  90.0  30.0  707
 9.200  705.0 -90  33  45   1.563  30.0  30.0  709
 9.200  707.5 -90  33  45   1.563   0.0   0.0  711
 9.200  715.0 -90  33  45   1.563   0.0   0.0  718
 9.200  717.5 -90  33  42   1.563  90.0  30.0  722
 9.200  720.0 -90  33  42   1.563   0.0   0.0  717
 9.200  722.5 -90  33  42   1.563  30.0  30.0  716
 9.200  725.0 -90  33  45  -1.563   0.0   0.0  730
 9.200  727.5 -90  33  42   1.563 210.0  30.0  731
 9.200  732.5 -90  33  45   1.563  90.0  30.0  727
 9.200  735.0 -90  33  51   1.563  90.0  30.0  730
 9.200  737.5 -90  33  45   1.563 330.0  30.0  733
 9.200  740.0 -90  33  42  -1.563   0.0   0.0  743
 9.200  745.0 -90  33  42   1.563 210.0  30.0  751
 9.200  747.5 -90  33  45   1.563 210.0  30.0  750
 9.200  752.5 -90  33  42   1.563 330.0  30.0  762
 9.200  755.0 -90  33  42   1.563 330.0  30.0  756
 9.200  757.5 -90  33  45   1.563  30.0  30.0  754
 9.200  760.0 -90  33  42   1.563 210.0  30.0  760
 9.200  762.5 -90  33  45   1.563 210.0  30.0  756
 9.200  765.0 -90  33  48   1.563 330.0  30.0  769
 9.200  767.5 -90  33  48   1.563 210.0  30.0  772
 9.200  770.0 -90  33  48   1.563  90.0  30.0  772
 9.200  772.5 -90  33  45  -1.563 330.0  30.0  773
 9.200  775.0 -90  33  45  -1.563   0.0   0.0  779
 9.200  782.5 -90  33  45   1.563   0.0   0.0  787
 9.200  785.0 -90  33  45   1.563 270.0  30.0  780
 9.200  787.5 -90  33  48   1.563  90.0  30.0  783
 9.200  795.0 -90  33  42   1.563  30.0  30.0  792
 9.200  805.0 -90  33  42   1.563 330.0  30.0  795
 9.200  812.5 -90  33  42   1.563 270.0  30.0  808
 9.200  815.0 -90  33  42   1.563 270.0  30.0  810
 9.200  817.5 -90  33  42   1.563 330.0  30.0  820
 9.200  835.0 -90  33  42  -1.563 330.0  30.0  840
 9.200  850.0 -90  33  42   1.563  30.0  30.0  854
 9.200  865.0 -90  33  42   1.563  30.0  30.0  857
 9.225  482.5 -90  33  42   1.563 210.0  30.0  485
 9.225  485.0 -90  33  45  -1.563 210.0  30.0  490
 9.225  487.5 -90  33  42  -1.563 210.0  30.0  491
 9.225  495.0 -90  33  45   1.563 210.0  30.0  500
 9.225  497.5 -90  33  42   1.563 210.0  30.0  500
 9.225  507.5 -90  33  45   1.563   0.0   0.0  513
 9.225  510.0 -90  33  42   1.563 210.0  30.0  512
 9.225  512.5 -90  33  45   1.563  90.0  30.0  516
 9.225  522.5 -90  33  42  -1.563 150.0  30.0  524
 9.225  530.0 -90  33  42   1.563  90.0  30.0  535
 9.225  535.0 -90  33  45   1.563 150.0  30.0  538
 9.225  537.5 -90  33  48   1.563  90.0  30.0  540
 9.225  540.0 -90  33  48   1.563 210.0  30.0  544
 9.225  555.0 -90  33  42   1.563 270.0  30.0  561
 9.225  557.5 -90  33  45  -1.563   0.0   0.0  562
 9.225  575.0 -90  33  45   1.563   0.0   0.0  581
 9.225  580.0 -90  33  42   1.563   0.0   0.0  583
 9.225  585.0 -90  33  42  -1.563   0.0   0.0  591
 9.225  610.0 -90  33  42  -1.563 150.0  30.0  614
 9.225  615.0 -90  33  42   1.563 330.0  30.0  620
 9.225  632.5 -90  33  42   1.563 330.0  30.0  633
 9.225  635.0 -90  33  45   1.563  90.0  30.0  631
 9.225  637.5 -90  33  42   1.563  90.0  30.0  635
 9.225  647.5 -90  33  42  -1.563  90.0  30.0  651
 9.225  655.0 -90  33  42   1.563 210.0  30.0  659
 9.225  662.5 -90  33  45  -1.563 210.0  30.0  667
 9.225  665.0 -90  33  42  -1.563 210.0  30.0  669
 9.225  672.5 -90  33  42   1.563  90.0  30.0  673
 9.225  687.5 -90  33  42   1.563 330.0  30.0  694
 9.225  692.5 -90  33  42   1.563  90.0  30.0  690
 9.225  695.0 -90  33  42   1.563 210.0  30.0  694
 9.225  705.0 -90  33  42   1.563 330.0  30.0  710
 9.225  715.0 -90  33  42   1.563   0.0   0.0  720
 9.225  730.0 -90  33  42   1.563 210.0  30.0  728
 9.225  732.5 -90  33  45  -1.563  90.0  30.0  736
 9.225  770.0 -90  33  42   1.563  30.0  30.0  775
 9.225  830.0 -90  33  42   1.563  90.0  30.0  833
 9.250  477.5 -90  33  42  -1.563 270.0  30.0  483
 9.250  485.0 -90  33  45   1.563   0.0   0.0  488
 9.250  495.0 -90  33  42  -1.563  90.0  30.0  501
 9.250  500.0 -90  33  45   1.563 150.0  30.0  504
 9.250  502.5 -90  33  42   1.563 150.0  30.0  505
 9.250  507.5 -90  33  45   1.563   0.0   0.0  513
 9.250  510.0 -90  33  48   1.563   0.0   0.0  513
 9.250  512.5 -90  33  45   1.563   0.0   0.0  515
 9.250  515.0 -90  33  45   1.563 150.0  30.0  520
 9.250  517.5 -90  33  42  -1.563  30.0  30.0  524
 9.250  520.0 -90  33  42   1.563 150.0  30.0  526
 9.250  532.5 -90  33  42   1.563  30.0  30.0  536
 9.250  535.0 -90  33  42   1.563 150.0  30.0  536
 9.250  555.0 -90  33  42   1.563   0.0   0.0  559
 9.250  567.5 -90  33  42  -1.563  90.0  30.0  571
 9.250  577.5 -90  33  42   1.563  90.0  30.0  581
 9.250  580.0 -90  33  42   1.563  90.0  30.0  582
 9.250  590.0 -90  33  42   1.563  90.0  30.0  596
 9.250  592.5 -90  33  42   1.563 210.0  30.0  597
 9.250  607.5 -90  33  42   1.563  90.0  30.0  613
 9.250  622.5 -90  33  42   1.563 150.0  30.0  625
 9.250  630.0 -90  33  42   1.563   0.0   0.0  635
 9.275  500.0 -90  33  42  -1.563 150.0  30.0  503
 9.275  505.0 -90  33  42   1.563 210.0  30.0  508
 9.275  520.0 -90  33  42   1.563   0.0   0.0  522
 9.275  532.5 -90  33  42   1.563   0.0   0.0  536
 9.275  535.0 -90  33  42   1.563  30.0  30.0  536
 9.275  540.0 -90  33  42   1.563   0.0   0.0  545
 9.275  545.0 -90  33  42   1.563 210.0  30.0  548
 9.275  572.5 -90  33  42  -1.563   0.0   0.0  576
 9.275  587.5 -90  33  42  -1.563 210.0  30.0  592
 9.275  590.0 -90  33  42   1.563   0.0   0.0  594
 9.275  592.5 -90  33  42  -1.563 210.0  30.0  596
 9.275  610.0 -90  33  42   1.563 150.0  30.0  614
 9.275  687.5 -90  33  42   1.563  90.0  30.0  692
 9.300  520.0 -90  33  42   1.563 210.0  30.0  523
 9.300  547.5 -90  33  42   1.563 210.0  30.0  551
 9.300  562.5 -90  33  45   1.563   0.0   0.0  566
 9.325  550.0 -90  33  42   1.563  30.0  30.0  552
10.425   80.0 -90  30  39   4.688 330.0  30.0   80
10.425   82.5 -90  30  39  -4.688  90.0  30.0   83
10.425   85.0 -90  30  42   4.688 150.0  30.0   90
10.425   90.0 -90  30  42   1.563 330.0  30.0   79
10.425   92.5 -90  30  39   1.563 150.0  30.0   97
10.425   95.0 -90  30  39  -4.688 210.0  30.0   81
10.425   97.5 -90  30  39  -1.563 330.0  30.0  112
10.425  100.0 -90  30  39  -4.688 150.0  30.0  114
10.425  215.0 -90  30  39  -1.563 270.0  30.0  203
10.425  217.5 -90  30  39   4.688 270.0  30.0  228
10.425  222.5 -90  30  39   1.563 270.0  30.0  227
10.425  225.0 -90  30  42   4.688 270.0  30.0  237
10.425  227.5 -90  30  39   4.688  30.0  30.0  213
10.425  230.0 -90  30  45   4.688 210.0  30.0  243
10.425  232.5 -90  30  45   4.688  30.0  30.0  219
10.425  235.0 -90  30  45   4.688  90.0  30.0  244
10.425  237.5 -90  30  45   4.688  90.0  30.0  225
10.425  240.0 -90  30  48   4.688 150.0  30.0  231
10.425  242.5 -90  30  48   4.688 210.0  30.0  247
10.425  245.0 -90  30  45   4.688 270.0  30.0  247
10.425  247.5 -90  30  48   4.688 330.0  30.0  243
10.425  250.0 -90  30  48   4.688 270.0  30.0  263
10.425  252.5 -90  30  51   4.688 330.0  30.0  241
10.425  255.0 -90  30  51   4.688 210.0  30.0  256
10.425  257.5 -90  30  48   1.563 330.0  30.0  245
10.425  260.0 -90  30  45   4.688 330.0  30.0  248
10.425  262.5 -90  30  48   1.563 330.0  30.0  265
10.425  265.0 -90  30  45   1.563  30.0  30.0  253
10.425  267.5 -90  30  48   1.563 270.0  30.0  265
10.425  270.0 -90  30  48   1.563 330.0  30.0  258
10.425  272.5 -90  30  48   1.563 270.0  30.0  267
10.425  275.0 -90  30  39   1.563  30.0  30.0  267
10.425  277.5 -90  30  45   1.563 210.0  30.0  290
10.425  280.0 -90  30  45   1.563  90.0  30.0  286
10.425  282.5 -90  30  45   4.688  90.0  30.0  273
10.425  285.0 -90  30  48   4.688 210.0  30.0  270
10.425  287.5 -90  30  48   4.688 210.0  30.0  278
10.425  290.0 -90  30  45   4.688  90.0  30.0  296
10.425  292.5 -90  30  45   4.688 270.0  30.0  284
10.425  295.0 -90  30  45   4.688  90.0  30.0  290
10.425  297.5 -90  30  45   4.688 270.0  30.0  285
10.425  300.0 -90  30  48   4.688 210.0  30.0  303
10.425  302.5 -90  30  45   4.688  90.0  30.0  288
10.425  305.0 -90  30  45   4.688  90.0  30.0  296
10.425  307.5 -90  30  42   4.688 210.0  30.0  296
10.425  310.0 -90  30  45  -4.688 330.0  30.0  319
10.425  312.5 -90  30  45  -4.688 330.0  30.0  321
10.425  315.0 -90  30  45  -4.688 210.0  30.0  305
10.425  317.5 -90  30  42  -4.688 330.0  30.0  319
10.425  320.0 -90  30  42  -4.688 210.0  30.0  334
10.425  322.5 -90  30  45   4.688 270.0  30.0  327
10.425  325.0 -90  30  45   4.688 270.0  30.0  322
10.425  327.5 -90  30  42   4.688 210.0  30.0  321
10.425  330.0 -90  30  42  -4.688 270.0  30.0  340
10.425  332.5 -90  30  39   4.688  90.0  30.0  335
10.425  335.0 -90  30  39   4.688  30.0  30.0  350
10.425  337.5 -90  30  39   1.563 210.0  30.0  328
10.425  340.0 -90  30  39  -4.688 270.0  30.0  351
10.425 1205.0 -90  30  39  -4.688 210.0  30.0 1210
10.425 1207.5 -90  30  39  -4.688 270.0  30.0 1197
10.425 1212.5 -90  30  39   4.688 330.0  30.0 1225
10.425 1215.0 -90  30  39   4.688 210.0  30.0 1204
10.425 1217.5 -90  30  39   1.563  30.0  30.0 1221
10.425 1220.0 -90  30  39  -4.688 270.0  30.0 1206
10.425 1222.5 -90  30  42   1.563 270.0  30.0 1233
10.425 1225.0 -90  30  42   4.688 210.0  30.0 1213
10.425 1227.5 -90  30  45  -1.563 270.0  30.0 1228
10.425 1230.0 -90  30  45   1.563  90.0  30.0 1234
10.425 1232.5 -90  30  45  -1.563 330.0  30.0 1225
10.425 1235.0 -90  30  45   4.688  90.0  30.0 1246
10.425 1237.5 -90  30  45  -1.563  90.0  30.0 1235
10.425 1240.0 -90  30  45  -4.688 330.0  30.0 1255
10.425 1242.5 -90  30  45  -1.563  30.0  30.0 1242
10.425 1245.0 -90  30  42   1.563 210.0  30.0 1248
10.425 1247.5 -90  30  45  -4.688 270.0  30.0 1242
10.425 1250.0 -90  30  42   4.688  90.0  30.0 1241
10.425 1252.5 -90  30  45  -1.563 150.0  30.0 1265
10.425 1255.0 -90  30  48   4.688 210.0  30.0 1249
10.425 1257.5 -90  30  48  -4.688 150.0  30.0 1244
10.425 1260.0 -90  30  48   4.688 270.0  30.0 1263
10.425 1262.5 -90  30  48  -1.563 210.0  30.0 1274
10.425 1265.0 -90  30  48  -4.688 270.0  30.0 1256
10.425 1267.5 -90  30  48  -4.688  90.0  30.0 1260
10.425 1270.0 -90  30  45   1.563 210.0  30.0 1268
10.425 1272.5 -90  30  45  -4.688  30.0  30.0 1269
10.425 1275.0 -90  30  42   1.563 330.0  30.0 1286
10.425 1280.0 -90  30  39   1.563 270.0  30.0 1288
10.425 1282.5 -90  30  39   4.688 330.0  30.0 1268
10.475  572.5  90  30  39  -1.563  30.0  30.0  585
10.475  575.0  90  30  39   4.688 270.0  30.0  580
10.475  577.5  90  30  39  -4.688  30.0  30.0  563
10.475  580.0  90  30  39   1.563 150.0  30.0  587
10.475  585.0  90  30  39   1.563 150.0  30.0  593
10.475  587.5  90  30  39  -4.688 270.0  30.0  595
10.475  590.0  90  30  39   4.688  30.0  30.0  590
10.475  595.0  90  30  39   4.688  30.0  30.0  597
10.475  597.5  90  30  39  -1.563  90.0  30.0  588
10.475  670.0  90  30  39   4.688 330.0  30.0  674
10.475  707.5  90  30  39   1.563  30.0  30.0  697
10.475  710.0  90  30  39   1.563 150.0  30.0  723
10.475  712.5  90  30  39  -1.563 150.0  30.0  718
10.475  715.0  90  30  39   1.563 150.0  30.0  712
10.475  717.5  90  30  39  -1.563  30.0  30.0  705
10.475  720.0  90  30  39   4.688  30.0  30.0  735
10.475  722.5  90  30  39  -4.688 330.0  30.0  710
10.475  732.5  90  30  39  -1.563 150.0  30.0  744
10.475  735.0  90  30  39  -1.563 330.0  30.0  729
10.475  737.5  90  30  39  -1.563 330.0  30.0  748
10.475  740.0  90  30  39  -1.563 150.0  30.0  727
10.475  760.0  90  30  39  -1.563  30.0  30.0  762
10.475  762.5  90  30  39   1.563  90.0  30.0  757
10.475  767.5  90  30  39   1.563 330.0  30.0  772
10.475  770.0  90  30  39  -4.688 330.0  30.0  761
10.475  772.5  90  30  39  -1.563  30.0  30.0  777
10.475  775.0  90  30  39  -4.688  90.0  30.0  779
10.475  777.5  90  30  39   1.563 150.0  30.0  790
10.475 1065.0  90  30  39   4.688 330.0  30.0 1050
10.475 1070.0  90  30  39   4.688 150.0  30.0 1083
10.475 1132.5  90  30  39  -4.688 150.0  30.0 1118
10.475 1135.0  90  30  42  -4.688 150.0  30.0 1148
10.475 1137.5  90  30  42   4.688 330.0  30.0 1137
10.475 1140.0  90  30  39   4.688 330.0  30.0 1153
10.475  257.5 -90  33  42   1.563  30.0  30.0  256
10.475  267.5 -90  33  42  -1.563 150.0  30.0  267
10.475  270.0 -90  33  45   4.688 270.0  30.0  273
10.475  272.5 -90  33  48  -1.563  30.0  30.0  281
10.475  275.0 -90  33  48  -4.688 270.0  30.0  279
10.475  277.5 -90  33  48   1.563  90.0  30.0  279
10.475  280.0 -90  33  48   4.688 270.0  30.0  285
10.475  282.5 -90  33  48  -4.688 330.0  30.0  287
10.475  285.0 -90  33  48   4.688 270.0  30.0  292
10.475  287.5 -90  33  48   4.688 150.0  30.0  293
10.475  290.0 -90  33  51  -4.688  30.0  30.0  301
10.475  292.5 -90  33  51   1.563 150.0  30.0  296
10.475  295.0 -90  33  48   4.688 270.0  30.0  291
10.475  297.5 -90  33  51  -4.688 150.0  30.0  311
10.475  300.0 -90  33  51   1.563 150.0  30.0  307
10.475  302.5 -90  33  51   1.563 150.0  30.0  303
10.475  305.0 -90  33  51   1.563 270.0  30.0  310
10.475  307.5 -90  33  48  -4.688 150.0  30.0  320
10.475  310.0 -90  33  48   1.563  90.0  30.0  308
10.475  312.5 -90  33  48   4.688 270.0  30.0  303
10.475  315.0 -90  33  45  -1.563  30.0  30.0  302
10.475  322.5 -90  33  42   1.563 330.0  30.0  323
10.475  325.0 -90  33  45  -1.563 330.0  30.0  336
10.475  327.5 -90  33  45  -1.563  30.0  30.0  339
10.475  330.0 -90  33  42  -1.563 270.0  30.0  341
10.475  332.5 -90  33  45   4.688 150.0  30.0  322
10.475  335.0 -90  33  48  -4.688 330.0  30.0  326
10.475  337.5 -90  33  48  -4.688 210.0  30.0  332
10.475  340.0 -90  33  45   1.563 150.0  30.0  340
10.475  342.5 -90  33  45   1.563 270.0  30.0  339
10.475  345.0 -90  33  45  -4.688  30.0  30.0  337
10.475  347.5 -90  33  45  -1.563 270.0  30.0  342
10.475  350.0 -90  33  45   4.688 270.0  30.0  343
10.475  352.5 -90  33  45  -4.688 270.0  30.0  358
10.475  355.0 -90  33  45  -1.563 150.0  30.0  364
10.475  357.5 -90  33  48  -4.688 330.0  30.0  365
10.475  360.0 -90  33  45  -4.688 330.0  30.0  368
10.475  362.5 -90  33  42  -1.563 330.0  30.0  355
10.475  692.5 -90  33  42  -1.563  30.0  30.0  683
10.475  702.5 -90  33  42  -1.563 330.0  30.0  706
10.475  705.0 -90  33  45  -1.563 210.0  30.0  707
10.475  707.5 -90  33  48   4.688 330.0  30.0  705
10.475  710.0 -90  33  48  -1.563 150.0  30.0  701
10.475  712.5 -90  33  51  -4.688 330.0  30.0  715
10.475  715.0 -90  33  48  -1.563 270.0  30.0  719
10.475  717.5 -90  33  48   4.688 330.0  30.0  704
10.475  720.0 -90  33  48   1.563 150.0  30.0  734
10.475  722.5 -90  33  48  -4.688 330.0  30.0  713
10.475  725.0 -90  33  51   4.688 270.0  30.0  711
10.475  727.5 -90  33  51  -1.563 330.0  30.0  734
10.475  730.0 -90  33  51  -1.563  90.0  30.0  731
10.475  732.5 -90  33  51  -4.688 210.0  30.0  722
10.475  735.0 -90  33  51   4.688  30.0  30.0  747
10.475  737.5 -90  33  54  -1.563 330.0  30.0  735
10.475  740.0 -90  33  51  -1.563 270.0  30.0  743
10.475  742.5 -90  33  48   4.688 210.0  30.0  728
10.475  745.0 -90  33  48  -1.563 150.0  30.0  745
10.475  747.5 -90  33  48   4.688 330.0  30.0  733
10.475  750.0 -90  33  45   1.563 330.0  30.0  760
10.475  757.5 -90  33  42  -4.688 330.0  30.0  769
10.475  760.0 -90  33  45  -4.688 210.0  30.0  746
10.475  762.5 -90  33  45  -1.563 210.0  30.0  755
10.475  765.0 -90  33  45   4.688 270.0  30.0  776
10.475  767.5 -90  33  45   4.688 270.0  30.0  778
10.475  770.0 -90  33  48  -1.563 150.0  30.0  773
10.475  772.5 -90  33  48  -4.688 330.0  30.0  762
10.475  775.0 -90  33  45  -4.688 270.0  30.0  763
10.475  777.5 -90  33  45   4.688 330.0  30.0  790
10.475  780.0 -90  33  45   4.688  30.0  30.0  789
10.475  782.5 -90  33  45   1.563  30.0  30.0  789
10.475  785.0 -90  33  45   4.688 270.0  30.0  798
10.475  787.5 -90  33  45  -4.688  30.0  30.0  785
10.475  790.0 -90  33  45  -1.563  90.0  30.0  794
10.475  792.5 -90  33  48   4.688  30.0  30.0  806
10.475  795.0 -90  33  45   1.563 270.0  30.0  802
10.475  797.5 -90  33  42  -1.563 270.0  30.0  800
10.475 1002.5 -90  33  42  -1.563 270.0  30.0 1003
10.475 1005.0 -90  33  45  -1.563 210.0  30.0 1003
10.475 1007.5 -90  33  48  -1.563 210.0  30.0 1005
10.475 1010.0 -90  33  48  -1.563 270.0  30.0 1014
10.475 1012.5 -90  33  51  -4.688 330.0  30.0  998
10.475 1015.0 -90  33  48   1.563 150.0  30.0 1028
10.475 1017.5 -90  33  48   1.563 150.0  30.0 1032
10.475 1020.0 -90  33  48   1.563 210.0  30.0 1030
10.475 1022.5 -90  33  48   1.563  30.0  30.0 1035
10.475 1025.0 -90  33  51  -1.563  30.0  30.0 1024
10.475 1027.5 -90  33  51   4.688 330.0  30.0 1019
10.475 1030.0 -90  33  51   4.688 330.0  30.0 1023
10.475 1032.5 -90  33  51  -4.688 330.0  30.0 1032
10.475 1035.0 -90  33  48  -4.688 330.0  30.0 1035
10.475 1037.5 -90  33  48   1.563 150.0  30.0 1037
10.475 1040.0 -90  33  48   4.688 150.0  30.0 1037
10.475 1042.5 -90  33  48  -1.563 270.0  30.0 1042
10.475 1045.0 -90  33  48   1.563 330.0  30.0 1042
10.475 1047.5 -90  33  48  -1.563 270.0  30.0 1049
10.475 1050.0 -90  33  48   1.563 270.0  30.0 1049
10.475 1052.5 -90  33  51  -4.688  90.0  30.0 1055
10.475 1055.0 -90  33  51   1.563  30.0  30.0 1058
10.475 1057.5 -90  33  51  -1.563 330.0  30.0 1059
10.475 1060.0 -90  33  54   1.563 330.0  30.0 1066
10.475 1062.5 -90  33  54   4.688 270.0  30.0 1071
10.475 1065.0 -90  33  54   1.563 270.0  30.0 1072
10.475 1067.5 -90  33  51   1.563  30.0  30.0 1076
10.475 1070.0 -90  33  48   4.688 270.0  30.0 1084
10.475 1072.5 -90  33  48  -1.563 210.0  30.0 1084
10.475 1075.0 -90  33  45  -1.563 330.0  30.0 1063
10.475 1077.5 -90  33  45   4.688 330.0  30.0 1063
10.475 1080.0 -90  33  45  -1.563  30.0  30.0 1094
10.475 1082.5 -90  33  45  -1.563 210.0  30.0 1094
10.475 1085.0 -90  33  45   1.563  30.0  30.0 1099
10.475 1087.5 -90  33  45  -4.688 150.0  30.0 1077
10.475 1090.0 -90  33  45  -1.563 210.0  30.0 1080
10.475 1092.5 -90  33  45   4.688 150.0  30.0 1105
10.475 1095.0 -90  33  45   1.563 330.0  30.0 1083
10.475 1097.5 -90  33  42  -1.563 210.0  30.0 1084
10.500  540.0  90  36  45  -4.688 330.0  30.0  543
10.500 1132.5  90  36  45  -4.688 150.0  30.0 1141
10.500 1135.0  90  36  45  -1.563 270.0  30.0 1141
10.500 1137.5  90  36  45  -1.563 330.0  30.0 1142
10.500 1145.0  90  36  45  -1.563 330.0  30.0 1152
10.500  682.5 -90  33  42  -1.563 150.0  30.0  683
10.500  685.0 -90  33  42  -4.688 150.0  30.0  698
10.500  687.5 -90  33  42   4.688 330.0  30.0  689
10.500  732.5 -90  33  42   4.688 210.0  30.0  737
10.500  735.0 -90  33  42  -1.563  30.0  30.0  735
10.500  740.0 -90  33  42   1.563 150.0  30.0  753
10.500  742.5 -90  33  42   1.563 330.0  30.0  731
10.500 1067.5 -90  33  42   1.563  30.0  30.0 1061
10.525  857.5  90  33  42   1.563  30.0  30.0  844
10.625  637.5  90  27  36   4.688  90.0  30.0  651
10.625  640.0  90  27  39   4.688 270.0  30.0  631
10.625  642.5  90  27  39   1.563 270.0  30.0  628
10.625  645.0  90  27  39  -1.563 270.0  30.0  635
10.625  647.5  90  27  39   4.688 270.0  30.0  638
10.625  650.0  90  27  39  -1.563 270.0  30.0  636
10.625  652.5  90  27  39   1.563 330.0  30.0  639
10.625  655.0  90  27  39   4.688 150.0  30.0  649
10.625  657.5  90  27  42  -1.563 330.0  30.0  646
10.625  660.0  90  27  42   4.688  30.0  30.0  646
10.625  662.5  90  27  45  -4.688 330.0  30.0  653
10.625  665.0  90  27  45  -1.563  30.0  30.0  655
10.625  667.5  90  27  45   1.563  90.0  30.0  657
10.625  670.0  90  27  45   1.563 150.0  30.0  668
10.625  672.5  90  27  45   4.688 270.0  30.0  664
10.625  675.0  90  27  45  -4.688  90.0  30.0  673
10.625  677.5  90  27  42  -1.563 270.0  30.0  680
10.625  680.0  90  27  42   4.688 330.0  30.0  678
10.625  682.5  90  27  39  -1.563  30.0  30.0  680
10.625  685.0  90  27  39   1.563 330.0  30.0  672
10.625  712.5  90  27  36  -1.563 270.0  30.0  703
10.625  715.0  90  27  36  -4.688  30.0  30.0  708
10.625  722.5  90  27  36  -4.688 270.0  30.0  730
10.625  725.0  90  27  36   4.688 330.0  30.0  730
10.625 1072.5  90  27  36  -4.688 270.0  30.0 1058
10.625 1075.0  90  27  36   4.688 330.0  30.0 1080
10.625 1077.5  90  27  39  -1.563 270.0  30.0 1073
10.625 1080.0  90  27  39   1.563 330.0  30.0 1082
10.625 1082.5  90  27  39  -4.688 150.0  30.0 1069
10.625 1085.0  90  27  39   1.563 150.0  30.0 1089
10.625 1087.5  90  27  42  -1.563 210.0  30.0 1082
10.625 1090.0  90  27  39  -4.688 270.0  30.0 1078
10.625 1092.5  90  27  42   4.688 270.0  30.0 1099
10.625 1095.0  90  27  42   1.563 270.0  30.0 1093
10.625 1097.5  90  27  45  -1.563 150.0  30.0 1090
10.625 1100.0  90  27  45   4.688 270.0  30.0 1108
10.625 1102.5  90  27  45   4.688 270.0  30.0 1111
10.625 1105.0  90  27  45  -1.563 330.0  30.0 1099
10.625 1107.5  90  27  45  -4.688 270.0  30.0 1094
10.625 1110.0  90  27  45  -4.688 330.0  30.0 1098
10.625 1112.5  90  27  45  -4.688 270.0  30.0 1098
10.625 1115.0  90  27  42   4.688 330.0  30.0 1126
10.625 1117.5  90  27  42   4.688 330.0  30.0 1129
10.625 1120.0  90  27  39  -1.563 330.0  30.0 1123
10.625 1122.5  90  27  36   1.563  30.0  30.0 1135
10.625 1147.5  90  27  36  -4.688 270.0  30.0 1158
10.625 1150.0  90  27  36   4.688  90.0  30.0 1152
10.625 1157.5  90  27  36   4.688 150.0  30.0 1161
10.625 1160.0  90  27  36   4.688 210.0  30.0 1160
10.625  332.5 -90  30  39   1.563 270.0  30.0  324
10.625  335.0 -90  30  39   1.563  30.0  30.0  329
10.625  337.5 -90  30  39   4.688 150.0  30.0  323
10.625  350.0 -90  30  39   1.563  30.0  30.0  346
10.625  352.5 -90  30  42  -1.563 330.0  30.0  366
10.625  355.0 -90  30  39   1.563  30.0  30.0  357
10.625  362.5 -90  30  39  -4.688 330.0  30.0  377
10.625  372.5 -90  30  39  -1.563 150.0  30.0  371
10.625  422.5 -90  30  39  -4.688 270.0  30.0  420
10.625  785.0 -90  30  42  -1.563 270.0  30.0  791
10.625  787.5 -90  30  42  -1.563 330.0  30.0  775
10.625  790.0 -90  30  45   1.563 330.0  30.0  779
10.625  792.5 -90  30  45   1.563 210.0  30.0  779
10.625  795.0 -90  30  45   1.563 330.0  30.0  809
10.625  797.5 -90  30  42   1.563 330.0  30.0  784
10.625  800.0 -90  30  45   1.563 270.0  30.0  800
10.625  802.5 -90  30  48   1.563 270.0  30.0  801
10.625  805.0 -90  30  48   1.563 330.0  30.0  809
10.625  807.5 -90  30  48   1.563 150.0  30.0  798
10.625  810.0 -90  30  51   1.563 270.0  30.0  803
10.625  812.5 -90  30  51   1.563 330.0  30.0  801
10.625  815.0 -90  30  51   4.688 270.0  30.0  821
10.625  817.5 -90  30  54   4.688 330.0  30.0  815
10.625  820.0 -90  30  51   1.563 150.0  30.0  813
10.625  822.5 -90  30  51   1.563 330.0  30.0  810
10.625  825.0 -90  30  51   1.563 150.0  30.0  834
10.625  827.5 -90  30  51  -4.688 330.0  30.0  830
10.625  830.0 -90  30  48   1.563 330.0  30.0  843
10.625  832.5 -90  30  48  -1.563  30.0  30.0  833
10.625  835.0 -90  30  42  -1.563 330.0  30.0  836
10.625  837.5 -90  30  39  -4.688 270.0  30.0  834
10.625  840.0 -90  30  39  -1.563 330.0  30.0  842
10.625  842.5 -90  30  39  -4.688  90.0  30.0  844
10.625  847.5 -90  30  39  -1.563 150.0  30.0  842
10.625  860.0 -90  30  42   1.563 210.0  30.0  848
10.625  862.5 -90  30  42  -1.563  90.0  30.0  851
10.625  865.0 -90  30  39  -4.688 150.0  30.0  866
10.625  867.5 -90  30  39  -1.563 150.0  30.0  865
10.625  870.0 -90  30  42  -1.563 330.0  30.0  884
10.625  872.5 -90  30  45  -4.688 330.0  30.0  860
10.625  875.0 -90  30  42  -1.563 330.0  30.0  880
10.625  877.5 -90  30  39  -4.688  90.0  30.0  892
10.625 1007.5 -90  30  39  -4.688 330.0  30.0 1009
10.625 1010.0 -90  30  39   1.563 210.0  30.0 1021
10.625 1012.5 -90  30  39  -1.563  30.0  30.0 1020
10.625 1025.0 -90  30  39   1.563 330.0  30.0 1013
10.625 1027.5 -90  30  42   1.563 210.0  30.0 1022
10.625 1030.0 -90  30  39   4.688  90.0  30.0 1025
10.625 1047.5 -90  30  39   1.563  90.0  30.0 1038
10.625 1095.0 -90  30  39   4.688 150.0  30.0 1105
10.625 1097.5 -90  30  39   1.563 150.0  30.0 1101
10.650  147.5  90  30  39   4.688 330.0  30.0  157
10.650  150.0  90  30  39   1.563 270.0  30.0  157
10.650  152.5  90  30  39   1.563 330.0  30.0  155
10.650  155.0  90  30  39   1.563 330.0  30.0  141
10.650  207.5  90  30  39  -4.688  30.0  30.0  213
10.650  980.0  90  30  39   4.688  30.0  30.0  984
10.650 1022.5  90  30  39  -4.688  90.0  30.0 1018
10.650 1025.0  90  30  39  -4.688  90.0  30.0 1031
10.650  240.0 -90  33  42   4.688 330.0  30.0  237
10.650  242.5 -90  33  45   4.688 330.0  30.0  228
10.650  245.0 -90  33  42   4.688 150.0  30.0  250
10.650  247.5 -90  33  42   4.688 270.0  30.0  253
10.650  250.0 -90  33  42   4.688 330.0  30.0  254
10.650  252.5 -90  33  45   4.688 150.0  30.0  243
10.650  255.0 -90  33  42   4.688  30.0  30.0  258
10.650  262.5 -90  33  42   4.688 270.0  30.0  248
10.650  277.5 -90  33  42   4.688 330.0  30.0  263
10.650  280.0 -90  33  42   4.688 270.0  30.0  279
10.650  282.5 -90  33  45   1.563 150.0  30.0  282
10.650  285.0 -90  33  42   1.563 150.0  30.0  280
10.650  287.5 -90  33  42   1.563 330.0  30.0  290
10.650  290.0 -90  33  42   1.563  30.0  30.0  298
10.650  292.5 -90  33  42   1.563 150.0  30.0  296
10.650  312.5 -90  33  42  -1.563 330.0  30.0  310
10.650  315.0 -90  33  42  -4.688  30.0  30.0  308
10.650  317.5 -90  33  42  -1.563  90.0  30.0  306
10.650  545.0 -90  33  42  -1.563 330.0  30.0  560
10.650  552.5 -90  33  42   1.563 150.0  30.0  545
10.650  602.5 -90  33  42  -4.688 150.0  30.0  596
10.650  687.5 -90  33  42  -1.563 210.0  30.0  693
10.650  690.0 -90  33  42  -1.563 330.0  30.0  693
10.650  692.5 -90  33  45   1.563 330.0  30.0  683
10.650  695.0 -90  33  42   1.563 270.0  30.0  691
10.650  697.5 -90  33  42   1.563 210.0  30.0  706
10.650  700.0 -90  33  42   1.563  30.0  30.0  711
10.650  702.5 -90  33  42   1.563  30.0  30.0  707
10.650  705.0 -90  33  42   1.563 330.0  30.0  692
10.650  712.5 -90  33  42   4.688 270.0  30.0  720
10.650  727.5 -90  33  42  -1.563 150.0  30.0  740
10.650  732.5 -90  33  45   1.563 330.0  30.0  739
10.650  735.0 -90  33  45   1.563 270.0  30.0  728
10.650  737.5 -90  33  45   1.563 330.0  30.0  741
10.650  740.0 -90  33  42   4.688  90.0  30.0  729
10.650  750.0 -90  33  45   1.563 150.0  30.0  760
10.650  752.5 -90  33  48   1.563 270.0  30.0  754
10.650  755.0 -90  33  48   1.563 150.0  30.0  745
10.650  757.5 -90  33  48   1.563 330.0  30.0  769
10.650  760.0 -90  33  48   1.563 150.0  30.0  758
10.650  762.5 -90  33  45  -1.563  30.0  30.0  757
10.650  765.0 -90  33  45  -1.563 330.0  30.0  777
10.650  767.5 -90  33  48  -1.563 330.0  30.0  769
10.650  770.0 -90  33  48  -1.563 330.0  30.0  760
10.650  772.5 -90  33  48  -1.563 270.0  30.0  764
10.650  775.0 -90  33  48  -1.563  30.0  30.0  787
10.650  777.5 -90  33  51  -1.563 330.0  30.0  768
10.650  780.0 -90  33  48  -1.563 270.0  30.0  786
10.650  782.5 -90  33  48   4.688 150.0  30.0  792
10.650  785.0 -90  33  48  -4.688  30.0  30.0  789
10.650  787.5 -90  33  48  -4.688 270.0  30.0  787
10.650  790.0 -90  33  51  -4.688  30.0  30.0  796
10.650  792.5 -90  33  51  -4.688 150.0  30.0  801
10.650  795.0 -90  33  48  -4.688 270.0  30.0  797
10.650  797.5 -90  33  45  -4.688 270.0  30.0  807
10.650  800.0 -90  33  45   4.688 270.0  30.0  806
10.650  802.5 -90  33  45   1.563 330.0  30.0  814
10.650  805.0 -90  33  45   1.563 270.0  30.0  819
10.650  807.5 -90  33  45   1.563 150.0  30.0  814
10.650  810.0 -90  33  42   1.563 150.0  30.0  804
10.650  815.0 -90  33  42   1.563 330.0  30.0  808
10.650  817.5 -90  33  45   1.563 330.0  30.0  823
10.650  820.0 -90  33  48   1.563 330.0  30.0  823
10.650  822.5 -90  33  48   1.563 270.0  30.0  809
10.650  825.0 -90  33  48   1.563 330.0  30.0  835
10.650  827.5 -90  33  48  -1.563 270.0  30.0  824
10.650  830.0 -90  33  45  -1.563 270.0  30.0  821
10.650  832.5 -90  33  45   1.563 330.0  30.0  846
10.650  835.0 -90  33  45   1.563 150.0  30.0  838
10.650  837.5 -90  33  48   4.688  30.0  30.0  832
10.650  840.0 -90  33  48   4.688 150.0  30.0  838
10.650  842.5 -90  33  48  -4.688 330.0  30.0  833
10.650  845.0 -90  33  48   4.688 330.0  30.0  848
10.650  847.5 -90  33  45   4.688 270.0  30.0  839
10.650  850.0 -90  33  42   4.688 210.0  30.0  854
10.650  852.5 -90  33  42   4.688 210.0  30.0  841
10.650 1125.0 -90  33  42   4.688  30.0  30.0 1110
10.650 1132.5 -90  33  42   4.688 150.0  30.0 1134
10.650 1135.0 -90  33  42   4.688 270.0  30.0 1142
10.650 1137.5 -90  33  42   4.688 330.0  30.0 1127
10.650 1140.0 -90  33  42   4.688 330.0  30.0 1127
10.650 1142.5 -90  33  42   1.563 330.0  30.0 1152
10.650 1145.0 -90  33  42   1.563 270.0  30.0 1133
10.650 1147.5 -90  33  42   1.563  90.0  30.0 1161
10.650 1152.5 -90  33  42   1.563 330.0  30.0 1157
10.650 1182.5 -90  33  42  -1.563 270.0  30.0 1184
10.650 1187.5 -90  33  42  -1.563  90.0  30.0 1196
10.650 1190.0 -90  33  42  -1.563 150.0  30.0 1201
10.650 1192.5 -90  33  42  -1.563 270.0  30.0 1190
10.650 1195.0 -90  33  42  -1.563 330.0  30.0 1186
10.650 1197.5 -90  33  42  -1.563 330.0  30.0 1198
10.650 1200.0 -90  33  42  -1.563 150.0  30.0 1186
10.650 1202.5 -90  33  42  -1.563 330.0  30.0 1210
10.650 1205.0 -90  33  42  -1.563  30.0  30.0 1217
10.650 1207.5 -90  33  42  -1.563 150.0  30.0 1205
10.650 1210.0 -90  33  42  -4.688 330.0  30.0 1213
10.650 1212.5 -90  33  42  -1.563  30.0  30.0 1200
10.650 1215.0 -90  33  42  -1.563  30.0  30.0 1213
10.675  532.5  90  27  36  -1.563 330.0  30.0  539
10.675  535.0  90  27  36   4.688 150.0  30.0  543
10.675  537.5  90  27  36   4.688 150.0  30.0  523
10.675  540.0  90  27  36   4.688  30.0  30.0  547
10.675  542.5  90  27  39   1.563  30.0  30.0  534
10.675  545.0  90  27  39   1.563 330.0  30.0  549
10.675  547.5  90  27  39  -1.563 270.0  30.0  555
10.675  550.0  90  27  39   4.688 330.0  30.0  557
10.675  552.5  90  27  36   1.563  90.0  30.0  553
10.675  555.0  90  27  36   4.688 150.0  30.0  552
10.675  557.5  90  27  36   4.688 330.0  30.0  566
10.675  565.0  90  27  36   4.688 270.0  30.0  552
10.675 1187.5  90  27  36   1.563 330.0  30.0 1199
10.675 1190.0  90  27  36   4.688 270.0  30.0 1177
10.675 1195.0  90  27  36  -4.688 270.0  30.0 1198
10.675 1197.5  90  27  36   4.688  90.0  30.0 1201
10.675 1200.0  90  27  36  -1.563 330.0  30.0 1200
10.675 1202.5  90  27  39   1.563 210.0  30.0 1196
10.675 1205.0  90  27  39  -1.563 150.0  30.0 1204
10.675 1207.5  90  27  39  -4.688  90.0  30.0 1212
10.675 1210.0  90  27  39   4.688  90.0  30.0 1225
10.675 1212.5  90  27  36  -4.688 330.0  30.0 1213
10.675 1215.0  90  27  39  -1.563 270.0  30.0 1229
10.675 1217.5  90  27  36   1.563 330.0  30.0 1232
10.675 1225.0  90  27  36   4.688 270.0  30.0 1228
10.675 1240.0  90  27  36  -1.563 330.0  30.0 1250
10.750  710.0  90  27  36  -4.688   0.0   0.0  714
10.800  682.5 -90  27  36  -4.688  30.0  30.0  688
10.850  190.0 -90  27  36  -1.563 270.0  30.0  178
10.875  902.5 -90  27  36  -4.688  30.0  30.0  908
11.525  600.0  90  27  36  -1.563 270.0  30.0  613
