2024.06.28 (180) 00:00:00.000
Station name: Lajes Field
URSI code: LAA38
Ionosonde model: DPS-4D
  Freq  Range Pol MPA Amp Doppler    Az    Zn  PGH
 2.025   90.0  90  75  84  -1.563 210.0  30.0   88
 2.025  105.0  90  75  84  -1.563   0.0   0.0  111
 2.025  107.5  90  75  99  -1.563   0.0   0.0  112
 2.025  110.0  90  75  96   1.563   0.0   0.0  113
 2.025  217.5  90  75  93   1.563   0.0   0.0  222
 2.025  220.0  90  75  96   1.563   0.0   0.0  223
 2.025  442.5  90  75  84  -4.688   0.0   0.0  439
 2.025 1162.5  90  75  84   1.563 270.0  30.0 1170
 2.025 1167.5  90  75  84   1.563 210.0  30.0 1165
 2.025   92.5 -90  75  87   1.563   0.0   0.0   98
 2.025   97.5 -90  75  87  -1.563   0.0   0.0  101
 2.025  110.0 -90  75  84  -1.563   0.0   0.0  113
 2.025  112.5 -90  75  84   1.563   0.0   0.0  115
 2.025  192.5 -90  75  87  -1.563   0.0   0.0  198
 2.025  195.0 -90  75  90  -1.563   0.0   0.0  199
 2.025  412.5 -90  75  84  -4.688 210.0  30.0  398
 2.025 1177.5 -90  75  84  -1.563 210.0  30.0 1186
 2.050   97.5  90  72  81   1.563 210.0  30.0  102
 2.050  100.0  90  72  81  -1.563   0.0   0.0  101
 2.050  105.0  90  72  87  -1.563   0.0   0.0  112
 2.050  107.5  90  72 102  -1.563   0.0   0.0  112
 2.050  110.0  90  72  90   1.563   0.0   0.0  111
 2.050  157.5  90  72  81  -1.563 210.0  30.0  161
 2.050  217.5  90  72  96  -1.563   0.0   0.0  223
 2.050  220.0  90  72  99   1.563   0.0   0.0  223
 2.050  330.0  90  72  87   1.563   0.0   0.0  333
 2.050  332.5  90  72  84   1.563   0.0   0.0  336
 2.050  387.5  90  72  81   4.688 210.0  30.0  393
 2.050  440.0  90  72  81  -1.563   0.0   0.0  446
 2.050  442.5  90  72  90  -1.563   0.0   0.0  447
 2.050  445.0  90  72  81   1.563 210.0  30.0  446
 2.050  477.5  90  72  81  -4.688 210.0  30.0  491
 2.050  497.5  90  72  81   4.688 210.0  30.0  510
 2.050  500.0  90  72  84   1.563 210.0  30.0  498
 2.050  512.5  90  72  81   1.563 210.0  30.0  499
 2.050  515.0  90  72  81  -1.563 210.0  30.0  512
 2.050  530.0  90  72  81  -1.563 210.0  30.0  532
 2.050  532.5  90  72  81  -1.563 210.0  30.0  522
 2.050  550.0  90  72  81  -1.563 210.0  30.0  555
 2.050  552.5  90  72  81  -4.688   0.0   0.0  561
 2.050  562.5  90  72  81   1.563  30.0  30.0  562
 2.050  575.0  90  72  81   4.688 210.0  30.0  578
 2.050  582.5  90  72  81   1.563 210.0  30.0  592
 2.050  595.0  90  72  81  -1.563 210.0  30.0  604
 2.050  600.0  90  72  81  -1.563 210.0  30.0  615
 2.050  605.0  90  72  81  -1.563 210.0  30.0  598
 2.050  612.5  90  72  81  -4.688 210.0  30.0  614
 2.050  627.5  90  72  81  -1.563 210.0  30.0  638
 2.050  642.5  90  72  81  -4.688 210.0  30.0  651
 2.050  660.0  90  72  81  -4.688 210.0  30.0  669
 2.050  675.0  90  72  81   1.563 210.0  30.0  661
 2.050  777.5  90  72  81   1.563 210.0  30.0  776
 2.050  800.0  90  72  81   4.688 210.0  30.0  788
 2.050 1115.0  90  72  81   4.688 210.0  30.0 1102
 2.050   92.5 -90  75  87   1.563   0.0   0.0   99
 2.050   95.0 -90  75  93  -1.563   0.0   0.0   99
 2.050   97.5 -90  75  84  -1.563  90.0  30.0  100
 2.050  192.5 -90  75  90   1.563   0.0   0.0  198
 2.050  195.0 -90  75  90  -1.563   0.0   0.0  198
 2.075  105.0  90  72  87   1.563   0.0   0.0  112
 2.075  107.5  90  72 102   1.563   0.0   0.0  113
 2.075  110.0  90  72  93   1.563   0.0   0.0  113
 2.075  112.5  90  72  81   1.563 270.0  30.0  120
 2.075  127.5  90  72  81   1.563 210.0  30.0  136
 2.075  217.5  90  72  96  -1.563   0.0   0.0  224
 2.075  220.0  90  72  96   1.563   0.0   0.0  224
 2.075  330.0  90  72  90  -1.563   0.0   0.0  336
 2.075  332.5  90  72  84   1.563   0.0   0.0  337
 2.075  437.5  90  72  81  -1.563   0.0   0.0  437
 2.075  440.0  90  72  87   1.563 210.0  30.0  448
 2.075  442.5  90  72  90   1.563   0.0   0.0  447
 2.075  445.0  90  72  81  -1.563 210.0  30.0  452
 2.075  462.5  90  72  81  -4.688 210.0  30.0  470
 2.075  472.5  90  72  81   4.688 210.0  30.0  476
 2.075  487.5  90  72  81  -4.688 210.0  30.0  474
 2.075  490.0  90  72  81   1.563   0.0   0.0  496
 2.075  517.5  90  72  84   1.563 210.0  30.0  517
 2.075  520.0  90  72  87  -4.688 210.0  30.0  521
 2.075  532.5  90  72  84   1.563   0.0   0.0  533
 2.075  535.0  90  72  84   1.563 210.0  30.0  532
 2.075  540.0  90  72  81  -1.563 210.0  30.0  545
 2.075  545.0  90  72  81   4.688 210.0  30.0  543
 2.075  552.5  90  72  84  -1.563  30.0  30.0  557
 2.075  555.0  90  72  84   1.563   0.0   0.0  559
 2.075  557.5  90  72  81   4.688 210.0  30.0  568
 2.075  560.0  90  72  81  -4.688   0.0   0.0  569
 2.075  565.0  90  72  81  -1.563   0.0   0.0  579
 2.075  567.5  90  72  81   1.563 210.0  30.0  570
 2.075  570.0  90  72  84  -1.563 210.0  30.0  561
 2.075  575.0  90  72  81   1.563   0.0   0.0  582
 2.075  582.5  90  72  81  -4.688 210.0  30.0  584
 2.075  597.5  90  72  81  -1.563 210.0  30.0  584
 2.075 1125.0  90  72  81  -4.688 210.0  30.0 1133
 2.075 1192.5  90  72  81  -1.563 210.0  30.0 1205
 2.075   92.5 -90  75  87  -1.563   0.0   0.0   99
 2.075   95.0 -90  75  90  -1.563   0.0   0.0   99
 2.075  517.5 -90  75  84   1.563 210.0  30.0  504
 2.075  540.0 -90  75  84   4.688 210.0  30.0  527
 2.100  105.0  90  75  90  -1.563   0.0   0.0  111
 2.100  107.5  90  75 105  -1.563   0.0   0.0  112
 2.100  110.0  90  75  93   1.563   0.0   0.0  113
 2.100  112.5  90  75  84   1.563   0.0   0.0  118
 2.100  217.5  90  75  96  -1.563   0.0   0.0  223
 2.100  220.0  90  75  96   1.563   0.0   0.0  223
 2.100  330.0  90  75  90  -1.563   0.0   0.0  335
 2.100  332.5  90  75  84  -1.563   0.0   0.0  332
 2.100  442.5  90  75  93   1.563   0.0   0.0  447
 2.100  445.0  90  75  84   1.563   0.0   0.0  447
 2.100  487.5  90  75  84   4.688 210.0  30.0  479
 2.100  515.0  90  75  84   1.563 210.0  30.0  502
 2.100  552.5  90  75  84   1.563   0.0   0.0  560
 2.100  657.5  90  75  84  -4.688 210.0  30.0  645
 2.100  685.0  90  75  84  -4.688 210.0  30.0  672
 2.100   92.5 -90  75  87  -1.563   0.0   0.0   99
 2.100   95.0 -90  75  90   1.563   0.0   0.0   99
 2.100  195.0 -90  75  84  -1.563 270.0  30.0  199
 2.100  585.0 -90  75  84   1.563 210.0  30.0  587
 2.125  105.0  90  75  90   1.563   0.0   0.0  111
 2.125  107.5  90  75 105  -1.563   0.0   0.0  110
 2.125  110.0  90  75  99   1.563   0.0   0.0  111
 2.125  142.5  90  75  84  -1.563 210.0  30.0  149
 2.125  217.5  90  75  93  -1.563   0.0   0.0  221
 2.125  220.0  90  75  96  -1.563   0.0   0.0  221
 2.125  222.5  90  75  84  -1.563 270.0  30.0  227
 2.125  330.0  90  75  90   1.563   0.0   0.0  334
 2.125  332.5  90  75  87  -1.563   0.0   0.0  334
 2.125  440.0  90  75  84   1.563   0.0   0.0  445
 2.125  442.5  90  75  90   1.563   0.0   0.0  445
 2.125  552.5  90  75  84  -1.563 270.0  30.0  555
 2.125  555.0  90  75  84  -1.563 270.0  30.0  554
 2.125  617.5  90  75  84   4.688 210.0  30.0  614
 2.125  707.5  90  75  84  -1.563 210.0  30.0  701
 2.125  770.0  90  75  84  -1.563 210.0  30.0  774
 2.125   92.5 -90  75  87   1.563   0.0   0.0   97
 2.125   95.0 -90  75  93  -1.563   0.0   0.0   97
 2.125   97.5 -90  75  87   1.563   0.0   0.0  101
 2.125  110.0 -90  75  87   1.563   0.0   0.0  114
 2.125  112.5 -90  75  84  -1.563  30.0  30.0  112
 2.125  192.5 -90  75  87   1.563  30.0  30.0  195
 2.125  195.0 -90  75  90  -1.563 330.0  30.0  196
 2.125  210.0 -90  75  84  -4.688 270.0  30.0  215
 2.125  215.0 -90  75  84  -4.688 270.0  30.0  208
 2.150  105.0  90  75  93   1.563   0.0   0.0  112
 2.150  107.5  90  75 108  -1.563   0.0   0.0  112
 2.150  110.0  90  75  99   1.563   0.0   0.0  112
 2.150  142.5  90  75  87  -1.563   0.0   0.0  150
 2.150  145.0  90  75  84  -1.563   0.0   0.0  150
 2.150  217.5  90  75  93   1.563   0.0   0.0  223
 2.150  220.0  90  75  93  -1.563   0.0   0.0  223
 2.150  302.5  90  75  84   4.688 270.0  30.0  307
 2.150  327.5  90  75  84  -1.563   0.0   0.0  330
 2.150  330.0  90  75  90   1.563   0.0   0.0  335
 2.150  332.5  90  75  87  -1.563   0.0   0.0  334
 2.150  405.0  90  75  84   4.688   0.0   0.0  402
 2.150  442.5  90  75  90   1.563   0.0   0.0  446
 2.150  555.0  90  75  84   1.563   0.0   0.0  558
 2.150  665.0  90  75  84  -1.563   0.0   0.0  670
 2.150   92.5 -90  72  90   1.563   0.0   0.0   98
 2.150   95.0 -90  72  96  -1.563   0.0   0.0   99
 2.150   97.5 -90  72  90  -1.563   0.0   0.0  101
 2.150  102.5 -90  72  81   1.563 270.0  30.0  105
 2.150  107.5 -90  72  81   1.563   0.0   0.0  113
 2.150  110.0 -90  72  84  -1.563   0.0   0.0  114
 2.150  127.5 -90  72  81  -1.563 210.0  30.0  129
 2.150  192.5 -90  72  87   1.563   0.0   0.0  198
 2.150  195.0 -90  72  84   1.563   0.0   0.0  198
 2.150  207.5 -90  72  81   1.563   0.0   0.0  214
 2.150  210.0 -90  72  84  -1.563   0.0   0.0  214
 2.150  725.0 -90  72  81   1.563 210.0  30.0  738
 2.150  787.5 -90  72  81   4.688  30.0  30.0  784
 2.175  105.0  90  75  93  -1.563   0.0   0.0  113
 2.175  107.5  90  75 108  -1.563   0.0   0.0  113
 2.175  110.0  90  75  99  -1.563   0.0   0.0  113
 2.175  142.5  90  75  87  -1.563 210.0  30.0  150
 2.175  145.0  90  75  84  -1.563   0.0   0.0  148
 2.175  217.5  90  75  93   1.563   0.0   0.0  224
 2.175  220.0  90  75  93  -1.563   0.0   0.0  223
 2.175  325.0  90  75  84  -1.563 150.0  30.0  330
 2.175  327.5  90  75  84   1.563   0.0   0.0  333
 2.175  330.0  90  75  87   1.563   0.0   0.0  335
 2.175  442.5  90  75  87  -1.563   0.0   0.0  448
 2.175  530.0  90  75  84  -1.563   0.0   0.0  533
 2.175  720.0  90  75  84  -4.688  30.0  30.0  712
 2.175   92.5 -90  75  90  -1.563   0.0   0.0   99
 2.175   95.0 -90  75  90   1.563   0.0   0.0   97
 2.175   97.5 -90  75  90  -1.563 270.0  30.0  103
 2.175  110.0 -90  75  90  -1.563   0.0   0.0  114
 2.175  207.5 -90  75  84  -1.563   0.0   0.0  212
 2.200   90.0  90  78  87   1.563   0.0   0.0   94
 2.200  105.0  90  78  90  -1.563   0.0   0.0  114
 2.200  107.5  90  78 108  -1.563   0.0   0.0  112
 2.200  110.0  90  78  99  -1.563   0.0   0.0  112
 2.200  127.5  90  78  87   1.563 330.0  30.0  131
 2.200  130.0  90  78  87   1.563 330.0  30.0  133
 2.200  217.5  90  78  90  -1.563   0.0   0.0  223
 2.200  220.0  90  78  90   1.563   0.0   0.0  222
 2.200  330.0  90  78  87  -1.563  30.0  30.0  336
 2.200   92.5 -90  75  87  -1.563   0.0   0.0  100
 2.200   95.0 -90  75  96  -1.563   0.0   0.0   99
 2.200   97.5 -90  75  87  -1.563 270.0  30.0  100
 2.200  100.0 -90  75  84   1.563   0.0   0.0  104
 2.200  107.5 -90  75  84   1.563   0.0   0.0  115
 2.200  110.0 -90  75  93  -1.563   0.0   0.0  114
 2.200  125.0 -90  75  84   1.563   0.0   0.0  130
 2.200  195.0 -90  75  87  -1.563   0.0   0.0  198
 2.200  207.5 -90  75  84  -1.563   0.0   0.0  211
 2.200 1245.0 -90  75  84  -1.563 330.0  30.0 1249
 2.225  105.0  90  78  93  -1.563   0.0   0.0  111
 2.225  107.5  90  78 108  -1.563   0.0   0.0  111
 2.225  110.0  90  78  99  -1.563   0.0   0.0  111
 2.225  217.5  90  78  90   1.563   0.0   0.0  223
 2.225  220.0  90  78  90  -1.563   0.0   0.0  223
 2.225  330.0  90  78  90  -1.563   0.0   0.0  335
 2.225  332.5  90  78  90   1.563   0.0   0.0  333
 2.225  442.5  90  78  87   1.563 270.0  30.0  447
 2.225   92.5 -90  75  90   1.563   0.0   0.0   97
 2.225   95.0 -90  75  99   1.563   0.0   0.0   99
 2.225   97.5 -90  75  93   1.563 270.0  30.0  100
 2.225  107.5 -90  75  90   1.563   0.0   0.0  113
 2.225  110.0 -90  75 102   1.563   0.0   0.0  113
 2.225  112.5 -90  75  93   1.563   0.0   0.0  114
 2.225  125.0 -90  75  84   1.563 270.0  30.0  135
 2.225  180.0 -90  75  84  -1.563 270.0  30.0  173
 2.225  192.5 -90  75  84   1.563 330.0  30.0  195
 2.225  195.0 -90  75  87   1.563   0.0   0.0  196
 2.225  207.5 -90  75  87  -1.563   0.0   0.0  213
 2.225  210.0 -90  75  87  -1.563 270.0  30.0  212
 2.225  217.5 -90  75  84   1.563 270.0  30.0  210
 2.225  305.0 -90  75  84  -1.563 210.0  30.0  312
 2.225 1015.0 -90  75  84   1.563 330.0  30.0 1022
 2.225 1017.5 -90  75  84   1.563 210.0  30.0 1014
 2.225 1020.0 -90  75  84   1.563 270.0  30.0 1008
 2.225 1022.5 -90  75  84   1.563 210.0  30.0 1032
 2.225 1025.0 -90  75  84   1.563 210.0  30.0 1017
 2.225 1027.5 -90  75  84   4.688 270.0  30.0 1013
 2.225 1032.5 -90  75  84   1.563 210.0  30.0 1026
 2.225 1057.5 -90  75  84  -4.688 270.0  30.0 1063
 2.250  105.0  90  75  90  -1.563   0.0   0.0  113
 2.250  107.5  90  75 108  -1.563   0.0   0.0  112
 2.250  110.0  90  75  99   1.563   0.0   0.0  112
 2.250  142.5  90  75  84   1.563 210.0  30.0  145
 2.250  145.0  90  75  84  -1.563 210.0  30.0  143
 2.250  205.0  90  75  84   1.563 210.0  30.0  215
 2.250  217.5  90  75  90  -1.563   0.0   0.0  224
 2.250  220.0  90  75  93  -1.563   0.0   0.0  224
 2.250  230.0  90  75  84   1.563 210.0  30.0  233
 2.250  280.0  90  75  84  -4.688 210.0  30.0  282
 2.250  282.5  90  75  84  -1.563   0.0   0.0  294
 2.250  325.0  90  75  84   1.563 210.0  30.0  333
 2.250  330.0  90  75  90   1.563   0.0   0.0  336
 2.250  332.5  90  75  93  -1.563   0.0   0.0  334
 2.250  442.5  90  75  84   1.563   0.0   0.0  446
 2.250 1015.0  90  75  84   4.688 210.0  30.0 1016
 2.250 1017.5  90  75  84   4.688 210.0  30.0 1019
 2.250   92.5 -90  75  87  -1.563   0.0   0.0   97
 2.250   95.0 -90  75  96   1.563   0.0   0.0  100
 2.250   97.5 -90  75  96   1.563   0.0   0.0  100
 2.250  107.5 -90  75  93  -1.563   0.0   0.0  114
 2.250  110.0 -90  75 105   1.563   0.0   0.0  114
 2.250  112.5 -90  75  93  -1.563   0.0   0.0  114
 2.250  175.0 -90  75  84  -1.563 210.0  30.0  186
 2.250  187.5 -90  75  84   1.563 210.0  30.0  185
 2.250  192.5 -90  75  84   1.563 210.0  30.0  200
 2.250  195.0 -90  75  87   4.688 210.0  30.0  195
 2.250  197.5 -90  75  84   4.688 210.0  30.0  200
 2.250  200.0 -90  75  84  -4.688 210.0  30.0  206
 2.250  205.0 -90  75  84  -1.563   0.0   0.0  211
 2.250  207.5 -90  75  84  -1.563  30.0  30.0  211
 2.250  222.5 -90  75  84   1.563 210.0  30.0  229
 2.250  225.0 -90  75  87   1.563   0.0   0.0  229
 2.250  235.0 -90  75  84  -1.563 210.0  30.0  233
 2.250  240.0 -90  75  84  -1.563 210.0  30.0  235
 2.250  307.5 -90  75  84   1.563 210.0  30.0  311
 2.250  320.0 -90  75  84   1.563  30.0  30.0  325
 2.250  325.0 -90  75  84   1.563 210.0  30.0  318
 2.250  340.0 -90  75  84   1.563 210.0  30.0  327
 2.250  842.5 -90  75  84   4.688 210.0  30.0  831
 2.250  850.0 -90  75  84   4.688 210.0  30.0  863
 2.250  950.0 -90  75  84  -4.688 210.0  30.0  946
 2.250  962.5 -90  75  84  -4.688 210.0  30.0  977
 2.250  967.5 -90  75  84  -4.688 210.0  30.0  967
 2.250  975.0 -90  75  84  -4.688 210.0  30.0  964
 2.250 1092.5 -90  75  84   4.688 210.0  30.0 1081
 2.250 1095.0 -90  75  84   4.688 210.0  30.0 1085
 2.275   80.0  90  72  81   4.688 210.0  30.0   67
 2.275   82.5  90  72  81   4.688 210.0  30.0   68
 2.275   87.5  90  72  81   1.563 210.0  30.0   98
 2.275   90.0  90  72  81  -1.563 210.0  30.0   99
 2.275  105.0  90  72  90  -1.563   0.0   0.0  111
 2.275  107.5  90  72 105  -1.563   0.0   0.0  111
 2.275  110.0  90  72  96  -1.563   0.0   0.0  111
 2.275  115.0  90  72  81   1.563  90.0  30.0  129
 2.275  217.5  90  72  87  -1.563   0.0   0.0  221
 2.275  220.0  90  72  90  -1.563   0.0   0.0  221
 2.275  325.0  90  72  84  -1.563 150.0  30.0  327
 2.275  327.5  90  72  81  -1.563  90.0  30.0  328
 2.275  330.0  90  72  90  -1.563   0.0   0.0  334
 2.275  332.5  90  72  93   1.563   0.0   0.0  336
 2.275  442.5  90  72  84   1.563   0.0   0.0  446
 2.275  552.5  90  72  81  -1.563   0.0   0.0  555
 2.275  555.0  90  72  84   1.563   0.0   0.0  557
 2.275  817.5  90  72  81   4.688 270.0  30.0  807
 2.275  852.5  90  72  81  -1.563  30.0  30.0  865
 2.275  867.5  90  72  81   4.688 210.0  30.0  863
 2.275  870.0  90  72  84  -1.563  30.0  30.0  869
 2.275  872.5  90  72  81  -1.563 210.0  30.0  882
 2.275  875.0  90  72  81   1.563   0.0   0.0  884
 2.275  882.5  90  72  81   1.563 270.0  30.0  868
 2.275  885.0  90  72  81   1.563  30.0  30.0  873
 2.275  895.0  90  72  81  -1.563   0.0   0.0  901
 2.275  917.5  90  72  84  -4.688   0.0   0.0  911
 2.275  920.0  90  72  81  -4.688  30.0  30.0  912
 2.275  922.5  90  72  81   4.688  30.0  30.0  917
 2.275  927.5  90  72  81   1.563 210.0  30.0  930
 2.275  935.0  90  72  81   1.563 210.0  30.0  934
 2.275  937.5  90  72  81   4.688   0.0   0.0  935
 2.275  955.0  90  72  81   1.563 330.0  30.0  964
 2.275  957.5  90  72  81  -1.563 210.0  30.0  965
 2.275  977.5  90  72  81  -1.563 270.0  30.0  991
 2.275  980.0  90  72  81  -4.688 210.0  30.0  986
 2.275   80.0 -90  72  84  -1.563  30.0  30.0   71
 2.275   82.5 -90  72  81   1.563 210.0  30.0   69
 2.275   90.0 -90  72  81  -1.563 210.0  30.0   93
 2.275   92.5 -90  72  84   1.563   0.0   0.0   93
 2.275   95.0 -90  72  90  -1.563   0.0   0.0  100
 2.275   97.5 -90  72  96  -1.563   0.0   0.0   99
 2.275  100.0 -90  72  81   1.563   0.0   0.0  101
 2.275  107.5 -90  72  96   1.563   0.0   0.0  113
 2.275  110.0 -90  72 105   1.563   0.0   0.0  113
 2.275  112.5 -90  72  96   1.563   0.0   0.0  113
 2.275  125.0 -90  72  84   1.563   0.0   0.0  129
 2.275  127.5 -90  72  81  -1.563 150.0  30.0  125
 2.275  192.5 -90  72  84  -1.563   0.0   0.0  197
 2.275  195.0 -90  72  84   1.563 270.0  30.0  200
 2.275  197.5 -90  72  84  -1.563 210.0  30.0  199
 2.275  207.5 -90  72  81   1.563   0.0   0.0  212
 2.275  307.5 -90  72  81  -1.563   0.0   0.0  310
 2.275  320.0 -90  72  81   1.563   0.0   0.0  325
 2.275  322.5 -90  72  84   1.563 210.0  30.0  325
 2.275  340.0 -90  72  81   4.688 210.0  30.0  341
 2.300  102.5  90  72  81  -1.563 270.0  30.0  107
 2.300  105.0  90  72  84  -1.563 210.0  30.0  114
 2.300  107.5  90  72 102  -1.563   0.0   0.0  112
 2.300  110.0  90  72  90  -1.563 210.0  30.0  111
 2.300  112.5  90  72  81  -1.563   0.0   0.0  115
 2.300  117.5  90  72  81   1.563   0.0   0.0  121
 2.300  217.5  90  72  84  -1.563   0.0   0.0  222
 2.300  220.0  90  72  84   1.563   0.0   0.0  223
 2.300  325.0  90  72  81  -1.563 150.0  30.0  329
 2.300  330.0  90  72  84   1.563   0.0   0.0  335
 2.300  332.5  90  72  90   1.563   0.0   0.0  336
 2.300  552.5  90  72  81  -1.563 270.0  30.0  561
 2.300  555.0  90  72  81  -1.563   0.0   0.0  559
 2.300   95.0 -90  72  93   1.563   0.0   0.0  100
 2.300   97.5 -90  72  93   1.563   0.0   0.0  100
 2.300  105.0 -90  72  81   1.563   0.0   0.0  110
 2.300  107.5 -90  72  96  -1.563   0.0   0.0  114
 2.300  110.0 -90  72 105  -1.563   0.0   0.0  114
 2.300  112.5 -90  72  93  -1.563   0.0   0.0  114
 2.300  125.0 -90  72  90  -1.563   0.0   0.0  130
 2.300  127.5 -90  72  87   1.563   0.0   0.0  131
 2.300  142.5 -90  72  81  -1.563   0.0   0.0  147
 2.300  192.5 -90  72  84   1.563   0.0   0.0  197
 2.300  195.0 -90  72  84   1.563   0.0   0.0  198
 2.300  197.5 -90  72  81   1.563 270.0  30.0  202
 2.300  207.5 -90  72  87  -1.563   0.0   0.0  213
 2.300  210.0 -90  72  87   1.563   0.0   0.0  213
 2.300  222.5 -90  72  81  -1.563 270.0  30.0  226
 2.300  320.0 -90  72  81   1.563   0.0   0.0  325
 2.300  395.0 -90  72  81   1.563   0.0   0.0  399
 2.325  105.0  90  72  81  -1.563   0.0   0.0  114
 2.325  107.5  90  72  96  -1.563 210.0  30.0  113
 2.325  110.0  90  72  93   1.563   0.0   0.0  113
 2.325  112.5  90  72  84  -1.563   0.0   0.0  118
 2.325  217.5  90  72  81  -1.563   0.0   0.0  224
 2.325  220.0  90  72  84  -1.563   0.0   0.0  225
 2.325  222.5  90  72  81  -1.563   0.0   0.0  227
 2.325  325.0  90  72  84  -1.563 150.0  30.0  330
 2.325  332.5  90  72  81   1.563   0.0   0.0  337
 2.325  555.0  90  72  84   1.563   0.0   0.0  560
 2.325  620.0  90  72  81   1.563   0.0   0.0  623
 2.325  665.0  90  72  81  -1.563   0.0   0.0  665
 2.325   95.0 -90  75  96  -1.563   0.0   0.0  100
 2.325   97.5 -90  75  96   1.563   0.0   0.0  101
 2.325  107.5 -90  75  93   1.563   0.0   0.0  114
 2.325  110.0 -90  75 102   1.563   0.0   0.0  114
 2.325  112.5 -90  75  90  -1.563   0.0   0.0  113
 2.325  125.0 -90  75  90   1.563   0.0   0.0  130
 2.325  127.5 -90  75  84   1.563   0.0   0.0  130
 2.325  142.5 -90  75  84  -1.563   0.0   0.0  143
 2.325  192.5 -90  75  87   1.563   0.0   0.0  199
 2.325  195.0 -90  75  84  -1.563   0.0   0.0  198
 2.325  207.5 -90  75  90  -1.563   0.0   0.0  212
 2.325  210.0 -90  75  87  -1.563   0.0   0.0  214
 2.350  107.5  90  72  87  -1.563 150.0  30.0  114
 2.350  110.0  90  72  87  -1.563 210.0  30.0  116
 2.350  112.5  90  72  84  -1.563   0.0   0.0  117
 2.350  217.5  90  72  81  -1.563   0.0   0.0  223
 2.350  220.0  90  72  90  -1.563   0.0   0.0  224
 2.350  222.5  90  72  84  -1.563   0.0   0.0  227
 2.350  325.0  90  72  84  -1.563 150.0  30.0  329
 2.350  330.0  90  72  84   1.563   0.0   0.0  332
 2.350  332.5  90  72  84   1.563   0.0   0.0  337
 2.350  425.0  90  72  84  -1.563 210.0  30.0  430
 2.350  555.0  90  72  81  -1.563   0.0   0.0  558
 2.350   95.0 -90  72  99   1.563   0.0   0.0  100
 2.350   97.5 -90  72  99   1.563   0.0   0.0  100
 2.350  100.0 -90  72  81   1.563   0.0   0.0  102
 2.350  107.5 -90  72  93  -1.563   0.0   0.0  114
 2.350  110.0 -90  72 102  -1.563   0.0   0.0  114
 2.350  112.5 -90  72  84   1.563 210.0  30.0  115
 2.350  122.5 -90  72  81  -1.563   0.0   0.0  131
 2.350  125.0 -90  72  90  -1.563   0.0   0.0  129
 2.350  127.5 -90  72  81   1.563  30.0  30.0  128
 2.350  157.5 -90  72  81  -1.563   0.0   0.0  162
 2.350  192.5 -90  72  84  -1.563   0.0   0.0  199
 2.350  195.0 -90  72  84  -1.563   0.0   0.0  198
 2.350  207.5 -90  72  90   1.563   0.0   0.0  212
 2.350  210.0 -90  72  84  -1.563   0.0   0.0  211
 2.350  305.0 -90  72  81  -1.563 210.0  30.0  311
 2.350  307.5 -90  72  81   1.563   0.0   0.0  312
 2.350  320.0 -90  72  81   1.563   0.0   0.0  324
 2.350  335.0 -90  72  84   1.563   0.0   0.0  340
 2.375  107.5  90  69  96   1.563   0.0   0.0  113
 2.375  110.0  90  69  93  -1.563   0.0   0.0  113
 2.375  112.5  90  69  78   1.563 150.0  30.0  116
 2.375  217.5  90  69  84   1.563   0.0   0.0  224
 2.375  220.0  90  69  87  -1.563   0.0   0.0  223
 2.375  222.5  90  69  84  -1.563   0.0   0.0  227
 2.375  325.0  90  69  84  -1.563   0.0   0.0  331
 2.375  330.0  90  69  84   1.563   0.0   0.0  335
 2.375  332.5  90  69  81  -1.563   0.0   0.0  337
 2.375  412.5  90  69  78   4.688 210.0  30.0  409
 2.375  422.5  90  69  78   1.563   0.0   0.0  432
 2.375  425.0  90  69  84  -1.563   0.0   0.0  430
 2.375  442.5  90  69  78   1.563  30.0  30.0  449
 2.375  555.0  90  69  78   1.563   0.0   0.0  560
 2.375   92.5 -90  72  81  -1.563   0.0   0.0  101
 2.375   95.0 -90  72  99   1.563   0.0   0.0  100
 2.375   97.5 -90  72  93  -1.563   0.0   0.0  100
 2.375  107.5 -90  72  93  -1.563   0.0   0.0  115
 2.375  110.0 -90  72 102  -1.563   0.0   0.0  114
 2.375  112.5 -90  72  87   1.563   0.0   0.0  113
 2.375  125.0 -90  72  87   1.563   0.0   0.0  131
 2.375  127.5 -90  72  84   1.563   0.0   0.0  131
 2.375  160.0 -90  72  81  -1.563  30.0  30.0  164
 2.375  192.5 -90  72  81   1.563   0.0   0.0  197
 2.375  195.0 -90  72  84  -1.563   0.0   0.0  199
 2.375  205.0 -90  72  81   1.563 270.0  30.0  209
 2.375  207.5 -90  72  90   1.563   0.0   0.0  212
 2.375  210.0 -90  72  84  -1.563   0.0   0.0  214
 2.375  222.5 -90  72  87   1.563  30.0  30.0  226
 2.375  305.0 -90  72  81  -1.563 210.0  30.0  315
 2.375  335.0 -90  72  84  -1.563   0.0   0.0  340
 2.400  105.0  90  75  87  -1.563   0.0   0.0  112
 2.400  107.5  90  75 102   1.563   0.0   0.0  112
 2.400  110.0  90  75  99   1.563   0.0   0.0  113
 2.400  217.5  90  75  87   1.563   0.0   0.0  222
 2.400  220.0  90  75  87  -1.563   0.0   0.0  224
 2.400  222.5  90  75  84  -1.563 210.0  30.0  229
 2.400  422.5  90  75  84  -1.563   0.0   0.0  428
 2.400  425.0  90  75  87   1.563   0.0   0.0  428
 2.400   92.5 -90  75  84  -1.563   0.0   0.0   98
 2.400   95.0 -90  75  99   1.563   0.0   0.0   99
 2.400   97.5 -90  75  87  -1.563   0.0   0.0   99
 2.400  100.0 -90  75  84  -1.563 210.0  30.0  103
 2.400  107.5 -90  75 102  -1.563   0.0   0.0  113
 2.400  110.0 -90  75 105  -1.563   0.0   0.0  114
 2.400  112.5 -90  75  90  -1.563   0.0   0.0  115
 2.400  125.0 -90  75  87   1.563   0.0   0.0  129
 2.400  127.5 -90  75  87  -1.563   0.0   0.0  129
 2.400  157.5 -90  75  84   1.563   0.0   0.0  162
 2.400  192.5 -90  75  84  -1.563   0.0   0.0  203
 2.400  195.0 -90  75  84   1.563   0.0   0.0  198
 2.400  207.5 -90  75  90  -1.563   0.0   0.0  211
 2.400  210.0 -90  75  87  -1.563   0.0   0.0  212
 2.400  220.0 -90  75  87  -1.563   0.0   0.0  227
 2.400  222.5 -90  75  96   1.563   0.0   0.0  227
 2.400  320.0 -90  75  84  -1.563   0.0   0.0  323
 2.425   90.0  90  75  84  -1.563   0.0   0.0   94
 2.425  105.0  90  75  84   1.563 210.0  30.0  113
 2.425  107.5  90  75 105   1.563   0.0   0.0  110
 2.425  110.0  90  75  96  -1.563   0.0   0.0  109
 2.425  112.5  90  75  87   1.563   0.0   0.0  115
 2.425  115.0  90  75  84   1.563 150.0  30.0  117
 2.425  217.5  90  75  87   1.563   0.0   0.0  222
 2.425  220.0  90  75  93   1.563   0.0   0.0  222
 2.425  330.0  90  75  84   1.563 150.0  30.0  332
 2.425  332.5  90  75  84   1.563  90.0  30.0  335
 2.425   80.0 -90  75  84  -1.563   0.0   0.0   89
 2.425   85.0 -90  75  84  -1.563   0.0   0.0   90
 2.425   92.5 -90  75  84  -1.563   0.0   0.0  101
 2.425   95.0 -90  75  99  -1.563   0.0   0.0   98
 2.425   97.5 -90  75  90  -1.563 210.0  30.0   99
 2.425  102.5 -90  75  84   1.563   0.0   0.0  107
 2.425  105.0 -90  75  87   1.563   0.0   0.0  108
 2.425  107.5 -90  75 105  -1.563 150.0  30.0  111
 2.425  110.0 -90  75 108  -1.563   0.0   0.0  111
 2.425  115.0 -90  75  87   1.563   0.0   0.0  117
 2.425  117.5 -90  75  87  -1.563   0.0   0.0  121
 2.425  125.0 -90  75  87  -1.563 150.0  30.0  127
 2.425  130.0 -90  75  84   1.563 330.0  30.0  134
 2.425  140.0 -90  75  84  -1.563   0.0   0.0  143
 2.425  142.5 -90  75  84  -1.563 210.0  30.0  148
 2.425  155.0 -90  75  84   1.563   0.0   0.0  161
 2.425  195.0 -90  75  84   1.563   0.0   0.0  197
 2.425  207.5 -90  75  90   1.563 210.0  30.0  211
 2.425  210.0 -90  75  87   1.563 210.0  30.0  210
 2.425  220.0 -90  75  93   1.563   0.0   0.0  223
 2.425  222.5 -90  75  96   1.563   0.0   0.0  223
 2.425  225.0 -90  75  84   4.688  30.0  30.0  232
 2.425  292.5 -90  75  84  -4.688   0.0   0.0  297
 2.425  295.0 -90  75  84  -4.688   0.0   0.0  292
 2.425  320.0 -90  75  87   1.563   0.0   0.0  321
 2.425 1007.5 -90  75  84  -1.563 210.0  30.0 1016
 2.450  105.0  90  75  87  -1.563  90.0  30.0  113
 2.450  107.5  90  75 105  -1.563   0.0   0.0  112
 2.450  110.0  90  75  99  -1.563   0.0   0.0  112
 2.450  112.5  90  75  87  -1.563 210.0  30.0  116
 2.450  217.5  90  75  90   1.563   0.0   0.0  223
 2.450  220.0  90  75  96   1.563   0.0   0.0  224
 2.450  325.0  90  75  84  -1.563 150.0  30.0  330
 2.450  927.5  90  75  84   1.563 330.0  30.0  929
 2.450 1137.5  90  75  84  -1.563 270.0  30.0 1152
 2.450 1157.5  90  75  84  -4.688 270.0  30.0 1143
 2.450 1185.0  90  75  84   1.563 270.0  30.0 1190
 2.450 1220.0  90  75  84  -1.563 330.0  30.0 1225
 2.450   95.0 -90  75  99   1.563   0.0   0.0   99
 2.450   97.5 -90  75  90  -1.563 330.0  30.0   99
 2.450  102.5 -90  75  84   1.563 210.0  30.0  109
 2.450  107.5 -90  75 108  -1.563   0.0   0.0  113
 2.450  110.0 -90  75 111  -1.563   0.0   0.0  113
 2.450  112.5 -90  75  93  -1.563   0.0   0.0  115
 2.450  125.0 -90  75  87   1.563   0.0   0.0  130
 2.450  127.5 -90  75  84  -1.563   0.0   0.0  129
 2.450  157.5 -90  75  84  -1.563   0.0   0.0  164
 2.450  160.0 -90  75  84   1.563   0.0   0.0  164
 2.450  207.5 -90  75  90   1.563   0.0   0.0  212
 2.450  210.0 -90  75  90  -1.563   0.0   0.0  213
 2.450  220.0 -90  75  96   1.563   0.0   0.0  225
 2.450  222.5 -90  75  99   1.563   0.0   0.0  226
 2.450  305.0 -90  75  84   1.563   0.0   0.0  310
 2.450  320.0 -90  75  84   1.563   0.0   0.0  325
 2.475   85.0  90  69  78  -4.688   0.0   0.0   88
 2.475  102.5  90  69  78   1.563 270.0  30.0  114
 2.475  105.0  90  69  90   1.563   0.0   0.0  106
 2.475  107.5  90  69 108  -1.563   0.0   0.0  118
 2.475  110.0  90  69 105  -1.563   0.0   0.0   98
 2.475  115.0  90  69  78  -1.563   0.0   0.0  106
 2.475  217.5  90  69  90   1.563   0.0   0.0  220
 2.475  220.0  90  69  96   1.563   0.0   0.0  213
 2.475  222.5  90  69  81   1.563   0.0   0.0  210
 2.475  325.0  90  69  84  -1.563 150.0  30.0  323
 2.475  327.5  90  69  78  -1.563 150.0  30.0  315
 2.475  335.0  90  69  78   1.563   0.0   0.0  335
 2.475  422.5  90  69  84  -1.563 150.0  30.0  426
 2.475  425.0  90  69  81  -1.563   0.0   0.0  411
 2.475  555.0  90  69  78  -1.563 210.0  30.0  553
 2.475  625.0  90  69  78  -1.563   0.0   0.0  610
 2.475 1242.5  90  69  78   1.563   0.0   0.0 1251
 2.475   92.5 -90  69  81   1.563 210.0  30.0   79
 2.475   95.0 -90  69  99   1.563   0.0   0.0   90
 2.475   97.5 -90  69  99  -1.563   0.0   0.0  107
 2.475  100.0 -90  69  87  -1.563 150.0  30.0   96
 2.475  107.5 -90  69 108  -1.563   0.0   0.0   99
 2.475  110.0 -90  69 111  -1.563   0.0   0.0  112
 2.475  112.5 -90  69  93   1.563   0.0   0.0  121
 2.475  117.5 -90  69  81  -1.563  90.0  30.0  109
 2.475  122.5 -90  69  81  -1.563 210.0  30.0  110
 2.475  127.5 -90  69  84  -1.563   0.0   0.0  139
 2.475  140.0 -90  69  78   1.563   0.0   0.0  148
 2.475  142.5 -90  69  84  -1.563 210.0  30.0  142
 2.475  157.5 -90  69  81  -1.563   0.0   0.0  161
 2.475  160.0 -90  69  78   1.563   0.0   0.0  175
 2.475  175.0 -90  69  81  -1.563   0.0   0.0  165
 2.475  195.0 -90  69  81   1.563   0.0   0.0  197
 2.475  207.5 -90  69  87  -1.563   0.0   0.0  214
 2.475  210.0 -90  69  87   1.563   0.0   0.0  205
 2.475  220.0 -90  69  96   1.563   0.0   0.0  229
 2.475  222.5 -90  69  96   1.563   0.0   0.0  210
 2.475  320.0 -90  69  84   1.563   0.0   0.0  328
 2.475  332.5 -90  69  78   1.563   0.0   0.0  324
 2.475  335.0 -90  69  84  -1.563   0.0   0.0  331
 2.475  337.5 -90  69  78   1.563   0.0   0.0  325
 2.475  350.0 -90  69  78  -1.563   0.0   0.0  361
 2.475  392.5 -90  69  78   1.563   0.0   0.0  396
 2.475  445.0 -90  69  81   1.563   0.0   0.0  437
 2.475  447.5 -90  69  84   1.563   0.0   0.0  438
 2.475  550.0 -90  69  78   4.688 210.0  30.0  551
 2.475  862.5 -90  69  78  -1.563 210.0  30.0  864
 2.475  887.5 -90  69  78   4.688  30.0  30.0  878
 2.475  902.5 -90  69  78  -1.563 210.0  30.0  915
 2.475  920.0 -90  69  78   4.688  30.0  30.0  931
 2.475 1267.5 -90  69  78   4.688 210.0  30.0 1278
 2.525   82.5  90  72  81   1.563   0.0   0.0   84
 2.525  105.0  90  72  90  -1.563   0.0   0.0  112
 2.525  107.5  90  72 111  -1.563   0.0   0.0  112
 2.525  110.0  90  72 105   1.563   0.0   0.0  112
 2.525  112.5  90  72  84  -1.563   0.0   0.0  115
 2.525  217.5  90  72  90  -1.563   0.0   0.0  224
 2.525  220.0  90  72  99   1.563   0.0   0.0  224
 2.525  222.5  90  72  90   1.563   0.0   0.0  225
 2.525  225.0  90  72  81   1.563 330.0  30.0  229
 2.525  445.0  90  72  81   1.563 270.0  30.0  448
 2.525  557.5  90  72  81   1.563 270.0  30.0  556
 2.525 1225.0  90  72  81  -4.688 330.0  30.0 1222
 2.525   95.0 -90  72  93  -1.563 270.0  30.0  100
 2.525   97.5 -90  72  84   1.563 330.0  30.0   93
 2.525  100.0 -90  72  81   1.563   0.0   0.0  100
 2.525  107.5 -90  72 105  -1.563   0.0   0.0  113
 2.525  110.0 -90  72 105  -1.563   0.0   0.0  113
 2.525  112.5 -90  72  87   1.563   0.0   0.0  114
 2.525  115.0 -90  72  84  -1.563 270.0  30.0  117
 2.525  122.5 -90  72  84   1.563   0.0   0.0  126
 2.525  125.0 -90  72  90  -1.563   0.0   0.0  129
 2.525  127.5 -90  72  81   1.563   0.0   0.0  129
 2.525  195.0 -90  72  84  -1.563   0.0   0.0  199
 2.525  197.5 -90  72  81   1.563   0.0   0.0  199
 2.525  207.5 -90  72  84   1.563   0.0   0.0  213
 2.525  210.0 -90  72  84   1.563 270.0  30.0  215
 2.525  220.0 -90  72  90   1.563   0.0   0.0  226
 2.525  222.5 -90  72  90   1.563   0.0   0.0  224
 2.525  320.0 -90  72  87  -1.563   0.0   0.0  324
 2.525  322.5 -90  72  81  -1.563 330.0  30.0  322
 2.525  332.5 -90  72  84   1.563   0.0   0.0  339
 2.525  335.0 -90  72  87   1.563   0.0   0.0  338
 2.525  445.0 -90  72  84  -1.563   0.0   0.0  449
 2.525  447.5 -90  72  87  -1.563   0.0   0.0  451
 2.550   80.0  90  75  84   1.563 330.0  30.0   86
 2.550   82.5  90  75  84   1.563 330.0  30.0   90
 2.550   85.0  90  75  87   1.563 330.0  30.0   92
 2.550   87.5  90  75  87   1.563 330.0  30.0   94
 2.550   90.0  90  75  87   1.563 330.0  30.0   96
 2.550   92.5  90  75  87   1.563 330.0  30.0   98
 2.550   95.0  90  75  87   1.563   0.0   0.0  101
 2.550   97.5  90  75  87   1.563   0.0   0.0  102
 2.550  100.0  90  75  87   1.563   0.0   0.0  105
 2.550  102.5  90  75  90   1.563 330.0  30.0  107
 2.550  107.5  90  75 108   1.563   0.0   0.0  113
 2.550  110.0  90  75 108  -1.563   0.0   0.0  113
 2.550  115.0  90  75  87   1.563   0.0   0.0  118
 2.550  117.5  90  75  87  -1.563   0.0   0.0  123
 2.550  120.0  90  75  90  -1.563   0.0   0.0  125
 2.550  122.5  90  75  87  -1.563   0.0   0.0  127
 2.550  125.0  90  75  87  -1.563   0.0   0.0  130
 2.550  127.5  90  75  84  -1.563   0.0   0.0  132
 2.550  130.0  90  75  84  -1.563   0.0   0.0  134
 2.550  132.5  90  75  84  -1.563   0.0   0.0  138
 2.550  135.0  90  75  87  -1.563   0.0   0.0  140
 2.550  137.5  90  75  84  -1.563   0.0   0.0  142
 2.550  140.0  90  75  84  -1.563   0.0   0.0  143
 2.550  217.5  90  75  90  -1.563   0.0   0.0  223
 2.550  220.0  90  75  96   1.563   0.0   0.0  223
 2.550  222.5  90  75  87  -1.563   0.0   0.0  227
 2.550   92.5 -90  75  84  -1.563   0.0   0.0   98
 2.550   95.0 -90  75  93   1.563   0.0   0.0  100
 2.550   97.5 -90  75  93  -1.563   0.0   0.0  100
 2.550  100.0 -90  75  84  -1.563   0.0   0.0  103
 2.550  107.5 -90  75 105  -1.563   0.0   0.0  113
 2.550  110.0 -90  75 102  -1.563   0.0   0.0  112
 2.550  112.5 -90  75  90  -1.563   0.0   0.0  115
 2.550  115.0 -90  75  84  -1.563   0.0   0.0  120
 2.550  125.0 -90  75  84  -1.563   0.0   0.0  130
 2.550  127.5 -90  75  87  -1.563   0.0   0.0  131
 2.550  130.0 -90  75  84  -1.563   0.0   0.0  134
 2.550  207.5 -90  75  87  -1.563   0.0   0.0  212
 2.550  210.0 -90  75  84   1.563   0.0   0.0  212
 2.550  220.0 -90  75  90   1.563   0.0   0.0  225
 2.550  222.5 -90  75  90   1.563   0.0   0.0  225
 2.550  320.0 -90  75  84  -1.563   0.0   0.0  324
 2.550  332.5 -90  75  84   1.563   0.0   0.0  339
 2.550  335.0 -90  75  87  -1.563   0.0   0.0  339
 2.550  445.0 -90  75  87   1.563   0.0   0.0  452
 2.550  447.5 -90  75  87   1.563   0.0   0.0  450
 2.575  105.0  90  78  87   1.563   0.0   0.0  111
 2.575  107.5  90  78 108   1.563   0.0   0.0  112
 2.575  110.0  90  78 105  -1.563   0.0   0.0  112
 2.575  217.5  90  78  90   1.563   0.0   0.0  223
 2.575  220.0  90  78  96   1.563   0.0   0.0  223
 2.575  222.5  90  78  87  -1.563   0.0   0.0  225
 2.575  332.5  90  78  87  -1.563   0.0   0.0  336
 2.575   95.0 -90  75  90  -1.563   0.0   0.0  100
 2.575  105.0 -90  75  84   1.563   0.0   0.0  111
 2.575  107.5 -90  75 105  -1.563   0.0   0.0  112
 2.575  110.0 -90  75 102   1.563   0.0   0.0  112
 2.575  112.5 -90  75  84   1.563   0.0   0.0  114
 2.575  207.5 -90  75  87  -1.563   0.0   0.0  212
 2.575  220.0 -90  75  90   1.563   0.0   0.0  225
 2.575  222.5 -90  75  93   1.563   0.0   0.0  225
 2.575  335.0 -90  75  84   1.563   0.0   0.0  340
 2.575  445.0 -90  75  84   1.563   0.0   0.0  448
 2.575  447.5 -90  75  84   1.563   0.0   0.0  448
 2.600   95.0  90  75  84   1.563   0.0   0.0  101
 2.600  107.5  90  75 105  -1.563   0.0   0.0  113
 2.600  110.0  90  75 105  -1.563   0.0   0.0  113
 2.600  120.0  90  75  84  -1.563 330.0  30.0  124
 2.600  192.5  90  75  84  -4.688 330.0  30.0  181
 2.600  195.0  90  75  84  -1.563 330.0  30.0  200
 2.600  207.5  90  75  84  -1.563 330.0  30.0  210
 2.600  217.5  90  75  87   1.563   0.0   0.0  223
 2.600  220.0  90  75  96   1.563   0.0   0.0  224
 2.600  222.5  90  75  87   1.563   0.0   0.0  226
 2.600  335.0  90  75  84   1.563   0.0   0.0  337
 2.600  367.5  90  75  84   1.563 150.0  30.0  374
 2.600  370.0  90  75  87  -1.563   0.0   0.0  373
 2.600  445.0  90  75  84   1.563 270.0  30.0  452
 2.600  655.0  90  75  84   4.688 330.0  30.0  669
 2.600   95.0 -90  75  87  -1.563   0.0   0.0  100
 2.600   97.5 -90  75  87   1.563 150.0  30.0  101
 2.600  107.5 -90  75 105   1.563   0.0   0.0  113
 2.600  110.0 -90  75 105   1.563   0.0   0.0  113
 2.600  115.0 -90  75  87  -1.563 210.0  30.0  119
 2.600  117.5 -90  75  84  -1.563 210.0  30.0  123
 2.600  220.0 -90  75  96   1.563   0.0   0.0  225
 2.600  222.5 -90  75  96  -1.563   0.0   0.0  225
 2.600  332.5 -90  75  87  -1.563 150.0  30.0  338
 2.600  335.0 -90  75  87   1.563   0.0   0.0  338
 2.625  107.5  90  87 114  -1.563   0.0   0.0  111
 2.625  110.0  90  87 108  -1.563   0.0   0.0  111
 2.625  112.5  90  87  99  -1.563   0.0   0.0  117
 2.625  217.5  90  87  99  -1.563   0.0   0.0  221
 2.625  220.0  90  87 105  -1.563   0.0   0.0  222
 2.625  332.5  90  87  96   1.563 270.0  30.0  337
 2.625  335.0  90  87  96  -1.563 270.0  30.0  337
 2.625  367.5  90  87  99   1.563 150.0  30.0  374
 2.625  370.0  90  87  99  -1.563 150.0  30.0  374
 2.625  630.0  90  87  96  -1.563   0.0   0.0  633
 2.625   97.5 -90  87 102  -1.563 150.0  30.0  101
 2.625  107.5 -90  87 117  -1.563   0.0   0.0  112
 2.625  110.0 -90  87 117   1.563   0.0   0.0  112
 2.625  112.5 -90  87  96  -1.563 210.0  30.0  115
 2.625  117.5 -90  87  96   1.563 270.0  30.0  121
 2.625  207.5 -90  87  96   1.563   0.0   0.0  211
 2.625  220.0 -90  87 108   1.563   0.0   0.0  224
 2.625  222.5 -90  87 108  -1.563   0.0   0.0  225
 2.625  332.5 -90  87  99  -1.563   0.0   0.0  337
 2.650  105.0  90  87  96   1.563   0.0   0.0  111
 2.650  107.5  90  87 111   1.563   0.0   0.0  112
 2.650  110.0  90  87  96  -1.563  30.0  30.0  107
 2.650  217.5  90  87  96  -1.563   0.0   0.0  225
 2.650  220.0  90  87 108   1.563   0.0   0.0  224
 2.650  222.5  90  87  99   1.563   0.0   0.0  226
 2.650  332.5  90  87  96  -1.563   0.0   0.0  337
 2.650  335.0  90  87  99  -1.563   0.0   0.0  339
 2.650   87.5 -90  87  96  -1.563 330.0  30.0   88
 2.650   95.0 -90  87  96  -1.563   0.0   0.0  101
 2.650   97.5 -90  87  99  -1.563   0.0   0.0  101
 2.650  107.5 -90  87 117   1.563   0.0   0.0  113
 2.650  110.0 -90  87 117   1.563   0.0   0.0  113
 2.650  175.0 -90  87  96   1.563   0.0   0.0  179
 2.650  220.0 -90  87 111  -1.563   0.0   0.0  225
 2.650  222.5 -90  87 108  -1.563   0.0   0.0  225
 2.650  332.5 -90  87  96   1.563   0.0   0.0  337
 2.650  942.5 -90  87  96   1.563  30.0  30.0  944
 2.675  107.5  90  75  99   1.563   0.0   0.0  112
 2.675  110.0  90  75  99   1.563   0.0   0.0  112
 2.675  112.5  90  75  90   1.563   0.0   0.0  114
 2.675  117.5  90  75  84  -1.563   0.0   0.0  120
 2.675  220.0  90  75  93   1.563   0.0   0.0  224
 2.675  222.5  90  75  87  -1.563   0.0   0.0  224
 2.675  370.0  90  75  84   1.563  90.0  30.0  374
 2.675   80.0 -90  75  84   1.563 270.0  30.0   86
 2.675   90.0 -90  75  84   1.563   0.0   0.0   97
 2.675   92.5 -90  75  84   1.563   0.0   0.0   98
 2.675   95.0 -90  75  84   1.563   0.0   0.0  100
 2.675   97.5 -90  75  84   1.563   0.0   0.0  101
 2.675  100.0 -90  75  87   1.563   0.0   0.0  102
 2.675  102.5 -90  75  84   1.563   0.0   0.0  104
 2.675  105.0 -90  75  84   1.563   0.0   0.0  107
 2.675  107.5 -90  75 105  -1.563   0.0   0.0  112
 2.675  110.0 -90  75 102  -1.563   0.0   0.0  112
 2.675  112.5 -90  75  93   1.563 210.0  30.0  116
 2.675  115.0 -90  75  90  -1.563 210.0  30.0  116
 2.675  120.0 -90  75  84   1.563   0.0   0.0  120
 2.675  220.0 -90  75  99   1.563   0.0   0.0  224
 2.675  222.5 -90  75  93   1.563   0.0   0.0  224
 2.675  332.5 -90  75  84   1.563   0.0   0.0  335
 2.700  105.0  90  75  87   1.563   0.0   0.0  112
 2.700  107.5  90  75 105  -1.563   0.0   0.0  113
 2.700  110.0  90  75 102   1.563   0.0   0.0  113
 2.700  112.5  90  75  87   1.563   0.0   0.0  118
 2.700  117.5  90  75  87   1.563   0.0   0.0  121
 2.700  120.0  90  75  84  -1.563  30.0  30.0  120
 2.700  220.0  90  75  87   1.563   0.0   0.0  226
 2.700  312.5  90  75  90   1.563   0.0   0.0  319
 2.700  315.0  90  75  90   1.563   0.0   0.0  317
 2.700  340.0  90  75  84  -1.563 150.0  30.0  344
 2.700  370.0  90  75  87  -1.563   0.0   0.0  374
 2.700   95.0 -90  75  84  -1.563 270.0  30.0   99
 2.700   97.5 -90  75  87   1.563 210.0  30.0  101
 2.700  100.0 -90  75  87  -1.563   0.0   0.0  102
 2.700  105.0 -90  75  84  -1.563 330.0  30.0  107
 2.700  107.5 -90  75 105   1.563   0.0   0.0  113
 2.700  110.0 -90  75 105  -1.563   0.0   0.0  113
 2.700  112.5 -90  75  87   1.563   0.0   0.0  115
 2.700  115.0 -90  75  90   1.563   0.0   0.0  117
 2.700  117.5 -90  75  84   1.563  30.0  30.0  119
 2.700  147.5 -90  75  84  -1.563  30.0  30.0  136
 2.700  220.0 -90  75  96   1.563   0.0   0.0  224
 2.700  222.5 -90  75  93  -1.563   0.0   0.0  225
 2.700  332.5 -90  75  87  -1.563   0.0   0.0  337
 2.725  107.5  90  75 105  -1.563   0.0   0.0  113
 2.725  110.0  90  75 105  -1.563   0.0   0.0  113
 2.725  112.5  90  75  84   1.563   0.0   0.0  118
 2.725  220.0  90  75  84   1.563 150.0  30.0  225
 2.725  222.5  90  75  87   1.563   0.0   0.0  226
 2.725  312.5  90  75  93  -1.563   0.0   0.0  317
 2.725  315.0  90  75  90   1.563   0.0   0.0  316
 2.725  100.0 -90  75  84  -1.563 150.0  30.0  104
 2.725  107.5 -90  75 105   1.563   0.0   0.0  113
 2.725  110.0 -90  75 105  -1.563   0.0   0.0  113
 2.725  112.5 -90  75  87  -1.563 210.0  30.0  116
 2.725  137.5 -90  75  84   1.563 210.0  30.0  141
 2.725  220.0 -90  75  93   1.563   0.0   0.0  224
 2.725  222.5 -90  75  90  -1.563   0.0   0.0  224
 2.725  332.5 -90  75  84   1.563   0.0   0.0  337
 2.725  335.0 -90  75  84   1.563   0.0   0.0  338
 2.725 1012.5 -90  75  84   4.688 270.0  30.0 1005
 2.750  105.0  90  72  81   1.563   0.0   0.0  110
 2.750  107.5  90  72 105  -1.563   0.0   0.0  113
 2.750  110.0  90  72 105  -1.563   0.0   0.0  113
 2.750  127.5  90  72  81  -1.563 270.0  30.0  131
 2.750  220.0  90  72  81   1.563   0.0   0.0  224
 2.750  222.5  90  72  84  -1.563   0.0   0.0  224
 2.750  312.5  90  72  99  -1.563   0.0   0.0  318
 2.750  315.0  90  72  96  -1.563   0.0   0.0  318
 2.750  317.5  90  72  81  -1.563   0.0   0.0  319
 2.750  342.5  90  72  81  -1.563   0.0   0.0  346
 2.750  385.0  90  72  81  -1.563 150.0  30.0  389
 2.750  445.0  90  72  81   1.563   0.0   0.0  449
 2.750   97.5 -90  72  84  -1.563 210.0  30.0  103
 2.750  100.0 -90  72  84  -1.563 150.0  30.0  103
 2.750  107.5 -90  72 102   1.563   0.0   0.0  113
 2.750  110.0 -90  72  99   1.563   0.0   0.0  113
 2.750  115.0 -90  72  81  -1.563 210.0  30.0  118
 2.750  122.5 -90  72  81   1.563   0.0   0.0  125
 2.750  127.5 -90  72  81   1.563   0.0   0.0  132
 2.750  135.0 -90  72  81   1.563 210.0  30.0  140
 2.750  137.5 -90  72  87  -1.563 210.0  30.0  141
 2.750  145.0 -90  72  84  -1.563 150.0  30.0  150
 2.750  147.5 -90  72  81   1.563 210.0  30.0  151
 2.750  160.0 -90  72  87  -1.563 150.0  30.0  165
 2.750  162.5 -90  72  84   1.563 150.0  30.0  166
 2.750  222.5 -90  72  90   1.563   0.0   0.0  226
 2.750  335.0 -90  72  84   1.563   0.0   0.0  337
 2.750  445.0 -90  72  84   1.563   0.0   0.0  449
 2.775   90.0  90  84  96  -1.563   0.0   0.0   94
 2.775   92.5  90  84  93  -1.563 330.0  30.0  103
 2.775   95.0  90  84  93  -1.563 330.0  30.0  101
 2.775   97.5  90  84  96  -1.563 330.0  30.0  100
 2.775  100.0  90  84  93   1.563   0.0   0.0  109
 2.775  102.5  90  84  96   1.563   0.0   0.0  107
 2.775  105.0  90  84  93  -1.563 330.0  30.0  107
 2.775  107.5  90  84 114  -1.563   0.0   0.0  113
 2.775  110.0  90  84 117  -1.563   0.0   0.0  114
 2.775  112.5  90  84  99   1.563   0.0   0.0  115
 2.775  115.0  90  84  93   1.563 330.0  30.0  122
 2.775  117.5  90  84  96  -1.563 330.0  30.0  122
 2.775  120.0  90  84  93   1.563   0.0   0.0  127
 2.775  122.5  90  84  96  -1.563 330.0  30.0  127
 2.775  127.5  90  84  93   1.563 330.0  30.0  134
 2.775  130.0  90  84  93  -1.563 330.0  30.0  135
 2.775  135.0  90  84  93  -1.563   0.0   0.0  138
 2.775  220.0  90  84  96   1.563   0.0   0.0  225
 2.775  222.5  90  84  96  -1.563   0.0   0.0  225
 2.775  230.0  90  84  93  -1.563   0.0   0.0  233
 2.775  287.5  90  84  93   1.563 330.0  30.0  295
 2.775  295.0  90  84  93  -1.563 330.0  30.0  297
 2.775  302.5  90  84  93  -1.563 330.0  30.0  304
 2.775  307.5  90  84  93   1.563 330.0  30.0  310
 2.775  312.5  90  84 111  -1.563   0.0   0.0  318
 2.775  315.0  90  84 114  -1.563   0.0   0.0  318
 2.775  317.5  90  84  96   1.563   0.0   0.0  322
 2.775  320.0  90  84  93   1.563 330.0  30.0  325
 2.775  340.0  90  84  93  -1.563   0.0   0.0  345
 2.775  385.0  90  84  93  -1.563 150.0  30.0  391
 2.775  427.5  90  84  93  -1.563   0.0   0.0  429
 2.775  570.0  90  84  93  -1.563   0.0   0.0  572
 2.775  630.0  90  84  93  -1.563   0.0   0.0  634
 2.775 1187.5  90  84  93   1.563   0.0   0.0 1192
 2.775   97.5 -90  84  93   1.563   0.0   0.0  102
 2.775  107.5 -90  84 111   1.563   0.0   0.0  112
 2.775  110.0 -90  84 108   1.563 330.0  30.0  112
 2.775  112.5 -90  84  96   1.563  90.0  30.0  117
 2.775  115.0 -90  84 102   1.563   0.0   0.0  121
 2.775  117.5 -90  84  96  -1.563   0.0   0.0  121
 2.775  135.0 -90  84  93  -1.563   0.0   0.0  142
 2.775  137.5 -90  84  96  -1.563 210.0  30.0  140
 2.775  145.0 -90  84  96   1.563 210.0  30.0  151
 2.775  147.5 -90  84  93   1.563   0.0   0.0  151
 2.775  160.0 -90  84  96  -1.563   0.0   0.0  164
 2.775  162.5 -90  84  93   1.563   0.0   0.0  167
 2.775  217.5 -90  84  93  -1.563 210.0  30.0  222
 2.775  220.0 -90  84 102   1.563   0.0   0.0  225
 2.775  222.5 -90  84 102   1.563   0.0   0.0  225
 2.775  327.5 -90  84  96  -1.563 150.0  30.0  332
 2.775  330.0 -90  84  93  -1.563   0.0   0.0  334
 2.775  332.5 -90  84  93   1.563 150.0  30.0  337
 2.775  335.0 -90  84  99   1.563   0.0   0.0  339
 2.775  445.0 -90  84  96   1.563   0.0   0.0  449
 2.775  447.5 -90  84  96   1.563   0.0   0.0  450
 2.775  557.5 -90  84  93   1.563 270.0  30.0  563
 2.800  107.5  90  84 111  -1.563   0.0   0.0  113
 2.800  110.0  90  84 117  -1.563   0.0   0.0  114
 2.800  112.5  90  84 102  -1.563   0.0   0.0  115
 2.800  115.0  90  84  93   1.563   0.0   0.0  118
 2.800  117.5  90  84  93   1.563   0.0   0.0  120
 2.800  220.0  90  84  93  -1.563   0.0   0.0  227
 2.800  222.5  90  84  93  -1.563   0.0   0.0  226
 2.800  312.5  90  84 111  -1.563   0.0   0.0  318
 2.800  315.0  90  84 114  -1.563   0.0   0.0  319
 2.800  317.5  90  84  93   1.563   0.0   0.0  320
 2.800  340.0  90  84  96   1.563   0.0   0.0  344
 2.800  427.5  90  84  96   1.563   0.0   0.0  431
 2.800  100.0 -90  84  93  -1.563   0.0   0.0  105
 2.800  107.5 -90  84 111   1.563   0.0   0.0  113
 2.800  110.0 -90  84 114   1.563   0.0   0.0  114
 2.800  112.5 -90  84 102  -1.563   0.0   0.0  116
 2.800  115.0 -90  84  99  -1.563   0.0   0.0  119
 2.800  117.5 -90  84  93   1.563  90.0  30.0  122
 2.800  125.0 -90  84  93  -1.563   0.0   0.0  131
 2.800  130.0 -90  84  93   1.563   0.0   0.0  135
 2.800  132.5 -90  84  93  -1.563   0.0   0.0  138
 2.800  137.5 -90  84  96  -1.563 210.0  30.0  142
 2.800  142.5 -90  84  93   1.563 210.0  30.0  147
 2.800  145.0 -90  84  96   1.563 210.0  30.0  150
 2.800  147.5 -90  84  99  -1.563 150.0  30.0  151
 2.800  220.0 -90  84 108   1.563   0.0   0.0  225
 2.800  222.5 -90  84 108   1.563   0.0   0.0  226
 2.800  225.0 -90  84  96  -1.563   0.0   0.0  228
 2.800  332.5 -90  84  93  -1.563 330.0  30.0  339
 2.800  335.0 -90  84 102   1.563   0.0   0.0  339
 2.800  557.5 -90  84  96   1.563   0.0   0.0  562
 2.825  107.5  90  81 105  -1.563   0.0   0.0  113
 2.825  110.0  90  81 111  -1.563   0.0   0.0  114
 2.825  112.5  90  81  93  -1.563  90.0  30.0  111
 2.825  222.5  90  81  90  -1.563   0.0   0.0  223
 2.825  312.5  90  81 105  -1.563   0.0   0.0  318
 2.825  315.0  90  81 114  -1.563   0.0   0.0  319
 2.825  317.5  90  81 102  -1.563   0.0   0.0  320
 2.825  332.5  90  81  90   1.563   0.0   0.0  335
 2.825  355.0  90  81  90  -1.563 150.0  30.0  361
 2.825  370.0  90  81  90  -1.563 150.0  30.0  374
 2.825  635.0  90  81  90  -1.563   0.0   0.0  637
 2.825  107.5 -90  84 108   1.563   0.0   0.0  113
 2.825  110.0 -90  84 111   1.563   0.0   0.0  113
 2.825  112.5 -90  84  96  -1.563  90.0  30.0  114
 2.825  137.5 -90  84  93  -1.563 210.0  30.0  141
 2.825  147.5 -90  84  96  -1.563 150.0  30.0  152
 2.825  220.0 -90  84 105   1.563   0.0   0.0  225
 2.825  222.5 -90  84 105  -1.563   0.0   0.0  225
 2.825  332.5 -90  84  93  -1.563   0.0   0.0  338
 2.825  335.0 -90  84  99  -1.563   0.0   0.0  339
 2.850  107.5  90  78  96   1.563   0.0   0.0  112
 2.850  110.0  90  78 102  -1.563   0.0   0.0  115
 2.850  112.5  90  78  90  -1.563   0.0   0.0  113
 2.850  312.5  90  78 102  -1.563   0.0   0.0  318
 2.850  315.0  90  78 108  -1.563   0.0   0.0  320
 2.850  317.5  90  78 102  -1.563   0.0   0.0  319
 2.850  430.0  90  78  87   1.563   0.0   0.0  433
 2.850  107.5 -90  81  99   1.563   0.0   0.0  113
 2.850  110.0 -90  81 102   1.563   0.0   0.0  113
 2.850  112.5 -90  81  90   1.563  90.0  30.0  115
 2.850  147.5 -90  81  90  -1.563 150.0  30.0  152
 2.850  220.0 -90  81  99   1.563   0.0   0.0  224
 2.850  222.5 -90  81 102   1.563   0.0   0.0  226
 2.850  335.0 -90  81  90   1.563   0.0   0.0  339
 2.875  107.5  90  78  93  -1.563   0.0   0.0  111
 2.875  110.0  90  78 102  -1.563   0.0   0.0  113
 2.875  112.5  90  78  96   1.563   0.0   0.0  114
 2.875  312.5  90  78  99  -1.563   0.0   0.0  317
 2.875  315.0  90  78 105  -1.563   0.0   0.0  318
 2.875  317.5  90  78 105  -1.563   0.0   0.0  318
 2.875  107.5 -90  81  96  -1.563   0.0   0.0  111
 2.875  110.0 -90  81 102  -1.563   0.0   0.0  111
 2.875  147.5 -90  81  90  -1.563 210.0  30.0  150
 2.875  220.0 -90  81  90   1.563   0.0   0.0  223
 2.875  222.5 -90  81  96   1.563   0.0   0.0  224
 2.900  107.5  90  78  96   1.563   0.0   0.0  113
 2.900  110.0  90  78 105  -1.563   0.0   0.0  114
 2.900  112.5  90  78  99   1.563   0.0   0.0  115
 2.900  312.5  90  78 102  -1.563   0.0   0.0  319
 2.900  315.0  90  78 114  -1.563   0.0   0.0  319
 2.900  317.5  90  78 108  -1.563   0.0   0.0  320
 2.900  430.0  90  78  90   1.563   0.0   0.0  434
 2.900  635.0  90  78  93  -1.563   0.0   0.0  640
 2.900  637.5  90  78  90  -1.563   0.0   0.0  638
 2.900  652.5  90  78  87   1.563   0.0   0.0  658
 2.900 1192.5  90  78  87   1.563   0.0   0.0 1196
 2.900 1240.0  90  78  87   1.563  30.0  30.0 1244
 2.900 1270.0  90  78  90  -1.563   0.0   0.0 1274
 2.900  107.5 -90  81 108  -1.563   0.0   0.0  113
 2.900  110.0 -90  81 108  -1.563   0.0   0.0  114
 2.900  112.5 -90  81  96   1.563   0.0   0.0  116
 2.900  132.5 -90  81  90  -1.563 150.0  30.0  138
 2.900  147.5 -90  81  90  -1.563 150.0  30.0  152
 2.900  220.0 -90  81  99  -1.563   0.0   0.0  224
 2.900  222.5 -90  81  96  -1.563   0.0   0.0  226
 2.900  225.0 -90  81  90  -1.563   0.0   0.0  230
 2.900  332.5 -90  81  90   1.563   0.0   0.0  337
 2.925  107.5  90  66  87  -1.563   0.0   0.0  114
 2.925  110.0  90  66  81  -1.563   0.0   0.0  116
 2.925  112.5  90  66  84   1.563   0.0   0.0  116
 2.925  222.5  90  66  81   1.563   0.0   0.0  228
 2.925  312.5  90  66  90  -1.563   0.0   0.0  320
 2.925  315.0  90  66 105  -1.563   0.0   0.0  321
 2.925  317.5  90  66  99  -1.563   0.0   0.0  321
 2.925  320.0  90  66  75  -1.563 270.0  30.0  326
 2.925  427.5  90  66  78   1.563   0.0   0.0  435
 2.925  430.0  90  66  84  -1.563   0.0   0.0  435
 2.925  540.0  90  66  75   1.563   0.0   0.0  545
 2.925  562.5  90  66  75  -1.563 210.0  30.0  570
 2.925  632.5  90  66  81  -1.563   0.0   0.0  639
 2.925  635.0  90  66  84  -1.563   0.0   0.0  641
 2.925  637.5  90  66  75  -1.563   0.0   0.0  641
 2.925  652.5  90  66  75   1.563   0.0   0.0  658
 2.925  762.5  90  66  75   1.563   0.0   0.0  768
 2.925 1192.5  90  66  75   1.563   0.0   0.0 1199
 2.925 1195.0  90  66  75  -1.563   0.0   0.0 1200
 2.925 1240.0  90  66  75  -1.563 330.0  30.0 1244
 2.925 1272.5  90  66  78   1.563   0.0   0.0 1278
 2.925  107.5 -90  69  99  -1.563   0.0   0.0  114
 2.925  110.0 -90  69  99  -1.563   0.0   0.0  114
 2.925  112.5 -90  69  81  -1.563   0.0   0.0  117
 2.925  115.0 -90  69  78  -1.563   0.0   0.0  121
 2.925  132.5 -90  69  78  -1.563 150.0  30.0  138
 2.925  147.5 -90  69  78  -1.563   0.0   0.0  154
 2.925  220.0 -90  69  84   1.563  30.0  30.0  225
 2.925  225.0 -90  69  78  -1.563 150.0  30.0  231
 2.925  227.5 -90  69  78   1.563   0.0   0.0  233
 2.925  332.5 -90  69  81   1.563   0.0   0.0  337
 2.925  425.0 -90  69  81  -1.563   0.0   0.0  431
 2.925  445.0 -90  69  78  -1.563   0.0   0.0  450
 2.950  107.5  90  66  87  -1.563   0.0   0.0  114
 2.950  110.0  90  66  90   1.563   0.0   0.0  114
 2.950  112.5  90  66  84   1.563   0.0   0.0  116
 2.950  220.0  90  66  75   1.563 210.0  30.0  227
 2.950  222.5  90  66  78   1.563 270.0  30.0  227
 2.950  312.5  90  66  90  -1.563   0.0   0.0  319
 2.950  315.0  90  66 108  -1.563   0.0   0.0  320
 2.950  317.5  90  66 102  -1.563   0.0   0.0  320
 2.950  427.5  90  66  78  -1.563   0.0   0.0  434
 2.950  430.0  90  66  84  -1.563   0.0   0.0  434
 2.950  540.0  90  66  75  -1.563   0.0   0.0  545
 2.950  632.5  90  66  81  -1.563   0.0   0.0  638
 2.950  635.0  90  66  81  -1.563   0.0   0.0  638
 2.950  762.5  90  66  75   1.563   0.0   0.0  767
 2.950  765.0  90  66  78   1.563   0.0   0.0  769
 2.950  857.5  90  66  75   1.563   0.0   0.0  864
 2.950 1195.0  90  66  78  -1.563   0.0   0.0 1200
 2.950 1197.5  90  66  75  -1.563   0.0   0.0 1201
 2.950 1240.0  90  66  75  -1.563  30.0  30.0 1245
 2.950  107.5 -90  69  96  -1.563   0.0   0.0  113
 2.950  110.0 -90  69  96   1.563   0.0   0.0  113
 2.950  220.0 -90  69  81   1.563   0.0   0.0  224
 2.950  222.5 -90  69  84   1.563   0.0   0.0  225
 2.950  227.5 -90  69  78  -1.563   0.0   0.0  233
 2.950  327.5 -90  69  78  -1.563 150.0  30.0  332
 2.950  332.5 -90  69  84   1.563   0.0   0.0  336
 2.950  425.0 -90  69  78  -1.563 150.0  30.0  431
 2.950  445.0 -90  69  84  -1.563   0.0   0.0  449
 2.950  447.5 -90  69  78   1.563 210.0  30.0  449
 2.950  557.5 -90  69  78   1.563   0.0   0.0  561
 2.950  750.0 -90  69  78  -4.688  30.0  30.0  761
 2.975  107.5  90  66  87  -1.563   0.0   0.0  114
 2.975  110.0  90  66  93  -1.563   0.0   0.0  114
 2.975  112.5  90  66  81   1.563   0.0   0.0  116
 2.975  222.5  90  66  81  -1.563   0.0   0.0  226
 2.975  312.5  90  66  87   1.563   0.0   0.0  320
 2.975  315.0  90  66 108  -1.563   0.0   0.0  320
 2.975  317.5  90  66 105  -1.563   0.0   0.0  320
 2.975  320.0  90  66  78  -1.563   0.0   0.0  321
 2.975  427.5  90  66  78  -1.563   0.0   0.0  434
 2.975  430.0  90  66  84  -1.563   0.0   0.0  434
 2.975  540.0  90  66  75   1.563   0.0   0.0  545
 2.975  542.5  90  66  75   1.563   0.0   0.0  545
 2.975  565.0  90  66  75  -1.563   0.0   0.0  569
 2.975  632.5  90  66  78   1.563   0.0   0.0  639
 2.975  635.0  90  66  84  -1.563   0.0   0.0  639
 2.975  637.5  90  66  81  -1.563   0.0   0.0  641
 2.975  750.0  90  66  75  -1.563   0.0   0.0  757
 2.975  972.5  90  66  75  -1.563  30.0  30.0  976
 2.975 1197.5  90  66  78   1.563   0.0   0.0 1201
 2.975 1240.0  90  66  75  -1.563  30.0  30.0 1247
 2.975 1242.5  90  66  78  -1.563  30.0  30.0 1247
 2.975  107.5 -90  69  90   1.563   0.0   0.0  112
 2.975  110.0 -90  69  87  -1.563   0.0   0.0  117
 2.975  112.5 -90  69  84  -1.563   0.0   0.0  117
 2.975  115.0 -90  69  81  -1.563   0.0   0.0  120
 2.975  135.0 -90  69  78   1.563   0.0   0.0  139
 2.975  220.0 -90  69  90   1.563   0.0   0.0  225
 2.975  222.5 -90  69  87   1.563   0.0   0.0  225
 2.975  225.0 -90  69  78  -1.563   0.0   0.0  230
 2.975  227.5 -90  69  78  -1.563   0.0   0.0  232
 2.975  327.5 -90  69  84  -1.563 150.0  30.0  332
 2.975  332.5 -90  69  84   1.563   0.0   0.0  337
 2.975  335.0 -90  69  78   1.563   0.0   0.0  339
 2.975  445.0 -90  69  84   1.563   0.0   0.0  449
 2.975  555.0 -90  69  78   1.563   0.0   0.0  561
 2.975  557.5 -90  69  81   1.563   0.0   0.0  560
 3.000  107.5  90  66  87  -1.563   0.0   0.0  114
 3.000  110.0  90  66  93  -1.563   0.0   0.0  114
 3.000  222.5  90  66  81   1.563   0.0   0.0  226
 3.000  312.5  90  66  81  -1.563   0.0   0.0  320
 3.000  315.0  90  66 108  -1.563   0.0   0.0  321
 3.000  317.5  90  66 108  -1.563   0.0   0.0  321
 3.000  320.0  90  66  81  -1.563   0.0   0.0  321
 3.000  427.5  90  66  75   1.563   0.0   0.0  433
 3.000  430.0  90  66  84  -1.563   0.0   0.0  434
 3.000  565.0  90  66  75  -1.563 150.0  30.0  570
 3.000  632.5  90  66  78   1.563   0.0   0.0  640
 3.000  635.0  90  66  87  -1.563   0.0   0.0  640
 3.000  637.5  90  66  84  -1.563   0.0   0.0  641
 3.000  640.0  90  66  78   1.563   0.0   0.0  643
 3.000 1275.0  90  66  75   1.563   0.0   0.0 1281
 3.000  107.5 -90  66  96   1.563   0.0   0.0  113
 3.000  110.0 -90  66  96  -1.563   0.0   0.0  113
 3.000  112.5 -90  66  81   1.563   0.0   0.0  115
 3.000  115.0 -90  66  78   1.563   0.0   0.0  124
 3.000  117.5 -90  66  78  -1.563 150.0  30.0  123
 3.000  122.5 -90  66  75  -1.563 210.0  30.0  128
 3.000  132.5 -90  66  78   1.563 150.0  30.0  136
 3.000  135.0 -90  66  75  -1.563 150.0  30.0  137
 3.000  217.5 -90  66  75  -1.563   0.0   0.0  221
 3.000  220.0 -90  66  93  -1.563   0.0   0.0  224
 3.000  222.5 -90  66  84   1.563   0.0   0.0  225
 3.000  325.0 -90  66  78   1.563 150.0  30.0  332
 3.000  327.5 -90  66  84  -1.563 150.0  30.0  332
 3.000  330.0 -90  66  75   1.563 150.0  30.0  336
 3.000  332.5 -90  66  81  -1.563   0.0   0.0  337
 3.000  442.5 -90  66  75   1.563   0.0   0.0  450
 3.000  445.0 -90  66  84   1.563   0.0   0.0  449
 3.000  525.0 -90  66  75   1.563  90.0  30.0  531
 3.000  555.0 -90  66  78   1.563   0.0   0.0  560
 3.000  557.5 -90  66  81   1.563   0.0   0.0  560
 3.025  107.5  90  66  84  -1.563   0.0   0.0  114
 3.025  110.0  90  66  93  -1.563   0.0   0.0  114
 3.025  112.5  90  66  81  -1.563 270.0  30.0  115
 3.025  222.5  90  66  81  -1.563   0.0   0.0  227
 3.025  312.5  90  66  78  -1.563   0.0   0.0  321
 3.025  315.0  90  66 105  -1.563   0.0   0.0  321
 3.025  317.5  90  66 108  -1.563   0.0   0.0  321
 3.025  320.0  90  66  87   1.563   0.0   0.0  321
 3.025  430.0  90  66  84   1.563   0.0   0.0  434
 3.025  432.5  90  66  78  -1.563   0.0   0.0  435
 3.025  542.5  90  66  75   1.563   0.0   0.0  545
 3.025  565.0  90  66  75  -1.563 210.0  30.0  574
 3.025  635.0  90  66  81   1.563   0.0   0.0  640
 3.025  640.0  90  66  75   1.563   0.0   0.0  643
 3.025  770.0  90  66  75   1.563 210.0  30.0  774
 3.025  862.5  90  66  75   1.563   0.0   0.0  866
 3.025 1200.0  90  66  75   1.563   0.0   0.0 1205
 3.025  107.5 -90  69 102   1.563   0.0   0.0  113
 3.025  110.0 -90  69  99  -1.563   0.0   0.0  112
 3.025  112.5 -90  69  84  -1.563   0.0   0.0  115
 3.025  217.5 -90  69  78   1.563   0.0   0.0  225
 3.025  220.0 -90  69  93   1.563   0.0   0.0  224
 3.025  225.0 -90  69  78   1.563 150.0  30.0  228
 3.025  325.0 -90  69  78  -1.563 150.0  30.0  333
 3.025  327.5 -90  69  87  -1.563 150.0  30.0  332
 3.025  332.5 -90  69  78   1.563   0.0   0.0  339
 3.025  425.0 -90  69  78  -1.563 150.0  30.0  430
 3.025  445.0 -90  69  84   1.563   0.0   0.0  449
 3.025  527.5 -90  69  78   1.563   0.0   0.0  532
 3.025  555.0 -90  69  78  -1.563 210.0  30.0  561
 3.025  557.5 -90  69  84   1.563   0.0   0.0  560
 3.050  107.5  90  66  81   1.563   0.0   0.0  115
 3.050  110.0  90  66  90   1.563   0.0   0.0  115
 3.050  112.5  90  66  84  -1.563   0.0   0.0  115
 3.050  222.5  90  66  75  -1.563   0.0   0.0  227
 3.050  315.0  90  66 102  -1.563   0.0   0.0  321
 3.050  317.5  90  66 108  -1.563   0.0   0.0  321
 3.050  320.0  90  66  90   1.563   0.0   0.0  322
 3.050  430.0  90  66  81   1.563   0.0   0.0  435
 3.050  432.5  90  66  81  -1.563   0.0   0.0  435
 3.050  470.0  90  66  75  -1.563 210.0  30.0  478
 3.050  527.5  90  66  75   1.563 210.0  30.0  531
 3.050  530.0  90  66  78   1.563  90.0  30.0  533
 3.050  542.5  90  66  78  -1.563   0.0   0.0  546
 3.050  545.0  90  66  75  -1.563   0.0   0.0  547
 3.050  565.0  90  66  75  -1.563 150.0  30.0  572
 3.050  635.0  90  66  81   1.563   0.0   0.0  638
 3.050  637.5  90  66  78  -1.563   0.0   0.0  642
 3.050  640.0  90  66  81  -1.563   0.0   0.0  644
 3.050  765.0  90  66  75  -1.563   0.0   0.0  770
 3.050  772.5  90  66  75  -1.563   0.0   0.0  775
 3.050  862.5  90  66  75  -1.563   0.0   0.0  867
 3.050  957.5  90  66  75  -1.563   0.0   0.0  962
 3.050  960.0  90  66  75  -1.563  30.0  30.0  965
 3.050  980.0  90  66  75  -1.563 270.0  30.0  986
 3.050  105.0 -90  69  78   1.563   0.0   0.0  114
 3.050  107.5 -90  69 105  -1.563   0.0   0.0  113
 3.050  110.0 -90  69 102  -1.563   0.0   0.0  113
 3.050  112.5 -90  69  90   1.563   0.0   0.0  116
 3.050  115.0 -90  69  78   1.563   0.0   0.0  117
 3.050  217.5 -90  69  81   1.563   0.0   0.0  224
 3.050  220.0 -90  69  93  -1.563   0.0   0.0  224
 3.050  222.5 -90  69  78  -1.563   0.0   0.0  221
 3.050  225.0 -90  69  84   1.563   0.0   0.0  229
 3.050  325.0 -90  69  81  -1.563 150.0  30.0  331
 3.050  327.5 -90  69  87  -1.563 150.0  30.0  332
 3.050  332.5 -90  69  78   1.563   0.0   0.0  338
 3.050  335.0 -90  69  84   1.563   0.0   0.0  340
 3.050  337.5 -90  69  81  -1.563   0.0   0.0  342
 3.050  425.0 -90  69  81  -1.563 150.0  30.0  430
 3.050  445.0 -90  69  81  -1.563   0.0   0.0  449
 3.050  527.5 -90  69  78   1.563   0.0   0.0  533
 3.050  557.5 -90  69  84   1.563   0.0   0.0  561
 3.050  640.0 -90  69  78  -1.563   0.0   0.0  644
 3.075  107.5  90  66  75  -1.563  90.0  30.0  112
 3.075  110.0  90  66  87   1.563   0.0   0.0  115
 3.075  112.5  90  66  87   1.563   0.0   0.0  115
 3.075  315.0  90  66  99  -1.563   0.0   0.0  321
 3.075  317.5  90  66  99  -1.563   0.0   0.0  320
 3.075  320.0  90  66  84  -1.563   0.0   0.0  323
 3.075  430.0  90  66  78  -1.563   0.0   0.0  435
 3.075  530.0  90  66  81  -1.563   0.0   0.0  534
 3.075  532.5  90  66  75  -1.563   0.0   0.0  536
 3.075  542.5  90  66  75   1.563   0.0   0.0  548
 3.075  635.0  90  66  78  -1.563   0.0   0.0  642
 3.075  637.5  90  66  84   1.563   0.0   0.0  641
 3.075  640.0  90  66  75   1.563   0.0   0.0  646
 3.075  765.0  90  66  75  -1.563 150.0  30.0  770
 3.075  767.5  90  66  75  -1.563   0.0   0.0  770
 3.075  865.0  90  66  75  -1.563   0.0   0.0  871
 3.075 1245.0  90  66  75   1.563  30.0  30.0 1251
 3.075 1280.0  90  66  75   1.563   0.0   0.0 1282
 3.075  105.0 -90  69  81  -1.563   0.0   0.0  114
 3.075  107.5 -90  69 105  -1.563   0.0   0.0  112
 3.075  110.0 -90  69 105  -1.563   0.0   0.0  113
 3.075  112.5 -90  69  87   1.563   0.0   0.0  113
 3.075  115.0 -90  69  78  -1.563  90.0  30.0  118
 3.075  217.5 -90  69  81   1.563   0.0   0.0  223
 3.075  220.0 -90  69  93  -1.563   0.0   0.0  224
 3.075  222.5 -90  69  84  -1.563   0.0   0.0  225
 3.075  225.0 -90  69  78   1.563   0.0   0.0  230
 3.075  325.0 -90  69  78  -1.563 150.0  30.0  331
 3.075  327.5 -90  69  84  -1.563 150.0  30.0  331
 3.075  332.5 -90  69  78   1.563   0.0   0.0  337
 3.075  335.0 -90  69  78  -1.563   0.0   0.0  339
 3.075  425.0 -90  69  78  -1.563 150.0  30.0  429
 3.075  445.0 -90  69  78   1.563   0.0   0.0  448
 3.075  557.5 -90  69  81   1.563   0.0   0.0  562
 3.100  112.5  90  72  84   1.563   0.0   0.0  116
 3.100  315.0  90  72  93  -1.563   0.0   0.0  321
 3.100  317.5  90  72 102  -1.563   0.0   0.0  321
 3.100  320.0  90  72  93  -1.563   0.0   0.0  324
 3.100  322.5  90  72  81   1.563   0.0   0.0  328
 3.100  527.5  90  72  81   1.563 270.0  30.0  530
 3.100  530.0  90  72  81  -1.563  90.0  30.0  536
 3.100  585.0  90  72  81   1.563 270.0  30.0  570
 3.100  625.0  90  72  81  -1.563 270.0  30.0  622
 3.100  635.0  90  72  81  -1.563   0.0   0.0  640
 3.100  637.5  90  72  87   1.563   0.0   0.0  642
 3.100  640.0  90  72  81  -1.563   0.0   0.0  647
 3.100  750.0  90  72  81   4.688 270.0  30.0  755
 3.100  757.5  90  72  81   1.563 270.0  30.0  746
 3.100  767.5  90  72  81  -1.563 270.0  30.0  777
 3.100  805.0  90  72  81   1.563 270.0  30.0  802
 3.100  852.5  90  72  84  -4.688 270.0  30.0  847
 3.100  860.0  90  72  81   1.563 270.0  30.0  856
 3.100  877.5  90  72  81   4.688 270.0  30.0  874
 3.100  905.0  90  72  81   1.563 270.0  30.0  896
 3.100 1000.0  90  72  81   4.688 270.0  30.0  994
 3.100 1030.0  90  72  81   4.688 270.0  30.0 1036
 3.100 1032.5  90  72  81   1.563 270.0  30.0 1019
 3.100 1045.0  90  72  81   1.563 270.0  30.0 1041
 3.100 1060.0  90  72  81  -4.688 270.0  30.0 1069
 3.100  105.0 -90  72  81  -1.563   0.0   0.0  115
 3.100  107.5 -90  72 105   1.563   0.0   0.0  113
 3.100  110.0 -90  72 102   1.563   0.0   0.0  112
 3.100  112.5 -90  72  90   1.563   0.0   0.0  116
 3.100  115.0 -90  72  81   1.563   0.0   0.0  118
 3.100  220.0 -90  72  90  -1.563   0.0   0.0  224
 3.100  227.5 -90  72  81   1.563 150.0  30.0  231
 3.100  327.5 -90  72  81  -1.563  90.0  30.0  331
 3.100  335.0 -90  72  81   1.563   0.0   0.0  337
 3.125  315.0  90  78  93  -1.563   0.0   0.0  320
 3.125  317.5  90  78 105   1.563   0.0   0.0  322
 3.125  320.0  90  78  99  -1.563   0.0   0.0  322
 3.125  637.5  90  78  87  -1.563   0.0   0.0  641
 3.125  105.0 -90  75  84  -1.563   0.0   0.0  108
 3.125  107.5 -90  75 105   1.563   0.0   0.0  113
 3.125  110.0 -90  75 105   1.563   0.0   0.0  113
 3.125  112.5 -90  75  90  -1.563   0.0   0.0  113
 3.125  115.0 -90  75  84  -1.563 210.0  30.0  115
 3.125  220.0 -90  75  90  -1.563   0.0   0.0  224
 3.125  222.5 -90  75  87   1.563   0.0   0.0  227
 3.125  225.0 -90  75  84  -1.563   0.0   0.0  226
 3.150  315.0  90  81  93  -1.563  30.0  30.0  321
 3.150  317.5  90  81 105  -1.563   0.0   0.0  322
 3.150  320.0  90  81  99  -1.563   0.0   0.0  322
 3.150  107.5 -90  81 108   1.563   0.0   0.0  113
 3.150  110.0 -90  81 108   1.563   0.0   0.0  113
 3.150  112.5 -90  81  90  -1.563   0.0   0.0  114
 3.175  317.5  90  81 105   1.563   0.0   0.0  323
 3.175  320.0  90  81  99  -1.563   0.0   0.0  323
 3.175  107.5 -90  78 105   1.563   0.0   0.0  113
 3.175  110.0 -90  78 105   1.563   0.0   0.0  113
 3.175  220.0 -90  78  93  -1.563   0.0   0.0  226
 3.200  315.0  90  72  81  -1.563   0.0   0.0  322
 3.200  317.5  90  72 105  -1.563   0.0   0.0  323
 3.200  320.0  90  72 105   1.563   0.0   0.0  323
 3.200  322.5  90  72  81  -1.563   0.0   0.0  321
 3.200  532.5  90  72  84  -1.563   0.0   0.0  538
 3.200  535.0  90  72  81  -1.563  90.0  30.0  538
 3.200  640.0  90  72  81   1.563   0.0   0.0  642
 3.200  645.0  90  72  81  -1.563   0.0   0.0  651
 3.200  107.5 -90  72 105   1.563   0.0   0.0  113
 3.200  110.0 -90  72 108   1.563   0.0   0.0  113
 3.200  112.5 -90  72  87   1.563   0.0   0.0  114
 3.200  217.5 -90  72  84   1.563   0.0   0.0  224
 3.200  220.0 -90  72  93   1.563   0.0   0.0  224
 3.200  222.5 -90  72  87  -1.563   0.0   0.0  227
 3.200  225.0 -90  72  84  -1.563   0.0   0.0  230
 3.200  227.5 -90  72  81  -1.563 210.0  30.0  231
 3.200  327.5 -90  72  84   1.563 150.0  30.0  331
 3.200  332.5 -90  72  84   1.563   0.0   0.0  336
 3.200  335.0 -90  72  84  -1.563   0.0   0.0  340
 3.225  317.5  90  72 102   1.563   0.0   0.0  323
 3.225  320.0  90  72 105  -1.563   0.0   0.0  324
 3.225  322.5  90  72  81   1.563   0.0   0.0  325
 3.225  535.0  90  72  81  -1.563 150.0  30.0  538
 3.225  640.0  90  72  81  -1.563   0.0   0.0  645
 3.225  645.0  90  72  81   1.563   0.0   0.0  650
 3.225  755.0  90  72  81  -1.563   0.0   0.0  761
 3.225 1082.5  90  72  81   1.563   0.0   0.0 1080
 3.225  107.5 -90  75 102   1.563   0.0   0.0  114
 3.225  110.0 -90  75 108   1.563   0.0   0.0  114
 3.225  112.5 -90  75  93   1.563   0.0   0.0  115
 3.225  220.0 -90  75  93   1.563   0.0   0.0  225
 3.250  317.5  90  75  99  -1.563   0.0   0.0  323
 3.250  320.0  90  75 102  -1.563   0.0   0.0  323
 3.250  535.0  90  75  84  -1.563   0.0   0.0  539
 3.250  105.0 -90  75  84   1.563   0.0   0.0  110
 3.250  107.5 -90  75  93  -1.563   0.0   0.0  114
 3.250  110.0 -90  75 105  -1.563   0.0   0.0  114
 3.250  112.5 -90  75  93   1.563   0.0   0.0  114
 3.250  117.5 -90  75  84   1.563   0.0   0.0  121
 3.250  220.0 -90  75  93   1.563   0.0   0.0  224
 3.250  222.5 -90  75  84  -1.563   0.0   0.0  224
 3.250  320.0 -90  75  84  -1.563   0.0   0.0  324
 3.250  372.5 -90  75  84  -1.563 150.0  30.0  377
 3.275  132.5  90  75  84  -4.688 330.0  30.0  145
 3.275  217.5  90  75  84   4.688 330.0  30.0  224
 3.275  315.0  90  75  84   1.563 330.0  30.0  322
 3.275  317.5  90  75  99  -1.563   0.0   0.0  323
 3.275  320.0  90  75 102  -1.563   0.0   0.0  322
 3.275  322.5  90  75  87   1.563 330.0  30.0  322
 3.275  327.5  90  75  84   1.563 330.0  30.0  333
 3.275  330.0  90  75  84   1.563 330.0  30.0  336
 3.275  335.0  90  75  84   1.563 330.0  30.0  339
 3.275  535.0  90  75  84   1.563   0.0   0.0  537
 3.275 1245.0  90  75  84  -4.688 330.0  30.0 1231
 3.275 1252.5  90  75  84   4.688 330.0  30.0 1257
 3.275  107.5 -90  75  93  -1.563   0.0   0.0  113
 3.275  110.0 -90  75  96   1.563   0.0   0.0  113
 3.275  112.5 -90  75  87  -1.563   0.0   0.0  113
 3.275  220.0 -90  75  93  -1.563   0.0   0.0  223
 3.275  222.5 -90  75  87   1.563   0.0   0.0  224
 3.275  320.0 -90  75  87  -1.563   0.0   0.0  322
 3.275  372.5 -90  75  84  -1.563 150.0  30.0  375
 3.300  317.5  90  72  96  -1.563   0.0   0.0  324
 3.300  320.0  90  72 102   1.563   0.0   0.0  324
 3.300  322.5  90  72  90   1.563   0.0   0.0  324
 3.300  340.0  90  72  81  -1.563   0.0   0.0  344
 3.300  535.0  90  72  81   1.563   0.0   0.0  543
 3.300  537.5  90  72  81  -1.563  90.0  30.0  541
 3.300  107.5 -90  72  90  -1.563   0.0   0.0  113
 3.300  110.0 -90  72  87  -1.563   0.0   0.0  112
 3.300  220.0 -90  72  90   1.563   0.0   0.0  225
 3.300  222.5 -90  72  84   1.563   0.0   0.0  224
 3.300  320.0 -90  72  81  -1.563   0.0   0.0  322
 3.300  340.0 -90  72  81  -1.563 210.0  30.0  340
 3.300  372.5 -90  72  81  -1.563 150.0  30.0  378
 3.325  317.5  90  72  93  -1.563   0.0   0.0  324
 3.325  320.0  90  72 105  -1.563   0.0   0.0  325
 3.325  322.5  90  72  93   1.563   0.0   0.0  325
 3.325  642.5  90  72  81  -1.563   0.0   0.0  648
 3.325  107.5 -90  72  90   1.563   0.0   0.0  113
 3.325  110.0 -90  72  90   1.563   0.0   0.0  114
 3.325  112.5 -90  72  84   1.563   0.0   0.0  116
 3.325  115.0 -90  72  81   1.563 210.0  30.0  117
 3.325  220.0 -90  72  87  -1.563   0.0   0.0  225
 3.325  222.5 -90  72  84   1.563   0.0   0.0  225
 3.325  320.0 -90  72  81  -1.563   0.0   0.0  325
 3.325  372.5 -90  72  84  -1.563   0.0   0.0  376
 3.325  642.5 -90  72  81   1.563   0.0   0.0  649
 3.350  300.0  90  72  81  -1.563   0.0   0.0  305
 3.350  310.0  90  72  81  -1.563   0.0   0.0  314
 3.350  315.0  90  72  81  -1.563   0.0   0.0  321
 3.350  317.5  90  72  87  -1.563   0.0   0.0  326
 3.350  320.0  90  72 105  -1.563   0.0   0.0  325
 3.350  322.5  90  72  99  -1.563   0.0   0.0  324
 3.350  330.0  90  72  81  -1.563   0.0   0.0  335
 3.350  335.0  90  72  81  -1.563   0.0   0.0  341
 3.350  642.5  90  72  81  -1.563   0.0   0.0  646
 3.350  760.0  90  72  81   1.563   0.0   0.0  763
 3.350 1105.0  90  72  81  -1.563 150.0  30.0 1111
 3.350  107.5 -90  72  90  -1.563   0.0   0.0  114
 3.350  110.0 -90  72  93   1.563   0.0   0.0  114
 3.350  220.0 -90  72  81   1.563   0.0   0.0  223
 3.350  320.0 -90  72  84   1.563   0.0   0.0  324
 3.350  642.5 -90  72  81   1.563   0.0   0.0  648
 3.350  645.0 -90  72  81  -1.563   0.0   0.0  649
 3.375  317.5  90  75  87   1.563   0.0   0.0  322
 3.375  320.0  90  75 105  -1.563   0.0   0.0  324
 3.375  322.5  90  75 102  -1.563   0.0   0.0  324
 3.375  335.0  90  75  84   1.563   0.0   0.0  338
 3.375  645.0  90  75  84  -1.563   0.0   0.0  649
 3.375  760.0  90  75  84   1.563   0.0   0.0  763
 3.375 1227.5  90  75  84   1.563 330.0  30.0 1234
 3.375  107.5 -90  75  87  -1.563   0.0   0.0  112
 3.375  110.0 -90  75  90  -1.563   0.0   0.0  113
 3.375  112.5 -90  75  84   1.563   0.0   0.0  115
 3.375  320.0 -90  75  90  -1.563   0.0   0.0  324
 3.375  322.5 -90  75  87  -1.563   0.0   0.0  325
 3.400  300.0  90  72  81   1.563   0.0   0.0  304
 3.400  315.0  90  72  81   1.563   0.0   0.0  321
 3.400  317.5  90  72  87  -1.563   0.0   0.0  323
 3.400  320.0  90  72 105  -1.563   0.0   0.0  325
 3.400  322.5  90  72 105  -1.563   0.0   0.0  325
 3.400  325.0  90  72  84   1.563   0.0   0.0  326
 3.400  327.5  90  72  81  -1.563 330.0  30.0  332
 3.400  332.5  90  72  81  -1.563 330.0  30.0  337
 3.400  337.5  90  72  81  -1.563 330.0  30.0  341
 3.400  537.5  90  72  81   1.563   0.0   0.0  542
 3.400  540.0  90  72  81  -1.563   0.0   0.0  543
 3.400  572.5  90  72  81  -1.563 150.0  30.0  578
 3.400  575.0  90  72  84  -1.563 150.0  30.0  578
 3.400  107.5 -90  72  84  -1.563   0.0   0.0  114
 3.400  110.0 -90  72  81  -1.563  90.0  30.0  112
 3.400  112.5 -90  72  81   1.563   0.0   0.0  115
 3.400  220.0 -90  72  87   1.563   0.0   0.0  226
 3.400  222.5 -90  72  87  -1.563   0.0   0.0  226
 3.400  317.5 -90  72  84  -1.563   0.0   0.0  323
 3.400  320.0 -90  72  96  -1.563   0.0   0.0  325
 3.400  322.5 -90  72  87   1.563   0.0   0.0  325
 3.400  642.5 -90  72  81  -1.563   0.0   0.0  648
 3.400  645.0 -90  72  87   1.563   0.0   0.0  649
 3.425  320.0  90  72 105  -1.563   0.0   0.0  327
 3.425  322.5  90  72 108  -1.563   0.0   0.0  327
 3.425  325.0  90  72  87   1.563   0.0   0.0  327
 3.425  540.0  90  72  81  -1.563   0.0   0.0  547
 3.425  575.0  90  72  87  -1.563 150.0  30.0  582
 3.425  107.5 -90  72  84  -1.563   0.0   0.0  115
 3.425  110.0 -90  72  81  -1.563  90.0  30.0  115
 3.425  220.0 -90  72  87  -1.563   0.0   0.0  227
 3.425  222.5 -90  72  90  -1.563   0.0   0.0  227
 3.425  317.5 -90  72  84   1.563   0.0   0.0  325
 3.425  320.0 -90  72 102  -1.563   0.0   0.0  326
 3.425  322.5 -90  72  99  -1.563   0.0   0.0  327
 3.425  325.0 -90  72  81   1.563 330.0  30.0  328
 3.425  642.5 -90  72  81  -1.563   0.0   0.0  648
 3.425  645.0 -90  72  84  -1.563   0.0   0.0  650
 3.425  647.5 -90  72  81  -1.563   0.0   0.0  654
 3.450  320.0  90  72 105  -1.563   0.0   0.0  326
 3.450  322.5  90  72 108  -1.563   0.0   0.0  326
 3.450  325.0  90  72  90  -1.563   0.0   0.0  327
 3.450  540.0  90  72  81  -1.563   0.0   0.0  544
 3.450  575.0  90  72  81  -1.563 150.0  30.0  581
 3.450  577.5  90  72  81  -1.563 150.0  30.0  583
 3.450  775.0  90  72  81  -1.563   0.0   0.0  778
 3.450  107.5 -90  69  84  -1.563   0.0   0.0  114
 3.450  110.0 -90  69  81  -1.563  90.0  30.0  113
 3.450  112.5 -90  69  78   1.563 210.0  30.0  119
 3.450  115.0 -90  69  78  -1.563 210.0  30.0  119
 3.450  220.0 -90  69  84   1.563   0.0   0.0  225
 3.450  222.5 -90  69  87  -1.563   0.0   0.0  226
 3.450  317.5 -90  69  81  -1.563   0.0   0.0  324
 3.450  320.0 -90  69 102  -1.563   0.0   0.0  325
 3.450  322.5 -90  69  99  -1.563   0.0   0.0  325
 3.450  342.5 -90  69  78  -1.563 210.0  30.0  346
 3.450  435.0 -90  69  78   1.563   0.0   0.0  441
 3.450  642.5 -90  69  78   1.563   0.0   0.0  649
 3.450  645.0 -90  69  84  -1.563   0.0   0.0  649
 3.450  647.5 -90  69  84  -1.563   0.0   0.0  652
 3.450  757.5 -90  69  78  -1.563   0.0   0.0  762
 3.450  760.0 -90  69  78  -1.563   0.0   0.0  762
 3.475  320.0  90  66 102  -1.563   0.0   0.0  326
 3.475  322.5  90  66 108  -1.563   0.0   0.0  327
 3.475  325.0  90  66  93  -1.563   0.0   0.0  327
 3.475  540.0  90  66  75   1.563   0.0   0.0  543
 3.475  575.0  90  66  75  -1.563 150.0  30.0  582
 3.475  577.5  90  66  75  -1.563 150.0  30.0  583
 3.475  585.0  90  66  78  -1.563 150.0  30.0  590
 3.475  647.5  90  66  75  -1.563   0.0   0.0  654
 3.475  650.0  90  66  78  -1.563   0.0   0.0  656
 3.475  652.5  90  66  75  -1.563   0.0   0.0  655
 3.475  762.5  90  66  75   1.563   0.0   0.0  766
 3.475  775.0  90  66  81  -1.563   0.0   0.0  780
 3.475  777.5  90  66  78  -1.563   0.0   0.0  780
 3.475  780.0  90  66  75  -1.563   0.0   0.0  787
 3.475  975.0  90  66  78   1.563   0.0   0.0  979
 3.475  977.5  90  66  75   1.563   0.0   0.0  980
 3.475 1210.0  90  66  75   1.563 270.0  30.0 1214
 3.475  107.5 -90  69  84   1.563   0.0   0.0  114
 3.475  110.0 -90  69  84  -1.563   0.0   0.0  114
 3.475  112.5 -90  69  78  -1.563   0.0   0.0  119
 3.475  115.0 -90  69  78   1.563   0.0   0.0  119
 3.475  220.0 -90  69  81   1.563   0.0   0.0  226
 3.475  317.5 -90  69  81   1.563   0.0   0.0  326
 3.475  320.0 -90  69 105  -1.563   0.0   0.0  326
 3.475  322.5 -90  69 102  -1.563   0.0   0.0  326
 3.475  325.0 -90  69  81  -1.563   0.0   0.0  328
 3.475  435.0 -90  69  81  -1.563   0.0   0.0  440
 3.475  592.5 -90  69  78  -1.563 150.0  30.0  598
 3.475  645.0 -90  69  84  -1.563   0.0   0.0  649
 3.475  647.5 -90  69  81   1.563   0.0   0.0  656
 3.475  650.0 -90  69  81   1.563   0.0   0.0  654
 3.475  757.5 -90  69  78  -1.563   0.0   0.0  763
 3.475  760.0 -90  69  78  -1.563   0.0   0.0  764
 3.475  775.0 -90  69  78  -1.563   0.0   0.0  780
 3.475  777.5 -90  69  78  -1.563   0.0   0.0  781
 3.500  320.0  90  66  99  -1.563   0.0   0.0  326
 3.500  322.5  90  66 108  -1.563   0.0   0.0  327
 3.500  325.0  90  66  96  -1.563   0.0   0.0  327
 3.500  420.0  90  66  75   4.688 210.0  30.0  418
 3.500  540.0  90  66  75   1.563 270.0  30.0  544
 3.500  587.5  90  66  75  -1.563 150.0  30.0  594
 3.500  650.0  90  66  78  -1.563 150.0  30.0  655
 3.500  652.5  90  66  78  -1.563   0.0   0.0  658
 3.500  762.5  90  66  75   1.563   0.0   0.0  767
 3.500  777.5  90  66  75  -1.563 150.0  30.0  781
 3.500  865.0  90  66  75   1.563   0.0   0.0  871
 3.500  890.0  90  66  75  -1.563 150.0  30.0  895
 3.500  975.0  90  66  75   1.563   0.0   0.0  980
 3.500  977.5  90  66  78   1.563   0.0   0.0  982
 3.500 1207.5  90  66  75  -1.563   0.0   0.0 1213
 3.500 1210.0  90  66  75   1.563   0.0   0.0 1213
 3.500  107.5 -90  69  84  -1.563   0.0   0.0  115
 3.500  110.0 -90  69  90  -1.563  90.0  30.0  114
 3.500  115.0 -90  69  78  -1.563 150.0  30.0  120
 3.500  220.0 -90  69  81  -1.563   0.0   0.0  224
 3.500  222.5 -90  69  87  -1.563   0.0   0.0  227
 3.500  320.0 -90  69 105  -1.563   0.0   0.0  326
 3.500  322.5 -90  69 105  -1.563   0.0   0.0  325
 3.500  325.0 -90  69  81  -1.563   0.0   0.0  329
 3.500  342.5 -90  69  78   1.563 150.0  30.0  347
 3.500  435.0 -90  69  81   1.563   0.0   0.0  440
 3.500  437.5 -90  69  78  -1.563   0.0   0.0  441
 3.500  645.0 -90  69  81  -1.563   0.0   0.0  650
 3.500  647.5 -90  69  87  -1.563   0.0   0.0  652
 3.500  650.0 -90  69  81   1.563   0.0   0.0  654
 3.500  760.0 -90  69  78  -1.563   0.0   0.0  764
 3.500  775.0 -90  69  81  -1.563 210.0  30.0  779
 3.500  870.0 -90  69  78  -1.563   0.0   0.0  876
 3.500  872.5 -90  69  78  -1.563   0.0   0.0  876
 3.525  320.0  90  66  93  -1.563   0.0   0.0  327
 3.525  322.5  90  66 108  -1.563   0.0   0.0  327
 3.525  325.0  90  66  99  -1.563   0.0   0.0  327
 3.525  582.5  90  66  75  -1.563 150.0  30.0  590
 3.525  652.5  90  66  78  -1.563   0.0   0.0  656
 3.525  825.0  90  66  75  -4.688 210.0  30.0  837
 3.525  867.5  90  66  75  -1.563   0.0   0.0  871
 3.525  977.5  90  66  75  -1.563   0.0   0.0  983
 3.525 1207.5  90  66  75  -1.563   0.0   0.0 1211
 3.525  107.5 -90  69  84  -1.563   0.0   0.0  114
 3.525  110.0 -90  69  90  -1.563  90.0  30.0  114
 3.525  112.5 -90  69  78   1.563   0.0   0.0  117
 3.525  220.0 -90  69  78  -1.563   0.0   0.0  227
 3.525  222.5 -90  69  84  -1.563   0.0   0.0  226
 3.525  320.0 -90  69 105  -1.563   0.0   0.0  326
 3.525  322.5 -90  69 108  -1.563   0.0   0.0  326
 3.525  325.0 -90  69  90  -1.563   0.0   0.0  327
 3.525  435.0 -90  69  81   1.563   0.0   0.0  439
 3.525  547.5 -90  69  81  -1.563   0.0   0.0  550
 3.525  585.0 -90  69  78  -1.563 150.0  30.0  588
 3.525  647.5 -90  69  78   1.563   0.0   0.0  654
 3.525  650.0 -90  69  81   1.563   0.0   0.0  655
 3.525  760.0 -90  69  78   1.563   0.0   0.0  766
 3.525  777.5 -90  69  78  -1.563   0.0   0.0  783
 3.525  872.5 -90  69  78   1.563   0.0   0.0  876
 3.550  320.0  90  69  87  -1.563   0.0   0.0  328
 3.550  322.5  90  69 105  -1.563   0.0   0.0  327
 3.550  325.0  90  69  99  -1.563   0.0   0.0  327
 3.550  650.0  90  69  78   1.563   0.0   0.0  655
 3.550  652.5  90  69  78  -1.563   0.0   0.0  657
 3.550  677.5  90  69  78  -1.563  90.0  30.0  684
 3.550  867.5  90  69  78  -1.563   0.0   0.0  872
 3.550  107.5 -90  69  81  -1.563   0.0   0.0  114
 3.550  110.0 -90  69  87  -1.563  90.0  30.0  114
 3.550  112.5 -90  69  78   1.563 210.0  30.0  118
 3.550  222.5 -90  69  78  -1.563   0.0   0.0  229
 3.550  320.0 -90  69 105  -1.563   0.0   0.0  326
 3.550  322.5 -90  69 111  -1.563   0.0   0.0  326
 3.550  325.0 -90  69  90  -1.563   0.0   0.0  326
 3.550  342.5 -90  69  78  -1.563 150.0  30.0  347
 3.550  435.0 -90  69  81   1.563   0.0   0.0  438
 3.550  547.5 -90  69  81  -1.563   0.0   0.0  552
 3.550  585.0 -90  69  78   1.563 210.0  30.0  592
 3.550  645.0 -90  69  78  -1.563   0.0   0.0  650
 3.550  647.5 -90  69  81   1.563   0.0   0.0  652
 3.550  777.5 -90  69  78   1.563   0.0   0.0  781
 3.550  782.5 -90  69  78  -1.563 150.0  30.0  788
 3.550  872.5 -90  69  78  -1.563   0.0   0.0  876
 3.575  320.0  90  69  81   1.563   0.0   0.0  327
 3.575  322.5  90  69 102  -1.563   0.0   0.0  327
 3.575  325.0  90  69  99   1.563   0.0   0.0  328
 3.575  870.0  90  69  78   1.563   0.0   0.0  873
 3.575 1235.0  90  69  78  -1.563  90.0  30.0 1226
 3.575  107.5 -90  69  78   1.563 210.0  30.0  111
 3.575  110.0 -90  69  84  -1.563   0.0   0.0  115
 3.575  112.5 -90  69  81  -1.563   0.0   0.0  116
 3.575  320.0 -90  69 105  -1.563   0.0   0.0  326
 3.575  322.5 -90  69 114  -1.563   0.0   0.0  326
 3.575  325.0 -90  69  99  -1.563   0.0   0.0  327
 3.575  342.5 -90  69  81  -1.563 210.0  30.0  348
 3.575  455.0 -90  69  78   1.563 210.0  30.0  460
 3.575  542.5 -90  69  78  -1.563 270.0  30.0  548
 3.575  547.5 -90  69  78   1.563   0.0   0.0  552
 3.575  645.0 -90  69  81   1.563   0.0   0.0  651
 3.575  647.5 -90  69  84  -1.563   0.0   0.0  650
 3.600  320.0  90  69  78  -1.563   0.0   0.0  328
 3.600  322.5  90  69 102  -1.563   0.0   0.0  328
 3.600  325.0  90  69 102  -1.563   0.0   0.0  328
 3.600  870.0  90  69  78   1.563   0.0   0.0  874
 3.600  110.0 -90  69  78  -1.563 270.0  30.0  116
 3.600  112.5 -90  69  84  -1.563   0.0   0.0  116
 3.600  320.0 -90  69 102  -1.563   0.0   0.0  327
 3.600  322.5 -90  69 114  -1.563   0.0   0.0  327
 3.600  325.0 -90  69 105  -1.563   0.0   0.0  327
 3.600  327.5 -90  69  78  -1.563  90.0  30.0  331
 3.600  342.5 -90  69  78   1.563 150.0  30.0  346
 3.600  645.0 -90  69  81  -1.563   0.0   0.0  650
 3.600  647.5 -90  69  84  -1.563   0.0   0.0  651
 3.600  775.0 -90  69  78  -1.563   0.0   0.0  782
 3.600  777.5 -90  69  81  -1.563 210.0  30.0  781
 3.600  782.5 -90  69  78  -1.563 150.0  30.0  789
 3.600  872.5 -90  69  78  -1.563   0.0   0.0  876
 3.625  322.5  90  69  99  -1.563   0.0   0.0  328
 3.625  325.0  90  69 102  -1.563   0.0   0.0  328
 3.625  327.5  90  69  81  -1.563   0.0   0.0  330
 3.625  110.0 -90  69  81   1.563 270.0  30.0  114
 3.625  112.5 -90  69  81  -1.563   0.0   0.0  113
 3.625  320.0 -90  69  99  -1.563   0.0   0.0  327
 3.625  322.5 -90  69 111  -1.563   0.0   0.0  327
 3.625  325.0 -90  69 105  -1.563   0.0   0.0  328
 3.625  327.5 -90  69  84  -1.563   0.0   0.0  330
 3.625  645.0 -90  69  78   1.563   0.0   0.0  652
 3.625  647.5 -90  69  87  -1.563   0.0   0.0  652
 3.625  650.0 -90  69  84  -1.563   0.0   0.0  653
 3.625  652.5 -90  69  78  -1.563   0.0   0.0  656
 3.625  762.5 -90  69  81  -1.563   0.0   0.0  768
 3.625  765.0 -90  69  78  -1.563   0.0   0.0  767
 3.625  780.0 -90  69  78  -1.563   0.0   0.0  785
 3.650  322.5  90  75  93   1.563   0.0   0.0  329
 3.650  325.0  90  75  99   1.563   0.0   0.0  329
 3.650 1207.5  90  75  84   1.563 270.0  30.0 1222
 3.650 1262.5  90  75  84  -4.688 270.0  30.0 1275
 3.650   82.5 -90  78  87   4.688 270.0  30.0   83
 3.650  285.0 -90  78  87   4.688 270.0  30.0  289
 3.650  320.0 -90  78  90   1.563   0.0   0.0  327
 3.650  322.5 -90  78 102  -1.563   0.0   0.0  327
 3.650  325.0 -90  78  99  -1.563   0.0   0.0  329
 3.675  322.5  90  69  87  -1.563   0.0   0.0  330
 3.675  325.0  90  69  93   1.563   0.0   0.0  329
 3.675  327.5  90  69  78   1.563   0.0   0.0  330
 3.675  320.0 -90  69  84  -1.563   0.0   0.0  327
 3.675  322.5 -90  69  90   1.563   0.0   0.0  326
 3.675  325.0 -90  69  87  -1.563   0.0   0.0  329
 3.675  647.5 -90  69  78  -1.563   0.0   0.0  652
 3.675  650.0 -90  69  78  -1.563   0.0   0.0  654
 3.700  322.5  90  69  84   1.563   0.0   0.0  328
 3.700  325.0  90  69  90  -1.563   0.0   0.0  328
 3.700  110.0 -90  66  78  -1.563   0.0   0.0  115
 3.700  320.0 -90  66  78   1.563   0.0   0.0  328
 3.700  322.5 -90  66  96  -1.563   0.0   0.0  327
 3.700  325.0 -90  66  81  -1.563   0.0   0.0  325
 3.700  647.5 -90  66  75   1.563   0.0   0.0  658
 3.725  322.5  90  66  81  -1.563   0.0   0.0  329
 3.725  325.0  90  66  93  -1.563   0.0   0.0  329
 3.725  327.5  90  66  84  -1.563   0.0   0.0  330
 3.725  112.5 -90  69  78   1.563   0.0   0.0  116
 3.725  320.0 -90  69  78   1.563   0.0   0.0  328
 3.725  322.5 -90  69  96  -1.563   0.0   0.0  327
 3.725  325.0 -90  69  93  -1.563   0.0   0.0  328
 3.750  322.5  90  69  78  -1.563   0.0   0.0  328
 3.750  325.0  90  69  96  -1.563   0.0   0.0  330
 3.750  327.5  90  69  90  -1.563   0.0   0.0  330
 3.750  322.5 -90  69  96   1.563   0.0   0.0  328
 3.750  325.0 -90  69  96   1.563   0.0   0.0  328
 3.750  785.0 -90  69  78  -1.563   0.0   0.0  792
 3.775  325.0  90  72  96  -1.563   0.0   0.0  330
 3.775  327.5  90  72  93  -1.563   0.0   0.0  331
 3.775  322.5 -90  72  99  -1.563   0.0   0.0  328
 3.775  325.0 -90  72  99  -1.563   0.0   0.0  329
 3.775  785.0 -90  72  81  -1.563 150.0  30.0  790
 3.800  325.0  90  78  96   1.563   0.0   0.0  330
 3.800  327.5  90  78  96  -1.563   0.0   0.0  330
 3.800   82.5 -90  75  84   4.688 330.0  30.0   83
 3.800   92.5 -90  75  84   4.688 330.0  30.0   96
 3.800  322.5 -90  75  96  -1.563   0.0   0.0  328
 3.800  325.0 -90  75 102  -1.563   0.0   0.0  329
 3.825  325.0  90  78  93  -1.563   0.0   0.0  330
 3.825  327.5  90  78  96  -1.563   0.0   0.0  330
 3.825  322.5 -90  78  96  -1.563   0.0   0.0  329
 3.825  325.0 -90  78 102  -1.563   0.0   0.0  329
 3.850  325.0  90  72  90   1.563   0.0   0.0  331
 3.850  327.5  90  72  96   1.563   0.0   0.0  331
 3.850  322.5 -90  72  96  -1.563   0.0   0.0  329
 3.850  325.0 -90  72 102  -1.563   0.0   0.0  329
 3.850  327.5 -90  72  90   1.563   0.0   0.0  330
 3.875  325.0  90  66  90   1.563   0.0   0.0  332
 3.875  327.5  90  66  99  -1.563   0.0   0.0  332
 3.875  330.0  90  66  84  -1.563   0.0   0.0  332
 3.875  585.0  90  66  75  -1.563 150.0  30.0  589
 3.875  657.5  90  66  78   1.563   0.0   0.0  662
 3.875  322.5 -90  69  96  -1.563   0.0   0.0  329
 3.875  325.0 -90  69 108  -1.563   0.0   0.0  329
 3.875  327.5 -90  69  96   1.563   0.0   0.0  330
 3.875  330.0 -90  69  78   1.563   0.0   0.0  334
 3.875  652.5 -90  69  81  -1.563   0.0   0.0  657
 3.875  785.0 -90  69  78  -1.563   0.0   0.0  789
 3.900  325.0  90  69  87   1.563   0.0   0.0  332
 3.900  327.5  90  69  99   1.563   0.0   0.0  332
 3.900  330.0  90  69  87   1.563   0.0   0.0  332
 3.900  332.5  90  69  78  -1.563   0.0   0.0  340
 3.900  657.5  90  69  78   1.563   0.0   0.0  662
 3.900  280.0 -90  69  78  -1.563   0.0   0.0  285
 3.900  290.0 -90  69  78  -1.563   0.0   0.0  295
 3.900  292.5 -90  69  78  -1.563   0.0   0.0  297
 3.900  297.5 -90  69  78  -1.563   0.0   0.0  300
 3.900  300.0 -90  69  78  -1.563   0.0   0.0  305
 3.900  302.5 -90  69  78  -1.563   0.0   0.0  307
 3.900  305.0 -90  69  78   1.563   0.0   0.0  309
 3.900  307.5 -90  69  78  -1.563   0.0   0.0  313
 3.900  310.0 -90  69  78  -1.563   0.0   0.0  313
 3.900  312.5 -90  69  81  -1.563 330.0  30.0  317
 3.900  315.0 -90  69  78  -1.563   0.0   0.0  319
 3.900  317.5 -90  69  78   1.563   0.0   0.0  321
 3.900  320.0 -90  69  81  -1.563   0.0   0.0  324
 3.900  322.5 -90  69  93  -1.563   0.0   0.0  330
 3.900  325.0 -90  69 108  -1.563   0.0   0.0  330
 3.900  327.5 -90  69  99  -1.563   0.0   0.0  329
 3.900  330.0 -90  69  81  -1.563   0.0   0.0  334
 3.900  332.5 -90  69  81  -1.563   0.0   0.0  336
 3.900  335.0 -90  69  81   1.563   0.0   0.0  337
 3.900  337.5 -90  69  81  -1.563   0.0   0.0  342
 3.900  340.0 -90  69  78   1.563   0.0   0.0  342
 3.900  342.5 -90  69  81  -1.563   0.0   0.0  348
 3.900  345.0 -90  69  78  -1.563  90.0  30.0  348
 3.900  347.5 -90  69  78   1.563   0.0   0.0  352
 3.900  352.5 -90  69  81   1.563   0.0   0.0  355
 3.900  357.5 -90  69  78   1.563   0.0   0.0  360
 3.900  360.0 -90  69  78   1.563   0.0   0.0  365
 3.900  652.5 -90  69  81   1.563   0.0   0.0  657
 3.925  325.0  90  69  84   1.563   0.0   0.0  332
 3.925  327.5  90  69  99  -1.563   0.0   0.0  332
 3.925  330.0  90  69  93   1.563   0.0   0.0  332
 3.925  585.0  90  69  78  -1.563 150.0  30.0  591
 3.925  587.5  90  69  78  -1.563 150.0  30.0  592
 3.925  322.5 -90  69  90  -1.563   0.0   0.0  329
 3.925  325.0 -90  69 108  -1.563   0.0   0.0  329
 3.925  327.5 -90  69  99  -1.563   0.0   0.0  330
 3.925  547.5 -90  69  78  -1.563   0.0   0.0  552
 3.925  787.5 -90  69  81  -1.563 150.0  30.0  792
 3.950  325.0  90  66  81  -1.563   0.0   0.0  332
 3.950  327.5  90  66  99  -1.563   0.0   0.0  332
 3.950  330.0  90  66  93  -1.563   0.0   0.0  332
 3.950  567.5  90  66  75  -1.563   0.0   0.0  573
 3.950  585.0  90  66  78  -1.563 150.0  30.0  591
 3.950  587.5  90  66  75  -1.563 150.0  30.0  591
 3.950  690.0  90  66  75  -1.563 150.0  30.0  697
 3.950  322.5 -90  66  87  -1.563   0.0   0.0  330
 3.950  325.0 -90  66 105  -1.563   0.0   0.0  330
 3.950  327.5 -90  66 102  -1.563   0.0   0.0  330
 3.950  547.5 -90  66  78  -1.563   0.0   0.0  553
 3.950  655.0 -90  66  75  -1.563   0.0   0.0  659
 3.950  787.5 -90  66  81  -1.563 150.0  30.0  792
 3.950  790.0 -90  66  75  -1.563   0.0   0.0  793
 3.950 1002.5 -90  66  75  -1.563   0.0   0.0 1010
 3.975  327.5  90  72  99  -1.563   0.0   0.0  333
 3.975  330.0  90  72  96  -1.563   0.0   0.0  333
 3.975  145.0 -90  72  81   1.563 270.0  30.0  130
 3.975  322.5 -90  72  81  -1.563   0.0   0.0  334
 3.975  325.0 -90  72 105  -1.563   0.0   0.0  331
 3.975  327.5 -90  72 102  -1.563   0.0   0.0  331
 3.975  655.0 -90  72  81   1.563   0.0   0.0  659
 4.000  327.5  90  78  96  -1.563   0.0   0.0  334
 4.000  330.0  90  78  99   1.563   0.0   0.0  333
 4.000  117.5 -90  75  84  -1.563 330.0  30.0  124
 4.000  325.0 -90  75 102  -1.563   0.0   0.0  330
 4.000  327.5 -90  75 102  -1.563   0.0   0.0  331
 4.025  327.5  90  81  93  -1.563   0.0   0.0  334
 4.025  330.0  90  81  99  -1.563   0.0   0.0  334
 4.025  325.0 -90  78  99   1.563   0.0   0.0  330
 4.025  327.5 -90  78 102   1.563   0.0   0.0  330
 4.050  327.5  90  78  93   1.563   0.0   0.0  334
 4.050  330.0  90  78 102  -1.563   0.0   0.0  334
 4.050  332.5  90  78  90  -1.563   0.0   0.0  334
 4.050  325.0 -90  78  99   1.563   0.0   0.0  331
 4.050  327.5 -90  78 102  -1.563   0.0   0.0  331
 4.075  327.5  90  69  90  -1.563   0.0   0.0  335
 4.075  330.0  90  69 102  -1.563   0.0   0.0  335
 4.075  332.5  90  69  93   1.563   0.0   0.0  335
 4.075  590.0  90  69  78  -1.563 150.0  30.0  596
 4.075  600.0  90  69  78  -1.563 150.0  30.0  606
 4.075  662.5  90  69  78  -1.563   0.0   0.0  667
 4.075  692.5  90  69  78  -1.563 150.0  30.0  700
 4.075  695.0  90  69  78  -1.563   0.0   0.0  700
 4.075   80.0 -90  69  78   1.563  90.0  30.0   68
 4.075  325.0 -90  69  96  -1.563   0.0   0.0  332
 4.075  327.5 -90  69 102  -1.563   0.0   0.0  332
 4.075  330.0 -90  69  87   1.563   0.0   0.0  332
 4.075  550.0 -90  69  78  -1.563   0.0   0.0  556
 4.100  320.0  90  69  78  -1.563   0.0   0.0  326
 4.100  327.5  90  69  84  -1.563   0.0   0.0  335
 4.100  330.0  90  69 102  -1.563   0.0   0.0  335
 4.100  332.5  90  69  93  -1.563   0.0   0.0  334
 4.100  335.0  90  69  78   1.563   0.0   0.0  339
 4.100  600.0  90  69  78  -1.563 150.0  30.0  605
 4.100  662.5  90  69  78   1.563   0.0   0.0  668
 4.100  315.0 -90  66  75  -1.563 270.0  30.0  319
 4.100  317.5 -90  66  75  -1.563   0.0   0.0  323
 4.100  320.0 -90  66  75  -1.563 330.0  30.0  323
 4.100  322.5 -90  66  75  -1.563   0.0   0.0  327
 4.100  325.0 -90  66  90   1.563   0.0   0.0  332
 4.100  327.5 -90  66 102  -1.563   0.0   0.0  332
 4.100  330.0 -90  66  87   1.563   0.0   0.0  331
 4.100  332.5 -90  66  75  -1.563   0.0   0.0  338
 4.100  335.0 -90  66  75  -1.563   0.0   0.0  340
 4.100  337.5 -90  66  75  -1.563   0.0   0.0  342
 4.100  342.5 -90  66  75  -1.563   0.0   0.0  347
 4.100  345.0 -90  66  75  -1.563   0.0   0.0  350
 4.100  355.0 -90  66  75  -1.563   0.0   0.0  362
 4.100  395.0 -90  66  78  -1.563 150.0  30.0  400
 4.100  397.5 -90  66  75   1.563 150.0  30.0  404
 4.100  550.0 -90  66  75  -1.563   0.0   0.0  556
 4.100  552.5 -90  66  75  -1.563  90.0  30.0  556
 4.100  657.5 -90  66  78   1.563   0.0   0.0  661
 4.100  660.0 -90  66  75   1.563  30.0  30.0  662
 4.100 1120.0 -90  66  75  -1.563   0.0   0.0 1124
 4.100 1225.0 -90  66  75   1.563   0.0   0.0 1227
 4.100 1282.5 -90  66  75   1.563 330.0  30.0 1286
 4.125  327.5  90  69  84  -1.563   0.0   0.0  335
 4.125  330.0  90  69 102   1.563   0.0   0.0  334
 4.125  332.5  90  69  96  -1.563   0.0   0.0  335
 4.125  662.5  90  69  78  -1.563   0.0   0.0  667
 4.125  325.0 -90  69  90  -1.563   0.0   0.0  331
 4.125  327.5 -90  69 102  -1.563   0.0   0.0  331
 4.125  330.0 -90  69  93  -1.563   0.0   0.0  331
 4.150  327.5  90  69  78  -1.563   0.0   0.0  333
 4.150  330.0  90  69  99  -1.563   0.0   0.0  335
 4.150  332.5  90  69  99  -1.563   0.0   0.0  335
 4.150  665.0  90  69  81  -1.563   0.0   0.0  669
 4.150  325.0 -90  69  84  -1.563   0.0   0.0  333
 4.150  327.5 -90  69 102  -1.563   0.0   0.0  332
 4.150  330.0 -90  69  93  -1.563   0.0   0.0  332
 4.150  332.5 -90  69  78  -1.563   0.0   0.0  337
 4.150  335.0 -90  69  78  -1.563   0.0   0.0  337
 4.175  330.0  90  69  99  -1.563   0.0   0.0  336
 4.175  332.5  90  69  99  -1.563   0.0   0.0  336
 4.175  335.0  90  69  78  -1.563   0.0   0.0  336
 4.175  665.0  90  69  81   1.563   0.0   0.0  671
 4.175  325.0 -90  69  81  -1.563   0.0   0.0  333
 4.175  327.5 -90  69  99  -1.563   0.0   0.0  333
 4.175  330.0 -90  69  96   1.563   0.0   0.0  333
 4.175  332.5 -90  69  78  -1.563   0.0   0.0  338
 4.200  330.0  90  69  96  -1.563   0.0   0.0  336
 4.200  332.5  90  69 102  -1.563   0.0   0.0  336
 4.200  335.0  90  69  78   1.563   0.0   0.0  337
 4.200  665.0  90  69  78   1.563   0.0   0.0  670
 4.200  667.5  90  69  78   1.563   0.0   0.0  670
 4.200  327.5 -90  69  99  -1.563   0.0   0.0  333
 4.200  330.0 -90  69  96   1.563   0.0   0.0  333
 4.200  660.0 -90  69  81   1.563   0.0   0.0  665
 4.225  330.0  90  72  93   1.563   0.0   0.0  337
 4.225  332.5  90  72 102   1.563   0.0   0.0  336
 4.225  335.0  90  72  84  -1.563   0.0   0.0  336
 4.225  667.5  90  72  81  -1.563   0.0   0.0  670
 4.225  327.5 -90  72  99  -1.563   0.0   0.0  333
 4.225  330.0 -90  72  99  -1.563   0.0   0.0  333
 4.225  335.0 -90  72  81   1.563 330.0  30.0  338
 4.225  660.0 -90  72  84  -1.563   0.0   0.0  664
 4.250  330.0  90  78  93  -1.563   0.0   0.0  336
 4.250  332.5  90  78 102  -1.563   0.0   0.0  337
 4.250  335.0  90  78  90   1.563   0.0   0.0  337
 4.250  327.5 -90  78  99  -1.563   0.0   0.0  334
 4.250  330.0 -90  78 102  -1.563   0.0   0.0  333
 4.250 1137.5 -90  78  87  -4.688 330.0  30.0 1136
 4.275  330.0  90  81  90  -1.563   0.0   0.0  336
 4.275  332.5  90  81 102  -1.563   0.0   0.0  337
 4.275  335.0  90  81  93  -1.563   0.0   0.0  336
 4.275  327.5 -90  81  96   1.563   0.0   0.0  333
 4.275  330.0 -90  81 102  -1.563   0.0   0.0  333
 4.300  332.5  90  81 102  -1.563   0.0   0.0  337
 4.300  335.0  90  81  96   1.563   0.0   0.0  337
 4.300  327.5 -90  81  93   1.563   0.0   0.0  334
 4.300  330.0 -90  81 102  -1.563   0.0   0.0  334
 4.300  332.5 -90  81  90  -1.563   0.0   0.0  333
 4.325  332.5  90  81 102  -1.563   0.0   0.0  338
 4.325  335.0  90  81  99  -1.563   0.0   0.0  338
 4.325  327.5 -90  81  93  -1.563   0.0   0.0  334
 4.325  330.0 -90  81 105   1.563   0.0   0.0  335
 4.325  332.5 -90  81  93  -1.563   0.0   0.0  335
 4.350  332.5  90  75  99  -1.563   0.0   0.0  338
 4.350  335.0  90  75  99   1.563   0.0   0.0  338
 4.350  327.5 -90  75  87   1.563   0.0   0.0  334
 4.350  330.0 -90  75 102  -1.563   0.0   0.0  335
 4.350  332.5 -90  75  96  -1.563   0.0   0.0  335
 4.375  332.5  90  69  99  -1.563   0.0   0.0  338
 4.375  335.0  90  69 102  -1.563   0.0   0.0  338
 4.375  337.5  90  69  81  -1.563   0.0   0.0  339
 4.375  670.0  90  69  81  -1.563   0.0   0.0  675
 4.375  672.5  90  69  78   1.563   0.0   0.0  675
 4.375  327.5 -90  69  84   1.563   0.0   0.0  334
 4.375  330.0 -90  69 102  -1.563   0.0   0.0  334
 4.375  332.5 -90  69  99  -1.563   0.0   0.0  335
 4.375  592.5 -90  69  78  -1.563 150.0  30.0  598
 4.375  602.5 -90  69  78  -1.563 150.0  30.0  607
 4.375  662.5 -90  69  78  -1.563   0.0   0.0  667
 4.375  665.0 -90  69  81   1.563   0.0   0.0  668
 4.400   82.5  90  66  78  -1.563 150.0  30.0   76
 4.400  332.5  90  66  96  -1.563   0.0   0.0  339
 4.400  335.0  90  66 105  -1.563   0.0   0.0  339
 4.400  337.5  90  66  87  -1.563   0.0   0.0  339
 4.400  670.0  90  66  81  -1.563   0.0   0.0  676
 4.400  672.5  90  66  81   1.563   0.0   0.0  675
 4.400  327.5 -90  69  78   1.563   0.0   0.0  335
 4.400  330.0 -90  69 102  -1.563   0.0   0.0  335
 4.400  332.5 -90  69  99   1.563   0.0   0.0  335
 4.400  395.0 -90  69  78  -1.563 150.0  30.0  400
 4.400  602.5 -90  69  81  -1.563 150.0  30.0  609
 4.400  605.0 -90  69  78  -1.563 150.0  30.0  610
 4.400  665.0 -90  69  78   1.563   0.0   0.0  668
 4.400  925.0 -90  69  78  -4.688 270.0  30.0  937
 4.400  950.0 -90  69  78  -1.563 270.0  30.0  947
 4.400  980.0 -90  69  78  -4.688 270.0  30.0  992
 4.425  332.5  90  69  93   1.563   0.0   0.0  339
 4.425  335.0  90  69 105  -1.563   0.0   0.0  339
 4.425  337.5  90  69  90  -1.563   0.0   0.0  339
 4.425  670.0  90  69  78   1.563   0.0   0.0  678
 4.425  672.5  90  69  84   1.563   0.0   0.0  676
 4.425  282.5 -90  66  75   1.563  90.0  30.0  280
 4.425  322.5 -90  66  75   1.563  90.0  30.0  318
 4.425  330.0 -90  66  99   1.563   0.0   0.0  336
 4.425  332.5 -90  66  99  -1.563   0.0   0.0  336
 4.425  572.5 -90  66  75  -1.563 210.0  30.0  578
 4.425  577.5 -90  66  75  -1.563 270.0  30.0  582
 4.425  592.5 -90  66  75  -1.563 270.0  30.0  597
 4.425  602.5 -90  66  78  -1.563 150.0  30.0  609
 4.425  605.0 -90  66  75  -1.563 150.0  30.0  610
 4.425  665.0 -90  66  75   1.563   0.0   0.0  673
 4.450  332.5  90  69  90  -1.563   0.0   0.0  339
 4.450  335.0  90  69 102  -1.563   0.0   0.0  339
 4.450  337.5  90  69  93   1.563   0.0   0.0  339
 4.450  672.5  90  69  84  -1.563   0.0   0.0  677
 4.450  330.0 -90  69  99  -1.563   0.0   0.0  336
 4.450  332.5 -90  69  99  -1.563   0.0   0.0  336
 4.450  665.0 -90  69  78  -1.563   0.0   0.0  670
 4.475  332.5  90  69  87   1.563   0.0   0.0  340
 4.475  335.0  90  69 102  -1.563   0.0   0.0  340
 4.475  337.5  90  69  96  -1.563   0.0   0.0  340
 4.475  672.5  90  69  81  -1.563   0.0   0.0  678
 4.475  675.0  90  69  81  -1.563   0.0   0.0  679
 4.475  330.0 -90  69  96  -1.563   0.0   0.0  337
 4.475  332.5 -90  69 102  -1.563   0.0   0.0  337
 4.475  335.0 -90  69  84  -1.563   0.0   0.0  336
 4.475  572.5 -90  69  78  -1.563 150.0  30.0  580
 4.475  667.5 -90  69  78   1.563   0.0   0.0  670
 4.500  332.5  90  69  81  -1.563   0.0   0.0  339
 4.500  335.0  90  69 102  -1.563   0.0   0.0  340
 4.500  337.5  90  69  99  -1.563   0.0   0.0  340
 4.500  672.5  90  69  78   1.563   0.0   0.0  678
 4.500  675.0  90  69  84  -1.563   0.0   0.0  679
 4.500  330.0 -90  66  93  -1.563   0.0   0.0  336
 4.500  332.5 -90  66 102  -1.563   0.0   0.0  337
 4.500  335.0 -90  66  87  -1.563   0.0   0.0  337
 4.500  572.5 -90  66  81  -1.563 150.0  30.0  578
 4.500  575.0 -90  66  81  -1.563   0.0   0.0  580
 4.525  335.0  90  72  99   1.563   0.0   0.0  340
 4.525  337.5  90  72  99   1.563   0.0   0.0  340
 4.525  470.0  90  72  81   4.688 270.0  30.0  473
 4.525  517.5  90  72  81   4.688  30.0  30.0  508
 4.525  580.0  90  72  81   1.563  30.0  30.0  585
 4.525  597.5  90  72  81  -4.688  90.0  30.0  599
 4.525  630.0  90  72  84  -1.563 270.0  30.0  630
 4.525  642.5  90  72  81  -1.563 270.0  30.0  640
 4.525  672.5  90  72  81   1.563 270.0  30.0  662
 4.525  675.0  90  72  81   1.563   0.0   0.0  680
 4.525  702.5  90  72  81  -1.563  30.0  30.0  703
 4.525  710.0  90  72  81  -1.563  30.0  30.0  708
 4.525  715.0  90  72  81   4.688 270.0  30.0  724
 4.525  737.5  90  72  81  -4.688 270.0  30.0  738
 4.525  740.0  90  72  81   1.563 270.0  30.0  732
 4.525  745.0  90  72  81   1.563 270.0  30.0  750
 4.525  770.0  90  72  81  -1.563  30.0  30.0  777
 4.525  777.5  90  72  81  -4.688 270.0  30.0  789
 4.525  787.5  90  72  81  -1.563  30.0  30.0  781
 4.525  802.5  90  72  81   1.563  90.0  30.0  813
 4.525  807.5  90  72  81  -1.563 270.0  30.0  819
 4.525  847.5  90  72  81   1.563  30.0  30.0  860
 4.525  877.5  90  72  81  -4.688 270.0  30.0  865
 4.525  900.0  90  72  81   4.688 210.0  30.0  897
 4.525  967.5  90  72  81  -4.688 270.0  30.0  979
 4.525  970.0  90  72  81   1.563  30.0  30.0  962
 4.525 1072.5  90  72  81   1.563 270.0  30.0 1073
 4.525 1260.0  90  72  81   4.688 270.0  30.0 1266
 4.525   80.0 -90  69  78   4.688 210.0  30.0   82
 4.525  105.0 -90  69  78  -1.563  30.0  30.0   96
 4.525  297.5 -90  69  78   1.563 270.0  30.0  299
 4.525  330.0 -90  69  90   1.563   0.0   0.0  336
 4.525  332.5 -90  69 102  -1.563   0.0   0.0  336
 4.525  335.0 -90  69  90   1.563   0.0   0.0  337
 4.525  447.5 -90  69  78   1.563  30.0  30.0  433
 4.525  575.0 -90  69  81  -1.563   0.0   0.0  580
 4.550  335.0  90  72  96  -1.563   0.0   0.0  341
 4.550  337.5  90  72  99   1.563   0.0   0.0  341
 4.550   80.0 -90  72  81  -4.688  90.0  30.0   80
 4.550  330.0 -90  72  87  -1.563   0.0   0.0  336
 4.550  332.5 -90  72 102  -1.563   0.0   0.0  337
 4.550  335.0 -90  72  93   1.563   0.0   0.0  337
 4.550  575.0 -90  72  81  -1.563 150.0  30.0  580
 4.550  667.5 -90  72  81   1.563   0.0   0.0  673
 4.575   80.0  90  75  84   1.563  30.0  30.0   74
 4.575   82.5  90  75  84   1.563 330.0  30.0   82
 4.575  335.0  90  75  96   1.563   0.0   0.0  342
 4.575  337.5  90  75  99  -1.563   0.0   0.0  342
 4.575  340.0  90  75  84  -1.563   0.0   0.0  343
 4.575  332.5 -90  75 102  -1.563   0.0   0.0  338
 4.575  335.0 -90  75  96   1.563   0.0   0.0  338
 4.600  335.0  90  75  93  -1.563   0.0   0.0  341
 4.600  337.5  90  75  99  -1.563   0.0   0.0  342
 4.600  340.0  90  75  87   1.563   0.0   0.0  342
 4.600  332.5 -90  72  99  -1.563   0.0   0.0  338
 4.600  335.0 -90  72  99   1.563   0.0   0.0  338
 4.600  597.5 -90  72  81  -1.563 150.0  30.0  604
 4.600 1280.0 -90  72  81  -4.688 330.0  30.0 1270
 4.625  335.0  90  72  90  -1.563   0.0   0.0  341
 4.625  337.5  90  72 102  -1.563   0.0   0.0  342
 4.625  340.0  90  72  90   1.563   0.0   0.0  342
 4.625  677.5  90  72  81   1.563   0.0   0.0  682
 4.625  332.5 -90  72  99  -1.563   0.0   0.0  338
 4.625  335.0 -90  72  99   1.563   0.0   0.0  338
 4.625  337.5 -90  72  81   1.563   0.0   0.0  340
 4.625  577.5 -90  72  81  -1.563   0.0   0.0  582
 4.650  332.5  90  69  78   1.563   0.0   0.0  337
 4.650  335.0  90  69  81   1.563   0.0   0.0  343
 4.650  337.5  90  69 102  -1.563   0.0   0.0  342
 4.650  340.0  90  69  93  -1.563   0.0   0.0  342
 4.650  677.5  90  69  81  -1.563   0.0   0.0  683
 4.650  680.0  90  69  81  -1.563   0.0   0.0  683
 4.650  327.5 -90  69  78   1.563   0.0   0.0  332
 4.650  332.5 -90  69  99  -1.563   0.0   0.0  338
 4.650  335.0 -90  69 102  -1.563   0.0   0.0  338
 4.650  337.5 -90  69  78  -1.563   0.0   0.0  339
 4.650  340.0 -90  69  78   1.563   0.0   0.0  343
 4.650  575.0 -90  69  78  -1.563   0.0   0.0  581
 4.650  577.5 -90  69  84  -1.563 150.0  30.0  582
 4.675   80.0  90  66  75   1.563  30.0  30.0   77
 4.675  335.0  90  66  81  -1.563   0.0   0.0  342
 4.675  337.5  90  66 102  -1.563   0.0   0.0  343
 4.675  340.0  90  66  96  -1.563   0.0   0.0  343
 4.675  677.5  90  66  78  -1.563   0.0   0.0  684
 4.675  680.0  90  66  84  -1.563   0.0   0.0  684
 4.675  332.5 -90  69  96  -1.563   0.0   0.0  339
 4.675  335.0 -90  69 102  -1.563   0.0   0.0  339
 4.675  337.5 -90  69  81  -1.563   0.0   0.0  338
 4.675  577.5 -90  69  81  -1.563 150.0  30.0  583
 4.675  597.5 -90  69  78  -1.563 150.0  30.0  605
 4.675  600.0 -90  69  78  -1.563 150.0  30.0  606
 4.700  337.5  90  66  99  -1.563   0.0   0.0  343
 4.700  340.0  90  66  99  -1.563   0.0   0.0  343
 4.700  342.5  90  66  75  -1.563   0.0   0.0  343
 4.700  677.5  90  66  75   1.563   0.0   0.0  683
 4.700  680.0  90  66  87  -1.563   0.0   0.0  684
 4.700  682.5  90  66  75  -1.563   0.0   0.0  685
 4.700 1265.0  90  66  75  -1.563   0.0   0.0 1274
 4.700  332.5 -90  66  93  -1.563   0.0   0.0  339
 4.700  335.0 -90  66 102  -1.563   0.0   0.0  339
 4.700  337.5 -90  66  87  -1.563   0.0   0.0  339
 4.700  577.5 -90  66  78  -1.563 150.0  30.0  583
 4.700  580.0 -90  66  75  -1.563   0.0   0.0  583
 4.700  597.5 -90  66  78  -1.563 150.0  30.0  604
 4.700  600.0 -90  66  81  -1.563 150.0  30.0  605
 4.700  672.5 -90  66  75  -1.563  90.0  30.0  676
 4.725  337.5  90  69  99   1.563   0.0   0.0  343
 4.725  340.0  90  69 102   1.563   0.0   0.0  343
 4.725  342.5  90  69  78   1.563   0.0   0.0  344
 4.725  680.0  90  69  84  -1.563   0.0   0.0  684
 4.725  682.5  90  69  81  -1.563   0.0   0.0  685
 4.725  332.5 -90  69  90  -1.563   0.0   0.0  338
 4.725  335.0 -90  69 102  -1.563   0.0   0.0  339
 4.725  337.5 -90  69  90  -1.563   0.0   0.0  339
 4.725  577.5 -90  69  78  -1.563 150.0  30.0  582
 4.725  600.0 -90  69  81  -1.563 150.0  30.0  605
 4.750  337.5  90  69  96  -1.563   0.0   0.0  344
 4.750  340.0  90  69 102  -1.563   0.0   0.0  344
 4.750  342.5  90  69  84  -1.563   0.0   0.0  344
 4.750  680.0  90  69  81   1.563   0.0   0.0  685
 4.750  682.5  90  69  81  -1.563   0.0   0.0  686
 4.750  332.5 -90  69  87  -1.563   0.0   0.0  339
 4.750  335.0 -90  69 102  -1.563   0.0   0.0  340
 4.750  337.5 -90  69  93  -1.563   0.0   0.0  340
 4.750  577.5 -90  69  78  -1.563 150.0  30.0  584
 4.750  580.0 -90  69  78  -1.563 150.0  30.0  584
 4.750  600.0 -90  69  81  -1.563 150.0  30.0  606
 4.775  337.5  90  72  90   1.563   0.0   0.0  344
 4.775  340.0  90  72 102  -1.563   0.0   0.0  344
 4.775  342.5  90  72  87  -1.563   0.0   0.0  344
 4.775  682.5  90  72  81  -1.563   0.0   0.0  686
 4.775  332.5 -90  69  84  -1.563   0.0   0.0  340
 4.775  335.0 -90  69 102  -1.563   0.0   0.0  340
 4.775  337.5 -90  69  96  -1.563   0.0   0.0  340
 4.775  580.0 -90  69  78  -1.563   0.0   0.0  585
 4.775  600.0 -90  69  78  -1.563 150.0  30.0  606
 4.800  337.5  90  72  90   1.563   0.0   0.0  345
 4.800  340.0  90  72 102  -1.563   0.0   0.0  345
 4.800  342.5  90  72  93   1.563   0.0   0.0  344
 4.800  332.5 -90  72  81  -1.563   0.0   0.0  338
 4.800  335.0 -90  72  99  -1.563   0.0   0.0  340
 4.800  337.5 -90  72  99   1.563   0.0   0.0  340
 4.800  580.0 -90  72  81  -1.563 150.0  30.0  586
 4.825  337.5  90  72  84   1.563   0.0   0.0  344
 4.825  340.0  90  72 102  -1.563   0.0   0.0  344
 4.825  342.5  90  72  96  -1.563   0.0   0.0  344
 4.825  335.0 -90  69  99  -1.563   0.0   0.0  340
 4.825  337.5 -90  69  99  -1.563   0.0   0.0  340
 4.825  340.0 -90  69  78  -1.563   0.0   0.0  342
 4.825  580.0 -90  69  78  -1.563   0.0   0.0  586
 4.825  602.5 -90  69  81  -1.563 150.0  30.0  607
 4.825  675.0 -90  69  78  -1.563   0.0   0.0  679
 4.850  340.0  90  72  99  -1.563   0.0   0.0  345
 4.850  342.5  90  72  99  -1.563   0.0   0.0  345
 4.850  335.0 -90  69  96  -1.563   0.0   0.0  341
 4.850  337.5 -90  69 102  -1.563   0.0   0.0  341
 4.850  340.0 -90  69  81   1.563   0.0   0.0  342
 4.850  600.0 -90  69  78  -1.563 150.0  30.0  607
 4.850  602.5 -90  69  84  -1.563 150.0  30.0  608
 4.850  675.0 -90  69  81  -1.563  30.0  30.0  679
 4.875  340.0  90  69  99  -1.563   0.0   0.0  346
 4.875  342.5  90  69  99  -1.563   0.0   0.0  346
 4.875  685.0  90  69  78   1.563  90.0  30.0  691
 4.875  335.0 -90  66  96  -1.563   0.0   0.0  342
 4.875  337.5 -90  66 102  -1.563   0.0   0.0  342
 4.875  340.0 -90  66  84   1.563   0.0   0.0  342
 4.875  582.5 -90  66  75  -1.563 150.0  30.0  589
 4.875  602.5 -90  66  75  -1.563 150.0  30.0  608
 4.875  675.0 -90  66  78  -1.563   0.0   0.0  683
 4.875  677.5 -90  66  81  -1.563   0.0   0.0  682
 4.875  702.5 -90  66  75  -1.563 150.0  30.0  711
 4.900  340.0  90  72  96  -1.563   0.0   0.0  346
 4.900  342.5  90  72  99  -1.563   0.0   0.0  346
 4.900  335.0 -90  69  93  -1.563   0.0   0.0  341
 4.900  337.5 -90  69 102  -1.563   0.0   0.0  342
 4.900  340.0 -90  69  90   1.563   0.0   0.0  342
 4.900  677.5 -90  69  81   1.563   0.0   0.0  682
 4.925  340.0  90  75  93   1.563   0.0   0.0  347
 4.925  342.5  90  75 102   1.563   0.0   0.0  347
 4.925  345.0  90  75  84   1.563   0.0   0.0  346
 4.925  335.0 -90  75  87   1.563   0.0   0.0  343
 4.925  337.5 -90  75 102  -1.563   0.0   0.0  342
 4.925  340.0 -90  75  90  -1.563   0.0   0.0  342
 4.950  340.0  90  75  93  -1.563   0.0   0.0  346
 4.950  342.5  90  75 102   1.563   0.0   0.0  347
 4.950  345.0  90  75  90  -1.563   0.0   0.0  347
 4.950  335.0 -90  75  84   1.563   0.0   0.0  342
 4.950  337.5 -90  75  99  -1.563   0.0   0.0  342
 4.950  340.0 -90  75  93  -1.563   0.0   0.0  342
 4.975  340.0  90  72  87  -1.563   0.0   0.0  352
 4.975  342.5  90  72 102  -1.563   0.0   0.0  339
 4.975  345.0  90  72  93  -1.563   0.0   0.0  341
 4.975  687.5  90  72  81  -1.563   0.0   0.0  675
 4.975  335.0 -90  72  81  -1.563   0.0   0.0  338
 4.975  337.5 -90  72  99  -1.563   0.0   0.0  334
 4.975  340.0 -90  72  96  -1.563   0.0   0.0  332
 5.025  340.0  90  69  78   1.563   0.0   0.0  350
 5.025  342.5  90  69  99  -1.563   0.0   0.0  347
 5.025  345.0  90  69  99  -1.563   0.0   0.0  347
 5.025  610.0  90  69  78  -1.563 150.0  30.0  615
 5.025  612.5  90  69  78  -1.563 150.0  30.0  616
 5.025 1225.0  90  69  78  -4.688   0.0   0.0 1239
 5.025 1237.5  90  69  78   1.563 330.0  30.0 1244
 5.025  337.5 -90  72  96  -1.563   0.0   0.0  343
 5.025  340.0 -90  72  99  -1.563   0.0   0.0  343
 5.050  342.5  90  66  99  -1.563   0.0   0.0  348
 5.050  345.0  90  66 102  -1.563   0.0   0.0  348
 5.050  347.5  90  66  75   1.563   0.0   0.0  347
 5.050  610.0  90  66  78  -1.563 150.0  30.0  617
 5.050  612.5  90  66  78  -1.563 150.0  30.0  618
 5.050  337.5 -90  66  93   1.563   0.0   0.0  344
 5.050  340.0 -90  66  99  -1.563   0.0   0.0  344
 5.050  342.5 -90  66  78  -1.563   0.0   0.0  344
 5.050  607.5 -90  66  78  -1.563 150.0  30.0  614
 5.075  342.5  90  66  96  -1.563   0.0   0.0  348
 5.075  345.0  90  66 102  -1.563   0.0   0.0  348
 5.075  347.5  90  66  84  -1.563   0.0   0.0  349
 5.075  612.5  90  66  78  -1.563 150.0  30.0  618
 5.075  692.5  90  66  75   1.563   0.0   0.0  698
 5.075  337.5 -90  63  90  -1.563   0.0   0.0  344
 5.075  340.0 -90  63  99  -1.563   0.0   0.0  344
 5.075  342.5 -90  63  84  -1.563   0.0   0.0  344
 5.075  585.0 -90  63  72  -1.563 150.0  30.0  588
 5.075  607.5 -90  63  75  -1.563 150.0  30.0  615
 5.075  610.0 -90  63  72  -1.563 150.0  30.0  614
 5.075  620.0 -90  63  75  -1.563 150.0  30.0  624
 5.075  680.0 -90  63  72  -1.563   0.0   0.0  684
 5.075  682.5 -90  63  72   1.563   0.0   0.0  686
 5.075  702.5 -90  63  72  -1.563 150.0  30.0  708
 5.075  707.5 -90  63  72  -1.563 150.0  30.0  711
 5.100  315.0  90  66  75  -1.563  30.0  30.0  321
 5.100  322.5  90  66  75  -1.563  90.0  30.0  328
 5.100  325.0  90  66  75  -1.563  90.0  30.0  329
 5.100  327.5  90  66  75  -1.563  90.0  30.0  332
 5.100  330.0  90  66  75  -1.563  30.0  30.0  332
 5.100  332.5  90  66  75   1.563   0.0   0.0  336
 5.100  335.0  90  66  78  -1.563   0.0   0.0  340
 5.100  337.5  90  66  78   1.563   0.0   0.0  342
 5.100  340.0  90  66  78  -1.563   0.0   0.0  344
 5.100  342.5  90  66  93  -1.563   0.0   0.0  349
 5.100  345.0  90  66 102  -1.563   0.0   0.0  349
 5.100  347.5  90  66  84  -1.563   0.0   0.0  349
 5.100  350.0  90  66  78   1.563   0.0   0.0  354
 5.100  352.5  90  66  75  -1.563   0.0   0.0  358
 5.100  355.0  90  66  78   1.563   0.0   0.0  360
 5.100  357.5  90  66  75   1.563   0.0   0.0  361
 5.100  360.0  90  66  75   1.563   0.0   0.0  363
 5.100  362.5  90  66  75   1.563   0.0   0.0  367
 5.100  365.0  90  66  75   1.563   0.0   0.0  370
 5.100  370.0  90  66  75   1.563   0.0   0.0  374
 5.100  612.5  90  66  75  -1.563 150.0  30.0  619
 5.100  692.5  90  66  78   1.563   0.0   0.0  697
 5.100  330.0 -90  66  75  -1.563   0.0   0.0  334
 5.100  335.0 -90  66  75  -1.563   0.0   0.0  341
 5.100  337.5 -90  66  84   1.563   0.0   0.0  345
 5.100  340.0 -90  66  96  -1.563   0.0   0.0  344
 5.100  342.5 -90  66  84  -1.563   0.0   0.0  344
 5.100  355.0 -90  66  75   1.563  90.0  30.0  358
 5.100  617.5 -90  66  75  -1.563 150.0  30.0  626
 5.100  620.0 -90  66  75  -1.563 150.0  30.0  626
 5.100  682.5 -90  66  78  -1.563   0.0   0.0  687
 5.100  685.0 -90  66  75   1.563   0.0   0.0  687
 5.125  342.5  90  66  90  -1.563   0.0   0.0  349
 5.125  345.0  90  66 102  -1.563   0.0   0.0  350
 5.125  347.5  90  66  90  -1.563   0.0   0.0  350
 5.125  612.5  90  66  75  -1.563 150.0  30.0  620
 5.125  615.0  90  66  75  -1.563 150.0  30.0  622
 5.125  692.5  90  66  78  -1.563   0.0   0.0  698
 5.125  337.5 -90  66  81   1.563   0.0   0.0  345
 5.125  340.0 -90  66  96  -1.563   0.0   0.0  345
 5.125  342.5 -90  66  90   1.563   0.0   0.0  345
 5.125  682.5 -90  66  81   1.563   0.0   0.0  688
 5.125  685.0 -90  66  75  -1.563   0.0   0.0  688
 5.150   80.0  90  66  75   1.563  90.0  30.0   84
 5.150  342.5  90  66  84  -1.563   0.0   0.0  350
 5.150  345.0  90  66 102  -1.563   0.0   0.0  350
 5.150  347.5  90  66  93   1.563   0.0   0.0  350
 5.150  350.0  90  66  75   1.563   0.0   0.0  356
 5.150  612.5  90  66  75  -1.563 150.0  30.0  621
 5.150  615.0  90  66  75  -1.563 150.0  30.0  620
 5.150  692.5  90  66  75   1.563   0.0   0.0  699
 5.150  695.0  90  66  75  -1.563   0.0   0.0  698
 5.150  337.5 -90  66  78  -1.563   0.0   0.0  345
 5.150  340.0 -90  66  96  -1.563   0.0   0.0  345
 5.150  342.5 -90  66  90   1.563   0.0   0.0  345
 5.150  620.0 -90  66  75  -1.563 150.0  30.0  627
 5.150  682.5 -90  66  78   1.563   0.0   0.0  689
 5.150  685.0 -90  66  78  -1.563   0.0   0.0  687
 5.175  330.0  90  69  78  -1.563   0.0   0.0  334
 5.175  337.5  90  69  78  -1.563   0.0   0.0  340
 5.175  340.0  90  69  78  -1.563   0.0   0.0  343
 5.175  345.0  90  69  99  -1.563   0.0   0.0  350
 5.175  347.5  90  69  96   1.563   0.0   0.0  350
 5.175  350.0  90  69  78  -1.563   0.0   0.0  354
 5.175  352.5  90  69  78  -1.563   0.0   0.0  354
 5.175  355.0  90  69  78  -1.563   0.0   0.0  360
 5.175  357.5  90  69  78  -1.563   0.0   0.0  359
 5.175  360.0  90  69  78   1.563   0.0   0.0  364
 5.175  362.5  90  69  78  -1.563   0.0   0.0  366
 5.175  615.0  90  69  78  -1.563 150.0  30.0  620
 5.175  695.0  90  69  78   1.563   0.0   0.0  700
 5.175  340.0 -90  69  93   1.563   0.0   0.0  345
 5.175  342.5 -90  69  93   1.563   0.0   0.0  345
 5.175  685.0 -90  69  78  -1.563   0.0   0.0  689
 5.200  345.0  90  72  99  -1.563   0.0   0.0  350
 5.200  347.5  90  72  99  -1.563   0.0   0.0  351
 5.200  695.0  90  72  81  -1.563   0.0   0.0  698
 5.200  340.0 -90  69  93  -1.563   0.0   0.0  346
 5.200  342.5 -90  69  96   1.563   0.0   0.0  346
 5.225  345.0  90  69  96  -1.563   0.0   0.0  351
 5.225  347.5  90  69  99  -1.563   0.0   0.0  351
 5.225  350.0  90  69  78   1.563   0.0   0.0  353
 5.225  695.0  90  69  81   1.563   0.0   0.0  700
 5.225  697.5  90  69  81   1.563   0.0   0.0  701
 5.225  340.0 -90  69  90   1.563   0.0   0.0  346
 5.225  342.5 -90  69  96  -1.563   0.0   0.0  346
 5.225  345.0 -90  69  78  -1.563   0.0   0.0  349
 5.250  345.0  90  72  93  -1.563   0.0   0.0  351
 5.250  347.5  90  72  99  -1.563   0.0   0.0  351
 5.250  350.0  90  72  81  -1.563   0.0   0.0  352
 5.250  697.5  90  72  81  -1.563   0.0   0.0  698
 5.250  340.0 -90  69  87  -1.563   0.0   0.0  347
 5.250  342.5 -90  69  96  -1.563   0.0   0.0  347
 5.250  345.0 -90  69  84  -1.563   0.0   0.0  347
 5.275  345.0  90  69  90  -1.563   0.0   0.0  351
 5.275  347.5  90  69  99  -1.563   0.0   0.0  351
 5.275  350.0  90  69  87  -1.563   0.0   0.0  352
 5.275  617.5  90  69  81  -1.563 150.0  30.0  624
 5.275  697.5  90  69  78  -1.563   0.0   0.0  702
 5.275  340.0 -90  69  87  -1.563   0.0   0.0  347
 5.275  342.5 -90  69  99  -1.563   0.0   0.0  347
 5.275  345.0 -90  69  87  -1.563   0.0   0.0  347
 5.275  687.5 -90  69  78  -1.563   0.0   0.0  692
 5.300  345.0  90  69  87  -1.563   0.0   0.0  352
 5.300  347.5  90  69 102  -1.563   0.0   0.0  352
 5.300  350.0  90  69  90   1.563   0.0   0.0  352
 5.300  617.5  90  69  81  -1.563 150.0  30.0  624
 5.300  340.0 -90  66  81  -1.563   0.0   0.0  348
 5.300  342.5 -90  66  99  -1.563   0.0   0.0  347
 5.300  345.0 -90  66  90  -1.563   0.0   0.0  347
 5.300  687.5 -90  66  81   1.563   0.0   0.0  693
 5.300  690.0 -90  66  75  -1.563   0.0   0.0  692
 5.325  345.0  90  66  84   1.563   0.0   0.0  351
 5.325  347.5  90  66  99  -1.563   0.0   0.0  352
 5.325  350.0  90  66  93  -1.563   0.0   0.0  352
 5.325  617.5  90  66  81  -1.563 150.0  30.0  624
 5.325  620.0  90  66  78  -1.563 150.0  30.0  625
 5.325  697.5  90  66  75  -1.563   0.0   0.0  706
 5.325  700.0  90  66  78  -1.563   0.0   0.0  704
 5.325  340.0 -90  66  78   1.563   0.0   0.0  346
 5.325  342.5 -90  66  99  -1.563   0.0   0.0  347
 5.325  345.0 -90  66  93  -1.563   0.0   0.0  348
 5.325  687.5 -90  66  75  -1.563   0.0   0.0  692
 5.325  690.0 -90  66  78  -1.563   0.0   0.0  694
 5.350  345.0  90  66  75   1.563   0.0   0.0  351
 5.350  347.5  90  66  99  -1.563   0.0   0.0  353
 5.350  350.0  90  66  96  -1.563   0.0   0.0  353
 5.350  352.5  90  66  75  -1.563   0.0   0.0  357
 5.350  617.5  90  66  81  -1.563 150.0  30.0  624
 5.350  620.0  90  66  81  -1.563 150.0  30.0  625
 5.350  700.0  90  66  78   1.563   0.0   0.0  704
 5.350  342.5 -90  66  96  -1.563   0.0   0.0  348
 5.350  345.0 -90  66  96  -1.563   0.0   0.0  348
 5.350  690.0 -90  66  75  -1.563   0.0   0.0  694
 5.375  347.5  90  81 108  -1.563   0.0   0.0  353
 5.375  350.0  90  81 108  -1.563   0.0   0.0  353
 5.375  620.0  90  81  93  -1.563 150.0  30.0  625
 5.375  700.0  90  81  93  -1.563  90.0  30.0  705
 5.375  342.5 -90  78 108  -1.563   0.0   0.0  348
 5.375  345.0 -90  78 108  -1.563   0.0   0.0  348
 5.400  347.5  90  81 105  -1.563   0.0   0.0  353
 5.400  350.0  90  81 108  -1.563   0.0   0.0  354
 5.400  620.0  90  81  93  -1.563 150.0  30.0  625
 5.400  700.0  90  81  90  -1.563   0.0   0.0  706
 5.400  702.5  90  81  90  -1.563   0.0   0.0  706
 5.400  342.5 -90  78 105  -1.563   0.0   0.0  349
 5.400  345.0 -90  78 111  -1.563   0.0   0.0  348
 5.400  347.5 -90  78  90   1.563   0.0   0.0  348
 5.425  345.0  90  75  84   1.563   0.0   0.0  351
 5.425  347.5  90  75 102  -1.563   0.0   0.0  354
 5.425  350.0  90  75 111  -1.563   0.0   0.0  354
 5.425  352.5  90  75  93   1.563   0.0   0.0  354
 5.425  355.0  90  75  84  -4.688   0.0   0.0  352
 5.425  620.0  90  75  87  -1.563 150.0  30.0  627
 5.425  700.0  90  75  84   1.563   0.0   0.0  707
 5.425  702.5  90  75  93  -1.563   0.0   0.0  706
 5.425  705.0  90  75  84  -1.563   0.0   0.0  707
 5.425  342.5 -90  75 105  -1.563   0.0   0.0  348
 5.425  345.0 -90  75 111  -1.563   0.0   0.0  349
 5.425  347.5 -90  75  96  -1.563   0.0   0.0  349
 5.425  692.5 -90  75  84  -1.563   0.0   0.0  697
 5.425  740.0 -90  75  84  -1.563 150.0  30.0  747
 5.450  347.5  90  78  96  -1.563   0.0   0.0  355
 5.450  350.0  90  78 108  -1.563   0.0   0.0  354
 5.450  352.5  90  78  96  -1.563   0.0   0.0  355
 5.450  702.5  90  78  93   1.563   0.0   0.0  707
 5.450  705.0  90  78  87   1.563   0.0   0.0  708
 5.450  342.5 -90  78  99  -1.563   0.0   0.0  349
 5.450  345.0 -90  78 111  -1.563   0.0   0.0  349
 5.450  347.5 -90  78  99  -1.563   0.0   0.0  349
 5.450  692.5 -90  78  87   1.563   0.0   0.0  696
 5.450  740.0 -90  78  87  -1.563 150.0  30.0  746
 5.475  347.5  90  78  93  -1.563   0.0   0.0  355
 5.475  350.0  90  78 108  -1.563   0.0   0.0  355
 5.475  352.5  90  78 102   1.563   0.0   0.0  355
 5.475  622.5  90  78  87  -1.563 150.0  30.0  629
 5.475  700.0  90  78  87   1.563 330.0  30.0  699
 5.475  702.5  90  78  93   1.563   0.0   0.0  707
 5.475  705.0  90  78  93  -1.563   0.0   0.0  709
 5.475  802.5  90  78  87  -4.688  90.0  30.0  794
 5.475  812.5  90  78  87  -4.688  90.0  30.0  800
 5.475  815.0  90  78  87  -4.688  90.0  30.0  827
 5.475  890.0  90  78  87  -4.688 330.0  30.0  897
 5.475  935.0  90  78  87  -4.688 330.0  30.0  926
 5.475  992.5  90  78  87  -1.563 210.0  30.0  981
 5.475  342.5 -90  81  96  -1.563   0.0   0.0  349
 5.475  345.0 -90  81 111  -1.563   0.0   0.0  350
 5.475  347.5 -90  81 105  -1.563   0.0   0.0  350
 5.500  347.5  90  75  87  -1.563   0.0   0.0  355
 5.500  350.0  90  75 108  -1.563   0.0   0.0  355
 5.500  352.5  90  75 105  -1.563   0.0   0.0  355
 5.500  622.5  90  75  84  -1.563 150.0  30.0  630
 5.500  702.5  90  75  84  -1.563   0.0   0.0  710
 5.500  705.0  90  75  93  -1.563   0.0   0.0  709
 5.500  342.5 -90  75  93   1.563   0.0   0.0  350
 5.500  345.0 -90  75 111  -1.563   0.0   0.0  350
 5.500  347.5 -90  75 105  -1.563   0.0   0.0  350
 5.500 1057.5 -90  75  84  -1.563   0.0   0.0 1064
 5.525  350.0  90  78 105  -1.563   0.0   0.0  356
 5.525  352.5  90  78 108  -1.563   0.0   0.0  356
 5.525  622.5  90  78  87  -1.563 150.0  30.0  629
 5.525  705.0  90  78  93  -1.563   0.0   0.0  710
 5.525  342.5 -90  78  87  -1.563   0.0   0.0  349
 5.525  345.0 -90  78 111  -1.563   0.0   0.0  350
 5.525  347.5 -90  78 108  -1.563   0.0   0.0  350
 5.550  345.0  90  75  84   1.563  30.0  30.0  347
 5.550  347.5  90  75  87   1.563   0.0   0.0  353
 5.550  350.0  90  75 102   1.563   0.0   0.0  356
 5.550  352.5  90  75 108  -1.563   0.0   0.0  356
 5.550  355.0  90  75  84  -1.563   0.0   0.0  356
 5.550  705.0  90  75  87   1.563   0.0   0.0  711
 5.550  707.5  90  75  84   1.563   0.0   0.0  710
 5.550  342.5 -90  75  87   1.563   0.0   0.0  347
 5.550  345.0 -90  75 108  -1.563   0.0   0.0  351
 5.550  347.5 -90  75 111  -1.563   0.0   0.0  351
 5.550  352.5 -90  75  84  -1.563   0.0   0.0  357
 5.550  617.5 -90  75  84  -1.563 150.0  30.0  623
 5.550  695.0 -90  75  87  -1.563   0.0   0.0  700
 5.575  350.0  90  63  90  -1.563   0.0   0.0  357
 5.575  352.5  90  63  96  -1.563   0.0   0.0  357
 5.575  355.0  90  63  84   1.563   0.0   0.0  358
 5.575  625.0  90  63  72  -1.563 150.0  30.0  632
 5.575  707.5  90  63  72  -1.563   0.0   0.0  714
 5.575 1052.5  90  63  72   1.563   0.0   0.0 1042
 5.575 1192.5  90  63  72   4.688 270.0  30.0 1192
 5.575  345.0 -90  63  93   1.563   0.0   0.0  352
 5.575  347.5 -90  63  99  -1.563   0.0   0.0  352
 5.575  350.0 -90  63  81  -1.563   0.0   0.0  352
 5.575  617.5 -90  63  75  -1.563 150.0  30.0  625
 5.575  620.0 -90  63  72  -1.563 150.0  30.0  625
 5.575  695.0 -90  63  75  -1.563   0.0   0.0  701
 5.575  697.5 -90  63  78  -1.563   0.0   0.0  701
 5.600  350.0  90  63  84   1.563   0.0   0.0  357
 5.600  352.5  90  63  99  -1.563   0.0   0.0  357
 5.600  355.0  90  63  87  -1.563   0.0   0.0  357
 5.600  782.5  90  63  72  -1.563 210.0  30.0  775
 5.600  907.5  90  63  72  -4.688 270.0  30.0  895
 5.600  345.0 -90  63  93  -1.563   0.0   0.0  351
 5.600  347.5 -90  63  99  -1.563   0.0   0.0  351
 5.600  350.0 -90  63  87  -1.563   0.0   0.0  352
 5.600  617.5 -90  63  72  -1.563 150.0  30.0  625
 5.600  695.0 -90  63  72   1.563   0.0   0.0  701
 5.600  697.5 -90  63  78  -1.563   0.0   0.0  701
 5.600  700.0 -90  63  72  -1.563   0.0   0.0  703
 5.625  350.0  90  63  81   1.563   0.0   0.0  356
 5.625  352.5  90  63  96  -1.563   0.0   0.0  356
 5.625  355.0  90  63  90  -1.563   0.0   0.0  357
 5.625  345.0 -90  63  90  -1.563   0.0   0.0  351
 5.625  347.5 -90  63 102  -1.563   0.0   0.0  351
 5.625  350.0 -90  63  90  -1.563   0.0   0.0  351
 5.625  620.0 -90  63  72  -1.563 150.0  30.0  626
 5.625  697.5 -90  63  78  -1.563   0.0   0.0  702
 5.625  700.0 -90  63  72  -1.563   0.0   0.0  704
 5.650  350.0  90  66  75   1.563   0.0   0.0  357
 5.650  352.5  90  66  96  -1.563   0.0   0.0  358
 5.650  355.0  90  66  93  -1.563   0.0   0.0  358
 5.650  627.5  90  66  75  -1.563 150.0  30.0  634
 5.650  345.0 -90  63  84  -1.563   0.0   0.0  352
 5.650  347.5 -90  63 102  -1.563   0.0   0.0  352
 5.650  350.0 -90  63  93  -1.563   0.0   0.0  352
 5.650  620.0 -90  63  75  -1.563 150.0  30.0  625
 5.650  697.5 -90  63  75   1.563   0.0   0.0  703
 5.650  700.0 -90  63  78  -1.563   0.0   0.0  703
 5.650  712.5 -90  63  72   1.563   0.0   0.0  714
 5.650  937.5 -90  63  72  -1.563 210.0  30.0  939
 5.650 1020.0 -90  63  72   1.563   0.0   0.0 1028
 5.650 1060.0 -90  63  72   1.563  30.0  30.0 1047
 5.650 1067.5 -90  63  75   1.563 270.0  30.0 1075
 5.650 1092.5 -90  63  72  -1.563 270.0  30.0 1095
 5.675  352.5  90  81 105  -1.563   0.0   0.0  359
 5.675  355.0  90  81 108   1.563   0.0   0.0  358
 5.675  490.0  90  81  90   4.688 150.0  30.0  504
 5.675  510.0  90  81  90  -1.563  30.0  30.0  510
 5.675  512.5  90  81  90  -4.688 150.0  30.0  523
 5.675  525.0  90  81  90   4.688  30.0  30.0  530
 5.675  627.5  90  81  93  -1.563 150.0  30.0  635
 5.675  850.0  90  81  90   4.688 330.0  30.0  864
 5.675  345.0 -90  75  93   1.563   0.0   0.0  353
 5.675  347.5 -90  75 111  -1.563   0.0   0.0  353
 5.675  350.0 -90  75 108  -1.563   0.0   0.0  353
 5.675  620.0 -90  75  84  -1.563 150.0  30.0  627
 5.675  697.5 -90  75  87  -1.563   0.0   0.0  703
 5.675  700.0 -90  75  90  -1.563   0.0   0.0  703
 5.675  702.5 -90  75  84  -4.688 150.0  30.0  707
 5.675  952.5 -90  75  84  -1.563  90.0  30.0  943
 5.675 1167.5 -90  75  84   1.563 150.0  30.0 1175
 5.675 1230.0 -90  75  84   4.688  90.0  30.0 1242
 5.700  352.5  90  75 102  -1.563   0.0   0.0  358
 5.700  355.0  90  75 108  -1.563   0.0   0.0  359
 5.700  357.5  90  75  87   1.563   0.0   0.0  359
 5.700  627.5  90  75  90  -1.563 150.0  30.0  635
 5.700  630.0  90  75  87  -1.563 150.0  30.0  635
 5.700  710.0  90  75  90  -1.563   0.0   0.0  716
 5.700  712.5  90  75  90  -1.563   0.0   0.0  716
 5.700  765.0  90  75  84   1.563 330.0  30.0  756
 5.700  345.0 -90  75  84  -1.563   0.0   0.0  353
 5.700  347.5 -90  75 111  -1.563   0.0   0.0  353
 5.700  350.0 -90  75 108  -1.563   0.0   0.0  353
 5.700  700.0 -90  75  90  -1.563   0.0   0.0  704
 5.725  352.5  90  81  99  -1.563   0.0   0.0  357
 5.725  355.0  90  81 108  -1.563   0.0   0.0  358
 5.725  357.5  90  81  93   1.563   0.0   0.0  358
 5.725  712.5  90  81  93  -1.563   0.0   0.0  715
 5.725  347.5 -90  81 108  -1.563   0.0   0.0  352
 5.725  350.0 -90  81 111  -1.563   0.0   0.0  352
 5.725 1267.5 -90  81  90  -1.563 270.0  30.0 1274
 5.725 1282.5 -90  81  90   1.563 270.0  30.0 1295
 5.750  352.5  90  81  96  -1.563   0.0   0.0  359
 5.750  355.0  90  81 108  -1.563   0.0   0.0  359
 5.750  357.5  90  81  99   1.563   0.0   0.0  360
 5.750  712.5  90  81  93  -1.563   0.0   0.0  717
 5.750  715.0  90  81  90  -1.563   0.0   0.0  716
 5.750  347.5 -90  87 105  -1.563   0.0   0.0  354
 5.750  350.0 -90  87 111  -1.563   0.0   0.0  354
 5.775  352.5  90  69  81   1.563   0.0   0.0  359
 5.775  355.0  90  69  96   1.563   0.0   0.0  361
 5.775  357.5  90  69  90   1.563   0.0   0.0  361
 5.775  712.5  90  69  78  -1.563  30.0  30.0  717
 5.775  715.0  90  69  78   1.563   0.0   0.0  719
 5.775  347.5 -90  69  90   1.563   0.0   0.0  355
 5.775  350.0 -90  69  99  -1.563   0.0   0.0  355
 5.775  352.5 -90  69  84  -1.563   0.0   0.0  356
 5.800  352.5  90  66  75  -1.563   0.0   0.0  360
 5.800  355.0  90  66  93  -1.563   0.0   0.0  360
 5.800  357.5  90  66  93  -1.563   0.0   0.0  360
 5.800  712.5  90  66  75  -1.563   0.0   0.0  719
 5.800  715.0  90  66  81  -1.563   0.0   0.0  719
 5.800  347.5 -90  66  84  -1.563   0.0   0.0  354
 5.800  350.0 -90  66  99  -1.563   0.0   0.0  354
 5.800  352.5 -90  66  87  -1.563   0.0   0.0  354
 5.800  702.5 -90  66  78  -1.563   0.0   0.0  707
 5.825  355.0  90  78 105  -1.563   0.0   0.0  361
 5.825  357.5  90  78 108  -1.563   0.0   0.0  361
 5.825  715.0  90  78  93  -1.563   0.0   0.0  720
 5.825  717.5  90  78  87   1.563   0.0   0.0  721
 5.825  347.5 -90  78  93  -1.563   0.0   0.0  354
 5.825  350.0 -90  78 111  -1.563   0.0   0.0  355
 5.825  352.5 -90  78 102   1.563   0.0   0.0  355
 5.825  702.5 -90  78  90  -1.563   0.0   0.0  707
 5.825  705.0 -90  78  90  -1.563   0.0   0.0  709
 5.850   92.5  90  78  87   1.563  30.0  30.0   86
 5.850  350.0  90  78  87  -1.563   0.0   0.0  354
 5.850  352.5  90  78  87   1.563   0.0   0.0  358
 5.850  355.0  90  78 102   1.563   0.0   0.0  361
 5.850  357.5  90  78 108  -1.563   0.0   0.0  361
 5.850  367.5  90  78  87   1.563   0.0   0.0  373
 5.850  717.5  90  78  87   1.563   0.0   0.0  722
 5.850  335.0 -90  78  87   1.563   0.0   0.0  338
 5.850  337.5 -90  78  87   1.563   0.0   0.0  341
 5.850  350.0 -90  78 111  -1.563   0.0   0.0  355
 5.850  352.5 -90  78 105  -1.563   0.0   0.0  355
 5.850  362.5 -90  78  87   1.563  30.0  30.0  365
 5.850  365.0 -90  78  87   1.563 330.0  30.0  368
 5.850  702.5 -90  78  90  -1.563   0.0   0.0  708
 5.850  705.0 -90  78  93  -1.563   0.0   0.0  709
 5.875  355.0  90  78  99  -1.563   0.0   0.0  362
 5.875  357.5  90  78 108  -1.563   0.0   0.0  362
 5.875  360.0  90  78  96  -1.563   0.0   0.0  363
 5.875  350.0 -90  78 108  -1.563   0.0   0.0  356
 5.875  352.5 -90  78 108  -1.563   0.0   0.0  356
 5.875  705.0 -90  78  93  -1.563   0.0   0.0  710
 5.900  355.0  90  75  96  -1.563   0.0   0.0  363
 5.900  357.5  90  75 108  -1.563   0.0   0.0  362
 5.900  360.0  90  75  99  -1.563   0.0   0.0  362
 5.900  350.0 -90  78 108  -1.563   0.0   0.0  356
 5.900  352.5 -90  78 111  -1.563   0.0   0.0  356
 5.900  355.0 -90  78  90  -1.563   0.0   0.0  357
 5.900  705.0 -90  78  90  -1.563   0.0   0.0  710
 5.900  707.5 -90  78  87   1.563   0.0   0.0  712
 5.925  355.0  90  81  90   1.563   0.0   0.0  361
 5.925  357.5  90  81 108  -1.563   0.0   0.0  362
 5.925  360.0  90  81 102  -1.563   0.0   0.0  362
 5.925  350.0 -90  81 105  -1.563   0.0   0.0  356
 5.925  352.5 -90  81 111  -1.563   0.0   0.0  356
 5.925  355.0 -90  81  96   1.563   0.0   0.0  355
 5.925  707.5 -90  81  90  -1.563   0.0   0.0  712
 5.950  357.5  90  78 105   1.563   0.0   0.0  363
 5.950  360.0  90  78 105  -1.563   0.0   0.0  363
 5.950  720.0  90  78  90   1.563   0.0   0.0  725
 5.950  350.0 -90  81  99   1.563   0.0   0.0  357
 5.950  352.5 -90  81 111  -1.563   0.0   0.0  357
 5.950  355.0 -90  81  99  -1.563   0.0   0.0  357
 5.950  707.5 -90  81  90  -1.563   0.0   0.0  713
 5.975  357.5  90  66  93  -1.563   0.0   0.0  363
 5.975  360.0  90  66  93  -1.563   0.0   0.0  364
 5.975  362.5  90  66  75   1.563   0.0   0.0  364
 5.975  720.0  90  66  75  -1.563  90.0  30.0  726
 5.975  722.5  90  66  75  -1.563   0.0   0.0  727
 5.975  350.0 -90  66  84   1.563   0.0   0.0  358
 5.975  352.5 -90  66 102  -1.563   0.0   0.0  357
 5.975  355.0 -90  66  93  -1.563   0.0   0.0  357
 5.975  707.5 -90  66  78  -1.563   0.0   0.0  712
 5.975  710.0 -90  66  75  -1.563   0.0   0.0  714
 6.000  357.5  90  66  87  -1.563   0.0   0.0  364
 6.000  360.0  90  66  93  -1.563   0.0   0.0  364
 6.000  362.5  90  66  75   1.563   0.0   0.0  365
 6.000  722.5  90  66  78  -1.563   0.0   0.0  726
 6.000  350.0 -90  66  81  -1.563   0.0   0.0  358
 6.000  352.5 -90  66  99  -1.563   0.0   0.0  358
 6.000  355.0 -90  66  96  -1.563   0.0   0.0  358
 6.000  707.5 -90  66  75  -1.563   0.0   0.0  714
 6.000  710.0 -90  66  78  -1.563   0.0   0.0  714
 6.025  357.5  90  63  84  -1.563   0.0   0.0  363
 6.025  360.0  90  63  93  -1.563   0.0   0.0  363
 6.025  362.5  90  63  81   1.563   0.0   0.0  364
 6.025  722.5  90  63  75  -1.563   0.0   0.0  728
 6.025  350.0 -90  63  72  -1.563   0.0   0.0  356
 6.025  352.5 -90  63  99  -1.563   0.0   0.0  357
 6.025  355.0 -90  63  96  -1.563   0.0   0.0  357
 6.025  357.5 -90  63  72   1.563   0.0   0.0  358
 6.025  710.0 -90  63  75  -1.563   0.0   0.0  714
 6.050  357.5  90  63  78  -1.563   0.0   0.0  364
 6.050  360.0  90  63  93   1.563   0.0   0.0  365
 6.050  362.5  90  63  84  -1.563   0.0   0.0  365
 6.050  722.5  90  63  75  -1.563   0.0   0.0  729
 6.050  725.0  90  63  78  -1.563   0.0   0.0  729
 6.050  352.5 -90  66  96  -1.563   0.0   0.0  358
 6.050  355.0 -90  66  99  -1.563   0.0   0.0  358
 6.050  357.5 -90  66  75   1.563   0.0   0.0  358
 6.075  360.0  90  66  90  -1.563   0.0   0.0  365
 6.075  362.5  90  66  87  -1.563   0.0   0.0  365
 6.075  725.0  90  66  78  -1.563   0.0   0.0  729
 6.075  352.5 -90  66  93  -1.563   0.0   0.0  359
 6.075  355.0 -90  66  99  -1.563   0.0   0.0  359
 6.075  357.5 -90  66  81  -1.563   0.0   0.0  360
 6.075  712.5 -90  66  75   1.563   0.0   0.0  717
 6.100  360.0  90  66  87  -1.563   0.0   0.0  366
 6.100  362.5  90  66  87  -1.563   0.0   0.0  366
 6.100  725.0  90  66  78   1.563   0.0   0.0  730
 6.100  352.5 -90  66  90  -1.563   0.0   0.0  359
 6.100  355.0 -90  66  99  -1.563   0.0   0.0  359
 6.100  357.5 -90  66  87   1.563   0.0   0.0  359
 6.100  712.5 -90  66  78  -1.563   0.0   0.0  717
 6.125  360.0  90  63  84   1.563   0.0   0.0  365
 6.125  362.5  90  63  87  -1.563   0.0   0.0  365
 6.125  725.0  90  63  75  -1.563   0.0   0.0  730
 6.125  727.5  90  63  75  -1.563   0.0   0.0  730
 6.125  352.5 -90  63  84   1.563   0.0   0.0  359
 6.125  355.0 -90  63  99  -1.563   0.0   0.0  359
 6.125  357.5 -90  63  90  -1.563   0.0   0.0  359
 6.125  712.5 -90  63  78   1.563   0.0   0.0  717
 6.150  360.0  90  63  81  -1.563   0.0   0.0  366
 6.150  362.5  90  63  87   1.563   0.0   0.0  367
 6.150  365.0  90  63  72  -1.563   0.0   0.0  366
 6.150  727.5  90  63  78  -1.563   0.0   0.0  732
 6.150  352.5 -90  66  81   1.563   0.0   0.0  360
 6.150  355.0 -90  66  99  -1.563   0.0   0.0  360
 6.150  357.5 -90  66  93  -1.563   0.0   0.0  360
 6.150  715.0 -90  66  75  -1.563   0.0   0.0  719
 6.175  360.0  90  66  75   1.563   0.0   0.0  366
 6.175  362.5  90  66  87  -1.563   0.0   0.0  367
 6.175  365.0  90  66  78  -1.563   0.0   0.0  367
 6.175  727.5  90  66  78  -1.563   0.0   0.0  734
 6.175  730.0  90  66  75   1.563   0.0   0.0  733
 6.175  352.5 -90  66  78   1.563   0.0   0.0  362
 6.175  355.0 -90  66  99  -1.563   0.0   0.0  361
 6.175  357.5 -90  66  96  -1.563   0.0   0.0  361
 6.175  715.0 -90  66  75   1.563   0.0   0.0  720
 6.200  362.5  90  66  84  -1.563   0.0   0.0  367
 6.200  365.0  90  66  78  -1.563   0.0   0.0  366
 6.200  730.0  90  66  78   1.563   0.0   0.0  732
 6.200  355.0 -90  69  96  -1.563   0.0   0.0  361
 6.200  357.5 -90  69  99  -1.563   0.0   0.0  361
 6.200  360.0 -90  69  78  -1.563   0.0   0.0  361
 6.225  362.5  90  72  84  -1.563   0.0   0.0  368
 6.225  355.0 -90  72  96   1.563   0.0   0.0  361
 6.225  357.5 -90  72 102  -1.563   0.0   0.0  362
 6.225  360.0 -90  72  84  -1.563   0.0   0.0  362
 6.250  362.5  90  69  81   1.563   0.0   0.0  367
 6.250  365.0  90  69  81   1.563   0.0   0.0  368
 6.250  730.0  90  69  81  -1.563   0.0   0.0  735
 6.250  732.5  90  69  78   1.563   0.0   0.0  735
 6.250  345.0 -90  69  78  -1.563   0.0   0.0  348
 6.250  355.0 -90  69  90   1.563   0.0   0.0  362
 6.250  357.5 -90  69 102  -1.563   0.0   0.0  362
 6.250  360.0 -90  69  87  -1.563   0.0   0.0  362
 6.250  362.5 -90  69  78  -1.563   0.0   0.0  365
 6.250  717.5 -90  69  78  -1.563   0.0   0.0  722
 6.275  362.5  90  63  78  -1.563   0.0   0.0  368
 6.275  365.0  90  63  84  -1.563   0.0   0.0  369
 6.275  730.0  90  63  75  -1.563   0.0   0.0  734
 6.275  732.5  90  63  81   1.563   0.0   0.0  736
 6.275  735.0  90  63  72  -1.563   0.0   0.0  734
 6.275 1097.5  90  63  75  -1.563   0.0   0.0 1101
 6.275  355.0 -90  66  87  -1.563   0.0   0.0  361
 6.275  357.5 -90  66 102  -1.563   0.0   0.0  362
 6.275  360.0 -90  66  93  -1.563   0.0   0.0  362
 6.275  717.5 -90  66  78  -1.563   0.0   0.0  723
 6.275  720.0 -90  66  78  -1.563   0.0   0.0  722
 6.275 1077.5 -90  66  75   1.563   0.0   0.0 1082
 6.300  365.0  90  69  84   1.563   0.0   0.0  369
 6.300  732.5  90  69  78  -1.563   0.0   0.0  739
 6.300  355.0 -90  69  81   1.563   0.0   0.0  363
 6.300  357.5 -90  69  99  -1.563   0.0   0.0  362
 6.300  360.0 -90  69  96  -1.563   0.0   0.0  363
 6.300  717.5 -90  69  78  -1.563   0.0   0.0  723
 6.300  720.0 -90  69  78   1.563   0.0   0.0  725
 6.325  365.0  90  72  84  -1.563   0.0   0.0  369
 6.325  357.5 -90  75  99  -1.563   0.0   0.0  362
 6.325  360.0 -90  75  96  -1.563   0.0   0.0  362
 6.350  365.0  90  75  87  -1.563   0.0   0.0  370
 6.350  367.5  90  75  84   1.563   0.0   0.0  370
 6.350  357.5 -90  75  96  -1.563   0.0   0.0  363
 6.350  360.0 -90  75  96  -1.563   0.0   0.0  363
 6.375  367.5  90  75  84   1.563   0.0   0.0  371
 6.375  357.5 -90  75  93   1.563   0.0   0.0  365
 6.375  360.0 -90  75  99  -1.563   0.0   0.0  364
 6.400  367.5  90  78  87   1.563   0.0   0.0  371
 6.400  357.5 -90  75  87  -1.563   0.0   0.0  364
 6.400  360.0 -90  75  96   1.563   0.0   0.0  364
 6.400  362.5 -90  75  84  -1.563   0.0   0.0  363
 6.425  367.5  90  78  90  -1.563   0.0   0.0  373
 6.425  360.0 -90  78  96  -1.563   0.0   0.0  365
 6.425  362.5 -90  78  87   1.563   0.0   0.0  364
 6.425  640.0 -90  78  87  -1.563 150.0  30.0  646
 6.450  367.5  90  78  87  -1.563   0.0   0.0  372
 6.450  360.0 -90  78  96  -1.563   0.0   0.0  365
 6.450  362.5 -90  78  90  -1.563   0.0   0.0  364
 6.475  367.5  90  75  87  -1.563   0.0   0.0  373
 6.475  370.0  90  75  87  -1.563   0.0   0.0  372
 6.475  740.0  90  75  87  -1.563   0.0   0.0  744
 6.475  360.0 -90  78  96   1.563   0.0   0.0  365
 6.475  362.5 -90  78  93  -1.563   0.0   0.0  366
 6.500  367.5  90  72  87   1.563   0.0   0.0  373
 6.500  370.0  90  72  87   1.563   0.0   0.0  373
 6.500  740.0  90  72  90  -1.563   0.0   0.0  745
 6.500  742.5  90  72  87  -1.563   0.0   0.0  746
 6.500  360.0 -90  72  93  -1.563   0.0   0.0  366
 6.500  362.5 -90  72  96  -1.563   0.0   0.0  366
 6.500  640.0 -90  72  81  -1.563 150.0  30.0  647
 6.500  642.5 -90  72  84  -1.563 150.0  30.0  647
 6.525  367.5  90  66  84  -1.563   0.0   0.0  374
 6.525  370.0  90  66  90  -1.563   0.0   0.0  374
 6.525  740.0  90  66  87  -1.563   0.0   0.0  746
 6.525  742.5  90  66  93  -1.563   0.0   0.0  747
 6.525  745.0  90  66  81  -1.563   0.0   0.0  747
 6.525  360.0 -90  66  93  -1.563   0.0   0.0  366
 6.525  362.5 -90  66  99  -1.563   0.0   0.0  366
 6.525  365.0 -90  66  81   1.563   0.0   0.0  367
 6.525  640.0 -90  66  75  -1.563 150.0  30.0  648
 6.525  642.5 -90  66  81  -1.563 150.0  30.0  649
 6.525 1090.0 -90  66  75   1.563   0.0   0.0 1095
 6.550  367.5  90  63  78   1.563   0.0   0.0  373
 6.550  370.0  90  63  90  -1.563   0.0   0.0  374
 6.550  372.5  90  63  78  -1.563   0.0   0.0  374
 6.550  740.0  90  63  78   1.563   0.0   0.0  746
 6.550  742.5  90  63  93   1.563   0.0   0.0  747
 6.550  745.0  90  63  87  -1.563   0.0   0.0  748
 6.550 1112.5  90  63  75  -1.563   0.0   0.0 1117
 6.550 1115.0  90  63  75  -1.563   0.0   0.0 1118
 6.550  360.0 -90  63  87  -1.563   0.0   0.0  367
 6.550  362.5 -90  63  99  -1.563   0.0   0.0  367
 6.550  365.0 -90  63  87  -1.563   0.0   0.0  367
 6.550  642.5 -90  63  78  -1.563 150.0  30.0  650
 6.550  645.0 -90  63  72  -1.563 150.0  30.0  650
 6.550  727.5 -90  63  72   1.563   0.0   0.0  732
 6.550 1090.0 -90  63  75  -1.563   0.0   0.0 1096
 6.575  370.0  90  63  87  -1.563   0.0   0.0  375
 6.575  372.5  90  63  81   1.563   0.0   0.0  375
 6.575  375.0  90  63  75  -1.563   0.0   0.0  376
 6.575  740.0  90  63  75   1.563   0.0   0.0  750
 6.575  742.5  90  63  90  -1.563   0.0   0.0  748
 6.575  745.0  90  63  90  -1.563   0.0   0.0  748
 6.575 1117.5  90  63  72   1.563   0.0   0.0 1124
 6.575 1120.0  90  63  75  -1.563   0.0   0.0 1121
 6.575  360.0 -90  63  84  -1.563   0.0   0.0  367
 6.575  362.5 -90  63  99  -1.563   0.0   0.0  367
 6.575  365.0 -90  63  90  -1.563   0.0   0.0  367
 6.575  642.5 -90  63  78  -1.563 150.0  30.0  650
 6.575  645.0 -90  63  75  -1.563 150.0  30.0  651
 6.575 1092.5 -90  63  72  -1.563   0.0   0.0 1095
 6.600  370.0  90  66  90   1.563   0.0   0.0  375
 6.600  372.5  90  66  87   1.563   0.0   0.0  376
 6.600  742.5  90  66  84  -1.563   0.0   0.0  748
 6.600  745.0  90  66  93  -1.563   0.0   0.0  749
 6.600  747.5  90  66  81   1.563   0.0   0.0  749
 6.600  360.0 -90  60  78   1.563   0.0   0.0  367
 6.600  362.5 -90  60  99  -1.563   0.0   0.0  368
 6.600  365.0 -90  60  93  -1.563   0.0   0.0  368
 6.600  642.5 -90  60  72  -1.563 150.0  30.0  652
 6.600  730.0 -90  60  69  -1.563   0.0   0.0  735
 6.600 1092.5 -90  60  72  -1.563   0.0   0.0 1100
 6.600 1095.0 -90  60  69  -1.563   0.0   0.0 1099
 6.625  370.0  90  60  84  -1.563   0.0   0.0  375
 6.625  372.5  90  60  87   1.563   0.0   0.0  375
 6.625  742.5  90  60  72   1.563   0.0   0.0  748
 6.625  745.0  90  60  90  -1.563   0.0   0.0  749
 6.625  747.5  90  60  84   1.563   0.0   0.0  749
 6.625  750.0  90  60  69  -1.563   0.0   0.0  749
 6.625 1115.0  90  60  69   1.563   0.0   0.0 1120
 6.625 1117.5  90  60  69   1.563   0.0   0.0 1124
 6.625 1120.0  90  60  69   1.563   0.0   0.0 1122
 6.625 1122.5  90  60  69  -1.563   0.0   0.0 1123
 6.625  360.0 -90  60  72  -1.563   0.0   0.0  366
 6.625  362.5 -90  60  96  -1.563   0.0   0.0  367
 6.625  365.0 -90  60  96  -1.563   0.0   0.0  367
 6.625  367.5 -90  60  72   1.563   0.0   0.0  368
 6.625  645.0 -90  60  75  -1.563 150.0  30.0  650
 6.625  647.5 -90  60  69  -1.563 150.0  30.0  652
 6.625  730.0 -90  60  75  -1.563   0.0   0.0  734
 6.625  732.5 -90  60  69  -1.563   0.0   0.0  734
 6.625 1095.0 -90  60  69  -1.563   0.0   0.0 1099
 6.650  370.0  90  63  81   1.563   0.0   0.0  376
 6.650  372.5  90  63  90   1.563   0.0   0.0  377
 6.650  375.0  90  63  72   1.563   0.0   0.0  375
 6.650  745.0  90  63  84   1.563   0.0   0.0  751
 6.650  747.5  90  63  90   1.563   0.0   0.0  751
 6.650  750.0  90  63  72   1.563   0.0   0.0  752
 6.650  362.5 -90  60  96  -1.563   0.0   0.0  368
 6.650  365.0 -90  60  99  -1.563   0.0   0.0  369
 6.650  367.5 -90  60  78  -1.563   0.0   0.0  369
 6.650  645.0 -90  60  78  -1.563 150.0  30.0  652
 6.650  647.5 -90  60  75  -1.563 150.0  30.0  652
 6.650  715.0 -90  60  69  -4.688 150.0  30.0  709
 6.650  730.0 -90  60  75  -1.563   0.0   0.0  736
 6.650  732.5 -90  60  75  -1.563   0.0   0.0  736
 6.650 1097.5 -90  60  69   1.563   0.0   0.0 1102
 6.675  370.0  90  72  87   1.563   0.0   0.0  378
 6.675  372.5  90  72 102   1.563   0.0   0.0  379
 6.675  375.0  90  72  90  -1.563   0.0   0.0  379
 6.675  745.0  90  72  90   1.563   0.0   0.0  751
 6.675  747.5  90  72 105  -1.563   0.0   0.0  753
 6.675  750.0  90  72  99  -1.563   0.0   0.0  754
 6.675  787.5  90  72  81   1.563   0.0   0.0  801
 6.675 1117.5  90  72  81  -1.563   0.0   0.0 1124
 6.675 1120.0  90  72  87   1.563   0.0   0.0 1127
 6.675 1122.5  90  72  81   1.563  90.0  30.0 1125
 6.675  362.5 -90  72 102  -1.563   0.0   0.0  370
 6.675  365.0 -90  72 111  -1.563   0.0   0.0  370
 6.675  367.5 -90  72  96  -1.563   0.0   0.0  370
 6.675  645.0 -90  72  87  -1.563 150.0  30.0  654
 6.675  647.5 -90  72  90  -1.563 150.0  30.0  655
 6.675  730.0 -90  72  81  -1.563   0.0   0.0  738
 6.675  732.5 -90  72  90  -1.563   0.0   0.0  738
 6.675 1097.5 -90  72  87  -1.563   0.0   0.0 1105
 6.675 1100.0 -90  72  81   1.563   0.0   0.0 1104
 6.700  367.5  90  72  81  -1.563   0.0   0.0  377
 6.700  370.0  90  72  81   1.563   0.0   0.0  380
 6.700  372.5  90  72  99  -1.563   0.0   0.0  377
 6.700  375.0  90  72  93  -1.563   0.0   0.0  377
 6.700  377.5  90  72  81  -1.563   0.0   0.0  381
 6.700  745.0  90  72  81  -1.563   0.0   0.0  755
 6.700  747.5  90  72 102   1.563   0.0   0.0  753
 6.700  750.0  90  72 105   1.563   0.0   0.0  754
 6.700  752.5  90  72  87   1.563   0.0   0.0  756
 6.700  755.0  90  72  81  -1.563   0.0   0.0  758
 6.700 1120.0  90  72  84   1.563   0.0   0.0 1125
 6.700 1122.5  90  72  84  -1.563   0.0   0.0 1128
 6.700  362.5 -90  72  96   1.563   0.0   0.0  369
 6.700  365.0 -90  72 108  -1.563   0.0   0.0  369
 6.700  367.5 -90  72  99  -1.563   0.0   0.0  369
 6.700  647.5 -90  72  90  -1.563 150.0  30.0  654
 6.700  650.0 -90  72  81  -1.563 150.0  30.0  654
 6.700  732.5 -90  72  90  -1.563   0.0   0.0  737
 6.700  735.0 -90  72  84  -1.563   0.0   0.0  737
 6.700 1100.0 -90  72  84  -1.563   0.0   0.0 1104
 6.725  372.5  90  78 102  -1.563   0.0   0.0  377
 6.725  375.0  90  78  99   1.563   0.0   0.0  377
 6.725  747.5  90  78 102   1.563   0.0   0.0  753
 6.725  750.0  90  78 111  -1.563   0.0   0.0  753
 6.725  752.5  90  78 102   1.563   0.0   0.0  755
 6.725 1120.0  90  78  90   1.563   0.0   0.0 1124
 6.725 1122.5  90  78  90   1.563   0.0   0.0 1127
 6.725 1125.0  90  78  90   1.563   0.0   0.0 1128
 6.725 1127.5  90  78  87  -1.563   0.0   0.0 1132
 6.725  362.5 -90  78  96  -1.563   0.0   0.0  369
 6.725  365.0 -90  78 111  -1.563   0.0   0.0  369
 6.725  367.5 -90  78 105  -1.563   0.0   0.0  369
 6.725  647.5 -90  78  87  -1.563 150.0  30.0  653
 6.725  650.0 -90  78  87  -1.563 150.0  30.0  654
 6.725  732.5 -90  78  93   1.563   0.0   0.0  738
 6.725  735.0 -90  78  93  -1.563   0.0   0.0  737
 6.725 1100.0 -90  78  87   1.563   0.0   0.0 1102
 6.750  115.0  90  78  87   4.688 210.0  30.0  113
 6.750  372.5  90  78  99  -1.563   0.0   0.0  378
 6.750  375.0  90  78 102  -1.563   0.0   0.0  379
 6.750  737.5  90  78  87   1.563   0.0   0.0  741
 6.750  742.5  90  78  87   1.563   0.0   0.0  745
 6.750  747.5  90  78  96   1.563   0.0   0.0  754
 6.750  750.0  90  78 111  -1.563   0.0   0.0  755
 6.750  752.5  90  78 108  -1.563   0.0   0.0  756
 6.750  755.0  90  78  87   1.563   0.0   0.0  756
 6.750 1122.5  90  78  96   1.563   0.0   0.0 1126
 6.750 1127.5  90  78  90  -1.563   0.0   0.0 1130
 6.750  362.5 -90  81  90   1.563   0.0   0.0  369
 6.750  365.0 -90  81 111  -1.563   0.0   0.0  370
 6.750  367.5 -90  81 108  -1.563   0.0   0.0  370
 6.750  735.0 -90  81  96   1.563   0.0   0.0  739
 6.750 1102.5 -90  81  93  -1.563   0.0   0.0 1106
 6.775  372.5  90  81  93  -1.563   0.0   0.0  379
 6.775  375.0  90  81 102  -1.563   0.0   0.0  380
 6.775  377.5  90  81  93  -1.563   0.0   0.0  380
 6.775  750.0  90  81 102   1.563   0.0   0.0  756
 6.775  752.5  90  81 108   1.563   0.0   0.0  757
 6.775  755.0  90  81  96  -1.563   0.0   0.0  758
 6.775 1122.5  90  81  90   1.563   0.0   0.0 1129
 6.775 1125.0  90  81  96   1.563   0.0   0.0 1129
 6.775  342.5 -90  78  87   1.563   0.0   0.0  347
 6.775  350.0 -90  78  87  -1.563   0.0   0.0  357
 6.775  365.0 -90  78 108  -1.563   0.0   0.0  371
 6.775  367.5 -90  78 111  -1.563   0.0   0.0  371
 6.775  370.0 -90  78  90  -1.563   0.0   0.0  374
 6.775  382.5 -90  78  87  -1.563   0.0   0.0  386
 6.775  650.0 -90  78  87  -1.563 150.0  30.0  657
 6.775  735.0 -90  78  96  -1.563   0.0   0.0  740
 6.775  737.5 -90  78  93  -1.563   0.0   0.0  741
 6.775 1102.5 -90  78  93   1.563   0.0   0.0 1109
 6.775 1105.0 -90  78  90   1.563   0.0   0.0 1108
 6.800  372.5  90  78  90  -1.563   0.0   0.0  379
 6.800  375.0  90  78 102   1.563   0.0   0.0  380
 6.800  377.5  90  78  96  -1.563   0.0   0.0  380
 6.800  750.0  90  78  90  -1.563   0.0   0.0  756
 6.800  752.5  90  78 102  -1.563   0.0   0.0  758
 6.800  755.0  90  78 102  -1.563   0.0   0.0  758
 6.800 1125.0  90  78  90   1.563   0.0   0.0 1130
 6.800 1127.5  90  78  90   1.563   0.0   0.0 1129
 6.800  365.0 -90  78 105  -1.563   0.0   0.0  371
 6.800  367.5 -90  78 111  -1.563   0.0   0.0  371
 6.800  370.0 -90  78  93   1.563   0.0   0.0  370
 6.800  735.0 -90  78  93   1.563   0.0   0.0  741
 6.800  737.5 -90  78  99   1.563   0.0   0.0  741
 6.800 1105.0 -90  78  93   1.563   0.0   0.0 1110
 6.825  375.0  90  75 102  -1.563   0.0   0.0  381
 6.825  377.5  90  75  99  -1.563   0.0   0.0  381
 6.825  752.5  90  75  96   1.563   0.0   0.0  759
 6.825  755.0  90  75 102  -1.563   0.0   0.0  759
 6.825  757.5  90  75  90   1.563   0.0   0.0  761
 6.825 1127.5  90  75  84   1.563   0.0   0.0 1133
 6.825 1130.0  90  75  84  -1.563   0.0   0.0 1134
 6.825  365.0 -90  78 102  -1.563   0.0   0.0  372
 6.825  367.5 -90  78 111  -1.563   0.0   0.0  372
 6.825  370.0 -90  78  99  -1.563   0.0   0.0  373
 6.825  735.0 -90  78  87  -1.563   0.0   0.0  741
 6.825  737.5 -90  78  99   1.563   0.0   0.0  742
 6.825  740.0 -90  78  90   1.563   0.0   0.0  742
 6.825 1105.0 -90  78  90  -1.563   0.0   0.0 1112
 6.825 1107.5 -90  78  90  -1.563   0.0   0.0 1112
 6.850  375.0  90  75  99   1.563   0.0   0.0  381
 6.850  377.5  90  75 102   1.563   0.0   0.0  381
 6.850  752.5  90  75  93  -1.563   0.0   0.0  757
 6.850  755.0  90  75 102  -1.563   0.0   0.0  759
 6.850  757.5  90  75  96  -1.563   0.0   0.0  760
 6.850 1130.0  90  75  84   1.563   0.0   0.0 1136
 6.850 1132.5  90  75  84   1.563   0.0   0.0 1142
 6.850 1135.0  90  75  84   1.563   0.0   0.0 1140
 6.850  365.0 -90  75  96  -1.563   0.0   0.0  372
 6.850  367.5 -90  75 111  -1.563   0.0   0.0  372
 6.850  370.0 -90  75 105  -1.563   0.0   0.0  372
 6.850  737.5 -90  75  99  -1.563   0.0   0.0  743
 6.850  740.0 -90  75  99  -1.563   0.0   0.0  743
 6.850 1105.0 -90  75  84   1.563   0.0   0.0 1110
 6.850 1107.5 -90  75  93  -1.563   0.0   0.0 1112
 6.850 1110.0 -90  75  87  -1.563   0.0   0.0 1113
 6.875  375.0  90  72  93  -1.563   0.0   0.0  381
 6.875  377.5  90  72 102  -1.563   0.0   0.0  381
 6.875  380.0  90  72  87   1.563   0.0   0.0  380
 6.875  752.5  90  72  81   1.563   0.0   0.0  758
 6.875  755.0  90  72  99  -1.563   0.0   0.0  759
 6.875  757.5  90  72  99   1.563   0.0   0.0  760
 6.875  772.5  90  72  81  -1.563 210.0  30.0  772
 6.875 1130.0  90  72  84   1.563   0.0   0.0 1134
 6.875 1132.5  90  72  84   1.563   0.0   0.0 1136
 6.875 1135.0  90  72  84  -1.563   0.0   0.0 1138
 6.875  365.0 -90  72  90  -1.563   0.0   0.0  371
 6.875  367.5 -90  72 111  -1.563   0.0   0.0  372
 6.875  370.0 -90  72 108  -1.563   0.0   0.0  372
 6.875  737.5 -90  72  96   1.563   0.0   0.0  743
 6.875  740.0 -90  72 102   1.563   0.0   0.0  743
 6.875  742.5 -90  72  87  -1.563   0.0   0.0  744
 6.875  760.0 -90  72  81  -1.563 210.0  30.0  763
 6.875 1105.0 -90  72  81   1.563   0.0   0.0 1110
 6.875 1107.5 -90  72  87  -1.563   0.0   0.0 1111
 6.875 1110.0 -90  72  90  -1.563   0.0   0.0 1114
 6.900  375.0  90  75  90   1.563   0.0   0.0  382
 6.900  377.5  90  75 102   1.563   0.0   0.0  382
 6.900  380.0  90  75  93  -1.563   0.0   0.0  382
 6.900  755.0  90  75  90   1.563   0.0   0.0  760
 6.900  757.5  90  75  93  -1.563   0.0   0.0  760
 6.900  760.0  90  75  84   1.563   0.0   0.0  765
 6.900 1132.5  90  75  87  -1.563   0.0   0.0 1135
 6.900  365.0 -90  75  84  -1.563   0.0   0.0  373
 6.900  367.5 -90  75 111  -1.563   0.0   0.0  373
 6.900  370.0 -90  75 111  -1.563   0.0   0.0  373
 6.900  372.5 -90  75  84  -1.563   0.0   0.0  376
 6.900  737.5 -90  75  87  -1.563   0.0   0.0  745
 6.900  740.0 -90  75 102  -1.563   0.0   0.0  745
 6.900  742.5 -90  75  96   1.563   0.0   0.0  745
 6.900 1107.5 -90  75  84   1.563   0.0   0.0 1109
 6.900 1110.0 -90  75  90   1.563   0.0   0.0 1114
 6.900 1112.5 -90  75  84   1.563   0.0   0.0 1113
 6.925  377.5  90  75 102   1.563   0.0   0.0  382
 6.925  380.0  90  75  96   1.563   0.0   0.0  381
 6.925  757.5  90  75  96   1.563   0.0   0.0  762
 6.925  760.0  90  75  93  -1.563   0.0   0.0  763
 6.925 1132.5  90  75  84   1.563   0.0   0.0 1139
 6.925 1135.0  90  75  84  -1.563   0.0   0.0 1137
 6.925  367.5 -90  78 108  -1.563   0.0   0.0  373
 6.925  370.0 -90  78 114  -1.563   0.0   0.0  373
 6.925  372.5 -90  78  93  -1.563   0.0   0.0  372
 6.925  740.0 -90  78  99  -1.563   0.0   0.0  745
 6.925  742.5 -90  78 102  -1.563   0.0   0.0  745
 6.925 1112.5 -90  78  87  -1.563   0.0   0.0 1117
 6.950  377.5  90  78  99   1.563   0.0   0.0  383
 6.950  380.0  90  78  99  -1.563   0.0   0.0  383
 6.950  757.5  90  78  96   1.563   0.0   0.0  763
 6.950  760.0  90  78  99  -1.563   0.0   0.0  764
 6.950 1135.0  90  78  87   1.563   0.0   0.0 1140
 6.950  367.5 -90  78 105  -1.563   0.0   0.0  374
 6.950  370.0 -90  78 114  -1.563   0.0   0.0  374
 6.950  372.5 -90  78  99  -1.563   0.0   0.0  374
 6.950  740.0 -90  78  93  -1.563   0.0   0.0  746
 6.950  742.5 -90  78 102  -1.563   0.0   0.0  747
 6.950  745.0 -90  78  93  -1.563   0.0   0.0  748
 6.950 1110.0 -90  78  87   1.563   0.0   0.0 1114
 6.950 1112.5 -90  78  90   1.563   0.0   0.0 1117
 6.975  377.5  90  84  96   1.563   0.0   0.0  383
 6.975  380.0  90  84  99   1.563   0.0   0.0  384
 6.975  760.0  90  84 102  -1.563   0.0   0.0  765
 6.975  762.5  90  84  93   1.563   0.0   0.0  766
 6.975  367.5 -90  84  99  -1.563   0.0   0.0  375
 6.975  370.0 -90  84 114  -1.563   0.0   0.0  375
 6.975  372.5 -90  84 105   1.563   0.0   0.0  375
 6.975  742.5 -90  84  99   1.563   0.0   0.0  748
 6.975  745.0 -90  84  99   1.563   0.0   0.0  748
 6.975 1115.0 -90  84  93  -1.563   0.0   0.0 1119
 7.000  377.5  90  81  90  -1.563   0.0   0.0  385
 7.000  380.0  90  81  99   1.563   0.0   0.0  384
 7.000  760.0  90  81 102   1.563   0.0   0.0  765
 7.000  762.5  90  81 102  -1.563   0.0   0.0  766
 7.000  367.5 -90  81  93   1.563   0.0   0.0  373
 7.000  370.0 -90  81 114  -1.563   0.0   0.0  375
 7.000  372.5 -90  81 108  -1.563   0.0   0.0  375
 7.000  742.5 -90  81  93   1.563   0.0   0.0  748
 7.000  745.0 -90  81  99   1.563   0.0   0.0  749
 7.000 1112.5 -90  81  90  -1.563   0.0   0.0 1117
 7.000 1115.0 -90  81  93  -1.563   0.0   0.0 1119
 7.025  380.0  90  66  90  -1.563   0.0   0.0  385
 7.025  382.5  90  66  81  -1.563   0.0   0.0  386
 7.025  760.0  90  66  90   1.563   0.0   0.0  766
 7.025  762.5  90  66  96   1.563   0.0   0.0  767
 7.025  765.0  90  66  81  -1.563   0.0   0.0  768
 7.025 1145.0  90  66  78  -1.563   0.0   0.0 1149
 7.025  130.0 -90  69  78   4.688  90.0  30.0  122
 7.025  367.5 -90  69  81  -1.563   0.0   0.0  374
 7.025  370.0 -90  69 102  -1.563   0.0   0.0  376
 7.025  372.5 -90  69 102  -1.563   0.0   0.0  376
 7.025  375.0 -90  69  78  -1.563   0.0   0.0  376
 7.025  742.5 -90  69  78   1.563   0.0   0.0  748
 7.025  745.0 -90  69  87   1.563   0.0   0.0  750
 7.025  747.5 -90  69  81  -1.563   0.0   0.0  751
 7.025  905.0 -90  69  78   1.563  90.0  30.0  917
 7.025 1115.0 -90  69  81  -1.563   0.0   0.0 1120
 7.025 1117.5 -90  69  78   1.563   0.0   0.0 1122
 7.050  200.0  90  66  75  -1.563  90.0  30.0  189
 7.050  202.5  90  66  75  -1.563  90.0  30.0  204
 7.050  210.0  90  66  75   4.688  90.0  30.0  222
 7.050  380.0  90  66  87   1.563   0.0   0.0  385
 7.050  382.5  90  66  87  -1.563   0.0   0.0  385
 7.050  760.0  90  66  84   1.563   0.0   0.0  766
 7.050  762.5  90  66  99   1.563   0.0   0.0  767
 7.050  765.0  90  66  90   1.563   0.0   0.0  768
 7.050  767.5  90  66  75   1.563   0.0   0.0  768
 7.050 1147.5  90  66  78   1.563   0.0   0.0 1152
 7.050 1150.0  90  66  75   1.563   0.0   0.0 1155
 7.050  370.0 -90  66  99  -1.563   0.0   0.0  376
 7.050  372.5 -90  66 102  -1.563   0.0   0.0  376
 7.050  375.0 -90  66  84  -1.563   0.0   0.0  377
 7.050  745.0 -90  66  84   1.563   0.0   0.0  750
 7.050  747.5 -90  66  84  -1.563   0.0   0.0  750
 7.050 1115.0 -90  66  78  -1.563   0.0   0.0 1119
 7.050 1120.0 -90  66  75   1.563   0.0   0.0 1123
 7.075  380.0  90  54  72  -1.563   0.0   0.0  387
 7.075  382.5  90  54  75  -1.563   0.0   0.0  386
 7.075  760.0  90  54  66  -1.563   0.0   0.0  768
 7.075  762.5  90  54  81   1.563   0.0   0.0  768
 7.075  765.0  90  54  84   1.563   0.0   0.0  768
 7.075  767.5  90  54  66  -1.563   0.0   0.0  770
 7.075 1147.5  90  54  63  -1.563   0.0   0.0 1153
 7.075 1150.0  90  54  63   1.563   0.0   0.0 1153
 7.075  370.0 -90  57  84  -1.563   0.0   0.0  377
 7.075  372.5 -90  57  93  -1.563   0.0   0.0  377
 7.075  375.0 -90  57  75   1.563   0.0   0.0  376
 7.075  745.0 -90  57  66  -1.563   0.0   0.0  753
 7.075  747.5 -90  57  75  -1.563   0.0   0.0  752
 7.075 1117.5 -90  57  66  -1.563   0.0   0.0 1124
 7.075 1120.0 -90  57  66  -1.563   0.0   0.0 1125
 7.100  380.0  90  54  66  -1.563   0.0   0.0  386
 7.100  382.5  90  54  78  -1.563   0.0   0.0  387
 7.100  385.0  90  54  63  -1.563   0.0   0.0  387
 7.100  762.5  90  54  72   1.563   0.0   0.0  769
 7.100  765.0  90  54  84   1.563   0.0   0.0  769
 7.100  767.5  90  54  75   1.563   0.0   0.0  770
 7.100  370.0 -90  54  78  -1.563   0.0   0.0  377
 7.100  372.5 -90  54  93  -1.563   0.0   0.0  377
 7.100  375.0 -90  54  84  -1.563   0.0   0.0  377
 7.100  747.5 -90  54  72  -1.563   0.0   0.0  752
 7.100  750.0 -90  54  72   1.563   0.0   0.0  753
 7.100 1120.0 -90  54  66   1.563   0.0   0.0 1124
 7.100 1122.5 -90  54  63  -1.563   0.0   0.0 1126
 7.125  380.0  90  66  75  -1.563   0.0   0.0  387
 7.125  382.5  90  66  90  -1.563   0.0   0.0  387
 7.125  385.0  90  66  81  -1.563   0.0   0.0  387
 7.125  762.5  90  66  75  -1.563   0.0   0.0  770
 7.125  765.0  90  66  93   1.563   0.0   0.0  770
 7.125  767.5  90  66  93   1.563   0.0   0.0  770
 7.125  770.0  90  66  75  -1.563   0.0   0.0  772
 7.125 1152.5  90  66  75  -1.563   0.0   0.0 1157
 7.125 1155.0  90  66  75  -1.563   0.0   0.0 1157
 7.125  370.0 -90  66  87  -1.563   0.0   0.0  377
 7.125  372.5 -90  66 102  -1.563   0.0   0.0  377
 7.125  375.0 -90  66  99  -1.563   0.0   0.0  377
 7.125  747.5 -90  66  81  -1.563   0.0   0.0  754
 7.125  750.0 -90  66  87  -1.563   0.0   0.0  754
 7.125  752.5 -90  66  75   1.563   0.0   0.0  752
 7.125 1120.0 -90  66  75   1.563   0.0   0.0 1123
 7.125 1122.5 -90  66  81  -1.563   0.0   0.0 1128
 7.150  382.5  90  66  87   1.563   0.0   0.0  388
 7.150  385.0  90  66  87  -1.563   0.0   0.0  388
 7.150  760.0  90  66  75   1.563   0.0   0.0  760
 7.150  762.5  90  66  75  -1.563   0.0   0.0  769
 7.150  765.0  90  66  87  -1.563   0.0   0.0  771
 7.150  767.5  90  66  96   1.563   0.0   0.0  772
 7.150  770.0  90  66  87   1.563   0.0   0.0  773
 7.150  772.5  90  66  78  -1.563   0.0   0.0  774
 7.150  372.5 -90  69  99  -1.563   0.0   0.0  378
 7.150  375.0 -90  69  99  -1.563   0.0   0.0  378
 7.150  377.5 -90  69  78   1.563   0.0   0.0  381
 7.150  750.0 -90  69  87  -1.563   0.0   0.0  754
 7.150  752.5 -90  69  78   1.563   0.0   0.0  755
 7.175  382.5  90  66  87  -1.563   0.0   0.0  389
 7.175  385.0  90  66  90  -1.563   0.0   0.0  389
 7.175  765.0  90  66  78  -1.563   0.0   0.0  774
 7.175  767.5  90  66  96   1.563   0.0   0.0  773
 7.175  770.0  90  66  96   1.563   0.0   0.0  773
 7.175  772.5  90  66  81   1.563   0.0   0.0  775
 7.175  372.5 -90  66  96  -1.563   0.0   0.0  378
 7.175  375.0 -90  66  99  -1.563   0.0   0.0  379
 7.175  377.5 -90  66  78  -1.563   0.0   0.0  379
 7.175  750.0 -90  66  84  -1.563   0.0   0.0  755
 7.175  752.5 -90  66  84   1.563   0.0   0.0  756
 7.175 1125.0 -90  66  78   1.563   0.0   0.0 1130
 7.175 1127.5 -90  66  75   1.563   0.0   0.0 1132
 7.200  382.5  90  66  81  -1.563   0.0   0.0  389
 7.200  385.0  90  66  90  -1.563   0.0   0.0  389
 7.200  387.5  90  66  75  -1.563   0.0   0.0  389
 7.200  767.5  90  66  87   1.563   0.0   0.0  774
 7.200  770.0  90  66  96   1.563   0.0   0.0  774
 7.200  772.5  90  66  87   1.563   0.0   0.0  775
 7.200  370.0 -90  66  75  -1.563   0.0   0.0  376
 7.200  372.5 -90  66  93   1.563   0.0   0.0  379
 7.200  375.0 -90  66  99  -1.563   0.0   0.0  379
 7.200  377.5 -90  66  81  -1.563   0.0   0.0  379
 7.200  752.5 -90  66  84   1.563   0.0   0.0  757
 7.200  755.0 -90  66  75   1.563   0.0   0.0  758
 7.200 1125.0 -90  66  75   1.563   0.0   0.0 1130
 7.200 1127.5 -90  66  78   1.563   0.0   0.0 1131
 7.200 1130.0 -90  66  78  -1.563   0.0   0.0 1133
 7.225  375.0  90  63  72  -1.563  30.0  30.0  385
 7.225  382.5  90  63  75   1.563   0.0   0.0  390
 7.225  385.0  90  63  90  -1.563   0.0   0.0  390
 7.225  387.5  90  63  81   1.563   0.0   0.0  390
 7.225  767.5  90  63  75  -1.563   0.0   0.0  775
 7.225  770.0  90  63  90   1.563   0.0   0.0  776
 7.225  772.5  90  63  87   1.563   0.0   0.0  776
 7.225  775.0  90  63  75  -1.563   0.0   0.0  779
 7.225 1160.0  90  63  75  -1.563   0.0   0.0 1169
 7.225 1162.5  90  63  72   1.563   0.0   0.0 1168
 7.225  372.5 -90  66  87  -1.563   0.0   0.0  380
 7.225  375.0 -90  66  99  -1.563   0.0   0.0  380
 7.225  377.5 -90  66  90  -1.563   0.0   0.0  380
 7.225  752.5 -90  66  75   1.563   0.0   0.0  760
 7.225  755.0 -90  66  81   1.563   0.0   0.0  760
 7.225 1127.5 -90  66  81  -1.563   0.0   0.0 1132
 7.225 1130.0 -90  66  78   1.563   0.0   0.0 1134
 7.250  385.0  90  66  87  -1.563   0.0   0.0  390
 7.250  387.5  90  66  87  -1.563   0.0   0.0  390
 7.250  770.0  90  66  78   1.563   0.0   0.0  775
 7.250  772.5  90  66  84   1.563   0.0   0.0  777
 7.250  775.0  90  66  78  -1.563   0.0   0.0  779
 7.250 1162.5  90  66  78  -1.563   0.0   0.0 1167
 7.250  372.5 -90  66  81   1.563   0.0   0.0  379
 7.250  375.0 -90  66  96  -1.563   0.0   0.0  380
 7.250  377.5 -90  66  93  -1.563   0.0   0.0  380
 7.250  755.0 -90  66  84   1.563   0.0   0.0  760
 7.250  757.5 -90  66  78  -1.563   0.0   0.0  761
 7.250 1132.5 -90  66  75  -1.563   0.0   0.0 1136
 7.275  385.0  90  63  84   1.563   0.0   0.0  391
 7.275  387.5  90  63  90  -1.563   0.0   0.0  391
 7.275  390.0  90  63  72  -1.563   0.0   0.0  391
 7.275  772.5  90  63  72  -1.563   0.0   0.0  774
 7.275  775.0  90  63  78   1.563   0.0   0.0  779
 7.275 1162.5  90  63  72   1.563   0.0   0.0 1168
 7.275 1165.0  90  63  75  -1.563   0.0   0.0 1170
 7.275  375.0 -90  66  93  -1.563   0.0   0.0  380
 7.275  377.5 -90  66  93  -1.563   0.0   0.0  380
 7.275  755.0 -90  66  87   1.563   0.0   0.0  760
 7.275  757.5 -90  66  84   1.563   0.0   0.0  761
 7.275 1132.5 -90  66  81  -1.563   0.0   0.0 1138
 7.275 1135.0 -90  66  78  -1.563   0.0   0.0 1137
 7.300  385.0  90  66  81   1.563   0.0   0.0  392
 7.300  387.5  90  66  90   1.563   0.0   0.0  392
 7.300  390.0  90  66  78  -1.563   0.0   0.0  392
 7.300  775.0  90  66  81   1.563   0.0   0.0  780
 7.300  777.5  90  66  78   1.563   0.0   0.0  781
 7.300 1165.0  90  66  75   1.563   0.0   0.0 1168
 7.300  375.0 -90  66  90  -1.563   0.0   0.0  381
 7.300  377.5 -90  66  93  -1.563   0.0   0.0  381
 7.300  755.0 -90  66  84   1.563   0.0   0.0  760
 7.300  757.5 -90  66  90   1.563   0.0   0.0  761
 7.300  760.0 -90  66  78   1.563   0.0   0.0  763
 7.300 1132.5 -90  66  81  -1.563   0.0   0.0 1138
 7.300 1135.0 -90  66  78  -1.563   0.0   0.0 1137
 7.325  385.0  90  69  78   1.563   0.0   0.0  393
 7.325  387.5  90  69  90  -1.563   0.0   0.0  392
 7.325  390.0  90  69  84  -1.563   0.0   0.0  392
 7.325  775.0  90  69  84   1.563   0.0   0.0  781
 7.325  777.5  90  69  87   1.563   0.0   0.0  781
 7.325  780.0  90  69  78  -1.563   0.0   0.0  782
 7.325  375.0 -90  69  87   1.563   0.0   0.0  381
 7.325  377.5 -90  69  93  -1.563   0.0   0.0  382
 7.325  380.0 -90  69  81   1.563   0.0   0.0  382
 7.325  755.0 -90  69  78   1.563   0.0   0.0  760
 7.325  757.5 -90  69  93   1.563   0.0   0.0  762
 7.325  760.0 -90  69  87  -1.563   0.0   0.0  762
 7.325 1132.5 -90  69  78   1.563   0.0   0.0 1138
 7.325 1135.0 -90  69  84   1.563   0.0   0.0 1139
 7.325 1137.5 -90  69  78  -1.563   0.0   0.0 1142
 7.350  387.5  90  72  87  -1.563   0.0   0.0  393
 7.350  390.0  90  72  87  -1.563   0.0   0.0  393
 7.350  777.5  90  72  87   1.563   0.0   0.0  782
 7.350  377.5 -90  75  90  -1.563   0.0   0.0  382
 7.350  757.5 -90  75  90  -1.563   0.0   0.0  763
 7.350  760.0 -90  75  93  -1.563   0.0   0.0  763
 7.350 1137.5 -90  75  84  -1.563   0.0   0.0 1141
 7.375  387.5  90  72  87  -1.563   0.0   0.0  393
 7.375  390.0  90  72  90   1.563   0.0   0.0  394
 7.375  777.5  90  72  84   1.563   0.0   0.0  783
 7.375  780.0  90  72  87   1.563   0.0   0.0  784
 7.375  377.5 -90  75  90   1.563   0.0   0.0  383
 7.375  380.0 -90  75  87   1.563   0.0   0.0  383
 7.375  757.5 -90  75  84  -1.563   0.0   0.0  764
 7.375  760.0 -90  75  96   1.563   0.0   0.0  765
 7.375  762.5 -90  75  87  -1.563   0.0   0.0  766
 7.400  387.5  90  63  78  -1.563   0.0   0.0  393
 7.400  390.0  90  63  90   1.563   0.0   0.0  394
 7.400  392.5  90  63  78   1.563   0.0   0.0  395
 7.400  777.5  90  63  78   1.563   0.0   0.0  784
 7.400  780.0  90  63  87   1.563   0.0   0.0  784
 7.400  782.5  90  63  75   1.563   0.0   0.0  784
 7.400 1167.5  90  63  72   1.563   0.0   0.0 1174
 7.400 1172.5  90  63  72  -1.563   0.0   0.0 1178
 7.400  377.5 -90  66  84   1.563   0.0   0.0  383
 7.400  380.0 -90  66  84   1.563   0.0   0.0  383
 7.400  757.5 -90  66  75  -1.563   0.0   0.0  765
 7.400  760.0 -90  66  93  -1.563   0.0   0.0  765
 7.400  762.5 -90  66  93   1.563   0.0   0.0  766
 7.400 1135.0 -90  66  75   1.563   0.0   0.0 1139
 7.400 1140.0 -90  66  84   1.563   0.0   0.0 1145
 7.400 1142.5 -90  66  81   1.563   0.0   0.0 1146
 7.425  390.0  90  66  87  -1.563   0.0   0.0  395
 7.425  392.5  90  66  84  -1.563   0.0   0.0  396
 7.425  780.0  90  66  87   1.563   0.0   0.0  785
 7.425  782.5  90  66  84   1.563   0.0   0.0  786
 7.425   90.0 -90  66  75   1.563  90.0  30.0  105
 7.425  377.5 -90  66  78   1.563   0.0   0.0  383
 7.425  380.0 -90  66  81  -1.563   0.0   0.0  384
 7.425  382.5 -90  66  75   1.563   0.0   0.0  390
 7.425  760.0 -90  66  84  -1.563   0.0   0.0  767
 7.425  762.5 -90  66  93  -1.563   0.0   0.0  767
 7.425  765.0 -90  66  84   1.563   0.0   0.0  768
 7.425 1137.5 -90  66  78   1.563   0.0   0.0 1142
 7.425 1140.0 -90  66  78   1.563   0.0   0.0 1143
 7.425 1142.5 -90  66  78  -1.563   0.0   0.0 1148
 7.425 1145.0 -90  66  78  -1.563   0.0   0.0 1149
 7.450  390.0  90  75  84  -1.563   0.0   0.0  395
 7.450  392.5  90  75  87  -1.563   0.0   0.0  395
 7.450  782.5  90  75  87   1.563   0.0   0.0  787
 7.450  762.5 -90  75  90   1.563   0.0   0.0  768
 7.450  765.0 -90  75  90  -1.563   0.0   0.0  768
 7.475  392.5  90  78  87   1.563   0.0   0.0  395
 7.475  785.0  90  78  87   1.563   0.0   0.0  789
 7.475  765.0 -90  81  90   1.563   0.0   0.0  769
 7.500  750.0 -90  84  93  -4.688  90.0  30.0  745
 7.500  752.5 -90  84  93   4.688  90.0  30.0  765
 7.500  755.0 -90  84  93  -4.688  90.0  30.0  749
 7.500  762.5 -90  84  93   4.688  90.0  30.0  766
 7.500  765.0 -90  84  96   1.563  90.0  30.0  773
 7.500  767.5 -90  84  96   1.563  90.0  30.0  779
 7.500  770.0 -90  84  93  -1.563  90.0  30.0  758
 7.500  772.5 -90  84  93  -1.563  90.0  30.0  760
 7.500  775.0 -90  84  93  -1.563  90.0  30.0  762
 7.500  777.5 -90  84  93   4.688  90.0  30.0  781
 7.500  780.0 -90  84  93   4.688  90.0  30.0  784
 7.500  782.5 -90  84  93   1.563  90.0  30.0  791
 7.500  785.0 -90  84  93   1.563  90.0  30.0  796
 7.500  787.5 -90  84  93  -1.563  90.0  30.0  773
 7.500  790.0 -90  84  93  -4.688  90.0  30.0  787
 7.500  792.5 -90  84  93  -4.688  90.0  30.0  789
 7.500  795.0 -90  84  93   4.688  90.0  30.0  794
 7.500  797.5 -90  84  93   1.563  90.0  30.0  811
 7.500  970.0 -90  84  93  -4.688  90.0  30.0  964
 7.500  972.5 -90  84  93   4.688  90.0  30.0  974
 7.500  975.0 -90  84  93   4.688  90.0  30.0  977
 7.500  977.5 -90  84  93   1.563  90.0  30.0  985
 7.500  980.0 -90  84  93  -1.563  90.0  30.0  992
 7.500  982.5 -90  84  93  -1.563  90.0  30.0  994
 7.500  985.0 -90  84  93  -4.688  90.0  30.0  985
 7.500  987.5 -90  84  93  -4.688  90.0  30.0  985
 7.500  990.0 -90  84  93  -4.688  90.0  30.0  986
 7.500  992.5 -90  84  93   1.563  90.0  30.0  998
 7.500  995.0 -90  84  93  -1.563  90.0  30.0  985
 7.500  997.5 -90  84  93  -1.563  90.0  30.0  986
 7.500 1000.0 -90  84  93  -4.688  90.0  30.0  999
 7.500 1002.5 -90  84  93  -4.688  90.0  30.0 1005
 7.500 1005.0 -90  84  93   4.688  90.0  30.0 1009
 7.500 1007.5 -90  84  93   4.688  90.0  30.0 1011
 7.500 1010.0 -90  84  93   1.563  90.0  30.0 1006
 7.500 1012.5 -90  84  93   1.563  90.0  30.0 1004
 7.500 1015.0 -90  84  93   1.563  90.0  30.0 1007
 7.500 1017.5 -90  84  93  -1.563  90.0  30.0 1015
 7.500 1020.0 -90  84  93  -1.563  90.0  30.0 1021
 7.500 1022.5 -90  84  93  -4.688  90.0  30.0 1028
 7.500 1027.5 -90  84  93   1.563  90.0  30.0 1023
 7.500 1047.5 -90  84  93   4.688  90.0  30.0 1037
 7.500 1060.0 -90  84  93  -1.563  90.0  30.0 1064
 7.500 1062.5 -90  84  93  -4.688  90.0  30.0 1073
 7.500 1065.0 -90  84  93  -4.688  90.0  30.0 1077
 7.500 1115.0 -90  84  93   1.563  90.0  30.0 1116
 7.500 1117.5 -90  84  93   1.563  90.0  30.0 1119
 7.500 1122.5 -90  84  93  -1.563  90.0  30.0 1133
 7.500 1125.0 -90  84  93  -1.563  90.0  30.0 1134
 7.500 1265.0 -90  84  93   4.688  90.0  30.0 1280
 7.500 1267.5 -90  84  93   1.563  90.0  30.0 1267
 7.500 1270.0 -90  84  93   1.563  90.0  30.0 1273
 7.525   95.0  90  84  93  -1.563  90.0  30.0   84
 7.525  267.5 -90  87  96   4.688  90.0  30.0  255
 7.525  270.0 -90  87  96   4.688  90.0  30.0  259
 7.525  272.5 -90  87  96   4.688  90.0  30.0  262
 7.525  275.0 -90  87  96   4.688  90.0  30.0  265
 7.525  277.5 -90  87  96   4.688  90.0  30.0  268
 7.525  285.0 -90  87  96   4.688  90.0  30.0  274
 7.525  292.5 -90  87  96  -1.563  90.0  30.0  280
 7.525  295.0 -90  87  96   1.563  90.0  30.0  282
 7.525  512.5 -90  87  96   1.563  90.0  30.0  510
 7.550   97.5 -90  84  93  -1.563  90.0  30.0   99
 7.550  102.5 -90  84  93  -4.688  90.0  30.0  103
 7.550  382.5 -90  84  93  -1.563   0.0   0.0  387
 7.550 1135.0 -90  84  93  -1.563  90.0  30.0 1127
 7.550 1147.5 -90  84  93   1.563  90.0  30.0 1158
 7.575  395.0  90  72  87   1.563   0.0   0.0  401
 7.575  397.5  90  72  81  -1.563   0.0   0.0  400
 7.575  787.5  90  72  84  -1.563   0.0   0.0  793
 7.575  790.0  90  72  90  -1.563   0.0   0.0  794
 7.575  792.5  90  72  81  -1.563   0.0   0.0  798
 7.575  382.5 -90  72  93   1.563   0.0   0.0  388
 7.575  385.0 -90  72  87   1.563   0.0   0.0  389
 7.575  767.5 -90  72  81   1.563 210.0  30.0  775
 7.575  770.0 -90  72  87  -1.563   0.0   0.0  775
 7.575 1147.5 -90  72  87   1.563   0.0   0.0 1152
 7.575 1150.0 -90  72  87   1.563   0.0   0.0 1154
 7.600  395.0  90  66  84  -1.563   0.0   0.0  400
 7.600  397.5  90  66  84   1.563   0.0   0.0  401
 7.600  787.5  90  66  75  -1.563   0.0   0.0  794
 7.600  790.0  90  66  84   1.563   0.0   0.0  795
 7.600  792.5  90  66  81   1.563   0.0   0.0  795
 7.600  382.5 -90  66  93   1.563   0.0   0.0  388
 7.600  385.0 -90  66  90  -1.563   0.0   0.0  388
 7.600  767.5 -90  66  81  -1.563   0.0   0.0  772
 7.600  770.0 -90  66  90  -1.563   0.0   0.0  775
 7.600  772.5 -90  66  87  -1.563   0.0   0.0  776
 7.600 1147.5 -90  66  81   1.563   0.0   0.0 1152
 7.600 1150.0 -90  66  90   1.563   0.0   0.0 1154
 7.600 1152.5 -90  66  81   1.563   0.0   0.0 1155
 7.600 1155.0 -90  66  84  -1.563   0.0   0.0 1159
 7.600 1157.5 -90  66  81  -1.563   0.0   0.0 1161
 7.625  395.0  90  63  81  -1.563   0.0   0.0  401
 7.625  397.5  90  63  84  -1.563   0.0   0.0  402
 7.625  790.0  90  63  72   1.563   0.0   0.0  794
 7.625  792.5  90  63  78   1.563   0.0   0.0  796
 7.625  795.0  90  63  75   1.563   0.0   0.0  799
 7.625  812.5  90  63  72  -1.563   0.0   0.0  818
 7.625  382.5 -90  66  90  -1.563   0.0   0.0  388
 7.625  385.0 -90  66  93  -1.563   0.0   0.0  389
 7.625  387.5 -90  66  78  -1.563   0.0   0.0  390
 7.625  767.5 -90  66  75   1.563   0.0   0.0  774
 7.625  770.0 -90  66  87  -1.563   0.0   0.0  775
 7.625  772.5 -90  66  90  -1.563   0.0   0.0  777
 7.625  775.0 -90  66  81  -1.563   0.0   0.0  776
 7.625 1150.0 -90  66  84   1.563   0.0   0.0 1155
 7.625 1152.5 -90  66  87   1.563   0.0   0.0 1156
 7.625 1157.5 -90  66  84   1.563   0.0   0.0 1161
 7.625 1160.0 -90  66  75  -1.563   0.0   0.0 1163
 7.650  395.0  90  66  78   1.563   0.0   0.0  401
 7.650  397.5  90  66  84  -1.563   0.0   0.0  402
 7.650  797.5  90  66  75   1.563   0.0   0.0  801
 7.650  382.5 -90  69  87   1.563   0.0   0.0  389
 7.650  385.0 -90  69  96  -1.563   0.0   0.0  389
 7.650  387.5 -90  69  81  -1.563   0.0   0.0  388
 7.650  772.5 -90  69  93  -1.563   0.0   0.0  778
 7.650  775.0 -90  69  90  -1.563   0.0   0.0  778
 7.650 1152.5 -90  69  84   1.563   0.0   0.0 1157
 7.650 1155.0 -90  69  87   1.563   0.0   0.0 1158
 7.650 1157.5 -90  69  78   1.563   0.0   0.0 1163
 7.650 1160.0 -90  69  81   1.563   0.0   0.0 1164
 7.675  397.5  90  69  84  -1.563   0.0   0.0  402
 7.675  400.0  90  69  78   1.563   0.0   0.0  402
 7.675  382.5 -90  69  81   1.563   0.0   0.0  389
 7.675  385.0 -90  69  96  -1.563   0.0   0.0  390
 7.675  387.5 -90  69  87  -1.563   0.0   0.0  390
 7.675  772.5 -90  69  93  -1.563   0.0   0.0  778
 7.675  775.0 -90  69  96  -1.563   0.0   0.0  779
 7.675  777.5 -90  69  84  -1.563   0.0   0.0  779
 7.675 1152.5 -90  69  78   1.563   0.0   0.0 1156
 7.675 1155.0 -90  69  87   1.563   0.0   0.0 1159
 7.675 1160.0 -90  69  81   1.563   0.0   0.0 1164
 7.675 1162.5 -90  69  81  -1.563   0.0   0.0 1167
 7.700  397.5  90  63  81  -1.563   0.0   0.0  403
 7.700  400.0  90  63  81   1.563   0.0   0.0  404
 7.700  795.0  90  63  72   1.563   0.0   0.0  800
 7.700  797.5  90  63  78   1.563   0.0   0.0  801
 7.700  122.5 -90  66  75   4.688  90.0  30.0  112
 7.700  380.0 -90  66  75   1.563   0.0   0.0  387
 7.700  382.5 -90  66  78   1.563   0.0   0.0  389
 7.700  385.0 -90  66  93  -1.563   0.0   0.0  390
 7.700  387.5 -90  66  90   1.563   0.0   0.0  390
 7.700  390.0 -90  66  78  -1.563   0.0   0.0  394
 7.700  392.5 -90  66  75  -1.563   0.0   0.0  394
 7.700  735.0 -90  66  75  -1.563   0.0   0.0  722
 7.700  770.0 -90  66  78   1.563   0.0   0.0  775
 7.700  772.5 -90  66  84  -1.563   0.0   0.0  779
 7.700  775.0 -90  66  99  -1.563   0.0   0.0  780
 7.700  777.5 -90  66  93   1.563   0.0   0.0  780
 7.700  780.0 -90  66  78  -1.563   0.0   0.0  782
 7.700 1155.0 -90  66  78   1.563   0.0   0.0 1160
 7.700 1157.5 -90  66  75  -1.563   0.0   0.0 1159
 7.700 1160.0 -90  66  78   1.563   0.0   0.0 1164
 7.700 1162.5 -90  66  81   1.563   0.0   0.0 1166
 7.700 1167.5 -90  66  78  -1.563   0.0   0.0 1171
 7.700 1170.0 -90  66  75  -1.563   0.0   0.0 1169
 7.700 1272.5 -90  66  75   1.563   0.0   0.0 1265
 7.725  397.5  90  63  75   1.563   0.0   0.0  404
 7.725  400.0  90  63  84   1.563   0.0   0.0  404
 7.725  797.5  90  63  78  -1.563   0.0   0.0  802
 7.725  800.0  90  63  72  -1.563   0.0   0.0  801
 7.725  802.5  90  63  72   1.563   0.0   0.0  807
 7.725  382.5 -90  66  78  -1.563   0.0   0.0  388
 7.725  385.0 -90  66  90  -1.563   0.0   0.0  392
 7.725  387.5 -90  66  93  -1.563   0.0   0.0  391
 7.725  390.0 -90  66  78   1.563   0.0   0.0  394
 7.725  392.5 -90  66  75   1.563   0.0   0.0  393
 7.725  770.0 -90  66  75  -1.563   0.0   0.0  777
 7.725  772.5 -90  66  81  -1.563   0.0   0.0  777
 7.725  775.0 -90  66  99   1.563   0.0   0.0  780
 7.725  777.5 -90  66  99  -1.563   0.0   0.0  781
 7.725  780.0 -90  66  84  -1.563   0.0   0.0  782
 7.725 1157.5 -90  66  78  -1.563   0.0   0.0 1162
 7.725 1162.5 -90  66  81  -1.563   0.0   0.0 1168
 7.725 1165.0 -90  66  78  -1.563   0.0   0.0 1170
 7.725 1167.5 -90  66  78  -1.563   0.0   0.0 1172
 7.725 1170.0 -90  66  78   1.563   0.0   0.0 1174
 7.750  400.0  90  60  81  -1.563   0.0   0.0  405
 7.750  402.5  90  60  78   1.563   0.0   0.0  405
 7.750  797.5  90  60  69   1.563   0.0   0.0  805
 7.750  800.0  90  60  75   1.563   0.0   0.0  805
 7.750  802.5  90  60  72   1.563   0.0   0.0  806
 7.750  805.0  90  60  72   1.563   0.0   0.0  808
 7.750  820.0  90  60  69   1.563   0.0   0.0  825
 7.750   95.0 -90  63  72  -1.563   0.0   0.0  104
 7.750   97.5 -90  63  72  -1.563   0.0   0.0  103
 7.750  100.0 -90  63  72   1.563 270.0  30.0  103
 7.750  330.0 -90  63  72  -1.563   0.0   0.0  333
 7.750  332.5 -90  63  72  -1.563   0.0   0.0  332
 7.750  335.0 -90  63  72   1.563   0.0   0.0  335
 7.750  337.5 -90  63  72   1.563   0.0   0.0  335
 7.750  345.0 -90  63  72   1.563   0.0   0.0  338
 7.750  377.5 -90  63  72   1.563   0.0   0.0  382
 7.750  380.0 -90  63  75  -1.563   0.0   0.0  389
 7.750  382.5 -90  63  75  -1.563   0.0   0.0  393
 7.750  385.0 -90  63  87   1.563   0.0   0.0  391
 7.750  387.5 -90  63  96   1.563   0.0   0.0  391
 7.750  390.0 -90  63  78  -1.563   0.0   0.0  393
 7.750  392.5 -90  63  75  -1.563   0.0   0.0  390
 7.750  395.0 -90  63  72   1.563   0.0   0.0  401
 7.750  415.0 -90  63  72  -1.563   0.0   0.0  420
 7.750  442.5 -90  63  72   1.563   0.0   0.0  448
 7.750  722.5 -90  63  72   1.563   0.0   0.0  721
 7.750  725.0 -90  63  72   1.563   0.0   0.0  722
 7.750  737.5 -90  63  72   1.563   0.0   0.0  733
 7.750  767.5 -90  63  75   1.563   0.0   0.0  772
 7.750  770.0 -90  63  75   1.563   0.0   0.0  782
 7.750  772.5 -90  63  78  -1.563   0.0   0.0  782
 7.750  775.0 -90  63  90  -1.563   0.0   0.0  781
 7.750  777.5 -90  63 102  -1.563   0.0   0.0  782
 7.750  780.0 -90  63  93  -1.563   0.0   0.0  783
 7.750  782.5 -90  63  78   1.563   0.0   0.0  783
 7.750  785.0 -90  63  72   1.563   0.0   0.0  787
 7.750  787.5 -90  63  72  -1.563   0.0   0.0  784
 7.750  815.0 -90  63  72   1.563   0.0   0.0  816
 7.750  817.5 -90  63  72   1.563   0.0   0.0  818
 7.750  820.0 -90  63  72   1.563   0.0   0.0  819
 7.750  835.0 -90  63  72   1.563   0.0   0.0  841
 7.750  837.5 -90  63  72   1.563   0.0   0.0  847
 7.750 1142.5 -90  63  72   1.563   0.0   0.0 1145
 7.750 1157.5 -90  63  75   1.563   0.0   0.0 1161
 7.750 1160.0 -90  63  84   1.563   0.0   0.0 1164
 7.750 1162.5 -90  63  72   1.563   0.0   0.0 1170
 7.750 1165.0 -90  63  72  -1.563   0.0   0.0 1152
 7.750 1167.5 -90  63  81   1.563   0.0   0.0 1173
 7.750 1170.0 -90  63  81   1.563   0.0   0.0 1173
 7.750 1172.5 -90  63  75   1.563   0.0   0.0 1172
 7.750 1175.0 -90  63  72  -1.563   0.0   0.0 1169
 7.750 1177.5 -90  63  72   1.563   0.0   0.0 1179
 7.750 1210.0 -90  63  72  -1.563   0.0   0.0 1221
 7.750 1217.5 -90  63  72  -1.563   0.0   0.0 1229
 7.750 1220.0 -90  63  72  -1.563   0.0   0.0 1229
 7.750 1222.5 -90  63  72   1.563   0.0   0.0 1232
 7.750 1225.0 -90  63  72   1.563   0.0   0.0 1235
 7.750 1272.5 -90  63  72  -1.563   0.0   0.0 1287
 7.750 1275.0 -90  63  72  -1.563   0.0   0.0 1260
 7.775  400.0  90  63  81  -1.563   0.0   0.0  406
 7.775  402.5  90  63  84   1.563   0.0   0.0  407
 7.775  800.0  90  63  72   1.563   0.0   0.0  804
 7.775  802.5  90  63  75   1.563   0.0   0.0  807
 7.775  805.0  90  63  75  -1.563   0.0   0.0  810
 7.775  385.0 -90  66  84   1.563   0.0   0.0  393
 7.775  387.5 -90  66  96  -1.563   0.0   0.0  392
 7.775  390.0 -90  66  87  -1.563   0.0   0.0  392
 7.775  775.0 -90  66  75   1.563   0.0   0.0  779
 7.775  777.5 -90  66  99   1.563   0.0   0.0  784
 7.775  780.0 -90  66  99   1.563   0.0   0.0  784
 7.775  782.5 -90  66  81   1.563   0.0   0.0  784
 7.775 1160.0 -90  66  84   1.563   0.0   0.0 1167
 7.775 1162.5 -90  66  87   1.563   0.0   0.0 1167
 7.775 1167.5 -90  66  87  -1.563   0.0   0.0 1173
 7.775 1170.0 -90  66  84  -1.563   0.0   0.0 1175
 7.800  100.0  90  75  84   4.688 150.0  30.0   98
 7.800  172.5  90  75  84  -1.563 150.0  30.0  158
 7.800  402.5  90  75  87   1.563   0.0   0.0  407
 7.800  835.0  90  75  84  -1.563 150.0  30.0  839
 7.800  862.5  90  75  84  -1.563 150.0  30.0  851
 7.800  387.5 -90  69  96  -1.563   0.0   0.0  393
 7.800  390.0 -90  69  93  -1.563   0.0   0.0  393
 7.800  777.5 -90  69  93  -1.563   0.0   0.0  783
 7.800  780.0 -90  69  99   1.563   0.0   0.0  784
 7.800  782.5 -90  69  90  -1.563   0.0   0.0  785
 7.800 1162.5 -90  69  87   1.563   0.0   0.0 1167
 7.800 1165.0 -90  69  84   1.563   0.0   0.0 1169
 7.800 1167.5 -90  69  81   1.563   0.0   0.0 1173
 7.800 1170.0 -90  69  87  -1.563   0.0   0.0 1174
 7.800 1172.5 -90  69  84  -1.563   0.0   0.0 1175
 7.825  400.0  90  63  72   1.563   0.0   0.0  405
 7.825  402.5  90  63  87  -1.563   0.0   0.0  407
 7.825  405.0  90  63  81  -1.563   0.0   0.0  407
 7.825  802.5  90  63  72   1.563   0.0   0.0  806
 7.825  805.0  90  63  75  -1.563   0.0   0.0  809
 7.825  807.5  90  63  72  -1.563   0.0   0.0  812
 7.825  387.5 -90  66  93  -1.563   0.0   0.0  393
 7.825  390.0 -90  66  93   1.563   0.0   0.0  393
 7.825  777.5 -90  66  84   1.563   0.0   0.0  786
 7.825  780.0 -90  66  87  -1.563   0.0   0.0  783
 7.825  782.5 -90  66  93   1.563   0.0   0.0  786
 7.825  785.0 -90  66  81  -1.563   0.0   0.0  788
 7.825 1162.5 -90  66  75  -1.563   0.0   0.0 1165
 7.825 1165.0 -90  66  84   1.563   0.0   0.0 1169
 7.825 1167.5 -90  66  75   1.563  30.0  30.0 1169
 7.825 1172.5 -90  66  87   1.563   0.0   0.0 1177
 7.825 1175.0 -90  66  81   1.563   0.0   0.0 1177
 7.850   80.0  90  63  72   4.688  30.0  30.0   75
 7.850  402.5  90  63  87  -1.563   0.0   0.0  408
 7.850  405.0  90  63  87  -1.563   0.0   0.0  409
 7.850  407.5  90  63  72   1.563  90.0  30.0  405
 7.850  807.5  90  63  75   1.563   0.0   0.0  810
 7.850  827.5  90  63  72  -1.563   0.0   0.0  831
 7.850  382.5 -90  66  75  -1.563   0.0   0.0  391
 7.850  385.0 -90  66  78  -1.563   0.0   0.0  394
 7.850  387.5 -90  66  87  -1.563   0.0   0.0  394
 7.850  390.0 -90  66  93  -1.563   0.0   0.0  394
 7.850  392.5 -90  66  75  -1.563   0.0   0.0  393
 7.850  395.0 -90  66  75  -1.563   0.0   0.0  397
 7.850  397.5 -90  66  75   1.563   0.0   0.0  400
 7.850  780.0 -90  66  87  -1.563   0.0   0.0  785
 7.850  782.5 -90  66  99   1.563   0.0   0.0  787
 7.850  785.0 -90  66  90   1.563   0.0   0.0  788
 7.850  787.5 -90  66  81   1.563   0.0   0.0  788
 7.850 1162.5 -90  66  75  -1.563   0.0   0.0 1168
 7.850 1165.0 -90  66  75  -1.563   0.0   0.0 1171
 7.850 1167.5 -90  66  81   1.563   0.0   0.0 1168
 7.850 1170.0 -90  66  78  -1.563   0.0   0.0 1176
 7.850 1172.5 -90  66  84   1.563   0.0   0.0 1177
 7.850 1175.0 -90  66  84  -1.563   0.0   0.0 1180
 7.850 1177.5 -90  66  78  -1.563   0.0   0.0 1183
 7.850 1180.0 -90  66  78   1.563   0.0   0.0 1178
 7.850 1182.5 -90  66  75   1.563   0.0   0.0 1180
 7.875  402.5  90  66  81  -1.563   0.0   0.0  408
 7.875  405.0  90  66  90  -1.563   0.0   0.0  409
 7.875  407.5  90  66  75  -1.563   0.0   0.0  410
 7.875  387.5 -90  69  81  -1.563   0.0   0.0  393
 7.875  390.0 -90  69  96  -1.563   0.0   0.0  394
 7.875  392.5 -90  69  84  -1.563   0.0   0.0  393
 7.875  780.0 -90  69  87   1.563   0.0   0.0  786
 7.875  782.5 -90  69 102  -1.563   0.0   0.0  787
 7.875  785.0 -90  69 102  -1.563   0.0   0.0  788
 7.875  787.5 -90  69  84   1.563   0.0   0.0  789
 7.875 1175.0 -90  69  84   1.563   0.0   0.0 1181
 7.875 1177.5 -90  69  87   1.563   0.0   0.0 1182
 7.875 1180.0 -90  69  78   1.563   0.0   0.0 1182
 7.900  402.5  90  66  75  -1.563   0.0   0.0  409
 7.900  405.0  90  66  87  -1.563   0.0   0.0  410
 7.900  407.5  90  66  81   1.563   0.0   0.0  410
 7.900  785.0  90  66  75   1.563 210.0  30.0  790
 7.900  390.0 -90  69  93  -1.563   0.0   0.0  395
 7.900  392.5 -90  69  87   1.563   0.0   0.0  395
 7.900  780.0 -90  69  84   1.563   0.0   0.0  787
 7.900  782.5 -90  69  96  -1.563   0.0   0.0  789
 7.900  785.0 -90  69 105   1.563   0.0   0.0  789
 7.900  787.5 -90  69  93   1.563   0.0   0.0  789
 7.900  790.0 -90  69  78  -1.563   0.0   0.0  793
 7.900 1175.0 -90  69  78  -1.563   0.0   0.0 1181
 7.900 1177.5 -90  69  84  -1.563   0.0   0.0 1183
 7.900 1180.0 -90  69  84   1.563   0.0   0.0 1185
 7.900 1182.5 -90  69  78  -1.563   0.0   0.0 1185
 7.925  405.0  90  63  81   1.563   0.0   0.0  411
 7.925  407.5  90  63  84  -1.563   0.0   0.0  411
 7.925  810.0  90  63  72   1.563   0.0   0.0  817
 7.925  812.5  90  63  75   1.563   0.0   0.0  816
 7.925  297.5 -90  66  75   1.563   0.0   0.0  303
 7.925  382.5 -90  66  75   1.563   0.0   0.0  395
 7.925  385.0 -90  66  75  -1.563   0.0   0.0  399
 7.925  387.5 -90  66  78  -1.563   0.0   0.0  397
 7.925  390.0 -90  66  87   1.563   0.0   0.0  396
 7.925  392.5 -90  66  90  -1.563   0.0   0.0  396
 7.925  395.0 -90  66  84   1.563   0.0   0.0  399
 7.925  397.5 -90  66  78   1.563   0.0   0.0  400
 7.925  775.0 -90  66  75   1.563   0.0   0.0  788
 7.925  777.5 -90  66  75   1.563   0.0   0.0  790
 7.925  780.0 -90  66  78  -1.563   0.0   0.0  786
 7.925  782.5 -90  66  87   1.563   0.0   0.0  791
 7.925  785.0 -90  66  99   1.563   0.0   0.0  791
 7.925  787.5 -90  66  99  -1.563   0.0   0.0  791
 7.925  790.0 -90  66  84   1.563   0.0   0.0  795
 7.925  792.5 -90  66  75   1.563   0.0   0.0  790
 7.925  795.0 -90  66  75  -1.563   0.0   0.0  793
 7.925 1175.0 -90  66  75  -1.563   0.0   0.0 1187
 7.925 1177.5 -90  66  75  -1.563   0.0   0.0 1166
 7.925 1180.0 -90  66  84  -1.563   0.0   0.0 1185
 7.925 1182.5 -90  66  81   1.563   0.0   0.0 1190
 7.925 1185.0 -90  66  81   1.563   0.0   0.0 1187
 7.925 1187.5 -90  66  75  -1.563   0.0   0.0 1185
 7.925 1275.0 -90  66  75  -1.563   0.0   0.0 1286
 7.950  405.0  90  63  72   1.563   0.0   0.0  412
 7.950  407.5  90  63  84  -1.563   0.0   0.0  412
 7.950  410.0  90  63  72   1.563   0.0   0.0  412
 7.950  812.5  90  63  75   1.563   0.0   0.0  817
 7.950  815.0  90  63  75   1.563   0.0   0.0  818
 7.950  387.5 -90  66  75  -1.563   0.0   0.0  398
 7.950  390.0 -90  66  81  -1.563   0.0   0.0  396
 7.950  392.5 -90  66  93  -1.563   0.0   0.0  397
 7.950  395.0 -90  66  78  -1.563   0.0   0.0  398
 7.950  397.5 -90  66  75   1.563   0.0   0.0  396
 7.950  782.5 -90  66  78   1.563   0.0   0.0  792
 7.950  785.0 -90  66  84  -1.563   0.0   0.0  792
 7.950  787.5 -90  66  99   1.563   0.0   0.0  792
 7.950  790.0 -90  66  87   1.563   0.0   0.0  792
 7.950  792.5 -90  66  78   1.563   0.0   0.0  791
 7.950 1175.0 -90  66  75   1.563   0.0   0.0 1180
 7.950 1177.5 -90  66  78  -1.563   0.0   0.0 1184
 7.950 1180.0 -90  66  81  -1.563   0.0   0.0 1186
 7.950 1182.5 -90  66  84  -1.563   0.0   0.0 1188
 7.950 1185.0 -90  66  81  -1.563   0.0   0.0 1190
 7.950 1187.5 -90  66  75  -1.563   0.0   0.0 1187
 7.975  407.5  90  66  81   1.563   0.0   0.0  412
 7.975  410.0  90  66  78   1.563   0.0   0.0  412
 7.975  815.0  90  66  75  -1.563   0.0   0.0  819
 7.975  392.5 -90  66  93  -1.563   0.0   0.0  397
 7.975  395.0 -90  66  87  -1.563   0.0   0.0  398
 7.975  397.5 -90  66  75   1.563   0.0   0.0  398
 7.975  785.0 -90  66  84   1.563   0.0   0.0  790
 7.975  787.5 -90  66  93   1.563   0.0   0.0  792
 7.975  790.0 -90  66  90  -1.563   0.0   0.0  792
 7.975  792.5 -90  66  78   1.563   0.0   0.0  793
 7.975 1180.0 -90  66  75  -1.563   0.0   0.0 1189
 7.975 1182.5 -90  66  75   1.563   0.0   0.0 1189
 7.975 1185.0 -90  66  81  -1.563   0.0   0.0 1190
 7.975 1187.5 -90  66  78   1.563   0.0   0.0 1190
 8.000   80.0  90  63  72  -1.563 210.0  30.0   70
 8.000  407.5  90  63  81  -1.563   0.0   0.0  414
 8.000  410.0  90  63  84  -1.563   0.0   0.0  414
 8.000  815.0  90  63  72   1.563   0.0   0.0  820
 8.000  817.5  90  63  75   1.563   0.0   0.0  821
 8.000  820.0  90  63  72  -1.563   0.0   0.0  823
 8.000  387.5 -90  63  72   1.563   0.0   0.0  394
 8.000  390.0 -90  63  78   1.563   0.0   0.0  397
 8.000  392.5 -90  63  93   1.563   0.0   0.0  398
 8.000  395.0 -90  63  90   1.563   0.0   0.0  398
 8.000  397.5 -90  63  75  -1.563   0.0   0.0  402
 8.000  400.0 -90  63  72  -1.563   0.0   0.0  401
 8.000  785.0 -90  63  72   1.563   0.0   0.0  792
 8.000  787.5 -90  63  87  -1.563   0.0   0.0  794
 8.000  790.0 -90  63  96   1.563   0.0   0.0  794
 8.000  792.5 -90  63  84   1.563   0.0   0.0  797
 8.000  795.0 -90  63  75  -1.563   0.0   0.0  798
 8.000 1182.5 -90  63  78   1.563   0.0   0.0 1190
 8.000 1185.0 -90  63  75  -1.563   0.0   0.0 1190
 8.000 1187.5 -90  63  81  -1.563   0.0   0.0 1190
 8.000 1192.5 -90  63  72   1.563   0.0   0.0 1195
 8.025  407.5  90  63  78  -1.563   0.0   0.0  413
 8.025  410.0  90  63  84   1.563   0.0   0.0  414
 8.025  412.5  90  63  72  -1.563   0.0   0.0  413
 8.025  817.5  90  63  75   1.563   0.0   0.0  822
 8.025  392.5 -90  63  90  -1.563   0.0   0.0  398
 8.025  395.0 -90  63  96  -1.563   0.0   0.0  398
 8.025  397.5 -90  63  78  -1.563   0.0   0.0  399
 8.025  787.5 -90  63  87   1.563   0.0   0.0  793
 8.025  790.0 -90  63  96   1.563   0.0   0.0  794
 8.025  792.5 -90  63  87  -1.563   0.0   0.0  795
 8.025  795.0 -90  63  75   1.563   0.0   0.0  797
 8.025 1180.0 -90  63  72   1.563   0.0   0.0 1185
 8.025 1182.5 -90  63  75   1.563   0.0   0.0 1187
 8.025 1185.0 -90  63  75  -1.563   0.0   0.0 1191
 8.025 1187.5 -90  63  84   1.563   0.0   0.0 1192
 8.025 1190.0 -90  63  81  -1.563   0.0   0.0 1193
 8.050  410.0  90  63  84  -1.563   0.0   0.0  415
 8.050  412.5  90  63  78  -1.563   0.0   0.0  415
 8.050  820.0  90  63  75   1.563   0.0   0.0  824
 8.050  392.5 -90  63  84  -1.563   0.0   0.0  399
 8.050  395.0 -90  63  93  -1.563   0.0   0.0  399
 8.050  397.5 -90  63  81  -1.563   0.0   0.0  399
 8.050  787.5 -90  63  78  -1.563   0.0   0.0  794
 8.050  790.0 -90  63  93   1.563   0.0   0.0  795
 8.050  792.5 -90  63  93   1.563   0.0   0.0  796
 8.050  795.0 -90  63  87   1.563   0.0   0.0  798
 8.050 1182.5 -90  63  75   1.563   0.0   0.0 1185
 8.050 1185.0 -90  63  75   1.563   0.0   0.0 1189
 8.050 1187.5 -90  63  75  -1.563   0.0   0.0 1193
 8.050 1190.0 -90  63  81  -1.563   0.0   0.0 1195
 8.050 1192.5 -90  63  75   1.563   0.0   0.0 1197
 8.075  410.0  90  63  75  -1.563   0.0   0.0  415
 8.075  412.5  90  63  81   1.563   0.0   0.0  416
 8.075  822.5  90  63  72   1.563 150.0  30.0  826
 8.075  825.0  90  63  72   1.563   0.0   0.0  829
 8.075  827.5  90  63  72   1.563   0.0   0.0  833
 8.075  395.0 -90  66  93  -1.563   0.0   0.0  400
 8.075  397.5 -90  66  87  -1.563   0.0   0.0  400
 8.075  790.0 -90  66  90   1.563   0.0   0.0  796
 8.075  792.5 -90  66 102   1.563   0.0   0.0  797
 8.075  795.0 -90  66  93   1.563   0.0   0.0  798
 8.075  797.5 -90  66  75   1.563   0.0   0.0  794
 8.075 1192.5 -90  66  75   1.563   0.0   0.0 1197
 8.100  412.5  90  63  78   1.563   0.0   0.0  417
 8.100  822.5  90  63  72  -1.563   0.0   0.0  829
 8.100  825.0  90  63  75   1.563   0.0   0.0  829
 8.100  395.0 -90  66  87  -1.563   0.0   0.0  401
 8.100  397.5 -90  66  90  -1.563   0.0   0.0  401
 8.100  790.0 -90  66  84   1.563   0.0   0.0  795
 8.100  792.5 -90  66  99   1.563   0.0   0.0  798
 8.100  795.0 -90  66  99   1.563   0.0   0.0  798
 8.100  797.5 -90  66  78  -1.563   0.0   0.0  795
 8.100 1192.5 -90  66  75   1.563   0.0   0.0 1193
 8.100 1195.0 -90  66  78  -1.563   0.0   0.0 1201
 8.125  415.0  90  66  75   1.563   0.0   0.0  418
 8.125  825.0  90  66  75   1.563   0.0   0.0  829
 8.125  827.5  90  66  75  -1.563   0.0   0.0  830
 8.125  395.0 -90  69  84  -1.563   0.0   0.0  401
 8.125  397.5 -90  69  90   1.563   0.0   0.0  402
 8.125  792.5 -90  69  93   1.563   0.0   0.0  798
 8.125  795.0 -90  69 102   1.563   0.0   0.0  799
 8.125  797.5 -90  69  93   1.563   0.0   0.0  800
 8.150  415.0  90  72  81  -1.563   0.0   0.0  419
 8.150  397.5 -90  72  90  -1.563   0.0   0.0  402
 8.150  400.0 -90  72  81  -1.563   0.0   0.0  403
 8.150  792.5 -90  72  81   1.563   0.0   0.0  799
 8.150  795.0 -90  72  99   1.563   0.0   0.0  800
 8.150  797.5 -90  72  99   1.563   0.0   0.0  801
 8.150  800.0 -90  72  87  -1.563   0.0   0.0  802
 8.175  415.0  90  72  84  -1.563   0.0   0.0  420
 8.175  417.5  90  72  81  -1.563   0.0   0.0  420
 8.175  397.5 -90  72  87   1.563   0.0   0.0  403
 8.175  400.0 -90  72  87   1.563   0.0   0.0  402
 8.175  795.0 -90  72  87   1.563   0.0   0.0  802
 8.175  797.5 -90  72  96   1.563   0.0   0.0  802
 8.175  800.0 -90  72  87   1.563   0.0   0.0  803
 8.175 1202.5 -90  72  81   1.563   0.0   0.0 1204
 8.200  415.0  90  69  84   1.563   0.0   0.0  421
 8.200  417.5  90  69  87  -1.563   0.0   0.0  421
 8.200  397.5 -90  69  84   1.563   0.0   0.0  404
 8.200  400.0 -90  69  90  -1.563   0.0   0.0  404
 8.200  797.5 -90  69  84  -1.563   0.0   0.0  804
 8.200  800.0 -90  69  93  -1.563   0.0   0.0  804
 8.200  802.5 -90  69  84  -1.563   0.0   0.0  805
 8.225  415.0  90  63  75  -1.563   0.0   0.0  421
 8.225  417.5  90  63  87  -1.563   0.0   0.0  422
 8.225  420.0  90  63  78  -1.563   0.0   0.0  422
 8.225  835.0  90  63  72   1.563   0.0   0.0  839
 8.225  397.5 -90  63  75  -1.563   0.0   0.0  404
 8.225  400.0 -90  63  90  -1.563   0.0   0.0  405
 8.225  402.5 -90  63  81  -1.563   0.0   0.0  405
 8.225  797.5 -90  63  75   1.563   0.0   0.0  804
 8.225  800.0 -90  63  90   1.563   0.0   0.0  805
 8.225  802.5 -90  63  87   1.563   0.0   0.0  805
 8.225 1197.5 -90  63  72   1.563   0.0   0.0 1202
 8.225 1200.0 -90  63  72   1.563   0.0   0.0 1203
 8.225 1205.0 -90  63  75  -1.563   0.0   0.0 1210
 8.225 1207.5 -90  63  72   1.563   0.0   0.0 1211
 8.250  417.5  90  60  84  -1.563   0.0   0.0  423
 8.250  420.0  90  60  84   1.563   0.0   0.0  423
 8.250  835.0  90  60  69  -1.563   0.0   0.0  841
 8.250  837.5  90  60  72  -1.563   0.0   0.0  843
 8.250  840.0  90  60  72  -1.563   0.0   0.0  845
 8.250  400.0 -90  63  87  -1.563   0.0   0.0  405
 8.250  402.5 -90  63  84  -1.563   0.0   0.0  405
 8.250  797.5 -90  63  72   1.563   0.0   0.0  804
 8.250  800.0 -90  63  84  -1.563   0.0   0.0  805
 8.250  802.5 -90  63  90   1.563   0.0   0.0  806
 8.250  805.0 -90  63  72   1.563   0.0   0.0  809
 8.250  807.5 -90  63  72   1.563   0.0   0.0  811
 8.250 1207.5 -90  63  72  -1.563   0.0   0.0 1213
 8.275  417.5  90  60  78   1.563   0.0   0.0  424
 8.275  420.0  90  60  87  -1.563   0.0   0.0  424
 8.275  422.5  90  60  78  -1.563   0.0   0.0  425
 8.275  835.0  90  60  69  -1.563   0.0   0.0  840
 8.275  837.5  90  60  75  -1.563   0.0   0.0  841
 8.275  840.0  90  60  72   1.563   0.0   0.0  843
 8.275  400.0 -90  63  84  -1.563   0.0   0.0  406
 8.275  402.5 -90  63  87   1.563   0.0   0.0  406
 8.275  800.0 -90  63  75   1.563   0.0   0.0  807
 8.275  802.5 -90  63  90   1.563   0.0   0.0  807
 8.275  805.0 -90  63  87   1.563   0.0   0.0  808
 8.275  807.5 -90  63  72   1.563   0.0   0.0  811
 8.275  810.0 -90  63  72  -1.563   0.0   0.0  813
 8.275 1210.0 -90  63  72  -1.563   0.0   0.0 1215
 8.300  417.5  90  63  72   1.563   0.0   0.0  423
 8.300  420.0  90  63  84   1.563   0.0   0.0  425
 8.300  422.5  90  63  81   1.563   0.0   0.0  425
 8.300  840.0  90  63  75   1.563   0.0   0.0  844
 8.300  842.5  90  63  72   1.563   0.0   0.0  847
 8.300  400.0 -90  66  81   1.563   0.0   0.0  407
 8.300  402.5 -90  66  87  -1.563   0.0   0.0  407
 8.300  405.0 -90  66  75  -1.563   0.0   0.0  407
 8.300  802.5 -90  66  84  -1.563   0.0   0.0  808
 8.300  805.0 -90  66  90   1.563   0.0   0.0  809
 8.300  807.5 -90  66  87   1.563   0.0   0.0  810
 8.325  420.0  90  63  81  -1.563   0.0   0.0  426
 8.325  422.5  90  63  84   1.563   0.0   0.0  426
 8.325  842.5  90  63  72   1.563   0.0   0.0  846
 8.325  402.5 -90  63  87   1.563   0.0   0.0  408
 8.325  405.0 -90  63  81   1.563   0.0   0.0  408
 8.325  787.5 -90  63  72   1.563   0.0   0.0  793
 8.325  800.0 -90  63  72   1.563   0.0   0.0  808
 8.325  805.0 -90  63  84  -1.563   0.0   0.0  810
 8.325  807.5 -90  63  87  -1.563   0.0   0.0  811
 8.325  810.0 -90  63  75   1.563   0.0   0.0  814
 8.325  815.0 -90  63  72   1.563   0.0   0.0  822
 8.325  817.5 -90  63  72   1.563   0.0   0.0  823
 8.325 1215.0 -90  63  72  -1.563   0.0   0.0 1219
 8.350   82.5  90  60  69  -4.688   0.0   0.0   71
 8.350  420.0  90  60  75   1.563   0.0   0.0  426
 8.350  422.5  90  60  81  -1.563   0.0   0.0  427
 8.350  425.0  90  60  72  -1.563   0.0   0.0  427
 8.350  842.5  90  60  72   1.563   0.0   0.0  849
 8.350  845.0  90  60  75  -1.563   0.0   0.0  849
 8.350  847.5  90  60  69   1.563   0.0   0.0  851
 8.350 1025.0  90  60  69   1.563 210.0  30.0 1012
 8.350 1027.5  90  60  69   1.563 210.0  30.0 1016
 8.350  402.5 -90  60  81  -1.563   0.0   0.0  408
 8.350  405.0 -90  60  84  -1.563   0.0   0.0  408
 8.350  407.5 -90  60  69  -1.563   0.0   0.0  409
 8.350  805.0 -90  60  75   1.563   0.0   0.0  810
 8.350  807.5 -90  60  78   1.563   0.0   0.0  812
 8.350  810.0 -90  60  81   1.563   0.0   0.0  814
 8.350  812.5 -90  60  69  -1.563   0.0   0.0  815
 8.350  827.5 -90  60  69   1.563   0.0   0.0  832
 8.350  830.0 -90  60  69  -1.563   0.0   0.0  833
 8.375  422.5  90  60  81  -1.563   0.0   0.0  428
 8.375  425.0  90  60  81  -1.563   0.0   0.0  429
 8.375  845.0  90  60  75   1.563   0.0   0.0  850
 8.375  847.5  90  60  78   1.563   0.0   0.0  851
 8.375  850.0  90  60  69   1.563   0.0   0.0  853
 8.375  402.5 -90  60  75   1.563   0.0   0.0  409
 8.375  405.0 -90  60  84   1.563   0.0   0.0  409
 8.375  407.5 -90  60  72  -1.563   0.0   0.0  409
 8.375  810.0 -90  60  81   1.563   0.0   0.0  815
 8.375  812.5 -90  60  78   1.563   0.0   0.0  815
 8.375  817.5 -90  60  72  -1.563   0.0   0.0  822
 8.375  830.0 -90  60  69  -1.563  30.0  30.0  836
 8.375 1260.0 -90  60  69  -4.688   0.0   0.0 1270
 8.400  422.5  90  63  78   1.563   0.0   0.0  427
 8.400  425.0  90  63  78  -1.563   0.0   0.0  428
 8.400  427.5  90  63  75   1.563   0.0   0.0  432
 8.400  847.5  90  63  75  -1.563   0.0   0.0  853
 8.400  850.0  90  63  78  -1.563   0.0   0.0  854
 8.400  405.0 -90  66  81  -1.563   0.0   0.0  410
 8.400  407.5 -90  66  75  -1.563   0.0   0.0  412
 8.400  810.0 -90  66  81  -1.563   0.0   0.0  815
 8.400  812.5 -90  66  84  -1.563   0.0   0.0  816
 8.425   80.0  90  66  75   1.563  90.0  30.0   67
 8.425  425.0  90  66  81   1.563   0.0   0.0  430
 8.425  427.5  90  66  84  -1.563   0.0   0.0  431
 8.425  850.0  90  66  78   1.563   0.0   0.0  855
 8.425  852.5  90  66  78  -1.563   0.0   0.0  856
 8.425  405.0 -90  66  78   1.563   0.0   0.0  410
 8.425  407.5 -90  66  78  -1.563   0.0   0.0  412
 8.425  810.0 -90  66  78   1.563   0.0   0.0  816
 8.425  812.5 -90  66  84   1.563   0.0   0.0  816
 8.425  815.0 -90  66  78   1.563   0.0   0.0  819
 8.425  817.5 -90  66  75  -1.563   0.0   0.0  822
 8.450  427.5  90  72  84  -1.563   0.0   0.0  432
 8.450  430.0  90  72  81   1.563   0.0   0.0  434
 8.450  407.5 -90  72  84  -1.563   0.0   0.0  412
 8.450  812.5 -90  72  81   1.563   0.0   0.0  818
 8.475  430.0  90  72  87  -1.563   0.0   0.0  434
 8.475  407.5 -90  72  84   1.563   0.0   0.0  413
 8.475  815.0 -90  72  81  -1.563   0.0   0.0  823
 8.475  817.5 -90  72  84   1.563   0.0   0.0  819
 8.500  430.0  90  75  87  -1.563   0.0   0.0  435
 8.500  432.5  90  75  84  -1.563   0.0   0.0  436
 8.500  410.0 -90  75  84  -1.563   0.0   0.0  414
 8.500  817.5 -90  75  84   1.563   0.0   0.0  822
 8.525  430.0  90  75  93   1.563   0.0   0.0  435
 8.525  432.5  90  75  93  -1.563   0.0   0.0  436
 8.525  410.0 -90  75  87   1.563   0.0   0.0  414
 8.525  820.0 -90  75  84   1.563   0.0   0.0  825
 8.550  407.5  90  69  78   1.563   0.0   0.0  413
 8.550  420.0  90  69  78  -1.563   0.0   0.0  423
 8.550  422.5  90  69  78  -1.563   0.0   0.0  426
 8.550  427.5  90  69  78  -1.563   0.0   0.0  431
 8.550  430.0  90  69  90   1.563   0.0   0.0  437
 8.550  432.5  90  69  99  -1.563   0.0   0.0  437
 8.550  435.0  90  69  87   1.563   0.0   0.0  437
 8.550  437.5  90  69  78  -1.563   0.0   0.0  441
 8.550  442.5  90  69  78  -1.563   0.0   0.0  446
 8.550  445.0  90  69  78  -1.563   0.0   0.0  449
 8.550 1282.5  90  69  78   1.563  90.0  30.0 1294
 8.550  410.0 -90  72  87   1.563   0.0   0.0  416
 8.550  412.5 -90  72  84   1.563   0.0   0.0  417
 8.550  820.0 -90  72  81  -1.563   0.0   0.0  823
 8.575  430.0  90  69  84  -1.563   0.0   0.0  436
 8.575  432.5  90  69  99  -1.563   0.0   0.0  438
 8.575  435.0  90  69  99   1.563   0.0   0.0  439
 8.575  437.5  90  69  81  -1.563   0.0   0.0  440
 8.575  410.0 -90  69  84  -1.563   0.0   0.0  416
 8.575  412.5 -90  69  87   1.563   0.0   0.0  417
 8.575  822.5 -90  69  78  -1.563   0.0   0.0  828
 8.600  432.5  90  72  96   1.563   0.0   0.0  438
 8.600  435.0  90  72 102   1.563   0.0   0.0  439
 8.600  437.5  90  72  90   1.563   0.0   0.0  440
 8.600  412.5 -90  75  87  -1.563   0.0   0.0  416
 8.625  432.5  90  75  84   1.563   0.0   0.0  439
 8.625  435.0  90  75  99   1.563   0.0   0.0  440
 8.625  437.5  90  75  96   1.563   0.0   0.0  440
 8.625  412.5 -90  75  84  -1.563   0.0   0.0  418
 8.650  435.0  90  72  93  -1.563   0.0   0.0  441
 8.650  437.5  90  72  99  -1.563   0.0   0.0  442
 8.650  440.0  90  72  93   1.563   0.0   0.0  443
 8.650  412.5 -90  72  84   1.563   0.0   0.0  419
 8.650  415.0 -90  72  87  -1.563   0.0   0.0  419
 8.675  435.0  90  69  81  -1.563   0.0   0.0  441
 8.675  437.5  90  69  96   1.563   0.0   0.0  443
 8.675  440.0  90  69  99  -1.563   0.0   0.0  443
 8.675  442.5  90  69  84   1.563   0.0   0.0  444
 8.675  412.5 -90  69  78  -1.563   0.0   0.0  420
 8.675  415.0 -90  69  90   1.563   0.0   0.0  419
 8.675  417.5 -90  69  84  -1.563   0.0   0.0  420
 8.675  830.0 -90  69  78  -1.563   0.0   0.0  835
 8.700  437.5  90  72  87   1.563   0.0   0.0  444
 8.700  440.0  90  72  96  -1.563   0.0   0.0  444
 8.700  442.5  90  72  87  -1.563   0.0   0.0  445
 8.700  415.0 -90  72  84   1.563   0.0   0.0  420
 8.700  417.5 -90  72  87   1.563   0.0   0.0  420
 8.725  440.0  90  69  93  -1.563   0.0   0.0  445
 8.725  442.5  90  69  93  -1.563   0.0   0.0  446
 8.725  445.0  90  69  81  -1.563   0.0   0.0  446
 8.725  415.0 -90  69  81  -1.563   0.0   0.0  421
 8.725  417.5 -90  69  90  -1.563   0.0   0.0  422
 8.725  420.0 -90  69  78  -1.563   0.0   0.0  422
 8.750  440.0  90  63  81  -1.563   0.0   0.0  446
 8.750  442.5  90  63  90   1.563   0.0   0.0  446
 8.750  445.0  90  63  81  -1.563   0.0   0.0  449
 8.750 1012.5  90  63  72   1.563 210.0  30.0 1008
 8.750  417.5 -90  63  87   1.563   0.0   0.0  423
 8.750  420.0 -90  63  84  -1.563   0.0   0.0  423
 8.750  837.5 -90  63  72   1.563   0.0   0.0  842
 8.775  440.0  90  63  72   1.563   0.0   0.0  447
 8.775  442.5  90  63  84   1.563   0.0   0.0  448
 8.775  445.0  90  63  84  -1.563   0.0   0.0  450
 8.775  447.5  90  63  81  -1.563   0.0   0.0  450
 8.775 1012.5  90  63  72   1.563 210.0  30.0 1010
 8.775 1015.0  90  63  72   1.563  30.0  30.0 1011
 8.775  417.5 -90  60  81   1.563   0.0   0.0  424
 8.775  420.0 -90  60  87   1.563   0.0   0.0  424
 8.775  422.5 -90  60  72  -1.563   0.0   0.0  424
 8.775  837.5 -90  60  69  -1.563   0.0   0.0  841
 8.800  442.5  90  60  78   1.563   0.0   0.0  448
 8.800  445.0  90  60  93   1.563   0.0   0.0  450
 8.800  447.5  90  60  93   1.563   0.0   0.0  451
 8.800  450.0  90  60  78  -1.563   0.0   0.0  452
 8.800  890.0  90  60  69  -1.563   0.0   0.0  894
 8.800  892.5  90  60  75   1.563   0.0   0.0  898
 8.800  895.0  90  60  72  -1.563   0.0   0.0  899
 8.800 1037.5  90  60  69   1.563 210.0  30.0 1046
 8.800  417.5 -90  60  75  -1.563   0.0   0.0  424
 8.800  420.0 -90  60  87  -1.563   0.0   0.0  424
 8.800  422.5 -90  60  78   1.563   0.0   0.0  425
 8.825  442.5  90  60  69   1.563   0.0   0.0  450
 8.825  445.0  90  60  90  -1.563   0.0   0.0  451
 8.825  447.5  90  60  99  -1.563   0.0   0.0  452
 8.825  450.0  90  60  90  -1.563   0.0   0.0  453
 8.825  452.5  90  60  69  -1.563   0.0   0.0  453
 8.825  892.5  90  60  69   1.563   0.0   0.0  897
 8.825  895.0  90  60  72   1.563   0.0   0.0  901
 8.825  420.0 -90  60  84  -1.563   0.0   0.0  426
 8.825  422.5 -90  60  87  -1.563   0.0   0.0  426
 8.825  840.0 -90  60  69  -1.563   0.0   0.0  844
 8.850  445.0  90  60  78   1.563   0.0   0.0  451
 8.850  447.5  90  60  93   1.563   0.0   0.0  453
 8.850  450.0  90  60  96   1.563   0.0   0.0  454
 8.850  452.5  90  60  84  -1.563   0.0   0.0  455
 8.850  900.0  90  60  69   1.563   0.0   0.0  903
 8.850  420.0 -90  60  78  -1.563   0.0   0.0  426
 8.850  422.5 -90  60  87  -1.563   0.0   0.0  427
 8.850  425.0 -90  60  78  -1.563   0.0   0.0  427
 8.850  847.5 -90  60  72   1.563   0.0   0.0  852
 8.850  850.0 -90  60  69   1.563   0.0   0.0  854
 8.875  447.5  90  60  84  -1.563   0.0   0.0  454
 8.875  450.0  90  60  96  -1.563   0.0   0.0  455
 8.875  452.5  90  60  93  -1.563   0.0   0.0  455
 8.875  455.0  90  60  75   1.563   0.0   0.0  457
 8.875  420.0 -90  60  69   1.563   0.0   0.0  428
 8.875  422.5 -90  60  87   1.563   0.0   0.0  428
 8.875  425.0 -90  60  87   1.563   0.0   0.0  428
 8.875  427.5 -90  60  69   1.563   0.0   0.0  428
 8.875  850.0 -90  60  69   1.563   0.0   0.0  855
 8.900  447.5  90  60  75  -1.563   0.0   0.0  456
 8.900  450.0  90  60  90   1.563   0.0   0.0  456
 8.900  452.5  90  60  96  -1.563   0.0   0.0  457
 8.900  455.0  90  60  87   1.563   0.0   0.0  457
 8.900  457.5  90  60  72  -1.563   0.0   0.0  459
 8.900  422.5 -90  60  81   1.563   0.0   0.0  429
 8.900  425.0 -90  60  90   1.563   0.0   0.0  429
 8.900  427.5 -90  60  78   1.563   0.0   0.0  430
 8.925  450.0  90  60  75   1.563   0.0   0.0  458
 8.925  452.5  90  60  90   1.563   0.0   0.0  459
 8.925  455.0  90  60  93   1.563   0.0   0.0  459
 8.925  457.5  90  60  81   1.563   0.0   0.0  460
 8.925  910.0  90  60  69  -1.563 210.0  30.0  916
 8.925  422.5 -90  60  69  -1.563   0.0   0.0  431
 8.925  425.0 -90  60  87  -1.563   0.0   0.0  430
 8.925  427.5 -90  60  84   1.563   0.0   0.0  431
 8.925  430.0 -90  60  69  -1.563   0.0   0.0  433
 8.950  452.5  90  63  75   1.563   0.0   0.0  460
 8.950  455.0  90  63  93  -1.563   0.0   0.0  460
 8.950  457.5  90  63  93  -1.563   0.0   0.0  461
 8.950  460.0  90  63  81   1.563   0.0   0.0  463
 8.950  912.5  90  63  72  -1.563   0.0   0.0  918
 8.950  915.0  90  63  72   1.563 210.0  30.0  918
 8.950  425.0 -90  60  81   1.563   0.0   0.0  431
 8.950  427.5 -90  60  87   1.563   0.0   0.0  432
 8.950  430.0 -90  60  75  -1.563   0.0   0.0  433
 8.950  855.0 -90  60  69  -1.563   0.0   0.0  859
 8.975  452.5  90  63  72   1.563   0.0   0.0  461
 8.975  455.0  90  63  84   1.563   0.0   0.0  460
 8.975  457.5  90  63  93  -1.563   0.0   0.0  462
 8.975  460.0  90  63  87   1.563   0.0   0.0  463
 8.975  462.5  90  63  72  -1.563   0.0   0.0  464
 8.975  915.0  90  63  72  -1.563   0.0   0.0  918
 8.975  917.5  90  63  75   1.563   0.0   0.0  922
 8.975  920.0  90  63  75   1.563   0.0   0.0  923
 8.975  425.0 -90  60  72   1.563   0.0   0.0  433
 8.975  427.5 -90  60  84  -1.563   0.0   0.0  432
 8.975  430.0 -90  60  81  -1.563   0.0   0.0  433
 8.975  855.0 -90  60  69   1.563 270.0  30.0  859
 8.975  857.5 -90  60  69   1.563   0.0   0.0  862
 9.000  455.0  90  63  72   1.563   0.0   0.0  462
 9.000  457.5  90  63  87  -1.563   0.0   0.0  463
 9.000  460.0  90  63  93  -1.563   0.0   0.0  464
 9.000  462.5  90  63  81   1.563   0.0   0.0  466
 9.000  920.0  90  63  72  -1.563   0.0   0.0  926
 9.000  427.5 -90  60  75   1.563   0.0   0.0  434
 9.000  430.0 -90  60  81   1.563   0.0   0.0  434
 9.000  860.0 -90  60  69   1.563   0.0   0.0  866
 9.000  862.5 -90  60  69   1.563 270.0  30.0  865
 9.025  457.5  90  60  75  -1.563   0.0   0.0  463
 9.025  460.0  90  60  87   1.563   0.0   0.0  465
 9.025  462.5  90  60  90   1.563   0.0   0.0  466
 9.025  465.0  90  60  81  -1.563   0.0   0.0  467
 9.025  922.5  90  60  69  -1.563   0.0   0.0  926
 9.025  925.0  90  60  72  -1.563   0.0   0.0  928
 9.025  927.5  90  60  72  -1.563   0.0   0.0  930
 9.025  427.5 -90  60  69   1.563   0.0   0.0  433
 9.025  430.0 -90  60  81   1.563   0.0   0.0  435
 9.025  432.5 -90  60  75  -1.563   0.0   0.0  435
 9.050  460.0  90  60  75  -1.563   0.0   0.0  466
 9.050  462.5  90  60  87  -1.563   0.0   0.0  467
 9.050  465.0  90  60  87  -1.563   0.0   0.0  468
 9.050  467.5  90  60  75   1.563   0.0   0.0  470
 9.050  930.0  90  60  72   1.563   0.0   0.0  934
 9.050  932.5  90  60  69  -1.563   0.0   0.0  936
 9.050  430.0 -90  60  75  -1.563   0.0   0.0  436
 9.050  432.5 -90  60  81  -1.563   0.0   0.0  437
 9.050  435.0 -90  60  72  -1.563   0.0   0.0  436
 9.050  862.5 -90  60  69   1.563   0.0   0.0  866
 9.075  462.5  90  66  78  -1.563   0.0   0.0  470
 9.075  465.0  90  66  87   1.563   0.0   0.0  469
 9.075  467.5  90  66  84   1.563   0.0   0.0  471
 9.075  432.5 -90  66  81   1.563   0.0   0.0  437
 9.075  435.0 -90  66  78   1.563   0.0   0.0  437
 9.100  467.5  90  69  84   1.563   0.0   0.0  473
 9.100  470.0  90  69  81  -1.563   0.0   0.0  473
 9.100  432.5 -90  69  78   1.563   0.0   0.0  439
 9.100  435.0 -90  69  81  -1.563   0.0   0.0  438
 9.125  467.5  90  63  75   1.563   0.0   0.0  472
 9.125  470.0  90  63  84  -1.563   0.0   0.0  475
 9.125  472.5  90  63  78  -1.563   0.0   0.0  476
 9.125  435.0 -90  63  81  -1.563   0.0   0.0  440
 9.125  437.5 -90  63  75  -1.563   0.0   0.0  440
 9.125 1067.5 -90  63  72  -1.563   0.0   0.0 1077
 9.150  470.0  90  60  75   1.563   0.0   0.0  475
 9.150  472.5  90  60  84   1.563   0.0   0.0  477
 9.150  475.0  90  60  81  -1.563   0.0   0.0  478
 9.150  477.5  90  60  69  -1.563   0.0   0.0  478
 9.150  435.0 -90  60  72  -1.563   0.0   0.0  442
 9.150  437.5 -90  60  78  -1.563   0.0   0.0  441
 9.150  872.5 -90  60  69   1.563   0.0   0.0  878
 9.150  875.0 -90  60  69   1.563   0.0   0.0  878
 9.150  987.5 -90  60  69  -1.563 210.0  30.0  986
 9.150 1012.5 -90  60  69   1.563   0.0   0.0 1016
 9.150 1017.5 -90  60  69   1.563 210.0  30.0 1017
 9.150 1067.5 -90  60  72   1.563 210.0  30.0 1075
 9.150 1097.5 -90  60  69  -1.563 210.0  30.0 1106
 9.175  472.5  90  60  78  -1.563   0.0   0.0  480
 9.175  475.0  90  60  84  -1.563   0.0   0.0  480
 9.175  477.5  90  60  78   1.563   0.0   0.0  480
 9.175  437.5 -90  60  78  -1.563   0.0   0.0  442
 9.175  440.0 -90  60  75   1.563   0.0   0.0  443
 9.175  875.0 -90  60  69   1.563   0.0   0.0  879
 9.175  877.5 -90  60  69  -1.563   0.0   0.0  880
 9.175 1020.0 -90  60  69   1.563 210.0  30.0 1019
 9.175 1022.5 -90  60  69  -1.563   0.0   0.0 1024
 9.175 1035.0 -90  60  69   1.563   0.0   0.0 1046
 9.175 1070.0 -90  60  72   1.563 210.0  30.0 1079
 9.175 1075.0 -90  60  69   1.563   0.0   0.0 1079
 9.175 1100.0 -90  60  69   1.563   0.0   0.0 1109
 9.200  475.0  90  60  75   1.563   0.0   0.0  480
 9.200  477.5  90  60  81   1.563   0.0   0.0  482
 9.200  480.0  90  60  78  -1.563   0.0   0.0  484
 9.200  440.0 -90  60  78   1.563   0.0   0.0  444
 9.200  442.5 -90  60  72  -1.563   0.0   0.0  446
 9.200 1022.5 -90  60  69  -1.563  30.0  30.0 1023
 9.200 1072.5 -90  60  72   1.563   0.0   0.0 1079
 9.225  477.5  90  60  72   1.563   0.0   0.0  482
 9.225  480.0  90  60  78   1.563   0.0   0.0  485
 9.225  482.5  90  60  78  -1.563   0.0   0.0  487
 9.225  437.5 -90  60  69   1.563   0.0   0.0  444
 9.225  440.0 -90  60  81   1.563   0.0   0.0  445
 9.225  442.5 -90  60  81  -1.563   0.0   0.0  446
 9.225 1017.5 -90  60  69   1.563 210.0  30.0 1023
 9.225 1020.0 -90  60  69   1.563 210.0  30.0 1021
 9.225 1022.5 -90  60  69  -1.563 210.0  30.0 1022
 9.225 1025.0 -90  60  69  -1.563   0.0   0.0 1025
 9.225 1072.5 -90  60  72   1.563   0.0   0.0 1081
 9.225 1075.0 -90  60  72   1.563   0.0   0.0 1083
 9.225 1077.5 -90  60  69   1.563 210.0  30.0 1083
 9.225 1105.0 -90  60  69   1.563  30.0  30.0 1113
 9.250  480.0  90  60  69  -1.563   0.0   0.0  487
 9.250  482.5  90  60  75   1.563   0.0   0.0  486
 9.250  485.0  90  60  75   1.563   0.0   0.0  490
 9.250  487.5  90  60  69  -1.563   0.0   0.0  492
 9.250  440.0 -90  60  78  -1.563   0.0   0.0  446
 9.250  442.5 -90  60  84  -1.563   0.0   0.0  447
 9.250  445.0 -90  60  75  -1.563   0.0   0.0  447
 9.250 1075.0 -90  60  69   1.563 210.0  30.0 1082
 9.275  485.0  90  48  63  -1.563   0.0   0.0  490
 9.275  487.5  90  48  66  -1.563   0.0   0.0  492
 9.275  490.0  90  48  63   1.563   0.0   0.0  493
 9.275  442.5 -90  48  69   1.563   0.0   0.0  448
 9.275  445.0 -90  48  72   1.563   0.0   0.0  448
 9.275  447.5 -90  48  60  -1.563   0.0   0.0  451
 9.300  487.5  90  48  63  -1.563   0.0   0.0  492
 9.300  490.0  90  48  69  -1.563   0.0   0.0  494
 9.300  492.5  90  48  63  -1.563   0.0   0.0  496
 9.300  982.5  90  48  57  -1.563   0.0   0.0  987
 9.300  985.0  90  48  57   1.563   0.0   0.0  986
 9.300  442.5 -90  51  60  -1.563   0.0   0.0  449
 9.300  445.0 -90  51  72   1.563   0.0   0.0  450
 9.300  447.5 -90  51  66  -1.563   0.0   0.0  451
 9.325  490.0  90  51  63   1.563   0.0   0.0  496
 9.325  492.5  90  51  69  -1.563   0.0   0.0  496
 9.325  495.0  90  51  66   1.563   0.0   0.0  499
 9.325  445.0 -90  51  66   1.563   0.0   0.0  450
 9.325  447.5 -90  51  72  -1.563   0.0   0.0  452
 9.325  450.0 -90  51  63  -1.563   0.0   0.0  452
 9.325 1032.5 -90  51  60   1.563   0.0   0.0 1032
 9.325 1085.0 -90  51  60  -1.563 210.0  30.0 1086
 9.350  282.5  90  51  60   4.688   0.0   0.0  278
 9.350  492.5  90  51  60   1.563   0.0   0.0  496
 9.350  495.0  90  51  66   1.563   0.0   0.0  499
 9.350  497.5  90  51  66   1.563   0.0   0.0  502
 9.350  500.0  90  51  60   1.563   0.0   0.0  502
 9.350  577.5  90  51  60  -4.688  30.0  30.0  569
 9.350  697.5  90  51  60  -4.688   0.0   0.0  695
 9.350  702.5  90  51  60   4.688  90.0  30.0  702
 9.350  707.5  90  51  60   1.563  90.0  30.0  704
 9.350  715.0  90  51  63  -4.688  90.0  30.0  715
 9.350  717.5  90  51  63   4.688   0.0   0.0  715
 9.350  720.0  90  51  63   4.688   0.0   0.0  717
 9.350  722.5  90  51  63   1.563  30.0  30.0  719
 9.350  725.0  90  51  63   1.563  90.0  30.0  724
 9.350  727.5  90  51  63  -1.563  90.0  30.0  727
 9.350  730.0  90  51  60  -1.563 210.0  30.0  728
 9.350  732.5  90  51  60  -1.563  90.0  30.0  731
 9.350  735.0  90  51  60   4.688 210.0  30.0  734
 9.350  737.5  90  51  63   4.688 210.0  30.0  738
 9.350  740.0  90  51  60   1.563 210.0  30.0  738
 9.350  742.5  90  51  60  -1.563 210.0  30.0  740
 9.350  745.0  90  51  60  -1.563 210.0  30.0  744
 9.350  747.5  90  51  60  -4.688  90.0  30.0  748
 9.350  750.0  90  51  63  -4.688  90.0  30.0  751
 9.350  752.5  90  51  60  -4.688 210.0  30.0  753
 9.350  757.5  90  51  60  -1.563 210.0  30.0  758
 9.350  760.0  90  51  60  -1.563 210.0  30.0  758
 9.350  762.5  90  51  60  -4.688 210.0  30.0  760
 9.350  767.5  90  51  60   4.688  30.0  30.0  764
 9.350  835.0  90  51  60   4.688  90.0  30.0  827
 9.350  847.5  90  51  60   4.688  30.0  30.0  841
 9.350  875.0  90  51  60   1.563  30.0  30.0  868
 9.350  877.5  90  51  60   1.563   0.0   0.0  870
 9.350  880.0  90  51  60   1.563   0.0   0.0  874
 9.350  922.5  90  51  60  -4.688  90.0  30.0  915
 9.350  930.0  90  51  60   1.563  90.0  30.0  923
 9.350  932.5  90  51  60  -1.563 270.0  30.0  923
 9.350  945.0  90  51  60   1.563   0.0   0.0  936
 9.350  447.5 -90  51  69  -1.563   0.0   0.0  452
 9.350  450.0 -90  51  66  -1.563   0.0   0.0  453
 9.350  727.5 -90  51  60   4.688   0.0   0.0  716
 9.350  782.5 -90  51  60   1.563 270.0  30.0  784
 9.350  802.5 -90  51  60   4.688 270.0  30.0  798
 9.350  870.0 -90  51  60   1.563 270.0  30.0  878
 9.350  887.5 -90  51  60   1.563   0.0   0.0  877
 9.350  890.0 -90  51  60   4.688   0.0   0.0  881
 9.350  892.5 -90  51  60   4.688 270.0  30.0  883
 9.350  895.0 -90  51  60  -4.688 270.0  30.0  893
 9.350 1082.5 -90  51  60   1.563   0.0   0.0 1090
 9.375  887.5  90  78  87   1.563   0.0   0.0  881
 9.375  890.0  90  78  87   4.688   0.0   0.0  876
 9.375  892.5  90  78  87   4.688   0.0   0.0  905
 9.375  895.0  90  78  87  -4.688 210.0  30.0  903
 9.375  897.5  90  78  87  -4.688   0.0   0.0  903
 9.375  900.0  90  78  87  -1.563   0.0   0.0  901
 9.375  902.5  90  78  87   1.563 210.0  30.0  900
 9.375  905.0  90  78  87   1.563 210.0  30.0  898
 9.375  907.5  90  78  87   4.688   0.0   0.0  895
 9.375  910.0  90  78  87   4.688   0.0   0.0  923
 9.375  912.5  90  78  87  -4.688   0.0   0.0  920
 9.375  915.0  90  78  87  -1.563 210.0  30.0  918
 9.375  917.5  90  78  87  -1.563 210.0  30.0  917
 9.375  932.5  90  78  87  -1.563 210.0  30.0  932
 9.375  935.0  90  78  87   1.563   0.0   0.0  928
 9.375  937.5  90  78  87   1.563  90.0  30.0  928
 9.375  940.0  90  78  87   4.688 210.0  30.0  927
 9.375  945.0  90  78  87  -4.688 210.0  30.0  956
 9.375  947.5  90  78  87  -1.563   0.0   0.0  949
 9.375  950.0  90  78  87  -1.563  90.0  30.0  950
 9.375  952.5  90  78  87   1.563  90.0  30.0  945
 9.375  955.0  90  78  87   1.563  90.0  30.0  943
 9.375  957.5  90  78  87   4.688 210.0  30.0  943
 9.375  960.0  90  78  87   4.688  90.0  30.0  972
 9.375  962.5  90  78  87  -4.688 210.0  30.0  971
 9.375  277.5 -90  72  81  -1.563 270.0  30.0  280
 9.375  280.0 -90  72  81  -1.563 270.0  30.0  281
 9.375  282.5 -90  72  81  -4.688  90.0  30.0  284
 9.400  885.0  90  75  84  -4.688 210.0  30.0  876
 9.400  887.5  90  75  84   4.688 270.0  30.0  891
 9.400  890.0  90  75  84   1.563 210.0  30.0  896
 9.400  892.5  90  75  84   1.563   0.0   0.0  896
 9.400  895.0  90  75  87  -1.563   0.0   0.0  887
 9.400  897.5  90  75  87  -4.688   0.0   0.0  891
 9.400  900.0  90  75  87  -4.688 210.0  30.0  892
 9.400  902.5  90  75  87   4.688 210.0  30.0  911
 9.400  905.0  90  75  87   1.563 210.0  30.0  914
 9.400  907.5  90  75  87   1.563   0.0   0.0  916
 9.400  910.0  90  75  87  -1.563   0.0   0.0  905
 9.400  912.5  90  75  90  -1.563 210.0  30.0  906
 9.400  915.0  90  75  90  -4.688   0.0   0.0  911
 9.400  917.5  90  75  90   4.688 210.0  30.0  925
 9.400  920.0  90  75  90   4.688 210.0  30.0  927
 9.400  922.5  90  75  87   1.563   0.0   0.0  934
 9.400  925.0  90  75  87  -1.563   0.0   0.0  919
 9.400  927.5  90  75  87  -1.563   0.0   0.0  921
 9.400  930.0  90  75  87  -4.688   0.0   0.0  927
 9.400  932.5  90  75  87   4.688 210.0  30.0  940
 9.400  935.0  90  75  87   4.688   0.0   0.0  943
 9.400  937.5  90  75  84   1.563 210.0  30.0  949
 9.400  940.0  90  75  84   1.563 210.0  30.0  953
 9.400  962.5  90  75  84   4.688   0.0   0.0  962
 9.400  965.0  90  75  84   1.563   0.0   0.0  956
 9.400  967.5  90  75  84  -1.563   0.0   0.0  956
 9.400  970.0  90  75  87  -1.563   0.0   0.0  985
 9.400  972.5  90  75  87  -4.688   0.0   0.0  979
 9.400  975.0  90  75  87  -4.688   0.0   0.0  979
 9.400  977.5  90  75  87  -4.688   0.0   0.0  979
 9.400  980.0  90  75  87   4.688   0.0   0.0  978
 9.400  982.5  90  75  87   1.563 210.0  30.0  973
 9.400  985.0  90  75  87   1.563 210.0  30.0  972
 9.400  987.5  90  75  87  -1.563   0.0   0.0 1002
 9.400  990.0  90  75  90  -1.563 210.0  30.0  999
 9.400  992.5  90  75  87  -1.563 210.0  30.0  995
 9.400  995.0  90  75  87  -4.688   0.0   0.0  998
 9.400  997.5  90  75  87   4.688 210.0  30.0  997
 9.400 1000.0  90  75  87   4.688   0.0   0.0  989
 9.400 1002.5  90  75  87   1.563   0.0   0.0  991
 9.400 1005.0  90  75  90   1.563 210.0  30.0  991
 9.400 1007.5  90  75  87  -1.563   0.0   0.0 1016
 9.400 1010.0  90  75  87  -4.688 210.0  30.0 1015
 9.400 1012.5  90  75  87  -4.688 210.0  30.0 1014
 9.400 1015.0  90  75  87   4.688   0.0   0.0 1015
 9.400 1017.5  90  75  87   1.563 210.0  30.0 1008
 9.400 1020.0  90  75  87   1.563 210.0  30.0 1007
 9.400 1022.5  90  75  87  -1.563   0.0   0.0 1010
 9.400 1025.0  90  75  87  -1.563   0.0   0.0 1040
 9.400 1027.5  90  75  87   1.563 210.0  30.0 1038
 9.400 1030.0  90  75  87   4.688 210.0  30.0 1035
 9.400 1032.5  90  75  87   1.563   0.0   0.0 1022
 9.400 1035.0  90  75  84  -1.563   0.0   0.0 1027
 9.400 1037.5  90  75  84  -1.563   0.0   0.0 1027
 9.400 1040.0  90  75  84  -4.688   0.0   0.0 1048
 9.400 1042.5  90  75  84   4.688   0.0   0.0 1050
 9.400 1157.5  90  75  84  -4.688  90.0  30.0 1163
 9.400 1160.0  90  75  84  -4.688  90.0  30.0 1166
 9.400 1162.5  90  75  84   4.688  90.0  30.0 1149
 9.400 1165.0  90  75  87   4.688  90.0  30.0 1150
 9.400 1167.5  90  75  87   1.563  90.0  30.0 1156
 9.400 1170.0  90  75  87  -1.563   0.0   0.0 1160
 9.400 1172.5  90  75  87  -1.563   0.0   0.0 1175
 9.400 1175.0  90  75  87  -4.688   0.0   0.0 1181
 9.400 1177.5  90  75  87  -4.688   0.0   0.0 1183
 9.400 1180.0  90  75  87  -4.688   0.0   0.0 1185
 9.400 1182.5  90  75  87   4.688   0.0   0.0 1168
 9.400 1185.0  90  75  87   1.563   0.0   0.0 1177
 9.400 1187.5  90  75  87   1.563   0.0   0.0 1179
 9.400 1190.0  90  75  84  -1.563 210.0  30.0 1190
 9.400 1192.5  90  75  84  -1.563 210.0  30.0 1194
 9.400 1195.0  90  75  84  -4.688 210.0  30.0 1204
 9.400 1197.5  90  75  84  -4.688 210.0  30.0 1206
 9.400 1200.0  90  75  84  -4.688 210.0  30.0 1209
 9.400 1210.0  90  75  84   1.563 210.0  30.0 1204
 9.400 1212.5  90  75  84   1.563 210.0  30.0 1207
 9.400 1225.0  90  75  84  -4.688 210.0  30.0 1234
 9.400 1230.0  90  75  84   1.563 210.0  30.0 1226
 9.400 1232.5  90  75  84   1.563 210.0  30.0 1227
 9.400 1235.0  90  75  84   1.563   0.0   0.0 1229
 9.400 1237.5  90  75  84  -1.563   0.0   0.0 1238
 9.400 1240.0  90  75  84  -4.688   0.0   0.0 1246
 9.400 1242.5  90  75  84  -4.688   0.0   0.0 1248
 9.400 1250.0  90  75  84   1.563   0.0   0.0 1242
 9.400 1252.5  90  75  84   1.563   0.0   0.0 1244
 9.400 1270.0  90  75  84   4.688 210.0  30.0 1275
 9.400 1272.5  90  75  84   4.688 210.0  30.0 1277
 9.400 1275.0  90  75  84   1.563 210.0  30.0 1261
 9.400 1277.5  90  75  87   1.563 210.0  30.0 1267
 9.400 1280.0  90  75  84   1.563 210.0  30.0 1272
 9.400 1282.5  90  75  84  -1.563   0.0   0.0 1274
 9.425  690.0 -90  96 105   1.563 270.0  30.0  695
 9.425  692.5 -90  96 105   1.563 270.0  30.0  696
 9.425  700.0 -90  96 105  -1.563 270.0  30.0  706
 9.425  702.5 -90  96 105  -1.563 270.0  30.0  708
 9.425  705.0 -90  96 105  -1.563 270.0  30.0  710
 9.425  715.0 -90  96 105  -4.688  90.0  30.0  720
 9.425  717.5 -90  96 105  -4.688 270.0  30.0  722
 9.425  752.5 -90  96 105  -4.688 270.0  30.0  755
 9.425  765.0 -90  96 105   4.688 270.0  30.0  770
 9.425  767.5 -90  96 105   4.688 270.0  30.0  772
 9.450  840.0  90  87  96  -1.563  90.0  30.0  839
 9.450  842.5  90  87  96  -1.563  90.0  30.0  839
 9.450  845.0  90  87  96   1.563 270.0  30.0  841
 9.450  847.5  90  87  96   1.563   0.0   0.0  843
 9.450  850.0  90  87  96   4.688   0.0   0.0  847
 9.450  852.5  90  87  96   4.688   0.0   0.0  848
 9.450  855.0  90  87  96  -4.688   0.0   0.0  851
 9.450  857.5  90  87  96  -4.688   0.0   0.0  853
 9.450  860.0  90  87  96  -1.563   0.0   0.0  854
 9.450  862.5  90  87  96   1.563   0.0   0.0  858
 9.500  520.0  90  54  63  -1.563   0.0   0.0  522
 9.500  522.5  90  54  66  -1.563   0.0   0.0  528
 9.500  525.0  90  54  63   1.563   0.0   0.0  530
 9.500  457.5 -90  54  63   1.563 210.0  30.0  462
 9.525  525.0  90  39  48   1.563   0.0   0.0  530
 9.525  527.5  90  39  51   1.563   0.0   0.0  532
 9.525  530.0  90  39  51   1.563   0.0   0.0  534
 9.525  917.5 -90  39  48  -1.563   0.0   0.0  923
 9.550  530.0  90  36  45   1.563   0.0   0.0  535
 9.550  532.5  90  36  45   1.563   0.0   0.0  536
 9.550  535.0  90  36  48  -1.563   0.0   0.0  539
 9.550  462.5 -90  36  45   1.563   0.0   0.0  467
 9.550  922.5 -90  36  45   1.563   0.0   0.0  927
 9.575  542.5  90  60  69  -1.563   0.0   0.0  547
 9.575  545.0  90  60  69  -1.563   0.0   0.0  550
 9.575  465.0 -90  60  72   1.563   0.0   0.0  470
 9.575  925.0 -90  60  72  -1.563   0.0   0.0  928
 9.575  927.5 -90  60  72  -1.563   0.0   0.0  931
 9.575  930.0 -90  60  69  -1.563   0.0   0.0  932
 9.600  545.0  90  60  72   1.563   0.0   0.0  549
 9.600  547.5  90  60  72  -1.563   0.0   0.0  551
 9.600  550.0  90  60  72   1.563   0.0   0.0  555
 9.600  465.0 -90  60  78  -1.563   0.0   0.0  469
 9.600  467.5 -90  60  78  -1.563   0.0   0.0  471
 9.600  927.5 -90  60  69   1.563   0.0   0.0  933
 9.600  930.0 -90  60  75   1.563   0.0   0.0  933
 9.600  932.5 -90  60  69   1.563   0.0   0.0  936
 9.625  552.5  90  63  72  -1.563   0.0   0.0  556
 9.625  555.0  90  63  72  -1.563   0.0   0.0  558
 9.625  557.5  90  63  75   1.563   0.0   0.0  563
 9.625  560.0  90  63  72  -1.563   0.0   0.0  564
 9.625  465.0 -90  63  75  -1.563   0.0   0.0  471
 9.625  467.5 -90  63  75  -1.563   0.0   0.0  472
 9.625  470.0 -90  63  75  -1.563   0.0   0.0  472
 9.650  470.0 -90  63  78  -1.563   0.0   0.0  475
 9.650  472.5 -90  63  75  -1.563   0.0   0.0  476
 9.675  470.0 -90  54  66   1.563   0.0   0.0  474
 9.675  472.5 -90  54  69  -1.563   0.0   0.0  476
 9.700  475.0 -90  57  66  -1.563   0.0   0.0  478
 9.725 1267.5  90  57  66  -4.688 210.0  30.0 1255
 9.725 1282.5  90  57  66  -4.688 210.0  30.0 1286
 9.750 1190.0  90  54  63  -4.688   0.0   0.0 1191
 9.750 1282.5  90  54  63   4.688   0.0   0.0 1292
 9.750  477.5 -90  54  66   1.563   0.0   0.0  482
 9.750  480.0 -90  54  72  -1.563   0.0   0.0  485
 9.750  482.5 -90  54  69   1.563   0.0   0.0  486
 9.750  875.0 -90  54  63   1.563   0.0   0.0  876
 9.775  477.5 -90  48  63   1.563   0.0   0.0  482
 9.775  480.0 -90  48  72   1.563   0.0   0.0  485
 9.775  482.5 -90  48  75   1.563   0.0   0.0  486
 9.775  485.0 -90  48  72   1.563   0.0   0.0  488
 9.775  487.5 -90  48  60   1.563   0.0   0.0  489
 9.800  480.0 -90  48  63   1.563   0.0   0.0  484
 9.800  482.5 -90  48  66   1.563   0.0   0.0  488
 9.800  485.0 -90  48  75   1.563   0.0   0.0  490
 9.800  487.5 -90  48  75   1.563   0.0   0.0  491
 9.800  490.0 -90  48  66   1.563   0.0   0.0  493
 9.825  485.0 -90  60  84   1.563   0.0   0.0  492
 9.825  487.5 -90  60  93  -1.563   0.0   0.0  493
 9.825  490.0 -90  60  93   1.563   0.0   0.0  494
 9.825  492.5 -90  60  81  -1.563   0.0   0.0  495
 9.825  495.0 -90  60  69  -1.563   0.0   0.0  497
 9.850  475.0 -90  63  72  -1.563   0.0   0.0  481
 9.850  480.0 -90  63  72   1.563   0.0   0.0  485
 9.850  485.0 -90  63  72  -1.563   0.0   0.0  490
 9.850  487.5 -90  63  90  -1.563   0.0   0.0  493
 9.850  490.0 -90  63  96   1.563   0.0   0.0  494
 9.850  492.5 -90  63  93  -1.563   0.0   0.0  496
 9.850  495.0 -90  63  81  -1.563   0.0   0.0  497
 9.875  487.5 -90  51  63  -1.563   0.0   0.0  495
 9.875  490.0 -90  51  75  -1.563   0.0   0.0  496
 9.875  492.5 -90  51  81   1.563   0.0   0.0  497
 9.875  495.0 -90  51  78   1.563   0.0   0.0  498
 9.875  497.5 -90  51  72  -1.563   0.0   0.0  500
 9.900  490.0 -90  48  60  -1.563   0.0   0.0  495
 9.900  492.5 -90  48  69  -1.563   0.0   0.0  498
 9.900  495.0 -90  48  75   1.563   0.0   0.0  499
 9.900  497.5 -90  48  69   1.563   0.0   0.0  501
 9.900  500.0 -90  48  66  -1.563   0.0   0.0  504
 9.900  502.5 -90  48  60  -1.563   0.0   0.0  505
 9.925  495.0 -90  45  57   1.563   0.0   0.0  501
 9.925  497.5 -90  45  63  -1.563   0.0   0.0  501
 9.925  500.0 -90  45  69   1.563   0.0   0.0  505
 9.925  502.5 -90  45  72   1.563   0.0   0.0  506
 9.925  505.0 -90  45  60   1.563   0.0   0.0  508
 9.925  660.0 -90  45  54   4.688 150.0  30.0  649
 9.950  497.5 -90  45  54   1.563   0.0   0.0  504
 9.950  500.0 -90  45  66  -1.563   0.0   0.0  505
 9.950  502.5 -90  45  72  -1.563   0.0   0.0  507
 9.950  505.0 -90  45  66   1.563   0.0   0.0  508
 9.950  765.0 -90  45  54   4.688   0.0   0.0  774
 9.975  502.5 -90  57  75  -1.563   0.0   0.0  517
 9.975  505.0 -90  57  81  -1.563   0.0   0.0  516
 9.975  507.5 -90  57  78   1.563   0.0   0.0  507
 9.975  510.0 -90  57  75  -1.563   0.0   0.0  504
 9.975  512.5 -90  57  69   1.563   0.0   0.0  520
10.025  510.0 -90  57  72  -1.563   0.0   0.0  515
10.025  512.5 -90  57  78  -1.563   0.0   0.0  516
10.025  515.0 -90  57  81  -1.563   0.0   0.0  519
10.025  517.5 -90  57  75   1.563   0.0   0.0  521
10.025  520.0 -90  57  69  -1.563   0.0   0.0  523
10.050  515.0 -90  60  69  -1.563   0.0   0.0  519
10.050  520.0 -90  60  69  -1.563   0.0   0.0  526
10.050  522.5 -90  60  75  -1.563   0.0   0.0  527
10.050  525.0 -90  60  72  -1.563   0.0   0.0  528
10.075  520.0 -90  57  66  -1.563   0.0   0.0  524
10.075  522.5 -90  57  72  -1.563   0.0   0.0  529
10.075  525.0 -90  57  75   1.563   0.0   0.0  529
10.075  527.5 -90  57  69  -1.563   0.0   0.0  530
10.075  530.0 -90  57  66   1.563   0.0   0.0  533
10.100   80.0 -90  57  66   1.563 150.0  30.0   67
10.100  525.0 -90  57  66   1.563   0.0   0.0  529
10.100  527.5 -90  57  66   1.563   0.0   0.0  530
10.100  530.0 -90  57  72  -1.563   0.0   0.0  536
10.100  532.5 -90  57  75   1.563   0.0   0.0  536
10.100  535.0 -90  57  72   1.563   0.0   0.0  538
10.125  530.0 -90  57  69   1.563   0.0   0.0  532
10.125  532.5 -90  57  72  -1.563   0.0   0.0  537
10.125  535.0 -90  57  78  -1.563   0.0   0.0  539
10.125  537.5 -90  57  75  -1.563   0.0   0.0  542
10.125  540.0 -90  57  69  -1.563   0.0   0.0  543
10.150  537.5 -90  60  72   1.563   0.0   0.0  544
10.150  540.0 -90  60  69   1.563   0.0   0.0  542
10.150  542.5 -90  60  72  -1.563   0.0   0.0  547
10.150  545.0 -90  60  72   1.563   0.0   0.0  549
10.150  547.5 -90  60  69  -1.563   0.0   0.0  553
10.200  557.5 -90  63  72  -1.563   0.0   0.0  559
10.225  812.5  90  60  69  -4.688   0.0   0.0  814
10.225  565.0 -90  63  72   1.563   0.0   0.0  568
10.275 1212.5  90  63  72  -1.563   0.0   0.0 1204
10.275 1275.0  90  63  72  -4.688   0.0   0.0 1268
10.300  597.5 -90  57  66   1.563   0.0   0.0  605
10.300  600.0 -90  57  66   1.563   0.0   0.0  606
10.300  615.0 -90  57  66   1.563   0.0   0.0  620
10.300 1230.0 -90  57  66  -1.563   0.0   0.0 1238
10.325  642.5 -90  57  66   1.563   0.0   0.0  649
10.350  640.0 -90  57  66   1.563   0.0   0.0  643
10.350  642.5 -90  57  66  -1.563   0.0   0.0  646
10.350  645.0 -90  57  66   1.563   0.0   0.0  651
10.350  665.0 -90  57  66  -1.563   0.0   0.0  668
10.350  670.0 -90  57  66   1.563   0.0   0.0  672
10.375  660.0 -90  57  66   1.563   0.0   0.0  665
10.375  662.5 -90  57  66  -1.563   0.0   0.0  667
10.375  665.0 -90  57  66  -1.563   0.0   0.0  668
10.375  667.5 -90  57  66  -1.563 270.0  30.0  672
10.375  700.0 -90  57  66   1.563   0.0   0.0  704
10.375  715.0 -90  57  66   1.563   0.0   0.0  720
10.400  710.0 -90  57  66  -1.563   0.0   0.0  715
10.400  712.5 -90  57  66   1.563   0.0   0.0  717
10.400  715.0 -90  57  69   1.563   0.0   0.0  719
10.400  717.5 -90  57  66   1.563   0.0   0.0  722
10.400  720.0 -90  57  69   1.563   0.0   0.0  723
10.400  722.5 -90  57  69  -1.563   0.0   0.0  726
10.400  742.5 -90  57  66  -1.563   0.0   0.0  746
10.400  747.5 -90  57  66   1.563   0.0   0.0  752
10.425  770.0 -90  57  66  -1.563   0.0   0.0  774
10.575  155.0 -90  57  66   1.563   0.0   0.0  155
10.575 1192.5 -90  57  66  -1.563   0.0   0.0 1205
10.675   82.5  90  60  69  -4.688   0.0   0.0   96
10.675   85.0  90  60  69  -4.688   0.0   0.0   72
10.675  205.0  90  60  69  -4.688   0.0   0.0  195
10.700 1050.0 -90  60  69   1.563 210.0  30.0 1041
10.700 1052.5 -90  60  69  -4.688   0.0   0.0 1048
10.775  747.5 -90  57  66  -4.688   0.0   0.0  735
10.850  272.5 -90  69  78   4.688   0.0   0.0  282
10.850  897.5 -90  69  78  -4.688   0.0   0.0  906
10.850 1260.0 -90  69  78   1.563   0.0   0.0 1272
10.850 1262.5 -90  69  78   1.563   0.0   0.0 1265
10.925  470.0  90  57  66   1.563   0.0   0.0  465
10.925  757.5  90  57  66  -4.688   0.0   0.0  745
10.950  112.5  90  57  66  -1.563   0.0   0.0  111
11.175   90.0  90  57  66  -1.563   0.0   0.0  103
11.200   90.0  90  57  66   1.563   0.0   0.0   91
11.275  155.0 -90  69  78  -4.688   0.0   0.0  163
11.300  125.0 -90  69  78  -1.563   0.0   0.0  117
11.375  512.5  90  69  78  -4.688   0.0   0.0  515
11.375  760.0  90  69  78  -4.688   0.0   0.0  750
11.425  670.0 -90  69  78  -1.563   0.0   0.0  674
11.525  110.0 -90  69  78  -4.688   0.0   0.0  113
11.600 1272.5  90  78  87  -1.563   0.0   0.0 1281
11.650 1100.0  90  60  69   1.563   0.0   0.0 1099
11.800  302.5  90  63  72   4.688   0.0   0.0  288
11.800  305.0  90  63  72   4.688   0.0   0.0  298
11.975  675.0  90  69  78  -1.563   0.0   0.0  674
11.975  682.5  90  69  78   1.563   0.0   0.0  681
12.000 1040.0  90  69  78  -4.688   0.0   0.0 1037
12.000 1042.5  90  69  78   4.688   0.0   0.0 1057
12.000 1045.0  90  69  78  -1.563  30.0  30.0 1048
12.000 1047.5  90  69  78   4.688   0.0   0.0 1058
12.000 1050.0  90  69  78  -1.563  30.0  30.0 1056
12.000 1052.5  90  69  81  -4.688  30.0  30.0 1049
12.000 1055.0  90  69  78  -4.688   0.0   0.0 1049
12.000 1057.5  90  69  78   4.688  30.0  30.0 1072
12.000 1060.0  90  69  78  -4.688  30.0  30.0 1068
12.000 1062.5  90  69  78   4.688  30.0  30.0 1070
12.125   87.5 -90  75  84  -1.563 150.0  30.0   74
12.125   90.0 -90  75  84   1.563 150.0  30.0   78
12.125   92.5 -90  75  84  -1.563 150.0  30.0   85
12.125  120.0 -90  75  84  -1.563   0.0   0.0  115
12.125  297.5 -90  75  84   1.563 150.0  30.0  297
12.125  590.0 -90  75  84  -1.563 150.0  30.0  593
12.125  602.5 -90  75  84  -1.563 330.0  30.0  605
12.200  357.5  90  72  81  -1.563   0.0   0.0  347
12.200  372.5  90  72  81   1.563 330.0  30.0  386
12.200  375.0  90  72  81   1.563 330.0  30.0  388
12.200  890.0  90  72  81  -1.563 330.0  30.0  875
12.200  902.5  90  72  81   1.563 330.0  30.0  905
12.200  872.5 -90  72  81   1.563 330.0  30.0  868
12.200  890.0 -90  72  81  -1.563 150.0  30.0  890
12.200  917.5 -90  72  81  -1.563   0.0   0.0  921
12.825 1145.0  90  69  78   1.563   0.0   0.0 1155
12.825  655.0 -90  69  78   1.563   0.0   0.0  652
12.850  115.0  90  78  87  -1.563   0.0   0.0  123
12.850 1207.5  90  78  87  -4.688 150.0  30.0 1213
12.875 1242.5  90  84  93  -1.563   0.0   0.0 1248
12.900  142.5 -90  84  93  -1.563 150.0  30.0  131
12.950  322.5 -90  87  96  -1.563 150.0  30.0  309
12.950  325.0 -90  87  96  -1.563 150.0  30.0  339
12.950  380.0 -90  87  96  -1.563  90.0  30.0  370
12.950  382.5 -90  87  96  -1.563  90.0  30.0  371
12.950  385.0 -90  87  96  -1.563  90.0  30.0  370
12.975  717.5  90  84  93  -1.563 330.0  30.0  706
13.575 1222.5  90  66  75  -1.563   0.0   0.0 1235
13.600  100.0  90  66  75  -1.563   0.0   0.0  106
13.650  350.0  90  66  75  -4.688   0.0   0.0  362
13.675  232.5  90  66  75   4.688   0.0   0.0  219
13.725  115.0  90  78  87   4.688  90.0  30.0  101
13.725  307.5  90  78  87  -1.563  90.0  30.0  311
13.725  310.0  90  78  87   1.563  90.0  30.0  315
13.725  312.5  90  78  87   4.688  90.0  30.0  309
13.725  315.0  90  78  87  -4.688  90.0  30.0  318
13.725  317.5  90  78  87  -1.563  90.0  30.0  324
13.725  320.0  90  78  87   1.563  90.0  30.0  330
13.725  322.5  90  78  87   4.688  90.0  30.0  324
13.725  325.0  90  78  87  -4.688  90.0  30.0  331
13.725  327.5  90  78  90  -1.563  90.0  30.0  334
13.725  330.0  90  78  87   1.563  90.0  30.0  327
13.725  332.5  90  78  87   4.688  90.0  30.0  322
13.725  335.0  90  78  87  -4.688  90.0  30.0  324
13.725  337.5  90  78  87  -1.563  90.0  30.0  334
13.725  340.0  90  78  87   4.688  90.0  30.0  343
13.725  342.5  90  78  87  -4.688  90.0  30.0  342
13.725  345.0  90  78  90  -1.563  90.0  30.0  349
13.725  347.5  90  78  90   1.563  90.0  30.0  353
13.725  350.0  90  78  87   1.563  90.0  30.0  348
13.725  355.0  90  78  87  -1.563  90.0  30.0  361
13.725  707.5  90  78  87  -1.563  90.0  30.0  709
13.725  752.5  90  78  87   1.563  90.0  30.0  747
13.725  755.0  90  78  87  -1.563  90.0  30.0  750
13.725  757.5  90  78  87  -4.688  90.0  30.0  751
13.725  760.0  90  78  87   1.563  90.0  30.0  751
13.725  762.5  90  78  87  -1.563  90.0  30.0  756
13.725 1035.0  90  78  87   1.563  90.0  30.0 1028
13.725 1042.5  90  78  87   4.688  90.0  30.0 1032
13.725 1045.0  90  78  87   1.563  90.0  30.0 1036
13.725 1052.5  90  78  87   4.688  90.0  30.0 1043
13.725 1055.0  90  78  87   1.563  90.0  30.0 1045
13.725  285.0 -90  78  87  -1.563  90.0  30.0  297
13.725  317.5 -90  78  87   1.563  90.0  30.0  316
13.725  320.0 -90  78  87  -1.563  90.0  30.0  322
13.725  327.5 -90  78  87   4.688  90.0  30.0  336
13.725  330.0 -90  78  87   1.563  90.0  30.0  326
13.725  332.5 -90  78  87  -1.563  90.0  30.0  334
13.725 1057.5 -90  78  87   1.563  90.0  30.0 1064
13.725 1060.0 -90  78  87   4.688  90.0  30.0 1065
13.725 1062.5 -90  78  87  -4.688  90.0  30.0 1069
13.725 1070.0 -90  78  87   4.688  90.0  30.0 1065
13.725 1072.5 -90  78  87  -1.563  90.0  30.0 1062
13.725 1075.0 -90  78  87   4.688  90.0  30.0 1060
13.725 1077.5 -90  78  87   4.688  90.0  30.0 1086
13.750  115.0  90  75  84  -1.563  90.0  30.0  105
13.750  135.0  90  75  84   4.688  90.0  30.0  129
13.750  347.5  90  75  84  -4.688  90.0  30.0  348
13.750  355.0  90  75  84   1.563  90.0  30.0  340
13.750  357.5  90  75  84  -1.563  90.0  30.0  353
13.750  360.0  90  75  84  -1.563  90.0  30.0  353
13.750  362.5  90  75  84   4.688  90.0  30.0  370
13.750  365.0  90  75  84   4.688  90.0  30.0  376
13.750  367.5  90  75  84   1.563  90.0  30.0  354
13.750  370.0  90  75  84   1.563  90.0  30.0  357
13.750  372.5  90  75  84  -4.688  90.0  30.0  378
13.750  857.5  90  75  84  -4.688  90.0  30.0  846
13.750  865.0  90  75  84  -4.688  90.0  30.0  853
13.750  875.0  90  75  84  -1.563  90.0  30.0  886
13.750 1102.5  90  75  84   1.563  90.0  30.0 1102
13.750 1105.0  90  75  84   4.688  90.0  30.0 1101
13.750 1107.5  90  75  84  -4.688  90.0  30.0 1101
13.750 1115.0  90  75  84   4.688  90.0  30.0 1107
13.750 1117.5  90  75  84  -4.688  90.0  30.0 1109
13.750 1125.0  90  75  84   4.688  90.0  30.0 1123
13.750 1127.5  90  75  84  -4.688  90.0  30.0 1121
13.750  845.0 -90  69  78   1.563  90.0  30.0  838
13.750  847.5 -90  69  78  -1.563  90.0  30.0  848
13.750  850.0 -90  69  78  -4.688 210.0  30.0  852
13.750  852.5 -90  69  78   4.688 210.0  30.0  857
13.750  855.0 -90  69  78  -1.563  90.0  30.0  856
13.750  857.5 -90  69  78  -4.688 210.0  30.0  862
13.750  865.0 -90  69  78   4.688  90.0  30.0  877
13.750  867.5 -90  69  78   1.563  90.0  30.0  878
13.750  885.0 -90  69  78  -4.688  90.0  30.0  880
13.750 1030.0 -90  69  78  -4.688  90.0  30.0 1027
13.750 1037.5 -90  69  78  -4.688  90.0  30.0 1037
13.750 1040.0 -90  69  78   1.563  90.0  30.0 1053
13.750 1047.5 -90  69  78  -1.563  90.0  30.0 1038
13.750 1050.0 -90  69  78  -4.688  90.0  30.0 1052
13.750 1077.5 -90  69  78  -4.688  90.0  30.0 1071
13.750 1080.0 -90  69  78   4.688  90.0  30.0 1087
13.750 1087.5 -90  69  78  -1.563  90.0  30.0 1082
13.750 1090.0 -90  69  78  -4.688  90.0  30.0 1092
13.750 1092.5 -90  69  78  -4.688  90.0  30.0 1093
13.750 1095.0 -90  69  78   4.688  90.0  30.0 1102
13.750 1097.5 -90  69  78   4.688  90.0  30.0 1109
13.750 1100.0 -90  69  78   4.688  90.0  30.0 1110
13.750 1102.5 -90  69  78  -1.563  90.0  30.0 1093
13.750 1105.0 -90  69  78  -4.688  90.0  30.0 1108
13.750 1107.5 -90  69  78  -4.688  90.0  30.0 1109
13.750 1112.5 -90  69  78   4.688  90.0  30.0 1122
13.750 1115.0 -90  69  78  -1.563 210.0  30.0 1106
13.750 1117.5 -90  69  78   4.688  90.0  30.0 1127
13.750 1120.0 -90  69  78   4.688  90.0  30.0 1129
13.750 1125.0 -90  69  78  -4.688  90.0  30.0 1126
13.750 1127.5 -90  69  78  -4.688  90.0  30.0 1130
13.750 1130.0 -90  69  78   4.688  90.0  30.0 1138
13.750 1135.0 -90  69  78   1.563  90.0  30.0 1120
13.750 1145.0 -90  69  78  -4.688  90.0  30.0 1146
13.800 1095.0 -90  66  75   1.563   0.0   0.0 1103
13.825  565.0 -90  66  75  -1.563   0.0   0.0  569
13.825 1120.0 -90  66  75   1.563   0.0   0.0 1110
13.850  865.0  90  66  75   4.688   0.0   0.0  857
13.850 1250.0  90  66  75  -1.563   0.0   0.0 1253
13.875  250.0 -90  66  75   4.688   0.0   0.0  247
13.900  702.5  90  66  75  -1.563   0.0   0.0  697
13.925  190.0  90  66  75   4.688   0.0   0.0  183
13.925  495.0  90  66  75  -1.563   0.0   0.0  508
13.925  595.0  90  66  75   1.563   0.0   0.0  597
13.950  897.5  90  66  75  -4.688   0.0   0.0  892
14.100  145.0  90  66  75   1.563   0.0   0.0  140
14.100  645.0 -90  66  75   4.688   0.0   0.0  644
14.100  892.5 -90  66  75  -1.563   0.0   0.0  891
14.125  887.5  90  66  75   4.688   0.0   0.0  898
14.150 1030.0  90  66  75  -1.563   0.0   0.0 1033
14.250  337.5 -90  66  75  -1.563   0.0   0.0  331
14.275 1005.0 -90  66  75  -1.563   0.0   0.0 1017
14.275 1265.0 -90  66  75   4.688   0.0   0.0 1277
14.300  457.5  90  66  75  -4.688   0.0   0.0  470
14.450  225.0 -90  66  75   1.563   0.0   0.0  212
14.450  917.5 -90  66  75  -4.688   0.0   0.0  927
14.475  222.5  90  69  78   4.688   0.0   0.0  234
14.500  330.0  90  69  78   4.688   0.0   0.0  339
14.500  492.5 -90  66  75  -1.563   0.0   0.0  493
14.500  605.0 -90  66  75   1.563   0.0   0.0  613
14.500 1010.0 -90  66  75   1.563   0.0   0.0 1020
14.500 1262.5 -90  66  75  -4.688   0.0   0.0 1265
14.525 1110.0 -90  69  78   1.563   0.0   0.0 1110
14.675  120.0 -90  66  75   4.688   0.0   0.0  133
14.675  595.0 -90  66  75   4.688   0.0   0.0  603
14.675  627.5 -90  66  75   1.563   0.0   0.0  632
14.725  705.0  90  69  78  -1.563   0.0   0.0  703
14.750  907.5  90  69  78   1.563   0.0   0.0  916
14.750  435.0 -90  69  78  -4.688   0.0   0.0  426
14.775  790.0 -90  69  78   4.688   0.0   0.0  787
14.800  215.0  90  69  78  -1.563   0.0   0.0  225
14.800 1050.0  90  69  78  -1.563   0.0   0.0 1038
14.800 1082.5  90  69  78   1.563   0.0   0.0 1094
14.800 1135.0  90  69  78   1.563   0.0   0.0 1134
14.800  330.0 -90  69  78  -1.563   0.0   0.0  341
14.825 1195.0  90  69  78  -1.563   0.0   0.0 1204
14.825  830.0 -90  69  78   1.563   0.0   0.0  832
14.825 1020.0 -90  69  78   4.688   0.0   0.0 1035
14.825 1185.0 -90  69  78   4.688   0.0   0.0 1187
14.850  195.0  90  69  78  -4.688   0.0   0.0  188
14.850  267.5  90  69  78  -4.688   0.0   0.0  254
14.875 1105.0  90  69  78  -4.688   0.0   0.0 1093
14.925  415.0 -90  69  78  -1.563   0.0   0.0  406
15.050  657.5 -90  69  78  -1.563   0.0   0.0  672
15.075  437.5  90  69  78  -4.688   0.0   0.0  433
15.075  470.0 -90  69  78   4.688   0.0   0.0  473
15.100  297.5  90  69  78  -4.688   0.0   0.0  310
15.100  460.0  90  69  78  -4.688   0.0   0.0  456
15.100   92.5 -90  69  78  -4.688   0.0   0.0   99
15.100  300.0 -90  69  78  -1.563   0.0   0.0  315
15.150  867.5 -90  69  78  -4.688   0.0   0.0  879
15.150 1087.5 -90  69  78  -4.688   0.0   0.0 1087
15.175 1250.0  90  69  78  -4.688   0.0   0.0 1248
15.175  710.0 -90  69  78  -1.563   0.0   0.0  710
15.175 1242.5 -90  69  78   4.688   0.0   0.0 1256
15.200 1147.5  90  69  78   1.563   0.0   0.0 1144
15.200 1250.0 -90  69  78   1.563   0.0   0.0 1243
15.225  475.0  90  69  78  -1.563   0.0   0.0  474
15.225  440.0 -90  69  78  -4.688   0.0   0.0  439
15.275  707.5 -90  72  81  -1.563   0.0   0.0  704
15.275 1250.0 -90  72  81  -4.688   0.0   0.0 1255
15.275 1282.5 -90  72  81   1.563   0.0   0.0 1269
15.375  542.5 -90  72  81  -1.563   0.0   0.0  535
15.425 1022.5 -90  72  81   4.688   0.0   0.0 1030
15.650  555.0  90  69  78   1.563   0.0   0.0  566
15.650  785.0  90  69  78   1.563   0.0   0.0  799
15.650  910.0  90  69  78   1.563   0.0   0.0  911
15.650 1122.5  90  69  78  -4.688   0.0   0.0 1132
15.650  542.5 -90  69  78  -1.563   0.0   0.0  557
15.650  837.5 -90  69  78   4.688   0.0   0.0  843
15.675  210.0  90  75  84   4.688   0.0   0.0  216
15.675  932.5  90  75  84   4.688   0.0   0.0  931
15.675  212.5 -90  75  84  -1.563   0.0   0.0  208
15.675  237.5 -90  75  84  -4.688   0.0   0.0  236
15.675  245.0 -90  75  84  -4.688   0.0   0.0  255
15.675 1010.0 -90  75  84   4.688   0.0   0.0 1007
15.700  185.0  90  75  84   4.688   0.0   0.0  186
15.700  192.5  90  75  84  -4.688   0.0   0.0  186
15.700  212.5  90  75  84   1.563   0.0   0.0  198
15.700  240.0  90  75  84  -4.688   0.0   0.0  234
15.700  252.5  90  75  84   4.688   0.0   0.0  242
15.700  255.0  90  75  84   4.688   0.0   0.0  261
15.700  292.5  90  75  84   4.688   0.0   0.0  288
15.700 1060.0  90  75  84  -4.688   0.0   0.0 1049
15.725 1037.5 -90  78  87  -4.688   0.0   0.0 1050
15.750  105.0  90  75  84   1.563   0.0   0.0   99
15.750  230.0  90  75  84   4.688   0.0   0.0  234
15.750  317.5  90  75  84   4.688   0.0   0.0  321
15.750  887.5  90  75  87   1.563   0.0   0.0  883
15.750  942.5  90  75  84   1.563   0.0   0.0  948
15.775   80.0 -90  78  87   4.688   0.0   0.0   84
15.775  242.5 -90  78  87  -4.688   0.0   0.0  247
15.775  255.0 -90  78  87   1.563   0.0   0.0  241
15.825  147.5  90  75  84  -4.688   0.0   0.0  147
15.825  370.0  90  75  84  -1.563   0.0   0.0  373
15.825  925.0  90  75  84  -1.563   0.0   0.0  924
15.825 1092.5  90  75  84  -4.688   0.0   0.0 1093
15.825  305.0 -90  78  87   1.563   0.0   0.0  315
15.825  410.0 -90  78  87   1.563   0.0   0.0  398
15.925  105.0  90  75  84   4.688   0.0   0.0  108
15.925  147.5  90  75  84  -4.688   0.0   0.0  150
15.925  792.5  90  75  84   4.688   0.0   0.0  802
15.925  842.5  90  75  84   1.563   0.0   0.0  832
15.925  922.5  90  75  84  -4.688   0.0   0.0  920
15.950  202.5  90  75  84   4.688   0.0   0.0  199
15.950  242.5  90  75  84   1.563   0.0   0.0  248
15.950  250.0  90  75  84   1.563   0.0   0.0  248
15.950  255.0  90  75  87  -1.563   0.0   0.0  244
15.950  265.0  90  75  84   4.688   0.0   0.0  278
15.950  282.5  90  75  84   1.563   0.0   0.0  279
15.950  290.0  90  75  84   1.563   0.0   0.0  281
15.950  517.5  90  75  84  -4.688   0.0   0.0  516
15.950  842.5  90  75  84   1.563   0.0   0.0  857
15.950  130.0 -90  75  84   4.688   0.0   0.0  137
15.950  852.5 -90  75  84   1.563   0.0   0.0  844
15.950  940.0 -90  75  84  -4.688   0.0   0.0  950
15.950 1122.5 -90  75  84   4.688   0.0   0.0 1124
15.975 1007.5  90  78  87  -1.563   0.0   0.0  999
15.975 1010.0  90  78  90  -1.563   0.0   0.0 1019
15.975 1062.5  90  78  87  -4.688   0.0   0.0 1056
16.000  267.5  90  78  87   1.563   0.0   0.0  261
16.000  887.5  90  78  87  -1.563   0.0   0.0  877
16.000  250.0 -90  78  87   4.688   0.0   0.0  264
16.000  360.0 -90  78  87   1.563   0.0   0.0  371
16.025  965.0  90  78  87  -4.688   0.0   0.0  976
16.025 1010.0  90  78  87  -1.563   0.0   0.0 1023
16.025  267.5 -90  78  87   1.563   0.0   0.0  266
16.025  270.0 -90  78  87   1.563   0.0   0.0  260
16.025  292.5 -90  78  87   4.688   0.0   0.0  306
16.025  372.5 -90  78  87   4.688   0.0   0.0  360
16.025 1022.5 -90  78  87   4.688   0.0   0.0 1022
16.025 1072.5 -90  78  87  -1.563   0.0   0.0 1087
16.025 1100.0 -90  78  87  -4.688   0.0   0.0 1096
16.050   92.5  90  78  87   4.688   0.0   0.0   84
16.050 1030.0  90  78  87  -4.688   0.0   0.0 1033
16.050 1097.5  90  78  87  -4.688   0.0   0.0 1099
16.050 1100.0  90  78  87  -1.563   0.0   0.0 1093
16.075  312.5 -90  78  87  -1.563   0.0   0.0  306
16.075  987.5 -90  78  87  -4.688   0.0   0.0  978
16.075 1005.0 -90  78  87   1.563   0.0   0.0  998
16.075 1022.5 -90  78  87  -4.688   0.0   0.0 1030
16.075 1030.0 -90  78  87  -1.563   0.0   0.0 1044
16.075 1040.0 -90  78  87  -4.688   0.0   0.0 1038
16.075 1045.0 -90  78  87  -1.563   0.0   0.0 1053
16.075 1055.0 -90  78  87   1.563   0.0   0.0 1050
16.075 1070.0 -90  78  87   4.688   0.0   0.0 1069
16.075 1080.0 -90  78  87  -4.688   0.0   0.0 1089
16.075 1085.0 -90  78  87  -1.563   0.0   0.0 1090
16.075 1092.5 -90  78  87   1.563   0.0   0.0 1094
16.075 1110.0 -90  78  87  -4.688   0.0   0.0 1099
16.075 1127.5 -90  78  87   1.563   0.0   0.0 1120
16.100  267.5  90  78  87  -1.563   0.0   0.0  266
16.100  867.5  90  78  87   1.563   0.0   0.0  859
16.100  912.5  90  78  87   4.688   0.0   0.0  918
16.100  297.5 -90  81  90   1.563   0.0   0.0  299
16.100  317.5 -90  81  90  -4.688   0.0   0.0  310
16.100  320.0 -90  81  90  -1.563   0.0   0.0  323
16.125 1092.5 -90  78  87  -4.688   0.0   0.0 1089
16.150  132.5 -90  78  87   1.563   0.0   0.0  144
16.150  830.0 -90  78  87  -1.563   0.0   0.0  818
16.150  862.5 -90  78  87   4.688   0.0   0.0  868
16.150  877.5 -90  78  87   1.563   0.0   0.0  866
16.150  885.0 -90  78  87  -1.563   0.0   0.0  871
16.150  887.5 -90  78  87  -4.688   0.0   0.0  902
16.150  912.5 -90  78  87  -1.563   0.0   0.0  912
16.150  922.5 -90  78  87  -4.688   0.0   0.0  915
16.150  930.0 -90  78  87  -4.688   0.0   0.0  927
16.225  297.5 -90  78  87   4.688   0.0   0.0  285
16.225 1082.5 -90  78  87  -1.563   0.0   0.0 1088
16.275 1112.5 -90  78  87   4.688   0.0   0.0 1108
16.325  782.5  90  78  87   1.563   0.0   0.0  794
16.325 1150.0  90  78  87  -1.563   0.0   0.0 1163
16.325 1027.5 -90  78  87   4.688   0.0   0.0 1013
16.325 1052.5 -90  78  87  -4.688   0.0   0.0 1045
16.350  150.0 -90  78  87  -1.563   0.0   0.0  156
16.350 1095.0 -90  78  87  -4.688   0.0   0.0 1083
16.350 1135.0 -90  78  87  -4.688   0.0   0.0 1136
16.375  507.5 -90  78  87   4.688   0.0   0.0  518
16.375  650.0 -90  78  87   4.688   0.0   0.0  652
16.375 1145.0 -90  78  87   4.688   0.0   0.0 1154
16.400  115.0 -90  78  87   4.688   0.0   0.0  121
16.475  950.0  90  78  87  -4.688   0.0   0.0  951
16.500  197.5  90  78  87  -1.563   0.0   0.0  194
16.500  100.0 -90  75  84   4.688   0.0   0.0   97
16.500  385.0 -90  75  84  -4.688   0.0   0.0  374
16.500  472.5 -90  75  84   4.688   0.0   0.0  483
16.500  490.0 -90  75  84  -1.563   0.0   0.0  505
16.500  862.5 -90  75  84  -1.563   0.0   0.0  874
16.500  890.0 -90  75  84   4.688   0.0   0.0  898
16.500 1145.0 -90  75  84   1.563   0.0   0.0 1146
16.525 1022.5  90  78  87   1.563   0.0   0.0 1032
16.525  522.5 -90  75  84   4.688   0.0   0.0  529
16.525  575.0 -90  75  84   1.563   0.0   0.0  576
16.525  612.5 -90  75  84   4.688   0.0   0.0  617
16.525  760.0 -90  75  84   4.688   0.0   0.0  749
16.575 1015.0  90  78  87   4.688   0.0   0.0 1008
16.575 1017.5  90  78  87  -4.688   0.0   0.0 1031
16.600 1237.5 -90  78  87  -4.688   0.0   0.0 1236
16.625 1035.0 -90  78  87  -4.688   0.0   0.0 1029
16.675 1127.5  90  78  87   4.688   0.0   0.0 1119
16.725  592.5 -90  78  87   1.563   0.0   0.0  597
16.750  605.0 -90  78  87   4.688   0.0   0.0  606
16.800  617.5 -90  78  87   1.563   0.0   0.0  611
16.825  570.0 -90  78  87   1.563   0.0   0.0  578
16.850  727.5  90  78  87  -4.688   0.0   0.0  739
16.875 1177.5  90  78  87   4.688   0.0   0.0 1180
16.875 1180.0  90  78  87  -1.563   0.0   0.0 1175
16.875 1255.0  90  78  87  -4.688   0.0   0.0 1262
16.875  457.5 -90  78  87  -4.688   0.0   0.0  447
16.875 1215.0 -90  78  87   1.563   0.0   0.0 1208
16.875 1270.0 -90  78  87  -4.688   0.0   0.0 1263
16.900  722.5  90  78  87   4.688   0.0   0.0  721
16.900 1247.5  90  78  87   1.563   0.0   0.0 1244
16.900  410.0 -90  78  87   1.563   0.0   0.0  414
16.900  902.5 -90  78  87   1.563   0.0   0.0  910
16.925  222.5  90  78  87   1.563   0.0   0.0  224
16.925  447.5  90  78  87  -1.563   0.0   0.0  445
16.925  720.0  90  78  87   4.688   0.0   0.0  717
16.925  722.5  90  78  87  -4.688   0.0   0.0  715
16.925  775.0  90  78  87  -1.563   0.0   0.0  783
16.975  485.0  90  78  87   1.563   0.0   0.0  483
16.975 1092.5  90  78  87   4.688   0.0   0.0 1099
16.975  620.0 -90  78  87   4.688   0.0   0.0  616
