2024.06.28 (180) 00:00:00.000
Station name: Jeju
URSI code: JJ433
Ionosonde model: DPS-4D
  Freq  Range Pol MPA Amp Doppler    Az    Zn  PGH
 2.000  127.5  90  63  72  -4.688  30.0  30.0  131
 2.000  130.0 -90  63  72  -4.688   0.0   0.0  124
 2.000  132.5 -90  63  72  -1.563   0.0   0.0  147
 2.000  235.0 -90  63  72  -1.563   0.0   0.0  236
 2.000  260.0 -90  63  72   1.563   0.0   0.0  272
 2.025   82.5  90  63  72  -1.563 330.0  30.0   83
 2.125   80.0  90  60  69   1.563 270.0  30.0   74
 2.125   95.0  90  60  69   4.688   0.0   0.0   93
 2.125   97.5  90  60  72   1.563   0.0   0.0   99
 2.125  517.5  90  60  69   1.563 270.0  30.0  515
 2.125  690.0  90  60  69   1.563   0.0   0.0  690
 2.125  722.5  90  60  69   1.563  30.0  30.0  725
 2.125  725.0  90  60  69   4.688  30.0  30.0  723
 2.125  940.0  90  60  69   4.688  30.0  30.0  953
 2.125 1002.5  90  60  69   1.563 330.0  30.0  990
 2.125  700.0 -90  60  69  -4.688 330.0  30.0  700
 2.125  885.0 -90  60  69   4.688 330.0  30.0  894
 2.125 1160.0 -90  60  69   1.563 330.0  30.0 1162
 2.175 1242.5  90  63  72   1.563   0.0   0.0 1243
 2.175  480.0 -90  63  72   1.563 330.0  30.0  485
 2.175  880.0 -90  63  72  -1.563   0.0   0.0  885
 2.225 1185.0  90  63  72   4.688   0.0   0.0 1185
 2.250   97.5  90  63  72   1.563   0.0   0.0  104
 2.250  982.5 -90  60  69  -1.563   0.0   0.0  997
 2.250 1020.0 -90  60  69   4.688   0.0   0.0 1032
 2.300  162.5  90  75  84  -4.688   0.0   0.0  168
 2.325   97.5  90  72  81  -1.563   0.0   0.0  103
 2.325  100.0  90  72  81  -1.563   0.0   0.0  104
 2.325  577.5  90  72  81  -1.563   0.0   0.0  589
 2.350   97.5  90  72  81   1.563 210.0  30.0  103
 2.350  700.0  90  72  81   1.563 330.0  30.0  686
 2.400   97.5  90  72  81   1.563   0.0   0.0  103
 2.400  100.0  90  72  84   1.563   0.0   0.0  102
 2.425   97.5  90  72  81  -1.563 150.0  30.0  101
 2.425  100.0  90  72  81   1.563   0.0   0.0  101
 2.450  100.0  90  75  87  -1.563   0.0   0.0  105
 2.475  100.0  90  75  87  -1.563   0.0   0.0  106
 2.500   97.5  90  72  81   1.563  90.0  30.0  102
 2.500  100.0  90  72  87   1.563 150.0  30.0  104
 2.525  100.0  90  63  78   1.563   0.0   0.0  103
 2.550  100.0  90  63  78   1.563   0.0   0.0  104
 2.575  100.0  90  63  78  -1.563   0.0   0.0  106
 2.600  100.0  90  63  75   1.563   0.0   0.0  104
 2.625  100.0  90  63  78  -1.563   0.0   0.0  105
 2.650  100.0  90  63  78  -1.563   0.0   0.0  104
 2.675  100.0  90  75  90   1.563   0.0   0.0  105
 2.700  100.0  90  75  90   1.563   0.0   0.0  104
 2.700  102.5  90  75  84  -1.563   0.0   0.0  105
 2.725  100.0  90  63  78  -1.563   0.0   0.0  103
 2.725  102.5  90  63  72  -1.563   0.0   0.0  105
 2.725  317.5  90  63  72   1.563 270.0  30.0  319
 2.725  410.0  90  63  72   1.563 330.0  30.0  418
 2.725  460.0  90  63  72  -1.563 330.0  30.0  467
 2.725  462.5  90  63  72  -1.563   0.0   0.0  450
 2.725  600.0  90  63  72   4.688   0.0   0.0  587
 2.750  100.0  90  63  75   1.563   0.0   0.0  105
 2.775  100.0  90  72  84   1.563 150.0  30.0  105
 2.775  102.5  90  72  81  -1.563  90.0  30.0  105
 2.800  100.0  90  72  81  -1.563   0.0   0.0  107
 2.800  102.5  90  72  87   1.563   0.0   0.0  105
 2.825  100.0  90  72  84  -1.563   0.0   0.0  106
 2.825  102.5  90  72  90  -1.563   0.0   0.0  106
 2.825 1217.5  90  72  81  -4.688 270.0  30.0 1214
 2.825 1220.0  90  72  81  -4.688 330.0  30.0 1207
 2.850  100.0  90  75  87   1.563   0.0   0.0  107
 2.850  102.5  90  75  90   1.563   0.0   0.0  107
 2.850  705.0 -90  72  81  -4.688 270.0  30.0  718
 2.850  747.5 -90  72  81  -1.563 270.0  30.0  735
 2.875  100.0  90  75  87   1.563   0.0   0.0  106
 2.875  102.5  90  75  93   1.563   0.0   0.0  106
 2.900  100.0  90  72  84  -1.563   0.0   0.0  107
 2.900  102.5  90  72  90  -1.563   0.0   0.0  106
 2.925  100.0  90  72  84  -1.563   0.0   0.0  107
 2.925  102.5  90  72  90   1.563   0.0   0.0  105
 2.925  105.0  90  72  81   1.563   0.0   0.0  107
 2.950  100.0  90  72  81   1.563   0.0   0.0  107
 2.950  102.5  90  72  90   1.563   0.0   0.0  106
 2.950  105.0  90  72  81  -1.563 210.0  30.0  110
 2.975  100.0  90  60  69  -1.563   0.0   0.0  113
 2.975  102.5  90  60  81  -1.563   0.0   0.0  107
 3.000  102.5  90  60  78  -1.563   0.0   0.0  106
 3.000  105.0  90  60  75   1.563   0.0   0.0  109
 3.000  112.5  90  60  69   1.563   0.0   0.0  105
 3.025  102.5  90  72  90  -1.563   0.0   0.0  107
 3.025  105.0  90  72  87   1.563   0.0   0.0  108
 3.050  102.5  90  72  87   1.563   0.0   0.0  107
 3.050  105.0  90  72  84   1.563   0.0   0.0  107
 3.075  102.5  90  72  87  -1.563   0.0   0.0  108
 3.075  105.0  90  72  87  -1.563   0.0   0.0  108
 3.100  102.5  90  72  84   1.563   0.0   0.0  109
 3.100  105.0  90  72  87  -1.563   0.0   0.0  108
 3.125  102.5  90  72  81  -1.563   0.0   0.0  106
 3.125  105.0  90  72  87  -1.563   0.0   0.0  107
 3.125  322.5 -90  72  81  -4.688   0.0   0.0  308
 3.150  105.0  90  72  87   1.563   0.0   0.0  109
 3.150  280.0  90  72  81  -1.563   0.0   0.0  270
 3.150  285.0  90  72  81  -4.688   0.0   0.0  276
 3.150  760.0 -90  72  81   1.563   0.0   0.0  750
 3.150  782.5 -90  72  81   4.688   0.0   0.0  769
 3.175  105.0  90  72  90   1.563   0.0   0.0  109
 3.175  107.5  90  72  81  -1.563   0.0   0.0  111
 3.175 1247.5 -90  72  81   1.563 330.0  30.0 1236
 3.200  105.0  90  75  90   1.563   0.0   0.0  110
 3.225  105.0  90  72  87  -1.563   0.0   0.0  110
 3.225  107.5  90  72  87  -1.563   0.0   0.0  111
 3.225 1212.5 -90  75  84  -1.563 330.0  30.0 1215
 3.225 1215.0 -90  75  84  -1.563  30.0  30.0 1213
 3.225 1220.0 -90  75  84  -1.563  30.0  30.0 1221
 3.250  105.0  90  72  84   1.563   0.0   0.0  112
 3.250  107.5  90  72  90  -1.563   0.0   0.0  111
 3.275  105.0  90  75  84  -1.563   0.0   0.0  111
 3.275  107.5  90  75  90  -1.563   0.0   0.0  110
 3.300  107.5  90  72  90   1.563   0.0   0.0  112
 3.300  110.0  90  72  81   1.563   0.0   0.0  112
 3.300  705.0  90  72  81   4.688 330.0  30.0  701
 3.325  107.5  90  72  90  -1.563   0.0   0.0  112
 3.350  107.5  90  72  84  -1.563   0.0   0.0  113
 3.350  110.0  90  72  81  -1.563   0.0   0.0  111
 3.375  107.5  90  72  81   1.563   0.0   0.0  112
 3.375  110.0  90  72  81  -1.563   0.0   0.0  115
 3.375  852.5  90  72  81  -1.563 330.0  30.0  842
 3.400  110.0  90  75  84  -1.563   0.0   0.0  114
 3.425  112.5  90  75  84   1.563   0.0   0.0  115
 3.550 1055.0  90  75  84  -4.688 330.0  30.0 1057
 3.625 1220.0  90  72  81  -4.688 330.0  30.0 1206
 3.700 1115.0  90  72  81  -1.563 330.0  30.0 1128
 3.725  147.5  90  72  81   1.563   0.0   0.0  153
 3.725  770.0  90  72  81  -1.563 330.0  30.0  768
 3.750  145.0  90  72  81   1.563 150.0  30.0  149
 3.775  140.0  90  72  81   1.563   0.0   0.0  144
 3.775  142.5  90  72  84   1.563   0.0   0.0  146
 3.800  137.5  90  72  84  -1.563   0.0   0.0  142
 3.800  140.0  90  72  81   1.563   0.0   0.0  143
 3.825  135.0  90  72  84   1.563   0.0   0.0  139
 3.825  137.5  90  72  87   1.563   0.0   0.0  140
 3.850  132.5  90  72  84  -1.563   0.0   0.0  137
 3.850  135.0  90  72  87   1.563   0.0   0.0  138
 3.875  130.0  90  72  81   1.563   0.0   0.0  134
 3.875  132.5  90  72  90  -1.563   0.0   0.0  137
 3.875  135.0  90  72  84  -1.563   0.0   0.0  137
 3.900  130.0  90  75  87   1.563   0.0   0.0  136
 3.900  132.5  90  75  84  -1.563   0.0   0.0  136
 3.925  130.0  90  78  93   1.563   0.0   0.0  135
 3.925 1282.5  90  78  87   4.688 330.0  30.0 1289
 3.925  110.0 -90  81  90  -1.563 330.0  30.0  116
 3.925  145.0 -90  81  90  -4.688 330.0  30.0  153
 3.925  375.0 -90  81  90   4.688 330.0  30.0  360
 3.950  127.5  90  75  90   1.563   0.0   0.0  131
 3.950  130.0  90  75  90   1.563   0.0   0.0  134
 3.950  375.0 -90  75  84   4.688 330.0  30.0  368
 3.950  660.0 -90  75  84   1.563 330.0  30.0  665
 3.975  127.5  90  75  93  -1.563   0.0   0.0  132
 3.975  130.0  90  75  87   1.563   0.0   0.0  134
 4.000  125.0  90  72  81   1.563   0.0   0.0  132
 4.000  127.5  90  72  93   1.563   0.0   0.0  131
 4.000  107.5 -90  72  81   1.563 270.0  30.0  111
 4.025  125.0  90  72  84  -1.563   0.0   0.0  131
 4.025  127.5  90  72  90   1.563   0.0   0.0  131
 4.025  877.5 -90  72  87   1.563 210.0  30.0  879
 4.025  880.0 -90  72  81   4.688 210.0  30.0  891
 4.025  882.5 -90  72  81  -4.688 210.0  30.0  885
 4.025  885.0 -90  72  84   4.688 210.0  30.0  872
 4.025  887.5 -90  72  81   1.563 330.0  30.0  902
 4.025  900.0 -90  72  84   1.563 210.0  30.0  908
 4.025  902.5 -90  72  84  -1.563 210.0  30.0  897
 4.025  905.0 -90  72  81  -1.563 270.0  30.0  892
 4.025  907.5 -90  72  81  -1.563 210.0  30.0  918
 4.025  910.0 -90  72  84  -1.563 210.0  30.0  911
 4.025  925.0 -90  72  81  -4.688 330.0  30.0  914
 4.025  930.0 -90  72  84  -1.563 210.0  30.0  943
 4.025  932.5 -90  72  87   4.688 210.0  30.0  942
 4.025  935.0 -90  72  84   1.563 210.0  30.0  947
 4.025  942.5 -90  72  81  -1.563 330.0  30.0  945
 4.025  950.0 -90  72  81  -1.563 210.0  30.0  953
 4.050  125.0  90  72  87   1.563   0.0   0.0  130
 4.050  127.5  90  72  87   1.563   0.0   0.0  129
 4.075  125.0  90  75  90   1.563   0.0   0.0  129
 4.075  422.5  90  75  84  -4.688 150.0  30.0  412
 4.075  775.0  90  75  84  -4.688 150.0  30.0  770
 4.075  797.5  90  75  84   1.563 150.0  30.0  811
 4.075  800.0  90  75  84   1.563 150.0  30.0  814
 4.100  122.5  90  72  81   1.563   0.0   0.0  128
 4.100  125.0  90  72  93   1.563   0.0   0.0  129
 4.100  112.5 -90  72  81  -1.563   0.0   0.0  117
 4.125  122.5  90  72  87   1.563   0.0   0.0  128
 4.125  125.0  90  72  90   1.563   0.0   0.0  128
 4.150  122.5  90  72  90   1.563   0.0   0.0  128
 4.150  125.0  90  72  90  -1.563   0.0   0.0  128
 4.175  122.5  90  72  93   1.563   0.0   0.0  127
 4.175  125.0  90  72  87  -1.563   0.0   0.0  127
 4.200  122.5  90  72  93   1.563   0.0   0.0  127
 4.200  125.0  90  72  84   1.563   0.0   0.0  127
 4.225  120.0  90  72  81   1.563   0.0   0.0  128
 4.225  122.5  90  72  93  -1.563   0.0   0.0  126
 4.225  125.0  90  72  84  -1.563   0.0   0.0  125
 4.225  510.0  90  72  81  -4.688 330.0  30.0  509
 4.250  120.0  90  72  81   1.563   0.0   0.0  127
 4.250  122.5  90  72  93   1.563   0.0   0.0  126
 4.275  120.0  90  72  87   1.563   0.0   0.0  126
 4.275  122.5  90  72  93   1.563   0.0   0.0  126
 4.300  120.0  90  72  90   1.563   0.0   0.0  126
 4.300  122.5  90  72  96   1.563   0.0   0.0  126
 4.325  120.0  90  72  93   1.563   0.0   0.0  125
 4.325  122.5  90  72  93   1.563   0.0   0.0  125
 4.350  120.0  90  72  96  -1.563   0.0   0.0  125
 4.350  122.5  90  72  93   1.563   0.0   0.0  125
 4.375  120.0  90  72  96   1.563   0.0   0.0  125
 4.375  122.5  90  72  90   1.563   0.0   0.0  125
 4.400  120.0  90  72  99   1.563   0.0   0.0  124
 4.400  122.5  90  72  87   1.563   0.0   0.0  125
 4.425  117.5  90  72  84   1.563   0.0   0.0  123
 4.425  120.0  90  72  99   1.563   0.0   0.0  124
 4.425  122.5  90  72  87  -1.563   0.0   0.0  125
 4.425  235.0  90  72  81   1.563 330.0  30.0  233
 4.425  245.0  90  72  81   1.563   0.0   0.0  249
 4.450  117.5  90  75  84   1.563   0.0   0.0  124
 4.450  120.0  90  75  99   1.563   0.0   0.0  124
 4.450  242.5  90  75  84   1.563   0.0   0.0  247
 4.450  245.0  90  75  84   1.563   0.0   0.0  248
 4.450 1000.0 -90  78  87  -1.563  30.0  30.0  990
 4.450 1002.5 -90  78  87  -1.563  30.0  30.0  994
 4.450 1005.0 -90  78  87  -1.563  30.0  30.0  995
 4.475  117.5  90  72  87  -1.563   0.0   0.0  123
 4.475  120.0  90  72  99   1.563   0.0   0.0  124
 4.475  122.5  90  72  84  -1.563   0.0   0.0  124
 4.475  232.5  90  72  81   1.563 330.0  30.0  237
 4.475  242.5  90  72  81   1.563   0.0   0.0  248
 4.500  117.5  90  72  90   1.563   0.0   0.0  124
 4.500  120.0  90  72  99   1.563   0.0   0.0  124
 4.500  242.5  90  72  84  -1.563   0.0   0.0  247
 4.525  117.5  90  72  90   1.563   0.0   0.0  123
 4.525  120.0  90  72  99   1.563   0.0   0.0  123
 4.525  122.5  90  72  81  -1.563   0.0   0.0  126
 4.525  242.5  90  72  84  -1.563   0.0   0.0  246
 4.550  117.5  90  69  90   1.563   0.0   0.0  124
 4.550  120.0  90  69  96   1.563   0.0   0.0  123
 4.550  122.5  90  69  78   1.563 270.0  30.0  127
 4.550  242.5  90  69  84  -1.563   0.0   0.0  247
 4.550  142.5 -90  72  81  -1.563 270.0  30.0  145
 4.575  117.5  90  72  93  -1.563   0.0   0.0  123
 4.575  120.0  90  72  96   1.563   0.0   0.0  123
 4.575  242.5  90  72  81  -1.563   0.0   0.0  246
 4.600  117.5  90  72  93   1.563   0.0   0.0  123
 4.600  120.0  90  72  96   1.563   0.0   0.0  123
 4.600  242.5  90  72  81   1.563   0.0   0.0  245
 4.600  140.0 -90  72  81   1.563   0.0   0.0  145
 4.625  117.5  90  72  93   1.563   0.0   0.0  123
 4.625  120.0  90  72  93  -1.563   0.0   0.0  123
 4.625  240.0  90  72  84  -1.563   0.0   0.0  246
 4.625  242.5  90  72  81   1.563   0.0   0.0  244
 4.625  342.5  90  72  81  -1.563   0.0   0.0  347
 4.625  357.5  90  72  81   1.563   0.0   0.0  370
 4.625  362.5  90  72  81   4.688   0.0   0.0  376
 4.625  365.0  90  72  81   4.688 330.0  30.0  368
 4.625  372.5  90  72  81   1.563   0.0   0.0  366
 4.625  377.5  90  72  84   1.563  30.0  30.0  386
 4.625  385.0  90  72  81  -1.563   0.0   0.0  378
 4.625  387.5  90  72  81   4.688   0.0   0.0  398
 4.625  395.0  90  72  87   1.563  30.0  30.0  395
 4.625  397.5  90  72  81   1.563  30.0  30.0  412
 4.625  400.0  90  72  84  -4.688 330.0  30.0  404
 4.625  402.5  90  72  81  -4.688 330.0  30.0  417
 4.625  407.5  90  72  87  -4.688  30.0  30.0  403
 4.625  410.0  90  72  87  -1.563   0.0   0.0  423
 4.625  412.5  90  72  81  -4.688   0.0   0.0  418
 4.625  415.0  90  72  87   1.563   0.0   0.0  416
 4.625  417.5  90  72  81   1.563   0.0   0.0  431
 4.625  420.0  90  72  84   4.688   0.0   0.0  435
 4.625  422.5  90  72  81   4.688   0.0   0.0  437
 4.625  430.0  90  72  87  -4.688   0.0   0.0  426
 4.625  432.5  90  72  87  -1.563  30.0  30.0  438
 4.625  435.0  90  72  87   4.688   0.0   0.0  447
 4.625  437.5  90  72  81   1.563   0.0   0.0  449
 4.625  440.0  90  72  84  -1.563   0.0   0.0  453
 4.625  442.5  90  72  90  -1.563   0.0   0.0  455
 4.625  445.0  90  72  81   4.688  30.0  30.0  438
 4.625  447.5  90  72  84  -1.563   0.0   0.0  455
 4.625  450.0  90  72  90  -4.688   0.0   0.0  464
 4.625  455.0  90  72  81  -4.688   0.0   0.0  462
 4.625  457.5  90  72  81  -4.688   0.0   0.0  443
 4.625  460.0  90  72  87  -1.563   0.0   0.0  455
 4.625  467.5  90  72  90   1.563 330.0  30.0  466
 4.625  477.5  90  72  84   4.688 330.0  30.0  467
 4.625  480.0  90  72  84   4.688   0.0   0.0  473
 4.625  490.0  90  72  84   4.688 330.0  30.0  485
 4.625  137.5 -90  72  81  -1.563   0.0   0.0  141
 4.650  117.5  90  72  93   1.563   0.0   0.0  122
 4.650  120.0  90  72  90  -1.563   0.0   0.0  123
 4.650  240.0  90  72  84   1.563   0.0   0.0  246
 4.650  242.5  90  72  81   1.563   0.0   0.0  248
 4.650  342.5  90  72  87   1.563   0.0   0.0  347
 4.650  137.5 -90  72  81  -1.563   0.0   0.0  142
 4.675  117.5  90  72  93   1.563   0.0   0.0  122
 4.675  120.0  90  72  90   1.563   0.0   0.0  122
 4.675  240.0  90  72  84   1.563   0.0   0.0  245
 4.675  342.5  90  72  87  -1.563   0.0   0.0  347
 4.675  137.5 -90  72  84   1.563   0.0   0.0  141
 4.700  117.5  90  69  96   1.563   0.0   0.0  122
 4.700  120.0  90  69  90   1.563   0.0   0.0  122
 4.700  240.0  90  69  84  -1.563   0.0   0.0  245
 4.700  242.5  90  69  78  -1.563   0.0   0.0  244
 4.700  342.5  90  69  87  -1.563   0.0   0.0  348
 4.700  345.0  90  69  78   1.563   0.0   0.0  348
 4.700  135.0 -90  72  84   1.563   0.0   0.0  139
 4.725  117.5  90  72  99   1.563   0.0   0.0  122
 4.725  120.0  90  72  93   1.563   0.0   0.0  122
 4.725  240.0  90  72  84  -1.563   0.0   0.0  245
 4.725  342.5  90  72  87  -1.563   0.0   0.0  348
 4.725  345.0  90  72  81  -1.563   0.0   0.0  348
 4.725  135.0 -90  72  84   1.563   0.0   0.0  139
 4.750  117.5  90  72  99   1.563   0.0   0.0  122
 4.750  120.0  90  72  90   1.563   0.0   0.0  122
 4.750  342.5  90  72  84  -1.563   0.0   0.0  346
 4.750  345.0  90  72  84  -1.563   0.0   0.0  349
 4.750  132.5 -90  72  81   1.563   0.0   0.0  138
 4.750  135.0 -90  72  81   1.563   0.0   0.0  139
 4.775  117.5  90  72  99   1.563   0.0   0.0  122
 4.775  120.0  90  72  90   1.563   0.0   0.0  122
 4.775  345.0  90  72  84   1.563   0.0   0.0  350
 4.775  347.5  90  72  81   1.563   0.0   0.0  350
 4.775  132.5 -90  72  84  -1.563   0.0   0.0  136
 4.800  117.5  90  72  99   1.563   0.0   0.0  122
 4.800  120.0  90  72  90   1.563   0.0   0.0  121
 4.800  240.0  90  72  84   1.563   0.0   0.0  244
 4.800  347.5  90  72  81  -1.563   0.0   0.0  352
 4.800  132.5 -90  72  84   1.563   0.0   0.0  136
 4.825  117.5  90  72  99   1.563   0.0   0.0  122
 4.825  120.0  90  72  87  -1.563   0.0   0.0  122
 4.825  240.0  90  72  87   1.563   0.0   0.0  243
 4.825  130.0 -90  72  81   1.563   0.0   0.0  136
 4.825  132.5 -90  72  84   1.563   0.0   0.0  136
 4.850  115.0  90  72  81   1.563   0.0   0.0  121
 4.850  117.5  90  72  99   1.563   0.0   0.0  122
 4.850  120.0  90  72  87   1.563   0.0   0.0  122
 4.850  240.0  90  72  84  -1.563   0.0   0.0  242
 4.850  130.0 -90  72  84   1.563   0.0   0.0  135
 4.875  115.0  90  72  84   1.563   0.0   0.0  122
 4.875  117.5  90  72  99   1.563   0.0   0.0  122
 4.875  120.0  90  72  87   1.563   0.0   0.0  123
 4.875  237.5  90  72  81   1.563   0.0   0.0  242
 4.875  240.0  90  72  84   1.563   0.0   0.0  244
 4.875  130.0 -90  72  87   1.563   0.0   0.0  134
 4.900  115.0  90  72  84   1.563   0.0   0.0  122
 4.900  117.5  90  72  99   1.563   0.0   0.0  122
 4.900  120.0  90  72  84   1.563   0.0   0.0  122
 4.900  237.5  90  72  81   1.563   0.0   0.0  242
 4.900  240.0  90  72  84   1.563   0.0   0.0  242
 4.900  130.0 -90  72  84   1.563   0.0   0.0  135
 4.900  235.0 -90  72  81   1.563 330.0  30.0  245
 4.925  115.0  90  72  87   1.563   0.0   0.0  122
 4.925  117.5  90  72  99   1.563   0.0   0.0  121
 4.925  120.0  90  72  87  -1.563   0.0   0.0  120
 4.925  237.5  90  72  84  -1.563   0.0   0.0  240
 4.925  240.0  90  72  81  -1.563   0.0   0.0  241
 4.925  127.5 -90  72  81  -1.563   0.0   0.0  133
 4.925  130.0 -90  72  84   1.563   0.0   0.0  133
 4.925  235.0 -90  72  84   1.563 330.0  30.0  237
 4.950  115.0  90  72  87   1.563   0.0   0.0  121
 4.950  117.5  90  72  99   1.563   0.0   0.0  121
 4.950  120.0  90  72  84   1.563   0.0   0.0  121
 4.950  237.5  90  72  84   1.563   0.0   0.0  243
 4.950  127.5 -90  72  84   1.563   0.0   0.0  132
 4.950  130.0 -90  72  84   1.563   0.0   0.0  132
 4.950  235.0 -90  72  81   1.563 330.0  30.0  235
 4.975  115.0  90  72  87  -1.563   0.0   0.0  121
 4.975  117.5  90  72  99   1.563   0.0   0.0  121
 4.975  120.0  90  72  84   1.563   0.0   0.0  122
 4.975  235.0  90  72  81  -1.563 330.0  30.0  239
 4.975  237.5  90  72  81   1.563   0.0   0.0  243
 4.975  127.5 -90  72  87   1.563   0.0   0.0  132
 4.975  130.0 -90  72  81   1.563   0.0   0.0  133
 4.975  235.0 -90  72  84   1.563 330.0  30.0  236
 5.000  115.0  90  72  87   1.563   0.0   0.0  121
 5.000  117.5  90  72  99   1.563   0.0   0.0  121
 5.000  120.0  90  72  81   1.563   0.0   0.0  122
 5.000  235.0  90  72  84   1.563 330.0  30.0  242
 5.000  237.5  90  72  84   1.563   0.0   0.0  241
 5.000   80.0 -90  72  81  -1.563 330.0  30.0   92
 5.000  127.5 -90  72  87   1.563   0.0   0.0  131
 5.000  232.5 -90  72  81   1.563 330.0  30.0  234
 5.000  235.0 -90  72  81   1.563 330.0  30.0  236
 5.025  115.0  90  72  90   1.563   0.0   0.0  121
 5.025  117.5  90  72  96   1.563   0.0   0.0  121
 5.025  235.0  90  72  84  -1.563 330.0  30.0  241
 5.025  237.5  90  72  84   1.563   0.0   0.0  241
 5.025  125.0 -90  72  81   1.563   0.0   0.0  131
 5.025  127.5 -90  72  87  -1.563   0.0   0.0  131
 5.025  235.0 -90  72  84  -1.563 330.0  30.0  234
 5.050  115.0  90  72  90   1.563   0.0   0.0  121
 5.050  117.5  90  72  99   1.563   0.0   0.0  121
 5.050  235.0  90  72  84   1.563 330.0  30.0  239
 5.050  237.5  90  72  87   1.563   0.0   0.0  242
 5.050  240.0  90  72  84   1.563   0.0   0.0  242
 5.050  125.0 -90  72  84  -1.563   0.0   0.0  131
 5.050  127.5 -90  72  90   1.563   0.0   0.0  131
 5.050  232.5 -90  72  81  -1.563 330.0  30.0  239
 5.050  235.0 -90  72  84  -1.563 330.0  30.0  235
 5.075  115.0  90  72  93   1.563   0.0   0.0  121
 5.075  117.5  90  72  99   1.563   0.0   0.0  121
 5.075  120.0  90  72  84  -1.563   0.0   0.0  121
 5.075  235.0  90  72  84   1.563 270.0  30.0  237
 5.075  237.5  90  72  87   1.563   0.0   0.0  242
 5.075  240.0  90  72  81   1.563   0.0   0.0  242
 5.075  387.5  90  72  81  -1.563   0.0   0.0  393
 5.075  125.0 -90  72  87   1.563   0.0   0.0  130
 5.075  127.5 -90  72  87  -1.563   0.0   0.0  130
 5.075  235.0 -90  72  84  -1.563 330.0  30.0  234
 5.100  115.0  90  72  93  -1.563   0.0   0.0  121
 5.100  117.5  90  72 102   1.563   0.0   0.0  121
 5.100  120.0  90  72  84   1.563   0.0   0.0  122
 5.100  235.0  90  72  84   1.563 330.0  30.0  242
 5.100  237.5  90  72  81   1.563   0.0   0.0  242
 5.100  125.0 -90  72  90   1.563   0.0   0.0  130
 5.100  127.5 -90  72  87   1.563   0.0   0.0  130
 5.100  235.0 -90  72  87   1.563 330.0  30.0  236
 5.125  115.0  90  72  93   1.563   0.0   0.0  121
 5.125  117.5  90  72 102   1.563   0.0   0.0  121
 5.125  235.0  90  72  84   1.563 210.0  30.0  238
 5.125  237.5  90  72  81   1.563   0.0   0.0  241
 5.125  125.0 -90  72  93   1.563   0.0   0.0  130
 5.125  127.5 -90  72  87   1.563   0.0   0.0  130
 5.125  235.0 -90  72  84  -1.563 330.0  30.0  236
 5.150  115.0  90  72  93   1.563   0.0   0.0  121
 5.150  117.5  90  72  99   1.563   0.0   0.0  121
 5.150  235.0  90  72  84  -1.563  90.0  30.0  240
 5.150  125.0 -90  72  93   1.563   0.0   0.0  130
 5.150  127.5 -90  72  84  -1.563   0.0   0.0  130
 5.150  235.0 -90  72  84  -1.563 330.0  30.0  237
 5.175  115.0  90  72  96   1.563   0.0   0.0  120
 5.175  117.5  90  72  99   1.563   0.0   0.0  121
 5.175  235.0  90  72  81  -1.563 210.0  30.0  237
 5.175  122.5 -90  72  81  -1.563   0.0   0.0  129
 5.175  125.0 -90  72  96   1.563   0.0   0.0  129
 5.175  127.5 -90  72  81   1.563   0.0   0.0  130
 5.175  235.0 -90  72  87   1.563 330.0  30.0  237
 5.200  115.0  90  72  96   1.563   0.0   0.0  120
 5.200  117.5  90  72  99   1.563   0.0   0.0  121
 5.200  235.0  90  72  81   1.563 210.0  30.0  239
 5.200  270.0  90  72  81   1.563   0.0   0.0  276
 5.200  272.5  90  72  81  -1.563   0.0   0.0  277
 5.200  122.5 -90  72  81   1.563   0.0   0.0  129
 5.200  125.0 -90  72  96   1.563   0.0   0.0  129
 5.200  127.5 -90  72  81   1.563   0.0   0.0  127
 5.200  235.0 -90  72  81   1.563 330.0  30.0  238
 5.225  115.0  90  72  96   1.563   0.0   0.0  121
 5.225  117.5  90  72  99   1.563   0.0   0.0  121
 5.225  270.0  90  72  84  -1.563   0.0   0.0  276
 5.225  272.5  90  72  93  -1.563   0.0   0.0  278
 5.225  275.0  90  72  90  -1.563   0.0   0.0  279
 5.225  277.5  90  72  81  -1.563   0.0   0.0  280
 5.225  122.5 -90  72  87   1.563   0.0   0.0  128
 5.225  125.0 -90  72  96   1.563   0.0   0.0  129
 5.225  235.0 -90  72  81   1.563 330.0  30.0  236
 5.250  115.0  90  72  96   1.563   0.0   0.0  120
 5.250  117.5  90  72  96   1.563   0.0   0.0  120
 5.250  235.0  90  72  81  -1.563  90.0  30.0  239
 5.250  270.0  90  72  81  -1.563   0.0   0.0  277
 5.250  272.5  90  72  96  -1.563   0.0   0.0  278
 5.250  275.0  90  72  96  -1.563   0.0   0.0  280
 5.250  277.5  90  72  90  -1.563   0.0   0.0  281
 5.250  122.5 -90  72  90   1.563   0.0   0.0  128
 5.250  125.0 -90  72  96   1.563   0.0   0.0  128
 5.250  235.0 -90  72  81   1.563 330.0  30.0  231
 5.275  115.0  90  72  93   1.563   0.0   0.0  120
 5.275  117.5  90  72  96   1.563   0.0   0.0  120
 5.275  235.0  90  72  81  -1.563 330.0  30.0  241
 5.275  237.5  90  72  84   1.563   0.0   0.0  240
 5.275  272.5  90  72  90  -1.563   0.0   0.0  279
 5.275  277.5  90  72  96  -1.563   0.0   0.0  282
 5.275  280.0  90  72  84  -1.563   0.0   0.0  284
 5.275  122.5 -90  72  93   1.563   0.0   0.0  128
 5.275  125.0 -90  72  96   1.563   0.0   0.0  128
 5.275  235.0 -90  72  81  -1.563 330.0  30.0  238
 5.300  115.0  90  72  96   1.563   0.0   0.0  120
 5.300  117.5  90  72  93   1.563   0.0   0.0  120
 5.300  235.0  90  72  81   1.563 210.0  30.0  241
 5.300  237.5  90  72  87   1.563   0.0   0.0  240
 5.300  272.5  90  72  81   1.563   0.0   0.0  278
 5.300  275.0  90  72  93  -1.563   0.0   0.0  280
 5.300  277.5  90  72  93  -1.563   0.0   0.0  281
 5.300  280.0  90  72  87  -1.563   0.0   0.0  284
 5.300  122.5 -90  72  96   1.563   0.0   0.0  128
 5.300  125.0 -90  72  96   1.563   0.0   0.0  128
 5.300  235.0 -90  72  81   1.563 330.0  30.0  230
 5.325  115.0  90  72  93   1.563   0.0   0.0  120
 5.325  117.5  90  72  93   1.563   0.0   0.0  120
 5.325  235.0  90  72  81  -1.563  90.0  30.0  239
 5.325  237.5  90  72  84   1.563   0.0   0.0  240
 5.325  275.0  90  72  84  -1.563   0.0   0.0  282
 5.325  277.5  90  72  90  -1.563   0.0   0.0  282
 5.325  280.0  90  72  90  -1.563   0.0   0.0  284
 5.325  122.5 -90  72  96   1.563   0.0   0.0  127
 5.325  125.0 -90  72  96   1.563   0.0   0.0  127
 5.325  235.0 -90  72  81  -1.563  90.0  30.0  241
 5.350  115.0  90  72  96   1.563   0.0   0.0  120
 5.350  117.5  90  72  93   1.563   0.0   0.0  120
 5.350  235.0  90  72  84   1.563   0.0   0.0  240
 5.350  237.5  90  72  87   1.563   0.0   0.0  241
 5.350  277.5  90  72  87  -1.563   0.0   0.0  284
 5.350  280.0  90  72  93  -1.563   0.0   0.0  285
 5.350  282.5  90  72  87  -1.563   0.0   0.0  286
 5.350  362.5  90  72  81   4.688 150.0  30.0  349
 5.350  390.0  90  72  81  -4.688 330.0  30.0  397
 5.350  400.0  90  72  81   4.688 270.0  30.0  399
 5.350  402.5  90  72  84   4.688 330.0  30.0  406
 5.350  405.0  90  72  81  -4.688 330.0  30.0  414
 5.350  407.5  90  72  84   4.688 330.0  30.0  407
 5.350  410.0  90  72  84  -1.563 330.0  30.0  405
 5.350  425.0  90  72  84   4.688 150.0  30.0  415
 5.350  427.5  90  72  84  -4.688 330.0  30.0  426
 5.350  430.0  90  72  84  -4.688 150.0  30.0  442
 5.350  432.5  90  72  81   4.688 330.0  30.0  422
 5.350  437.5  90  72  84   4.688 330.0  30.0  428
 5.350  440.0  90  72  81   1.563 330.0  30.0  441
 5.350  457.5  90  72  84   4.688 330.0  30.0  467
 5.350  460.0  90  72  87   4.688 330.0  30.0  463
 5.350  462.5  90  72  84   4.688 330.0  30.0  466
 5.350  467.5  90  72  81  -1.563 330.0  30.0  471
 5.350  470.0  90  72  81   4.688 150.0  30.0  465
 5.350  472.5  90  72  81  -4.688 330.0  30.0  460
 5.350  480.0  90  72  81   4.688 150.0  30.0  470
 5.350  487.5  90  72  81  -4.688 330.0  30.0  485
 5.350  490.0  90  72  84   1.563 330.0  30.0  484
 5.350  492.5  90  72  84   1.563 330.0  30.0  485
 5.350  495.0  90  72  81  -4.688 330.0  30.0  487
 5.350  500.0  90  72  81  -1.563 330.0  30.0  486
 5.350  502.5  90  72  81   4.688 270.0  30.0  513
 5.350  505.0  90  72  81   4.688 330.0  30.0  518
 5.350  510.0  90  72  84  -1.563 330.0  30.0  504
 5.350  512.5  90  72  84   1.563 330.0  30.0  522
 5.350  515.0  90  72  84  -1.563 330.0  30.0  524
 5.350  517.5  90  72  81   4.688 330.0  30.0  525
 5.350  525.0  90  72  81  -1.563 330.0  30.0  536
 5.350  527.5  90  72  81   1.563 330.0  30.0  516
 5.350  530.0  90  72  81  -1.563 330.0  30.0  518
 5.350  535.0  90  72  81  -4.688 330.0  30.0  521
 5.350  537.5  90  72  81  -4.688 330.0  30.0  534
 5.350  550.0  90  72  81   1.563 150.0  30.0  547
 5.350  552.5  90  72  84   1.563 330.0  30.0  541
 5.350  570.0  90  72  81   1.563 270.0  30.0  557
 5.350  575.0  90  72  84   4.688 330.0  30.0  577
 5.350  577.5  90  72  81  -4.688 150.0  30.0  590
 5.350  580.0  90  72  81   4.688 150.0  30.0  578
 5.350  585.0  90  72  81  -4.688 330.0  30.0  590
 5.350  587.5  90  72  81  -4.688 330.0  30.0  573
 5.350  597.5  90  72  84   1.563 330.0  30.0  610
 5.350  600.0  90  72  84  -1.563 330.0  30.0  598
 5.350  602.5  90  72  81   4.688   0.0   0.0  599
 5.350  607.5  90  72  81  -4.688 330.0  30.0  602
 5.350  637.5  90  72  81   1.563 270.0  30.0  648
 5.350  652.5  90  72  81  -1.563 330.0  30.0  647
 5.350  765.0  90  72  81   4.688 330.0  30.0  753
 5.350  772.5  90  72  81   1.563 150.0  30.0  780
 5.350  775.0  90  72  81   4.688 330.0  30.0  788
 5.350  787.5  90  72  81  -4.688 150.0  30.0  773
 5.350  792.5  90  72  81  -4.688 330.0  30.0  795
 5.350  795.0  90  72  84   1.563 330.0  30.0  794
 5.350  797.5  90  72  81  -1.563 150.0  30.0  806
 5.350  802.5  90  72  81  -1.563 150.0  30.0  817
 5.350  805.0  90  72  81   4.688   0.0   0.0  801
 5.350  812.5  90  72  81  -4.688 150.0  30.0  804
 5.350  815.0  90  72  81  -4.688 330.0  30.0  810
 5.350  822.5  90  72  81  -4.688 330.0  30.0  837
 5.350  830.0  90  72  81  -4.688 150.0  30.0  826
 5.350  835.0  90  72  81   4.688 330.0  30.0  840
 5.350  837.5  90  72  81   1.563 330.0  30.0  838
 5.350  840.0  90  72  81   1.563 150.0  30.0  827
 5.350  842.5  90  72  81   1.563 330.0  30.0  843
 5.350  855.0  90  72  81  -1.563 330.0  30.0  853
 5.350  857.5  90  72  81   4.688 330.0  30.0  860
 5.350  862.5  90  72  81   1.563   0.0   0.0  862
 5.350  872.5  90  72  84   1.563 330.0  30.0  861
 5.350  875.0  90  72  84  -4.688 330.0  30.0  887
 5.350  882.5  90  72  81   4.688 330.0  30.0  869
 5.350  895.0  90  72  81  -4.688 330.0  30.0  893
 5.350  897.5  90  72  81  -1.563 330.0  30.0  897
 5.350  902.5  90  72  81  -1.563 330.0  30.0  911
 5.350  915.0  90  72  81   1.563 150.0  30.0  911
 5.350  920.0  90  72  81   4.688 330.0  30.0  931
 5.350  922.5  90  72  87   4.688 330.0  30.0  908
 5.350  925.0  90  72  84   4.688 330.0  30.0  915
 5.350  927.5  90  72  81   4.688 330.0  30.0  920
 5.350  940.0  90  72  84  -1.563 150.0  30.0  939
 5.350  942.5  90  72  81  -4.688 330.0  30.0  944
 5.350  945.0  90  72  81  -4.688 330.0  30.0  939
 5.350  947.5  90  72  81  -4.688 330.0  30.0  938
 5.350  955.0  90  72  84  -1.563 330.0  30.0  958
 5.350  965.0  90  72  81  -1.563 150.0  30.0  969
 5.350  967.5  90  72  81   1.563 330.0  30.0  977
 5.350  970.0  90  72  81   4.688 330.0  30.0  978
 5.350  972.5  90  72  81   4.688 150.0  30.0  976
 5.350  975.0  90  72  84   4.688 330.0  30.0  987
 5.350  977.5  90  72  84   4.688 150.0  30.0  967
 5.350  982.5  90  72  81  -4.688 150.0  30.0  970
 5.350  987.5  90  72  81   4.688 330.0  30.0  975
 5.350 1000.0  90  72  81   1.563 330.0  30.0 1008
 5.350 1007.5  90  72  81   1.563 150.0  30.0 1016
 5.350 1010.0  90  72  84   4.688 330.0  30.0 1015
 5.350 1012.5  90  72  81   1.563 330.0  30.0 1021
 5.350 1025.0  90  72  81  -4.688 330.0  30.0 1028
 5.350 1027.5  90  72  81   4.688 330.0  30.0 1029
 5.350 1030.0  90  72  81   4.688 150.0  30.0 1030
 5.350  122.5 -90  72  99   1.563   0.0   0.0  127
 5.350  125.0 -90  72  93   1.563   0.0   0.0  127
 5.350  892.5 -90  72  81   4.688 330.0  30.0  885
 5.350  895.0 -90  72  81  -4.688 330.0  30.0  884
 5.350  920.0 -90  72  81  -1.563 330.0  30.0  934
 5.350  922.5 -90  72  81  -4.688 330.0  30.0  933
 5.350  945.0 -90  72  81   1.563 330.0  30.0  951
 5.350  947.5 -90  72  81   1.563 150.0  30.0  957
 5.350  990.0 -90  72  81   1.563  90.0  30.0  991
 5.350 1035.0 -90  72  81   4.688 330.0  30.0 1030
 5.350 1065.0 -90  72  81  -4.688 330.0  30.0 1064
 5.350 1075.0 -90  72  81   4.688  90.0  30.0 1061
 5.375  115.0  90  72  96   1.563   0.0   0.0  120
 5.375  117.5  90  72  93   1.563   0.0   0.0  120
 5.375  235.0  90  72  84   1.563   0.0   0.0  240
 5.375  237.5  90  72  87   1.563   0.0   0.0  240
 5.375  280.0  90  72  87  -1.563   0.0   0.0  286
 5.375  282.5  90  72  84  -1.563   0.0   0.0  287
 5.375  285.0  90  72  87  -1.563   0.0   0.0  289
 5.375  975.0  90  72  81   1.563 330.0  30.0  964
 5.375  980.0  90  72  81   4.688 330.0  30.0  986
 5.375  987.5  90  72  84  -1.563 330.0  30.0  980
 5.375  990.0  90  72  81  -1.563 330.0  30.0  999
 5.375  992.5  90  72  84  -1.563 330.0  30.0 1005
 5.375  995.0  90  72  81  -1.563   0.0   0.0 1010
 5.375 1002.5  90  72  81  -4.688 330.0  30.0  994
 5.375 1007.5  90  72  81  -4.688 330.0  30.0 1012
 5.375 1010.0  90  72  84  -1.563 330.0  30.0 1021
 5.375 1012.5  90  72  84  -4.688 330.0  30.0 1020
 5.375 1015.0  90  72  81   4.688 150.0  30.0 1005
 5.375 1020.0  90  72  81   4.688 330.0  30.0 1022
 5.375 1032.5  90  72  81  -4.688 150.0  30.0 1036
 5.375 1035.0  90  72  84  -4.688 330.0  30.0 1034
 5.375 1040.0  90  72  81  -1.563 330.0  30.0 1054
 5.375 1042.5  90  72  84   1.563 330.0  30.0 1049
 5.375 1045.0  90  72  81   1.563 330.0  30.0 1050
 5.375 1050.0  90  72  87   4.688 330.0  30.0 1044
 5.375 1062.5  90  72  81  -4.688 330.0  30.0 1070
 5.375 1070.0  90  72  81  -4.688 330.0  30.0 1059
 5.375 1072.5  90  72  87  -4.688 330.0  30.0 1064
 5.375 1075.0  90  72  81  -4.688 330.0  30.0 1082
 5.375 1082.5  90  72  81  -1.563 330.0  30.0 1085
 5.375 1087.5  90  72  84  -4.688 330.0  30.0 1092
 5.375 1092.5  90  72  87   4.688 330.0  30.0 1081
 5.375 1095.0  90  72  81  -1.563 330.0  30.0 1091
 5.375 1100.0  90  72  81  -1.563 330.0  30.0 1092
 5.375 1102.5  90  72  84   1.563 330.0  30.0 1103
 5.375 1105.0  90  72  84  -4.688 330.0  30.0 1102
 5.375 1115.0  90  72  81  -1.563 330.0  30.0 1123
 5.375 1117.5  90  72  87  -1.563 330.0  30.0 1115
 5.375 1120.0  90  72  87  -4.688 330.0  30.0 1106
 5.375 1122.5  90  72  87   4.688 150.0  30.0 1114
 5.375 1130.0  90  72  81   1.563 330.0  30.0 1137
 5.375 1132.5  90  72  81   1.563 330.0  30.0 1131
 5.375 1137.5  90  72  84  -1.563 330.0  30.0 1147
 5.375 1140.0  90  72  84  -1.563 330.0  30.0 1136
 5.375 1152.5  90  72  81  -1.563 150.0  30.0 1167
 5.375 1165.0  90  72  87  -1.563 330.0  30.0 1174
 5.375 1167.5  90  72  84  -4.688 330.0  30.0 1169
 5.375 1177.5  90  72  81  -4.688 150.0  30.0 1164
 5.375 1182.5  90  72  81   4.688 270.0  30.0 1193
 5.375 1185.0  90  72  84   4.688 330.0  30.0 1192
 5.375 1187.5  90  72  81  -4.688 150.0  30.0 1194
 5.375 1190.0  90  72  81   1.563 330.0  30.0 1181
 5.375 1192.5  90  72  81  -1.563 330.0  30.0 1195
 5.375 1195.0  90  72  81   4.688 330.0  30.0 1187
 5.375 1197.5  90  72  84  -1.563 330.0  30.0 1207
 5.375 1200.0  90  72  81   1.563 330.0  30.0 1214
 5.375 1207.5  90  72  84   4.688   0.0   0.0 1203
 5.375 1220.0  90  72  84  -4.688 330.0  30.0 1214
 5.375 1222.5  90  72  84  -4.688 330.0  30.0 1236
 5.375 1235.0  90  72  81  -4.688 150.0  30.0 1233
 5.375 1237.5  90  72  81  -4.688 330.0  30.0 1238
 5.375 1240.0  90  72  81  -1.563 330.0  30.0 1252
 5.375 1252.5  90  72  81   1.563 330.0  30.0 1254
 5.375 1255.0  90  72  81  -1.563 330.0  30.0 1249
 5.375   82.5 -90  72  81   4.688 330.0  30.0   78
 5.375   87.5 -90  72  81  -4.688  90.0  30.0   83
 5.375   90.0 -90  72  81  -1.563  90.0  30.0   94
 5.375   95.0 -90  72  84  -1.563 330.0  30.0  100
 5.375  105.0 -90  72  81  -4.688 150.0  30.0   90
 5.375  107.5 -90  72  81  -4.688 330.0  30.0  116
 5.375  110.0 -90  72  84  -1.563 330.0  30.0  108
 5.375  112.5 -90  72  81  -1.563 330.0  30.0  120
 5.375  122.5 -90  72  99  -1.563   0.0   0.0  127
 5.375  125.0 -90  72  93  -1.563   0.0   0.0  127
 5.375  127.5 -90  72  84   4.688 330.0  30.0  134
 5.375  130.0 -90  72  81  -4.688  90.0  30.0  133
 5.375  132.5 -90  72  81   1.563 330.0  30.0  135
 5.375  140.0 -90  72  84  -1.563 330.0  30.0  154
 5.375  142.5 -90  72  84  -4.688 330.0  30.0  138
 5.375  152.5 -90  72  84  -4.688 330.0  30.0  154
 5.375  180.0 -90  72  81  -1.563 330.0  30.0  185
 5.375  182.5 -90  72  81   4.688 330.0  30.0  177
 5.400   80.0  90  72  84  -1.563 330.0  30.0   74
 5.400   85.0  90  72  81   4.688   0.0   0.0   82
 5.400   87.5  90  72  81  -4.688 150.0  30.0   99
 5.400   90.0  90  72  84  -1.563 330.0  30.0   80
 5.400   92.5  90  72  84   1.563 330.0  30.0  106
 5.400  100.0  90  72  81   4.688 150.0  30.0  114
 5.400  107.5  90  72  81   1.563 330.0  30.0  100
 5.400  110.0  90  72  81  -1.563 150.0  30.0  123
 5.400  112.5  90  72  81  -4.688   0.0   0.0  104
 5.400  115.0  90  72  96   1.563   0.0   0.0  120
 5.400  117.5  90  72  93   1.563   0.0   0.0  120
 5.400  120.0  90  72  84  -1.563 330.0  30.0  134
 5.400  122.5  90  72  81  -4.688 330.0  30.0  119
 5.400  132.5  90  72  81  -1.563 150.0  30.0  137
 5.400  137.5  90  72  81   1.563 330.0  30.0  125
 5.400  140.0  90  72  84   1.563 330.0  30.0  141
 5.400  142.5  90  72  84   1.563 150.0  30.0  151
 5.400  145.0  90  72  81   1.563 330.0  30.0  144
 5.400  150.0  90  72  81  -1.563 330.0  30.0  149
 5.400  152.5  90  72  84  -4.688 150.0  30.0  167
 5.400  155.0  90  72  84  -1.563 330.0  30.0  168
 5.400  157.5  90  72  81  -4.688 330.0  30.0  165
 5.400  162.5  90  72  84   1.563 330.0  30.0  162
 5.400  165.0  90  72  87   1.563 330.0  30.0  152
 5.400  167.5  90  72  84   1.563 330.0  30.0  176
 5.400  170.0  90  72  84  -4.688 330.0  30.0  171
 5.400  177.5  90  72  81   1.563 330.0  30.0  192
 5.400  180.0  90  72  81   4.688 330.0  30.0  179
 5.400  182.5  90  72  84  -4.688 150.0  30.0  182
 5.400  185.0  90  72  84   1.563 330.0  30.0  185
 5.400  187.5  90  72  84   4.688 330.0  30.0  197
 5.400  190.0  90  72  87   4.688 330.0  30.0  181
 5.400  192.5  90  72  84   4.688 150.0  30.0  197
 5.400  195.0  90  72  81   1.563 330.0  30.0  181
 5.400  202.5  90  72  81  -4.688 150.0  30.0  217
 5.400  207.5  90  72  81   4.688 330.0  30.0  219
 5.400  210.0  90  72  81  -4.688 330.0  30.0  216
 5.400  212.5  90  72  81   4.688 330.0  30.0  200
 5.400  215.0  90  72  84   1.563 330.0  30.0  206
 5.400  217.5  90  72  87   1.563 330.0  30.0  221
 5.400  220.0  90  72  84  -1.563 330.0  30.0  207
 5.400  222.5  90  72  84  -1.563 330.0  30.0  227
 5.400  225.0  90  72  81   1.563 330.0  30.0  221
 5.400  227.5  90  72  81  -1.563 150.0  30.0  238
 5.400  230.0  90  72  81   4.688 330.0  30.0  226
 5.400  232.5  90  72  81   4.688 330.0  30.0  237
 5.400  237.5  90  72  84  -1.563   0.0   0.0  242
 5.400  240.0  90  72  81   4.688 330.0  30.0  254
 5.400  242.5  90  72  81  -4.688 330.0  30.0  234
 5.400  247.5  90  72  84  -1.563 150.0  30.0  248
 5.400  250.0  90  72  84  -1.563 330.0  30.0  255
 5.400  252.5  90  72  81   1.563 330.0  30.0  244
 5.400  255.0  90  72  84   1.563 150.0  30.0  251
 5.400  260.0  90  72  81   1.563 150.0  30.0  272
 5.400  265.0  90  72  81  -4.688 330.0  30.0  251
 5.400  267.5  90  72  81  -1.563 330.0  30.0  270
 5.400  270.0  90  72  84  -4.688 330.0  30.0  278
 5.400  272.5  90  72  81  -4.688 270.0  30.0  274
 5.400  275.0  90  72  84   1.563 330.0  30.0  285
 5.400  277.5  90  72  84  -1.563 330.0  30.0  287
 5.400  280.0  90  72  84  -4.688 330.0  30.0  268
 5.400  282.5  90  72  90  -1.563   0.0   0.0  289
 5.400  285.0  90  72  93  -1.563   0.0   0.0  290
 5.400  287.5  90  72  84  -1.563   0.0   0.0  289
 5.400  290.0  90  72  81   4.688 150.0  30.0  298
 5.400  292.5  90  72  81  -1.563 330.0  30.0  289
 5.400  295.0  90  72  81  -1.563 330.0  30.0  309
 5.400  297.5  90  72  81  -4.688 330.0  30.0  289
 5.400  305.0  90  72  81  -1.563 330.0  30.0  307
 5.400  310.0  90  72  81  -1.563 330.0  30.0  315
 5.400  315.0  90  72  81   4.688 330.0  30.0  306
 5.400  317.5  90  72  84   4.688 150.0  30.0  304
 5.400  322.5  90  72  81   1.563 330.0  30.0  325
 5.400  325.0  90  72  81   4.688 330.0  30.0  314
 5.400  327.5  90  72  81   4.688 330.0  30.0  334
 5.400  330.0  90  72  81   4.688 150.0  30.0  329
 5.400  375.0  90  72  81  -1.563 150.0  30.0  365
 5.400  120.0 -90  72  81   1.563   0.0   0.0  126
 5.400  122.5 -90  72 102   1.563   0.0   0.0  127
 5.400  125.0 -90  72  93  -1.563   0.0   0.0  127
 5.400  520.0 -90  72  81  -1.563 330.0  30.0  516
 5.400  552.5 -90  72  81   4.688  90.0  30.0  566
 5.400  555.0 -90  72  81  -4.688  90.0  30.0  568
 5.400  612.5 -90  72  81   4.688 150.0  30.0  620
 5.400  615.0 -90  72  81  -1.563 330.0  30.0  626
 5.400  617.5 -90  72  81   1.563 330.0  30.0  620
 5.400  620.0 -90  72  81   1.563 330.0  30.0  609
 5.400  625.0 -90  72  81   1.563 150.0  30.0  633
 5.400  647.5 -90  72  81  -4.688 330.0  30.0  658
 5.400  650.0 -90  72  81   4.688 330.0  30.0  642
 5.400  700.0 -90  72  81  -4.688 330.0  30.0  705
 5.400  707.5 -90  72  81   1.563 330.0  30.0  718
 5.400  762.5 -90  72  81   1.563 330.0  30.0  762
 5.425  115.0  90  72  96   1.563   0.0   0.0  120
 5.425  117.5  90  72  96   1.563   0.0   0.0  120
 5.425  285.0  90  72  90  -1.563   0.0   0.0  290
 5.425  287.5  90  72  87  -1.563   0.0   0.0  291
 5.425  447.5  90  72  81  -4.688 150.0  30.0  449
 5.425  462.5  90  72  81   1.563 150.0  30.0  467
 5.425  467.5  90  72  81   4.688 150.0  30.0  457
 5.425  472.5  90  72  81  -1.563 330.0  30.0  458
 5.425  485.0  90  72  84   1.563 330.0  30.0  489
 5.425  487.5  90  72  81   4.688 330.0  30.0  495
 5.425  490.0  90  72  81  -1.563 330.0  30.0  498
 5.425  492.5  90  72  81  -1.563 330.0  30.0  489
 5.425  505.0  90  72  81  -1.563   0.0   0.0  503
 5.425  510.0  90  72  81   1.563 330.0  30.0  508
 5.425  512.5  90  72  84   4.688 330.0  30.0  526
 5.425  515.0  90  72  84  -1.563 330.0  30.0  522
 5.425  517.5  90  72  87   4.688 330.0  30.0  522
 5.425  527.5  90  72  84  -4.688 330.0  30.0  532
 5.425  545.0  90  72  84   4.688 150.0  30.0  540
 5.425  547.5  90  72  87   1.563 330.0  30.0  541
 5.425  550.0  90  72  81   1.563 330.0  30.0  564
 5.425  555.0  90  72  87   1.563 330.0  30.0  564
 5.425  557.5  90  72  84   4.688 330.0  30.0  564
 5.425  560.0  90  72  84  -1.563 330.0  30.0  568
 5.425  562.5  90  72  84  -1.563 330.0  30.0  550
 5.425  565.0  90  72  81  -1.563 330.0  30.0  562
 5.425  567.5  90  72  84  -4.688 330.0  30.0  582
 5.425  570.0  90  72  81  -1.563 150.0  30.0  578
 5.425  575.0  90  72  81  -1.563   0.0   0.0  583
 5.425  577.5  90  72  84   1.563 330.0  30.0  569
 5.425  580.0  90  72  81   1.563 330.0  30.0  582
 5.425  590.0  90  72  84  -4.688 330.0  30.0  597
 5.425  592.5  90  72  84   1.563 150.0  30.0  588
 5.425  597.5  90  72  84   4.688 330.0  30.0  591
 5.425  600.0  90  72  84  -4.688 330.0  30.0  596
 5.425  602.5  90  72  84   1.563 330.0  30.0  590
 5.425  607.5  90  72  81  -1.563 330.0  30.0  605
 5.425  615.0  90  72  81  -4.688 330.0  30.0  628
 5.425  617.5  90  72  81  -1.563 330.0  30.0  612
 5.425  620.0  90  72  81  -4.688 330.0  30.0  607
 5.425  635.0  90  72  81  -4.688 150.0  30.0  646
 5.425  637.5  90  72  81  -1.563 150.0  30.0  625
 5.425  640.0  90  72  81  -1.563 150.0  30.0  655
 5.425  645.0  90  72  87  -4.688 330.0  30.0  634
 5.425  647.5  90  72  84  -1.563 150.0  30.0  643
 5.425  652.5  90  72  84  -1.563 330.0  30.0  646
 5.425  655.0  90  72  87  -4.688 330.0  30.0  659
 5.425  657.5  90  72  84  -4.688 330.0  30.0  668
 5.425  662.5  90  72  81   4.688 150.0  30.0  658
 5.425  665.0  90  72  84  -4.688   0.0   0.0  676
 5.425  667.5  90  72  84  -4.688 330.0  30.0  682
 5.425  670.0  90  72  81  -4.688 150.0  30.0  670
 5.425  675.0  90  72  81   1.563 330.0  30.0  676
 5.425  677.5  90  72  81  -1.563 330.0  30.0  676
 5.425  682.5  90  72  84   1.563 330.0  30.0  678
 5.425  685.0  90  72  84  -1.563 330.0  30.0  686
 5.425  687.5  90  72  87   4.688 330.0  30.0  692
 5.425  690.0  90  72  87   1.563 330.0  30.0  681
 5.425  695.0  90  72  84   4.688 150.0  30.0  692
 5.425  697.5  90  72  81  -4.688 330.0  30.0  698
 5.425  705.0  90  72  81   1.563 330.0  30.0  707
 5.425  707.5  90  72  81  -1.563 330.0  30.0  700
 5.425  725.0  90  72  81  -1.563 330.0  30.0  733
 5.425  732.5  90  72  81  -1.563 150.0  30.0  733
 5.425  835.0  90  72  81   4.688 330.0  30.0  845
 5.425  837.5  90  72  81   1.563 330.0  30.0  852
 5.425  852.5  90  72  81  -4.688 150.0  30.0  843
 5.425  855.0  90  72  81  -4.688 330.0  30.0  851
 5.425  860.0  90  72  81  -4.688 330.0  30.0  857
 5.425  862.5  90  72  81  -4.688 330.0  30.0  866
 5.425  872.5  90  72  81   1.563   0.0   0.0  881
 5.425  875.0  90  72  84  -1.563 330.0  30.0  864
 5.425  877.5  90  72  84  -4.688 330.0  30.0  887
 5.425  880.0  90  72  84   1.563 150.0  30.0  878
 5.425  882.5  90  72  87   4.688 330.0  30.0  872
 5.425  885.0  90  72  87   4.688 330.0  30.0  897
 5.425  887.5  90  72  81  -4.688 330.0  30.0  873
 5.425  890.0  90  72  81   4.688 330.0  30.0  888
 5.425  892.5  90  72  84   4.688 330.0  30.0  894
 5.425  912.5  90  72  81  -4.688 150.0  30.0  911
 5.425  915.0  90  72  84   1.563 330.0  30.0  928
 5.425  917.5  90  72  81  -1.563 330.0  30.0  903
 5.425  922.5  90  72  81   1.563 150.0  30.0  908
 5.425  925.0  90  72  84  -1.563 330.0  30.0  912
 5.425  927.5  90  72  87  -1.563 330.0  30.0  917
 5.425  930.0  90  72  84  -4.688 330.0  30.0  923
 5.425  932.5  90  72  81  -4.688 330.0  30.0  947
 5.425  935.0  90  72  84  -4.688 330.0  30.0  927
 5.425  937.5  90  72  84   4.688 150.0  30.0  926
 5.425  960.0  90  72  84  -1.563 330.0  30.0  949
 5.425  962.5  90  72  84  -1.563 330.0  30.0  948
 5.425  965.0  90  72  81  -4.688 150.0  30.0  961
 5.425  967.5  90  72  87   1.563 330.0  30.0  981
 5.425  970.0  90  72  87   1.563 330.0  30.0  982
 5.425  972.5  90  72  87  -1.563 330.0  30.0  958
 5.425  975.0  90  72  84  -4.688 330.0  30.0  985
 5.425  980.0  90  72  81  -4.688 330.0  30.0  987
 5.425  982.5  90  72  84  -4.688 150.0  30.0  985
 5.425  985.0  90  72  84   4.688 330.0  30.0  989
 5.425 1000.0  90  72  84  -1.563 330.0  30.0 1008
 5.425 1002.5  90  72  84   1.563 330.0  30.0  991
 5.425 1005.0  90  72  84   4.688 330.0  30.0  990
 5.425 1007.5  90  72  81   4.688 330.0  30.0 1022
 5.425 1010.0  90  72  84  -1.563 330.0  30.0  996
 5.425 1012.5  90  72  87   1.563 150.0  30.0 1008
 5.425 1015.0  90  72  84   1.563 330.0  30.0 1021
 5.425 1020.0  90  72  84  -1.563 150.0  30.0 1015
 5.425 1022.5  90  72  81   4.688 150.0  30.0 1008
 5.425 1025.0  90  72  81  -1.563 330.0  30.0 1022
 5.425 1027.5  90  72  87  -4.688 150.0  30.0 1029
 5.425 1030.0  90  72  84  -4.688 330.0  30.0 1033
 5.425 1032.5  90  72  81  -4.688 330.0  30.0 1020
 5.425 1035.0  90  72  81   4.688 330.0  30.0 1046
 5.425 1037.5  90  72  81   1.563 150.0  30.0 1035
 5.425 1045.0  90  72  81  -1.563 330.0  30.0 1058
 5.425 1050.0  90  72  81   1.563 330.0  30.0 1065
 5.425 1052.5  90  72  81  -4.688 150.0  30.0 1050
 5.425 1060.0  90  72  84   1.563 330.0  30.0 1074
 5.425 1062.5  90  72  81   4.688 150.0  30.0 1060
 5.425 1065.0  90  72  84  -1.563 330.0  30.0 1070
 5.425 1067.5  90  72  81   1.563 330.0  30.0 1078
 5.425 1072.5  90  72  81  -4.688 330.0  30.0 1087
 5.425 1087.5  90  72  84   1.563 330.0  30.0 1095
 5.425 1090.0  90  72  84   1.563 330.0  30.0 1076
 5.425 1095.0  90  72  87  -1.563 150.0  30.0 1104
 5.425 1097.5  90  72  87  -4.688 330.0  30.0 1100
 5.425 1100.0  90  72  84  -1.563 150.0  30.0 1109
 5.425 1102.5  90  72  84  -4.688 330.0  30.0 1103
 5.425 1112.5  90  72  81  -4.688 330.0  30.0 1104
 5.425 1120.0  90  72  81  -4.688 330.0  30.0 1121
 5.425 1127.5  90  72  81  -1.563 330.0  30.0 1117
 5.425 1140.0  90  72  81   1.563 150.0  30.0 1152
 5.425  120.0 -90  72  84   1.563   0.0   0.0  127
 5.425  122.5 -90  72 102   1.563   0.0   0.0  127
 5.425  125.0 -90  72  90   1.563   0.0   0.0  127
 5.425  945.0 -90  72  81  -4.688 330.0  30.0  942
 5.425  980.0 -90  72  81   1.563 150.0  30.0  969
 5.425  990.0 -90  72  81   4.688 150.0  30.0 1000
 5.425  995.0 -90  72  81   1.563  90.0  30.0  997
 5.425 1015.0 -90  72  81  -4.688  90.0  30.0 1003
 5.425 1025.0 -90  72  81   4.688 330.0  30.0 1038
 5.425 1032.5 -90  72  81   4.688 330.0  30.0 1035
 5.425 1035.0 -90  72  81  -4.688 330.0  30.0 1039
 5.425 1037.5 -90  72  81   4.688 330.0  30.0 1036
 5.425 1072.5 -90  72  81   4.688 330.0  30.0 1085
 5.425 1075.0 -90  72  81   1.563  90.0  30.0 1072
 5.425 1077.5 -90  72  81   1.563 330.0  30.0 1088
 5.425 1085.0 -90  72  81  -1.563 330.0  30.0 1078
 5.425 1110.0 -90  72  81  -4.688 330.0  30.0 1124
 5.425 1135.0 -90  72  81   1.563 150.0  30.0 1130
 5.425 1137.5 -90  72  81   1.563  90.0  30.0 1145
 5.425 1140.0 -90  72  81  -4.688  90.0  30.0 1132
 5.425 1152.5 -90  72  81  -1.563 330.0  30.0 1144
 5.450  115.0  90  72  96   1.563   0.0   0.0  120
 5.450  117.5  90  72  96   1.563   0.0   0.0  120
 5.450  285.0  90  72  81  -1.563   0.0   0.0  292
 5.450  287.5  90  72  90  -1.563   0.0   0.0  292
 5.450  290.0  90  72  87  -1.563   0.0   0.0  295
 5.450  292.5  90  72  81  -1.563   0.0   0.0  295
 5.450 1055.0  90  72  84   1.563 330.0  30.0 1067
 5.450 1057.5  90  72  81   4.688 150.0  30.0 1071
 5.450 1065.0  90  72  81   1.563 330.0  30.0 1050
 5.450 1067.5  90  72  81   4.688 330.0  30.0 1061
 5.450 1077.5  90  72  84   1.563 330.0  30.0 1091
 5.450 1080.0  90  72  84   4.688 330.0  30.0 1081
 5.450 1082.5  90  72  84  -4.688 330.0  30.0 1084
 5.450 1085.0  90  72  81   1.563 330.0  30.0 1071
 5.450 1087.5  90  72  87   1.563 330.0  30.0 1073
 5.450 1090.0  90  72  87  -4.688 330.0  30.0 1098
 5.450 1092.5  90  72  87  -4.688 330.0  30.0 1081
 5.450 1097.5  90  72  84   1.563 330.0  30.0 1093
 5.450 1100.0  90  72  90   1.563 330.0  30.0 1087
 5.450 1102.5  90  72  87   1.563 150.0  30.0 1092
 5.450 1105.0  90  72  87  -1.563 330.0  30.0 1091
 5.450 1110.0  90  72  84   1.563 330.0  30.0 1104
 5.450 1115.0  90  72  84   1.563 330.0  30.0 1119
 5.450 1117.5  90  72  84   4.688 330.0  30.0 1118
 5.450 1120.0  90  72  81  -4.688 330.0  30.0 1110
 5.450 1122.5  90  72  87   4.688 330.0  30.0 1134
 5.450 1125.0  90  72  87   1.563 330.0  30.0 1137
 5.450 1127.5  90  72  81   1.563 330.0  30.0 1142
 5.450 1130.0  90  72  81  -4.688 330.0  30.0 1131
 5.450 1132.5  90  72  84  -1.563 330.0  30.0 1141
 5.450 1135.0  90  72  84   4.688 330.0  30.0 1140
 5.450 1145.0  90  72  81  -4.688   0.0   0.0 1142
 5.450 1147.5  90  72  84  -1.563 330.0  30.0 1143
 5.450 1152.5  90  72  87  -1.563 330.0  30.0 1167
 5.450 1155.0  90  72  93   4.688 330.0  30.0 1141
 5.450 1157.5  90  72  90  -1.563 330.0  30.0 1143
 5.450 1160.0  90  72  84  -4.688 150.0  30.0 1157
 5.450 1162.5  90  72  84   4.688 330.0  30.0 1154
 5.450 1167.5  90  72  87   1.563 330.0  30.0 1163
 5.450 1170.0  90  72  84  -4.688 330.0  30.0 1159
 5.450 1172.5  90  72  84  -1.563 330.0  30.0 1177
 5.450 1175.0  90  72  87  -4.688 330.0  30.0 1187
 5.450 1177.5  90  72  84  -4.688 330.0  30.0 1177
 5.450 1180.0  90  72  84   4.688 330.0  30.0 1168
 5.450 1182.5  90  72  81  -1.563 150.0  30.0 1197
 5.450 1185.0  90  72  87   1.563 330.0  30.0 1175
 5.450 1187.5  90  72  81  -1.563 330.0  30.0 1188
 5.450 1190.0  90  72  87   4.688 330.0  30.0 1197
 5.450 1192.5  90  72  87  -4.688 330.0  30.0 1190
 5.450 1195.0  90  72  87   1.563 330.0  30.0 1192
 5.450 1200.0  90  72  87   4.688 330.0  30.0 1202
 5.450 1202.5  90  72  81   1.563 330.0  30.0 1203
 5.450 1205.0  90  72  87   4.688 330.0  30.0 1203
 5.450 1207.5  90  72  90  -4.688 330.0  30.0 1219
 5.450 1210.0  90  72  84  -1.563 330.0  30.0 1221
 5.450 1215.0  90  72  84   4.688 330.0  30.0 1201
 5.450 1217.5  90  72  84  -4.688 330.0  30.0 1207
 5.450 1220.0  90  72  84   1.563 330.0  30.0 1227
 5.450 1222.5  90  72  81  -4.688 150.0  30.0 1231
 5.450 1225.0  90  72  84  -1.563 330.0  30.0 1237
 5.450 1227.5  90  72  87   4.688 330.0  30.0 1230
 5.450 1230.0  90  72  87  -1.563 330.0  30.0 1231
 5.450 1232.5  90  72  87   4.688 330.0  30.0 1243
 5.450 1235.0  90  72  84  -4.688 330.0  30.0 1240
 5.450 1237.5  90  72  81   1.563 150.0  30.0 1251
 5.450 1245.0  90  72  81   1.563 330.0  30.0 1250
 5.450 1247.5  90  72  90  -4.688 150.0  30.0 1241
 5.450 1250.0  90  72  90  -1.563 330.0  30.0 1244
 5.450 1252.5  90  72  81   1.563 330.0  30.0 1244
 5.450 1257.5  90  72  81  -1.563 150.0  30.0 1267
 5.450 1260.0  90  72  81  -1.563 150.0  30.0 1265
 5.450 1265.0  90  72  81  -4.688 150.0  30.0 1280
 5.450 1267.5  90  72  87   1.563 150.0  30.0 1254
 5.450 1270.0  90  72  90  -1.563 330.0  30.0 1259
 5.450 1272.5  90  72  84  -4.688 330.0  30.0 1262
 5.450 1277.5  90  72  81  -4.688 330.0  30.0 1283
 5.450 1280.0  90  72  87   4.688 330.0  30.0 1292
 5.450   80.0 -90  72  84  -1.563 330.0  30.0   88
 5.450   82.5 -90  72  87   1.563 330.0  30.0   94
 5.450   85.0 -90  72  84   1.563 330.0  30.0   84
 5.450   87.5 -90  72  81   1.563  90.0  30.0   78
 5.450   90.0 -90  72  84  -4.688 330.0  30.0   95
 5.450   92.5 -90  72  84  -1.563 330.0  30.0   93
 5.450   95.0 -90  72  87   4.688 330.0  30.0   82
 5.450   97.5 -90  72  81  -4.688 330.0  30.0   88
 5.450  100.0 -90  72  81  -1.563 330.0  30.0  110
 5.450  102.5 -90  72  87   4.688 330.0  30.0   89
 5.450  105.0 -90  72  87   1.563 330.0  30.0  107
 5.450  107.5 -90  72  84  -1.563 150.0  30.0  105
 5.450  110.0 -90  72  87   1.563 330.0  30.0  106
 5.450  112.5 -90  72  81  -1.563  90.0  30.0  110
 5.450  115.0 -90  72  87   1.563 330.0  30.0  110
 5.450  117.5 -90  72  81  -4.688  90.0  30.0  115
 5.450  120.0 -90  72  87   1.563   0.0   0.0  129
 5.450  122.5 -90  72 102   1.563   0.0   0.0  127
 5.450  125.0 -90  72  90   1.563   0.0   0.0  125
 5.450  130.0 -90  72  81  -4.688  90.0  30.0  117
 5.450  132.5 -90  72  84  -4.688 150.0  30.0  133
 5.450  135.0 -90  72  87   4.688 330.0  30.0  135
 5.450  137.5 -90  72  87  -1.563 330.0  30.0  124
 5.450  140.0 -90  72  81   4.688  90.0  30.0  148
 5.450  145.0 -90  72  81  -4.688 330.0  30.0  144
 5.450  147.5 -90  72  84   4.688 330.0  30.0  145
 5.450  150.0 -90  72  84   1.563  90.0  30.0  149
 5.450  152.5 -90  72  84  -4.688  90.0  30.0  157
 5.450  155.0 -90  72  87  -4.688 330.0  30.0  153
 5.450  157.5 -90  72  84   4.688 330.0  30.0  167
 5.450  160.0 -90  72  84   4.688  90.0  30.0  155
 5.450  162.5 -90  72  84  -4.688 330.0  30.0  166
 5.450  165.0 -90  72  81  -4.688  90.0  30.0  171
 5.450  167.5 -90  72  87  -4.688  90.0  30.0  182
 5.450  170.0 -90  72  81  -4.688  90.0  30.0  165
 5.450  172.5 -90  72  81   4.688 330.0  30.0  173
 5.450  175.0 -90  72  84  -1.563 330.0  30.0  175
 5.450  177.5 -90  72  81  -4.688 330.0  30.0  170
 5.450  180.0 -90  72  84  -4.688  90.0  30.0  170
 5.450  182.5 -90  72  84  -1.563 330.0  30.0  197
 5.450  185.0 -90  72  87  -4.688 330.0  30.0  195
 5.450  187.5 -90  72  84  -1.563 330.0  30.0  202
 5.450  190.0 -90  72  87  -4.688 330.0  30.0  179
 5.450  192.5 -90  72  87   4.688 330.0  30.0  183
 5.450  195.0 -90  72  84   1.563  90.0  30.0  202
 5.450  197.5 -90  72  90   4.688 330.0  30.0  188
 5.450  200.0 -90  72  90   1.563 330.0  30.0  198
 5.450  202.5 -90  72  81  -1.563 330.0  30.0  206
 5.450  205.0 -90  72  87   4.688 330.0  30.0  210
 5.450  207.5 -90  72  87   4.688 330.0  30.0  200
 5.450  210.0 -90  72  81  -1.563 150.0  30.0  204
 5.450  212.5 -90  72  84  -4.688 330.0  30.0  203
 5.450  215.0 -90  72  84  -4.688  90.0  30.0  213
 5.450  217.5 -90  72  81   1.563 330.0  30.0  213
 5.450  220.0 -90  72  81   1.563  90.0  30.0  231
 5.450  222.5 -90  72  81  -1.563 330.0  30.0  234
 5.450  225.0 -90  72  84  -1.563 330.0  30.0  230
 5.450  227.5 -90  72  84   4.688 330.0  30.0  216
 5.450  232.5 -90  72  81  -1.563 330.0  30.0  236
 5.450  235.0 -90  72  84  -4.688  90.0  30.0  244
 5.450  237.5 -90  72  81   4.688 330.0  30.0  224
 5.450  242.5 -90  72  81  -4.688 330.0  30.0  235
 5.450  245.0 -90  72  87  -1.563 330.0  30.0  237
 5.450  247.5 -90  72  81   1.563 330.0  30.0  251
 5.450  252.5 -90  72  81  -4.688 330.0  30.0  254
 5.450  257.5 -90  72  81   4.688 330.0  30.0  258
 5.450  260.0 -90  72  81  -4.688 330.0  30.0  254
 5.450  262.5 -90  72  81   4.688  90.0  30.0  255
 5.450  267.5 -90  72  81   4.688 330.0  30.0  280
 5.450  275.0 -90  72  81  -1.563  90.0  30.0  290
 5.450  277.5 -90  72  81   1.563 330.0  30.0  283
 5.450  280.0 -90  72  81  -1.563 150.0  30.0  269
 5.450  282.5 -90  72  81  -4.688 330.0  30.0  273
 5.450  295.0 -90  72  81  -1.563 330.0  30.0  307
 5.450  300.0 -90  72  81   1.563 330.0  30.0  289
 5.450  327.5 -90  72  81   4.688 330.0  30.0  334
 5.475   90.0  90  72  81  -1.563 330.0  30.0   91
 5.475   95.0  90  72  81   4.688 330.0  30.0   93
 5.475   97.5  90  72  84   4.688 330.0  30.0  112
 5.475  110.0  90  72  81   4.688 330.0  30.0   98
 5.475  112.5  90  72  81  -1.563 330.0  30.0  116
 5.475  115.0  90  72  96   1.563   0.0   0.0  120
 5.475  117.5  90  72  96   1.563   0.0   0.0  120
 5.475  120.0  90  72  84  -4.688 150.0  30.0  110
 5.475  132.5  90  72  84   4.688 330.0  30.0  139
 5.475  135.0  90  72  87   4.688 330.0  30.0  128
 5.475  137.5  90  72  84   1.563 330.0  30.0  141
 5.475  145.0  90  72  81   4.688 150.0  30.0  142
 5.475  147.5  90  72  84  -1.563 150.0  30.0  157
 5.475  150.0  90  72  81  -4.688 330.0  30.0  162
 5.475  155.0  90  72  84  -4.688 330.0  30.0  160
 5.475  157.5  90  72  84  -4.688 150.0  30.0  155
 5.475  160.0  90  72  87  -4.688 150.0  30.0  154
 5.475  162.5  90  72  81   1.563 150.0  30.0  174
 5.475  165.0  90  72  87   4.688 330.0  30.0  176
 5.475  170.0  90  72  87   1.563 330.0  30.0  173
 5.475  172.5  90  72  90  -1.563 330.0  30.0  175
 5.475  175.0  90  72  90  -4.688 330.0  30.0  183
 5.475  177.5  90  72  84   1.563 330.0  30.0  169
 5.475  182.5  90  72  84  -1.563 330.0  30.0  174
 5.475  185.0  90  72  87   1.563 330.0  30.0  200
 5.475  187.5  90  72  90  -1.563 330.0  30.0  178
 5.475  190.0  90  72  87  -1.563 330.0  30.0  176
 5.475  192.5  90  72  87   1.563 330.0  30.0  200
 5.475  195.0  90  72  87   4.688 330.0  30.0  181
 5.475  197.5  90  72  84   1.563 330.0  30.0  198
 5.475  200.0  90  72  87  -1.563 330.0  30.0  189
 5.475  202.5  90  72  84  -1.563 330.0  30.0  192
 5.475  205.0  90  72  81  -1.563 330.0  30.0  208
 5.475  207.5  90  72  84   1.563 330.0  30.0  206
 5.475  210.0  90  72  87  -1.563 150.0  30.0  224
 5.475  212.5  90  72  87  -1.563 330.0  30.0  212
 5.475  215.0  90  72  87  -4.688 330.0  30.0  220
 5.475  217.5  90  72  90  -1.563 330.0  30.0  207
 5.475  220.0  90  72  84  -4.688 330.0  30.0  235
 5.475  222.5  90  72  90  -4.688 330.0  30.0  227
 5.475  225.0  90  72  90  -4.688 330.0  30.0  238
 5.475  227.5  90  72  87   4.688 330.0  30.0  219
 5.475  230.0  90  72  84   1.563 330.0  30.0  232
 5.475  232.5  90  72  87  -1.563 330.0  30.0  228
 5.475  235.0  90  72  81   4.688 150.0  30.0  235
 5.475  237.5  90  72  84  -1.563   0.0   0.0  242
 5.475  240.0  90  72  87  -4.688 330.0  30.0  251
 5.475  242.5  90  72  90  -4.688 330.0  30.0  235
 5.475  245.0  90  72  93  -4.688 330.0  30.0  244
 5.475  247.5  90  72  90  -4.688 330.0  30.0  236
 5.475  250.0  90  72  81   1.563 330.0  30.0  245
 5.475  252.5  90  72  81  -1.563 330.0  30.0  241
 5.475  257.5  90  72  81   1.563 330.0  30.0  245
 5.475  260.0  90  72  87   1.563 330.0  30.0  257
 5.475  262.5  90  72  87   4.688 330.0  30.0  270
 5.475  265.0  90  72  93   4.688 330.0  30.0  261
 5.475  267.5  90  72  87   4.688 150.0  30.0  256
 5.475  270.0  90  72  87  -4.688 150.0  30.0  279
 5.475  272.5  90  72  84   4.688 330.0  30.0  263
 5.475  275.0  90  72  84   1.563 330.0  30.0  287
 5.475  277.5  90  72  87   1.563 330.0  30.0  276
 5.475  280.0  90  72  87   1.563 330.0  30.0  292
 5.475  282.5  90  72  81   1.563 330.0  30.0  271
 5.475  285.0  90  72  84   1.563 330.0  30.0  283
 5.475  287.5  90  72  90   4.688 330.0  30.0  277
 5.475  290.0  90  72  90  -1.563 150.0  30.0  293
 5.475  292.5  90  72  90  -1.563   0.0   0.0  298
 5.475  295.0  90  72  84  -4.688 150.0  30.0  293
 5.475  297.5  90  72  90  -1.563 330.0  30.0  308
 5.475  300.0  90  72  87  -1.563 330.0  30.0  300
 5.475  305.0  90  72  81  -4.688 150.0  30.0  297
 5.475  307.5  90  72  87   1.563 330.0  30.0  305
 5.475  310.0  90  72  87   1.563 330.0  30.0  300
 5.475  312.5  90  72  87  -1.563 150.0  30.0  310
 5.475  315.0  90  72  87  -4.688 150.0  30.0  307
 5.475  317.5  90  72  90   1.563 330.0  30.0  322
 5.475  320.0  90  72  90  -1.563 330.0  30.0  320
 5.475  322.5  90  72  90  -4.688 330.0  30.0  328
 5.475  325.0  90  72  81   4.688 150.0  30.0  333
 5.475  327.5  90  72  87   4.688 330.0  30.0  341
 5.475  330.0  90  72  87   4.688 330.0  30.0  328
 5.475  332.5  90  72  84   4.688 330.0  30.0  335
 5.475  335.0  90  72  84  -4.688 330.0  30.0  344
 5.475  337.5  90  72  84  -1.563 330.0  30.0  345
 5.475  340.0  90  72  87   1.563 330.0  30.0  333
 5.475  342.5  90  72  87   1.563 150.0  30.0  337
 5.475  345.0  90  72  90   4.688 330.0  30.0  344
 5.475  347.5  90  72  87   4.688 330.0  30.0  350
 5.475  350.0  90  72  87   1.563 150.0  30.0  340
 5.475  352.5  90  72  87   1.563 330.0  30.0  355
 5.475  355.0  90  72  87   1.563 150.0  30.0  356
 5.475  357.5  90  72  84  -1.563 330.0  30.0  343
 5.475  360.0  90  72  84  -4.688 330.0  30.0  375
 5.475  362.5  90  72  81  -1.563 330.0  30.0  372
 5.475  365.0  90  72  84   1.563 330.0  30.0  358
 5.475  367.5  90  72  84   1.563 330.0  30.0  380
 5.475  372.5  90  72  81  -4.688 330.0  30.0  373
 5.475  375.0  90  72  87   4.688 330.0  30.0  374
 5.475  377.5  90  72  81   4.688 330.0  30.0  374
 5.475  380.0  90  72  84   4.688 330.0  30.0  390
 5.475  382.5  90  72  81  -1.563 150.0  30.0  397
 5.475  385.0  90  72  87  -4.688 330.0  30.0  396
 5.475  387.5  90  72  87  -1.563 330.0  30.0  399
 5.475  392.5  90  72  84   1.563 330.0  30.0  387
 5.475  395.0  90  72  87  -1.563 150.0  30.0  398
 5.475  397.5  90  72  87  -1.563 330.0  30.0  410
 5.475  400.0  90  72  81  -1.563   0.0   0.0  397
 5.475  402.5  90  72  81   1.563 330.0  30.0  409
 5.475  412.5  90  72  81   1.563 150.0  30.0  407
 5.475  415.0  90  72  81  -4.688 330.0  30.0  423
 5.475  420.0  90  72  84   4.688 150.0  30.0  420
 5.475  422.5  90  72  81  -1.563 330.0  30.0  436
 5.475  427.5  90  72  84   1.563 330.0  30.0  419
 5.475  435.0  90  72  84  -1.563 330.0  30.0  422
 5.475  437.5  90  72  84  -1.563 330.0  30.0  449
 5.475  442.5  90  72  81   4.688 330.0  30.0  456
 5.475  447.5  90  72  81  -1.563 330.0  30.0  439
 5.475  450.0  90  72  84  -4.688 150.0  30.0  457
 5.475  120.0 -90  72  90   1.563   0.0   0.0  127
 5.475  122.5 -90  72 102   1.563   0.0   0.0  126
 5.475  125.0 -90  72  84   1.563   0.0   0.0  127
 5.475  600.0 -90  72  81  -1.563 330.0  30.0  604
 5.475  620.0 -90  72  81  -1.563  90.0  30.0  610
 5.475  625.0 -90  72  84  -1.563 330.0  30.0  613
 5.475  627.5 -90  72  84   1.563 330.0  30.0  630
 5.475  630.0 -90  72  81   1.563  30.0  30.0  632
 5.475  635.0 -90  72  81   1.563 330.0  30.0  624
 5.475  637.5 -90  72  81   1.563 330.0  30.0  651
 5.475  645.0 -90  72  81   4.688 150.0  30.0  652
 5.475  647.5 -90  72  81   1.563 330.0  30.0  640
 5.475  650.0 -90  72  81  -4.688 330.0  30.0  657
 5.475  655.0 -90  72  84   1.563 330.0  30.0  659
 5.475  657.5 -90  72  81   4.688  90.0  30.0  665
 5.475  665.0 -90  72  81   1.563 330.0  30.0  667
 5.475  667.5 -90  72  81  -1.563 330.0  30.0  662
 5.475  670.0 -90  72  81  -4.688  90.0  30.0  664
 5.475  672.5 -90  72  84   1.563 150.0  30.0  667
 5.475  675.0 -90  72  84   1.563 330.0  30.0  661
 5.475  677.5 -90  72  87   1.563  90.0  30.0  663
 5.475  680.0 -90  72  81   1.563 330.0  30.0  672
 5.475  685.0 -90  72  81   1.563 330.0  30.0  673
 5.475  695.0 -90  72  84   4.688 330.0  30.0  682
 5.475  697.5 -90  72  87  -4.688 330.0  30.0  703
 5.475  700.0 -90  72  84   4.688  90.0  30.0  711
 5.475  702.5 -90  72  81   4.688 330.0  30.0  712
 5.475  705.0 -90  72  81   1.563 150.0  30.0  694
 5.475  707.5 -90  72  81   1.563 330.0  30.0  704
 5.475  715.0 -90  72  84   4.688 330.0  30.0  706
 5.475  717.5 -90  72  81  -4.688 330.0  30.0  721
 5.475  725.0 -90  72  84  -1.563 330.0  30.0  714
 5.475  727.5 -90  72  84  -1.563 330.0  30.0  725
 5.475  735.0 -90  72  84  -1.563 330.0  30.0  737
 5.475  737.5 -90  72  81   4.688 330.0  30.0  743
 5.475  742.5 -90  72  81   4.688 330.0  30.0  738
 5.475  745.0 -90  72  84   1.563 330.0  30.0  738
 5.475  747.5 -90  72  84  -1.563 330.0  30.0  734
 5.475  750.0 -90  72  84  -4.688 150.0  30.0  759
 5.475  752.5 -90  72  81   4.688 330.0  30.0  757
 5.475  755.0 -90  72  81  -1.563 330.0  30.0  760
 5.475  757.5 -90  72  81  -1.563 330.0  30.0  748
 5.475  760.0 -90  72  81  -4.688  90.0  30.0  772
 5.475  762.5 -90  72  84   4.688 330.0  30.0  772
 5.475  765.0 -90  72  81  -4.688 330.0  30.0  760
 5.475  767.5 -90  72  87  -1.563 330.0  30.0  780
 5.475  770.0 -90  72  84  -1.563 330.0  30.0  773
 5.475  772.5 -90  72  81   1.563 330.0  30.0  769
 5.475  777.5 -90  72  81   4.688 330.0  30.0  770
 5.475  780.0 -90  72  81   4.688 330.0  30.0  787
 5.475  782.5 -90  72  81  -4.688 330.0  30.0  779
 5.475  785.0 -90  72  81   1.563 330.0  30.0  779
 5.475  792.5 -90  72  81  -4.688 330.0  30.0  800
 5.475  797.5 -90  72  81  -1.563  90.0  30.0  801
 5.475  800.0 -90  72  84  -4.688 330.0  30.0  788
 5.475  802.5 -90  72  87   4.688 330.0  30.0  807
 5.475  805.0 -90  72  87  -4.688 330.0  30.0  804
 5.475  807.5 -90  72  81  -4.688  90.0  30.0  821
 5.475  820.0 -90  72  84   4.688 330.0  30.0  824
 5.475  822.5 -90  72  84   1.563 330.0  30.0  822
 5.475  825.0 -90  72  84   1.563  90.0  30.0  819
 5.475  827.5 -90  72  84   1.563 330.0  30.0  835
 5.475  830.0 -90  72  81   4.688  90.0  30.0  836
 5.475  832.5 -90  72  81   4.688 330.0  30.0  824
 5.475  835.0 -90  72  81  -1.563 330.0  30.0  844
 5.475  837.5 -90  72  84  -4.688 330.0  30.0  852
 5.475  840.0 -90  72  81  -4.688 330.0  30.0  837
 5.475  842.5 -90  72  81  -1.563  90.0  30.0  851
 5.475  845.0 -90  72  81   1.563 330.0  30.0  841
 5.475  847.5 -90  72  81  -4.688 330.0  30.0  854
 5.475  850.0 -90  72  81  -4.688 330.0  30.0  858
 5.475  855.0 -90  72  81   1.563  90.0  30.0  859
 5.475  862.5 -90  72  81  -4.688  90.0  30.0  849
 5.475  895.0 -90  72  81   1.563 330.0  30.0  904
 5.475  897.5 -90  72  81  -1.563 330.0  30.0  887
 5.500  115.0  90  72  99   1.563   0.0   0.0  120
 5.500  117.5  90  72  96   1.563   0.0   0.0  120
 5.500  235.0  90  72  84   1.563   0.0   0.0  241
 5.500  237.5  90  72  84   1.563   0.0   0.0  239
 5.500  290.0  90  72  84  -1.563   0.0   0.0  296
 5.500  292.5  90  72  90  -1.563   0.0   0.0  297
 5.500  295.0  90  72  81  -1.563   0.0   0.0  298
 5.500  787.5  90  72  81  -1.563 330.0  30.0  795
 5.500  807.5  90  72  81  -4.688 330.0  30.0  796
 5.500  815.0  90  72  81  -4.688 330.0  30.0  809
 5.500  817.5  90  72  81  -4.688 150.0  30.0  832
 5.500  827.5  90  72  81  -1.563 330.0  30.0  830
 5.500  847.5  90  72  81   4.688 330.0  30.0  833
 5.500  850.0  90  72  84   4.688 330.0  30.0  839
 5.500  852.5  90  72  81  -4.688 150.0  30.0  866
 5.500  862.5  90  72  81   1.563 150.0  30.0  863
 5.500  880.0  90  72  81  -4.688 330.0  30.0  875
 5.500  882.5  90  72  81  -1.563 150.0  30.0  895
 5.500  912.5  90  72  81   1.563 330.0  30.0  913
 5.500  915.0  90  72  84   1.563 330.0  30.0  913
 5.500  917.5  90  72  81   4.688 330.0  30.0  916
 5.500  920.0  90  72  81  -4.688 330.0  30.0  928
 5.500  942.5  90  72  84  -1.563 150.0  30.0  947
 5.500  945.0  90  72  81  -1.563   0.0   0.0  940
 5.500  977.5  90  72  81  -4.688 270.0  30.0  984
 5.500 1005.0  90  72  81  -4.688 330.0  30.0 1014
 5.500  120.0 -90  72  93   1.563   0.0   0.0  126
 5.500  122.5 -90  72 102   1.563   0.0   0.0  126
 5.500  125.0 -90  72  81   1.563   0.0   0.0  126
 5.525  115.0  90  72  99   1.563   0.0   0.0  120
 5.525  117.5  90  72  93   1.563   0.0   0.0  120
 5.525  235.0  90  72  84   1.563   0.0   0.0  240
 5.525  237.5  90  72  84  -1.563   0.0   0.0  240
 5.525  292.5  90  72  84  -1.563   0.0   0.0  299
 5.525  295.0  90  72  87  -1.563   0.0   0.0  300
 5.525  297.5  90  72  87  -1.563   0.0   0.0  302
 5.525  120.0 -90  72  93   1.563   0.0   0.0  126
 5.525  122.5 -90  72 102   1.563   0.0   0.0  126
 5.550  115.0  90  72  99   1.563   0.0   0.0  120
 5.550  117.5  90  72  93   1.563   0.0   0.0  120
 5.550  235.0  90  72  84  -1.563   0.0   0.0  240
 5.550  237.5  90  72  84   1.563   0.0   0.0  241
 5.550  295.0  90  72  81   1.563   0.0   0.0  301
 5.550  297.5  90  72  90  -1.563   0.0   0.0  302
 5.550  300.0  90  72  90  -1.563   0.0   0.0  304
 5.550  120.0 -90  72  96   1.563   0.0   0.0  126
 5.550  122.5 -90  72 102   1.563   0.0   0.0  126
 5.550  125.0 -90  72  81   1.563   0.0   0.0  122
 5.575  115.0  90  72  99   1.563   0.0   0.0  120
 5.575  117.5  90  72  93   1.563   0.0   0.0  120
 5.575  235.0  90  72  84   1.563   0.0   0.0  239
 5.575  237.5  90  72  81   1.563   0.0   0.0  241
 5.575  297.5  90  72  84  -1.563   0.0   0.0  303
 5.575  300.0  90  72  90  -1.563   0.0   0.0  305
 5.575  302.5  90  72  87   1.563   0.0   0.0  306
 5.575  120.0 -90  69  99   1.563   0.0   0.0  126
 5.575  122.5 -90  69  99   1.563   0.0   0.0  125
 5.575  235.0 -90  69  81   1.563 330.0  30.0  230
 5.600  115.0  90  72  99   1.563   0.0   0.0  119
 5.600  117.5  90  72  93   1.563   0.0   0.0  119
 5.600  235.0  90  72  84   1.563   0.0   0.0  239
 5.600  300.0  90  72  84  -1.563   0.0   0.0  307
 5.600  302.5  90  72  90  -1.563   0.0   0.0  308
 5.600  305.0  90  72  87  -1.563   0.0   0.0  309
 5.600  120.0 -90  72  99   1.563   0.0   0.0  125
 5.600  122.5 -90  72  99   1.563   0.0   0.0  125
 5.600  235.0 -90  72  81   1.563  90.0  30.0  238
 5.625  115.0  90  72  99   1.563   0.0   0.0  120
 5.625  117.5  90  72  93   1.563   0.0   0.0  120
 5.625  235.0  90  72  81   1.563   0.0   0.0  239
 5.625  302.5  90  72  84  -1.563   0.0   0.0  308
 5.625  305.0  90  72  90  -1.563   0.0   0.0  310
 5.625  307.5  90  72  90  -1.563   0.0   0.0  312
 5.625  120.0 -90  72  99   1.563   0.0   0.0  125
 5.625  122.5 -90  72  99   1.563   0.0   0.0  125
 5.625  235.0 -90  72  81  -1.563  90.0  30.0  238
 5.650  115.0  90  72  99   1.563   0.0   0.0  120
 5.650  117.5  90  72  93   1.563   0.0   0.0  120
 5.650  305.0  90  72  81  -1.563   0.0   0.0  311
 5.650  307.5  90  72  93  -1.563   0.0   0.0  313
 5.650  310.0  90  72  93  -1.563   0.0   0.0  315
 5.650  312.5  90  72  84  -1.563   0.0   0.0  316
 5.650  120.0 -90  72 102   1.563   0.0   0.0  125
 5.650  122.5 -90  72  99   1.563   0.0   0.0  125
 5.650  235.0 -90  72  81  -1.563 270.0  30.0  238
 5.675  115.0  90  72  99   1.563   0.0   0.0  120
 5.675  117.5  90  72  93   1.563   0.0   0.0  120
 5.675  307.5  90  72  84  -1.563   0.0   0.0  316
 5.675  310.0  90  72  93  -1.563   0.0   0.0  315
 5.675  312.5  90  72  93  -1.563   0.0   0.0  317
 5.675  315.0  90  72  81  -1.563   0.0   0.0  317
 5.675  120.0 -90  72 102   1.563   0.0   0.0  125
 5.675  122.5 -90  72  99   1.563   0.0   0.0  125
 5.700  115.0  90  72  99   1.563   0.0   0.0  120
 5.700  117.5  90  72  93   1.563   0.0   0.0  120
 5.700  310.0  90  72  81   1.563   0.0   0.0  316
 5.700  312.5  90  72  90  -1.563   0.0   0.0  318
 5.700  315.0  90  72  90  -1.563   0.0   0.0  319
 5.700  317.5  90  72  81  -1.563   0.0   0.0  321
 5.700  120.0 -90  72 102   1.563   0.0   0.0  125
 5.700  122.5 -90  72  96   1.563   0.0   0.0  125
 5.725  115.0  90  72  99   1.563   0.0   0.0  120
 5.725  117.5  90  72  90   1.563   0.0   0.0  119
 5.725  312.5  90  72  81  -1.563   0.0   0.0  319
 5.725  315.0  90  72  93  -1.563   0.0   0.0  320
 5.725  317.5  90  72  93  -1.563   0.0   0.0  321
 5.725  117.5 -90  72  81  -1.563  30.0  30.0  124
 5.725  120.0 -90  72 102   1.563   0.0   0.0  125
 5.725  122.5 -90  72  96   1.563   0.0   0.0  125
 5.725  235.0 -90  72  81  -1.563  90.0  30.0  239
 5.750  115.0  90  72  99   1.563   0.0   0.0  119
 5.750  117.5  90  72  90   1.563   0.0   0.0  122
 5.750  235.0  90  72  81   1.563  90.0  30.0  234
 5.750  315.0  90  72  87  -1.563   0.0   0.0  321
 5.750  317.5  90  72  96  -1.563   0.0   0.0  322
 5.750  320.0  90  72  90  -1.563   0.0   0.0  324
 5.750  587.5  90  72  81   1.563 330.0  30.0  591
 5.750  590.0  90  72  81  -1.563 330.0  30.0  593
 5.750  592.5  90  72  81  -1.563 150.0  30.0  585
 5.750  600.0  90  72  81  -4.688 150.0  30.0  590
 5.750  617.5  90  72  81   1.563 270.0  30.0  632
 5.750  657.5  90  72  81   1.563   0.0   0.0  656
 5.750  660.0  90  72  81   1.563 330.0  30.0  662
 5.750  662.5  90  72  81  -1.563 150.0  30.0  662
 5.750  697.5  90  72  81   4.688 330.0  30.0  699
 5.750  715.0  90  72  81   1.563 330.0  30.0  701
 5.750  717.5  90  72  81   4.688 330.0  30.0  732
 5.750  720.0  90  72  81  -4.688   0.0   0.0  711
 5.750  762.5  90  72  81   4.688 330.0  30.0  765
 5.750  765.0  90  72  81   4.688   0.0   0.0  770
 5.750  770.0  90  72  81  -1.563 330.0  30.0  771
 5.750  772.5  90  72  81   1.563   0.0   0.0  764
 5.750  945.0  90  72  81  -4.688 330.0  30.0  942
 5.750  955.0  90  72  81  -4.688 150.0  30.0  957
 5.750  980.0  90  72  81  -4.688 330.0  30.0  981
 5.750  992.5  90  72  81  -4.688 150.0  30.0  990
 5.750  995.0  90  72  81  -4.688 330.0  30.0  995
 5.750 1030.0  90  72  81  -1.563   0.0   0.0 1040
 5.750 1032.5  90  72  81  -1.563 330.0  30.0 1030
 5.750 1042.5  90  72  81   4.688   0.0   0.0 1045
 5.750 1070.0  90  72  81   1.563 330.0  30.0 1055
 5.750 1075.0  90  72  81  -1.563   0.0   0.0 1083
 5.750 1077.5  90  72  81  -1.563 150.0  30.0 1083
 5.750 1082.5  90  72  84   4.688 330.0  30.0 1088
 5.750 1115.0  90  72  81  -4.688   0.0   0.0 1130
 5.750 1130.0  90  72  81  -1.563 150.0  30.0 1132
 5.750 1135.0  90  72  81  -1.563 330.0  30.0 1140
 5.750 1137.5  90  72  81   1.563 330.0  30.0 1129
 5.750 1160.0  90  72  81  -4.688   0.0   0.0 1154
 5.750 1170.0  90  72  81   1.563 150.0  30.0 1160
 5.750  120.0 -90  75 102   1.563   0.0   0.0  124
 5.750  122.5 -90  75  93   1.563   0.0   0.0  124
 5.775  115.0  90  60  87   1.563   0.0   0.0  120
 5.775  117.5  90  60  78   1.563   0.0   0.0  120
 5.775  235.0  90  60  72   1.563  90.0  30.0  238
 5.775  315.0  90  60  75  -1.563   0.0   0.0  321
 5.775  317.5  90  60  75  -1.563   0.0   0.0  323
 5.775  320.0  90  60  84  -1.563   0.0   0.0  324
 5.775 1152.5  90  60  69   4.688 150.0  30.0 1143
 5.775 1155.0  90  60  72  -1.563 330.0  30.0 1169
 5.775 1160.0  90  60  69   1.563 330.0  30.0 1174
 5.775 1162.5  90  60  69  -1.563   0.0   0.0 1163
 5.775 1172.5  90  60  72  -4.688 330.0  30.0 1170
 5.775 1177.5  90  60  69   1.563 330.0  30.0 1175
 5.775 1180.0  90  60  72   4.688 330.0  30.0 1189
 5.775 1182.5  90  60  69   1.563 150.0  30.0 1186
 5.775 1187.5  90  60  72   4.688 330.0  30.0 1201
 5.775 1190.0  90  60  72  -1.563 150.0  30.0 1190
 5.775 1192.5  90  60  69  -1.563   0.0   0.0 1184
 5.775 1195.0  90  60  69  -4.688 330.0  30.0 1202
 5.775 1200.0  90  60  69  -1.563 330.0  30.0 1203
 5.775 1207.5  90  60  72   1.563 330.0  30.0 1218
 5.775 1212.5  90  60  72   4.688 330.0  30.0 1199
 5.775 1215.0  90  60  69   1.563 150.0  30.0 1220
 5.775 1217.5  90  60  72  -1.563 150.0  30.0 1211
 5.775 1220.0  90  60  72   1.563 330.0  30.0 1220
 5.775 1222.5  90  60  69   1.563 330.0  30.0 1224
 5.775 1225.0  90  60  75   1.563 330.0  30.0 1215
 5.775 1227.5  90  60  69   1.563 330.0  30.0 1231
 5.775 1230.0  90  60  72   1.563 150.0  30.0 1223
 5.775 1232.5  90  60  75  -1.563 150.0  30.0 1247
 5.775 1235.0  90  60  75   4.688 330.0  30.0 1228
 5.775 1245.0  90  60  69   4.688   0.0   0.0 1233
 5.775 1250.0  90  60  72   4.688 330.0  30.0 1256
 5.775 1252.5  90  60  69   4.688   0.0   0.0 1247
 5.775 1255.0  90  60  69  -1.563 330.0  30.0 1242
 5.775 1257.5  90  60  75  -4.688 150.0  30.0 1249
 5.775 1260.0  90  60  72   4.688 150.0  30.0 1249
 5.775 1262.5  90  60  69   4.688 150.0  30.0 1275
 5.775 1267.5  90  60  69   4.688 330.0  30.0 1277
 5.775 1270.0  90  60  72  -4.688 330.0  30.0 1274
 5.775 1272.5  90  60  69   1.563   0.0   0.0 1265
 5.775 1275.0  90  60  69   4.688 150.0  30.0 1284
 5.775 1282.5  90  60  72   1.563 150.0  30.0 1268
 5.775   87.5 -90  60  69   4.688  90.0  30.0   95
 5.775  112.5 -90  60  69  -1.563 150.0  30.0  127
 5.775  117.5 -90  60  72  -1.563   0.0   0.0  126
 5.775  120.0 -90  60  90   1.563   0.0   0.0  124
 5.775  122.5 -90  60  78   1.563   0.0   0.0  125
 5.775  125.0 -90  60  69   1.563  90.0  30.0  127
 5.775  132.5 -90  60  69   4.688  90.0  30.0  137
 5.775  140.0 -90  60  69   4.688  90.0  30.0  154
 5.775  142.5 -90  60  69   4.688   0.0   0.0  150
 5.775  152.5 -90  60  69  -1.563 330.0  30.0  157
 5.775  155.0 -90  60  69   4.688 150.0  30.0  167
 5.775  170.0 -90  60  69   4.688  90.0  30.0  165
 5.775  172.5 -90  60  69  -1.563 330.0  30.0  182
 5.775  175.0 -90  60  69  -4.688  90.0  30.0  175
 5.775  177.5 -90  60  72   4.688 330.0  30.0  181
 5.775  182.5 -90  60  72   1.563 330.0  30.0  184
 5.775  190.0 -90  60  69   4.688  90.0  30.0  192
 5.775  192.5 -90  60  72   1.563 150.0  30.0  186
 5.775  195.0 -90  60  72   1.563 150.0  30.0  188
 5.775  205.0 -90  60  72   4.688 150.0  30.0  196
 5.775  207.5 -90  60  69   1.563 330.0  30.0  207
 5.775  210.0 -90  60  69   1.563 330.0  30.0  198
 5.775  212.5 -90  60  69   1.563 150.0  30.0  226
 5.775  215.0 -90  60  69  -1.563  90.0  30.0  217
 5.775  217.5 -90  60  72  -1.563 330.0  30.0  218
 5.775  222.5 -90  60  69   4.688  90.0  30.0  210
 5.775  230.0 -90  60  72  -1.563 150.0  30.0  223
 5.775  232.5 -90  60  69   4.688  90.0  30.0  247
 5.775  235.0 -90  60  69  -1.563  90.0  30.0  245
 5.775  237.5 -90  60  69   1.563 150.0  30.0  229
 5.775  252.5 -90  60  69  -1.563 330.0  30.0  267
 5.775  257.5 -90  60  69   4.688 330.0  30.0  265
 5.775  262.5 -90  60  69   4.688 330.0  30.0  250
 5.775  265.0 -90  60  69  -4.688  90.0  30.0  277
 5.775  267.5 -90  60  72  -1.563 330.0  30.0  269
 5.775  270.0 -90  60  69  -1.563 330.0  30.0  256
 5.775  272.5 -90  60  69  -1.563  90.0  30.0  268
 5.775  275.0 -90  60  69  -4.688  90.0  30.0  273
 5.775  280.0 -90  60  69  -4.688 330.0  30.0  283
 5.775  282.5 -90  60  69  -4.688   0.0   0.0  277
 5.775  285.0 -90  60  69  -1.563 330.0  30.0  277
 5.775  305.0 -90  60  72  -1.563 330.0  30.0  304
 5.775  307.5 -90  60  69   4.688 150.0  30.0  306
 5.775  332.5 -90  60  69   4.688 330.0  30.0  326
 5.775  335.0 -90  60  69  -4.688 330.0  30.0  340
 5.775  362.5 -90  60  69  -1.563  90.0  30.0  358
 5.775  365.0 -90  60  69   1.563  90.0  30.0  359
 5.800   80.0  90  60  69  -4.688 330.0  30.0   72
 5.800   82.5  90  60  69  -4.688 150.0  30.0   75
 5.800   85.0  90  60  69  -1.563   0.0   0.0   89
 5.800   87.5  90  60  69  -4.688   0.0   0.0   97
 5.800   90.0  90  60  72   1.563 330.0  30.0   76
 5.800   97.5  90  60  69   1.563 150.0  30.0  102
 5.800  100.0  90  60  69   1.563 150.0  30.0  111
 5.800  105.0  90  60  69  -4.688 330.0  30.0  112
 5.800  112.5  90  60  69  -4.688 330.0  30.0   99
 5.800  115.0  90  60  87   1.563   0.0   0.0  120
 5.800  117.5  90  60  75  -1.563   0.0   0.0  120
 5.800  120.0  90  60  72   1.563 330.0  30.0  127
 5.800  125.0  90  60  72  -1.563   0.0   0.0  116
 5.800  127.5  90  60  72   4.688 150.0  30.0  122
 5.800  130.0  90  60  72   4.688 330.0  30.0  122
 5.800  132.5  90  60  69   1.563 330.0  30.0  118
 5.800  135.0  90  60  69  -4.688 150.0  30.0  137
 5.800  140.0  90  60  69   4.688   0.0   0.0  128
 5.800  147.5  90  60  69  -4.688 330.0  30.0  144
 5.800  150.0  90  60  69   1.563 330.0  30.0  161
 5.800  160.0  90  60  69   4.688 330.0  30.0  168
 5.800  162.5  90  60  72   1.563 330.0  30.0  151
 5.800  165.0  90  60  72  -4.688 330.0  30.0  170
 5.800  167.5  90  60  72   1.563   0.0   0.0  155
 5.800  170.0  90  60  72   4.688 330.0  30.0  166
 5.800  172.5  90  60  72  -1.563 150.0  30.0  159
 5.800  175.0  90  60  75   4.688 330.0  30.0  189
 5.800  177.5  90  60  72  -4.688   0.0   0.0  172
 5.800  180.0  90  60  69   4.688 330.0  30.0  190
 5.800  182.5  90  60  69  -4.688 330.0  30.0  184
 5.800  185.0  90  60  69   1.563 330.0  30.0  187
 5.800  187.5  90  60  69   1.563 330.0  30.0  202
 5.800  190.0  90  60  69  -1.563 150.0  30.0  190
 5.800  192.5  90  60  72  -4.688 150.0  30.0  194
 5.800  195.0  90  60  69   1.563   0.0   0.0  198
 5.800  200.0  90  60  75  -1.563 330.0  30.0  186
 5.800  202.5  90  60  72   4.688 330.0  30.0  194
 5.800  205.0  90  60  72   1.563 150.0  30.0  209
 5.800  207.5  90  60  72   4.688 330.0  30.0  199
 5.800  212.5  90  60  69  -4.688 150.0  30.0  222
 5.800  215.0  90  60  72  -4.688 330.0  30.0  221
 5.800  217.5  90  60  78   1.563   0.0   0.0  215
 5.800  220.0  90  60  75  -1.563 330.0  30.0  226
 5.800  222.5  90  60  72  -1.563 150.0  30.0  225
 5.800  225.0  90  60  75   4.688 330.0  30.0  210
 5.800  227.5  90  60  78  -1.563   0.0   0.0  234
 5.800  230.0  90  60  72   4.688   0.0   0.0  227
 5.800  232.5  90  60  72   4.688   0.0   0.0  233
 5.800  235.0  90  60  78   4.688 330.0  30.0  243
 5.800  237.5  90  60  81   1.563   0.0   0.0  244
 5.800  240.0  90  60  78  -4.688 330.0  30.0  255
 5.800  242.5  90  60  69  -4.688   0.0   0.0  236
 5.800  245.0  90  60  72   4.688 150.0  30.0  254
 5.800  247.5  90  60  78  -1.563 330.0  30.0  238
 5.800  250.0  90  60  69  -4.688 150.0  30.0  248
 5.800  252.5  90  60  72   4.688 330.0  30.0  265
 5.800  255.0  90  60  78  -4.688 150.0  30.0  250
 5.800  257.5  90  60  78   4.688   0.0   0.0  243
 5.800  260.0  90  60  81   1.563 330.0  30.0  269
 5.800  262.5  90  60  69   1.563 330.0  30.0  255
 5.800  265.0  90  60  72   4.688   0.0   0.0  278
 5.800  267.5  90  60  75  -4.688 330.0  30.0  274
 5.800  270.0  90  60  72  -1.563 330.0  30.0  280
 5.800  272.5  90  60  75   1.563 330.0  30.0  277
 5.800  275.0  90  60  75   1.563 330.0  30.0  273
 5.800  277.5  90  60  75  -1.563   0.0   0.0  286
 5.800  280.0  90  60  75   1.563 330.0  30.0  287
 5.800  282.5  90  60  72   1.563 150.0  30.0  270
 5.800  285.0  90  60  72   4.688 150.0  30.0  296
 5.800  287.5  90  60  78   1.563 330.0  30.0  293
 5.800  290.0  90  60  78   4.688 330.0  30.0  288
 5.800  292.5  90  60  75   1.563 330.0  30.0  281
 5.800  295.0  90  60  75   1.563 330.0  30.0  308
 5.800  297.5  90  60  81  -1.563 150.0  30.0  308
 5.800  300.0  90  60  72  -4.688 150.0  30.0  296
 5.800  302.5  90  60  78  -1.563 330.0  30.0  289
 5.800  305.0  90  60  72  -4.688 330.0  30.0  292
 5.800  307.5  90  60  72   4.688   0.0   0.0  304
 5.800  310.0  90  60  69   4.688 150.0  30.0  300
 5.800  312.5  90  60  75  -1.563   0.0   0.0  324
 5.800  315.0  90  60  75  -4.688   0.0   0.0  328
 5.800  317.5  90  60  81  -1.563   0.0   0.0  322
 5.800  320.0  90  60  84  -1.563   0.0   0.0  324
 5.800  322.5  90  60  72   1.563   0.0   0.0  325
 5.800  325.0  90  60  75   4.688 150.0  30.0  320
 5.800  327.5  90  60  72  -4.688 330.0  30.0  334
 5.800  330.0  90  60  69   4.688 150.0  30.0  333
 5.800  332.5  90  60  78   1.563 330.0  30.0  341
 5.800  335.0  90  60  78  -1.563 150.0  30.0  332
 5.800  337.5  90  60  72   4.688 150.0  30.0  351
 5.800  340.0  90  60  72   4.688 150.0  30.0  352
 5.800  342.5  90  60  72   1.563 330.0  30.0  328
 5.800  345.0  90  60  78   1.563 150.0  30.0  359
 5.800  347.5  90  60  81  -1.563 330.0  30.0  353
 5.800  350.0  90  60  75  -4.688 330.0  30.0  357
 5.800  352.5  90  60  75  -4.688 330.0  30.0  359
 5.800  355.0  90  60  75  -1.563   0.0   0.0  360
 5.800  357.5  90  60  78   1.563   0.0   0.0  354
 5.800  360.0  90  60  78   1.563 330.0  30.0  353
 5.800  362.5  90  60  78   4.688 330.0  30.0  355
 5.800  365.0  90  60  72   4.688 330.0  30.0  352
 5.800  367.5  90  60  69   1.563 330.0  30.0  373
 5.800  370.0  90  60  78  -4.688 330.0  30.0  385
 5.800  372.5  90  60  75  -4.688   0.0   0.0  373
 5.800  380.0  90  60  78   1.563   0.0   0.0  382
 5.800  382.5  90  60  72   4.688 150.0  30.0  382
 5.800  385.0  90  60  72  -4.688 330.0  30.0  391
 5.800  387.5  90  60  72   4.688 150.0  30.0  382
 5.800  390.0  90  60  72   4.688 330.0  30.0  384
 5.800  392.5  90  60  69  -1.563   0.0   0.0  388
 5.800  395.0  90  60  75   1.563 150.0  30.0  401
 5.800  397.5  90  60  78   1.563 330.0  30.0  388
 5.800  400.0  90  60  78  -1.563 330.0  30.0  407
 5.800  402.5  90  60  78   1.563 330.0  30.0  403
 5.800  405.0  90  60  75   1.563 150.0  30.0  394
 5.800  407.5  90  60  72   1.563   0.0   0.0  417
 5.800  410.0  90  60  78   4.688 330.0  30.0  400
 5.800  412.5  90  60  69  -4.688   0.0   0.0  408
 5.800  415.0  90  60  78  -4.688 330.0  30.0  425
 5.800  417.5  90  60  78  -1.563 330.0  30.0  425
 5.800  420.0  90  60  72  -1.563 330.0  30.0  427
 5.800  422.5  90  60  81  -1.563 330.0  30.0  412
 5.800  425.0  90  60  78  -4.688 150.0  30.0  418
 5.800  427.5  90  60  69  -4.688 330.0  30.0  431
 5.800  430.0  90  60  75   1.563 330.0  30.0  434
 5.800  432.5  90  60  69   4.688 330.0  30.0  437
 5.800  435.0  90  60  72  -4.688 150.0  30.0  446
 5.800  437.5  90  60  75   1.563 330.0  30.0  452
 5.800  440.0  90  60  75   1.563 330.0  30.0  425
 5.800  442.5  90  60  72  -1.563 150.0  30.0  440
 5.800  445.0  90  60  75   4.688   0.0   0.0  448
 5.800  447.5  90  60  75   4.688 150.0  30.0  436
 5.800  450.0  90  60  72   1.563   0.0   0.0  458
 5.800  452.5  90  60  72   4.688   0.0   0.0  443
 5.800  455.0  90  60  72  -4.688   0.0   0.0  448
 5.800  457.5  90  60  78   1.563 330.0  30.0  463
 5.800  460.0  90  60  78  -1.563 150.0  30.0  475
 5.800  462.5  90  60  78   4.688   0.0   0.0  455
 5.800  465.0  90  60  69   4.688 150.0  30.0  450
 5.800  467.5  90  60  72  -4.688 150.0  30.0  464
 5.800  470.0  90  60  75  -1.563 150.0  30.0  482
 5.800  472.5  90  60  72   1.563 330.0  30.0  479
 5.800  475.0  90  60  75   4.688 330.0  30.0  478
 5.800  477.5  90  60  72   4.688 330.0  30.0  489
 5.800  480.0  90  60  75  -4.688   0.0   0.0  492
 5.800  482.5  90  60  72   1.563   0.0   0.0  468
 5.800  485.0  90  60  72  -1.563 330.0  30.0  476
 5.800  487.5  90  60  75  -1.563 150.0  30.0  493
 5.800  492.5  90  60  72  -1.563 330.0  30.0  498
 5.800  495.0  90  60  72  -1.563   0.0   0.0  495
 5.800  497.5  90  60  81   1.563 330.0  30.0  497
 5.800  500.0  90  60  78  -4.688 330.0  30.0  508
 5.800  502.5  90  60  75  -1.563 330.0  30.0  515
 5.800  505.0  90  60  72  -1.563 330.0  30.0  519
 5.800  507.5  90  60  78   1.563   0.0   0.0  522
 5.800  510.0  90  60  72  -4.688 330.0  30.0  521
 5.800  512.5  90  60  69  -4.688 150.0  30.0  514
 5.800  515.0  90  60  69  -1.563   0.0   0.0  513
 5.800  517.5  90  60  69  -1.563 330.0  30.0  530
 5.800  520.0  90  60  69   1.563 330.0  30.0  533
 5.800  522.5  90  60  69   1.563   0.0   0.0  531
 5.800  525.0  90  60  72  -1.563 330.0  30.0  516
 5.800  527.5  90  60  69  -4.688 150.0  30.0  529
 5.800  530.0  90  60  75  -4.688 330.0  30.0  540
 5.800  532.5  90  60  78   1.563   0.0   0.0  530
 5.800  535.0  90  60  75   4.688 330.0  30.0  545
 5.800  537.5  90  60  75   1.563 330.0  30.0  543
 5.800  540.0  90  60  75   4.688 330.0  30.0  542
 5.800  542.5  90  60  75   1.563 330.0  30.0  555
 5.800  545.0  90  60  75   4.688 330.0  30.0  555
 5.800  550.0  90  60  72  -4.688 330.0  30.0  557
 5.800  552.5  90  60  72   4.688 150.0  30.0  547
 5.800  555.0  90  60  72  -1.563 330.0  30.0  550
 5.800  560.0  90  60  72   1.563 330.0  30.0  565
 5.800  567.5  90  60  69   1.563 150.0  30.0  558
 5.800  572.5  90  60  72   4.688 330.0  30.0  563
 5.800  575.0  90  60  75  -1.563   0.0   0.0  578
 5.800  577.5  90  60  72  -4.688 330.0  30.0  569
 5.800  580.0  90  60  69  -1.563 150.0  30.0  570
 5.800  582.5  90  60  72   1.563 150.0  30.0  585
 5.800  585.0  90  60  72  -4.688 330.0  30.0  598
 5.800  592.5  90  60  72   1.563 330.0  30.0  596
 5.800  597.5  90  60  69   4.688 330.0  30.0  592
 5.800  600.0  90  60  69   4.688 150.0  30.0  605
 5.800  607.5  90  60  69   4.688   0.0   0.0  605
 5.800  615.0  90  60  69  -4.688 330.0  30.0  610
 5.800  620.0  90  60  69   4.688 150.0  30.0  632
 5.800  630.0  90  60  69  -1.563 150.0  30.0  634
 5.800  632.5  90  60  72   1.563 330.0  30.0  634
 5.800  637.5  90  60  69   1.563 150.0  30.0  645
 5.800  642.5  90  60  69  -4.688 150.0  30.0  642
 5.800  645.0  90  60  69  -4.688 330.0  30.0  633
 5.800  647.5  90  60  69  -1.563 330.0  30.0  638
 5.800  650.0  90  60  69   1.563   0.0   0.0  649
 5.800  655.0  90  60  69   4.688  90.0  30.0  660
 5.800  660.0  90  60  72  -4.688 150.0  30.0  667
 5.800  662.5  90  60  69  -1.563 330.0  30.0  660
 5.800  665.0  90  60  69  -4.688   0.0   0.0  662
 5.800  667.5  90  60  72   4.688 150.0  30.0  681
 5.800  670.0  90  60  72   4.688 330.0  30.0  661
 5.800  672.5  90  60  69  -4.688 150.0  30.0  660
 5.800  685.0  90  60  69   4.688   0.0   0.0  690
 5.800  690.0  90  60  69   1.563 150.0  30.0  679
 5.800  692.5  90  60  69  -1.563   0.0   0.0  700
 5.800  117.5 -90  60  69   1.563   0.0   0.0  123
 5.800  120.0 -90  60  87   1.563   0.0   0.0  124
 5.800  122.5 -90  60  78   1.563   0.0   0.0  124
 5.800  632.5 -90  60  69   4.688  90.0  30.0  626
 5.800  660.0 -90  60  69   4.688 330.0  30.0  651
 5.800  672.5 -90  60  69   4.688 330.0  30.0  669
 5.800  682.5 -90  60  69  -1.563  90.0  30.0  682
 5.800  687.5 -90  60  69   1.563 150.0  30.0  701
 5.800  695.0 -90  60  69   1.563 150.0  30.0  687
 5.800  697.5 -90  60  69  -4.688 150.0  30.0  688
 5.800  702.5 -90  60  69  -1.563  90.0  30.0  700
 5.800  707.5 -90  60  69  -1.563 150.0  30.0  698
 5.800  715.0 -90  60  69   4.688 150.0  30.0  708
 5.800  730.0 -90  60  72  -4.688 150.0  30.0  730
 5.800  732.5 -90  60  69   4.688 330.0  30.0  743
 5.800  737.5 -90  60  72  -1.563 330.0  30.0  730
 5.800  740.0 -90  60  69   4.688 330.0  30.0  731
 5.800  747.5 -90  60  69   1.563 150.0  30.0  739
 5.800  755.0 -90  60  69   4.688 150.0  30.0  761
 5.800  757.5 -90  60  69   4.688 150.0  30.0  761
 5.800  760.0 -90  60  69   1.563 150.0  30.0  755
 5.800  770.0 -90  60  69  -1.563  90.0  30.0  773
 5.800  777.5 -90  60  72  -4.688 330.0  30.0  792
 5.800  780.0 -90  60  75   4.688 330.0  30.0  767
 5.800  782.5 -90  60  72   4.688 330.0  30.0  771
 5.800  787.5 -90  60  69   4.688  90.0  30.0  791
 5.800  790.0 -90  60  72  -4.688 150.0  30.0  792
 5.800  792.5 -90  60  72  -1.563 150.0  30.0  781
 5.800  795.0 -90  60  69  -1.563 330.0  30.0  802
 5.800  797.5 -90  60  69   4.688 330.0  30.0  788
 5.800  800.0 -90  60  69   4.688  90.0  30.0  785
 5.800  810.0 -90  60  69   4.688 330.0  30.0  813
 5.800  815.0 -90  60  69   4.688 330.0  30.0  817
 5.800  817.5 -90  60  69   4.688 150.0  30.0  804
 5.800  820.0 -90  60  69  -4.688 150.0  30.0  822
 5.800  825.0 -90  60  69   4.688 150.0  30.0  826
 5.800  827.5 -90  60  69  -1.563 330.0  30.0  835
 5.800  830.0 -90  60  69   1.563 330.0  30.0  836
 5.800  832.5 -90  60  69   1.563 150.0  30.0  830
 5.800  840.0 -90  60  69  -1.563 330.0  30.0  838
 5.800  845.0 -90  60  69   1.563 330.0  30.0  831
 5.800  847.5 -90  60  69   4.688  90.0  30.0  837
 5.800  850.0 -90  60  72  -1.563 330.0  30.0  844
 5.800  852.5 -90  60  69  -1.563 330.0  30.0  841
 5.800  862.5 -90  60  72  -4.688 330.0  30.0  870
 5.800  865.0 -90  60  75  -4.688 330.0  30.0  867
 5.800  867.5 -90  60  69  -4.688  90.0  30.0  860
 5.800  882.5 -90  60  69   1.563 330.0  30.0  887
 5.800  885.0 -90  60  72   4.688 330.0  30.0  897
 5.800  887.5 -90  60  69   4.688  90.0  30.0  883
 5.800  892.5 -90  60  72  -4.688 330.0  30.0  888
 5.800  905.0 -90  60  72   1.563 150.0  30.0  908
 5.800  907.5 -90  60  72  -1.563  90.0  30.0  903
 5.800  910.0 -90  60  69  -1.563 150.0  30.0  905
 5.800  920.0 -90  60  69   1.563  90.0  30.0  921
 5.800  922.5 -90  60  69  -4.688 150.0  30.0  914
 5.800  927.5 -90  60  72  -1.563 150.0  30.0  935
 5.800  930.0 -90  60  72   4.688 150.0  30.0  934
 5.800  940.0 -90  60  69   4.688 330.0  30.0  942
 5.800  942.5 -90  60  72   4.688 330.0  30.0  948
 5.800  947.5 -90  60  69   1.563  90.0  30.0  933
 5.800  960.0 -90  60  69  -4.688  90.0  30.0  975
 5.800  967.5 -90  60  69   1.563  90.0  30.0  965
 5.800  982.5 -90  60  69  -1.563   0.0   0.0  989
 5.800  997.5 -90  60  69   4.688 150.0  30.0  997
 5.800 1000.0 -90  60  69  -4.688  30.0  30.0  995
 5.825  112.5  90  60  69   1.563   0.0   0.0  124
 5.825  115.0  90  60  87   1.563   0.0   0.0  119
 5.825  117.5  90  60  78   1.563   0.0   0.0  119
 5.825  235.0  90  60  69   1.563  90.0  30.0  242
 5.825  237.5  90  60  69   1.563   0.0   0.0  240
 5.825  317.5  90  60  72  -1.563   0.0   0.0  322
 5.825  320.0  90  60  81  -1.563   0.0   0.0  325
 5.825  322.5  90  60  81  -1.563   0.0   0.0  327
 5.825  620.0  90  60  69  -4.688 150.0  30.0  617
 5.825  635.0  90  60  69   1.563 150.0  30.0  624
 5.825  640.0  90  60  72   4.688   0.0   0.0  638
 5.825  642.5  90  60  69  -4.688 150.0  30.0  636
 5.825  645.0  90  60  72  -4.688 330.0  30.0  657
 5.825  647.5  90  60  72  -4.688   0.0   0.0  662
 5.825  652.5  90  60  75   4.688 330.0  30.0  667
 5.825  662.5  90  60  72   4.688 330.0  30.0  671
 5.825  665.0  90  60  69   1.563 150.0  30.0  674
 5.825  667.5  90  60  69  -4.688 330.0  30.0  679
 5.825  670.0  90  60  72   1.563 150.0  30.0  672
 5.825  672.5  90  60  69  -1.563   0.0   0.0  673
 5.825  675.0  90  60  69   1.563   0.0   0.0  678
 5.825  687.5  90  60  75  -1.563 150.0  30.0  696
 5.825  690.0  90  60  75  -4.688 330.0  30.0  686
 5.825  695.0  90  60  69  -1.563 330.0  30.0  702
 5.825  697.5  90  60  72  -1.563   0.0   0.0  692
 5.825  702.5  90  60  75   4.688   0.0   0.0  688
 5.825  705.0  90  60  72   1.563 150.0  30.0  698
 5.825  707.5  90  60  69   4.688   0.0   0.0  704
 5.825  710.0  90  60  72  -1.563 330.0  30.0  700
 5.825  715.0  90  60  69   4.688 330.0  30.0  703
 5.825  717.5  90  60  72  -4.688 330.0  30.0  719
 5.825  720.0  90  60  69   4.688 150.0  30.0  725
 5.825  722.5  90  60  72  -1.563   0.0   0.0  737
 5.825  725.0  90  60  72   4.688 330.0  30.0  714
 5.825  730.0  90  60  69   4.688 330.0  30.0  726
 5.825  732.5  90  60  75   4.688 330.0  30.0  732
 5.825  735.0  90  60  72  -4.688 150.0  30.0  723
 5.825  737.5  90  60  75  -4.688 330.0  30.0  738
 5.825  740.0  90  60  72  -1.563   0.0   0.0  738
 5.825  742.5  90  60  72  -1.563 150.0  30.0  741
 5.825  745.0  90  60  72  -4.688 330.0  30.0  730
 5.825  750.0  90  60  72   4.688 330.0  30.0  747
 5.825  752.5  90  60  69  -1.563 150.0  30.0  742
 5.825  755.0  90  60  69   1.563   0.0   0.0  744
 5.825  757.5  90  60  69   4.688   0.0   0.0  760
 5.825  760.0  90  60  69   1.563 150.0  30.0  759
 5.825  762.5  90  60  75  -1.563 330.0  30.0  753
 5.825  765.0  90  60  69   4.688 150.0  30.0  759
 5.825  767.5  90  60  78  -1.563 330.0  30.0  766
 5.825  770.0  90  60  72   4.688 150.0  30.0  772
 5.825  772.5  90  60  75  -4.688 330.0  30.0  762
 5.825  775.0  90  60  69   1.563 330.0  30.0  786
 5.825  777.5  90  60  69   4.688 330.0  30.0  777
 5.825  780.0  90  60  75  -1.563 330.0  30.0  779
 5.825  782.5  90  60  72  -4.688 330.0  30.0  776
 5.825  785.0  90  60  72  -4.688 330.0  30.0  793
 5.825  787.5  90  60  75   4.688   0.0   0.0  788
 5.825  790.0  90  60  75  -1.563   0.0   0.0  799
 5.825  792.5  90  60  72  -1.563 150.0  30.0  787
 5.825  797.5  90  60  75   4.688 150.0  30.0  789
 5.825  800.0  90  60  75   1.563 330.0  30.0  814
 5.825  802.5  90  60  69  -1.563 150.0  30.0  789
 5.825  805.0  90  60  72   4.688   0.0   0.0  804
 5.825  807.5  90  60  75  -1.563 150.0  30.0  816
 5.825  810.0  90  60  72   4.688   0.0   0.0  798
 5.825  812.5  90  60  72   1.563 150.0  30.0  826
 5.825  815.0  90  60  72   1.563 330.0  30.0  816
 5.825  817.5  90  60  78   4.688 330.0  30.0  806
 5.825  820.0  90  60  69  -4.688 150.0  30.0  818
 5.825  822.5  90  60  75   1.563 150.0  30.0  819
 5.825  825.0  90  60  75   4.688 150.0  30.0  818
 5.825  827.5  90  60  75  -4.688 150.0  30.0  826
 5.825  830.0  90  60  75   1.563 330.0  30.0  816
 5.825  832.5  90  60  72  -1.563 330.0  30.0  821
 5.825  837.5  90  60  75   4.688   0.0   0.0  836
 5.825  840.0  90  60  69   1.563 330.0  30.0  855
 5.825  842.5  90  60  78  -4.688   0.0   0.0  834
 5.825  845.0  90  60  78   1.563 330.0  30.0  860
 5.825  847.5  90  60  72  -1.563 330.0  30.0  834
 5.825  850.0  90  60  72   1.563 330.0  30.0  860
 5.825  852.5  90  60  69   1.563 150.0  30.0  860
 5.825  857.5  90  60  72  -4.688 330.0  30.0  861
 5.825  860.0  90  60  78   1.563 330.0  30.0  866
 5.825  862.5  90  60  72   4.688   0.0   0.0  869
 5.825  867.5  90  60  75   1.563 330.0  30.0  877
 5.825  870.0  90  60  75  -1.563 330.0  30.0  858
 5.825  872.5  90  60  72  -1.563 150.0  30.0  881
 5.825  875.0  90  60  72  -4.688   0.0   0.0  873
 5.825  877.5  90  60  75   4.688   0.0   0.0  870
 5.825  880.0  90  60  72  -4.688 150.0  30.0  886
 5.825  882.5  90  60  69   4.688   0.0   0.0  887
 5.825  885.0  90  60  75   1.563 150.0  30.0  896
 5.825  887.5  90  60  75  -1.563 150.0  30.0  897
 5.825  890.0  90  60  75  -4.688 150.0  30.0  893
 5.825  892.5  90  60  75   1.563 330.0  30.0  898
 5.825  895.0  90  60  75  -4.688 330.0  30.0  904
 5.825  897.5  90  60  72   1.563 330.0  30.0  884
 5.825  900.0  90  60  75  -1.563 330.0  30.0  890
 5.825  902.5  90  60  69   4.688 330.0  30.0  900
 5.825  905.0  90  60  72   4.688 150.0  30.0  916
 5.825  912.5  90  60  75  -1.563 330.0  30.0  918
 5.825  915.0  90  60  75  -1.563   0.0   0.0  903
 5.825  917.5  90  60  72  -4.688 150.0  30.0  924
 5.825  920.0  90  60  69   4.688 150.0  30.0  925
 5.825  922.5  90  60  69  -1.563   0.0   0.0  937
 5.825  927.5  90  60  75  -4.688 150.0  30.0  935
 5.825  932.5  90  60  69  -1.563 150.0  30.0  944
 5.825  937.5  90  60  72  -4.688 150.0  30.0  930
 5.825  945.0  90  60  72  -1.563 150.0  30.0  954
 5.825  947.5  90  60  75  -1.563 150.0  30.0  958
 5.825  950.0  90  60  75  -1.563 150.0  30.0  962
 5.825  952.5  90  60  69   4.688   0.0   0.0  961
 5.825  957.5  90  60  69  -4.688 330.0  30.0  943
 5.825  960.0  90  60  72   4.688 150.0  30.0  971
 5.825  962.5  90  60  69   1.563 150.0  30.0  968
 5.825  965.0  90  60  69   1.563 150.0  30.0  977
 5.825  967.5  90  60  69   1.563   0.0   0.0  962
 5.825  972.5  90  60  69   4.688 150.0  30.0  979
 5.825  975.0  90  60  72   4.688   0.0   0.0  963
 5.825  977.5  90  60  72   4.688 150.0  30.0  985
 5.825  980.0  90  60  75  -4.688 330.0  30.0  965
 5.825  982.5  90  60  72  -4.688 330.0  30.0  977
 5.825  985.0  90  60  69   1.563 270.0  30.0  994
 5.825  987.5  90  60  69  -4.688 150.0  30.0  989
 5.825  990.0  90  60  72   4.688 150.0  30.0  996
 5.825  992.5  90  60  75   1.563 330.0  30.0  987
 5.825  995.0  90  60  75   1.563 330.0  30.0 1003
 5.825 1000.0  90  60  69  -1.563 150.0  30.0 1000
 5.825 1002.5  90  60  69   1.563 150.0  30.0 1003
 5.825 1005.0  90  60  69   1.563   0.0   0.0  995
 5.825 1007.5  90  60  72  -1.563 150.0  30.0  998
 5.825 1010.0  90  60  72   1.563   0.0   0.0 1001
 5.825 1012.5  90  60  72   4.688 330.0  30.0 1013
 5.825 1015.0  90  60  69   4.688 330.0  30.0 1009
 5.825 1017.5  90  60  72  -4.688 330.0  30.0 1029
 5.825 1020.0  90  60  69  -4.688 150.0  30.0 1019
 5.825 1022.5  90  60  75  -1.563 330.0  30.0 1037
 5.825 1025.0  90  60  69   1.563   0.0   0.0 1023
 5.825 1027.5  90  60  75   4.688 150.0  30.0 1039
 5.825 1030.0  90  60  69   1.563   0.0   0.0 1020
 5.825 1032.5  90  60  75  -1.563 150.0  30.0 1023
 5.825 1035.0  90  60  75   1.563 330.0  30.0 1037
 5.825 1037.5  90  60  69  -1.563 150.0  30.0 1030
 5.825 1040.0  90  60  72   1.563 150.0  30.0 1030
 5.825 1042.5  90  60  72  -4.688   0.0   0.0 1039
 5.825 1045.0  90  60  75   1.563 150.0  30.0 1039
 5.825 1047.5  90  60  69  -4.688 150.0  30.0 1057
 5.825 1050.0  90  60  72   4.688 330.0  30.0 1054
 5.825 1052.5  90  60  78   4.688 150.0  30.0 1044
 5.825 1055.0  90  60  75  -1.563 330.0  30.0 1060
 5.825 1057.5  90  60  72  -4.688 150.0  30.0 1051
 5.825 1060.0  90  60  78   1.563 330.0  30.0 1070
 5.825 1062.5  90  60  75   4.688 330.0  30.0 1049
 5.825 1065.0  90  60  72  -1.563 150.0  30.0 1054
 5.825 1067.5  90  60  72   1.563   0.0   0.0 1082
 5.825 1070.0  90  60  75   1.563 330.0  30.0 1073
 5.825 1072.5  90  60  69  -4.688 150.0  30.0 1081
 5.825 1075.0  90  60  75   4.688 150.0  30.0 1074
 5.825 1077.5  90  60  69   4.688   0.0   0.0 1066
 5.825 1080.0  90  60  72  -4.688 150.0  30.0 1075
 5.825 1082.5  90  60  72  -1.563 330.0  30.0 1085
 5.825 1085.0  90  60  78   1.563 150.0  30.0 1100
 5.825 1087.5  90  60  78  -4.688 330.0  30.0 1086
 5.825 1090.0  90  60  75  -1.563 330.0  30.0 1077
 5.825 1092.5  90  60  72  -1.563 150.0  30.0 1104
 5.825 1095.0  90  60  69   4.688 150.0  30.0 1083
 5.825 1097.5  90  60  75  -4.688 330.0  30.0 1101
 5.825 1102.5  90  60  78  -4.688 330.0  30.0 1101
 5.825 1105.0  90  60  75  -1.563 330.0  30.0 1116
 5.825 1107.5  90  60  72   1.563 330.0  30.0 1108
 5.825 1110.0  90  60  75   1.563 150.0  30.0 1116
 5.825 1112.5  90  60  75  -4.688 330.0  30.0 1108
 5.825 1115.0  90  60  72  -4.688 150.0  30.0 1110
 5.825 1117.5  90  60  72  -1.563 330.0  30.0 1112
 5.825 1120.0  90  60  72  -4.688 330.0  30.0 1107
 5.825 1122.5  90  60  75   4.688 330.0  30.0 1124
 5.825 1125.0  90  60  72  -1.563 150.0  30.0 1121
 5.825 1127.5  90  60  69  -1.563 150.0  30.0 1119
 5.825 1130.0  90  60  75  -4.688 150.0  30.0 1124
 5.825 1132.5  90  60  72  -1.563 330.0  30.0 1140
 5.825 1135.0  90  60  75   1.563   0.0   0.0 1143
 5.825 1137.5  90  60  75  -4.688 330.0  30.0 1144
 5.825 1140.0  90  60  75   4.688 330.0  30.0 1155
 5.825 1142.5  90  60  72   4.688 330.0  30.0 1139
 5.825 1145.0  90  60  72   1.563   0.0   0.0 1146
 5.825 1147.5  90  60  72  -4.688 330.0  30.0 1147
 5.825 1152.5  90  60  69   1.563   0.0   0.0 1162
 5.825 1157.5  90  60  75  -1.563 330.0  30.0 1145
 5.825 1160.0  90  60  75   4.688   0.0   0.0 1150
 5.825 1162.5  90  60  75   1.563 330.0  30.0 1156
 5.825 1165.0  90  60  75   1.563 150.0  30.0 1173
 5.825 1167.5  90  60  72  -4.688 150.0  30.0 1169
 5.825 1170.0  90  60  72  -1.563 150.0  30.0 1159
 5.825 1172.5  90  60  69  -4.688   0.0   0.0 1172
 5.825 1175.0  90  60  72   4.688 330.0  30.0 1164
 5.825 1180.0  90  60  72   4.688 150.0  30.0 1183
 5.825 1185.0  90  60  75   1.563 330.0  30.0 1190
 5.825 1187.5  90  60  75  -1.563 330.0  30.0 1199
 5.825 1190.0  90  60  72   4.688 150.0  30.0 1175
 5.825 1195.0  90  60  69   1.563 330.0  30.0 1197
 5.825 1197.5  90  60  72   1.563   0.0   0.0 1189
 5.825 1200.0  90  60  75  -4.688 330.0  30.0 1200
 5.825 1202.5  90  60  75  -4.688 330.0  30.0 1190
 5.825 1207.5  90  60  69  -1.563 150.0  30.0 1194
 5.825 1212.5  90  60  69   4.688 150.0  30.0 1208
 5.825 1217.5  90  60  72   4.688   0.0   0.0 1227
 5.825 1220.0  90  60  75   4.688 150.0  30.0 1207
 5.825 1222.5  90  60  69  -4.688 330.0  30.0 1216
 5.825 1225.0  90  60  69  -1.563   0.0   0.0 1239
 5.825 1227.5  90  60  69   4.688 150.0  30.0 1233
 5.825 1232.5  90  60  69  -4.688 330.0  30.0 1228
 5.825 1235.0  90  60  69  -4.688 330.0  30.0 1244
 5.825 1237.5  90  60  72  -4.688 330.0  30.0 1251
 5.825 1240.0  90  60  78   4.688 150.0  30.0 1243
 5.825 1242.5  90  60  75  -4.688 330.0  30.0 1254
 5.825 1245.0  90  60  75   4.688 330.0  30.0 1232
 5.825 1250.0  90  60  78   4.688 330.0  30.0 1254
 5.825 1252.5  90  60  69   1.563 330.0  30.0 1260
 5.825 1255.0  90  60  72   1.563 150.0  30.0 1266
 5.825 1257.5  90  60  69  -4.688 330.0  30.0 1251
 5.825 1260.0  90  60  72  -4.688 150.0  30.0 1271
 5.825 1265.0  90  60  69   1.563 330.0  30.0 1272
 5.825 1267.5  90  60  72  -4.688 330.0  30.0 1261
 5.825 1270.0  90  60  72   4.688   0.0   0.0 1272
 5.825 1272.5  90  60  69   4.688 330.0  30.0 1275
 5.825 1275.0  90  60  69   4.688   0.0   0.0 1260
 5.825 1277.5  90  60  69   4.688 150.0  30.0 1272
 5.825 1280.0  90  60  69  -1.563 330.0  30.0 1288
 5.825 1282.5  90  60  69   4.688 150.0  30.0 1294
 5.825  117.5 -90  60  75   1.563   0.0   0.0  124
 5.825  120.0 -90  60  87   1.563   0.0   0.0  124
 5.825  122.5 -90  60  75   1.563   0.0   0.0  124
 5.825 1165.0 -90  60  69   4.688 330.0  30.0 1156
 5.825 1195.0 -90  60  69   1.563  90.0  30.0 1197
 5.825 1197.5 -90  60  69   1.563 330.0  30.0 1198
 5.825 1207.5 -90  60  69  -1.563 150.0  30.0 1212
 5.825 1220.0 -90  60  69   1.563 150.0  30.0 1221
 5.825 1227.5 -90  60  69  -4.688  90.0  30.0 1231
 5.825 1250.0 -90  60  69   4.688 150.0  30.0 1250
 5.825 1255.0 -90  60  69  -4.688 330.0  30.0 1254
 5.850  112.5  90  60  69   1.563   0.0   0.0  121
 5.850  115.0  90  60  87   1.563   0.0   0.0  119
 5.850  117.5  90  60  75   1.563   0.0   0.0  118
 5.850  235.0  90  60  72   1.563   0.0   0.0  240
 5.850  322.5  90  60  81  -1.563   0.0   0.0  327
 5.850  325.0  90  60  69  -1.563   0.0   0.0  329
 5.850 1247.5  90  60  69   4.688 330.0  30.0 1253
 5.850 1262.5  90  60  69   4.688 330.0  30.0 1272
 5.850 1265.0  90  60  69  -1.563 330.0  30.0 1269
 5.850  117.5 -90  60  75   1.563   0.0   0.0  123
 5.850  120.0 -90  60  87   1.563   0.0   0.0  124
 5.850  122.5 -90  60  72   1.563   0.0   0.0  124
 5.850  212.5 -90  60  69   4.688 330.0  30.0  204
 5.850  215.0 -90  60  69   4.688 330.0  30.0  223
 5.850  237.5 -90  60  69  -4.688  30.0  30.0  237
 5.850  240.0 -90  60  69  -4.688 150.0  30.0  245
 5.850  262.5 -90  60  69  -4.688 330.0  30.0  271
 5.850  265.0 -90  60  69   4.688  90.0  30.0  278
 5.850  282.5 -90  60  69  -4.688 330.0  30.0  293
 5.850  315.0 -90  60  69  -4.688  90.0  30.0  327
 5.850  325.0 -90  60  69  -1.563 150.0  30.0  332
 5.850  332.5 -90  60  69  -4.688  90.0  30.0  332
 5.850  357.5 -90  60  69  -4.688 150.0  30.0  344
 5.850  360.0 -90  60  69  -4.688  90.0  30.0  371
 5.850  367.5 -90  60  69  -1.563   0.0   0.0  379
 5.850  385.0 -90  60  69  -4.688  90.0  30.0  389
 5.850  405.0 -90  60  69   4.688 330.0  30.0  412
 5.850  435.0 -90  60  69  -1.563 330.0  30.0  434
 5.875  112.5  90  60  69   1.563   0.0   0.0  118
 5.875  115.0  90  60  87   1.563   0.0   0.0  119
 5.875  117.5  90  60  75   1.563   0.0   0.0  119
 5.875  235.0  90  60  75   1.563   0.0   0.0  239
 5.875  320.0  90  60  72  -1.563   0.0   0.0  326
 5.875  322.5  90  60  84  -1.563   0.0   0.0  327
 5.875  325.0  90  60  81  -1.563   0.0   0.0  329
 5.875  407.5  90  60  69  -1.563 150.0  30.0  395
 5.875  410.0  90  60  69  -4.688   0.0   0.0  412
 5.875  412.5  90  60  69  -4.688   0.0   0.0  403
 5.875  415.0  90  60  69  -4.688   0.0   0.0  411
 5.875  432.5  90  60  69   4.688   0.0   0.0  443
 5.875  477.5  90  60  69   4.688 150.0  30.0  488
 5.875  117.5 -90  60  75  -1.563   0.0   0.0  123
 5.875  120.0 -90  60  87   1.563   0.0   0.0  124
 5.875  122.5 -90  60  72   1.563   0.0   0.0  124
 5.900  112.5  90  60  69   1.563   0.0   0.0  119
 5.900  115.0  90  60  87   1.563   0.0   0.0  119
 5.900  117.5  90  60  75   1.563   0.0   0.0  119
 5.900  235.0  90  60  72   1.563   0.0   0.0  239
 5.900  320.0  90  60  69  -1.563   0.0   0.0  327
 5.900  322.5  90  60  72   1.563   0.0   0.0  325
 5.900  325.0  90  60  84  -1.563   0.0   0.0  330
 5.900  327.5  90  60  69  -1.563   0.0   0.0  330
 5.900  117.5 -90  57  78  -1.563   0.0   0.0  124
 5.900  120.0 -90  57  87   1.563   0.0   0.0  124
 5.900  122.5 -90  57  69   1.563   0.0   0.0  125
 5.925  112.5  90  60  69   1.563   0.0   0.0  120
 5.925  115.0  90  60  87   1.563   0.0   0.0  119
 5.925  117.5  90  60  72  -1.563   0.0   0.0  118
 5.925  235.0  90  60  69   1.563   0.0   0.0  238
 5.925  322.5  90  60  75  -1.563   0.0   0.0  328
 5.925  325.0  90  60  87  -1.563   0.0   0.0  330
 5.925  327.5  90  60  81  -1.563   0.0   0.0  331
 5.925  117.5 -90  60  78   1.563   0.0   0.0  124
 5.925  120.0 -90  60  87   1.563   0.0   0.0  124
 5.950  112.5  90  60  72   1.563   0.0   0.0  117
 5.950  115.0  90  60  87   1.563   0.0   0.0  119
 5.950  117.5  90  60  78   1.563   0.0   0.0  119
 5.950  120.0  90  60  69   1.563 210.0  30.0  111
 5.950  235.0  90  60  69   1.563   0.0   0.0  238
 5.950  322.5  90  60  69  -1.563   0.0   0.0  329
 5.950  325.0  90  60  87  -1.563   0.0   0.0  330
 5.950  327.5  90  60  84  -1.563   0.0   0.0  332
 5.950  330.0  90  60  69  -1.563   0.0   0.0  333
 5.950  117.5 -90  60  81   1.563   0.0   0.0  123
 5.950  120.0 -90  60  87   1.563   0.0   0.0  123
 5.950  122.5 -90  60  69   1.563   0.0   0.0  123
 5.975   85.0  90  69  78  -4.688 270.0  30.0   81
 5.975   87.5  90  69  78  -4.688 270.0  30.0   82
 5.975   90.0  90  69  78  -4.688 270.0  30.0   85
 5.975   92.5  90  69  81  -4.688 270.0  30.0   85
 5.975   95.0  90  69  78  -4.688 270.0  30.0   86
 5.975   97.5  90  69  78  -4.688 270.0  30.0   88
 5.975  100.0  90  69  78   4.688 270.0  30.0   92
 5.975  102.5  90  69  78   4.688 270.0  30.0   94
 5.975  105.0  90  69  78   1.563 270.0  30.0   99
 5.975  107.5  90  69  78   1.563 270.0  30.0  104
 5.975  110.0  90  69  78   1.563 270.0  30.0  107
 5.975  112.5  90  69  81   1.563 270.0  30.0  113
 5.975  115.0  90  69  90  -1.563   0.0   0.0  119
 5.975  117.5  90  69  78   1.563  90.0  30.0  118
 5.975  120.0  90  69  78   1.563 270.0  30.0  118
 5.975  122.5  90  69  78   1.563 270.0  30.0  120
 5.975  125.0  90  69  78   1.563 270.0  30.0  123
 5.975  142.5  90  69  78  -1.563 270.0  30.0  146
 5.975  145.0  90  69  78  -1.563 270.0  30.0  146
 5.975  322.5  90  69  78   1.563 210.0  30.0  322
 5.975  325.0  90  69  78  -1.563   0.0   0.0  331
 5.975  327.5  90  69  84  -1.563   0.0   0.0  333
 5.975  922.5  90  69  78   1.563 270.0  30.0  908
 5.975  925.0  90  69  78   1.563 270.0  30.0  939
 5.975  927.5  90  69  78   1.563 270.0  30.0  913
 5.975  937.5  90  69  78   4.688 270.0  30.0  937
 5.975  940.0  90  69  81   4.688 270.0  30.0  938
 5.975  942.5  90  69  81   4.688 270.0  30.0  941
 5.975  945.0  90  69  81   1.563 270.0  30.0  944
 5.975  947.5  90  69  81   1.563 270.0  30.0  949
 5.975  950.0  90  69  81   1.563 270.0  30.0  953
 5.975  952.5  90  69  81   1.563 270.0  30.0  956
 5.975  965.0  90  69  78   1.563 270.0  30.0  969
 5.975  980.0  90  69  78  -1.563 270.0  30.0  983
 5.975  982.5  90  69  78  -1.563 270.0  30.0  985
 5.975 1002.5  90  69  78  -4.688 270.0  30.0 1016
 5.975 1005.0  90  69  78  -4.688 270.0  30.0 1017
 5.975  120.0 -90  78  87   1.563   0.0   0.0  123
 5.975  592.5 -90  78  87   4.688 330.0  30.0  586
 5.975  595.0 -90  78  87  -1.563 330.0  30.0  588
 5.975  597.5 -90  78  87  -1.563 330.0  30.0  590
 5.975  600.0 -90  78  87   1.563 330.0  30.0  595
 5.975 1137.5 -90  78  87  -1.563 330.0  30.0 1135
 5.975 1140.0 -90  78  87  -1.563 330.0  30.0 1155
 5.975 1165.0 -90  78  87  -1.563 330.0  30.0 1162
 5.975 1167.5 -90  78  87  -1.563 330.0  30.0 1168
 6.000  112.5  90  63  72   1.563   0.0   0.0  118
 6.000  115.0  90  63  87   1.563   0.0   0.0  119
 6.000  117.5  90  63  75   1.563   0.0   0.0  119
 6.000  325.0  90  63  81  -1.563   0.0   0.0  331
 6.000  327.5  90  63  87  -1.563   0.0   0.0  332
 6.000  330.0  90  63  78  -1.563   0.0   0.0  333
 6.000  117.5 -90  69  81   1.563   0.0   0.0  123
 6.000  120.0 -90  69  87   1.563   0.0   0.0  123
 6.025  112.5  90  63  75   1.563   0.0   0.0  118
 6.025  115.0  90  63  90   1.563   0.0   0.0  120
 6.025  117.5  90  63  78   1.563   0.0   0.0  119
 6.025  235.0  90  63  72   1.563   0.0   0.0  239
 6.025  325.0  90  63  75  -1.563   0.0   0.0  330
 6.025  327.5  90  63  78  -1.563   0.0   0.0  333
 6.025  330.0  90  63  81  -1.563   0.0   0.0  334
 6.025  800.0  90  63  72  -4.688 270.0  30.0  785
 6.025   90.0 -90  75  84   1.563 330.0  30.0   84
 6.025  117.5 -90  75  87   1.563   0.0   0.0  123
 6.025  120.0 -90  75  87   1.563   0.0   0.0  123
 6.050  112.5  90  63  72  -1.563   0.0   0.0  119
 6.050  115.0  90  63  90  -1.563   0.0   0.0  119
 6.050  117.5  90  63  75  -1.563   0.0   0.0  119
 6.050  327.5  90  63  81   1.563   0.0   0.0  333
 6.050  330.0  90  63  87  -1.563   0.0   0.0  334
 6.050  332.5  90  63  72  -1.563   0.0   0.0  336
 6.050  447.5  90  63  72  -1.563   0.0   0.0  451
 6.050  117.5 -90  63  84   1.563   0.0   0.0  123
 6.050  120.0 -90  63  87   1.563   0.0   0.0  123
 6.050  790.0 -90  63  72  -1.563  90.0  30.0  792
 6.075  112.5  90  60  72   1.563   0.0   0.0  117
 6.075  115.0  90  60  87   1.563   0.0   0.0  119
 6.075  117.5  90  60  72   1.563   0.0   0.0  118
 6.075  327.5  90  60  84  -1.563   0.0   0.0  333
 6.075  330.0  90  60  87  -1.563   0.0   0.0  334
 6.075  332.5  90  60  72  -1.563   0.0   0.0  335
 6.075  447.5  90  60  72   1.563   0.0   0.0  450
 6.075  550.0  90  60  72  -1.563   0.0   0.0  555
 6.075  552.5  90  60  75  -1.563   0.0   0.0  557
 6.075  555.0  90  60  69  -1.563   0.0   0.0  559
 6.075  117.5 -90  60  84   1.563   0.0   0.0  123
 6.075  120.0 -90  60  87   1.563   0.0   0.0  123
 6.100  112.5  90  60  75   1.563   0.0   0.0  118
 6.100  115.0  90  60  87   1.563   0.0   0.0  119
 6.100  117.5  90  60  75   1.563   0.0   0.0  119
 6.100  327.5  90  60  81  -1.563   0.0   0.0  333
 6.100  330.0  90  60  78  -1.563   0.0   0.0  331
 6.100  332.5  90  60  78  -1.563   0.0   0.0  336
 6.100  447.5  90  60  69   1.563   0.0   0.0  452
 6.100  550.0  90  60  75  -1.563   0.0   0.0  556
 6.100  552.5  90  60  78  -1.563   0.0   0.0  557
 6.100  117.5 -90  63  84   1.563   0.0   0.0  123
 6.100  120.0 -90  63  87   1.563   0.0   0.0  123
 6.100  235.0 -90  63  72  -1.563 270.0  30.0  239
 6.125  112.5  90  66  75   1.563   0.0   0.0  119
 6.125  115.0  90  66  87   1.563   0.0   0.0  119
 6.125  327.5  90  66  75  -1.563   0.0   0.0  333
 6.125  330.0  90  66  84  -1.563   0.0   0.0  335
 6.125  332.5  90  66  84  -1.563   0.0   0.0  336
 6.125  552.5  90  66  75  -1.563   0.0   0.0  557
 6.125  117.5 -90  69  84   1.563   0.0   0.0  122
 6.125  120.0 -90  69  84   1.563   0.0   0.0  123
 6.150  115.0  90  69  90   1.563   0.0   0.0  119
 6.150  330.0  90  69  87  -1.563   0.0   0.0  335
 6.150  332.5  90  69  90  -1.563   0.0   0.0  336
 6.150  117.5 -90  69  84   1.563   0.0   0.0  123
 6.150  120.0 -90  69  84   1.563   0.0   0.0  122
 6.175  112.5  90  63  75   1.563   0.0   0.0  118
 6.175  115.0  90  63  87   1.563   0.0   0.0  119
 6.175  117.5  90  63  75   1.563   0.0   0.0  118
 6.175  330.0  90  63  81  -1.563   0.0   0.0  336
 6.175  332.5  90  63  90  -1.563   0.0   0.0  337
 6.175  335.0  90  63  78  -1.563   0.0   0.0  337
 6.175  117.5 -90  63  84   1.563   0.0   0.0  122
 6.175  120.0 -90  63  81   1.563   0.0   0.0  122
 6.200  112.5  90  60  75  -1.563   0.0   0.0  119
 6.200  115.0  90  60  87   1.563   0.0   0.0  119
 6.200  117.5  90  60  72   1.563   0.0   0.0  119
 6.200  330.0  90  60  72   1.563   0.0   0.0  337
 6.200  332.5  90  60  84  -1.563   0.0   0.0  337
 6.200  335.0  90  60  75   1.563   0.0   0.0  337
 6.200  117.5 -90  60  84   1.563   0.0   0.0  122
 6.200  120.0 -90  60  81   1.563   0.0   0.0  122
 6.225  112.5  90  57  75   1.563   0.0   0.0  119
 6.225  115.0  90  57  87   1.563   0.0   0.0  119
 6.225  117.5  90  57  75   1.563   0.0   0.0  120
 6.225  332.5  90  57  78  -1.563   0.0   0.0  338
 6.225  335.0  90  57  75  -1.563   0.0   0.0  338
 6.225  337.5  90  57  69   1.563   0.0   0.0  338
 6.225  452.5  90  57  69  -1.563   0.0   0.0  457
 6.225  455.0  90  57  69  -1.563   0.0   0.0  459
 6.225  117.5 -90  57  84   1.563   0.0   0.0  122
 6.225  120.0 -90  57  81   1.563   0.0   0.0  122
 6.225  235.0 -90  57  69   1.563 330.0  30.0  234
 6.250  112.5  90  60  75   1.563   0.0   0.0  119
 6.250  115.0  90  60  87   1.563   0.0   0.0  119
 6.250  117.5  90  60  72  -1.563   0.0   0.0  119
 6.250  325.0  90  60  69   1.563 330.0  30.0  329
 6.250  332.5  90  60  69   1.563   0.0   0.0  340
 6.250  335.0  90  60  84  -1.563   0.0   0.0  340
 6.250  337.5  90  60  81   1.563   0.0   0.0  341
 6.250  340.0  90  60  69   1.563   0.0   0.0  344
 6.250  452.5  90  60  69   1.563   0.0   0.0  458
 6.250  455.0  90  60  69  -1.563   0.0   0.0  457
 6.250  117.5 -90  60  87   1.563   0.0   0.0  122
 6.250  120.0 -90  60  81   1.563   0.0   0.0  122
 6.250  235.0 -90  60  69  -1.563 270.0  30.0  240
 6.275  112.5  90  60  75   1.563   0.0   0.0  119
 6.275  115.0  90  60  87   1.563   0.0   0.0  119
 6.275  117.5  90  60  72  -1.563   0.0   0.0  120
 6.275  327.5  90  60  69  -1.563 330.0  30.0  334
 6.275  332.5  90  60  69  -1.563 330.0  30.0  340
 6.275  335.0  90  60  84  -1.563   0.0   0.0  341
 6.275  337.5  90  60  90  -1.563   0.0   0.0  342
 6.275  340.0  90  60  75  -1.563   0.0   0.0  343
 6.275  117.5 -90  60  87   1.563   0.0   0.0  122
 6.275  120.0 -90  60  81   1.563   0.0   0.0  122
 6.275  235.0 -90  60  69   1.563  90.0  30.0  240
 6.300  112.5  90  63  75   1.563   0.0   0.0  119
 6.300  115.0  90  63  90   1.563   0.0   0.0  119
 6.300  117.5  90  63  72   1.563   0.0   0.0  120
 6.300  335.0  90  63  78  -1.563  90.0  30.0  341
 6.300  337.5  90  63  93  -1.563   0.0   0.0  342
 6.300  340.0  90  63  87  -1.563   0.0   0.0  343
 6.300  457.5  90  63  72  -1.563   0.0   0.0  461
 6.300  117.5 -90  60  87   1.563   0.0   0.0  122
 6.300  120.0 -90  60  81   1.563   0.0   0.0  122
 6.300  235.0 -90  60  69  -1.563  90.0  30.0  240
 6.300  237.5 -90  60  69   1.563 330.0  30.0  241
 6.300  335.0 -90  60  69   1.563 330.0  30.0  343
 6.325  112.5  90  60  75   1.563   0.0   0.0  119
 6.325  115.0  90  60  90   1.563   0.0   0.0  119
 6.325  117.5  90  60  75   1.563   0.0   0.0  120
 6.325  335.0  90  60  72   1.563 330.0  30.0  340
 6.325  337.5  90  60  90  -1.563   0.0   0.0  343
 6.325  340.0  90  60  93  -1.563   0.0   0.0  344
 6.325  342.5  90  60  78   1.563   0.0   0.0  346
 6.325  457.5  90  60  72   1.563   0.0   0.0  461
 6.325  677.5  90  60  69  -1.563   0.0   0.0  682
 6.325  680.0  90  60  69   1.563   0.0   0.0  685
 6.325  682.5  90  60  69  -1.563   0.0   0.0  688
 6.325  115.0 -90  60  72  -1.563   0.0   0.0  121
 6.325  117.5 -90  60  87   1.563   0.0   0.0  122
 6.325  120.0 -90  60  81   1.563   0.0   0.0  122
 6.325  235.0 -90  60  72   1.563 330.0  30.0  242
 6.325  237.5 -90  60  69  -1.563  90.0  30.0  241
 6.325  335.0 -90  60  72  -1.563 330.0  30.0  337
 6.325  337.5 -90  60  69   1.563 330.0  30.0  341
 6.325  340.0 -90  60  69   1.563  90.0  30.0  344
 6.350   80.0  90  63  72  -4.688 210.0  30.0   79
 6.350   82.5  90  63  72  -4.688 330.0  30.0   89
 6.350   85.0  90  63  72  -4.688   0.0   0.0   86
 6.350  112.5  90  63  75  -1.563   0.0   0.0  121
 6.350  115.0  90  63  90   1.563   0.0   0.0  119
 6.350  150.0  90  63  72  -1.563  90.0  30.0  143
 6.350  337.5  90  63  78  -1.563   0.0   0.0  343
 6.350  340.0  90  63  93  -1.563   0.0   0.0  345
 6.350  342.5  90  63  81  -1.563   0.0   0.0  345
 6.350 1222.5  90  63  72  -1.563 270.0  30.0 1225
 6.350 1232.5  90  63  72   1.563 270.0  30.0 1247
 6.350   82.5 -90  78  87  -4.688  90.0  30.0   93
 6.350   85.0 -90  78  87  -4.688 330.0  30.0   91
 6.350   87.5 -90  78  87  -4.688 330.0  30.0   74
 6.350  117.5 -90  78  87   1.563   0.0   0.0  122
 6.375  112.5  90  63  78   1.563   0.0   0.0  118
 6.375  115.0  90  63  90   1.563   0.0   0.0  119
 6.375  117.5  90  63  75   1.563   0.0   0.0  120
 6.375  337.5  90  63  72   1.563 330.0  30.0  339
 6.375  340.0  90  63  90  -1.563   0.0   0.0  345
 6.375  342.5  90  63  90  -1.563   0.0   0.0  346
 6.375  345.0  90  63  72  -1.563   0.0   0.0  347
 6.375  532.5  90  63  72   4.688 270.0  30.0  519
 6.375  535.0  90  63  72   1.563 270.0  30.0  529
 6.375  115.0 -90  60  72   1.563   0.0   0.0  122
 6.375  117.5 -90  60  87   1.563   0.0   0.0  122
 6.375  120.0 -90  60  78   1.563   0.0   0.0  122
 6.375  235.0 -90  60  69  -1.563  90.0  30.0  239
 6.375  337.5 -90  60  69   1.563 330.0  30.0  343
 6.375  340.0 -90  60  75  -1.563 330.0  30.0  344
 6.375  517.5 -90  60  69   1.563 150.0  30.0  532
 6.375 1255.0 -90  60  69  -4.688 270.0  30.0 1266
 6.375 1257.5 -90  60  69   4.688 270.0  30.0 1248
 6.375 1280.0 -90  60  69   4.688 270.0  30.0 1284
 6.400  112.5  90  63  78   1.563   0.0   0.0  118
 6.400  115.0  90  63  90   1.563   0.0   0.0  119
 6.400  117.5  90  63  75  -1.563   0.0   0.0  119
 6.400  340.0  90  63  81   1.563   0.0   0.0  346
 6.400  342.5  90  63  90  -1.563   0.0   0.0  347
 6.400  345.0  90  63  81  -1.563   0.0   0.0  347
 6.400  115.0 -90  63  72   1.563   0.0   0.0  122
 6.400  117.5 -90  63  87   1.563   0.0   0.0  121
 6.400  120.0 -90  63  75   1.563   0.0   0.0  122
 6.400  342.5 -90  63  75  -1.563  30.0  30.0  346
 6.425  112.5  90  63  78  -1.563   0.0   0.0  119
 6.425  115.0  90  63  90   1.563   0.0   0.0  119
 6.425  117.5  90  63  72   1.563   0.0   0.0  119
 6.425  342.5  90  63  87  -1.563   0.0   0.0  348
 6.425  345.0  90  63  87  -1.563   0.0   0.0  349
 6.425  347.5  90  63  72   1.563   0.0   0.0  350
 6.425 1217.5  90  63  72  -1.563 210.0  30.0 1228
 6.425 1220.0  90  63  72  -1.563 210.0  30.0 1234
 6.425 1222.5  90  63  72  -1.563 210.0  30.0 1209
 6.425 1225.0  90  63  72  -1.563   0.0   0.0 1212
 6.425 1235.0  90  63  72  -1.563 330.0  30.0 1235
 6.425 1237.5  90  63  72  -1.563 210.0  30.0 1252
 6.425 1240.0  90  63  72   1.563 330.0  30.0 1226
 6.425 1257.5  90  63  72   1.563 210.0  30.0 1270
 6.425 1260.0  90  63  72   1.563 270.0  30.0 1263
 6.425 1277.5  90  63  72  -1.563  90.0  30.0 1282
 6.425 1280.0  90  63  72  -1.563 210.0  30.0 1273
 6.425 1282.5  90  63  72  -1.563 210.0  30.0 1268
 6.425  115.0 -90  60  72   1.563   0.0   0.0  120
 6.425  117.5 -90  60  87   1.563   0.0   0.0  122
 6.425  120.0 -90  60  75   1.563   0.0   0.0  122
 6.425  345.0 -90  60  72   1.563  30.0  30.0  348
 6.450  112.5  90  60  78   1.563   0.0   0.0  119
 6.450  115.0  90  60  90   1.563   0.0   0.0  119
 6.450  117.5  90  60  72  -1.563   0.0   0.0  119
 6.450  342.5  90  60  78   1.563   0.0   0.0  349
 6.450  345.0  90  60  87  -1.563   0.0   0.0  349
 6.450  347.5  90  60  78  -1.563 330.0  30.0  350
 6.450  692.5  90  60  69  -1.563   0.0   0.0  698
 6.450 1135.0  90  60  69  -1.563   0.0   0.0 1142
 6.450  115.0 -90  60  75   1.563   0.0   0.0  121
 6.450  117.5 -90  60  87   1.563   0.0   0.0  122
 6.450  120.0 -90  60  75   1.563   0.0   0.0  122
 6.450  345.0 -90  60  75  -1.563  30.0  30.0  349
 6.475  112.5  90  60  78   1.563   0.0   0.0  119
 6.475  115.0  90  60  90   1.563   0.0   0.0  119
 6.475  117.5  90  60  69  -1.563   0.0   0.0  119
 6.475  345.0  90  60  81  -1.563   0.0   0.0  350
 6.475  347.5  90  60  81   1.563   0.0   0.0  351
 6.475 1135.0  90  60  69  -1.563   0.0   0.0 1144
 6.475 1137.5  90  60  69  -1.563   0.0   0.0 1146
 6.475  115.0 -90  60  75   1.563   0.0   0.0  121
 6.475  117.5 -90  60  87   1.563   0.0   0.0  122
 6.475  120.0 -90  60  72   1.563   0.0   0.0  122
 6.475  345.0 -90  60  72  -1.563  30.0  30.0  350
 6.475  347.5 -90  60  69  -1.563  30.0  30.0  351
 6.500  112.5  90  60  78   1.563   0.0   0.0  118
 6.500  115.0  90  60  87   1.563   0.0   0.0  119
 6.500  117.5  90  60  72   1.563   0.0   0.0  119
 6.500  345.0  90  60  75  -1.563 210.0  30.0  351
 6.500  347.5  90  60  81   1.563 210.0  30.0  351
 6.500  350.0  90  60  69   1.563  90.0  30.0  352
 6.500  757.5  90  60  69  -1.563   0.0   0.0  764
 6.500 1135.0  90  60  72  -1.563   0.0   0.0 1143
 6.500 1137.5  90  60  72  -1.563   0.0   0.0 1143
 6.500  115.0 -90  60  75   1.563   0.0   0.0  121
 6.500  117.5 -90  60  87   1.563   0.0   0.0  121
 6.500  120.0 -90  60  72  -1.563   0.0   0.0  122
 6.500  345.0 -90  60  69   1.563 330.0  30.0  349
 6.500  347.5 -90  60  75  -1.563 330.0  30.0  348
 6.525  112.5  90  60  75  -1.563   0.0   0.0  119
 6.525  115.0  90  60  87   1.563   0.0   0.0  119
 6.525  117.5  90  60  69  -1.563 270.0  30.0  119
 6.525  347.5  90  60  78   1.563 330.0  30.0  361
 6.525  350.0  90  60  78   1.563 330.0  30.0  359
 6.525  762.5  90  60  69  -1.563 270.0  30.0  767
 6.525 1137.5  90  60  72  -1.563   0.0   0.0 1143
 6.525  115.0 -90  60  72  -1.563   0.0   0.0  122
 6.525  117.5 -90  60  87   1.563   0.0   0.0  121
 6.525  120.0 -90  60  69  -1.563   0.0   0.0  122
 6.525  347.5 -90  60  72   1.563 330.0  30.0  351
 6.525  350.0 -90  60  72   1.563 330.0  30.0  349
 6.550  112.5  90  60  78   1.563   0.0   0.0  119
 6.550  115.0  90  60  87   1.563   0.0   0.0  119
 6.550  117.5  90  60  72   1.563   0.0   0.0  119
 6.550  347.5  90  60  75   1.563 330.0  30.0  342
 6.550  350.0  90  60  81   1.563 330.0  30.0  352
 6.550  352.5  90  60  69   1.563 330.0  30.0  342
 6.550  765.0  90  60  69  -1.563   0.0   0.0  770
 6.550 1140.0  90  60  69  -1.563   0.0   0.0 1145
 6.550  115.0 -90  60  75   1.563   0.0   0.0  120
 6.550  117.5 -90  60  87   1.563   0.0   0.0  122
 6.550  120.0 -90  60  72   1.563   0.0   0.0  121
 6.550  237.5 -90  60  69   1.563 330.0  30.0  239
 6.550  347.5 -90  60  72   1.563 330.0  30.0  352
 6.550  350.0 -90  60  78   1.563 330.0  30.0  351
 6.575  112.5  90  57  78   1.563   0.0   0.0  119
 6.575  115.0  90  57  87   1.563   0.0   0.0  119
 6.575  117.5  90  57  69   1.563   0.0   0.0  118
 6.575  232.5  90  57  66  -1.563   0.0   0.0  234
 6.575  347.5  90  57  66   1.563  90.0  30.0  354
 6.575  350.0  90  57  81   1.563 330.0  30.0  353
 6.575  352.5  90  57  75   1.563 330.0  30.0  351
 6.575  765.0  90  57  66  -1.563   0.0   0.0  772
 6.575  115.0 -90  60  75   1.563   0.0   0.0  121
 6.575  117.5 -90  60  84   1.563   0.0   0.0  121
 6.575  120.0 -90  60  69   1.563   0.0   0.0  122
 6.575  350.0 -90  60  78   1.563 330.0  30.0  352
 6.575  352.5 -90  60  75   1.563 330.0  30.0  350
 6.600  112.5  90  60  78   1.563   0.0   0.0  119
 6.600  115.0  90  60  87   1.563   0.0   0.0  119
 6.600  117.5  90  60  69   1.563   0.0   0.0  118
 6.600  237.5  90  60  69  -1.563 270.0  30.0  242
 6.600  350.0  90  60  78   1.563 330.0  30.0  354
 6.600  352.5  90  60  81   1.563 330.0  30.0  355
 6.600  115.0 -90  60  75   1.563   0.0   0.0  121
 6.600  117.5 -90  60  84   1.563   0.0   0.0  121
 6.600  237.5 -90  60  69  -1.563 270.0  30.0  239
 6.600  350.0 -90  60  75   1.563 330.0  30.0  353
 6.600  352.5 -90  60  78   1.563 330.0  30.0  353
 6.625  112.5  90  60  78   1.563   0.0   0.0  119
 6.625  115.0  90  60  87   1.563   0.0   0.0  119
 6.625  117.5  90  60  69   1.563   0.0   0.0  117
 6.625  350.0  90  60  69  -1.563 330.0  30.0  348
 6.625  352.5  90  60  81   1.563 330.0  30.0  358
 6.625  355.0  90  60  72   1.563 210.0  30.0  358
 6.625  115.0 -90  60  78   1.563   0.0   0.0  122
 6.625  117.5 -90  60  84   1.563   0.0   0.0  121
 6.625  350.0 -90  60  69   1.563  90.0  30.0  356
 6.625  352.5 -90  60  81   1.563 330.0  30.0  353
 6.625  355.0 -90  60  72   1.563 330.0  30.0  356
 6.650  112.5  90  57  75   1.563   0.0   0.0  118
 6.650  115.0  90  57  84   1.563   0.0   0.0  118
 6.650  117.5  90  57  66   1.563   0.0   0.0  118
 6.650  352.5  90  57  78   1.563 330.0  30.0  357
 6.650  355.0  90  57  72  -1.563 330.0  30.0  368
 6.650  115.0 -90  57  78  -1.563   0.0   0.0  121
 6.650  117.5 -90  57  84   1.563   0.0   0.0  121
 6.650  237.5 -90  57  69  -1.563 270.0  30.0  243
 6.650  240.0 -90  57  66   1.563  90.0  30.0  245
 6.650  352.5 -90  57  78   1.563 330.0  30.0  355
 6.650  355.0 -90  57  75   1.563 330.0  30.0  356
 6.675  112.5  90  57  75   1.563   0.0   0.0  119
 6.675  115.0  90  57  84   1.563   0.0   0.0  119
 6.675  117.5  90  57  69   1.563   0.0   0.0  119
 6.675  352.5  90  57  72   1.563 330.0  30.0  357
 6.675  355.0  90  57  72   1.563 330.0  30.0  355
 6.675  115.0 -90  57  75   1.563   0.0   0.0  121
 6.675  117.5 -90  57  84   1.563   0.0   0.0  121
 6.675  237.5 -90  57  69   1.563  90.0  30.0  242
 6.675  240.0 -90  57  66  -1.563 270.0  30.0  245
 6.675  352.5 -90  57  72   1.563 330.0  30.0  355
 6.675  355.0 -90  57  78   1.563 330.0  30.0  358
 6.675  357.5 -90  57  66   1.563 330.0  30.0  370
 6.700  112.5  90  57  75  -1.563   0.0   0.0  119
 6.700  115.0  90  57  84   1.563   0.0   0.0  119
 6.700  352.5  90  57  66   1.563 330.0  30.0  355
 6.700  355.0  90  57  75   1.563 330.0  30.0  359
 6.700  487.5  90  57  66   1.563  30.0  30.0  493
 6.700  490.0  90  57  66   1.563 330.0  30.0  495
 6.700  115.0 -90  57  78   1.563   0.0   0.0  121
 6.700  117.5 -90  57  84   1.563   0.0   0.0  121
 6.700  237.5 -90  57  69   1.563 330.0  30.0  230
 6.700  240.0 -90  57  66   1.563  90.0  30.0  246
 6.700  355.0 -90  57  78   1.563 330.0  30.0  357
 6.700  357.5 -90  57  66   1.563 330.0  30.0  359
 6.725  112.5  90  57  78   1.563   0.0   0.0  118
 6.725  115.0  90  57  90   1.563   0.0   0.0  119
 6.725  117.5  90  57  69   1.563   0.0   0.0  119
 6.725  232.5  90  57  66  -1.563   0.0   0.0  236
 6.725  237.5  90  57  66   1.563 270.0  30.0  242
 6.725  355.0  90  57  78   1.563 330.0  30.0  357
 6.725  357.5  90  57  75   1.563 330.0  30.0  358
 6.725  360.0  90  57  66  -1.563   0.0   0.0  359
 6.725  487.5  90  57  69   1.563 330.0  30.0  495
 6.725  490.0  90  57  69   1.563 330.0  30.0  494
 6.725  712.5  90  57  66  -1.563 330.0  30.0  715
 6.725  837.5  90  57  66  -1.563   0.0   0.0  843
 6.725  115.0 -90  57  84   1.563   0.0   0.0  121
 6.725  117.5 -90  57  90   1.563   0.0   0.0  121
 6.725  120.0 -90  57  69   1.563   0.0   0.0  122
 6.725  235.0 -90  57  66   1.563 270.0  30.0  239
 6.725  237.5 -90  57  72  -1.563 270.0  30.0  242
 6.725  240.0 -90  57  69  -1.563 270.0  30.0  245
 6.725  242.5 -90  57  69   1.563 270.0  30.0  246
 6.725  355.0 -90  57  78   1.563 330.0  30.0  360
 6.725  357.5 -90  57  75  -1.563 330.0  30.0  364
 6.750  112.5  90  57  78   1.563   0.0   0.0  119
 6.750  115.0  90  57  90   1.563   0.0   0.0  119
 6.750  117.5  90  57  72   1.563   0.0   0.0  120
 6.750  232.5  90  57  66   1.563   0.0   0.0  236
 6.750  237.5  90  57  66   1.563 270.0  30.0  242
 6.750  355.0  90  57  75   1.563 330.0  30.0  360
 6.750  357.5  90  57  78   1.563 330.0  30.0  361
 6.750  360.0  90  57  66   1.563   0.0   0.0  364
 6.750  487.5  90  57  66   1.563 330.0  30.0  491
 6.750  490.0  90  57  72   1.563 330.0  30.0  496
 6.750  837.5  90  57  66  -1.563   0.0   0.0  843
 6.750  842.5  90  57  66  -1.563   0.0   0.0  850
 6.750  115.0 -90  57  81   1.563   0.0   0.0  120
 6.750  117.5 -90  57  87   1.563   0.0   0.0  121
 6.750  235.0 -90  57  66   1.563 210.0  30.0  241
 6.750  237.5 -90  57  75   1.563 270.0  30.0  241
 6.750  240.0 -90  57  66  -1.563  90.0  30.0  244
 6.750  242.5 -90  57  66   1.563 270.0  30.0  246
 6.750  355.0 -90  57  72  -1.563 330.0  30.0  360
 6.750  357.5 -90  57  75   1.563 330.0  30.0  367
 6.750  360.0 -90  57  66   1.563 330.0  30.0  367
 6.750  697.5 -90  57  69  -1.563   0.0   0.0  702
 6.750  700.0 -90  57  69  -1.563   0.0   0.0  706
 6.750  702.5 -90  57  66  -1.563   0.0   0.0  706
 6.775  112.5  90  57  78   1.563   0.0   0.0  119
 6.775  115.0  90  57  87   1.563   0.0   0.0  119
 6.775  117.5  90  57  69   1.563   0.0   0.0  120
 6.775  355.0  90  57  69   1.563 330.0  30.0  348
 6.775  357.5  90  57  78   1.563 330.0  30.0  361
 6.775  490.0  90  57  69  -1.563 330.0  30.0  495
 6.775  115.0 -90  57  81   1.563   0.0   0.0  120
 6.775  117.5 -90  57  87   1.563   0.0   0.0  121
 6.775  237.5 -90  57  69  -1.563 270.0  30.0  240
 6.775  240.0 -90  57  66  -1.563 270.0  30.0  246
 6.775  355.0 -90  57  66  -1.563 330.0  30.0  350
 6.775  357.5 -90  57  72   1.563 330.0  30.0  345
 6.775  697.5 -90  57  66  -1.563   0.0   0.0  702
 6.775  700.0 -90  57  69  -1.563   0.0   0.0  704
 6.775  702.5 -90  57  69  -1.563   0.0   0.0  707
 6.800  112.5  90  57  78   1.563   0.0   0.0  118
 6.800  115.0  90  57  87   1.563   0.0   0.0  118
 6.800  117.5  90  57  66   1.563   0.0   0.0  116
 6.800  232.5  90  57  66   1.563   0.0   0.0  234
 6.800  355.0  90  57  66   1.563 330.0  30.0  361
 6.800  357.5  90  57  78   1.563 330.0  30.0  362
 6.800  360.0  90  57  72   1.563 330.0  30.0  360
 6.800  362.5  90  57  69  -1.563   0.0   0.0  368
 6.800  365.0  90  57  66   1.563   0.0   0.0  368
 6.800  490.0  90  57  69   1.563 330.0  30.0  497
 6.800  850.0  90  57  66  -1.563   0.0   0.0  855
 6.800 1162.5  90  57  66  -1.563   0.0   0.0 1173
 6.800  115.0 -90  60  81   1.563   0.0   0.0  121
 6.800  117.5 -90  60  87   1.563   0.0   0.0  121
 6.800  237.5 -90  60  72   1.563 330.0  30.0  237
 6.800  357.5 -90  60  69   1.563  90.0  30.0  363
 6.825  112.5  90  69  90   1.563   0.0   0.0  118
 6.825  115.0  90  69  99   1.563   0.0   0.0  119
 6.825  117.5  90  69  81   1.563   0.0   0.0  119
 6.825  232.5  90  69  78  -1.563   0.0   0.0  237
 6.825  237.5  90  69  78  -1.563 270.0  30.0  242
 6.825  357.5  90  69  84   1.563 330.0  30.0  363
 6.825  360.0  90  69  87   1.563 330.0  30.0  363
 6.825  362.5  90  69  78   1.563   0.0   0.0  369
 6.825  365.0  90  69  81   1.563   0.0   0.0  369
 6.825  490.0  90  69  81   1.563 330.0  30.0  495
 6.825  492.5  90  69  78   1.563 210.0  30.0  493
 6.825  115.0 -90  69  93   1.563   0.0   0.0  120
 6.825  117.5 -90  69  96   1.563   0.0   0.0  121
 6.825  237.5 -90  69  87   1.563  90.0  30.0  242
 6.825  250.0 -90  69  78   1.563 270.0  30.0  254
 6.825  252.5 -90  69  81   1.563 270.0  30.0  256
 6.825  357.5 -90  69  78   1.563 270.0  30.0  360
 6.850  112.5  90  69  90   1.563   0.0   0.0  119
 6.850  115.0  90  69  99   1.563   0.0   0.0  119
 6.850  117.5  90  69  81  -1.563   0.0   0.0  118
 6.850  232.5  90  69  78   1.563   0.0   0.0  236
 6.850  237.5  90  69  81   1.563 150.0  30.0  243
 6.850  357.5  90  69  81   1.563 330.0  30.0  361
 6.850  360.0  90  69  90   1.563 330.0  30.0  364
 6.850  362.5  90  69  78   1.563   0.0   0.0  366
 6.850  365.0  90  69  84   1.563   0.0   0.0  370
 6.850  367.5  90  69  78  -1.563   0.0   0.0  371
 6.850  490.0  90  69  81   1.563  30.0  30.0  493
 6.850  492.5  90  69  78   1.563  30.0  30.0  495
 6.850  612.5  90  69  78  -1.563   0.0   0.0  616
 6.850  735.0  90  69  78  -1.563   0.0   0.0  740
 6.850  837.5  90  69  78  -1.563   0.0   0.0  842
 6.850  840.0  90  69  81  -1.563   0.0   0.0  845
 6.850  842.5  90  69  78  -1.563   0.0   0.0  846
 6.850 1170.0  90  69  78  -1.563   0.0   0.0 1177
 6.850  115.0 -90  69  93   1.563   0.0   0.0  120
 6.850  117.5 -90  69  96   1.563   0.0   0.0  121
 6.850  235.0 -90  69  78   1.563   0.0   0.0  239
 6.850  237.5 -90  69  87   1.563  90.0  30.0  241
 6.850  240.0 -90  69  81   1.563 270.0  30.0  242
 6.850  250.0 -90  69  81  -1.563  90.0  30.0  254
 6.850  252.5 -90  69  81  -1.563 330.0  30.0  246
 6.850  360.0 -90  69  78  -1.563  90.0  30.0  365
 6.850  622.5 -90  69  78  -1.563   0.0   0.0  630
 6.875  112.5  90  69  90   1.563   0.0   0.0  119
 6.875  115.0  90  69  99   1.563   0.0   0.0  119
 6.875  117.5  90  69  78   1.563   0.0   0.0  118
 6.875  232.5  90  69  78   1.563   0.0   0.0  238
 6.875  237.5  90  69  78  -1.563 270.0  30.0  242
 6.875  360.0  90  69  87   1.563 330.0  30.0  364
 6.875  365.0  90  69  78   1.563   0.0   0.0  371
 6.875  367.5  90  69  81   1.563   0.0   0.0  371
 6.875  492.5  90  69  78   1.563  30.0  30.0  497
 6.875  735.0  90  69  78  -1.563   0.0   0.0  739
 6.875  737.5  90  69  78  -1.563   0.0   0.0  744
 6.875  837.5  90  69  78  -1.563   0.0   0.0  845
 6.875  840.0  90  69  78  -1.563   0.0   0.0  847
 6.875  845.0  90  69  81  -1.563   0.0   0.0  849
 6.875  847.5  90  69  78  -1.563   0.0   0.0  851
 6.875  115.0 -90  69  93   1.563   0.0   0.0  121
 6.875  117.5 -90  69  96   1.563   0.0   0.0  120
 6.875  237.5 -90  69  84   1.563 270.0  30.0  241
 6.875  240.0 -90  69  78   1.563  90.0  30.0  244
 6.875  250.0 -90  69  81  -1.563 270.0  30.0  255
 6.875  252.5 -90  69  78  -1.563 330.0  30.0  246
 6.875  360.0 -90  69  81   1.563 330.0  30.0  361
 6.900  112.5  90  69  87   1.563   0.0   0.0  119
 6.900  115.0  90  69  96   1.563   0.0   0.0  119
 6.900  117.5  90  69  78   1.563   0.0   0.0  122
 6.900  360.0  90  69  87   1.563 330.0  30.0  364
 6.900  362.5  90  69  81   1.563 330.0  30.0  365
 6.900  367.5  90  69  78  -1.563   0.0   0.0  372
 6.900  492.5  90  69  78   1.563  30.0  30.0  495
 6.900  847.5  90  69  78  -1.563   0.0   0.0  853
 6.900  115.0 -90  69  93   1.563   0.0   0.0  120
 6.900  117.5 -90  69  96   1.563   0.0   0.0  120
 6.900  237.5 -90  69  84   1.563 330.0  30.0  238
 6.900  252.5 -90  69  78   1.563 330.0  30.0  257
 6.900  360.0 -90  69  81   1.563 330.0  30.0  358
 6.925  112.5  90  69  90   1.563   0.0   0.0  118
 6.925  115.0  90  69  99   1.563   0.0   0.0  119
 6.925  117.5  90  69  78   1.563   0.0   0.0  119
 6.925  360.0  90  69  90   1.563 330.0  30.0  365
 6.925  362.5  90  69  87   1.563 330.0  30.0  365
 6.925  370.0  90  69  78  -1.563   0.0   0.0  374
 6.925  857.5  90  69  78  -1.563   0.0   0.0  865
 6.925  870.0  90  69  78  -1.563   0.0   0.0  877
 6.925  115.0 -90  69  96   1.563   0.0   0.0  120
 6.925  117.5 -90  69  96   1.563   0.0   0.0  120
 6.925  237.5 -90  69  81   1.563  90.0  30.0  242
 6.925  360.0 -90  69  81   1.563 330.0  30.0  360
 6.925  362.5 -90  69  81   1.563 330.0  30.0  359
 6.950  112.5  90  69  87   1.563   0.0   0.0  118
 6.950  115.0  90  69  96   1.563   0.0   0.0  119
 6.950  360.0  90  69  87   1.563 330.0  30.0  366
 6.950  362.5  90  69  90   1.563 330.0  30.0  366
 6.950  847.5  90  69  78   1.563   0.0   0.0  853
 6.950  857.5  90  69  78  -1.563   0.0   0.0  864
 6.950  860.0  90  69  81  -1.563   0.0   0.0  864
 6.950  865.0  90  69  78  -1.563   0.0   0.0  869
 6.950 1182.5  90  69  78  -1.563   0.0   0.0 1191
 6.950  115.0 -90  69  93   1.563   0.0   0.0  120
 6.950  117.5 -90  69  96   1.563   0.0   0.0  120
 6.950  360.0 -90  69  81   1.563   0.0   0.0  367
 6.950  362.5 -90  69  84   1.563 330.0  30.0  358
 6.975  112.5  90  69  87  -1.563   0.0   0.0  119
 6.975  115.0  90  69  96   1.563   0.0   0.0  119
 6.975  360.0  90  69  81   1.563 330.0  30.0  347
 6.975  362.5  90  69  93   1.563 330.0  30.0  365
 6.975  707.5  90  69  78  -1.563   0.0   0.0  711
 6.975  865.0  90  69  81  -1.563   0.0   0.0  870
 6.975  867.5  90  69  81  -1.563   0.0   0.0  873
 6.975  870.0  90  69  78  -1.563   0.0   0.0  876
 6.975  115.0 -90  69  96   1.563   0.0   0.0  120
 6.975  117.5 -90  69  96   1.563   0.0   0.0  120
 6.975  250.0 -90  69  78   1.563  90.0  30.0  254
 6.975  362.5 -90  69  87   1.563 330.0  30.0  360
 6.975  365.0 -90  69  78   1.563  90.0  30.0  368
 6.975 1075.0 -90  69  78  -4.688   0.0   0.0 1060
 7.000  112.5  90  69  87   1.563   0.0   0.0  119
 7.000  115.0  90  69  96  -1.563   0.0   0.0  119
 7.000  117.5  90  69  78  -1.563   0.0   0.0  119
 7.000  232.5  90  69  78   1.563   0.0   0.0  235
 7.000  362.5  90  69  93   1.563 330.0  30.0  366
 7.000  365.0  90  69  84   1.563 330.0  30.0  367
 7.000  755.0  90  69  78  -1.563   0.0   0.0  759
 7.000  867.5  90  69  78  -1.563   0.0   0.0  872
 7.000  870.0  90  69  81  -1.563   0.0   0.0  876
 7.000  872.5  90  69  81  -1.563   0.0   0.0  874
 7.000  875.0  90  69  78  -1.563   0.0   0.0  882
 7.000  877.5  90  69  81  -1.563   0.0   0.0  882
 7.000 1187.5  90  69  78  -1.563   0.0   0.0 1193
 7.000 1190.0  90  69  78  -1.563   0.0   0.0 1199
 7.000  115.0 -90  69  96   1.563   0.0   0.0  120
 7.000  117.5 -90  69  96   1.563   0.0   0.0  120
 7.000  235.0 -90  69  78   1.563   0.0   0.0  239
 7.000  250.0 -90  69  81  -1.563  90.0  30.0  253
 7.000  362.5 -90  69  87   1.563 330.0  30.0  377
 7.000  365.0 -90  69  78   1.563 330.0  30.0  376
 7.025  112.5  90  48  66   1.563   0.0   0.0  119
 7.025  115.0  90  48  75   1.563   0.0   0.0  119
 7.025  362.5  90  48  69   1.563 330.0  30.0  367
 7.025  365.0  90  48  63   1.563 330.0  30.0  368
 7.025  870.0  90  48  60  -1.563   0.0   0.0  874
 7.025  872.5  90  48  57  -1.563   0.0   0.0  877
 7.025  875.0  90  48  60   1.563   0.0   0.0  881
 7.025  877.5  90  48  57   1.563   0.0   0.0  882
 7.025 1190.0  90  48  57  -1.563   0.0   0.0 1199
 7.025  115.0 -90  48  75   1.563   0.0   0.0  120
 7.025  117.5 -90  48  75   1.563   0.0   0.0  120
 7.025  250.0 -90  48  60  -1.563  90.0  30.0  254
 7.025  252.5 -90  48  57  -1.563  90.0  30.0  255
 7.025  362.5 -90  48  66   1.563 330.0  30.0  352
 7.025  365.0 -90  48  63   1.563 330.0  30.0  356
 7.050  112.5  90  48  63   1.563   0.0   0.0  118
 7.050  115.0  90  48  75   1.563   0.0   0.0  119
 7.050  362.5  90  48  69   1.563 330.0  30.0  368
 7.050  365.0  90  48  66   1.563 330.0  30.0  367
 7.050  377.5  90  48  57   1.563   0.0   0.0  383
 7.050 1197.5  90  48  57  -1.563   0.0   0.0 1205
 7.050 1200.0  90  48  57  -1.563   0.0   0.0 1205
 7.050  115.0 -90  48  75   1.563   0.0   0.0  120
 7.050  117.5 -90  48  72   1.563   0.0   0.0  120
 7.050  250.0 -90  48  57   1.563 330.0  30.0  241
 7.050  362.5 -90  48  60   1.563 270.0  30.0  369
 7.050  365.0 -90  48  63   1.563 330.0  30.0  361
 7.075  112.5  90  48  66  -1.563   0.0   0.0  118
 7.075  115.0  90  48  75   1.563   0.0   0.0  119
 7.075  117.5  90  48  57  -1.563   0.0   0.0  118
 7.075  362.5  90  48  66   1.563 330.0  30.0  366
 7.075  365.0  90  48  66   1.563 330.0  30.0  369
 7.075  377.5  90  48  57  -1.563   0.0   0.0  382
 7.075  380.0  90  48  60  -1.563   0.0   0.0  384
 7.075  645.0  90  48  57  -1.563   0.0   0.0  650
 7.075  647.5  90  48  57  -1.563   0.0   0.0  652
 7.075  720.0  90  48  57   1.563  30.0  30.0  722
 7.075  722.5  90  48  57  -1.563 330.0  30.0  725
 7.075  115.0 -90  48  75   1.563   0.0   0.0  120
 7.075  117.5 -90  48  72   1.563   0.0   0.0  120
 7.075  362.5 -90  48  57   1.563 270.0  30.0  374
 7.075  365.0 -90  48  63   1.563 330.0  30.0  352
 7.100  100.0  90  48  57   1.563   0.0   0.0  114
 7.100  112.5  90  48  66   1.563   0.0   0.0  119
 7.100  115.0  90  48  75   1.563   0.0   0.0  119
 7.100  117.5  90  48  60  -1.563   0.0   0.0  120
 7.100  362.5  90  48  57   1.563 330.0  30.0  367
 7.100  365.0  90  48  69   1.563 330.0  30.0  368
 7.100  380.0  90  48  57  -1.563   0.0   0.0  385
 7.100  917.5  90  48  57  -1.563   0.0   0.0  924
 7.100  920.0  90  48  57  -1.563   0.0   0.0  925
 7.100  922.5  90  48  60  -1.563   0.0   0.0  929
 7.100  925.0  90  48  57  -1.563   0.0   0.0  929
 7.100  115.0 -90  48  75   1.563   0.0   0.0  120
 7.100  117.5 -90  48  72   1.563   0.0   0.0  120
 7.100  235.0 -90  48  57  -1.563   0.0   0.0  240
 7.100  365.0 -90  48  66   1.563 330.0  30.0  372
 7.100  557.5 -90  48  57  -4.688 270.0  30.0  546
 7.100  560.0 -90  48  57   1.563 150.0  30.0  563
 7.100  562.5 -90  48  60   4.688 270.0  30.0  575
 7.100  565.0 -90  48  60   4.688 270.0  30.0  568
 7.100  567.5 -90  48  57   1.563 150.0  30.0  564
 7.100  570.0 -90  48  60   4.688 150.0  30.0  585
 7.100  572.5 -90  48  63   4.688 270.0  30.0  565
 7.100  575.0 -90  48  63  -1.563 270.0  30.0  568
 7.100  577.5 -90  48  60  -1.563 270.0  30.0  570
 7.100  580.0 -90  48  66  -4.688 150.0  30.0  571
 7.100  582.5 -90  48  63  -1.563 270.0  30.0  579
 7.100  587.5 -90  48  60  -4.688 270.0  30.0  581
 7.100  590.0 -90  48  60   4.688 150.0  30.0  579
 7.100  592.5 -90  48  66  -1.563 270.0  30.0  602
 7.100  595.0 -90  48  66  -4.688 270.0  30.0  593
 7.100  597.5 -90  48  63   4.688 270.0  30.0  597
 7.100  600.0 -90  48  57   4.688 270.0  30.0  594
 7.100  602.5 -90  48  63  -1.563 270.0  30.0  589
 7.100  605.0 -90  48  63   4.688 150.0  30.0  605
 7.100  607.5 -90  48  63   4.688 270.0  30.0  609
 7.100  612.5 -90  48  63  -1.563 270.0  30.0  621
 7.100  615.0 -90  48  60   1.563 150.0  30.0  623
 7.100  617.5 -90  48  66   4.688 270.0  30.0  609
 7.100  620.0 -90  48  69   1.563 150.0  30.0  632
 7.100  625.0 -90  48  60  -1.563 150.0  30.0  631
 7.100  627.5 -90  48  60   1.563 270.0  30.0  615
 7.100  630.0 -90  48  63   1.563 270.0  30.0  635
 7.100  632.5 -90  48  63  -1.563 270.0  30.0  630
 7.100  637.5 -90  48  60  -4.688 150.0  30.0  638
 7.100  640.0 -90  48  63  -4.688 150.0  30.0  633
 7.100  642.5 -90  48  63   4.688 270.0  30.0  641
 7.100  645.0 -90  48  66  -4.688 270.0  30.0  641
 7.100  647.5 -90  48  60   1.563 270.0  30.0  642
 7.100  650.0 -90  48  57  -1.563 270.0  30.0  649
 7.100  652.5 -90  48  60  -1.563 270.0  30.0  653
 7.100  655.0 -90  48  57   1.563 270.0  30.0  652
 7.100  657.5 -90  48  60  -1.563 270.0  30.0  658
 7.100  662.5 -90  48  60  -4.688  90.0  30.0  655
 7.125  112.5  90  48  63  -1.563   0.0   0.0  119
 7.125  115.0  90  48  75   1.563   0.0   0.0  119
 7.125  117.5  90  48  57   1.563   0.0   0.0  121
 7.125  365.0  90  48  69   1.563 330.0  30.0  369
 7.125  367.5  90  48  57  -1.563 330.0  30.0  372
 7.125  382.5  90  48  60   1.563   0.0   0.0  387
 7.125  922.5  90  48  57  -1.563   0.0   0.0  927
 7.125  925.0  90  48  60  -1.563   0.0   0.0  931
 7.125  927.5  90  48  60  -1.563   0.0   0.0  932
 7.125  930.0  90  48  60  -1.563   0.0   0.0  936
 7.125  932.5  90  48  57  -1.563   0.0   0.0  938
 7.125  115.0 -90  48  75   1.563   0.0   0.0  120
 7.125  117.5 -90  48  72   1.563   0.0   0.0  120
 7.125  235.0 -90  48  57  -1.563   0.0   0.0  240
 7.125  365.0 -90  48  63   1.563 330.0  30.0  376
 7.150  112.5  90  48  63  -1.563   0.0   0.0  119
 7.150  115.0  90  48  75   1.563   0.0   0.0  119
 7.150  117.5  90  48  60  -1.563   0.0   0.0  119
 7.150  365.0  90  48  69   1.563 330.0  30.0  369
 7.150  367.5  90  48  63   1.563 330.0  30.0  368
 7.150  385.0  90  48  57   1.563   0.0   0.0  390
 7.150  930.0  90  48  60  -1.563   0.0   0.0  936
 7.150  932.5  90  48  60  -1.563   0.0   0.0  938
 7.150  935.0  90  48  57  -1.563   0.0   0.0  940
 7.150  937.5  90  48  57  -1.563   0.0   0.0  941
 7.150 1200.0  90  48  57  -1.563   0.0   0.0 1206
 7.150  115.0 -90  48  75   1.563   0.0   0.0  120
 7.150  117.5 -90  48  72   1.563   0.0   0.0  120
 7.150  365.0 -90  48  60  -1.563 330.0  30.0  373
 7.150  367.5 -90  48  57   1.563 330.0  30.0  370
 7.175  112.5  90  48  57   1.563   0.0   0.0  119
 7.175  115.0  90  48  75   1.563   0.0   0.0  119
 7.175  117.5  90  48  60   1.563   0.0   0.0  119
 7.175  365.0  90  48  66   1.563 330.0  30.0  370
 7.175  367.5  90  48  63   1.563 330.0  30.0  371
 7.175  385.0  90  48  57  -1.563   0.0   0.0  389
 7.175  732.5  90  48  57   1.563 330.0  30.0  737
 7.175  115.0 -90  48  75   1.563   0.0   0.0  120
 7.175  117.5 -90  48  72   1.563   0.0   0.0  120
 7.175  365.0 -90  48  60   1.563 330.0  30.0  372
 7.175  367.5 -90  48  60   1.563 330.0  30.0  373
 7.175  810.0 -90  48  57  -1.563 270.0  30.0  815
 7.200  112.5  90  48  60   1.563   0.0   0.0  118
 7.200  115.0  90  48  72   1.563   0.0   0.0  119
 7.200  117.5  90  48  63   1.563   0.0   0.0  119
 7.200  365.0  90  48  63   1.563 330.0  30.0  371
 7.200  367.5  90  48  69   1.563 330.0  30.0  372
 7.200  732.5  90  48  57  -1.563   0.0   0.0  736
 7.200  115.0 -90  48  75   1.563   0.0   0.0  120
 7.200  117.5 -90  48  72   1.563   0.0   0.0  120
 7.200  365.0 -90  48  60   1.563 330.0  30.0  371
 7.200  367.5 -90  48  66   1.563 330.0  30.0  371
 7.200  810.0 -90  48  57  -1.563   0.0   0.0  816
 7.200  812.5 -90  48  57  -1.563   0.0   0.0  818
 7.225  112.5  90  48  57  -1.563   0.0   0.0  121
 7.225  115.0  90  48  72   1.563   0.0   0.0  119
 7.225  117.5  90  48  63   1.563   0.0   0.0  120
 7.225  367.5  90  48  66   1.563 330.0  30.0  372
 7.225  390.0  90  48  57  -1.563   0.0   0.0  395
 7.225  115.0 -90  48  75   1.563   0.0   0.0  120
 7.225  117.5 -90  48  72   1.563   0.0   0.0  120
 7.225  367.5 -90  48  69   1.563 330.0  30.0  372
 7.225  370.0 -90  48  57  -1.563 330.0  30.0  370
 7.225  490.0 -90  48  57   1.563   0.0   0.0  494
 7.225  812.5 -90  48  57  -1.563 270.0  30.0  818
 7.225 1180.0 -90  48  57  -1.563   0.0   0.0 1186
 7.250  112.5  90  48  57  -1.563   0.0   0.0  118
 7.250  115.0  90  48  69   1.563   0.0   0.0  120
 7.250  117.5  90  48  60  -1.563   0.0   0.0  120
 7.250  367.5  90  48  66   1.563 330.0  30.0  374
 7.250  370.0  90  48  60   1.563 330.0  30.0  371
 7.250  742.5  90  48  57  -1.563   0.0   0.0  749
 7.250  115.0 -90  48  75   1.563   0.0   0.0  120
 7.250  117.5 -90  48  72   1.563   0.0   0.0  120
 7.250  367.5 -90  48  66   1.563 330.0  30.0  372
 7.250  370.0 -90  48  60   1.563 330.0  30.0  372
 7.250 1182.5 -90  48  57  -1.563   0.0   0.0 1188
 7.275  115.0  90  51  63   1.563   0.0   0.0  119
 7.275  367.5  90  51  63   1.563 330.0  30.0  373
 7.275  115.0 -90  51  75   1.563   0.0   0.0  120
 7.275  117.5 -90  51  72   1.563   0.0   0.0  120
 7.275  250.0 -90  51  60  -1.563  90.0  30.0  254
 7.275  367.5 -90  51  66   1.563 330.0  30.0  373
 7.275  370.0 -90  51  66   1.563 330.0  30.0  373
 7.300  115.0 -90  51  78   1.563   0.0   0.0  120
 7.300  117.5 -90  51  72   1.563   0.0   0.0  120
 7.300  250.0 -90  51  60   1.563 330.0  30.0  249
 7.300  367.5 -90  51  60   1.563 330.0  30.0  377
 7.300  370.0 -90  51  69   1.563 330.0  30.0  373
 7.325  115.0 -90  51  78   1.563   0.0   0.0  120
 7.325  117.5 -90  51  72   1.563   0.0   0.0  120
 7.325  247.5 -90  51  60   1.563 330.0  30.0  253
 7.325  250.0 -90  51  60  -1.563 330.0  30.0  242
 7.325  370.0 -90  51  72   1.563 330.0  30.0  373
 7.325  372.5 -90  51  60   1.563 330.0  30.0  370
 7.350  370.0  90  48  63   1.563 330.0  30.0  374
 7.350  372.5  90  48  57   1.563 330.0  30.0  376
 7.350  400.0  90  48  63  -1.563   0.0   0.0  405
 7.350  402.5  90  48  57  -1.563   0.0   0.0  407
 7.350  800.0  90  48  57  -1.563   0.0   0.0  805
 7.350  802.5  90  48  60  -1.563   0.0   0.0  808
 7.350  807.5  90  48  57  -1.563   0.0   0.0  812
 7.350  115.0 -90  48  78   1.563   0.0   0.0  120
 7.350  117.5 -90  48  72   1.563   0.0   0.0  120
 7.350  247.5 -90  48  57   1.563  90.0  30.0  253
 7.350  370.0 -90  48  72   1.563 330.0  30.0  374
 7.350  372.5 -90  48  66   1.563 330.0  30.0  375
 7.350  377.5 -90  48  57   1.563   0.0   0.0  382
 7.375  370.0  90  51  66   1.563 330.0  30.0  377
 7.375  372.5  90  51  66   1.563 330.0  30.0  376
 7.375  402.5  90  51  63  -1.563   0.0   0.0  407
 7.375  807.5  90  51  60  -1.563 150.0  30.0  814
 7.375  115.0 -90  51  75   1.563   0.0   0.0  120
 7.375  117.5 -90  51  72   1.563   0.0   0.0  120
 7.375  370.0 -90  51  69   1.563 330.0  30.0  376
 7.375  372.5 -90  51  72   1.563 330.0  30.0  374
 7.400  127.5  90  57  66   4.688 210.0  30.0  120
 7.400  130.0  90  57  66   4.688 210.0  30.0  126
 7.400  372.5  90  57  69   1.563 330.0  30.0  377
 7.400  405.0  90  57  66  -1.563   0.0   0.0  410
 7.400 1252.5  90  57  66   1.563 210.0  30.0 1249
 7.400 1255.0  90  57  66   1.563 210.0  30.0 1252
 7.400  115.0 -90  57  75   1.563   0.0   0.0  120
 7.400  117.5 -90  57  72   1.563   0.0   0.0  119
 7.400  370.0 -90  57  66  -1.563 330.0  30.0  375
 7.400  372.5 -90  57  72   1.563 330.0  30.0  375
 7.400  427.5 -90  57  66  -1.563 210.0  30.0  427
 7.400  797.5 -90  57  66   4.688 210.0  30.0  790
 7.400  800.0 -90  57  66   4.688 210.0  30.0  791
 7.400  802.5 -90  57  66   4.688 210.0  30.0  793
 7.425  115.0 -90  66  75   1.563   0.0   0.0  120
 7.450  820.0  90  63  72  -1.563   0.0   0.0  825
 7.450  115.0 -90  63  75   1.563   0.0   0.0  120
 7.450  117.5 -90  63  72   1.563   0.0   0.0  120
 7.475  372.5  90  54  66   1.563 330.0  30.0  377
 7.475  375.0  90  54  72   1.563 330.0  30.0  379
 7.475  410.0  90  54  66  -1.563   0.0   0.0  415
 7.475  412.5  90  54  63   1.563   0.0   0.0  416
 7.475  820.0  90  54  69  -1.563   0.0   0.0  827
 7.475  822.5  90  54  72  -1.563   0.0   0.0  828
 7.475  825.0  90  54  69  -1.563   0.0   0.0  830
 7.475  827.5  90  54  63  -1.563   0.0   0.0  832
 7.475  115.0 -90  54  75   1.563   0.0   0.0  120
 7.475  117.5 -90  54  72   1.563   0.0   0.0  120
 7.475  375.0 -90  54  69   1.563 330.0  30.0  378
 7.500  372.5  90  48  63   1.563 330.0  30.0  376
 7.500  375.0  90  48  75   1.563 330.0  30.0  379
 7.500  377.5  90  48  63   1.563 330.0  30.0  380
 7.500  412.5  90  48  63  -1.563   0.0   0.0  417
 7.500  415.0  90  48  63  -1.563   0.0   0.0  419
 7.500  822.5  90  48  57  -1.563 150.0  30.0  825
 7.500  825.0  90  48  57  -1.563   0.0   0.0  829
 7.500  827.5  90  48  63  -1.563   0.0   0.0  833
 7.500  830.0  90  48  66  -1.563   0.0   0.0  835
 7.500  832.5  90  48  63  -1.563   0.0   0.0  838
 7.500  835.0  90  48  63  -1.563   0.0   0.0  840
 7.500  115.0 -90  48  75   1.563   0.0   0.0  119
 7.500  117.5 -90  48  69   1.563   0.0   0.0  120
 7.500  372.5 -90  48  57   1.563 330.0  30.0  378
 7.500  375.0 -90  48  69   1.563 330.0  30.0  379
 7.500  377.5 -90  48  60   1.563 330.0  30.0  379
 7.525  372.5  90  51  60   1.563 330.0  30.0  364
 7.525  375.0  90  51  75   1.563 330.0  30.0  382
 7.525  377.5  90  51  72   1.563 330.0  30.0  379
 7.525  415.0  90  51  63  -1.563   0.0   0.0  418
 7.525  417.5  90  51  66   1.563   0.0   0.0  422
 7.525  830.0  90  51  63  -1.563   0.0   0.0  835
 7.525  835.0  90  51  66  -1.563   0.0   0.0  841
 7.525  837.5  90  51  66  -1.563   0.0   0.0  843
 7.525  840.0  90  51  63  -1.563   0.0   0.0  845
 7.525  115.0 -90  51  75   1.563   0.0   0.0  120
 7.525  117.5 -90  51  69  -1.563   0.0   0.0  120
 7.525  375.0 -90  51  69   1.563 330.0  30.0  379
 7.525  377.5 -90  51  69   1.563 330.0  30.0  379
 7.525 1157.5 -90  51  60  -1.563   0.0   0.0 1163
 7.550  282.5  90  48  57   4.688   0.0   0.0  291
 7.550  375.0  90  48  69   1.563 330.0  30.0  380
 7.550  377.5  90  48  72   1.563 330.0  30.0  381
 7.550  417.5  90  48  60  -1.563   0.0   0.0  423
 7.550  420.0  90  48  63  -1.563   0.0   0.0  424
 7.550  422.5  90  48  57   1.563   0.0   0.0  427
 7.550  835.0  90  48  60   1.563 150.0  30.0  842
 7.550  837.5  90  48  66  -1.563   0.0   0.0  842
 7.550  840.0  90  48  69  -1.563   0.0   0.0  845
 7.550  842.5  90  48  69  -1.563   0.0   0.0  848
 7.550  845.0  90  48  63  -1.563   0.0   0.0  850
 7.550  112.5 -90  48  57  -1.563   0.0   0.0  120
 7.550  115.0 -90  48  75   1.563   0.0   0.0  120
 7.550  117.5 -90  48  69   1.563   0.0   0.0  120
 7.550  375.0 -90  48  63   1.563 330.0  30.0  376
 7.550  377.5 -90  48  69   1.563 330.0  30.0  381
 7.550  385.0 -90  48  57  -1.563   0.0   0.0  389
 7.550 1157.5 -90  48  57  -1.563   0.0   0.0 1164
 7.550 1160.0 -90  48  57  -1.563   0.0   0.0 1166
 7.575  375.0  90  48  60   1.563 330.0  30.0  384
 7.575  377.5  90  48  72   1.563 330.0  30.0  382
 7.575  380.0  90  48  60   1.563 330.0  30.0  380
 7.575  420.0  90  48  57  -1.563   0.0   0.0  424
 7.575  422.5  90  48  63  -1.563   0.0   0.0  427
 7.575  425.0  90  48  60  -1.563   0.0   0.0  429
 7.575  842.5  90  48  69  -1.563   0.0   0.0  848
 7.575  845.0  90  48  69  -1.563   0.0   0.0  850
 7.575  847.5  90  48  66  -1.563   0.0   0.0  853
 7.575  850.0  90  48  63  -1.563   0.0   0.0  855
 7.575  115.0 -90  48  75   1.563   0.0   0.0  120
 7.575  117.5 -90  48  69   1.563   0.0   0.0  120
 7.575  375.0 -90  48  57  -1.563 330.0  30.0  382
 7.575  377.5 -90  48  66   1.563 330.0  30.0  379
 7.575  380.0 -90  48  60   1.563 330.0  30.0  380
 7.575  387.5 -90  48  57   1.563   0.0   0.0  392
 7.600  377.5  90  48  63   1.563 330.0  30.0  383
 7.600  380.0  90  48  63   1.563 330.0  30.0  382
 7.600  422.5  90  48  57  -1.563   0.0   0.0  429
 7.600  425.0  90  48  63  -1.563   0.0   0.0  429
 7.600  427.5  90  48  60   1.563   0.0   0.0  432
 7.600  842.5  90  48  57  -1.563   0.0   0.0  848
 7.600  845.0  90  48  60  -1.563   0.0   0.0  851
 7.600  847.5  90  48  57  -1.563   0.0   0.0  857
 7.600  850.0  90  48  66  -1.563   0.0   0.0  856
 7.600  852.5  90  48  57  -1.563   0.0   0.0  856
 7.600  115.0 -90  48  75   1.563   0.0   0.0  120
 7.600  117.5 -90  48  69   1.563   0.0   0.0  120
 7.600  377.5 -90  48  60   1.563 330.0  30.0  380
 7.600  380.0 -90  48  60   1.563 330.0  30.0  382
 7.600  387.5 -90  48  57   1.563   0.0   0.0  393
 7.625  380.0  90  48  60   1.563 330.0  30.0  384
 7.625  425.0  90  48  57  -1.563   0.0   0.0  431
 7.625  427.5  90  48  60   1.563   0.0   0.0  432
 7.625  430.0  90  48  60  -1.563   0.0   0.0  434
 7.625  850.0  90  48  60  -1.563   0.0   0.0  856
 7.625  852.5  90  48  60  -1.563   0.0   0.0  856
 7.625  855.0  90  48  57  -1.563   0.0   0.0  861
 7.625  857.5  90  48  57  -1.563 210.0  30.0  864
 7.625  860.0  90  48  60  -1.563   0.0   0.0  864
 7.625  862.5  90  48  57  -1.563   0.0   0.0  868
 7.625  115.0 -90  48  75   1.563   0.0   0.0  120
 7.625  117.5 -90  48  69  -1.563   0.0   0.0  120
 7.625  247.5 -90  48  57   1.563 150.0  30.0  253
 7.625  380.0 -90  48  57  -1.563 330.0  30.0  380
 7.625  390.0 -90  48  57   1.563   0.0   0.0  399
 7.650  430.0  90  48  57   1.563   0.0   0.0  434
 7.650  432.5  90  48  60  -1.563   0.0   0.0  436
 7.650  435.0  90  48  60   1.563   0.0   0.0  439
 7.650  855.0  90  48  57  -1.563   0.0   0.0  860
 7.650  857.5  90  48  60  -1.563   0.0   0.0  861
 7.650  860.0  90  48  66  -1.563   0.0   0.0  865
 7.650  862.5  90  48  60  -1.563   0.0   0.0  867
 7.650  865.0  90  48  63  -1.563   0.0   0.0  871
 7.650  867.5  90  48  63  -1.563   0.0   0.0  873
 7.650  870.0  90  48  60  -1.563   0.0   0.0  876
 7.650  115.0 -90  48  75   1.563   0.0   0.0  120
 7.650  117.5 -90  48  69   1.563   0.0   0.0  119
 7.650  247.5 -90  48  60   1.563 150.0  30.0  251
 7.675  867.5  90  57  69  -1.563   0.0   0.0  874
 7.675  115.0 -90  54  75   1.563   0.0   0.0  120
 7.675  117.5 -90  54  69   1.563   0.0   0.0  120
 7.675  247.5 -90  54  63  -1.563 270.0  30.0  252
 7.675  392.5 -90  54  63   1.563   0.0   0.0  396
 7.700   87.5  90  66  75  -1.563  30.0  30.0   84
 7.700   90.0  90  66  75   1.563  30.0  30.0   85
 7.700   92.5  90  66  75   1.563  30.0  30.0  101
 7.700   95.0  90  66  75   1.563  30.0  30.0  103
 7.700  435.0  90  66  75   4.688  30.0  30.0  425
 7.700  437.5  90  66  75   4.688  30.0  30.0  427
 7.700  440.0  90  66  75   4.688  30.0  30.0  428
 7.700  442.5  90  66  75   4.688  30.0  30.0  429
 7.700  115.0 -90  60  75   1.563   0.0   0.0  119
 7.700  117.5 -90  60  69   1.563   0.0   0.0  120
 7.700  587.5 -90  60  69  -4.688 210.0  30.0  583
 7.700  590.0 -90  60  69  -4.688  30.0  30.0  585
 7.700  732.5 -90  60  69   1.563  30.0  30.0  732
 7.700 1152.5 -90  60  69  -4.688 210.0  30.0 1149
 7.750  595.0  90  63  72   1.563  30.0  30.0  592
 7.750  597.5  90  63  72   1.563  30.0  30.0  596
 7.750  115.0 -90  57  72  -1.563   0.0   0.0  120
 7.750  117.5 -90  57  69   1.563   0.0   0.0  120
 7.750  397.5 -90  57  66   1.563   0.0   0.0  401
 7.775  450.0  90  54  66   1.563   0.0   0.0  454
 7.775  452.5  90  54  66  -1.563   0.0   0.0  456
 7.775  900.0  90  54  63  -1.563   0.0   0.0  908
 7.775  902.5  90  54  63  -1.563   0.0   0.0  907
 7.775  905.0  90  54  66  -1.563   0.0   0.0  909
 7.775  907.5  90  54  66  -1.563   0.0   0.0  911
 7.775  115.0 -90  51  72  -1.563   0.0   0.0  120
 7.775  117.5 -90  51  66   1.563   0.0   0.0  119
 7.775  247.5 -90  51  63  -1.563 270.0  30.0  251
 7.775  397.5 -90  51  63   1.563   0.0   0.0  400
 7.800   80.0  90  54  63   1.563 210.0  30.0   84
 7.800  225.0  90  54  63  -4.688   0.0   0.0  216
 7.800  455.0  90  54  63  -1.563   0.0   0.0  459
 7.800  457.5  90  54  66  -1.563   0.0   0.0  462
 7.800  460.0  90  54  63  -1.563   0.0   0.0  464
 7.800  905.0  90  54  66  -1.563   0.0   0.0  909
 7.800  907.5  90  54  69  -1.563   0.0   0.0  913
 7.800  910.0  90  54  66  -1.563   0.0   0.0  914
 7.800 1267.5  90  54  63  -4.688   0.0   0.0 1268
 7.800 1270.0  90  54  63  -4.688   0.0   0.0 1270
 7.800 1275.0  90  54  63  -4.688   0.0   0.0 1275
 7.800 1277.5  90  54  63  -4.688   0.0   0.0 1278
 7.800 1280.0  90  54  63  -4.688   0.0   0.0 1281
 7.800 1282.5  90  54  63  -1.563   0.0   0.0 1280
 7.800  115.0 -90  51  66  -1.563   0.0   0.0  120
 7.800  117.5 -90  51  63   1.563   0.0   0.0  120
 7.800  247.5 -90  51  63  -1.563 270.0  30.0  249
 7.800  947.5 -90  51  60  -1.563   0.0   0.0  954
 7.800  950.0 -90  51  60  -1.563   0.0   0.0  956
 7.825  375.0  90  51  60   1.563 330.0  30.0  371
 7.825  457.5  90  51  60  -1.563   0.0   0.0  464
 7.825  460.0  90  51  63   1.563   0.0   0.0  461
 7.825  462.5  90  51  66   1.563   0.0   0.0  467
 7.825  465.0  90  51  66  -1.563   0.0   0.0  468
 7.825  467.5  90  51  60  -1.563   0.0   0.0  470
 7.825  910.0  90  51  60  -1.563   0.0   0.0  913
 7.825  920.0  90  51  63  -1.563   0.0   0.0  926
 7.825  922.5  90  51  63  -1.563   0.0   0.0  928
 7.825  925.0  90  51  63  -1.563   0.0   0.0  929
 7.825  115.0 -90  51  66   1.563   0.0   0.0  120
 7.825  117.5 -90  51  63   1.563   0.0   0.0  120
 7.825  247.5 -90  51  60   1.563 270.0  30.0  252
 7.825  400.0 -90  51  60  -1.563   0.0   0.0  405
 7.825  520.0 -90  51  60   1.563   0.0   0.0  523
 7.850  375.0  90  48  57   1.563 330.0  30.0  381
 7.850  462.5  90  48  57  -1.563   0.0   0.0  467
 7.850  465.0  90  48  63   1.563   0.0   0.0  470
 7.850  467.5  90  48  63   1.563   0.0   0.0  471
 7.850  470.0  90  48  63   1.563   0.0   0.0  473
 7.850  472.5  90  48  60   1.563   0.0   0.0  477
 7.850  922.5  90  48  60  -1.563 150.0  30.0  927
 7.850  925.0  90  48  63  -1.563   0.0   0.0  931
 7.850  927.5  90  48  60  -1.563   0.0   0.0  933
 7.850  930.0  90  48  60  -1.563 150.0  30.0  936
 7.850  932.5  90  48  57  -1.563   0.0   0.0  936
 7.850  115.0 -90  48  60   1.563   0.0   0.0  120
 7.850  117.5 -90  48  60   1.563   0.0   0.0  122
 7.850  245.0 -90  48  57  -1.563 270.0  30.0  251
 7.850  247.5 -90  48  60   1.563 270.0  30.0  251
 7.850  400.0 -90  48  57  -1.563   0.0   0.0  405
 7.850  402.5 -90  48  66   1.563   0.0   0.0  407
 7.850  520.0 -90  48  60   1.563   0.0   0.0  525
 7.850  810.0 -90  48  57  -1.563   0.0   0.0  815
 7.850  812.5 -90  48  60  -1.563   0.0   0.0  817
 7.850  815.0 -90  48  60  -1.563   0.0   0.0  818
 7.850  817.5 -90  48  57   1.563   0.0   0.0  824
 7.875  467.5  90  48  57  -1.563   0.0   0.0  473
 7.875  470.0  90  48  63   1.563   0.0   0.0  475
 7.875  472.5  90  48  63   1.563   0.0   0.0  476
 7.875  475.0  90  48  66   1.563   0.0   0.0  479
 7.875  477.5  90  48  63   1.563   0.0   0.0  481
 7.875  480.0  90  48  60   1.563   0.0   0.0  484
 7.875  482.5  90  48  57   1.563   0.0   0.0  485
 7.875  955.0  90  48  60  -1.563   0.0   0.0  959
 7.875  957.5  90  48  60   1.563   0.0   0.0  962
 7.875  960.0  90  48  60   1.563   0.0   0.0  964
 7.875  962.5  90  48  57   1.563   0.0   0.0  964
 7.875  117.5 -90  48  57  -1.563   0.0   0.0  121
 7.875  245.0 -90  48  57   1.563  30.0  30.0  254
 7.875  247.5 -90  48  60  -1.563  30.0  30.0  251
 7.875  377.5 -90  48  57   1.563 330.0  30.0  380
 7.875  402.5 -90  48  66   1.563   0.0   0.0  407
 7.875  405.0 -90  48  66   1.563   0.0   0.0  409
 7.875  522.5 -90  48  57   1.563   0.0   0.0  525
 7.875  810.0 -90  48  57  -1.563   0.0   0.0  817
 7.875  812.5 -90  48  60  -1.563   0.0   0.0  816
 7.875  820.0 -90  48  57  -1.563   0.0   0.0  826
 7.875  965.0 -90  48  57   1.563   0.0   0.0  970
 7.875  967.5 -90  48  57  -1.563   0.0   0.0  972
 7.875  970.0 -90  48  57  -1.563   0.0   0.0  974
 7.875 1270.0 -90  48  57  -1.563   0.0   0.0 1281
 7.900  377.5  90  48  57   1.563 330.0  30.0  375
 7.900  475.0  90  48  60   1.563   0.0   0.0  480
 7.900  477.5  90  48  63   1.563   0.0   0.0  482
 7.900  480.0  90  48  66   1.563   0.0   0.0  484
 7.900  482.5  90  48  63  -1.563   0.0   0.0  487
 7.900  485.0  90  48  63  -1.563   0.0   0.0  489
 7.900  487.5  90  48  60   1.563   0.0   0.0  491
 7.900  490.0  90  48  57   1.563   0.0   0.0  492
 7.900  957.5  90  48  57   1.563   0.0   0.0  963
 7.900  962.5  90  48  63   1.563   0.0   0.0  968
 7.900  965.0  90  48  60   1.563   0.0   0.0  969
 7.900  967.5  90  48  57   1.563   0.0   0.0  973
 7.900  970.0  90  48  60   1.563   0.0   0.0  975
 7.900  972.5  90  48  57   1.563   0.0   0.0  976
 7.900  247.5 -90  48  60   1.563 270.0  30.0  250
 7.900  377.5 -90  48  57   1.563 330.0  30.0  377
 7.900  402.5 -90  48  57  -1.563   0.0   0.0  409
 7.900  405.0 -90  48  69   1.563   0.0   0.0  409
 7.900  407.5 -90  48  60   1.563   0.0   0.0  410
 7.900  812.5 -90  48  57  -1.563   0.0   0.0  818
 7.900  822.5 -90  48  60  -1.563   0.0   0.0  828
 7.900  825.0 -90  48  57  -1.563   0.0   0.0  830
 7.900  970.0 -90  48  57  -1.563   0.0   0.0  976
 7.925  377.5  90  48  60   1.563 330.0  30.0  379
 7.925  482.5  90  48  60   1.563   0.0   0.0  488
 7.925  485.0  90  48  63   1.563   0.0   0.0  489
 7.925  487.5  90  48  66   1.563   0.0   0.0  491
 7.925  490.0  90  48  66   1.563   0.0   0.0  494
 7.925  492.5  90  48  63   1.563   0.0   0.0  496
 7.925  495.0  90  48  63   1.563   0.0   0.0  498
 7.925  497.5  90  48  57   1.563   0.0   0.0  502
 7.925  962.5  90  48  57  -1.563   0.0   0.0  969
 7.925  965.0  90  48  60  -1.563   0.0   0.0  970
 7.925  967.5  90  48  60  -1.563   0.0   0.0  972
 7.925  970.0  90  48  60  -1.563   0.0   0.0  976
 7.925  972.5  90  48  63  -1.563   0.0   0.0  977
 7.925  977.5  90  48  60  -1.563   0.0   0.0  981
 7.925  985.0  90  48  57  -1.563   0.0   0.0  988
 7.925  377.5 -90  51  60   1.563 330.0  30.0  379
 7.925  405.0 -90  51  66   1.563   0.0   0.0  410
 7.925  407.5 -90  51  66   1.563   0.0   0.0  411
 7.925  825.0 -90  51  63  -1.563   0.0   0.0  831
 7.925  827.5 -90  51  63  -1.563   0.0   0.0  833
 7.925 1280.0 -90  51  60  -1.563   0.0   0.0 1285
 7.950  377.5  90  48  57   1.563 330.0  30.0  388
 7.950  490.0  90  48  60   1.563   0.0   0.0  496
 7.950  492.5  90  48  63  -1.563   0.0   0.0  497
 7.950  495.0  90  48  66   1.563   0.0   0.0  499
 7.950  497.5  90  48  66  -1.563   0.0   0.0  502
 7.950  500.0  90  48  66  -1.563   0.0   0.0  504
 7.950  502.5  90  48  63   1.563   0.0   0.0  505
 7.950  505.0  90  48  60   1.563   0.0   0.0  509
 7.950  507.5  90  48  57   1.563   0.0   0.0  510
 7.950  972.5  90  48  57  -1.563   0.0   0.0  975
 7.950  975.0  90  48  57  -1.563   0.0   0.0  984
 7.950  980.0  90  48  57  -1.563   0.0   0.0  984
 7.950  987.5  90  48  57   1.563   0.0   0.0  990
 7.950  992.5  90  48  57  -1.563   0.0   0.0  996
 7.950 1000.0  90  48  57   1.563   0.0   0.0 1005
 7.950 1002.5  90  48  57   1.563   0.0   0.0 1007
 7.950 1005.0  90  48  57   1.563   0.0   0.0 1009
 7.950 1007.5  90  48  57   1.563   0.0   0.0 1012
 7.950 1010.0  90  48  57   1.563   0.0   0.0 1016
 7.950  180.0 -90  48  57   4.688 270.0  30.0  182
 7.950  377.5 -90  48  63   1.563 330.0  30.0  376
 7.950  405.0 -90  48  57   1.563   0.0   0.0  409
 7.950  407.5 -90  48  66  -1.563   0.0   0.0  413
 7.950  410.0 -90  48  63  -1.563   0.0   0.0  413
 7.950  825.0 -90  48  57  -1.563   0.0   0.0  833
 7.950  827.5 -90  48  63  -1.563   0.0   0.0  833
 7.950  830.0 -90  48  63  -1.563   0.0   0.0  834
 7.950  987.5 -90  48  57  -1.563   0.0   0.0  992
 7.950 1282.5 -90  48  57   1.563   0.0   0.0 1289
 7.975  377.5  90  48  57   1.563  90.0  30.0  382
 7.975  380.0  90  48  57  -1.563 330.0  30.0  365
 7.975  497.5  90  48  57   1.563   0.0   0.0  502
 7.975  500.0  90  48  63   1.563   0.0   0.0  505
 7.975  502.5  90  48  63  -1.563   0.0   0.0  506
 7.975  505.0  90  48  66   1.563   0.0   0.0  509
 7.975  507.5  90  48  66   1.563   0.0   0.0  512
 7.975  510.0  90  48  66   1.563   0.0   0.0  514
 7.975  512.5  90  48  63   1.563   0.0   0.0  517
 7.975  515.0  90  48  60  -1.563   0.0   0.0  519
 7.975  517.5  90  48  60   1.563   0.0   0.0  521
 7.975  995.0  90  48  57  -1.563   0.0   0.0 1000
 7.975 1005.0  90  48  57   1.563   0.0   0.0 1010
 7.975 1007.5  90  48  57   1.563   0.0   0.0 1011
 7.975 1010.0  90  48  60   1.563   0.0   0.0 1015
 7.975 1012.5  90  48  60   1.563   0.0   0.0 1016
 7.975 1015.0  90  48  60   1.563   0.0   0.0 1018
 7.975 1017.5  90  48  60   1.563   0.0   0.0 1021
 7.975 1020.0  90  48  63   1.563   0.0   0.0 1024
 7.975 1022.5  90  48  57   1.563   0.0   0.0 1026
 7.975 1025.0  90  48  57   1.563   0.0   0.0 1030
 7.975 1027.5  90  48  60   1.563   0.0   0.0 1030
 7.975  377.5 -90  48  60   1.563 330.0  30.0  377
 7.975  380.0 -90  48  57   1.563 330.0  30.0  379
 7.975  407.5 -90  48  60   1.563   0.0   0.0  411
 7.975  410.0 -90  48  66  -1.563   0.0   0.0  414
 7.975  412.5 -90  48  60  -1.563   0.0   0.0  415
 7.975  830.0 -90  48  63  -1.563   0.0   0.0  836
 7.975  832.5 -90  48  63  -1.563   0.0   0.0  838
 7.975  835.0 -90  48  60  -1.563   0.0   0.0  842
 8.000  377.5  90  48  57   1.563 330.0  30.0  384
 8.000  380.0  90  48  60   1.563 330.0  30.0  386
 8.000  507.5  90  48  60   1.563   0.0   0.0  512
 8.000  510.0  90  48  63   1.563   0.0   0.0  514
 8.000  512.5  90  48  66   1.563   0.0   0.0  516
 8.000  515.0  90  48  66   1.563   0.0   0.0  519
 8.000  517.5  90  48  66   1.563   0.0   0.0  521
 8.000  520.0  90  48  66   1.563   0.0   0.0  524
 8.000  522.5  90  48  63   1.563   0.0   0.0  526
 8.000  525.0  90  48  60  -1.563   0.0   0.0  528
 8.000  527.5  90  48  57   1.563   0.0   0.0  532
 8.000 1022.5  90  48  57   1.563   0.0   0.0 1028
 8.000 1025.0  90  48  57   1.563   0.0   0.0 1029
 8.000 1027.5  90  48  60  -1.563   0.0   0.0 1031
 8.000 1030.0  90  48  57   1.563   0.0   0.0 1035
 8.000 1035.0  90  48  57  -1.563   0.0   0.0 1040
 8.000 1045.0  90  48  57   1.563   0.0   0.0 1049
 8.000 1050.0  90  48  57   1.563   0.0   0.0 1054
 8.000  245.0 -90  48  57   1.563 150.0  30.0  252
 8.000  247.5 -90  48  60  -1.563 270.0  30.0  250
 8.000  377.5 -90  48  57   1.563 330.0  30.0  380
 8.000  380.0 -90  48  60   1.563 330.0  30.0  381
 8.000  410.0 -90  48  60  -1.563   0.0   0.0  416
 8.000  412.5 -90  48  66   1.563   0.0   0.0  416
 8.000  415.0 -90  48  57   1.563   0.0   0.0  414
 8.000  832.5 -90  48  57  -1.563   0.0   0.0  839
 8.000  835.0 -90  48  63  -1.563   0.0   0.0  840
 8.000  837.5 -90  48  60  -1.563   0.0   0.0  842
 8.025  380.0  90  48  57   1.563 330.0  30.0  389
 8.025  515.0  90  48  57   1.563   0.0   0.0  517
 8.025  517.5  90  48  60  -1.563   0.0   0.0  523
 8.025  520.0  90  48  63   1.563   0.0   0.0  524
 8.025  522.5  90  48  63   1.563   0.0   0.0  526
 8.025  525.0  90  48  63   1.563   0.0   0.0  528
 8.025  527.5  90  48  63   1.563   0.0   0.0  531
 8.025  530.0  90  48  63   1.563   0.0   0.0  534
 8.025  532.5  90  48  60   1.563   0.0   0.0  535
 8.025  535.0  90  48  57   1.563   0.0   0.0  539
 8.025 1052.5  90  48  57  -1.563   0.0   0.0 1057
 8.025 1057.5  90  48  60   1.563   0.0   0.0 1060
 8.025 1060.0  90  48  57   1.563   0.0   0.0 1063
 8.025 1062.5  90  48  60   1.563   0.0   0.0 1065
 8.025 1065.0  90  48  57   1.563   0.0   0.0 1069
 8.025 1067.5  90  48  57   1.563   0.0   0.0 1071
 8.025 1070.0  90  48  57   1.563   0.0   0.0 1073
 8.025 1072.5  90  48  57   1.563   0.0   0.0 1076
 8.025 1080.0  90  48  57  -1.563   0.0   0.0 1084
 8.025  245.0 -90  48  57   1.563 270.0  30.0  251
 8.025  247.5 -90  48  63   1.563 270.0  30.0  252
 8.025  250.0 -90  48  57  -1.563 270.0  30.0  253
 8.025  380.0 -90  48  63   1.563 330.0  30.0  376
 8.025  412.5 -90  48  66   1.563   0.0   0.0  418
 8.025  415.0 -90  48  66  -1.563   0.0   0.0  419
 8.025  837.5 -90  48  60  -1.563   0.0   0.0  842
 8.025  840.0 -90  48  57  -1.563   0.0   0.0  846
 8.025 1012.5 -90  48  57  -1.563   0.0   0.0 1015
 8.050  380.0  90  48  57   1.563 330.0  30.0  384
 8.050  530.0  90  48  57   1.563   0.0   0.0  533
 8.050  532.5  90  48  57  -1.563   0.0   0.0  536
 8.050  535.0  90  48  57   1.563   0.0   0.0  539
 8.050  537.5  90  48  57   1.563   0.0   0.0  542
 8.050  602.5  90  48  57  -1.563 330.0  30.0  609
 8.050 1060.0  90  48  57  -1.563   0.0   0.0 1064
 8.050 1072.5  90  48  57   1.563   0.0   0.0 1077
 8.050 1075.0  90  48  57   1.563   0.0   0.0 1077
 8.050 1077.5  90  48  57   1.563   0.0   0.0 1084
 8.050 1080.0  90  48  57   1.563   0.0   0.0 1083
 8.050  245.0 -90  48  57   1.563 270.0  30.0  252
 8.050  247.5 -90  48  57  -1.563 270.0  30.0  257
 8.050  380.0 -90  48  63   1.563 330.0  30.0  379
 8.050  415.0 -90  48  66  -1.563   0.0   0.0  419
 8.050  417.5 -90  48  63   1.563   0.0   0.0  422
 8.075  250.0  90  48  57  -1.563 270.0  30.0  255
 8.075  380.0  90  48  57   1.563 330.0  30.0  385
 8.075  245.0 -90  48  57   1.563 270.0  30.0  251
 8.075  247.5 -90  48  57   1.563 270.0  30.0  253
 8.075  380.0 -90  48  63   1.563 330.0  30.0  381
 8.075  382.5 -90  48  57  -1.563 330.0  30.0  380
 8.075  415.0 -90  48  57   1.563   0.0   0.0  420
 8.075  417.5 -90  48  66  -1.563   0.0   0.0  422
 8.075  420.0 -90  48  60   1.563   0.0   0.0  422
 8.100  580.0  90  48  57   1.563   0.0   0.0  584
 8.100  582.5  90  48  57   1.563   0.0   0.0  587
 8.100  585.0  90  48  57   1.563   0.0   0.0  589
 8.100  590.0  90  48  57   1.563   0.0   0.0  591
 8.100  615.0  90  48  57   1.563 330.0  30.0  616
 8.100  617.5  90  48  57   1.563 210.0  30.0  623
 8.100  620.0  90  48  57  -1.563 330.0  30.0  626
 8.100 1117.5  90  48  57  -1.563   0.0   0.0 1122
 8.100 1120.0  90  48  60  -1.563   0.0   0.0 1125
 8.100 1122.5  90  48  57  -1.563   0.0   0.0 1128
 8.100 1142.5  90  48  57  -1.563   0.0   0.0 1146
 8.100  245.0 -90  48  60   1.563 270.0  30.0  252
 8.100  247.5 -90  48  66   1.563 150.0  30.0  251
 8.100  380.0 -90  48  60   1.563 330.0  30.0  382
 8.100  382.5 -90  48  60   1.563 330.0  30.0  384
 8.100  417.5 -90  48  57  -1.563   0.0   0.0  423
 8.100  420.0 -90  48  66  -1.563   0.0   0.0  424
 8.100  422.5 -90  48  60   1.563   0.0   0.0  426
 8.125  247.5  90  48  57  -1.563  30.0  30.0  251
 8.125  620.0  90  48  57  -1.563 330.0  30.0  622
 8.125  625.0  90  48  57   1.563   0.0   0.0  629
 8.125  627.5  90  48  57  -1.563   0.0   0.0  632
 8.125 1122.5  90  48  57  -1.563   0.0   0.0 1125
 8.125 1142.5  90  48  57  -1.563   0.0   0.0 1146
 8.125 1145.0  90  48  60  -1.563   0.0   0.0 1149
 8.125 1147.5  90  48  57  -1.563   0.0   0.0 1151
 8.125 1177.5  90  48  57  -1.563   0.0   0.0 1182
 8.125 1190.0  90  48  57  -1.563   0.0   0.0 1194
 8.125  245.0 -90  48  63   1.563 270.0  30.0  250
 8.125  247.5 -90  48  63  -1.563 270.0  30.0  251
 8.125  382.5 -90  48  63   1.563 330.0  30.0  384
 8.125  420.0 -90  48  60  -1.563   0.0   0.0  424
 8.125  422.5 -90  48  66   1.563   0.0   0.0  426
 8.125  425.0 -90  48  60  -1.563   0.0   0.0  429
 8.150  630.0  90  48  57   1.563   0.0   0.0  634
 8.150  245.0 -90  48  63   1.563 270.0  30.0  251
 8.150  247.5 -90  48  60   1.563 270.0  30.0  251
 8.150  382.5 -90  48  63   1.563 330.0  30.0  384
 8.150  385.0 -90  48  57   1.563 330.0  30.0  381
 8.150  422.5 -90  48  60   1.563   0.0   0.0  427
 8.150  425.0 -90  48  66   1.563   0.0   0.0  429
 8.150  427.5 -90  48  60  -1.563   0.0   0.0  433
 8.175  245.0 -90  48  63   1.563 150.0  30.0  249
 8.175  250.0 -90  48  57  -1.563  90.0  30.0  252
 8.175  382.5 -90  48  63   1.563 330.0  30.0  382
 8.175  385.0 -90  48  60   1.563 330.0  30.0  383
 8.175  425.0 -90  48  63   1.563   0.0   0.0  430
 8.175  427.5 -90  48  66   1.563   0.0   0.0  431
 8.175  430.0 -90  48  60   1.563   0.0   0.0  433
 8.200  245.0  90  48  57  -1.563 150.0  30.0  250
 8.200  452.5  90  48  57   1.563 330.0  30.0  457
 8.200  750.0  90  48  57  -1.563 330.0  30.0  754
 8.200  767.5  90  48  57  -1.563   0.0   0.0  772
 8.200  772.5  90  48  57  -1.563 330.0  30.0  776
 8.200  775.0  90  48  57  -1.563 330.0  30.0  779
 8.200  880.0  90  48  57  -1.563 150.0  30.0  885
 8.200  245.0 -90  48  63  -1.563 150.0  30.0  250
 8.200  247.5 -90  48  63  -1.563 150.0  30.0  250
 8.200  382.5 -90  48  60   1.563 330.0  30.0  384
 8.200  385.0 -90  48  63   1.563 330.0  30.0  384
 8.200  427.5 -90  48  63   1.563   0.0   0.0  432
 8.200  430.0 -90  48  66   1.563   0.0   0.0  434
 8.200  432.5 -90  48  57   1.563   0.0   0.0  436
 8.200  872.5 -90  48  57  -1.563   0.0   0.0  880
 8.200  875.0 -90  48  60  -1.563   0.0   0.0  880
 8.200  877.5 -90  48  60  -1.563   0.0   0.0  883
 8.225  245.0  90  48  57  -1.563  30.0  30.0  250
 8.225  247.5  90  48  57  -1.563  30.0  30.0  251
 8.225  452.5  90  48  57   1.563 330.0  30.0  460
 8.225  455.0  90  48  57   1.563 330.0  30.0  460
 8.225  457.5  90  48  60   1.563 330.0  30.0  462
 8.225  460.0  90  48  60   1.563 330.0  30.0  469
 8.225  462.5  90  48  57   1.563 330.0  30.0  469
 8.225  465.0  90  48  57  -1.563  30.0  30.0  470
 8.225  467.5  90  48  57   1.563 330.0  30.0  474
 8.225  470.0  90  48  57   1.563 330.0  30.0  476
 8.225  692.5  90  48  57  -1.563 330.0  30.0  699
 8.225  695.0  90  48  57  -1.563 330.0  30.0  700
 8.225  697.5  90  48  57  -1.563 330.0  30.0  703
 8.225  700.0  90  48  60  -1.563 330.0  30.0  705
 8.225  702.5  90  48  60  -1.563 330.0  30.0  708
 8.225  705.0  90  48  57  -1.563 210.0  30.0  710
 8.225  707.5  90  48  57  -1.563 330.0  30.0  712
 8.225  710.0  90  48  60  -1.563 330.0  30.0  715
 8.225  712.5  90  48  63  -1.563 330.0  30.0  717
 8.225  715.0  90  48  63  -1.563 330.0  30.0  721
 8.225  717.5  90  48  63  -1.563 330.0  30.0  722
 8.225  725.0  90  48  60  -1.563 330.0  30.0  730
 8.225  727.5  90  48  63  -1.563 330.0  30.0  732
 8.225  730.0  90  48  60  -1.563 330.0  30.0  734
 8.225  732.5  90  48  57  -1.563 330.0  30.0  738
 8.225  735.0  90  48  60  -1.563 330.0  30.0  740
 8.225  737.5  90  48  57  -1.563  30.0  30.0  740
 8.225  740.0  90  48  57  -1.563 330.0  30.0  745
 8.225  742.5  90  48  60  -1.563 330.0  30.0  748
 8.225  745.0  90  48  60  -1.563 330.0  30.0  748
 8.225  750.0  90  48  57  -1.563 330.0  30.0  757
 8.225  752.5  90  48  57  -1.563 330.0  30.0  758
 8.225  875.0  90  48  57  -1.563 210.0  30.0  883
 8.225  245.0 -90  48  66   1.563 270.0  30.0  250
 8.225  247.5 -90  48  66   1.563 270.0  30.0  251
 8.225  385.0 -90  48  66   1.563 330.0  30.0  386
 8.225  387.5 -90  48  57   1.563 330.0  30.0  382
 8.225  430.0 -90  48  63  -1.563   0.0   0.0  434
 8.225  432.5 -90  48  69   1.563   0.0   0.0  437
 8.225  435.0 -90  48  60  -1.563   0.0   0.0  439
 8.225  875.0 -90  48  57  -1.563   0.0   0.0  880
 8.225  877.5 -90  48  63  -1.563   0.0   0.0  882
 8.225  880.0 -90  48  63  -1.563   0.0   0.0  885
 8.225  882.5 -90  48  60  -1.563   0.0   0.0  887
 8.250  245.0  90  48  57   1.563 150.0  30.0  252
 8.250  462.5  90  48  57  -1.563 330.0  30.0  467
 8.250  465.0  90  48  60   1.563 330.0  30.0  470
 8.250  467.5  90  48  63  -1.563 330.0  30.0  474
 8.250  470.0  90  48  69   1.563 330.0  30.0  474
 8.250  472.5  90  48  69   1.563 330.0  30.0  478
 8.250  475.0  90  48  69  -1.563 330.0  30.0  480
 8.250  477.5  90  48  63  -1.563 330.0  30.0  483
 8.250  635.0  90  48  57  -1.563 330.0  30.0  640
 8.250  637.5  90  48  57   1.563   0.0   0.0  640
 8.250  640.0  90  48  57  -1.563 330.0  30.0  642
 8.250  645.0  90  48  57  -1.563 330.0  30.0  649
 8.250  650.0  90  48  60  -1.563 330.0  30.0  656
 8.250  652.5  90  48  60  -1.563 330.0  30.0  657
 8.250  655.0  90  48  60  -1.563 330.0  30.0  661
 8.250  657.5  90  48  60  -1.563 330.0  30.0  661
 8.250  660.0  90  48  60  -1.563 330.0  30.0  665
 8.250  662.5  90  48  63  -1.563 330.0  30.0  668
 8.250  665.0  90  48  63  -1.563 330.0  30.0  670
 8.250  667.5  90  48  60  -1.563 330.0  30.0  672
 8.250  670.0  90  48  57  -1.563 330.0  30.0  674
 8.250  672.5  90  48  57   1.563 330.0  30.0  678
 8.250  680.0  90  48  57   1.563 330.0  30.0  682
 8.250  682.5  90  48  60  -1.563 330.0  30.0  686
 8.250  685.0  90  48  60  -1.563 330.0  30.0  691
 8.250  687.5  90  48  60  -1.563 330.0  30.0  693
 8.250  692.5  90  48  60  -1.563 330.0  30.0  698
 8.250  695.0  90  48  63  -1.563 210.0  30.0  700
 8.250  697.5  90  48  60   1.563  30.0  30.0  701
 8.250  700.0  90  48  63  -1.563 330.0  30.0  706
 8.250  702.5  90  48  57  -1.563 330.0  30.0  707
 8.250  705.0  90  48  57  -1.563 330.0  30.0  710
 8.250  707.5  90  48  57  -1.563 330.0  30.0  716
 8.250  710.0  90  48  57  -1.563 330.0  30.0  717
 8.250  712.5  90  48  63  -1.563 330.0  30.0  717
 8.250  717.5  90  48  63  -1.563 330.0  30.0  723
 8.250  720.0  90  48  57  -1.563 210.0  30.0  723
 8.250  725.0  90  48  60  -1.563  30.0  30.0  729
 8.250  727.5  90  48  60  -1.563 330.0  30.0  730
 8.250  730.0  90  48  57  -1.563  30.0  30.0  735
 8.250  737.5  90  48  57  -1.563 330.0  30.0  745
 8.250  740.0  90  48  57  -1.563  30.0  30.0  744
 8.250  245.0 -90  48  66   1.563 270.0  30.0  249
 8.250  247.5 -90  48  63   1.563 270.0  30.0  250
 8.250  385.0 -90  48  63   1.563 330.0  30.0  384
 8.250  387.5 -90  48  63   1.563 330.0  30.0  388
 8.250  432.5 -90  48  63   1.563   0.0   0.0  437
 8.250  435.0 -90  48  69   1.563   0.0   0.0  439
 8.250  437.5 -90  48  63   1.563   0.0   0.0  441
 8.250  877.5 -90  48  57  -1.563   0.0   0.0  883
 8.250  880.0 -90  48  57  -1.563   0.0   0.0  885
 8.250  882.5 -90  48  60  -1.563   0.0   0.0  887
 8.250  885.0 -90  48  63  -1.563   0.0   0.0  891
 8.250  887.5 -90  48  60  -1.563   0.0   0.0  892
 8.275  470.0  90  51  66  -1.563 330.0  30.0  476
 8.275  472.5  90  51  69  -1.563 330.0  30.0  478
 8.275  475.0  90  51  72   1.563 330.0  30.0  480
 8.275  477.5  90  51  72   1.563 330.0  30.0  483
 8.275  480.0  90  51  69   1.563 330.0  30.0  485
 8.275  482.5  90  51  66  -1.563 330.0  30.0  489
 8.275  485.0  90  51  69   1.563 330.0  30.0  490
 8.275  487.5  90  51  69   1.563 330.0  30.0  493
 8.275  490.0  90  51  69  -1.563 330.0  30.0  496
 8.275  492.5  90  51  69  -1.563 330.0  30.0  498
 8.275  495.0  90  51  66  -1.563 330.0  30.0  500
 8.275  497.5  90  51  63  -1.563 210.0  30.0  502
 8.275  620.0  90  51  60  -1.563 330.0  30.0  626
 8.275  622.5  90  51  60  -1.563 330.0  30.0  627
 8.275  625.0  90  51  63  -1.563 330.0  30.0  628
 8.275  627.5  90  51  60  -1.563 330.0  30.0  633
 8.275  630.0  90  51  60  -1.563 330.0  30.0  635
 8.275  632.5  90  51  60  -1.563 330.0  30.0  639
 8.275  635.0  90  51  60  -1.563 330.0  30.0  639
 8.275  637.5  90  51  60  -1.563 210.0  30.0  642
 8.275  640.0  90  51  60   1.563 330.0  30.0  645
 8.275  642.5  90  51  63  -1.563 330.0  30.0  649
 8.275  645.0  90  51  63   1.563 330.0  30.0  650
 8.275  647.5  90  51  63  -1.563 330.0  30.0  653
 8.275  650.0  90  51  63  -1.563 330.0  30.0  654
 8.275  652.5  90  51  60  -1.563 330.0  30.0  659
 8.275  655.0  90  51  60  -1.563 330.0  30.0  660
 8.275  657.5  90  51  60  -1.563 330.0  30.0  660
 8.275  660.0  90  51  60  -1.563 210.0  30.0  666
 8.275  662.5  90  51  60  -1.563 210.0  30.0  668
 8.275  665.0  90  51  60   1.563 330.0  30.0  672
 8.275  692.5  90  51  60   1.563 330.0  30.0  696
 8.275  695.0  90  51  63  -1.563 330.0  30.0  701
 8.275  697.5  90  51  60  -1.563  30.0  30.0  702
 8.275  700.0  90  51  60  -1.563  30.0  30.0  706
 8.275  702.5  90  51  60   1.563   0.0   0.0  707
 8.275  705.0  90  51  60  -1.563 330.0  30.0  708
 8.275  715.0  90  51  60   1.563 330.0  30.0  723
 8.275  717.5  90  51  60  -1.563 330.0  30.0  719
 8.275  245.0 -90  48  66  -1.563 150.0  30.0  250
 8.275  247.5 -90  48  57   1.563 330.0  30.0  247
 8.275  385.0 -90  48  60   1.563 330.0  30.0  384
 8.275  387.5 -90  48  66   1.563 330.0  30.0  387
 8.275  435.0 -90  48  63  -1.563   0.0   0.0  440
 8.275  437.5 -90  48  69   1.563   0.0   0.0  442
 8.275  440.0 -90  48  66   1.563   0.0   0.0  443
 8.275  472.5 -90  48  57   1.563  30.0  30.0  474
 8.275  885.0 -90  48  60  -1.563   0.0   0.0  890
 8.275  887.5 -90  48  66  -1.563   0.0   0.0  893
 8.275  890.0 -90  48  60  -1.563   0.0   0.0  894
 8.275  892.5 -90  48  57  -1.563   0.0   0.0  899
 8.300  477.5  90  48  63   1.563 330.0  30.0  488
 8.300  480.0  90  48  63   1.563 330.0  30.0  484
 8.300  482.5  90  48  63   1.563 330.0  30.0  487
 8.300  485.0  90  48  69  -1.563 330.0  30.0  491
 8.300  487.5  90  48  69   1.563 330.0  30.0  494
 8.300  490.0  90  48  72  -1.563 330.0  30.0  495
 8.300  492.5  90  48  75  -1.563 330.0  30.0  498
 8.300  495.0  90  48  75  -1.563 330.0  30.0  500
 8.300  497.5  90  48  75  -1.563 330.0  30.0  503
 8.300  500.0  90  48  69  -1.563 330.0  30.0  504
 8.300  505.0  90  48  63  -1.563 330.0  30.0  512
 8.300  507.5  90  48  66  -1.563 330.0  30.0  513
 8.300  510.0  90  48  66  -1.563 330.0  30.0  515
 8.300  512.5  90  48  60  -1.563 330.0  30.0  520
 8.300  515.0  90  48  60   1.563 330.0  30.0  522
 8.300  517.5  90  48  66  -1.563 330.0  30.0  524
 8.300  520.0  90  48  66  -1.563 330.0  30.0  525
 8.300  522.5  90  48  63   1.563 330.0  30.0  527
 8.300  527.5  90  48  60  -1.563 330.0  30.0  531
 8.300  530.0  90  48  63   1.563 330.0  30.0  534
 8.300  532.5  90  48  60  -1.563 330.0  30.0  539
 8.300  535.0  90  48  57  -1.563 210.0  30.0  540
 8.300  537.5  90  48  60  -1.563 330.0  30.0  548
 8.300  540.0  90  48  63  -1.563 330.0  30.0  545
 8.300  542.5  90  48  63  -1.563 330.0  30.0  546
 8.300  545.0  90  48  57   1.563 330.0  30.0  550
 8.300  550.0  90  48  60  -1.563 330.0  30.0  556
 8.300  552.5  90  48  63  -1.563 330.0  30.0  558
 8.300  555.0  90  48  60  -1.563 330.0  30.0  559
 8.300  557.5  90  48  57   1.563 330.0  30.0  562
 8.300  562.5  90  48  57  -1.563 330.0  30.0  566
 8.300  565.0  90  48  57   1.563 330.0  30.0  570
 8.300  567.5  90  48  57  -1.563 210.0  30.0  574
 8.300  570.0  90  48  57  -1.563 210.0  30.0  572
 8.300  572.5  90  48  57   1.563 330.0  30.0  575
 8.300  575.0  90  48  57  -1.563 330.0  30.0  581
 8.300  577.5  90  48  57  -1.563 330.0  30.0  583
 8.300  585.0  90  48  57  -1.563 210.0  30.0  589
 8.300  592.5  90  48  57  -1.563 330.0  30.0  597
 8.300  595.0  90  48  60   1.563 210.0  30.0  602
 8.300  602.5  90  48  57  -1.563 330.0  30.0  607
 8.300  607.5  90  48  57  -1.563 330.0  30.0  613
 8.300  627.5  90  48  57  -1.563 330.0  30.0  618
 8.300  245.0 -90  48  66  -1.563 270.0  30.0  249
 8.300  247.5 -90  48  60  -1.563 150.0  30.0  250
 8.300  387.5 -90  48  63   1.563 330.0  30.0  387
 8.300  390.0 -90  48  60   1.563 330.0  30.0  387
 8.300  437.5 -90  48  60   1.563   0.0   0.0  442
 8.300  440.0 -90  48  69   1.563   0.0   0.0  444
 8.300  442.5 -90  48  66   1.563   0.0   0.0  446
 8.300  445.0 -90  48  57  -1.563   0.0   0.0  447
 8.300  890.0 -90  48  60  -1.563   0.0   0.0  895
 8.300  892.5 -90  48  63  -1.563   0.0   0.0  898
 8.300  895.0 -90  48  63  -1.563   0.0   0.0  900
 8.325  492.5  90  51  63  -1.563 330.0  30.0  500
 8.325  495.0  90  51  66   1.563 330.0  30.0  499
 8.325  497.5  90  51  66  -1.563 330.0  30.0  503
 8.325  500.0  90  51  63  -1.563 330.0  30.0  503
 8.325  502.5  90  51  60  -1.563 330.0  30.0  507
 8.325  505.0  90  51  63  -1.563 330.0  30.0  511
 8.325  507.5  90  51  66  -1.563 330.0  30.0  514
 8.325  510.0  90  51  66   1.563 330.0  30.0  516
 8.325  512.5  90  51  60  -1.563 330.0  30.0  516
 8.325  515.0  90  51  63  -1.563 330.0  30.0  520
 8.325  517.5  90  51  66   1.563 330.0  30.0  523
 8.325  520.0  90  51  69  -1.563 330.0  30.0  525
 8.325  522.5  90  51  63  -1.563 330.0  30.0  527
 8.325  525.0  90  51  60   1.563 330.0  30.0  529
 8.325  527.5  90  51  63  -1.563  30.0  30.0  532
 8.325  530.0  90  51  66  -1.563 330.0  30.0  535
 8.325  532.5  90  51  66  -1.563 210.0  30.0  537
 8.325  535.0  90  51  60  -1.563 330.0  30.0  538
 8.325  537.5  90  51  66  -1.563 330.0  30.0  543
 8.325  540.0  90  51  69  -1.563 330.0  30.0  545
 8.325  542.5  90  51  66  -1.563 330.0  30.0  547
 8.325  545.0  90  51  66  -1.563 330.0  30.0  550
 8.325  547.5  90  51  63  -1.563 330.0  30.0  553
 8.325  550.0  90  51  66  -1.563 330.0  30.0  556
 8.325  552.5  90  51  66  -1.563 330.0  30.0  559
 8.325  555.0  90  51  66  -1.563 330.0  30.0  558
 8.325  557.5  90  51  60   1.563 210.0  30.0  564
 8.325  560.0  90  51  63  -1.563 330.0  30.0  566
 8.325  562.5  90  51  60   1.563 330.0  30.0  567
 8.325  565.0  90  51  60   1.563 330.0  30.0  569
 8.325  567.5  90  51  60   1.563 210.0  30.0  574
 8.325  570.0  90  51  60  -1.563 330.0  30.0  577
 8.325  572.5  90  51  60  -1.563 330.0  30.0  577
 8.325  245.0 -90  48  66   1.563 150.0  30.0  250
 8.325  247.5 -90  48  63  -1.563 150.0  30.0  251
 8.325  387.5 -90  48  60   1.563 330.0  30.0  389
 8.325  390.0 -90  48  66   1.563 330.0  30.0  389
 8.325  440.0 -90  48  57   1.563   0.0   0.0  445
 8.325  442.5 -90  48  66   1.563   0.0   0.0  447
 8.325  445.0 -90  48  66   1.563   0.0   0.0  449
 8.325  447.5 -90  48  60  -1.563   0.0   0.0  450
 8.325  895.0 -90  48  57  -1.563   0.0   0.0  899
 8.325  897.5 -90  48  57  -1.563   0.0   0.0  903
 8.325  900.0 -90  48  60  -1.563   0.0   0.0  905
 8.325  902.5 -90  48  57  -1.563   0.0   0.0  907
 8.325  907.5 -90  48  57  -1.563   0.0   0.0  912
 8.350  540.0  90  48  57   1.563 330.0  30.0  544
 8.350  545.0  90  48  57  -1.563 330.0  30.0  549
 8.350  245.0 -90  48  63   1.563 270.0  30.0  250
 8.350  247.5 -90  48  60  -1.563 270.0  30.0  250
 8.350  390.0 -90  48  66   1.563 330.0  30.0  391
 8.350  392.5 -90  48  60   1.563 330.0  30.0  392
 8.350  445.0 -90  48  63   1.563   0.0   0.0  449
 8.350  447.5 -90  48  66   1.563   0.0   0.0  451
 8.350  450.0 -90  48  63   1.563   0.0   0.0  454
 8.350  905.0 -90  48  57  -1.563   0.0   0.0  910
 8.350  907.5 -90  48  60  -1.563   0.0   0.0  911
 8.350  912.5 -90  48  57  -1.563   0.0   0.0  916
 8.375  245.0 -90  48  63  -1.563 150.0  30.0  249
 8.375  247.5 -90  48  57  -1.563 150.0  30.0  248
 8.375  390.0 -90  48  60   1.563 330.0  30.0  396
 8.375  392.5 -90  48  63   1.563 330.0  30.0  394
 8.375  447.5 -90  48  60   1.563   0.0   0.0  454
 8.375  450.0 -90  48  66   1.563   0.0   0.0  454
 8.375  452.5 -90  48  66   1.563   0.0   0.0  457
 8.375  455.0 -90  48  57   1.563   0.0   0.0  458
 8.375  910.0 -90  48  57  -1.563   0.0   0.0  916
 8.375  912.5 -90  48  60  -1.563   0.0   0.0  918
 8.375  915.0 -90  48  57  -1.563   0.0   0.0  920
 8.375  917.5 -90  48  57  -1.563   0.0   0.0  923
 8.400  732.5  90  51  60   4.688 150.0  30.0  734
 8.400  245.0 -90  48  63   1.563 270.0  30.0  249
 8.400  247.5 -90  48  57  -1.563 150.0  30.0  249
 8.400  392.5 -90  48  63   1.563 330.0  30.0  392
 8.400  395.0 -90  48  57   1.563 330.0  30.0  396
 8.400  450.0 -90  48  57   1.563   0.0   0.0  455
 8.400  452.5 -90  48  63   1.563   0.0   0.0  457
 8.400  455.0 -90  48  63  -1.563   0.0   0.0  459
 8.400  457.5 -90  48  57   1.563   0.0   0.0  462
 8.400  732.5 -90  48  60   1.563 150.0  30.0  721
 8.400  912.5 -90  48  57  -1.563   0.0   0.0  917
 8.400  915.0 -90  48  60  -1.563   0.0   0.0  920
 8.400  917.5 -90  48  63  -1.563   0.0   0.0  923
 8.400  920.0 -90  48  60  -1.563   0.0   0.0  925
 8.400  922.5 -90  48  60  -1.563   0.0   0.0  927
 8.425   80.0 -90  48  57  -1.563 150.0  30.0   67
 8.425   82.5 -90  48  57  -1.563   0.0   0.0   95
 8.425   85.0 -90  48  57  -1.563   0.0   0.0   90
 8.425  245.0 -90  48  63   1.563 270.0  30.0  249
 8.425  247.5 -90  48  57  -1.563 330.0  30.0  236
 8.425  392.5 -90  48  60   1.563 330.0  30.0  395
 8.425  395.0 -90  48  66   1.563 330.0  30.0  399
 8.425  455.0 -90  48  57  -1.563   0.0   0.0  459
 8.425  457.5 -90  48  60   1.563   0.0   0.0  462
 8.425  460.0 -90  48  57  -1.563   0.0   0.0  463
 8.425  922.5 -90  48  57  -1.563   0.0   0.0  927
 8.425  925.0 -90  48  60  -1.563   0.0   0.0  930
 8.425  927.5 -90  48  60  -1.563   0.0   0.0  932
 8.425  930.0 -90  48  57  -1.563   0.0   0.0  934
 8.425  935.0 -90  48  57  -1.563   0.0   0.0  940
 8.450   80.0  90  54  63   4.688 270.0  30.0   80
 8.450   82.5  90  54  63   4.688 270.0  30.0   85
 8.450   85.0  90  54  63   4.688 270.0  30.0   88
 8.450   87.5  90  54  63   4.688 270.0  30.0   90
 8.450   90.0  90  54  63   4.688 270.0  30.0   92
 8.450   92.5  90  54  63   4.688 270.0  30.0   95
 8.450   95.0  90  54  63   4.688 270.0  30.0   96
 8.450   97.5  90  54  63   4.688 270.0  30.0  102
 8.450  100.0  90  54  63   4.688 270.0  30.0  103
 8.450  102.5  90  54  63   4.688 270.0  30.0  107
 8.450  105.0  90  54  63   4.688 270.0  30.0  109
 8.450  107.5  90  54  63   4.688 270.0  30.0  112
 8.450  110.0  90  54  63   4.688 270.0  30.0  112
 8.450  112.5  90  54  63   4.688 270.0  30.0  117
 8.450  115.0  90  54  63   4.688 270.0  30.0  119
 8.450  117.5  90  54  63   4.688 270.0  30.0  122
 8.450  120.0  90  54  63   4.688 270.0  30.0  123
 8.450  122.5  90  54  63   4.688  90.0  30.0  127
 8.450  125.0  90  54  63   4.688  90.0  30.0  130
 8.450  127.5  90  54  63   4.688 270.0  30.0  130
 8.450  130.0  90  54  63   4.688 270.0  30.0  133
 8.450  132.5  90  54  63   4.688 270.0  30.0  136
 8.450  135.0  90  54  63   4.688 270.0  30.0  138
 8.450  137.5  90  54  63   4.688 270.0  30.0  140
 8.450  142.5  90  54  63   4.688 270.0  30.0  145
 8.450  145.0  90  54  63   4.688 270.0  30.0  149
 8.450  147.5  90  54  63   4.688 270.0  30.0  151
 8.450  150.0  90  54  63   4.688 270.0  30.0  152
 8.450  165.0  90  54  63   4.688  90.0  30.0  171
 8.450  732.5  90  54  69   1.563 210.0  30.0  733
 8.450  735.0  90  54  66   1.563 210.0  30.0  744
 8.450 1260.0  90  54  63   4.688 270.0  30.0 1270
 8.450 1265.0  90  54  63   4.688 270.0  30.0 1272
 8.450 1267.5  90  54  63   4.688 270.0  30.0 1274
 8.450 1270.0  90  54  63   4.688 270.0  30.0 1276
 8.450 1272.5  90  54  63   4.688 270.0  30.0 1277
 8.450 1275.0  90  54  63   4.688 270.0  30.0 1280
 8.450 1277.5  90  54  63   4.688 270.0  30.0 1284
 8.450 1280.0  90  54  63   4.688 270.0  30.0 1286
 8.450 1282.5  90  54  63   4.688 270.0  30.0 1289
 8.450  245.0 -90  48  60  -1.563 150.0  30.0  249
 8.450  395.0 -90  48  63   1.563 330.0  30.0  394
 8.450  397.5 -90  48  60   1.563 330.0  30.0  398
 8.450  460.0 -90  48  57   1.563   0.0   0.0  464
 8.450  462.5 -90  48  60   1.563   0.0   0.0  466
 8.450  465.0 -90  48  60  -1.563   0.0   0.0  469
 8.450  467.5 -90  48  57   1.563   0.0   0.0  471
 8.450  730.0 -90  48  60   1.563  30.0  30.0  739
 8.450  732.5 -90  48  69   1.563  30.0  30.0  732
 8.450  735.0 -90  48  63   1.563  30.0  30.0  742
 8.450  930.0 -90  48  57  -1.563   0.0   0.0  937
 8.450  932.5 -90  48  57  -1.563   0.0   0.0  938
 8.475  727.5  90  48  60   1.563 210.0  30.0  732
 8.475  730.0  90  48  57   1.563 210.0  30.0  721
 8.475  737.5  90  48  60   1.563 330.0  30.0  728
 8.475  740.0  90  48  57   1.563 210.0  30.0  728
 8.475  245.0 -90  48  60   1.563 270.0  30.0  251
 8.475  395.0 -90  48  57   1.563 330.0  30.0  401
 8.475  397.5 -90  48  66   1.563 330.0  30.0  398
 8.475  400.0 -90  48  57   1.563 330.0  30.0  398
 8.475  465.0 -90  48  60   1.563   0.0   0.0  469
 8.475  467.5 -90  48  63   1.563   0.0   0.0  471
 8.475  470.0 -90  48  60  -1.563   0.0   0.0  473
 8.475  727.5 -90  48  57   1.563 330.0  30.0  713
 8.475  737.5 -90  48  60   1.563  30.0  30.0  729
 8.475  947.5 -90  48  57  -1.563   0.0   0.0  953
 8.500  732.5  90  48  60   1.563 210.0  30.0  735
 8.500  735.0  90  48  60   1.563 210.0  30.0  735
 8.500  737.5  90  48  57   1.563 210.0  30.0  728
 8.500  245.0 -90  48  63  -1.563 150.0  30.0  250
 8.500  397.5 -90  48  63   1.563 330.0  30.0  407
 8.500  400.0 -90  48  66   1.563 330.0  30.0  403
 8.500  470.0 -90  48  60   1.563   0.0   0.0  473
 8.500  472.5 -90  48  60   1.563   0.0   0.0  476
 8.500  732.5 -90  48  60   1.563 210.0  30.0  731
 8.500  735.0 -90  48  63   1.563 330.0  30.0  745
 8.500  737.5 -90  48  63   1.563 150.0  30.0  734
 8.500  967.5 -90  48  57  -1.563   0.0   0.0  973
 8.525  245.0 -90  48  63  -1.563 150.0  30.0  249
 8.525  400.0 -90  48  66   1.563 330.0  30.0  404
 8.525  402.5 -90  48  63   1.563 330.0  30.0  400
 8.525  475.0 -90  48  57   1.563   0.0   0.0  479
 8.525  477.5 -90  48  60   1.563   0.0   0.0  482
 8.525  480.0 -90  48  57  -1.563   0.0   0.0  483
 8.525  972.5 -90  48  57  -1.563   0.0   0.0  977
 8.550  732.5  90  48  60   1.563 210.0  30.0  742
 8.550  735.0  90  48  63   1.563 210.0  30.0  737
 8.550  245.0 -90  48  63   1.563 150.0  30.0  250
 8.550  247.5 -90  48  57   1.563 270.0  30.0  251
 8.550  400.0 -90  48  57   1.563 330.0  30.0  399
 8.550  402.5 -90  48  66   1.563 330.0  30.0  403
 8.550  405.0 -90  48  60   1.563 330.0  30.0  403
 8.550  480.0 -90  48  57  -1.563   0.0   0.0  484
 8.550  482.5 -90  48  60   1.563   0.0   0.0  487
 8.550  485.0 -90  48  57   1.563   0.0   0.0  487
 8.550  735.0 -90  48  63   1.563  30.0  30.0  736
 8.550  737.5 -90  48  60   1.563 210.0  30.0  734
 8.550  985.0 -90  48  57   1.563  90.0  30.0  986
 8.575  245.0 -90  48  63  -1.563 270.0  30.0  249
 8.575  247.5 -90  48  57  -1.563  30.0  30.0  250
 8.575  402.5 -90  48  60   1.563 330.0  30.0  405
 8.575  405.0 -90  48  63   1.563 330.0  30.0  406
 8.575  487.5 -90  48  57  -1.563   0.0   0.0  491
 8.575  490.0 -90  48  57   1.563   0.0   0.0  494
 8.600  737.5  90  54  63   1.563 330.0  30.0  749
 8.600  980.0  90  54  63   1.563  30.0  30.0  983
 8.600  982.5  90  54  63   1.563  30.0  30.0  986
 8.600  245.0 -90  48  63  -1.563 270.0  30.0  250
 8.600  247.5 -90  48  57  -1.563 270.0  30.0  251
 8.600  405.0 -90  48  57  -1.563 330.0  30.0  406
 8.600  407.5 -90  48  60   1.563 330.0  30.0  409
 8.600  735.0 -90  48  63   1.563  30.0  30.0  748
 8.600  737.5 -90  48  57   1.563 150.0  30.0  727
 8.600  977.5 -90  48  57   1.563  30.0  30.0  968
 8.600  980.0 -90  48  57   1.563  30.0  30.0  978
 8.625  722.5  90  48  57   4.688 150.0  30.0  720
 8.625  987.5  90  48  57   1.563  30.0  30.0  985
 8.625  990.0  90  48  57   4.688  30.0  30.0  988
 8.625  245.0 -90  48  60   1.563 210.0  30.0  250
 8.625  407.5 -90  48  57  -1.563 330.0  30.0  413
 8.625  410.0 -90  48  60   1.563 330.0  30.0  413
 8.650  247.5  90  48  57  -1.563 150.0  30.0  252
 8.650  735.0  90  48  63   1.563 210.0  30.0  743
 8.650  737.5  90  48  72   1.563 210.0  30.0  738
 8.650  740.0  90  48  57   1.563 210.0  30.0  752
 8.650  245.0 -90  48  60  -1.563 270.0  30.0  249
 8.650  410.0 -90  48  57   1.563 330.0  30.0  398
 8.650  735.0 -90  48  60   1.563 150.0  30.0  720
 8.650  737.5 -90  48  63   1.563  30.0  30.0  736
 8.650  740.0 -90  48  60   1.563 330.0  30.0  734
 8.675  247.5  90  48  57  -1.563 150.0  30.0  253
 8.675  712.5  90  48  57   1.563  30.0  30.0  712
 8.675  722.5  90  48  57   1.563 210.0  30.0  725
 8.675  732.5  90  48  63   1.563 210.0  30.0  744
 8.675  740.0  90  48  57   1.563 210.0  30.0  735
 8.675  742.5  90  48  60   1.563 210.0  30.0  734
 8.675  762.5  90  48  57   1.563 210.0  30.0  762
 8.675  245.0 -90  48  60   1.563 210.0  30.0  249
 8.700  247.5  90  51  60   1.563 150.0  30.0  253
 8.700  735.0  90  51  66   1.563 210.0  30.0  731
 8.700  737.5  90  51  69   1.563 210.0  30.0  734
 8.700  740.0  90  51  60   1.563 270.0  30.0  742
 8.700  735.0 -90  54  63   1.563 270.0  30.0  720
 8.700  737.5 -90  54  72   1.563 330.0  30.0  729
 8.700  740.0 -90  54  72   1.563 210.0  30.0  739
 8.725  245.0 -90  51  63  -1.563 270.0  30.0  249
 8.725  732.5 -90  51  63   1.563 150.0  30.0  738
 8.725  735.0 -90  51  63   1.563 210.0  30.0  722
 8.725  742.5 -90  51  60   1.563 210.0  30.0  737
 8.725  745.0 -90  51  63   1.563 210.0  30.0  747
 8.750  737.5  90  51  63   1.563  30.0  30.0  746
 8.750  740.0  90  51  69   1.563  30.0  30.0  725
 8.750  245.0 -90  51  60   1.563 150.0  30.0  250
 8.750  737.5 -90  51  66   1.563 210.0  30.0  739
 8.750  740.0 -90  51  72   1.563 210.0  30.0  733
 8.750  742.5 -90  51  60   1.563 330.0  30.0  732
 8.775  245.0 -90  48  60  -1.563 150.0  30.0  250
 8.775  735.0 -90  48  60   4.688 210.0  30.0  729
 8.775  742.5 -90  48  57   1.563 210.0  30.0  738
 8.775  745.0 -90  48  60   1.563 210.0  30.0  747
 8.775  752.5 -90  48  57   4.688 330.0  30.0  748
 8.775  755.0 -90  48  57   1.563 330.0  30.0  765
 8.775  765.0 -90  48  57   1.563 210.0  30.0  777
 8.800  247.5  90  48  57   1.563 150.0  30.0  252
 8.800  715.0  90  48  60   1.563 210.0  30.0  707
 8.800  735.0  90  48  63   1.563 210.0  30.0  729
 8.800  737.5  90  48  63   4.688 150.0  30.0  728
 8.800  740.0  90  48  66   1.563  30.0  30.0  740
 8.800  245.0 -90  48  57   1.563 150.0  30.0  248
 8.800  735.0 -90  48  57   4.688  90.0  30.0  743
 8.800  737.5 -90  48  69   1.563 210.0  30.0  744
 8.800  740.0 -90  48  75   1.563 210.0  30.0  739
 8.800  742.5 -90  48  60   1.563 330.0  30.0  751
 8.825  710.0  90  48  57   1.563 330.0  30.0  703
 8.825  720.0  90  48  57   1.563 210.0  30.0  713
 8.825  730.0  90  48  57   4.688 150.0  30.0  717
 8.825  745.0  90  48  57   1.563  30.0  30.0  741
 8.825  245.0 -90  48  57  -1.563 210.0  30.0  248
 8.825  715.0 -90  48  57   1.563  90.0  30.0  702
 8.825  725.0 -90  48  57   1.563 210.0  30.0  726
 8.825  732.5 -90  48  60   1.563 330.0  30.0  728
 8.825  735.0 -90  48  63   1.563 210.0  30.0  725
 8.825  740.0 -90  48  57   1.563  90.0  30.0  739
 8.825  742.5 -90  48  60   1.563 210.0  30.0  744
 8.825  745.0 -90  48  63   1.563 210.0  30.0  740
 8.825  747.5 -90  48  57   1.563 210.0  30.0  750
 8.825  750.0 -90  48  57   1.563  30.0  30.0  756
 8.825  755.0 -90  48  57   1.563 150.0  30.0  741
 8.825  757.5 -90  48  57   1.563 210.0  30.0  762
 8.825  760.0 -90  48  57   1.563  90.0  30.0  771
 8.850  737.5  90  48  69   1.563 210.0  30.0  739
 8.850  740.0  90  48  69   1.563 210.0  30.0  745
 8.850  742.5  90  48  57   4.688 210.0  30.0  728
 8.850  245.0 -90  48  57  -1.563 210.0  30.0  251
 8.850  445.0 -90  48  60   1.563 330.0  30.0  449
 8.850  447.5 -90  48  63   1.563 330.0  30.0  451
 8.850  450.0 -90  48  60   1.563 330.0  30.0  452
 8.850  725.0 -90  48  57  -1.563   0.0   0.0  731
 8.850  727.5 -90  48  57  -1.563   0.0   0.0  732
 8.850  730.0 -90  48  57  -1.563   0.0   0.0  736
 8.850  737.5 -90  48  60   1.563 210.0  30.0  732
 8.850  740.0 -90  48  66   1.563 150.0  30.0  743
 8.850  742.5 -90  48  60   1.563 210.0  30.0  746
 8.850  827.5 -90  48  57   1.563   0.0   0.0  832
 8.850  830.0 -90  48  57  -1.563   0.0   0.0  833
 8.850  877.5 -90  48  57  -1.563   0.0   0.0  881
 8.850  982.5 -90  48  57  -1.563   0.0   0.0  987
 8.875  735.0  90  51  60   1.563 150.0  30.0  724
 8.875  745.0  90  51  60   1.563 210.0  30.0  741
 8.875  447.5 -90  51  63   1.563 330.0  30.0  452
 8.875  450.0 -90  51  69   1.563 330.0  30.0  455
 8.875  452.5 -90  51  66   1.563 330.0  30.0  454
 8.875  455.0 -90  51  60   1.563 330.0  30.0  463
 8.875  737.5 -90  51  63  -1.563   0.0   0.0  744
 8.875  740.0 -90  51  66  -1.563   0.0   0.0  745
 8.875  742.5 -90  51  66  -1.563   0.0   0.0  747
 8.875  745.0 -90  51  63  -1.563   0.0   0.0  750
 8.875  747.5 -90  51  63  -1.563   0.0   0.0  753
 8.900  737.5  90  57  66   1.563 210.0  30.0  733
 8.900  740.0  90  57  66   1.563  30.0  30.0  744
 8.900  452.5 -90  57  66   1.563 330.0  30.0  453
 8.900  455.0 -90  57  69   1.563 330.0  30.0  458
 8.900  457.5 -90  57  66   1.563 330.0  30.0  461
 8.900  740.0 -90  57  66   1.563 210.0  30.0  731
 8.925  762.5  90  54  63   4.688 270.0  30.0  773
 8.925  460.0 -90  57  66   1.563 330.0  30.0  464
 8.950  737.5  90  51  63   1.563 210.0  30.0  723
 8.950  740.0  90  51  72   1.563 210.0  30.0  740
 8.950  742.5  90  51  66   1.563  30.0  30.0  745
 8.950  472.5 -90  51  60  -1.563 330.0  30.0  478
 8.950  475.0 -90  51  60   1.563 330.0  30.0  482
 8.950  477.5 -90  51  60   1.563 330.0  30.0  484
 8.950  740.0 -90  51  60   4.688  30.0  30.0  744
 8.950  742.5 -90  51  63   1.563 210.0  30.0  728
 8.975  735.0  90  48  57   1.563 210.0  30.0  748
 8.975  737.5  90  48  57   1.563  30.0  30.0  725
 8.975  745.0  90  48  60   1.563 150.0  30.0  741
 8.975  747.5  90  48  57   1.563 150.0  30.0  734
 8.975  475.0 -90  48  57  -1.563 330.0  30.0  478
 8.975  477.5 -90  48  60   1.563 330.0  30.0  481
 8.975  480.0 -90  48  57   1.563 330.0  30.0  486
 8.975  485.0 -90  48  57   1.563 330.0  30.0  486
 8.975  487.5 -90  48  60   1.563 330.0  30.0  489
 8.975  490.0 -90  48  60  -1.563 330.0  30.0  495
 8.975  492.5 -90  48  57   1.563 330.0  30.0  500
 8.975  737.5 -90  48  57   1.563 330.0  30.0  744
 9.000  737.5  90  48  63   1.563 210.0  30.0  738
 9.000  742.5  90  48  60   1.563 330.0  30.0  735
 9.000  487.5 -90  48  60   1.563 330.0  30.0  492
 9.000  490.0 -90  48  60   1.563 330.0  30.0  495
 9.000  492.5 -90  48  63   1.563 330.0  30.0  496
 9.000  495.0 -90  48  60   1.563 330.0  30.0  500
 9.000  497.5 -90  48  57  -1.563 330.0  30.0  501
 9.000  500.0 -90  48  57   1.563 330.0  30.0  504
 9.000  502.5 -90  48  60   1.563 330.0  30.0  507
 9.000  505.0 -90  48  57  -1.563 330.0  30.0  508
 9.000  737.5 -90  48  57   1.563 330.0  30.0  744
 9.000  740.0 -90  48  57   4.688 210.0  30.0  741
 9.000  742.5 -90  48  69   1.563 210.0  30.0  744
 9.000  745.0 -90  48  60   1.563 210.0  30.0  734
 9.025  500.0 -90  48  57  -1.563 330.0  30.0  500
 9.025  502.5 -90  48  60  -1.563 330.0  30.0  508
 9.025  505.0 -90  48  63  -1.563 330.0  30.0  509
 9.025  507.5 -90  48  60  -1.563 330.0  30.0  511
 9.025  510.0 -90  48  60   1.563 330.0  30.0  514
 9.025  512.5 -90  48  63  -1.563 330.0  30.0  517
 9.025  515.0 -90  48  63  -1.563 330.0  30.0  519
 9.025  517.5 -90  48  57  -1.563 330.0  30.0  520
 9.025  520.0 -90  48  57  -1.563 330.0  30.0  526
 9.025  522.5 -90  48  57   1.563 330.0  30.0  529
 9.025  735.0 -90  48  60   1.563 210.0  30.0  744
 9.025  737.5 -90  48  60   1.563 210.0  30.0  739
 9.025  745.0 -90  48  57   1.563 210.0  30.0  736
 9.025  747.5 -90  48  60   1.563 210.0  30.0  745
 9.050  725.0  90  48  57   1.563 210.0  30.0  730
 9.050  737.5  90  48  57   1.563 210.0  30.0  723
 9.050  740.0  90  48  69   1.563 210.0  30.0  740
 9.050  742.5  90  48  72   1.563 210.0  30.0  741
 9.050  855.0  90  48  57   1.563  30.0  30.0  852
 9.050  857.5  90  48  57   1.563 210.0  30.0  844
 9.050  117.5 -90  48  57  -1.563  30.0  30.0  122
 9.050  512.5 -90  48  57  -1.563 330.0  30.0  518
 9.050  515.0 -90  48  63  -1.563 330.0  30.0  517
 9.050  517.5 -90  48  63  -1.563 330.0  30.0  522
 9.050  520.0 -90  48  63   1.563 330.0  30.0  524
 9.050  522.5 -90  48  60   1.563 330.0  30.0  526
 9.050  525.0 -90  48  57  -1.563 330.0  30.0  528
 9.050  527.5 -90  48  60  -1.563 330.0  30.0  534
 9.050  530.0 -90  48  57   1.563 330.0  30.0  533
 9.050  535.0 -90  48  57  -1.563 330.0  30.0  545
 9.050  537.5 -90  48  57  -1.563 330.0  30.0  541
 9.050  605.0 -90  48  57  -1.563 330.0  30.0  608
 9.050  612.5 -90  48  57  -1.563 330.0  30.0  617
 9.050  615.0 -90  48  57  -1.563 330.0  30.0  618
 9.050  620.0 -90  48  57  -1.563 330.0  30.0  623
 9.050  622.5 -90  48  57  -1.563 330.0  30.0  629
 9.050  630.0 -90  48  57  -1.563 330.0  30.0  634
 9.050  740.0 -90  48  72   1.563 210.0  30.0  736
 9.050  742.5 -90  48  75   1.563 210.0  30.0  738
 9.075  727.5  90  48  57   1.563 150.0  30.0  722
 9.075  735.0  90  48  60   1.563 150.0  30.0  747
 9.075  737.5  90  48  63   1.563  30.0  30.0  747
 9.075  745.0  90  48  57   1.563  30.0  30.0  739
 9.075  747.5  90  48  63   1.563 210.0  30.0  735
 9.075  762.5  90  48  57   1.563 210.0  30.0  766
 9.075  527.5 -90  48  57  -1.563 330.0  30.0  527
 9.075  557.5 -90  48  57   1.563 330.0  30.0  560
 9.075  717.5 -90  48  57   1.563 210.0  30.0  707
 9.075  725.0 -90  48  57   1.563 210.0  30.0  713
 9.075  727.5 -90  48  57   1.563 330.0  30.0  715
 9.075  735.0 -90  48  63   1.563 210.0  30.0  724
 9.075  737.5 -90  48  63   1.563 210.0  30.0  734
 9.075  745.0 -90  48  63   1.563 210.0  30.0  738
 9.075  747.5 -90  48  63   1.563 210.0  30.0  758
 9.075  755.0 -90  48  57   1.563 210.0  30.0  764
 9.075  762.5 -90  48  57   1.563 210.0  30.0  764
 9.075  765.0 -90  48  57   1.563 210.0  30.0  750
 9.075  767.5 -90  48  57   1.563 210.0  30.0  779
 9.100  725.0  90  48  57   1.563 210.0  30.0  733
 9.100  737.5  90  48  57   1.563  30.0  30.0  736
 9.100  740.0  90  48  60   1.563 210.0  30.0  735
 9.100  742.5  90  48  69   1.563 150.0  30.0  739
 9.100  745.0  90  48  63   1.563 150.0  30.0  744
 9.100  245.0 -90  48  57   1.563 270.0  30.0  249
 9.100  737.5 -90  48  63   1.563 210.0  30.0  736
 9.100  740.0 -90  48  60   1.563 210.0  30.0  735
 9.100  742.5 -90  48  69   1.563 210.0  30.0  735
 9.100  745.0 -90  48  57   4.688  30.0  30.0  743
 9.125  737.5  90  48  57   1.563 210.0  30.0  737
 9.125  750.0  90  48  57   1.563  30.0  30.0  741
 9.125  737.5 -90  48  57   1.563 210.0  30.0  735
 9.150  245.0  90  48  57   1.563 150.0  30.0  249
 9.150  247.5  90  48  57   1.563 270.0  30.0  247
 9.150  725.0  90  48  57   1.563 210.0  30.0  715
 9.150  737.5  90  48  57   1.563 210.0  30.0  727
 9.150  740.0  90  48  66   1.563 210.0  30.0  735
 9.150  742.5  90  48  66   1.563 210.0  30.0  744
 9.150  745.0  90  48  60   1.563 150.0  30.0  747
 9.150  725.0 -90  48  60   1.563 210.0  30.0  712
 9.150  740.0 -90  48  60   1.563  30.0  30.0  734
 9.150  742.5 -90  48  66   4.688 210.0  30.0  740
 9.150  745.0 -90  48  60   1.563 210.0  30.0  744
 9.150 1225.0 -90  48  57   4.688 210.0  30.0 1212
 9.150 1227.5 -90  48  57  -1.563 150.0  30.0 1228
 9.150 1235.0 -90  48  57  -1.563 210.0  30.0 1229
 9.150 1240.0 -90  48  57   1.563   0.0   0.0 1249
 9.150 1245.0 -90  48  57   1.563 270.0  30.0 1230
 9.150 1247.5 -90  48  57   1.563 210.0  30.0 1261
 9.150 1252.5 -90  48  57   1.563   0.0   0.0 1240
 9.150 1255.0 -90  48  57   4.688 210.0  30.0 1260
 9.150 1257.5 -90  48  57  -4.688 210.0  30.0 1269
 9.150 1275.0 -90  48  57   4.688 330.0  30.0 1273
 9.175  245.0  90  48  57   1.563 150.0  30.0  251
 9.175  247.5  90  48  57  -1.563 270.0  30.0  251
 9.175  735.0  90  48  57   4.688 210.0  30.0  737
 9.175  737.5  90  48  57   4.688 210.0  30.0  730
 9.175  747.5  90  48  57   1.563 210.0  30.0  740
 9.175  245.0 -90  48  57   1.563 270.0  30.0  250
 9.200  247.5  90  48  57   1.563 270.0  30.0  252
 9.200  727.5  90  48  60   1.563 210.0  30.0  735
 9.200  740.0  90  48  57   4.688 210.0  30.0  736
 9.200  742.5  90  48  60   4.688 150.0  30.0  757
 9.200  745.0  90  48  69   1.563 210.0  30.0  739
 9.200  747.5  90  48  57   1.563 210.0  30.0  762
 9.200  245.0 -90  48  57   1.563 150.0  30.0  249
 9.200  742.5 -90  48  66   1.563 210.0  30.0  757
 9.200  745.0 -90  48  63   1.563 330.0  30.0  755
 9.225  750.0  90  48  57   1.563 150.0  30.0  745
 9.225  737.5 -90  48  57   1.563 210.0  30.0  723
 9.225  747.5 -90  48  57   1.563 210.0  30.0  750
 9.250  727.5  90  48  57   1.563 210.0  30.0  723
 9.250  730.0  90  48  57   1.563 210.0  30.0  744
 9.250  742.5  90  48  57   1.563 210.0  30.0  747
 9.250  745.0  90  48  66   1.563 210.0  30.0  750
 9.250  245.0 -90  48  57  -1.563 270.0  30.0  249
 9.250  730.0 -90  48  60   1.563 210.0  30.0  728
 9.250  742.5 -90  48  66   1.563 210.0  30.0  732
 9.250  745.0 -90  48  63   1.563 330.0  30.0  752
 9.250  747.5 -90  48  57   1.563 210.0  30.0  749
 9.275  735.0  90  48  57   1.563 210.0  30.0  746
 9.275  750.0  90  48  57   1.563 210.0  30.0  750
 9.275  245.0 -90  48  57   1.563 150.0  30.0  249
 9.300  730.0  90  48  63   4.688 210.0  30.0  737
 9.300  732.5  90  48  57   1.563 210.0  30.0  733
 9.300  745.0  90  48  57   1.563 210.0  30.0  737
 9.300  730.0 -90  48  60   4.688 210.0  30.0  741
 9.300  745.0 -90  48  66   1.563 210.0  30.0  747
 9.300  747.5 -90  48  63   1.563 210.0  30.0  737
 9.325  725.0  90  45  54   1.563 210.0  30.0  732
 9.325  740.0 -90  48  57   1.563 210.0  30.0  727
 9.325  750.0 -90  48  57   1.563 210.0  30.0  755
 9.350  745.0  90  45  63   1.563 210.0  30.0  740
 9.350  747.5  90  45  57   1.563 210.0  30.0  746
 9.350  245.0 -90  45  54  -1.563 330.0  30.0  245
 9.350  595.0 -90  45  54   1.563 210.0  30.0  592
 9.350  730.0 -90  45  54   1.563 210.0  30.0  718
 9.350  742.5 -90  45  54   1.563 330.0  30.0  735
 9.350  745.0 -90  45  63   1.563 210.0  30.0  743
 9.350  747.5 -90  45  54   1.563 270.0  30.0  748
 9.375  750.0 -90  48  57   1.563 210.0  30.0  763
 9.400 1280.0  90  51  60   1.563 210.0  30.0 1292
 9.400  872.5 -90  51  60   1.563  30.0  30.0  861
 9.450  745.0  90  48  57   1.563 210.0  30.0  744
 9.450  747.5  90  48  63   1.563 210.0  30.0  750
 9.475 1135.0  90  51  60   1.563 210.0  30.0 1147
 9.475 1137.5  90  51  60   1.563 210.0  30.0 1148
 9.500  122.5  90  57  66   1.563 210.0  30.0  111
 9.525  290.0  90  54  63  -1.563 210.0  30.0  289
 9.525  292.5  90  54  63  -1.563 210.0  30.0  297
 9.525  297.5 -90  54  63   1.563 210.0  30.0  296
 9.550  750.0  90  51  60   1.563 210.0  30.0  749
 9.650  615.0  90  57  66  -4.688 210.0  30.0  621
 9.650  732.5  90  57  66   4.688 210.0  30.0  734
 9.650  757.5  90  57  66   4.688 210.0  30.0  761
 9.650  962.5  90  57  66  -4.688 210.0  30.0  968
 9.750  245.0  90  48  57   1.563 150.0  30.0  249
 9.800  730.0  90  45  54   4.688 210.0  30.0  733
 9.800  732.5  90  45  57   1.563 330.0  30.0  734
 9.800  245.0 -90  48  57  -1.563 210.0  30.0  248
 9.800  732.5 -90  48  57   1.563 210.0  30.0  746
 9.825  245.0 -90  48  57   1.563 150.0  30.0  248
 9.850  732.5  90  48  57   1.563 330.0  30.0  744
 9.850  732.5 -90  48  57   4.688 210.0  30.0  731
 9.900  245.0  90  45  54  -1.563 270.0  30.0  243
 9.900  595.0  90  45  54   4.688 210.0  30.0  593
 9.900  875.0  90  45  54   1.563 210.0  30.0  881
 9.900  595.0 -90  45  57   1.563 210.0  30.0  595
 9.950  595.0  90  45  54   1.563  30.0  30.0  609
 9.950  595.0 -90  45  54   1.563  90.0  30.0  606
10.000  595.0  90  45  54   1.563 210.0  30.0  597
10.000  595.0 -90  45  54   1.563 210.0  30.0  598
10.050  595.0  90  45  54   1.563 210.0  30.0  594
10.100  595.0 -90  45  54   4.688 270.0  30.0  587
10.125  242.5 -90  45  54   1.563 270.0  30.0  253
10.150  595.0  90  45  54   4.688 210.0  30.0  602
10.150  595.0 -90  45  54   4.688 210.0  30.0  588
10.200  595.0  90  45  54   1.563 210.0  30.0  584
10.200  595.0 -90  45  54   1.563  90.0  30.0  586
10.225  242.5 -90  45  54  -1.563  30.0  30.0  248
10.250  242.5 -90  45  54   1.563  30.0  30.0  248
10.250  245.0 -90  45  54   1.563 330.0  30.0  239
10.275  242.5 -90  45  54   1.563 210.0  30.0  247
10.300  245.0  90  45  54   1.563 150.0  30.0  247
10.300  242.5 -90  45  54   1.563 210.0  30.0  247
10.300  245.0 -90  45  54   1.563 150.0  30.0  246
10.325  242.5  90  45  54   1.563 150.0  30.0  248
10.325  245.0  90  45  57  -1.563 150.0  30.0  248
10.325  242.5 -90  45  57   1.563 210.0  30.0  247
10.325  245.0 -90  45  54  -1.563 210.0  30.0  249
10.350  242.5  90  45  54   1.563 150.0  30.0  248
10.350  245.0  90  45  57   1.563 150.0  30.0  249
10.350  242.5 -90  45  54   1.563  30.0  30.0  247
10.350  245.0 -90  45  54  -1.563 210.0  30.0  248
10.350  595.0 -90  45  54   1.563  90.0  30.0  595
10.375  245.0  90  45  54  -1.563 150.0  30.0  250
10.375  242.5 -90  45  54   1.563  30.0  30.0  247
10.375  245.0 -90  45  54   1.563   0.0   0.0  251
10.400  242.5 -90  45  54  -1.563  30.0  30.0  248
10.425  242.5 -90  45  54  -1.563  30.0  30.0  248
10.450  245.0  90  45  54   1.563 150.0  30.0  248
10.450  242.5 -90  45  54  -1.563 210.0  30.0  247
10.475  242.5  90  45  54  -1.563 150.0  30.0  248
10.475  242.5 -90  45  54   1.563 210.0  30.0  247
10.500  242.5 -90  45  54   1.563 210.0  30.0  248
10.500  245.0 -90  45  54   1.563  30.0  30.0  248
10.525  242.5 -90  45  54   1.563  30.0  30.0  249
10.525  245.0 -90  45  54  -1.563   0.0   0.0  248
10.550  242.5 -90  45  54  -1.563  30.0  30.0  247
10.550  245.0 -90  45  54  -1.563   0.0   0.0  248
10.575  245.0 -90  45  54  -1.563 150.0  30.0  246
10.650  660.0 -90  45  54   1.563  90.0  30.0  646
10.700  680.0  90  45  54   4.688 210.0  30.0  682
10.700  657.5 -90  45  54   1.563 210.0  30.0  649
10.700  677.5 -90  45  54   1.563  90.0  30.0  669
10.700  680.0 -90  45  60   1.563  90.0  30.0  671
10.700  682.5 -90  45  57   4.688 210.0  30.0  680
10.725  662.5 -90  57  66   4.688  90.0  30.0  661
10.750  680.0  90  57  72   4.688 210.0  30.0  673
10.750  242.5 -90  57  66  -1.563   0.0   0.0  247
10.750  677.5 -90  57  69   1.563  90.0  30.0  667
10.750  680.0 -90  57  75   4.688  90.0  30.0  673
10.750  770.0 -90  57  66   1.563 210.0  30.0  764
10.800  677.5  90  57  75   4.688 210.0  30.0  672
10.800  680.0  90  57  66   1.563 210.0  30.0  669
10.800  677.5 -90  57  81   1.563  90.0  30.0  673
10.800  680.0 -90  57  69   1.563  90.0  30.0  691
10.825  242.5  90  45  54  -1.563 150.0  30.0  250
10.825  245.0  90  45  54  -1.563  30.0  30.0  247
10.825  672.5  90  45  54   4.688 210.0  30.0  665
10.825  675.0  90  45  54   4.688 210.0  30.0  671
10.825  682.5  90  45  54   4.688 210.0  30.0  693
10.825  242.5 -90  45  54   1.563   0.0   0.0  248
10.825  245.0 -90  45  54   1.563 210.0  30.0  247
10.825  652.5 -90  45  54   1.563 210.0  30.0  657
10.825  672.5 -90  45  57   4.688 270.0  30.0  667
10.825  682.5 -90  45  57   4.688 210.0  30.0  669
10.850  242.5  90  45  54  -1.563 150.0  30.0  248
10.850  245.0  90  45  54  -1.563 210.0  30.0  245
10.850  677.5  90  45  57   4.688 210.0  30.0  675
10.850  680.0  90  45  63   1.563 210.0  30.0  674
10.850  242.5 -90  45  54   1.563   0.0   0.0  248
10.850  677.5 -90  45  63   1.563  90.0  30.0  676
10.850  680.0 -90  45  66   4.688  90.0  30.0  680
10.875  242.5  90  57  66   1.563 210.0  30.0  246
10.875  675.0  90  57  66   4.688  30.0  30.0  685
10.875  242.5 -90  57  66  -1.563   0.0   0.0  248
10.875  675.0 -90  57  69   1.563  90.0  30.0  686
10.875  685.0 -90  57  66   4.688 210.0  30.0  672
10.900  242.5  90  57  66   1.563 150.0  30.0  248
10.900  682.5  90  57  69   1.563 210.0  30.0  677
10.900  242.5 -90  57  66   1.563  30.0  30.0  245
10.900  680.0 -90  57  66   1.563  90.0  30.0  693
10.900  682.5 -90  57  75   4.688  90.0  30.0  678
10.900  685.0 -90  57  66   1.563  90.0  30.0  693
10.925  242.5 -90  57  66  -1.563  90.0  30.0  249
10.925  687.5 -90  57  66   1.563 270.0  30.0  681
10.950  677.5  90  57  66   1.563 210.0  30.0  682
10.950  680.0  90  57  75   4.688 210.0  30.0  686
10.950  682.5  90  57  75   4.688 210.0  30.0  668
10.950  685.0  90  57  66   1.563 210.0  30.0  695
10.950  652.5 -90  57  66   4.688  90.0  30.0  639
10.950  677.5 -90  57  66   4.688  90.0  30.0  682
10.950  680.0 -90  57  78   4.688 210.0  30.0  675
10.950  682.5 -90  57  81   4.688  90.0  30.0  679
10.950  685.0 -90  57  66   1.563  90.0  30.0  692
10.975  675.0  90  57  66   4.688 210.0  30.0  663
10.975  677.5  90  57  66   4.688 210.0  30.0  670
10.975  685.0  90  57  66   4.688 210.0  30.0  683
10.975  655.0 -90  57  66   4.688  90.0  30.0  649
10.975  675.0 -90  57  66   4.688  90.0  30.0  663
10.975  677.5 -90  57  69   4.688 210.0  30.0  671
10.975  685.0 -90  57  69   4.688 210.0  30.0  687
10.975  687.5 -90  57  69   1.563  90.0  30.0  689
10.975  690.0 -90  57  66   4.688 210.0  30.0  695
11.000  242.5 -90  57  66  -1.563  30.0  30.0  250
11.000  647.5 -90  57  66   4.688   0.0   0.0  657
11.000  650.0 -90  57  66   4.688  90.0  30.0  647
11.000  655.0 -90  57  66   4.688  90.0  30.0  652
11.000  657.5 -90  57  66   1.563  90.0  30.0  650
11.000  675.0 -90  57  69   4.688  90.0  30.0  663
11.000  677.5 -90  57  66   4.688  90.0  30.0  681
11.025  242.5  90  57  66  -1.563 210.0  30.0  246
11.025  245.0  90  57  66  -1.563  30.0  30.0  247
11.025  242.5 -90  57  66  -1.563 210.0  30.0  249
11.050  242.5  90  57  69   1.563 150.0  30.0  248
11.050  245.0  90  57  69  -1.563 210.0  30.0  247
11.050  650.0  90  57  66   4.688  30.0  30.0  639
11.050  672.5  90  57  66   4.688 210.0  30.0  686
11.050  242.5 -90  57  69   1.563  30.0  30.0  246
11.050  245.0 -90  57  66   1.563 210.0  30.0  249
11.050  647.5 -90  57  66   1.563  90.0  30.0  640
11.050  650.0 -90  57  75   4.688  90.0  30.0  639
11.050  652.5 -90  57  66   4.688 210.0  30.0  662
11.050  672.5 -90  57  69   4.688  90.0  30.0  659
11.075  242.5  90  57  69  -1.563 150.0  30.0  247
11.075  245.0  90  57  69   1.563  30.0  30.0  248
11.075  242.5 -90  57  69  -1.563 210.0  30.0  248
11.075  245.0 -90  57  69  -1.563   0.0   0.0  247
11.075  655.0 -90  57  66   4.688  90.0  30.0  668
11.100  242.5  90  57  69   1.563 150.0  30.0  250
11.100  245.0  90  57  69   1.563 270.0  30.0  247
11.100  652.5  90  57  66   4.688 210.0  30.0  639
11.100  670.0  90  57  66   1.563 210.0  30.0  666
11.100  242.5 -90  57  69  -1.563   0.0   0.0  247
11.100  245.0 -90  57  69  -1.563   0.0   0.0  248
11.100  647.5 -90  57  66   4.688   0.0   0.0  656
11.100  652.5 -90  57  69   4.688  90.0  30.0  640
11.100  655.0 -90  57  69   1.563  90.0  30.0  662
11.100  660.0 -90  57  69   4.688  90.0  30.0  670
11.100  662.5 -90  57  66   1.563 270.0  30.0  650
11.100  670.0 -90  57  69   4.688 210.0  30.0  673
11.125  242.5  90  45  54   1.563 150.0  30.0  247
11.125  245.0  90  45  54   1.563 150.0  30.0  248
11.125  242.5 -90  45  57  -1.563   0.0   0.0  247
11.125  245.0 -90  45  54  -1.563  30.0  30.0  247
11.125  647.5 -90  45  54   4.688 270.0  30.0  638
11.125  665.0 -90  45  54   4.688 210.0  30.0  665
11.150  242.5 -90  45  57  -1.563   0.0   0.0  246
11.150  245.0 -90  45  54   1.563   0.0   0.0  246
11.150  645.0 -90  45  57   1.563  90.0  30.0  644
11.150  647.5 -90  45  57   4.688  90.0  30.0  645
11.150  650.0 -90  45  57   4.688  90.0  30.0  644
11.150  652.5 -90  45  57   4.688  90.0  30.0  645
11.150  657.5 -90  45  54   1.563 270.0  30.0  657
11.175  242.5 -90  45  54  -1.563   0.0   0.0  248
11.200  655.0  90  45  54   4.688 210.0  30.0  661
11.200  657.5  90  45  54   4.688 210.0  30.0  671
11.200  685.0  90  45  63   1.563 210.0  30.0  685
11.200  687.5  90  45  54   4.688 210.0  30.0  688
11.200  242.5 -90  45  54   1.563  30.0  30.0  245
11.200  645.0 -90  45  54   1.563  90.0  30.0  632
11.200  647.5 -90  45  54   4.688  90.0  30.0  637
11.200  650.0 -90  45  57   1.563  90.0  30.0  659
11.200  652.5 -90  45  54   4.688 210.0  30.0  653
11.200  655.0 -90  45  60   4.688  90.0  30.0  661
11.200  657.5 -90  45  60   1.563  90.0  30.0  649
11.200  685.0 -90  45  54   4.688 270.0  30.0  682
11.225  690.0  90  45  54   1.563 210.0  30.0  691
11.225  650.0 -90  45  54   1.563 210.0  30.0  663
11.225  660.0 -90  45  54   4.688   0.0   0.0  655
11.250  652.5  90  45  60   4.688 210.0  30.0  649
11.250  655.0  90  45  63   4.688 210.0  30.0  652
11.250  657.5  90  45  54   4.688 210.0  30.0  656
11.250  680.0  90  45  57   4.688 210.0  30.0  687
11.250  682.5  90  45  63   4.688 210.0  30.0  671
11.250  685.0  90  45  57   1.563 210.0  30.0  671
11.250  645.0 -90  45  54   4.688  90.0  30.0  642
11.250  650.0 -90  45  57   4.688  90.0  30.0  660
11.250  652.5 -90  45  66   4.688  90.0  30.0  645
11.250  655.0 -90  45  69   4.688  90.0  30.0  662
11.250  657.5 -90  45  54   4.688  90.0  30.0  656
11.250  682.5 -90  45  54   4.688 270.0  30.0  687
11.275  657.5  90  45  57   1.563 210.0  30.0  665
11.275  662.5  90  45  54   1.563 210.0  30.0  670
11.275  675.0  90  45  54   4.688 210.0  30.0  688
11.275  677.5  90  45  54   4.688  90.0  30.0  689
11.275  685.0  90  45  54   1.563 210.0  30.0  680
11.275  687.5  90  45  54   4.688 210.0  30.0  690
11.275  242.5 -90  45  54  -1.563   0.0   0.0  249
11.275  630.0 -90  45  54   4.688  90.0  30.0  622
11.275  647.5 -90  45  57   1.563   0.0   0.0  639
11.275  650.0 -90  45  54   4.688  90.0  30.0  640
11.275  657.5 -90  45  54   4.688 210.0  30.0  659
11.275  660.0 -90  45  57   4.688  90.0  30.0  648
11.275  667.5 -90  45  54   4.688   0.0   0.0  660
11.275  677.5 -90  45  54   4.688  90.0  30.0  680
11.300  645.0  90  45  57   4.688 210.0  30.0  643
11.300  650.0  90  45  54   1.563 210.0  30.0  646
11.300  680.0  90  45  63   4.688 210.0  30.0  676
11.300  682.5  90  45  60   4.688 210.0  30.0  683
11.300  685.0  90  45  54   4.688 210.0  30.0  684
11.300  242.5 -90  45  54   1.563   0.0   0.0  245
11.300  645.0 -90  45  63   4.688  90.0  30.0  642
11.300  647.5 -90  45  54   4.688  90.0  30.0  661
11.300  650.0 -90  45  60   4.688   0.0   0.0  643
11.325  675.0  90  45  54   4.688 210.0  30.0  667
11.325  640.0 -90  45  54   4.688  90.0  30.0  645
11.325  645.0 -90  45  54   4.688   0.0   0.0  644
11.350  645.0  90  45  54   4.688 210.0  30.0  659
11.350  680.0  90  45  63   4.688 210.0  30.0  694
11.350  682.5  90  45  69   4.688 210.0  30.0  681
11.350  685.0  90  45  63   4.688 210.0  30.0  690
11.350  645.0 -90  45  60   4.688   0.0   0.0  645
11.350  647.5 -90  45  54   1.563   0.0   0.0  660
11.350  682.5 -90  45  60   4.688 270.0  30.0  686
11.350  685.0 -90  45  57   4.688 270.0  30.0  690
11.375  677.5  90  45  60   4.688 210.0  30.0  685
11.375  680.0  90  45  57   1.563 210.0  30.0  667
11.375  682.5  90  45  54   1.563 210.0  30.0  680
11.375  687.5  90  45  57   4.688 210.0  30.0  682
11.375  690.0  90  45  57   1.563 210.0  30.0  690
11.375  700.0  90  45  54   4.688 210.0  30.0  687
11.375  705.0  90  45  54   1.563 210.0  30.0  708
11.375  640.0 -90  45  54   4.688   0.0   0.0  649
11.375  650.0 -90  45  54   4.688 150.0  30.0  650
11.400  645.0  90  45  60   4.688  30.0  30.0  644
11.400  647.5  90  45  57   1.563 210.0  30.0  657
11.400  685.0  90  45  66   4.688 210.0  30.0  683
11.400  687.5  90  45  63   4.688 210.0  30.0  684
11.400  645.0 -90  45  69   4.688   0.0   0.0  641
11.400  647.5 -90  45  66   4.688  90.0  30.0  645
11.400  685.0 -90  45  63   4.688  90.0  30.0  686
11.400  687.5 -90  45  57   4.688 270.0  30.0  685
11.425  665.0  90  45  54   4.688 210.0  30.0  658
11.425  672.5  90  45  54   4.688 210.0  30.0  668
11.425  680.0  90  45  57   1.563 210.0  30.0  685
11.425  682.5  90  45  57   4.688 210.0  30.0  686
11.425  690.0  90  45  57   1.563 210.0  30.0  679
11.425  692.5  90  45  54   1.563 210.0  30.0  678
11.425  640.0 -90  48  60   4.688  90.0  30.0  636
11.425  642.5 -90  48  57   1.563 150.0  30.0  636
11.425  650.0 -90  48  57   4.688  90.0  30.0  644
11.425  652.5 -90  48  57   4.688 150.0  30.0  643
11.425  660.0 -90  48  57   4.688  90.0  30.0  666
11.425  665.0 -90  48  57   1.563 150.0  30.0  674
11.450  645.0  90  45  54   4.688 210.0  30.0  653
11.450  682.5  90  45  57   4.688 210.0  30.0  676
11.450  685.0  90  45  66   4.688 210.0  30.0  679
11.450  687.5  90  45  57   4.688 210.0  30.0  688
11.450  242.5 -90  45  54  -1.563   0.0   0.0  251
11.450  645.0 -90  45  60   4.688  90.0  30.0  640
11.450  647.5 -90  45  54   1.563  90.0  30.0  658
11.450  682.5 -90  45  57   4.688 210.0  30.0  670
11.450  685.0 -90  45  60   4.688 270.0  30.0  678
11.475  680.0  90  45  54   4.688 210.0  30.0  672
11.475  690.0  90  45  54   4.688  90.0  30.0  678
11.500  680.0  90  45  57   4.688 210.0  30.0  678
11.550  652.5  90  48  57   1.563 210.0  30.0  664
11.550  655.0  90  48  57   1.563 210.0  30.0  643
11.550  677.5  90  48  57   4.688 210.0  30.0  679
11.575  142.5  90  60  69  -4.688 210.0  30.0  132
11.575 1217.5  90  60  69   4.688 210.0  30.0 1229
11.575 1220.0  90  60  69   4.688 210.0  30.0 1210
11.625 1252.5 -90  72  81  -1.563 210.0  30.0 1266
11.675  380.0 -90  60  69   4.688  90.0  30.0  381
11.675  387.5 -90  60  69   1.563 330.0  30.0  374
11.675  392.5 -90  60  69   1.563 270.0  30.0  391
11.675  560.0 -90  60  69  -1.563  90.0  30.0  562
11.725   80.0 -90  57  66   4.688 270.0  30.0   77
11.775  132.5  90  75  84   4.688  90.0  30.0  128
11.775  367.5  90  75  84  -4.688  90.0  30.0  374
11.800   87.5  90  69  78   4.688 210.0  30.0   75
11.800  107.5  90  69  78   1.563  90.0  30.0  112
11.800  110.0  90  69  78   1.563  90.0  30.0  117
11.800  197.5  90  69  78  -1.563  90.0  30.0  195
11.800 1250.0  90  69  78  -1.563 210.0  30.0 1247
11.800 1265.0  90  69  78   4.688  90.0  30.0 1275
11.800 1277.5  90  69  78   1.563 210.0  30.0 1276
11.800  242.5 -90  78  87   4.688 270.0  30.0  230
11.800  337.5 -90  78  87   4.688 270.0  30.0  333
11.900 1277.5  90  63  72   4.688   0.0   0.0 1269
11.900 1282.5  90  63  72   1.563   0.0   0.0 1280
11.925 1232.5 -90  66  75  -4.688 270.0  30.0 1232
11.925 1235.0 -90  66  75  -4.688 270.0  30.0 1223
11.925 1237.5 -90  66  75  -4.688 270.0  30.0 1241
11.925 1265.0 -90  66  75  -4.688 270.0  30.0 1266
11.950  347.5  90  51  60  -4.688 210.0  30.0  362
11.950  350.0  90  51  60  -1.563   0.0   0.0  347
11.950  647.5  90  51  63   4.688   0.0   0.0  650
11.950  650.0  90  51  60   4.688 210.0  30.0  654
12.025   80.0  90  48  57  -1.563  30.0  30.0   84
12.025   92.5  90  48  57   1.563  30.0  30.0  104
12.025  337.5  90  48  57  -1.563  30.0  30.0  351
12.050  425.0 -90  54  63  -4.688   0.0   0.0  424
12.050  427.5 -90  54  63  -4.688   0.0   0.0  423
12.075  847.5 -90  54  63   1.563  30.0  30.0  839
12.075  887.5 -90  54  63  -4.688 330.0  30.0  888
12.150  700.0  90  45  57   1.563 210.0  30.0  692
12.150  385.0 -90  45  54  -1.563 270.0  30.0  395
12.150  392.5 -90  45  54   1.563  90.0  30.0  394
12.150  397.5 -90  45  54  -4.688   0.0   0.0  403
12.150  400.0 -90  45  54  -1.563 210.0  30.0  407
12.150  402.5 -90  45  60  -1.563 270.0  30.0  407
12.150  405.0 -90  45  54  -4.688 270.0  30.0  399
12.150  412.5 -90  45  54   4.688 270.0  30.0  427
12.150  415.0 -90  45  57   1.563  90.0  30.0  409
12.150  417.5 -90  45  57   4.688  90.0  30.0  409
12.150  422.5 -90  45  57   4.688 270.0  30.0  413
12.150  427.5 -90  45  57  -1.563 270.0  30.0  419
12.150  430.0 -90  45  57   4.688  90.0  30.0  439
12.150  432.5 -90  45  57  -4.688 270.0  30.0  429
12.150  435.0 -90  45  57   1.563 270.0  30.0  441
12.150  437.5 -90  45  60  -4.688 270.0  30.0  442
12.150  440.0 -90  45  60  -4.688 270.0  30.0  426
12.150  447.5 -90  45  60   4.688 270.0  30.0  439
12.150  452.5 -90  45  54  -4.688 270.0  30.0  445
12.150  457.5 -90  45  54  -1.563 270.0  30.0  468
12.150  460.0 -90  45  54  -1.563 270.0  30.0  475
12.150  462.5 -90  45  57  -1.563 270.0  30.0  453
12.150  465.0 -90  45  54   1.563 270.0  30.0  468
12.150  472.5 -90  45  54  -1.563 270.0  30.0  477
12.150  475.0 -90  45  54   4.688 270.0  30.0  473
12.150  477.5 -90  45  54   4.688  90.0  30.0  492
12.150  670.0 -90  45  54  -1.563 270.0  30.0  678
12.150  675.0 -90  45  54  -4.688 270.0  30.0  685
12.150  680.0 -90  45  54   4.688  90.0  30.0  669
12.150  690.0 -90  45  54   4.688 270.0  30.0  681
12.150  695.0 -90  45  57   4.688 270.0  30.0  682
12.150  700.0 -90  45  63   1.563  90.0  30.0  702
12.150  702.5 -90  45  54   1.563  90.0  30.0  702
12.150  705.0 -90  45  54  -4.688   0.0   0.0  695
12.150  710.0 -90  45  54   1.563 270.0  30.0  721
12.150  715.0 -90  45  57  -4.688  90.0  30.0  700
12.150  720.0 -90  45  54  -4.688 150.0  30.0  711
12.150  735.0 -90  45  54  -4.688 270.0  30.0  737
12.150  740.0 -90  45  54  -1.563 150.0  30.0  729
12.150  745.0 -90  45  54  -4.688 270.0  30.0  736
12.200  702.5  90  45  57   4.688 210.0  30.0  694
12.200  700.0 -90  45  54   4.688  90.0  30.0  695
12.200  702.5 -90  45  60   4.688  90.0  30.0  694
12.225  242.5 -90  45  54   1.563  90.0  30.0  250
12.250  702.5  90  45  60   4.688 210.0  30.0  694
12.250  702.5 -90  45  63   4.688  90.0  30.0  701
12.275  707.5  90  42  51   4.688 330.0  30.0  715
12.300  700.0  90  45  54   4.688 210.0  30.0  715
12.300  702.5  90  45  57   4.688 210.0  30.0  697
12.300  702.5 -90  45  60   4.688  90.0  30.0  702
12.300  705.0 -90  45  54   4.688  90.0  30.0  695
12.325   85.0  90  45  54   1.563   0.0   0.0   74
12.325  707.5 -90  45  54   4.688   0.0   0.0  697
12.350  700.0  90  45  54   4.688 210.0  30.0  693
12.350  705.0  90  45  57   4.688 210.0  30.0  700
12.350  702.5 -90  45  60   4.688  90.0  30.0  702
12.350  705.0 -90  45  63   4.688  90.0  30.0  696
12.375   80.0  90  48  57   4.688   0.0   0.0   89
12.375   82.5  90  48  57   4.688   0.0   0.0   93
12.375   85.0  90  48  57   4.688   0.0   0.0   94
12.375  570.0  90  48  57  -4.688   0.0   0.0  566
12.375  580.0  90  48  57  -4.688   0.0   0.0  579
12.375  700.0 -90  48  57   1.563   0.0   0.0  689
12.375  707.5 -90  48  57   1.563  90.0  30.0  699
12.375  720.0 -90  48  57   1.563   0.0   0.0  733
12.375 1255.0 -90  48  57  -4.688 150.0  30.0 1255
12.375 1270.0 -90  48  57   4.688   0.0   0.0 1266
12.375 1272.5 -90  48  57  -4.688   0.0   0.0 1274
12.375 1277.5 -90  48  57  -4.688   0.0   0.0 1276
12.375 1280.0 -90  48  57  -4.688 150.0  30.0 1280
12.400  705.0  90  48  60   4.688 210.0  30.0  692
12.400 1272.5  90  48  57  -4.688   0.0   0.0 1273
12.400 1282.5  90  48  57  -4.688   0.0   0.0 1282
12.400  705.0 -90  48  63   4.688  90.0  30.0  712
12.400 1252.5 -90  48  57   4.688   0.0   0.0 1248
12.450  702.5  90  45  57   4.688  90.0  30.0  702
12.450  705.0  90  45  60   4.688 210.0  30.0  707
12.450  707.5  90  45  57   4.688 210.0  30.0  695
12.450  705.0 -90  45  60   4.688   0.0   0.0  707
12.450  707.5 -90  45  63   4.688  90.0  30.0  710
12.475  710.0  90  57  66   4.688 210.0  30.0  703
12.475  682.5 -90  54  63   4.688   0.0   0.0  675
12.475  700.0 -90  54  63   1.563  90.0  30.0  703
12.475  702.5 -90  54  66   4.688  90.0  30.0  692
12.475  710.0 -90  54  63   4.688  90.0  30.0  704
12.475  712.5 -90  54  69   4.688 150.0  30.0  722
12.500  702.5  90  54  66   4.688   0.0   0.0  689
12.500  705.0  90  54  69   4.688   0.0   0.0  719
12.500  707.5  90  54  69   4.688 210.0  30.0  709
12.500  710.0  90  54  63   4.688 210.0  30.0  715
12.500  705.0 -90  54  63   1.563  90.0  30.0  719
12.500  707.5 -90  54  78   4.688  90.0  30.0  704
12.500  710.0 -90  54  72   4.688  90.0  30.0  708
12.525  687.5 -90  42  51   4.688  90.0  30.0  680
12.525  702.5 -90  42  54   4.688  90.0  30.0  695
12.525  705.0 -90  42  51   4.688  90.0  30.0  694
12.525  712.5 -90  42  57   4.688  90.0  30.0  720
12.525  732.5 -90  42  51   1.563  90.0  30.0  725
12.550  705.0  90  45  57   4.688 210.0  30.0  700
12.550  710.0  90  45  57   4.688 210.0  30.0  704
12.550  707.5 -90  42  60   4.688  90.0  30.0  715
12.550  710.0 -90  42  63   4.688  90.0  30.0  706
12.550 1060.0 -90  42  51   4.688 150.0  30.0 1070
12.575  700.0  90  42  51   1.563   0.0   0.0  699
12.575  705.0 -90  42  54   4.688   0.0   0.0  712
12.575  712.5 -90  42  51   1.563  90.0  30.0  708
12.575  715.0 -90  42  51   4.688   0.0   0.0  717
12.600  705.0  90  42  57   4.688   0.0   0.0  712
12.600  707.5  90  42  51   4.688   0.0   0.0  713
12.600  710.0  90  42  57   4.688 210.0  30.0  717
12.600  712.5  90  42  54   4.688 210.0  30.0  704
12.600  725.0  90  42  57   4.688 210.0  30.0  728
12.600  727.5  90  42  60   4.688 210.0  30.0  729
12.600  710.0 -90  42  63   4.688  90.0  30.0  707
12.600  712.5 -90  42  60   4.688  90.0  30.0  706
12.600  725.0 -90  42  57   4.688   0.0   0.0  726
12.600  727.5 -90  42  60   4.688   0.0   0.0  730
12.625  720.0  90  57  66   4.688   0.0   0.0  719
12.625  730.0  90  57  66   4.688 210.0  30.0  723
12.625  742.5  90  57  66   4.688   0.0   0.0  736
12.625  177.5 -90  60  69  -4.688  90.0  30.0  184
12.625  200.0 -90  60  69   4.688   0.0   0.0  186
12.625  202.5 -90  60  69  -1.563  90.0  30.0  205
12.625  542.5 -90  60  69  -1.563   0.0   0.0  535
12.625  545.0 -90  60  69  -4.688   0.0   0.0  536
12.625  705.0 -90  60  69   4.688  90.0  30.0  711
12.625  732.5 -90  60  69   1.563  90.0  30.0  728
12.650  705.0  90  57  69   4.688 210.0  30.0  707
12.650  707.5  90  57  66   1.563   0.0   0.0  707
12.650  710.0  90  57  66   4.688   0.0   0.0  708
12.650  712.5  90  57  69   4.688 210.0  30.0  707
12.650  725.0  90  57  81   4.688   0.0   0.0  740
12.650  727.5  90  57  81   4.688   0.0   0.0  726
12.650  730.0  90  57  75   4.688   0.0   0.0  734
12.650  732.5  90  57  66   1.563   0.0   0.0  737
12.650  710.0 -90  57  69   1.563   0.0   0.0  708
12.650  712.5 -90  57  78   4.688   0.0   0.0  706
12.650  722.5 -90  57  66   1.563   0.0   0.0  729
12.650  725.0 -90  57  84   4.688   0.0   0.0  717
12.650  727.5 -90  57  84   4.688   0.0   0.0  725
12.650  730.0 -90  57  75   4.688   0.0   0.0  733
12.675  690.0  90  54  63   4.688 210.0  30.0  692
12.675  700.0  90  54  66   4.688 210.0  30.0  700
12.675  705.0  90  54  69   4.688 210.0  30.0  701
12.675  717.5  90  54  63   4.688 210.0  30.0  713
12.675  720.0  90  54  75   4.688   0.0   0.0  720
12.675  722.5  90  54  69   4.688   0.0   0.0  719
12.675  725.0  90  54  66   4.688 210.0  30.0  736
12.675  730.0  90  54  75   4.688   0.0   0.0  739
12.675  732.5  90  54  69   4.688   0.0   0.0  734
12.675  735.0  90  54  69   4.688   0.0   0.0  725
12.675  737.5  90  54  66   4.688 210.0  30.0  738
12.675  740.0  90  54  66   4.688 210.0  30.0  744
12.675  742.5  90  54  63   1.563   0.0   0.0  729
12.675  745.0  90  54  69   4.688   0.0   0.0  738
12.675  747.5  90  54  66   4.688   0.0   0.0  756
12.675  750.0  90  54  72   4.688 210.0  30.0  750
12.675  752.5  90  54  66   4.688   0.0   0.0  742
12.675  760.0  90  54  63   4.688 210.0  30.0  771
12.675  765.0  90  54  63   4.688 210.0  30.0  768
12.675  690.0 -90  57  66   4.688  90.0  30.0  702
12.675  692.5 -90  57  66   4.688   0.0   0.0  685
12.675  700.0 -90  57  69   4.688  90.0  30.0  701
12.675  705.0 -90  57  69   4.688   0.0   0.0  698
12.675  710.0 -90  57  69   4.688   0.0   0.0  698
12.675  712.5 -90  57  66   4.688  90.0  30.0  699
12.675  717.5 -90  57  69   4.688  90.0  30.0  707
12.675  720.0 -90  57  75   4.688   0.0   0.0  719
12.675  722.5 -90  57  72   4.688   0.0   0.0  721
12.675  730.0 -90  57  75   4.688   0.0   0.0  740
12.675  732.5 -90  57  72   4.688   0.0   0.0  733
12.675  735.0 -90  57  69   4.688   0.0   0.0  740
12.675  737.5 -90  57  69   4.688  90.0  30.0  739
12.675  740.0 -90  57  69   4.688   0.0   0.0  736
12.675  742.5 -90  57  66   4.688   0.0   0.0  730
12.675  745.0 -90  57  69   4.688   0.0   0.0  731
12.675  747.5 -90  57  66   4.688  90.0  30.0  742
12.675  750.0 -90  57  69   4.688   0.0   0.0  764
12.675  752.5 -90  57  66   4.688  90.0  30.0  759
12.675  755.0 -90  57  66   4.688   0.0   0.0  753
12.700  707.5  90  57  69   4.688   0.0   0.0  698
12.700  712.5  90  57  72   4.688 210.0  30.0  698
12.700  715.0  90  57  72   4.688 210.0  30.0  729
12.700  722.5  90  57  75   4.688   0.0   0.0  719
12.700  725.0  90  57  78   4.688   0.0   0.0  711
12.700  727.5  90  57  93   4.688   0.0   0.0  723
12.700  730.0  90  57  90   4.688   0.0   0.0  729
12.700  712.5 -90  57  75   4.688  90.0  30.0  724
12.700  715.0 -90  57  75   4.688   0.0   0.0  726
12.700  717.5 -90  57  66   4.688   0.0   0.0  718
12.700  720.0 -90  57  66   4.688   0.0   0.0  712
12.700  722.5 -90  57  75   4.688   0.0   0.0  719
12.700  725.0 -90  57  78   4.688   0.0   0.0  740
12.700  727.5 -90  57  90   4.688   0.0   0.0  723
12.700  730.0 -90  57  87   4.688   0.0   0.0  730
12.725  692.5  90  57  69   4.688   0.0   0.0  694
12.725  695.0  90  57  69   4.688   0.0   0.0  708
12.725  697.5  90  57  66   4.688   0.0   0.0  710
12.725  700.0  90  57  69   4.688   0.0   0.0  699
12.725  702.5  90  57  75   4.688   0.0   0.0  690
12.725  705.0  90  57  75   4.688   0.0   0.0  695
12.725  707.5  90  57  72   4.688   0.0   0.0  718
12.725  710.0  90  57  72   4.688   0.0   0.0  715
12.725  712.5  90  57  75   4.688   0.0   0.0  702
12.725  715.0  90  57  75   4.688   0.0   0.0  710
12.725  717.5  90  57  75   4.688   0.0   0.0  723
12.725  720.0  90  57  72   4.688 210.0  30.0  730
12.725  722.5  90  57  81   4.688   0.0   0.0  721
12.725  725.0  90  57  81   4.688   0.0   0.0  715
12.725  727.5  90  57  78   4.688   0.0   0.0  723
12.725  730.0  90  57  72   4.688   0.0   0.0  727
12.725  732.5  90  57  81   4.688   0.0   0.0  726
12.725  735.0  90  57  81   4.688   0.0   0.0  749
12.725  737.5  90  57  66   4.688 210.0  30.0  744
12.725  740.0  90  57  72   4.688   0.0   0.0  750
12.725  742.5  90  57  75   4.688   0.0   0.0  748
12.725  745.0  90  57  75   4.688   0.0   0.0  731
12.725  747.5  90  57  72   4.688   0.0   0.0  756
12.725  750.0  90  57  75   4.688   0.0   0.0  757
12.725  752.5  90  57  75   4.688 210.0  30.0  748
12.725  755.0  90  57  78   4.688   0.0   0.0  751
12.725  760.0  90  57  66   1.563   0.0   0.0  751
12.725  762.5  90  57  72   4.688   0.0   0.0  776
12.725  765.0  90  57  72   4.688   0.0   0.0  775
12.725  677.5 -90  57  66   4.688   0.0   0.0  667
12.725  692.5 -90  57  66   4.688   0.0   0.0  694
12.725  702.5 -90  57  69   1.563   0.0   0.0  692
12.725  705.0 -90  57  72   4.688   0.0   0.0  697
12.725  707.5 -90  57  72   4.688   0.0   0.0  709
12.725  710.0 -90  57  69   4.688   0.0   0.0  711
12.725  712.5 -90  57  75   4.688   0.0   0.0  709
12.725  715.0 -90  57  69   1.563   0.0   0.0  712
12.725  717.5 -90  57  72   4.688   0.0   0.0  722
12.725  720.0 -90  57  69   4.688   0.0   0.0  730
12.725  722.5 -90  57  78   4.688   0.0   0.0  721
12.725  725.0 -90  57  78   4.688   0.0   0.0  715
12.725  727.5 -90  57  75   4.688   0.0   0.0  723
12.725  730.0 -90  57  72   4.688   0.0   0.0  727
12.725  732.5 -90  57  78   4.688   0.0   0.0  726
12.725  735.0 -90  57  78   4.688   0.0   0.0  748
12.725  740.0 -90  57  66   4.688   0.0   0.0  747
12.725  742.5 -90  57  72   4.688   0.0   0.0  729
12.725  745.0 -90  57  72   4.688   0.0   0.0  753
12.725  747.5 -90  57  72   4.688   0.0   0.0  757
12.725  750.0 -90  57  69   4.688   0.0   0.0  757
12.725  752.5 -90  57  72   1.563   0.0   0.0  752
12.725  755.0 -90  57  72   4.688   0.0   0.0  763
12.725  762.5 -90  57  69   4.688   0.0   0.0  776
12.725  765.0 -90  57  69   4.688   0.0   0.0  751
12.750  707.5  90  60  72   4.688   0.0   0.0  711
12.750  715.0  90  60  72   4.688   0.0   0.0  727
12.750  717.5  90  60  69   4.688 210.0  30.0  708
12.750  725.0  90  60  72   4.688   0.0   0.0  740
12.750  727.5  90  60  81   4.688   0.0   0.0  720
12.750  730.0  90  60  84   4.688   0.0   0.0  732
12.750  732.5  90  60  84   4.688   0.0   0.0  729
12.750  715.0 -90  57  75   4.688   0.0   0.0  718
12.750  717.5 -90  57  75   4.688   0.0   0.0  703
12.750  720.0 -90  57  66   4.688  90.0  30.0  735
12.750  725.0 -90  57  66   4.688 210.0  30.0  712
12.750  727.5 -90  57  75   4.688   0.0   0.0  725
12.750  730.0 -90  57  69   4.688 210.0  30.0  736
12.750  732.5 -90  57  78   4.688   0.0   0.0  723
12.775  705.0  90  57  66   4.688   0.0   0.0  704
12.775  707.5  90  57  69   4.688 210.0  30.0  706
12.775  712.5  90  57  66   4.688   0.0   0.0  710
12.775  717.5  90  57  66   4.688   0.0   0.0  703
12.775  720.0  90  57  69   4.688 210.0  30.0  715
12.775  722.5  90  57  75   4.688   0.0   0.0  728
12.775  725.0  90  57  66   4.688   0.0   0.0  732
12.775  727.5  90  57  69   4.688   0.0   0.0  733
12.775  732.5  90  57  72   4.688   0.0   0.0  747
12.775  735.0  90  57  69   4.688 210.0  30.0  740
12.775  737.5  90  57  72   4.688   0.0   0.0  730
12.775  742.5  90  57  66   4.688 210.0  30.0  738
12.775  750.0  90  57  66   4.688 210.0  30.0  751
12.775  752.5  90  57  69   4.688 210.0  30.0  745
12.775  757.5  90  57  66   4.688 210.0  30.0  759
12.775  712.5 -90  57  66   4.688   0.0   0.0  723
12.775  720.0 -90  57  69   4.688  90.0  30.0  716
12.775  722.5 -90  57  72   4.688  90.0  30.0  733
12.775  727.5 -90  57  69   4.688   0.0   0.0  729
12.775  732.5 -90  57  66   4.688   0.0   0.0  724
12.775  735.0 -90  57  66   4.688   0.0   0.0  731
12.775  737.5 -90  57  69   4.688   0.0   0.0  730
12.775  742.5 -90  57  66   4.688   0.0   0.0  749
12.800  707.5  90  57  72   4.688  90.0  30.0  695
12.800  717.5  90  57  69   4.688 210.0  30.0  727
12.800  720.0  90  57  75   4.688   0.0   0.0  733
12.800  722.5  90  57  75   4.688   0.0   0.0  712
12.800  725.0  90  57  75   4.688  90.0  30.0  732
12.800  727.5  90  57  72   4.688   0.0   0.0  729
12.800  730.0  90  57  72   4.688  90.0  30.0  738
12.800  732.5  90  57  75   4.688   0.0   0.0  747
12.800  717.5 -90  57  72   4.688   0.0   0.0  729
12.800  720.0 -90  57  78   4.688  90.0  30.0  732
12.800  722.5 -90  57  75   4.688   0.0   0.0  737
12.800  725.0 -90  57  78   4.688   0.0   0.0  734
12.800  727.5 -90  57  72   4.688   0.0   0.0  730
12.800  732.5 -90  57  72   4.688   0.0   0.0  746
12.825  717.5  90  57  66   4.688   0.0   0.0  726
12.825  725.0  90  57  69   4.688  90.0  30.0  733
12.825  727.5  90  57  69   4.688  90.0  30.0  720
12.825  745.0  90  57  66   4.688  90.0  30.0  749
12.825  747.5  90  57  66   4.688   0.0   0.0  755
12.825  697.5 -90  57  66   4.688   0.0   0.0  695
12.825  700.0 -90  57  66   4.688   0.0   0.0  703
12.825  715.0 -90  57  69   4.688  90.0  30.0  712
12.825  717.5 -90  57  69   4.688   0.0   0.0  732
12.825  725.0 -90  57  69   4.688   0.0   0.0  731
12.825  727.5 -90  57  69   4.688   0.0   0.0  736
12.825  730.0 -90  57  69   4.688   0.0   0.0  739
12.825  745.0 -90  57  66   4.688 150.0  30.0  742
12.850  730.0  90  63  75   4.688  90.0  30.0  726
12.850  730.0 -90  57  72   4.688   0.0   0.0  721
12.900  710.0  90  60  69   4.688   0.0   0.0  710
12.900  730.0  90  60  69   4.688 210.0  30.0  726
12.900 1057.5  90  60  69   1.563   0.0   0.0 1053
12.900  130.0 -90  57  66   1.563 330.0  30.0  139
12.900  727.5 -90  57  66   1.563  30.0  30.0  720
12.900  730.0 -90  57  69   4.688   0.0   0.0  745
12.900 1032.5 -90  57  66   1.563 330.0  30.0 1025
12.900 1035.0 -90  57  66   1.563 330.0  30.0 1049
12.900 1045.0 -90  57  66   1.563 330.0  30.0 1033
12.900 1047.5 -90  57  66   1.563 270.0  30.0 1045
12.900 1050.0 -90  57  66   1.563 270.0  30.0 1050
12.925 1037.5 -90  63  72  -1.563 330.0  30.0 1024
12.925 1040.0 -90  63  72  -1.563 330.0  30.0 1029
12.925 1052.5 -90  63  72   1.563 330.0  30.0 1041
12.925 1055.0 -90  63  72   1.563 330.0  30.0 1048
12.925 1070.0 -90  63  72  -1.563 330.0  30.0 1062
12.950  357.5  90  60  69   1.563   0.0   0.0  349
12.950  360.0  90  60  69   1.563   0.0   0.0  357
12.950  400.0  90  60  69   1.563 330.0  30.0  413
12.950  402.5  90  60  69   1.563   0.0   0.0  392
12.950  415.0  90  60  69  -1.563 330.0  30.0  429
12.950  427.5  90  60  69  -1.563   0.0   0.0  415
12.950  710.0  90  60  69   4.688 210.0  30.0  704
12.950  712.5  90  60  69   4.688 150.0  30.0  711
12.950 1155.0  90  60  69   1.563 150.0  30.0 1152
12.950 1230.0  90  60  69   1.563 150.0  30.0 1238
12.950 1242.5  90  60  69   1.563 150.0  30.0 1255
12.950 1257.5  90  60  69  -1.563 330.0  30.0 1248
12.950 1260.0  90  60  72   1.563 330.0  30.0 1272
12.950 1262.5  90  60  69   1.563 330.0  30.0 1265
12.950 1270.0  90  60  69   1.563   0.0   0.0 1283
12.950 1272.5  90  60  69   1.563 330.0  30.0 1280
12.950 1275.0  90  60  69   1.563 330.0  30.0 1281
12.950  317.5 -90  60  69   1.563 330.0  30.0  305
12.950  350.0 -90  60  69   1.563 270.0  30.0  362
12.950  812.5 -90  60  69  -1.563  90.0  30.0  817
12.950 1212.5 -90  60  69  -1.563  30.0  30.0 1205
13.000  712.5  90  60  72   4.688 210.0  30.0  706
13.025  242.5  90  66  75   1.563  30.0  30.0  232
13.025  245.0  90  66  75   1.563  30.0  30.0  233
13.025 1242.5 -90  63  72   4.688 210.0  30.0 1245
13.050  715.0  90  63  72   1.563  90.0  30.0  727
13.075  720.0  90  54  63   4.688   0.0   0.0  724
13.100  715.0  90  54  66   4.688   0.0   0.0  706
13.100  732.5 -90  54  63   4.688   0.0   0.0  723
13.150  715.0  90  54  69   4.688   0.0   0.0  709
13.150  717.5  90  54  66   4.688  90.0  30.0  710
13.150  715.0 -90  54  63   4.688 150.0  30.0  717
13.200  717.5  90  54  72   4.688   0.0   0.0  717
13.200  720.0  90  54  63   4.688   0.0   0.0  713
13.200  730.0  90  54  69   4.688   0.0   0.0  728
13.200  732.5  90  54  63   4.688   0.0   0.0  723
13.200  717.5 -90  54  66   4.688   0.0   0.0  713
13.200  730.0 -90  54  72   4.688   0.0   0.0  722
13.200  732.5 -90  54  63   1.563   0.0   0.0  733
13.200  735.0 -90  54  63   4.688   0.0   0.0  735
13.225  712.5  90  54  63   4.688   0.0   0.0  702
13.225  725.0  90  54  63   4.688  90.0  30.0  716
13.225  705.0 -90  54  63   4.688  90.0  30.0  706
13.225  710.0 -90  54  63   1.563   0.0   0.0  712
13.225  722.5 -90  54  63   4.688   0.0   0.0  719
13.225  725.0 -90  54  66   4.688   0.0   0.0  729
13.225  727.5 -90  54  63   4.688   0.0   0.0  730
13.225  735.0 -90  54  63   4.688  90.0  30.0  748
13.250  172.5  90  54  63  -1.563   0.0   0.0  171
13.250  717.5  90  54  63   4.688   0.0   0.0  725
13.250  720.0  90  54  69   4.688   0.0   0.0  711
13.250  727.5  90  54  69   1.563   0.0   0.0  736
13.250  730.0  90  54  81   4.688   0.0   0.0  724
13.250  732.5  90  54  78   4.688   0.0   0.0  733
13.250  735.0  90  54  63   4.688 150.0  30.0  741
13.250  595.0 -90  54  63   4.688   0.0   0.0  595
13.250  605.0 -90  54  63   4.688   0.0   0.0  613
13.250  705.0 -90  54  63  -4.688   0.0   0.0  718
13.250  720.0 -90  54  63   1.563   0.0   0.0  725
13.250  727.5 -90  54  72   4.688   0.0   0.0  740
13.250  730.0 -90  54  87   4.688   0.0   0.0  724
13.250  732.5 -90  54  84   4.688   0.0   0.0  735
13.250  735.0 -90  54  66   4.688   0.0   0.0  737
13.275  705.0  90  54  69   4.688   0.0   0.0  701
13.275  707.5  90  54  63   4.688   0.0   0.0  710
13.275  710.0  90  54  66   4.688   0.0   0.0  702
13.275  712.5  90  54  63   4.688   0.0   0.0  720
13.275  717.5  90  54  63   4.688   0.0   0.0  725
13.275  725.0  90  54  72   4.688   0.0   0.0  732
13.275  727.5  90  54  69   1.563   0.0   0.0  716
13.275  735.0  90  54  72   4.688   0.0   0.0  742
13.275  737.5  90  54  69   4.688   0.0   0.0  748
13.275  740.0  90  54  63   1.563   0.0   0.0  734
13.275  745.0  90  54  66   4.688   0.0   0.0  734
13.275  747.5  90  54  63   4.688   0.0   0.0  735
13.275  750.0  90  54  66   1.563   0.0   0.0  746
13.275  752.5  90  54  63   4.688  90.0  30.0  747
13.275  755.0  90  54  66   4.688   0.0   0.0  754
13.275  695.0 -90  54  66   1.563   0.0   0.0  693
13.275  697.5 -90  54  63   4.688   0.0   0.0  685
13.275  705.0 -90  54  69   4.688   0.0   0.0  693
13.275  707.5 -90  54  66   4.688   0.0   0.0  702
13.275  710.0 -90  54  69   4.688   0.0   0.0  696
13.275  712.5 -90  54  63   4.688   0.0   0.0  712
13.275  715.0 -90  54  69   4.688   0.0   0.0  724
13.275  717.5 -90  54  66   4.688   0.0   0.0  713
13.275  720.0 -90  54  66   4.688   0.0   0.0  722
13.275  722.5 -90  54  63   1.563   0.0   0.0  737
13.275  725.0 -90  54  75   4.688   0.0   0.0  730
13.275  727.5 -90  54  72   4.688   0.0   0.0  715
13.275  730.0 -90  54  66   4.688   0.0   0.0  727
13.275  732.5 -90  54  63   4.688   0.0   0.0  732
13.275  735.0 -90  54  75   4.688   0.0   0.0  747
13.275  737.5 -90  54  72   4.688   0.0   0.0  744
13.275  740.0 -90  54  66   4.688   0.0   0.0  744
13.275  742.5 -90  54  66   4.688   0.0   0.0  733
13.275  745.0 -90  54  69   4.688   0.0   0.0  757
13.275  747.5 -90  54  69   4.688   0.0   0.0  757
13.275  750.0 -90  54  66   4.688   0.0   0.0  741
13.275  752.5 -90  54  66   4.688   0.0   0.0  752
13.275  755.0 -90  54  69   4.688   0.0   0.0  763
13.275  757.5 -90  54  69   4.688   0.0   0.0  750
13.275  765.0 -90  54  63   4.688   0.0   0.0  754
13.275  767.5 -90  54  63   4.688   0.0   0.0  777
13.300  722.5  90  54  72   4.688   0.0   0.0  730
13.300  730.0  90  54  75   4.688   0.0   0.0  743
13.300  732.5  90  54  81   4.688   0.0   0.0  726
13.300  735.0  90  54  72   4.688   0.0   0.0  740
13.300  722.5 -90  54  69   4.688   0.0   0.0  708
13.300  730.0 -90  54  78   4.688   0.0   0.0  728
13.300  732.5 -90  54  66   4.688 210.0  30.0  726
13.300  735.0 -90  54  78   4.688   0.0   0.0  726
13.325  697.5  90  54  63   4.688   0.0   0.0  690
13.325  707.5  90  54  66   4.688   0.0   0.0  714
13.325  712.5  90  54  66   4.688   0.0   0.0  719
13.325  717.5  90  54  69   4.688   0.0   0.0  705
13.325  720.0  90  54  63   4.688   0.0   0.0  718
13.325  727.5  90  54  66   4.688   0.0   0.0  732
13.325  732.5  90  54  63   4.688   0.0   0.0  729
13.325  735.0  90  54  63   4.688   0.0   0.0  733
13.325  737.5  90  54  72   4.688   0.0   0.0  741
13.325  740.0  90  54  66   4.688  90.0  30.0  745
13.325  742.5  90  54  63   4.688 210.0  30.0  753
13.325  747.5  90  54  66   4.688   0.0   0.0  758
13.325  750.0  90  54  63   4.688   0.0   0.0  764
13.325  752.5  90  54  63   4.688   0.0   0.0  740
13.325  757.5  90  54  66   4.688   0.0   0.0  745
13.325  767.5  90  54  63   4.688   0.0   0.0  774
13.325  712.5 -90  57  66   4.688   0.0   0.0  724
13.325  715.0 -90  57  66   4.688   0.0   0.0  707
13.325  717.5 -90  57  66   4.688   0.0   0.0  729
13.325  720.0 -90  57  66   4.688   0.0   0.0  716
13.325  725.0 -90  57  66   4.688   0.0   0.0  722
13.325  727.5 -90  57  66   4.688   0.0   0.0  717
13.325  730.0 -90  57  66   4.688   0.0   0.0  728
13.325  735.0 -90  57  66   4.688  90.0  30.0  724
13.325  737.5 -90  57  66   4.688   0.0   0.0  745
13.350  722.5  90  54  66   4.688   0.0   0.0  713
13.350  725.0  90  54  72   4.688   0.0   0.0  716
13.350  727.5  90  54  72   4.688   0.0   0.0  730
13.350  730.0  90  54  66   4.688   0.0   0.0  735
13.350  735.0  90  54  72   4.688   0.0   0.0  746
13.350  722.5 -90  54  63   4.688 150.0  30.0  714
13.350  725.0 -90  54  72   4.688   0.0   0.0  717
13.350  727.5 -90  54  72   4.688   0.0   0.0  733
13.350  732.5 -90  54  75   4.688   0.0   0.0  747
13.350  735.0 -90  54  78   4.688   0.0   0.0  732
13.350  737.5 -90  54  63   4.688   0.0   0.0  741
13.375  722.5  90  54  63   1.563   0.0   0.0  734
13.375  730.0  90  54  63   4.688   0.0   0.0  742
13.375  740.0  90  54  63   4.688 210.0  30.0  745
13.375  707.5 -90  54  63   4.688   0.0   0.0  696
13.375  720.0 -90  54  63   4.688   0.0   0.0  732
13.375  722.5 -90  54  63   4.688   0.0   0.0  728
13.375  725.0 -90  54  63   4.688   0.0   0.0  713
13.375  727.5 -90  54  63   4.688   0.0   0.0  739
13.375  730.0 -90  54  69   4.688   0.0   0.0  740
13.375  737.5 -90  54  63   4.688   0.0   0.0  736
13.375  740.0 -90  54  69   4.688   0.0   0.0  739
13.375  742.5 -90  54  63   4.688   0.0   0.0  744
13.375  747.5 -90  54  63   4.688 150.0  30.0  739
13.375  750.0 -90  54  66   4.688   0.0   0.0  758
13.375  752.5 -90  54  63   4.688   0.0   0.0  747
13.400  735.0 -90  54  72   4.688   0.0   0.0  729
13.425  730.0 -90  57  66  -4.688   0.0   0.0  718
13.450  732.5  90  57  66   4.688   0.0   0.0  729
13.450  732.5 -90  60  69   4.688   0.0   0.0  744
13.500  135.0  90  57  66  -4.688   0.0   0.0  129
13.500  290.0  90  57  66   4.688   0.0   0.0  292
13.500  732.5  90  57  66   4.688   0.0   0.0  736
13.500  732.5 -90  57  66   4.688   0.0   0.0  733
13.525  245.0  90  63  72  -1.563 330.0  30.0  231
13.525  865.0  90  63  72   4.688   0.0   0.0  860
13.525 1035.0  90  63  72  -1.563 210.0  30.0 1020
13.575 1282.5  90  78  87  -1.563   0.0   0.0 1297
13.600   80.0  90  81  90   4.688   0.0   0.0   72
13.600  732.5  90  81  90  -1.563   0.0   0.0  724
13.600  735.0  90  81  90   1.563   0.0   0.0  742
13.600  737.5  90  81  90   1.563   0.0   0.0  748
13.600  740.0  90  81  90   1.563   0.0   0.0  752
13.600  742.5  90  81  90   1.563   0.0   0.0  753
13.600  745.0  90  81  90   1.563   0.0   0.0  759
13.625 1265.0 -90  78  87   4.688  30.0  30.0 1253
13.725   95.0  90  63  72  -4.688   0.0   0.0   93
13.750  262.5 -90  57  66   1.563   0.0   0.0  267
13.800  602.5 -90  54  66   4.688   0.0   0.0  600
13.800  605.0 -90  54  66   4.688   0.0   0.0  603
13.825  597.5 -90  51  60   4.688   0.0   0.0  588
13.825  600.0 -90  51  60   4.688   0.0   0.0  593
13.825 1097.5 -90  51  60   1.563   0.0   0.0 1103
13.850  602.5 -90  51  66   4.688   0.0   0.0  597
13.850  605.0 -90  51  66   4.688   0.0   0.0  599
13.900  602.5 -90  51  63   4.688   0.0   0.0  613
14.000 1272.5 -90  51  60   4.688   0.0   0.0 1287
14.175  242.5  90  51  60   1.563   0.0   0.0  246
14.175  157.5 -90  48  57   4.688   0.0   0.0  171
14.175  242.5 -90  48  57   1.563 150.0  30.0  249
14.175  357.5 -90  48  57  -4.688   0.0   0.0  347
14.175 1127.5 -90  48  57  -1.563   0.0   0.0 1133
14.200  242.5 -90  48  60   1.563   0.0   0.0  246
14.200  680.0 -90  48  57  -1.563   0.0   0.0  675
14.225  242.5 -90  51  63  -1.563   0.0   0.0  247
14.250  242.5 -90  51  60   1.563   0.0   0.0  247
14.275  242.5 -90  51  60  -1.563   0.0   0.0  247
14.300  242.5 -90  51  60   1.563   0.0   0.0  247
14.325  242.5 -90  51  60   1.563   0.0   0.0  244
14.350  242.5 -90  51  60   1.563   0.0   0.0  247
14.350  602.5 -90  51  63   4.688   0.0   0.0  607
14.400  242.5  90  51  63  -1.563   0.0   0.0  248
14.400  242.5 -90  51  60  -1.563   0.0   0.0  246
14.400  592.5 -90  51  60   4.688   0.0   0.0  583
14.400  600.0 -90  51  60   4.688   0.0   0.0  604
14.400  602.5 -90  51  66   4.688   0.0   0.0  595
14.425  242.5  90  51  60  -1.563   0.0   0.0  247
14.425  242.5 -90  51  60   1.563   0.0   0.0  244
14.450  242.5  90  51  60   1.563   0.0   0.0  248
14.450  242.5 -90  51  60  -1.563   0.0   0.0  248
14.450  592.5 -90  51  66   4.688   0.0   0.0  582
14.450  595.0 -90  51  66   4.688   0.0   0.0  602
14.450  600.0 -90  51  60   4.688   0.0   0.0  610
14.450  602.5 -90  51  69   4.688   0.0   0.0  596
14.475  242.5  90  51  60  -1.563   0.0   0.0  246
14.475  242.5 -90  51  60   1.563   0.0   0.0  244
14.475  587.5 -90  51  60   4.688   0.0   0.0  577
14.475  590.0 -90  51  60   1.563   0.0   0.0  604
14.475  607.5 -90  51  63   4.688   0.0   0.0  611
14.475  620.0 -90  51  60   4.688   0.0   0.0  618
14.500  242.5  90  51  63  -1.563   0.0   0.0  246
14.500  592.5  90  51  60   4.688  90.0  30.0  599
14.500  602.5  90  51  60   4.688  90.0  30.0  596
14.525  242.5  90  51  60  -1.563   0.0   0.0  248
14.525  472.5 -90  51  60   1.563   0.0   0.0  461
14.525  577.5 -90  51  60   4.688   0.0   0.0  571
14.525  587.5 -90  51  63   4.688   0.0   0.0  579
14.525  590.0 -90  51  60   4.688   0.0   0.0  589
14.525  597.5 -90  51  60   4.688   0.0   0.0  605
14.525  600.0 -90  51  60   4.688   0.0   0.0  598
14.525  605.0 -90  51  60  -4.688   0.0   0.0  599
14.525  607.5 -90  51  66   4.688   0.0   0.0  618
14.525  610.0 -90  51  60   4.688   0.0   0.0  625
14.525  612.5 -90  51  60   4.688   0.0   0.0  606
14.525  627.5 -90  51  60  -4.688   0.0   0.0  626
14.550  592.5  90  51  60   4.688  90.0  30.0  598
14.550  592.5 -90  51  69   4.688   0.0   0.0  589
14.550  595.0 -90  51  66   4.688   0.0   0.0  587
14.550  600.0 -90  51  63   4.688   0.0   0.0  597
14.550  602.5 -90  51  66   4.688   0.0   0.0  595
14.575  242.5  90  54  63  -1.563   0.0   0.0  249
14.575 1120.0  90  54  63  -4.688 210.0  30.0 1111
14.575  597.5 -90  54  63   4.688   0.0   0.0  598
14.600  242.5 -90  51  63   1.563   0.0   0.0  245
14.600  592.5 -90  51  66   4.688   0.0   0.0  584
14.600  595.0 -90  51  63   4.688   0.0   0.0  608
14.600  600.0 -90  51  60   4.688   0.0   0.0  598
14.600  602.5 -90  51  63   4.688   0.0   0.0  603
14.625  242.5  90  51  60   1.563   0.0   0.0  246
14.625  242.5 -90  51  60  -1.563   0.0   0.0  245
14.625  597.5 -90  51  60   4.688   0.0   0.0  593
14.625  625.0 -90  51  60   1.563   0.0   0.0  621
14.625  627.5 -90  51  60  -4.688   0.0   0.0  640
14.650  242.5  90  51  63  -1.563   0.0   0.0  246
14.650  242.5 -90  51  63   1.563   0.0   0.0  249
14.650  592.5 -90  51  63   4.688   0.0   0.0  595
14.675  242.5  90  51  66   1.563   0.0   0.0  249
14.675  245.0  90  51  60   1.563   0.0   0.0  248
14.675  242.5 -90  51  66   1.563   0.0   0.0  246
14.675  605.0 -90  51  60   4.688   0.0   0.0  614
14.675  907.5 -90  51  60  -4.688   0.0   0.0  915
14.700  242.5  90  51  63  -1.563   0.0   0.0  246
14.700   97.5 -90  51  60  -1.563   0.0   0.0   85
14.700  242.5 -90  51  66   1.563   0.0   0.0  247
14.725  242.5  90  54  66  -1.563   0.0   0.0  247
14.725  242.5 -90  54  69  -1.563   0.0   0.0  244
14.750  242.5  90  54  69   1.563   0.0   0.0  247
14.750  242.5 -90  54  69  -1.563   0.0   0.0  246
14.775  242.5  90  51  66   1.563   0.0   0.0  247
14.775  242.5 -90  51  69  -1.563   0.0   0.0  247
14.800  130.0  90  51  60  -4.688   0.0   0.0  144
14.800  227.5  90  51  60   1.563   0.0   0.0  213
14.800  242.5  90  51  63  -1.563   0.0   0.0  249
14.800  565.0  90  51  60  -4.688   0.0   0.0  560
14.800 1055.0  90  51  60   1.563   0.0   0.0 1069
14.800  240.0 -90  51  63   1.563   0.0   0.0  246
14.800  242.5 -90  51  69   1.563   0.0   0.0  245
14.800  872.5 -90  51  60   1.563   0.0   0.0  867
14.825  242.5  90  54  66  -1.563   0.0   0.0  245
14.825  242.5 -90  57  72   1.563   0.0   0.0  247
14.850  242.5  90  54  63  -1.563   0.0   0.0  247
14.850  242.5 -90  57  72   1.563   0.0   0.0  246
14.850 1075.0 -90  57  66  -4.688 210.0  30.0 1064
14.850 1077.5 -90  57  69  -4.688 210.0  30.0 1080
14.850 1080.0 -90  57  66  -4.688 210.0  30.0 1085
14.850 1082.5 -90  57  66  -1.563 210.0  30.0 1090
14.850 1105.0 -90  57  66  -4.688 210.0  30.0 1109
14.850 1107.5 -90  57  66  -4.688 210.0  30.0 1105
14.850 1110.0 -90  57  66   4.688 210.0  30.0 1113
14.850 1112.5 -90  57  66  -4.688 210.0  30.0 1103
14.850 1265.0 -90  57  66   1.563 210.0  30.0 1258
14.850 1267.5 -90  57  66   1.563 210.0  30.0 1263
14.850 1270.0 -90  57  69   1.563 210.0  30.0 1266
14.850 1272.5 -90  57  69   1.563 210.0  30.0 1267
14.850 1275.0 -90  57  69   1.563 210.0  30.0 1264
14.850 1277.5 -90  57  69   1.563 210.0  30.0 1288
14.850 1280.0 -90  57  69   1.563 210.0  30.0 1284
14.850 1282.5 -90  57  66   1.563 210.0  30.0 1287
14.875 1062.5  90  54  63   4.688   0.0   0.0 1053
14.875  125.0 -90  57  66  -4.688 210.0  30.0  130
14.875  127.5 -90  57  66   4.688 210.0  30.0  141
14.875  130.0 -90  57  66   4.688 210.0  30.0  144
14.875  132.5 -90  57  66   4.688 150.0  30.0  125
14.875  242.5 -90  57  72   1.563   0.0   0.0  247
14.875 1280.0 -90  57  66  -4.688 210.0  30.0 1292
14.900  240.0 -90  57  66   1.563 210.0  30.0  250
14.900  242.5 -90  57  72   1.563   0.0   0.0  246
14.900  600.0 -90  57  66   4.688 210.0  30.0  594
14.900  602.5 -90  57  66   4.688 210.0  30.0  596
14.900 1275.0 -90  57  66   4.688 210.0  30.0 1276
14.925   90.0 -90  60  69  -1.563 210.0  30.0  104
14.925   92.5 -90  60  69  -4.688 210.0  30.0   78
14.925  242.5 -90  60  72   1.563   0.0   0.0  246
14.925  850.0 -90  60  69   4.688 210.0  30.0  864
14.925 1170.0 -90  60  69  -1.563 210.0  30.0 1172
14.925 1245.0 -90  60  69   4.688 210.0  30.0 1241
14.925 1260.0 -90  60  69  -1.563 210.0  30.0 1273
14.925 1262.5 -90  60  69  -1.563 210.0  30.0 1277
14.950  242.5  90  57  66   1.563   0.0   0.0  245
14.950   90.0 -90  57  66  -1.563 210.0  30.0   84
14.950  107.5 -90  57  66  -1.563 210.0  30.0  112
14.950  110.0 -90  57  66  -1.563 210.0  30.0  115
14.950  112.5 -90  57  66  -1.563 210.0  30.0  122
14.950  205.0 -90  57  66  -1.563 210.0  30.0  202
14.950  242.5 -90  57  72   1.563   0.0   0.0  246
14.950 1112.5 -90  57  66  -4.688 210.0  30.0 1101
14.950 1117.5 -90  57  66  -4.688 210.0  30.0 1121
14.975  242.5  90  54  69  -1.563   0.0   0.0  245
14.975   80.0 -90  54  63   1.563 270.0  30.0   89
14.975  242.5 -90  54  69  -1.563   0.0   0.0  247
14.975  647.5 -90  54  63   1.563   0.0   0.0  651
15.000  242.5  90  54  69   1.563   0.0   0.0  246
15.000  242.5 -90  54  69   1.563   0.0   0.0  246
15.025  242.5  90  54  69   1.563   0.0   0.0  247
15.025  242.5 -90  54  69  -1.563   0.0   0.0  246
15.050  242.5  90  54  72   1.563   0.0   0.0  248
15.050  695.0  90  54  63  -1.563   0.0   0.0  700
15.050  242.5 -90  54  69   1.563   0.0   0.0  247
15.075  242.5  90  63  72   1.563   0.0   0.0  246
15.075  595.0  90  63  72  -1.563   0.0   0.0  599
15.075  600.0  90  63  72  -1.563   0.0   0.0  599
15.075  602.5  90  63  72  -4.688   0.0   0.0  611
15.075  605.0  90  63  72   4.688   0.0   0.0  620
15.075  620.0  90  63  72  -4.688   0.0   0.0  629
15.075  622.5  90  63  72  -4.688   0.0   0.0  631
15.075  625.0  90  63  72   1.563   0.0   0.0  615
15.075 1265.0  90  63  72   4.688   0.0   0.0 1273
15.075   80.0 -90  60  69  -4.688   0.0   0.0   79
15.075   82.5 -90  60  69  -1.563   0.0   0.0   83
15.075   85.0 -90  60  69  -1.563   0.0   0.0   77
15.075   87.5 -90  60  69  -1.563   0.0   0.0   96
15.075  242.5 -90  60  69  -1.563 210.0  30.0  246
15.100  102.5  90  66  75   1.563   0.0   0.0   91
15.100  110.0  90  66  75   1.563   0.0   0.0  109
15.100  597.5  90  66  75   1.563   0.0   0.0  593
15.100  780.0  90  66  75  -1.563   0.0   0.0  771
15.100  795.0  90  66  75  -4.688   0.0   0.0  805
15.100  797.5  90  66  75  -4.688   0.0   0.0  810
15.100  802.5  90  66  75  -4.688   0.0   0.0  810
15.100  837.5  90  66  75  -4.688   0.0   0.0  846
15.100 1160.0 -90  66  75   4.688   0.0   0.0 1153
15.100 1180.0 -90  66  75  -4.688   0.0   0.0 1168
15.100 1195.0 -90  66  75   4.688   0.0   0.0 1185
15.100 1220.0 -90  66  75  -4.688   0.0   0.0 1206
15.100 1240.0 -90  66  75  -4.688   0.0   0.0 1244
15.150  242.5  90  57  69  -1.563   0.0   0.0  246
15.150  242.5 -90  57  69   1.563 210.0  30.0  247
15.175  242.5  90  54  69   1.563   0.0   0.0  247
15.175  177.5 -90  54  63   4.688   0.0   0.0  173
15.175  242.5 -90  54  66   1.563 210.0  30.0  245
15.175  625.0 -90  54  63   4.688   0.0   0.0  638
15.200  242.5  90  57  69   1.563   0.0   0.0  246
15.225  242.5  90  57  69   1.563   0.0   0.0  247
15.250  242.5  90  60  69   1.563   0.0   0.0  247
15.350  722.5 -90  78  87  -1.563 330.0  30.0  709
15.350  725.0 -90  78  87  -1.563 330.0  30.0  737
15.400  242.5  90  57  69   1.563   0.0   0.0  245
15.425  242.5  90  57  66   1.563   0.0   0.0  244
15.450  242.5  90  57  66   1.563   0.0   0.0  250
15.475  242.5  90  54  63   1.563   0.0   0.0  246
15.500  242.5  90  54  66   1.563   0.0   0.0  246
15.525  242.5  90  54  63  -1.563   0.0   0.0  246
15.550  242.5  90  57  66   1.563   0.0   0.0  246
15.625  242.5  90  66  75   1.563   0.0   0.0  247
15.675  242.5  90  48  57   1.563   0.0   0.0  249
15.675  627.5 -90  48  57  -1.563   0.0   0.0  613
15.700  242.5  90  48  57   1.563   0.0   0.0  247
15.725  242.5  90  36  48  -1.563   0.0   0.0  249
15.775 1077.5  90  36  45   4.688   0.0   0.0 1063
15.800 1057.5  90  36  45   4.688   0.0   0.0 1055
15.825   87.5  90  36  45  -4.688   0.0   0.0   74
15.850 1030.0  90  36  45   1.563   0.0   0.0 1044
15.875  177.5  90  36  45  -1.563   0.0   0.0  165
15.875  705.0  90  36  45   1.563   0.0   0.0  703
15.900  242.5  90  39  48  -1.563   0.0   0.0  250
15.925  242.5  90  36  45  -1.563   0.0   0.0  249
15.925  865.0  90  36  45  -4.688   0.0   0.0  873
15.925 1097.5  90  36  45   4.688   0.0   0.0 1109
15.925  962.5 -90  36  45   4.688   0.0   0.0  951
15.950  367.5 -90  36  45  -1.563   0.0   0.0  364
15.950  717.5 -90  36  45   1.563   0.0   0.0  728
15.950 1092.5 -90  36  45   4.688   0.0   0.0 1098
15.975  117.5  90  36  45  -4.688   0.0   0.0  125
15.975  242.5  90  36  45   1.563   0.0   0.0  248
15.975  572.5  90  36  45  -4.688   0.0   0.0  581
15.975  665.0  90  36  45   4.688   0.0   0.0  672
