2024.06.28 (180) 00:00:00.000
Station name: Pruhonice
URSI code: PQ052
Ionosonde model: DPS-4D
  Freq  Range Pol MPA Amp Doppler    Az    Zn  PGH
 1.150  105.0  90  57  69   0.781   0.0   0.0  104
 1.250  102.5  90  54  66  -0.781   0.0   0.0  104
 1.250  105.0  90  54  69   0.781   0.0   0.0  105
 1.250  107.5  90  54  63   0.781 210.0  30.0  105
 1.350  105.0  90  54  66   0.781   0.0   0.0  106
 1.350  107.5  90  54  66  -0.781 330.0  30.0  106
 1.400  105.0  90  57  66  -0.781   0.0   0.0  102
 1.500  110.0  90  57  66   0.781 330.0  30.0  108
 1.500  112.5  90  57  66   0.781 330.0  30.0  111
 1.500  115.0  90  57  69  -0.781   0.0   0.0  113
 1.500  290.0  90  57  66   0.781 330.0  30.0  288
 1.550  107.5  90  54  63   0.781   0.0   0.0  105
 1.550  110.0  90  54  63   0.781 330.0  30.0  115
 1.550  112.5  90  54  69   0.781 330.0  30.0  113
 1.550  292.5  90  54  63  -0.781 270.0  30.0  291
 1.550  457.5  90  54  63   0.781 210.0  30.0  456
 1.550  460.0  90  54  63   0.781   0.0   0.0  459
 1.550  467.5  90  54  63  -0.781   0.0   0.0  468
 1.600  105.0  90  48  63   0.781 330.0  30.0  102
 1.600  107.5  90  48  57   0.781 330.0  30.0  107
 1.600  110.0  90  48  60   0.781 330.0  30.0  107
 1.600  112.5  90  48  57  -0.781 270.0  30.0  108
 1.600  115.0  90  48  63   0.781 330.0  30.0  113
 1.600  117.5  90  48  60   0.781 330.0  30.0  114
 1.600  127.5  90  48  57   0.781 330.0  30.0  128
 1.600  135.0  90  48  60   0.781   0.0   0.0  134
 1.600  292.5  90  48  57  -0.781   0.0   0.0  289
 1.600  460.0  90  48  60   0.781 210.0  30.0  459
 1.600  462.5  90  48  57   0.781 210.0  30.0  460
 1.600  467.5  90  48  60  -0.781   0.0   0.0  468
 1.600  470.0  90  48  57  -0.781   0.0   0.0  469
 1.600  472.5  90  48  60  -0.781   0.0   0.0  473
 1.600  582.5  90  48  57  -0.781   0.0   0.0  582
 1.650  102.5  90  45  60  -0.781   0.0   0.0  103
 1.650  105.0  90  45  66  -0.781   0.0   0.0  103
 1.650  107.5  90  45  57   0.781 330.0  30.0  107
 1.650  110.0  90  45  54   0.781 270.0  30.0  105
 1.650  112.5  90  45  57  -0.781   0.0   0.0  111
 1.650  115.0  90  45  63   0.781   0.0   0.0  113
 1.650  125.0  90  45  57   0.781 330.0  30.0  125
 1.650  127.5  90  45  54   0.781 330.0  30.0  126
 1.650  132.5  90  45  54   0.781 330.0  30.0  128
 1.650  292.5  90  45  60  -0.781   0.0   0.0  292
 1.650  295.0  90  45  57  -0.781   0.0   0.0  293
 1.650  447.5  90  45  54   3.906   0.0   0.0  442
 1.650  450.0  90  45  54   0.781 150.0  30.0  457
 1.650  460.0  90  45  57   0.781 210.0  30.0  459
 1.650  462.5  90  45  60   0.781 210.0  30.0  463
 1.650  467.5  90  45  54   0.781 210.0  30.0  466
 1.650  470.0  90  45  60  -0.781   0.0   0.0  470
 1.650  472.5  90  45  54  -0.781   0.0   0.0  471
 1.650  475.0  90  45  54  -0.781 150.0  30.0  468
 1.650  502.5  90  45  54  -2.344 210.0  30.0  491
 1.650  585.0  90  45  54  -0.781   0.0   0.0  583
 1.700  102.5  90  39  63   0.781   0.0   0.0  103
 1.700  105.0  90  39  66   0.781   0.0   0.0  103
 1.700  112.5  90  39  60  -0.781   0.0   0.0  112
 1.700  115.0  90  39  51  -0.781 210.0  30.0  111
 1.700  117.5  90  39  57  -0.781   0.0   0.0  118
 1.700  120.0  90  39  60   0.781 330.0  30.0  119
 1.700  122.5  90  39  60   0.781 330.0  30.0  120
 1.700  127.5  90  39  51   0.781   0.0   0.0  124
 1.700  130.0  90  39  48   0.781 330.0  30.0  125
 1.700  135.0  90  39  54   0.781 330.0  30.0  134
 1.700  137.5  90  39  54   0.781   0.0   0.0  137
 1.700  140.0  90  39  48   0.781 330.0  30.0  137
 1.700  162.5  90  39  51  -0.781 150.0  30.0  163
 1.700  227.5  90  39  48  -0.781  30.0  30.0  229
 1.700  292.5  90  39  57  -0.781   0.0   0.0  294
 1.700  295.0  90  39  63  -0.781   0.0   0.0  294
 1.700  297.5  90  39  57  -0.781 270.0  30.0  297
 1.700  300.0  90  39  54  -0.781   0.0   0.0  299
 1.700  302.5  90  39  48  -0.781   0.0   0.0  301
 1.700  307.5  90  39  48  -0.781   0.0   0.0  306
 1.700  410.0  90  39  48  -0.781   0.0   0.0  410
 1.700  462.5  90  39  51   0.781   0.0   0.0  464
 1.700  465.0  90  39  60   0.781 210.0  30.0  464
 1.700  467.5  90  39  51   0.781 210.0  30.0  467
 1.700  470.0  90  39  60  -0.781 210.0  30.0  468
 1.700  472.5  90  39  60  -0.781   0.0   0.0  471
 1.700  475.0  90  39  60  -0.781 210.0  30.0  473
 1.700  477.5  90  39  48  -0.781 330.0  30.0  480
 1.700  480.0  90  39  48  -0.781 150.0  30.0  480
 1.700  482.5  90  39  48  -0.781 270.0  30.0  480
 1.700  485.0  90  39  48  -0.781 270.0  30.0  484
 1.700  487.5  90  39  48  -0.781 210.0  30.0  488
 1.700  582.5  90  39  48   0.781   0.0   0.0  581
 1.700  585.0  90  39  54  -0.781   0.0   0.0  586
 1.700  587.5  90  39  48  -0.781 150.0  30.0  587
 1.700  590.0  90  39  54  -0.781   0.0   0.0  590
 1.700  657.5  90  39  48  -0.781   0.0   0.0  655
 1.700  877.5  90  39  48  -0.781 210.0  30.0  878
 1.700  120.0 -90  36  45   0.781   0.0   0.0  119
 1.750  102.5  90  39  57   0.781 330.0  30.0  104
 1.750  105.0  90  39  69   0.781   0.0   0.0  104
 1.750  107.5  90  39  63   0.781 330.0  30.0  106
 1.750  110.0  90  39  63   0.781 330.0  30.0  108
 1.750  112.5  90  39  63   0.781 270.0  30.0  112
 1.750  115.0  90  39  60   0.781 330.0  30.0  113
 1.750  117.5  90  39  60   0.781 330.0  30.0  117
 1.750  122.5  90  39  60   0.781 330.0  30.0  119
 1.750  125.0  90  39  57   0.781 330.0  30.0  123
 1.750  127.5  90  39  57   0.781 330.0  30.0  126
 1.750  130.0  90  39  60   0.781 330.0  30.0  129
 1.750  132.5  90  39  54   0.781 330.0  30.0  130
 1.750  135.0  90  39  51   0.781 330.0  30.0  131
 1.750  137.5  90  39  54   0.781 270.0  30.0  137
 1.750  140.0  90  39  48   0.781 330.0  30.0  137
 1.750  142.5  90  39  51   0.781 330.0  30.0  140
 1.750  145.0  90  39  48   0.781 330.0  30.0  141
 1.750  295.0  90  39  63  -0.781   0.0   0.0  295
 1.750  297.5  90  39  51  -0.781 330.0  30.0  295
 1.750  300.0  90  39  57  -0.781   0.0   0.0  299
 1.750  305.0  90  39  48   0.781 270.0  30.0  302
 1.750  465.0  90  39  51   0.781 210.0  30.0  466
 1.750  467.5  90  39  57   0.781 210.0  30.0  466
 1.750  470.0  90  39  51   0.781 270.0  30.0  470
 1.750  472.5  90  39  57  -0.781   0.0   0.0  472
 1.750  475.0  90  39  54  -0.781   0.0   0.0  474
 1.750  477.5  90  39  57  -0.781   0.0   0.0  477
 1.750  480.0  90  39  51  -0.781   0.0   0.0  479
 1.750  482.5  90  39  51   0.781   0.0   0.0  482
 1.750  485.0  90  39  54  -0.781   0.0   0.0  485
 1.750  487.5  90  39  51  -0.781   0.0   0.0  488
 1.750  490.0  90  39  48  -0.781   0.0   0.0  492
 1.750  575.0  90  39  48  -0.781   0.0   0.0  574
 1.750  577.5  90  39  48   0.781   0.0   0.0  575
 1.750  587.5  90  39  54  -0.781   0.0   0.0  586
 1.750  590.0  90  39  51  -0.781   0.0   0.0  590
 1.750  592.5  90  39  48  -0.781 330.0  30.0  591
 1.750  662.5  90  39  48  -0.781 330.0  30.0  663
 1.750  665.0  90  39  48  -0.781 210.0  30.0  664
 1.750  700.0  90  39  48  -0.781   0.0   0.0  699
 1.750  105.0 -90  36  45   0.781 150.0  30.0  104
 1.750  107.5 -90  36  48   0.781   0.0   0.0  107
 1.750  110.0 -90  36  51   0.781   0.0   0.0  109
 1.750  112.5 -90  36  45  -0.781 270.0  30.0  111
 1.800  102.5  90  39  60   0.781 330.0  30.0  103
 1.800  105.0  90  39  66   0.781   0.0   0.0  103
 1.800  107.5  90  39  66   0.781 330.0  30.0  106
 1.800  110.0  90  39  63   0.781 330.0  30.0  108
 1.800  112.5  90  39  57   0.781   0.0   0.0  109
 1.800  115.0  90  39  60   0.781 330.0  30.0  113
 1.800  117.5  90  39  60  -0.781 330.0  30.0  117
 1.800  120.0  90  39  66   0.781 330.0  30.0  118
 1.800  122.5  90  39  57   0.781 330.0  30.0  118
 1.800  125.0  90  39  57   0.781 330.0  30.0  123
 1.800  130.0  90  39  57   0.781 330.0  30.0  129
 1.800  132.5  90  39  51   0.781 330.0  30.0  131
 1.800  135.0  90  39  51   0.781 330.0  30.0  134
 1.800  137.5  90  39  54   0.781 330.0  30.0  140
 1.800  140.0  90  39  54   0.781 330.0  30.0  139
 1.800  142.5  90  39  48   0.781 330.0  30.0  139
 1.800  145.0  90  39  48   0.781 330.0  30.0  146
 1.800  150.0  90  39  48   0.781 330.0  30.0  148
 1.800  155.0  90  39  51   0.781 330.0  30.0  153
 1.800  157.5  90  39  48   0.781 330.0  30.0  155
 1.800  160.0  90  39  48   0.781 330.0  30.0  159
 1.800  162.5  90  39  48   0.781 330.0  30.0  162
 1.800  165.0  90  39  48   0.781 330.0  30.0  162
 1.800  177.5  90  39  48   0.781 330.0  30.0  173
 1.800  220.0  90  39  48   0.781 330.0  30.0  219
 1.800  222.5  90  39  48   0.781  30.0  30.0  221
 1.800  257.5  90  39  48   0.781  30.0  30.0  254
 1.800  280.0  90  39  48  -0.781 270.0  30.0  276
 1.800  285.0  90  39  48  -0.781   0.0   0.0  281
 1.800  295.0  90  39  60  -0.781   0.0   0.0  295
 1.800  297.5  90  39  51  -0.781 150.0  30.0  294
 1.800  300.0  90  39  57  -0.781   0.0   0.0  299
 1.800  302.5  90  39  51  -0.781   0.0   0.0  303
 1.800  305.0  90  39  48  -0.781 330.0  30.0  303
 1.800  307.5  90  39  51  -0.781 330.0  30.0  304
 1.800  412.5  90  39  48  -0.781   0.0   0.0  409
 1.800  470.0  90  39  51   0.781 210.0  30.0  471
 1.800  472.5  90  39  57   0.781   0.0   0.0  472
 1.800  475.0  90  39  63  -0.781   0.0   0.0  475
 1.800  477.5  90  39  60  -0.781   0.0   0.0  476
 1.800  480.0  90  39  57  -0.781   0.0   0.0  479
 1.800  482.5  90  39  51  -0.781   0.0   0.0  483
 1.800  485.0  90  39  51  -0.781 330.0  30.0  485
 1.800  490.0  90  39  51  -0.781   0.0   0.0  491
 1.800  587.5  90  39  54  -0.781 210.0  30.0  588
 1.800  590.0  90  39  51  -0.781   0.0   0.0  590
 1.800  592.5  90  39  54  -0.781   0.0   0.0  592
 1.800  595.0  90  39  51  -0.781   0.0   0.0  595
 1.800  700.0  90  39  51  -0.781   0.0   0.0  700
 1.800  775.0  90  39  51  -0.781   0.0   0.0  775
 1.800  882.5  90  39  48  -0.781   0.0   0.0  881
 1.800  105.0 -90  36  48  -0.781 210.0  30.0  104
 1.800  107.5 -90  36  45  -0.781 150.0  30.0  107
 1.800  110.0 -90  36  57   0.781   0.0   0.0  110
 1.800  112.5 -90  36  51   0.781   0.0   0.0  111
 1.800  115.0 -90  36  51  -0.781   0.0   0.0  116
 1.800  117.5 -90  36  51   0.781 330.0  30.0  115
 1.850   85.0  90  45  54  -0.781 330.0  30.0   77
 1.850   87.5  90  45  54  -0.781 330.0  30.0   80
 1.850   97.5  90  45  54  -0.781 270.0  30.0   92
 1.850  102.5  90  45  63   0.781 330.0  30.0  104
 1.850  105.0  90  45  72   0.781   0.0   0.0  104
 1.850  107.5  90  45  63   0.781 330.0  30.0  106
 1.850  110.0  90  45  60   0.781 330.0  30.0  106
 1.850  112.5  90  45  57  -0.781   0.0   0.0  111
 1.850  115.0  90  45  57   0.781   0.0   0.0  114
 1.850  117.5  90  45  60   0.781   0.0   0.0  114
 1.850  122.5  90  45  54   0.781 330.0  30.0  123
 1.850  125.0  90  45  63   0.781 330.0  30.0  124
 1.850  127.5  90  45  63   0.781 330.0  30.0  125
 1.850  130.0  90  45  57   0.781 330.0  30.0  125
 1.850  137.5  90  45  60   0.781 330.0  30.0  137
 1.850  140.0  90  45  54   0.781 330.0  30.0  139
 1.850  297.5  90  45  66  -0.781   0.0   0.0  297
 1.850  300.0  90  45  63  -0.781   0.0   0.0  299
 1.850  302.5  90  45  60  -0.781   0.0   0.0  301
 1.850  305.0  90  45  54  -0.781   0.0   0.0  304
 1.850  412.5  90  45  54  -0.781   0.0   0.0  412
 1.850  475.0  90  45  57  -0.781   0.0   0.0  474
 1.850  477.5  90  45  66  -0.781   0.0   0.0  477
 1.850  480.0  90  45  63  -0.781   0.0   0.0  479
 1.850  595.0  90  45  54  -0.781   0.0   0.0  593
 1.850  597.5  90  45  54  -0.781   0.0   0.0  599
 1.850  702.5  90  45  54  -0.781   0.0   0.0  702
 1.850  705.0  90  45  54  -0.781   0.0   0.0  704
 1.850  775.0  90  45  54  -0.781   0.0   0.0  777
 1.850  777.5  90  45  54  -0.781   0.0   0.0  778
 1.850  885.0  90  45  54  -0.781   0.0   0.0  885
 1.850   87.5 -90  39  48  -0.781   0.0   0.0   86
 1.850  102.5 -90  39  48  -0.781  30.0  30.0  108
 1.850  107.5 -90  39  54  -0.781   0.0   0.0  106
 1.850  110.0 -90  39  54   0.781 330.0  30.0  109
 1.850  112.5 -90  39  51   0.781   0.0   0.0  109
 1.850  115.0 -90  39  51   0.781   0.0   0.0  115
 1.850  117.5 -90  39  54   0.781   0.0   0.0  116
 1.850  122.5 -90  39  48   0.781 330.0  30.0  120
 1.850  125.0 -90  39  48   0.781 330.0  30.0  124
 1.850  127.5 -90  39  48   0.781 270.0  30.0  125
 1.900  102.5  90  42  60   0.781 330.0  30.0  103
 1.900  105.0  90  42  66   0.781 330.0  30.0  102
 1.900  107.5  90  42  69   0.781 330.0  30.0  106
 1.900  110.0  90  42  69   0.781 330.0  30.0  108
 1.900  112.5  90  42  69   0.781 330.0  30.0  111
 1.900  115.0  90  42  63   0.781 330.0  30.0  113
 1.900  117.5  90  42  57   0.781 330.0  30.0  115
 1.900  120.0  90  42  57   0.781 330.0  30.0  123
 1.900  122.5  90  42  54   0.781 270.0  30.0  120
 1.900  125.0  90  42  54   0.781 330.0  30.0  123
 1.900  127.5  90  42  63   0.781 330.0  30.0  126
 1.900  130.0  90  42  54   0.781 330.0  30.0  125
 1.900  132.5  90  42  51  -0.781 330.0  30.0  131
 1.900  140.0  90  42  57   0.781 330.0  30.0  138
 1.900  145.0  90  42  51   0.781 330.0  30.0  142
 1.900  147.5  90  42  51   0.781 330.0  30.0  142
 1.900  150.0  90  42  51   0.781 330.0  30.0  148
 1.900  152.5  90  42  51   0.781 330.0  30.0  149
 1.900  165.0  90  42  51   0.781 330.0  30.0  163
 1.900  210.0  90  42  51  -0.781   0.0   0.0  210
 1.900  230.0  90  42  51  -0.781 330.0  30.0  228
 1.900  297.5  90  42  63  -0.781   0.0   0.0  298
 1.900  300.0  90  42  66  -0.781   0.0   0.0  300
 1.900  302.5  90  42  51  -0.781 150.0  30.0  301
 1.900  305.0  90  42  54  -0.781 330.0  30.0  304
 1.900  312.5  90  42  51  -0.781   0.0   0.0  310
 1.900  410.0  90  42  51  -0.781   0.0   0.0  409
 1.900  477.5  90  42  51   0.781   0.0   0.0  479
 1.900  480.0  90  42  63  -0.781   0.0   0.0  480
 1.900  482.5  90  42  63  -0.781   0.0   0.0  482
 1.900  485.0  90  42  60  -0.781   0.0   0.0  484
 1.900  487.5  90  42  51  -0.781   0.0   0.0  488
 1.900  490.0  90  42  57  -0.781   0.0   0.0  489
 1.900  492.5  90  42  51  -0.781 330.0  30.0  492
 1.900  590.0  90  42  54  -0.781   0.0   0.0  591
 1.900  592.5  90  42  51   0.781   0.0   0.0  589
 1.900  595.0  90  42  60  -0.781   0.0   0.0  594
 1.900  597.5  90  42  57  -0.781   0.0   0.0  598
 1.900  602.5  90  42  51  -0.781   0.0   0.0  604
 1.900  672.5  90  42  51  -0.781   0.0   0.0  671
 1.900  705.0  90  42  51  -0.781   0.0   0.0  706
 1.900  780.0  90  42  51  -0.781   0.0   0.0  783
 1.900  795.0  90  42  51  -2.344   0.0   0.0  793
 1.900  802.5  90  42  51  -5.469 150.0  30.0  788
 1.900  810.0  90  42  51  -5.469 150.0  30.0  798
 1.900  815.0  90  42  51   5.469 150.0  30.0  819
 1.900  822.5  90  42  51  -3.906 150.0  30.0  828
 1.900  830.0  90  42  51  -0.781 150.0  30.0  832
 1.900  847.5  90  42  51   5.469 210.0  30.0  852
 1.900  857.5  90  42  51  -2.344 150.0  30.0  856
 1.900  865.0  90  42  51  -2.344 210.0  30.0  853
 1.900  890.0  90  42  51  -0.781   0.0   0.0  889
 1.900  892.5  90  42  51   0.781 150.0  30.0  887
 1.900  942.5  90  42  51   0.781 150.0  30.0  946
 1.900  970.0  90  42  51   3.906 210.0  30.0  957
 1.900  102.5 -90  36  45   0.781   0.0   0.0  103
 1.900  105.0 -90  36  60   0.781   0.0   0.0  105
 1.900  107.5 -90  36  60   0.781   0.0   0.0  106
 1.900  110.0 -90  36  57   0.781 330.0  30.0  109
 1.900  112.5 -90  36  51   0.781   0.0   0.0  111
 1.900  115.0 -90  36  48   0.781 270.0  30.0  116
 1.900  117.5 -90  36  45   0.781   0.0   0.0  113
 1.900  122.5 -90  36  48   0.781  30.0  30.0  122
 1.900  125.0 -90  36  45   0.781 330.0  30.0  121
 1.900  127.5 -90  36  51   0.781 330.0  30.0  127
 1.900  130.0 -90  36  45   0.781 330.0  30.0  126
 1.900  135.0 -90  36  48   0.781 330.0  30.0  134
 1.900  137.5 -90  36  48   0.781 330.0  30.0  135
 1.900  217.5 -90  36  45   0.781   0.0   0.0  213
 1.950  102.5  90  39  57   0.781 330.0  30.0  103
 1.950  105.0  90  39  66   0.781 330.0  30.0  103
 1.950  107.5  90  39  54   0.781 330.0  30.0  108
 1.950  110.0  90  39  63   0.781 330.0  30.0  108
 1.950  112.5  90  39  63   0.781 330.0  30.0  111
 1.950  115.0  90  39  60   0.781 330.0  30.0  112
 1.950  117.5  90  39  51   0.781  30.0  30.0  113
 1.950  120.0  90  39  51  -0.781 330.0  30.0  122
 1.950  122.5  90  39  60   0.781 330.0  30.0  121
 1.950  125.0  90  39  60   0.781 330.0  30.0  123
 1.950  127.5  90  39  54   0.781 330.0  30.0  126
 1.950  130.0  90  39  57   0.781 330.0  30.0  128
 1.950  132.5  90  39  51   0.781 330.0  30.0  130
 1.950  135.0  90  39  57   0.781 330.0  30.0  134
 1.950  137.5  90  39  48   0.781 330.0  30.0  136
 1.950  140.0  90  39  57   0.781 330.0  30.0  137
 1.950  142.5  90  39  54   0.781 330.0  30.0  141
 1.950  147.5  90  39  54   0.781 330.0  30.0  146
 1.950  150.0  90  39  54   0.781 330.0  30.0  147
 1.950  152.5  90  39  54   0.781 330.0  30.0  151
 1.950  155.0  90  39  48   0.781 330.0  30.0  153
 1.950  165.0  90  39  48   0.781 330.0  30.0  160
 1.950  210.0  90  39  48   0.781 330.0  30.0  209
 1.950  245.0  90  39  48  -0.781   0.0   0.0  242
 1.950  297.5  90  39  57  -0.781   0.0   0.0  299
 1.950  300.0  90  39  69  -0.781   0.0   0.0  300
 1.950  302.5  90  39  60  -0.781   0.0   0.0  302
 1.950  305.0  90  39  54  -0.781 330.0  30.0  302
 1.950  307.5  90  39  51  -0.781   0.0   0.0  306
 1.950  312.5  90  39  51  -0.781 330.0  30.0  312
 1.950  315.0  90  39  51  -0.781 330.0  30.0  315
 1.950  320.0  90  39  48   0.781   0.0   0.0  321
 1.950  407.5  90  39  48  -0.781 330.0  30.0  405
 1.950  415.0  90  39  48  -0.781   0.0   0.0  413
 1.950  475.0  90  39  48   0.781   0.0   0.0  475
 1.950  477.5  90  39  51   0.781 210.0  30.0  476
 1.950  480.0  90  39  51   0.781   0.0   0.0  478
 1.950  482.5  90  39  54  -0.781   0.0   0.0  481
 1.950  485.0  90  39  54  -0.781   0.0   0.0  484
 1.950  487.5  90  39  48  -0.781   0.0   0.0  484
 1.950  490.0  90  39  54  -0.781 270.0  30.0  490
 1.950  492.5  90  39  57  -0.781   0.0   0.0  492
 1.950  497.5  90  39  54  -0.781   0.0   0.0  497
 1.950  502.5  90  39  51  -0.781   0.0   0.0  502
 1.950  507.5  90  39  51  -0.781 270.0  30.0  508
 1.950  510.0  90  39  51  -0.781   0.0   0.0  509
 1.950  520.0  90  39  48  -0.781 330.0  30.0  519
 1.950  592.5  90  39  51   0.781   0.0   0.0  591
 1.950  595.0  90  39  66  -0.781   0.0   0.0  595
 1.950  597.5  90  39  63  -0.781   0.0   0.0  597
 1.950  600.0  90  39  54  -0.781   0.0   0.0  599
 1.950  602.5  90  39  54  -0.781   0.0   0.0  601
 1.950  605.0  90  39  48  -0.781 330.0  30.0  602
 1.950  607.5  90  39  48  -0.781 270.0  30.0  606
 1.950  672.5  90  39  48  -0.781   0.0   0.0  675
 1.950  675.0  90  39  48  -0.781   0.0   0.0  674
 1.950  680.0  90  39  48  -0.781   0.0   0.0  679
 1.950  705.0  90  39  48  -0.781 210.0  30.0  704
 1.950  712.5  90  39  51  -0.781   0.0   0.0  712
 1.950  782.5  90  39  48  -0.781   0.0   0.0  782
 1.950  890.0  90  39  48  -0.781   0.0   0.0  892
 1.950  892.5  90  39  51  -0.781   0.0   0.0  893
 1.950  895.0  90  39  51  -0.781   0.0   0.0  895
 1.950  102.5 -90  36  45   0.781   0.0   0.0  103
 1.950  105.0 -90  36  60  -0.781   0.0   0.0  105
 1.950  107.5 -90  36  63   0.781   0.0   0.0  106
 1.950  110.0 -90  36  57   0.781   0.0   0.0  106
 1.950  112.5 -90  36  63   0.781 330.0  30.0  111
 1.950  115.0 -90  36  63   0.781 330.0  30.0  113
 1.950  117.5 -90  36  54   0.781 330.0  30.0  115
 1.950  120.0 -90  36  54   0.781 330.0  30.0  118
 1.950  122.5 -90  36  51   0.781 330.0  30.0  118
 1.950  125.0 -90  36  51  -0.781   0.0   0.0  126
 1.950  127.5 -90  36  51   0.781 330.0  30.0  125
 1.950  130.0 -90  36  54   0.781 330.0  30.0  131
 1.950  132.5 -90  36  57   0.781   0.0   0.0  131
 1.950  135.0 -90  36  48   0.781 330.0  30.0  135
 1.950  145.0 -90  36  45   0.781 330.0  30.0  144
 1.950  210.0 -90  36  45  -0.781 330.0  30.0  209
 2.000  102.5  90  42  60   0.781 330.0  30.0  103
 2.000  105.0  90  42  69   0.781   0.0   0.0  104
 2.000  112.5  90  42  60   0.781 330.0  30.0  112
 2.000  115.0  90  42  66   0.781 330.0  30.0  113
 2.000  117.5  90  42  60   0.781 330.0  30.0  115
 2.000  120.0  90  42  60   0.781 330.0  30.0  120
 2.000  122.5  90  42  60   0.781 330.0  30.0  119
 2.000  125.0  90  42  57   0.781 330.0  30.0  121
 2.000  127.5  90  42  63   0.781 330.0  30.0  126
 2.000  130.0  90  42  63   0.781 330.0  30.0  128
 2.000  132.5  90  42  51   0.781 270.0  30.0  128
 2.000  135.0  90  42  54   0.781 330.0  30.0  133
 2.000  137.5  90  42  60   0.781 330.0  30.0  137
 2.000  140.0  90  42  60   0.781 330.0  30.0  138
 2.000  142.5  90  42  60   0.781 330.0  30.0  142
 2.000  145.0  90  42  57   0.781 330.0  30.0  143
 2.000  147.5  90  42  51   0.781 330.0  30.0  149
 2.000  152.5  90  42  54   0.781 330.0  30.0  152
 2.000  155.0  90  42  51   0.781 330.0  30.0  153
 2.000  162.5  90  42  54   0.781 330.0  30.0  161
 2.000  177.5  90  42  51   0.781 330.0  30.0  178
 2.000  180.0  90  42  51   0.781 330.0  30.0  179
 2.000  300.0  90  42  63  -0.781   0.0   0.0  301
 2.000  302.5  90  42  69  -0.781   0.0   0.0  302
 2.000  305.0  90  42  60  -0.781   0.0   0.0  303
 2.000  307.5  90  42  51  -0.781   0.0   0.0  307
 2.000  310.0  90  42  51  -0.781   0.0   0.0  310
 2.000  477.5  90  42  57   0.781 210.0  30.0  478
 2.000  480.0  90  42  51  -0.781 150.0  30.0  479
 2.000  482.5  90  42  51   0.781   0.0   0.0  482
 2.000  485.0  90  42  57  -0.781   0.0   0.0  484
 2.000  487.5  90  42  60  -0.781   0.0   0.0  486
 2.000  492.5  90  42  54  -0.781   0.0   0.0  493
 2.000  495.0  90  42  51  -0.781   0.0   0.0  496
 2.000  497.5  90  42  54  -0.781   0.0   0.0  499
 2.000  500.0  90  42  51  -0.781 210.0  30.0  500
 2.000  595.0  90  42  60  -0.781   0.0   0.0  595
 2.000  597.5  90  42  57  -0.781   0.0   0.0  598
 2.000  600.0  90  42  63  -0.781   0.0   0.0  600
 2.000  602.5  90  42  60  -0.781   0.0   0.0  601
 2.000  607.5  90  42  51  -0.781 210.0  30.0  606
 2.000  675.0  90  42  51  -0.781 210.0  30.0  676
 2.000  682.5  90  42  51  -0.781   0.0   0.0  685
 2.000  712.5  90  42  54  -0.781   0.0   0.0  712
 2.000  785.0  90  42  51  -0.781   0.0   0.0  787
 2.000  787.5  90  42  51  -0.781   0.0   0.0  787
 2.000  790.0  90  42  51  -0.781 270.0  30.0  791
 2.000  792.5  90  42  54  -0.781   0.0   0.0  793
 2.000  897.5  90  42  54  -0.781   0.0   0.0  898
 2.000  900.0  90  42  57  -0.781   0.0   0.0  899
 2.000  102.5 -90  36  51   0.781 330.0  30.0  102
 2.000  105.0 -90  36  63   0.781 330.0  30.0  105
 2.000  107.5 -90  36  72   0.781   0.0   0.0  106
 2.000  110.0 -90  36  66   0.781 330.0  30.0  108
 2.000  112.5 -90  36  60   0.781   0.0   0.0  110
 2.000  115.0 -90  36  54   0.781   0.0   0.0  115
 2.000  117.5 -90  36  54   0.781  30.0  30.0  116
 2.000  120.0 -90  36  60   0.781 330.0  30.0  118
 2.000  122.5 -90  36  54   0.781 330.0  30.0  119
 2.000  125.0 -90  36  45   0.781 330.0  30.0  121
 2.000  127.5 -90  36  54   0.781 330.0  30.0  126
 2.000  130.0 -90  36  54   0.781 330.0  30.0  128
 2.000  132.5 -90  36  51   0.781  30.0  30.0  132
 2.000  135.0 -90  36  45   0.781 150.0  30.0  138
 2.000  137.5 -90  36  45   0.781 330.0  30.0  147
 2.000  140.0 -90  36  48   0.781 330.0  30.0  139
 2.000  142.5 -90  36  51   0.781 330.0  30.0  141
 2.000  145.0 -90  36  51   0.781 330.0  30.0  144
 2.000  147.5 -90  36  48   0.781 330.0  30.0  146
 2.000  150.0 -90  36  48   0.781 330.0  30.0  146
 2.000  152.5 -90  36  51   0.781 330.0  30.0  151
 2.000  155.0 -90  36  45   0.781 330.0  30.0  149
 2.000  157.5 -90  36  45   0.781  30.0  30.0  153
 2.000  210.0 -90  36  45   0.781  30.0  30.0  210
 2.000  212.5 -90  36  45   0.781   0.0   0.0  210
 2.000  215.0 -90  36  48   0.781   0.0   0.0  213
 2.000  220.0 -90  36  48   0.781 270.0  30.0  221
 2.000  225.0 -90  36  45   0.781   0.0   0.0  226
 2.000  302.5 -90  36  45  -0.781   0.0   0.0  302
 2.050  102.5  90  42  57   0.781 330.0  30.0  103
 2.050  105.0  90  42  66   0.781 330.0  30.0  103
 2.050  107.5  90  42  60   0.781 330.0  30.0  106
 2.050  110.0  90  42  51   0.781 330.0  30.0  105
 2.050  112.5  90  42  66  -0.781 330.0  30.0  111
 2.050  115.0  90  42  66   0.781 330.0  30.0  112
 2.050  117.5  90  42  69   0.781 330.0  30.0  116
 2.050  120.0  90  42  63   0.781   0.0   0.0  118
 2.050  122.5  90  42  54   0.781 330.0  30.0  118
 2.050  125.0  90  42  57   0.781 330.0  30.0  123
 2.050  127.5  90  42  54   0.781 330.0  30.0  123
 2.050  130.0  90  42  60   0.781 330.0  30.0  129
 2.050  132.5  90  42  51   0.781 330.0  30.0  128
 2.050  135.0  90  42  51   0.781 330.0  30.0  133
 2.050  137.5  90  42  57   0.781 330.0  30.0  136
 2.050  140.0  90  42  57   0.781 330.0  30.0  137
 2.050  142.5  90  42  51   0.781 330.0  30.0  140
 2.050  147.5  90  42  51   0.781 330.0  30.0  146
 2.050  152.5  90  42  54   0.781 330.0  30.0  150
 2.050  162.5  90  42  57   0.781 330.0  30.0  161
 2.050  165.0  90  42  54   0.781 330.0  30.0  162
 2.050  210.0  90  42  51   0.781 330.0  30.0  206
 2.050  212.5  90  42  51   0.781 330.0  30.0  208
 2.050  300.0  90  42  54  -0.781   0.0   0.0  302
 2.050  302.5  90  42  69  -0.781   0.0   0.0  302
 2.050  305.0  90  42  57  -0.781   0.0   0.0  303
 2.050  310.0  90  42  54   0.781 330.0  30.0  308
 2.050  315.0  90  42  51  -0.781   0.0   0.0  313
 2.050  417.5  90  42  57  -0.781   0.0   0.0  416
 2.050  480.0  90  42  57   0.781 210.0  30.0  479
 2.050  485.0  90  42  54  -0.781   0.0   0.0  484
 2.050  487.5  90  42  51  -0.781 210.0  30.0  487
 2.050  490.0  90  42  51  -0.781 210.0  30.0  489
 2.050  492.5  90  42  54  -0.781   0.0   0.0  493
 2.050  495.0  90  42  51  -0.781   0.0   0.0  497
 2.050  512.5  90  42  51  -0.781   0.0   0.0  513
 2.050  595.0  90  42  51  -0.781   0.0   0.0  598
 2.050  600.0  90  42  54  -0.781   0.0   0.0  600
 2.050  602.5  90  42  63  -0.781   0.0   0.0  602
 2.050  605.0  90  42  57  -0.781   0.0   0.0  603
 2.050  607.5  90  42  54   0.781   0.0   0.0  607
 2.050  610.0  90  42  54  -0.781   0.0   0.0  609
 2.050  620.0  90  42  51   0.781   0.0   0.0  616
 2.050  790.0  90  42  51  -0.781   0.0   0.0  789
 2.050  797.5  90  42  51  -0.781   0.0   0.0  796
 2.050  897.5  90  42  54  -0.781   0.0   0.0  900
 2.050  900.0  90  42  51  -0.781   0.0   0.0  896
 2.050  102.5 -90  39  54  -0.781   0.0   0.0  103
 2.050  105.0 -90  39  63  -0.781   0.0   0.0  103
 2.050  107.5 -90  39  60  -0.781   0.0   0.0  108
 2.050  110.0 -90  39  57   0.781   0.0   0.0  109
 2.050  112.5 -90  39  63   0.781 330.0  30.0  110
 2.050  115.0 -90  39  57   0.781 330.0  30.0  116
 2.050  117.5 -90  39  60   0.781 330.0  30.0  116
 2.050  120.0 -90  39  48   0.781   0.0   0.0  113
 2.050  122.5 -90  39  63   0.781 330.0  30.0  120
 2.050  125.0 -90  39  60   0.781 330.0  30.0  122
 2.050  130.0 -90  39  51   0.781 270.0  30.0  129
 2.050  132.5 -90  39  54   0.781 330.0  30.0  130
 2.050  135.0 -90  39  51   0.781 330.0  30.0  134
 2.050  137.5 -90  39  57   0.781 330.0  30.0  135
 2.050  140.0 -90  39  51   0.781 330.0  30.0  139
 2.050  157.5 -90  39  48   0.781 330.0  30.0  156
 2.050  212.5 -90  39  48  -0.781   0.0   0.0  213
 2.100  102.5  90  42  57   0.781 330.0  30.0  102
 2.100  105.0  90  42  63   0.781 330.0  30.0  103
 2.100  107.5  90  42  57   0.781 330.0  30.0  108
 2.100  110.0  90  42  63   0.781 330.0  30.0  108
 2.100  112.5  90  42  60   0.781 330.0  30.0  112
 2.100  115.0  90  42  66   0.781 330.0  30.0  113
 2.100  117.5  90  42  57   0.781 330.0  30.0  120
 2.100  120.0  90  42  60   0.781   0.0   0.0  119
 2.100  122.5  90  42  63   0.781 330.0  30.0  120
 2.100  125.0  90  42  57   0.781 330.0  30.0  123
 2.100  127.5  90  42  54   0.781 330.0  30.0  125
 2.100  130.0  90  42  51   0.781 330.0  30.0  126
 2.100  132.5  90  42  51   0.781 330.0  30.0  128
 2.100  135.0  90  42  60   0.781 330.0  30.0  133
 2.100  137.5  90  42  60   0.781 330.0  30.0  135
 2.100  140.0  90  42  54   0.781 330.0  30.0  139
 2.100  142.5  90  42  57   0.781 330.0  30.0  140
 2.100  157.5  90  42  51   0.781   0.0   0.0  156
 2.100  160.0  90  42  51   0.781 330.0  30.0  159
 2.100  162.5  90  42  51   0.781 330.0  30.0  158
 2.100  270.0  90  42  54   0.781  30.0  30.0  270
 2.100  302.5  90  42  69  -0.781   0.0   0.0  302
 2.100  305.0  90  42  60  -0.781   0.0   0.0  303
 2.100  307.5  90  42  63  -0.781 330.0  30.0  307
 2.100  310.0  90  42  60  -0.781   0.0   0.0  309
 2.100  417.5  90  42  51  -0.781   0.0   0.0  417
 2.100  420.0  90  42  54  -0.781 330.0  30.0  420
 2.100  432.5  90  42  51  -0.781 150.0  30.0  433
 2.100  482.5  90  42  57   0.781 210.0  30.0  482
 2.100  485.0  90  42  51   0.781 210.0  30.0  486
 2.100  487.5  90  42  54   0.781 210.0  30.0  487
 2.100  490.0  90  42  54  -0.781 210.0  30.0  489
 2.100  492.5  90  42  57  -0.781 210.0  30.0  492
 2.100  495.0  90  42  51  -0.781   0.0   0.0  496
 2.100  500.0  90  42  54  -0.781   0.0   0.0  499
 2.100  600.0  90  42  57  -0.781   0.0   0.0  600
 2.100  602.5  90  42  69  -0.781   0.0   0.0  602
 2.100  605.0  90  42  60  -0.781   0.0   0.0  606
 2.100  607.5  90  42  57  -0.781   0.0   0.0  605
 2.100  610.0  90  42  54  -0.781 330.0  30.0  608
 2.100  720.0  90  42  51  -0.781   0.0   0.0  720
 2.100  905.0  90  42  54  -0.781   0.0   0.0  905
 2.100  910.0  90  42  51  -0.781   0.0   0.0  910
 2.100  102.5 -90  39  51   0.781   0.0   0.0  105
 2.100  105.0 -90  39  66   0.781   0.0   0.0  105
 2.100  107.5 -90  39  69   0.781   0.0   0.0  107
 2.100  110.0 -90  39  66   0.781   0.0   0.0  108
 2.100  112.5 -90  39  54   0.781 330.0  30.0  122
 2.100  115.0 -90  39  63   0.781 330.0  30.0  113
 2.100  117.5 -90  39  60   0.781 330.0  30.0  115
 2.100  120.0 -90  39  60   0.781 330.0  30.0  117
 2.100  122.5 -90  39  57   0.781 330.0  30.0  120
 2.100  125.0 -90  39  57   0.781 330.0  30.0  122
 2.100  127.5 -90  39  51   0.781 330.0  30.0  128
 2.100  130.0 -90  39  51   0.781 330.0  30.0  127
 2.100  135.0 -90  39  48   0.781 330.0  30.0  134
 2.100  137.5 -90  39  51   0.781  30.0  30.0  136
 2.100  140.0 -90  39  57   0.781 330.0  30.0  138
 2.100  150.0 -90  39  51   0.781 330.0  30.0  149
 2.100  152.5 -90  39  48   0.781 330.0  30.0  150
 2.100  155.0 -90  39  48   0.781 330.0  30.0  153
 2.100  210.0 -90  39  48  -0.781   0.0   0.0  209
 2.100  212.5 -90  39  48   0.781 330.0  30.0  210
 2.100  217.5 -90  39  51   0.781   0.0   0.0  217
 2.100  220.0 -90  39  48   0.781 330.0  30.0  215
 2.100  527.5 -90  39  48   0.781 150.0  30.0  525
 2.150  105.0  90  48  66   0.781 330.0  30.0  105
 2.150  107.5  90  48  66   0.781 330.0  30.0  106
 2.150  110.0  90  48  60   0.781   0.0   0.0  108
 2.150  112.5  90  48  63   0.781 330.0  30.0  112
 2.150  115.0  90  48  66   0.781 330.0  30.0  112
 2.150  117.5  90  48  63   0.781 330.0  30.0  117
 2.150  120.0  90  48  63   0.781 330.0  30.0  119
 2.150  125.0  90  48  60   0.781 330.0  30.0  122
 2.150  132.5  90  48  60   0.781 330.0  30.0  133
 2.150  140.0  90  48  57   0.781 330.0  30.0  139
 2.150  142.5  90  48  57   0.781 330.0  30.0  143
 2.150  145.0  90  48  63   0.781 330.0  30.0  144
 2.150  172.5  90  48  57   0.781 330.0  30.0  171
 2.150  302.5  90  48  69  -0.781   0.0   0.0  303
 2.150  305.0  90  48  75  -0.781   0.0   0.0  304
 2.150  310.0  90  48  60  -0.781   0.0   0.0  310
 2.150  312.5  90  48  60  -0.781   0.0   0.0  313
 2.150  492.5  90  48  60  -0.781 210.0  30.0  493
 2.150  495.0  90  48  57  -0.781   0.0   0.0  496
 2.150  502.5  90  48  57  -0.781   0.0   0.0  502
 2.150  505.0  90  48  57  -0.781   0.0   0.0  504
 2.150  602.5  90  48  66  -0.781   0.0   0.0  603
 2.150  605.0  90  48  75  -0.781   0.0   0.0  605
 2.150  607.5  90  48  72  -0.781   0.0   0.0  606
 2.150  612.5  90  48  60  -0.781   0.0   0.0  612
 2.150  910.0  90  48  57  -0.781   0.0   0.0  910
 2.150  102.5 -90  42  51   0.781   0.0   0.0  101
 2.150  105.0 -90  42  66  -0.781   0.0   0.0  105
 2.150  107.5 -90  42  72   0.781   0.0   0.0  106
 2.150  110.0 -90  42  66   0.781   0.0   0.0  108
 2.150  112.5 -90  42  66   0.781 330.0  30.0  112
 2.150  115.0 -90  42  60   0.781 330.0  30.0  114
 2.150  117.5 -90  42  57  -0.781   0.0   0.0  116
 2.150  120.0 -90  42  63   0.781   0.0   0.0  119
 2.150  122.5 -90  42  66   0.781 330.0  30.0  122
 2.150  125.0 -90  42  63   0.781 330.0  30.0  122
 2.150  130.0 -90  42  57   0.781 330.0  30.0  128
 2.150  135.0 -90  42  51   0.781 330.0  30.0  133
 2.150  142.5 -90  42  51   0.781 270.0  30.0  140
 2.150  212.5 -90  42  54   0.781  30.0  30.0  212
 2.150  220.0 -90  42  51   0.781 330.0  30.0  216
 2.150  522.5 -90  42  51   0.781   0.0   0.0  527
 2.150  735.0 -90  42  51  -0.781  30.0  30.0  727
 2.200  120.0  90  57  66   0.781   0.0   0.0  118
 2.200  125.0  90  57  66   0.781 330.0  30.0  124
 2.200  305.0  90  57  78  -0.781   0.0   0.0  305
 2.200  307.5  90  57  72  -0.781   0.0   0.0  305
 2.200  605.0  90  57  66  -0.781   0.0   0.0  604
 2.200  607.5  90  57  66  -0.781   0.0   0.0  607
 2.200  105.0 -90  54  69   0.781   0.0   0.0  105
 2.200  107.5 -90  54  66   0.781   0.0   0.0  104
 2.200  110.0 -90  54  66   0.781   0.0   0.0  110
 2.200  112.5 -90  54  63   0.781   0.0   0.0  111
 2.200  115.0 -90  54  63   0.781 330.0  30.0  111
 2.200  120.0 -90  54  63   0.781   0.0   0.0  119
 2.200  122.5 -90  54  66   0.781   0.0   0.0  119
 2.200  135.0 -90  54  66   0.781 330.0  30.0  133
 2.200  140.0 -90  54  63   0.781  30.0  30.0  133
 2.250  102.5  90  45  54  -0.781 330.0  30.0  101
 2.250  105.0  90  45  63   0.781 330.0  30.0  104
 2.250  107.5  90  45  60   0.781 330.0  30.0  107
 2.250  110.0  90  45  54   0.781 330.0  30.0  109
 2.250  112.5  90  45  66   0.781 330.0  30.0  111
 2.250  115.0  90  45  66   0.781 330.0  30.0  113
 2.250  117.5  90  45  60   0.781 330.0  30.0  115
 2.250  120.0  90  45  60   0.781 330.0  30.0  121
 2.250  122.5  90  45  63   0.781 330.0  30.0  122
 2.250  125.0  90  45  60   0.781 330.0  30.0  125
 2.250  127.5  90  45  54   0.781 330.0  30.0  127
 2.250  130.0  90  45  54   0.781 330.0  30.0  130
 2.250  132.5  90  45  54   0.781 330.0  30.0  131
 2.250  135.0  90  45  60   0.781 330.0  30.0  133
 2.250  137.5  90  45  54   0.781 270.0  30.0  131
 2.250  140.0  90  45  60   0.781 330.0  30.0  138
 2.250  142.5  90  45  54   0.781 330.0  30.0  137
 2.250  147.5  90  45  54  -0.781   0.0   0.0  148
 2.250  152.5  90  45  54   0.781 330.0  30.0  147
 2.250  287.5  90  45  54   0.781   0.0   0.0  289
 2.250  305.0  90  45  75  -0.781   0.0   0.0  306
 2.250  307.5  90  45  75  -0.781   0.0   0.0  306
 2.250  310.0  90  45  57  -0.781   0.0   0.0  309
 2.250  312.5  90  45  54   0.781   0.0   0.0  310
 2.250  315.0  90  45  54   0.781 330.0  30.0  311
 2.250  495.0  90  45  57  -0.781 210.0  30.0  495
 2.250  515.0  90  45  54  -0.781   0.0   0.0  515
 2.250  605.0  90  45  63  -0.781   0.0   0.0  605
 2.250  607.5  90  45  72  -0.781   0.0   0.0  608
 2.250  610.0  90  45  69  -0.781   0.0   0.0  609
 2.250  612.5  90  45  66  -0.781   0.0   0.0  612
 2.250  615.0  90  45  63  -0.781   0.0   0.0  616
 2.250  620.0  90  45  54  -0.781   0.0   0.0  620
 2.250  722.5  90  45  54  -0.781   0.0   0.0  723
 2.250  912.5  90  45  57  -0.781   0.0   0.0  913
 2.250 1197.5  90  45  54   5.469 330.0  30.0 1183
 2.250 1220.0  90  45  54  -0.781   0.0   0.0 1222
 2.250  102.5 -90  42  51   0.781 330.0  30.0  105
 2.250  105.0 -90  42  63   0.781 270.0  30.0  104
 2.250  107.5 -90  42  63  -0.781   0.0   0.0  106
 2.250  110.0 -90  42  63   0.781   0.0   0.0  109
 2.250  112.5 -90  42  51  -0.781 210.0  30.0  112
 2.250  115.0 -90  42  60   0.781 330.0  30.0  115
 2.250  117.5 -90  42  63   0.781 330.0  30.0  116
 2.250  120.0 -90  42  66   0.781 330.0  30.0  118
 2.250  122.5 -90  42  57   0.781 330.0  30.0  118
 2.250  125.0 -90  42  54  -0.781   0.0   0.0  122
 2.250  127.5 -90  42  51  -0.781   0.0   0.0  127
 2.250  130.0 -90  42  54   0.781 330.0  30.0  129
 2.250  137.5 -90  42  51   0.781 330.0  30.0  140
 2.250  140.0 -90  42  57   0.781 330.0  30.0  139
 2.250  142.5 -90  42  51   0.781 330.0  30.0  142
 2.250  147.5 -90  42  51   0.781 330.0  30.0  143
 2.250  207.5 -90  42  51  -0.781   0.0   0.0  208
 2.250  210.0 -90  42  51   0.781   0.0   0.0  208
 2.250  212.5 -90  42  57   0.781 270.0  30.0  211
 2.250  215.0 -90  42  51   0.781   0.0   0.0  212
 2.250  217.5 -90  42  54   0.781 270.0  30.0  215
 2.250  220.0 -90  42  51   0.781 330.0  30.0  219
 2.250  222.5 -90  42  51   0.781   0.0   0.0  222
 2.250  225.0 -90  42  54   0.781 330.0  30.0  223
 2.250  227.5 -90  42  51   0.781   0.0   0.0  225
 2.250  322.5 -90  42  54  -0.781   0.0   0.0  324
 2.250  325.0 -90  42  63  -0.781   0.0   0.0  325
 2.250  327.5 -90  42  51  -0.781   0.0   0.0  327
 2.250  517.5 -90  42  57   0.781   0.0   0.0  517
 2.250  520.0 -90  42  60   0.781   0.0   0.0  518
 2.250  522.5 -90  42  54   0.781   0.0   0.0  521
 2.250  527.5 -90  42  51  -0.781   0.0   0.0  528
 2.250  535.0 -90  42  51  -0.781   0.0   0.0  536
 2.300  105.0  90  51  66   0.781   0.0   0.0  105
 2.300  107.5  90  51  60   0.781   0.0   0.0  103
 2.300  110.0  90  51  60   0.781 330.0  30.0  107
 2.300  115.0  90  51  63   0.781 330.0  30.0  114
 2.300  117.5  90  51  63   0.781 330.0  30.0  118
 2.300  120.0  90  51  66   0.781 330.0  30.0  120
 2.300  122.5  90  51  66   0.781 330.0  30.0  120
 2.300  125.0  90  51  63   0.781 330.0  30.0  120
 2.300  127.5  90  51  60   0.781 330.0  30.0  119
 2.300  135.0  90  51  60   0.781 330.0  30.0  130
 2.300  137.5  90  51  60   0.781   0.0   0.0  131
 2.300  145.0  90  51  60   2.344  30.0  30.0  149
 2.300  302.5  90  51  60  -0.781 330.0  30.0  300
 2.300  305.0  90  51  66  -0.781   0.0   0.0  307
 2.300  307.5  90  51  81  -0.781   0.0   0.0  307
 2.300  310.0  90  51  72  -0.781   0.0   0.0  308
 2.300  312.5  90  51  63  -0.781 330.0  30.0  311
 2.300  315.0  90  51  66  -0.781   0.0   0.0  314
 2.300  317.5  90  51  63  -0.781   0.0   0.0  316
 2.300  320.0  90  51  60  -0.781 330.0  30.0  317
 2.300  322.5  90  51  60  -0.781  30.0  30.0  320
 2.300  327.5  90  51  60  -0.781   0.0   0.0  324
 2.300  332.5  90  51  60  -0.781   0.0   0.0  327
 2.300  497.5  90  51  60  -0.781   0.0   0.0  498
 2.300  500.0  90  51  60  -0.781   0.0   0.0  500
 2.300  610.0  90  51  63  -0.781   0.0   0.0  609
 2.300  612.5  90  51  66  -0.781   0.0   0.0  613
 2.300  615.0  90  51  66  -0.781   0.0   0.0  615
 2.300  617.5  90  51  60  -0.781   0.0   0.0  617
 2.300  915.0  90  51  60  -0.781   0.0   0.0  914
 2.300  920.0  90  51  63  -0.781   0.0   0.0  919
 2.300   90.0 -90  48  57   0.781   0.0   0.0   89
 2.300  105.0 -90  48  63   0.781   0.0   0.0  106
 2.300  107.5 -90  48  66  -0.781   0.0   0.0  106
 2.300  110.0 -90  48  69   0.781   0.0   0.0  108
 2.300  112.5 -90  48  57   0.781 330.0  30.0  122
 2.300  115.0 -90  48  72   0.781 330.0  30.0  114
 2.300  117.5 -90  48  69   0.781 330.0  30.0  116
 2.300  120.0 -90  48  66   0.781  30.0  30.0  118
 2.300  122.5 -90  48  60   0.781 330.0  30.0  119
 2.300  125.0 -90  48  60   0.781 330.0  30.0  123
 2.300  130.0 -90  48  63   0.781 330.0  30.0  129
 2.300  140.0 -90  48  60   0.781 330.0  30.0  139
 2.300  215.0 -90  48  60   0.781   0.0   0.0  214
 2.300  322.5 -90  48  57  -0.781   0.0   0.0  323
 2.300  325.0 -90  48  57  -0.781   0.0   0.0  325
 2.300  327.5 -90  48  60  -0.781   0.0   0.0  325
 2.300  510.0 -90  48  57   0.781 210.0  30.0  508
 2.300  512.5 -90  48  57   0.781 210.0  30.0  507
 2.300  517.5 -90  48  57   0.781   0.0   0.0  518
 2.300  520.0 -90  48  57   0.781   0.0   0.0  521
 2.300  522.5 -90  48  57  -0.781   0.0   0.0  522
 2.350  105.0  90  48  57   0.781 330.0  30.0  104
 2.350  107.5  90  48  60   0.781   0.0   0.0  107
 2.350  110.0  90  48  60   0.781 330.0  30.0  108
 2.350  112.5  90  48  63   0.781 330.0  30.0  111
 2.350  115.0  90  48  60   0.781 330.0  30.0  113
 2.350  117.5  90  48  57   0.781   0.0   0.0  118
 2.350  120.0  90  48  60   0.781  30.0  30.0  118
 2.350  122.5  90  48  63   0.781 330.0  30.0  120
 2.350  125.0  90  48  57   0.781 330.0  30.0  124
 2.350  135.0  90  48  63   0.781 330.0  30.0  134
 2.350  137.5  90  48  57   0.781 330.0  30.0  137
 2.350  140.0  90  48  60   0.781 330.0  30.0  138
 2.350  142.5  90  48  57   0.781 330.0  30.0  140
 2.350  157.5  90  48  57   0.781 330.0  30.0  154
 2.350  305.0  90  48  60  -0.781   0.0   0.0  306
 2.350  307.5  90  48  78  -0.781   0.0   0.0  308
 2.350  310.0  90  48  78  -0.781   0.0   0.0  308
 2.350  312.5  90  48  60  -0.781   0.0   0.0  311
 2.350  315.0  90  48  57  -0.781   0.0   0.0  315
 2.350  425.0  90  48  57  -0.781 330.0  30.0  424
 2.350  492.5  90  48  57  -0.781   0.0   0.0  493
 2.350  500.0  90  48  57  -0.781   0.0   0.0  501
 2.350  502.5  90  48  57  -0.781 210.0  30.0  500
 2.350  507.5  90  48  60  -0.781   0.0   0.0  509
 2.350  510.0  90  48  60  -0.781   0.0   0.0  509
 2.350  612.5  90  48  66  -0.781   0.0   0.0  613
 2.350  615.0  90  48  72  -0.781   0.0   0.0  615
 2.350  617.5  90  48  72  -0.781   0.0   0.0  617
 2.350  620.0  90  48  57  -0.781   0.0   0.0  619
 2.350  917.5  90  48  57  -0.781   0.0   0.0  918
 2.350  920.0  90  48  63  -0.781   0.0   0.0  921
 2.350  922.5  90  48  60  -0.781   0.0   0.0  922
 2.350  102.5 -90  45  54   0.781   0.0   0.0  103
 2.350  105.0 -90  45  66  -0.781   0.0   0.0  105
 2.350  107.5 -90  45  69   0.781   0.0   0.0  106
 2.350  110.0 -90  45  66   0.781 330.0  30.0  109
 2.350  112.5 -90  45  69   0.781 330.0  30.0  112
 2.350  115.0 -90  45  63   0.781   0.0   0.0  112
 2.350  117.5 -90  45  60   0.781 330.0  30.0  117
 2.350  120.0 -90  45  69   0.781 330.0  30.0  119
 2.350  122.5 -90  45  69   0.781 330.0  30.0  121
 2.350  125.0 -90  45  63   0.781 330.0  30.0  123
 2.350  127.5 -90  45  60   0.781 330.0  30.0  125
 2.350  130.0 -90  45  57   0.781 330.0  30.0  130
 2.350  132.5 -90  45  54   0.781 330.0  30.0  131
 2.350  137.5 -90  45  54   0.781   0.0   0.0  137
 2.350  140.0 -90  45  54   0.781 330.0  30.0  139
 2.350  147.5 -90  45  54   0.781 330.0  30.0  147
 2.350  207.5 -90  45  54   0.781   0.0   0.0  205
 2.350  212.5 -90  45  54   0.781 330.0  30.0  212
 2.350  215.0 -90  45  54   0.781   0.0   0.0  213
 2.350  235.0 -90  45  54   0.781 330.0  30.0  233
 2.350  320.0 -90  45  54  -0.781 210.0  30.0  321
 2.350  322.5 -90  45  66  -0.781   0.0   0.0  322
 2.350  325.0 -90  45  60  -0.781   0.0   0.0  324
 2.350  512.5 -90  45  60   0.781   0.0   0.0  513
 2.350  515.0 -90  45  66   0.781   0.0   0.0  514
 2.350  517.5 -90  45  54   0.781   0.0   0.0  513
 2.350  520.0 -90  45  54  -0.781   0.0   0.0  520
 2.350  522.5 -90  45  54  -0.781   0.0   0.0  522
 2.400   82.5  90  54  63   5.469  30.0  30.0   81
 2.400   92.5  90  54  63   5.469 330.0  30.0   90
 2.400  110.0  90  54  63  -0.781 330.0  30.0  106
 2.400  112.5  90  54  63   0.781 330.0  30.0  114
 2.400  117.5  90  54  63   0.781 330.0  30.0  113
 2.400  122.5  90  54  63   0.781 330.0  30.0  121
 2.400  125.0  90  54  63   0.781 330.0  30.0  125
 2.400  130.0  90  54  66   0.781 330.0  30.0  131
 2.400  307.5  90  54  72  -0.781   0.0   0.0  309
 2.400  310.0  90  54  81  -0.781   0.0   0.0  310
 2.400  312.5  90  54  72  -0.781   0.0   0.0  310
 2.400  505.0  90  54  63  -0.781   0.0   0.0  504
 2.400  615.0  90  54  66  -0.781   0.0   0.0  617
 2.400  617.5  90  54  72  -0.781   0.0   0.0  617
 2.400  622.5  90  54  63  -0.781 330.0  30.0  622
 2.400  107.5 -90  54  72   0.781   0.0   0.0  106
 2.400  112.5 -90  54  66   0.781   0.0   0.0  110
 2.400  115.0 -90  54  63   0.781  30.0  30.0  116
 2.400  117.5 -90  54  63   0.781 150.0  30.0  112
 2.400  120.0 -90  54  69   0.781 330.0  30.0  119
 2.400  132.5 -90  54  63   0.781   0.0   0.0  131
 2.400  140.0 -90  54  63   0.781 330.0  30.0  138
 2.400  322.5 -90  54  63  -0.781   0.0   0.0  321
 2.400  325.0 -90  54  63  -0.781   0.0   0.0  325
 2.400 1247.5 -90  54  63  -3.906 210.0  30.0 1247
 2.400 1257.5 -90  54  63  -3.906 210.0  30.0 1258
 2.450  107.5  90  51  60   0.781 330.0  30.0  107
 2.450  112.5  90  51  60  -0.781 330.0  30.0  115
 2.450  115.0  90  51  60   0.781 330.0  30.0  112
 2.450  122.5  90  51  63   0.781 330.0  30.0  121
 2.450  127.5  90  51  63   0.781 330.0  30.0  127
 2.450  130.0  90  51  60   0.781 330.0  30.0  128
 2.450  135.0  90  51  60   0.781 330.0  30.0  134
 2.450  307.5  90  51  60  -0.781 330.0  30.0  310
 2.450  310.0  90  51  75  -0.781   0.0   0.0  310
 2.450  312.5  90  51  69  -0.781   0.0   0.0  311
 2.450  315.0  90  51  63  -0.781   0.0   0.0  314
 2.450  317.5  90  51  63  -0.781 330.0  30.0  316
 2.450  320.0  90  51  60  -0.781   0.0   0.0  320
 2.450  505.0  90  51  60  -0.781   0.0   0.0  507
 2.450  507.5  90  51  60  -0.781 210.0  30.0  505
 2.450  617.5  90  51  66  -0.781   0.0   0.0  618
 2.450  620.0  90  51  72  -0.781   0.0   0.0  620
 2.450  625.0  90  51  60  -0.781   0.0   0.0  624
 2.450  932.5  90  51  60  -0.781   0.0   0.0  935
 2.450  105.0 -90  51  72   0.781   0.0   0.0  104
 2.450  107.5 -90  51  66   0.781 330.0  30.0  106
 2.450  110.0 -90  51  66   0.781   0.0   0.0  108
 2.450  112.5 -90  51  60   0.781   0.0   0.0  110
 2.450  115.0 -90  51  66   0.781 330.0  30.0  114
 2.450  120.0 -90  51  63   0.781 330.0  30.0  119
 2.450  122.5 -90  51  60   0.781   0.0   0.0  119
 2.450  125.0 -90  51  60   0.781 330.0  30.0  123
 2.450  130.0 -90  51  63   0.781 330.0  30.0  128
 2.450  140.0 -90  51  60   0.781 330.0  30.0  138
 2.450  512.5 -90  51  60   0.781 210.0  30.0  512
 2.450  520.0 -90  51  63  -0.781   0.0   0.0  519
 2.450  522.5 -90  51  60  -0.781   0.0   0.0  522
 2.500  105.0  90  45  57   0.781 330.0  30.0  104
 2.500  110.0  90  45  63   0.781 330.0  30.0  109
 2.500  112.5  90  45  63   0.781   0.0   0.0  110
 2.500  115.0  90  45  54   0.781  30.0  30.0  112
 2.500  117.5  90  45  57   0.781 330.0  30.0  117
 2.500  120.0  90  45  60   0.781 330.0  30.0  120
 2.500  122.5  90  45  57   0.781 330.0  30.0  121
 2.500  125.0  90  45  54   0.781 330.0  30.0  125
 2.500  127.5  90  45  54   0.781 330.0  30.0  125
 2.500  130.0  90  45  57   0.781 330.0  30.0  129
 2.500  132.5  90  45  57   0.781 330.0  30.0  132
 2.500  135.0  90  45  54   0.781 330.0  30.0  132
 2.500  137.5  90  45  54   0.781 330.0  30.0  139
 2.500  142.5  90  45  54   0.781 150.0  30.0  141
 2.500  147.5  90  45  54   0.781 330.0  30.0  149
 2.500  310.0  90  45  69  -0.781   0.0   0.0  311
 2.500  312.5  90  45  69  -0.781   0.0   0.0  311
 2.500  315.0  90  45  66  -0.781   0.0   0.0  314
 2.500  317.5  90  45  63  -0.781   0.0   0.0  317
 2.500  320.0  90  45  57   0.781 330.0  30.0  317
 2.500  322.5  90  45  54  -0.781 330.0  30.0  321
 2.500  335.0  90  45  54   0.781 330.0  30.0  332
 2.500  507.5  90  45  57  -0.781 210.0  30.0  507
 2.500  510.0  90  45  54  -0.781 210.0  30.0  511
 2.500  515.0  90  45  60  -0.781   0.0   0.0  514
 2.500  615.0  90  45  57  -0.781   0.0   0.0  618
 2.500  617.5  90  45  69  -0.781   0.0   0.0  617
 2.500  620.0  90  45  69  -0.781   0.0   0.0  620
 2.500  622.5  90  45  54  -0.781 330.0  30.0  628
 2.500  625.0  90  45  60  -0.781   0.0   0.0  624
 2.500  627.5  90  45  63  -0.781   0.0   0.0  628
 2.500  630.0  90  45  54  -0.781   0.0   0.0  628
 2.500  732.5  90  45  57  -0.781   0.0   0.0  731
 2.500  735.0  90  45  57  -0.781   0.0   0.0  735
 2.500  820.0  90  45  54  -0.781   0.0   0.0  820
 2.500  822.5  90  45  54  -0.781   0.0   0.0  821
 2.500  930.0  90  45  54  -0.781   0.0   0.0  929
 2.500  932.5  90  45  60  -0.781   0.0   0.0  933
 2.500  935.0  90  45  57  -0.781   0.0   0.0  934
 2.500  940.0  90  45  54  -0.781   0.0   0.0  941
 2.500 1132.5  90  45  54  -0.781   0.0   0.0 1129
 2.500  102.5 -90  42  63   0.781   0.0   0.0  103
 2.500  105.0 -90  42  75   0.781   0.0   0.0  104
 2.500  107.5 -90  42  69   0.781   0.0   0.0  106
 2.500  110.0 -90  42  72   0.781 330.0  30.0  110
 2.500  112.5 -90  42  72   0.781 330.0  30.0  111
 2.500  115.0 -90  42  69  -0.781   0.0   0.0  114
 2.500  117.5 -90  42  60   0.781 330.0  30.0  117
 2.500  120.0 -90  42  60   0.781 330.0  30.0  117
 2.500  122.5 -90  42  66   0.781 330.0  30.0  122
 2.500  125.0 -90  42  66   0.781 330.0  30.0  123
 2.500  127.5 -90  42  57   0.781 330.0  30.0  127
 2.500  130.0 -90  42  60   0.781 330.0  30.0  129
 2.500  132.5 -90  42  54   0.781 330.0  30.0  128
 2.500  135.0 -90  42  60   0.781 330.0  30.0  134
 2.500  137.5 -90  42  57   0.781 330.0  30.0  134
 2.500  140.0 -90  42  57   0.781 330.0  30.0  139
 2.500  142.5 -90  42  54   0.781 330.0  30.0  140
 2.500  145.0 -90  42  51   0.781 330.0  30.0  145
 2.500  147.5 -90  42  54   0.781 330.0  30.0  147
 2.500  150.0 -90  42  57   0.781 330.0  30.0  148
 2.500  160.0 -90  42  51  -0.781 210.0  30.0  157
 2.500  207.5 -90  42  51   0.781   0.0   0.0  206
 2.500  212.5 -90  42  51   0.781 330.0  30.0  213
 2.500  217.5 -90  42  51   0.781 330.0  30.0  216
 2.500  225.0 -90  42  57   0.781 330.0  30.0  224
 2.500  227.5 -90  42  51   0.781 330.0  30.0  223
 2.500  255.0 -90  42  51   0.781  30.0  30.0  254
 2.500  317.5 -90  42  51  -0.781 270.0  30.0  318
 2.500  320.0 -90  42  51  -0.781 150.0  30.0  317
 2.500  322.5 -90  42  63  -0.781   0.0   0.0  322
 2.500  325.0 -90  42  54  -0.781   0.0   0.0  323
 2.500  327.5 -90  42  51  -0.781   0.0   0.0  327
 2.500  507.5 -90  42  51   0.781   0.0   0.0  507
 2.500  510.0 -90  42  60   0.781   0.0   0.0  509
 2.500  512.5 -90  42  54   0.781   0.0   0.0  509
 2.500  515.0 -90  42  54   0.781   0.0   0.0  514
 2.500  517.5 -90  42  57   0.781 210.0  30.0  515
 2.500  520.0 -90  42  51   0.781   0.0   0.0  518
 2.500  522.5 -90  42  54  -0.781   0.0   0.0  522
 2.500  527.5 -90  42  54  -0.781   0.0   0.0  528
 2.500  530.0 -90  42  51  -0.781   0.0   0.0  530
 2.500  532.5 -90  42  51  -0.781   0.0   0.0  532
 2.500  635.0 -90  42  57  -0.781   0.0   0.0  636
 2.500  705.0 -90  42  51   0.781   0.0   0.0  704
 2.500  725.0 -90  42  51  -0.781   0.0   0.0  725
 2.550  312.5  90  60  75  -0.781   0.0   0.0  313
 2.550  315.0  90  60  72  -0.781   0.0   0.0  315
 2.550  622.5  90  60  69  -0.781   0.0   0.0  624
 2.550  105.0 -90  51  72   0.781 330.0  30.0  105
 2.550  107.5 -90  51  69   0.781 330.0  30.0  106
 2.550  110.0 -90  51  72   0.781 330.0  30.0  108
 2.550  112.5 -90  51  63   0.781   0.0   0.0  110
 2.550  115.0 -90  51  69  -0.781   0.0   0.0  116
 2.550  117.5 -90  51  60   0.781  30.0  30.0  115
 2.550  120.0 -90  51  60  -0.781   0.0   0.0  119
 2.550  122.5 -90  51  66   0.781 330.0  30.0  121
 2.550  125.0 -90  51  60   0.781 330.0  30.0  123
 2.550  130.0 -90  51  63   0.781 330.0  30.0  130
 2.550  140.0 -90  51  63   0.781 330.0  30.0  137
 2.550  317.5 -90  51  60  -0.781   0.0   0.0  319
 2.550  320.0 -90  51  66  -0.781   0.0   0.0  320
 2.550  325.0 -90  51  60  -0.781  30.0  30.0  323
 2.550  512.5 -90  51  63   0.781   0.0   0.0  512
 2.600  312.5  90  60  69  -0.781   0.0   0.0  314
 2.600  315.0  90  60  75  -0.781   0.0   0.0  314
 2.600  317.5  90  60  72  -0.781   0.0   0.0  310
 2.600  322.5  90  60  69  -0.781   0.0   0.0  316
 2.600  622.5  90  60  69  -0.781   0.0   0.0  624
 2.600  625.0  90  60  72   0.781   0.0   0.0  626
 2.600  105.0 -90  57  69   0.781 330.0  30.0  104
 2.600  110.0 -90  57  66   0.781   0.0   0.0  107
 2.600  112.5 -90  57  66   0.781 330.0  30.0  112
 2.600  115.0 -90  57  75  -0.781   0.0   0.0  113
 2.600  117.5 -90  57  69   0.781   0.0   0.0  116
 2.600  122.5 -90  57  69   0.781 330.0  30.0  121
 2.600  125.0 -90  57  66   0.781  30.0  30.0  121
 2.600  317.5 -90  57  66  -0.781   0.0   0.0  313
 2.600  320.0 -90  57  69  -0.781   0.0   0.0  320
 2.600  322.5 -90  57  66  -0.781   0.0   0.0  329
 2.600  527.5 -90  57  66  -0.781   0.0   0.0  519
 2.650  105.0  90  51  60  -0.781 330.0  30.0  106
 2.650  107.5  90  51  60   0.781 330.0  30.0  105
 2.650  122.5  90  51  60   0.781 330.0  30.0  122
 2.650  125.0  90  51  63   0.781 330.0  30.0  125
 2.650  127.5  90  51  66   0.781 330.0  30.0  125
 2.650  130.0  90  51  60   0.781 330.0  30.0  126
 2.650  132.5  90  51  60   0.781   0.0   0.0  127
 2.650  142.5  90  51  60   0.781 330.0  30.0  142
 2.650  312.5  90  51  60  -0.781   0.0   0.0  314
 2.650  315.0  90  51  78  -0.781   0.0   0.0  315
 2.650  317.5  90  51  72  -0.781   0.0   0.0  316
 2.650  622.5  90  51  63  -0.781   0.0   0.0  624
 2.650  625.0  90  51  69  -0.781   0.0   0.0  624
 2.650  627.5  90  51  69  -0.781   0.0   0.0  628
 2.650  630.0  90  51  60  -0.781   0.0   0.0  628
 2.650  632.5  90  51  60  -0.781   0.0   0.0  631
 2.650  635.0  90  51  60  -0.781   0.0   0.0  636
 2.650  637.5  90  51  63  -0.781   0.0   0.0  637
 2.650  942.5  90  51  60  -0.781   0.0   0.0  940
 2.650  102.5 -90  48  60   0.781 330.0  30.0  103
 2.650  105.0 -90  48  63   0.781   0.0   0.0  103
 2.650  107.5 -90  48  60   0.781 330.0  30.0  107
 2.650  110.0 -90  48  66   0.781   0.0   0.0  109
 2.650  112.5 -90  48  63   0.781 330.0  30.0  109
 2.650  115.0 -90  48  69   0.781 330.0  30.0  115
 2.650  117.5 -90  48  69   0.781 330.0  30.0  116
 2.650  120.0 -90  48  63   0.781 330.0  30.0  118
 2.650  122.5 -90  48  63   0.781 330.0  30.0  120
 2.650  125.0 -90  48  63   0.781 330.0  30.0  124
 2.650  127.5 -90  48  66   0.781 330.0  30.0  126
 2.650  130.0 -90  48  57   0.781 330.0  30.0  129
 2.650  132.5 -90  48  60   0.781 330.0  30.0  130
 2.650  135.0 -90  48  63   0.781 330.0  30.0  133
 2.650  137.5 -90  48  60   0.781 330.0  30.0  136
 2.650  142.5 -90  48  57   0.781 330.0  30.0  142
 2.650  155.0 -90  48  57   0.781 330.0  30.0  152
 2.650  172.5 -90  48  57   0.781 330.0  30.0  172
 2.650  317.5 -90  48  60  -0.781   0.0   0.0  322
 2.650  320.0 -90  48  72  -0.781   0.0   0.0  319
 2.650  322.5 -90  48  57  -0.781   0.0   0.0  320
 2.650  325.0 -90  48  57  -0.781  30.0  30.0  329
 2.650  327.5 -90  48  60  -0.781   0.0   0.0  327
 2.650  517.5 -90  48  57  -0.781   0.0   0.0  519
 2.650  520.0 -90  48  60  -0.781   0.0   0.0  519
 2.650  522.5 -90  48  60   0.781   0.0   0.0  522
 2.650  530.0 -90  48  57  -0.781   0.0   0.0  529
 2.650  635.0 -90  48  57  -0.781   0.0   0.0  631
 2.650  637.5 -90  48  60  -0.781   0.0   0.0  638
 2.700  112.5  90  51  60   0.781 330.0  30.0  110
 2.700  117.5  90  51  60   0.781   0.0   0.0  116
 2.700  122.5  90  51  60   0.781 330.0  30.0  122
 2.700  125.0  90  51  63   0.781 330.0  30.0  123
 2.700  127.5  90  51  60   0.781 330.0  30.0  125
 2.700  130.0  90  51  60   0.781 330.0  30.0  129
 2.700  132.5  90  51  60   0.781   0.0   0.0  130
 2.700  315.0  90  51  72  -0.781   0.0   0.0  316
 2.700  317.5  90  51  72  -0.781   0.0   0.0  316
 2.700  320.0  90  51  63  -0.781   0.0   0.0  319
 2.700  322.5  90  51  63  -0.781   0.0   0.0  322
 2.700  325.0  90  51  60  -0.781   0.0   0.0  324
 2.700  625.0  90  51  63  -0.781   0.0   0.0  625
 2.700  627.5  90  51  69  -0.781   0.0   0.0  628
 2.700  630.0  90  51  75  -0.781   0.0   0.0  630
 2.700  632.5  90  51  72  -0.781   0.0   0.0  632
 2.700  637.5  90  51  60  -0.781   0.0   0.0  638
 2.700  947.5  90  51  60  -0.781   0.0   0.0  948
 2.700  102.5 -90  45  54   0.781 330.0  30.0  103
 2.700  105.0 -90  45  54   0.781 330.0  30.0  102
 2.700  107.5 -90  45  54   0.781   0.0   0.0  106
 2.700  110.0 -90  45  66   0.781   0.0   0.0  108
 2.700  112.5 -90  45  69   0.781 330.0  30.0  111
 2.700  115.0 -90  45  69   0.781 330.0  30.0  114
 2.700  117.5 -90  45  72   0.781 330.0  30.0  115
 2.700  120.0 -90  45  69   0.781 330.0  30.0  117
 2.700  122.5 -90  45  69   0.781 330.0  30.0  122
 2.700  125.0 -90  45  60   0.781   0.0   0.0  121
 2.700  127.5 -90  45  63   0.781 330.0  30.0  127
 2.700  130.0 -90  45  57   0.781 330.0  30.0  128
 2.700  132.5 -90  45  57   0.781   0.0   0.0  132
 2.700  135.0 -90  45  54   0.781 330.0  30.0  134
 2.700  137.5 -90  45  60   0.781 330.0  30.0  136
 2.700  140.0 -90  45  57   0.781  30.0  30.0  137
 2.700  142.5 -90  45  57   0.781 330.0  30.0  140
 2.700  155.0 -90  45  57   0.781 330.0  30.0  155
 2.700  157.5 -90  45  57   0.781 330.0  30.0  156
 2.700  160.0 -90  45  54   0.781 330.0  30.0  159
 2.700  162.5 -90  45  54   0.781 330.0  30.0  159
 2.700  212.5 -90  45  57   0.781 330.0  30.0  212
 2.700  220.0 -90  45  54   0.781 330.0  30.0  219
 2.700  222.5 -90  45  54   0.781  30.0  30.0  218
 2.700  317.5 -90  45  63  -0.781   0.0   0.0  319
 2.700  320.0 -90  45  66  -0.781   0.0   0.0  319
 2.700  322.5 -90  45  69  -0.781   0.0   0.0  322
 2.700  325.0 -90  45  60  -0.781   0.0   0.0  324
 2.700  327.5 -90  45  57  -0.781   0.0   0.0  327
 2.700  330.0 -90  45  57  -0.781   0.0   0.0  330
 2.700  520.0 -90  45  63  -0.781   0.0   0.0  519
 2.700  522.5 -90  45  54  -0.781   0.0   0.0  521
 2.700  530.0 -90  45  54  -0.781   0.0   0.0  528
 2.700  535.0 -90  45  54  -0.781   0.0   0.0  534
 2.700  632.5 -90  45  63  -0.781   0.0   0.0  633
 2.700  635.0 -90  45  57  -0.781   0.0   0.0  634
 2.700  637.5 -90  45  54  -0.781   0.0   0.0  639
 2.700  640.0 -90  45  54  -0.781 150.0  30.0  640
 2.700  722.5 -90  45  54  -0.781   0.0   0.0  720
 2.700  725.0 -90  45  54  -0.781   0.0   0.0  725
 2.700  727.5 -90  45  54  -0.781   0.0   0.0  725
 2.700  730.0 -90  45  54  -0.781   0.0   0.0  731
 2.750  112.5  90  51  60   0.781 330.0  30.0  111
 2.750  120.0  90  51  60   0.781 330.0  30.0  119
 2.750  127.5  90  51  60   0.781 330.0  30.0  126
 2.750  315.0  90  51  66  -0.781   0.0   0.0  316
 2.750  317.5  90  51  78  -0.781   0.0   0.0  317
 2.750  320.0  90  51  72  -0.781   0.0   0.0  318
 2.750  327.5  90  51  63  -0.781   0.0   0.0  327
 2.750  515.0  90  51  60  -0.781   0.0   0.0  515
 2.750  627.5  90  51  69  -0.781   0.0   0.0  627
 2.750  630.0  90  51  72  -0.781   0.0   0.0  630
 2.750  632.5  90  51  66  -0.781   0.0   0.0  632
 2.750  635.0  90  51  69  -0.781   0.0   0.0  634
 2.750  637.5  90  51  63  -0.781   0.0   0.0  638
 2.750  952.5  90  51  60  -0.781   0.0   0.0  954
 2.750  105.0 -90  45  60   0.781   0.0   0.0  103
 2.750  107.5 -90  45  63   0.781 330.0  30.0  108
 2.750  110.0 -90  45  63   0.781 330.0  30.0  107
 2.750  112.5 -90  45  60   0.781 330.0  30.0  114
 2.750  115.0 -90  45  72  -0.781   0.0   0.0  115
 2.750  117.5 -90  45  57  -0.781   0.0   0.0  114
 2.750  120.0 -90  45  63   0.781 330.0  30.0  121
 2.750  122.5 -90  45  69   0.781 330.0  30.0  121
 2.750  125.0 -90  45  57   0.781  30.0  30.0  121
 2.750  127.5 -90  45  66   0.781 330.0  30.0  126
 2.750  130.0 -90  45  66   0.781 330.0  30.0  128
 2.750  132.5 -90  45  63   0.781 330.0  30.0  130
 2.750  135.0 -90  45  66   0.781 330.0  30.0  133
 2.750  137.5 -90  45  63   0.781 330.0  30.0  135
 2.750  142.5 -90  45  54   0.781 330.0  30.0  143
 2.750  152.5 -90  45  54   0.781 330.0  30.0  152
 2.750  162.5 -90  45  54   0.781 330.0  30.0  163
 2.750  165.0 -90  45  54   0.781 150.0  30.0  161
 2.750  217.5 -90  45  54   0.781 330.0  30.0  216
 2.750  222.5 -90  45  54   0.781 330.0  30.0  223
 2.750  230.0 -90  45  54   0.781 330.0  30.0  228
 2.750  317.5 -90  45  63  -0.781   0.0   0.0  319
 2.750  320.0 -90  45  75  -0.781   0.0   0.0  320
 2.750  322.5 -90  45  63  -0.781   0.0   0.0  320
 2.750  325.0 -90  45  60  -0.781   0.0   0.0  324
 2.750  510.0 -90  45  63   0.781   0.0   0.0  509
 2.750  512.5 -90  45  60   0.781   0.0   0.0  510
 2.750  515.0 -90  45  57   0.781   0.0   0.0  515
 2.750  517.5 -90  45  60   0.781   0.0   0.0  518
 2.750  520.0 -90  45  60   0.781   0.0   0.0  518
 2.750  522.5 -90  45  60  -0.781   0.0   0.0  522
 2.750  525.0 -90  45  60  -0.781   0.0   0.0  524
 2.750  527.5 -90  45  60  -0.781   0.0   0.0  527
 2.750  542.5 -90  45  54  -0.781  30.0  30.0  543
 2.750  630.0 -90  45  54  -0.781 150.0  30.0  631
 2.750  632.5 -90  45  63  -0.781   0.0   0.0  631
 2.750  635.0 -90  45  63  -0.781   0.0   0.0  635
 2.750  640.0 -90  45  57  -0.781   0.0   0.0  639
 2.750  710.0 -90  45  54  -0.781   0.0   0.0  709
 2.800  112.5  90  51  60   0.781 330.0  30.0  111
 2.800  120.0  90  51  60   0.781 330.0  30.0  118
 2.800  122.5  90  51  63   0.781   0.0   0.0  120
 2.800  125.0  90  51  63   0.781 330.0  30.0  125
 2.800  132.5  90  51  60   0.781 330.0  30.0  133
 2.800  317.5  90  51  78  -0.781   0.0   0.0  318
 2.800  320.0  90  51  84  -0.781   0.0   0.0  319
 2.800  322.5  90  51  69  -0.781   0.0   0.0  320
 2.800  325.0  90  51  60   0.781   0.0   0.0  321
 2.800  332.5  90  51  60  -0.781   0.0   0.0  331
 2.800  517.5  90  51  60  -0.781 150.0  30.0  518
 2.800  520.0  90  51  60  -0.781 150.0  30.0  517
 2.800  630.0  90  51  63  -0.781   0.0   0.0  631
 2.800  635.0  90  51  72  -0.781   0.0   0.0  636
 2.800  637.5  90  51  69  -0.781   0.0   0.0  636
 2.800  640.0  90  51  66  -0.781   0.0   0.0  640
 2.800  952.5  90  51  63  -0.781   0.0   0.0  953
 2.800  955.0  90  51  60  -0.781   0.0   0.0  954
 2.800  102.5 -90  45  57   0.781   0.0   0.0  104
 2.800  105.0 -90  45  69   0.781   0.0   0.0  103
 2.800  107.5 -90  45  66   0.781   0.0   0.0  106
 2.800  110.0 -90  45  63   0.781   0.0   0.0  108
 2.800  112.5 -90  45  57   0.781 330.0  30.0  113
 2.800  115.0 -90  45  72  -0.781   0.0   0.0  115
 2.800  117.5 -90  45  69   0.781   0.0   0.0  115
 2.800  120.0 -90  45  69   0.781 330.0  30.0  121
 2.800  122.5 -90  45  72   0.781 330.0  30.0  120
 2.800  125.0 -90  45  66   0.781 330.0  30.0  122
 2.800  127.5 -90  45  57   0.781  30.0  30.0  125
 2.800  130.0 -90  45  54   0.781  30.0  30.0  128
 2.800  132.5 -90  45  63   0.781 330.0  30.0  132
 2.800  135.0 -90  45  69   0.781 330.0  30.0  134
 2.800  137.5 -90  45  54   0.781 330.0  30.0  137
 2.800  140.0 -90  45  57   0.781 330.0  30.0  141
 2.800  142.5 -90  45  60   0.781 330.0  30.0  140
 2.800  145.0 -90  45  60   0.781 330.0  30.0  144
 2.800  147.5 -90  45  54   0.781 330.0  30.0  145
 2.800  150.0 -90  45  57   0.781 330.0  30.0  149
 2.800  152.5 -90  45  54   0.781 330.0  30.0  145
 2.800  155.0 -90  45  54   0.781 330.0  30.0  153
 2.800  157.5 -90  45  57   0.781  30.0  30.0  154
 2.800  160.0 -90  45  54   0.781 150.0  30.0  155
 2.800  162.5 -90  45  54   0.781  30.0  30.0  160
 2.800  172.5 -90  45  54   0.781 330.0  30.0  169
 2.800  217.5 -90  45  54   0.781 330.0  30.0  217
 2.800  230.0 -90  45  54   0.781 330.0  30.0  228
 2.800  317.5 -90  45  60  -0.781 270.0  30.0  320
 2.800  320.0 -90  45  66  -0.781   0.0   0.0  318
 2.800  322.5 -90  45  66  -0.781   0.0   0.0  321
 2.800  325.0 -90  45  54  -0.781   0.0   0.0  328
 2.800  327.5 -90  45  57  -0.781   0.0   0.0  327
 2.800  330.0 -90  45  54   0.781   0.0   0.0  330
 2.800  332.5 -90  45  57   0.781   0.0   0.0  332
 2.800  335.0 -90  45  54   0.781   0.0   0.0  331
 2.800  442.5 -90  45  54  -0.781   0.0   0.0  442
 2.800  510.0 -90  45  60   0.781   0.0   0.0  510
 2.800  515.0 -90  45  60   0.781   0.0   0.0  513
 2.800  517.5 -90  45  57   0.781   0.0   0.0  519
 2.800  520.0 -90  45  63   0.781   0.0   0.0  519
 2.800  522.5 -90  45  63   0.781   0.0   0.0  521
 2.800  525.0 -90  45  57  -0.781   0.0   0.0  525
 2.800  527.5 -90  45  57  -0.781   0.0   0.0  525
 2.800  532.5 -90  45  57  -0.781   0.0   0.0  531
 2.800  535.0 -90  45  54  -0.781   0.0   0.0  535
 2.800  542.5 -90  45  54  -0.781   0.0   0.0  543
 2.800  545.0 -90  45  54  -0.781   0.0   0.0  548
 2.800  552.5 -90  45  54  -0.781  30.0  30.0  548
 2.800  632.5 -90  45  63  -0.781   0.0   0.0  633
 2.800  635.0 -90  45  66  -0.781   0.0   0.0  634
 2.800  637.5 -90  45  63  -0.781   0.0   0.0  637
 2.800  640.0 -90  45  60  -0.781   0.0   0.0  638
 2.800  642.5 -90  45  60  -0.781   0.0   0.0  642
 2.800  645.0 -90  45  57  -0.781   0.0   0.0  646
 2.850  105.0  90  42  54   0.781   0.0   0.0  104
 2.850  112.5  90  42  54   0.781 330.0  30.0  113
 2.850  115.0  90  42  60   0.781 330.0  30.0  113
 2.850  120.0  90  42  54   0.781 330.0  30.0  120
 2.850  122.5  90  42  54   0.781 330.0  30.0  121
 2.850  125.0  90  42  51   0.781 330.0  30.0  122
 2.850  130.0  90  42  57   0.781 330.0  30.0  129
 2.850  132.5  90  42  51   0.781 150.0  30.0  131
 2.850  135.0  90  42  57   0.781 330.0  30.0  133
 2.850  137.5  90  42  57   0.781 330.0  30.0  136
 2.850  150.0  90  42  51   0.781 330.0  30.0  148
 2.850  152.5  90  42  51   0.781 330.0  30.0  150
 2.850  155.0  90  42  51   0.781 330.0  30.0  151
 2.850  162.5  90  42  51   0.781 330.0  30.0  160
 2.850  165.0  90  42  54   0.781 330.0  30.0  164
 2.850  177.5  90  42  51   0.781 330.0  30.0  178
 2.850  317.5  90  42  69  -0.781   0.0   0.0  319
 2.850  320.0  90  42  87  -0.781   0.0   0.0  320
 2.850  322.5  90  42  75  -0.781   0.0   0.0  320
 2.850  325.0  90  42  60  -0.781   0.0   0.0  323
 2.850  330.0  90  42  57  -0.781   0.0   0.0  331
 2.850  332.5  90  42  60  -0.781   0.0   0.0  332
 2.850  335.0  90  42  54  -0.781 330.0  30.0  334
 2.850  342.5  90  42  51   0.781 330.0  30.0  341
 2.850  345.0  90  42  51   0.781  30.0  30.0  344
 2.850  440.0  90  42  51   0.781   0.0   0.0  439
 2.850  515.0  90  42  54  -0.781 210.0  30.0  515
 2.850  517.5  90  42  54  -0.781 150.0  30.0  517
 2.850  520.0  90  42  60  -0.781   0.0   0.0  520
 2.850  522.5  90  42  60  -0.781   0.0   0.0  521
 2.850  525.0  90  42  54  -0.781 210.0  30.0  524
 2.850  527.5  90  42  51  -0.781 210.0  30.0  527
 2.850  540.0  90  42  51  -0.781   0.0   0.0  541
 2.850  542.5  90  42  54  -0.781   0.0   0.0  541
 2.850  635.0  90  42  66  -0.781   0.0   0.0  634
 2.850  637.5  90  42  63  -0.781   0.0   0.0  638
 2.850  640.0  90  42  69  -0.781   0.0   0.0  640
 2.850  645.0  90  42  60  -0.781   0.0   0.0  645
 2.850  647.5  90  42  57  -0.781   0.0   0.0  646
 2.850  650.0  90  42  54  -0.781   0.0   0.0  650
 2.850  652.5  90  42  51  -0.781   0.0   0.0  651
 2.850  657.5  90  42  51  -0.781 330.0  30.0  654
 2.850  745.0  90  42  51  -0.781 270.0  30.0  750
 2.850  747.5  90  42  54  -0.781 210.0  30.0  747
 2.850  847.5  90  42  51  -0.781 210.0  30.0  849
 2.850  950.0  90  42  57  -0.781   0.0   0.0  951
 2.850  952.5  90  42  60  -0.781   0.0   0.0  954
 2.850  955.0  90  42  60  -0.781   0.0   0.0  955
 2.850  957.5  90  42  60  -0.781   0.0   0.0  958
 2.850  960.0  90  42  54  -0.781   0.0   0.0  960
 2.850  962.5  90  42  54  -0.781   0.0   0.0  963
 2.850  965.0  90  42  51  -0.781   0.0   0.0  967
 2.850 1275.0  90  42  54  -0.781   0.0   0.0 1275
 2.850 1277.5  90  42  54  -0.781   0.0   0.0 1278
 2.850  105.0 -90  42  69   0.781   0.0   0.0  104
 2.850  107.5 -90  42  63   0.781 330.0  30.0  106
 2.850  110.0 -90  42  63   0.781 330.0  30.0  109
 2.850  112.5 -90  42  63   0.781 330.0  30.0  112
 2.850  115.0 -90  42  72   0.781 330.0  30.0  115
 2.850  117.5 -90  42  69   0.781 330.0  30.0  116
 2.850  120.0 -90  42  60  -0.781   0.0   0.0  119
 2.850  122.5 -90  42  63   0.781 330.0  30.0  121
 2.850  125.0 -90  42  54   0.781 150.0  30.0  120
 2.850  127.5 -90  42  51   0.781 330.0  30.0  128
 2.850  130.0 -90  42  54   0.781 330.0  30.0  131
 2.850  132.5 -90  42  54   0.781 330.0  30.0  130
 2.850  135.0 -90  42  60   0.781 330.0  30.0  133
 2.850  137.5 -90  42  57   0.781 330.0  30.0  136
 2.850  140.0 -90  42  54   0.781 330.0  30.0  137
 2.850  142.5 -90  42  57   0.781 330.0  30.0  139
 2.850  145.0 -90  42  54   0.781 330.0  30.0  141
 2.850  150.0 -90  42  54   0.781 330.0  30.0  147
 2.850  155.0 -90  42  51   0.781 330.0  30.0  144
 2.850  162.5 -90  42  54   0.781 150.0  30.0  163
 2.850  165.0 -90  42  51  -0.781 150.0  30.0  161
 2.850  167.5 -90  42  51   0.781 330.0  30.0  166
 2.850  210.0 -90  42  51  -0.781   0.0   0.0  208
 2.850  220.0 -90  42  57   0.781 330.0  30.0  220
 2.850  222.5 -90  42  57   0.781 330.0  30.0  222
 2.850  230.0 -90  42  51   0.781 330.0  30.0  227
 2.850  232.5 -90  42  57   0.781 330.0  30.0  232
 2.850  235.0 -90  42  51   0.781 330.0  30.0  233
 2.850  237.5 -90  42  51   0.781 330.0  30.0  238
 2.850  242.5 -90  42  51   0.781 330.0  30.0  242
 2.850  317.5 -90  42  54  -0.781 270.0  30.0  317
 2.850  320.0 -90  42  75  -0.781   0.0   0.0  321
 2.850  322.5 -90  42  78  -0.781   0.0   0.0  322
 2.850  325.0 -90  42  63  -0.781   0.0   0.0  324
 2.850  327.5 -90  42  60  -0.781 330.0  30.0  328
 2.850  330.0 -90  42  57  -0.781   0.0   0.0  328
 2.850  335.0 -90  42  51   0.781 330.0  30.0  334
 2.850  337.5 -90  42  51   0.781   0.0   0.0  336
 2.850  427.5 -90  42  51   0.781   0.0   0.0  425
 2.850  437.5 -90  42  54  -0.781   0.0   0.0  437
 2.850  440.0 -90  42  51  -0.781   0.0   0.0  439
 2.850  510.0 -90  42  54   0.781 210.0  30.0  510
 2.850  512.5 -90  42  63   0.781 210.0  30.0  511
 2.850  515.0 -90  42  57   0.781 210.0  30.0  514
 2.850  517.5 -90  42  51  -0.781 210.0  30.0  517
 2.850  522.5 -90  42  51   0.781   0.0   0.0  522
 2.850  525.0 -90  42  57   0.781   0.0   0.0  523
 2.850  530.0 -90  42  51   0.781   0.0   0.0  529
 2.850  532.5 -90  42  60  -0.781   0.0   0.0  533
 2.850  535.0 -90  42  57  -0.781   0.0   0.0  533
 2.850  552.5 -90  42  51  -0.781   0.0   0.0  551
 2.850  632.5 -90  42  60  -0.781   0.0   0.0  633
 2.850  635.0 -90  42  63  -0.781   0.0   0.0  635
 2.850  637.5 -90  42  60  -0.781   0.0   0.0  639
 2.850  640.0 -90  42  60  -0.781   0.0   0.0  639
 2.850  642.5 -90  42  51  -0.781   0.0   0.0  642
 2.850  727.5 -90  42  51  -0.781   0.0   0.0  728
 2.850  730.0 -90  42  54  -0.781   0.0   0.0  729
 2.850  745.0 -90  42  51  -0.781   0.0   0.0  745
 2.850  747.5 -90  42  51  -0.781   0.0   0.0  747
 2.850  750.0 -90  42  51  -0.781   0.0   0.0  749
 2.850  952.5 -90  42  54  -0.781   0.0   0.0  953
 2.850  955.0 -90  42  54  -0.781   0.0   0.0  956
 2.900  107.5  90  42  54   0.781   0.0   0.0  105
 2.900  110.0  90  42  51   0.781 330.0  30.0  109
 2.900  112.5  90  42  60   0.781 330.0  30.0  111
 2.900  115.0  90  42  57   0.781   0.0   0.0  113
 2.900  117.5  90  42  54   0.781 330.0  30.0  116
 2.900  122.5  90  42  51   0.781  90.0  30.0  121
 2.900  127.5  90  42  60   0.781 330.0  30.0  126
 2.900  130.0  90  42  63   0.781 330.0  30.0  128
 2.900  132.5  90  42  54   0.781   0.0   0.0  131
 2.900  137.5  90  42  54   0.781 330.0  30.0  137
 2.900  140.0  90  42  57   0.781 330.0  30.0  138
 2.900  142.5  90  42  60   0.781 330.0  30.0  141
 2.900  145.0  90  42  51   0.781 150.0  30.0  141
 2.900  147.5  90  42  54   0.781 330.0  30.0  146
 2.900  152.5  90  42  54   0.781 330.0  30.0  152
 2.900  165.0  90  42  51   0.781 330.0  30.0  166
 2.900  167.5  90  42  51   0.781 330.0  30.0  165
 2.900  180.0  90  42  51   0.781 330.0  30.0  181
 2.900  317.5  90  42  57  -0.781   0.0   0.0  321
 2.900  320.0  90  42  81  -0.781   0.0   0.0  321
 2.900  322.5  90  42  84  -0.781   0.0   0.0  321
 2.900  325.0  90  42  60  -0.781   0.0   0.0  323
 2.900  327.5  90  42  57  -0.781   0.0   0.0  325
 2.900  330.0  90  42  57   0.781 330.0  30.0  331
 2.900  332.5  90  42  57   0.781   0.0   0.0  332
 2.900  335.0  90  42  54  -0.781   0.0   0.0  337
 2.900  342.5  90  42  51   0.781  30.0  30.0  342
 2.900  345.0  90  42  51   0.781  30.0  30.0  347
 2.900  517.5  90  42  51   0.781 150.0  30.0  517
 2.900  520.0  90  42  51  -0.781 150.0  30.0  519
 2.900  522.5  90  42  57  -0.781 150.0  30.0  521
 2.900  525.0  90  42  57  -0.781 150.0  30.0  525
 2.900  527.5  90  42  57  -0.781   0.0   0.0  527
 2.900  530.0  90  42  54  -0.781   0.0   0.0  531
 2.900  532.5  90  42  54  -0.781   0.0   0.0  532
 2.900  535.0  90  42  51  -0.781 150.0  30.0  538
 2.900  550.0  90  42  54  -0.781   0.0   0.0  548
 2.900  552.5  90  42  54  -0.781   0.0   0.0  551
 2.900  555.0  90  42  57  -0.781   0.0   0.0  556
 2.900  557.5  90  42  54  -0.781   0.0   0.0  559
 2.900  635.0  90  42  63  -0.781   0.0   0.0  634
 2.900  637.5  90  42  69  -0.781   0.0   0.0  638
 2.900  640.0  90  42  63  -0.781   0.0   0.0  637
 2.900  642.5  90  42  69  -0.781   0.0   0.0  642
 2.900  645.0  90  42  72  -0.781   0.0   0.0  645
 2.900  647.5  90  42  66  -0.781   0.0   0.0  646
 2.900  650.0  90  42  51  -0.781 150.0  30.0  651
 2.900  652.5  90  42  51  -0.781   0.0   0.0  652
 2.900  657.5  90  42  54  -0.781   0.0   0.0  658
 2.900  750.0  90  42  51  -0.781   0.0   0.0  751
 2.900  865.0  90  42  51  -0.781   0.0   0.0  867
 2.900  952.5  90  42  51  -0.781   0.0   0.0  956
 2.900  955.0  90  42  60  -0.781   0.0   0.0  956
 2.900  957.5  90  42  51  -0.781   0.0   0.0  956
 2.900  960.0  90  42  60  -0.781   0.0   0.0  961
 2.900  962.5  90  42  63  -0.781   0.0   0.0  961
 2.900  965.0  90  42  57  -0.781   0.0   0.0  967
 2.900  967.5  90  42  51  -0.781   0.0   0.0  968
 2.900  970.0  90  42  54  -0.781   0.0   0.0  970
 2.900  975.0  90  42  51  -0.781   0.0   0.0  976
 2.900 1277.5  90  42  51  -2.344   0.0   0.0 1281
 2.900 1280.0  90  42  57  -0.781   0.0   0.0 1281
 2.900 1282.5  90  42  54  -2.344   0.0   0.0 1284
 2.900  102.5 -90  39  54   0.781   0.0   0.0  104
 2.900  105.0 -90  39  66   0.781   0.0   0.0  104
 2.900  107.5 -90  39  63   0.781   0.0   0.0  105
 2.900  110.0 -90  39  60   0.781 330.0  30.0  110
 2.900  112.5 -90  39  69   0.781 330.0  30.0  112
 2.900  115.0 -90  39  66  -0.781   0.0   0.0  116
 2.900  117.5 -90  39  69   0.781   0.0   0.0  115
 2.900  120.0 -90  39  69   0.781 330.0  30.0  118
 2.900  122.5 -90  39  69   0.781 330.0  30.0  121
 2.900  125.0 -90  39  48   0.781  90.0  30.0  120
 2.900  127.5 -90  39  63   0.781 330.0  30.0  125
 2.900  130.0 -90  39  63   0.781 330.0  30.0  129
 2.900  132.5 -90  39  54   0.781 330.0  30.0  129
 2.900  135.0 -90  39  57   0.781  30.0  30.0  134
 2.900  137.5 -90  39  63   0.781 330.0  30.0  136
 2.900  140.0 -90  39  54   0.781 330.0  30.0  136
 2.900  142.5 -90  39  60   0.781 330.0  30.0  140
 2.900  145.0 -90  39  54   0.781 330.0  30.0  143
 2.900  147.5 -90  39  54   0.781 330.0  30.0  147
 2.900  150.0 -90  39  60   0.781 330.0  30.0  147
 2.900  155.0 -90  39  51   0.781 330.0  30.0  154
 2.900  157.5 -90  39  54   0.781 150.0  30.0  156
 2.900  162.5 -90  39  54  -0.781   0.0   0.0  162
 2.900  165.0 -90  39  51   0.781 150.0  30.0  164
 2.900  167.5 -90  39  48   0.781 330.0  30.0  165
 2.900  172.5 -90  39  51   0.781 330.0  30.0  170
 2.900  177.5 -90  39  48   0.781 330.0  30.0  175
 2.900  190.0 -90  39  48   0.781 330.0  30.0  188
 2.900  215.0 -90  39  48   0.781 330.0  30.0  213
 2.900  217.5 -90  39  48   0.781  30.0  30.0  216
 2.900  220.0 -90  39  51   0.781 330.0  30.0  217
 2.900  222.5 -90  39  54   0.781 330.0  30.0  223
 2.900  225.0 -90  39  51   0.781 330.0  30.0  221
 2.900  230.0 -90  39  57   0.781 330.0  30.0  227
 2.900  232.5 -90  39  48   0.781 330.0  30.0  225
 2.900  235.0 -90  39  48  -0.781   0.0   0.0  231
 2.900  237.5 -90  39  48  -0.781   0.0   0.0  234
 2.900  240.0 -90  39  51   0.781 330.0  30.0  239
 2.900  242.5 -90  39  48   0.781 330.0  30.0  242
 2.900  245.0 -90  39  48   0.781 330.0  30.0  244
 2.900  247.5 -90  39  51   0.781   0.0   0.0  247
 2.900  250.0 -90  39  51   0.781   0.0   0.0  247
 2.900  252.5 -90  39  48   0.781  30.0  30.0  251
 2.900  255.0 -90  39  51   0.781   0.0   0.0  254
 2.900  257.5 -90  39  48  -0.781   0.0   0.0  259
 2.900  270.0 -90  39  48   0.781 330.0  30.0  266
 2.900  320.0 -90  39  63  -0.781   0.0   0.0  319
 2.900  322.5 -90  39  72  -0.781   0.0   0.0  322
 2.900  325.0 -90  39  63  -0.781   0.0   0.0  323
 2.900  327.5 -90  39  63  -0.781   0.0   0.0  329
 2.900  330.0 -90  39  63  -0.781   0.0   0.0  329
 2.900  332.5 -90  39  48   0.781 330.0  30.0  330
 2.900  335.0 -90  39  48   0.781 330.0  30.0  334
 2.900  337.5 -90  39  48   0.781   0.0   0.0  333
 2.900  345.0 -90  39  48  -0.781   0.0   0.0  344
 2.900  432.5 -90  39  48   0.781   0.0   0.0  430
 2.900  435.0 -90  39  54   0.781   0.0   0.0  434
 2.900  437.5 -90  39  54  -0.781   0.0   0.0  438
 2.900  440.0 -90  39  51  -0.781   0.0   0.0  439
 2.900  452.5 -90  39  48  -0.781 330.0  30.0  453
 2.900  457.5 -90  39  48  -0.781   0.0   0.0  456
 2.900  512.5 -90  39  57   0.781 150.0  30.0  513
 2.900  515.0 -90  39  57   0.781 150.0  30.0  513
 2.900  517.5 -90  39  48   0.781   0.0   0.0  518
 2.900  520.0 -90  39  54   0.781   0.0   0.0  522
 2.900  522.5 -90  39  63   0.781   0.0   0.0  521
 2.900  525.0 -90  39  51  -0.781   0.0   0.0  525
 2.900  527.5 -90  39  51   0.781   0.0   0.0  526
 2.900  530.0 -90  39  57  -0.781   0.0   0.0  529
 2.900  532.5 -90  39  54  -0.781   0.0   0.0  532
 2.900  535.0 -90  39  54  -0.781   0.0   0.0  535
 2.900  537.5 -90  39  48  -0.781   0.0   0.0  533
 2.900  540.0 -90  39  48  -0.781  30.0  30.0  540
 2.900  545.0 -90  39  54  -0.781   0.0   0.0  545
 2.900  547.5 -90  39  48  -0.781   0.0   0.0  546
 2.900  550.0 -90  39  51  -0.781   0.0   0.0  549
 2.900  562.5 -90  39  48  -0.781 210.0  30.0  562
 2.900  615.0 -90  39  48   0.781   0.0   0.0  607
 2.900  620.0 -90  39  48  -0.781   0.0   0.0  619
 2.900  632.5 -90  39  60   0.781   0.0   0.0  633
 2.900  635.0 -90  39  66  -0.781   0.0   0.0  634
 2.900  637.5 -90  39  54  -0.781   0.0   0.0  640
 2.900  640.0 -90  39  54  -0.781   0.0   0.0  638
 2.900  650.0 -90  39  57  -0.781   0.0   0.0  650
 2.900  652.5 -90  39  51  -0.781   0.0   0.0  652
 2.900  660.0 -90  39  48  -0.781   0.0   0.0  658
 2.900  672.5 -90  39  48  -0.781   0.0   0.0  676
 2.900  712.5 -90  39  48   0.781   0.0   0.0  710
 2.900  715.0 -90  39  51   0.781   0.0   0.0  711
 2.900  717.5 -90  39  48   0.781   0.0   0.0  715
 2.900  725.0 -90  39  54  -0.781   0.0   0.0  726
 2.900  740.0 -90  39  48  -0.781   0.0   0.0  739
 2.900  750.0 -90  39  51  -0.781   0.0   0.0  751
 2.900  752.5 -90  39  48  -0.781   0.0   0.0  753
 2.900  755.0 -90  39  51  -0.781   0.0   0.0  757
 2.900  835.0 -90  39  48  -0.781   0.0   0.0  836
 2.900  837.5 -90  39  48  -0.781   0.0   0.0  838
 2.900  840.0 -90  39  48  -0.781   0.0   0.0  839
 2.900  845.0 -90  39  48  -0.781   0.0   0.0  845
 2.900  847.5 -90  39  51  -0.781 150.0  30.0  848
 2.900  855.0 -90  39  51  -0.781   0.0   0.0  856
 2.900  950.0 -90  39  48  -0.781   0.0   0.0  948
 2.900  960.0 -90  39  48  -0.781   0.0   0.0  959
 2.900  962.5 -90  39  48  -0.781   0.0   0.0  963
 2.900  965.0 -90  39  51  -0.781   0.0   0.0  965
 2.900 1042.5 -90  39  48  -0.781 330.0  30.0 1045
 2.950  107.5  90  42  51   0.781   0.0   0.0  105
 2.950  115.0  90  42  51   0.781 330.0  30.0  113
 2.950  120.0  90  42  54   0.781 330.0  30.0  119
 2.950  122.5  90  42  57   0.781 330.0  30.0  121
 2.950  125.0  90  42  60   0.781 330.0  30.0  124
 2.950  127.5  90  42  57   0.781   0.0   0.0  127
 2.950  130.0  90  42  57   0.781 330.0  30.0  129
 2.950  132.5  90  42  54   0.781 330.0  30.0  129
 2.950  135.0  90  42  57   0.781 330.0  30.0  133
 2.950  137.5  90  42  54   0.781  30.0  30.0  135
 2.950  140.0  90  42  57   0.781 330.0  30.0  138
 2.950  145.0  90  42  51   0.781   0.0   0.0  142
 2.950  147.5  90  42  51   0.781 330.0  30.0  147
 2.950  150.0  90  42  51   0.781 330.0  30.0  149
 2.950  160.0  90  42  54   0.781 330.0  30.0  159
 2.950  170.0  90  42  51   0.781 330.0  30.0  166
 2.950  172.5  90  42  51   0.781 150.0  30.0  171
 2.950  175.0  90  42  51   0.781 330.0  30.0  173
 2.950  312.5  90  42  51   0.781   0.0   0.0  303
 2.950  317.5  90  42  51  -0.781   0.0   0.0  320
 2.950  320.0  90  42  75  -0.781   0.0   0.0  322
 2.950  322.5  90  42  84  -0.781   0.0   0.0  322
 2.950  325.0  90  42  72  -0.781   0.0   0.0  323
 2.950  327.5  90  42  57  -0.781   0.0   0.0  329
 2.950  330.0  90  42  54  -0.781   0.0   0.0  329
 2.950  332.5  90  42  54  -0.781   0.0   0.0  337
 2.950  335.0  90  42  54  -0.781   0.0   0.0  334
 2.950  340.0  90  42  54   0.781 330.0  30.0  339
 2.950  350.0  90  42  51   0.781   0.0   0.0  353
 2.950  352.5  90  42  54   0.781   0.0   0.0  351
 2.950  522.5  90  42  54  -0.781 150.0  30.0  522
 2.950  525.0  90  42  57  -0.781 150.0  30.0  524
 2.950  537.5  90  42  54  -0.781 150.0  30.0  537
 2.950  555.0  90  42  51  -0.781 210.0  30.0  555
 2.950  560.0  90  42  54  -0.781   0.0   0.0  560
 2.950  575.0  90  42  51  -0.781 330.0  30.0  574
 2.950  592.5  90  42  51  -0.781   0.0   0.0  592
 2.950  635.0  90  42  57  -0.781 210.0  30.0  636
 2.950  637.5  90  42  66  -0.781   0.0   0.0  636
 2.950  640.0  90  42  63  -0.781   0.0   0.0  640
 2.950  642.5  90  42  69  -0.781   0.0   0.0  643
 2.950  645.0  90  42  72  -0.781   0.0   0.0  645
 2.950  647.5  90  42  60  -0.781   0.0   0.0  649
 2.950  650.0  90  42  60  -0.781   0.0   0.0  648
 2.950  652.5  90  42  57  -0.781   0.0   0.0  653
 2.950  655.0  90  42  54  -0.781   0.0   0.0  654
 2.950  660.0  90  42  51   0.781   0.0   0.0  660
 2.950  662.5  90  42  51  -0.781   0.0   0.0  662
 2.950  755.0  90  42  51  -0.781   0.0   0.0  753
 2.950  852.5  90  42  51  -0.781   0.0   0.0  854
 2.950  955.0  90  42  51   0.781   0.0   0.0  960
 2.950  957.5  90  42  54  -0.781   0.0   0.0  961
 2.950  962.5  90  42  63  -0.781   0.0   0.0  962
 2.950  965.0  90  42  57  -0.781   0.0   0.0  966
 2.950  967.5  90  42  54  -0.781   0.0   0.0  975
 2.950  970.0  90  42  63  -0.781   0.0   0.0  971
 2.950  972.5  90  42  54  -0.781   0.0   0.0  971
 2.950  975.0  90  42  51  -0.781   0.0   0.0  977
 2.950  977.5  90  42  51  -0.781   0.0   0.0  979
 2.950  980.0  90  42  51  -0.781   0.0   0.0  981
 2.950 1082.5  90  42  51  -2.344 210.0  30.0 1085
 2.950 1277.5  90  42  51  -0.781   0.0   0.0 1281
 2.950 1280.0  90  42  51  -0.781   0.0   0.0 1282
 2.950  105.0 -90  39  54   0.781   0.0   0.0  102
 2.950  107.5 -90  39  66   0.781   0.0   0.0  106
 2.950  110.0 -90  39  54   0.781   0.0   0.0  108
 2.950  112.5 -90  39  57   0.781  30.0  30.0  112
 2.950  115.0 -90  39  69   0.781   0.0   0.0  115
 2.950  117.5 -90  39  69   0.781   0.0   0.0  116
 2.950  120.0 -90  39  57   0.781   0.0   0.0  116
 2.950  122.5 -90  39  63   0.781 330.0  30.0  121
 2.950  125.0 -90  39  69   0.781 330.0  30.0  123
 2.950  127.5 -90  39  66   0.781 330.0  30.0  126
 2.950  130.0 -90  39  69   0.781 330.0  30.0  128
 2.950  132.5 -90  39  63   0.781 330.0  30.0  130
 2.950  135.0 -90  39  66   0.781 330.0  30.0  135
 2.950  137.5 -90  39  60   0.781 330.0  30.0  135
 2.950  140.0 -90  39  54   0.781 330.0  30.0  135
 2.950  142.5 -90  39  60   0.781 330.0  30.0  139
 2.950  145.0 -90  39  57   0.781 330.0  30.0  144
 2.950  147.5 -90  39  51   0.781   0.0   0.0  143
 2.950  150.0 -90  39  54   0.781 330.0  30.0  147
 2.950  152.5 -90  39  48   0.781   0.0   0.0  167
 2.950  155.0 -90  39  48   0.781 330.0  30.0  153
 2.950  162.5 -90  39  54   0.781  30.0  30.0  161
 2.950  165.0 -90  39  54   0.781 330.0  30.0  161
 2.950  167.5 -90  39  51   0.781 330.0  30.0  167
 2.950  175.0 -90  39  54   0.781 330.0  30.0  174
 2.950  182.5 -90  39  48   0.781 330.0  30.0  181
 2.950  190.0 -90  39  48   0.781 330.0  30.0  189
 2.950  207.5 -90  39  51   0.781 330.0  30.0  205
 2.950  215.0 -90  39  51   0.781   0.0   0.0  214
 2.950  220.0 -90  39  51   0.781 330.0  30.0  220
 2.950  222.5 -90  39  48  -0.781   0.0   0.0  223
 2.950  227.5 -90  39  48   0.781 330.0  30.0  225
 2.950  235.0 -90  39  48   0.781 330.0  30.0  229
 2.950  237.5 -90  39  48   0.781 330.0  30.0  237
 2.950  240.0 -90  39  48   0.781 330.0  30.0  236
 2.950  242.5 -90  39  48   0.781 330.0  30.0  241
 2.950  245.0 -90  39  54   0.781 330.0  30.0  243
 2.950  247.5 -90  39  51   0.781 330.0  30.0  245
 2.950  250.0 -90  39  51   0.781 330.0  30.0  250
 2.950  252.5 -90  39  48   0.781  30.0  30.0  251
 2.950  262.5 -90  39  48   0.781  30.0  30.0  263
 2.950  265.0 -90  39  48   0.781  30.0  30.0  264
 2.950  277.5 -90  39  48   0.781  30.0  30.0  281
 2.950  320.0 -90  39  69  -0.781   0.0   0.0  321
 2.950  322.5 -90  39  60  -0.781 150.0  30.0  323
 2.950  325.0 -90  39  72  -0.781   0.0   0.0  323
 2.950  327.5 -90  39  63  -0.781   0.0   0.0  328
 2.950  330.0 -90  39  57  -0.781   0.0   0.0  332
 2.950  332.5 -90  39  63  -0.781   0.0   0.0  331
 2.950  335.0 -90  39  54   0.781 330.0  30.0  333
 2.950  337.5 -90  39  54  -0.781   0.0   0.0  338
 2.950  340.0 -90  39  54   0.781   0.0   0.0  338
 2.950  342.5 -90  39  48   0.781 330.0  30.0  342
 2.950  347.5 -90  39  48   0.781 330.0  30.0  349
 2.950  427.5 -90  39  48   0.781   0.0   0.0  425
 2.950  437.5 -90  39  54  -0.781   0.0   0.0  437
 2.950  440.0 -90  39  51  -0.781   0.0   0.0  439
 2.950  455.0 -90  39  48  -0.781   0.0   0.0  457
 2.950  512.5 -90  39  48   0.781   0.0   0.0  514
 2.950  515.0 -90  39  66   0.781 150.0  30.0  514
 2.950  517.5 -90  39  57   0.781 150.0  30.0  515
 2.950  520.0 -90  39  48  -0.781 150.0  30.0  524
 2.950  522.5 -90  39  54   0.781 150.0  30.0  519
 2.950  525.0 -90  39  60   0.781   0.0   0.0  525
 2.950  527.5 -90  39  57   0.781   0.0   0.0  524
 2.950  530.0 -90  39  51  -0.781   0.0   0.0  529
 2.950  532.5 -90  39  48  -0.781   0.0   0.0  533
 2.950  535.0 -90  39  54   0.781   0.0   0.0  532
 2.950  537.5 -90  39  51  -0.781  90.0  30.0  538
 2.950  540.0 -90  39  51  -0.781   0.0   0.0  539
 2.950  545.0 -90  39  57  -0.781   0.0   0.0  545
 2.950  547.5 -90  39  54  -0.781   0.0   0.0  547
 2.950  552.5 -90  39  48  -0.781   0.0   0.0  551
 2.950  562.5 -90  39  51  -0.781   0.0   0.0  562
 2.950  565.0 -90  39  51  -0.781   0.0   0.0  564
 2.950  630.0 -90  39  48   0.781   0.0   0.0  630
 2.950  632.5 -90  39  54  -0.781   0.0   0.0  632
 2.950  635.0 -90  39  60  -0.781   0.0   0.0  634
 2.950  637.5 -90  39  63  -0.781   0.0   0.0  638
 2.950  640.0 -90  39  57  -0.781   0.0   0.0  638
 2.950  642.5 -90  39  48  -0.781 150.0  30.0  644
 2.950  645.0 -90  39  54  -0.781 150.0  30.0  647
 2.950  647.5 -90  39  48  -0.781   0.0   0.0  647
 2.950  650.0 -90  39  54  -0.781   0.0   0.0  649
 2.950  715.0 -90  39  48   0.781 210.0  30.0  714
 2.950  717.5 -90  39  48  -0.781   0.0   0.0  718
 2.950  720.0 -90  39  48   0.781   0.0   0.0  718
 2.950  732.5 -90  39  54  -0.781   0.0   0.0  733
 2.950  735.0 -90  39  54  -0.781   0.0   0.0  735
 2.950  745.0 -90  39  48  -0.781   0.0   0.0  743
 2.950  747.5 -90  39  48  -0.781   0.0   0.0  748
 2.950  750.0 -90  39  51  -0.781   0.0   0.0  749
 2.950  752.5 -90  39  48  -0.781 150.0  30.0  756
 2.950  757.5 -90  39  48  -0.781   0.0   0.0  757
 2.950  840.0 -90  39  48  -0.781   0.0   0.0  839
 2.950  842.5 -90  39  48   0.781   0.0   0.0  842
 2.950  855.0 -90  39  48  -0.781 150.0  30.0  856
 2.950  862.5 -90  39  48  -0.781   0.0   0.0  864
 2.950  955.0 -90  39  48  -2.344   0.0   0.0  957
 2.950  960.0 -90  39  48  -0.781   0.0   0.0  963
 3.000  110.0  90  42  51   0.781   0.0   0.0  106
 3.000  112.5  90  42  54   0.781 330.0  30.0  114
 3.000  115.0  90  42  60   0.781 330.0  30.0  113
 3.000  117.5  90  42  54   0.781 330.0  30.0  116
 3.000  120.0  90  42  51   0.781 330.0  30.0  121
 3.000  122.5  90  42  51   0.781  30.0  30.0  119
 3.000  125.0  90  42  57   0.781   0.0   0.0  124
 3.000  127.5  90  42  60   0.781 330.0  30.0  126
 3.000  130.0  90  42  54   0.781 330.0  30.0  128
 3.000  132.5  90  42  57   0.781 330.0  30.0  131
 3.000  135.0  90  42  51   0.781 270.0  30.0  133
 3.000  137.5  90  42  57   0.781 330.0  30.0  138
 3.000  140.0  90  42  57   0.781 330.0  30.0  137
 3.000  145.0  90  42  54   0.781 330.0  30.0  145
 3.000  155.0  90  42  51   0.781 330.0  30.0  152
 3.000  167.5  90  42  51   0.781   0.0   0.0  166
 3.000  172.5  90  42  54   0.781 330.0  30.0  171
 3.000  320.0  90  42  60  -0.781   0.0   0.0  323
 3.000  322.5  90  42  84  -0.781   0.0   0.0  323
 3.000  325.0  90  42  84  -0.781   0.0   0.0  324
 3.000  327.5  90  42  66  -0.781   0.0   0.0  325
 3.000  330.0  90  42  60  -0.781   0.0   0.0  329
 3.000  332.5  90  42  51  -0.781   0.0   0.0  333
 3.000  335.0  90  42  54   0.781   0.0   0.0  335
 3.000  337.5  90  42  57   0.781   0.0   0.0  338
 3.000  340.0  90  42  57   0.781 330.0  30.0  338
 3.000  522.5  90  42  54  -0.781 150.0  30.0  522
 3.000  525.0  90  42  54  -0.781 210.0  30.0  523
 3.000  527.5  90  42  51  -0.781 150.0  30.0  526
 3.000  535.0  90  42  54  -0.781 210.0  30.0  534
 3.000  550.0  90  42  51  -0.781   0.0   0.0  549
 3.000  557.5  90  42  54  -0.781   0.0   0.0  558
 3.000  562.5  90  42  54  -0.781   0.0   0.0  562
 3.000  607.5  90  42  51  -0.781   0.0   0.0  605
 3.000  637.5  90  42  63  -0.781   0.0   0.0  639
 3.000  640.0  90  42  72  -0.781   0.0   0.0  640
 3.000  642.5  90  42  60  -0.781   0.0   0.0  643
 3.000  645.0  90  42  72  -0.781   0.0   0.0  645
 3.000  647.5  90  42  57  -0.781 150.0  30.0  643
 3.000  650.0  90  42  63  -0.781   0.0   0.0  649
 3.000  655.0  90  42  57  -0.781   0.0   0.0  655
 3.000  657.5  90  42  54  -0.781   0.0   0.0  658
 3.000  660.0  90  42  54  -0.781   0.0   0.0  662
 3.000  755.0  90  42  51  -0.781   0.0   0.0  755
 3.000  757.5  90  42  51  -0.781   0.0   0.0  757
 3.000  760.0  90  42  51  -0.781   0.0   0.0  760
 3.000  770.0  90  42  51  -0.781   0.0   0.0  768
 3.000  860.0  90  42  51  -0.781   0.0   0.0  860
 3.000  960.0  90  42  57  -0.781   0.0   0.0  961
 3.000  970.0  90  42  60  -0.781   0.0   0.0  971
 3.000  975.0  90  42  57  -0.781   0.0   0.0  977
 3.000  105.0 -90  42  63   0.781   0.0   0.0  104
 3.000  107.5 -90  42  66   0.781   0.0   0.0  106
 3.000  112.5 -90  42  57   0.781 330.0  30.0  112
 3.000  115.0 -90  42  57   0.781  30.0  30.0  113
 3.000  117.5 -90  42  57  -0.781   0.0   0.0  116
 3.000  120.0 -90  42  63   0.781 330.0  30.0  117
 3.000  122.5 -90  42  57   0.781 330.0  30.0  117
 3.000  125.0 -90  42  63   0.781 330.0  30.0  123
 3.000  127.5 -90  42  51   0.781 330.0  30.0  121
 3.000  132.5 -90  42  57   0.781 330.0  30.0  131
 3.000  135.0 -90  42  63   0.781 330.0  30.0  133
 3.000  137.5 -90  42  60   0.781  30.0  30.0  135
 3.000  140.0 -90  42  57   0.781 330.0  30.0  138
 3.000  142.5 -90  42  51   0.781 330.0  30.0  139
 3.000  145.0 -90  42  51   0.781 330.0  30.0  142
 3.000  147.5 -90  42  51   0.781 330.0  30.0  144
 3.000  150.0 -90  42  51   0.781 330.0  30.0  147
 3.000  155.0 -90  42  51   0.781 330.0  30.0  153
 3.000  157.5 -90  42  51   0.781 330.0  30.0  154
 3.000  162.5 -90  42  54  -0.781 150.0  30.0  162
 3.000  177.5 -90  42  51   0.781 330.0  30.0  174
 3.000  215.0 -90  42  51   0.781   0.0   0.0  212
 3.000  222.5 -90  42  51   0.781 330.0  30.0  222
 3.000  225.0 -90  42  57   0.781 330.0  30.0  224
 3.000  230.0 -90  42  51   0.781 330.0  30.0  228
 3.000  320.0 -90  42  66  -0.781   0.0   0.0  321
 3.000  322.5 -90  42  75  -0.781   0.0   0.0  322
 3.000  325.0 -90  42  63  -0.781 150.0  30.0  324
 3.000  327.5 -90  42  57  -0.781   0.0   0.0  327
 3.000  337.5 -90  42  54  -0.781 330.0  30.0  336
 3.000  342.5 -90  42  51  -0.781   0.0   0.0  341
 3.000  435.0 -90  42  51  -0.781   0.0   0.0  434
 3.000  442.5 -90  42  51  -0.781   0.0   0.0  441
 3.000  515.0 -90  42  57   0.781 150.0  30.0  514
 3.000  517.5 -90  42  51   0.781 150.0  30.0  514
 3.000  522.5 -90  42  54   0.781 150.0  30.0  521
 3.000  525.0 -90  42  60   0.781   0.0   0.0  524
 3.000  527.5 -90  42  57  -0.781   0.0   0.0  525
 3.000  530.0 -90  42  51   0.781   0.0   0.0  530
 3.000  532.5 -90  42  54  -0.781   0.0   0.0  531
 3.000  537.5 -90  42  57  -0.781   0.0   0.0  537
 3.000  547.5 -90  42  54  -0.781   0.0   0.0  547
 3.000  557.5 -90  42  51  -0.781   0.0   0.0  559
 3.000  635.0 -90  42  54  -0.781 150.0  30.0  634
 3.000  637.5 -90  42  66  -0.781   0.0   0.0  637
 3.000  640.0 -90  42  63  -0.781   0.0   0.0  641
 3.000  642.5 -90  42  57  -0.781   0.0   0.0  644
 3.000  645.0 -90  42  57  -0.781   0.0   0.0  645
 3.000  647.5 -90  42  63  -0.781   0.0   0.0  647
 3.000  650.0 -90  42  54  -0.781   0.0   0.0  649
 3.000  652.5 -90  42  51  -0.781   0.0   0.0  652
 3.000  752.5 -90  42  54  -0.781   0.0   0.0  754
 3.000  755.0 -90  42  51  -0.781   0.0   0.0  754
 3.000  842.5 -90  42  54  -0.781   0.0   0.0  841
 3.000  850.0 -90  42  51  -0.781   0.0   0.0  850
 3.000  962.5 -90  42  51  -0.781   0.0   0.0  964
 3.050  120.0  90  42  57   0.781 330.0  30.0  119
 3.050  127.5  90  42  54   0.781 330.0  30.0  125
 3.050  130.0  90  42  54   0.781 330.0  30.0  129
 3.050  135.0  90  42  54   0.781 330.0  30.0  133
 3.050  137.5  90  42  51   0.781 330.0  30.0  134
 3.050  140.0  90  42  51   0.781 330.0  30.0  136
 3.050  142.5  90  42  51   0.781 330.0  30.0  143
 3.050  147.5  90  42  51   0.781 330.0  30.0  148
 3.050  322.5  90  42  75  -0.781   0.0   0.0  324
 3.050  325.0  90  42  84  -0.781   0.0   0.0  325
 3.050  327.5  90  42  72  -0.781   0.0   0.0  325
 3.050  332.5  90  42  54  -0.781   0.0   0.0  332
 3.050  525.0  90  42  54  -0.781 150.0  30.0  525
 3.050  527.5  90  42  51  -0.781 150.0  30.0  526
 3.050  552.5  90  42  54   0.781  30.0  30.0  540
 3.050  560.0  90  42  54  -0.781 210.0  30.0  559
 3.050  562.5  90  42  54  -0.781 210.0  30.0  567
 3.050  565.0  90  42  51  -0.781   0.0   0.0  566
 3.050  640.0  90  42  57  -0.781   0.0   0.0  638
 3.050  642.5  90  42  54  -0.781   0.0   0.0  644
 3.050  645.0  90  42  69  -0.781   0.0   0.0  646
 3.050  647.5  90  42  75  -0.781   0.0   0.0  647
 3.050  650.0  90  42  69  -0.781   0.0   0.0  649
 3.050  652.5  90  42  66  -0.781   0.0   0.0  651
 3.050  655.0  90  42  63  -0.781   0.0   0.0  654
 3.050  657.5  90  42  57  -0.781   0.0   0.0  658
 3.050  662.5  90  42  51  -0.781   0.0   0.0  660
 3.050  675.0  90  42  51  -0.781   0.0   0.0  676
 3.050  755.0  90  42  51  -0.781 150.0  30.0  755
 3.050  760.0  90  42  54  -0.781   0.0   0.0  758
 3.050  765.0  90  42  51  -0.781   0.0   0.0  765
 3.050  962.5  90  42  51  -0.781   0.0   0.0  966
 3.050  965.0  90  42  54  -0.781   0.0   0.0  965
 3.050  967.5  90  42  51  -0.781   0.0   0.0  961
 3.050  972.5  90  42  54  -0.781 150.0  30.0  975
 3.050  975.0  90  42  60  -0.781   0.0   0.0  977
 3.050  977.5  90  42  60  -0.781   0.0   0.0  976
 3.050  980.0  90  42  57  -0.781   0.0   0.0  981
 3.050  102.5 -90  42  51   0.781   0.0   0.0  102
 3.050  105.0 -90  42  66   0.781   0.0   0.0  104
 3.050  107.5 -90  42  66   0.781   0.0   0.0  106
 3.050  110.0 -90  42  60   0.781 330.0  30.0  108
 3.050  112.5 -90  42  63   0.781 330.0  30.0  111
 3.050  115.0 -90  42  63   0.781 330.0  30.0  114
 3.050  117.5 -90  42  57   0.781 330.0  30.0  114
 3.050  120.0 -90  42  60   0.781   0.0   0.0  120
 3.050  122.5 -90  42  57   0.781 330.0  30.0  122
 3.050  125.0 -90  42  54   0.781 330.0  30.0  123
 3.050  127.5 -90  42  57   0.781 330.0  30.0  124
 3.050  130.0 -90  42  54   0.781 330.0  30.0  129
 3.050  132.5 -90  42  54   0.781  30.0  30.0  132
 3.050  135.0 -90  42  60   0.781 330.0  30.0  133
 3.050  137.5 -90  42  63   0.781 330.0  30.0  137
 3.050  142.5 -90  42  57   0.781 330.0  30.0  142
 3.050  145.0 -90  42  54   0.781 330.0  30.0  143
 3.050  150.0 -90  42  51   0.781 330.0  30.0  148
 3.050  152.5 -90  42  54   0.781 330.0  30.0  150
 3.050  155.0 -90  42  51   0.781  30.0  30.0  153
 3.050  165.0 -90  42  51   0.781 330.0  30.0  165
 3.050  212.5 -90  42  51   0.781 330.0  30.0  210
 3.050  230.0 -90  42  51   0.781 330.0  30.0  228
 3.050  232.5 -90  42  51   0.781 330.0  30.0  232
 3.050  235.0 -90  42  51   0.781 330.0  30.0  234
 3.050  320.0 -90  42  60  -0.781   0.0   0.0  322
 3.050  322.5 -90  42  72  -0.781   0.0   0.0  322
 3.050  325.0 -90  42  63  -0.781 270.0  30.0  325
 3.050  327.5 -90  42  63  -0.781   0.0   0.0  326
 3.050  330.0 -90  42  54  -0.781   0.0   0.0  328
 3.050  332.5 -90  42  54  -0.781   0.0   0.0  331
 3.050  340.0 -90  42  54   0.781 330.0  30.0  340
 3.050  342.5 -90  42  51   0.781 330.0  30.0  342
 3.050  345.0 -90  42  51   0.781 330.0  30.0  343
 3.050  430.0 -90  42  51  -0.781   0.0   0.0  429
 3.050  517.5 -90  42  51   0.781 150.0  30.0  518
 3.050  520.0 -90  42  51   0.781 150.0  30.0  520
 3.050  522.5 -90  42  51   0.781 150.0  30.0  522
 3.050  525.0 -90  42  57   0.781   0.0   0.0  526
 3.050  527.5 -90  42  63   0.781   0.0   0.0  527
 3.050  530.0 -90  42  57   0.781   0.0   0.0  529
 3.050  532.5 -90  42  57  -0.781   0.0   0.0  532
 3.050  535.0 -90  42  57  -0.781   0.0   0.0  533
 3.050  537.5 -90  42  51  -0.781   0.0   0.0  536
 3.050  547.5 -90  42  51  -0.781  30.0  30.0  550
 3.050  550.0 -90  42  51  -0.781 330.0  30.0  551
 3.050  635.0 -90  42  57  -0.781 150.0  30.0  637
 3.050  637.5 -90  42  63  -0.781   0.0   0.0  636
 3.050  640.0 -90  42  66  -0.781   0.0   0.0  639
 3.050  642.5 -90  42  57  -0.781   0.0   0.0  643
 3.050  645.0 -90  42  57  -0.781   0.0   0.0  645
 3.050  647.5 -90  42  54  -0.781 150.0  30.0  647
 3.050  652.5 -90  42  54  -0.781   0.0   0.0  652
 3.050  740.0 -90  42  51  -0.781   0.0   0.0  739
 3.050  965.0 -90  42  51  -2.344   0.0   0.0  967
 3.100  107.5  90  42  51   0.781   0.0   0.0  108
 3.100  112.5  90  42  51   0.781   0.0   0.0  110
 3.100  115.0  90  42  54   0.781 330.0  30.0  113
 3.100  120.0  90  42  54   0.781 330.0  30.0  119
 3.100  122.5  90  42  54   0.781 330.0  30.0  121
 3.100  125.0  90  42  60   0.781 330.0  30.0  123
 3.100  127.5  90  42  60   0.781 330.0  30.0  124
 3.100  130.0  90  42  51   0.781 330.0  30.0  128
 3.100  132.5  90  42  51   0.781 330.0  30.0  128
 3.100  135.0  90  42  54   0.781 330.0  30.0  134
 3.100  137.5  90  42  54   0.781 330.0  30.0  136
 3.100  140.0  90  42  51   0.781 330.0  30.0  139
 3.100  150.0  90  42  51   0.781 330.0  30.0  148
 3.100  162.5  90  42  51   0.781 330.0  30.0  161
 3.100  185.0  90  42  51   0.781 330.0  30.0  183
 3.100  322.5  90  42  57  -0.781   0.0   0.0  326
 3.100  325.0  90  42  78  -0.781   0.0   0.0  326
 3.100  327.5  90  42  78  -0.781   0.0   0.0  326
 3.100  335.0  90  42  57  -0.781   0.0   0.0  334
 3.100  527.5  90  42  51  -0.781   0.0   0.0  528
 3.100  532.5  90  42  51  -0.781 150.0  30.0  531
 3.100  537.5  90  42  51   0.781 210.0  30.0  537
 3.100  645.0  90  42  57  -0.781   0.0   0.0  647
 3.100  647.5  90  42  69  -0.781   0.0   0.0  649
 3.100  650.0  90  42  69  -0.781   0.0   0.0  649
 3.100  652.5  90  42  69  -0.781   0.0   0.0  652
 3.100  655.0  90  42  63  -0.781   0.0   0.0  654
 3.100  657.5  90  42  57  -0.781   0.0   0.0  655
 3.100  662.5  90  42  51  -0.781   0.0   0.0  664
 3.100  970.0  90  42  60  -0.781   0.0   0.0  971
 3.100  972.5  90  42  63  -0.781   0.0   0.0  972
 3.100  975.0  90  42  60  -0.781   0.0   0.0  975
 3.100  977.5  90  42  54  -0.781   0.0   0.0  975
 3.100  980.0  90  42  54  -0.781   0.0   0.0  980
 3.100  982.5  90  42  51  -0.781   0.0   0.0  981
 3.100  985.0  90  42  51  -0.781   0.0   0.0  981
 3.100  990.0  90  42  51  -0.781   0.0   0.0  989
 3.100  102.5 -90  39  51   0.781 330.0  30.0  104
 3.100  105.0 -90  39  60   0.781   0.0   0.0  103
 3.100  107.5 -90  39  57   0.781 330.0  30.0  105
 3.100  110.0 -90  39  57   0.781   0.0   0.0  108
 3.100  112.5 -90  39  57   0.781  30.0  30.0  112
 3.100  115.0 -90  39  63   0.781 330.0  30.0  113
 3.100  117.5 -90  39  60   0.781 330.0  30.0  115
 3.100  120.0 -90  39  54   0.781 330.0  30.0  120
 3.100  122.5 -90  39  57   0.781 330.0  30.0  120
 3.100  125.0 -90  39  54   0.781 330.0  30.0  121
 3.100  127.5 -90  39  51   0.781  30.0  30.0  126
 3.100  130.0 -90  39  63   0.781 330.0  30.0  128
 3.100  132.5 -90  39  57   0.781 330.0  30.0  130
 3.100  135.0 -90  39  60   0.781 330.0  30.0  133
 3.100  137.5 -90  39  48   0.781  30.0  30.0  138
 3.100  140.0 -90  39  57   0.781 330.0  30.0  138
 3.100  142.5 -90  39  48   0.781 330.0  30.0  140
 3.100  145.0 -90  39  48   0.781 330.0  30.0  146
 3.100  147.5 -90  39  51   0.781 330.0  30.0  146
 3.100  150.0 -90  39  48   0.781 330.0  30.0  147
 3.100  155.0 -90  39  48   0.781 330.0  30.0  156
 3.100  157.5 -90  39  51   0.781 330.0  30.0  158
 3.100  162.5 -90  39  48   0.781 210.0  30.0  164
 3.100  165.0 -90  39  48   0.781   0.0   0.0  163
 3.100  172.5 -90  39  51   0.781 330.0  30.0  169
 3.100  217.5 -90  39  48   0.781  30.0  30.0  217
 3.100  230.0 -90  39  51   0.781 330.0  30.0  231
 3.100  232.5 -90  39  51   0.781 330.0  30.0  232
 3.100  235.0 -90  39  48   0.781 330.0  30.0  233
 3.100  237.5 -90  39  48   0.781 330.0  30.0  237
 3.100  322.5 -90  39  69  -0.781   0.0   0.0  323
 3.100  325.0 -90  39  66  -0.781 150.0  30.0  324
 3.100  327.5 -90  39  60  -0.781   0.0   0.0  327
 3.100  330.0 -90  39  57  -0.781   0.0   0.0  329
 3.100  332.5 -90  39  48  -0.781   0.0   0.0  332
 3.100  335.0 -90  39  51  -0.781   0.0   0.0  335
 3.100  337.5 -90  39  54  -0.781   0.0   0.0  335
 3.100  340.0 -90  39  54   0.781   0.0   0.0  339
 3.100  345.0 -90  39  48  -0.781  30.0  30.0  342
 3.100  430.0 -90  39  48  -0.781   0.0   0.0  428
 3.100  432.5 -90  39  48  -0.781   0.0   0.0  430
 3.100  440.0 -90  39  51  -0.781   0.0   0.0  441
 3.100  442.5 -90  39  51  -0.781   0.0   0.0  443
 3.100  520.0 -90  39  48   0.781 150.0  30.0  519
 3.100  522.5 -90  39  54   0.781   0.0   0.0  519
 3.100  525.0 -90  39  54  -0.781 150.0  30.0  525
 3.100  527.5 -90  39  51   0.781   0.0   0.0  527
 3.100  530.0 -90  39  48   0.781   0.0   0.0  529
 3.100  537.5 -90  39  48   0.781 150.0  30.0  536
 3.100  540.0 -90  39  48  -0.781   0.0   0.0  542
 3.100  545.0 -90  39  51  -0.781   0.0   0.0  546
 3.100  550.0 -90  39  54  -0.781   0.0   0.0  551
 3.100  552.5 -90  39  51  -0.781   0.0   0.0  552
 3.100  560.0 -90  39  51  -0.781   0.0   0.0  560
 3.100  572.5 -90  39  48  -0.781   0.0   0.0  572
 3.100  637.5 -90  39  69  -0.781   0.0   0.0  637
 3.100  640.0 -90  39  69  -0.781   0.0   0.0  639
 3.100  642.5 -90  39  54  -0.781 150.0  30.0  643
 3.100  645.0 -90  39  57  -0.781   0.0   0.0  647
 3.100  647.5 -90  39  63  -0.781   0.0   0.0  648
 3.100  650.0 -90  39  63  -0.781   0.0   0.0  650
 3.100  652.5 -90  39  60  -0.781   0.0   0.0  652
 3.100  655.0 -90  39  48  -0.781  30.0  30.0  654
 3.100  657.5 -90  39  48  -0.781  30.0  30.0  656
 3.100  665.0 -90  39  48  -0.781   0.0   0.0  663
 3.100  745.0 -90  39  48  -0.781 150.0  30.0  746
 3.100  755.0 -90  39  51  -0.781   0.0   0.0  756
 3.100  760.0 -90  39  54  -0.781   0.0   0.0  761
 3.100  762.5 -90  39  51  -0.781   0.0   0.0  761
 3.100  960.0 -90  39  48  -0.781   0.0   0.0  961
 3.100  962.5 -90  39  54  -0.781   0.0   0.0  963
 3.100  965.0 -90  39  54  -0.781   0.0   0.0  966
 3.100  967.5 -90  39  48  -0.781   0.0   0.0  964
 3.100  970.0 -90  39  48  -0.781 210.0  30.0  973
 3.100 1170.0 -90  39  48  -0.781   0.0   0.0 1172
 3.150  125.0  90  48  60   0.781 330.0  30.0  125
 3.150  130.0  90  48  57   0.781 330.0  30.0  128
 3.150  132.5  90  48  57   0.781 330.0  30.0  131
 3.150  322.5  90  48  57  -0.781 330.0  30.0  326
 3.150  325.0  90  48  63  -0.781   0.0   0.0  327
 3.150  327.5  90  48  78  -0.781   0.0   0.0  327
 3.150  330.0  90  48  69  -0.781   0.0   0.0  328
 3.150  647.5  90  48  63  -0.781   0.0   0.0  648
 3.150  650.0  90  48  66  -0.781   0.0   0.0  649
 3.150  652.5  90  48  75  -0.781   0.0   0.0  653
 3.150  655.0  90  48  66  -0.781   0.0   0.0  653
 3.150  657.5  90  48  69  -0.781   0.0   0.0  657
 3.150  660.0  90  48  63  -0.781   0.0   0.0  659
 3.150  977.5  90  48  60  -0.781   0.0   0.0  977
 3.150  982.5  90  48  60  -0.781   0.0   0.0  984
 3.150  985.0  90  48  63  -0.781   0.0   0.0  985
 3.150  105.0 -90  45  63   0.781   0.0   0.0  104
 3.150  107.5 -90  45  60   0.781   0.0   0.0  105
 3.150  112.5 -90  45  60   0.781 330.0  30.0  110
 3.150  115.0 -90  45  57   0.781 330.0  30.0  112
 3.150  117.5 -90  45  57   0.781  30.0  30.0  115
 3.150  120.0 -90  45  54   0.781 330.0  30.0  119
 3.150  122.5 -90  45  60   0.781 330.0  30.0  121
 3.150  127.5 -90  45  54   0.781  30.0  30.0  123
 3.150  130.0 -90  45  57   0.781 330.0  30.0  130
 3.150  132.5 -90  45  60   0.781 330.0  30.0  132
 3.150  135.0 -90  45  63   0.781 330.0  30.0  134
 3.150  140.0 -90  45  60   0.781 330.0  30.0  140
 3.150  142.5 -90  45  54   0.781 330.0  30.0  140
 3.150  145.0 -90  45  54   0.781 330.0  30.0  145
 3.150  147.5 -90  45  54   0.781 330.0  30.0  146
 3.150  157.5 -90  45  54   0.781 150.0  30.0  156
 3.150  322.5 -90  45  63  -0.781   0.0   0.0  323
 3.150  325.0 -90  45  69  -0.781   0.0   0.0  325
 3.150  327.5 -90  45  66  -0.781   0.0   0.0  327
 3.150  330.0 -90  45  54  -0.781   0.0   0.0  330
 3.150  332.5 -90  45  54  -0.781   0.0   0.0  333
 3.150  335.0 -90  45  54  -0.781 330.0  30.0  333
 3.150  340.0 -90  45  54   0.781 330.0  30.0  338
 3.150  522.5 -90  45  60   0.781   0.0   0.0  521
 3.150  525.0 -90  45  54   0.781 150.0  30.0  523
 3.150  527.5 -90  45  54  -0.781   0.0   0.0  527
 3.150  530.0 -90  45  60  -0.781   0.0   0.0  530
 3.150  532.5 -90  45  54   0.781   0.0   0.0  532
 3.150  637.5 -90  45  63  -0.781   0.0   0.0  638
 3.150  640.0 -90  45  69  -0.781   0.0   0.0  638
 3.150  642.5 -90  45  60  -0.781   0.0   0.0  644
 3.150  645.0 -90  45  72  -0.781   0.0   0.0  645
 3.150  647.5 -90  45  60  -0.781   0.0   0.0  646
 3.150  650.0 -90  45  63  -0.781   0.0   0.0  650
 3.150  652.5 -90  45  60  -0.781   0.0   0.0  653
 3.150  657.5 -90  45  54  -0.781   0.0   0.0  656
 3.150  757.5 -90  45  54  -2.344   0.0   0.0  758
 3.150  967.5 -90  45  54  -0.781   0.0   0.0  968
 3.200  117.5  90  42  54   0.781 330.0  30.0  117
 3.200  120.0  90  42  51  -0.781  30.0  30.0  119
 3.200  125.0  90  42  54   0.781 330.0  30.0  124
 3.200  127.5  90  42  54   0.781 330.0  30.0  127
 3.200  130.0  90  42  57   0.781 330.0  30.0  129
 3.200  145.0  90  42  54   0.781 330.0  30.0  144
 3.200  147.5  90  42  51   0.781 330.0  30.0  146
 3.200  157.5  90  42  51   0.781   0.0   0.0  152
 3.200  172.5  90  42  51   0.781 330.0  30.0  166
 3.200  325.0  90  42  54  -0.781 210.0  30.0  325
 3.200  327.5  90  42  63  -0.781   0.0   0.0  329
 3.200  330.0  90  42  66  -0.781   0.0   0.0  328
 3.200  332.5  90  42  63  -0.781   0.0   0.0  332
 3.200  335.0  90  42  57  -0.781   0.0   0.0  335
 3.200  345.0  90  42  51   0.781 150.0  30.0  344
 3.200  352.5  90  42  51   0.781 330.0  30.0  347
 3.200  540.0  90  42  51  -0.781   0.0   0.0  542
 3.200  580.0  90  42  51  -0.781   0.0   0.0  580
 3.200  647.5  90  42  54  -0.781 210.0  30.0  648
 3.200  650.0  90  42  66  -0.781   0.0   0.0  649
 3.200  652.5  90  42  66  -0.781   0.0   0.0  653
 3.200  655.0  90  42  72  -0.781   0.0   0.0  655
 3.200  657.5  90  42  69  -0.781   0.0   0.0  657
 3.200  660.0  90  42  66  -0.781   0.0   0.0  660
 3.200  662.5  90  42  60  -0.781   0.0   0.0  662
 3.200  670.0  90  42  57  -0.781   0.0   0.0  670
 3.200  977.5  90  42  54  -0.781   0.0   0.0  978
 3.200  980.0  90  42  54  -0.781   0.0   0.0  982
 3.200  982.5  90  42  54  -0.781   0.0   0.0  984
 3.200  985.0  90  42  57  -0.781   0.0   0.0  983
 3.200  987.5  90  42  60  -2.344   0.0   0.0  989
 3.200  110.0 -90  42  54   0.781   0.0   0.0  108
 3.200  112.5 -90  42  60   0.781 330.0  30.0  112
 3.200  115.0 -90  42  57   0.781  30.0  30.0  113
 3.200  117.5 -90  42  60   0.781 330.0  30.0  116
 3.200  120.0 -90  42  63   0.781 330.0  30.0  119
 3.200  122.5 -90  42  57   0.781 330.0  30.0  121
 3.200  125.0 -90  42  54   0.781 330.0  30.0  122
 3.200  127.5 -90  42  60   0.781 330.0  30.0  127
 3.200  130.0 -90  42  60   0.781 330.0  30.0  127
 3.200  132.5 -90  42  54   0.781 330.0  30.0  130
 3.200  137.5 -90  42  60   0.781 330.0  30.0  138
 3.200  140.0 -90  42  51   0.781 330.0  30.0  137
 3.200  142.5 -90  42  51   0.781   0.0   0.0  143
 3.200  147.5 -90  42  54   0.781 330.0  30.0  145
 3.200  155.0 -90  42  51   0.781 330.0  30.0  153
 3.200  157.5 -90  42  51   0.781 150.0  30.0  156
 3.200  170.0 -90  42  51   2.344 330.0  30.0  171
 3.200  322.5 -90  42  60  -0.781   0.0   0.0  325
 3.200  325.0 -90  42  72  -0.781   0.0   0.0  325
 3.200  327.5 -90  42  63  -0.781   0.0   0.0  329
 3.200  330.0 -90  42  66  -0.781   0.0   0.0  329
 3.200  332.5 -90  42  60  -0.781   0.0   0.0  331
 3.200  335.0 -90  42  57   0.781   0.0   0.0  335
 3.200  337.5 -90  42  57   0.781   0.0   0.0  336
 3.200  340.0 -90  42  51   0.781   0.0   0.0  337
 3.200  342.5 -90  42  51   0.781  30.0  30.0  340
 3.200  440.0 -90  42  51  -0.781   0.0   0.0  440
 3.200  520.0 -90  42  54   0.781 150.0  30.0  521
 3.200  522.5 -90  42  66   0.781 150.0  30.0  521
 3.200  525.0 -90  42  57   0.781 150.0  30.0  522
 3.200  527.5 -90  42  57   0.781   0.0   0.0  525
 3.200  530.0 -90  42  54  -0.781 210.0  30.0  530
 3.200  532.5 -90  42  51   0.781 150.0  30.0  533
 3.200  537.5 -90  42  51   0.781   0.0   0.0  536
 3.200  542.5 -90  42  51  -0.781   0.0   0.0  542
 3.200  545.0 -90  42  51  -0.781   0.0   0.0  545
 3.200  552.5 -90  42  57  -0.781   0.0   0.0  554
 3.200  555.0 -90  42  54  -0.781   0.0   0.0  553
 3.200  640.0 -90  42  63  -0.781   0.0   0.0  640
 3.200  642.5 -90  42  60  -0.781   0.0   0.0  641
 3.200  647.5 -90  42  57  -0.781   0.0   0.0  648
 3.200  655.0 -90  42  57  -0.781   0.0   0.0  656
 3.200  657.5 -90  42  57  -0.781   0.0   0.0  657
 3.200  757.5 -90  42  51  -0.781   0.0   0.0  757
 3.200  762.5 -90  42  51  -0.781   0.0   0.0  763
 3.250  330.0  90  57  72  -0.781   0.0   0.0  331
 3.250  332.5  90  57  69  -0.781   0.0   0.0  331
 3.250  655.0  90  57  69  -0.781   0.0   0.0  654
 3.250  657.5  90  57  69  -0.781   0.0   0.0  658
 3.250  105.0 -90  54  63  -0.781  30.0  30.0   99
 3.250  117.5 -90  54  63   0.781 330.0  30.0  114
 3.250  325.0 -90  54  72  -0.781   0.0   0.0  326
 3.250  327.5 -90  54  72  -0.781   0.0   0.0  326
 3.250  642.5 -90  54  63  -0.781   0.0   0.0  642
 3.250  650.0 -90  54  66  -0.781   0.0   0.0  650
 3.250  652.5 -90  54  66  -0.781   0.0   0.0  654
 3.300  660.0  90  60  72  -0.781   0.0   0.0  659
 3.300  662.5  90  60  69  -0.781   0.0   0.0  663
 3.300  327.5 -90  57  69  -0.781   0.0   0.0  328
 3.300  655.0 -90  57  66  -0.781   0.0   0.0  655
 3.350  332.5  90  51  69  -0.781   0.0   0.0  333
 3.350  337.5  90  51  60   0.781   0.0   0.0  337
 3.350  340.0  90  51  60  -0.781   0.0   0.0  340
 3.350  657.5  90  51  66  -0.781   0.0   0.0  657
 3.350  660.0  90  51  66  -0.781   0.0   0.0  659
 3.350  662.5  90  51  66  -0.781   0.0   0.0  665
 3.350  665.0  90  51  75  -0.781   0.0   0.0  665
 3.350  667.5  90  51  72  -0.781   0.0   0.0  667
 3.350  670.0  90  51  66  -0.781   0.0   0.0  670
 3.350  995.0  90  51  60  -0.781   0.0   0.0  995
 3.350  110.0 -90  48  57   0.781  30.0  30.0  108
 3.350  112.5 -90  48  57   0.781  30.0  30.0  110
 3.350  115.0 -90  48  57   0.781  30.0  30.0  113
 3.350  120.0 -90  48  57   0.781 330.0  30.0  118
 3.350  125.0 -90  48  63   0.781 330.0  30.0  124
 3.350  127.5 -90  48  60   0.781 330.0  30.0  125
 3.350  327.5 -90  48  66  -0.781   0.0   0.0  328
 3.350  330.0 -90  48  66  -0.781   0.0   0.0  329
 3.350  332.5 -90  48  60  -0.781  30.0  30.0  332
 3.350  335.0 -90  48  63  -0.781   0.0   0.0  333
 3.350  340.0 -90  48  60   0.781 330.0  30.0  338
 3.350  535.0 -90  48  57  -0.781   0.0   0.0  534
 3.350  645.0 -90  48  63  -0.781   0.0   0.0  644
 3.350  647.5 -90  48  57  -0.781   0.0   0.0  651
 3.350  652.5 -90  48  60  -0.781   0.0   0.0  653
 3.350  655.0 -90  48  60  -0.781   0.0   0.0  656
 3.350  657.5 -90  48  57  -0.781   0.0   0.0  659
 3.350  660.0 -90  48  57  -0.781   0.0   0.0  661
 3.400  135.0  90  48  57   0.781 330.0  30.0  134
 3.400  332.5  90  48  72  -0.781   0.0   0.0  334
 3.400  335.0  90  48  78  -0.781   0.0   0.0  334
 3.400  337.5  90  48  63  -0.781   0.0   0.0  335
 3.400  340.0  90  48  60  -0.781   0.0   0.0  338
 3.400  660.0  90  48  63  -0.781   0.0   0.0  661
 3.400  662.5  90  48  69  -0.781   0.0   0.0  662
 3.400  665.0  90  48  57  -0.781   0.0   0.0  668
 3.400  667.5  90  48  69  -0.781   0.0   0.0  668
 3.400  670.0  90  48  63  -0.781   0.0   0.0  669
 3.400  995.0  90  48  57  -0.781   0.0   0.0  995
 3.400 1000.0  90  48  63  -0.781   0.0   0.0 1001
 3.400 1002.5  90  48  60  -0.781   0.0   0.0 1003
 3.400  115.0 -90  48  57   0.781  30.0  30.0  115
 3.400  117.5 -90  48  57   0.781 330.0  30.0  115
 3.400  125.0 -90  48  63   0.781  30.0  30.0  123
 3.400  127.5 -90  48  57   0.781 330.0  30.0  125
 3.400  135.0 -90  48  57   0.781 330.0  30.0  133
 3.400  142.5 -90  48  57   0.781 330.0  30.0  142
 3.400  327.5 -90  48  69  -0.781   0.0   0.0  328
 3.400  332.5 -90  48  60  -0.781 150.0  30.0  331
 3.400  335.0 -90  48  63  -0.781 330.0  30.0  335
 3.400  340.0 -90  48  60  -0.781   0.0   0.0  339
 3.400  345.0 -90  48  57   0.781  30.0  30.0  343
 3.400  530.0 -90  48  57   0.781   0.0   0.0  529
 3.400  532.5 -90  48  57   0.781   0.0   0.0  531
 3.400  645.0 -90  48  60  -0.781   0.0   0.0  646
 3.400  647.5 -90  48  69  -0.781   0.0   0.0  647
 3.400  650.0 -90  48  66  -0.781   0.0   0.0  651
 3.400  652.5 -90  48  66  -0.781   0.0   0.0  652
 3.400  655.0 -90  48  66  -0.781   0.0   0.0  654
 3.400  660.0 -90  48  60  -0.781   0.0   0.0  661
 3.450  112.5  90  42  51   0.781 330.0  30.0  111
 3.450  115.0  90  42  51   0.781 330.0  30.0  112
 3.450  120.0  90  42  51   0.781 330.0  30.0  117
 3.450  125.0  90  42  54   0.781 330.0  30.0  123
 3.450  127.5  90  42  51   0.781 330.0  30.0  126
 3.450  135.0  90  42  54   0.781 330.0  30.0  135
 3.450  137.5  90  42  51   0.781 330.0  30.0  138
 3.450  332.5  90  42  57  -0.781   0.0   0.0  333
 3.450  335.0  90  42  72  -0.781   0.0   0.0  335
 3.450  337.5  90  42  66  -0.781   0.0   0.0  336
 3.450  340.0  90  42  57  -0.781   0.0   0.0  338
 3.450  342.5  90  42  54   0.781 330.0  30.0  340
 3.450  545.0  90  42  51  -0.781 150.0  30.0  543
 3.450  547.5  90  42  57  -0.781 150.0  30.0  547
 3.450  552.5  90  42  54  -0.781   0.0   0.0  552
 3.450  555.0  90  42  51  -0.781   0.0   0.0  552
 3.450  650.0  90  42  51  -0.781 270.0  30.0  651
 3.450  662.5  90  42  57  -0.781   0.0   0.0  663
 3.450  665.0  90  42  60  -0.781   0.0   0.0  664
 3.450  667.5  90  42  51  -0.781   0.0   0.0  667
 3.450  670.0  90  42  60  -0.781   0.0   0.0  671
 3.450  672.5  90  42  63  -0.781   0.0   0.0  672
 3.450  675.0  90  42  63  -0.781   0.0   0.0  675
 3.450  677.5  90  42  57  -0.781   0.0   0.0  677
 3.450  682.5  90  42  54  -0.781   0.0   0.0  683
 3.450  997.5  90  42  51  -0.781   0.0   0.0  998
 3.450 1002.5  90  42  57  -0.781   0.0   0.0 1005
 3.450 1005.0  90  42  51  -0.781   0.0   0.0 1005
 3.450 1007.5  90  42  57  -0.781   0.0   0.0 1007
 3.450 1010.0  90  42  51  -0.781   0.0   0.0 1010
 3.450 1012.5  90  42  51  -0.781   0.0   0.0 1012
 3.450  105.0 -90  39  48   0.781 330.0  30.0  104
 3.450  112.5 -90  39  54   0.781  30.0  30.0  112
 3.450  115.0 -90  39  54   0.781  30.0  30.0  112
 3.450  117.5 -90  39  51   0.781 330.0  30.0  118
 3.450  120.0 -90  39  54   0.781  30.0  30.0  117
 3.450  122.5 -90  39  48   0.781  30.0  30.0  120
 3.450  125.0 -90  39  51   0.781 330.0  30.0  125
 3.450  127.5 -90  39  51   0.781  30.0  30.0  128
 3.450  130.0 -90  39  54   0.781 330.0  30.0  127
 3.450  132.5 -90  39  54   0.781 330.0  30.0  132
 3.450  135.0 -90  39  48   0.781  30.0  30.0  132
 3.450  137.5 -90  39  48   0.781   0.0   0.0  136
 3.450  142.5 -90  39  48  -0.781  30.0  30.0  140
 3.450  152.5 -90  39  48   0.781 330.0  30.0  151
 3.450  157.5 -90  39  48   0.781  30.0  30.0  156
 3.450  165.0 -90  39  51  -0.781 150.0  30.0  165
 3.450  327.5 -90  39  63  -0.781   0.0   0.0  328
 3.450  330.0 -90  39  60  -0.781  30.0  30.0  332
 3.450  332.5 -90  39  63  -0.781   0.0   0.0  331
 3.450  335.0 -90  39  54  -0.781 150.0  30.0  334
 3.450  337.5 -90  39  57  -0.781   0.0   0.0  336
 3.450  340.0 -90  39  54   0.781 330.0  30.0  338
 3.450  342.5 -90  39  54  -0.781  30.0  30.0  341
 3.450  345.0 -90  39  51   0.781 330.0  30.0  345
 3.450  347.5 -90  39  51   0.781  30.0  30.0  346
 3.450  437.5 -90  39  48  -0.781   0.0   0.0  440
 3.450  535.0 -90  39  51  -0.781   0.0   0.0  534
 3.450  537.5 -90  39  57  -0.781   0.0   0.0  537
 3.450  540.0 -90  39  57  -0.781   0.0   0.0  539
 3.450  547.5 -90  39  48   0.781   0.0   0.0  548
 3.450  560.0 -90  39  54  -0.781   0.0   0.0  560
 3.450  562.5 -90  39  51  -0.781   0.0   0.0  562
 3.450  565.0 -90  39  51  -0.781   0.0   0.0  565
 3.450  567.5 -90  39  48  -0.781   0.0   0.0  570
 3.450  570.0 -90  39  48  -0.781   0.0   0.0  570
 3.450  580.0 -90  39  48  -0.781   0.0   0.0  581
 3.450  647.5 -90  39  63  -0.781   0.0   0.0  648
 3.450  650.0 -90  39  69  -0.781   0.0   0.0  649
 3.450  652.5 -90  39  57  -0.781   0.0   0.0  655
 3.450  655.0 -90  39  66  -0.781   0.0   0.0  654
 3.450  657.5 -90  39  54  -0.781   0.0   0.0  658
 3.450  660.0 -90  39  57  -0.781   0.0   0.0  661
 3.450  662.5 -90  39  60  -0.781   0.0   0.0  663
 3.450  665.0 -90  39  57  -0.781   0.0   0.0  665
 3.450  667.5 -90  39  48  -0.781 330.0  30.0  671
 3.450  765.0 -90  39  51  -0.781   0.0   0.0  763
 3.450  767.5 -90  39  48  -0.781   0.0   0.0  768
 3.450  770.0 -90  39  51  -0.781   0.0   0.0  769
 3.450  772.5 -90  39  48  -0.781   0.0   0.0  772
 3.450  775.0 -90  39  48  -0.781   0.0   0.0  771
 3.450  867.5 -90  39  48  -0.781   0.0   0.0  867
 3.450  980.0 -90  39  48  -0.781   0.0   0.0  982
 3.450  982.5 -90  39  54  -0.781   0.0   0.0  982
 3.450  985.0 -90  39  57  -0.781   0.0   0.0  986
 3.450  990.0 -90  39  51  -0.781   0.0   0.0  991
 3.450  992.5 -90  39  51  -0.781   0.0   0.0  994
 3.500  125.0  90  42  54   0.781  30.0  30.0  123
 3.500  165.0  90  42  51   0.781 150.0  30.0  164
 3.500  167.5  90  42  51   0.781 150.0  30.0  164
 3.500  337.5  90  42  66  -0.781   0.0   0.0  337
 3.500  340.0  90  42  51   0.781   0.0   0.0  339
 3.500  342.5  90  42  51   0.781   0.0   0.0  341
 3.500  350.0  90  42  51   0.781 330.0  30.0  352
 3.500  550.0  90  42  54  -0.781   0.0   0.0  550
 3.500  577.5  90  42  54  -0.781   0.0   0.0  577
 3.500  595.0  90  42  51  -0.781   0.0   0.0  594
 3.500  665.0  90  42  60  -0.781   0.0   0.0  666
 3.500  667.5  90  42  63  -0.781   0.0   0.0  667
 3.500  670.0  90  42  69  -0.781   0.0   0.0  670
 3.500  672.5  90  42  69  -0.781   0.0   0.0  672
 3.500  675.0  90  42  60  -0.781   0.0   0.0  675
 3.500  677.5  90  42  57  -0.781   0.0   0.0  678
 3.500  680.0  90  42  57  -0.781   0.0   0.0  679
 3.500  685.0  90  42  51  -0.781   0.0   0.0  684
 3.500  687.5  90  42  51  -0.781   0.0   0.0  684
 3.500  782.5  90  42  51  -0.781   0.0   0.0  782
 3.500 1002.5  90  42  51  -0.781   0.0   0.0 1004
 3.500 1010.0  90  42  60  -0.781   0.0   0.0 1011
 3.500 1012.5  90  42  51  -0.781   0.0   0.0 1014
 3.500 1015.0  90  42  54  -0.781   0.0   0.0 1014
 3.500  105.0 -90  39  48   0.781  30.0  30.0  106
 3.500  112.5 -90  39  57   0.781  30.0  30.0  111
 3.500  115.0 -90  39  48   0.781 330.0  30.0  112
 3.500  117.5 -90  39  54   0.781 330.0  30.0  118
 3.500  120.0 -90  39  51   0.781 330.0  30.0  116
 3.500  125.0 -90  39  57   0.781 330.0  30.0  124
 3.500  127.5 -90  39  57   0.781 330.0  30.0  126
 3.500  130.0 -90  39  54   0.781 330.0  30.0  129
 3.500  132.5 -90  39  51   0.781 330.0  30.0  131
 3.500  135.0 -90  39  48   0.781  30.0  30.0  137
 3.500  137.5 -90  39  51   0.781  30.0  30.0  135
 3.500  140.0 -90  39  54   0.781 330.0  30.0  139
 3.500  142.5 -90  39  48   0.781  30.0  30.0  140
 3.500  145.0 -90  39  57   0.781 330.0  30.0  144
 3.500  147.5 -90  39  48   0.781 330.0  30.0  146
 3.500  152.5 -90  39  48   0.781 330.0  30.0  156
 3.500  155.0 -90  39  51   0.781 330.0  30.0  154
 3.500  162.5 -90  39  51   0.781 330.0  30.0  162
 3.500  167.5 -90  39  48   0.781 150.0  30.0  164
 3.500  327.5 -90  39  54  -0.781   0.0   0.0  330
 3.500  330.0 -90  39  66  -0.781   0.0   0.0  330
 3.500  332.5 -90  39  66  -0.781   0.0   0.0  332
 3.500  335.0 -90  39  60  -0.781   0.0   0.0  334
 3.500  337.5 -90  39  54  -0.781  30.0  30.0  335
 3.500  340.0 -90  39  57  -0.781   0.0   0.0  339
 3.500  347.5 -90  39  48   0.781 150.0  30.0  346
 3.500  352.5 -90  39  48   0.781   0.0   0.0  353
 3.500  452.5 -90  39  51   0.781   0.0   0.0  454
 3.500  532.5 -90  39  51   0.781   0.0   0.0  532
 3.500  535.0 -90  39  60   0.781 150.0  30.0  534
 3.500  537.5 -90  39  51   0.781   0.0   0.0  540
 3.500  540.0 -90  39  57   0.781   0.0   0.0  540
 3.500  547.5 -90  39  48  -0.781   0.0   0.0  546
 3.500  550.0 -90  39  48  -0.781   0.0   0.0  549
 3.500  650.0 -90  39  60  -0.781   0.0   0.0  650
 3.500  652.5 -90  39  66  -0.781   0.0   0.0  652
 3.500  655.0 -90  39  63  -0.781   0.0   0.0  654
 3.500  657.5 -90  39  63  -0.781   0.0   0.0  657
 3.500  660.0 -90  39  57  -0.781   0.0   0.0  661
 3.500  662.5 -90  39  63  -0.781   0.0   0.0  662
 3.500  665.0 -90  39  57  -0.781  30.0  30.0  665
 3.500  667.5 -90  39  48   0.781   0.0   0.0  664
 3.500  672.5 -90  39  51  -0.781 270.0  30.0  671
 3.500  675.0 -90  39  48  -0.781 150.0  30.0  675
 3.500  677.5 -90  39  51  -0.781  30.0  30.0  678
 3.500  745.0 -90  39  48  -0.781   0.0   0.0  744
 3.500  772.5 -90  39  51  -0.781   0.0   0.0  773
 3.500  980.0 -90  39  48  -0.781   0.0   0.0  980
 3.500  982.5 -90  39  48  -0.781   0.0   0.0  985
 3.500  985.0 -90  39  57  -0.781   0.0   0.0  985
 3.500  987.5 -90  39  48  -0.781 150.0  30.0  987
 3.500  992.5 -90  39  51  -0.781   0.0   0.0  993
 3.500  995.0 -90  39  51  -0.781   0.0   0.0  996
 3.500  997.5 -90  39  48  -0.781   0.0   0.0 1000
 3.500 1000.0 -90  39  51  -0.781   0.0   0.0  999
 3.550  115.0  90  42  51   0.781 330.0  30.0  113
 3.550  117.5  90  42  51   0.781 330.0  30.0  118
 3.550  125.0  90  42  54   0.781 330.0  30.0  125
 3.550  127.5  90  42  54   0.781 330.0  30.0  127
 3.550  147.5  90  42  51   0.781 330.0  30.0  146
 3.550  335.0  90  42  51  -0.781 150.0  30.0  337
 3.550  337.5  90  42  69  -0.781   0.0   0.0  337
 3.550  340.0  90  42  54  -0.781 150.0  30.0  336
 3.550  342.5  90  42  60  -0.781   0.0   0.0  340
 3.550  552.5  90  42  51  -0.781 210.0  30.0  551
 3.550  665.0  90  42  51  -0.781   0.0   0.0  666
 3.550  667.5  90  42  57  -0.781   0.0   0.0  668
 3.550  670.0  90  42  63  -0.781   0.0   0.0  670
 3.550  672.5  90  42  69  -0.781   0.0   0.0  672
 3.550  675.0  90  42  63  -0.781   0.0   0.0  675
 3.550  677.5  90  42  60  -0.781   0.0   0.0  676
 3.550  680.0  90  42  51  -0.781   0.0   0.0  681
 3.550  682.5  90  42  51  -0.781 210.0  30.0  683
 3.550 1010.0  90  42  51  -0.781   0.0   0.0 1014
 3.550 1017.5  90  42  54  -2.344   0.0   0.0 1018
 3.550 1025.0  90  42  51  -0.781   0.0   0.0 1025
 3.550  112.5 -90  42  54   0.781 330.0  30.0  110
 3.550  115.0 -90  42  51   0.781 330.0  30.0  113
 3.550  125.0 -90  42  51   0.781 330.0  30.0  124
 3.550  127.5 -90  42  57   0.781 330.0  30.0  125
 3.550  130.0 -90  42  54   0.781 330.0  30.0  127
 3.550  137.5 -90  42  54   0.781  30.0  30.0  136
 3.550  142.5 -90  42  51   0.781 330.0  30.0  143
 3.550  147.5 -90  42  51   0.781 330.0  30.0  143
 3.550  162.5 -90  42  51   0.781   0.0   0.0  160
 3.550  330.0 -90  42  57  -0.781   0.0   0.0  331
 3.550  332.5 -90  42  66  -0.781   0.0   0.0  332
 3.550  335.0 -90  42  60  -0.781   0.0   0.0  334
 3.550  337.5 -90  42  63  -0.781   0.0   0.0  336
 3.550  340.0 -90  42  54   0.781 330.0  30.0  340
 3.550  342.5 -90  42  54  -0.781 330.0  30.0  342
 3.550  535.0 -90  42  57   0.781   0.0   0.0  535
 3.550  537.5 -90  42  54   0.781 150.0  30.0  535
 3.550  545.0 -90  42  51  -0.781   0.0   0.0  544
 3.550  567.5 -90  42  51  -0.781   0.0   0.0  568
 3.550  570.0 -90  42  51  -0.781   0.0   0.0  568
 3.550  650.0 -90  42  54  -0.781   0.0   0.0  652
 3.550  652.5 -90  42  63  -0.781   0.0   0.0  652
 3.550  655.0 -90  42  57  -0.781   0.0   0.0  654
 3.550  657.5 -90  42  60  -0.781   0.0   0.0  659
 3.550  660.0 -90  42  66  -0.781   0.0   0.0  660
 3.550  662.5 -90  42  60  -0.781   0.0   0.0  661
 3.550  667.5 -90  42  57  -0.781   0.0   0.0  667
 3.550  672.5 -90  42  51  -0.781 150.0  30.0  672
 3.550  780.0 -90  42  51  -0.781   0.0   0.0  781
 3.550  982.5 -90  42  51  -0.781   0.0   0.0  984
 3.550  985.0 -90  42  54  -0.781   0.0   0.0  985
 3.550  987.5 -90  42  51  -0.781   0.0   0.0  989
 3.550  997.5 -90  42  51  -0.781   0.0   0.0  997
 3.600  125.0  90  42  54   0.781 330.0  30.0  124
 3.600  127.5  90  42  51   0.781 330.0  30.0  126
 3.600  130.0  90  42  51   0.781 330.0  30.0  129
 3.600  337.5  90  42  69  -0.781   0.0   0.0  339
 3.600  340.0  90  42  78  -0.781   0.0   0.0  339
 3.600  342.5  90  42  63  -0.781   0.0   0.0  340
 3.600  562.5  90  42  51   0.781   0.0   0.0  563
 3.600  587.5  90  42  51  -0.781   0.0   0.0  586
 3.600  670.0  90  42  60  -0.781   0.0   0.0  670
 3.600  672.5  90  42  63  -0.781   0.0   0.0  672
 3.600  675.0  90  42  66  -0.781   0.0   0.0  676
 3.600  677.5  90  42  63  -0.781   0.0   0.0  676
 3.600  680.0  90  42  66  -0.781   0.0   0.0  681
 3.600  682.5  90  42  63  -0.781   0.0   0.0  682
 3.600  685.0  90  42  54  -0.781   0.0   0.0  684
 3.600 1015.0  90  42  54  -0.781   0.0   0.0 1016
 3.600 1017.5  90  42  60  -0.781   0.0   0.0 1018
 3.600 1025.0  90  42  54  -0.781   0.0   0.0 1026
 3.600 1027.5  90  42  51  -0.781   0.0   0.0 1028
 3.600  112.5 -90  42  51   0.781  30.0  30.0  111
 3.600  122.5 -90  42  51   0.781  30.0  30.0  120
 3.600  127.5 -90  42  57   0.781 330.0  30.0  127
 3.600  135.0 -90  42  51   0.781 330.0  30.0  137
 3.600  137.5 -90  42  51   0.781 330.0  30.0  131
 3.600  155.0 -90  42  51   0.781 150.0  30.0  152
 3.600  165.0 -90  42  51   0.781 150.0  30.0  166
 3.600  322.5 -90  42  51  -0.781   0.0   0.0  319
 3.600  330.0 -90  42  66  -0.781   0.0   0.0  331
 3.600  332.5 -90  42  72  -0.781   0.0   0.0  331
 3.600  335.0 -90  42  69  -0.781   0.0   0.0  334
 3.600  337.5 -90  42  63  -0.781   0.0   0.0  337
 3.600  340.0 -90  42  63  -0.781  90.0  30.0  339
 3.600  342.5 -90  42  54   0.781 330.0  30.0  344
 3.600  355.0 -90  42  51  -0.781  30.0  30.0  354
 3.600  537.5 -90  42  57   0.781 150.0  30.0  537
 3.600  540.0 -90  42  51  -0.781 150.0  30.0  538
 3.600  542.5 -90  42  57  -0.781   0.0   0.0  542
 3.600  570.0 -90  42  54  -0.781   0.0   0.0  572
 3.600  572.5 -90  42  57  -0.781   0.0   0.0  573
 3.600  587.5 -90  42  51  -0.781   0.0   0.0  587
 3.600  652.5 -90  42  51  -0.781   0.0   0.0  655
 3.600  655.0 -90  42  63  -0.781   0.0   0.0  655
 3.600  657.5 -90  42  60  -0.781   0.0   0.0  657
 3.600  660.0 -90  42  54  -0.781   0.0   0.0  660
 3.600  662.5 -90  42  60  -0.781   0.0   0.0  663
 3.600  665.0 -90  42  60  -0.781   0.0   0.0  665
 3.600  667.5 -90  42  54  -0.781   0.0   0.0  668
 3.600  672.5 -90  42  51  -0.781   0.0   0.0  671
 3.600  680.0 -90  42  54  -0.781 150.0  30.0  681
 3.600  682.5 -90  42  54  -0.781 150.0  30.0  682
 3.600  992.5 -90  42  51  -0.781   0.0   0.0  992
 3.600  995.0 -90  42  54  -0.781   0.0   0.0  996
 3.600 1002.5 -90  42  51  -0.781   0.0   0.0 1006
 3.650  125.0  90  39  48   0.781 330.0  30.0  122
 3.650  157.5  90  39  48   0.781 330.0  30.0  161
 3.650  332.5  90  39  51  -0.781  90.0  30.0  332
 3.650  337.5  90  39  57  -0.781   0.0   0.0  340
 3.650  340.0  90  39  75  -0.781   0.0   0.0  340
 3.650  342.5  90  39  72  -0.781   0.0   0.0  340
 3.650  347.5  90  39  48  -0.781 330.0  30.0  347
 3.650  350.0  90  39  51  -0.781   0.0   0.0  347
 3.650  557.5  90  39  48  -0.781   0.0   0.0  555
 3.650  560.0  90  39  48  -0.781   0.0   0.0  558
 3.650  660.0  90  39  48  -0.781   0.0   0.0  660
 3.650  670.0  90  39  48  -0.781   0.0   0.0  672
 3.650  672.5  90  39  54  -0.781   0.0   0.0  673
 3.650  675.0  90  39  60  -0.781   0.0   0.0  674
 3.650  677.5  90  39  57  -0.781   0.0   0.0  677
 3.650  680.0  90  39  66  -0.781   0.0   0.0  680
 3.650  682.5  90  39  63  -0.781   0.0   0.0  682
 3.650  685.0  90  39  60  -0.781   0.0   0.0  685
 3.650  687.5  90  39  51  -0.781   0.0   0.0  684
 3.650 1017.5  90  39  51  -0.781   0.0   0.0 1018
 3.650 1022.5  90  39  57  -2.344   0.0   0.0 1024
 3.650 1025.0  90  39  51  -0.781   0.0   0.0 1025
 3.650 1032.5  90  39  48  -0.781   0.0   0.0 1031
 3.650  107.5 -90  36  45   0.781 330.0  30.0  104
 3.650  120.0 -90  36  45   0.781 330.0  30.0  120
 3.650  125.0 -90  36  45  -0.781 330.0  30.0  124
 3.650  127.5 -90  36  48   0.781  30.0  30.0  124
 3.650  130.0 -90  36  48   0.781 330.0  30.0  129
 3.650  135.0 -90  36  45   0.781 330.0  30.0  131
 3.650  137.5 -90  36  48   0.781 330.0  30.0  138
 3.650  140.0 -90  36  48   0.781  30.0  30.0  139
 3.650  142.5 -90  36  48   0.781 330.0  30.0  138
 3.650  145.0 -90  36  45   0.781 150.0  30.0  143
 3.650  147.5 -90  36  48   0.781 330.0  30.0  147
 3.650  150.0 -90  36  45   0.781 330.0  30.0  152
 3.650  155.0 -90  36  48   0.781 150.0  30.0  154
 3.650  157.5 -90  36  48   0.781 150.0  30.0  156
 3.650  160.0 -90  36  45   0.781 150.0  30.0  157
 3.650  165.0 -90  36  45   0.781 150.0  30.0  163
 3.650  180.0 -90  36  45   2.344 150.0  30.0  175
 3.650  192.5 -90  36  45   0.781 330.0  30.0  192
 3.650  330.0 -90  36  60  -0.781   0.0   0.0  332
 3.650  332.5 -90  36  75  -0.781   0.0   0.0  333
 3.650  335.0 -90  36  69  -0.781   0.0   0.0  334
 3.650  337.5 -90  36  60  -0.781   0.0   0.0  337
 3.650  340.0 -90  36  60  -0.781  90.0  30.0  340
 3.650  342.5 -90  36  60  -0.781   0.0   0.0  341
 3.650  345.0 -90  36  57  -0.781 330.0  30.0  345
 3.650  347.5 -90  36  54  -0.781   0.0   0.0  346
 3.650  350.0 -90  36  48   0.781  30.0  30.0  350
 3.650  352.5 -90  36  48   0.781  30.0  30.0  351
 3.650  362.5 -90  36  45   0.781   0.0   0.0  362
 3.650  380.0 -90  36  45   0.781 330.0  30.0  378
 3.650  507.5 -90  36  45  -0.781 150.0  30.0  509
 3.650  537.5 -90  36  48  -0.781 210.0  30.0  537
 3.650  540.0 -90  36  54  -0.781   0.0   0.0  538
 3.650  542.5 -90  36  54  -0.781   0.0   0.0  542
 3.650  545.0 -90  36  54  -0.781   0.0   0.0  544
 3.650  547.5 -90  36  51  -0.781   0.0   0.0  546
 3.650  552.5 -90  36  45  -0.781   0.0   0.0  552
 3.650  562.5 -90  36  45  -0.781 330.0  30.0  561
 3.650  567.5 -90  36  45  -0.781   0.0   0.0  567
 3.650  570.0 -90  36  45  -0.781  30.0  30.0  571
 3.650  572.5 -90  36  48  -0.781   0.0   0.0  572
 3.650  577.5 -90  36  45  -0.781   0.0   0.0  578
 3.650  587.5 -90  36  48  -0.781 330.0  30.0  588
 3.650  595.0 -90  36  45  -0.781   0.0   0.0  595
 3.650  597.5 -90  36  45  -0.781   0.0   0.0  600
 3.650  602.5 -90  36  45  -0.781   0.0   0.0  602
 3.650  607.5 -90  36  45  -0.781   0.0   0.0  608
 3.650  617.5 -90  36  45  -0.781   0.0   0.0  615
 3.650  640.0 -90  36  45  -0.781   0.0   0.0  642
 3.650  655.0 -90  36  48  -0.781   0.0   0.0  658
 3.650  657.5 -90  36  57  -0.781   0.0   0.0  658
 3.650  660.0 -90  36  60  -0.781   0.0   0.0  659
 3.650  662.5 -90  36  57  -0.781   0.0   0.0  662
 3.650  665.0 -90  36  48  -0.781   0.0   0.0  667
 3.650  667.5 -90  36  60  -0.781   0.0   0.0  667
 3.650  670.0 -90  36  45  -0.781 150.0  30.0  670
 3.650  672.5 -90  36  54  -0.781   0.0   0.0  673
 3.650  675.0 -90  36  45  -0.781  90.0  30.0  674
 3.650  680.0 -90  36  51  -0.781  90.0  30.0  681
 3.650  682.5 -90  36  45  -0.781  90.0  30.0  681
 3.650  685.0 -90  36  45   0.781   0.0   0.0  685
 3.650  687.5 -90  36  45  -0.781   0.0   0.0  687
 3.650  690.0 -90  36  45   0.781   0.0   0.0  688
 3.650  775.0 -90  36  45  -0.781   0.0   0.0  776
 3.650  782.5 -90  36  48  -0.781   0.0   0.0  784
 3.650  787.5 -90  36  45  -0.781   0.0   0.0  781
 3.650  882.5 -90  36  45  -0.781  30.0  30.0  883
 3.650  987.5 -90  36  48  -0.781   0.0   0.0  988
 3.650  990.0 -90  36  48  -0.781   0.0   0.0  989
 3.650  992.5 -90  36  48  -0.781   0.0   0.0  992
 3.650  997.5 -90  36  48  -0.781   0.0   0.0  999
 3.650 1000.0 -90  36  45  -2.344   0.0   0.0 1001
 3.650 1107.5 -90  36  45  -0.781 210.0  30.0 1109
 3.700  130.0  90  39  48   0.781 330.0  30.0  129
 3.700  332.5  90  39  51  -0.781   0.0   0.0  334
 3.700  335.0  90  39  48  -0.781   0.0   0.0  334
 3.700  340.0  90  39  66  -0.781   0.0   0.0  341
 3.700  342.5  90  39  72  -0.781   0.0   0.0  342
 3.700  345.0  90  39  60  -0.781   0.0   0.0  344
 3.700  347.5  90  39  48  -0.781  30.0  30.0  348
 3.700  355.0  90  39  48   0.781 330.0  30.0  357
 3.700  680.0  90  39  66  -0.781   0.0   0.0  680
 3.700  682.5  90  39  63  -0.781   0.0   0.0  683
 3.700  685.0  90  39  60  -0.781   0.0   0.0  684
 3.700  687.5  90  39  54  -0.781   0.0   0.0  687
 3.700  690.0  90  39  51  -0.781   0.0   0.0  690
 3.700  692.5  90  39  48  -2.344   0.0   0.0  692
 3.700  695.0  90  39  48  -0.781   0.0   0.0  693
 3.700  700.0  90  39  48  -0.781   0.0   0.0  703
 3.700  705.0  90  39  48  -0.781   0.0   0.0  706
 3.700 1020.0  90  39  48  -0.781   0.0   0.0 1019
 3.700 1025.0  90  39  54  -0.781   0.0   0.0 1026
 3.700 1027.5  90  39  57  -0.781   0.0   0.0 1028
 3.700 1030.0  90  39  51  -0.781   0.0   0.0 1031
 3.700  112.5 -90  42  51   0.781  30.0  30.0  112
 3.700  127.5 -90  42  51   0.781 330.0  30.0  127
 3.700  130.0 -90  42  51   0.781 330.0  30.0  126
 3.700  137.5 -90  42  51   0.781 150.0  30.0  137
 3.700  140.0 -90  42  51   0.781 330.0  30.0  140
 3.700  332.5 -90  42  72  -0.781   0.0   0.0  333
 3.700  335.0 -90  42  66  -0.781   0.0   0.0  333
 3.700  337.5 -90  42  54  -0.781   0.0   0.0  336
 3.700  340.0 -90  42  54  -0.781   0.0   0.0  342
 3.700  342.5 -90  42  57  -0.781 150.0  30.0  341
 3.700  345.0 -90  42  51  -0.781 330.0  30.0  345
 3.700  347.5 -90  42  51  -0.781 330.0  30.0  346
 3.700  657.5 -90  42  60  -0.781   0.0   0.0  658
 3.700  660.0 -90  42  63  -0.781   0.0   0.0  659
 3.700  662.5 -90  42  54  -0.781   0.0   0.0  664
 3.700  665.0 -90  42  66  -0.781   0.0   0.0  665
 3.700  667.5 -90  42  57  -0.781   0.0   0.0  666
 3.700  680.0 -90  42  51  -0.781 150.0  30.0  682
 3.700 1000.0 -90  42  51  -0.781   0.0   0.0  999
 3.750  342.5  90  54  69  -0.781   0.0   0.0  343
 3.750  345.0  90  54  66  -0.781   0.0   0.0  342
 3.750  685.0  90  54  63  -0.781   0.0   0.0  685
 3.750  332.5 -90  51  63  -0.781   0.0   0.0  334
 3.750  335.0 -90  51  66  -0.781   0.0   0.0  334
 3.750  342.5 -90  51  60  -0.781 330.0  30.0  343
 3.750  665.0 -90  51  60  -0.781   0.0   0.0  665
 3.750  667.5 -90  51  60  -0.781   0.0   0.0  669
 3.750  670.0 -90  51  60  -0.781   0.0   0.0  671
 3.750  930.0 -90  51  60   2.344 150.0  30.0  921
 3.800  345.0  90  54  69  -0.781   0.0   0.0  345
 3.800  347.5  90  54  66  -0.781   0.0   0.0  345
 3.800  335.0 -90  51  69  -0.781   0.0   0.0  335
 3.800  337.5 -90  51  63  -0.781   0.0   0.0  336
 3.850  345.0  90  51  60  -0.781   0.0   0.0  345
 3.850  347.5  90  51  60  -0.781   0.0   0.0  347
 3.850  335.0 -90  48  63  -0.781   0.0   0.0  336
 3.850  337.5 -90  48  66  -0.781   0.0   0.0  337
 3.850  667.5 -90  48  57  -0.781   0.0   0.0  668
 3.850  670.0 -90  48  63  -0.781   0.0   0.0  671
 3.850  672.5 -90  48  60  -0.781   0.0   0.0  672
 3.900  347.5  90  54  63  -0.781   0.0   0.0  347
 3.900  337.5 -90  51  69  -0.781   0.0   0.0  337
 3.900  340.0 -90  51  63  -0.781   0.0   0.0  338
 3.950  347.5  90  45  60  -0.781   0.0   0.0  349
 3.950  350.0  90  45  63  -0.781   0.0   0.0  349
 3.950  700.0  90  45  54  -0.781   0.0   0.0  700
 3.950  337.5 -90  42  63  -0.781   0.0   0.0  339
 3.950  340.0 -90  42  69  -0.781   0.0   0.0  339
 3.950  342.5 -90  42  54  -0.781   0.0   0.0  341
 3.950  347.5 -90  42  51  -0.781 150.0  30.0  348
 3.950  350.0 -90  42  51  -0.781  90.0  30.0  350
 3.950  670.0 -90  42  54  -0.781   0.0   0.0  671
 3.950  672.5 -90  42  51  -0.781   0.0   0.0  671
 3.950  677.5 -90  42  51  -0.781   0.0   0.0  678
 3.950  680.0 -90  42  54  -0.781   0.0   0.0  680
 3.950  682.5 -90  42  51  -0.781   0.0   0.0  683
 4.000  350.0  90  54  63  -0.781   0.0   0.0  349
 4.000  340.0 -90  54  66  -0.781   0.0   0.0  339
 4.050  350.0  90  39  57  -0.781   0.0   0.0  352
 4.050  352.5  90  39  63  -0.781   0.0   0.0  352
 4.050  355.0  90  39  57  -0.781   0.0   0.0  354
 4.050  697.5  90  39  48  -0.781   0.0   0.0  697
 4.050  702.5  90  39  48  -0.781   0.0   0.0  701
 4.050  705.0  90  39  48  -0.781   0.0   0.0  704
 4.050  707.5  90  39  48  -0.781   0.0   0.0  708
 4.050  115.0 -90  36  45   0.781 330.0  30.0  116
 4.050  330.0 -90  36  45  -0.781   0.0   0.0  330
 4.050  337.5 -90  36  45  -0.781   0.0   0.0  338
 4.050  340.0 -90  36  63  -0.781   0.0   0.0  340
 4.050  342.5 -90  36  60  -0.781   0.0   0.0  341
 4.050  345.0 -90  36  48  -0.781   0.0   0.0  343
 4.050  352.5 -90  36  51  -0.781  90.0  30.0  352
 4.050  355.0 -90  36  48  -0.781 330.0  30.0  353
 4.050  677.5 -90  36  51  -0.781   0.0   0.0  677
 4.050  680.0 -90  36  45  -0.781   0.0   0.0  682
 4.050  682.5 -90  36  45  -0.781   0.0   0.0  682
 4.050  690.0 -90  36  45  -0.781 330.0  30.0  690
 4.100  340.0  90  42  51  -0.781  90.0  30.0  341
 4.100  342.5  90  42  54  -0.781   0.0   0.0  342
 4.100  352.5  90  42  69  -0.781   0.0   0.0  353
 4.100  355.0  90  42  75  -0.781   0.0   0.0  354
 4.100  357.5  90  42  60  -0.781   0.0   0.0  355
 4.100  700.0  90  42  51  -0.781 210.0  30.0  698
 4.100  705.0  90  42  54  -0.781   0.0   0.0  705
 4.100  710.0  90  42  54  -0.781   0.0   0.0  711
 4.100  712.5  90  42  60  -0.781   0.0   0.0  713
 4.100 1072.5  90  42  51  -0.781   0.0   0.0 1071
 4.100  125.0 -90  39  48   0.781 330.0  30.0  130
 4.100  340.0 -90  39  63  -0.781   0.0   0.0  342
 4.100  342.5 -90  39  72  -0.781   0.0   0.0  342
 4.100  345.0 -90  39  57  -0.781   0.0   0.0  342
 4.100  350.0 -90  39  48  -0.781   0.0   0.0  350
 4.100  352.5 -90  39  60  -0.781 150.0  30.0  352
 4.100  355.0 -90  39  63  -0.781  90.0  30.0  354
 4.100  357.5 -90  39  51  -0.781  90.0  30.0  357
 4.100  675.0 -90  39  51   0.781   0.0   0.0  677
 4.100  677.5 -90  39  54  -0.781   0.0   0.0  676
 4.100  682.5 -90  39  48   0.781   0.0   0.0  681
 4.100  685.0 -90  39  51  -0.781   0.0   0.0  686
 4.100  687.5 -90  39  54  -0.781   0.0   0.0  688
 4.100  690.0 -90  39  51  -0.781   0.0   0.0  690
 4.100  692.5 -90  39  48  -0.781   0.0   0.0  692
 4.100  712.5 -90  39  48  -0.781  90.0  30.0  714
 4.100 1035.0 -90  39  48  -2.344   0.0   0.0 1037
 4.150  352.5  90  48  57  -0.781   0.0   0.0  355
 4.150  355.0  90  48  75  -0.781   0.0   0.0  355
 4.150  357.5  90  48  69  -0.781   0.0   0.0  356
 4.150  117.5 -90  45  54  -3.906  30.0  30.0  127
 4.150  122.5 -90  45  54  -3.906  30.0  30.0  130
 4.150  127.5 -90  45  54   0.781  30.0  30.0  124
 4.150  342.5 -90  45  66  -0.781   0.0   0.0  343
 4.150  345.0 -90  45  66  -0.781   0.0   0.0  345
 4.150  347.5 -90  45  60  -0.781   0.0   0.0  347
 4.150  355.0 -90  45  63  -0.781  90.0  30.0  355
 4.150  357.5 -90  45  57  -0.781  90.0  30.0  355
 4.150  680.0 -90  45  54  -0.781   0.0   0.0  681
 4.150  682.5 -90  45  54   0.781   0.0   0.0  680
 4.150  685.0 -90  45  57  -0.781   0.0   0.0  684
 4.150  687.5 -90  45  54  -0.781   0.0   0.0  685
 4.150  690.0 -90  45  57  -0.781   0.0   0.0  690
 4.150  692.5 -90  45  57  -0.781   0.0   0.0  693
 4.200  355.0  90  51  66  -0.781   0.0   0.0  357
 4.200  357.5  90  51  75  -0.781   0.0   0.0  357
 4.200  360.0  90  51  63  -0.781   0.0   0.0  357
 4.200  260.0 -90  48  57  -2.344  30.0  30.0  245
 4.200  262.5 -90  48  57  -2.344  30.0  30.0  273
 4.200  272.5 -90  48  57  -2.344  30.0  30.0  281
 4.200  345.0 -90  48  63  -0.781   0.0   0.0  344
 4.200  357.5 -90  48  66  -0.781 150.0  30.0  357
 4.200  570.0 -90  48  57  -0.781 210.0  30.0  570
 4.200  682.5 -90  48  57   0.781  30.0  30.0  683
 4.200 1260.0 -90  48  57   3.906  30.0  30.0 1267
 4.200 1272.5 -90  48  57   3.906  30.0  30.0 1279
 4.250   85.0  90  48  57   0.781  30.0  30.0   95
 4.250  105.0  90  48  57  -0.781  30.0  30.0   91
 4.250  115.0  90  48  57   0.781  30.0  30.0  122
 4.250  117.5  90  48  57  -0.781  30.0  30.0  124
 4.250  132.5  90  48  57   0.781 210.0  30.0  119
 4.250  135.0  90  48  57   0.781 210.0  30.0  136
 4.250  357.5  90  48  66  -0.781   0.0   0.0  358
 4.250  360.0  90  48  69  -0.781   0.0   0.0  359
 4.250  362.5  90  48  57  -0.781   0.0   0.0  360
 4.250  710.0  90  48  57  -0.781 210.0  30.0  708
 4.250  720.0  90  48  57  -0.781   0.0   0.0  720
 4.250  722.5  90  48  60  -0.781   0.0   0.0  722
 4.250  310.0 -90  48  57  -3.906 210.0  30.0  315
 4.250  345.0 -90  48  60  -0.781   0.0   0.0  346
 4.250  347.5 -90  48  60  -0.781   0.0   0.0  345
 4.250  357.5 -90  48  60  -0.781  90.0  30.0  359
 4.250  360.0 -90  48  63  -0.781  90.0  30.0  359
 4.250  690.0 -90  48  57  -0.781   0.0   0.0  688
 4.250  692.5 -90  48  57  -0.781   0.0   0.0  693
 4.300  360.0  90  54  69  -0.781   0.0   0.0  361
 4.300  362.5  90  54  66  -0.781   0.0   0.0  361
 4.300  347.5 -90  54  69  -0.781   0.0   0.0  347
 4.300  360.0 -90  54  63  -0.781 150.0  30.0  362
 4.350  347.5  90  48  57  -0.781   0.0   0.0  348
 4.350  362.5  90  48  66  -0.781   0.0   0.0  362
 4.350  365.0  90  48  57  -0.781   0.0   0.0  364
 4.350  347.5 -90  51  66  -0.781   0.0   0.0  348
 4.350  350.0 -90  51  63  -0.781   0.0   0.0  348
 4.350  362.5 -90  51  60  -0.781 150.0  30.0  361
 4.400  137.5  90  33  45  -0.781 150.0  30.0  137
 4.400  347.5  90  33  45  -0.781  90.0  30.0  350
 4.400  350.0  90  33  57  -0.781   0.0   0.0  349
 4.400  352.5  90  33  42  -0.781 210.0  30.0  349
 4.400  362.5  90  33  57  -0.781   0.0   0.0  363
 4.400  365.0  90  33  60  -0.781   0.0   0.0  364
 4.400  367.5  90  33  48  -0.781   0.0   0.0  364
 4.400  370.0  90  33  45  -0.781   0.0   0.0  368
 4.400  697.5  90  33  45  -0.781   0.0   0.0  698
 4.400  700.0  90  33  45  -0.781   0.0   0.0  701
 4.400  720.0  90  33  51  -0.781   0.0   0.0  720
 4.400  722.5  90  33  54  -0.781   0.0   0.0  722
 4.400  725.0  90  33  54  -0.781   0.0   0.0  724
 4.400  732.5  90  33  51  -0.781   0.0   0.0  734
 4.400  735.0  90  33  48  -0.781   0.0   0.0  734
 4.400 1092.5  90  33  42  -0.781   0.0   0.0 1094
 4.400 1095.0  90  33  45  -0.781   0.0   0.0 1096
 4.400  167.5 -90  36  48   0.781 150.0  30.0  165
 4.400  170.0 -90  36  45   0.781 150.0  30.0  168
 4.400  347.5 -90  36  57  -0.781   0.0   0.0  349
 4.400  350.0 -90  36  66  -0.781   0.0   0.0  349
 4.400  352.5 -90  36  57  -0.781   0.0   0.0  350
 4.400  355.0 -90  36  48  -0.781   0.0   0.0  354
 4.400  362.5 -90  36  48  -0.781  90.0  30.0  363
 4.400  365.0 -90  36  54  -0.781  90.0  30.0  364
 4.400  577.5 -90  36  45  -0.781 210.0  30.0  575
 4.400  692.5 -90  36  45  -0.781   0.0   0.0  692
 4.400  695.0 -90  36  48  -0.781   0.0   0.0  695
 4.400  697.5 -90  36  54  -0.781   0.0   0.0  698
 4.400  700.0 -90  36  57  -0.781   0.0   0.0  699
 4.400  720.0 -90  36  48  -0.781  90.0  30.0  721
 4.400  722.5 -90  36  48  -0.781 150.0  30.0  721
 4.400  725.0 -90  36  45  -0.781  90.0  30.0  723
 4.450  350.0  90  39  54  -0.781  90.0  30.0  350
 4.450  352.5  90  39  51  -0.781 270.0  30.0  350
 4.450  365.0  90  39  60  -0.781   0.0   0.0  366
 4.450  367.5  90  39  66  -0.781   0.0   0.0  367
 4.450  370.0  90  39  48  -0.781   0.0   0.0  367
 4.450  730.0  90  39  48  -0.781   0.0   0.0  731
 4.450  732.5  90  39  48  -0.781   0.0   0.0  732
 4.450  735.0  90  39  54  -0.781   0.0   0.0  736
 4.450  737.5  90  39  57  -0.781   0.0   0.0  738
 4.450  740.0  90  39  48  -0.781   0.0   0.0  739
 4.450 1102.5  90  39  48  -0.781   0.0   0.0 1104
 4.450  350.0 -90  39  63  -0.781   0.0   0.0  350
 4.450  352.5 -90  39  60  -0.781   0.0   0.0  351
 4.450  355.0 -90  39  51  -0.781   0.0   0.0  354
 4.450  365.0 -90  39  54  -0.781 150.0  30.0  365
 4.450  367.5 -90  39  60  -0.781 150.0  30.0  366
 4.450  695.0 -90  39  48  -0.781   0.0   0.0  694
 4.450  705.0 -90  39  48  -0.781   0.0   0.0  703
 4.450  732.5 -90  39  48  -0.781 150.0  30.0  733
 4.450  735.0 -90  39  48  -0.781 150.0  30.0  736
 4.450  737.5 -90  39  51  -0.781 150.0  30.0  738
 4.500  137.5  90  36  45   0.781 150.0  30.0  135
 4.500  140.0  90  36  45  -0.781 150.0  30.0  138
 4.500  352.5  90  36  54  -0.781 270.0  30.0  353
 4.500  355.0  90  36  51  -0.781   0.0   0.0  353
 4.500  365.0  90  36  48  -0.781   0.0   0.0  368
 4.500  367.5  90  36  66  -0.781   0.0   0.0  368
 4.500  370.0  90  36  63  -0.781   0.0   0.0  368
 4.500  372.5  90  36  48  -0.781   0.0   0.0  370
 4.500  620.0  90  36  45  -0.781 210.0  30.0  618
 4.500  697.5  90  36  45  -0.781   0.0   0.0  697
 4.500  737.5  90  36  54  -0.781   0.0   0.0  739
 4.500  740.0  90  36  54  -0.781   0.0   0.0  739
 4.500  745.0  90  36  45  -0.781   0.0   0.0  745
 4.500 1107.5  90  36  45  -0.781   0.0   0.0 1110
 4.500 1110.0  90  36  48  -0.781   0.0   0.0 1110
 4.500  137.5 -90  36  45   0.781 210.0  30.0  135
 4.500  350.0 -90  36  45  -0.781 330.0  30.0  351
 4.500  352.5 -90  36  63  -0.781   0.0   0.0  353
 4.500  355.0 -90  36  63  -0.781   0.0   0.0  353
 4.500  357.5 -90  36  48  -0.781   0.0   0.0  354
 4.500  365.0 -90  36  48  -0.781   0.0   0.0  362
 4.500  367.5 -90  36  63  -0.781 150.0  30.0  368
 4.500  370.0 -90  36  57  -0.781 150.0  30.0  368
 4.500  695.0 -90  36  48  -0.781   0.0   0.0  696
 4.500  697.5 -90  36  57  -0.781   0.0   0.0  697
 4.500  700.0 -90  36  51  -0.781 210.0  30.0  697
 4.500  702.5 -90  36  45  -0.781   0.0   0.0  703
 4.500  705.0 -90  36  51  -0.781   0.0   0.0  706
 4.500  707.5 -90  36  51  -0.781   0.0   0.0  707
 4.500  710.0 -90  36  45  -0.781   0.0   0.0  710
 4.500  737.5 -90  36  48  -0.781 150.0  30.0  739
 4.500  740.0 -90  36  51  -0.781 150.0  30.0  739
 4.500 1060.0 -90  36  45  -2.344   0.0   0.0 1060
 4.500 1110.0 -90  36  45  -0.781 150.0  30.0 1110
 4.550  370.0  90  54  69  -0.781   0.0   0.0  370
 4.550  372.5  90  54  63  -0.781   0.0   0.0  370
 4.550  352.5 -90  51  63  -0.781   0.0   0.0  354
 4.550  355.0 -90  51  60  -0.781   0.0   0.0  354
 4.550  370.0 -90  51  66  -0.781 150.0  30.0  370
 4.550  372.5 -90  51  60  -0.781  90.0  30.0  370
 4.600  370.0  90  48  60  -0.781   0.0   0.0  372
 4.600  372.5  90  48  66  -0.781   0.0   0.0  372
 4.600  375.0  90  48  60  -0.781   0.0   0.0  372
 4.600  355.0 -90  45  57  -0.781   0.0   0.0  356
 4.600  357.5 -90  45  60  -0.781   0.0   0.0  355
 4.600  370.0 -90  45  57  -0.781 150.0  30.0  372
 4.600  372.5 -90  45  66  -0.781 150.0  30.0  372
 4.600  375.0 -90  45  54  -0.781 150.0  30.0  372
 4.600  710.0 -90  45  54  -0.781   0.0   0.0  710
 4.650  372.5  90  48  63  -0.781   0.0   0.0  373
 4.650  375.0  90  48  69  -0.781   0.0   0.0  374
 4.650  377.5  90  48  60  -0.781   0.0   0.0  376
 4.650  355.0 -90  42  63  -0.781   0.0   0.0  356
 4.650  357.5 -90  42  69  -0.781   0.0   0.0  357
 4.650  360.0 -90  42  60  -0.781   0.0   0.0  357
 4.650  372.5 -90  42  60  -0.781 150.0  30.0  374
 4.650  375.0 -90  42  66  -0.781 150.0  30.0  374
 4.650  377.5 -90  42  54  -0.781 150.0  30.0  377
 4.650  712.5 -90  42  54  -0.781   0.0   0.0  714
 4.650  715.0 -90  42  54  -0.781   0.0   0.0  714
 4.650  740.0 -90  42  51  -0.781 150.0  30.0  738
 4.700  155.0  90  39  48   0.781 150.0  30.0  153
 4.700  355.0  90  39  48  -0.781   0.0   0.0  358
 4.700  357.5  90  39  60  -0.781   0.0   0.0  358
 4.700  360.0  90  39  48  -0.781   0.0   0.0  359
 4.700  372.5  90  39  48  -0.781   0.0   0.0  374
 4.700  375.0  90  39  66  -0.781   0.0   0.0  376
 4.700  377.5  90  39  69  -0.781   0.0   0.0  376
 4.700  380.0  90  39  57  -0.781   0.0   0.0  377
 4.700  710.0  90  39  48  -0.781   0.0   0.0  707
 4.700  752.5  90  39  54  -0.781   0.0   0.0  754
 4.700  755.0  90  39  48  -0.781   0.0   0.0  755
 4.700  137.5 -90  36  48   0.781 210.0  30.0  136
 4.700  355.0 -90  36  54  -0.781   0.0   0.0  357
 4.700  357.5 -90  36  66  -0.781   0.0   0.0  357
 4.700  360.0 -90  36  60  -0.781   0.0   0.0  357
 4.700  362.5 -90  36  51  -0.781   0.0   0.0  362
 4.700  375.0 -90  36  63  -0.781 150.0  30.0  376
 4.700  377.5 -90  36  66  -0.781 150.0  30.0  376
 4.700  380.0 -90  36  48  -0.781 150.0  30.0  377
 4.700  597.5 -90  36  45  -0.781   0.0   0.0  598
 4.700  707.5 -90  36  48  -0.781   0.0   0.0  708
 4.700  710.0 -90  36  54  -0.781   0.0   0.0  710
 4.700  712.5 -90  36  45  -0.781   0.0   0.0  713
 4.700  715.0 -90  36  48  -0.781   0.0   0.0  716
 4.700  717.5 -90  36  54  -0.781   0.0   0.0  718
 4.700  720.0 -90  36  48  -0.781   0.0   0.0  718
 4.700  722.5 -90  36  48  -0.781   0.0   0.0  722
 4.700  740.0 -90  36  45  -0.781   0.0   0.0  741
 4.700  745.0 -90  36  45  -0.781 150.0  30.0  745
 4.700  752.5 -90  36  51  -0.781 150.0  30.0  753
 4.700  755.0 -90  36  48  -0.781 150.0  30.0  755
 4.700  760.0 -90  36  45  -0.781 150.0  30.0  760
 4.700 1075.0 -90  36  45  -0.781   0.0   0.0 1076
 4.750  357.5  90  42  51  -0.781   0.0   0.0  359
 4.750  360.0  90  42  57  -0.781   0.0   0.0  359
 4.750  377.5  90  42  63  -0.781   0.0   0.0  378
 4.750  380.0  90  42  66  -0.781   0.0   0.0  378
 4.750  712.5  90  42  51  -0.781   0.0   0.0  712
 4.750  755.0  90  42  51  -0.781   0.0   0.0  756
 4.750  757.5  90  42  51  -0.781   0.0   0.0  757
 4.750  760.0  90  42  51  -0.781   0.0   0.0  761
 4.750  137.5 -90  39  48   0.781 150.0  30.0  135
 4.750  357.5 -90  39  60  -0.781   0.0   0.0  358
 4.750  360.0 -90  39  63  -0.781   0.0   0.0  359
 4.750  362.5 -90  39  48  -0.781   0.0   0.0  361
 4.750  377.5 -90  39  63  -0.781 150.0  30.0  378
 4.750  380.0 -90  39  60  -0.781 150.0  30.0  378
 4.750  710.0 -90  39  51  -0.781   0.0   0.0  711
 4.750  712.5 -90  39  51  -0.781   0.0   0.0  711
 4.750  715.0 -90  39  51  -0.781   0.0   0.0  714
 4.750  717.5 -90  39  54  -0.781   0.0   0.0  718
 4.750  722.5 -90  39  51  -0.781   0.0   0.0  721
 4.750  725.0 -90  39  51  -0.781   0.0   0.0  726
 4.750  727.5 -90  39  48  -0.781   0.0   0.0  727
 4.750  755.0 -90  39  51  -0.781 150.0  30.0  756
 4.750  757.5 -90  39  48  -0.781  90.0  30.0  757
 4.750  760.0 -90  39  51  -0.781 150.0  30.0  760
 4.750 1085.0 -90  39  48  -0.781   0.0   0.0 1086
 4.800  360.0  90  39  54  -0.781 270.0  30.0  360
 4.800  362.5  90  39  51  -0.781 270.0  30.0  361
 4.800  377.5  90  39  51  -0.781   0.0   0.0  380
 4.800  380.0  90  39  60  -0.781   0.0   0.0  380
 4.800  382.5  90  39  60  -0.781   0.0   0.0  380
 4.800  755.0  90  39  48  -0.781   0.0   0.0  756
 4.800  760.0  90  39  51  -0.781   0.0   0.0  761
 4.800  762.5  90  39  48  -0.781   0.0   0.0  764
 4.800  765.0  90  39  51  -0.781   0.0   0.0  765
 4.800  357.5 -90  39  48  -0.781   0.0   0.0  358
 4.800  360.0 -90  39  63  -0.781   0.0   0.0  360
 4.800  362.5 -90  39  60  -0.781   0.0   0.0  361
 4.800  377.5 -90  39  48  -0.781 150.0  30.0  379
 4.800  380.0 -90  39  63  -0.781 150.0  30.0  380
 4.800  382.5 -90  39  60  -0.781 150.0  30.0  381
 4.800  715.0 -90  39  48  -0.781   0.0   0.0  716
 4.800  717.5 -90  39  51  -0.781   0.0   0.0  720
 4.800  720.0 -90  39  54  -0.781   0.0   0.0  719
 4.800  722.5 -90  39  51  -0.781   0.0   0.0  722
 4.800  730.0 -90  39  51  -0.781   0.0   0.0  730
 4.800  760.0 -90  39  51  -0.781 150.0  30.0  760
 4.800  762.5 -90  39  48  -0.781 150.0  30.0  763
 4.800  765.0 -90  39  51  -0.781 150.0  30.0  765
 4.850  137.5  90  36  45   0.781 210.0  30.0  137
 4.850  147.5  90  36  45  -0.781 150.0  30.0  146
 4.850  150.0  90  36  45   0.781 150.0  30.0  148
 4.850  360.0  90  36  45  -0.781   0.0   0.0  361
 4.850  362.5  90  36  54  -0.781   0.0   0.0  362
 4.850  365.0  90  36  45  -0.781  90.0  30.0  363
 4.850  380.0  90  36  51  -0.781   0.0   0.0  382
 4.850  382.5  90  36  63  -0.781   0.0   0.0  383
 4.850  385.0  90  36  63  -0.781   0.0   0.0  383
 4.850  387.5  90  36  45  -0.781   0.0   0.0  384
 4.850  730.0  90  36  45  -0.781  90.0  30.0  731
 4.850  770.0  90  36  45  -0.781   0.0   0.0  770
 4.850  772.5  90  36  48  -0.781   0.0   0.0  772
 4.850  137.5 -90  36  45   0.781  30.0  30.0  138
 4.850  360.0 -90  36  54  -0.781   0.0   0.0  362
 4.850  362.5 -90  36  66  -0.781   0.0   0.0  362
 4.850  365.0 -90  36  60  -0.781   0.0   0.0  363
 4.850  380.0 -90  36  51  -0.781 150.0  30.0  381
 4.850  382.5 -90  36  63  -0.781  90.0  30.0  383
 4.850  385.0 -90  36  60  -0.781  90.0  30.0  383
 4.850  387.5 -90  36  45  -0.781 270.0  30.0  383
 4.850  697.5 -90  36  48  -2.344  30.0  30.0  699
 4.850  717.5 -90  36  45  -0.781   0.0   0.0  717
 4.850  722.5 -90  36  45  -0.781  30.0  30.0  724
 4.850  725.0 -90  36  48  -0.781   0.0   0.0  725
 4.850  730.0 -90  36  51  -0.781   0.0   0.0  732
 4.850  732.5 -90  36  51  -0.781   0.0   0.0  731
 4.850  745.0 -90  36  45  -0.781   0.0   0.0  746
 4.850  757.5 -90  36  45  -0.781 150.0  30.0  757
 4.850  762.5 -90  36  45  -0.781  90.0  30.0  764
 4.850  772.5 -90  36  45  -0.781  90.0  30.0  771
 4.900  385.0  90  48  63  -0.781   0.0   0.0  385
 4.900  387.5  90  48  63  -0.781   0.0   0.0  386
 4.900  362.5 -90  45  57  -0.781   0.0   0.0  364
 4.900  365.0 -90  45  60  -0.781   0.0   0.0  364
 4.900  367.5 -90  45  54  -0.781   0.0   0.0  365
 4.900  385.0 -90  45  63  -0.781 150.0  30.0  385
 4.900  387.5 -90  45  60  -0.781  90.0  30.0  386
 4.900  727.5 -90  45  54  -0.781   0.0   0.0  728
 5.000  370.0 -90  48  57  -0.781   0.0   0.0  367
 5.000  390.0 -90  48  63  -0.781  90.0  30.0  390
 5.000  392.5 -90  48  57  -0.781  90.0  30.0  391
 5.050  137.5  90  39  51   0.781 210.0  30.0  137
 5.050  367.5  90  39  51  -0.781   0.0   0.0  368
 5.050  370.0  90  39  54  -0.781   0.0   0.0  369
 5.050  392.5  90  39  48  -0.781   0.0   0.0  393
 5.050  395.0  90  39  48  -0.781   0.0   0.0  393
 5.050  737.5  90  39  48  -0.781   0.0   0.0  739
 5.050  367.5 -90  39  57  -0.781   0.0   0.0  368
 5.050  370.0 -90  39  63  -0.781   0.0   0.0  369
 5.050  390.0 -90  39  48  -0.781 150.0  30.0  390
 5.050  392.5 -90  39  63  -0.781  90.0  30.0  393
 5.050  395.0 -90  39  57  -0.781  90.0  30.0  394
 5.050  732.5 -90  39  51  -0.781   0.0   0.0  732
 5.050  737.5 -90  39  51  -0.781   0.0   0.0  737
 5.050  740.0 -90  39  51  -0.781   0.0   0.0  739
 5.050  747.5 -90  39  48  -0.781   0.0   0.0  746
 5.050  787.5 -90  39  48  -0.781  90.0  30.0  788
 5.100  137.5  90  39  51   0.781 150.0  30.0  136
 5.100  140.0  90  39  48   0.781 150.0  30.0  138
 5.100  370.0  90  39  57  -0.781   0.0   0.0  370
 5.100  372.5  90  39  54  -0.781   0.0   0.0  371
 5.100  395.0  90  39  54  -0.781   0.0   0.0  395
 5.100  397.5  90  39  51  -0.781   0.0   0.0  395
 5.100  370.0 -90  39  63  -0.781   0.0   0.0  370
 5.100  372.5 -90  39  63  -0.781   0.0   0.0  371
 5.100  375.0 -90  39  48  -0.781   0.0   0.0  373
 5.100  395.0 -90  39  57  -0.781  90.0  30.0  396
 5.100  397.5 -90  39  54  -0.781  90.0  30.0  396
 5.100  750.0 -90  39  51  -0.781   0.0   0.0  751
 5.100  752.5 -90  39  48  -0.781   0.0   0.0  754
 5.100  792.5 -90  39  48  -0.781  90.0  30.0  793
 5.100  797.5 -90  39  48  -0.781  90.0  30.0  797
 5.150  372.5  90  42  57  -0.781 270.0  30.0  373
 5.150  397.5  90  42  51  -0.781   0.0   0.0  400
 5.150  400.0  90  42  57  -0.781   0.0   0.0  398
 5.150  372.5 -90  42  57  -0.781   0.0   0.0  372
 5.150  375.0 -90  42  54  -0.781   0.0   0.0  373
 5.150  397.5 -90  42  57  -0.781  90.0  30.0  398
 5.150  400.0 -90  42  57  -0.781  90.0  30.0  399
 5.150  742.5 -90  42  51  -0.781   0.0   0.0  743
 5.150  745.0 -90  42  54  -0.781   0.0   0.0  745
 5.200  402.5  90  48  60  -0.781   0.0   0.0  401
 5.200  402.5 -90  48  60  -0.781  90.0  30.0  401
 5.300  407.5  90  48  60  -0.781   0.0   0.0  408
 5.300  410.0  90  48  57  -0.781   0.0   0.0  408
 5.300  380.0 -90  48  57  -0.781   0.0   0.0  378
 5.300  407.5 -90  48  60  -0.781  90.0  30.0  407
 5.300  410.0 -90  48  57  -0.781  90.0  30.0  409
 5.350  137.5  90  42  51   0.781 210.0  30.0  136
 5.350  382.5  90  42  51  -0.781   0.0   0.0  382
 5.350  410.0  90  42  57  -0.781   0.0   0.0  411
 5.350  412.5  90  42  60  -0.781   0.0   0.0  411
 5.350  820.0  90  42  51  -0.781   0.0   0.0  820
 5.350  830.0  90  42  51  -0.781   0.0   0.0  832
 5.350  137.5 -90  42  51   0.781  30.0  30.0  138
 5.350  140.0 -90  42  51   0.781  30.0  30.0  139
 5.350  380.0 -90  42  51  -0.781   0.0   0.0  380
 5.350  382.5 -90  42  54  -0.781   0.0   0.0  381
 5.350  410.0 -90  42  54  -0.781  90.0  30.0  411
 5.350  412.5 -90  42  57  -0.781  90.0  30.0  411
 5.400  137.5  90  39  54   0.781 210.0  30.0  136
 5.400  140.0  90  39  48   0.781  30.0  30.0  136
 5.400  412.5  90  39  51  -0.781   0.0   0.0  414
 5.400  415.0  90  39  60  -0.781   0.0   0.0  414
 5.400  417.5  90  39  51  -0.781   0.0   0.0  416
 5.400  820.0  90  39  48  -0.781 150.0  30.0  819
 5.400  827.5  90  39  51  -0.781   0.0   0.0  828
 5.400  830.0  90  39  51  -0.781   0.0   0.0  830
 5.400  832.5  90  39  51  -0.781   0.0   0.0  833
 5.400  835.0  90  39  51  -0.781   0.0   0.0  834
 5.400  840.0  90  39  48  -0.781   0.0   0.0  840
 5.400  135.0 -90  39  51  -2.344 330.0  30.0  142
 5.400  145.0 -90  39  51   0.781  30.0  30.0  141
 5.400  382.5 -90  39  48  -0.781   0.0   0.0  383
 5.400  412.5 -90  39  51  -0.781  90.0  30.0  415
 5.400  415.0 -90  39  57  -0.781  90.0  30.0  414
 5.400  417.5 -90  39  48  -0.781 270.0  30.0  415
 5.400  770.0 -90  39  48  -0.781   0.0   0.0  770
 5.400  827.5 -90  39  48  -0.781  90.0  30.0  826
 5.400  830.0 -90  39  48  -0.781  90.0  30.0  829
 5.400  832.5 -90  39  48  -0.781  90.0  30.0  833
 5.400  840.0 -90  39  48  -0.781  90.0  30.0  841
 5.450  140.0  90  39  48   0.781  30.0  30.0  139
 5.450  385.0  90  39  54  -0.781  30.0  30.0  385
 5.450  417.5  90  39  57  -0.781   0.0   0.0  418
 5.450  420.0  90  39  57  -0.781   0.0   0.0  419
 5.450  762.5  90  39  48  -0.781  30.0  30.0  761
 5.450  832.5  90  39  51  -0.781   0.0   0.0  832
 5.450  835.0  90  39  48  -0.781   0.0   0.0  834
 5.450  837.5  90  39  48  -0.781   0.0   0.0  837
 5.450  842.5  90  39  51  -0.781   0.0   0.0  843
 5.450  845.0  90  39  57  -0.781   0.0   0.0  845
 5.450  847.5  90  39  51  -0.781   0.0   0.0  847
 5.450   87.5 -90  39  48  -0.781   0.0   0.0   86
 5.450  142.5 -90  39  48  -0.781  30.0  30.0  141
 5.450  382.5 -90  39  51  -0.781   0.0   0.0  384
 5.450  385.0 -90  39  57  -0.781   0.0   0.0  385
 5.450  387.5 -90  39  51  -0.781   0.0   0.0  386
 5.450  417.5 -90  39  57  -0.781  90.0  30.0  417
 5.450  420.0 -90  39  54  -0.781  90.0  30.0  419
 5.450  762.5 -90  39  51  -0.781   0.0   0.0  761
 5.450  842.5 -90  39  51  -0.781  90.0  30.0  843
 5.450  845.0 -90  39  54  -0.781  90.0  30.0  845
 5.450  847.5 -90  39  48  -0.781  90.0  30.0  847
 5.500  387.5  90  42  54  -0.781  30.0  30.0  385
 5.500  420.0  90  42  54  -0.781   0.0   0.0  422
 5.500  422.5  90  42  63  -0.781   0.0   0.0  422
 5.500  425.0  90  42  57  -0.781   0.0   0.0  422
 5.500  385.0 -90  42  57  -0.781   0.0   0.0  386
 5.500  387.5 -90  42  60  -0.781   0.0   0.0  386
 5.500  420.0 -90  42  51  -0.781  90.0  30.0  420
 5.500  422.5 -90  42  60  -0.781  90.0  30.0  423
 5.500  425.0 -90  42  54  -0.781  90.0  30.0  424
 5.500  765.0 -90  42  51  -0.781   0.0   0.0  766
 5.500  767.5 -90  42  51  -0.781   0.0   0.0  765
 5.500  772.5 -90  42  51  -0.781   0.0   0.0  774
 5.550  140.0  90  39  51   0.781 150.0  30.0  138
 5.550  387.5  90  39  51  -0.781  30.0  30.0  387
 5.550  390.0  90  39  51  -0.781  30.0  30.0  388
 5.550  425.0  90  39  60  -0.781   0.0   0.0  426
 5.550  427.5  90  39  63  -0.781   0.0   0.0  427
 5.550  430.0  90  39  51  -0.781   0.0   0.0  427
 5.550  857.5  90  39  48  -0.781   0.0   0.0  858
 5.550  860.0  90  39  54  -0.781   0.0   0.0  860
 5.550  862.5  90  39  51  -0.781   0.0   0.0  863
 5.550  865.0  90  39  51  -0.781   0.0   0.0  866
 5.550  137.5 -90  39  54   0.781  30.0  30.0  137
 5.550  140.0 -90  39  48   0.781  30.0  30.0  137
 5.550  145.0 -90  39  48   0.781  30.0  30.0  145
 5.550  387.5 -90  39  57  -0.781   0.0   0.0  388
 5.550  390.0 -90  39  54  -0.781   0.0   0.0  387
 5.550  425.0 -90  39  57  -0.781  90.0  30.0  425
 5.550  427.5 -90  39  60  -0.781  90.0  30.0  427
 5.550  430.0 -90  39  51  -0.781  90.0  30.0  429
 5.550  772.5 -90  39  48  -0.781   0.0   0.0  771
 5.550  775.0 -90  39  48  -0.781   0.0   0.0  774
 5.550  782.5 -90  39  48  -0.781   0.0   0.0  783
 5.550  785.0 -90  39  51  -0.781   0.0   0.0  785
 5.550  857.5 -90  39  48  -0.781  90.0  30.0  859
 5.550  860.0 -90  39  51  -0.781  90.0  30.0  861
 5.550  862.5 -90  39  51  -0.781  90.0  30.0  863
 5.550  865.0 -90  39  51  -0.781  90.0  30.0  864
 5.600  137.5  90  36  51   0.781 270.0  30.0  137
 5.600  140.0  90  36  45   0.781 150.0  30.0  137
 5.600  390.0  90  36  54  -0.781  30.0  30.0  390
 5.600  392.5  90  36  51  -0.781   0.0   0.0  391
 5.600  427.5  90  36  48  -0.781   0.0   0.0  429
 5.600  430.0  90  36  63  -0.781   0.0   0.0  430
 5.600  432.5  90  36  63  -0.781   0.0   0.0  431
 5.600  435.0  90  36  45  -0.781   0.0   0.0  432
 5.600  775.0  90  36  48  -0.781   0.0   0.0  775
 5.600  780.0  90  36  45  -0.781   0.0   0.0  779
 5.600  785.0  90  36  45  -0.781  30.0  30.0  785
 5.600  855.0  90  36  45  -0.781   0.0   0.0  854
 5.600  865.0  90  36  51  -0.781   0.0   0.0  865
 5.600  867.5  90  36  48  -0.781   0.0   0.0  868
 5.600  870.0  90  36  48  -0.781   0.0   0.0  871
 5.600  872.5  90  36  45  -0.781   0.0   0.0  872
 5.600  137.5 -90  36  48   0.781  30.0  30.0  136
 5.600  145.0 -90  36  51   0.781  30.0  30.0  144
 5.600  147.5 -90  36  45   0.781  30.0  30.0  144
 5.600  390.0 -90  36  60  -0.781   0.0   0.0  391
 5.600  392.5 -90  36  60  -0.781   0.0   0.0  391
 5.600  427.5 -90  36  51  -0.781  90.0  30.0  427
 5.600  430.0 -90  36  60  -0.781  90.0  30.0  430
 5.600  432.5 -90  36  57  -0.781  90.0  30.0  432
 5.600  772.5 -90  36  48  -0.781 150.0  30.0  772
 5.600  775.0 -90  36  54  -0.781   0.0   0.0  774
 5.600  777.5 -90  36  45  -0.781   0.0   0.0  777
 5.600  780.0 -90  36  48  -0.781   0.0   0.0  780
 5.600  782.5 -90  36  45  -0.781   0.0   0.0  784
 5.600  785.0 -90  36  51  -0.781   0.0   0.0  785
 5.600  787.5 -90  36  45  -0.781   0.0   0.0  786
 5.600  792.5 -90  36  45  -0.781   0.0   0.0  793
 5.600  865.0 -90  36  48  -0.781  90.0  30.0  864
 5.600  870.0 -90  36  45  -0.781  90.0  30.0  869
 5.600  875.0 -90  36  45  -0.781  90.0  30.0  874
 5.650  137.5  90  36  45  -0.781  30.0  30.0  139
 5.650  140.0  90  36  45   0.781  30.0  30.0  136
 5.650  145.0  90  36  45   0.781  30.0  30.0  144
 5.650  392.5  90  36  54  -0.781   0.0   0.0  393
 5.650  395.0  90  36  51  -0.781   0.0   0.0  394
 5.650  432.5  90  36  45  -0.781   0.0   0.0  433
 5.650  435.0  90  36  54  -0.781   0.0   0.0  434
 5.650  777.5  90  36  45  -0.781 210.0  30.0  775
 5.650  782.5  90  36  45  -0.781   0.0   0.0  783
 5.650  787.5  90  36  48  -0.781  30.0  30.0  787
 5.650  790.0  90  36  45  -0.781  30.0  30.0  790
 5.650  797.5  90  36  45  -0.781   0.0   0.0  799
 5.650  860.0  90  36  45  -0.781   0.0   0.0  859
 5.650  862.5  90  36  45  -0.781   0.0   0.0  862
 5.650  870.0  90  36  48  -0.781   0.0   0.0  870
 5.650  872.5  90  36  48  -0.781   0.0   0.0  871
 5.650  875.0  90  36  51  -0.781   0.0   0.0  876
 5.650  877.5  90  36  51  -0.781   0.0   0.0  877
 5.650  882.5  90  36  48  -0.781   0.0   0.0  883
 5.650  887.5  90  36  45  -0.781   0.0   0.0  886
 5.650  137.5 -90  36  45  -0.781  30.0  30.0  134
 5.650  392.5 -90  36  60  -0.781   0.0   0.0  393
 5.650  395.0 -90  36  57  -0.781   0.0   0.0  393
 5.650  432.5 -90  36  45  -0.781  90.0  30.0  432
 5.650  435.0 -90  36  48  -0.781  90.0  30.0  434
 5.650  437.5 -90  36  48  -0.781  90.0  30.0  438
 5.650  440.0 -90  36  45  -0.781  90.0  30.0  436
 5.650  777.5 -90  36  48  -0.781 210.0  30.0  778
 5.650  780.0 -90  36  45  -0.781 150.0  30.0  780
 5.650  782.5 -90  36  48  -0.781   0.0   0.0  782
 5.650  787.5 -90  36  54  -0.781   0.0   0.0  788
 5.650  790.0 -90  36  54  -0.781   0.0   0.0  790
 5.650  792.5 -90  36  48  -0.781   0.0   0.0  792
 5.650  795.0 -90  36  51  -0.781   0.0   0.0  796
 5.650  797.5 -90  36  51  -0.781   0.0   0.0  797
 5.650  870.0 -90  36  45  -0.781  90.0  30.0  869
 5.650  875.0 -90  36  45  -0.781  90.0  30.0  878
 5.650  877.5 -90  36  48  -0.781  90.0  30.0  877
 5.650  882.5 -90  36  45  -0.781  90.0  30.0  883
 5.650  885.0 -90  36  45  -0.781  90.0  30.0  885
 5.650  887.5 -90  36  45  -0.781  90.0  30.0  887
 5.650 1062.5 -90  36  45  -2.344 330.0  30.0 1070
 5.650 1065.0 -90  36  45  -2.344 330.0  30.0 1069
 5.700  137.5  90  39  48   0.781  90.0  30.0  137
 5.700  140.0  90  39  51   0.781 210.0  30.0  137
 5.700  395.0  90  39  51  -0.781  30.0  30.0  396
 5.700  397.5  90  39  54  -0.781  30.0  30.0  396
 5.700  437.5  90  39  48  -0.781   0.0   0.0  437
 5.700  440.0  90  39  54  -0.781   0.0   0.0  440
 5.700  442.5  90  39  54  -0.781   0.0   0.0  441
 5.700  885.0  90  39  48  -0.781   0.0   0.0  883
 5.700  897.5  90  39  48  -0.781   0.0   0.0  897
 5.700  137.5 -90  36  51   0.781  90.0  30.0  137
 5.700  140.0 -90  36  48   0.781 150.0  30.0  137
 5.700  145.0 -90  36  51   0.781  30.0  30.0  143
 5.700  170.0 -90  36  45   0.781  90.0  30.0  168
 5.700  392.5 -90  36  45  -0.781   0.0   0.0  397
 5.700  395.0 -90  36  60  -0.781   0.0   0.0  395
 5.700  397.5 -90  36  60  -0.781   0.0   0.0  397
 5.700  400.0 -90  36  48  -0.781   0.0   0.0  397
 5.700  437.5 -90  36  45  -0.781  90.0  30.0  437
 5.700  440.0 -90  36  51  -0.781  90.0  30.0  440
 5.700  442.5 -90  36  51  -0.781  90.0  30.0  441
 5.700  675.0 -90  36  45  -0.781 150.0  30.0  676
 5.700  782.5 -90  36  45  -0.781   0.0   0.0  783
 5.700  785.0 -90  36  45  -0.781   0.0   0.0  784
 5.700  787.5 -90  36  45  -0.781   0.0   0.0  788
 5.700  790.0 -90  36  45  -0.781   0.0   0.0  791
 5.700  795.0 -90  36  45  -0.781   0.0   0.0  795
 5.700  797.5 -90  36  48  -0.781   0.0   0.0  798
 5.700  800.0 -90  36  45  -0.781   0.0   0.0  800
 5.700  875.0 -90  36  45  -0.781  90.0  30.0  874
 5.700  890.0 -90  36  45  -0.781  90.0  30.0  890
 5.700  897.5 -90  36  45  -0.781  90.0  30.0  897
 5.700 1065.0 -90  36  45  -2.344 330.0  30.0 1062
 5.750  397.5 -90  51  63  -0.781   0.0   0.0  398
 5.750  400.0 -90  51  63  -0.781   0.0   0.0  398
 5.800  400.0  90  45  54  -0.781  30.0  30.0  402
 5.800  450.0  90  45  54  -0.781   0.0   0.0  451
 5.800  452.5  90  45  57  -0.781   0.0   0.0  452
 5.800  917.5  90  45  54  -0.781   0.0   0.0  919
 5.800  400.0 -90  45  60  -0.781   0.0   0.0  400
 5.800  402.5 -90  45  60  -0.781   0.0   0.0  400
 5.850  402.5 -90  51  60  -0.781   0.0   0.0  404
 5.850  405.0 -90  51  60  -0.781   0.0   0.0  404
 5.900  405.0  90  45  54  -0.781  30.0  30.0  407
 5.900  407.5  90  45  54  -0.781  30.0  30.0  406
 5.900  462.5  90  45  54  -0.781   0.0   0.0  461
 5.900  465.0  90  45  57  -0.781   0.0   0.0  464
 5.900  467.5  90  45  57  -0.781   0.0   0.0  466
 5.900  405.0 -90  48  60  -0.781   0.0   0.0  406
 5.900  407.5 -90  48  60  -0.781   0.0   0.0  406
 5.950  105.0  90  45  54  -0.781 210.0  30.0  101
 5.950  410.0  90  45  57  -0.781  30.0  30.0  409
 5.950  470.0  90  45  57  -0.781 210.0  30.0  469
 5.950  472.5  90  45  60  -0.781   0.0   0.0  472
 5.950  475.0  90  45  54  -0.781   0.0   0.0  474
 5.950  407.5 -90  48  60  -0.781   0.0   0.0  408
 5.950  410.0 -90  48  66  -0.781   0.0   0.0  409
 5.950  412.5 -90  48  57  -0.781   0.0   0.0  412
 6.000  410.0  90  39  48  -0.781  30.0  30.0  411
 6.000  412.5  90  39  54  -0.781  30.0  30.0  413
 6.000  415.0  90  39  48  -0.781  90.0  30.0  413
 6.000  475.0  90  39  48  -0.781   0.0   0.0  475
 6.000  477.5  90  39  48  -0.781   0.0   0.0  476
 6.000  480.0  90  39  57  -0.781   0.0   0.0  480
 6.000  482.5  90  39  57  -0.781   0.0   0.0  482
 6.000  485.0  90  39  54  -0.781   0.0   0.0  484
 6.000  947.5  90  39  48  -0.781   0.0   0.0  948
 6.000  137.5 -90  39  54   0.781  30.0  30.0  137
 6.000  140.0 -90  39  51   0.781  30.0  30.0  137
 6.000  145.0 -90  39  51   0.781  30.0  30.0  145
 6.000  410.0 -90  39  57  -0.781   0.0   0.0  411
 6.000  412.5 -90  39  66  -0.781   0.0   0.0  412
 6.000  415.0 -90  39  60  -0.781   0.0   0.0  413
 6.000  480.0 -90  39  51  -0.781  90.0  30.0  481
 6.000  482.5 -90  39  51  -0.781  90.0  30.0  483
 6.000  485.0 -90  39  48  -0.781  90.0  30.0  485
 6.000  817.5 -90  39  48  -0.781   0.0   0.0  820
 6.000  820.0 -90  39  54  -0.781   0.0   0.0  819
 6.000  827.5 -90  39  48  -0.781   0.0   0.0  829
 6.000  830.0 -90  39  54  -0.781   0.0   0.0  830
 6.000  832.5 -90  39  54  -0.781   0.0   0.0  833
 6.000  837.5 -90  39  51  -0.781   0.0   0.0  837
 6.000  840.0 -90  39  54  -0.781   0.0   0.0  840
 6.000  842.5 -90  39  48  -0.781   0.0   0.0  843
 6.000 1087.5 -90  39  48  -2.344 330.0  30.0 1093
 6.000 1092.5 -90  39  48  -2.344 330.0  30.0 1096
 6.050  490.0  90  48  60  -0.781   0.0   0.0  491
 6.050  492.5  90  48  57  -0.781   0.0   0.0  491
 6.050  140.0 -90  45  54   0.781  30.0  30.0  138
 6.050  415.0 -90  45  54  -0.781   0.0   0.0  413
 6.050  827.5 -90  45  54  -0.781   0.0   0.0  828
 6.050  845.0 -90  45  54  -0.781   0.0   0.0  848
 6.100  497.5  90  45  54  -0.781   0.0   0.0  500
 6.100  500.0  90  45  60  -0.781   0.0   0.0  499
 6.100  502.5  90  45  63  -0.781   0.0   0.0  502
 6.100  505.0  90  45  60  -0.781   0.0   0.0  504
 6.100  507.5  90  45  57  -0.781   0.0   0.0  506
 6.100  420.0 -90  45  63  -0.781   0.0   0.0  420
 6.100  422.5 -90  45  57  -0.781   0.0   0.0  421
 6.100  500.0 -90  45  54  -0.781  90.0  30.0  500
 6.100  502.5 -90  45  57  -0.781  90.0  30.0  502
 6.100  505.0 -90  45  54  -0.781  90.0  30.0  505
 6.100  845.0 -90  45  54  -0.781   0.0   0.0  846
 6.100  847.5 -90  45  54  -0.781   0.0   0.0  846
 6.100  852.5 -90  45  54  -0.781   0.0   0.0  852
 6.150  140.0  90  42  51   0.781 210.0  30.0  138
 6.150  422.5  90  42  54  -0.781  30.0  30.0  422
 6.150  510.0  90  42  60  -0.781   0.0   0.0  510
 6.150  512.5  90  42  60  -0.781   0.0   0.0  512
 6.150  515.0  90  42  63  -0.781   0.0   0.0  515
 6.150  517.5  90  42  57  -0.781   0.0   0.0  516
 6.150  520.0  90  42  51  -0.781   0.0   0.0  519
 6.150  140.0 -90  39  48   0.781  30.0  30.0  140
 6.150  145.0 -90  39  48   0.781  30.0  30.0  144
 6.150  420.0 -90  39  57  -0.781   0.0   0.0  421
 6.150  422.5 -90  39  69  -0.781   0.0   0.0  422
 6.150  425.0 -90  39  60  -0.781   0.0   0.0  423
 6.150  507.5 -90  39  48  -0.781  90.0  30.0  509
 6.150  510.0 -90  39  51  -0.781  90.0  30.0  511
 6.150  512.5 -90  39  54  -0.781  90.0  30.0  512
 6.150  515.0 -90  39  54  -0.781  90.0  30.0  515
 6.150  517.5 -90  39  51  -0.781  90.0  30.0  517
 6.150  740.0 -90  39  48  -0.781  30.0  30.0  741
 6.150  835.0 -90  39  51  -0.781   0.0   0.0  836
 6.150  837.5 -90  39  51  -0.781   0.0   0.0  838
 6.150  840.0 -90  39  54  -0.781   0.0   0.0  840
 6.150  842.5 -90  39  51  -0.781   0.0   0.0  841
 6.150  847.5 -90  39  51  -0.781   0.0   0.0  849
 6.150  850.0 -90  39  48  -0.781   0.0   0.0  849
 6.150  855.0 -90  39  54  -0.781   0.0   0.0  857
 6.150  857.5 -90  39  57  -0.781   0.0   0.0  857
 6.150  860.0 -90  39  48  -0.781   0.0   0.0  862
 6.150  862.5 -90  39  51  -0.781   0.0   0.0  862
 6.150  865.0 -90  39  48  -0.781   0.0   0.0  866
 6.200  527.5  90  48  57  -0.781   0.0   0.0  527
 6.200  425.0 -90  48  63  -0.781   0.0   0.0  424
 6.200  427.5 -90  48  57  -0.781   0.0   0.0  426
 6.200  430.0 -90  48  57  -0.781   0.0   0.0  428
 6.250  142.5 -90  45  54   0.781  90.0  30.0  143
 6.250  427.5 -90  45  54  -0.781   0.0   0.0  429
 6.250  430.0 -90  45  66  -0.781   0.0   0.0  430
 6.250  432.5 -90  45  63  -0.781   0.0   0.0  431
 6.250  750.0 -90  45  54  -0.781  30.0  30.0  751
 6.250  850.0 -90  45  54  -0.781   0.0   0.0  851
 6.250  855.0 -90  45  54  -0.781   0.0   0.0  854
 6.250  865.0 -90  45  54  -0.781   0.0   0.0  866
 6.250  870.0 -90  45  54  -0.781   0.0   0.0  871
 6.250  872.5 -90  45  54  -0.781   0.0   0.0  875
 6.300  565.0  90  45  54  -0.781   0.0   0.0  566
 6.300  142.5 -90  45  54   0.781  30.0  30.0  144
 6.300  145.0 -90  45  57   0.781  30.0  30.0  142
 6.300  432.5 -90  45  57  -0.781   0.0   0.0  434
 6.300  435.0 -90  45  69  -0.781   0.0   0.0  435
 6.300  437.5 -90  45  66  -0.781   0.0   0.0  436
 6.300  862.5 -90  45  54  -0.781   0.0   0.0  860
 6.300  880.0 -90  45  54  -0.781   0.0   0.0  882
 6.350  437.5 -90  54  66  -0.781   0.0   0.0  438
 6.350  440.0 -90  54  69  -0.781   0.0   0.0  439
 6.400  445.0 -90  48  63  -0.781   0.0   0.0  444
 6.450  447.5 -90  51  60  -0.781   0.0   0.0  447
 6.450  450.0 -90  51  66  -0.781   0.0   0.0  450
 6.450  452.5 -90  51  63  -0.781   0.0   0.0  451
 6.500  452.5 -90  48  60  -0.781   0.0   0.0  454
 6.500  455.0 -90  48  66  -0.781   0.0   0.0  455
 6.500  457.5 -90  48  60  -0.781   0.0   0.0  457
 6.550  462.5  90  36  48  -0.781  30.0  30.0  463
 6.550  137.5 -90  36  48   0.781  90.0  30.0  137
 6.550  140.0 -90  36  45   0.781 210.0  30.0  138
 6.550  142.5 -90  36  48   0.781  30.0  30.0  141
 6.550  145.0 -90  36  48   0.781  30.0  30.0  145
 6.550  147.5 -90  36  48   0.781  90.0  30.0  146
 6.550  455.0 -90  36  45  -0.781   0.0   0.0  460
 6.550  457.5 -90  36  51  -0.781   0.0   0.0  459
 6.550  460.0 -90  36  63  -0.781   0.0   0.0  460
 6.550  462.5 -90  36  66  -0.781   0.0   0.0  462
 6.550  465.0 -90  36  60  -0.781   0.0   0.0  464
 6.550  467.5 -90  36  51  -0.781   0.0   0.0  467
 6.550  797.5 -90  36  45  -0.781   0.0   0.0  797
 6.550  800.0 -90  36  45  -0.781 150.0  30.0  801
 6.550  902.5 -90  36  48  -0.781   0.0   0.0  904
 6.550  905.0 -90  36  45  -0.781 150.0  30.0  903
 6.550  907.5 -90  36  45  -0.781 330.0  30.0  914
 6.550  910.0 -90  36  48  -0.781   0.0   0.0  910
 6.550  917.5 -90  36  45  -0.781   0.0   0.0  917
 6.550  920.0 -90  36  45  -0.781  30.0  30.0  919
 6.550  922.5 -90  36  51  -0.781   0.0   0.0  923
 6.550  925.0 -90  36  45  -0.781   0.0   0.0  924
 6.550  930.0 -90  36  45  -0.781   0.0   0.0  931
 6.550  932.5 -90  36  45  -0.781   0.0   0.0  933
 6.550  935.0 -90  36  48  -0.781   0.0   0.0  935
 6.550  937.5 -90  36  48  -0.781   0.0   0.0  938
 6.550  940.0 -90  36  48  -0.781   0.0   0.0  940
 6.550  942.5 -90  36  45  -0.781   0.0   0.0  941
 6.550  945.0 -90  36  45  -0.781   0.0   0.0  947
 6.600  465.0  90  33  42  -0.781  30.0  30.0  468
 6.600  467.5  90  33  45  -0.781  30.0  30.0  468
 6.600  470.0  90  33  45  -0.781  30.0  30.0  469
 6.600  137.5 -90  36  45   0.781  90.0  30.0  136
 6.600  142.5 -90  36  45   0.781  30.0  30.0  140
 6.600  462.5 -90  36  54  -0.781   0.0   0.0  464
 6.600  465.0 -90  36  63  -0.781   0.0   0.0  465
 6.600  467.5 -90  36  66  -0.781   0.0   0.0  467
 6.600  470.0 -90  36  66  -0.781   0.0   0.0  469
 6.600  472.5 -90  36  54  -0.781   0.0   0.0  471
 6.600  475.0 -90  36  45  -0.781   0.0   0.0  472
 6.600  917.5 -90  36  48  -0.781   0.0   0.0  918
 6.600  920.0 -90  36  48  -0.781   0.0   0.0  920
 6.600  922.5 -90  36  48  -0.781   0.0   0.0  922
 6.600  925.0 -90  36  45  -0.781   0.0   0.0  926
 6.600  927.5 -90  36  51  -0.781   0.0   0.0  927
 6.600  930.0 -90  36  48  -0.781   0.0   0.0  929
 6.600  932.5 -90  36  45  -0.781   0.0   0.0  929
 6.600  935.0 -90  36  48  -0.781   0.0   0.0  935
 6.600  950.0 -90  36  45  -0.781   0.0   0.0  951
 6.600  955.0 -90  36  48  -0.781   0.0   0.0  955
 6.600  957.5 -90  36  48  -0.781   0.0   0.0  957
 6.600  960.0 -90  36  45  -0.781 150.0  30.0  959
 6.600  965.0 -90  36  45  -0.781   0.0   0.0  966
 6.650  137.5  90  33  42   0.781  90.0  30.0  138
 6.650  140.0  90  33  45   0.781  90.0  30.0  138
 6.650  472.5  90  33  45  -0.781  30.0  30.0  472
 6.650  475.0  90  33  48  -0.781  30.0  30.0  475
 6.650  477.5  90  33  42  -0.781  30.0  30.0  476
 6.650  137.5 -90  33  51   0.781  90.0  30.0  137
 6.650  140.0 -90  33  48   0.781  30.0  30.0  138
 6.650  142.5 -90  33  45   0.781  30.0  30.0  141
 6.650  145.0 -90  33  42   0.781  90.0  30.0  143
 6.650  470.0 -90  33  51  -0.781   0.0   0.0  472
 6.650  472.5 -90  33  63  -0.781   0.0   0.0  473
 6.650  475.0 -90  33  69  -0.781   0.0   0.0  474
 6.650  477.5 -90  33  63  -0.781   0.0   0.0  477
 6.650  480.0 -90  33  54  -0.781   0.0   0.0  479
 6.650  482.5 -90  33  45  -0.781   0.0   0.0  480
 6.650  820.0 -90  33  42  -0.781  30.0  30.0  820
 6.650  827.5 -90  33  42  -0.781   0.0   0.0  828
 6.650  830.0 -90  33  42  -0.781   0.0   0.0  830
 6.650  917.5 -90  33  42  -0.781  30.0  30.0  916
 6.650  930.0 -90  33  42  -0.781 330.0  30.0  941
 6.650  932.5 -90  33  48  -0.781   0.0   0.0  933
 6.650  935.0 -90  33  54  -0.781   0.0   0.0  935
 6.650  937.5 -90  33  54  -0.781   0.0   0.0  937
 6.650  940.0 -90  33  48  -0.781   0.0   0.0  941
 6.650  942.5 -90  33  48  -0.781   0.0   0.0  943
 6.650  945.0 -90  33  42  -0.781   0.0   0.0  944
 6.650  950.0 -90  33  42  -0.781   0.0   0.0  949
 6.650  957.5 -90  33  45  -0.781   0.0   0.0  958
 6.650  962.5 -90  33  42  -0.781   0.0   0.0  963
 6.650  970.0 -90  33  48  -0.781   0.0   0.0  970
 6.650  972.5 -90  33  48  -0.781   0.0   0.0  972
 6.650  977.5 -90  33  42  -0.781   0.0   0.0  977
 6.650  982.5 -90  33  45  -0.781   0.0   0.0  982
 6.700  140.0  90  36  45   0.781  90.0  30.0  139
 6.700  485.0  90  36  45  -0.781  30.0  30.0  485
 6.700  140.0 -90  36  45   0.781  30.0  30.0  138
 6.700  142.5 -90  36  45   0.781  30.0  30.0  140
 6.700  145.0 -90  36  45   0.781  90.0  30.0  145
 6.700  147.5 -90  36  48   0.781  30.0  30.0  145
 6.700  477.5 -90  36  45  -0.781   0.0   0.0  477
 6.700  480.0 -90  36  54  -0.781   0.0   0.0  480
 6.700  482.5 -90  36  54  -0.781   0.0   0.0  482
 6.700  485.0 -90  36  63  -0.781   0.0   0.0  485
 6.700  487.5 -90  36  60  -0.781   0.0   0.0  487
 6.700  490.0 -90  36  54  -0.781   0.0   0.0  489
 6.700  827.5 -90  36  45  -0.781  30.0  30.0  827
 6.700  830.0 -90  36  45  -0.781  30.0  30.0  829
 6.700  837.5 -90  36  45  -0.781   0.0   0.0  838
 6.700  840.0 -90  36  48  -0.781   0.0   0.0  840
 6.700  945.0 -90  36  48  -0.781   0.0   0.0  944
 6.700  952.5 -90  36  45  -0.781   0.0   0.0  953
 6.700  962.5 -90  36  48  -0.781   0.0   0.0  962
 6.700  965.0 -90  36  51  -0.781   0.0   0.0  965
 6.700  967.5 -90  36  48  -0.781   0.0   0.0  967
 6.700  980.0 -90  36  48  -0.781   0.0   0.0  981
 6.700  982.5 -90  36  48  -0.781   0.0   0.0  982
 6.700  990.0 -90  36  48  -0.781   0.0   0.0  991
 6.700  992.5 -90  36  51  -0.781   0.0   0.0  992
 6.700  997.5 -90  36  45  -0.781   0.0   0.0  997
 6.750  492.5  90  42  51  -0.781  30.0  30.0  491
 6.750  487.5 -90  48  63  -0.781   0.0   0.0  488
 6.750  490.0 -90  48  69  -0.781   0.0   0.0  490
 6.750  492.5 -90  48  69  -0.781   0.0   0.0  492
 6.750  495.0 -90  48  63  -0.781   0.0   0.0  493
 6.800  502.5 -90  45  54  -0.781   0.0   0.0  501
 6.800  507.5 -90  45  54  -0.781   0.0   0.0  507
 6.800  987.5 -90  45  54  -0.781   0.0   0.0  987
 6.800  992.5 -90  45  54  -0.781   0.0   0.0  993
 6.850  140.0  90  39  48   0.781 270.0  30.0  135
 6.850  137.5 -90  39  51   0.781  90.0  30.0  137
 6.850  140.0 -90  39  51   0.781  30.0  30.0  138
 6.850  142.5 -90  39  48   0.781   0.0   0.0  141
 6.850  507.5 -90  39  54  -0.781   0.0   0.0  508
 6.850  510.0 -90  39  60  -0.781   0.0   0.0  510
 6.850  512.5 -90  39  63  -0.781   0.0   0.0  512
 6.850  515.0 -90  39  63  -0.781   0.0   0.0  514
 6.850  517.5 -90  39  60  -0.781   0.0   0.0  517
 6.850  520.0 -90  39  57  -0.781   0.0   0.0  519
 6.850  522.5 -90  39  60  -0.781   0.0   0.0  522
 6.850  525.0 -90  39  48  -0.781   0.0   0.0  523
 6.850  997.5 -90  39  48  -0.781   0.0   0.0  997
 6.850 1005.0 -90  39  51  -0.781   0.0   0.0 1005
 6.850 1030.0 -90  39  48  -0.781   0.0   0.0 1028
 6.850 1057.5 -90  39  48  -0.781   0.0   0.0 1057
 6.850 1060.0 -90  39  48  -0.781   0.0   0.0 1062
 6.850 1065.0 -90  39  48  -0.781   0.0   0.0 1065
 6.900  140.0  90  33  45   0.781  90.0  30.0  139
 6.900  525.0  90  33  45  -0.781  30.0  30.0  526
 6.900  527.5  90  33  45  -0.781  30.0  30.0  528
 6.900  530.0  90  33  42  -0.781  90.0  30.0  529
 6.900  532.5  90  33  42  -0.781  90.0  30.0  532
 6.900  535.0  90  33  42  -0.781  30.0  30.0  535
 6.900  537.5  90  33  42  -0.781  30.0  30.0  536
 6.900  140.0 -90  36  51   0.781  90.0  30.0  139
 6.900  142.5 -90  36  48   0.781  30.0  30.0  141
 6.900  145.0 -90  36  45   0.781  30.0  30.0  145
 6.900  147.5 -90  36  45   0.781  30.0  30.0  146
 6.900  517.5 -90  36  51  -0.781   0.0   0.0  517
 6.900  520.0 -90  36  57  -0.781   0.0   0.0  520
 6.900  522.5 -90  36  60  -0.781   0.0   0.0  523
 6.900  525.0 -90  36  63  -0.781   0.0   0.0  525
 6.900  527.5 -90  36  66  -0.781   0.0   0.0  527
 6.900  530.0 -90  36  63  -0.781   0.0   0.0  529
 6.900  532.5 -90  36  60  -0.781   0.0   0.0  532
 6.900  535.0 -90  36  63  -0.781   0.0   0.0  535
 6.900  537.5 -90  36  60  -0.781   0.0   0.0  537
 6.900  540.0 -90  36  57  -0.781   0.0   0.0  539
 6.900 1015.0 -90  36  45  -0.781   0.0   0.0 1015
 6.900 1027.5 -90  36  48  -0.781   0.0   0.0 1027
 6.900 1030.0 -90  36  45  -0.781   0.0   0.0 1032
 6.900 1100.0 -90  36  45  -0.781   0.0   0.0 1100
 6.900 1102.5 -90  36  45  -0.781   0.0   0.0 1103
 6.900 1105.0 -90  36  45  -0.781   0.0   0.0 1106
 6.900 1107.5 -90  36  45  -0.781   0.0   0.0 1108
 6.900 1110.0 -90  36  45  -0.781   0.0   0.0 1111
 6.900 1112.5 -90  36  45  -0.781   0.0   0.0 1113
 6.950   85.0  90  45  54  -0.781  90.0  30.0   82
 6.950  537.5 -90  45  57  -0.781   0.0   0.0  538
 6.950  540.0 -90  45  63  -0.781   0.0   0.0  540
 6.950  542.5 -90  45  63  -0.781   0.0   0.0  542
 6.950  545.0 -90  45  57  -0.781   0.0   0.0  544
 6.950  550.0 -90  45  54  -0.781   0.0   0.0  551
 6.950  552.5 -90  45  54  -0.781   0.0   0.0  552
 6.950  557.5 -90  45  54  -0.781   0.0   0.0  559
 6.950 1215.0 -90  45  54   2.344 270.0  30.0 1205
 6.950 1217.5 -90  45  54   2.344  90.0  30.0 1208
 7.000  560.0 -90  51  60  -0.781   0.0   0.0  559
 7.000  567.5 -90  51  63  -0.781   0.0   0.0  567
 7.000  570.0 -90  51  63  -0.781   0.0   0.0  569
 7.050  575.0 -90  42  51  -0.781   0.0   0.0  574
 7.050  577.5 -90  42  51  -0.781   0.0   0.0  579
 7.050  580.0 -90  42  51  -0.781   0.0   0.0  577
 7.050  582.5 -90  42  54  -0.781   0.0   0.0  584
 7.050  585.0 -90  42  60  -0.781   0.0   0.0  585
 7.050  587.5 -90  42  57  -0.781   0.0   0.0  587
 7.050  590.0 -90  42  54  -0.781   0.0   0.0  590
 7.050  592.5 -90  42  60  -0.781   0.0   0.0  593
 7.050  595.0 -90  42  66  -0.781   0.0   0.0  595
 7.050  597.5 -90  42  63  -0.781   0.0   0.0  597
 7.050  600.0 -90  42  60  -0.781   0.0   0.0  600
 7.050  602.5 -90  42  60  -0.781   0.0   0.0  603
 7.050  605.0 -90  42  63  -0.781   0.0   0.0  605
 7.050  607.5 -90  42  63  -0.781   0.0   0.0  607
 7.050  610.0 -90  42  60  -0.781   0.0   0.0  610
 7.050  612.5 -90  42  57  -0.781   0.0   0.0  613
 7.050  615.0 -90  42  60  -0.781   0.0   0.0  615
 7.050  617.5 -90  42  54  -0.781   0.0   0.0  616
 7.050  622.5 -90  42  57  -0.781   0.0   0.0  623
 7.050  625.0 -90  42  51  -0.781   0.0   0.0  623
 7.050  630.0 -90  42  51  -0.781   0.0   0.0  629
 7.050  632.5 -90  42  51  -0.781   0.0   0.0  632
 7.100  137.5  90  36  45   0.781 270.0  30.0  135
 7.100  652.5  90  36  45  -0.781  30.0  30.0  653
 7.100  140.0 -90  39  51   0.781  30.0  30.0  137
 7.100  145.0 -90  39  51   0.781 270.0  30.0  145
 7.100  147.5 -90  39  48   0.781  30.0  30.0  146
 7.100  615.0 -90  39  51  -0.781   0.0   0.0  616
 7.100  617.5 -90  39  54  -0.781   0.0   0.0  618
 7.100  620.0 -90  39  48  -0.781   0.0   0.0  619
 7.100  622.5 -90  39  51  -0.781   0.0   0.0  623
 7.100  625.0 -90  39  54  -0.781   0.0   0.0  626
 7.100  627.5 -90  39  57  -0.781   0.0   0.0  627
 7.100  630.0 -90  39  57  -0.781   0.0   0.0  630
 7.100  632.5 -90  39  57  -0.781   0.0   0.0  633
 7.100  635.0 -90  39  60  -0.781   0.0   0.0  636
 7.100  637.5 -90  39  60  -0.781   0.0   0.0  638
 7.100  640.0 -90  39  60  -0.781   0.0   0.0  640
 7.100  642.5 -90  39  60  -0.781   0.0   0.0  642
 7.100  645.0 -90  39  63  -0.781   0.0   0.0  645
 7.100  647.5 -90  39  63  -0.781   0.0   0.0  647
 7.100  650.0 -90  39  63  -0.781   0.0   0.0  650
 7.100  652.5 -90  39  63  -0.781   0.0   0.0  652
 7.100  655.0 -90  39  63  -0.781   0.0   0.0  655
 7.100  657.5 -90  39  63  -0.781   0.0   0.0  657
 7.100  660.0 -90  39  57  -0.781   0.0   0.0  660
 7.100  662.5 -90  39  60  -0.781   0.0   0.0  663
 7.100  665.0 -90  39  60  -0.781   0.0   0.0  665
 7.100  667.5 -90  39  57  -0.781   0.0   0.0  667
 7.100  670.0 -90  39  51  -0.781   0.0   0.0  670
 7.100  672.5 -90  39  54  -0.781   0.0   0.0  672
 7.100  675.0 -90  39  51  -0.781   0.0   0.0  675
 7.100  677.5 -90  39  48  -0.781   0.0   0.0  677
 7.100  680.0 -90  39  48  -0.781   0.0   0.0  680
 7.100  682.5 -90  39  51  -0.781   0.0   0.0  683
 7.100  687.5 -90  39  51  -0.781   0.0   0.0  688
 7.100  690.0 -90  39  48  -0.781   0.0   0.0  690
 7.100  692.5 -90  39  51  -0.781   0.0   0.0  692
 7.100  695.0 -90  39  51  -0.781   0.0   0.0  695
 7.100  697.5 -90  39  51  -0.781   0.0   0.0  697
 7.100  700.0 -90  39  51  -0.781   0.0   0.0  700
 7.100  702.5 -90  39  48  -0.781   0.0   0.0  702
 7.100  707.5 -90  39  51  -0.781   0.0   0.0  708
 7.100  717.5 -90  39  48  -0.781   0.0   0.0  718
 7.100  720.0 -90  39  48  -0.781   0.0   0.0  720
 7.150  140.0  90  39  48   0.781 210.0  30.0  138
 7.150  137.5 -90  39  48   0.781  30.0  30.0  137
 7.150  145.0 -90  39  57   0.781 270.0  30.0  145
 7.150  147.5 -90  39  54   0.781 270.0  30.0  145
 7.150  700.0 -90  39  48  -0.781   0.0   0.0  700
 7.150  705.0 -90  39  48  -0.781   0.0   0.0  703
 7.150  710.0 -90  39  51  -0.781   0.0   0.0  709
 7.150  712.5 -90  39  48  -0.781   0.0   0.0  712
 7.150  715.0 -90  39  51  -0.781   0.0   0.0  716
 7.150  717.5 -90  39  48  -0.781   0.0   0.0  717
 7.150  720.0 -90  39  51  -0.781   0.0   0.0  720
 7.150  722.5 -90  39  48  -0.781   0.0   0.0  724
 7.150  725.0 -90  39  51  -0.781   0.0   0.0  725
 7.150  727.5 -90  39  48  -0.781   0.0   0.0  727
 7.150  730.0 -90  39  51  -0.781   0.0   0.0  730
 7.150  732.5 -90  39  51  -0.781   0.0   0.0  732
 7.150  735.0 -90  39  48  -0.781   0.0   0.0  734
 7.150  767.5 -90  39  51  -0.781   0.0   0.0  768
 7.150  770.0 -90  39  51  -0.781   0.0   0.0  770
 7.150  772.5 -90  39  54  -0.781   0.0   0.0  772
 7.150  775.0 -90  39  54  -0.781   0.0   0.0  775
 7.150  777.5 -90  39  54  -0.781   0.0   0.0  778
 7.150  780.0 -90  39  51  -0.781   0.0   0.0  780
 7.150  782.5 -90  39  51  -0.781   0.0   0.0  781
 7.150  785.0 -90  39  51  -0.781   0.0   0.0  785
 7.150  787.5 -90  39  51  -0.781   0.0   0.0  788
 7.150  790.0 -90  39  54  -0.781   0.0   0.0  790
 7.150  792.5 -90  39  51  -0.781   0.0   0.0  793
 7.150  795.0 -90  39  51  -0.781   0.0   0.0  795
 7.150  797.5 -90  39  51  -0.781   0.0   0.0  798
 7.150  800.0 -90  39  51  -0.781   0.0   0.0  800
 7.150  802.5 -90  39  51  -0.781   0.0   0.0  802
 7.150  805.0 -90  39  51  -0.781   0.0   0.0  805
 7.150  807.5 -90  39  48  -0.781   0.0   0.0  808
 7.150  810.0 -90  39  48  -0.781   0.0   0.0  812
 7.150  812.5 -90  39  48  -0.781   0.0   0.0  814
 7.150  815.0 -90  39  48  -0.781   0.0   0.0  816
 7.150  817.5 -90  39  48  -0.781   0.0   0.0  818
 7.150  822.5 -90  39  48  -0.781   0.0   0.0  823
 7.150  840.0 -90  39  48  -0.781   0.0   0.0  839
 7.150  845.0 -90  39  48  -0.781   0.0   0.0  844
 7.150  847.5 -90  39  48  -0.781   0.0   0.0  847
 7.150  850.0 -90  39  48  -0.781   0.0   0.0  849
 7.150  852.5 -90  39  48  -0.781   0.0   0.0  853
 7.150  855.0 -90  39  48  -0.781 330.0  30.0  862
 7.200  137.5 -90  36  48   0.781  90.0  30.0  135
 7.200  140.0 -90  36  48   0.781   0.0   0.0  138
 7.200  142.5 -90  36  45   0.781 270.0  30.0  140
 7.250  137.5 -90  36  45   0.781  90.0  30.0  137
 7.250  140.0 -90  36  51   0.781   0.0   0.0  139
 7.250  142.5 -90  36  45   0.781   0.0   0.0  141
 7.250  145.0 -90  36  45   0.781 270.0  30.0  144
 7.300 1255.0  90  42  51   0.781 330.0  30.0 1253
 7.300  140.0 -90  42  51   0.781  30.0  30.0  139
 7.300  145.0 -90  42  51   0.781 270.0  30.0  143
 7.300 1252.5 -90  42  51  -3.906 330.0  30.0 1257
 7.300 1255.0 -90  42  51   0.781 330.0  30.0 1255
 7.300 1257.5 -90  42  51  -0.781 330.0  30.0 1250
 7.300 1260.0 -90  42  51  -5.469 330.0  30.0 1252
 7.300 1262.5 -90  42  51   5.469 330.0  30.0 1251
 7.300 1265.0 -90  42  51  -0.781 330.0  30.0 1255
 7.300 1267.5 -90  42  51  -3.906 330.0  30.0 1268
 7.300 1272.5 -90  42  51  -2.344 330.0  30.0 1280
 7.300 1275.0 -90  42  54   0.781 330.0  30.0 1265
 7.300 1277.5 -90  42  54  -0.781 330.0  30.0 1292
 7.300 1280.0 -90  42  54  -0.781 330.0  30.0 1292
 7.300 1282.5 -90  42  54  -5.469 330.0  30.0 1273
 8.600   80.0 -90  48  57   0.781 150.0  30.0   91
 8.650   80.0  90  54  63   5.469  90.0  30.0   81
 8.650   82.5  90  54  63   5.469  90.0  30.0   82
 9.100   80.0  90  42  51  -3.906 150.0  30.0   78
 9.100   82.5  90  42  51  -3.906 150.0  30.0   81
 9.100   85.0  90  42  54  -3.906 150.0  30.0   85
 9.100   87.5  90  42  51  -3.906 150.0  30.0   88
 9.100   90.0  90  42  51  -3.906 150.0  30.0   90
 9.100   92.5  90  42  51  -3.906 150.0  30.0   92
10.200 1260.0  90  45  54   5.469 150.0  30.0 1254
10.200   82.5 -90  51  60  -3.906 150.0  30.0   95
10.200   85.0 -90  51  60  -3.906 150.0  30.0   71
10.300 1262.5 -90  36  45  -3.906 330.0  30.0 1255
10.300 1267.5 -90  36  45  -3.906 330.0  30.0 1279
10.750   80.0  90  45  54   2.344 150.0  30.0   91
10.800  555.0 -90  30  39   5.469   0.0   0.0  565
10.850 1250.0 -90  30  39   2.344   0.0   0.0 1254
11.150   97.5  90  30  39  -0.781 330.0  30.0  101
11.350 1045.0  90  30  39  -3.906 330.0  30.0 1052
11.350  147.5 -90  30  39  -5.469 150.0  30.0  151
11.350  395.0 -90  30  39  -3.906 210.0  30.0  410
11.400  450.0 -90  30  39  -3.906 270.0  30.0  464
11.550  480.0 -90  36  45  -5.469   0.0   0.0  467
