2024.06.28 (180) 00:00:00.000
Station name: Athens
URSI code: AT138
Ionosonde model: DPS-4D
  Freq  Range Pol MPA Amp Doppler    Az    Zn  PGH
 1.000  165.0  90  57  66  10.938 270.0  30.0
 1.000  412.5  90  57  66  10.938 270.0  30.0
 1.000 1170.0  90  57  66  -7.813 270.0  30.0
 1.000 1172.5  90  57  66   7.813 270.0  30.0
 1.000 1185.0  90  57  66  10.938 270.0  30.0
 1.000 1187.5  90  57  66  10.938 270.0  30.0
 1.000 1190.0  90  57  66  10.938 270.0  30.0
 1.000 1192.5  90  57  66  10.938 270.0  30.0
 1.000 1195.0  90  57  66  10.938 270.0  30.0
 1.000 1200.0  90  57  66  10.938 270.0  30.0
 1.000 1205.0  90  57  66  10.938 270.0  30.0
 1.000 1210.0  90  57  66  10.938 270.0  30.0
 1.000 1217.5  90  57  66  10.938 270.0  30.0
 1.000  235.0 -90  54  63   1.563 150.0  30.0
 1.000  237.5 -90  54  63   1.563  90.0  30.0
 1.000  240.0 -90  54  63   1.563  90.0  30.0
 1.000  242.5 -90  54  63   1.563  90.0  30.0
 1.000  245.0 -90  54  63   1.563  90.0  30.0
 1.000  247.5 -90  54  63   1.563 270.0  30.0
 1.000  250.0 -90  54  63   1.563  90.0  30.0
 1.000  252.5 -90  54  63   1.563  90.0  30.0
 1.000  255.0 -90  54  63   1.563  30.0  30.0
 1.000  257.5 -90  54  63   1.563  90.0  30.0
 1.000  260.0 -90  54  63   1.563 150.0  30.0
 1.000  262.5 -90  54  63   1.563  90.0  30.0
 1.000  265.0 -90  54  63   1.563 330.0  30.0
 1.000  267.5 -90  54  63   1.563 150.0  30.0
 1.000  270.0 -90  54  63   1.563  90.0  30.0
 1.000  272.5 -90  54  63   1.563 270.0  30.0
 1.000  275.0 -90  54  63   1.563  90.0  30.0
 1.000  277.5 -90  54  63   1.563 270.0  30.0
 1.000  280.0 -90  54  63   1.563  90.0  30.0
 1.000  282.5 -90  54  63   1.563  30.0  30.0
 1.000  285.0 -90  54  63   1.563 150.0  30.0
 1.000  287.5 -90  54  63   1.563  90.0  30.0
 1.000  290.0 -90  54  63   1.563 270.0  30.0
 1.000  292.5 -90  54  63   1.563  90.0  30.0
 1.000  295.0 -90  54  63   1.563  90.0  30.0
 1.000  297.5 -90  54  63   1.563  90.0  30.0
 1.000  302.5 -90  54  63   1.563  90.0  30.0
 1.000  305.0 -90  54  63   1.563  90.0  30.0
 1.000  307.5 -90  54  63   1.563  90.0  30.0
 1.000  310.0 -90  54  63   1.563 270.0  30.0
 1.000  312.5 -90  54  63   1.563 210.0  30.0
 1.000  315.0 -90  54  63   1.563  90.0  30.0
 1.000 1150.0 -90  54  63  -7.813  90.0  30.0
 1.000 1167.5 -90  54  63  -7.813  90.0  30.0
 1.000 1170.0 -90  54  63  -7.813 150.0  30.0
 1.000 1172.5 -90  54  63  -7.813  90.0  30.0
 1.000 1175.0 -90  54  63  -7.813 270.0  30.0
 1.000 1177.5 -90  54  63  -7.813  90.0  30.0
 1.000 1180.0 -90  54  63  -7.813  90.0  30.0
 1.000 1182.5 -90  54  63  -7.813  90.0  30.0
 1.000 1185.0 -90  54  66  -7.813  90.0  30.0
 1.000 1187.5 -90  54  63  -7.813  90.0  30.0
 1.000 1190.0 -90  54  63  -7.813  90.0  30.0
 1.000 1192.5 -90  54  63  -7.813 270.0  30.0
 1.000 1195.0 -90  54  63  -7.813  90.0  30.0
 1.000 1197.5 -90  54  63  -7.813  90.0  30.0
 1.000 1200.0 -90  54  63  -7.813  90.0  30.0
 1.000 1202.5 -90  54  63  -7.813  90.0  30.0
 1.000 1205.0 -90  54  63  -7.813  90.0  30.0
 1.000 1207.5 -90  54  63  -7.813  90.0  30.0
 1.000 1210.0 -90  54  63  -7.813 270.0  30.0
 1.000 1212.5 -90  54  63  -7.813 150.0  30.0
 1.000 1215.0 -90  54  66  -7.813  90.0  30.0
 1.000 1217.5 -90  54  63  -7.813  90.0  30.0
 1.000 1220.0 -90  54  63  -7.813  90.0  30.0
 1.000 1222.5 -90  54  63  -7.813 150.0  30.0
 1.000 1225.0 -90  54  63  -7.813 150.0  30.0
 1.000 1227.5 -90  54  63  -7.813  90.0  30.0
 1.000 1230.0 -90  54  63  -7.813 150.0  30.0
 1.000 1232.5 -90  54  63  -7.813  90.0  30.0
 1.000 1235.0 -90  54  63  -7.813   0.0   0.0
 1.000 1237.5 -90  54  63  -7.813   0.0   0.0
 1.000 1240.0 -90  54  63  -7.813 150.0  30.0
 1.000 1242.5 -90  54  63  -7.813 270.0  30.0
 1.000 1245.0 -90  54  63  -7.813 270.0  30.0
 1.000 1247.5 -90  54  63  -7.813  90.0  30.0
 1.000 1250.0 -90  54  63  -7.813  30.0  30.0
 1.000 1255.0 -90  54  63  -4.688 270.0  30.0
 1.000 1257.5 -90  54  63  -7.813  90.0  30.0
 1.000 1260.0 -90  54  63  -4.688  30.0  30.0
 1.000 1265.0 -90  54  63  -7.813  90.0  30.0
 1.000 1267.5 -90  54  63  -7.813 210.0  30.0
 1.000 1270.0 -90  54  63  -7.813  90.0  30.0
 1.000 1272.5 -90  54  63  -7.813 270.0  30.0
 1.000 1275.0 -90  54  63  -7.813  90.0  30.0
 1.000 1277.5 -90  54  63  -7.813 270.0  30.0
 1.000 1280.0 -90  54  63  -7.813 270.0  30.0
 1.105  420.0  90  57  66  -4.688 270.0  30.0
 1.105  445.0  90  57  66  -4.688 270.0  30.0
 1.105  200.0 -90  54  63  10.938 270.0  30.0
 1.105  235.0 -90  54  63   7.813  90.0  30.0
 1.105  242.5 -90  54  63   7.813  90.0  30.0
 1.105  270.0 -90  54  63  -1.563 150.0  30.0
 1.105  275.0 -90  54  63   7.813  90.0  30.0
 1.105  280.0 -90  54  63   7.813  90.0  30.0
 1.105  285.0 -90  54  63   7.813  90.0  30.0
 1.105  287.5 -90  54  63   7.813  90.0  30.0
 1.105  290.0 -90  54  63   7.813  90.0  30.0
 1.105  292.5 -90  54  63   7.813  90.0  30.0
 1.105  302.5 -90  54  63  -1.563  90.0  30.0
 1.105  305.0 -90  54  63  -1.563  90.0  30.0
 1.105  307.5 -90  54  63  -1.563  90.0  30.0
 1.105  357.5 -90  54  63  -7.813  90.0  30.0
 1.105  392.5 -90  54  63  -7.813  90.0  30.0
 1.105  405.0 -90  54  63   7.813 210.0  30.0
 1.105  407.5 -90  54  63  -7.813 150.0  30.0
 1.105  410.0 -90  54  63   7.813  90.0  30.0
 1.105  412.5 -90  54  63   7.813  90.0  30.0
 1.105  415.0 -90  54  63   7.813 150.0  30.0
 1.105  417.5 -90  54  63   7.813  90.0  30.0
 1.105  420.0 -90  54  63   7.813 150.0  30.0
 1.105  422.5 -90  54  63   7.813 150.0  30.0
 1.105  425.0 -90  54  63   7.813 150.0  30.0
 1.105  427.5 -90  54  63   7.813  90.0  30.0
 1.105  430.0 -90  54  63   7.813  90.0  30.0
 1.105  432.5 -90  54  63   7.813  90.0  30.0
 1.105  435.0 -90  54  63   7.813  90.0  30.0
 1.105  437.5 -90  54  63   7.813  90.0  30.0
 1.105  440.0 -90  54  63   7.813 150.0  30.0
 1.105  442.5 -90  54  63   7.813 150.0  30.0
 1.105  445.0 -90  54  63   7.813  90.0  30.0
 1.105  447.5 -90  54  63   7.813  90.0  30.0
 1.105  450.0 -90  54  63   7.813 150.0  30.0
 1.140  247.5  90  54  63 -10.938  90.0  30.0
 1.140  187.5 -90  51  60   7.813 330.0  30.0
 1.140  190.0 -90  51  60   7.813 150.0  30.0
 1.140  192.5 -90  51  60   7.813  30.0  30.0
 1.140  195.0 -90  51  60   7.813 150.0  30.0
 1.140  197.5 -90  51  60   7.813  90.0  30.0
 1.140  202.5 -90  51  60   7.813  90.0  30.0
 1.140  212.5 -90  51  60  -7.813  90.0  30.0
 1.140  215.0 -90  51  60   7.813 330.0  30.0
 1.140  217.5 -90  51  63   7.813 150.0  30.0
 1.140  220.0 -90  51  60   7.813 330.0  30.0
 1.140  222.5 -90  51  63   7.813 150.0  30.0
 1.140  225.0 -90  51  60   7.813  90.0  30.0
 1.140  227.5 -90  51  60   7.813  90.0  30.0
 1.140  230.0 -90  51  60   7.813  90.0  30.0
 1.140  232.5 -90  51  60   7.813 330.0  30.0
 1.140  235.0 -90  51  60   7.813  90.0  30.0
 1.140  250.0 -90  51  60  -7.813  90.0  30.0
 1.140  255.0 -90  51  60   7.813  90.0  30.0
 1.140  257.5 -90  51  60   7.813  90.0  30.0
 1.140  260.0 -90  51  60   7.813  90.0  30.0
 1.140  262.5 -90  51  60   7.813 330.0  30.0
 1.140  265.0 -90  51  60   7.813  90.0  30.0
 1.140  270.0 -90  51  60   7.813  90.0  30.0
 1.140  295.0 -90  51  60   7.813 270.0  30.0
 1.140  297.5 -90  51  60   7.813 330.0  30.0
 1.140  302.5 -90  51  60   7.813  90.0  30.0
 1.140  322.5 -90  51  60 -10.938  90.0  30.0
 1.140  347.5 -90  51  60 -10.938 330.0  30.0
 1.140  350.0 -90  51  60  10.938  90.0  30.0
 1.140  357.5 -90  51  60 -10.938  90.0  30.0
 1.140  380.0 -90  51  60  10.938  90.0  30.0
 1.140  385.0 -90  51  60  10.938 270.0  30.0
 1.140  387.5 -90  51  60  10.938  90.0  30.0
 1.140  390.0 -90  51  60  10.938  90.0  30.0
 1.140  392.5 -90  51  60  10.938  90.0  30.0
 1.140  420.0 -90  51  60  10.938 330.0  30.0
 1.140  422.5 -90  51  60  10.938  90.0  30.0
 1.140  425.0 -90  51  60  10.938  90.0  30.0
 1.140  432.5 -90  51  60  10.938 150.0  30.0
 1.350  137.5  90  66  75   4.688 270.0  30.0
 1.350  145.0  90  66  75   4.688 210.0  30.0
 1.350  150.0  90  66  75   4.688 270.0  30.0
 1.490 1267.5  90  57  66  10.938  90.0  30.0
 1.525  282.5  90  57  66  -1.563 270.0  30.0
 1.630  282.5  90  54  63   1.563   0.0   0.0
 1.665  282.5  90  54  63   1.563 330.0  30.0
 1.665  285.0  90  54  66   1.563 330.0  30.0
 1.700  285.0  90  54  66  -1.563   0.0   0.0
 1.735  285.0  90  54  66   1.563 270.0  30.0
 1.770  285.0  90  54  66   1.563 270.0  30.0
 1.770  287.5  90  54  63   1.563 270.0  30.0
 1.805  285.0  90  54  63   1.563   0.0   0.0
 1.805  287.5  90  54  63   1.563   0.0   0.0
 1.840  102.5  90  51  60  10.938 210.0  30.0
 1.840  152.5  90  51  60  10.938 270.0  30.0
 1.840  162.5  90  51  60  10.938 270.0  30.0
 1.840  187.5  90  51  60 -10.938 270.0  30.0
 1.840  192.5  90  51  60 -10.938 150.0  30.0
 1.840  197.5  90  51  60 -10.938 210.0  30.0
 1.840  202.5  90  51  60 -10.938  90.0  30.0
 1.840  207.5  90  51  60 -10.938  90.0  30.0
 1.840  222.5  90  51  60 -10.938 150.0  30.0
 1.840  285.0  90  51  63   1.563 270.0  30.0
 1.840  287.5  90  51  66  -1.563 270.0  30.0
 1.840  577.5  90  51  60  -1.563 270.0  30.0
 1.875  287.5  90  54  66   1.563   0.0   0.0
 1.910  287.5  90  54  66  -1.563   0.0   0.0
 1.945  287.5  90  57  69   1.563 270.0  30.0
 1.945  580.0  90  57  66   1.563   0.0   0.0
 1.945  305.0 -90  54  63   1.563 210.0  30.0
 1.980  287.5  90  54  66   1.563 270.0  30.0
 1.980  290.0  90  54  66   1.563 270.0  30.0
 1.980  580.0  90  54  66   1.563   0.0   0.0
 1.980  305.0 -90  54  63  -1.563  90.0  30.0
 2.015   97.5  90  57  66  -7.813 150.0  30.0
 2.015  290.0  90  57  69   1.563   0.0   0.0
 2.015  582.5  90  57  66   1.563 270.0  30.0
 2.015  305.0 -90  57  66   1.563  90.0  30.0
 2.050  290.0  90  57  69   1.563   0.0   0.0
 2.050  582.5  90  57  66   1.563   0.0   0.0
 2.050  302.5 -90  57  66   1.563   0.0   0.0
 2.085  290.0  90  57  72   1.563   0.0   0.0
 2.085  585.0  90  57  69   1.563   0.0   0.0
 2.085  302.5 -90  57  66   1.563   0.0   0.0
 2.120  290.0  90  57  69   1.563   0.0   0.0
 2.120  292.5  90  57  66   1.563   0.0   0.0
 2.120  585.0  90  57  69   1.563   0.0   0.0
 2.120  300.0 -90  54  69  -1.563   0.0   0.0
 2.120  302.5 -90  54  63   1.563   0.0   0.0
 2.155  290.0  90  54  66  -1.563   0.0   0.0
 2.155  292.5  90  54  69   1.563   0.0   0.0
 2.155  585.0  90  54  66   1.563   0.0   0.0
 2.155  300.0 -90  54  69   1.563   0.0   0.0
 2.190  290.0  90  54  63   1.563   0.0   0.0
 2.190  292.5  90  54  69   1.563   0.0   0.0
 2.190  585.0  90  54  63  -1.563   0.0   0.0
 2.190  587.5  90  54  69  -1.563   0.0   0.0
 2.190  297.5 -90  54  66  -1.563   0.0   0.0
 2.190  300.0 -90  54  69   1.563   0.0   0.0
 2.225  292.5  90  54  69  -1.563   0.0   0.0
 2.225  587.5  90  54  69   1.563   0.0   0.0
 2.225  590.0  90  54  66   1.563   0.0   0.0
 2.225  297.5 -90  54  66   1.563   0.0   0.0
 2.225  300.0 -90  54  69  -1.563   0.0   0.0
 2.260  292.5  90  54  69   1.563   0.0   0.0
 2.260  295.0  90  54  63   1.563   0.0   0.0
 2.260  587.5  90  54  63   1.563   0.0   0.0
 2.260  590.0  90  54  69   1.563   0.0   0.0
 2.260  297.5 -90  54  66   1.563   0.0   0.0
 2.260  300.0 -90  54  69   1.563   0.0   0.0
 2.400  295.0  90  54  66   1.563   0.0   0.0
 2.400  592.5  90  54  66   1.563   0.0   0.0
 2.400  595.0  90  54  63   1.563   0.0   0.0
 2.400  297.5 -90  54  66  -1.563  90.0  30.0
 2.400  300.0 -90  54  63   1.563   0.0   0.0
 2.435  295.0  90  54  66  -1.563 270.0  30.0
 2.435  595.0  90  54  63   1.563   0.0   0.0
 2.435  297.5 -90  54  69   1.563 150.0  30.0
 2.470  295.0  90  54  66   1.563   0.0   0.0
 2.470  297.5  90  54  66   1.563   0.0   0.0
 2.470  595.0  90  54  66   1.563   0.0   0.0
 2.470  297.5 -90  54  72   1.563   0.0   0.0
 2.470  300.0 -90  54  66   1.563  90.0  30.0
 2.505  295.0  90  54  63   1.563   0.0   0.0
 2.505  297.5  90  54  69   1.563   0.0   0.0
 2.505  597.5  90  54  63   1.563   0.0   0.0
 2.505  297.5 -90  54  72   1.563   0.0   0.0
 2.505  300.0 -90  54  69   1.563   0.0   0.0
 2.540  297.5  90  54  66   1.563   0.0   0.0
 2.540  415.0  90  54  63 -10.938  90.0  30.0
 2.540  597.5  90  54  63   1.563   0.0   0.0
 2.540  297.5 -90  54  72  -1.563 150.0  30.0
 2.540  300.0 -90  54  69   1.563 150.0  30.0
 2.575  297.5 -90  57  69   1.563   0.0   0.0
 2.575  300.0 -90  57  69   1.563   0.0   0.0
 2.610  297.5 -90  57  66   1.563   0.0   0.0
 2.610  300.0 -90  57  69   1.563   0.0   0.0
 2.645  297.5  90  54  66  -1.563   0.0   0.0
 2.645  300.0  90  54  66  -1.563   0.0   0.0
 2.645  602.5  90  54  63   1.563   0.0   0.0
 2.645 1230.0  90  54  63  -1.563  30.0  30.0
 2.645  297.5 -90  54  66   1.563   0.0   0.0
 2.645  300.0 -90  54  69  -1.563   0.0   0.0
 2.680  297.5  90  54  63   1.563   0.0   0.0
 2.680  300.0  90  54  69   1.563   0.0   0.0
 2.680  602.5  90  54  63   1.563   0.0   0.0
 2.680  297.5 -90  51  63   1.563  90.0  30.0
 2.680  300.0 -90  51  69   1.563   0.0   0.0
 2.680  547.5 -90  51  60   1.563 330.0  30.0
 2.680  602.5 -90  51  63   1.563  90.0  30.0
 2.715  297.5  90  51  60   1.563   0.0   0.0
 2.715  300.0  90  51  69   1.563   0.0   0.0
 2.715  602.5  90  51  66   1.563   0.0   0.0
 2.715  605.0  90  51  60   1.563   0.0   0.0
 2.715  297.5 -90  51  63   1.563   0.0   0.0
 2.715  300.0 -90  51  69   1.563   0.0   0.0
 2.715  547.5 -90  51  60   1.563 270.0  30.0
 2.715  550.0 -90  51  60   1.563 270.0  30.0
 2.715  602.5 -90  51  60   1.563  90.0  30.0
 2.750  300.0  90  51  69  -1.563   0.0   0.0
 2.750  302.5  90  51  63   1.563   0.0   0.0
 2.750  602.5  90  51  63   1.563   0.0   0.0
 2.750  605.0  90  51  66   1.563   0.0   0.0
 2.750  607.5  90  51  60  -1.563 330.0  30.0
 2.750  297.5 -90  51  60   1.563  90.0  30.0
 2.750  300.0 -90  51  69   1.563   0.0   0.0
 2.750  550.0 -90  51  66   1.563 270.0  30.0
 2.750  602.5 -90  51  63   1.563 270.0  30.0
 2.750  605.0 -90  51  60   1.563   0.0   0.0
 2.785  300.0  90  54  69   1.563   0.0   0.0
 2.785  302.5  90  54  66   1.563   0.0   0.0
 2.785  605.0  90  54  66   1.563   0.0   0.0
 2.785  300.0 -90  54  69   1.563   0.0   0.0
 2.785  302.5 -90  54  63  -1.563   0.0   0.0
 2.785  550.0 -90  54  66   1.563 330.0  30.0
 2.785  605.0 -90  54  63   1.563  90.0  30.0
 2.820  300.0  90  54  66   1.563   0.0   0.0
 2.820  302.5  90  54  66   1.563   0.0   0.0
 2.820  300.0 -90  54  69   1.563   0.0   0.0
 2.820  302.5 -90  54  63  -1.563  90.0  30.0
 2.820  605.0 -90  54  66   1.563   0.0   0.0
 2.855  300.0  90  54  63  -1.563 270.0  30.0
 2.855  302.5  90  54  69   1.563   0.0   0.0
 2.855  607.5  90  54  66   1.563   0.0   0.0
 2.855  300.0 -90  54  69   1.563   0.0   0.0
 2.855  302.5 -90  54  63   1.563   0.0   0.0
 2.855  605.0 -90  54  63   1.563  90.0  30.0
 2.890  302.5  90  54  72   1.563   0.0   0.0
 2.890  607.5  90  54  66   1.563   0.0   0.0
 2.890  610.0  90  54  63   1.563   0.0   0.0
 2.890  300.0 -90  54  69   1.563   0.0   0.0
 2.890  302.5 -90  54  69  -1.563   0.0   0.0
 2.890  605.0 -90  54  66   1.563   0.0   0.0
 2.890  607.5 -90  54  63   1.563   0.0   0.0
 2.925  302.5  90  54  72   1.563   0.0   0.0
 2.925  305.0  90  54  63   1.563   0.0   0.0
 2.925  610.0  90  54  66   1.563   0.0   0.0
 2.925  300.0 -90  54  69  -1.563   0.0   0.0
 2.925  302.5 -90  54  69   1.563   0.0   0.0
 2.925  605.0 -90  54  66   1.563   0.0   0.0
 2.925  607.5 -90  54  66   1.563  90.0  30.0
 2.960  302.5  90  51  69   1.563   0.0   0.0
 2.960  305.0  90  51  66   1.563   0.0   0.0
 2.960  610.0  90  51  63   1.563   0.0   0.0
 2.960  300.0 -90  54  66   1.563   0.0   0.0
 2.960  302.5 -90  54  69   1.563   0.0   0.0
 2.960  607.5 -90  54  69   1.563  90.0  30.0
 2.995  302.5  90  54  66   1.563   0.0   0.0
 2.995  305.0  90  54  69  -1.563   0.0   0.0
 2.995  300.0 -90  54  63  -1.563  90.0  30.0
 2.995  302.5 -90  54  72   1.563   0.0   0.0
 2.995  607.5 -90  54  69   1.563   0.0   0.0
 3.030  302.5  90  54  63   1.563   0.0   0.0
 3.030  305.0  90  54  69   1.563   0.0   0.0
 3.030  612.5  90  54  66   1.563   0.0   0.0
 3.030  302.5 -90  54  72   1.563   0.0   0.0
 3.030  607.5 -90  54  66   1.563  90.0  30.0
 3.030  610.0 -90  54  66   1.563  90.0  30.0
 3.065  302.5  90  51  60   1.563 330.0  30.0
 3.065  305.0  90  51  72   1.563   0.0   0.0
 3.065  307.5  90  51  60   1.563   0.0   0.0
 3.065  612.5  90  51  63   1.563   0.0   0.0
 3.065  615.0  90  51  63   1.563   0.0   0.0
 3.065  302.5 -90  54  69   1.563   0.0   0.0
 3.065  607.5 -90  54  63   1.563   0.0   0.0
 3.065  610.0 -90  54  69   1.563   0.0   0.0
 3.100  305.0  90  54  72   1.563   0.0   0.0
 3.100  307.5  90  54  63   1.563   0.0   0.0
 3.100  615.0  90  54  66   1.563   0.0   0.0
 3.100  302.5 -90  54  69   1.563   0.0   0.0
 3.100  305.0 -90  54  63   1.563   0.0   0.0
 3.100  610.0 -90  54  69   1.563   0.0   0.0
 3.135  305.0  90  57  69  -1.563   0.0   0.0
 3.135  307.5  90  57  69  -1.563   0.0   0.0
 3.135  302.5 -90  57  66   1.563   0.0   0.0
 3.135  305.0 -90  57  66   1.563   0.0   0.0
 3.135  610.0 -90  57  69   1.563  90.0  30.0
 3.135  612.5 -90  57  66   1.563   0.0   0.0
 3.170  305.0  90  54  66   1.563   0.0   0.0
 3.170  307.5  90  54  72   1.563   0.0   0.0
 3.170  617.5  90  54  66   1.563   0.0   0.0
 3.170  302.5 -90  54  63   1.563   0.0   0.0
 3.170  305.0 -90  54  66   1.563   0.0   0.0
 3.170  612.5 -90  54  66  -1.563   0.0   0.0
 3.205  305.0  90  51  60   1.563  90.0  30.0
 3.205  307.5  90  51  72   1.563   0.0   0.0
 3.205  617.5  90  51  63   1.563   0.0   0.0
 3.205  620.0  90  51  63   1.563   0.0   0.0
 3.205  302.5 -90  54  63   1.563   0.0   0.0
 3.205  305.0 -90  54  69   1.563   0.0   0.0
 3.205  612.5 -90  54  66   1.563   0.0   0.0
 3.240  307.5  90  54  72   1.563   0.0   0.0
 3.240  310.0  90  54  63   1.563   0.0   0.0
 3.240  620.0  90  54  63   1.563   0.0   0.0
 3.240  305.0 -90  54  66   1.563   0.0   0.0
 3.240  612.5 -90  54  63   1.563   0.0   0.0
 3.240  615.0 -90  54  63   1.563   0.0   0.0
 3.275  307.5  90  54  72   1.563   0.0   0.0
 3.275  310.0  90  54  66   1.563   0.0   0.0
 3.275  620.0  90  54  66   1.563   0.0   0.0
 3.275  622.5  90  54  63  -1.563   0.0   0.0
 3.275  305.0 -90  54  66   1.563   0.0   0.0
 3.275  612.5 -90  54  63   1.563   0.0   0.0
 3.275  615.0 -90  54  66   1.563   0.0   0.0
 3.310  307.5  90  54  66   1.563   0.0   0.0
 3.310  310.0  90  54  69   1.563   0.0   0.0
 3.310  622.5  90  54  66   1.563   0.0   0.0
 3.310  305.0 -90  51  63   1.563   0.0   0.0
 3.310  307.5 -90  51  63   1.563   0.0   0.0
 3.310  615.0 -90  51  66   1.563   0.0   0.0
 3.345  307.5  90  54  63   1.563   0.0   0.0
 3.345  310.0  90  54  72   1.563   0.0   0.0
 3.345  622.5  90  54  63  -1.563   0.0   0.0
 3.345  305.0 -90  54  63   1.563   0.0   0.0
 3.345  307.5 -90  54  63   1.563   0.0   0.0
 3.345  615.0 -90  54  63   1.563  90.0  30.0
 3.345  617.5 -90  54  63   1.563  90.0  30.0
 3.380  310.0  90  54  72  -1.563   0.0   0.0
 3.380  625.0  90  54  63   1.563   0.0   0.0
 3.380  307.5 -90  54  66   1.563   0.0   0.0
 3.415  310.0  90  51  69   1.563   0.0   0.0
 3.415  312.5  90  51  63   1.563  30.0  30.0
 3.415  625.0  90  51  63   1.563   0.0   0.0
 3.415  307.5 -90  51  66   1.563   0.0   0.0
 3.415  617.5 -90  51  60   1.563   0.0   0.0
 3.450  310.0  90  51  69  -1.563   0.0   0.0
 3.450  312.5  90  51  66  -1.563   0.0   0.0
 3.450  625.0  90  51  63   1.563   0.0   0.0
 3.450  307.5 -90  51  69   1.563   0.0   0.0
 3.450  620.0 -90  51  60   1.563   0.0   0.0
 3.485  310.0  90  51  63   1.563   0.0   0.0
 3.485  312.5  90  51  69   1.563   0.0   0.0
 3.485  627.5  90  51  66   1.563   0.0   0.0
 3.485  307.5 -90  51  69   1.563   0.0   0.0
 3.485  310.0 -90  51  60   1.563   0.0   0.0
 3.485  620.0 -90  51  60   1.563   0.0   0.0
 3.520  312.5  90  51  69   1.563   0.0   0.0
 3.520  627.5  90  51  63   1.563   0.0   0.0
 3.520  630.0  90  51  60   1.563   0.0   0.0
 3.520  307.5 -90  51  66   1.563   0.0   0.0
 3.520  310.0 -90  51  63   1.563   0.0   0.0
 3.555  312.5  90  54  69   1.563   0.0   0.0
 3.555  630.0  90  54  63   1.563   0.0   0.0
 3.555  310.0 -90  57  66   1.563   0.0   0.0
 3.590  312.5  90  57  66  -1.563   0.0   0.0
 3.590  310.0 -90  57  66   1.563   0.0   0.0
 3.625  312.5  90  51  63   1.563   0.0   0.0
 3.625  315.0  90  51  63   1.563   0.0   0.0
 3.625  632.5  90  51  60   1.563   0.0   0.0
 3.625  310.0 -90  51  66   1.563   0.0   0.0
 3.660  312.5  90  51  60   1.563   0.0   0.0
 3.660  315.0  90  51  66  -1.563   0.0   0.0
 3.660  632.5  90  51  66   1.563   0.0   0.0
 3.660  635.0  90  51  60  -1.563  90.0  30.0
 3.660  310.0 -90  51  66   1.563   0.0   0.0
 3.660  312.5 -90  51  60   1.563   0.0   0.0
 3.695  315.0  90  54  66   1.563   0.0   0.0
 3.695  635.0  90  54  66   1.563   0.0   0.0
 3.695  310.0 -90  54  66   1.563   0.0   0.0
 3.730  315.0  90  51  63   1.563   0.0   0.0
 3.730  635.0  90  51  66   1.563   0.0   0.0
 3.730  637.5  90  51  60   1.563   0.0   0.0
 3.730  310.0 -90  51  63  -1.563   0.0   0.0
 3.730  312.5 -90  51  63  -1.563   0.0   0.0
 3.765  637.5  90  51  60   1.563   0.0   0.0
 3.765  310.0 -90  48  57   1.563   0.0   0.0
 3.765  312.5 -90  48  63   1.563   0.0   0.0
 3.765  627.5 -90  48  57   1.563   0.0   0.0
 3.800  312.5 -90  54  66   1.563   0.0   0.0
 3.835  312.5 -90  54  63  -1.563   0.0   0.0
 3.870  317.5  90  51  60  -1.563   0.0   0.0
 3.870  640.0  90  51  60   1.563   0.0   0.0
 3.870  312.5 -90  51  63   1.563   0.0   0.0
 3.870  315.0 -90  51  60   1.563   0.0   0.0
 3.870  630.0 -90  51  60   1.563   0.0   0.0
 3.905  320.0  90  51  60   1.563   0.0   0.0
 3.905  315.0 -90  51  60   1.563   0.0   0.0
 3.905  632.5 -90  51  60   1.563   0.0   0.0
 3.940  320.0  90  51  60   1.563   0.0   0.0
 3.940  642.5  90  51  63   1.563   0.0   0.0
 3.940  315.0 -90  51  60   1.563   0.0   0.0
 3.940  632.5 -90  51  63   1.563   0.0   0.0
 3.975  320.0  90  54  63  -1.563   0.0   0.0
 3.975  642.5  90  54  63   1.563   0.0   0.0
 3.975  315.0 -90  51  63   1.563   0.0   0.0
 3.975  632.5 -90  51  63  -1.563   0.0   0.0
 4.010  320.0  90  54  63   1.563   0.0   0.0
 4.010  315.0 -90  54  66   1.563   0.0   0.0
 4.045  320.0  90  51  60   1.563   0.0   0.0
 4.045  322.5  90  51  60   1.563   0.0   0.0
 4.045  315.0 -90  51  66   1.563   0.0   0.0
 4.045  317.5 -90  51  66  -1.563   0.0   0.0
 4.115  315.0 -90  60  69  -1.563   0.0   0.0
 4.115  317.5 -90  60  78   1.563   0.0   0.0
 4.150  317.5 -90  57  78   1.563   0.0   0.0
 4.150  320.0 -90  57  66   1.563   0.0   0.0
 4.185  317.5  90  54  63   1.563  90.0  30.0
 4.185  322.5  90  54  63  -1.563   0.0   0.0
 4.185  325.0  90  54  63   1.563   0.0   0.0
 4.185  652.5  90  54  63   1.563   0.0   0.0
 4.185 1077.5  90  54  63  -1.563 210.0  30.0
 4.185  317.5 -90  54  75   1.563   0.0   0.0
 4.185  320.0 -90  54  63   1.563   0.0   0.0
 4.185  640.0 -90  54  66   1.563   0.0   0.0
 4.220  317.5  90  54  63   1.563  90.0  30.0
 4.220  325.0  90  54  66   1.563   0.0   0.0
 4.220  652.5  90  54  63   1.563   0.0   0.0
 4.220  317.5 -90  54  72   1.563   0.0   0.0
 4.220  320.0 -90  54  69   1.563   0.0   0.0
 4.220  640.0 -90  54  63   1.563   0.0   0.0
 4.255  317.5 -90  60  69   1.563   0.0   0.0
 4.255  320.0 -90  60  72   1.563   0.0   0.0
 4.360  320.0 -90  63  72   1.563   0.0   0.0
 4.395  322.5  90  51  60  -1.563 330.0  30.0
 4.395  327.5  90  51  69   1.563   0.0   0.0
 4.395  320.0 -90  51  69   1.563   0.0   0.0
 4.395  322.5 -90  51  69   1.563   0.0   0.0
 4.395  647.5 -90  51  63  -1.563   0.0   0.0
 4.430  322.5  90  51  60   1.563 330.0  30.0
 4.430  327.5  90  51  66   1.563   0.0   0.0
 4.430  330.0  90  51  60   1.563   0.0   0.0
 4.430  660.0  90  51  60   1.563   0.0   0.0
 4.430  320.0 -90  51  66   1.563   0.0   0.0
 4.430  322.5 -90  51  69   1.563   0.0   0.0
 4.465  322.5  90  51  63  -1.563 210.0  30.0
 4.465  327.5  90  51  63   1.563   0.0   0.0
 4.465  330.0  90  51  63  -1.563   0.0   0.0
 4.465  660.0  90  51  60   1.563   0.0   0.0
 4.465  320.0 -90  51  60   1.563   0.0   0.0
 4.465  322.5 -90  51  72   1.563   0.0   0.0
 4.500  322.5  90  51  63   1.563  30.0  30.0
 4.500  327.5  90  51  63   1.563   0.0   0.0
 4.500  330.0  90  51  69   1.563   0.0   0.0
 4.500  662.5  90  51  60   1.563   0.0   0.0
 4.500  322.5 -90  51  72   1.563   0.0   0.0
 4.500  325.0 -90  51  66   1.563   0.0   0.0
 4.535  322.5  90  51  60  -1.563  30.0  30.0
 4.535  325.0  90  51  60   1.563 210.0  30.0
 4.535  330.0  90  51  69  -1.563   0.0   0.0
 4.535  332.5  90  51  60   1.563   0.0   0.0
 4.535  665.0  90  51  63   1.563   0.0   0.0
 4.535  322.5 -90  54  69   1.563   0.0   0.0
 4.535  325.0 -90  54  69   1.563   0.0   0.0
 4.570  330.0  90  54  69  -1.563   0.0   0.0
 4.570  332.5  90  54  63   1.563   0.0   0.0
 4.570  665.0  90  54  63   1.563   0.0   0.0
 4.570  322.5 -90  54  66  -1.563   0.0   0.0
 4.570  325.0 -90  54  72   1.563   0.0   0.0
 4.605  325.0  90  54  63   1.563   0.0   0.0
 4.605  330.0  90  54  66   1.563   0.0   0.0
 4.605  332.5  90  54  69   1.563   0.0   0.0
 4.605  325.0 -90  54  72   1.563   0.0   0.0
 4.605  652.5 -90  54  63   1.563   0.0   0.0
 4.640  332.5  90  57  69   1.563   0.0   0.0
 4.640  325.0 -90  54  69   1.563   0.0   0.0
 4.675  332.5  90  51  69   1.563   0.0   0.0
 4.675  335.0  90  51  63  -1.563   0.0   0.0
 4.675  670.0  90  51  60   1.563   0.0   0.0
 4.675  325.0 -90  51  69   1.563   0.0   0.0
 4.675  327.5 -90  51  63   1.563   0.0   0.0
 4.675  655.0 -90  51  63   1.563   0.0   0.0
 4.675  657.5 -90  51  60   1.563   0.0   0.0
 4.710  327.5  90  48  57   1.563 210.0  30.0
 4.710  332.5  90  48  66   1.563   0.0   0.0
 4.710  335.0  90  48  66   1.563   0.0   0.0
 4.710  670.0  90  48  60   1.563   0.0   0.0
 4.710  672.5  90  48  60   1.563   0.0   0.0
 4.710  325.0 -90  48  63  -1.563   0.0   0.0
 4.710  327.5 -90  48  66   1.563   0.0   0.0
 4.710  657.5 -90  48  60   1.563   0.0   0.0
 4.745  332.5  90  51  63   1.563   0.0   0.0
 4.745  335.0  90  51  66   1.563   0.0   0.0
 4.745  672.5  90  51  60  -1.563   0.0   0.0
 4.745  325.0 -90  48  57   1.563   0.0   0.0
 4.745  327.5 -90  48  66  -1.563   0.0   0.0
 4.745  657.5 -90  48  60   1.563   0.0   0.0
 4.745  660.0 -90  48  57   1.563   0.0   0.0
 4.780  335.0  90  54  69  -1.563   0.0   0.0
 4.780  327.5 -90  51  63   1.563   0.0   0.0
 4.780  660.0 -90  51  63   1.563   0.0   0.0
 4.815  335.0  90  51  66   1.563   0.0   0.0
 4.815  675.0  90  51  63   1.563   0.0   0.0
 4.815  677.5  90  51  60   1.563   0.0   0.0
 4.815  327.5 -90  51  60   1.563   0.0   0.0
 4.815  660.0 -90  51  60   1.563  90.0  30.0
 4.850  337.5  90  57  66   1.563   0.0   0.0
 4.850  677.5  90  57  66   1.563   0.0   0.0
 4.885  337.5  90  54  66   1.563   0.0   0.0
 4.885  677.5  90  54  63   1.563   0.0   0.0
 4.920  337.5  90  57  66   1.563   0.0   0.0
 5.025  340.0  90  57  69   1.563   0.0   0.0
 5.025 1062.5  90  57  66 -10.938 150.0  30.0
 5.060  340.0  90  51  66   1.563   0.0   0.0
 5.060  342.5  90  51  63   1.563   0.0   0.0
 5.060  667.5 -90  48  57   1.563   0.0   0.0
 5.060  670.0 -90  48  63   1.563   0.0   0.0
 5.095  340.0  90  51  63   1.563   0.0   0.0
 5.095  342.5  90  51  66   1.563   0.0   0.0
 5.095  670.0 -90  51  63   1.563   0.0   0.0
 5.095  672.5 -90  51  60   1.563  90.0  30.0
 5.130  342.5  90  51  66   1.563   0.0   0.0
 5.130  672.5 -90  51  60   1.563   0.0   0.0
 5.165  342.5  90  51  66   1.563   0.0   0.0
 5.165  345.0  90  51  63   1.563   0.0   0.0
 5.200  345.0  90  60  69  -1.563   0.0   0.0
 5.375  347.5  90  54  66   1.563   0.0   0.0
 5.375  337.5 -90  51  63   1.563   0.0   0.0
 5.375  340.0 -90  51  63   1.563   0.0   0.0
 5.410  347.5  90  54  63  -1.563   0.0   0.0
 5.410  350.0  90  54  66   1.563   0.0   0.0
 5.410 1205.0  90  54  63   7.813 150.0  30.0
 5.410 1232.5  90  54  63   7.813 330.0  30.0
 5.410 1245.0  90  54  63   7.813 150.0  30.0
 5.410 1257.5  90  54  63   7.813 150.0  30.0
 5.410 1265.0  90  54  63   7.813   0.0   0.0
 5.410 1270.0  90  54  63   7.813 150.0  30.0
 5.410 1277.5  90  54  63   7.813 150.0  30.0
 5.410 1282.5  90  54  63   7.813 150.0  30.0
 5.410   80.0 -90  57  69   7.813 330.0  30.0
 5.410   82.5 -90  57  69   7.813 330.0  30.0
 5.410   85.0 -90  57  69   7.813 330.0  30.0
 5.410   87.5 -90  57  69   7.813 330.0  30.0
 5.410   90.0 -90  57  69   7.813 330.0  30.0
 5.410   92.5 -90  57  69   7.813 330.0  30.0
 5.410   95.0 -90  57  69   7.813 330.0  30.0
 5.410   97.5 -90  57  69   7.813 330.0  30.0
 5.410  100.0 -90  57  69   7.813 330.0  30.0
 5.410  102.5 -90  57  66   7.813 330.0  30.0
 5.410  105.0 -90  57  69   7.813 330.0  30.0
 5.410  107.5 -90  57  69   7.813 330.0  30.0
 5.410  110.0 -90  57  69   7.813 330.0  30.0
 5.410  112.5 -90  57  69   7.813 330.0  30.0
 5.410  115.0 -90  57  66   7.813 330.0  30.0
 5.410  117.5 -90  57  69   7.813 330.0  30.0
 5.410  120.0 -90  57  66   7.813 330.0  30.0
 5.410  122.5 -90  57  69   7.813 330.0  30.0
 5.410  125.0 -90  57  69   7.813 330.0  30.0
 5.410  127.5 -90  57  66   7.813 330.0  30.0
 5.410  130.0 -90  57  69   7.813 330.0  30.0
 5.410  132.5 -90  57  66   7.813 330.0  30.0
 5.410  135.0 -90  57  66   7.813 330.0  30.0
 5.410  137.5 -90  57  66   7.813 330.0  30.0
 5.410  140.0 -90  57  66   7.813 330.0  30.0
 5.410  142.5 -90  57  66   7.813 330.0  30.0
 5.410  145.0 -90  57  66   7.813 330.0  30.0
 5.410  147.5 -90  57  66   7.813 330.0  30.0
 5.410  150.0 -90  57  66   7.813 330.0  30.0
 5.410  152.5 -90  57  66   7.813 330.0  30.0
 5.410  155.0 -90  57  66   7.813 330.0  30.0
 5.410  157.5 -90  57  66   7.813 330.0  30.0
 5.410  160.0 -90  57  66   7.813 330.0  30.0
 5.410  162.5 -90  57  66   7.813 330.0  30.0
 5.410  165.0 -90  57  66   7.813 330.0  30.0
 5.410  167.5 -90  57  66   7.813 330.0  30.0
 5.410  170.0 -90  57  66   7.813 330.0  30.0
 5.410  172.5 -90  57  66   7.813 330.0  30.0
 5.410  175.0 -90  57  66   7.813 330.0  30.0
 5.410  177.5 -90  57  66   7.813 330.0  30.0
 5.410  180.0 -90  57  66   7.813 330.0  30.0
 5.410  182.5 -90  57  66   7.813 330.0  30.0
 5.410  187.5 -90  57  66   7.813 330.0  30.0
 5.410  190.0 -90  57  66   7.813 330.0  30.0
 5.410  195.0 -90  57  66   7.813 330.0  30.0
 5.410  197.5 -90  57  66   7.813 330.0  30.0
 5.410  202.5 -90  57  66   7.813 330.0  30.0
 5.410  222.5 -90  57  66   7.813 330.0  30.0
 5.410 1180.0 -90  57  66   1.563 330.0  30.0
 5.410 1210.0 -90  57  66   4.688 330.0  30.0
 5.410 1282.5 -90  57  66   4.688 330.0  30.0
 5.445  350.0  90  51  69   1.563   0.0   0.0
 5.445   80.0 -90  57  66   4.688 330.0  30.0
 5.445   82.5 -90  57  66   4.688 330.0  30.0
 5.445   85.0 -90  57  66   4.688 330.0  30.0
 5.445   87.5 -90  57  66   4.688 330.0  30.0
 5.445   90.0 -90  57  66   4.688 330.0  30.0
 5.445   92.5 -90  57  66   4.688 330.0  30.0
 5.445   95.0 -90  57  66   4.688 330.0  30.0
 5.445   97.5 -90  57  66   7.813 330.0  30.0
 5.445  100.0 -90  57  66   4.688 330.0  30.0
 5.445  102.5 -90  57  66   4.688 330.0  30.0
 5.445  105.0 -90  57  66   4.688 330.0  30.0
 5.445  107.5 -90  57  66   4.688 330.0  30.0
 5.445  110.0 -90  57  66   7.813 330.0  30.0
 5.445  115.0 -90  57  66   4.688 330.0  30.0
 5.445  117.5 -90  57  66   7.813 330.0  30.0
 5.445  120.0 -90  57  66   4.688 330.0  30.0
 5.445  122.5 -90  57  66   7.813 330.0  30.0
 5.445  125.0 -90  57  66   7.813 330.0  30.0
 5.445  127.5 -90  57  66   7.813 330.0  30.0
 5.445  130.0 -90  57  66   7.813 330.0  30.0
 5.445  132.5 -90  57  66   4.688 330.0  30.0
 5.445  135.0 -90  57  66   7.813 330.0  30.0
 5.445  137.5 -90  57  66   7.813 330.0  30.0
 5.445  140.0 -90  57  66   4.688 330.0  30.0
 5.445  142.5 -90  57  66   4.688 330.0  30.0
 5.445  145.0 -90  57  66   7.813 330.0  30.0
 5.445  152.5 -90  57  66   4.688 330.0  30.0
 5.445  155.0 -90  57  66   7.813 330.0  30.0
 5.445  160.0 -90  57  66   4.688 330.0  30.0
 5.445  162.5 -90  57  66   7.813 330.0  30.0
 5.445  165.0 -90  57  66   7.813 330.0  30.0
 5.445  167.5 -90  57  66   7.813 330.0  30.0
 5.445  170.0 -90  57  66   7.813 330.0  30.0
 5.445  175.0 -90  57  66   7.813 330.0  30.0
 5.445  177.5 -90  57  66   4.688 330.0  30.0
 5.445  185.0 -90  57  66   7.813 210.0  30.0
 5.445  195.0 -90  57  66   7.813 330.0  30.0
 5.445  207.5 -90  57  66   7.813 330.0  30.0
 5.480  350.0  90  51  66   1.563   0.0   0.0
 5.480  352.5  90  51  66   1.563   0.0   0.0
 5.480  340.0 -90  51  63   1.563   0.0   0.0
 5.480  342.5 -90  51  60   1.563   0.0   0.0
 5.515  352.5  90  54  66  -1.563   0.0   0.0
 5.515  340.0 -90  51  60  -1.563   0.0   0.0
 5.515  342.5 -90  51  63   1.563   0.0   0.0
 5.550  342.5 -90  57  66   1.563   0.0   0.0
 5.585  355.0  90  57  66   1.563   0.0   0.0
 5.585  342.5 -90  54  66   1.563   0.0   0.0
 5.620  355.0  90  51  66   1.563   0.0   0.0
 5.620  712.5  90  51  60   1.563   0.0   0.0
 5.620  342.5 -90  48  63  -1.563   0.0   0.0
 5.620  345.0 -90  48  66   1.563   0.0   0.0
 5.620  692.5 -90  48  57   1.563   0.0   0.0
 5.655  345.0  90  51  60  -1.563 210.0  30.0
 5.655  355.0  90  51  66  -1.563   0.0   0.0
 5.655  357.5  90  51  60   1.563   0.0   0.0
 5.655  715.0  90  51  60   1.563   0.0   0.0
 5.655  342.5 -90  48  60   1.563   0.0   0.0
 5.655  345.0 -90  48  69   1.563   0.0   0.0
 5.690  355.0  90  51  63   1.563   0.0   0.0
 5.690  357.5  90  51  66   1.563   0.0   0.0
 5.690  345.0 -90  51  69   1.563   0.0   0.0
 5.690  347.5 -90  51  60  -1.563   0.0   0.0
 5.725  357.5  90  54  66   1.563   0.0   0.0
 5.725  345.0 -90  54  69   1.563   0.0   0.0
 5.725  347.5 -90  54  69   1.563   0.0   0.0
 5.760  347.5 -90  60  72  -1.563   0.0   0.0
 5.795  347.5 -90  60  72   1.563   0.0   0.0
 5.830  347.5 -90  63  72   1.563   0.0   0.0
 5.865  347.5 -90  57  66   1.563   0.0   0.0
 5.865  350.0 -90  57  72   1.563   0.0   0.0
 5.900  350.0  90  51  60  -1.563 270.0  30.0
 5.900  362.5  90  51  63   1.563   0.0   0.0
 5.900  350.0 -90  57  72   1.563   0.0   0.0
 5.935  362.5  90  51  60   1.563   0.0   0.0
 5.935  365.0  90  51  60   1.563   0.0   0.0
 5.935  350.0 -90  57  69   1.563   0.0   0.0
 5.935  352.5 -90  57  69  -1.563   0.0   0.0
 5.970  365.0  90  51  63  -1.563   0.0   0.0
 5.970  350.0 -90  51  66   1.563   0.0   0.0
 5.970  352.5 -90  51  72   1.563   0.0   0.0
 5.970  707.5 -90  51  63  -1.563   0.0   0.0
 6.005  365.0  90  51  60   1.563   0.0   0.0
 6.005  352.5 -90  51  72   1.563   0.0   0.0
 6.005  355.0 -90  51  60   1.563   0.0   0.0
 6.040  367.5  90  51  60   1.563   0.0   0.0
 6.040  352.5 -90  51  66   1.563   0.0   0.0
 6.040  355.0 -90  51  63  -1.563   0.0   0.0
 6.075  367.5  90  51  60  -1.563   0.0   0.0
 6.075  740.0  90  51  60   1.563   0.0   0.0
 6.075  352.5 -90  51  60   1.563   0.0   0.0
 6.075  355.0 -90  51  66   1.563   0.0   0.0
 6.110  367.5  90  51  60   1.563   0.0   0.0
 6.110  370.0  90  51  60  -1.563   0.0   0.0
 6.110  355.0 -90  51  63  -1.563   0.0   0.0
 6.145  370.0  90  51  63   1.563   0.0   0.0
 6.145  355.0 -90  51  60   1.563   0.0   0.0
 6.285  375.0  90  51  63   1.563   0.0   0.0
 6.285  360.0 -90  51  69   1.563   0.0   0.0
 6.320  360.0 -90  60  69   1.563   0.0   0.0
 6.355  362.5 -90  60  69   1.563   0.0   0.0
 6.355  887.5 -90  60  69   4.688  90.0  30.0
 6.390  380.0  90  54  66   1.563   0.0   0.0
 6.390  362.5 -90  57  72   1.563   0.0   0.0
 6.425  380.0  90  57  66   1.563   0.0   0.0
 6.425  362.5 -90  57  69   1.563   0.0   0.0
 6.425  365.0 -90  57  69   1.563   0.0   0.0
 6.460  365.0 -90  57  69  -1.563   0.0   0.0
 6.495  365.0 -90  60  69   1.563   0.0   0.0
 6.530  367.5  90  51  60  -1.563 210.0  30.0
 6.530  385.0  90  51  63  -1.563   0.0   0.0
 6.530  365.0 -90  51  63   1.563   0.0   0.0
 6.530  367.5 -90  51  69   1.563   0.0   0.0
 6.565  367.5  90  48  60   1.563 270.0  30.0
 6.565  385.0  90  48  57   1.563   0.0   0.0
 6.565  777.5  90  48  57  -1.563   0.0   0.0
 6.565  367.5 -90  48  69   1.563   0.0   0.0
 6.565  370.0 -90  48  63   1.563   0.0   0.0
 6.600  387.5  90  51  60  -1.563   0.0   0.0
 6.600  780.0  90  51  60   1.563   0.0   0.0
 6.600  367.5 -90  51  66  -1.563   0.0   0.0
 6.600  370.0 -90  51  66  -1.563   0.0   0.0
 6.635  370.0  90  48  57   1.563 270.0  30.0
 6.635  387.5  90  48  57   1.563   0.0   0.0
 6.635  390.0  90  48  63   1.563   0.0   0.0
 6.635  782.5  90  48  60   1.563   0.0   0.0
 6.635  367.5 -90  48  57  -1.563   0.0   0.0
 6.635  370.0 -90  48  69  -1.563   0.0   0.0
 6.635  372.5 -90  48  60   1.563   0.0   0.0
 6.670  390.0  90  48  63  -1.563   0.0   0.0
 6.670  392.5  90  48  63   1.563   0.0   0.0
 6.670  785.0  90  48  60   1.563   0.0   0.0
 6.670  787.5  90  48  57  -1.563   0.0   0.0
 6.670  370.0 -90  48  63   1.563   0.0   0.0
 6.670  372.5 -90  48  63   1.563   0.0   0.0
 6.705  392.5  90  48  66   1.563   0.0   0.0
 6.705  395.0  90  48  57   1.563   0.0   0.0
 6.705  787.5  90  48  57  -1.563   0.0   0.0
 6.705  790.0  90  48  57  -1.563   0.0   0.0
 6.705  370.0 -90  48  57   1.563   0.0   0.0
 6.705  372.5 -90  48  66  -1.563   0.0   0.0
 6.705  750.0 -90  48  57  -1.563   0.0   0.0
 6.740  392.5  90  48  60   1.563   0.0   0.0
 6.740  395.0  90  48  63   1.563   0.0   0.0
 6.740  372.5 -90  48  63   1.563   0.0   0.0
 6.740  375.0 -90  48  60  -1.563   0.0   0.0
 6.740  750.0 -90  48  57   1.563   0.0   0.0
 6.740  752.5 -90  48  57   1.563   0.0   0.0
 6.775  397.5  90  57  66  -1.563   0.0   0.0
 6.775  375.0 -90  57  66  -1.563   0.0   0.0
 6.845  400.0  90  54  66   1.563   0.0   0.0
 6.845  375.0 -90  51  60   1.563   0.0   0.0
 6.845  377.5 -90  51  69   1.563   0.0   0.0
 6.880  377.5  90  48  57  -1.563 270.0  30.0
 6.880  400.0  90  48  57   1.563   0.0   0.0
 6.880  402.5  90  48  57   1.563   0.0   0.0
 6.880  105.0 -90  51  60  10.938   0.0   0.0
 6.880  107.5 -90  51  60   1.563   0.0   0.0
 6.880  110.0 -90  51  60   1.563   0.0   0.0
 6.880  130.0 -90  51  60   4.688 330.0  30.0
 6.880  137.5 -90  51  60  10.938   0.0   0.0
 6.880  140.0 -90  51  60  10.938   0.0   0.0
 6.880  142.5 -90  51  60  -7.813   0.0   0.0
 6.880  145.0 -90  51  60   1.563   0.0   0.0
 6.880  147.5 -90  51  60  -7.813   0.0   0.0
 6.880  152.5 -90  51  60  -7.813   0.0   0.0
 6.880  155.0 -90  51  60  -7.813   0.0   0.0
 6.880  172.5 -90  51  60   1.563 210.0  30.0
 6.880  377.5 -90  51  66   1.563   0.0   0.0
 6.880  380.0 -90  51  63  -1.563   0.0   0.0
 6.915  405.0  90  51  60   1.563   0.0   0.0
 6.915  377.5 -90  48  60   1.563   0.0   0.0
 6.915  380.0 -90  48  69  -1.563   0.0   0.0
 6.915  382.5 -90  48  57   1.563   0.0   0.0
 6.950  695.0  90  69  78   7.813   0.0   0.0
 6.950  697.5  90  69  78   7.813   0.0   0.0
 6.985   80.0  90  78  87  -1.563   0.0   0.0
 6.985   85.0  90  78  87   1.563   0.0   0.0
 6.985  602.5 -90  75  84   1.563   0.0   0.0
 6.985  605.0 -90  75  84   1.563   0.0   0.0
 6.985  722.5 -90  75  84  -4.688   0.0   0.0
 6.985  725.0 -90  75  84  -1.563   0.0   0.0
 6.985  727.5 -90  75  84  -1.563   0.0   0.0
 6.985  797.5 -90  75  84  -4.688   0.0   0.0
 6.985  800.0 -90  75  84  -4.688   0.0   0.0
 6.985  802.5 -90  75  84  -1.563   0.0   0.0
 6.985  805.0 -90  75  84  -1.563   0.0   0.0
 7.020  792.5  90  72  81  -7.813   0.0   0.0
 7.020  795.0  90  72  81  -7.813   0.0   0.0
 7.020  797.5  90  72  81  -4.688   0.0   0.0
 7.020  800.0  90  72  81  -4.688   0.0   0.0
 7.020  802.5  90  72  81  -4.688   0.0   0.0
 7.020  805.0  90  72  81  -4.688   0.0   0.0
 7.020  807.5  90  72  81  -4.688   0.0   0.0
 7.020  810.0  90  72  81  -4.688   0.0   0.0
 7.020  812.5  90  72  81  -4.688   0.0   0.0
 7.055  410.0  90  51  60  -1.563   0.0   0.0
 7.055  412.5  90  51  66   1.563   0.0   0.0
 7.055  385.0 -90  54  66   1.563   0.0   0.0
 7.090  412.5  90  51  60   1.563   0.0   0.0
 7.090  415.0  90  51  66  -1.563   0.0   0.0
 7.090  385.0 -90  51  66   1.563   0.0   0.0
 7.090  387.5 -90  51  66  -1.563   0.0   0.0
 7.125  415.0  90  51  60   1.563   0.0   0.0
 7.125  417.5  90  51  66   1.563   0.0   0.0
 7.125  387.5 -90  51  69   1.563   0.0   0.0
 7.160  417.5  90  48  63   1.563   0.0   0.0
 7.160  420.0  90  48  66  -1.563   0.0   0.0
 7.160  422.5  90  48  57  -1.563   0.0   0.0
 7.160  840.0  90  48  57  -1.563   0.0   0.0
 7.160  842.5  90  48  57  -1.563   0.0   0.0
 7.160  387.5 -90  48  60   1.563   0.0   0.0
 7.160  390.0 -90  48  63   1.563   0.0   0.0
 7.195  420.0  90  51  60  -1.563   0.0   0.0
 7.195  422.5  90  51  66  -1.563   0.0   0.0
 7.195  847.5  90  51  60   1.563   0.0   0.0
 7.195  390.0 -90  51  66  -1.563   0.0   0.0
 7.195  392.5 -90  51  60  -1.563   0.0   0.0
 7.230  425.0  90  54  66   1.563   0.0   0.0
 7.230  390.0 -90  51  60  -1.563   0.0   0.0
 7.230  392.5 -90  51  66  -1.563   0.0   0.0
 7.265  427.5  90  54  66  -1.563   0.0   0.0
 7.265  392.5 -90  54  63   1.563   0.0   0.0
 7.265  395.0 -90  54  63   1.563   0.0   0.0
 7.300  430.0  90  54  63   1.563   0.0   0.0
 7.300  432.5  90  54  63   1.563   0.0   0.0
 7.335   80.0  90  63  72  10.938 150.0  30.0
 7.335   82.5  90  63  72  10.938 150.0  30.0
 7.335   85.0  90  63  72  10.938 150.0  30.0
 7.335   87.5  90  63  72  10.938 150.0  30.0
 7.335   90.0  90  63  72 -10.938 150.0  30.0
 7.335   92.5  90  63  72  10.938 150.0  30.0
 7.335  100.0  90  63  72  -7.813 150.0  30.0
 7.335  102.5  90  63  72  -7.813 150.0  30.0
 7.335  105.0  90  63  72  -7.813 150.0  30.0
 7.335  107.5  90  63  72  10.938 150.0  30.0
 7.335  112.5  90  63  72  10.938 150.0  30.0
 7.335  115.0  90  63  72  10.938 150.0  30.0
 7.335  117.5  90  63  72  10.938 150.0  30.0
 7.335  120.0  90  63  72  10.938 150.0  30.0
 7.335  122.5  90  63  72  10.938 150.0  30.0
 7.335  135.0  90  63  72  -7.813 150.0  30.0
 7.335  137.5  90  63  72  -7.813 150.0  30.0
 7.335  142.5  90  63  72  -7.813 150.0  30.0
 7.335  145.0  90  63  72  -7.813 150.0  30.0
 7.335  147.5  90  63  72  -7.813 150.0  30.0
 7.335  150.0  90  63  72  -7.813 150.0  30.0
 7.335  152.5  90  63  72  -7.813 150.0  30.0
 7.335  157.5  90  63  72  -7.813 150.0  30.0
 7.335  160.0  90  63  72  -7.813 150.0  30.0
 7.335  162.5  90  63  72  -7.813 150.0  30.0
 7.335  165.0  90  63  72  -7.813 150.0  30.0
 7.335  175.0  90  63  72 -10.938 150.0  30.0
 7.335  177.5  90  63  72 -10.938 150.0  30.0
 7.335  180.0  90  63  72 -10.938 150.0  30.0
 7.335  182.5  90  63  72  -7.813 150.0  30.0
 7.335  190.0  90  63  72  -7.813 150.0  30.0
 7.335  195.0  90  63  72  -7.813 150.0  30.0
 7.335  212.5  90  63  72  10.938 150.0  30.0
 7.335  225.0  90  63  72 -10.938 150.0  30.0
 7.335  262.5  90  63  72 -10.938 150.0  30.0
 7.335  270.0  90  63  72 -10.938 150.0  30.0
 7.335  302.5  90  63  72 -10.938 150.0  30.0
 7.335  310.0  90  63  72 -10.938 150.0  30.0
 7.335  347.5  90  63  72 -10.938 150.0  30.0
 7.335 1130.0  90  63  72 -10.938 150.0  30.0
 7.335 1142.5  90  63  72  -7.813 150.0  30.0
 7.335 1145.0  90  63  72 -10.938 150.0  30.0
 7.335 1157.5  90  63  72 -10.938 150.0  30.0
 7.335 1160.0  90  63  72 -10.938 150.0  30.0
 7.335 1170.0  90  63  72  10.938 270.0  30.0
 7.335 1172.5  90  63  72 -10.938 150.0  30.0
 7.335 1175.0  90  63  72 -10.938 150.0  30.0
 7.335 1177.5  90  63  72  -7.813 150.0  30.0
 7.335 1182.5  90  63  72  -7.813 150.0  30.0
 7.335 1185.0  90  63  72  -7.813 150.0  30.0
 7.335 1187.5  90  63  72 -10.938 150.0  30.0
 7.335 1190.0  90  63  72 -10.938 150.0  30.0
 7.335 1192.5  90  63  72  10.938 150.0  30.0
 7.335 1197.5  90  63  72  10.938 150.0  30.0
 7.335 1202.5  90  63  72   1.563 150.0  30.0
 7.335 1205.0  90  63  72   1.563 150.0  30.0
 7.335 1212.5  90  63  72  -7.813 150.0  30.0
 7.335 1215.0  90  63  72 -10.938 150.0  30.0
 7.335 1217.5  90  63  72 -10.938 150.0  30.0
 7.335 1220.0  90  63  75 -10.938 150.0  30.0
 7.335 1222.5  90  63  72  10.938 150.0  30.0
 7.335 1225.0  90  63  72  -7.813 150.0  30.0
 7.335 1227.5  90  63  75 -10.938 150.0  30.0
 7.335 1230.0  90  63  75  -7.813 150.0  30.0
 7.335 1232.5  90  63  72 -10.938 150.0  30.0
 7.335 1235.0  90  63  72 -10.938 150.0  30.0
 7.335 1237.5  90  63  72  10.938 150.0  30.0
 7.335 1242.5  90  63  72  -7.813 150.0  30.0
 7.335 1245.0  90  63  72  -7.813 150.0  30.0
 7.335 1247.5  90  63  72 -10.938 150.0  30.0
 7.335 1250.0  90  63  75 -10.938 150.0  30.0
 7.335 1252.5  90  63  72 -10.938 150.0  30.0
 7.335 1255.0  90  63  75 -10.938 150.0  30.0
 7.335 1257.5  90  63  75 -10.938 150.0  30.0
 7.335 1260.0  90  63  75 -10.938 150.0  30.0
 7.335 1262.5  90  63  75 -10.938 150.0  30.0
 7.335 1265.0  90  63  75  10.938 150.0  30.0
 7.335 1267.5  90  63  75 -10.938 150.0  30.0
 7.335 1270.0  90  63  72  -7.813 150.0  30.0
 7.335 1272.5  90  63  75  -7.813 150.0  30.0
 7.335 1275.0  90  63  72  -7.813 150.0  30.0
 7.335 1277.5  90  63  72 -10.938 150.0  30.0
 7.335 1280.0  90  63  72 -10.938 150.0  30.0
 7.335 1282.5  90  63  72  10.938 150.0  30.0
 7.405  440.0  90  54  63  -1.563   0.0   0.0
 7.405  400.0 -90  54  63   1.563   0.0   0.0
 7.440  315.0  90  72  81  -4.688 330.0  30.0
 7.440  320.0  90  72  81  -4.688   0.0   0.0
 7.440  335.0  90  72  81  10.938 210.0  30.0
 7.440  337.5  90  72  81  10.938   0.0   0.0
 7.440  340.0  90  72  81  10.938   0.0   0.0
 7.440  342.5  90  72  81  10.938   0.0   0.0
 7.440  345.0  90  72  81  10.938   0.0   0.0
 7.440  347.5  90  72  81  10.938   0.0   0.0
 7.440  350.0  90  72  81  10.938   0.0   0.0
 7.440  352.5  90  72  81  10.938   0.0   0.0
 7.440  355.0  90  72  81  10.938   0.0   0.0
 7.440  357.5  90  72  81   7.813   0.0   0.0
 7.440  360.0  90  72  81 -10.938   0.0   0.0
 7.440  362.5  90  72  81 -10.938   0.0   0.0
 7.440  365.0  90  72  81  10.938   0.0   0.0
 7.440  367.5  90  72  81  10.938   0.0   0.0
 7.440  370.0  90  72  81  10.938   0.0   0.0
 7.440  372.5  90  72  81   7.813   0.0   0.0
 7.440  375.0  90  72  81   7.813   0.0   0.0
 7.440  382.5  90  72  81   7.813   0.0   0.0
 7.440  385.0  90  72  81   7.813   0.0   0.0
 7.440  387.5  90  72  81   7.813   0.0   0.0
 7.440  390.0  90  72  81   7.813   0.0   0.0
 7.440 1225.0  90  72  81   4.688   0.0   0.0
 7.440 1227.5  90  72  81   7.813   0.0   0.0
 7.440 1230.0  90  72  81   7.813   0.0   0.0
 7.440 1232.5  90  72  81  10.938   0.0   0.0
 7.440 1235.0  90  72  81   1.563   0.0   0.0
 7.440 1237.5  90  72  81   4.688   0.0   0.0
 7.440 1240.0  90  72  81   4.688   0.0   0.0
 7.440 1242.5  90  72  81   7.813   0.0   0.0
 7.440 1245.0  90  72  81  -1.563   0.0   0.0
 7.440 1247.5  90  72  81 -10.938   0.0   0.0
 7.440 1250.0  90  72  81   4.688   0.0   0.0
 7.440 1252.5  90  72  81   4.688   0.0   0.0
 7.440 1255.0  90  72  81   7.813   0.0   0.0
 7.440 1257.5  90  72  81  -1.563   0.0   0.0
 7.440 1260.0  90  72  81  -1.563   0.0   0.0
 7.440 1265.0  90  72  81   4.688   0.0   0.0
 7.440 1270.0  90  72  81  -1.563   0.0   0.0
 7.440 1272.5  90  72  81  -1.563   0.0   0.0
 7.475  902.5 -90  81  90  -1.563   0.0   0.0
 7.475  905.0 -90  81  90  -1.563   0.0   0.0
 7.475 1037.5 -90  81  90   7.813   0.0   0.0
 7.475 1040.0 -90  81  90   4.688   0.0   0.0
 7.475 1042.5 -90  81  90  -1.563   0.0   0.0
 7.475 1045.0 -90  81  90  -1.563   0.0   0.0
 7.510  260.0 -90  75  84  -7.813   0.0   0.0
 7.510  285.0 -90  75  84  -1.563   0.0   0.0
 7.510  455.0 -90  75  84  -7.813   0.0   0.0
 7.545  110.0 -90  69  78  -1.563   0.0   0.0
 7.720  417.5 -90  51  63   1.563   0.0   0.0
 7.720  420.0 -90  51  66   1.563   0.0   0.0
 7.755  492.5  90  48  57  -1.563   0.0   0.0
 7.755  420.0 -90  48  63  -1.563   0.0   0.0
 7.755  422.5 -90  48  57  -1.563   0.0   0.0
 7.755  842.5 -90  48  57   1.563   0.0   0.0
 7.965  567.5  90  48  57  -1.563   0.0   0.0
 7.965  580.0  90  48  57  -1.563   0.0   0.0
 7.965  582.5  90  48  57  -1.563   0.0   0.0
 7.965  585.0  90  48  57  -1.563   0.0   0.0
 8.000  440.0 -90  48  57  -1.563   0.0   0.0
 8.000  442.5 -90  48  60  -1.563   0.0   0.0
 8.035  637.5  90  51  60  -1.563   0.0   0.0
 8.035  640.0  90  51  60  -1.563   0.0   0.0
 8.035  445.0 -90  51  63   1.563   0.0   0.0
 9.890 1255.0 -90  54  63  -1.563  30.0  30.0
10.660  420.0  90  42  51  -1.563 270.0  30.0
10.660  502.5  90  42  51  -1.563 330.0  30.0
10.660  512.5  90  42  51  -1.563 330.0  30.0
10.660  525.0  90  42  51  -4.688 330.0  30.0
10.660  530.0  90  42  51  -4.688 330.0  30.0
10.660 1257.5  90  42  51  -4.688 330.0  30.0
10.660 1262.5  90  42  51  -4.688 330.0  30.0
10.660 1277.5  90  42  51  -7.813  90.0  30.0
10.660 1280.0  90  42  51  -7.813  90.0  30.0
10.660 1282.5  90  42  51  -4.688 150.0  30.0
10.660  517.5 -90  42  51  -4.688 330.0  30.0
10.660  522.5 -90  42  51   1.563 270.0  30.0
10.660  527.5 -90  42  51 -10.938 270.0  30.0
10.660  532.5 -90  42  51   1.563 270.0  30.0
10.660  535.0 -90  42  51  -4.688 330.0  30.0
10.660  537.5 -90  42  51 -10.938 270.0  30.0
10.660  540.0 -90  42  51  -4.688 270.0  30.0
10.660  545.0 -90  42  51 -10.938 330.0  30.0
10.660 1160.0 -90  42  51 -10.938 330.0  30.0
10.660 1170.0 -90  42  51   1.563 270.0  30.0
10.660 1172.5 -90  42  51   1.563 330.0  30.0
10.660 1175.0 -90  42  51   4.688 270.0  30.0
10.660 1180.0 -90  42  51   1.563 210.0  30.0
10.660 1195.0 -90  42  51   7.813 270.0  30.0
10.660 1200.0 -90  42  51   7.813 270.0  30.0
10.660 1202.5 -90  42  51   4.688 270.0  30.0
10.660 1205.0 -90  42  51   4.688 270.0  30.0
10.660 1207.5 -90  42  51   7.813 330.0  30.0
10.660 1210.0 -90  42  51   4.688 330.0  30.0
10.660 1212.5 -90  42  51   4.688 270.0  30.0
10.660 1215.0 -90  42  51   4.688 270.0  30.0
10.660 1217.5 -90  42  51   4.688 270.0  30.0
10.660 1220.0 -90  42  51   4.688 270.0  30.0
10.660 1222.5 -90  42  51   1.563 330.0  30.0
10.660 1225.0 -90  42  51   7.813 270.0  30.0
10.660 1227.5 -90  42  51  -7.813 270.0  30.0
10.660 1230.0 -90  42  51   1.563 270.0  30.0
10.660 1232.5 -90  42  51   1.563 270.0  30.0
10.660 1235.0 -90  42  51  -7.813 330.0  30.0
10.660 1237.5 -90  42  51   1.563 270.0  30.0
10.660 1240.0 -90  42  51  -1.563 270.0  30.0
10.660 1242.5 -90  42  54  -1.563 270.0  30.0
10.660 1245.0 -90  42  54  -4.688 270.0  30.0
10.660 1247.5 -90  42  54  -1.563 270.0  30.0
10.660 1250.0 -90  42  54  -1.563 330.0  30.0
10.660 1252.5 -90  42  51  -4.688 270.0  30.0
10.660 1255.0 -90  42  54  -4.688 330.0  30.0
10.660 1257.5 -90  42  54  -4.688 270.0  30.0
10.660 1260.0 -90  42  54  -1.563 270.0  30.0
10.660 1262.5 -90  42  54  -1.563 330.0  30.0
10.660 1265.0 -90  42  54  -1.563 270.0  30.0
10.660 1267.5 -90  42  54  -4.688 270.0  30.0
10.660 1270.0 -90  42  54  -1.563 270.0  30.0
10.660 1272.5 -90  42  54  -4.688 270.0  30.0
10.660 1275.0 -90  42  54  -4.688 270.0  30.0
10.660 1277.5 -90  42  54  -4.688 270.0  30.0
10.660 1280.0 -90  42  54  -4.688 270.0  30.0
10.660 1282.5 -90  42  51  -1.563 270.0  30.0
10.695   80.0  90  45  54   4.688 330.0  30.0
10.695   82.5  90  45  54   1.563 330.0  30.0
10.695   85.0  90  45  54   1.563 330.0  30.0
10.695   87.5  90  45  57   1.563 330.0  30.0
10.695   90.0  90  45  57  -1.563 330.0  30.0
10.695   92.5  90  45  57  -1.563 330.0  30.0
10.695   95.0  90  45  57   1.563 330.0  30.0
10.695   97.5  90  45  57   1.563 330.0  30.0
10.695  100.0  90  45  57   1.563 330.0  30.0
10.695  102.5  90  45  57   1.563 330.0  30.0
10.695  105.0  90  45  57   1.563 330.0  30.0
10.695  107.5  90  45  57   4.688 330.0  30.0
10.695  110.0  90  45  54   1.563 330.0  30.0
10.695  112.5  90  45  54   4.688 330.0  30.0
10.695  115.0  90  45  57   1.563 330.0  30.0
10.695  117.5  90  45  57   1.563 330.0  30.0
10.695  130.0  90  45  54   4.688 270.0  30.0
10.695  440.0  90  45  54  10.938 330.0  30.0
10.695  442.5  90  45  54   4.688  90.0  30.0
10.695  445.0  90  45  54   4.688 330.0  30.0
10.695  447.5  90  45  54  -4.688  90.0  30.0
10.695  450.0  90  45  54  -4.688  90.0  30.0
10.695  452.5  90  45  54   1.563  90.0  30.0
10.695  455.0  90  45  54   4.688 330.0  30.0
10.695  457.5  90  45  54   1.563  90.0  30.0
10.695  460.0  90  45  54   4.688 330.0  30.0
10.695  462.5  90  45  54  -4.688  90.0  30.0
10.695  465.0  90  45  54  -4.688  90.0  30.0
10.695  467.5  90  45  57  -4.688  90.0  30.0
10.695  470.0  90  45  54  -4.688  90.0  30.0
10.695  472.5  90  45  54  -4.688  90.0  30.0
10.695  475.0  90  45  54  -4.688 330.0  30.0
10.695  477.5  90  45  54  -4.688 330.0  30.0
10.695  480.0  90  45  54  -1.563 330.0  30.0
10.695  482.5  90  45  54  -4.688 330.0  30.0
10.695  485.0  90  45  54   1.563 330.0  30.0
10.695  487.5  90  45  54   7.813 330.0  30.0
10.695  490.0  90  45  54  10.938 330.0  30.0
10.695  492.5  90  45  54 -10.938 330.0  30.0
10.695  495.0  90  45  54  -7.813 270.0  30.0
10.695  497.5  90  45  54   4.688 330.0  30.0
10.695  500.0  90  45  54  10.938 330.0  30.0
10.695  502.5  90  45  57  10.938 330.0  30.0
10.695  505.0  90  45  54  10.938 330.0  30.0
10.695  507.5  90  45  54  10.938 330.0  30.0
10.695  510.0  90  45  57  10.938 330.0  30.0
10.695  512.5  90  45  57  10.938 330.0  30.0
10.695  515.0  90  45  57  10.938 330.0  30.0
10.695  517.5  90  45  54 -10.938 330.0  30.0
10.695  520.0  90  45  57  -7.813 330.0  30.0
10.695  522.5  90  45  57  -7.813 330.0  30.0
10.695  525.0  90  45  57  -7.813 330.0  30.0
10.695  527.5  90  45  57  -7.813 330.0  30.0
10.695  530.0  90  45  57  10.938 330.0  30.0
10.695  532.5  90  45  57  -1.563 330.0  30.0
10.695  535.0  90  45  54  -1.563 270.0  30.0
10.695  537.5  90  45  57  10.938 330.0  30.0
10.695  540.0  90  45  57  10.938 330.0  30.0
10.695  542.5  90  45  57  10.938 330.0  30.0
10.695  545.0  90  45  54  10.938 330.0  30.0
10.695  547.5  90  45  54  10.938 270.0  30.0
10.695  550.0  90  45  54  10.938 270.0  30.0
10.695  552.5  90  45  54   4.688 330.0  30.0
10.695  555.0  90  45  54  10.938 270.0  30.0
10.695  557.5  90  45  54  10.938 330.0  30.0
10.695  560.0  90  45  54  10.938 330.0  30.0
10.695  562.5  90  45  54  10.938 330.0  30.0
10.695  565.0  90  45  54  10.938 330.0  30.0
10.695  567.5  90  45  54  10.938 330.0  30.0
10.695  572.5  90  45  54  10.938 270.0  30.0
10.695  575.0  90  45  54  10.938  90.0  30.0
10.695  577.5  90  45  54  10.938  90.0  30.0
10.695  580.0  90  45  54  10.938  90.0  30.0
10.695  587.5  90  45  54  10.938  90.0  30.0
10.695  637.5  90  45  54   4.688 330.0  30.0
10.695  640.0  90  45  54   4.688 330.0  30.0
10.695  642.5  90  45  54   4.688 330.0  30.0
10.695  662.5  90  45  54  -4.688 330.0  30.0
10.695  667.5  90  45  54  -4.688 330.0  30.0
10.695  670.0  90  45  54  -4.688 270.0  30.0
10.695  672.5  90  45  54  -4.688 270.0  30.0
10.695  675.0  90  45  54  -4.688 330.0  30.0
10.695  677.5  90  45  54  -4.688 330.0  30.0
10.695  680.0  90  45  54  -4.688 330.0  30.0
10.695  682.5  90  45  57  -4.688 330.0  30.0
10.695  685.0  90  45  54  -4.688 330.0  30.0
10.695  687.5  90  45  54  -4.688 330.0  30.0
10.695  690.0  90  45  54  -4.688 330.0  30.0
10.695  692.5  90  45  54  -4.688 330.0  30.0
10.695  695.0  90  45  57  -4.688 330.0  30.0
10.695  697.5  90  45  57  -4.688 330.0  30.0
10.695  700.0  90  45  57  -4.688 330.0  30.0
10.695  702.5  90  45  57  -4.688 330.0  30.0
10.695  705.0  90  45  57  -4.688 330.0  30.0
10.695  707.5  90  45  57  -4.688 330.0  30.0
10.695  710.0  90  45  57  -4.688 330.0  30.0
10.695  712.5  90  45  57  -4.688 330.0  30.0
10.695  715.0  90  45  54  -4.688 270.0  30.0
10.695  717.5  90  45  54  -4.688 330.0  30.0
10.695  720.0  90  45  54 -10.938 330.0  30.0
10.695  722.5  90  45  54  10.938 330.0  30.0
10.695  725.0  90  45  54  10.938 330.0  30.0
10.695 1122.5  90  45  54  -7.813 330.0  30.0
10.695 1167.5  90  45  54   4.688 330.0  30.0
10.695 1170.0  90  45  54   4.688 330.0  30.0
10.695 1172.5  90  45  57   4.688 330.0  30.0
10.695 1175.0  90  45  57   1.563 330.0  30.0
10.695 1177.5  90  45  57   1.563 330.0  30.0
10.695 1180.0  90  45  57   7.813 330.0  30.0
10.695 1182.5  90  45  57   1.563 330.0  30.0
10.695 1185.0  90  45  57   1.563 330.0  30.0
10.695 1187.5  90  45  57   1.563 330.0  30.0
10.695 1190.0  90  45  60   7.813 330.0  30.0
10.695 1192.5  90  45  60   7.813 330.0  30.0
10.695 1195.0  90  45  60   7.813 330.0  30.0
10.695 1197.5  90  45  60   4.688 270.0  30.0
10.695 1200.0  90  45  60   1.563 330.0  30.0
10.695 1202.5  90  45  60   1.563 270.0  30.0
10.695 1205.0  90  45  60   1.563 270.0  30.0
10.695 1207.5  90  45  60   1.563 270.0  30.0
10.695 1210.0  90  45  60  -1.563 330.0  30.0
10.695 1212.5  90  45  60  -1.563 330.0  30.0
10.695 1215.0  90  45  60  -1.563 330.0  30.0
10.695 1217.5  90  45  60  -1.563 330.0  30.0
10.695 1220.0  90  45  60   4.688 330.0  30.0
10.695 1222.5  90  45  60   1.563 270.0  30.0
10.695 1225.0  90  45  60  -1.563 330.0  30.0
10.695 1227.5  90  45  60   1.563 270.0  30.0
10.695 1230.0  90  45  57   1.563 330.0  30.0
10.695 1232.5  90  45  57  -1.563 330.0  30.0
10.695 1235.0  90  45  57  -1.563 330.0  30.0
10.695 1237.5  90  45  57   1.563 330.0  30.0
10.695 1240.0  90  45  57  -7.813 330.0  30.0
10.695 1242.5  90  45  54   7.813 330.0  30.0
10.695 1245.0  90  45  54  -4.688 330.0  30.0
10.695 1247.5  90  45  57  -7.813 330.0  30.0
10.695 1250.0  90  45  57 -10.938 330.0  30.0
10.695 1252.5  90  45  57  10.938 270.0  30.0
10.695 1255.0  90  45  57  10.938 270.0  30.0
10.695 1257.5  90  45  57 -10.938 330.0  30.0
10.695 1260.0  90  45  57 -10.938 330.0  30.0
10.695 1262.5  90  45  57  10.938 330.0  30.0
10.695 1265.0  90  45  57   7.813 330.0  30.0
10.695 1267.5  90  45  57 -10.938 330.0  30.0
10.695 1270.0  90  45  60 -10.938 330.0  30.0
10.695 1272.5  90  45  60 -10.938 330.0  30.0
10.695 1275.0  90  45  60  10.938 330.0  30.0
10.695 1277.5  90  45  57  10.938 330.0  30.0
10.695 1280.0  90  45  60   7.813 330.0  30.0
10.695 1282.5  90  45  60  10.938 330.0  30.0
10.695   80.0 -90  45  54   1.563 270.0  30.0
10.695   82.5 -90  45  54  -1.563 330.0  30.0
10.695   85.0 -90  45  54   1.563 270.0  30.0
10.695   87.5 -90  45  54   1.563 330.0  30.0
10.695   90.0 -90  45  54  -4.688 270.0  30.0
10.695  365.0 -90  45  54  -7.813 270.0  30.0
10.695  367.5 -90  45  54  -7.813 270.0  30.0
10.695  370.0 -90  45  54  -7.813 270.0  30.0
10.695  372.5 -90  45  54 -10.938 270.0  30.0
10.695  375.0 -90  45  54 -10.938 270.0  30.0
10.695  377.5 -90  45  54 -10.938 210.0  30.0
10.695  412.5 -90  45  54   7.813 270.0  30.0
10.695  415.0 -90  45  57   7.813 270.0  30.0
10.695  417.5 -90  45  57   7.813 270.0  30.0
10.695  420.0 -90  45  57   7.813 270.0  30.0
10.695  422.5 -90  45  60   7.813 270.0  30.0
10.695  425.0 -90  45  60   7.813 270.0  30.0
10.695  427.5 -90  45  60   7.813 270.0  30.0
10.695  430.0 -90  45  60   4.688 270.0  30.0
10.695  432.5 -90  45  63   4.688 270.0  30.0
10.695  435.0 -90  45  63   4.688 270.0  30.0
10.695  437.5 -90  45  63   4.688 270.0  30.0
10.695  440.0 -90  45  63   4.688 270.0  30.0
10.695  442.5 -90  45  63   4.688 270.0  30.0
10.695  445.0 -90  45  63   4.688 270.0  30.0
10.695  447.5 -90  45  63   4.688 270.0  30.0
10.695  450.0 -90  45  63   1.563 270.0  30.0
10.695  452.5 -90  45  63   1.563 270.0  30.0
10.695  455.0 -90  45  63   1.563 270.0  30.0
10.695  457.5 -90  45  63  -1.563 270.0  30.0
10.695  460.0 -90  45  63  -1.563 270.0  30.0
10.695  462.5 -90  45  63  -1.563 270.0  30.0
10.695  465.0 -90  45  63  -1.563 270.0  30.0
10.695  467.5 -90  45  63  -1.563 270.0  30.0
10.695  470.0 -90  45  63  -1.563 270.0  30.0
10.695  472.5 -90  45  66  -1.563 270.0  30.0
10.695  475.0 -90  45  63  -1.563 270.0  30.0
10.695  477.5 -90  45  63  -1.563 270.0  30.0
10.695  480.0 -90  45  63  -1.563 270.0  30.0
10.695  482.5 -90  45  63  -1.563 270.0  30.0
10.695  485.0 -90  45  63  -1.563 270.0  30.0
10.695  487.5 -90  45  63  -1.563 270.0  30.0
10.695  490.0 -90  45  63  -4.688 270.0  30.0
10.695  492.5 -90  45  63  -4.688 270.0  30.0
10.695  495.0 -90  45  63  -7.813 270.0  30.0
10.695  497.5 -90  45  63  -7.813 270.0  30.0
10.695  500.0 -90  45  63 -10.938 270.0  30.0
10.695  502.5 -90  45  63  10.938 270.0  30.0
10.695  505.0 -90  45  63  10.938 270.0  30.0
10.695  507.5 -90  45  63  10.938 270.0  30.0
10.695  510.0 -90  45  63  10.938 270.0  30.0
10.695  512.5 -90  45  63  10.938 270.0  30.0
10.695  515.0 -90  45  63  10.938 270.0  30.0
10.695  517.5 -90  45  63  10.938 270.0  30.0
10.695  520.0 -90  45  63  10.938 270.0  30.0
10.695  522.5 -90  45  66  10.938 270.0  30.0
10.695  525.0 -90  45  66  10.938 270.0  30.0
10.695  527.5 -90  45  66  10.938 270.0  30.0
10.695  530.0 -90  45  66  10.938 270.0  30.0
10.695  532.5 -90  45  66  10.938 270.0  30.0
10.695  535.0 -90  45  66  10.938 270.0  30.0
10.695  537.5 -90  45  66  10.938 270.0  30.0
10.695  540.0 -90  45  66  10.938 270.0  30.0
10.695  542.5 -90  45  66  10.938 270.0  30.0
10.695  545.0 -90  45  63  10.938 270.0  30.0
10.695  547.5 -90  45  63  10.938 270.0  30.0
10.695  550.0 -90  45  63  10.938 270.0  30.0
10.695  552.5 -90  45  63  10.938 270.0  30.0
10.695  555.0 -90  45  63 -10.938 270.0  30.0
10.695  557.5 -90  45  63  10.938 270.0  30.0
10.695  560.0 -90  45  63  10.938 270.0  30.0
10.695  562.5 -90  45  63 -10.938 270.0  30.0
10.695  565.0 -90  45  60 -10.938 270.0  30.0
10.695  567.5 -90  45  60 -10.938 270.0  30.0
10.695  570.0 -90  45  60 -10.938 270.0  30.0
10.695  572.5 -90  45  60  10.938 270.0  30.0
10.695  575.0 -90  45  60  10.938 270.0  30.0
10.695  577.5 -90  45  60  10.938 270.0  30.0
10.695  580.0 -90  45  57  10.938 270.0  30.0
10.695  582.5 -90  45  57  10.938 270.0  30.0
10.695  585.0 -90  45  57   7.813 270.0  30.0
10.695  587.5 -90  45  57   7.813 270.0  30.0
10.695  590.0 -90  45  57   4.688 270.0  30.0
10.695  592.5 -90  45  57   7.813 270.0  30.0
10.695  595.0 -90  45  57   7.813 270.0  30.0
10.695  597.5 -90  45  60   7.813 270.0  30.0
10.695  600.0 -90  45  57   7.813 270.0  30.0
10.695  602.5 -90  45  57   7.813 270.0  30.0
10.695  605.0 -90  45  57   7.813 270.0  30.0
10.695  607.5 -90  45  60   4.688 270.0  30.0
10.695  610.0 -90  45  60   7.813 270.0  30.0
10.695  612.5 -90  45  60   4.688 270.0  30.0
10.695  615.0 -90  45  60   7.813 270.0  30.0
10.695  617.5 -90  45  60   7.813 270.0  30.0
10.695  620.0 -90  45  60   7.813 270.0  30.0
10.695  622.5 -90  45  60   7.813 270.0  30.0
10.695  625.0 -90  45  60   7.813 270.0  30.0
10.695  627.5 -90  45  60   7.813 270.0  30.0
10.695  630.0 -90  45  60   4.688 270.0  30.0
10.695  632.5 -90  45  60   4.688 270.0  30.0
10.695  635.0 -90  45  60   4.688 270.0  30.0
10.695  637.5 -90  45  60   4.688 270.0  30.0
10.695  640.0 -90  45  60   4.688 270.0  30.0
10.695  642.5 -90  45  60   4.688 270.0  30.0
10.695  645.0 -90  45  60   1.563 270.0  30.0
10.695  647.5 -90  45  60   1.563 270.0  30.0
10.695  650.0 -90  45  60   1.563 270.0  30.0
10.695  652.5 -90  45  60   1.563 270.0  30.0
10.695  655.0 -90  45  60   1.563 270.0  30.0
10.695  657.5 -90  45  60   1.563 270.0  30.0
10.695  660.0 -90  45  63   1.563 270.0  30.0
10.695  662.5 -90  45  63  -1.563 270.0  30.0
10.695  665.0 -90  45  63  -4.688 270.0  30.0
10.695  667.5 -90  45  63  -4.688 270.0  30.0
10.695  670.0 -90  45  63  -4.688 270.0  30.0
10.695  672.5 -90  45  63  -4.688 270.0  30.0
10.695  675.0 -90  45  63  -4.688 270.0  30.0
10.695  677.5 -90  45  63  -4.688 270.0  30.0
10.695  680.0 -90  45  66  -1.563 270.0  30.0
10.695  682.5 -90  45  63  -1.563 270.0  30.0
10.695  685.0 -90  45  63  -1.563 270.0  30.0
10.695  687.5 -90  45  63  -1.563 270.0  30.0
10.695  690.0 -90  45  63  -4.688 270.0  30.0
10.695  692.5 -90  45  63  -4.688 270.0  30.0
10.695  695.0 -90  45  63  -4.688 270.0  30.0
10.695  697.5 -90  45  63  -4.688 270.0  30.0
10.695  700.0 -90  45  63  -4.688 270.0  30.0
10.695  702.5 -90  45  63  -4.688 270.0  30.0
10.695  705.0 -90  45  63  -4.688 270.0  30.0
10.695  707.5 -90  45  63  -4.688 270.0  30.0
10.695  710.0 -90  45  63  -7.813 270.0  30.0
10.695  712.5 -90  45  63  -7.813 270.0  30.0
10.695  715.0 -90  45  63  -7.813 270.0  30.0
10.695  717.5 -90  45  63 -10.938 270.0  30.0
10.695  720.0 -90  45  63 -10.938 270.0  30.0
10.695  722.5 -90  45  63 -10.938 270.0  30.0
10.695  725.0 -90  45  63  10.938 270.0  30.0
10.695  727.5 -90  45  63  10.938 270.0  30.0
10.695  730.0 -90  45  63  10.938 270.0  30.0
10.695  732.5 -90  45  63  10.938 270.0  30.0
10.695  735.0 -90  45  60  10.938 270.0  30.0
10.695  737.5 -90  45  60  10.938 270.0  30.0
10.695  740.0 -90  45  60 -10.938 270.0  30.0
10.695  742.5 -90  45  60 -10.938 270.0  30.0
10.695  745.0 -90  45  60 -10.938 270.0  30.0
10.695  747.5 -90  45  60 -10.938 270.0  30.0
10.695  750.0 -90  45  57 -10.938 270.0  30.0
10.695  752.5 -90  45  57  -7.813 270.0  30.0
10.695  755.0 -90  45  57  -7.813 270.0  30.0
10.695  757.5 -90  45  57  -4.688 330.0  30.0
10.695  760.0 -90  45  57  -4.688 330.0  30.0
10.695  762.5 -90  45  57  -4.688 270.0  30.0
10.695  765.0 -90  45  57  -1.563 270.0  30.0
10.695  767.5 -90  45  57  -4.688 270.0  30.0
10.695  770.0 -90  45  57  -1.563 270.0  30.0
10.695  772.5 -90  45  57  -1.563 270.0  30.0
10.695  775.0 -90  45  57  -1.563 270.0  30.0
10.695  777.5 -90  45  57   1.563 270.0  30.0
10.695  780.0 -90  45  57   1.563 270.0  30.0
10.695  782.5 -90  45  57   4.688 270.0  30.0
10.695  785.0 -90  45  57   4.688 270.0  30.0
10.695  787.5 -90  45  57   4.688 330.0  30.0
10.695  790.0 -90  45  57   4.688 330.0  30.0
10.695  792.5 -90  45  57   4.688 270.0  30.0
10.695  795.0 -90  45  60   4.688 330.0  30.0
10.695  797.5 -90  45  60   4.688 270.0  30.0
10.695  800.0 -90  45  60   4.688 270.0  30.0
10.695  802.5 -90  45  60   4.688 270.0  30.0
10.695  805.0 -90  45  60   4.688 270.0  30.0
10.695  807.5 -90  45  60   4.688 330.0  30.0
10.695  810.0 -90  45  60   4.688 330.0  30.0
10.695  812.5 -90  45  60   4.688 270.0  30.0
10.695  815.0 -90  45  60   4.688 270.0  30.0
10.695  817.5 -90  45  60   4.688 270.0  30.0
10.695  820.0 -90  45  60   1.563 270.0  30.0
10.695  822.5 -90  45  60   1.563 270.0  30.0
10.695  825.0 -90  45  60   1.563 270.0  30.0
10.695  827.5 -90  45  60   4.688 270.0  30.0
10.695  830.0 -90  45  60   1.563 270.0  30.0
10.695  832.5 -90  45  60   1.563 270.0  30.0
10.695  835.0 -90  45  60   1.563 270.0  30.0
10.695  837.5 -90  45  60   1.563 270.0  30.0
10.695  840.0 -90  45  60   1.563 270.0  30.0
10.695  842.5 -90  45  60   1.563 270.0  30.0
10.695  845.0 -90  45  60   1.563 270.0  30.0
10.695  847.5 -90  45  60   1.563 270.0  30.0
10.695  850.0 -90  45  60   1.563 270.0  30.0
10.695  852.5 -90  45  60   1.563 270.0  30.0
10.695  855.0 -90  45  60   1.563 270.0  30.0
10.695  857.5 -90  45  60   1.563 270.0  30.0
10.695  860.0 -90  45  60   1.563 270.0  30.0
10.695  862.5 -90  45  60   1.563 270.0  30.0
10.695  865.0 -90  45  57   1.563 270.0  30.0
10.695  867.5 -90  45  57   1.563 270.0  30.0
10.695  870.0 -90  45  57   1.563 270.0  30.0
10.695  872.5 -90  45  54   1.563 270.0  30.0
10.695  875.0 -90  45  54   4.688 330.0  30.0
10.695  877.5 -90  45  54   1.563 330.0  30.0
10.695  880.0 -90  45  54   4.688 270.0  30.0
10.695  882.5 -90  45  57   4.688 270.0  30.0
10.695  885.0 -90  45  54   1.563 270.0  30.0
10.695  887.5 -90  45  54   1.563 270.0  30.0
10.695 1165.0 -90  45  54  10.938 330.0  30.0
10.695 1167.5 -90  45  54  10.938 270.0  30.0
10.695 1170.0 -90  45  54  10.938 330.0  30.0
10.695 1172.5 -90  45  54  10.938 270.0  30.0
10.695 1175.0 -90  45  54  10.938 330.0  30.0
10.695 1177.5 -90  45  54  10.938 270.0  30.0
10.695 1180.0 -90  45  54  10.938 330.0  30.0
10.695 1182.5 -90  45  54   4.688 270.0  30.0
10.695 1185.0 -90  45  57   4.688 270.0  30.0
10.695 1187.5 -90  45  57   4.688 270.0  30.0
10.695 1190.0 -90  45  57   4.688 270.0  30.0
10.695 1192.5 -90  45  57   4.688 270.0  30.0
10.695 1195.0 -90  45  54   4.688 270.0  30.0
10.695 1197.5 -90  45  54   4.688 270.0  30.0
10.695 1200.0 -90  45  54   1.563 270.0  30.0
10.695 1202.5 -90  45  57   1.563 270.0  30.0
10.695 1205.0 -90  45  54  -4.688 270.0  30.0
10.695 1207.5 -90  45  54  -4.688 270.0  30.0
10.695 1210.0 -90  45  57  -4.688 270.0  30.0
10.695 1212.5 -90  45  57  -4.688 270.0  30.0
10.695 1215.0 -90  45  57  -4.688 270.0  30.0
10.695 1217.5 -90  45  57  -4.688 270.0  30.0
10.695 1220.0 -90  45  57   1.563 270.0  30.0
10.695 1222.5 -90  45  60  -4.688 270.0  30.0
10.695 1225.0 -90  45  60  -4.688 270.0  30.0
10.695 1227.5 -90  45  60  -4.688 270.0  30.0
10.695 1230.0 -90  45  60   1.563 270.0  30.0
10.695 1232.5 -90  45  60  -4.688 270.0  30.0
10.695 1235.0 -90  45  60  -4.688 270.0  30.0
10.695 1237.5 -90  45  57  -4.688 270.0  30.0
10.695 1240.0 -90  45  57   1.563 270.0  30.0
10.695 1242.5 -90  45  57  -4.688 270.0  30.0
10.695 1245.0 -90  45  60  -4.688 270.0  30.0
10.695 1247.5 -90  45  60  -1.563 270.0  30.0
10.695 1250.0 -90  45  60  -7.813 270.0  30.0
10.695 1252.5 -90  45  60  -7.813 270.0  30.0
10.695 1255.0 -90  45  57  -1.563 330.0  30.0
10.695 1257.5 -90  45  60  -7.813 270.0  30.0
10.695 1260.0 -90  45  60  10.938 270.0  30.0
10.695 1262.5 -90  45  60   4.688 270.0  30.0
10.695 1265.0 -90  45  60  10.938 270.0  30.0
10.695 1267.5 -90  45  60  10.938 270.0  30.0
10.695 1270.0 -90  45  60  10.938 270.0  30.0
10.695 1272.5 -90  45  60  10.938 270.0  30.0
10.695 1275.0 -90  45  60  10.938 270.0  30.0
10.695 1277.5 -90  45  60  10.938 270.0  30.0
10.695 1280.0 -90  45  60  10.938 270.0  30.0
10.695 1282.5 -90  45  60  10.938 270.0  30.0
10.730  420.0  90  45  54  -7.813 330.0  30.0
10.730  430.0  90  45  54  -4.688 270.0  30.0
10.730  432.5  90  45  54  -4.688 330.0  30.0
10.730  435.0  90  45  54  -1.563 270.0  30.0
10.730  437.5  90  45  54  -4.688 270.0  30.0
10.730  440.0  90  45  57  -1.563 330.0  30.0
10.730  442.5  90  45  54  -1.563 330.0  30.0
10.730  445.0  90  45  54  -4.688 270.0  30.0
10.730  447.5  90  45  54  -4.688 330.0  30.0
10.730  450.0  90  45  54  -1.563 270.0  30.0
10.730  452.5  90  45  54  -1.563 330.0  30.0
10.730  455.0  90  45  54  -4.688 330.0  30.0
10.730  457.5  90  45  54  -4.688 330.0  30.0
10.730  460.0  90  45  54  -1.563 330.0  30.0
10.730  462.5  90  45  54  -4.688 330.0  30.0
10.730  465.0  90  45  54  -4.688 330.0  30.0
10.730  487.5  90  45  54  -7.813 330.0  30.0
10.730  490.0  90  45  54  -7.813 330.0  30.0
10.730  492.5  90  45  54  -7.813 330.0  30.0
10.730  495.0  90  45  54 -10.938 330.0  30.0
10.730  500.0  90  45  54  -7.813 330.0  30.0
10.730  530.0  90  45  54   7.813 330.0  30.0
10.730  540.0  90  45  54   7.813 330.0  30.0
10.730  550.0  90  45  54   4.688 330.0  30.0
10.730  555.0  90  45  54   4.688 330.0  30.0
10.730  557.5  90  45  54   4.688 330.0  30.0
10.730  560.0  90  45  54   4.688 330.0  30.0
10.730  562.5  90  45  54   7.813 270.0  30.0
10.730  565.0  90  45  54   4.688 330.0  30.0
10.730  567.5  90  45  54   4.688 330.0  30.0
10.730  570.0  90  45  54   4.688 330.0  30.0
10.730  572.5  90  45  54   7.813 330.0  30.0
10.730  575.0  90  45  54   4.688 330.0  30.0
10.730  577.5  90  45  54   7.813 330.0  30.0
10.730  582.5  90  45  54   4.688 330.0  30.0
10.730  585.0  90  45  54   4.688 330.0  30.0
10.730  587.5  90  45  54   4.688 330.0  30.0
10.730  590.0  90  45  57   4.688 330.0  30.0
10.730  592.5  90  45  57   4.688 330.0  30.0
10.730  595.0  90  45  57   7.813 270.0  30.0
10.730  597.5  90  45  57   1.563 330.0  30.0
10.730  600.0  90  45  57   7.813  90.0  30.0
10.730  602.5  90  45  57   7.813 270.0  30.0
10.730  605.0  90  45  57   7.813 270.0  30.0
10.730  607.5  90  45  57   4.688 330.0  30.0
10.730  610.0  90  45  57   4.688 330.0  30.0
10.730  612.5  90  45  57   4.688 330.0  30.0
10.730  615.0  90  45  57   4.688 270.0  30.0
10.730  617.5  90  45  57   1.563 270.0  30.0
10.730  620.0  90  45  57   1.563 330.0  30.0
10.730  622.5  90  45  57   1.563 330.0  30.0
10.730  625.0  90  45  57   4.688 270.0  30.0
10.730  627.5  90  45  57   1.563 330.0  30.0
10.730  630.0  90  45  57   1.563 330.0  30.0
10.730  632.5  90  45  57   1.563 330.0  30.0
10.730  635.0  90  45  57   1.563 330.0  30.0
10.730  637.5  90  45  57  -1.563 330.0  30.0
10.730  640.0  90  45  57  -1.563 330.0  30.0
10.730  642.5  90  45  57  -1.563 330.0  30.0
10.730  645.0  90  45  57  -1.563 330.0  30.0
10.730  647.5  90  45  57  -1.563 330.0  30.0
10.730  650.0  90  45  57  -1.563 330.0  30.0
10.730  652.5  90  45  57   1.563 330.0  30.0
10.730  655.0  90  45  57  -1.563 330.0  30.0
10.730  657.5  90  45  57  -4.688 330.0  30.0
10.730  660.0  90  45  54  -4.688 330.0  30.0
10.730  662.5  90  45  57  -4.688 330.0  30.0
10.730  665.0  90  45  54  -1.563 330.0  30.0
10.730  667.5  90  45  57  -4.688 330.0  30.0
10.730  670.0  90  45  57  -4.688 330.0  30.0
10.730  672.5  90  45  57  -4.688 330.0  30.0
10.730  675.0  90  45  57  -7.813 330.0  30.0
10.730  677.5  90  45  57  10.938 330.0  30.0
10.730  680.0  90  45  57 -10.938 330.0  30.0
10.730  682.5  90  45  57  10.938 330.0  30.0
10.730  685.0  90  45  57  10.938 330.0  30.0
10.730  687.5  90  45  57  10.938 330.0  30.0
10.730  690.0  90  45  57  10.938 330.0  30.0
10.730  692.5  90  45  57  10.938 330.0  30.0
10.730  695.0  90  45  57  10.938 330.0  30.0
10.730  697.5  90  45  57  10.938 330.0  30.0
10.730  700.0  90  45  57  10.938 330.0  30.0
10.730  702.5  90  45  57  10.938 330.0  30.0
10.730  705.0  90  45  57 -10.938 330.0  30.0
10.730  707.5  90  45  57  10.938 330.0  30.0
10.730  710.0  90  45  57  10.938 330.0  30.0
10.730  712.5  90  45  57 -10.938 330.0  30.0
10.730  715.0  90  45  57  10.938 330.0  30.0
10.730  717.5  90  45  57  10.938 330.0  30.0
10.730  720.0  90  45  57  10.938 330.0  30.0
10.730  722.5  90  45  57  10.938 330.0  30.0
10.730  725.0  90  45  54  10.938 330.0  30.0
10.730  727.5  90  45  54   7.813 330.0  30.0
10.730  730.0  90  45  54  10.938 330.0  30.0
10.730  732.5  90  45  54  10.938 330.0  30.0
10.730  735.0  90  45  54  10.938 330.0  30.0
10.730  740.0  90  45  54  10.938 330.0  30.0
10.730  795.0  90  45  54   4.688 330.0  30.0
10.730  802.5  90  45  54   4.688 330.0  30.0
10.730  812.5  90  45  54   4.688 330.0  30.0
10.730  815.0  90  45  54   1.563 330.0  30.0
10.730  817.5  90  45  54   4.688 330.0  30.0
10.730  820.0  90  45  54   1.563 330.0  30.0
10.730  822.5  90  45  54   4.688 330.0  30.0
10.730  825.0  90  45  54   1.563 330.0  30.0
10.730  827.5  90  45  54  -1.563 330.0  30.0
10.730  830.0  90  45  54  -1.563 330.0  30.0
10.730  832.5  90  45  57  -4.688 330.0  30.0
10.730  835.0  90  45  57  -1.563 330.0  30.0
10.730  837.5  90  45  54  -1.563 330.0  30.0
10.730  840.0  90  45  54   1.563 330.0  30.0
10.730  842.5  90  45  54  -1.563 330.0  30.0
10.730  845.0  90  45  54   1.563 270.0  30.0
10.730  847.5  90  45  57   1.563 330.0  30.0
10.730  850.0  90  45  54   1.563 330.0  30.0
10.730  852.5  90  45  54   1.563 330.0  30.0
10.730  855.0  90  45  54   1.563 330.0  30.0
10.730  857.5  90  45  54   1.563 330.0  30.0
10.730  860.0  90  45  54   1.563 330.0  30.0
10.730  862.5  90  45  54   1.563 330.0  30.0
10.730  870.0  90  45  54   1.563 270.0  30.0
10.730  875.0  90  45  54   1.563 270.0  30.0
10.730   80.0 -90  42  54  -4.688 270.0  30.0
10.730   82.5 -90  42  57  -1.563 270.0  30.0
10.730   85.0 -90  42  57  -1.563 270.0  30.0
10.730   87.5 -90  42  57  -4.688 270.0  30.0
10.730   90.0 -90  42  57  -4.688 270.0  30.0
10.730   92.5 -90  42  57  -1.563 270.0  30.0
10.730   95.0 -90  42  57  -4.688 270.0  30.0
10.730   97.5 -90  42  57  -1.563 270.0  30.0
10.730  100.0 -90  42  54  -4.688 270.0  30.0
10.730  102.5 -90  42  54  -1.563 270.0  30.0
10.730  105.0 -90  42  57   1.563 270.0  30.0
10.730  107.5 -90  42  54  -1.563 270.0  30.0
10.730  110.0 -90  42  54  -1.563 330.0  30.0
10.730  112.5 -90  42  54   1.563 270.0  30.0
10.730  115.0 -90  42  51   1.563 270.0  30.0
10.730  117.5 -90  42  51   4.688 270.0  30.0
10.730  120.0 -90  42  51   4.688 270.0  30.0
10.730  122.5 -90  42  54   4.688 270.0  30.0
10.730  125.0 -90  42  51   4.688 270.0  30.0
10.730  127.5 -90  42  51   7.813 270.0  30.0
10.730  130.0 -90  42  51   1.563 270.0  30.0
10.730  132.5 -90  42  51   4.688 270.0  30.0
10.730  135.0 -90  42  51   4.688 270.0  30.0
10.730  137.5 -90  42  51   4.688 330.0  30.0
10.730  140.0 -90  42  51   1.563 210.0  30.0
10.730  410.0 -90  42  51  -1.563 270.0  30.0
10.730  412.5 -90  42  51  -4.688 270.0  30.0
10.730  415.0 -90  42  51  -7.813 210.0  30.0
10.730  417.5 -90  42  51  -4.688 270.0  30.0
10.730  420.0 -90  42  51  10.938 270.0  30.0
10.730  422.5 -90  42  51  10.938 330.0  30.0
10.730  425.0 -90  42  51 -10.938 270.0  30.0
10.730  427.5 -90  42  51  -7.813 210.0  30.0
10.730  430.0 -90  42  51   1.563 270.0  30.0
10.730  432.5 -90  42  51 -10.938 270.0  30.0
10.730  435.0 -90  42  51   1.563 270.0  30.0
10.730  437.5 -90  42  51  -4.688 270.0  30.0
10.730  440.0 -90  42  54  -4.688 330.0  30.0
10.730  442.5 -90  42  51   1.563 270.0  30.0
10.730  445.0 -90  42  51  -4.688 330.0  30.0
10.730  447.5 -90  42  51   1.563 270.0  30.0
10.730  450.0 -90  42  51  -4.688 270.0  30.0
10.730  452.5 -90  42  51  -4.688 270.0  30.0
10.730  455.0 -90  42  51   1.563 270.0  30.0
10.730  457.5 -90  42  51  -4.688 270.0  30.0
10.730  460.0 -90  42  51   1.563 270.0  30.0
10.730  530.0 -90  42  51  10.938 270.0  30.0
10.730  537.5 -90  42  51  10.938 270.0  30.0
10.730  540.0 -90  42  51   4.688 270.0  30.0
10.730  542.5 -90  42  51   4.688 330.0  30.0
10.730  547.5 -90  42  51  10.938 270.0  30.0
10.730  555.0 -90  42  51   4.688 330.0  30.0
10.730  557.5 -90  42  51   4.688 270.0  30.0
10.730  560.0 -90  42  51   4.688 270.0  30.0
10.730  562.5 -90  42  51  -1.563 210.0  30.0
10.730  565.0 -90  42  51   1.563 330.0  30.0
10.730  567.5 -90  42  51  10.938 270.0  30.0
10.730  570.0 -90  42  51   1.563 330.0  30.0
10.730  572.5 -90  42  51   1.563 330.0  30.0
10.730  575.0 -90  42  51   4.688 210.0  30.0
10.730  577.5 -90  42  51   4.688 270.0  30.0
10.730  580.0 -90  42  51  -1.563 330.0  30.0
10.730  582.5 -90  42  51   4.688 210.0  30.0
10.730  585.0 -90  42  51   4.688 270.0  30.0
10.730  587.5 -90  42  51   4.688 210.0  30.0
10.730  590.0 -90  42  54   4.688 270.0  30.0
10.730  592.5 -90  42  54   4.688 210.0  30.0
10.730  595.0 -90  42  54   4.688 270.0  30.0
10.730  597.5 -90  42  54   4.688 270.0  30.0
10.730  600.0 -90  42  54   4.688 270.0  30.0
10.730  602.5 -90  42  54   4.688 270.0  30.0
10.730  605.0 -90  42  54  10.938 270.0  30.0
10.730  607.5 -90  42  51   4.688 270.0  30.0
10.730  610.0 -90  42  54   4.688 270.0  30.0
10.730  612.5 -90  42  54   4.688 330.0  30.0
10.730  615.0 -90  42  54   4.688 270.0  30.0
10.730  617.5 -90  42  54   4.688 330.0  30.0
10.730  620.0 -90  42  54   1.563 270.0  30.0
10.730  622.5 -90  42  54  -4.688 270.0  30.0
10.730  625.0 -90  42  54   1.563 270.0  30.0
10.730  627.5 -90  42  51   1.563 270.0  30.0
10.730  630.0 -90  42  54  -4.688 270.0  30.0
10.730  632.5 -90  42  54   1.563 270.0  30.0
10.730  635.0 -90  42  54   1.563 270.0  30.0
10.730  637.5 -90  42  51  -4.688 270.0  30.0
10.730  640.0 -90  42  51  -4.688 270.0  30.0
10.730  642.5 -90  42  51   1.563 330.0  30.0
10.730  645.0 -90  42  51   1.563 270.0  30.0
10.730  647.5 -90  42  51   1.563 270.0  30.0
10.730  650.0 -90  42  51  -4.688 270.0  30.0
10.730  652.5 -90  42  54  -4.688 270.0  30.0
10.730  655.0 -90  42  51  -4.688 270.0  30.0
10.730  657.5 -90  42  54  -4.688 270.0  30.0
10.730  660.0 -90  42  54  -4.688 270.0  30.0
10.730  662.5 -90  42  54  -4.688 270.0  30.0
10.730  665.0 -90  42  51  -4.688 270.0  30.0
10.730  667.5 -90  42  51  -4.688 270.0  30.0
10.730  670.0 -90  42  51  -4.688 330.0  30.0
10.730  672.5 -90  42  51  -4.688 270.0  30.0
10.730  675.0 -90  42  51  -4.688 270.0  30.0
10.730  680.0 -90  42  51   4.688 270.0  30.0
10.730  682.5 -90  42  51   4.688 270.0  30.0
10.730  685.0 -90  42  51  10.938 270.0  30.0
10.730  687.5 -90  42  51  10.938 270.0  30.0
10.730  690.0 -90  42  54  10.938 270.0  30.0
10.730  692.5 -90  42  54  10.938 270.0  30.0
10.730  695.0 -90  42  54  10.938 270.0  30.0
10.730  697.5 -90  42  54  10.938 270.0  30.0
10.730  700.0 -90  42  54  10.938 270.0  30.0
10.730  702.5 -90  42  54  10.938 270.0  30.0
10.730  705.0 -90  42  54  10.938 270.0  30.0
10.730  707.5 -90  42  54  10.938 270.0  30.0
10.730  710.0 -90  42  54  10.938 270.0  30.0
10.730  712.5 -90  42  54  10.938 270.0  30.0
10.730  715.0 -90  42  54  10.938 270.0  30.0
10.730  717.5 -90  42  54  10.938 270.0  30.0
10.730  720.0 -90  42  54  10.938 270.0  30.0
10.730  722.5 -90  42  51  10.938 270.0  30.0
10.730  725.0 -90  42  54  10.938 270.0  30.0
10.730  727.5 -90  42  51  -7.813 270.0  30.0
10.730  730.0 -90  42  51 -10.938 270.0  30.0
10.730  732.5 -90  42  51  -7.813 270.0  30.0
10.730  735.0 -90  42  51  10.938 270.0  30.0
10.730  737.5 -90  42  51  10.938 330.0  30.0
10.730  740.0 -90  42  51  -1.563 330.0  30.0
10.730  742.5 -90  42  51  10.938 270.0  30.0
10.730  745.0 -90  42  51  -7.813 270.0  30.0
10.730  747.5 -90  42  51   4.688 270.0  30.0
10.730  765.0 -90  42  51   4.688 330.0  30.0
10.730  767.5 -90  42  51   4.688 270.0  30.0
10.730  770.0 -90  42  51   4.688 270.0  30.0
10.730  772.5 -90  42  51   4.688 330.0  30.0
10.730  775.0 -90  42  51   4.688 270.0  30.0
10.730  777.5 -90  42  51   4.688 330.0  30.0
10.730  780.0 -90  42  51   4.688 270.0  30.0
10.730  782.5 -90  42  51   4.688 330.0  30.0
10.730  785.0 -90  42  51   4.688 330.0  30.0
10.730  787.5 -90  42  51   4.688 330.0  30.0
10.730  790.0 -90  42  51   4.688 330.0  30.0
10.730  792.5 -90  42  51   4.688 270.0  30.0
10.730  795.0 -90  42  51   4.688 270.0  30.0
10.730  797.5 -90  42  51   4.688 270.0  30.0
10.730  800.0 -90  42  51   4.688 270.0  30.0
10.730  802.5 -90  42  51   4.688 270.0  30.0
10.730  805.0 -90  42  51  10.938 330.0  30.0
10.730  807.5 -90  42  51   4.688 270.0  30.0
10.730  810.0 -90  42  54   4.688 330.0  30.0
10.730  812.5 -90  42  51  10.938 270.0  30.0
10.730  815.0 -90  42  54  10.938 270.0  30.0
10.730  817.5 -90  42  54   1.563 330.0  30.0
10.730  820.0 -90  42  54   1.563 270.0  30.0
10.730  822.5 -90  42  54   1.563 330.0  30.0
10.730  825.0 -90  42  54   1.563 330.0  30.0
10.730  827.5 -90  42  54   1.563 330.0  30.0
10.730  830.0 -90  42  51  -4.688 270.0  30.0
10.730  832.5 -90  42  54   1.563 330.0  30.0
10.730  835.0 -90  42  54   1.563 330.0  30.0
10.730  837.5 -90  42  54   1.563 270.0  30.0
10.730  840.0 -90  42  54   1.563 330.0  30.0
10.730  842.5 -90  42  54  -4.688 270.0  30.0
10.730  845.0 -90  42  51   1.563 330.0  30.0
10.730  847.5 -90  42  51  -4.688 270.0  30.0
10.730  850.0 -90  42  54   1.563 270.0  30.0
10.730  852.5 -90  42  51   1.563 270.0  30.0
10.730  857.5 -90  42  51   1.563 330.0  30.0
10.730 1150.0 -90  42  51 -10.938 270.0  30.0
10.730 1152.5 -90  42  51  -7.813 270.0  30.0
10.730 1155.0 -90  42  51 -10.938 270.0  30.0
10.730 1157.5 -90  42  51  -7.813 330.0  30.0
10.730 1160.0 -90  42  54  -7.813 270.0  30.0
10.730 1162.5 -90  42  54 -10.938 270.0  30.0
10.730 1165.0 -90  42  54  -7.813 270.0  30.0
10.730 1167.5 -90  42  54  10.938 270.0  30.0
10.730 1170.0 -90  42  54 -10.938 270.0  30.0
10.730 1172.5 -90  42  54 -10.938 270.0  30.0
10.730 1175.0 -90  42  54 -10.938 270.0  30.0
10.730 1177.5 -90  42  54  -4.688 270.0  30.0
10.730 1180.0 -90  42  54  -4.688 270.0  30.0
10.730 1182.5 -90  42  57  -7.813 270.0  30.0
10.730 1185.0 -90  42  57  -4.688 270.0  30.0
10.730 1187.5 -90  42  57  -4.688 270.0  30.0
10.730 1190.0 -90  42  57  -4.688 270.0  30.0
10.730 1192.5 -90  42  57  -4.688 330.0  30.0
10.730 1195.0 -90  42  57  -4.688 270.0  30.0
10.730 1197.5 -90  42  57  -1.563 270.0  30.0
10.730 1200.0 -90  42  57  -4.688 270.0  30.0
10.730 1202.5 -90  42  57  -4.688 270.0  30.0
10.730 1205.0 -90  42  57  -4.688 270.0  30.0
10.730 1207.5 -90  42  54  -1.563 270.0  30.0
10.730 1210.0 -90  42  57  -4.688 270.0  30.0
10.730 1212.5 -90  42  54  -4.688 270.0  30.0
10.730 1215.0 -90  42  54  -4.688 270.0  30.0
10.730 1217.5 -90  42  54  -4.688 270.0  30.0
10.730 1220.0 -90  42  54  -7.813 270.0  30.0
10.730 1222.5 -90  42  54  -4.688 330.0  30.0
10.730 1225.0 -90  42  54  -4.688 270.0  30.0
10.730 1227.5 -90  42  54  -7.813 270.0  30.0
10.730 1230.0 -90  42  54  -4.688 270.0  30.0
10.730 1232.5 -90  42  54 -10.938 270.0  30.0
10.730 1235.0 -90  42  54  -4.688 270.0  30.0
10.730 1237.5 -90  42  51  -7.813 270.0  30.0
10.730 1240.0 -90  42  54  -7.813 270.0  30.0
10.730 1242.5 -90  42  54  -7.813 270.0  30.0
10.730 1245.0 -90  42  54  -7.813 270.0  30.0
10.730 1247.5 -90  42  54  -7.813 270.0  30.0
10.730 1250.0 -90  42  54  -7.813 270.0  30.0
10.730 1252.5 -90  42  54  -7.813 270.0  30.0
10.730 1255.0 -90  42  54 -10.938 270.0  30.0
10.730 1257.5 -90  42  54  -4.688 270.0  30.0
10.730 1260.0 -90  42  54  -7.813 270.0  30.0
10.730 1262.5 -90  42  54 -10.938 270.0  30.0
10.730 1265.0 -90  42  51 -10.938 270.0  30.0
10.730 1267.5 -90  42  54  -7.813 210.0  30.0
10.730 1270.0 -90  42  51 -10.938 270.0  30.0
10.730 1272.5 -90  42  54  10.938 270.0  30.0
10.730 1275.0 -90  42  54 -10.938 270.0  30.0
10.730 1277.5 -90  42  54   7.813 270.0  30.0
10.730 1280.0 -90  42  54   7.813 270.0  30.0
10.730 1282.5 -90  42  54  10.938 270.0  30.0
11.010   80.0 -90  45  54   1.563 330.0  30.0
11.010   85.0 -90  45  54   1.563 330.0  30.0
11.045   80.0 -90  45  57  -1.563 330.0  30.0
11.045   82.5 -90  45  57  10.938 330.0  30.0
11.045   85.0 -90  45  57  10.938 330.0  30.0
11.045   87.5 -90  45  57  10.938 330.0  30.0
11.045   90.0 -90  45  57  -1.563 330.0  30.0
11.045   92.5 -90  45  57  10.938 330.0  30.0
11.045   95.0 -90  45  57  -1.563 330.0  30.0
11.045   97.5 -90  45  57  10.938 330.0  30.0
11.045  100.0 -90  45  57  -1.563 330.0  30.0
11.045  102.5 -90  45  57  10.938 330.0  30.0
11.045  105.0 -90  45  57  -1.563 330.0  30.0
11.045  107.5 -90  45  57  10.938 330.0  30.0
11.045  110.0 -90  45  57  10.938 330.0  30.0
11.045  112.5 -90  45  54  10.938 330.0  30.0
11.045  115.0 -90  45  57  -1.563 330.0  30.0
11.045  117.5 -90  45  57  10.938 330.0  30.0
11.045  120.0 -90  45  54  -1.563 330.0  30.0
11.045  122.5 -90  45  57  10.938 330.0  30.0
11.045  125.0 -90  45  54  10.938 330.0  30.0
11.045  127.5 -90  45  54  10.938 330.0  30.0
11.045  130.0 -90  45  54  10.938 330.0  30.0
11.045  132.5 -90  45  57  10.938 330.0  30.0
11.045  135.0 -90  45  54  10.938 330.0  30.0
11.045  137.5 -90  45  54  10.938 330.0  30.0
11.045  140.0 -90  45  54  10.938 330.0  30.0
11.045  142.5 -90  45  54  10.938 330.0  30.0
11.045  145.0 -90  45  54  10.938 330.0  30.0
11.045  147.5 -90  45  54  10.938 330.0  30.0
11.045  150.0 -90  45  54 -10.938 330.0  30.0
11.045  152.5 -90  45  54  10.938 330.0  30.0
11.045  160.0 -90  45  54  10.938 330.0  30.0
11.045  162.5 -90  45  54  10.938 330.0  30.0
11.045  165.0 -90  45  54  10.938 330.0  30.0
11.045  170.0 -90  45  54  -1.563 330.0  30.0
11.045  187.5 -90  45  54  10.938 330.0  30.0
11.150  127.5  90  42  51  -4.688 330.0  30.0
11.220   80.0  90  42  51   4.688 210.0  30.0
11.255  222.5  90  42  51  -1.563 330.0  30.0
11.570 1260.0  90  45  54  -7.813 270.0  30.0
11.570 1262.5  90  45  54  -7.813 270.0  30.0
11.570 1270.0  90  45  54  -4.688 270.0  30.0
11.710 1200.0 -90  51  60 -10.938 150.0  30.0
11.815   80.0  90  54  66  10.938  30.0  30.0
11.815   82.5  90  54  66  10.938  30.0  30.0
11.815   85.0  90  54  66  10.938  30.0  30.0
11.815   87.5  90  54  66  10.938  30.0  30.0
11.815   90.0  90  54  66  10.938  30.0  30.0
11.815   92.5  90  54  66  10.938  30.0  30.0
11.815   95.0  90  54  66   7.813  30.0  30.0
11.815   97.5  90  54  66   7.813  30.0  30.0
11.815  100.0  90  54  66   7.813  30.0  30.0
11.815  102.5  90  54  66  10.938  30.0  30.0
11.815  105.0  90  54  66   7.813  30.0  30.0
11.815  107.5  90  54  63  10.938  30.0  30.0
11.815  110.0  90  54  66   7.813  30.0  30.0
11.815  112.5  90  54  66   7.813  30.0  30.0
11.815  115.0  90  54  66   7.813  30.0  30.0
11.815  117.5  90  54  66   7.813  30.0  30.0
11.815  120.0  90  54  63   7.813  30.0  30.0
11.815  122.5  90  54  63   7.813  30.0  30.0
11.815  125.0  90  54  63   7.813  30.0  30.0
11.815  127.5  90  54  63   7.813  30.0  30.0
11.815  130.0  90  54  63   7.813  30.0  30.0
11.815  132.5  90  54  63   7.813  30.0  30.0
11.815  135.0  90  54  63   7.813  30.0  30.0
11.815  137.5  90  54  63   7.813  30.0  30.0
11.815  140.0  90  54  63   7.813  30.0  30.0
11.815  142.5  90  54  63   7.813  30.0  30.0
11.815  145.0  90  54  63   7.813  30.0  30.0
11.815  147.5  90  54  63  10.938  30.0  30.0
11.815  150.0  90  54  63   7.813  30.0  30.0
11.815  152.5  90  54  63   7.813  30.0  30.0
11.815  155.0  90  54  63   7.813  30.0  30.0
11.815  157.5  90  54  63  10.938  30.0  30.0
11.815  160.0  90  54  63   7.813  30.0  30.0
11.815  162.5  90  54  63   7.813  30.0  30.0
11.815  165.0  90  54  63   7.813  30.0  30.0
11.815  167.5  90  54  63   7.813  30.0  30.0
11.815  170.0  90  54  63   7.813  30.0  30.0
11.815  172.5  90  54  63   7.813  30.0  30.0
11.815  175.0  90  54  63   7.813  30.0  30.0
11.815  177.5  90  54  63  10.938  30.0  30.0
11.815  180.0  90  54  63  10.938  30.0  30.0
11.815 1082.5  90  54  63  -7.813  30.0  30.0
11.815 1085.0  90  54  63 -10.938  30.0  30.0
11.815 1087.5  90  54  63 -10.938  30.0  30.0
11.815 1220.0  90  54  63   7.813  30.0  30.0
11.815 1230.0  90  54  63  -7.813  30.0  30.0
11.815 1232.5  90  54  63  -7.813  30.0  30.0
11.815 1235.0  90  54  63  -7.813  30.0  30.0
11.815 1237.5  90  54  63  -7.813  30.0  30.0
11.815 1240.0  90  54  63  -7.813  30.0  30.0
11.815 1242.5  90  54  63  -7.813  30.0  30.0
11.815 1245.0  90  54  63  -7.813  30.0  30.0
11.815 1247.5  90  54  63  -7.813  30.0  30.0
11.815 1250.0  90  54  63  -7.813  30.0  30.0
11.815 1252.5  90  54  63  -7.813  30.0  30.0
11.815 1255.0  90  54  63  -7.813  30.0  30.0
11.815 1257.5  90  54  63  -7.813  30.0  30.0
11.815 1260.0  90  54  63  -7.813  30.0  30.0
11.815 1262.5  90  54  63  -7.813  30.0  30.0
11.815 1265.0  90  54  63  -7.813  30.0  30.0
11.815 1267.5  90  54  63  -7.813  30.0  30.0
11.815 1270.0  90  54  63   7.813  30.0  30.0
11.815 1272.5  90  54  63  -7.813  30.0  30.0
11.815 1275.0  90  54  63  -7.813  30.0  30.0
11.815 1277.5  90  54  63  -7.813  30.0  30.0
11.815 1280.0  90  54  63  -7.813  30.0  30.0
11.815 1282.5  90  54  63  -7.813  30.0  30.0
12.200  210.0  90  54  63  -7.813  30.0  30.0
12.200  212.5  90  54  63  -7.813  30.0  30.0
12.200  225.0  90  54  63  -7.813  30.0  30.0
12.200  227.5  90  54  63  -7.813  30.0  30.0
12.200  242.5  90  54  63  -7.813  30.0  30.0
12.200  255.0  90  54  63  -7.813  30.0  30.0
12.200  257.5  90  54  63  -7.813  30.0  30.0
12.200  272.5  90  54  63  -7.813  30.0  30.0
12.200  287.5  90  54  63  -7.813  30.0  30.0
12.970  195.0  90  63  72  -7.813  30.0  30.0
12.970  210.0  90  63  72  -7.813  30.0  30.0
12.970  225.0  90  63  72  -7.813  30.0  30.0
12.970  300.0  90  63  72  -7.813  30.0  30.0
12.970  302.5  90  63  72  -7.813  30.0  30.0
12.970  317.5  90  63  72  -7.813  30.0  30.0
12.970  332.5  90  63  72  -7.813  30.0  30.0
12.970  335.0  90  63  72  -7.813  30.0  30.0
12.970  165.0 -90  57  66  -7.813  30.0  30.0
12.970  180.0 -90  57  66  -7.813  30.0  30.0
12.970  195.0 -90  57  66  -7.813  30.0  30.0
12.970  210.0 -90  57  66  -7.813  30.0  30.0
12.970  212.5 -90  57  66  -7.813  30.0  30.0
12.970  225.0 -90  57  66  -7.813  30.0  30.0
12.970  240.0 -90  57  66  -7.813  30.0  30.0
12.970  242.5 -90  57  66  -7.813  30.0  30.0
12.970  255.0 -90  57  66  -7.813  30.0  30.0
12.970  257.5 -90  57  66  -7.813  30.0  30.0
12.970  270.0 -90  57  66  -7.813  30.0  30.0
12.970  272.5 -90  57  66  -7.813  30.0  30.0
12.970  285.0 -90  57  66  -7.813  30.0  30.0
12.970  287.5 -90  57  66  -7.813  30.0  30.0
12.970  300.0 -90  57  66  -7.813  30.0  30.0
12.970  302.5 -90  57  66  -7.813  30.0  30.0
12.970  315.0 -90  57  66  -7.813  30.0  30.0
12.970  317.5 -90  57  66  -7.813  30.0  30.0
12.970  332.5 -90  57  66  -7.813  30.0  30.0
12.970  335.0 -90  57  66  -7.813  30.0  30.0
13.180  405.0 -90  45  54  10.938 330.0  30.0
13.180  410.0 -90  45  54  10.938 210.0  30.0
13.670 1207.5  90  42  51  -7.813 270.0  30.0
13.670 1210.0  90  42  51  -7.813  90.0  30.0
13.670 1212.5  90  42  51  -7.813  90.0  30.0
13.670 1215.0  90  42  51  -7.813  90.0  30.0
13.670 1217.5  90  42  51  -7.813  90.0  30.0
13.670 1220.0  90  42  51  -7.813  90.0  30.0
13.670 1222.5  90  42  51  -7.813  90.0  30.0
13.670 1225.0  90  42  54  -7.813  90.0  30.0
13.670 1227.5  90  42  51 -10.938  90.0  30.0
13.670 1230.0  90  42  54 -10.938  90.0  30.0
13.670 1232.5  90  42  54 -10.938 270.0  30.0
13.670 1235.0  90  42  51 -10.938 270.0  30.0
13.670 1237.5  90  42  51  -7.813 270.0  30.0
13.670 1240.0  90  42  51 -10.938 330.0  30.0
13.670 1242.5  90  42  51  -7.813 270.0  30.0
13.670 1245.0  90  42  51  -7.813 330.0  30.0
13.670 1247.5  90  42  51 -10.938 330.0  30.0
13.670 1250.0  90  42  51 -10.938 270.0  30.0
13.670 1252.5  90  42  51 -10.938 330.0  30.0
13.670 1255.0  90  42  51  10.938 270.0  30.0
13.670 1257.5  90  42  51 -10.938 330.0  30.0
13.670 1260.0  90  42  51  10.938 330.0  30.0
13.670 1262.5  90  42  51 -10.938 330.0  30.0
13.670 1265.0  90  42  51  10.938 270.0  30.0
13.670 1267.5  90  42  51  10.938 330.0  30.0
13.670 1270.0  90  42  51  10.938  90.0  30.0
13.670 1272.5  90  42  51  10.938 270.0  30.0
13.670 1275.0  90  42  51   7.813 270.0  30.0
13.670 1277.5  90  42  51  10.938 270.0  30.0
13.670 1280.0  90  42  51  10.938 270.0  30.0
13.670 1282.5  90  42  51   7.813  90.0  30.0
13.670  497.5 -90  45  54  -7.813  90.0  30.0
13.670  500.0 -90  45  54  -7.813  90.0  30.0
13.670  502.5 -90  45  54 -10.938  90.0  30.0
13.670  505.0 -90  45  54 -10.938  90.0  30.0
13.670  507.5 -90  45  54 -10.938  90.0  30.0
13.670  510.0 -90  45  54 -10.938 150.0  30.0
13.670  512.5 -90  45  54  10.938  90.0  30.0
13.670  515.0 -90  45  54  10.938  90.0  30.0
13.670  517.5 -90  45  54  10.938  90.0  30.0
13.670  520.0 -90  45  54  10.938  90.0  30.0
13.670  522.5 -90  45  54  10.938  90.0  30.0
13.670  525.0 -90  45  54 -10.938  90.0  30.0
13.670  527.5 -90  45  54 -10.938  90.0  30.0
13.670  532.5 -90  45  54 -10.938  90.0  30.0
13.670  535.0 -90  45  54  10.938  90.0  30.0
13.670  537.5 -90  45  54  10.938 210.0  30.0
13.670  540.0 -90  45  54  10.938  90.0  30.0
13.670  542.5 -90  45  54   7.813  90.0  30.0
13.670  545.0 -90  45  54  10.938  90.0  30.0
13.670  547.5 -90  45  54  10.938  90.0  30.0
13.670  550.0 -90  45  54  10.938  90.0  30.0
13.670  552.5 -90  45  54   7.813  90.0  30.0
13.670  557.5 -90  45  54   7.813  90.0  30.0
13.670  560.0 -90  45  54   4.688  90.0  30.0
13.670  562.5 -90  45  54   1.563  90.0  30.0
13.670  565.0 -90  45  54   1.563  90.0  30.0
13.670  567.5 -90  45  54   1.563  90.0  30.0
13.670  570.0 -90  45  54   1.563  90.0  30.0
13.670  572.5 -90  45  54   1.563  90.0  30.0
13.670  575.0 -90  45  54   1.563  90.0  30.0
13.670  577.5 -90  45  57   1.563  90.0  30.0
13.670  580.0 -90  45  57   1.563  90.0  30.0
13.670  582.5 -90  45  57   1.563  90.0  30.0
13.670  585.0 -90  45  57   1.563  90.0  30.0
13.670  587.5 -90  45  54   1.563  90.0  30.0
13.670  590.0 -90  45  57   1.563  90.0  30.0
13.670  592.5 -90  45  57   1.563  90.0  30.0
13.670  595.0 -90  45  57   1.563  90.0  30.0
13.670  597.5 -90  45  57   1.563  90.0  30.0
13.670  600.0 -90  45  57   1.563  90.0  30.0
13.670  602.5 -90  45  57   1.563  90.0  30.0
13.670  605.0 -90  45  57   4.688  90.0  30.0
13.670  607.5 -90  45  54   4.688  90.0  30.0
13.670  610.0 -90  45  57   4.688  90.0  30.0
13.670  612.5 -90  45  54   7.813  90.0  30.0
13.670  615.0 -90  45  54   7.813  90.0  30.0
13.670  617.5 -90  45  54   7.813  90.0  30.0
13.670  620.0 -90  45  54   7.813  90.0  30.0
13.670  622.5 -90  45  54   7.813  90.0  30.0
13.670  625.0 -90  45  54   7.813  90.0  30.0
13.670  627.5 -90  45  54   7.813  90.0  30.0
13.670  630.0 -90  45  54   7.813  90.0  30.0
13.670  632.5 -90  45  54   7.813  90.0  30.0
13.670  635.0 -90  45  54   7.813  90.0  30.0
13.670  637.5 -90  45  54   7.813  90.0  30.0
13.670  640.0 -90  45  54   7.813  90.0  30.0
13.670  642.5 -90  45  54   7.813  90.0  30.0
13.670  645.0 -90  45  54   7.813  90.0  30.0
13.740   80.0  90  60  69  -7.813 270.0  30.0
13.740   87.5  90  60  69 -10.938 270.0  30.0
13.740   90.0  90  60  69 -10.938 270.0  30.0
13.740   92.5  90  60  69  -7.813 270.0  30.0
13.740   95.0  90  60  69  -7.813 270.0  30.0
13.740   97.5  90  60  69 -10.938 270.0  30.0
13.740  100.0  90  60  69 -10.938 270.0  30.0
13.740  102.5  90  60  69  -7.813 270.0  30.0
13.740  105.0  90  60  69  -7.813  90.0  30.0
13.740  107.5  90  60  69 -10.938 270.0  30.0
13.740  110.0  90  60  69  -7.813 270.0  30.0
13.740  112.5  90  60  69  -7.813 330.0  30.0
13.740  115.0  90  60  69  -7.813  90.0  30.0
13.740  117.5  90  60  69  -7.813 270.0  30.0
13.740  120.0  90  60  69  -7.813 270.0  30.0
13.740  122.5  90  60  72  -7.813 330.0  30.0
13.740  125.0  90  60  69  -4.688 330.0  30.0
13.740  127.5  90  60  69  -7.813 270.0  30.0
13.740  130.0  90  60  72  -7.813 270.0  30.0
13.740  132.5  90  60  72  -7.813 330.0  30.0
13.740  135.0  90  60  72  -7.813  90.0  30.0
13.740  137.5  90  60  69  -7.813 330.0  30.0
13.740  140.0  90  60  72  -7.813 270.0  30.0
13.740  142.5  90  60  72  -7.813 270.0  30.0
13.740  145.0  90  60  72  -7.813 330.0  30.0
13.740  147.5  90  60  72  -7.813  90.0  30.0
13.740  150.0  90  60  72  -7.813 270.0  30.0
13.740  152.5  90  60  72 -10.938 270.0  30.0
13.740  155.0  90  60  72  -7.813 330.0  30.0
13.740  157.5  90  60  72  -7.813 330.0  30.0
13.740  160.0  90  60  72  -7.813 330.0  30.0
13.740  162.5  90  60  72 -10.938 330.0  30.0
13.740  165.0  90  60  72 -10.938 330.0  30.0
13.740  167.5  90  60  72 -10.938 330.0  30.0
13.740  170.0  90  60  72 -10.938 330.0  30.0
13.740  172.5  90  60  72  10.938 330.0  30.0
13.740  175.0  90  60  72 -10.938 270.0  30.0
13.740  177.5  90  60  72 -10.938 330.0  30.0
13.740  180.0  90  60  72 -10.938 330.0  30.0
13.740  182.5  90  60  72  10.938 270.0  30.0
13.740  185.0  90  60  72 -10.938 270.0  30.0
13.740  187.5  90  60  72 -10.938 330.0  30.0
13.740  190.0  90  60  72 -10.938 330.0  30.0
13.740  192.5  90  60  69  10.938 270.0  30.0
13.740  195.0  90  60  72  10.938 270.0  30.0
13.740  197.5  90  60  72  10.938 330.0  30.0
13.740  200.0  90  60  72  10.938 330.0  30.0
13.740  202.5  90  60  69  10.938 270.0  30.0
13.740  205.0  90  60  69   7.813 270.0  30.0
13.740  207.5  90  60  69   7.813 330.0  30.0
13.740  210.0  90  60  69  10.938 270.0  30.0
13.740  212.5  90  60  69  10.938 270.0  30.0
13.740  215.0  90  60  69   7.813 270.0  30.0
13.740  217.5  90  60  69   7.813 330.0  30.0
13.740  220.0  90  60  69   4.688 270.0  30.0
13.740  222.5  90  60  69   4.688 270.0  30.0
13.740  225.0  90  60  69   4.688 330.0  30.0
13.740  227.5  90  60  69   4.688 330.0  30.0
13.740  230.0  90  60  69   4.688 330.0  30.0
13.740  232.5  90  60  69   4.688 330.0  30.0
13.740  235.0  90  60  69   1.563 330.0  30.0
13.740  237.5  90  60  72   1.563 330.0  30.0
13.740  240.0  90  60  72   4.688 330.0  30.0
13.740  242.5  90  60  72   4.688 330.0  30.0
13.740  245.0  90  60  72   1.563 270.0  30.0
13.740  247.5  90  60  72   1.563 270.0  30.0
13.740  250.0  90  60  72   1.563 330.0  30.0
13.740  252.5  90  60  72   1.563 330.0  30.0
13.740  255.0  90  60  72   1.563 330.0  30.0
13.740  257.5  90  60  72   1.563 270.0  30.0
13.740  260.0  90  60  72  -1.563 270.0  30.0
13.740  262.5  90  60  72   1.563 270.0  30.0
13.740  265.0  90  60  72   1.563 270.0  30.0
13.740  267.5  90  60  72   1.563 270.0  30.0
13.740  270.0  90  60  72   4.688 270.0  30.0
13.740  272.5  90  60  72   1.563 270.0  30.0
13.740  275.0  90  60  72   4.688 270.0  30.0
13.740  277.5  90  60  72   4.688 270.0  30.0
13.740  280.0  90  60  72   7.813 270.0  30.0
13.740  282.5  90  60  72   7.813 270.0  30.0
13.740  285.0  90  60  69   7.813 270.0  30.0
13.740  287.5  90  60  72   4.688 270.0  30.0
13.740  290.0  90  60  69   7.813 270.0  30.0
13.740  292.5  90  60  72   7.813 270.0  30.0
13.740  295.0  90  60  72   7.813  90.0  30.0
13.740  297.5  90  60  69   7.813  90.0  30.0
13.740  300.0  90  60  69   7.813  90.0  30.0
13.740  302.5  90  60  69   7.813  90.0  30.0
13.740  305.0  90  60  69   4.688  90.0  30.0
13.740  307.5  90  60  69   4.688  90.0  30.0
13.740  940.0  90  60  69  10.938 330.0  30.0
13.740  962.5  90  60  69   4.688 270.0  30.0
13.740  992.5  90  60  69   7.813 330.0  30.0
13.740  997.5  90  60  69   1.563 330.0  30.0
13.740 1000.0  90  60  69   1.563 270.0  30.0
13.740 1270.0  90  60  69  -1.563 330.0  30.0
13.740 1275.0  90  60  69  -1.563 270.0  30.0
13.740 1277.5  90  60  69  -1.563 330.0  30.0
13.740 1282.5  90  60  69  -1.563 270.0  30.0
13.775  162.5  90  48  57   7.813 330.0  30.0
13.775  167.5  90  48  57   7.813 270.0  30.0
13.775  170.0  90  48  57   7.813 330.0  30.0
13.775  177.5  90  48  57   1.563 330.0  30.0
13.775  180.0  90  48  57   1.563 330.0  30.0
13.775  185.0  90  48  57   1.563 210.0  30.0
13.775  187.5  90  48  57   1.563 330.0  30.0
13.775  190.0  90  48  57  -1.563 330.0  30.0
13.775  192.5  90  48  57  -1.563 330.0  30.0
13.775  195.0  90  48  57   1.563 210.0  30.0
13.775  197.5  90  48  60   1.563 330.0  30.0
13.775  200.0  90  48  57  -1.563 270.0  30.0
13.775  202.5  90  48  57  -1.563 330.0  30.0
13.775  205.0  90  48  57  -1.563 330.0  30.0
13.775  207.5  90  48  57   1.563 270.0  30.0
13.775  210.0  90  48  57   1.563 330.0  30.0
13.775  212.5  90  48  57  -1.563 270.0  30.0
13.775  215.0  90  48  57  -1.563 270.0  30.0
13.775  217.5  90  48  57  -4.688 330.0  30.0
13.775  220.0  90  48  57   1.563 270.0  30.0
13.775  222.5  90  48  57   1.563 330.0  30.0
13.775  225.0  90  48  57  -1.563 330.0  30.0
13.775  227.5  90  48  57  -1.563 330.0  30.0
13.775  245.0  90  48  57  -4.688 330.0  30.0
13.775  267.5  90  48  57 -10.938 330.0  30.0
13.775  275.0  90  48  57  -7.813 210.0  30.0
13.775  940.0  90  48  57  -1.563 330.0  30.0
13.775  945.0  90  48  57   1.563 330.0  30.0
13.775  947.5  90  48  57   1.563 330.0  30.0
13.775  950.0  90  48  57  -1.563 330.0  30.0
13.775  952.5  90  48  57  -1.563 330.0  30.0
13.775  955.0  90  48  57   1.563 330.0  30.0
13.775  957.5  90  48  57   1.563 330.0  30.0
13.775  960.0  90  48  57  -1.563 270.0  30.0
13.775  962.5  90  48  57  -1.563 270.0  30.0
13.775  965.0  90  48  60  -1.563 330.0  30.0
13.775  967.5  90  48  57   1.563 330.0  30.0
13.775  970.0  90  48  57   1.563 330.0  30.0
13.775  972.5  90  48  57  -4.688 270.0  30.0
13.775  975.0  90  48  60  -4.688 330.0  30.0
13.775  977.5  90  48  57  -1.563 270.0  30.0
13.775  980.0  90  48  57   1.563 330.0  30.0
13.775  982.5  90  48  57   1.563 330.0  30.0
13.775  985.0  90  48  57  -4.688 330.0  30.0
13.775  987.5  90  48  57  -4.688 270.0  30.0
13.775  990.0  90  48  57  -4.688 330.0  30.0
13.775  992.5  90  48  57  -1.563 330.0  30.0
13.775  995.0  90  48  57   4.688 330.0  30.0
13.775  997.5  90  48  57  10.938 330.0  30.0
13.775 1000.0  90  48  57 -10.938 330.0  30.0
13.775 1002.5  90  48  57  -7.813 270.0  30.0
13.775 1005.0  90  48  57  -7.813 330.0  30.0
13.775 1007.5  90  48  57   7.813 330.0  30.0
13.775 1010.0  90  48  57  10.938 330.0  30.0
13.775 1012.5  90  48  57 -10.938  90.0  30.0
13.775 1015.0  90  48  57  -4.688  90.0  30.0
13.775 1017.5  90  48  57  -4.688 330.0  30.0
13.775 1020.0  90  48  57 -10.938  90.0  30.0
13.775 1022.5  90  48  57 -10.938  90.0  30.0
13.775 1025.0  90  48  57 -10.938  90.0  30.0
13.775 1027.5  90  48  57 -10.938  90.0  30.0
13.775 1030.0  90  48  57 -10.938 330.0  30.0
13.775 1032.5  90  48  57 -10.938  90.0  30.0
13.775  950.0 -90  48  57   1.563  90.0  30.0
13.775  952.5 -90  48  57  -1.563 330.0  30.0
13.775  957.5 -90  48  57   1.563  90.0  30.0
13.775  960.0 -90  48  57  -1.563 210.0  30.0
13.775  967.5 -90  48  57  -1.563  90.0  30.0
13.775  975.0 -90  48  57  -1.563  90.0  30.0
13.845 1052.5  90  39  48  -7.813 210.0  30.0
